지점,지점명,일시,기온(°C),강수량(mm),풍속(m/s),풍향(16방위),습도(%),시정(10m)
102,백령도,2023-01-01 01:00,3.3,,5.6,340,67,1308
102,백령도,2023-01-01 02:00,2.9,,5,340,59,1895
102,백령도,2023-01-01 03:00,2.5,,4.4,360,59,1879
102,백령도,2023-01-01 04:00,2.1,,6.2,360,63,1688
102,백령도,2023-01-01 05:00,1.7,,6.1,340,69,1401
102,백령도,2023-01-01 06:00,1.2,,5.9,340,73,1303
102,백령도,2023-01-01 07:00,.2,,5.2,360,57,3003
102,백령도,2023-01-01 08:00,.4,,5.2,360,51,4154
102,백령도,2023-01-01 09:00,.4,,4.4,360,51,3969
102,백령도,2023-01-01 10:00,.7,,3.8,360,51,3347
102,백령도,2023-01-01 11:00,1,,6,360,48,4196
102,백령도,2023-01-01 12:00,1.4,,6.7,340,44,4890
102,백령도,2023-01-01 13:00,1.5,,8.1,340,41,4961
102,백령도,2023-01-01 14:00,1.7,,8.3,340,47,4837
102,백령도,2023-01-01 15:00,1.1,,8.7,360,46,4876
102,백령도,2023-01-01 16:00,.7,,8.1,360,43,4986
102,백령도,2023-01-01 17:00,-.1,,7.9,360,47,4997
102,백령도,2023-01-01 18:00,-.5,,7.6,360,49,4911
102,백령도,2023-01-01 19:00,-.6,,6.3,360,49,4877
102,백령도,2023-01-01 20:00,-.3,,5.9,340,54,4869
102,백령도,2023-01-01 21:00,.2,,7.3,340,48,4917
102,백령도,2023-01-01 22:00,.5,,6.7,340,49,4889
102,백령도,2023-01-01 23:00,.5,,9.1,340,44,4922
102,백령도,2023-01-02 00:00,-.1,,8.5,340,49,4896
102,백령도,2023-01-02 01:00,-.6,,8.6,340,53,4646
102,백령도,2023-01-02 02:00,-1.3,,8,360,53,4809
102,백령도,2023-01-02 03:00,-1.4,,7.5,340,51,4873
102,백령도,2023-01-02 04:00,-1.7,,8.5,340,50,4944
102,백령도,2023-01-02 05:00,-2.1,,7.3,360,49,4902
102,백령도,2023-01-02 06:00,-2.1,,7,360,51,4808
102,백령도,2023-01-02 07:00,-2.4,,6,360,51,4855
102,백령도,2023-01-02 08:00,-2.4,,7,340,50,4869
102,백령도,2023-01-02 09:00,-1.8,,7.5,340,50,4882
102,백령도,2023-01-02 10:00,-1.1,,8.7,340,48,4977
102,백령도,2023-01-02 11:00,-.8,,8.8,340,47,4882
102,백령도,2023-01-02 12:00,-.2,,9.1,340,50,4384
102,백령도,2023-01-02 13:00,-.3,,10.1,340,51,4666
102,백령도,2023-01-02 14:00,-.6,,8.5,340,52,4755
102,백령도,2023-01-02 15:00,-1.1,,8.3,340,56,4896
102,백령도,2023-01-02 16:00,-1.4,,8.4,340,55,4794
102,백령도,2023-01-02 17:00,-1.6,,8,340,58,4881
102,백령도,2023-01-02 18:00,-1.7,,7.6,340,59,4961
102,백령도,2023-01-02 19:00,-1.2,,6.9,340,54,4994
102,백령도,2023-01-02 20:00,-1.1,,6.9,340,52,4962
102,백령도,2023-01-02 21:00,-1.1,,5.9,340,55,4971
102,백령도,2023-01-02 22:00,-1,,5,340,58,4934
102,백령도,2023-01-02 23:00,-.8,,5.4,340,56,4997
102,백령도,2023-01-03 00:00,-.5,,5.7,340,54,4924
102,백령도,2023-01-03 01:00,-.6,,4.1,340,57,4946
102,백령도,2023-01-03 02:00,-1.6,,2,70,65,4783
102,백령도,2023-01-03 03:00,-2,,1.5,110,67,4556
102,백령도,2023-01-03 04:00,-1.7,,.7,70,67,4758
102,백령도,2023-01-03 05:00,-2,,3.6,70,77,4394
102,백령도,2023-01-03 06:00,-2.3,,1.6,50,72,4539
102,백령도,2023-01-03 07:00,-1.7,,4,360,66,4040
102,백령도,2023-01-03 08:00,-1.8,,3.3,360,52,4598
102,백령도,2023-01-03 09:00,-1.2,,4.4,360,45,4619
102,백령도,2023-01-03 10:00,-.7,,4,360,45,4392
102,백령도,2023-01-03 11:00,-.1,,3.9,360,44,4367
102,백령도,2023-01-03 12:00,0,,3.4,360,42,4291
102,백령도,2023-01-03 13:00,.5,,3,360,42,4433
102,백령도,2023-01-03 14:00,1,,2.9,340,44,4200
102,백령도,2023-01-03 15:00,1.2,,2.3,320,46,4340
102,백령도,2023-01-03 16:00,.7,,2.3,320,51,4340
102,백령도,2023-01-03 17:00,.5,,2.4,320,56,4191
102,백령도,2023-01-03 18:00,.9,,3.4,290,53,4487
102,백령도,2023-01-03 19:00,.9,,2.5,290,54,4525
102,백령도,2023-01-03 20:00,1,,1.5,270,57,4571
102,백령도,2023-01-03 21:00,1.3,,1.5,270,60,4407
102,백령도,2023-01-03 22:00,1.7,,1.3,250,61,4340
102,백령도,2023-01-03 23:00,2,,1.1,290,64,3844
102,백령도,2023-01-04 00:00,.5,,3.5,70,75,2758
102,백령도,2023-01-04 01:00,-.5,,2.6,70,74,2925
102,백령도,2023-01-04 02:00,-.7,,2.1,50,74,3490
102,백령도,2023-01-04 03:00,-.9,,2.4,70,80,2981
102,백령도,2023-01-04 04:00,-1.4,,1.1,90,82,2504
102,백령도,2023-01-04 05:00,-.8,,1.1,110,82,2453
102,백령도,2023-01-04 06:00,-1,,1.8,70,82,2544
102,백령도,2023-01-04 07:00,-1.4,,2.1,70,86,2106
102,백령도,2023-01-04 08:00,-1.5,,2.8,70,86,2146
102,백령도,2023-01-04 09:00,-.7,,1.1,110,82,1634
102,백령도,2023-01-04 10:00,1.1,,1.2,110,75,2717
102,백령도,2023-01-04 11:00,1.2,,1.6,90,73,2757
102,백령도,2023-01-04 12:00,2.5,,1.9,320,70,2810
102,백령도,2023-01-04 13:00,2.6,,2.8,320,57,3075
102,백령도,2023-01-04 14:00,2.5,,3.3,360,59,2901
102,백령도,2023-01-04 15:00,2.5,,2,360,54,2910
102,백령도,2023-01-04 16:00,1.9,,2.3,340,52,3687
102,백령도,2023-01-04 17:00,1.4,,1.9,340,46,4888
102,백령도,2023-01-04 18:00,.2,,1,320,54,4501
102,백령도,2023-01-04 19:00,-.4,,.2,0,57,4443
102,백령도,2023-01-04 20:00,-.5,,.3,0,51,4873
102,백령도,2023-01-04 21:00,.3,,.9,50,40,4962
102,백령도,2023-01-04 22:00,-.2,,0,0,41,4935
102,백령도,2023-01-04 23:00,-.3,,.1,0,47,4765
102,백령도,2023-01-05 00:00,-.2,,0,0,48,4674
102,백령도,2023-01-05 01:00,-.5,,0,0,51,4791
102,백령도,2023-01-05 02:00,-.4,,0,0,51,4756
102,백령도,2023-01-05 03:00,-.4,,1.4,50,79,2436
102,백령도,2023-01-05 04:00,.2,,1.3,360,69,3413
102,백령도,2023-01-05 05:00,.1,,.4,0,66,4180
102,백령도,2023-01-05 06:00,-.4,,2.3,70,66,3786
102,백령도,2023-01-05 07:00,-.8,,3.1,70,79,2055
102,백령도,2023-01-05 08:00,-1.5,,2.4,90,85,1800
102,백령도,2023-01-05 09:00,-.3,,2.5,90,67,2909
102,백령도,2023-01-05 10:00,.8,,3,90,59,3868
102,백령도,2023-01-05 11:00,2,,2.7,110,55,3791
102,백령도,2023-01-05 12:00,3,,2.5,110,44,3996
102,백령도,2023-01-05 13:00,3.7,,2.9,110,45,3545
102,백령도,2023-01-05 14:00,4.1,,2.9,160,50,2662
102,백령도,2023-01-05 15:00,4.1,,2.2,140,49,2484
102,백령도,2023-01-05 16:00,3.9,,2.1,140,55,2356
102,백령도,2023-01-05 17:00,3.3,,1.6,160,61,1988
102,백령도,2023-01-05 18:00,2.7,,1.3,140,67,1589
102,백령도,2023-01-05 19:00,1.9,,2,160,77,1714
102,백령도,2023-01-05 20:00,2.6,,2.8,160,75,1690
102,백령도,2023-01-05 21:00,2.5,,2.4,160,76,1473
102,백령도,2023-01-05 22:00,2,,2.5,180,80,1282
102,백령도,2023-01-05 23:00,2.8,,3.5,160,83,1231
102,백령도,2023-01-06 00:00,3.2,,1.9,180,82,1058
102,백령도,2023-01-06 01:00,3.6,,2.1,200,76,1145
102,백령도,2023-01-06 02:00,3.9,,2.2,200,76,1232
102,백령도,2023-01-06 03:00,4.1,,1.3,180,78,1145
102,백령도,2023-01-06 04:00,4.2,,2.2,230,66,770
102,백령도,2023-01-06 05:00,4.2,,2.4,230,62,951
102,백령도,2023-01-06 06:00,3.4,,1.7,180,67,729
102,백령도,2023-01-06 07:00,4,,1.8,180,72,580
102,백령도,2023-01-06 08:00,3.6,,5.9,140,92,620
102,백령도,2023-01-06 09:00,2.9,,5.2,140,94,575
102,백령도,2023-01-06 10:00,3.1,,5.4,140,94,611
102,백령도,2023-01-06 11:00,4.6,,7,140,87,640
102,백령도,2023-01-06 12:00,5,,5.3,140,89,485
102,백령도,2023-01-06 13:00,5.4,,6.2,140,90,410
102,백령도,2023-01-06 14:00,5.5,,6,140,92,371
102,백령도,2023-01-06 15:00,6.3,,5.1,160,91,342
102,백령도,2023-01-06 16:00,7.7,,4.1,200,78,1311
102,백령도,2023-01-06 17:00,7.3,,3.2,180,80,1069
102,백령도,2023-01-06 18:00,7.3,.1,5.4,230,82,693
102,백령도,2023-01-06 19:00,5.9,,6.4,290,82,370
102,백령도,2023-01-06 20:00,5.4,,6.6,270,76,213
102,백령도,2023-01-06 21:00,5.6,.2,6.4,270,80,172
102,백령도,2023-01-06 22:00,5.3,,9.4,320,78,171
102,백령도,2023-01-06 23:00,4.7,,9.9,320,80,188
102,백령도,2023-01-07 00:00,4.3,0,9.3,320,74,218
102,백령도,2023-01-07 01:00,4,,6.1,340,78,325
102,백령도,2023-01-07 02:00,3.6,,7.5,320,74,375
102,백령도,2023-01-07 03:00,3.2,,7.9,320,65,624
102,백령도,2023-01-07 04:00,3.3,,9.5,320,69,582
102,백령도,2023-01-07 05:00,3,,8.7,320,65,901
102,백령도,2023-01-07 06:00,2.8,,9.8,320,70,930
102,백령도,2023-01-07 07:00,2.8,,8.5,320,71,919
102,백령도,2023-01-07 08:00,2.8,,7,320,64,1152
102,백령도,2023-01-07 09:00,3.2,,7.2,320,61,1472
102,백령도,2023-01-07 10:00,3.7,,7.6,320,56,1521
102,백령도,2023-01-07 11:00,3.9,,7.2,320,52,1745
102,백령도,2023-01-07 12:00,4.2,,6.9,320,53,1798
102,백령도,2023-01-07 13:00,4.3,,7.1,320,51,1874
102,백령도,2023-01-07 14:00,4.3,,6.8,320,46,1663
102,백령도,2023-01-07 15:00,3.9,,7,320,49,1571
102,백령도,2023-01-07 16:00,3.5,,6.3,320,49,1539
102,백령도,2023-01-07 17:00,2.8,,6,340,53,1577
102,백령도,2023-01-07 18:00,2.2,,3.7,340,58,1574
102,백령도,2023-01-07 19:00,1.7,,2.5,340,61,1675
102,백령도,2023-01-07 20:00,1.8,,2.2,340,56,2097
102,백령도,2023-01-07 21:00,1.6,,2.1,340,57,2470
102,백령도,2023-01-07 22:00,1.7,,1.3,360,53,3185
102,백령도,2023-01-07 23:00,.4,,1.3,230,59,2971
102,백령도,2023-01-08 00:00,1.5,,.4,0,55,3232
102,백령도,2023-01-08 01:00,.8,,.7,200,58,3460
102,백령도,2023-01-08 02:00,1.7,,.1,0,56,3102
102,백령도,2023-01-08 03:00,2.1,,.8,110,56,2991
102,백령도,2023-01-08 04:00,1.1,,1.9,110,74,2423
102,백령도,2023-01-08 05:00,1.2,,1.3,140,78,2243
102,백령도,2023-01-08 06:00,1.1,,2.2,110,77,2464
102,백령도,2023-01-08 07:00,1.1,,3.3,140,79,2404
102,백령도,2023-01-08 08:00,2,,5.1,140,76,2403
102,백령도,2023-01-08 09:00,2.7,,4.8,140,78,2121
102,백령도,2023-01-08 10:00,3.1,,6.5,140,72,2045
102,백령도,2023-01-08 11:00,3.9,,6,140,74,1683
102,백령도,2023-01-08 12:00,4.3,,6.9,140,71,2025
102,백령도,2023-01-08 13:00,4.8,,6.2,140,75,1955
102,백령도,2023-01-08 14:00,4.6,,6.4,140,79,1937
102,백령도,2023-01-08 15:00,4.7,,6.4,140,81,1919
102,백령도,2023-01-08 16:00,4.7,,6.4,140,85,1737
102,백령도,2023-01-08 17:00,4.6,,5,140,87,1583
102,백령도,2023-01-08 18:00,4.2,,5.6,110,88,1384
102,백령도,2023-01-08 19:00,3.9,,6.3,140,87,1272
102,백령도,2023-01-08 20:00,3.8,,5.9,110,88,1188
102,백령도,2023-01-08 21:00,4,,5.9,110,88,1173
102,백령도,2023-01-08 22:00,4.1,,4.9,110,87,1177
102,백령도,2023-01-08 23:00,4,,4.1,90,85,1218
102,백령도,2023-01-09 00:00,3.9,,3.6,90,85,1225
102,백령도,2023-01-09 01:00,3.8,,2.8,90,85,1238
102,백령도,2023-01-09 02:00,4.3,,1.8,20,85,1195
102,백령도,2023-01-09 03:00,4.1,,5.4,360,87,1054
102,백령도,2023-01-09 04:00,3.6,,5.6,340,74,1476
102,백령도,2023-01-09 05:00,3,,6.8,340,78,1178
102,백령도,2023-01-09 06:00,2.8,,7.8,340,79,1326
102,백령도,2023-01-09 07:00,2.3,,5.8,360,73,1684
102,백령도,2023-01-09 08:00,2.2,,6.8,360,66,2071
102,백령도,2023-01-09 09:00,2.3,,8.1,360,52,3128
102,백령도,2023-01-09 10:00,2.5,,9.7,340,49,4009
102,백령도,2023-01-09 11:00,2.6,,10.3,340,46,4383
102,백령도,2023-01-09 12:00,2.6,,10.4,340,49,4080
102,백령도,2023-01-09 13:00,2.7,,10.7,340,48,4419
102,백령도,2023-01-09 14:00,2.5,,10.9,340,47,4434
102,백령도,2023-01-09 15:00,2.4,,10.3,340,50,4159
102,백령도,2023-01-09 16:00,1.9,,9.7,360,49,4361
102,백령도,2023-01-09 17:00,1.5,,9.7,360,50,4447
102,백령도,2023-01-09 18:00,1.3,,9.2,360,51,4453
102,백령도,2023-01-09 19:00,1.7,,8.6,360,46,4930
102,백령도,2023-01-09 20:00,2,,9.4,360,47,4924
102,백령도,2023-01-09 21:00,2.3,,9.3,340,45,4959
102,백령도,2023-01-09 22:00,2.2,,4.1,340,46,4848
102,백령도,2023-01-09 23:00,2.2,,9.2,360,43,4723
102,백령도,2023-01-10 00:00,1.9,,6.6,340,44,4904
102,백령도,2023-01-10 01:00,1.7,,8.2,340,45,4812
102,백령도,2023-01-10 02:00,1.3,,5.1,360,48,4893
102,백령도,2023-01-10 03:00,1.1,,6.5,340,56,4680
102,백령도,2023-01-10 04:00,.7,,3.5,360,53,4779
102,백령도,2023-01-10 05:00,-.1,,2.9,360,63,4428
102,백령도,2023-01-10 06:00,-.2,,1.9,50,60,4589
102,백령도,2023-01-10 07:00,-.6,,2.6,50,49,4831
102,백령도,2023-01-10 08:00,-1.2,,2,50,52,4727
102,백령도,2023-01-10 09:00,.5,,1.2,20,47,4875
102,백령도,2023-01-10 10:00,1.2,,1.8,340,37,4822
102,백령도,2023-01-10 11:00,2.6,,1.3,360,29,4959
102,백령도,2023-01-10 12:00,2.8,,1.9,70,33,4939
102,백령도,2023-01-10 13:00,3.6,,1.6,90,29,4911
102,백령도,2023-01-10 14:00,3.5,,1.9,90,33,4733
102,백령도,2023-01-10 15:00,3.6,,1.3,50,44,4819
102,백령도,2023-01-10 16:00,2.5,,1.4,180,50,4897
102,백령도,2023-01-10 17:00,2.1,,2.6,290,47,4983
102,백령도,2023-01-10 18:00,1.5,,1.2,250,50,4845
102,백령도,2023-01-10 19:00,1.1,,.4,0,52,4969
102,백령도,2023-01-10 20:00,1,,.6,230,59,4895
102,백령도,2023-01-10 21:00,1.2,,.9,250,63,4963
102,백령도,2023-01-10 22:00,1.4,,.9,250,63,4443
102,백령도,2023-01-10 23:00,1.2,,.2,0,67,3063
102,백령도,2023-01-11 00:00,1,,.7,180,72,3289
102,백령도,2023-01-11 01:00,2,,.2,0,70,1700
102,백령도,2023-01-11 02:00,1.9,,.5,160,73,3762
102,백령도,2023-01-11 03:00,2,,.4,0,73,4965
102,백령도,2023-01-11 04:00,2.1,,1.1,140,75,4899
102,백령도,2023-01-11 05:00,2,,1.5,140,82,4192
102,백령도,2023-01-11 06:00,1.8,,1.9,110,86,3710
102,백령도,2023-01-11 07:00,.9,,2.8,90,91,3559
102,백령도,2023-01-11 08:00,1.4,,3.1,90,91,3308
102,백령도,2023-01-11 09:00,2.5,,2.2,110,87,3488
102,백령도,2023-01-11 10:00,4.1,,3.8,110,83,3935
102,백령도,2023-01-11 11:00,5,,3.8,110,79,4077
102,백령도,2023-01-11 12:00,5.2,,5,110,79,3234
102,백령도,2023-01-11 13:00,6,,3.6,140,73,3677
102,백령도,2023-01-11 14:00,6.4,,3.2,160,71,3533
102,백령도,2023-01-11 15:00,4.8,,4.1,140,80,2826
102,백령도,2023-01-11 16:00,5.3,,4,140,80,2845
102,백령도,2023-01-11 17:00,4.7,,3.7,140,84,2774
102,백령도,2023-01-11 18:00,4.4,,4.9,160,89,2855
102,백령도,2023-01-11 19:00,4.4,,4.1,160,90,2789
102,백령도,2023-01-11 20:00,4.7,,5.5,160,90,3107
102,백령도,2023-01-11 21:00,4.9,,5.2,160,92,2602
102,백령도,2023-01-11 22:00,5.1,,4.8,160,89,2785
102,백령도,2023-01-11 23:00,4.6,,3.9,160,88,2581
102,백령도,2023-01-12 00:00,3.5,,2.9,140,94,1728
102,백령도,2023-01-12 01:00,3,,3.6,140,95,1504
102,백령도,2023-01-12 02:00,3,,3.4,110,93,2222
102,백령도,2023-01-12 03:00,2.9,,2.8,140,89,2954
102,백령도,2023-01-12 04:00,3.3,,3.8,140,87,2748
102,백령도,2023-01-12 05:00,3.4,,4.6,140,83,2659
102,백령도,2023-01-12 06:00,2.8,,4,110,88,2092
102,백령도,2023-01-12 07:00,3.2,,4.4,110,73,3366
102,백령도,2023-01-12 08:00,2.8,,3.8,110,75,2101
102,백령도,2023-01-12 09:00,3.4,,3.9,110,77,1573
102,백령도,2023-01-12 10:00,4.1,,5.2,110,70,1532
102,백령도,2023-01-12 11:00,5.1,,4.4,110,66,1486
102,백령도,2023-01-12 12:00,5.8,,3.9,110,62,1504
102,백령도,2023-01-12 13:00,6.5,,4.4,110,57,1597
102,백령도,2023-01-12 14:00,6.7,,5.8,140,58,1620
102,백령도,2023-01-12 15:00,7,,5.7,110,60,1472
102,백령도,2023-01-12 16:00,7.4,,3.8,110,64,1386
102,백령도,2023-01-12 17:00,6.8,,4.9,110,70,1311
102,백령도,2023-01-12 18:00,6.4,,4.3,110,75,1406
102,백령도,2023-01-12 19:00,5.9,,4.3,90,83,1226
102,백령도,2023-01-12 20:00,6.1,,3.8,110,79,1476
102,백령도,2023-01-12 21:00,6.2,,4.3,110,77,1514
102,백령도,2023-01-12 22:00,6.7,,5.8,110,77,1799
102,백령도,2023-01-12 23:00,6.9,,4.2,110,77,2002
102,백령도,2023-01-13 00:00,7.1,0,7.2,110,75,1755
102,백령도,2023-01-13 01:00,5.9,,6.5,110,88,672
102,백령도,2023-01-13 02:00,5.5,,6.8,90,94,578
102,백령도,2023-01-13 03:00,5.4,4.7,6.5,90,98,375
102,백령도,2023-01-13 04:00,5.7,,6.4,90,99,337
102,백령도,2023-01-13 05:00,5.5,,5.9,90,100,293
102,백령도,2023-01-13 06:00,5.9,5.2,4.2,90,99,172
102,백령도,2023-01-13 07:00,6.5,,4.2,90,99,188
102,백령도,2023-01-13 08:00,6.3,,3.2,90,99,49
102,백령도,2023-01-13 09:00,6.6,4.4,3.5,90,100,73
102,백령도,2023-01-13 10:00,6.9,,2.5,50,100,196
102,백령도,2023-01-13 11:00,7.4,,2.4,50,100,73
102,백령도,2023-01-13 12:00,7.7,.2,2.1,290,100,59
102,백령도,2023-01-13 13:00,8.1,,3.7,320,100,3367
102,백령도,2023-01-13 14:00,6.6,,6,340,100,369
102,백령도,2023-01-13 15:00,5.8,0,9.1,340,100,137
102,백령도,2023-01-13 16:00,5.8,,10.2,340,100,149
102,백령도,2023-01-13 17:00,5.9,,6.2,340,100,834
102,백령도,2023-01-13 18:00,6.5,0,3.5,340,99,2203
102,백령도,2023-01-13 19:00,6.1,,3.6,320,99,1164
102,백령도,2023-01-13 20:00,6,,4.8,340,97,1027
102,백령도,2023-01-13 21:00,5.8,,9.4,340,94,738
102,백령도,2023-01-13 22:00,4.9,,9.1,340,90,947
102,백령도,2023-01-13 23:00,4.5,,8.2,340,90,847
102,백령도,2023-01-14 00:00,4.2,,8.9,340,89,802
102,백령도,2023-01-14 01:00,3.8,,9.1,340,92,678
102,백령도,2023-01-14 02:00,3.7,,11.6,340,87,966
102,백령도,2023-01-14 03:00,3.6,,9.6,340,86,1200
102,백령도,2023-01-14 04:00,3.4,,10.4,340,84,1522
102,백령도,2023-01-14 05:00,3,,10.2,340,82,1798
102,백령도,2023-01-14 06:00,2.5,,9.6,340,83,1813
102,백령도,2023-01-14 07:00,2.3,,11.6,340,82,1982
102,백령도,2023-01-14 08:00,2,,13.2,340,81,2085
102,백령도,2023-01-14 09:00,1.4,,14.5,340,78,2495
102,백령도,2023-01-14 10:00,1,,14.3,340,77,2819
102,백령도,2023-01-14 11:00,1.5,,13.3,340,75,2536
102,백령도,2023-01-14 12:00,1.8,,10.2,340,74,2848
102,백령도,2023-01-14 13:00,1.2,,11.3,340,75,2693
102,백령도,2023-01-14 14:00,1,,10.6,340,76,2709
102,백령도,2023-01-14 15:00,.8,,10.1,340,79,2685
102,백령도,2023-01-14 16:00,.4,,11.7,340,78,3299
102,백령도,2023-01-14 17:00,.1,,13,340,81,3222
102,백령도,2023-01-14 18:00,-.3,,14.3,340,80,3225
102,백령도,2023-01-14 19:00,-.6,,11.5,340,78,3169
102,백령도,2023-01-14 20:00,-.9,,12.5,340,80,3388
102,백령도,2023-01-14 21:00,-1.1,,12.8,340,77,3413
102,백령도,2023-01-14 22:00,-1.6,,12.9,340,76,3373
102,백령도,2023-01-14 23:00,-2,,11.4,340,77,3281
102,백령도,2023-01-15 00:00,-2.3,,12.3,340,76,3375
102,백령도,2023-01-15 01:00,-2.8,,12.3,340,75,3386
102,백령도,2023-01-15 02:00,-3.2,,10.5,340,79,3528
102,백령도,2023-01-15 03:00,-3.8,,10.3,340,80,4210
102,백령도,2023-01-15 04:00,-4.3,,11.6,340,81,3927
102,백령도,2023-01-15 05:00,-4.6,,8.7,340,82,3513
102,백령도,2023-01-15 06:00,-4.6,0,9.5,340,85,3271
102,백령도,2023-01-15 07:00,-4.6,,7.8,340,86,3452
102,백령도,2023-01-15 08:00,-4.8,,9.1,340,86,3332
102,백령도,2023-01-15 09:00,-4.9,0,9.5,340,84,3571
102,백령도,2023-01-15 10:00,-4.7,,8.7,340,81,3579
102,백령도,2023-01-15 11:00,-4.6,,9.4,340,79,2981
102,백령도,2023-01-15 12:00,-4,0,8.2,340,73,4339
102,백령도,2023-01-15 13:00,-4.6,,10.8,340,72,3894
102,백령도,2023-01-15 14:00,-4,,10.4,340,74,3944
102,백령도,2023-01-15 15:00,-3.9,,10.7,340,66,3597
102,백령도,2023-01-15 16:00,-3.3,,8.3,340,68,3824
102,백령도,2023-01-15 17:00,-3.3,,9.4,340,63,3936
102,백령도,2023-01-15 18:00,-3.3,,7.1,320,60,4265
102,백령도,2023-01-15 19:00,-3,,8,340,52,4476
102,백령도,2023-01-15 20:00,-3,,8,340,51,4751
102,백령도,2023-01-15 21:00,-3.1,,8.1,340,53,4544
102,백령도,2023-01-15 22:00,-3.3,,9.1,340,52,4512
102,백령도,2023-01-15 23:00,-3.7,,12.6,340,56,4522
102,백령도,2023-01-16 00:00,-3.8,,12,340,58,4673
102,백령도,2023-01-16 01:00,-3.7,,12.6,340,52,4953
102,백령도,2023-01-16 02:00,-3.9,,13.3,340,54,4851
102,백령도,2023-01-16 03:00,-4.3,,13.1,340,55,4770
102,백령도,2023-01-16 04:00,-4.4,,12.9,340,57,4767
102,백령도,2023-01-16 05:00,-4.6,,12.1,340,60,4530
102,백령도,2023-01-16 06:00,-4.8,,11.7,340,60,4438
102,백령도,2023-01-16 07:00,-5.1,,11.7,340,59,4700
102,백령도,2023-01-16 08:00,-5.1,,9.4,340,60,4744
102,백령도,2023-01-16 09:00,-4.6,,8.7,340,64,4776
102,백령도,2023-01-16 10:00,-4.2,,8.5,340,52,4426
102,백령도,2023-01-16 11:00,-3.8,,8.9,340,53,4249
102,백령도,2023-01-16 12:00,-3.5,,8.8,340,56,4249
102,백령도,2023-01-16 13:00,-3.3,,7.7,340,59,4327
102,백령도,2023-01-16 14:00,-2.9,,7.7,340,54,4721
102,백령도,2023-01-16 15:00,-2.7,,6.4,340,47,4983
102,백령도,2023-01-16 16:00,-3.1,,6.5,340,51,4949
102,백령도,2023-01-16 17:00,-3.4,,5.4,340,56,4738
102,백령도,2023-01-16 18:00,-3.9,,4.9,340,61,4863
102,백령도,2023-01-16 19:00,-3.8,,4.2,340,59,4868
102,백령도,2023-01-16 20:00,-3.5,,4,340,53,4985
102,백령도,2023-01-16 21:00,-3.3,,4.1,340,48,4998
102,백령도,2023-01-16 22:00,-3.1,,3.8,320,48,4989
102,백령도,2023-01-16 23:00,-2.9,,4.7,320,53,4998
102,백령도,2023-01-17 00:00,-2.6,,5,320,49,4994
102,백령도,2023-01-17 01:00,-2,,5.9,320,52,4953
102,백령도,2023-01-17 02:00,-1.8,,5.7,340,52,4990
102,백령도,2023-01-17 03:00,-1.7,,2.6,320,57,4695
102,백령도,2023-01-17 04:00,-1.3,,2.6,320,65,4539
102,백령도,2023-01-17 05:00,-2.5,,3.5,90,73,3992
102,백령도,2023-01-17 06:00,-2.7,0,3.2,110,69,3682
102,백령도,2023-01-17 07:00,-2.6,,3.1,140,74,3873
102,백령도,2023-01-17 08:00,-2.3,,4.1,140,77,909
102,백령도,2023-01-17 09:00,-2.4,.2,4.4,140,90,205
102,백령도,2023-01-17 10:00,-1.7,,4,140,93,342
102,백령도,2023-01-17 11:00,-1.4,,3.6,140,96,130
102,백령도,2023-01-17 12:00,-2,2.8,5.2,70,98,84
102,백령도,2023-01-17 13:00,-1.2,,2.3,90,97,308
102,백령도,2023-01-17 14:00,-1.4,,3.4,70,96,966
102,백령도,2023-01-17 15:00,-1.1,2.4,2.2,70,98,223
102,백령도,2023-01-17 16:00,-.7,,1.2,90,96,788
102,백령도,2023-01-17 17:00,-.7,,1.5,110,97,748
102,백령도,2023-01-17 18:00,.2,.3,4.3,270,94,711
102,백령도,2023-01-17 19:00,-.5,,1.4,50,97,513
102,백령도,2023-01-17 20:00,-.2,,1.2,50,98,639
102,백령도,2023-01-17 21:00,-.2,.4,2.2,70,97,769
102,백령도,2023-01-17 22:00,-.7,,2.3,70,97,732
102,백령도,2023-01-17 23:00,-.9,,2.1,70,98,687
102,백령도,2023-01-18 00:00,0,,3.4,320,71,1883
102,백령도,2023-01-18 01:00,.4,,3.5,360,71,1822
102,백령도,2023-01-18 02:00,-.9,,1.9,50,83,1569
102,백령도,2023-01-18 03:00,-1.4,,2.1,20,68,1904
102,백령도,2023-01-18 04:00,-1.6,,2.7,360,81,1428
102,백령도,2023-01-18 05:00,-1.9,,2.3,360,82,1422
102,백령도,2023-01-18 06:00,-2.2,,2.4,50,80,1478
102,백령도,2023-01-18 07:00,-2.2,,3.2,360,68,1885
102,백령도,2023-01-18 08:00,-2.6,,2.5,50,58,2224
102,백령도,2023-01-18 09:00,-2,,1.6,20,56,2314
102,백령도,2023-01-18 10:00,-1.1,,1.8,70,48,2462
102,백령도,2023-01-18 11:00,-.7,,1.7,360,48,2503
102,백령도,2023-01-18 12:00,-.4,,1.4,360,45,2727
102,백령도,2023-01-18 13:00,.1,,1.5,20,38,3042
102,백령도,2023-01-18 14:00,.3,,1.5,20,33,3467
102,백령도,2023-01-18 15:00,.4,,2.3,340,32,3230
102,백령도,2023-01-18 16:00,.1,,1.8,320,30,3187
102,백령도,2023-01-18 17:00,0,,.4,0,30,2966
102,백령도,2023-01-18 18:00,-.9,,.3,0,33,3046
102,백령도,2023-01-18 19:00,-2,,.1,0,39,3077
102,백령도,2023-01-18 20:00,-1.8,,.7,140,40,2944
102,백령도,2023-01-18 21:00,-1.8,,1.2,160,43,2844
102,백령도,2023-01-18 22:00,-1.2,,1.9,180,55,3055
102,백령도,2023-01-18 23:00,-1.4,,2.3,180,62,3016
102,백령도,2023-01-19 00:00,-.4,,1.9,200,63,3090
102,백령도,2023-01-19 01:00,1,,3,230,56,3088
102,백령도,2023-01-19 02:00,1.4,,2.9,230,53,3003
102,백령도,2023-01-19 03:00,1.6,,3.4,230,54,2802
102,백령도,2023-01-19 04:00,1.2,,2.8,250,49,2482
102,백령도,2023-01-19 05:00,1.8,,3.4,230,47,2535
102,백령도,2023-01-19 06:00,1.9,,3.3,230,51,2242
102,백령도,2023-01-19 07:00,2,,3.5,230,52,2034
102,백령도,2023-01-19 08:00,2.5,,3.1,230,56,1769
102,백령도,2023-01-19 09:00,3.3,,2.9,250,55,1592
102,백령도,2023-01-19 10:00,4,,2.9,250,48,1639
102,백령도,2023-01-19 11:00,5,,3.4,250,44,1638
102,백령도,2023-01-19 12:00,5.3,,4.6,230,47,1516
102,백령도,2023-01-19 13:00,5.6,,5.5,250,48,1601
102,백령도,2023-01-19 14:00,5.8,,5.1,230,53,1500
102,백령도,2023-01-19 15:00,5.5,,6.4,230,54,1556
102,백령도,2023-01-19 16:00,5.8,,4.8,250,52,1772
102,백령도,2023-01-19 17:00,5.3,,5.8,250,54,1776
102,백령도,2023-01-19 18:00,5,,4.5,250,64,1583
102,백령도,2023-01-19 19:00,4.9,,4.4,250,67,1483
102,백령도,2023-01-19 20:00,4.9,,5.1,250,68,1543
102,백령도,2023-01-19 21:00,4.8,,4.6,250,67,1571
102,백령도,2023-01-19 22:00,4.8,,7.5,290,62,1492
102,백령도,2023-01-19 23:00,4.2,,9.3,290,37,1619
102,백령도,2023-01-20 00:00,3.6,,9.4,290,48,1717
102,백령도,2023-01-20 01:00,2.8,,8.9,290,54,1528
102,백령도,2023-01-20 02:00,1.7,,8.4,320,58,1916
102,백령도,2023-01-20 03:00,.3,,9.4,340,65,1848
102,백령도,2023-01-20 04:00,-.6,,11.2,340,54,2625
102,백령도,2023-01-20 05:00,-1.9,,10.6,340,43,3815
102,백령도,2023-01-20 06:00,-2.3,,11.4,340,46,4165
102,백령도,2023-01-20 07:00,-2.5,,10.6,340,47,3858
102,백령도,2023-01-20 08:00,-2.9,,9.8,340,48,3736
102,백령도,2023-01-20 09:00,-2.8,,8.9,340,45,4330
102,백령도,2023-01-20 10:00,-3.2,,10.7,340,47,4532
102,백령도,2023-01-20 11:00,-3.1,,10.4,340,45,4849
102,백령도,2023-01-20 12:00,-3.6,,9.3,340,46,4689
102,백령도,2023-01-20 13:00,-3.5,,10.5,340,49,4939
102,백령도,2023-01-20 14:00,-4,,9.4,340,54,4726
102,백령도,2023-01-20 15:00,-4.5,,9.4,340,52,4872
102,백령도,2023-01-20 16:00,-4.6,,7.6,340,49,4878
102,백령도,2023-01-20 17:00,-5,,6.4,340,55,4689
102,백령도,2023-01-20 18:00,-5.7,,5.5,340,59,4993
102,백령도,2023-01-20 19:00,-5.7,,4,340,61,4997
102,백령도,2023-01-20 20:00,-5.5,,3.8,340,59,4999
102,백령도,2023-01-20 21:00,-5.4,,3.7,320,60,5000
102,백령도,2023-01-20 22:00,-5.3,,4.2,340,59,4984
102,백령도,2023-01-20 23:00,-5.3,,2.8,340,59,5000
102,백령도,2023-01-21 00:00,-5.1,,2.8,320,62,4938
102,백령도,2023-01-21 01:00,-4.6,,2.5,320,60,4893
102,백령도,2023-01-21 02:00,-4.5,,1.7,320,55,4917
102,백령도,2023-01-21 03:00,-5.8,,.5,180,64,4943
102,백령도,2023-01-21 04:00,-5.4,,1.5,140,73,4820
102,백령도,2023-01-21 05:00,-5.3,,3,110,78,4474
102,백령도,2023-01-21 06:00,-5.5,,2.3,110,77,4468
102,백령도,2023-01-21 07:00,-5.2,,2.8,110,76,4411
102,백령도,2023-01-21 08:00,-5.1,,3.9,110,76,1653
102,백령도,2023-01-21 09:00,-4.4,0,4.2,110,78,3524
102,백령도,2023-01-21 10:00,-3.8,,4.8,140,82,1005
102,백령도,2023-01-21 11:00,-2.7,,5.8,140,84,1556
102,백령도,2023-01-21 12:00,-1.6,0,4.9,140,80,1714
102,백령도,2023-01-21 13:00,-.6,,4.5,160,77,2316
102,백령도,2023-01-21 14:00,-1,,5.8,140,86,1063
102,백령도,2023-01-21 15:00,-1.3,0,6.1,140,91,394
102,백령도,2023-01-21 16:00,-1.7,,6.6,140,91,795
102,백령도,2023-01-21 17:00,-1,,6.7,140,92,1175
102,백령도,2023-01-21 18:00,-.5,.4,5.5,110,93,1841
102,백령도,2023-01-21 19:00,.3,,6.3,140,89,3334
102,백령도,2023-01-21 20:00,.5,,5.8,140,89,3502
102,백령도,2023-01-21 21:00,.5,0,5.9,110,89,3109
102,백령도,2023-01-21 22:00,.7,,5.3,110,89,3334
102,백령도,2023-01-21 23:00,.8,,4.4,90,91,2906
102,백령도,2023-01-22 00:00,.5,,5.3,110,93,2175
102,백령도,2023-01-22 01:00,.8,,5.9,110,92,2378
102,백령도,2023-01-22 02:00,.3,,5.4,110,94,264
102,백령도,2023-01-22 03:00,-.5,3,5.7,90,98,202
102,백령도,2023-01-22 04:00,-.4,,5.6,90,99,778
102,백령도,2023-01-22 05:00,-.1,,4.9,110,99,643
102,백령도,2023-01-22 06:00,-.3,1,6.3,110,99,478
102,백령도,2023-01-22 07:00,-.5,,5.4,90,99,174
102,백령도,2023-01-22 08:00,-.8,,5,110,100,111
102,백령도,2023-01-22 09:00,-.6,3.5,5.2,110,99,200
102,백령도,2023-01-22 10:00,-.1,,4.3,110,99,87
102,백령도,2023-01-22 11:00,-.4,,4.7,110,100,75
102,백령도,2023-01-22 12:00,.1,6.1,3.7,110,100,244
102,백령도,2023-01-22 13:00,.4,,4.1,110,99,741
102,백령도,2023-01-22 14:00,.9,,4.2,110,98,1073
102,백령도,2023-01-22 15:00,1,.2,4.9,140,96,1440
102,백령도,2023-01-22 16:00,1,,4.1,110,93,1604
102,백령도,2023-01-22 17:00,1.3,,3.8,140,90,1856
102,백령도,2023-01-22 18:00,1.3,,4.2,140,89,1937
102,백령도,2023-01-22 19:00,1.3,,4.3,140,87,2027
102,백령도,2023-01-22 20:00,1.7,,4.4,140,87,2069
102,백령도,2023-01-22 21:00,1.8,,2.8,140,87,1757
102,백령도,2023-01-22 22:00,.7,,2.4,140,93,1125
102,백령도,2023-01-22 23:00,1.1,,2.9,110,91,1386
102,백령도,2023-01-23 00:00,.8,0,2.3,110,92,1231
102,백령도,2023-01-23 01:00,1.5,,2.4,360,94,1244
102,백령도,2023-01-23 02:00,1.8,,5.1,360,89,808
102,백령도,2023-01-23 03:00,1.7,0,4.8,360,85,903
102,백령도,2023-01-23 04:00,1.1,,3.5,360,84,992
102,백령도,2023-01-23 05:00,.5,,4.3,340,79,1156
102,백령도,2023-01-23 06:00,-.1,,2.6,340,80,1177
102,백령도,2023-01-23 07:00,-.1,,3.6,360,81,1036
102,백령도,2023-01-23 08:00,-.3,,4.1,340,77,1111
102,백령도,2023-01-23 09:00,.5,,4.7,340,73,1139
102,백령도,2023-01-23 10:00,.8,,6.5,340,70,1075
102,백령도,2023-01-23 11:00,-.3,,9,340,82,536
102,백령도,2023-01-23 12:00,-1.3,0,8.9,340,74,762
102,백령도,2023-01-23 13:00,-2.1,,9.5,340,78,886
102,백령도,2023-01-23 14:00,-3.3,,10.4,340,82,797
102,백령도,2023-01-23 15:00,-3.9,,11,340,78,1319
102,백령도,2023-01-23 16:00,-4.8,,10.8,340,76,1705
102,백령도,2023-01-23 17:00,-5.5,,12.3,340,67,2664
102,백령도,2023-01-23 18:00,-5.9,,13.5,340,69,2437
102,백령도,2023-01-23 19:00,-6.1,,12.8,340,68,2850
102,백령도,2023-01-23 20:00,-6.7,,13.4,340,61,3630
102,백령도,2023-01-23 21:00,-7.4,,12.9,340,69,3571
102,백령도,2023-01-23 22:00,-8.7,,14.4,340,68,2361
102,백령도,2023-01-23 23:00,-9.8,,14,340,67,2602
102,백령도,2023-01-24 00:00,-10.7,0,14.3,340,73,374
102,백령도,2023-01-24 01:00,-11.6,,14,340,79,289
102,백령도,2023-01-24 02:00,-11.8,,14.2,340,72,823
102,백령도,2023-01-24 03:00,-12.1,0,12.9,340,84,150
102,백령도,2023-01-24 04:00,-12.6,,13.4,340,71,652
102,백령도,2023-01-24 05:00,-12.6,,12.3,340,80,441
102,백령도,2023-01-24 06:00,-12.6,0,13.1,340,73,362
102,백령도,2023-01-24 07:00,-12.4,,12.3,340,86,93
102,백령도,2023-01-24 08:00,-12.4,,14,340,69,440
102,백령도,2023-01-24 09:00,-12.1,0,12.4,340,80,185
102,백령도,2023-01-24 10:00,-12.6,,14.2,340,80,136
102,백령도,2023-01-24 11:00,-12.4,,14,340,86,158
102,백령도,2023-01-24 12:00,-12.6,0,13.6,340,75,219
102,백령도,2023-01-24 13:00,-12.9,,13.4,340,83,105
102,백령도,2023-01-24 14:00,-12.6,,11.9,340,73,591
102,백령도,2023-01-24 15:00,-12.6,0,12.8,340,75,252
102,백령도,2023-01-24 16:00,-12.3,,13.5,340,75,794
102,백령도,2023-01-24 17:00,-12,,11.7,340,82,170
102,백령도,2023-01-24 18:00,-11.9,0,11.2,340,75,299
102,백령도,2023-01-24 19:00,-11.1,,11.3,340,60,4058
102,백령도,2023-01-24 20:00,-10.7,,10.6,340,68,1706
102,백령도,2023-01-24 21:00,-10.6,0,10.3,340,82,502
102,백령도,2023-01-24 22:00,-10.6,,10.5,360,80,632
102,백령도,2023-01-24 23:00,-10.5,,9.6,340,68,1266
102,백령도,2023-01-25 00:00,-10.3,0,9.3,360,71,1250
102,백령도,2023-01-25 01:00,-10.8,,9.7,360,73,1541
102,백령도,2023-01-25 02:00,-10.7,,5.8,360,67,2973
102,백령도,2023-01-25 03:00,-10.6,0,3.9,360,74,1212
102,백령도,2023-01-25 04:00,-10.4,,3.4,360,75,2603
102,백령도,2023-01-25 05:00,-10.4,,2.1,360,75,2416
102,백령도,2023-01-25 06:00,-11.1,0,4.4,70,85,473
102,백령도,2023-01-25 07:00,-11,,2.6,70,84,419
102,백령도,2023-01-25 08:00,-11.5,,2.5,70,80,3118
102,백령도,2023-01-25 09:00,-10.6,.1,2.4,90,76,4050
102,백령도,2023-01-25 10:00,-9.2,,2.4,90,70,3379
102,백령도,2023-01-25 11:00,-9.3,,2.6,110,71,2014
102,백령도,2023-01-25 12:00,-8.3,0,2.6,140,72,1372
102,백령도,2023-01-25 13:00,-7.9,,3.3,160,72,1587
102,백령도,2023-01-25 14:00,-7.5,,4.3,140,80,477
102,백령도,2023-01-25 15:00,-6.8,0,4.7,140,79,595
102,백령도,2023-01-25 16:00,-6.6,,5.3,140,87,202
102,백령도,2023-01-25 17:00,-6.2,,4.4,140,90,210
102,백령도,2023-01-25 18:00,-5.8,1.2,3.7,140,94,55
102,백령도,2023-01-25 19:00,-4,,1.6,230,73,3473
102,백령도,2023-01-25 20:00,-3.6,,2.6,250,63,3516
102,백령도,2023-01-25 21:00,-3.4,.2,3.1,250,61,3634
102,백령도,2023-01-25 22:00,-2.8,,3,250,64,3369
102,백령도,2023-01-25 23:00,-2.9,,2.8,290,66,3676
102,백령도,2023-01-26 00:00,-2.9,0,1.2,160,77,2703
102,백령도,2023-01-26 01:00,-3,,2.3,180,85,2267
102,백령도,2023-01-26 02:00,-2.7,,2.8,290,93,288
102,백령도,2023-01-26 03:00,-2.5,.2,2.3,360,90,2683
102,백령도,2023-01-26 04:00,-2.2,,1.3,270,83,1770
102,백령도,2023-01-26 05:00,-2.8,,2.2,90,95,2467
102,백령도,2023-01-26 06:00,-2.9,0,2.2,90,95,1134
102,백령도,2023-01-26 07:00,-3.6,,3.6,90,95,1091
102,백령도,2023-01-26 08:00,-3.7,,1.7,110,96,578
102,백령도,2023-01-26 09:00,-3.4,.3,3.1,110,94,2259
102,백령도,2023-01-26 10:00,-3.4,,3.9,90,92,1802
102,백령도,2023-01-26 11:00,-3.6,,3.8,90,90,1846
102,백령도,2023-01-26 12:00,-3.1,0,3.4,90,85,2425
102,백령도,2023-01-26 13:00,-2.8,,3.4,90,83,2289
102,백령도,2023-01-26 14:00,-2.6,,3.5,70,78,2817
102,백령도,2023-01-26 15:00,-2.6,0,2.4,70,74,2667
102,백령도,2023-01-26 16:00,-2.8,,2,70,72,2692
102,백령도,2023-01-26 17:00,-2.9,,1.7,70,69,2690
102,백령도,2023-01-26 18:00,-2.9,,.7,70,71,2598
102,백령도,2023-01-26 19:00,-2.9,,1.3,20,66,2718
102,백령도,2023-01-26 20:00,-3.2,,1,360,67,2643
102,백령도,2023-01-26 21:00,-2.7,0,2.1,20,68,2296
102,백령도,2023-01-26 22:00,-3.2,,2.6,20,71,2283
102,백령도,2023-01-26 23:00,-3.6,,1.7,20,81,1699
102,백령도,2023-01-27 00:00,-3.7,.4,2.4,360,95,258
102,백령도,2023-01-27 01:00,-2.9,,9.4,340,70,1795
102,백령도,2023-01-27 02:00,-3.8,,9.8,340,66,2673
102,백령도,2023-01-27 03:00,-4.8,0,11.9,340,61,1665
102,백령도,2023-01-27 04:00,-4.9,,12.7,340,57,1711
102,백령도,2023-01-27 05:00,-4.8,,11.2,340,54,2977
102,백령도,2023-01-27 06:00,-4.9,,12.1,340,57,2582
102,백령도,2023-01-27 07:00,-5.2,,12.2,340,52,3035
102,백령도,2023-01-27 08:00,-5.2,,11.5,340,54,3844
102,백령도,2023-01-27 09:00,-5,,9.8,340,56,4190
102,백령도,2023-01-27 10:00,-4.6,,9.1,340,55,4040
102,백령도,2023-01-27 11:00,-4.6,,10.1,340,55,3487
102,백령도,2023-01-27 12:00,-5.1,0,9.2,340,65,2511
102,백령도,2023-01-27 13:00,-4.6,,9.6,340,64,3258
102,백령도,2023-01-27 14:00,-5.3,,9.7,340,70,2001
102,백령도,2023-01-27 15:00,-4.6,0,10.1,340,59,3918
102,백령도,2023-01-27 16:00,-4.4,,8.8,340,57,3546
102,백령도,2023-01-27 17:00,-4.5,,8.7,320,56,3938
102,백령도,2023-01-27 18:00,-4.5,0,10.5,340,55,4262
102,백령도,2023-01-27 19:00,-4.5,,11.7,340,46,3873
102,백령도,2023-01-27 20:00,-4.3,,11.6,340,51,3876
102,백령도,2023-01-27 21:00,-4.3,,11.3,340,50,3953
102,백령도,2023-01-27 22:00,-4.4,,11,340,53,3706
102,백령도,2023-01-27 23:00,-4.4,,10.3,340,53,4052
102,백령도,2023-01-28 00:00,-4.5,,9,340,48,4336
102,백령도,2023-01-28 01:00,-4.1,,9.4,340,53,4269
102,백령도,2023-01-28 02:00,-3.7,,7.7,340,54,3832
102,백령도,2023-01-28 03:00,-3.6,,6.9,340,54,3407
102,백령도,2023-01-28 04:00,-3.7,,2.4,20,61,3264
102,백령도,2023-01-28 05:00,-4.9,,3.3,90,64,3177
102,백령도,2023-01-28 06:00,-6.2,0,3.1,110,80,336
102,백령도,2023-01-28 07:00,-6.1,,2.3,110,85,3518
102,백령도,2023-01-28 08:00,-5.6,,3.1,110,89,2844
102,백령도,2023-01-28 09:00,-4.5,.2,2.5,110,88,2687
102,백령도,2023-01-28 10:00,-4,,3.2,90,88,2680
102,백령도,2023-01-28 11:00,-2.6,,3.5,90,81,2934
102,백령도,2023-01-28 12:00,-1.8,,2.8,90,74,3058
102,백령도,2023-01-28 13:00,-.9,,2,70,66,2981
102,백령도,2023-01-28 14:00,-.8,,2.9,360,58,2960
102,백령도,2023-01-28 15:00,-.3,,6,320,43,2719
102,백령도,2023-01-28 16:00,-.5,,7.1,320,44,2993
102,백령도,2023-01-28 17:00,-1.3,,7.1,320,49,3589
102,백령도,2023-01-28 18:00,-1.9,,5.8,320,51,3564
102,백령도,2023-01-28 19:00,-1.9,,6.9,340,54,3887
102,백령도,2023-01-28 20:00,-1.7,,4.9,340,48,3950
102,백령도,2023-01-28 21:00,-1.3,,5.4,320,48,3604
102,백령도,2023-01-28 22:00,-.8,,4.7,320,50,3593
102,백령도,2023-01-28 23:00,-.4,,5.5,290,51,3586
102,백령도,2023-01-29 00:00,-.6,,4.1,290,55,3814
102,백령도,2023-01-29 01:00,-.3,,3.1,290,57,3570
102,백령도,2023-01-29 02:00,-.4,,3.2,290,52,4150
102,백령도,2023-01-29 03:00,-.9,,2.3,250,54,3842
102,백령도,2023-01-29 04:00,-.1,,2.4,250,55,3981
102,백령도,2023-01-29 05:00,.2,,2.4,250,60,3880
102,백령도,2023-01-29 06:00,-.1,,3.3,250,67,3467
102,백령도,2023-01-29 07:00,0,,2.9,250,59,3249
102,백령도,2023-01-29 08:00,.4,,2.4,250,50,3045
102,백령도,2023-01-29 09:00,2,,2.9,250,46,2976
102,백령도,2023-01-29 10:00,3.3,,5.5,230,43,2968
102,백령도,2023-01-29 11:00,4.3,,7.8,250,44,2963
102,백령도,2023-01-29 12:00,4.5,,5.8,270,44,2763
102,백령도,2023-01-29 13:00,4.3,,7.1,250,52,2417
102,백령도,2023-01-29 14:00,4.6,,6.5,270,57,2072
102,백령도,2023-01-29 15:00,4.2,,8.2,320,56,2324
102,백령도,2023-01-29 16:00,2.9,,7.5,340,64,2091
102,백령도,2023-01-29 17:00,1.9,,8.3,340,57,2382
102,백령도,2023-01-29 18:00,1.3,,7.7,340,64,2668
102,백령도,2023-01-29 19:00,1.3,,4.6,340,55,2855
102,백령도,2023-01-29 20:00,1.5,,6.4,320,53,3027
102,백령도,2023-01-29 21:00,1.8,,5.7,320,56,3048
102,백령도,2023-01-29 22:00,2,,5.4,340,46,3580
102,백령도,2023-01-29 23:00,2.1,,9.5,340,45,3544
102,백령도,2023-01-30 00:00,1.7,,8.8,340,46,3768
102,백령도,2023-01-30 01:00,1.5,,7.7,340,41,4113
102,백령도,2023-01-30 02:00,1.4,,7,340,42,3984
102,백령도,2023-01-30 03:00,1.1,,4.6,340,46,4119
102,백령도,2023-01-30 04:00,1.4,,5.9,340,41,3956
102,백령도,2023-01-30 05:00,1.4,,5.9,340,42,4226
102,백령도,2023-01-30 06:00,1.4,,6.2,340,39,4370
102,백령도,2023-01-30 07:00,1.4,,4.9,340,44,4127
102,백령도,2023-01-30 08:00,1.4,,4.6,340,45,4121
102,백령도,2023-01-30 09:00,1.9,,3.6,360,43,3994
102,백령도,2023-01-30 10:00,2.6,,1.4,70,50,3921
102,백령도,2023-01-30 11:00,3.1,,1.4,360,45,4418
102,백령도,2023-01-30 12:00,3.3,,1.9,360,44,4275
102,백령도,2023-01-30 13:00,3.3,,2.4,360,46,4454
102,백령도,2023-01-30 14:00,3.1,,3,290,45,4837
102,백령도,2023-01-30 15:00,3.2,,2,70,51,4597
102,백령도,2023-01-30 16:00,3.2,,1.7,70,52,4697
102,백령도,2023-01-30 17:00,3.2,,2.4,180,48,4888
102,백령도,2023-01-30 18:00,2,,1.4,160,60,3258
102,백령도,2023-01-30 19:00,2.2,,1.7,180,61,4713
102,백령도,2023-01-30 20:00,2.1,,1.9,180,66,4548
102,백령도,2023-01-30 21:00,1.8,,2.6,180,68,3884
102,백령도,2023-01-30 22:00,3.4,,3.8,160,62,3626
102,백령도,2023-01-30 23:00,2.8,,2.6,180,68,3468
102,백령도,2023-01-31 00:00,3.1,,2,180,69,2199
102,백령도,2023-01-31 01:00,3.2,,2.2,180,73,3076
102,백령도,2023-01-31 02:00,4.1,,2.4,180,71,3468
102,백령도,2023-01-31 03:00,4.1,,3.5,180,77,3937
102,백령도,2023-01-31 04:00,4.6,,4.3,180,76,4122
102,백령도,2023-01-31 05:00,5.4,,6.2,180,75,4285
102,백령도,2023-01-31 06:00,5.5,,5.9,180,77,3875
102,백령도,2023-01-31 07:00,5.8,,6.5,200,78,3848
102,백령도,2023-01-31 08:00,5.9,,4.8,200,84,3226
102,백령도,2023-01-31 09:00,6.4,,4.3,200,82,2813
102,백령도,2023-01-31 10:00,7.4,,5.4,230,78,2274
102,백령도,2023-01-31 11:00,7.9,,5.3,230,70,1815
102,백령도,2023-01-31 12:00,7.9,,7.3,250,67,1778
102,백령도,2023-01-31 13:00,7.6,,7.5,250,73,1568
102,백령도,2023-01-31 14:00,7.6,,6,250,78,1345
102,백령도,2023-01-31 15:00,7.4,,6.1,250,74,1287
102,백령도,2023-01-31 16:00,7.2,,5.3,250,74,1214
102,백령도,2023-01-31 17:00,6.2,,3,290,70,1061
102,백령도,2023-01-31 18:00,4.7,,2.3,270,75,910
102,백령도,2023-01-31 19:00,4.1,,2,270,80,799
102,백령도,2023-01-31 20:00,3.5,,1.9,270,86,606
102,백령도,2023-01-31 21:00,3.4,,2.8,290,92,404
102,백령도,2023-01-31 22:00,3.4,,3.2,320,92,392
102,백령도,2023-01-31 23:00,3,,2.9,340,93,330
102,백령도,2023-02-01 00:00,2.4,,1.1,20,96,367
102,백령도,2023-02-01 01:00,1.7,,.4,0,98,231
102,백령도,2023-02-01 02:00,1.8,,1.2,180,97,260
102,백령도,2023-02-01 03:00,2,,1.2,320,88,725
102,백령도,2023-02-01 04:00,1.2,,1.7,340,92,553
102,백령도,2023-02-01 05:00,2.2,,2.3,360,98,250
102,백령도,2023-02-01 06:00,2.8,,4.8,340,92,582
102,백령도,2023-02-01 07:00,2,,4.8,360,91,658
102,백령도,2023-02-01 08:00,2.2,,10.3,340,55,3231
102,백령도,2023-02-01 09:00,1.8,,11.6,340,56,3494
102,백령도,2023-02-01 10:00,1.1,,12.2,340,58,2422
102,백령도,2023-02-01 11:00,.4,,14.9,340,54,3603
102,백령도,2023-02-01 12:00,.1,,13.3,340,52,4150
102,백령도,2023-02-01 13:00,0,,11.5,340,53,3848
102,백령도,2023-02-01 14:00,0,,11.4,340,46,3859
102,백령도,2023-02-01 15:00,0,,11.7,340,47,3819
102,백령도,2023-02-01 16:00,-.2,,11.5,340,51,3894
102,백령도,2023-02-01 17:00,0,,10.6,340,48,3814
102,백령도,2023-02-01 18:00,-.3,,10.7,340,51,3635
102,백령도,2023-02-01 19:00,-.1,,8.5,340,52,3787
102,백령도,2023-02-01 20:00,0,,11.1,340,51,3851
102,백령도,2023-02-01 21:00,0,,10.5,340,53,3579
102,백령도,2023-02-01 22:00,-.2,,10.3,340,53,3349
102,백령도,2023-02-01 23:00,-.6,,8.6,360,52,3464
102,백령도,2023-02-02 00:00,-1.1,,8.3,360,47,3490
102,백령도,2023-02-02 01:00,-1.5,,8.1,340,49,3359
102,백령도,2023-02-02 02:00,-1.8,,6.8,360,51,3356
102,백령도,2023-02-02 03:00,-1.9,,7.8,360,54,3260
102,백령도,2023-02-02 04:00,-2.3,,6.2,360,54,3293
102,백령도,2023-02-02 05:00,-2.6,,4.8,360,49,3557
102,백령도,2023-02-02 06:00,-2.7,,3.7,360,49,3636
102,백령도,2023-02-02 07:00,-2.9,,3.5,360,46,3573
102,백령도,2023-02-02 08:00,-3,,3.5,360,45,3627
102,백령도,2023-02-02 09:00,-2.5,,6,360,44,3737
102,백령도,2023-02-02 10:00,-2,,6.2,360,43,3612
102,백령도,2023-02-02 11:00,-1.6,,6.2,340,39,3788
102,백령도,2023-02-02 12:00,-1.5,,6,340,40,3813
102,백령도,2023-02-02 13:00,-1.4,,5.8,360,41,4167
102,백령도,2023-02-02 14:00,-1.7,,6,340,47,4001
102,백령도,2023-02-02 15:00,-1.8,,5.9,340,48,3982
102,백령도,2023-02-02 16:00,-2,,5.4,340,48,3730
102,백령도,2023-02-02 17:00,-2.4,,5.4,340,51,3986
102,백령도,2023-02-02 18:00,-2.7,,5.3,340,51,4338
102,백령도,2023-02-02 19:00,-2.6,,5.5,340,51,4606
102,백령도,2023-02-02 20:00,-2.6,,6.1,340,51,4935
102,백령도,2023-02-02 21:00,-2.5,,5.8,340,56,4750
102,백령도,2023-02-02 22:00,-2.5,,5.2,340,55,4884
102,백령도,2023-02-02 23:00,-2.4,,5.1,360,56,4323
102,백령도,2023-02-03 00:00,-2.1,,4.9,340,53,4276
102,백령도,2023-02-03 01:00,-1.9,,6.1,340,53,4197
102,백령도,2023-02-03 02:00,-1.8,,3.4,360,49,4362
102,백령도,2023-02-03 03:00,-2.2,,2.2,20,55,4053
102,백령도,2023-02-03 04:00,-2.3,,1.1,20,54,4220
102,백령도,2023-02-03 05:00,-2.4,,1.4,20,57,3992
102,백령도,2023-02-03 06:00,-2.5,,1.1,360,59,3972
102,백령도,2023-02-03 07:00,-2.6,,1.2,50,61,3829
102,백령도,2023-02-03 08:00,-2.8,,1.2,50,63,4011
102,백령도,2023-02-03 09:00,-1.3,,.6,20,59,3721
102,백령도,2023-02-03 10:00,-.4,,2.5,360,57,3775
102,백령도,2023-02-03 11:00,.9,,3.7,340,47,3807
102,백령도,2023-02-03 12:00,1.2,,4,320,45,4120
102,백령도,2023-02-03 13:00,1.5,,4.2,320,40,4023
102,백령도,2023-02-03 14:00,1.2,,4.7,320,41,4174
102,백령도,2023-02-03 15:00,1.4,,3.9,340,43,4007
102,백령도,2023-02-03 16:00,.9,,4.3,320,47,3888
102,백령도,2023-02-03 17:00,.5,,4,320,47,3908
102,백령도,2023-02-03 18:00,-.5,,3.2,320,50,4167
102,백령도,2023-02-03 19:00,-.8,,2.5,320,50,4393
102,백령도,2023-02-03 20:00,-.9,,2.2,360,52,4342
102,백령도,2023-02-03 21:00,-.9,,1.8,360,54,4092
102,백령도,2023-02-03 22:00,-1.2,,.6,290,58,3821
102,백령도,2023-02-03 23:00,-1.2,,0,0,59,3722
102,백령도,2023-02-04 00:00,-1.8,,.7,180,60,3658
102,백령도,2023-02-04 01:00,-.4,,1.6,250,69,3043
102,백령도,2023-02-04 02:00,.7,,2.1,270,64,2802
102,백령도,2023-02-04 03:00,.9,,2.6,270,61,2566
102,백령도,2023-02-04 04:00,.9,,2.8,270,62,2570
102,백령도,2023-02-04 05:00,1,,3.4,270,63,2350
102,백령도,2023-02-04 06:00,1.4,,2.9,270,63,2065
102,백령도,2023-02-04 07:00,1.8,,3.5,320,52,2541
102,백령도,2023-02-04 08:00,1.7,,3.1,340,56,2163
102,백령도,2023-02-04 09:00,2.3,,3.1,340,52,2306
102,백령도,2023-02-04 10:00,3,,3.3,340,51,2188
102,백령도,2023-02-04 11:00,3.6,,3.1,340,52,1837
102,백령도,2023-02-04 12:00,3.8,,2.9,340,55,1589
102,백령도,2023-02-04 13:00,4,,3.3,340,54,1755
102,백령도,2023-02-04 14:00,4,,2.9,320,45,2307
102,백령도,2023-02-04 15:00,3.3,,3.1,290,37,2782
102,백령도,2023-02-04 16:00,3.3,,3.4,360,48,2954
102,백령도,2023-02-04 17:00,2.4,,2.4,340,53,3061
102,백령도,2023-02-04 18:00,1.3,,1,340,51,3059
102,백령도,2023-02-04 19:00,.4,,0,0,56,3136
102,백령도,2023-02-04 20:00,.2,,.6,200,55,2483
102,백령도,2023-02-04 21:00,.5,,.1,0,54,2917
102,백령도,2023-02-04 22:00,1.2,,.3,0,56,2666
102,백령도,2023-02-04 23:00,1.1,,.3,0,58,2412
102,백령도,2023-02-05 00:00,1.1,,1.3,110,62,2412
102,백령도,2023-02-05 01:00,.7,,1.1,110,69,2366
102,백령도,2023-02-05 02:00,.5,,1.3,90,76,2060
102,백령도,2023-02-05 03:00,.4,,2.2,90,82,1895
102,백령도,2023-02-05 04:00,0,,2.8,70,82,1893
102,백령도,2023-02-05 05:00,.1,,2.5,90,76,2094
102,백령도,2023-02-05 06:00,.3,,1.5,110,72,2166
102,백령도,2023-02-05 07:00,.4,,1.2,140,80,1762
102,백령도,2023-02-05 08:00,.7,,1.1,110,88,1277
102,백령도,2023-02-05 09:00,1.4,,2.3,110,91,907
102,백령도,2023-02-05 10:00,2.2,,2.9,110,86,1070
102,백령도,2023-02-05 11:00,3.1,,3.1,110,81,1188
102,백령도,2023-02-05 12:00,4.2,,3.6,140,74,1280
102,백령도,2023-02-05 13:00,4.6,,4.3,110,74,1262
102,백령도,2023-02-05 14:00,5.5,,3.4,180,66,1292
102,백령도,2023-02-05 15:00,5.7,,4.1,160,71,1191
102,백령도,2023-02-05 16:00,5.1,,3.7,160,77,990
102,백령도,2023-02-05 17:00,4.4,,3.8,160,86,740
102,백령도,2023-02-05 18:00,3.9,,3.1,160,90,673
102,백령도,2023-02-05 19:00,3.8,,1.6,200,93,423
102,백령도,2023-02-05 20:00,4.7,,2.6,230,73,1537
102,백령도,2023-02-05 21:00,4.7,,2.5,230,76,1480
102,백령도,2023-02-05 22:00,4.5,,2.5,230,82,1254
102,백령도,2023-02-05 23:00,4.1,,.4,0,89,829
102,백령도,2023-02-06 00:00,4.3,,0,0,93,736
102,백령도,2023-02-06 01:00,3.1,,1.9,90,96,395
102,백령도,2023-02-06 02:00,2.6,,1.9,90,99,153
102,백령도,2023-02-06 03:00,2.3,,2.1,90,99,199
102,백령도,2023-02-06 04:00,2,,1,140,99,151
102,백령도,2023-02-06 05:00,2.1,,1.5,140,99,201
102,백령도,2023-02-06 06:00,2.2,,2,160,99,131
102,백령도,2023-02-06 07:00,2.3,,2.3,140,99,152
102,백령도,2023-02-06 08:00,2.2,,2.2,110,100,145
102,백령도,2023-02-06 09:00,1.9,,3.4,140,100,34
102,백령도,2023-02-06 10:00,1.7,,3.5,160,100,27
102,백령도,2023-02-06 11:00,2.1,,3.5,140,100,80
102,백령도,2023-02-06 12:00,2,,3.8,140,100,435
102,백령도,2023-02-06 13:00,3.1,,3.7,140,96,968
102,백령도,2023-02-06 14:00,4,,4,160,89,1101
102,백령도,2023-02-06 15:00,4.2,,4.2,140,91,995
102,백령도,2023-02-06 16:00,4.4,,2.7,140,88,969
102,백령도,2023-02-06 17:00,3.3,,3.1,160,93,685
102,백령도,2023-02-06 18:00,2.8,,2.6,160,96,404
102,백령도,2023-02-06 19:00,2.4,,2.5,160,98,272
102,백령도,2023-02-06 20:00,2.6,,.9,110,99,276
102,백령도,2023-02-06 21:00,2.5,,1.3,140,98,298
102,백령도,2023-02-06 22:00,2.6,,1.1,140,99,322
102,백령도,2023-02-06 23:00,3.1,,.4,0,98,347
102,백령도,2023-02-07 00:00,2.4,,1,320,100,144
102,백령도,2023-02-07 01:00,2.4,,1.3,340,100,144
102,백령도,2023-02-07 02:00,2.5,,3.2,360,99,377
102,백령도,2023-02-07 03:00,2.3,,5.2,360,94,627
102,백령도,2023-02-07 04:00,1.7,,4,360,94,614
102,백령도,2023-02-07 05:00,1.2,,4.9,340,94,587
102,백령도,2023-02-07 06:00,1.1,,4.3,340,94,534
102,백령도,2023-02-07 07:00,.9,,4.3,360,93,582
102,백령도,2023-02-07 08:00,.6,,1.8,50,93,621
102,백령도,2023-02-07 09:00,1.7,,1.4,20,91,697
102,백령도,2023-02-07 10:00,2.3,,3,340,86,802
102,백령도,2023-02-07 11:00,2.6,,2.9,340,81,958
102,백령도,2023-02-07 12:00,2.7,,3.4,320,81,947
102,백령도,2023-02-07 13:00,2.1,,4.8,320,87,741
102,백령도,2023-02-07 14:00,2.7,,2.9,340,88,845
102,백령도,2023-02-07 15:00,2.7,,4.3,320,84,871
102,백령도,2023-02-07 16:00,1.1,,6.2,320,95,415
102,백령도,2023-02-07 17:00,1.9,,4.2,320,89,680
102,백령도,2023-02-07 18:00,1.4,,4.6,320,88,850
102,백령도,2023-02-07 19:00,1.4,,3.8,340,86,935
102,백령도,2023-02-07 20:00,1.4,,3.5,340,82,1215
102,백령도,2023-02-07 21:00,1.7,,5.5,340,76,1580
102,백령도,2023-02-07 22:00,1.7,,3,320,78,1468
102,백령도,2023-02-07 23:00,2.1,,4,340,70,2138
102,백령도,2023-02-08 00:00,2.7,,4.1,340,58,4168
102,백령도,2023-02-08 01:00,3.4,,6.7,340,57,4508
102,백령도,2023-02-08 02:00,3.5,,6.4,340,64,2914
102,백령도,2023-02-08 03:00,3.2,,9.2,340,66,1868
102,백령도,2023-02-08 04:00,2.9,,8.1,340,53,2462
102,백령도,2023-02-08 05:00,2,,6.5,340,58,1583
102,백령도,2023-02-08 06:00,1.5,,6.8,340,58,2214
102,백령도,2023-02-08 07:00,1.3,,7.5,340,62,3007
102,백령도,2023-02-08 08:00,1.2,,6.5,340,67,2791
102,백령도,2023-02-08 09:00,1.6,,6.3,360,67,2810
102,백령도,2023-02-08 10:00,1.8,,6.6,360,64,2874
102,백령도,2023-02-08 11:00,2.3,,6.7,360,62,3041
102,백령도,2023-02-08 12:00,2.6,,6.3,360,55,3140
102,백령도,2023-02-08 13:00,2.9,,6.1,360,56,3367
102,백령도,2023-02-08 14:00,2.7,,6.2,360,46,4008
102,백령도,2023-02-08 15:00,2.9,,5.5,360,44,4551
102,백령도,2023-02-08 16:00,2.6,,6.1,340,45,4923
102,백령도,2023-02-08 17:00,1.8,,7,340,47,4822
102,백령도,2023-02-08 18:00,1,,7,340,54,4098
102,백령도,2023-02-08 19:00,1.2,,6.5,340,56,4248
102,백령도,2023-02-08 20:00,1.5,,5.2,340,55,4430
102,백령도,2023-02-08 21:00,2,,5.9,360,45,4612
102,백령도,2023-02-08 22:00,2.3,,5.2,360,47,4498
102,백령도,2023-02-08 23:00,2,,3.8,360,48,4508
102,백령도,2023-02-09 00:00,1.9,,3.3,360,50,4306
102,백령도,2023-02-09 01:00,1.8,,2.3,360,52,4124
102,백령도,2023-02-09 02:00,1.5,,2.2,360,57,3768
102,백령도,2023-02-09 03:00,1.1,,1.9,20,60,3528
102,백령도,2023-02-09 04:00,1,,2.2,360,51,3490
102,백령도,2023-02-09 05:00,.5,,2.3,360,53,3628
102,백령도,2023-02-09 06:00,.7,,1.8,20,49,3908
102,백령도,2023-02-09 07:00,.5,,2.2,50,47,4276
102,백령도,2023-02-09 08:00,0,,1.6,70,76,3151
102,백령도,2023-02-09 09:00,1.2,,1.9,90,62,3491
102,백령도,2023-02-09 10:00,2,,1.4,90,49,3772
102,백령도,2023-02-09 11:00,2.5,,3.4,90,52,3490
102,백령도,2023-02-09 12:00,2.4,,4.4,110,49,3366
102,백령도,2023-02-09 13:00,3.6,,4.5,140,41,3864
102,백령도,2023-02-09 14:00,5,,4.5,110,40,3632
102,백령도,2023-02-09 15:00,4.1,,4.7,140,44,3364
102,백령도,2023-02-09 16:00,4.6,,4.8,140,45,2797
102,백령도,2023-02-09 17:00,4.5,,4.1,140,43,2765
102,백령도,2023-02-09 18:00,4.1,,1.9,110,55,2470
102,백령도,2023-02-09 19:00,3.6,,.6,360,52,2608
102,백령도,2023-02-09 20:00,3,,2.5,320,71,2565
102,백령도,2023-02-09 21:00,3.1,,.4,0,68,2553
102,백령도,2023-02-09 22:00,3.8,,2.3,110,59,2451
102,백령도,2023-02-09 23:00,3,,7.4,160,88,1122
102,백령도,2023-02-10 00:00,2,.2,4.5,160,96,579
102,백령도,2023-02-10 01:00,1.8,,2.1,180,98,471
102,백령도,2023-02-10 02:00,1.6,,1.2,90,99,449
102,백령도,2023-02-10 03:00,1.4,.7,.3,0,99,235
102,백령도,2023-02-10 04:00,1.4,,1.3,20,100,484
102,백령도,2023-02-10 05:00,1.2,,2.1,90,99,610
102,백령도,2023-02-10 06:00,1.2,.5,.7,90,99,842
102,백령도,2023-02-10 07:00,.5,,.5,140,99,501
102,백령도,2023-02-10 08:00,1,,.2,0,100,842
102,백령도,2023-02-10 09:00,1.7,,.2,0,99,1453
102,백령도,2023-02-10 10:00,3.1,,.4,0,95,1701
102,백령도,2023-02-10 11:00,4.4,,1.9,320,86,2315
102,백령도,2023-02-10 12:00,4.2,,3.3,290,81,2775
102,백령도,2023-02-10 13:00,4.7,,4.1,290,68,3941
102,백령도,2023-02-10 14:00,5.7,,3.3,340,63,4056
102,백령도,2023-02-10 15:00,4.6,,4.4,340,68,3695
102,백령도,2023-02-10 16:00,4.2,,3.1,340,65,3702
102,백령도,2023-02-10 17:00,3.9,,4.2,340,72,3421
102,백령도,2023-02-10 18:00,3.9,,3.3,340,70,2901
102,백령도,2023-02-10 19:00,3.5,,1.5,50,77,3034
102,백령도,2023-02-10 20:00,3.3,,.9,70,79,2733
102,백령도,2023-02-10 21:00,3.3,,.6,180,80,2651
102,백령도,2023-02-10 22:00,3.3,,1,90,80,2410
102,백령도,2023-02-10 23:00,3.3,,1,290,76,1963
102,백령도,2023-02-11 00:00,3.2,,.6,270,74,1498
102,백령도,2023-02-11 01:00,2.4,,.5,320,77,1412
102,백령도,2023-02-11 02:00,2.1,,1.1,90,86,1441
102,백령도,2023-02-11 03:00,1.3,,.8,200,89,1218
102,백령도,2023-02-11 04:00,2,,1.1,250,79,900
102,백령도,2023-02-11 05:00,2.4,,.5,110,77,968
102,백령도,2023-02-11 06:00,2.6,,1.1,70,77,905
102,백령도,2023-02-11 07:00,2.9,,.2,0,77,892
102,백령도,2023-02-11 08:00,2.6,,1.3,90,86,917
102,백령도,2023-02-11 09:00,3.3,,1.5,110,82,923
102,백령도,2023-02-11 10:00,3.9,,2.6,90,80,959
102,백령도,2023-02-11 11:00,4,,2.4,140,77,1019
102,백령도,2023-02-11 12:00,3.9,,2.9,140,77,1072
102,백령도,2023-02-11 13:00,4,,3.6,140,76,1089
102,백령도,2023-02-11 14:00,4.8,,3.4,180,72,1125
102,백령도,2023-02-11 15:00,4.8,,4.2,180,74,1152
102,백령도,2023-02-11 16:00,4.2,,3.4,160,77,1078
102,백령도,2023-02-11 17:00,3.8,,3.6,160,79,1062
102,백령도,2023-02-11 18:00,3.4,,2.1,160,82,1012
102,백령도,2023-02-11 19:00,3.1,,1.8,160,85,1027
102,백령도,2023-02-11 20:00,2.3,,1.2,160,90,741
102,백령도,2023-02-11 21:00,2.2,,2.3,180,89,743
102,백령도,2023-02-11 22:00,1.8,,2.6,180,93,605
102,백령도,2023-02-11 23:00,2.1,,1.6,180,93,510
102,백령도,2023-02-12 00:00,2.3,,1.5,140,93,660
102,백령도,2023-02-12 01:00,2.2,,.8,160,90,723
102,백령도,2023-02-12 02:00,1.8,,1.7,110,95,511
102,백령도,2023-02-12 03:00,1.7,,1.6,140,96,458
102,백령도,2023-02-12 04:00,1.5,,2.3,70,96,427
102,백령도,2023-02-12 05:00,1.7,,1.8,70,97,394
102,백령도,2023-02-12 06:00,1.8,,1.4,90,95,502
102,백령도,2023-02-12 07:00,.5,,1.1,180,96,312
102,백령도,2023-02-12 08:00,1.9,,1.9,200,95,439
102,백령도,2023-02-12 09:00,3,,1.6,50,90,626
102,백령도,2023-02-12 10:00,3.7,,.8,360,89,592
102,백령도,2023-02-12 11:00,4.4,,1.3,340,81,797
102,백령도,2023-02-12 12:00,4.5,,2.9,290,82,787
102,백령도,2023-02-12 13:00,4.8,,3.8,340,82,823
102,백령도,2023-02-12 14:00,4.7,,5.5,340,77,871
102,백령도,2023-02-12 15:00,4,,4.8,340,78,827
102,백령도,2023-02-12 16:00,4,,3.7,340,79,784
102,백령도,2023-02-12 17:00,3.9,,6.1,360,72,860
102,백령도,2023-02-12 18:00,3.7,,5.3,340,76,805
102,백령도,2023-02-12 19:00,3.5,,3,360,77,769
102,백령도,2023-02-12 20:00,3.7,,3.1,50,70,893
102,백령도,2023-02-12 21:00,4.2,,1.7,360,67,973
102,백령도,2023-02-12 22:00,4.1,,3.9,360,68,962
102,백령도,2023-02-12 23:00,3.8,,2.5,360,70,950
102,백령도,2023-02-13 00:00,3.7,,5.7,340,71,1023
102,백령도,2023-02-13 01:00,3.6,,6.1,340,73,1416
102,백령도,2023-02-13 02:00,3.3,,7.5,340,68,1617
102,백령도,2023-02-13 03:00,2.9,,7.3,340,72,1345
102,백령도,2023-02-13 04:00,2.7,,7.5,340,70,1394
102,백령도,2023-02-13 05:00,2.3,,8.3,340,71,1460
102,백령도,2023-02-13 06:00,1.8,,8.3,360,70,1442
102,백령도,2023-02-13 07:00,1.5,,9.4,360,70,1469
102,백령도,2023-02-13 08:00,1.1,,9.4,360,69,1561
102,백령도,2023-02-13 09:00,1.1,,8.6,340,67,1647
102,백령도,2023-02-13 10:00,1.2,,8.6,360,65,1693
102,백령도,2023-02-13 11:00,2.1,,8,360,63,1790
102,백령도,2023-02-13 12:00,1.3,,13.3,340,63,1680
102,백령도,2023-02-13 13:00,1.1,,10.8,340,61,1799
102,백령도,2023-02-13 14:00,1.6,,10,340,60,1872
102,백령도,2023-02-13 15:00,1.5,,9,340,59,1853
102,백령도,2023-02-13 16:00,1.6,,9.8,340,58,2005
102,백령도,2023-02-13 17:00,1.7,,9.3,340,54,2300
102,백령도,2023-02-13 18:00,1.5,,9.1,340,52,2457
102,백령도,2023-02-13 19:00,1.8,,10.6,340,52,2599
102,백령도,2023-02-13 20:00,2,,9.5,340,50,2695
102,백령도,2023-02-13 21:00,2,,12.8,340,51,2677
102,백령도,2023-02-13 22:00,1.5,,10.6,340,55,2289
102,백령도,2023-02-13 23:00,.8,,10.3,340,58,2397
102,백령도,2023-02-14 00:00,.5,,8.9,340,59,2487
102,백령도,2023-02-14 01:00,.3,,9.6,340,60,2582
102,백령도,2023-02-14 02:00,.1,,9,340,60,2706
102,백령도,2023-02-14 03:00,-.2,,10.3,340,61,2798
102,백령도,2023-02-14 04:00,-.2,,10.1,340,60,2751
102,백령도,2023-02-14 05:00,-.4,,11.3,360,55,3400
102,백령도,2023-02-14 06:00,-.6,,12.1,360,53,3757
102,백령도,2023-02-14 07:00,-1,,11,360,53,3686
102,백령도,2023-02-14 08:00,-1.1,,10.3,340,53,3633
102,백령도,2023-02-14 09:00,-.8,,10.3,360,48,3865
102,백령도,2023-02-14 10:00,-.6,,7.2,340,47,4121
102,백령도,2023-02-14 11:00,-.2,,5.3,360,44,4199
102,백령도,2023-02-14 12:00,-.2,,10.3,340,47,4308
102,백령도,2023-02-14 13:00,.4,,8.6,360,43,4252
102,백령도,2023-02-14 14:00,.7,,8.9,340,50,4083
102,백령도,2023-02-14 15:00,1.4,,9.1,340,45,4556
102,백령도,2023-02-14 16:00,1.2,,9.3,340,38,4819
102,백령도,2023-02-14 17:00,.5,,8.8,360,39,4112
102,백령도,2023-02-14 18:00,-.1,,9.2,360,43,4174
102,백령도,2023-02-14 19:00,.1,,7.7,340,43,3803
102,백령도,2023-02-14 20:00,.8,,8.6,360,44,4165
102,백령도,2023-02-14 21:00,1.1,,8.7,360,42,4065
102,백령도,2023-02-14 22:00,1.2,,8.5,340,53,3560
102,백령도,2023-02-14 23:00,.6,,3.7,20,40,4248
102,백령도,2023-02-15 00:00,-.3,,3.3,50,42,4179
102,백령도,2023-02-15 01:00,-.8,,2,20,46,4000
102,백령도,2023-02-15 02:00,-.9,,3.8,360,45,4298
102,백령도,2023-02-15 03:00,-1.2,,3.4,360,45,4460
102,백령도,2023-02-15 04:00,-1.4,,3,360,51,4245
102,백령도,2023-02-15 05:00,-1.3,,3.3,20,55,4081
102,백령도,2023-02-15 06:00,-1.5,,2,50,57,4003
102,백령도,2023-02-15 07:00,-1.6,,2.7,50,47,4297
102,백령도,2023-02-15 08:00,-1.6,,1.8,50,50,4030
102,백령도,2023-02-15 09:00,.1,,2,70,45,3862
102,백령도,2023-02-15 10:00,1.1,,2.5,70,43,3837
102,백령도,2023-02-15 11:00,1.8,,1.8,70,42,3752
102,백령도,2023-02-15 12:00,2.1,,1.9,70,41,3902
102,백령도,2023-02-15 13:00,3.4,,2.5,90,35,4155
102,백령도,2023-02-15 14:00,3.2,,2,340,35,4317
102,백령도,2023-02-15 15:00,3.3,,3,290,42,3886
102,백령도,2023-02-15 16:00,2.6,,3.9,320,49,3985
102,백령도,2023-02-15 17:00,2.1,,4.4,320,51,3972
102,백령도,2023-02-15 18:00,1.2,,4.2,320,58,3558
102,백령도,2023-02-15 19:00,.6,,3.6,340,61,3779
102,백령도,2023-02-15 20:00,.4,,2.9,340,67,3321
102,백령도,2023-02-15 21:00,.3,,3,340,70,3132
102,백령도,2023-02-15 22:00,.2,,3.1,320,71,2874
102,백령도,2023-02-15 23:00,.2,,3.7,340,79,2719
102,백령도,2023-02-16 00:00,.3,,3.9,340,77,2865
102,백령도,2023-02-16 01:00,.2,,3.2,340,74,3518
102,백령도,2023-02-16 02:00,.1,,3.6,320,75,3589
102,백령도,2023-02-16 03:00,-.6,,2.3,290,80,3403
102,백령도,2023-02-16 04:00,-.9,,2.4,250,80,3262
102,백령도,2023-02-16 05:00,-.7,,1.8,270,78,3308
102,백령도,2023-02-16 06:00,-.4,,1.6,250,76,3029
102,백령도,2023-02-16 07:00,-.8,,1.9,250,72,3469
102,백령도,2023-02-16 08:00,-1,,1.7,250,73,3566
102,백령도,2023-02-16 09:00,.5,,1.9,250,64,3364
102,백령도,2023-02-16 10:00,1.5,,3.6,230,57,2460
102,백령도,2023-02-16 11:00,2,,3.8,250,53,2542
102,백령도,2023-02-16 12:00,2.9,,4,250,51,3216
102,백령도,2023-02-16 13:00,4,,3.9,250,50,3849
102,백령도,2023-02-16 14:00,3.8,,4.3,290,51,4063
102,백령도,2023-02-16 15:00,3.6,,4.2,320,48,3628
102,백령도,2023-02-16 16:00,3.3,,3.8,320,52,3329
102,백령도,2023-02-16 17:00,3,,2.5,290,51,2591
102,백령도,2023-02-16 18:00,2.3,,2,270,56,2408
102,백령도,2023-02-16 19:00,1.1,,0,0,62,1969
102,백령도,2023-02-16 20:00,.9,,1.6,200,65,2179
102,백령도,2023-02-16 21:00,1,,2.2,180,67,1867
102,백령도,2023-02-16 22:00,.7,,1.7,160,74,2185
102,백령도,2023-02-16 23:00,.2,,1.9,180,76,2261
102,백령도,2023-02-17 00:00,1.1,,2.6,180,77,2411
102,백령도,2023-02-17 01:00,1.2,,2.3,160,75,2780
102,백령도,2023-02-17 02:00,1.3,,2,160,78,2370
102,백령도,2023-02-17 03:00,2.6,,1.6,180,78,2085
102,백령도,2023-02-17 04:00,2.2,,1.3,160,77,2861
102,백령도,2023-02-17 05:00,1.9,,2.3,140,87,2918
102,백령도,2023-02-17 06:00,1.8,,2.8,140,92,2594
102,백령도,2023-02-17 07:00,2,,3.8,140,94,2093
102,백령도,2023-02-17 08:00,2.3,,3.8,140,94,2299
102,백령도,2023-02-17 09:00,2.6,,4.2,140,93,2526
102,백령도,2023-02-17 10:00,3.6,,3.8,140,87,2506
102,백령도,2023-02-17 11:00,3.5,,4.2,140,87,2011
102,백령도,2023-02-17 12:00,5.7,,3.8,140,78,2412
102,백령도,2023-02-17 13:00,6.3,,4.5,140,77,2375
102,백령도,2023-02-17 14:00,6.2,,3,160,73,2425
102,백령도,2023-02-17 15:00,5.8,,3.9,140,81,2266
102,백령도,2023-02-17 16:00,4.6,,4.3,140,89,1956
102,백령도,2023-02-17 17:00,4.5,,4.9,140,89,2170
102,백령도,2023-02-17 18:00,4.3,,3.8,140,89,2166
102,백령도,2023-02-17 19:00,3.9,,4.1,140,94,1476
102,백령도,2023-02-17 20:00,3.7,,3.9,140,96,1204
102,백령도,2023-02-17 21:00,3.5,,3.5,140,97,946
102,백령도,2023-02-17 22:00,3.2,,1,110,98,725
102,백령도,2023-02-17 23:00,3.3,,1.6,140,98,741
102,백령도,2023-02-18 00:00,2.9,,2.2,90,99,523
102,백령도,2023-02-18 01:00,2.4,,2,70,98,575
102,백령도,2023-02-18 02:00,2.3,,2.7,90,97,721
102,백령도,2023-02-18 03:00,2.7,,2.3,110,96,855
102,백령도,2023-02-18 04:00,2.7,,1.6,90,96,627
102,백령도,2023-02-18 05:00,2.8,,1,110,94,918
102,백령도,2023-02-18 06:00,2.7,,1.2,140,93,953
102,백령도,2023-02-18 07:00,2.8,,.7,140,93,1104
102,백령도,2023-02-18 08:00,3,,1.2,70,92,1058
102,백령도,2023-02-18 09:00,3.6,,1.1,70,89,1110
102,백령도,2023-02-18 10:00,3.9,,1,50,89,1190
102,백령도,2023-02-18 11:00,5,,1.4,90,65,1978
102,백령도,2023-02-18 12:00,5.9,,1.8,140,60,2355
102,백령도,2023-02-18 13:00,6.1,,.8,110,50,2459
102,백령도,2023-02-18 14:00,5,,1.4,290,69,2060
102,백령도,2023-02-18 15:00,4.6,,2,340,72,1994
102,백령도,2023-02-18 16:00,4.6,,1.3,290,77,1816
102,백령도,2023-02-18 17:00,4.4,,1.7,320,71,1932
102,백령도,2023-02-18 18:00,4.2,,2.3,320,79,1844
102,백령도,2023-02-18 19:00,3.9,,1.4,290,85,1570
102,백령도,2023-02-18 20:00,3.9,,1.8,320,89,1361
102,백령도,2023-02-18 21:00,4.1,,2.2,290,90,1298
102,백령도,2023-02-18 22:00,4,,2.2,290,91,1219
102,백령도,2023-02-18 23:00,3.9,,1.6,270,91,1195
102,백령도,2023-02-19 00:00,4.1,,2,290,90,1251
102,백령도,2023-02-19 01:00,4.3,,1.6,270,87,1517
102,백령도,2023-02-19 02:00,4.6,,2.3,250,89,1391
102,백령도,2023-02-19 03:00,4.6,.2,3.5,250,91,1377
102,백령도,2023-02-19 04:00,4.1,,9.3,320,93,1742
102,백령도,2023-02-19 05:00,3.1,,10.7,320,91,771
102,백령도,2023-02-19 06:00,1.1,0,8.5,320,80,1499
102,백령도,2023-02-19 07:00,.9,,7.5,320,74,3213
102,백령도,2023-02-19 08:00,.7,,10.5,320,60,3683
102,백령도,2023-02-19 09:00,1,,9.2,340,49,3809
102,백령도,2023-02-19 10:00,1.2,,11.5,340,41,4122
102,백령도,2023-02-19 11:00,1.8,,9.2,320,51,3521
102,백령도,2023-02-19 12:00,1.8,,10,340,47,3979
102,백령도,2023-02-19 13:00,2.7,,8.8,340,47,3995
102,백령도,2023-02-19 14:00,3.3,,8.7,320,43,3818
102,백령도,2023-02-19 15:00,3.6,,8,320,44,3687
102,백령도,2023-02-19 16:00,3.4,,7.6,320,47,3433
102,백령도,2023-02-19 17:00,3.5,,7,320,46,3640
102,백령도,2023-02-19 18:00,3,,6.1,320,52,3675
102,백령도,2023-02-19 19:00,2.8,,5.2,320,51,4017
102,백령도,2023-02-19 20:00,2.8,,3.7,290,51,3893
102,백령도,2023-02-19 21:00,3.4,,5.1,320,45,3692
102,백령도,2023-02-19 22:00,3.5,,5.2,290,47,3660
102,백령도,2023-02-19 23:00,3.4,,5.7,320,52,3599
102,백령도,2023-02-20 00:00,3.4,,5.9,320,54,3488
102,백령도,2023-02-20 01:00,2.9,,6.2,340,53,4114
102,백령도,2023-02-20 02:00,2.1,,5.9,360,51,3913
102,백령도,2023-02-20 03:00,1.6,,7.5,340,47,4292
102,백령도,2023-02-20 04:00,1.3,,8.2,340,43,3899
102,백령도,2023-02-20 05:00,.8,,7.5,340,43,3411
102,백령도,2023-02-20 06:00,.3,,9.7,340,31,3236
102,백령도,2023-02-20 07:00,0,,10,340,35,3608
102,백령도,2023-02-20 08:00,-.4,,10.2,340,37,4240
102,백령도,2023-02-20 09:00,-.3,,9.1,340,38,4477
102,백령도,2023-02-20 10:00,-.5,,11.2,340,38,4515
102,백령도,2023-02-20 11:00,-1.1,,12.2,340,40,4410
102,백령도,2023-02-20 12:00,-.9,,10.6,340,42,4259
102,백령도,2023-02-20 13:00,-.6,,10.3,340,39,4451
102,백령도,2023-02-20 14:00,-1,,11.4,340,43,4099
102,백령도,2023-02-20 15:00,-1.1,,11.7,340,46,3954
102,백령도,2023-02-20 16:00,-1,,11.2,340,42,4503
102,백령도,2023-02-20 17:00,-1,,10.1,340,40,4528
102,백령도,2023-02-20 18:00,-1.4,,11,340,46,4525
102,백령도,2023-02-20 19:00,-1.3,,10.1,340,46,4180
102,백령도,2023-02-20 20:00,-1.2,,10.2,340,43,4511
102,백령도,2023-02-20 21:00,-1.1,,11.1,340,44,4258
102,백령도,2023-02-20 22:00,-.9,,9.7,340,44,4260
102,백령도,2023-02-20 23:00,-1.2,,10,340,48,4020
102,백령도,2023-02-21 00:00,-1.6,,9.7,340,48,3829
102,백령도,2023-02-21 01:00,-1.9,,7.8,340,48,3434
102,백령도,2023-02-21 02:00,-2.3,,7.9,360,43,3683
102,백령도,2023-02-21 03:00,-2.4,,8,360,46,3853
102,백령도,2023-02-21 04:00,-2.7,,6.3,360,43,4035
102,백령도,2023-02-21 05:00,-2.9,,6.6,360,44,4205
102,백령도,2023-02-21 06:00,-3.1,,6.6,360,45,4043
102,백령도,2023-02-21 07:00,-3.2,,5.9,360,47,4209
102,백령도,2023-02-21 08:00,-2.9,,5.9,360,48,4185
102,백령도,2023-02-21 09:00,-2.5,,7.5,360,41,4367
102,백령도,2023-02-21 10:00,-1.9,,7.3,340,39,4601
102,백령도,2023-02-21 11:00,-1.2,,6.4,340,40,4496
102,백령도,2023-02-21 12:00,-.7,,7.2,360,43,4152
102,백령도,2023-02-21 13:00,-.6,,7,360,40,4149
102,백령도,2023-02-21 14:00,-.6,,6.5,340,40,4127
102,백령도,2023-02-21 15:00,-.8,,6.6,340,42,4151
102,백령도,2023-02-21 16:00,-.7,,6.1,340,43,4345
102,백령도,2023-02-21 17:00,-1.2,,6.6,360,46,4184
102,백령도,2023-02-21 18:00,-1.9,,5.5,340,48,4216
102,백령도,2023-02-21 19:00,-2.3,,5.3,360,51,4258
102,백령도,2023-02-21 20:00,-2.2,,4.3,360,51,4119
102,백령도,2023-02-21 21:00,-2.3,,3.2,360,53,4350
102,백령도,2023-02-21 22:00,-2.6,,1.4,20,54,4301
102,백령도,2023-02-21 23:00,-2.5,,1.7,20,56,4059
102,백령도,2023-02-22 00:00,-2.5,,1.5,20,57,4110
102,백령도,2023-02-22 01:00,-3,,.8,360,59,3855
102,백령도,2023-02-22 02:00,-3.1,,.3,0,63,3929
102,백령도,2023-02-22 03:00,-3.7,,.6,200,66,3904
102,백령도,2023-02-22 04:00,-3.5,,.4,0,67,3898
102,백령도,2023-02-22 05:00,-3.4,,.6,110,66,3803
102,백령도,2023-02-22 06:00,-2.5,,1.4,110,64,3789
102,백령도,2023-02-22 07:00,-2.6,,1.3,110,68,3787
102,백령도,2023-02-22 08:00,-2.2,,.3,0,66,3368
102,백령도,2023-02-22 09:00,-.2,,1.5,140,65,3393
102,백령도,2023-02-22 10:00,1.3,,2.7,140,59,3658
102,백령도,2023-02-22 11:00,1.9,,3.5,110,56,4137
102,백령도,2023-02-22 12:00,2.1,,2.9,90,56,3956
102,백령도,2023-02-22 13:00,1.8,,4.2,70,61,4313
102,백령도,2023-02-22 14:00,2.7,,3.1,70,59,4339
102,백령도,2023-02-22 15:00,2.6,,3.3,360,57,4066
102,백령도,2023-02-22 16:00,2.6,,1.9,20,55,3884
102,백령도,2023-02-22 17:00,2.3,,2.6,230,56,4248
102,백령도,2023-02-22 18:00,1.8,,1,200,61,4301
102,백령도,2023-02-22 19:00,1,,1.2,230,59,4583
102,백령도,2023-02-22 20:00,.6,,1.1,230,63,4365
102,백령도,2023-02-22 21:00,1.2,,1,230,65,3946
102,백령도,2023-02-22 22:00,1.2,,1,250,69,3520
102,백령도,2023-02-22 23:00,1.2,,.5,250,73,3243
102,백령도,2023-02-23 00:00,1.5,,.4,0,73,3131
102,백령도,2023-02-23 01:00,1.9,,.9,200,71,2667
102,백령도,2023-02-23 02:00,2,,1.2,230,74,2858
102,백령도,2023-02-23 03:00,2.1,,1.7,270,75,2801
102,백령도,2023-02-23 04:00,2,,1.7,270,81,2644
102,백령도,2023-02-23 05:00,2.3,,1.9,270,82,2654
102,백령도,2023-02-23 06:00,2.6,,1.7,250,81,2414
102,백령도,2023-02-23 07:00,1.9,,.4,0,85,2195
102,백령도,2023-02-23 08:00,1.9,,1.2,110,90,1871
102,백령도,2023-02-23 09:00,3.4,,.9,180,82,2238
102,백령도,2023-02-23 10:00,5.4,,1.1,180,73,2442
102,백령도,2023-02-23 11:00,6.6,,1.3,320,69,2719
102,백령도,2023-02-23 12:00,6.5,,1.8,360,64,2462
102,백령도,2023-02-23 13:00,7.4,,2.3,360,63,2398
102,백령도,2023-02-23 14:00,7.4,,1.9,70,61,2107
102,백령도,2023-02-23 15:00,7,,3.7,250,57,1719
102,백령도,2023-02-23 16:00,6.7,,3.3,290,62,1469
102,백령도,2023-02-23 17:00,6.3,,2.8,270,65,1257
102,백령도,2023-02-23 18:00,4.8,,3.3,270,79,925
102,백령도,2023-02-23 19:00,3.7,,2,270,87,687
102,백령도,2023-02-23 20:00,3.9,,4.1,290,88,511
102,백령도,2023-02-23 21:00,4,,4.7,320,90,447
102,백령도,2023-02-23 22:00,3.5,,4.5,320,91,446
102,백령도,2023-02-23 23:00,3,,4.8,340,91,517
102,백령도,2023-02-24 00:00,2.1,,3,340,94,362
102,백령도,2023-02-24 01:00,2.2,,4.1,340,90,594
102,백령도,2023-02-24 02:00,2.2,,4,340,87,800
102,백령도,2023-02-24 03:00,2.1,,3.5,360,87,777
102,백령도,2023-02-24 04:00,2.1,,4.7,360,84,1021
102,백령도,2023-02-24 05:00,2.3,,6.1,340,87,928
102,백령도,2023-02-24 06:00,2.1,,4.9,340,85,920
102,백령도,2023-02-24 07:00,2.2,,5.7,360,79,1088
102,백령도,2023-02-24 08:00,2.4,,6.6,360,60,2558
102,백령도,2023-02-24 09:00,2.9,,5.1,360,55,3080
102,백령도,2023-02-24 10:00,2.9,,7.9,360,52,3503
102,백령도,2023-02-24 11:00,2.8,,8.9,340,38,4757
102,백령도,2023-02-24 12:00,2.8,,8.6,340,39,4279
102,백령도,2023-02-24 13:00,1.9,,10.4,340,47,4174
102,백령도,2023-02-24 14:00,1.6,,11.2,340,51,4178
102,백령도,2023-02-24 15:00,1.4,,11.2,340,47,4144
102,백령도,2023-02-24 16:00,1.5,,10.9,340,45,4063
102,백령도,2023-02-24 17:00,1.5,,10.6,340,45,3952
102,백령도,2023-02-24 18:00,1.5,,9.9,340,44,3890
102,백령도,2023-02-24 19:00,1.6,,10.2,340,47,3791
102,백령도,2023-02-24 20:00,1.7,,10.3,340,43,3687
102,백령도,2023-02-24 21:00,1.5,,11.9,340,48,3248
102,백령도,2023-02-24 22:00,1.2,,10.4,340,55,2814
102,백령도,2023-02-24 23:00,.7,,9.8,360,53,2906
102,백령도,2023-02-25 00:00,.5,,11.1,340,50,3159
102,백령도,2023-02-25 01:00,.3,,10.5,340,51,3282
102,백령도,2023-02-25 02:00,-.1,,10.4,360,49,3463
102,백령도,2023-02-25 03:00,-.4,,8.9,360,51,3427
102,백령도,2023-02-25 04:00,-.5,,9.4,340,51,3392
102,백령도,2023-02-25 05:00,-.8,,9,360,50,3547
102,백령도,2023-02-25 06:00,-1,,9.8,360,47,3894
102,백령도,2023-02-25 07:00,-1.1,,8.9,360,46,4018
102,백령도,2023-02-25 08:00,-1,,10.7,360,42,4413
102,백령도,2023-02-25 09:00,-.3,,9.4,360,42,4101
102,백령도,2023-02-25 10:00,.5,,10,360,34,4583
102,백령도,2023-02-25 11:00,.9,,9.7,360,36,4154
102,백령도,2023-02-25 12:00,1.1,,9.5,340,33,4558
102,백령도,2023-02-25 13:00,1.3,,10.5,340,33,4369
102,백령도,2023-02-25 14:00,1.4,,10.4,340,37,4397
102,백령도,2023-02-25 15:00,1.5,,10.4,340,37,4242
102,백령도,2023-02-25 16:00,1.5,,9.7,340,42,4555
102,백령도,2023-02-25 17:00,1.4,,8.1,340,42,4174
102,백령도,2023-02-25 18:00,1.2,,7,340,48,4122
102,백령도,2023-02-25 19:00,1.3,,6.7,340,41,4259
102,백령도,2023-02-25 20:00,1.8,,5.2,320,46,4264
102,백령도,2023-02-25 21:00,2.3,,5.3,320,48,3944
102,백령도,2023-02-25 22:00,2.7,,5.6,340,49,4464
102,백령도,2023-02-25 23:00,2.7,,3.2,320,53,4128
102,백령도,2023-02-26 00:00,3,,4.7,340,55,3942
102,백령도,2023-02-26 01:00,3.3,,7.5,340,49,3556
102,백령도,2023-02-26 02:00,3,,5.7,340,48,3541
102,백령도,2023-02-26 03:00,2.6,,4.3,340,48,3434
102,백령도,2023-02-26 04:00,2.6,,6,340,48,3417
102,백령도,2023-02-26 05:00,2.5,,5,340,41,3536
102,백령도,2023-02-26 06:00,2.2,,4.6,340,54,3231
102,백령도,2023-02-26 07:00,1.9,,3.8,360,56,3072
102,백령도,2023-02-26 08:00,2.2,,2.9,360,56,2848
102,백령도,2023-02-26 09:00,3.5,,3.9,360,51,3096
102,백령도,2023-02-26 10:00,4.6,,2,360,48,3016
102,백령도,2023-02-26 11:00,5.3,,3.8,360,44,3194
102,백령도,2023-02-26 12:00,5.3,,4.1,360,50,3131
102,백령도,2023-02-26 13:00,5.4,,4.5,290,56,3068
102,백령도,2023-02-26 14:00,5.5,,4.7,320,56,3221
102,백령도,2023-02-26 15:00,5.7,,5.1,320,60,2978
102,백령도,2023-02-26 16:00,5.4,,4.7,320,67,2296
102,백령도,2023-02-26 17:00,5.1,,4.2,320,69,2313
102,백령도,2023-02-26 18:00,4.2,,3.6,320,73,2337
102,백령도,2023-02-26 19:00,2.8,,2,290,84,2024
102,백령도,2023-02-26 20:00,2.1,,1.6,290,89,1550
102,백령도,2023-02-26 21:00,1.8,,2.1,290,93,1077
102,백령도,2023-02-26 22:00,1.9,,2.4,290,95,849
102,백령도,2023-02-26 23:00,1.5,,1.8,270,93,767
102,백령도,2023-02-27 00:00,2,,1.6,270,95,788
102,백령도,2023-02-27 01:00,1.8,,.3,0,95,820
102,백령도,2023-02-27 02:00,1.8,,.8,320,94,951
102,백령도,2023-02-27 03:00,1.7,,.8,270,95,990
102,백령도,2023-02-27 04:00,2.1,,.3,0,95,969
102,백령도,2023-02-27 05:00,1.9,,1.6,90,98,311
102,백령도,2023-02-27 06:00,1.4,,1,110,99,210
102,백령도,2023-02-27 07:00,1.6,,.8,110,100,56
102,백령도,2023-02-27 08:00,1.8,,1.1,110,100,170
102,백령도,2023-02-27 09:00,3.1,,1.7,90,100,615
102,백령도,2023-02-27 10:00,5,,1.7,110,89,1203
102,백령도,2023-02-27 11:00,5.8,,2.9,160,74,1909
102,백령도,2023-02-27 12:00,6.9,,3.1,160,68,2360
102,백령도,2023-02-27 13:00,7.4,,3.3,180,59,2660
102,백령도,2023-02-27 14:00,7.5,,3.7,160,61,2639
102,백령도,2023-02-27 15:00,7.3,,5,180,57,3051
102,백령도,2023-02-27 16:00,6.9,,4.8,160,65,2910
102,백령도,2023-02-27 17:00,6.1,,3.7,160,73,2429
102,백령도,2023-02-27 18:00,4.9,,3.9,160,81,2317
102,백령도,2023-02-27 19:00,3,,3.7,160,97,182
102,백령도,2023-02-27 20:00,2.7,,2.2,160,99,69
102,백령도,2023-02-27 21:00,3.3,,1.7,180,100,1127
102,백령도,2023-02-27 22:00,4.8,,3.9,200,83,3989
102,백령도,2023-02-27 23:00,5,,3.8,200,83,3822
102,백령도,2023-02-28 00:00,4.7,,3.2,200,85,3711
102,백령도,2023-02-28 01:00,4.9,,3.1,200,85,3798
102,백령도,2023-02-28 02:00,4.9,,3.1,200,87,3864
102,백령도,2023-02-28 03:00,5.1,,3.6,200,86,4196
102,백령도,2023-02-28 04:00,4.9,,3.3,200,88,4395
102,백령도,2023-02-28 05:00,5.3,,3.3,200,86,4514
102,백령도,2023-02-28 06:00,5.5,,3.6,200,84,4754
102,백령도,2023-02-28 07:00,5.4,,3.5,200,86,4431
102,백령도,2023-02-28 08:00,5.8,,3.6,200,86,4151
102,백령도,2023-02-28 09:00,6.8,,4.1,200,83,3900
102,백령도,2023-02-28 10:00,7.2,,4.6,200,78,3847
102,백령도,2023-02-28 11:00,8,,4.7,200,74,3618
102,백령도,2023-02-28 12:00,7.7,,4.5,230,73,3771
102,백령도,2023-02-28 13:00,8.7,,4.6,200,65,3969
102,백령도,2023-02-28 14:00,8.1,,4.6,230,67,2802
102,백령도,2023-02-28 15:00,7.5,,4.9,230,69,2542
102,백령도,2023-02-28 16:00,7.2,,4.1,230,74,2392
102,백령도,2023-02-28 17:00,6.8,,3.6,230,76,2025
102,백령도,2023-02-28 18:00,5.9,,2.3,200,81,1669
102,백령도,2023-02-28 19:00,5.9,,1.7,250,80,1887
102,백령도,2023-02-28 20:00,5.4,,1.4,250,81,1771
102,백령도,2023-02-28 21:00,5,,1.2,200,85,1456
102,백령도,2023-02-28 22:00,5,,1.3,200,87,1299
102,백령도,2023-02-28 23:00,4.9,,.8,200,90,1068
102,백령도,2023-03-01 00:00,4.5,,.3,0,94,868
102,백령도,2023-03-01 01:00,4.6,,.6,290,92,1001
102,백령도,2023-03-01 02:00,4.9,,.5,270,92,1248
102,백령도,2023-03-01 03:00,4.3,,1.6,320,95,897
102,백령도,2023-03-01 04:00,3.8,,.9,110,99,412
102,백령도,2023-03-01 05:00,2.9,,1.2,50,100,265
102,백령도,2023-03-01 06:00,3.5,,.8,320,100,409
102,백령도,2023-03-01 07:00,3.4,,4,340,99,360
102,백령도,2023-03-01 08:00,2.2,,4.4,340,100,34
102,백령도,2023-03-01 09:00,1.8,,5.9,340,100,90
102,백령도,2023-03-01 10:00,2.2,,5.6,340,100,511
102,백령도,2023-03-01 11:00,4.1,,6,340,83,1709
102,백령도,2023-03-01 12:00,5,,7.2,340,63,2073
102,백령도,2023-03-01 13:00,5.9,,6.8,340,49,3939
102,백령도,2023-03-01 14:00,6.8,,5.2,340,44,4579
102,백령도,2023-03-01 15:00,6.4,,4,340,42,4712
102,백령도,2023-03-01 16:00,5.7,,3.7,340,41,4538
102,백령도,2023-03-01 17:00,5.1,,4.5,320,55,4291
102,백령도,2023-03-01 18:00,4.2,,2.9,340,59,4443
102,백령도,2023-03-01 19:00,3.3,,3.8,340,61,4581
102,백령도,2023-03-01 20:00,3.3,,4.1,320,59,4780
102,백령도,2023-03-01 21:00,4.3,,9.5,340,51,4061
102,백령도,2023-03-01 22:00,4,,11.5,340,47,3774
102,백령도,2023-03-01 23:00,3.4,,10.5,340,39,3934
102,백령도,2023-03-02 00:00,3.1,,10.8,340,38,4013
102,백령도,2023-03-02 01:00,3,,10.3,340,37,3905
102,백령도,2023-03-02 02:00,2.7,,10.7,340,33,3932
102,백령도,2023-03-02 03:00,2.5,,11.6,340,32,3831
102,백령도,2023-03-02 04:00,2.2,,11.3,340,28,3740
102,백령도,2023-03-02 05:00,2,,11.9,340,34,3823
102,백령도,2023-03-02 06:00,1.7,,11.3,340,32,4123
102,백령도,2023-03-02 07:00,1.3,,8.6,340,32,4130
102,백령도,2023-03-02 08:00,1.3,,8.7,340,40,4047
102,백령도,2023-03-02 09:00,1.7,,7.5,340,32,3913
102,백령도,2023-03-02 10:00,2.2,,7.4,340,32,3712
102,백령도,2023-03-02 11:00,2.7,,7.2,340,31,4183
102,백령도,2023-03-02 12:00,3.3,,5.8,340,30,4001
102,백령도,2023-03-02 13:00,3.1,,5.8,340,31,3869
102,백령도,2023-03-02 14:00,3.3,,5.7,320,33,4363
102,백령도,2023-03-02 15:00,3.2,,5.8,320,39,4377
102,백령도,2023-03-02 16:00,3.5,,4.4,290,39,4440
102,백령도,2023-03-02 17:00,3.4,,3.9,290,39,4487
102,백령도,2023-03-02 18:00,2.6,,3.6,290,43,4398
102,백령도,2023-03-02 19:00,1.5,,2.2,250,50,4407
102,백령도,2023-03-02 20:00,1.3,,2,250,57,4306
102,백령도,2023-03-02 21:00,2.1,,2.5,200,62,4143
102,백령도,2023-03-02 22:00,3,,2.8,230,62,3969
102,백령도,2023-03-02 23:00,3.6,,2.8,230,69,3477
102,백령도,2023-03-03 00:00,4.3,,4.5,230,66,3832
102,백령도,2023-03-03 01:00,4.5,,4.9,200,65,3569
102,백령도,2023-03-03 02:00,4.7,,5,230,71,3509
102,백령도,2023-03-03 03:00,4.7,,4.5,230,74,3078
102,백령도,2023-03-03 04:00,5.1,,5.3,230,72,3033
102,백령도,2023-03-03 05:00,5,,4.9,200,73,3100
102,백령도,2023-03-03 06:00,5.2,,3.4,200,68,3214
102,백령도,2023-03-03 07:00,5.3,,2.2,200,67,3211
102,백령도,2023-03-03 08:00,5.5,,1.5,200,72,3104
102,백령도,2023-03-03 09:00,6.6,,2.2,200,75,2690
102,백령도,2023-03-03 10:00,7.7,,3.1,230,71,2623
102,백령도,2023-03-03 11:00,8.7,,3.9,250,69,2554
102,백령도,2023-03-03 12:00,8.8,,3.9,250,68,2307
102,백령도,2023-03-03 13:00,9.9,,3,270,60,2270
102,백령도,2023-03-03 14:00,9.4,,2.4,70,67,2461
102,백령도,2023-03-03 15:00,9.1,,1.6,70,68,2589
102,백령도,2023-03-03 16:00,8.6,,2.1,70,70,2312
102,백령도,2023-03-03 17:00,8.3,,1.5,90,72,2128
102,백령도,2023-03-03 18:00,7,,3,200,83,1839
102,백령도,2023-03-03 19:00,5.8,,1.1,160,92,1269
102,백령도,2023-03-03 20:00,5.3,,1.2,110,95,1060
102,백령도,2023-03-03 21:00,4.5,,.7,160,98,735
102,백령도,2023-03-03 22:00,4.9,,3,160,98,693
102,백령도,2023-03-03 23:00,4.7,,2.8,140,97,657
102,백령도,2023-03-04 00:00,4.7,,3,140,99,548
102,백령도,2023-03-04 01:00,4.6,,3.8,140,99,533
102,백령도,2023-03-04 02:00,4.8,,4.3,140,99,693
102,백령도,2023-03-04 03:00,3.8,,3.6,110,100,65
102,백령도,2023-03-04 04:00,3.8,,3.3,110,100,40
102,백령도,2023-03-04 05:00,4.1,,3.5,140,100,41
102,백령도,2023-03-04 06:00,4.3,,4.5,140,100,42
102,백령도,2023-03-04 07:00,4.5,,4.4,140,100,42
102,백령도,2023-03-04 08:00,4.5,,4.1,140,100,47
102,백령도,2023-03-04 09:00,4.6,,4.8,140,100,62
102,백령도,2023-03-04 10:00,4.6,,4.5,140,100,440
102,백령도,2023-03-04 11:00,4.9,,5.4,140,100,287
102,백령도,2023-03-04 12:00,5.1,,5.2,140,100,809
102,백령도,2023-03-04 13:00,5.1,,6,140,97,1360
102,백령도,2023-03-04 14:00,5.1,,6.6,160,96,1237
102,백령도,2023-03-04 15:00,5.9,,4.3,160,94,2124
102,백령도,2023-03-04 16:00,5.5,,4,140,93,2228
102,백령도,2023-03-04 17:00,4.7,,3.5,160,97,815
102,백령도,2023-03-04 18:00,4.4,,4.7,180,100,98
102,백령도,2023-03-04 19:00,4.9,,2.8,180,100,33
102,백령도,2023-03-04 20:00,4.8,,3.3,180,100,78
102,백령도,2023-03-04 21:00,4.5,,2.5,140,100,62
102,백령도,2023-03-04 22:00,4,,1.6,140,100,45
102,백령도,2023-03-04 23:00,3.5,,2.4,140,100,32
102,백령도,2023-03-05 00:00,3.4,,2.1,140,100,43
102,백령도,2023-03-05 01:00,2.8,,2.4,140,100,40
102,백령도,2023-03-05 02:00,2.6,,1.8,140,100,38
102,백령도,2023-03-05 03:00,2.5,,1.8,140,100,37
102,백령도,2023-03-05 04:00,2,,1.8,140,100,44
102,백령도,2023-03-05 05:00,1.7,,2.5,160,100,42
102,백령도,2023-03-05 06:00,1.4,,2.4,160,100,49
102,백령도,2023-03-05 07:00,1.4,,2.6,160,100,49
102,백령도,2023-03-05 08:00,1.4,,2.9,140,100,56
102,백령도,2023-03-05 09:00,1.2,,3.1,140,100,90
102,백령도,2023-03-05 10:00,1.9,,2.9,140,100,212
102,백령도,2023-03-05 11:00,2.5,,4.5,160,100,3478
102,백령도,2023-03-05 12:00,4.8,,3.3,140,93,4972
102,백령도,2023-03-05 13:00,5.8,,3.6,140,82,4881
102,백령도,2023-03-05 14:00,5.2,,4.2,160,81,4776
102,백령도,2023-03-05 15:00,6.6,,3.9,160,75,4678
102,백령도,2023-03-05 16:00,6.3,,3.7,180,73,4245
102,백령도,2023-03-05 17:00,6.8,,3,180,75,3931
102,백령도,2023-03-05 18:00,4.9,,1.6,140,88,3066
102,백령도,2023-03-05 19:00,3.7,,3.2,160,96,1974
102,백령도,2023-03-05 20:00,2.6,,3.3,160,99,148
102,백령도,2023-03-05 21:00,2.3,,2.7,160,100,443
102,백령도,2023-03-05 22:00,2.2,,2,140,100,230
102,백령도,2023-03-05 23:00,3.3,,2.4,140,100,715
102,백령도,2023-03-06 00:00,3.6,,2.7,160,100,880
102,백령도,2023-03-06 01:00,4,,3.4,160,97,1492
102,백령도,2023-03-06 02:00,4.1,,3.5,160,96,1523
102,백령도,2023-03-06 03:00,4.5,,3.7,160,94,1641
102,백령도,2023-03-06 04:00,4.6,,3.8,160,90,2556
102,백령도,2023-03-06 05:00,4.8,,3.8,160,91,2263
102,백령도,2023-03-06 06:00,4.6,,3.7,160,94,1573
102,백령도,2023-03-06 07:00,4.9,,4.7,160,91,1531
102,백령도,2023-03-06 08:00,5.2,,4,140,92,1324
102,백령도,2023-03-06 09:00,6.4,,4.4,140,89,1188
102,백령도,2023-03-06 10:00,7.2,,5.6,160,84,1121
102,백령도,2023-03-06 11:00,8.3,,6.4,160,78,1289
102,백령도,2023-03-06 12:00,8.7,,5.4,160,75,1331
102,백령도,2023-03-06 13:00,9.5,,4.6,160,74,1477
102,백령도,2023-03-06 14:00,8.7,,4.7,140,76,1234
102,백령도,2023-03-06 15:00,9,,5.2,160,77,1348
102,백령도,2023-03-06 16:00,8,,5.2,160,84,1196
102,백령도,2023-03-06 17:00,7.1,,5.3,140,90,939
102,백령도,2023-03-06 18:00,6.3,,4.9,140,93,647
102,백령도,2023-03-06 19:00,5.8,,5.5,140,96,446
102,백령도,2023-03-06 20:00,6.4,,5.7,140,96,586
102,백령도,2023-03-06 21:00,6.7,,4.7,140,95,662
102,백령도,2023-03-06 22:00,6.6,,4.9,140,96,574
102,백령도,2023-03-06 23:00,6.6,,5.9,140,96,601
102,백령도,2023-03-07 00:00,6.9,,5.5,140,95,667
102,백령도,2023-03-07 01:00,6.9,,4.1,140,94,676
102,백령도,2023-03-07 02:00,7.3,,4.4,140,95,716
102,백령도,2023-03-07 03:00,6.8,,3.2,140,96,615
102,백령도,2023-03-07 04:00,6.8,,4.2,140,97,519
102,백령도,2023-03-07 05:00,6.4,,4.3,140,97,429
102,백령도,2023-03-07 06:00,6.5,,3.2,110,98,271
102,백령도,2023-03-07 07:00,6.2,,4.7,110,99,99
102,백령도,2023-03-07 08:00,6,,3.6,110,99,39
102,백령도,2023-03-07 09:00,6.4,0,3.6,110,100,58
102,백령도,2023-03-07 10:00,6.9,,4.2,110,100,168
102,백령도,2023-03-07 11:00,7.9,,4.4,110,99,791
102,백령도,2023-03-07 12:00,8.1,0,4.8,140,94,1229
102,백령도,2023-03-07 13:00,8.1,,5.8,140,93,1424
102,백령도,2023-03-07 14:00,8.4,,5.3,140,91,1392
102,백령도,2023-03-07 15:00,8.4,,5.6,140,91,1474
102,백령도,2023-03-07 16:00,8.1,,5.3,140,92,1276
102,백령도,2023-03-07 17:00,7.8,,5.2,160,93,741
102,백령도,2023-03-07 18:00,6.4,,4.3,160,98,60
102,백령도,2023-03-07 19:00,5.5,,3.6,140,99,31
102,백령도,2023-03-07 20:00,5.2,,4.2,140,100,22
102,백령도,2023-03-07 21:00,4.9,,4.7,140,100,22
102,백령도,2023-03-07 22:00,4.9,,3.4,140,100,23
102,백령도,2023-03-07 23:00,5,,4.4,140,100,20
102,백령도,2023-03-08 00:00,5,,4.9,140,100,17
102,백령도,2023-03-08 01:00,5.4,,5.5,140,100,19
102,백령도,2023-03-08 02:00,5.7,,5.1,140,100,16
102,백령도,2023-03-08 03:00,5.7,,4.4,110,100,16
102,백령도,2023-03-08 04:00,5.5,,3.2,110,100,15
102,백령도,2023-03-08 05:00,5.4,,3.8,140,100,20
102,백령도,2023-03-08 06:00,5.7,.2,3.7,90,100,141
102,백령도,2023-03-08 07:00,6,,5.3,110,100,84
102,백령도,2023-03-08 08:00,6,,5.5,110,100,22
102,백령도,2023-03-08 09:00,6.1,,5.8,110,100,22
102,백령도,2023-03-08 10:00,6.8,,6.2,140,100,161
102,백령도,2023-03-08 11:00,7.7,,6.4,140,100,470
102,백령도,2023-03-08 12:00,8,,4.5,110,97,708
102,백령도,2023-03-08 13:00,8.4,,6,140,87,1095
102,백령도,2023-03-08 14:00,9.2,,5.5,140,84,1158
102,백령도,2023-03-08 15:00,7.8,,6.7,140,88,1038
102,백령도,2023-03-08 16:00,7.8,,5.8,140,89,958
102,백령도,2023-03-08 17:00,7.8,,6.8,140,91,884
102,백령도,2023-03-08 18:00,8.4,,6.4,140,92,886
102,백령도,2023-03-08 19:00,7.7,,6.4,140,91,802
102,백령도,2023-03-08 20:00,7.4,,5.8,140,95,672
102,백령도,2023-03-08 21:00,7.8,,5.8,140,96,519
102,백령도,2023-03-08 22:00,7.1,,5.5,160,99,57
102,백령도,2023-03-08 23:00,7.3,,4.4,160,100,51
102,백령도,2023-03-09 00:00,6.7,0,2.2,180,100,33
102,백령도,2023-03-09 01:00,6.8,,1.1,140,100,44
102,백령도,2023-03-09 02:00,6.7,,.8,160,100,35
102,백령도,2023-03-09 03:00,6.7,.1,.8,200,100,30
102,백령도,2023-03-09 04:00,6.3,,1.2,320,100,21
102,백령도,2023-03-09 05:00,6.1,,1.4,320,100,17
102,백령도,2023-03-09 06:00,6.3,0,1.4,290,100,18
102,백령도,2023-03-09 07:00,6.2,,.9,320,100,17
102,백령도,2023-03-09 08:00,6.2,,2.3,290,100,23
102,백령도,2023-03-09 09:00,6.7,0,2,290,100,142
102,백령도,2023-03-09 10:00,7.1,,3.4,290,100,373
102,백령도,2023-03-09 11:00,8,,2.9,290,95,545
102,백령도,2023-03-09 12:00,8.6,,2.6,320,87,627
102,백령도,2023-03-09 13:00,9.7,,2.7,320,80,786
102,백령도,2023-03-09 14:00,10.6,,2,290,75,861
102,백령도,2023-03-09 15:00,9.4,,2.8,110,77,785
102,백령도,2023-03-09 16:00,8.8,,1.1,70,81,709
102,백령도,2023-03-09 17:00,7.6,,3.2,180,85,604
102,백령도,2023-03-09 18:00,5.7,,2.5,180,96,150
102,백령도,2023-03-09 19:00,5.1,,2.9,180,99,47
102,백령도,2023-03-09 20:00,4.7,,4.6,160,99,27
102,백령도,2023-03-09 21:00,4.6,,3,160,100,21
102,백령도,2023-03-09 22:00,4.5,,4.1,140,100,22
102,백령도,2023-03-09 23:00,4.5,,5.3,140,100,22
102,백령도,2023-03-10 00:00,4.2,,5.2,160,100,57
102,백령도,2023-03-10 01:00,4.1,,5.8,160,100,64
102,백령도,2023-03-10 02:00,4.2,,5.8,140,100,71
102,백령도,2023-03-10 03:00,4.1,,6,140,100,99
102,백령도,2023-03-10 04:00,3.8,,6,140,100,95
102,백령도,2023-03-10 05:00,3.7,,6.8,140,100,237
102,백령도,2023-03-10 06:00,3.6,,6.4,140,100,239
102,백령도,2023-03-10 07:00,3.5,,6,140,100,406
102,백령도,2023-03-10 08:00,3.6,,6.9,140,100,514
102,백령도,2023-03-10 09:00,4.3,,5.1,140,98,700
102,백령도,2023-03-10 10:00,4.8,,6.6,140,94,888
102,백령도,2023-03-10 11:00,5.8,,7,140,90,1199
102,백령도,2023-03-10 12:00,6.8,,8,140,85,1035
102,백령도,2023-03-10 13:00,6.1,,8.9,140,91,633
102,백령도,2023-03-10 14:00,5.7,,8.9,140,95,472
102,백령도,2023-03-10 15:00,5.8,,6.9,140,97,348
102,백령도,2023-03-10 16:00,6,,5.7,140,98,204
102,백령도,2023-03-10 17:00,5.9,,6.7,140,100,68
102,백령도,2023-03-10 18:00,5.9,,7.8,140,100,36
102,백령도,2023-03-10 19:00,5.7,,7.7,140,100,26
102,백령도,2023-03-10 20:00,5.7,,7.9,160,100,27
102,백령도,2023-03-10 21:00,5.6,,8,140,100,26
102,백령도,2023-03-10 22:00,5.6,,7.1,140,100,21
102,백령도,2023-03-10 23:00,5.9,,6.1,140,100,18
102,백령도,2023-03-11 00:00,6.3,,5.3,140,100,17
102,백령도,2023-03-11 01:00,6.9,,5.7,140,100,125
102,백령도,2023-03-11 02:00,6.9,,3.4,140,100,141
102,백령도,2023-03-11 03:00,6.6,,4.3,90,100,131
102,백령도,2023-03-11 04:00,7.3,,6.3,140,100,128
102,백령도,2023-03-11 05:00,7.1,,6.8,140,99,143
102,백령도,2023-03-11 06:00,7.7,,7.9,160,97,185
102,백령도,2023-03-11 07:00,7.7,,7.2,160,95,243
102,백령도,2023-03-11 08:00,7.8,,6.8,140,93,277
102,백령도,2023-03-11 09:00,7.9,,4.4,140,94,276
102,백령도,2023-03-11 10:00,8.4,,3.1,110,90,385
102,백령도,2023-03-11 11:00,9.7,,4.1,140,81,551
102,백령도,2023-03-11 12:00,10.8,,3.2,160,78,691
102,백령도,2023-03-11 13:00,11,,2.7,110,77,767
102,백령도,2023-03-11 14:00,10.4,,2.8,110,78,715
102,백령도,2023-03-11 15:00,10.2,,2.9,160,80,634
102,백령도,2023-03-11 16:00,8.3,,3.9,140,86,565
102,백령도,2023-03-11 17:00,6.9,,4.7,290,93,387
102,백령도,2023-03-11 18:00,6.7,,2.7,70,96,255
102,백령도,2023-03-11 19:00,6.3,,3.9,110,97,184
102,백령도,2023-03-11 20:00,6.1,,1.4,270,99,44
102,백령도,2023-03-11 21:00,5.9,,1.3,90,100,12
102,백령도,2023-03-11 22:00,6,,1.1,320,100,90
102,백령도,2023-03-11 23:00,5,,1.3,270,98,306
102,백령도,2023-03-12 00:00,5.2,,3.9,320,95,933
102,백령도,2023-03-12 01:00,5.6,,4.3,340,90,1172
102,백령도,2023-03-12 02:00,5.5,,4.4,340,92,1075
102,백령도,2023-03-12 03:00,5.2,,6.6,340,93,984
102,백령도,2023-03-12 04:00,5.5,,7.9,340,73,2375
102,백령도,2023-03-12 05:00,5.1,,4.9,340,84,1526
102,백령도,2023-03-12 06:00,4.6,.2,5.8,320,98,755
102,백령도,2023-03-12 07:00,4.4,,7,340,93,1822
102,백령도,2023-03-12 08:00,4.7,,5.6,340,91,1843
102,백령도,2023-03-12 09:00,4.6,0,4.6,320,85,2563
102,백령도,2023-03-12 10:00,5.1,,6.5,320,74,2421
102,백령도,2023-03-12 11:00,4.9,,5.9,320,58,2268
102,백령도,2023-03-12 12:00,5,,9.7,340,47,2486
102,백령도,2023-03-12 13:00,4.7,,10.4,340,44,2477
102,백령도,2023-03-12 14:00,3.9,,14.7,340,42,2254
102,백령도,2023-03-12 15:00,4.1,,10.9,340,39,3378
102,백령도,2023-03-12 16:00,4.1,,9.1,320,35,3819
102,백령도,2023-03-12 17:00,3.1,,12.1,320,30,4121
102,백령도,2023-03-12 18:00,2.7,,12,320,32,4057
102,백령도,2023-03-12 19:00,2.5,,11.5,320,31,3805
102,백령도,2023-03-12 20:00,2.3,,9.8,340,29,3934
102,백령도,2023-03-12 21:00,2.1,,10.5,340,28,3854
102,백령도,2023-03-12 22:00,2.1,,12.4,340,33,4088
102,백령도,2023-03-12 23:00,1.9,,9.2,340,33,4211
102,백령도,2023-03-13 00:00,1.8,,10.6,340,34,4027
102,백령도,2023-03-13 01:00,1.6,,9.5,340,35,4237
102,백령도,2023-03-13 02:00,1.5,,6.8,340,34,4417
102,백령도,2023-03-13 03:00,1.4,,6.3,320,34,4399
102,백령도,2023-03-13 04:00,1.5,,6.1,320,40,4375
102,백령도,2023-03-13 05:00,1.6,,5.8,320,43,4503
102,백령도,2023-03-13 06:00,1.5,,3,320,38,4506
102,백령도,2023-03-13 07:00,.7,,2.2,270,40,4682
102,백령도,2023-03-13 08:00,1.7,,.8,270,40,4491
102,백령도,2023-03-13 09:00,3.3,,1.7,270,33,4705
102,백령도,2023-03-13 10:00,4.3,,3.9,200,30,4709
102,백령도,2023-03-13 11:00,5.1,,4.3,180,33,4720
102,백령도,2023-03-13 12:00,5.7,,6.1,180,44,3350
102,백령도,2023-03-13 13:00,6.5,,7,180,40,4641
102,백령도,2023-03-13 14:00,7,,7.3,180,44,4392
102,백령도,2023-03-13 15:00,7.3,,6.8,180,47,3872
102,백령도,2023-03-13 16:00,7.6,,6.4,180,52,3274
102,백령도,2023-03-13 17:00,6.8,,6.1,180,59,2789
102,백령도,2023-03-13 18:00,6.4,,5.6,180,66,2819
102,백령도,2023-03-13 19:00,6.3,,5.6,180,68,2470
102,백령도,2023-03-13 20:00,6.6,,5.7,180,72,2373
102,백령도,2023-03-13 21:00,6.8,,6.9,180,74,2384
102,백령도,2023-03-13 22:00,6.7,,6.6,180,78,2134
102,백령도,2023-03-13 23:00,6.6,,5.5,180,82,1844
102,백령도,2023-03-14 00:00,6.7,,7,160,82,1985
102,백령도,2023-03-14 01:00,6.3,,5.3,160,86,1826
102,백령도,2023-03-14 02:00,5.9,,5.7,140,90,1631
102,백령도,2023-03-14 03:00,6.1,,5.1,140,91,1506
102,백령도,2023-03-14 04:00,6.7,,7.5,160,87,1697
102,백령도,2023-03-14 05:00,6.9,,5.8,160,88,1548
102,백령도,2023-03-14 06:00,6.7,,5.8,160,90,1440
102,백령도,2023-03-14 07:00,7,,6.4,160,88,1462
102,백령도,2023-03-14 08:00,7.4,,7.3,160,85,1677
102,백령도,2023-03-14 09:00,8.3,,7.3,160,78,1835
102,백령도,2023-03-14 10:00,9.1,,7.4,180,74,1938
102,백령도,2023-03-14 11:00,9.4,,8.3,180,71,2024
102,백령도,2023-03-14 12:00,10.2,,8.4,180,69,2083
102,백령도,2023-03-14 13:00,10.5,,8.6,180,64,2178
102,백령도,2023-03-14 14:00,10.2,,9.3,160,67,2165
102,백령도,2023-03-14 15:00,9.5,,10,160,74,2007
102,백령도,2023-03-14 16:00,9,,9,160,80,1862
102,백령도,2023-03-14 17:00,9,,8.1,160,80,1798
102,백령도,2023-03-14 18:00,8.4,,9.2,160,84,1687
102,백령도,2023-03-14 19:00,8.1,,9.9,160,85,1700
102,백령도,2023-03-14 20:00,7.9,,9.8,160,88,1630
102,백령도,2023-03-14 21:00,7.9,,9,160,88,1643
102,백령도,2023-03-14 22:00,7.7,,6.3,180,90,1604
102,백령도,2023-03-14 23:00,7.9,,7,160,90,1583
102,백령도,2023-03-15 00:00,7.9,,8.5,160,91,1474
102,백령도,2023-03-15 01:00,7.9,,8.3,160,93,1420
102,백령도,2023-03-15 02:00,7.9,,8.6,180,93,1393
102,백령도,2023-03-15 03:00,8.2,,7,160,92,1493
102,백령도,2023-03-15 04:00,8,,3.8,180,93,1188
102,백령도,2023-03-15 05:00,7.8,,2.7,180,95,935
102,백령도,2023-03-15 06:00,8.4,,3.9,200,94,1008
102,백령도,2023-03-15 07:00,8.2,,4.2,230,93,1081
102,백령도,2023-03-15 08:00,7.7,,4.8,270,90,1157
102,백령도,2023-03-15 09:00,5.6,,6.8,340,96,339
102,백령도,2023-03-15 10:00,6.1,,8.2,340,64,1774
102,백령도,2023-03-15 11:00,6.5,,9,340,49,2039
102,백령도,2023-03-15 12:00,6.6,,8.8,340,48,2056
102,백령도,2023-03-15 13:00,6.2,,9.2,340,45,2372
102,백령도,2023-03-15 14:00,5.6,,9.4,340,40,2320
102,백령도,2023-03-15 15:00,5.6,,9.1,340,39,2310
102,백령도,2023-03-15 16:00,5.3,,6.6,340,49,2172
102,백령도,2023-03-15 17:00,5.3,,4.1,340,34,2021
102,백령도,2023-03-15 18:00,4.9,,6,320,31,3030
102,백령도,2023-03-15 19:00,4.4,,7.1,320,36,3055
102,백령도,2023-03-15 20:00,4.8,,7.8,320,35,3869
102,백령도,2023-03-15 21:00,4.8,,8.6,320,37,3695
102,백령도,2023-03-15 22:00,4.6,,5.7,320,41,4100
102,백령도,2023-03-15 23:00,4.8,,9,340,41,4277
102,백령도,2023-03-16 00:00,4.6,,8.8,340,42,3718
102,백령도,2023-03-16 01:00,4.5,,7.9,340,45,3560
102,백령도,2023-03-16 02:00,4.4,,6.1,340,38,3952
102,백령도,2023-03-16 03:00,4.2,,6.4,340,38,3952
102,백령도,2023-03-16 04:00,4,,4.9,340,44,4083
102,백령도,2023-03-16 05:00,3.9,,5.2,340,46,3851
102,백령도,2023-03-16 06:00,3.6,,3.2,360,49,3965
102,백령도,2023-03-16 07:00,3.4,,3.1,340,49,3754
102,백령도,2023-03-16 08:00,4.4,,3.7,340,46,3914
102,백령도,2023-03-16 09:00,5,,4.6,340,41,3449
102,백령도,2023-03-16 10:00,5.8,,5.2,340,38,3516
102,백령도,2023-03-16 11:00,6.5,,5.1,340,34,3798
102,백령도,2023-03-16 12:00,6.4,,5.5,340,34,3657
102,백령도,2023-03-16 13:00,5.9,,5.9,340,43,3593
102,백령도,2023-03-16 14:00,5.8,,5.8,340,32,3706
102,백령도,2023-03-16 15:00,5.5,,5.6,340,37,4059
102,백령도,2023-03-16 16:00,5.2,,6,340,37,3785
102,백령도,2023-03-16 17:00,4.6,,5.4,340,42,3794
102,백령도,2023-03-16 18:00,4,,4.3,340,39,4076
102,백령도,2023-03-16 19:00,3.2,,3.5,340,41,4333
102,백령도,2023-03-16 20:00,3.3,,3.5,320,40,4254
102,백령도,2023-03-16 21:00,3.6,,4.2,320,41,4199
102,백령도,2023-03-16 22:00,3.6,,4.2,320,46,4451
102,백령도,2023-03-16 23:00,3.9,,3.2,320,44,4153
102,백령도,2023-03-17 00:00,3.9,,3.8,320,48,3849
102,백령도,2023-03-17 01:00,4,,5.1,340,52,3966
102,백령도,2023-03-17 02:00,4.1,,5.5,340,56,3972
102,백령도,2023-03-17 03:00,4.1,,5.9,340,61,4059
102,백령도,2023-03-17 04:00,3.9,,4,360,61,4048
102,백령도,2023-03-17 05:00,3.7,,2.5,20,62,4073
102,백령도,2023-03-17 06:00,3.1,,2,20,57,4043
102,백령도,2023-03-17 07:00,3,,1.9,20,52,4073
102,백령도,2023-03-17 08:00,4,,1.6,20,42,4454
102,백령도,2023-03-17 09:00,5,,2.8,340,38,4581
102,백령도,2023-03-17 10:00,5.6,,3.5,340,45,4270
102,백령도,2023-03-17 11:00,5.8,,3.1,340,45,3741
102,백령도,2023-03-17 12:00,6.8,,3.2,340,43,4028
102,백령도,2023-03-17 13:00,8,,3.7,340,38,4067
102,백령도,2023-03-17 14:00,7.4,,5.4,340,41,4076
102,백령도,2023-03-17 15:00,6.3,,6.2,340,51,3932
102,백령도,2023-03-17 16:00,6.3,,6.5,340,52,3009
102,백령도,2023-03-17 17:00,5.8,,6,340,50,3660
102,백령도,2023-03-17 18:00,5.3,,4.2,340,54,4467
102,백령도,2023-03-17 19:00,4.4,,3.9,320,60,4275
102,백령도,2023-03-17 20:00,4.3,,5,320,63,4612
102,백령도,2023-03-17 21:00,4.4,,4.2,320,67,4332
102,백령도,2023-03-17 22:00,4.3,,4.6,320,69,4503
102,백령도,2023-03-17 23:00,4.4,,4.3,320,71,4960
102,백령도,2023-03-18 00:00,4.3,,4.2,320,75,4944
102,백령도,2023-03-18 01:00,4.3,,4.3,340,76,4536
102,백령도,2023-03-18 02:00,4.5,,6.8,340,70,4745
102,백령도,2023-03-18 03:00,4.3,,4.1,340,72,4158
102,백령도,2023-03-18 04:00,4.4,,3.8,320,74,3723
102,백령도,2023-03-18 05:00,4.4,,3.9,320,71,3533
102,백령도,2023-03-18 06:00,4.7,,3.3,320,71,2911
102,백령도,2023-03-18 07:00,4.7,,2.8,320,73,2524
102,백령도,2023-03-18 08:00,5.2,,2.4,320,70,2349
102,백령도,2023-03-18 09:00,5.4,,2.1,340,64,2462
102,백령도,2023-03-18 10:00,6.4,,4,290,65,2301
102,백령도,2023-03-18 11:00,7.2,,5.5,320,57,3171
102,백령도,2023-03-18 12:00,7.7,,4.6,290,64,2315
102,백령도,2023-03-18 13:00,8.6,,4.9,320,57,3370
102,백령도,2023-03-18 14:00,8.3,,5,320,50,3679
102,백령도,2023-03-18 15:00,7.9,,5.1,290,54,3221
102,백령도,2023-03-18 16:00,7.3,,6,290,61,3421
102,백령도,2023-03-18 17:00,6.7,,5,290,67,3462
102,백령도,2023-03-18 18:00,6.2,,3.5,290,73,2596
102,백령도,2023-03-18 19:00,5.1,,3.3,290,80,1640
102,백령도,2023-03-18 20:00,4.7,,3.4,290,93,464
102,백령도,2023-03-18 21:00,4.6,,3.3,290,95,261
102,백령도,2023-03-18 22:00,4.5,,2.8,290,97,179
102,백령도,2023-03-18 23:00,4.3,,3.3,290,98,139
102,백령도,2023-03-19 00:00,4.3,,2.4,270,95,187
102,백령도,2023-03-19 01:00,3.9,,2.7,270,95,180
102,백령도,2023-03-19 02:00,5,,4.7,290,89,238
102,백령도,2023-03-19 03:00,5.1,,5,290,88,267
102,백령도,2023-03-19 04:00,4.6,,3.6,290,91,240
102,백령도,2023-03-19 05:00,4.1,,3.3,290,94,180
102,백령도,2023-03-19 06:00,3.9,,3.5,290,95,145
102,백령도,2023-03-19 07:00,4,,3.4,290,96,138
102,백령도,2023-03-19 08:00,5.1,,2.1,290,93,186
102,백령도,2023-03-19 09:00,6.6,,2.4,290,83,312
102,백령도,2023-03-19 10:00,8.5,,2.1,290,55,824
102,백령도,2023-03-19 11:00,7.3,,2.7,90,76,448
102,백령도,2023-03-19 12:00,7.7,,2.4,70,81,328
102,백령도,2023-03-19 13:00,8.8,,2.1,160,72,417
102,백령도,2023-03-19 14:00,9.3,,2,90,71,493
102,백령도,2023-03-19 15:00,9.7,,2,340,56,621
102,백령도,2023-03-19 16:00,8.8,,3.1,290,49,873
102,백령도,2023-03-19 17:00,9.1,,3.7,290,39,1391
102,백령도,2023-03-19 18:00,8.1,,2.3,320,34,1631
102,백령도,2023-03-19 19:00,6.3,,1.9,270,39,1656
102,백령도,2023-03-19 20:00,5.6,,1.3,230,50,1220
102,백령도,2023-03-19 21:00,6,,2.1,270,52,1118
102,백령도,2023-03-19 22:00,5.6,,1.6,270,50,1401
102,백령도,2023-03-19 23:00,4.1,,2.3,110,88,523
102,백령도,2023-03-20 00:00,2.5,,1.9,110,99,45
102,백령도,2023-03-20 01:00,.9,,.5,140,100,8
102,백령도,2023-03-20 02:00,1.3,,.8,160,100,15
102,백령도,2023-03-20 03:00,.3,,2,140,100,12
102,백령도,2023-03-20 04:00,1.3,,2.5,90,100,11
102,백령도,2023-03-20 05:00,1.8,,2,110,100,8
102,백령도,2023-03-20 06:00,1.3,,1.9,110,100,9
102,백령도,2023-03-20 07:00,2,,1.9,180,100,9
102,백령도,2023-03-20 08:00,3.6,,2.1,140,100,19
102,백령도,2023-03-20 09:00,3.9,,2.9,160,100,114
102,백령도,2023-03-20 10:00,3.8,,3.4,160,100,107
102,백령도,2023-03-20 11:00,4.5,,3.8,140,100,335
102,백령도,2023-03-20 12:00,6.2,,4.1,160,93,617
102,백령도,2023-03-20 13:00,5.7,,4.9,160,91,321
102,백령도,2023-03-20 14:00,6.2,,4.1,180,87,620
102,백령도,2023-03-20 15:00,7.9,,2.9,160,80,748
102,백령도,2023-03-20 16:00,6.2,,2.9,180,86,656
102,백령도,2023-03-20 17:00,6.2,,2.9,180,84,801
102,백령도,2023-03-20 18:00,4.2,,1.2,180,96,298
102,백령도,2023-03-20 19:00,3.1,,.1,0,100,21
102,백령도,2023-03-20 20:00,3.1,,1.8,180,100,11
102,백령도,2023-03-20 21:00,2.3,,1.6,180,100,11
102,백령도,2023-03-20 22:00,2,,1.1,180,100,8
102,백령도,2023-03-20 23:00,1.6,,1,320,100,6
102,백령도,2023-03-21 00:00,2.3,,.2,0,100,8
102,백령도,2023-03-21 01:00,2.9,,.8,200,100,8
102,백령도,2023-03-21 02:00,2.7,,.7,70,100,8
102,백령도,2023-03-21 03:00,2.6,,1.3,140,100,9
102,백령도,2023-03-21 04:00,2.9,,1.4,110,100,9
102,백령도,2023-03-21 05:00,2.3,,1.6,110,100,8
102,백령도,2023-03-21 06:00,1.5,,2.4,90,100,9
102,백령도,2023-03-21 07:00,1.5,,1.5,140,100,12
102,백령도,2023-03-21 08:00,2.6,,1.1,110,100,86
102,백령도,2023-03-21 09:00,5.7,,2,110,100,714
102,백령도,2023-03-21 10:00,7.9,,2.1,110,84,1518
102,백령도,2023-03-21 11:00,10,,2.4,110,57,820
102,백령도,2023-03-21 12:00,12.1,,3.1,140,27,2057
102,백령도,2023-03-21 13:00,11.6,,3.4,160,23,2511
102,백령도,2023-03-21 14:00,13,,2.6,160,15,2637
102,백령도,2023-03-21 15:00,12.8,,2.9,200,12,3102
102,백령도,2023-03-21 16:00,11.4,,3,290,32,2324
102,백령도,2023-03-21 17:00,9.6,,3.1,290,50,1752
102,백령도,2023-03-21 18:00,7.7,,3.2,290,61,1657
102,백령도,2023-03-21 19:00,6.6,,1.8,290,65,1528
102,백령도,2023-03-21 20:00,6.2,,3.3,290,64,1827
102,백령도,2023-03-21 21:00,5.9,,2.9,320,68,1736
102,백령도,2023-03-21 22:00,5.8,,3.1,320,64,1865
102,백령도,2023-03-21 23:00,5.9,,2.9,290,46,2438
102,백령도,2023-03-22 00:00,6,,2.7,290,61,1933
102,백령도,2023-03-22 01:00,6.9,,2.8,290,44,2123
102,백령도,2023-03-22 02:00,5.9,,2.8,290,73,1694
102,백령도,2023-03-22 03:00,6.7,,1.1,270,53,2127
102,백령도,2023-03-22 04:00,8.7,,.5,250,37,2732
102,백령도,2023-03-22 05:00,7.6,,1.4,140,58,2363
102,백령도,2023-03-22 06:00,7.5,,1.5,90,66,1376
102,백령도,2023-03-22 07:00,7.9,,2,90,56,1705
102,백령도,2023-03-22 08:00,9.3,,2.6,110,45,1174
102,백령도,2023-03-22 09:00,11.9,,1.7,110,38,2141
102,백령도,2023-03-22 10:00,10.7,,2.2,90,50,1804
102,백령도,2023-03-22 11:00,13.3,,3.2,140,38,1886
102,백령도,2023-03-22 12:00,14.7,,2.2,180,31,2780
102,백령도,2023-03-22 13:00,12.4,,1.9,230,51,1998
102,백령도,2023-03-22 14:00,10.5,,2.8,290,58,1158
102,백령도,2023-03-22 15:00,8,0,4.5,290,75,1206
102,백령도,2023-03-22 16:00,9.4,,2.2,320,73,1318
102,백령도,2023-03-22 17:00,9.2,,3,320,77,1373
102,백령도,2023-03-22 18:00,9.4,0,3.2,290,70,1268
102,백령도,2023-03-22 19:00,8.5,,3,320,80,1100
102,백령도,2023-03-22 20:00,8.6,,2.6,320,81,784
102,백령도,2023-03-22 21:00,7.9,1.1,2.3,320,89,693
102,백령도,2023-03-22 22:00,9.1,,3.7,340,83,1317
102,백령도,2023-03-22 23:00,8.8,,2.6,360,89,1771
102,백령도,2023-03-23 00:00,9.2,.6,4,340,86,1355
102,백령도,2023-03-23 01:00,9.2,,4.5,340,85,2347
102,백령도,2023-03-23 02:00,8.6,,6.1,340,82,1984
102,백령도,2023-03-23 03:00,8.9,.2,4.9,340,66,2337
102,백령도,2023-03-23 04:00,9.9,,5,340,62,2850
102,백령도,2023-03-23 05:00,10.8,,3.7,360,67,2247
102,백령도,2023-03-23 06:00,7.7,,3.3,320,77,1411
102,백령도,2023-03-23 07:00,7.7,,6.1,340,74,1386
102,백령도,2023-03-23 08:00,7.3,,7.1,340,80,1021
102,백령도,2023-03-23 09:00,7.4,,7.9,340,79,786
102,백령도,2023-03-23 10:00,8.1,,8.9,340,67,700
102,백령도,2023-03-23 11:00,8.7,,10.3,360,55,696
102,백령도,2023-03-23 12:00,8.6,,10.9,360,52,743
102,백령도,2023-03-23 13:00,9.4,,9.2,340,46,832
102,백령도,2023-03-23 14:00,9.4,,11.3,340,39,870
102,백령도,2023-03-23 15:00,8.3,,12.3,340,45,1152
102,백령도,2023-03-23 16:00,8.3,,13.8,340,42,1326
102,백령도,2023-03-23 17:00,7.9,,11.4,340,47,1435
102,백령도,2023-03-23 18:00,8.2,,11.2,340,43,1718
102,백령도,2023-03-23 19:00,7.7,,7.9,340,45,1975
102,백령도,2023-03-23 20:00,7.6,,10.4,340,47,2588
102,백령도,2023-03-23 21:00,7.1,,11.5,340,49,2481
102,백령도,2023-03-23 22:00,6.6,,10.8,340,50,2230
102,백령도,2023-03-23 23:00,6.4,,10.4,340,40,2832
102,백령도,2023-03-24 00:00,5.9,,10.5,340,41,2754
102,백령도,2023-03-24 01:00,5.5,,9.7,340,45,2456
102,백령도,2023-03-24 02:00,4.9,,11.4,360,48,2198
102,백령도,2023-03-24 03:00,4.5,,12.5,340,53,2014
102,백령도,2023-03-24 04:00,4.4,,11.6,360,48,2448
102,백령도,2023-03-24 05:00,4.1,,12.1,360,46,2637
102,백령도,2023-03-24 06:00,3.7,,11.3,360,45,2648
102,백령도,2023-03-24 07:00,3.9,,11.6,360,44,2842
102,백령도,2023-03-24 08:00,3.9,,13.1,340,46,2840
102,백령도,2023-03-24 09:00,4.1,,11.5,360,43,2915
102,백령도,2023-03-24 10:00,4.2,,11.2,340,41,3064
102,백령도,2023-03-24 11:00,4.3,,12.1,340,44,2930
102,백령도,2023-03-24 12:00,4.6,,10.5,360,39,2987
102,백령도,2023-03-24 13:00,5,,11.2,340,39,3136
102,백령도,2023-03-24 14:00,5,,11.4,340,43,2837
102,백령도,2023-03-24 15:00,4.9,,13.1,340,42,3072
102,백령도,2023-03-24 16:00,5.4,,11,340,41,3192
102,백령도,2023-03-24 17:00,5.1,,9.7,340,41,3436
102,백령도,2023-03-24 18:00,4.3,,11.3,340,49,3078
102,백령도,2023-03-24 19:00,4.7,,9.9,340,49,3209
102,백령도,2023-03-24 20:00,5,,10.7,340,48,3032
102,백령도,2023-03-24 21:00,5,,10.3,340,58,2801
102,백령도,2023-03-24 22:00,5.2,,5.2,340,59,2896
102,백령도,2023-03-24 23:00,5.4,,5.4,340,56,3125
102,백령도,2023-03-25 00:00,5.1,,4.6,340,67,2644
102,백령도,2023-03-25 01:00,5.2,,5.4,360,59,2610
102,백령도,2023-03-25 02:00,4.7,,7.1,340,65,2413
102,백령도,2023-03-25 03:00,4.4,,4.8,340,69,2218
102,백령도,2023-03-25 04:00,4.4,,6.4,340,66,2281
102,백령도,2023-03-25 05:00,4.2,,2.5,320,71,2212
102,백령도,2023-03-25 06:00,4.2,,3.2,340,71,2366
102,백령도,2023-03-25 07:00,4,,4.9,340,78,2193
102,백령도,2023-03-25 08:00,4.7,,5.9,340,76,2233
102,백령도,2023-03-25 09:00,5.7,,4.9,340,72,2549
102,백령도,2023-03-25 10:00,6.5,,5,340,65,2610
102,백령도,2023-03-25 11:00,7.4,,4.1,320,63,2511
102,백령도,2023-03-25 12:00,6.9,,6.1,320,68,2426
102,백령도,2023-03-25 13:00,7.1,,7.2,320,68,2133
102,백령도,2023-03-25 14:00,7,,6.6,320,63,2346
102,백령도,2023-03-25 15:00,7.2,,4.8,340,63,2565
102,백령도,2023-03-25 16:00,6.3,,6.9,320,68,2380
102,백령도,2023-03-25 17:00,5.9,,5.3,320,65,2441
102,백령도,2023-03-25 18:00,5.5,,6.6,340,63,2518
102,백령도,2023-03-25 19:00,5.5,,6.4,340,59,2262
102,백령도,2023-03-25 20:00,5.7,,5.8,340,53,2281
102,백령도,2023-03-25 21:00,6.1,,4.6,340,53,2700
102,백령도,2023-03-25 22:00,5.9,,3.5,340,62,2575
102,백령도,2023-03-25 23:00,5.9,,2.8,320,65,2753
102,백령도,2023-03-26 00:00,5.8,,3,320,63,2610
102,백령도,2023-03-26 01:00,6.2,,6.4,340,52,3425
102,백령도,2023-03-26 02:00,5.9,,4.5,340,56,2877
102,백령도,2023-03-26 03:00,5.7,,2.7,340,58,2521
102,백령도,2023-03-26 04:00,5.2,,5.1,340,67,2121
102,백령도,2023-03-26 05:00,4.8,,6.3,340,66,2115
102,백령도,2023-03-26 06:00,5.3,,4.3,340,47,2694
102,백령도,2023-03-26 07:00,5.4,,4.8,360,42,3133
102,백령도,2023-03-26 08:00,6,,4.8,360,38,3371
102,백령도,2023-03-26 09:00,6.6,,6.5,340,32,4264
102,백령도,2023-03-26 10:00,7,,7.2,360,34,3987
102,백령도,2023-03-26 11:00,7.4,,7.5,360,28,4160
102,백령도,2023-03-26 12:00,7.4,,7.6,340,28,4352
102,백령도,2023-03-26 13:00,7,,8.4,340,34,3988
102,백령도,2023-03-26 14:00,6.9,,7.8,340,32,3450
102,백령도,2023-03-26 15:00,7,,6.3,340,37,3568
102,백령도,2023-03-26 16:00,6.5,,6.2,340,33,3207
102,백령도,2023-03-26 17:00,6.4,,4.9,340,36,3628
102,백령도,2023-03-26 18:00,5.6,,3.7,320,37,3643
102,백령도,2023-03-26 19:00,4.3,,3.6,320,50,3334
102,백령도,2023-03-26 20:00,4.2,,3.5,290,56,3232
102,백령도,2023-03-26 21:00,3.3,,2.3,290,66,2988
102,백령도,2023-03-26 22:00,3.5,,2.7,290,71,3086
102,백령도,2023-03-26 23:00,3.4,,3,270,75,2884
102,백령도,2023-03-27 00:00,3.9,,3.5,270,67,3047
102,백령도,2023-03-27 01:00,4.2,,3.3,270,73,2744
102,백령도,2023-03-27 02:00,4.1,,3.2,290,72,2322
102,백령도,2023-03-27 03:00,4.1,,3,270,73,2415
102,백령도,2023-03-27 04:00,3.9,,3,290,74,1908
102,백령도,2023-03-27 05:00,3.6,,2.5,290,79,1762
102,백령도,2023-03-27 06:00,3.6,,1.9,270,76,1589
102,백령도,2023-03-27 07:00,3.2,,1.7,270,87,1319
102,백령도,2023-03-27 08:00,5.4,,.7,250,79,1403
102,백령도,2023-03-27 09:00,7.1,,1.1,160,61,1581
102,백령도,2023-03-27 10:00,8,,3.7,160,57,1583
102,백령도,2023-03-27 11:00,8.1,,3.8,180,57,1506
102,백령도,2023-03-27 12:00,9,,5.4,160,62,1610
102,백령도,2023-03-27 13:00,9.2,,6.3,160,61,2350
102,백령도,2023-03-27 14:00,8.4,,5.5,160,64,2581
102,백령도,2023-03-27 15:00,8.6,,4.7,200,65,2762
102,백령도,2023-03-27 16:00,8.8,,5.5,180,68,2583
102,백령도,2023-03-27 17:00,8.8,,5.1,200,64,2730
102,백령도,2023-03-27 18:00,8.3,,3.5,180,66,2179
102,백령도,2023-03-27 19:00,7,,1.7,140,85,2369
102,백령도,2023-03-27 20:00,6.5,,3.3,140,92,1847
102,백령도,2023-03-27 21:00,6.4,,3.8,160,93,1889
102,백령도,2023-03-27 22:00,6.5,,3.9,160,94,1753
102,백령도,2023-03-27 23:00,6.2,,3.4,160,95,1602
102,백령도,2023-03-28 00:00,6,,3.7,140,96,1498
102,백령도,2023-03-28 01:00,5.9,,3,140,96,1371
102,백령도,2023-03-28 02:00,6,,2.9,110,97,1255
102,백령도,2023-03-28 03:00,6,,2.7,140,97,1312
102,백령도,2023-03-28 04:00,6.2,,3.2,140,96,1376
102,백령도,2023-03-28 05:00,6.2,,3.9,110,95,1572
102,백령도,2023-03-28 06:00,6.1,,4.2,140,95,1365
102,백령도,2023-03-28 07:00,6,,4.2,140,95,1039
102,백령도,2023-03-28 08:00,6,,4.1,140,96,1047
102,백령도,2023-03-28 09:00,6.7,,5.5,140,91,1469
102,백령도,2023-03-28 10:00,7.2,,4.3,140,87,1678
102,백령도,2023-03-28 11:00,8,,4.2,140,83,1684
102,백령도,2023-03-28 12:00,9.1,,4.6,140,76,2046
102,백령도,2023-03-28 13:00,9.3,,4.1,140,75,2121
102,백령도,2023-03-28 14:00,10.4,,3.6,110,71,2189
102,백령도,2023-03-28 15:00,9.9,,2.8,200,71,1659
102,백령도,2023-03-28 16:00,10.1,,2.7,200,71,1507
102,백령도,2023-03-28 17:00,9.8,,1.8,180,72,1172
102,백령도,2023-03-28 18:00,8.2,,1.8,200,82,1200
102,백령도,2023-03-28 19:00,6.4,,1.2,320,90,1036
102,백령도,2023-03-28 20:00,5.9,,.7,90,96,622
102,백령도,2023-03-28 21:00,5.6,,1.3,110,99,346
102,백령도,2023-03-28 22:00,4.9,,1.1,110,98,349
102,백령도,2023-03-28 23:00,3.6,,1.7,180,100,12
102,백령도,2023-03-29 00:00,3.4,,1.6,180,100,9
102,백령도,2023-03-29 01:00,3.8,,1.7,140,100,25
102,백령도,2023-03-29 02:00,3.5,,.9,160,100,15
102,백령도,2023-03-29 03:00,3,,1.3,110,100,19
102,백령도,2023-03-29 04:00,2.7,,1.9,110,100,19
102,백령도,2023-03-29 05:00,3.4,,2.2,140,100,18
102,백령도,2023-03-29 06:00,3.4,,2.3,180,100,19
102,백령도,2023-03-29 07:00,3.5,,2.6,160,100,22
102,백령도,2023-03-29 08:00,3.8,,3.4,140,100,22
102,백령도,2023-03-29 09:00,4.3,,5.1,140,100,37
102,백령도,2023-03-29 10:00,5.2,,3.4,160,100,90
102,백령도,2023-03-29 11:00,5.6,,7.5,160,100,246
102,백령도,2023-03-29 12:00,6.5,,4.7,160,98,822
102,백령도,2023-03-29 13:00,6.6,,4.9,140,91,1177
102,백령도,2023-03-29 14:00,8.1,,4,160,84,1579
102,백령도,2023-03-29 15:00,8.1,,3.9,160,81,1853
102,백령도,2023-03-29 16:00,7.2,,3.9,140,84,1795
102,백령도,2023-03-29 17:00,6.8,,3,110,86,1203
102,백령도,2023-03-29 18:00,6.1,,2.7,140,90,1155
102,백령도,2023-03-29 19:00,5,,3.2,160,97,497
102,백령도,2023-03-29 20:00,4.5,,3.3,160,99,91
102,백령도,2023-03-29 21:00,4.5,,2.8,140,99,40
102,백령도,2023-03-29 22:00,4.3,,2.1,140,100,40
102,백령도,2023-03-29 23:00,4.2,,1.5,140,100,34
102,백령도,2023-03-30 00:00,4.1,,2.2,110,100,26
102,백령도,2023-03-30 01:00,3.9,,2.3,110,100,22
102,백령도,2023-03-30 02:00,3.9,,2,140,100,34
102,백령도,2023-03-30 03:00,3.9,,2.6,160,100,27
102,백령도,2023-03-30 04:00,4.1,,1.8,110,100,22
102,백령도,2023-03-30 05:00,4,,2.7,110,100,22
102,백령도,2023-03-30 06:00,3.9,,3.2,140,100,21
102,백령도,2023-03-30 07:00,3.7,,2,160,100,23
102,백령도,2023-03-30 08:00,4.5,,1.6,110,100,32
102,백령도,2023-03-30 09:00,4.8,,3.1,110,100,51
102,백령도,2023-03-30 10:00,7.2,,2.9,140,100,1731
102,백령도,2023-03-30 11:00,10,,3.3,160,78,2205
102,백령도,2023-03-30 12:00,11.3,,3.9,140,73,2231
102,백령도,2023-03-30 13:00,11.7,,3,140,67,1873
102,백령도,2023-03-30 14:00,12,,3.5,110,67,1759
102,백령도,2023-03-30 15:00,12.7,,4.5,160,53,1298
102,백령도,2023-03-30 16:00,12.2,,3.1,160,57,1399
102,백령도,2023-03-30 17:00,11.6,,2.8,180,58,1469
102,백령도,2023-03-30 18:00,10.8,,2.6,200,61,1233
102,백령도,2023-03-30 19:00,9.4,,2.3,200,71,960
102,백령도,2023-03-30 20:00,9.8,,4.2,200,59,1084
102,백령도,2023-03-30 21:00,9.2,,1,290,55,1390
102,백령도,2023-03-30 22:00,8.8,,.6,180,59,1324
102,백령도,2023-03-30 23:00,6.5,,1.7,110,94,371
102,백령도,2023-03-31 00:00,6.7,,.7,110,86,586
102,백령도,2023-03-31 01:00,5.7,,1.6,180,87,455
102,백령도,2023-03-31 02:00,6.3,,1.6,180,94,399
102,백령도,2023-03-31 03:00,6.4,,1.3,180,92,469
102,백령도,2023-03-31 04:00,5.9,,2,200,91,448
102,백령도,2023-03-31 05:00,5.9,,1.8,110,98,203
102,백령도,2023-03-31 06:00,5.6,,2.4,90,97,249
102,백령도,2023-03-31 07:00,5.9,,2.2,110,96,327
102,백령도,2023-03-31 08:00,7.3,,2.2,110,91,528
102,백령도,2023-03-31 09:00,9.8,,1.7,140,78,807
102,백령도,2023-03-31 10:00,11.5,,1.6,180,64,923
102,백령도,2023-03-31 11:00,13.7,,2,110,51,1216
102,백령도,2023-03-31 12:00,14.4,,2.8,180,40,1342
102,백령도,2023-03-31 13:00,16.6,,1.7,180,35,1389
102,백령도,2023-03-31 14:00,16.2,,2,250,45,1344
102,백령도,2023-03-31 15:00,15.5,,2.1,320,42,1351
102,백령도,2023-03-31 16:00,16.9,,2.7,320,29,1661
102,백령도,2023-03-31 17:00,15.6,,3.2,320,24,1811
102,백령도,2023-03-31 18:00,14.8,,1.8,290,32,1956
102,백령도,2023-03-31 19:00,10.9,,.9,290,48,1672
102,백령도,2023-03-31 20:00,10.9,,1,320,38,1795
102,백령도,2023-03-31 21:00,10.1,,1.8,290,46,1518
102,백령도,2023-03-31 22:00,9.7,,1.8,290,47,1154
102,백령도,2023-03-31 23:00,11.3,,2.4,290,22,2376
102,백령도,2023-04-01 00:00,10.8,,2,320,22,2628
102,백령도,2023-04-01 01:00,9.8,,2,290,26,2559
102,백령도,2023-04-01 02:00,9.9,,2,290,26,2572
102,백령도,2023-04-01 03:00,11.3,,1.4,290,19,2803
102,백령도,2023-04-01 04:00,9.3,,0,0,32,2651
102,백령도,2023-04-01 05:00,10.6,,1.7,70,28,2359
102,백령도,2023-04-01 06:00,9.4,,2.1,110,47,1567
102,백령도,2023-04-01 07:00,8.5,,2.9,90,67,1148
102,백령도,2023-04-01 08:00,10.2,,2.2,90,66,1068
102,백령도,2023-04-01 09:00,14.1,,2.5,90,31,1525
102,백령도,2023-04-01 10:00,14.8,,2.6,90,31,1452
102,백령도,2023-04-01 11:00,18.9,,2.4,90,15,2217
102,백령도,2023-04-01 12:00,19.1,,2,90,20,1497
102,백령도,2023-04-01 13:00,16.9,,3.1,290,31,2146
102,백령도,2023-04-01 14:00,15.6,,4.8,290,22,2875
102,백령도,2023-04-01 15:00,15.1,,5.1,290,21,2517
102,백령도,2023-04-01 16:00,15.4,,4.6,290,21,2954
102,백령도,2023-04-01 17:00,14.2,,4.9,320,22,3450
102,백령도,2023-04-01 18:00,13.3,,4.5,320,22,3312
102,백령도,2023-04-01 19:00,12.1,,2.5,320,25,3440
102,백령도,2023-04-01 20:00,12.6,,2.5,340,20,3660
102,백령도,2023-04-01 21:00,12.9,,3.3,340,20,3513
102,백령도,2023-04-01 22:00,12.9,,2.4,320,18,3619
102,백령도,2023-04-01 23:00,12.8,,1.6,320,17,3600
102,백령도,2023-04-02 00:00,15.7,,3,20,14,3185
102,백령도,2023-04-02 01:00,13.5,,1.6,70,23,2457
102,백령도,2023-04-02 02:00,13.8,,1.7,70,20,2481
102,백령도,2023-04-02 03:00,11.1,,1.1,290,27,2577
102,백령도,2023-04-02 04:00,11.5,,2.2,320,28,2758
102,백령도,2023-04-02 05:00,11.5,,2.4,320,26,2375
102,백령도,2023-04-02 06:00,8.8,,2.8,290,51,1685
102,백령도,2023-04-02 07:00,11.2,,.7,90,33,2108
102,백령도,2023-04-02 08:00,12.1,,1.8,70,39,1911
102,백령도,2023-04-02 09:00,12.9,,2.9,90,42,1751
102,백령도,2023-04-02 10:00,15.3,,3.9,90,31,1443
102,백령도,2023-04-02 11:00,18.1,,5,140,29,1308
102,백령도,2023-04-02 12:00,17.4,,6.6,140,27,2147
102,백령도,2023-04-02 13:00,17.3,,6.9,140,25,2250
102,백령도,2023-04-02 14:00,17.8,,5.2,160,24,2130
102,백령도,2023-04-02 15:00,17.9,,4.3,160,24,2022
102,백령도,2023-04-02 16:00,17.8,,4.4,180,21,2054
102,백령도,2023-04-02 17:00,17.8,,4.7,160,18,1862
102,백령도,2023-04-02 18:00,15.7,,4.1,180,25,1843
102,백령도,2023-04-02 19:00,14.4,,2.1,320,25,2743
102,백령도,2023-04-02 20:00,12.9,,1.3,340,30,2507
102,백령도,2023-04-02 21:00,12.4,,1.1,360,31,1973
102,백령도,2023-04-02 22:00,10.4,,1.1,320,48,1759
102,백령도,2023-04-02 23:00,10.1,,2.2,320,47,1531
102,백령도,2023-04-03 00:00,13.1,,1.1,340,27,1956
102,백령도,2023-04-03 01:00,10.7,,2.2,90,53,1503
102,백령도,2023-04-03 02:00,10.2,,2.4,90,53,1665
102,백령도,2023-04-03 03:00,10.4,,2.8,110,51,1761
102,백령도,2023-04-03 04:00,9.4,,2.8,90,61,1552
102,백령도,2023-04-03 05:00,10.3,,3.6,110,57,1702
102,백령도,2023-04-03 06:00,11,,2.6,110,50,1813
102,백령도,2023-04-03 07:00,11,,3.1,110,54,1736
102,백령도,2023-04-03 08:00,12.7,,3.3,110,43,1786
102,백령도,2023-04-03 09:00,13.1,,2.2,110,45,1850
102,백령도,2023-04-03 10:00,16.7,,3.5,110,30,2176
102,백령도,2023-04-03 11:00,17.3,,4.7,140,26,2127
102,백령도,2023-04-03 12:00,18.2,,4.7,140,23,2328
102,백령도,2023-04-03 13:00,18.7,,3.8,140,24,2219
102,백령도,2023-04-03 14:00,19,,4.8,160,22,2362
102,백령도,2023-04-03 15:00,18.2,,5.8,180,21,2369
102,백령도,2023-04-03 16:00,18.2,,4.3,180,19,2237
102,백령도,2023-04-03 17:00,17.6,,3,180,21,1197
102,백령도,2023-04-03 18:00,16.3,,1.5,340,24,1852
102,백령도,2023-04-03 19:00,13.7,,1.8,290,34,2174
102,백령도,2023-04-03 20:00,14.1,,1,290,31,2405
102,백령도,2023-04-03 21:00,13.9,,2.4,340,31,2367
102,백령도,2023-04-03 22:00,14.4,,2.3,340,30,2592
102,백령도,2023-04-03 23:00,15.3,,2.1,50,28,2442
102,백령도,2023-04-04 00:00,14,,3,70,32,2257
102,백령도,2023-04-04 01:00,13.1,,2.4,70,37,2250
102,백령도,2023-04-04 02:00,13,,2.5,90,41,2161
102,백령도,2023-04-04 03:00,12.7,,1.7,110,47,2041
102,백령도,2023-04-04 04:00,14.1,,2.3,90,39,1976
102,백령도,2023-04-04 05:00,13.7,,3.8,110,43,1850
102,백령도,2023-04-04 06:00,13.2,,5.6,110,42,2271
102,백령도,2023-04-04 07:00,12,,6.1,140,51,2321
102,백령도,2023-04-04 08:00,11.2,,4.3,140,63,1274
102,백령도,2023-04-04 09:00,11.1,,3.6,140,64,1141
102,백령도,2023-04-04 10:00,12,,3.4,110,57,1072
102,백령도,2023-04-04 11:00,12.3,,3.8,140,56,1130
102,백령도,2023-04-04 12:00,12.5,,2.5,110,51,1161
102,백령도,2023-04-04 13:00,13.4,0,5,110,48,1079
102,백령도,2023-04-04 14:00,14.3,0,4.8,110,39,1595
102,백령도,2023-04-04 15:00,11.6,0,5.1,140,58,1215
102,백령도,2023-04-04 16:00,9.3,1.8,3.1,110,82,816
102,백령도,2023-04-04 17:00,10.7,.9,4.1,110,74,860
102,백령도,2023-04-04 18:00,11.2,.6,7.1,140,88,991
102,백령도,2023-04-04 19:00,10.7,1.3,6.5,140,95,529
102,백령도,2023-04-04 20:00,10.1,2,8.6,140,98,371
102,백령도,2023-04-04 21:00,10,2,10,110,96,589
102,백령도,2023-04-04 22:00,10,2.7,9.9,110,96,513
102,백령도,2023-04-04 23:00,10.1,3.7,8,110,96,413
102,백령도,2023-04-05 00:00,10.3,5.1,9.6,110,97,303
102,백령도,2023-04-05 01:00,10.4,4.7,8.7,110,98,296
102,백령도,2023-04-05 02:00,10.9,5.8,10.8,110,99,278
102,백령도,2023-04-05 03:00,10.6,4.9,10.6,110,99,291
102,백령도,2023-04-05 04:00,10.8,1.7,9.4,140,99,401
102,백령도,2023-04-05 05:00,10.3,1.7,10.3,140,99,327
102,백령도,2023-04-05 06:00,10.3,1.4,8.2,140,100,424
102,백령도,2023-04-05 07:00,10,.9,8.4,140,100,471
102,백령도,2023-04-05 08:00,10.3,.5,4.8,160,99,1489
102,백령도,2023-04-05 09:00,9.5,0,5,160,99,67
102,백령도,2023-04-05 10:00,9.3,0,3.2,160,99,46
102,백령도,2023-04-05 11:00,9.9,.1,2.6,200,100,21
102,백령도,2023-04-05 12:00,9.6,,3.4,200,100,18
102,백령도,2023-04-05 13:00,9.1,,5.4,180,100,56
102,백령도,2023-04-05 14:00,8.8,,6.5,200,100,192
102,백령도,2023-04-05 15:00,8.8,,5.3,200,96,569
102,백령도,2023-04-05 16:00,8.7,,4,200,95,699
102,백령도,2023-04-05 17:00,8.3,0,4.4,180,96,404
102,백령도,2023-04-05 18:00,8.1,0,3.2,160,98,222
102,백령도,2023-04-05 19:00,8,0,2.5,180,99,77
102,백령도,2023-04-05 20:00,7.8,.3,1.7,140,99,72
102,백령도,2023-04-05 21:00,7.8,.1,1.6,160,100,38
102,백령도,2023-04-05 22:00,7.6,0,2.5,160,100,19
102,백령도,2023-04-05 23:00,7.6,,2,230,100,90
102,백령도,2023-04-06 00:00,7.6,,2.4,250,100,164
102,백령도,2023-04-06 01:00,7.2,,1.3,290,100,227
102,백령도,2023-04-06 02:00,7.2,,0,0,100,514
102,백령도,2023-04-06 03:00,7.1,,1.2,270,100,55
102,백령도,2023-04-06 04:00,6.8,,3.3,290,100,25
102,백령도,2023-04-06 05:00,6.7,,3.6,320,100,89
102,백령도,2023-04-06 06:00,6.8,,3.3,320,99,104
102,백령도,2023-04-06 07:00,7,,2.9,290,97,134
102,백령도,2023-04-06 08:00,7.6,,1.6,270,93,230
102,백령도,2023-04-06 09:00,7.8,,3.9,290,87,269
102,백령도,2023-04-06 10:00,8.1,,4.7,290,79,271
102,백령도,2023-04-06 11:00,9,,5.1,290,73,293
102,백령도,2023-04-06 12:00,9.8,,4.8,320,68,339
102,백령도,2023-04-06 13:00,9.7,,5.8,290,66,427
102,백령도,2023-04-06 14:00,8.5,,5.6,290,76,566
102,백령도,2023-04-06 15:00,8.5,,5.1,320,71,681
102,백령도,2023-04-06 16:00,8,,5.2,290,75,613
102,백령도,2023-04-06 17:00,7.6,,4.2,290,76,745
102,백령도,2023-04-06 18:00,7.8,,4.8,290,66,1122
102,백령도,2023-04-06 19:00,7.6,,5,290,67,1862
102,백령도,2023-04-06 20:00,7.4,,4.1,290,66,2352
102,백령도,2023-04-06 21:00,7.4,,3.8,290,63,2526
102,백령도,2023-04-06 22:00,7.5,,4.8,290,62,2940
102,백령도,2023-04-06 23:00,7.5,,5,270,58,2761
102,백령도,2023-04-07 00:00,7.4,,5.4,290,65,2296
102,백령도,2023-04-07 01:00,6.9,,4.5,290,78,1284
102,백령도,2023-04-07 02:00,6.7,,4.5,290,86,734
102,백령도,2023-04-07 03:00,6.6,,4.3,290,89,438
102,백령도,2023-04-07 04:00,6.2,,3.4,290,91,366
102,백령도,2023-04-07 05:00,6.1,,2.9,290,88,494
102,백령도,2023-04-07 06:00,6.2,,4,290,85,654
102,백령도,2023-04-07 07:00,6.7,,3.7,320,80,1540
102,백령도,2023-04-07 08:00,7.7,,6.2,340,61,1994
102,백령도,2023-04-07 09:00,7.7,,9.4,340,49,2583
102,백령도,2023-04-07 10:00,7.4,,9.4,340,46,3224
102,백령도,2023-04-07 11:00,7.6,,9.8,340,49,3191
102,백령도,2023-04-07 12:00,7.4,,8.6,340,50,3159
102,백령도,2023-04-07 13:00,7.7,,6.9,320,41,3552
102,백령도,2023-04-07 14:00,6.8,,8.9,320,41,4086
102,백령도,2023-04-07 15:00,7,,9.3,320,34,4521
102,백령도,2023-04-07 16:00,7.3,,9.4,320,43,4730
102,백령도,2023-04-07 17:00,7,,8.2,290,35,4618
102,백령도,2023-04-07 18:00,6.6,,7.5,320,41,4590
102,백령도,2023-04-07 19:00,6,,8.3,290,52,4043
102,백령도,2023-04-07 20:00,6,,7.2,290,60,3760
102,백령도,2023-04-07 21:00,6.3,,6.1,290,54,3919
102,백령도,2023-04-07 22:00,6.1,,6.5,290,57,4158
102,백령도,2023-04-07 23:00,6,,7.5,290,57,3850
102,백령도,2023-04-08 00:00,5.6,,4.8,270,59,4108
102,백령도,2023-04-08 01:00,5.6,,3.7,270,49,4617
102,백령도,2023-04-08 02:00,6.2,,4.4,250,58,4323
102,백령도,2023-04-08 03:00,6.9,,6.2,250,54,4510
102,백령도,2023-04-08 04:00,6.6,,4.2,270,64,3731
102,백령도,2023-04-08 05:00,6.3,,3.9,270,74,2925
102,백령도,2023-04-08 06:00,5.8,,3.7,290,86,2223
102,백령도,2023-04-08 07:00,6.1,,3.8,290,87,2175
102,백령도,2023-04-08 08:00,7.2,,5.5,290,82,2297
102,백령도,2023-04-08 09:00,8.4,,5,290,75,2391
102,백령도,2023-04-08 10:00,8.5,,4.8,320,75,2450
102,백령도,2023-04-08 11:00,9.4,,3.7,320,73,2549
102,백령도,2023-04-08 12:00,9.7,,4.3,290,67,2713
102,백령도,2023-04-08 13:00,9.8,,3.9,320,62,3025
102,백령도,2023-04-08 14:00,10,,4.2,320,56,3019
102,백령도,2023-04-08 15:00,10.3,,3.9,290,55,3127
102,백령도,2023-04-08 16:00,10.3,,3.7,290,53,3113
102,백령도,2023-04-08 17:00,9.7,,3.4,290,61,3055
102,백령도,2023-04-08 18:00,9.9,,3.4,270,33,3323
102,백령도,2023-04-08 19:00,7.8,,1.6,270,58,2863
102,백령도,2023-04-08 20:00,6.1,,1.3,320,67,2892
102,백령도,2023-04-08 21:00,6.2,,1.8,200,88,1707
102,백령도,2023-04-08 22:00,6.2,,2.3,200,96,1103
102,백령도,2023-04-08 23:00,5.7,,1.2,250,96,1141
102,백령도,2023-04-09 00:00,6.3,,1.2,200,93,1288
102,백령도,2023-04-09 01:00,5.9,,1.9,160,98,620
102,백령도,2023-04-09 02:00,6.4,,.4,0,90,1191
102,백령도,2023-04-09 03:00,5.4,,1.8,110,99,484
102,백령도,2023-04-09 04:00,5.7,,2.5,90,100,202
102,백령도,2023-04-09 05:00,5.9,,2.4,90,100,165
102,백령도,2023-04-09 06:00,5.9,,2.1,110,100,126
102,백령도,2023-04-09 07:00,6.6,,2.5,90,100,424
102,백령도,2023-04-09 08:00,9.3,,1.4,140,81,1786
102,백령도,2023-04-09 09:00,10.8,,2.7,160,64,2956
102,백령도,2023-04-09 10:00,11.3,,6.7,180,58,2654
102,백령도,2023-04-09 11:00,11.8,,5.9,180,59,2664
102,백령도,2023-04-09 12:00,12.8,,4.4,230,59,2559
102,백령도,2023-04-09 13:00,13,,5.7,230,57,2311
102,백령도,2023-04-09 14:00,13.2,,5.8,230,55,2101
102,백령도,2023-04-09 15:00,12.9,,7,230,54,2475
102,백령도,2023-04-09 16:00,12.7,,5.4,230,59,2209
102,백령도,2023-04-09 17:00,12,,4.8,200,65,1864
102,백령도,2023-04-09 18:00,11.2,,5.4,200,68,1670
102,백령도,2023-04-09 19:00,10.6,,5.6,200,70,1760
102,백령도,2023-04-09 20:00,9.3,,5.5,160,80,1572
102,백령도,2023-04-09 21:00,8.7,,5.1,180,87,1426
102,백령도,2023-04-09 22:00,8.5,,4.4,180,87,1399
102,백령도,2023-04-09 23:00,8.4,,3.5,160,86,1608
102,백령도,2023-04-10 00:00,8.9,,6.3,160,81,2026
102,백령도,2023-04-10 01:00,8.5,,5.7,160,87,1488
102,백령도,2023-04-10 02:00,8.5,,6.8,160,87,1361
102,백령도,2023-04-10 03:00,8.4,,6.2,160,87,1477
102,백령도,2023-04-10 04:00,8.2,,6.3,160,87,1624
102,백령도,2023-04-10 05:00,8.2,,6.5,140,90,1435
102,백령도,2023-04-10 06:00,8.1,,6.4,140,93,1126
102,백령도,2023-04-10 07:00,8.2,,7.2,160,94,1016
102,백령도,2023-04-10 08:00,8.5,,7,140,93,1162
102,백령도,2023-04-10 09:00,9,,5.6,140,91,1248
102,백령도,2023-04-10 10:00,10.8,,8.8,160,80,1866
102,백령도,2023-04-10 11:00,11.1,,9.2,160,80,1890
102,백령도,2023-04-10 12:00,12.9,,7.6,180,72,1937
102,백령도,2023-04-10 13:00,12.9,,8,180,73,1959
102,백령도,2023-04-10 14:00,12.7,,6.1,180,72,1853
102,백령도,2023-04-10 15:00,12.5,,6.3,180,75,1858
102,백령도,2023-04-10 16:00,12.4,,6.5,160,76,1823
102,백령도,2023-04-10 17:00,10.3,,4.6,140,85,1415
102,백령도,2023-04-10 18:00,9.7,,6,160,91,1323
102,백령도,2023-04-10 19:00,9.1,,5.7,140,92,1193
102,백령도,2023-04-10 20:00,9,,6.6,140,94,1131
102,백령도,2023-04-10 21:00,9.1,,5.7,140,94,1206
102,백령도,2023-04-10 22:00,8.9,,5.4,140,95,1156
102,백령도,2023-04-10 23:00,9.4,,4.6,160,93,1360
102,백령도,2023-04-11 00:00,10.3,,6.8,180,88,1682
102,백령도,2023-04-11 01:00,10.2,,8.7,160,88,1706
102,백령도,2023-04-11 02:00,9.6,,8.2,160,93,1391
102,백령도,2023-04-11 03:00,10.1,,7,160,91,1561
102,백령도,2023-04-11 04:00,10.6,,7.9,160,91,1553
102,백령도,2023-04-11 05:00,10.8,,7,180,92,1411
102,백령도,2023-04-11 06:00,11.3,,7.6,180,93,1247
102,백령도,2023-04-11 07:00,10.6,,7.1,200,95,1043
102,백령도,2023-04-11 08:00,10.9,,8.3,230,95,1043
102,백령도,2023-04-11 09:00,11.3,0,7.1,250,90,1255
102,백령도,2023-04-11 10:00,12.4,0,2.8,270,84,1297
102,백령도,2023-04-11 11:00,12.1,,5.8,290,78,1210
102,백령도,2023-04-11 12:00,11.3,,5.1,320,81,1064
102,백령도,2023-04-11 13:00,9.9,,6.2,320,85,923
102,백령도,2023-04-11 14:00,10,,4.5,320,84,922
102,백령도,2023-04-11 15:00,10.2,,4.5,290,80,1143
102,백령도,2023-04-11 16:00,10.9,,4.7,290,65,1279
102,백령도,2023-04-11 17:00,11.4,,5.3,290,53,1043
102,백령도,2023-04-11 18:00,10.4,,6,290,53,813
102,백령도,2023-04-11 19:00,8.9,,5.9,290,65,665
102,백령도,2023-04-11 20:00,8.3,,4.7,290,66,604
102,백령도,2023-04-11 21:00,8.5,,5.2,320,58,685
102,백령도,2023-04-11 22:00,8,,3.7,320,61,896
102,백령도,2023-04-11 23:00,7.1,,1,320,69,1034
102,백령도,2023-04-12 00:00,6.1,,1.4,290,76,1145
102,백령도,2023-04-12 01:00,5.9,,2.3,290,76,1145
102,백령도,2023-04-12 02:00,6,,2.3,290,71,1254
102,백령도,2023-04-12 03:00,5.6,,2.2,320,70,1325
102,백령도,2023-04-12 04:00,5.3,,1.7,290,66,1402
102,백령도,2023-04-12 05:00,5.4,,2.6,270,58,1480
102,백령도,2023-04-12 06:00,5.3,,2.5,290,76,1151
102,백령도,2023-04-12 07:00,5.6,,2,270,63,1302
102,백령도,2023-04-12 08:00,7.5,,2.2,200,54,1463
102,백령도,2023-04-12 09:00,10.3,,3.8,230,31,1521
102,백령도,2023-04-12 10:00,11.1,,5.5,230,22,1411
102,백령도,2023-04-12 11:00,11.8,,5.7,230,30,1205
102,백령도,2023-04-12 12:00,13.1,,5.5,250,31,1333
102,백령도,2023-04-12 13:00,13.7,,4.9,250,25,1103
102,백령도,2023-04-12 14:00,14.1,,4.5,250,25,1134
102,백령도,2023-04-12 15:00,14.1,,5.1,250,23,1191
102,백령도,2023-04-12 16:00,14.1,,5.7,250,18,1147
102,백령도,2023-04-12 17:00,13.8,,4.3,250,20,1334
102,백령도,2023-04-12 18:00,12.8,,3.3,230,20,1394
102,백령도,2023-04-12 19:00,11,,3,200,25,1361
102,백령도,2023-04-12 20:00,9.7,,4.6,230,47,1505
102,백령도,2023-04-12 21:00,11,,4.1,230,29,1374
102,백령도,2023-04-12 22:00,11.3,,4.6,200,30,1191
102,백령도,2023-04-12 23:00,10.5,,6.3,230,44,956
102,백령도,2023-04-13 00:00,10.5,,6.3,230,43,894
102,백령도,2023-04-13 01:00,10.3,,6.5,230,47,809
102,백령도,2023-04-13 02:00,10,,7.4,230,54,879
102,백령도,2023-04-13 03:00,8.9,,3.2,200,68,933
102,백령도,2023-04-13 04:00,8.9,,4,200,69,1035
102,백령도,2023-04-13 05:00,9,,4.6,180,68,1196
102,백령도,2023-04-13 06:00,9.2,,3.5,180,63,1323
102,백령도,2023-04-13 07:00,9.6,,3.3,180,67,1320
102,백령도,2023-04-13 08:00,10.5,,3.8,180,61,1409
102,백령도,2023-04-13 09:00,10.4,,2.6,160,64,1350
102,백령도,2023-04-13 10:00,10,.1,4.4,180,62,995
102,백령도,2023-04-13 11:00,10.5,.2,3,180,63,1644
102,백령도,2023-04-13 12:00,9.6,.1,6.3,160,74,1317
102,백령도,2023-04-13 13:00,10.1,.1,4.4,160,72,1395
102,백령도,2023-04-13 14:00,10.6,0,3.7,160,75,1235
102,백령도,2023-04-13 15:00,10.1,,5.2,160,75,1408
102,백령도,2023-04-13 16:00,9.6,0,5.5,140,70,1447
102,백령도,2023-04-13 17:00,9.8,0,5.6,160,71,1463
102,백령도,2023-04-13 18:00,9.4,0,4.2,140,74,1478
102,백령도,2023-04-13 19:00,9.1,,5.2,140,77,1415
102,백령도,2023-04-13 20:00,9.4,,6,140,70,1535
102,백령도,2023-04-13 21:00,9.2,.2,6.4,160,67,1766
102,백령도,2023-04-13 22:00,9.5,0,5.6,160,63,1865
102,백령도,2023-04-13 23:00,9.3,,8.1,140,68,1874
102,백령도,2023-04-14 00:00,9.7,,6.6,140,71,1905
102,백령도,2023-04-14 01:00,10.1,,4.5,140,73,2042
102,백령도,2023-04-14 02:00,9.8,.1,3.8,140,77,2036
102,백령도,2023-04-14 03:00,8.6,0,1.9,110,87,1998
102,백령도,2023-04-14 04:00,8.7,0,2.6,90,88,2043
102,백령도,2023-04-14 05:00,9,0,2,70,91,1856
102,백령도,2023-04-14 06:00,9.3,0,4.8,140,92,1581
102,백령도,2023-04-14 07:00,9.3,.1,5,110,94,1381
102,백령도,2023-04-14 08:00,9.9,.9,9.5,160,94,893
102,백령도,2023-04-14 09:00,9.9,.7,6.9,140,94,1336
102,백령도,2023-04-14 10:00,10.2,.2,4.3,140,93,1629
102,백령도,2023-04-14 11:00,11.2,0,3.7,140,89,1660
102,백령도,2023-04-14 12:00,11,,3.9,160,89,1739
102,백령도,2023-04-14 13:00,10.5,,4,140,90,1480
102,백령도,2023-04-14 14:00,11.8,,2.9,110,89,1506
102,백령도,2023-04-14 15:00,10.7,0,2.2,110,93,614
102,백령도,2023-04-14 16:00,10.8,0,3.6,140,92,1775
102,백령도,2023-04-14 17:00,11.6,,2.4,160,89,1828
102,백령도,2023-04-14 18:00,11.1,,3,160,86,2128
102,백령도,2023-04-14 19:00,10.3,,2.5,180,87,2077
102,백령도,2023-04-14 20:00,10.2,,4,180,87,2214
102,백령도,2023-04-14 21:00,10.4,,2.4,180,86,2339
102,백령도,2023-04-14 22:00,10.1,.1,1.7,180,88,1736
102,백령도,2023-04-14 23:00,9.9,.1,3.7,180,89,2190
102,백령도,2023-04-15 00:00,10.7,0,1.5,290,92,2318
102,백령도,2023-04-15 01:00,10.6,.9,.7,320,96,1353
102,백령도,2023-04-15 02:00,11.9,.8,3.4,230,96,1449
102,백령도,2023-04-15 03:00,10.6,.5,2,250,97,527
102,백령도,2023-04-15 04:00,9.6,.1,4.7,290,98,447
102,백령도,2023-04-15 05:00,8.9,0,1.1,250,98,247
102,백령도,2023-04-15 06:00,8,0,4.5,290,99,36
102,백령도,2023-04-15 07:00,7.8,,4.8,290,99,27
102,백령도,2023-04-15 08:00,7.8,,5.5,320,100,42
102,백령도,2023-04-15 09:00,7.8,,4.9,320,100,32
102,백령도,2023-04-15 10:00,7.9,,4.5,320,100,40
102,백령도,2023-04-15 11:00,10.1,,3,290,99,2734
102,백령도,2023-04-15 12:00,8,,6.7,320,97,69
102,백령도,2023-04-15 13:00,7.8,,6.7,290,98,144
102,백령도,2023-04-15 14:00,9.5,,4.8,290,87,1008
102,백령도,2023-04-15 15:00,9.3,,4.7,290,89,1247
102,백령도,2023-04-15 16:00,9.4,,4,290,85,1758
102,백령도,2023-04-15 17:00,11.8,,3.7,290,65,1468
102,백령도,2023-04-15 18:00,10.8,,1.6,290,79,1576
102,백령도,2023-04-15 19:00,9.3,,.6,230,79,1598
102,백령도,2023-04-15 20:00,7.5,,1.9,90,84,1234
102,백령도,2023-04-15 21:00,7,,1.6,160,95,614
102,백령도,2023-04-15 22:00,6.2,,.9,160,98,275
102,백령도,2023-04-15 23:00,8,,1.5,270,85,1045
102,백령도,2023-04-16 00:00,7.9,,1,20,84,1187
102,백령도,2023-04-16 01:00,9.3,,2.3,320,70,1256
102,백령도,2023-04-16 02:00,10.3,,2.5,290,54,1224
102,백령도,2023-04-16 03:00,10.9,,1.7,320,46,1291
102,백령도,2023-04-16 04:00,12.3,,2,20,36,1667
102,백령도,2023-04-16 05:00,9.7,,1.9,200,62,1464
102,백령도,2023-04-16 06:00,9.2,,1.9,180,64,1471
102,백령도,2023-04-16 07:00,10.2,,2.4,270,61,1385
102,백령도,2023-04-16 08:00,10.3,,4.6,290,68,1449
102,백령도,2023-04-16 09:00,11.5,,2.6,270,58,1870
102,백령도,2023-04-16 10:00,11.2,,5.5,320,63,2031
102,백령도,2023-04-16 11:00,12,,5,340,58,1718
102,백령도,2023-04-16 12:00,12.3,,4.9,340,64,1999
102,백령도,2023-04-16 13:00,12.2,,4.5,320,68,1905
102,백령도,2023-04-16 14:00,11.3,,5.7,320,70,1804
102,백령도,2023-04-16 15:00,11.7,,5.4,290,67,1778
102,백령도,2023-04-16 16:00,12.7,,3.9,290,58,1642
102,백령도,2023-04-16 17:00,11.1,,5.1,290,57,1536
102,백령도,2023-04-16 18:00,10.3,,4.5,290,61,1485
102,백령도,2023-04-16 19:00,10.2,,4,290,46,1863
102,백령도,2023-04-16 20:00,9.7,,4.2,290,51,2015
102,백령도,2023-04-16 21:00,9.7,,3.8,270,53,1820
102,백령도,2023-04-16 22:00,10.2,,3.9,270,52,2108
102,백령도,2023-04-16 23:00,10,,4,270,58,1960
102,백령도,2023-04-17 00:00,9.9,,4.2,290,57,1973
102,백령도,2023-04-17 01:00,8.5,,2.6,320,71,1831
102,백령도,2023-04-17 02:00,7.7,,1,250,72,1892
102,백령도,2023-04-17 03:00,7.4,,1.3,200,81,1387
102,백령도,2023-04-17 04:00,7.7,,2.4,270,86,1230
102,백령도,2023-04-17 05:00,7.9,,1.7,230,85,1213
102,백령도,2023-04-17 06:00,8.3,,.8,250,79,1363
102,백령도,2023-04-17 07:00,8,,.9,200,84,1074
102,백령도,2023-04-17 08:00,9.1,,1.1,140,84,1075
102,백령도,2023-04-17 09:00,10.4,,2.1,180,76,1458
102,백령도,2023-04-17 10:00,10.6,,2.4,140,71,1700
102,백령도,2023-04-17 11:00,11.5,,5,140,66,2124
102,백령도,2023-04-17 12:00,12.1,,4.9,160,75,1948
102,백령도,2023-04-17 13:00,11.6,,6.5,160,82,1945
102,백령도,2023-04-17 14:00,11.7,,6.3,160,75,2093
102,백령도,2023-04-17 15:00,11.2,,5.5,160,77,1915
102,백령도,2023-04-17 16:00,11.5,,4,140,71,2053
102,백령도,2023-04-17 17:00,10.9,,5.5,140,71,2031
102,백령도,2023-04-17 18:00,10.8,,5.9,140,69,2040
102,백령도,2023-04-17 19:00,10.9,,6.9,110,66,2107
102,백령도,2023-04-17 20:00,11.9,,7,110,57,2001
102,백령도,2023-04-17 21:00,11.6,,6.5,110,63,2007
102,백령도,2023-04-17 22:00,11.7,,6.1,140,60,2223
102,백령도,2023-04-17 23:00,12.1,,6.4,110,62,2255
102,백령도,2023-04-18 00:00,11.4,0,5.2,110,67,2250
102,백령도,2023-04-18 01:00,12.9,0,7.3,110,54,2309
102,백령도,2023-04-18 02:00,12.8,,6.9,110,57,1943
102,백령도,2023-04-18 03:00,12.3,,4.8,110,61,1758
102,백령도,2023-04-18 04:00,13.7,,6,160,63,2092
102,백령도,2023-04-18 05:00,12.4,0,5.3,160,77,1012
102,백령도,2023-04-18 06:00,11.1,0,4.8,140,93,651
102,백령도,2023-04-18 07:00,10.1,.1,3.8,90,98,149
102,백령도,2023-04-18 08:00,9.8,.5,3.9,90,99,25
102,백령도,2023-04-18 09:00,10,0,3.5,90,99,67
102,백령도,2023-04-18 10:00,11.1,,3.4,90,97,680
102,백령도,2023-04-18 11:00,12.5,,3.5,90,89,925
102,백령도,2023-04-18 12:00,14.9,,3.1,70,77,1524
102,백령도,2023-04-18 13:00,16.5,,2.2,70,67,2282
102,백령도,2023-04-18 14:00,14.1,,4.3,340,71,1527
102,백령도,2023-04-18 15:00,14.5,,4.8,320,65,1704
102,백령도,2023-04-18 16:00,15,,5.2,340,63,1771
102,백령도,2023-04-18 17:00,12.9,,5.1,320,68,1519
102,백령도,2023-04-18 18:00,12,,4.7,320,72,1406
102,백령도,2023-04-18 19:00,11.2,,4.1,320,76,1483
102,백령도,2023-04-18 20:00,10.8,,4.4,340,76,1566
102,백령도,2023-04-18 21:00,10.6,,4.9,320,75,1659
102,백령도,2023-04-18 22:00,9.6,,2,290,80,1558
102,백령도,2023-04-18 23:00,10,,1.8,290,78,1634
102,백령도,2023-04-19 00:00,9.3,,1.8,290,80,1590
102,백령도,2023-04-19 01:00,8.4,,2.1,290,88,1115
102,백령도,2023-04-19 02:00,9.4,,2.4,270,82,1442
102,백령도,2023-04-19 03:00,7.6,,2.9,290,92,757
102,백령도,2023-04-19 04:00,7.6,,2.3,290,92,759
102,백령도,2023-04-19 05:00,7.3,,2.1,320,92,684
102,백령도,2023-04-19 06:00,7.7,,1.1,320,95,609
102,백령도,2023-04-19 07:00,9.3,,1.7,90,93,768
102,백령도,2023-04-19 08:00,11.9,,2.3,90,81,1423
102,백령도,2023-04-19 09:00,13.1,,3.2,110,73,1368
102,백령도,2023-04-19 10:00,14.2,,2.3,180,72,1494
102,백령도,2023-04-19 11:00,13.6,,2.5,180,78,1281
102,백령도,2023-04-19 12:00,15,,2.3,340,70,1524
102,백령도,2023-04-19 13:00,16,,2.2,340,70,1701
102,백령도,2023-04-19 14:00,13.9,,3,320,73,2731
102,백령도,2023-04-19 15:00,14.2,,3,290,77,2437
102,백령도,2023-04-19 16:00,10.1,,4,290,91,1200
102,백령도,2023-04-19 17:00,14.3,,3.7,320,78,1524
102,백령도,2023-04-19 18:00,14.5,,1.6,290,77,1461
102,백령도,2023-04-19 19:00,13.2,,.5,70,82,1436
102,백령도,2023-04-19 20:00,10.2,,.5,200,92,979
102,백령도,2023-04-19 21:00,9.4,,1.6,140,91,1046
102,백령도,2023-04-19 22:00,8.8,,1.2,200,96,732
102,백령도,2023-04-19 23:00,9.4,,2.5,180,97,284
102,백령도,2023-04-20 00:00,10.3,,2.6,180,96,348
102,백령도,2023-04-20 01:00,11.3,,2.4,180,95,638
102,백령도,2023-04-20 02:00,10.1,,2.6,90,93,632
102,백령도,2023-04-20 03:00,10,0,2.2,110,97,275
102,백령도,2023-04-20 04:00,10.3,.1,.8,180,99,48
102,백령도,2023-04-20 05:00,10.1,.1,2.2,140,99,42
102,백령도,2023-04-20 06:00,10.1,.1,1.9,160,99,42
102,백령도,2023-04-20 07:00,10.1,.1,1.6,140,99,37
102,백령도,2023-04-20 08:00,10.3,0,1.6,110,100,30
102,백령도,2023-04-20 09:00,11.5,0,1.6,180,99,59
102,백령도,2023-04-20 10:00,12.3,0,2.6,290,98,403
102,백령도,2023-04-20 11:00,12.2,0,2.1,200,97,546
102,백령도,2023-04-20 12:00,12.2,0,1.5,340,95,1718
102,백령도,2023-04-20 13:00,11.8,,2.9,320,92,1601
102,백령도,2023-04-20 14:00,11.3,,4.8,340,93,433
102,백령도,2023-04-20 15:00,11.4,,7.4,340,89,3214
102,백령도,2023-04-20 16:00,13,,4.7,320,77,3619
102,백령도,2023-04-20 17:00,12.9,,7.6,340,57,2354
102,백령도,2023-04-20 18:00,12.3,,5.6,340,62,2251
102,백령도,2023-04-20 19:00,12.2,,5,360,65,2429
102,백령도,2023-04-20 20:00,10.2,,4.6,340,67,2576
102,백령도,2023-04-20 21:00,9.9,,5.2,340,61,2827
102,백령도,2023-04-20 22:00,9.7,,5.6,340,61,2580
102,백령도,2023-04-20 23:00,10,,6.8,340,59,2481
102,백령도,2023-04-21 00:00,10.3,,8.8,340,57,2489
102,백령도,2023-04-21 01:00,10.2,,8.3,340,55,2419
102,백령도,2023-04-21 02:00,10.2,,4.8,340,51,2460
102,백령도,2023-04-21 03:00,10.6,,8.8,340,44,2527
102,백령도,2023-04-21 04:00,11,,7.8,340,35,2547
102,백령도,2023-04-21 05:00,11.4,,9.7,340,28,2404
102,백령도,2023-04-21 06:00,11.3,,7.7,340,27,2263
102,백령도,2023-04-21 07:00,11.4,,8.5,340,28,2368
102,백령도,2023-04-21 08:00,11.9,,5.3,360,25,2371
102,백령도,2023-04-21 09:00,12.4,,8.3,360,21,2354
102,백령도,2023-04-21 10:00,13.2,,6.8,360,15,2281
102,백령도,2023-04-21 11:00,13.5,,8.3,360,13,2238
102,백령도,2023-04-21 12:00,13.8,,8.5,360,14,2154
102,백령도,2023-04-21 13:00,13.3,,8.2,340,24,2269
102,백령도,2023-04-21 14:00,13.3,,8.4,340,23,2084
102,백령도,2023-04-21 15:00,13,,7.8,360,32,1867
102,백령도,2023-04-21 16:00,12.8,,7.4,360,33,1811
102,백령도,2023-04-21 17:00,12.4,,7.1,340,34,2172
102,백령도,2023-04-21 18:00,11.3,,5.6,340,44,2209
102,백령도,2023-04-21 19:00,11.5,,6.3,360,38,2488
102,백령도,2023-04-21 20:00,10.9,,5.3,340,45,2587
102,백령도,2023-04-21 21:00,10.9,,5.2,340,48,2713
102,백령도,2023-04-21 22:00,10.7,,5.9,340,50,2924
102,백령도,2023-04-21 23:00,12.1,,7.4,340,34,3324
102,백령도,2023-04-22 00:00,12.5,,4.8,340,27,3365
102,백령도,2023-04-22 01:00,12.6,,4.1,340,27,3388
102,백령도,2023-04-22 02:00,11.9,,2.9,340,35,3456
102,백령도,2023-04-22 03:00,10.6,,2.6,320,39,3344
102,백령도,2023-04-22 04:00,10.8,,4.6,360,39,3470
102,백령도,2023-04-22 05:00,11.7,,3,360,24,3422
102,백령도,2023-04-22 06:00,11,,1.7,340,31,3478
102,백령도,2023-04-22 07:00,11.6,,2.7,50,25,3347
102,백령도,2023-04-22 08:00,11,,1.6,20,37,2967
102,백령도,2023-04-22 09:00,12.9,,1.9,340,24,3367
102,백령도,2023-04-22 10:00,11.5,,2.2,320,51,2788
102,백령도,2023-04-22 11:00,13.7,,2.3,320,26,2890
102,백령도,2023-04-22 12:00,15.1,,2.5,340,22,2941
102,백령도,2023-04-22 13:00,15.6,,2.8,340,26,2945
102,백령도,2023-04-22 14:00,14.8,,4.7,340,26,2966
102,백령도,2023-04-22 15:00,16.5,,4.9,340,19,3202
102,백령도,2023-04-22 16:00,15.8,,3.8,340,18,3186
102,백령도,2023-04-22 17:00,14.8,,3.4,340,22,3447
102,백령도,2023-04-22 18:00,13.2,,2.7,320,31,3376
102,백령도,2023-04-22 19:00,14,,2.8,20,18,3790
102,백령도,2023-04-22 20:00,14.4,,3.6,360,12,3910
102,백령도,2023-04-22 21:00,13.6,,3.5,340,15,4094
102,백령도,2023-04-22 22:00,12.6,,2.6,290,18,3791
102,백령도,2023-04-22 23:00,13.4,,3.3,340,19,3970
102,백령도,2023-04-23 00:00,13.4,,2.5,360,18,3866
102,백령도,2023-04-23 01:00,12.9,,1.7,320,19,3769
102,백령도,2023-04-23 02:00,12.1,,1.9,340,18,3834
102,백령도,2023-04-23 03:00,12,,2.8,340,21,3767
102,백령도,2023-04-23 04:00,11.5,,2.8,320,23,3656
102,백령도,2023-04-23 05:00,11,,2,320,28,3925
102,백령도,2023-04-23 06:00,11.1,,2,290,29,3820
102,백령도,2023-04-23 07:00,11.2,,2.9,320,33,3595
102,백령도,2023-04-23 08:00,11.7,,2,320,39,2955
102,백령도,2023-04-23 09:00,13.8,,3,340,31,3740
102,백령도,2023-04-23 10:00,15.4,,2.9,320,34,3496
102,백령도,2023-04-23 11:00,17.5,,1.7,20,23,3283
102,백령도,2023-04-23 12:00,16.4,,3.4,290,33,3160
102,백령도,2023-04-23 13:00,15.2,,4.6,340,29,2744
102,백령도,2023-04-23 14:00,14.8,,5.8,340,34,2254
102,백령도,2023-04-23 15:00,13.4,,3,290,36,3271
102,백령도,2023-04-23 16:00,12.8,,5.8,340,38,2940
102,백령도,2023-04-23 17:00,12.6,,5.7,340,38,2883
102,백령도,2023-04-23 18:00,12.8,,4.5,360,30,3205
102,백령도,2023-04-23 19:00,12.8,,4,340,27,3387
102,백령도,2023-04-23 20:00,11,,3.1,320,41,3195
102,백령도,2023-04-23 21:00,10.9,,4.4,320,40,3132
102,백령도,2023-04-23 22:00,10.8,,3.4,290,43,3401
102,백령도,2023-04-23 23:00,11.6,,3.8,340,36,3341
102,백령도,2023-04-24 00:00,11.6,,6,340,37,3250
102,백령도,2023-04-24 01:00,10.9,,5,340,47,3194
102,백령도,2023-04-24 02:00,11.1,,6,340,46,3199
102,백령도,2023-04-24 03:00,10.3,,3.7,360,51,3298
102,백령도,2023-04-24 04:00,10,,3.7,340,57,3363
102,백령도,2023-04-24 05:00,10.5,,3.7,340,51,3380
102,백령도,2023-04-24 06:00,9.8,,3.2,340,59,3374
102,백령도,2023-04-24 07:00,10.1,,3.8,360,50,3196
102,백령도,2023-04-24 08:00,10.3,,3.9,340,53,3102
102,백령도,2023-04-24 09:00,10.7,,4.5,340,48,2988
102,백령도,2023-04-24 10:00,11.2,,4.6,340,52,3092
102,백령도,2023-04-24 11:00,13.1,,2.2,340,40,3310
102,백령도,2023-04-24 12:00,15.6,,2.8,70,19,3044
102,백령도,2023-04-24 13:00,14.3,,4,320,32,3007
102,백령도,2023-04-24 14:00,11.1,,4.4,320,67,2165
102,백령도,2023-04-24 15:00,14.6,,2.6,290,45,2525
102,백령도,2023-04-24 16:00,15.2,,3.3,320,40,2753
102,백령도,2023-04-24 17:00,14.6,,2.7,290,46,2534
102,백령도,2023-04-24 18:00,12.8,,3,320,51,2391
102,백령도,2023-04-24 19:00,11.6,,1.7,290,55,2431
102,백령도,2023-04-24 20:00,9.5,,2.2,290,64,2673
102,백령도,2023-04-24 21:00,8.7,,1.6,270,66,3057
102,백령도,2023-04-24 22:00,7.9,,2.8,290,74,2926
102,백령도,2023-04-24 23:00,7.6,,2.8,290,72,3370
102,백령도,2023-04-25 00:00,7.7,,2.7,290,58,3331
102,백령도,2023-04-25 01:00,7.4,,2.4,290,58,3154
102,백령도,2023-04-25 02:00,7.6,,2.3,320,63,3212
102,백령도,2023-04-25 03:00,7.7,,1.3,290,46,3184
102,백령도,2023-04-25 04:00,7.8,,0,0,46,3126
102,백령도,2023-04-25 05:00,7.8,,0,0,42,3154
102,백령도,2023-04-25 06:00,7.3,,.6,110,49,3048
102,백령도,2023-04-25 07:00,7.7,,1.1,140,56,2765
102,백령도,2023-04-25 08:00,8.3,,3,160,75,2449
102,백령도,2023-04-25 09:00,9.1,,4,160,57,2754
102,백령도,2023-04-25 10:00,8.9,,5.7,160,70,2528
102,백령도,2023-04-25 11:00,9.3,,5.1,160,67,2713
102,백령도,2023-04-25 12:00,9,0,4.2,160,77,2531
102,백령도,2023-04-25 13:00,9.6,0,4.5,200,81,2439
102,백령도,2023-04-25 14:00,10.7,,3.3,230,76,2698
102,백령도,2023-04-25 15:00,10.6,,4.1,200,79,2799
102,백령도,2023-04-25 16:00,10.9,,4.9,200,76,3231
102,백령도,2023-04-25 17:00,11.1,,4.1,200,76,3306
102,백령도,2023-04-25 18:00,10.3,,4.2,230,82,3231
102,백령도,2023-04-25 19:00,9.8,,4.1,230,87,2799
102,백령도,2023-04-25 20:00,9.4,,3,200,90,2149
102,백령도,2023-04-25 21:00,9.5,,3.3,200,91,2296
102,백령도,2023-04-25 22:00,9.7,,3.6,200,91,2212
102,백령도,2023-04-25 23:00,9.7,,4.4,200,92,1868
102,백령도,2023-04-26 00:00,9.6,0,5.1,230,87,2538
102,백령도,2023-04-26 01:00,9.2,,4.5,250,85,2079
102,백령도,2023-04-26 02:00,8,,6.6,290,86,1874
102,백령도,2023-04-26 03:00,7.5,,7.3,320,84,2083
102,백령도,2023-04-26 04:00,7.2,,8.6,320,82,2052
102,백령도,2023-04-26 05:00,6.8,,6.9,320,82,2111
102,백령도,2023-04-26 06:00,6.8,,6.6,340,77,2230
102,백령도,2023-04-26 07:00,6.7,,8.5,320,71,2943
102,백령도,2023-04-26 08:00,6.9,,9.5,320,71,2961
102,백령도,2023-04-26 09:00,7.2,,9.9,320,64,2564
102,백령도,2023-04-26 10:00,7.5,,7.9,320,68,2632
102,백령도,2023-04-26 11:00,7.9,,6.2,320,64,2503
102,백령도,2023-04-26 12:00,8,,9.3,340,64,2563
102,백령도,2023-04-26 13:00,8.9,,7.4,340,62,2299
102,백령도,2023-04-26 14:00,9.5,,7.5,320,61,2419
102,백령도,2023-04-26 15:00,9.2,,7.7,320,62,2365
102,백령도,2023-04-26 16:00,9.2,,7.8,320,60,2433
102,백령도,2023-04-26 17:00,9.4,,6.1,320,56,2481
102,백령도,2023-04-26 18:00,9.4,,3.6,290,59,2488
102,백령도,2023-04-26 19:00,8.3,,2.3,290,71,2576
102,백령도,2023-04-26 20:00,7.5,,.1,0,74,2730
102,백령도,2023-04-26 21:00,6.7,,1.6,160,80,2291
102,백령도,2023-04-26 22:00,6.1,,2.1,200,88,1589
102,백령도,2023-04-26 23:00,5.7,,1.7,180,92,1093
102,백령도,2023-04-27 00:00,6,,1.3,250,94,963
102,백령도,2023-04-27 01:00,5.6,,2.5,180,96,399
102,백령도,2023-04-27 02:00,6.6,,1.6,230,95,900
102,백령도,2023-04-27 03:00,6.4,,1.1,180,94,837
102,백령도,2023-04-27 04:00,5.7,,1.8,180,96,495
102,백령도,2023-04-27 05:00,6,,1.8,140,94,1100
102,백령도,2023-04-27 06:00,7,,2.2,160,92,1190
102,백령도,2023-04-27 07:00,7.1,,1.4,160,93,852
102,백령도,2023-04-27 08:00,9.5,,3.2,160,73,2578
102,백령도,2023-04-27 09:00,10.1,,4.2,160,74,2405
102,백령도,2023-04-27 10:00,11.3,,4.5,160,66,2751
102,백령도,2023-04-27 11:00,11.7,,5.8,160,65,2886
102,백령도,2023-04-27 12:00,12,,6.8,160,67,3094
102,백령도,2023-04-27 13:00,12.1,,7.7,160,65,3001
102,백령도,2023-04-27 14:00,11.7,,8.4,160,65,3012
102,백령도,2023-04-27 15:00,11.4,,7.8,160,67,3015
102,백령도,2023-04-27 16:00,11.5,,6.2,160,70,2962
102,백령도,2023-04-27 17:00,11,,6.3,160,72,2608
102,백령도,2023-04-27 18:00,10.3,,4.2,160,76,2602
102,백령도,2023-04-27 19:00,9.2,,4.1,160,84,2419
102,백령도,2023-04-27 20:00,8.8,,5,160,90,1810
102,백령도,2023-04-27 21:00,8.6,,4.7,160,92,1259
102,백령도,2023-04-27 22:00,8.4,,4.9,160,92,1213
102,백령도,2023-04-27 23:00,8.1,,3.1,140,94,940
102,백령도,2023-04-28 00:00,8.2,,4.3,160,94,975
102,백령도,2023-04-28 01:00,8.2,,4.9,140,94,1178
102,백령도,2023-04-28 02:00,8.3,,5,140,93,1283
102,백령도,2023-04-28 03:00,8.2,,4.9,140,92,1352
102,백령도,2023-04-28 04:00,8.1,,5.1,140,92,1464
102,백령도,2023-04-28 05:00,8.1,,5.5,140,90,1832
102,백령도,2023-04-28 06:00,8.2,,5.3,160,90,2002
102,백령도,2023-04-28 07:00,8.7,,4.2,140,91,1983
102,백령도,2023-04-28 08:00,9.2,,6,160,87,2517
102,백령도,2023-04-28 09:00,10.4,,6,180,80,2610
102,백령도,2023-04-28 10:00,11.6,,6.5,160,78,2777
102,백령도,2023-04-28 11:00,12,,5.6,160,79,2495
102,백령도,2023-04-28 12:00,12.1,,5.2,140,82,2299
102,백령도,2023-04-28 13:00,11.7,,4.5,160,84,1580
102,백령도,2023-04-28 14:00,12.4,,4.3,160,81,1491
102,백령도,2023-04-28 15:00,12.8,,6.5,160,80,1684
102,백령도,2023-04-28 16:00,12.4,,7.2,160,80,1904
102,백령도,2023-04-28 17:00,11.6,,4,140,82,1344
102,백령도,2023-04-28 18:00,11.9,,4.9,160,82,2014
102,백령도,2023-04-28 19:00,11.5,,3.6,180,84,1966
102,백령도,2023-04-28 20:00,11.2,,2.8,160,86,1735
102,백령도,2023-04-28 21:00,10.6,,2.7,180,89,1338
102,백령도,2023-04-28 22:00,10.8,,2.1,180,90,1204
102,백령도,2023-04-28 23:00,11.1,,3.2,180,92,1120
102,백령도,2023-04-29 00:00,11.2,0,2.7,200,94,954
102,백령도,2023-04-29 01:00,10.7,0,.7,90,94,597
102,백령도,2023-04-29 02:00,10,0,2.4,110,97,63
102,백령도,2023-04-29 03:00,10.6,0,2.5,140,98,33
102,백령도,2023-04-29 04:00,10.7,.1,4.5,160,98,45
102,백령도,2023-04-29 05:00,10.8,0,4.7,160,98,49
102,백령도,2023-04-29 06:00,9.9,.1,3.6,180,98,25
102,백령도,2023-04-29 07:00,11,1.2,2.6,230,98,482
102,백령도,2023-04-29 08:00,11,1.8,2.8,270,98,525
102,백령도,2023-04-29 09:00,10.5,.8,3.3,270,95,1052
102,백령도,2023-04-29 10:00,10.1,0,6,270,94,485
102,백령도,2023-04-29 11:00,12.2,0,4.7,290,87,687
102,백령도,2023-04-29 12:00,12.6,,8,270,78,1521
102,백령도,2023-04-29 13:00,12,,10.5,270,74,1837
102,백령도,2023-04-29 14:00,12.1,,9.7,270,66,2343
102,백령도,2023-04-29 15:00,11.3,,9.9,270,75,1989
102,백령도,2023-04-29 16:00,9.9,,6.8,270,82,1909
102,백령도,2023-04-29 17:00,9.3,,8.2,290,79,2214
102,백령도,2023-04-29 18:00,9,,7.1,290,82,2192
102,백령도,2023-04-29 19:00,9.1,,8.8,290,83,2042
102,백령도,2023-04-29 20:00,8.6,,8.1,290,86,2164
102,백령도,2023-04-29 21:00,8.7,,8.2,320,85,2188
102,백령도,2023-04-29 22:00,9.1,,7.9,290,80,2661
102,백령도,2023-04-29 23:00,8.7,,5.9,290,84,2303
102,백령도,2023-04-30 00:00,8.6,,5.6,290,84,2332
102,백령도,2023-04-30 01:00,8.7,,4.9,290,80,2845
102,백령도,2023-04-30 02:00,8.5,,3.8,290,76,3388
102,백령도,2023-04-30 03:00,9.3,,4.9,290,67,3918
102,백령도,2023-04-30 04:00,8.9,,4.4,290,73,3584
102,백령도,2023-04-30 05:00,8.8,,3.6,290,75,3345
102,백령도,2023-04-30 06:00,7.9,,1.6,250,80,2822
102,백령도,2023-04-30 07:00,8.7,,2,180,75,3415
102,백령도,2023-04-30 08:00,10.5,,2.9,180,62,3117
102,백령도,2023-04-30 09:00,11.6,,3.7,160,60,2991
102,백령도,2023-04-30 10:00,13.1,,3.6,160,62,3095
102,백령도,2023-04-30 11:00,13,,4.1,90,68,2851
102,백령도,2023-04-30 12:00,13,,2.3,180,69,2410
102,백령도,2023-04-30 13:00,13.5,,4,180,72,2134
102,백령도,2023-04-30 14:00,14.7,,2.3,90,68,2254
102,백령도,2023-04-30 15:00,14.1,0,1.2,140,71,1928
102,백령도,2023-04-30 16:00,14,,2.3,340,69,2029
102,백령도,2023-04-30 17:00,13.5,,3.2,320,71,2096
102,백령도,2023-04-30 18:00,11.9,,4.4,290,77,1961
102,백령도,2023-04-30 19:00,10.9,,3.3,290,82,2050
102,백령도,2023-04-30 20:00,9.7,,2.9,290,86,1919
102,백령도,2023-04-30 21:00,9.4,,4.2,290,89,1661
102,백령도,2023-04-30 22:00,9.3,,3.2,290,80,2269
102,백령도,2023-04-30 23:00,9.3,,2.8,270,70,2695
102,백령도,2023-05-01 00:00,9.8,,3.1,290,75,2761
102,백령도,2023-05-01 01:00,9.6,,3.1,290,70,3153
102,백령도,2023-05-01 02:00,9.6,,4.3,290,73,3144
102,백령도,2023-05-01 03:00,9,,4.2,290,81,2547
102,백령도,2023-05-01 04:00,8.9,,3.7,290,78,3294
102,백령도,2023-05-01 05:00,9.4,,3.7,290,68,3829
102,백령도,2023-05-01 06:00,9.7,,2.7,290,64,4144
102,백령도,2023-05-01 07:00,10.8,,.7,320,63,3093
102,백령도,2023-05-01 08:00,11.5,0,3.2,360,61,3185
102,백령도,2023-05-01 09:00,12.6,0,3.4,340,48,3265
102,백령도,2023-05-01 10:00,12.2,0,4.1,340,53,3892
102,백령도,2023-05-01 11:00,15.9,,1.9,70,37,3980
102,백령도,2023-05-01 12:00,17.8,,3.2,110,28,4015
102,백령도,2023-05-01 13:00,17,,3.6,160,39,3164
102,백령도,2023-05-01 14:00,16.8,,5.4,180,31,3924
102,백령도,2023-05-01 15:00,16.2,,5.2,180,37,3898
102,백령도,2023-05-01 16:00,15.3,,5.1,180,42,3661
102,백령도,2023-05-01 17:00,14.2,,5.5,180,47,3626
102,백령도,2023-05-01 18:00,13.4,,4.2,180,54,3452
102,백령도,2023-05-01 19:00,12,,2.5,160,61,2929
102,백령도,2023-05-01 20:00,10.6,,1.7,140,71,3035
102,백령도,2023-05-01 21:00,9.4,,1.4,90,86,1641
102,백령도,2023-05-01 22:00,9.8,,2.6,140,82,1858
102,백령도,2023-05-01 23:00,9.9,,3.2,140,80,2163
102,백령도,2023-05-02 00:00,9.8,,2.3,140,79,2154
102,백령도,2023-05-02 01:00,10.6,,3.4,160,71,2857
102,백령도,2023-05-02 02:00,11,,4.2,160,65,3359
102,백령도,2023-05-02 03:00,10.5,,4.7,140,71,2819
102,백령도,2023-05-02 04:00,10.9,,5.6,140,66,2938
102,백령도,2023-05-02 05:00,10.7,,6.2,140,72,2504
102,백령도,2023-05-02 06:00,10.2,,4.8,140,78,1654
102,백령도,2023-05-02 07:00,10.4,,6.7,140,80,1710
102,백령도,2023-05-02 08:00,12.3,,6.3,140,66,2302
102,백령도,2023-05-02 09:00,13.2,,6.7,140,60,2264
102,백령도,2023-05-02 10:00,14.3,,6.9,140,55,2657
102,백령도,2023-05-02 11:00,14.2,,6.7,140,56,2130
102,백령도,2023-05-02 12:00,13.4,,7.5,140,65,1543
102,백령도,2023-05-02 13:00,14.1,,6.1,160,61,1660
102,백령도,2023-05-02 14:00,13.4,,7.3,160,67,1608
102,백령도,2023-05-02 15:00,13.2,,5.8,160,70,1823
102,백령도,2023-05-02 16:00,13.3,,4.5,160,72,2022
102,백령도,2023-05-02 17:00,12.6,,4.2,160,78,1731
102,백령도,2023-05-02 18:00,12.2,,3.8,160,81,1705
102,백령도,2023-05-02 19:00,10.7,,2.8,70,89,1169
102,백령도,2023-05-02 20:00,12.1,,3.9,110,82,1570
102,백령도,2023-05-02 21:00,12.9,,5.5,140,73,1984
102,백령도,2023-05-02 22:00,13,,6,140,71,1987
102,백령도,2023-05-02 23:00,12.7,,5.4,160,69,2030
102,백령도,2023-05-03 00:00,11.3,,2.7,160,76,1947
102,백령도,2023-05-03 01:00,11.6,,5.2,140,77,2006
102,백령도,2023-05-03 02:00,11.1,,4.9,140,81,1698
102,백령도,2023-05-03 03:00,11.6,,5.1,140,79,1867
102,백령도,2023-05-03 04:00,11.6,,4.5,140,76,2315
102,백령도,2023-05-03 05:00,11.5,,4.6,140,78,2323
102,백령도,2023-05-03 06:00,11.8,,5.8,160,79,2372
102,백령도,2023-05-03 07:00,12.2,,6.4,140,76,2428
102,백령도,2023-05-03 08:00,13.5,,5.2,140,67,2478
102,백령도,2023-05-03 09:00,14.2,,5.5,140,58,2733
102,백령도,2023-05-03 10:00,15.6,,6.7,140,49,3024
102,백령도,2023-05-03 11:00,17.6,,6.4,140,41,3201
102,백령도,2023-05-03 12:00,16.4,,6.4,140,48,2838
102,백령도,2023-05-03 13:00,17,,6.3,140,46,2564
102,백령도,2023-05-03 14:00,17,,5.5,160,50,2557
102,백령도,2023-05-03 15:00,16.5,,5.6,140,51,2598
102,백령도,2023-05-03 16:00,16,,5.6,160,55,2292
102,백령도,2023-05-03 17:00,15.5,,6.5,160,64,2101
102,백령도,2023-05-03 18:00,14.6,,4.8,180,74,1825
102,백령도,2023-05-03 19:00,13.9,,3.8,180,85,1426
102,백령도,2023-05-03 20:00,13.5,,3.2,200,89,1182
102,백령도,2023-05-03 21:00,13.7,,2.7,180,92,894
102,백령도,2023-05-03 22:00,12.9,,2.8,200,91,1002
102,백령도,2023-05-03 23:00,13.2,,2.5,180,95,686
102,백령도,2023-05-04 00:00,12.2,,1.4,110,94,692
102,백령도,2023-05-04 01:00,12.7,,2.8,140,95,531
102,백령도,2023-05-04 02:00,12.4,,3.6,140,93,950
102,백령도,2023-05-04 03:00,12.7,,4.3,110,90,1870
102,백령도,2023-05-04 04:00,12.8,,3.5,110,91,1472
102,백령도,2023-05-04 05:00,12.9,,3.6,90,90,1425
102,백령도,2023-05-04 06:00,13.5,,3.9,90,89,1674
102,백령도,2023-05-04 07:00,14.1,,4.1,110,87,2031
102,백령도,2023-05-04 08:00,14.1,,4.6,110,87,1583
102,백령도,2023-05-04 09:00,14.9,,5.3,90,83,1743
102,백령도,2023-05-04 10:00,17.1,,7.5,110,74,1995
102,백령도,2023-05-04 11:00,18.3,,7.1,140,69,2262
102,백령도,2023-05-04 12:00,19.1,,5.7,110,67,2100
102,백령도,2023-05-04 13:00,17.7,0,7.1,110,70,2046
102,백령도,2023-05-04 14:00,17.9,0,4.8,140,77,1646
102,백령도,2023-05-04 15:00,16.9,.2,4.5,110,83,911
102,백령도,2023-05-04 16:00,16.5,1.3,4.3,110,86,601
102,백령도,2023-05-04 17:00,15.4,1.8,5.7,140,91,437
102,백령도,2023-05-04 18:00,15.1,.9,6.1,140,94,197
102,백령도,2023-05-04 19:00,15.4,1.5,5.2,140,97,138
102,백령도,2023-05-04 20:00,14.4,.5,5.5,110,97,18
102,백령도,2023-05-04 21:00,14.5,1.6,5.8,110,97,44
102,백령도,2023-05-04 22:00,14.2,2.5,5.8,110,98,48
102,백령도,2023-05-04 23:00,14.4,.8,5,110,98,60
102,백령도,2023-05-05 00:00,14.9,6.2,6.7,110,98,134
102,백령도,2023-05-05 01:00,15.5,4.5,8.7,110,98,164
102,백령도,2023-05-05 02:00,15,3.3,7.3,140,98,190
102,백령도,2023-05-05 03:00,14.6,.9,7.6,140,98,175
102,백령도,2023-05-05 04:00,15,.2,8.3,140,98,411
102,백령도,2023-05-05 05:00,14.3,.6,6.1,140,97,271
102,백령도,2023-05-05 06:00,12.9,.1,6.5,140,98,120
102,백령도,2023-05-05 07:00,12.5,1,6,140,98,125
102,백령도,2023-05-05 08:00,12.6,9,6,160,98,405
102,백령도,2023-05-05 09:00,12.4,14.5,4.8,160,98,602
102,백령도,2023-05-05 10:00,13,.2,2.6,180,98,163
102,백령도,2023-05-05 11:00,13.1,0,2.4,140,98,38
102,백령도,2023-05-05 12:00,13.2,0,2.9,180,98,86
102,백령도,2023-05-05 13:00,13,,3.7,180,98,78
102,백령도,2023-05-05 14:00,13.3,,1.7,140,97,572
102,백령도,2023-05-05 15:00,13.2,,1.8,90,97,783
102,백령도,2023-05-05 16:00,12.9,,.4,0,97,272
102,백령도,2023-05-05 17:00,11.8,0,1.2,90,98,32
102,백령도,2023-05-05 18:00,12.2,0,1.1,110,98,40
102,백령도,2023-05-05 19:00,12.2,.1,2.1,110,98,45
102,백령도,2023-05-05 20:00,12.7,0,1.3,90,98,37
102,백령도,2023-05-05 21:00,12.8,0,.8,70,98,32
102,백령도,2023-05-05 22:00,11.6,0,3.2,340,98,27
102,백령도,2023-05-05 23:00,13.1,0,2.3,360,98,44
102,백령도,2023-05-06 00:00,13.1,.2,2.5,340,98,45
102,백령도,2023-05-06 01:00,13.6,.5,1.8,340,98,115
102,백령도,2023-05-06 02:00,13.5,.2,4.4,20,98,1349
102,백령도,2023-05-06 03:00,13,.7,4.8,50,98,551
102,백령도,2023-05-06 04:00,13.4,0,4.1,20,93,3789
102,백령도,2023-05-06 05:00,12.1,0,3.9,340,92,2849
102,백령도,2023-05-06 06:00,13.1,0,2.5,360,91,3282
102,백령도,2023-05-06 07:00,13,0,3.2,70,88,4061
102,백령도,2023-05-06 08:00,14,,3.7,50,82,4781
102,백령도,2023-05-06 09:00,14.1,,4.2,50,80,4268
102,백령도,2023-05-06 10:00,13.8,,3.2,70,79,4806
102,백령도,2023-05-06 11:00,13.6,,4.6,90,73,3479
102,백령도,2023-05-06 12:00,13.1,,4.2,90,75,3904
102,백령도,2023-05-06 13:00,13.6,,3.2,90,73,4235
102,백령도,2023-05-06 14:00,13.2,,4.2,90,74,4403
102,백령도,2023-05-06 15:00,13.6,,6.9,90,67,3613
102,백령도,2023-05-06 16:00,12.8,,4.4,90,70,3434
102,백령도,2023-05-06 17:00,13.8,,4.8,110,63,3380
102,백령도,2023-05-06 18:00,14.2,,4.6,110,55,3177
102,백령도,2023-05-06 19:00,13.6,,2.9,110,58,3158
102,백령도,2023-05-06 20:00,12.8,,2.6,90,60,3025
102,백령도,2023-05-06 21:00,12.3,,2.2,90,63,3275
102,백령도,2023-05-06 22:00,12,,1.8,20,66,3329
102,백령도,2023-05-06 23:00,10.4,,2.3,340,76,3296
102,백령도,2023-05-07 00:00,12.6,,2.7,50,48,3175
102,백령도,2023-05-07 01:00,12.1,,1.5,90,52,3271
102,백령도,2023-05-07 02:00,12,,2.4,20,49,3368
102,백령도,2023-05-07 03:00,9.4,,2.1,340,70,3539
102,백령도,2023-05-07 04:00,11.5,,2.2,360,47,3312
102,백령도,2023-05-07 05:00,11.6,,2.3,20,46,3196
102,백령도,2023-05-07 06:00,11.9,,2.8,50,42,3224
102,백령도,2023-05-07 07:00,11.9,,3.1,50,48,3069
102,백령도,2023-05-07 08:00,12.9,,2,50,43,3050
102,백령도,2023-05-07 09:00,13.7,,3.6,50,42,3075
102,백령도,2023-05-07 10:00,13.3,,3.9,50,45,2804
102,백령도,2023-05-07 11:00,14.3,,3.1,50,43,2907
102,백령도,2023-05-07 12:00,15.8,,3.2,50,38,3030
102,백령도,2023-05-07 13:00,15.7,,2.7,70,39,2808
102,백령도,2023-05-07 14:00,17,,2.2,70,33,2695
102,백령도,2023-05-07 15:00,16.8,,3.8,290,34,2876
102,백령도,2023-05-07 16:00,15.6,,3.2,290,47,2246
102,백령도,2023-05-07 17:00,14.6,,3.6,290,54,1816
102,백령도,2023-05-07 18:00,12.8,,3.8,290,69,1488
102,백령도,2023-05-07 19:00,12.4,,2.5,320,64,1856
102,백령도,2023-05-07 20:00,11.3,,3.7,320,62,2290
102,백령도,2023-05-07 21:00,11,,4.4,320,63,2793
102,백령도,2023-05-07 22:00,10.6,,5.2,290,68,2785
102,백령도,2023-05-07 23:00,9.8,,4.6,290,83,1924
102,백령도,2023-05-08 00:00,9.9,,4.5,290,81,2125
102,백령도,2023-05-08 01:00,9.9,,4.2,320,79,2357
102,백령도,2023-05-08 02:00,10.8,,4.6,290,68,2689
102,백령도,2023-05-08 03:00,10.3,,3.2,320,76,2288
102,백령도,2023-05-08 04:00,9.7,,3.1,290,81,2153
102,백령도,2023-05-08 05:00,9.8,,2.5,290,76,2479
102,백령도,2023-05-08 06:00,9.7,,3,290,77,2604
102,백령도,2023-05-08 07:00,11.8,,2.7,290,67,2982
102,백령도,2023-05-08 08:00,13.9,,1.7,290,59,2915
102,백령도,2023-05-08 09:00,14.8,,2.4,340,56,2995
102,백령도,2023-05-08 10:00,14.8,,2.6,290,57,2723
102,백령도,2023-05-08 11:00,14.6,,2.7,290,65,2582
102,백령도,2023-05-08 12:00,15.3,,3.2,290,63,2704
102,백령도,2023-05-08 13:00,15.3,,5,320,61,2791
102,백령도,2023-05-08 14:00,14.7,,4.6,320,62,2736
102,백령도,2023-05-08 15:00,13.9,,5.1,290,66,2508
102,백령도,2023-05-08 16:00,14.9,,4.6,290,59,2973
102,백령도,2023-05-08 17:00,14.3,,4.6,290,59,2951
102,백령도,2023-05-08 18:00,15,,4.2,290,41,3135
102,백령도,2023-05-08 19:00,13.5,,4.4,290,51,2675
102,백령도,2023-05-08 20:00,12.2,,4.2,290,58,2684
102,백령도,2023-05-08 21:00,12,,3.9,290,57,2361
102,백령도,2023-05-08 22:00,12.2,,4,290,56,2404
102,백령도,2023-05-08 23:00,12.6,,3.6,290,52,1884
102,백령도,2023-05-09 00:00,12.7,,3.2,290,63,1158
102,백령도,2023-05-09 01:00,10.5,,1.1,270,77,1190
102,백령도,2023-05-09 02:00,11.7,,1.8,320,68,988
102,백령도,2023-05-09 03:00,11,,2.2,320,74,812
102,백령도,2023-05-09 04:00,11.4,,1.3,290,74,775
102,백령도,2023-05-09 05:00,11.4,,3.4,290,74,868
102,백령도,2023-05-09 06:00,12.4,,3.7,290,68,993
102,백령도,2023-05-09 07:00,13.4,,3.8,290,66,952
102,백령도,2023-05-09 08:00,15.4,,3.9,290,54,1188
102,백령도,2023-05-09 09:00,16.2,,5.5,320,49,1453
102,백령도,2023-05-09 10:00,15.9,,5.9,290,52,1383
102,백령도,2023-05-09 11:00,16.5,,4.1,290,52,1382
102,백령도,2023-05-09 12:00,16.2,,4.4,290,55,1267
102,백령도,2023-05-09 13:00,17.8,,2.9,320,55,1079
102,백령도,2023-05-09 14:00,21.2,,3.8,290,35,1450
102,백령도,2023-05-09 15:00,16.1,,4.4,290,60,1143
102,백령도,2023-05-09 16:00,18.6,,3.2,290,46,1213
102,백령도,2023-05-09 17:00,14.8,,5.4,290,66,1030
102,백령도,2023-05-09 18:00,14.5,,4.6,320,67,909
102,백령도,2023-05-09 19:00,13.7,,3,290,76,641
102,백령도,2023-05-09 20:00,12.2,,3.7,290,77,710
102,백령도,2023-05-09 21:00,12,,3.6,290,71,1235
102,백령도,2023-05-09 22:00,13.1,,3.4,290,54,1961
102,백령도,2023-05-09 23:00,12.1,,2.5,290,57,1809
102,백령도,2023-05-10 00:00,13.3,,4,290,45,2011
102,백령도,2023-05-10 01:00,12.6,,3.7,320,59,2007
102,백령도,2023-05-10 02:00,12,,3.4,290,64,2018
102,백령도,2023-05-10 03:00,12.2,,3.2,290,62,2199
102,백령도,2023-05-10 04:00,12.3,,3.1,320,59,2367
102,백령도,2023-05-10 05:00,11.8,,2.1,290,62,2295
102,백령도,2023-05-10 06:00,11.4,,2.5,320,68,2320
102,백령도,2023-05-10 07:00,13.8,,.6,340,50,2502
102,백령도,2023-05-10 08:00,13.9,,1.9,290,62,2266
102,백령도,2023-05-10 09:00,14.9,,2,290,64,1997
102,백령도,2023-05-10 10:00,16.4,,3,290,50,2502
102,백령도,2023-05-10 11:00,18.4,,3,180,44,2231
102,백령도,2023-05-10 12:00,20.2,,2.5,180,34,2554
102,백령도,2023-05-10 13:00,20.5,,2.7,180,32,2775
102,백령도,2023-05-10 14:00,19.7,,3.3,320,34,2515
102,백령도,2023-05-10 15:00,21.3,,3.5,320,22,3175
102,백령도,2023-05-10 16:00,20.4,,3.7,320,24,2869
102,백령도,2023-05-10 17:00,19.1,,4.1,290,26,2912
102,백령도,2023-05-10 18:00,17.7,,4.3,290,30,2884
102,백령도,2023-05-10 19:00,15.9,,3.5,290,37,2743
102,백령도,2023-05-10 20:00,15.8,,3.4,290,23,2154
102,백령도,2023-05-10 21:00,14.8,,3.5,320,44,1884
102,백령도,2023-05-10 22:00,14.5,,4.3,290,48,2167
102,백령도,2023-05-10 23:00,15.2,,4.6,290,32,2082
102,백령도,2023-05-11 00:00,16.1,,5.1,290,25,1835
102,백령도,2023-05-11 01:00,16,,4.1,320,24,2844
102,백령도,2023-05-11 02:00,15.7,,4.3,290,28,2695
102,백령도,2023-05-11 03:00,14.7,,4,290,37,2549
102,백령도,2023-05-11 04:00,13.9,,5.4,290,54,1710
102,백령도,2023-05-11 05:00,12.1,,1.7,290,68,1643
102,백령도,2023-05-11 06:00,11.8,,.4,0,71,1521
102,백령도,2023-05-11 07:00,12.9,,2,140,66,1675
102,백령도,2023-05-11 08:00,13,,1.7,320,73,1626
102,백령도,2023-05-11 09:00,14.3,,2.2,90,67,1665
102,백령도,2023-05-11 10:00,15.5,,3.1,90,58,2252
102,백령도,2023-05-11 11:00,17,,3,110,56,2260
102,백령도,2023-05-11 12:00,18.7,,2.3,140,51,2183
102,백령도,2023-05-11 13:00,18.1,,2.6,180,55,1822
102,백령도,2023-05-11 14:00,18.1,,2.7,180,55,1815
102,백령도,2023-05-11 15:00,20.3,,2.6,230,49,1547
102,백령도,2023-05-11 16:00,18.3,,2.4,70,50,1596
102,백령도,2023-05-11 17:00,17.9,,1.6,90,54,1408
102,백령도,2023-05-11 18:00,17.1,,3,230,57,1552
102,백령도,2023-05-11 19:00,16.5,,1.6,250,44,2240
102,백령도,2023-05-11 20:00,12.9,,.7,200,70,1542
102,백령도,2023-05-11 21:00,13.8,,1.7,200,65,1501
102,백령도,2023-05-11 22:00,11.3,,.9,140,82,902
102,백령도,2023-05-11 23:00,11.1,,1.4,140,88,594
102,백령도,2023-05-12 00:00,10.4,,1.3,180,83,990
102,백령도,2023-05-12 01:00,10.6,,1.9,140,89,556
102,백령도,2023-05-12 02:00,10.7,,1.9,90,86,807
102,백령도,2023-05-12 03:00,10.6,,2.2,90,91,455
102,백령도,2023-05-12 04:00,10.2,,1.7,110,92,328
102,백령도,2023-05-12 05:00,10.9,,2.3,90,88,539
102,백령도,2023-05-12 06:00,10.5,,2.5,90,90,482
102,백령도,2023-05-12 07:00,11.7,,2.9,110,87,822
102,백령도,2023-05-12 08:00,13,,2.4,110,80,1215
102,백령도,2023-05-12 09:00,14.4,,.9,320,74,1807
102,백령도,2023-05-12 10:00,14.9,,3.8,160,77,1677
102,백령도,2023-05-12 11:00,15.5,,4.8,180,75,1596
102,백령도,2023-05-12 12:00,16.4,,3,180,75,1529
102,백령도,2023-05-12 13:00,16.7,,3.7,180,73,1730
102,백령도,2023-05-12 14:00,17.2,,4.2,160,75,1722
102,백령도,2023-05-12 15:00,16.9,,4.3,180,77,1785
102,백령도,2023-05-12 16:00,15.4,,5.4,180,81,1597
102,백령도,2023-05-12 17:00,14.2,,4.8,180,92,782
102,백령도,2023-05-12 18:00,13.7,,5.3,200,95,199
102,백령도,2023-05-12 19:00,13.5,0,4.4,180,96,167
102,백령도,2023-05-12 20:00,13.2,0,4.7,160,96,270
102,백령도,2023-05-12 21:00,12.9,,4.6,160,95,396
102,백령도,2023-05-12 22:00,12.8,,5,160,96,502
102,백령도,2023-05-12 23:00,12.7,,6,160,94,606
102,백령도,2023-05-13 00:00,12.7,,3.9,160,92,788
102,백령도,2023-05-13 01:00,12.4,,5.4,160,93,645
102,백령도,2023-05-13 02:00,12.3,,5.7,160,95,473
102,백령도,2023-05-13 03:00,11.7,,4.3,140,96,339
102,백령도,2023-05-13 04:00,11.8,,4.6,160,96,319
102,백령도,2023-05-13 05:00,10.9,,3.4,160,96,59
102,백령도,2023-05-13 06:00,10.1,,3.8,160,97,31
102,백령도,2023-05-13 07:00,10,,4.1,160,97,27
102,백령도,2023-05-13 08:00,10.5,,4.6,160,97,344
102,백령도,2023-05-13 09:00,11,,5.4,160,96,257
102,백령도,2023-05-13 10:00,11.5,,5.7,160,93,685
102,백령도,2023-05-13 11:00,11.3,,7.8,160,94,654
102,백령도,2023-05-13 12:00,11.5,0,6.8,140,93,693
102,백령도,2023-05-13 13:00,11.7,.6,4.7,140,96,275
102,백령도,2023-05-13 14:00,11.3,0,4.6,160,96,162
102,백령도,2023-05-13 15:00,11.6,.3,4.6,160,97,109
102,백령도,2023-05-13 16:00,12.4,.1,4.5,160,95,665
102,백령도,2023-05-13 17:00,12.2,,3.9,160,93,581
102,백령도,2023-05-13 18:00,11.9,,2.9,160,96,78
102,백령도,2023-05-13 19:00,11.3,,2.8,160,97,33
102,백령도,2023-05-13 20:00,10.8,,3.3,160,97,48
102,백령도,2023-05-13 21:00,10.4,,4.3,180,97,44
102,백령도,2023-05-13 22:00,10.1,,2.2,160,97,34
102,백령도,2023-05-13 23:00,9.9,,2.4,140,97,35
102,백령도,2023-05-14 00:00,9.8,,2.1,110,97,23
102,백령도,2023-05-14 01:00,10.3,,1.3,140,97,21
102,백령도,2023-05-14 02:00,10.6,,2.5,180,97,49
102,백령도,2023-05-14 03:00,10.1,,1.9,160,97,21
102,백령도,2023-05-14 04:00,10.8,,2.3,90,97,22
102,백령도,2023-05-14 05:00,10.9,,2.2,110,97,21
102,백령도,2023-05-14 06:00,12,,3,140,97,96
102,백령도,2023-05-14 07:00,11.9,,1.9,160,97,54
102,백령도,2023-05-14 08:00,12.4,,2.1,160,97,69
102,백령도,2023-05-14 09:00,12.9,,3.3,140,97,54
102,백령도,2023-05-14 10:00,13.4,,4.8,140,97,874
102,백령도,2023-05-14 11:00,14.6,,3.9,160,88,1356
102,백령도,2023-05-14 12:00,15.6,,3.6,160,84,1616
102,백령도,2023-05-14 13:00,15.8,,3.5,180,82,1831
102,백령도,2023-05-14 14:00,16.2,,4.9,180,79,2021
102,백령도,2023-05-14 15:00,16.7,,5.3,180,79,2093
102,백령도,2023-05-14 16:00,16.5,,5.7,180,74,2097
102,백령도,2023-05-14 17:00,16.7,,4.4,180,73,2215
102,백령도,2023-05-14 18:00,15.4,,3.5,160,77,2261
102,백령도,2023-05-14 19:00,14.3,,3.3,160,84,2050
102,백령도,2023-05-14 20:00,13.4,,4.4,180,92,1200
102,백령도,2023-05-14 21:00,12.9,,4.1,160,94,806
102,백령도,2023-05-14 22:00,12.7,,3.6,160,95,485
102,백령도,2023-05-14 23:00,12.7,,3,160,95,767
102,백령도,2023-05-15 00:00,12.6,,3.7,140,94,1045
102,백령도,2023-05-15 01:00,12.8,,3.8,160,92,1292
102,백령도,2023-05-15 02:00,12.7,,4.5,140,91,1453
102,백령도,2023-05-15 03:00,12.7,,4.3,140,89,1729
102,백령도,2023-05-15 04:00,12.5,,6.9,140,90,1721
102,백령도,2023-05-15 05:00,12.5,,6.2,140,87,1969
102,백령도,2023-05-15 06:00,12.5,,4.5,110,84,1849
102,백령도,2023-05-15 07:00,13.7,,6,140,77,1855
102,백령도,2023-05-15 08:00,13.7,,6.2,110,73,2049
102,백령도,2023-05-15 09:00,15.7,,5.9,110,61,2059
102,백령도,2023-05-15 10:00,16.1,,8.9,140,66,2056
102,백령도,2023-05-15 11:00,16.9,,8.1,140,66,1889
102,백령도,2023-05-15 12:00,17.2,,7.4,140,68,1422
102,백령도,2023-05-15 13:00,16.7,,6.6,140,72,1194
102,백령도,2023-05-15 14:00,16.9,,6.7,160,74,1089
102,백령도,2023-05-15 15:00,16.8,,5.1,140,76,1054
102,백령도,2023-05-15 16:00,16.6,,4.8,160,79,1200
102,백령도,2023-05-15 17:00,16.7,,5.4,160,78,1367
102,백령도,2023-05-15 18:00,15.8,,6.7,160,80,1608
102,백령도,2023-05-15 19:00,15.1,,6.1,160,84,1369
102,백령도,2023-05-15 20:00,14.4,,7.2,160,88,870
102,백령도,2023-05-15 21:00,14,,6.4,160,91,689
102,백령도,2023-05-15 22:00,14,,5.8,160,91,638
102,백령도,2023-05-15 23:00,13.6,,5.3,160,92,572
102,백령도,2023-05-16 00:00,13.5,,6.5,160,93,455
102,백령도,2023-05-16 01:00,13.6,,5.7,160,94,349
102,백령도,2023-05-16 02:00,13.2,,5.1,140,95,254
102,백령도,2023-05-16 03:00,13.6,,5.6,160,95,173
102,백령도,2023-05-16 04:00,13.3,,5.5,140,96,162
102,백령도,2023-05-16 05:00,13.7,,5.7,160,95,213
102,백령도,2023-05-16 06:00,14,,7.5,160,92,320
102,백령도,2023-05-16 07:00,15.2,,7.9,160,88,559
102,백령도,2023-05-16 08:00,15,,6.8,140,87,557
102,백령도,2023-05-16 09:00,15.2,,7.9,140,84,824
102,백령도,2023-05-16 10:00,16.3,,7,140,79,1042
102,백령도,2023-05-16 11:00,17.8,,8.1,140,73,1176
102,백령도,2023-05-16 12:00,17.9,,7.1,140,71,1242
102,백령도,2023-05-16 13:00,17.8,,6.7,140,71,1303
102,백령도,2023-05-16 14:00,18.1,,6.4,140,70,1456
102,백령도,2023-05-16 15:00,17.9,,6.5,140,71,1438
102,백령도,2023-05-16 16:00,17.2,,7.6,140,73,1397
102,백령도,2023-05-16 17:00,16.6,,6.4,140,75,1500
102,백령도,2023-05-16 18:00,16.1,,5.5,140,77,1574
102,백령도,2023-05-16 19:00,15,,6.8,140,84,1411
102,백령도,2023-05-16 20:00,14,,5.6,140,89,1023
102,백령도,2023-05-16 21:00,14.8,,5.2,140,86,1384
102,백령도,2023-05-16 22:00,14.9,,6,140,84,1527
102,백령도,2023-05-16 23:00,14.4,,4.9,140,88,1271
102,백령도,2023-05-17 00:00,13.4,,5.2,140,91,1005
102,백령도,2023-05-17 01:00,13,,5.5,140,96,220
102,백령도,2023-05-17 02:00,13.8,,6.2,160,96,373
102,백령도,2023-05-17 03:00,14.4,,6.7,160,96,442
102,백령도,2023-05-17 04:00,14.2,,4.8,140,96,82
102,백령도,2023-05-17 05:00,14.1,,4.5,140,96,37
102,백령도,2023-05-17 06:00,14.1,,5.4,140,97,40
102,백령도,2023-05-17 07:00,14.1,0,5.9,140,97,39
102,백령도,2023-05-17 08:00,14.4,.1,5.7,140,97,46
102,백령도,2023-05-17 09:00,14.5,.1,6.5,140,97,93
102,백령도,2023-05-17 10:00,14.5,0,5.9,140,96,280
102,백령도,2023-05-17 11:00,15.5,,5.3,140,89,1781
102,백령도,2023-05-17 12:00,16.5,,4.3,160,84,1754
102,백령도,2023-05-17 13:00,16.6,,6,160,86,1696
102,백령도,2023-05-17 14:00,16.7,,5.5,180,88,1250
102,백령도,2023-05-17 15:00,16.9,,8,180,91,1043
102,백령도,2023-05-17 16:00,18.5,,7.9,200,83,1570
102,백령도,2023-05-17 17:00,17.9,,7.6,200,84,1543
102,백령도,2023-05-17 18:00,17.6,,7.2,180,83,1649
102,백령도,2023-05-17 19:00,17.1,,6,180,88,1197
102,백령도,2023-05-17 20:00,16.5,,5.9,200,92,855
102,백령도,2023-05-17 21:00,16.2,,4.9,180,92,862
102,백령도,2023-05-17 22:00,14.4,,2.9,140,93,449
102,백령도,2023-05-17 23:00,13.8,,4.6,160,96,44
102,백령도,2023-05-18 00:00,13.7,,3.6,140,97,24
102,백령도,2023-05-18 01:00,13.9,,3.8,140,97,21
102,백령도,2023-05-18 02:00,13.9,,2.3,110,97,24
102,백령도,2023-05-18 03:00,13.2,,1.8,70,97,20
102,백령도,2023-05-18 04:00,13.4,,2,90,97,23
102,백령도,2023-05-18 05:00,13.9,,1.8,110,97,25
102,백령도,2023-05-18 06:00,14.3,,1.2,90,97,24
102,백령도,2023-05-18 07:00,14.2,,2,110,97,18
102,백령도,2023-05-18 08:00,14.9,,1.5,140,97,315
102,백령도,2023-05-18 09:00,16.5,,3.1,160,97,1048
102,백령도,2023-05-18 10:00,17.8,,2.4,180,86,1731
102,백령도,2023-05-18 11:00,19.8,,3.3,180,73,2405
102,백령도,2023-05-18 12:00,19.9,,3.1,180,70,2618
102,백령도,2023-05-18 13:00,16.5,,4,290,76,2215
102,백령도,2023-05-18 14:00,19.1,,2.3,290,71,2819
102,백령도,2023-05-18 15:00,16,,4.8,290,79,2907
102,백령도,2023-05-18 16:00,17.6,,3,290,76,3431
102,백령도,2023-05-18 17:00,16.6,,4.2,290,81,2922
102,백령도,2023-05-18 18:00,13.5,,3.4,290,92,296
102,백령도,2023-05-18 19:00,13.2,,4.8,290,95,189
102,백령도,2023-05-18 20:00,14.1,,3.2,340,93,1660
102,백령도,2023-05-18 21:00,15.1,,2.7,340,91,1711
102,백령도,2023-05-18 22:00,14.2,,1.4,290,93,1200
102,백령도,2023-05-18 23:00,15,,.9,290,91,1692
102,백령도,2023-05-19 00:00,15.8,,2.9,360,90,2866
102,백령도,2023-05-19 01:00,11.8,,2.3,290,94,647
102,백령도,2023-05-19 02:00,11.6,,2.4,290,95,1218
102,백령도,2023-05-19 03:00,11.5,,2.8,290,96,20
102,백령도,2023-05-19 04:00,11.2,,1.2,320,97,101
102,백령도,2023-05-19 05:00,11.9,,1.9,290,96,875
102,백령도,2023-05-19 06:00,11,,1.9,290,97,31
102,백령도,2023-05-19 07:00,13.6,,.8,70,97,1320
102,백령도,2023-05-19 08:00,17.4,,2.1,90,82,2399
102,백령도,2023-05-19 09:00,18.9,,2,90,73,2827
102,백령도,2023-05-19 10:00,20.8,,2.2,90,64,2972
102,백령도,2023-05-19 11:00,21.6,,2.8,110,58,3253
102,백령도,2023-05-19 12:00,22.5,,3.2,180,52,3552
102,백령도,2023-05-19 13:00,21.1,,2.5,290,63,2945
102,백령도,2023-05-19 14:00,19.7,,2.6,320,64,3390
102,백령도,2023-05-19 15:00,19.7,,2.7,320,64,3321
102,백령도,2023-05-19 16:00,19.3,,2.3,290,66,3923
102,백령도,2023-05-19 17:00,19.2,,1.4,320,66,3994
102,백령도,2023-05-19 18:00,19,,1.4,340,68,3736
102,백령도,2023-05-19 19:00,15.8,,3.5,290,84,2381
102,백령도,2023-05-19 20:00,14.3,,2.1,290,92,1320
102,백령도,2023-05-19 21:00,12.9,,2,290,94,805
102,백령도,2023-05-19 22:00,14.4,,.1,0,94,1303
102,백령도,2023-05-19 23:00,14.3,,.3,0,90,1526
102,백령도,2023-05-20 00:00,13.7,,0,0,92,1270
102,백령도,2023-05-20 01:00,12.5,,1.5,140,96,1147
102,백령도,2023-05-20 02:00,12.1,,.1,0,96,464
102,백령도,2023-05-20 03:00,12.7,,1.8,180,96,24
102,백령도,2023-05-20 04:00,12,,3.7,180,96,494
102,백령도,2023-05-20 05:00,12,,3,180,97,49
102,백령도,2023-05-20 06:00,12.4,,4.6,180,97,28
102,백령도,2023-05-20 07:00,12.5,,3.8,160,97,38
102,백령도,2023-05-20 08:00,13.1,,6.7,160,97,63
102,백령도,2023-05-20 09:00,13.4,,4.6,180,97,188
102,백령도,2023-05-20 10:00,14.5,,5.1,180,95,1056
102,백령도,2023-05-20 11:00,14.9,,6.7,180,87,1838
102,백령도,2023-05-20 12:00,17,,5.5,160,76,3005
102,백령도,2023-05-20 13:00,18.1,,6.4,180,71,3613
102,백령도,2023-05-20 14:00,18.1,,5.8,180,72,3146
102,백령도,2023-05-20 15:00,17.5,,5.9,180,74,3058
102,백령도,2023-05-20 16:00,17.1,,6.6,180,78,2651
102,백령도,2023-05-20 17:00,16.8,,6.1,200,81,2582
102,백령도,2023-05-20 18:00,16.1,,6.3,200,87,2163
102,백령도,2023-05-20 19:00,15.5,,6.7,180,90,1582
102,백령도,2023-05-20 20:00,15.5,,3,200,91,1047
102,백령도,2023-05-20 21:00,15.5,,4.5,230,91,760
102,백령도,2023-05-20 22:00,15.3,,4.4,230,93,681
102,백령도,2023-05-20 23:00,15.5,,5.1,250,92,714
102,백령도,2023-05-21 00:00,15.3,,4.8,250,89,906
102,백령도,2023-05-21 01:00,15.4,,3.8,250,81,1259
102,백령도,2023-05-21 02:00,15.2,,3.5,230,80,1343
102,백령도,2023-05-21 03:00,15.1,,3.7,250,77,1364
102,백령도,2023-05-21 04:00,15.5,,1.6,270,60,1430
102,백령도,2023-05-21 05:00,15.2,,2.7,270,58,1303
102,백령도,2023-05-21 06:00,14.5,,2.1,290,63,1348
102,백령도,2023-05-21 07:00,15,,1.6,290,66,1306
102,백령도,2023-05-21 08:00,15.6,,4.2,290,65,1191
102,백령도,2023-05-21 09:00,16.4,,3.8,320,60,1244
102,백령도,2023-05-21 10:00,17.1,,3.3,320,54,1305
102,백령도,2023-05-21 11:00,16.8,,4.9,320,61,1206
102,백령도,2023-05-21 12:00,16.5,,4.7,320,62,1254
102,백령도,2023-05-21 13:00,16.9,,4.5,290,64,1242
102,백령도,2023-05-21 14:00,16.8,,3.6,290,64,1184
102,백령도,2023-05-21 15:00,16.5,,3.2,290,63,1178
102,백령도,2023-05-21 16:00,14.9,,2.9,290,69,1228
102,백령도,2023-05-21 17:00,15,,1.9,290,71,1277
102,백령도,2023-05-21 18:00,15,,1.6,320,66,1272
102,백령도,2023-05-21 19:00,14.4,,2.1,290,68,1277
102,백령도,2023-05-21 20:00,14,,2.6,290,71,1204
102,백령도,2023-05-21 21:00,14.5,,3.3,290,70,1183
102,백령도,2023-05-21 22:00,13.8,,3.2,290,69,1134
102,백령도,2023-05-21 23:00,14.7,,3.8,290,60,1214
102,백령도,2023-05-22 00:00,14.5,,4.7,290,71,1354
102,백령도,2023-05-22 01:00,14.4,,4.7,320,75,1427
102,백령도,2023-05-22 02:00,13.3,,4,320,79,1406
102,백령도,2023-05-22 03:00,13,,2.6,290,77,1497
102,백령도,2023-05-22 04:00,12.8,,2.7,320,77,1504
102,백령도,2023-05-22 05:00,12.1,,2.6,320,82,1465
102,백령도,2023-05-22 06:00,12.4,,2.5,320,79,1590
102,백령도,2023-05-22 07:00,13.9,,3.1,320,70,1966
102,백령도,2023-05-22 08:00,14.5,,2.6,290,67,1921
102,백령도,2023-05-22 09:00,15.8,,3.5,290,63,2015
102,백령도,2023-05-22 10:00,16.9,,3.7,340,56,2290
102,백령도,2023-05-22 11:00,17.5,,2.7,290,57,2383
102,백령도,2023-05-22 12:00,17.9,,6.7,340,47,2902
102,백령도,2023-05-22 13:00,17.6,,6.7,340,48,3501
102,백령도,2023-05-22 14:00,17.8,,6.6,340,48,3810
102,백령도,2023-05-22 15:00,18.2,,6.8,340,45,4038
102,백령도,2023-05-22 16:00,17.6,,6,340,48,3611
102,백령도,2023-05-22 17:00,18.1,,2.8,340,49,3872
102,백령도,2023-05-22 18:00,16.5,,4.4,290,56,3388
102,백령도,2023-05-22 19:00,15.7,,3.6,320,59,3167
102,백령도,2023-05-22 20:00,14.3,,3.4,290,65,3162
102,백령도,2023-05-22 21:00,14.2,,3.2,320,67,3605
102,백령도,2023-05-22 22:00,14.6,,3.4,290,59,4028
102,백령도,2023-05-22 23:00,14.6,,2.5,290,55,4080
102,백령도,2023-05-23 00:00,14.5,,2.7,290,55,3789
102,백령도,2023-05-23 01:00,12.8,,2.4,290,66,3758
102,백령도,2023-05-23 02:00,13.6,,2.6,290,67,3054
102,백령도,2023-05-23 03:00,14.9,,1.8,340,52,3952
102,백령도,2023-05-23 04:00,14.4,,1.7,320,53,4533
102,백령도,2023-05-23 05:00,13.7,,2.7,290,57,4230
102,백령도,2023-05-23 06:00,13.2,,2.6,320,60,4383
102,백령도,2023-05-23 07:00,14.5,,2.7,320,62,4168
102,백령도,2023-05-23 08:00,18.2,,1.9,340,48,4120
102,백령도,2023-05-23 09:00,20.5,,1.9,340,37,4451
102,백령도,2023-05-23 10:00,19.5,,2.6,290,46,4330
102,백령도,2023-05-23 11:00,18.9,,4.6,290,50,4095
102,백령도,2023-05-23 12:00,18.4,,6.1,290,52,4000
102,백령도,2023-05-23 13:00,19.4,,5.6,290,53,3846
102,백령도,2023-05-23 14:00,18.4,,6.4,320,56,3781
102,백령도,2023-05-23 15:00,18.1,,6.1,320,57,3625
102,백령도,2023-05-23 16:00,18.9,,5.2,290,49,3983
102,백령도,2023-05-23 17:00,20.1,,3.7,320,41,4497
102,백령도,2023-05-23 18:00,19.8,,3.5,290,35,4503
102,백령도,2023-05-23 19:00,19.1,,1.5,320,37,4472
102,백령도,2023-05-23 20:00,16,,1.5,270,54,4227
102,백령도,2023-05-23 21:00,16.1,,2.8,290,41,4689
102,백령도,2023-05-23 22:00,16.2,,3.3,290,40,4675
102,백령도,2023-05-23 23:00,15.1,,1.4,290,47,4602
102,백령도,2023-05-24 00:00,15.6,,.2,0,46,4366
102,백령도,2023-05-24 01:00,14.4,,1.6,160,58,4373
102,백령도,2023-05-24 02:00,14.9,,.3,0,65,3929
102,백령도,2023-05-24 03:00,14.8,,.7,140,65,3705
102,백령도,2023-05-24 04:00,12.7,,2,140,67,4174
102,백령도,2023-05-24 05:00,12.9,,2.8,90,63,4053
102,백령도,2023-05-24 06:00,12.9,,2.8,110,74,3394
102,백령도,2023-05-24 07:00,14.7,,1.1,160,71,2968
102,백령도,2023-05-24 08:00,15.2,,2,110,72,2900
102,백령도,2023-05-24 09:00,16.5,,2.4,140,66,3125
102,백령도,2023-05-24 10:00,16.5,,3.8,160,71,2576
102,백령도,2023-05-24 11:00,17.7,,5,160,63,2983
102,백령도,2023-05-24 12:00,18.2,,3.9,180,60,3324
102,백령도,2023-05-24 13:00,18.4,,3.8,180,53,3579
102,백령도,2023-05-24 14:00,19.5,,4,180,44,4124
102,백령도,2023-05-24 15:00,18.9,,3.8,180,52,3797
102,백령도,2023-05-24 16:00,17.9,,3.6,180,60,3728
102,백령도,2023-05-24 17:00,17,,2.4,180,64,3072
102,백령도,2023-05-24 18:00,17,,2.4,160,67,3320
102,백령도,2023-05-24 19:00,15.9,,2.2,160,75,2741
102,백령도,2023-05-24 20:00,14.5,,2.7,160,86,1695
102,백령도,2023-05-24 21:00,13.9,,3.1,160,89,976
102,백령도,2023-05-24 22:00,13.9,,2.6,180,86,1098
102,백령도,2023-05-24 23:00,15.1,,2,200,77,2730
102,백령도,2023-05-25 00:00,14.4,,3.6,180,80,2122
102,백령도,2023-05-25 01:00,13.6,,3,180,88,1348
102,백령도,2023-05-25 02:00,13.5,,3,180,91,844
102,백령도,2023-05-25 03:00,14.7,,2.7,200,85,2861
102,백령도,2023-05-25 04:00,14,,2.8,180,89,1348
102,백령도,2023-05-25 05:00,13.3,,4.1,160,93,675
102,백령도,2023-05-25 06:00,13.6,,3,160,93,756
102,백령도,2023-05-25 07:00,14,,1.8,180,93,825
102,백령도,2023-05-25 08:00,16,,2.3,110,83,2566
102,백령도,2023-05-25 09:00,16.2,,5.3,140,79,2332
102,백령도,2023-05-25 10:00,17.5,,4.2,140,73,3185
102,백령도,2023-05-25 11:00,17.7,,4.9,140,74,3113
102,백령도,2023-05-25 12:00,18.7,,3.9,250,70,3121
102,백령도,2023-05-25 13:00,18.4,,5.2,250,68,3461
102,백령도,2023-05-25 14:00,19.1,,4.4,250,60,3708
102,백령도,2023-05-25 15:00,19.1,,4.3,250,60,3935
102,백령도,2023-05-25 16:00,17.6,,4.5,250,70,3304
102,백령도,2023-05-25 17:00,16.9,,2.7,250,76,2880
102,백령도,2023-05-25 18:00,17.4,,3.1,250,64,3780
102,백령도,2023-05-25 19:00,16.2,,4.3,250,78,3078
102,백령도,2023-05-25 20:00,15.6,,4.5,250,86,2581
102,백령도,2023-05-25 21:00,14.8,,1.7,250,86,2145
102,백령도,2023-05-25 22:00,16.5,,1.5,250,70,3940
102,백령도,2023-05-25 23:00,14.1,,2,250,87,1265
102,백령도,2023-05-26 00:00,14.8,,2.4,250,83,2265
102,백령도,2023-05-26 01:00,14.5,,2.9,250,84,2188
102,백령도,2023-05-26 02:00,14.2,,2.2,250,88,1685
102,백령도,2023-05-26 03:00,15.1,,3.9,250,89,1526
102,백령도,2023-05-26 04:00,15.3,,4.9,250,88,1926
102,백령도,2023-05-26 05:00,15.8,,3.9,250,87,2293
102,백령도,2023-05-26 06:00,15.2,,2.6,250,90,1368
102,백령도,2023-05-26 07:00,15.5,,1.6,250,89,1940
102,백령도,2023-05-26 08:00,16,,1.5,250,88,2060
102,백령도,2023-05-26 09:00,16.4,,1.7,250,85,2340
102,백령도,2023-05-26 10:00,17,,3.1,250,83,2616
102,백령도,2023-05-26 11:00,17.8,,3.7,250,78,2950
102,백령도,2023-05-26 12:00,19,,4.8,250,73,3395
102,백령도,2023-05-26 13:00,19.3,,4.5,250,66,3146
102,백령도,2023-05-26 14:00,20.2,,3.9,250,64,2972
102,백령도,2023-05-26 15:00,19.5,,3.8,250,67,3361
102,백령도,2023-05-26 16:00,19.1,,3.4,250,72,3276
102,백령도,2023-05-26 17:00,19,,3.1,250,74,2821
102,백령도,2023-05-26 18:00,17.5,,3.3,250,79,2309
102,백령도,2023-05-26 19:00,17,,3.4,250,83,2109
102,백령도,2023-05-26 20:00,16.3,,4.4,140,88,1674
102,백령도,2023-05-26 21:00,16.2,,4.3,140,89,1347
102,백령도,2023-05-26 22:00,16.2,,4,140,90,1305
102,백령도,2023-05-26 23:00,15.5,,.8,140,93,730
102,백령도,2023-05-27 00:00,15.5,,1.8,110,93,645
102,백령도,2023-05-27 01:00,14.8,,1.7,110,94,533
102,백령도,2023-05-27 02:00,15,,1.2,110,94,532
102,백령도,2023-05-27 03:00,15.2,,2.5,110,95,515
102,백령도,2023-05-27 04:00,15.7,,2.6,90,95,883
102,백령도,2023-05-27 05:00,15.1,,2.1,90,95,679
102,백령도,2023-05-27 06:00,15.3,0,2.7,90,92,1611
102,백령도,2023-05-27 07:00,16.3,0,3.1,90,89,1974
102,백령도,2023-05-27 08:00,15.7,0,3.1,90,92,1261
102,백령도,2023-05-27 09:00,15.7,2,4.9,90,95,451
102,백령도,2023-05-27 10:00,16.1,4.5,5.5,110,97,227
102,백령도,2023-05-27 11:00,15.9,5.6,6.3,110,97,174
102,백령도,2023-05-27 12:00,16,4.8,5.3,140,97,190
102,백령도,2023-05-27 13:00,15.9,7.2,4.8,110,97,144
102,백령도,2023-05-27 14:00,15.7,12.7,4.8,110,97,120
102,백령도,2023-05-27 15:00,16,11,5.1,110,97,118
102,백령도,2023-05-27 16:00,16.5,9.1,4,90,97,181
102,백령도,2023-05-27 17:00,16.8,8.6,5,160,97,173
102,백령도,2023-05-27 18:00,17,4.5,5.5,160,94,292
102,백령도,2023-05-27 19:00,16.9,2.8,8.2,200,94,268
102,백령도,2023-05-27 20:00,16.9,2.1,5.6,200,94,380
102,백령도,2023-05-27 21:00,17.2,.5,7.8,140,94,850
102,백령도,2023-05-27 22:00,17,.1,4.6,250,93,594
102,백령도,2023-05-27 23:00,18.1,.1,7,270,91,920
102,백령도,2023-05-28 00:00,17.3,.4,7.3,230,93,425
102,백령도,2023-05-28 01:00,17.5,.3,7.1,230,93,702
102,백령도,2023-05-28 02:00,16.9,.1,5.9,230,94,415
102,백령도,2023-05-28 03:00,16.8,.3,5.5,230,94,244
102,백령도,2023-05-28 04:00,16.4,.4,3.5,250,95,178
102,백령도,2023-05-28 05:00,16.4,.3,2.8,230,95,153
102,백령도,2023-05-28 06:00,16.4,.4,2.7,230,95,179
102,백령도,2023-05-28 07:00,16.6,.2,1.7,200,95,119
102,백령도,2023-05-28 08:00,17.2,1.9,2.7,230,95,687
102,백령도,2023-05-28 09:00,17.3,1.1,1.4,230,95,900
102,백령도,2023-05-28 10:00,18,0,1.8,230,94,2760
102,백령도,2023-05-28 11:00,17.6,0,1.1,270,94,1100
102,백령도,2023-05-28 12:00,17.1,0,.8,50,93,239
102,백령도,2023-05-28 13:00,17.2,0,1,50,93,1745
102,백령도,2023-05-28 14:00,17.9,0,1.5,90,91,2792
102,백령도,2023-05-28 15:00,17.8,.6,1.9,90,93,1146
102,백령도,2023-05-28 16:00,17.6,.1,1.6,110,94,1414
102,백령도,2023-05-28 17:00,17.5,0,1.5,90,93,3129
102,백령도,2023-05-28 18:00,16.9,.1,.7,90,94,1100
102,백령도,2023-05-28 19:00,17,.3,1.5,140,95,1039
102,백령도,2023-05-28 20:00,16.7,0,1.2,50,94,1025
102,백령도,2023-05-28 21:00,15.9,.1,.7,90,95,55
102,백령도,2023-05-28 22:00,16.7,0,.8,90,96,69
102,백령도,2023-05-28 23:00,16.8,0,.6,70,96,22
102,백령도,2023-05-29 00:00,17,0,.9,110,96,37
102,백령도,2023-05-29 01:00,16.8,,.7,90,96,33
102,백령도,2023-05-29 02:00,17.1,0,1.5,50,96,31
102,백령도,2023-05-29 03:00,15.7,0,1.5,50,96,23
102,백령도,2023-05-29 04:00,16.2,0,2.4,20,96,25
102,백령도,2023-05-29 05:00,15.4,0,2.2,360,96,27
102,백령도,2023-05-29 06:00,14.6,,2.9,320,96,21
102,백령도,2023-05-29 07:00,15.8,,2.8,360,96,20
102,백령도,2023-05-29 08:00,16.9,,3.7,50,96,177
102,백령도,2023-05-29 09:00,19,,2.5,50,95,1304
102,백령도,2023-05-29 10:00,20,,2.3,50,84,1825
102,백령도,2023-05-29 11:00,20.2,,3,20,83,1628
102,백령도,2023-05-29 12:00,21.6,,3.3,20,75,2165
102,백령도,2023-05-29 13:00,20.5,,4.3,340,78,2363
102,백령도,2023-05-29 14:00,19.8,,3.8,360,76,2440
102,백령도,2023-05-29 15:00,18.9,,4.5,340,81,2662
102,백령도,2023-05-29 16:00,18.8,,3.5,20,81,2717
102,백령도,2023-05-29 17:00,18.1,,4,360,82,2613
102,백령도,2023-05-29 18:00,16.6,,4.4,340,86,1916
102,백령도,2023-05-29 19:00,16.8,,4.3,340,88,1023
102,백령도,2023-05-29 20:00,17.4,,4.1,360,89,1483
102,백령도,2023-05-29 21:00,18.1,,2.7,20,81,2183
102,백령도,2023-05-29 22:00,17,,3.4,360,86,1907
102,백령도,2023-05-29 23:00,17.7,,3.3,340,83,1998
102,백령도,2023-05-30 00:00,18,,2.7,20,79,1203
102,백령도,2023-05-30 01:00,19.5,,3,20,70,2098
102,백령도,2023-05-30 02:00,20,,2.3,50,66,2451
102,백령도,2023-05-30 03:00,17.8,,2.9,20,73,1933
102,백령도,2023-05-30 04:00,16.4,,2.8,20,81,1178
102,백령도,2023-05-30 05:00,20.2,,1.6,50,51,4016
102,백령도,2023-05-30 06:00,20.4,,3.3,50,48,4165
102,백령도,2023-05-30 07:00,20.1,,4,50,48,4683
102,백령도,2023-05-30 08:00,20.7,,2,50,50,4274
102,백령도,2023-05-30 09:00,22.4,,2.6,70,47,4145
102,백령도,2023-05-30 10:00,23.2,,2.2,50,53,2999
102,백령도,2023-05-30 11:00,22.5,,1.3,70,60,2478
102,백령도,2023-05-30 12:00,21.9,,2.5,50,58,2813
102,백령도,2023-05-30 13:00,22.2,,4.2,50,54,2693
102,백령도,2023-05-30 14:00,21.3,,2.9,340,60,2740
102,백령도,2023-05-30 15:00,20.7,,3,50,60,2468
102,백령도,2023-05-30 16:00,19.2,,3.6,50,64,2622
102,백령도,2023-05-30 17:00,22.4,,1.5,70,62,2572
102,백령도,2023-05-30 18:00,19,,2.2,50,65,3212
102,백령도,2023-05-30 19:00,20.7,,1.4,50,64,3096
102,백령도,2023-05-30 20:00,18.8,,.9,20,76,2741
102,백령도,2023-05-30 21:00,18.8,,2.4,20,72,2918
102,백령도,2023-05-30 22:00,18,,2.5,360,77,2652
102,백령도,2023-05-30 23:00,17.8,,1.3,20,79,2682
102,백령도,2023-05-31 00:00,17.7,,2.3,50,78,2740
102,백령도,2023-05-31 01:00,18,,1.4,50,76,3055
102,백령도,2023-05-31 02:00,17.3,,2.7,50,79,2929
102,백령도,2023-05-31 03:00,19.9,,1,70,64,3710
102,백령도,2023-05-31 04:00,18.2,,1.5,70,73,3345
102,백령도,2023-05-31 05:00,17.4,,1.7,70,82,2585
102,백령도,2023-05-31 06:00,17,,1.1,90,80,2618
102,백령도,2023-05-31 07:00,19.2,,1.9,70,70,3488
102,백령도,2023-05-31 08:00,19.7,,2.2,70,69,3467
102,백령도,2023-05-31 09:00,20.5,,3.7,90,68,3514
102,백령도,2023-05-31 10:00,21.2,,3.9,90,63,3629
102,백령도,2023-05-31 11:00,21.7,,3.7,110,63,3248
102,백령도,2023-05-31 12:00,21.7,,3.8,110,63,3202
102,백령도,2023-05-31 13:00,21.3,,4.1,110,73,2162
102,백령도,2023-05-31 14:00,22.2,,3.9,140,71,1817
102,백령도,2023-05-31 15:00,21.7,,3.6,140,70,1628
102,백령도,2023-05-31 16:00,21.7,,3.1,200,69,1736
102,백령도,2023-05-31 17:00,20.7,,2.1,200,77,1137
102,백령도,2023-05-31 18:00,20.9,,1.1,230,76,1353
102,백령도,2023-05-31 19:00,19.6,,2.8,230,79,2271
102,백령도,2023-05-31 20:00,18.5,,4.4,230,84,2247
102,백령도,2023-05-31 21:00,18.4,,2.8,250,93,1177
102,백령도,2023-05-31 22:00,17.5,,3.2,200,97,67
102,백령도,2023-05-31 23:00,17.6,,1.8,180,98,172
102,백령도,2023-06-01 00:00,17.3,,2,200,98,625
102,백령도,2023-06-01 01:00,16.6,,1.3,180,94,1090
102,백령도,2023-06-01 02:00,16.9,,2.1,180,96,804
102,백령도,2023-06-01 03:00,14.9,,2.6,90,98,27
102,백령도,2023-06-01 04:00,15,,1.5,90,99,55
102,백령도,2023-06-01 05:00,15.3,,.6,110,99,334
102,백령도,2023-06-01 06:00,15.1,,1.4,110,99,73
102,백령도,2023-06-01 07:00,15.8,,1.4,140,99,471
102,백령도,2023-06-01 08:00,16.5,,2.1,180,99,1760
102,백령도,2023-06-01 09:00,16.7,,3.2,180,98,958
102,백령도,2023-06-01 10:00,16.9,,2.7,180,95,1447
102,백령도,2023-06-01 11:00,17.9,,3.2,180,95,1893
102,백령도,2023-06-01 12:00,18.6,,3.9,180,87,3072
102,백령도,2023-06-01 13:00,19.5,,4.5,180,85,3715
102,백령도,2023-06-01 14:00,20.3,,3.9,160,82,3410
102,백령도,2023-06-01 15:00,19.1,,4.2,180,87,2323
102,백령도,2023-06-01 16:00,17.8,,4.8,180,93,1183
102,백령도,2023-06-01 17:00,17.5,,4.9,180,95,686
102,백령도,2023-06-01 18:00,18.4,,3.3,180,89,1439
102,백령도,2023-06-01 19:00,16.5,,1.8,180,95,656
102,백령도,2023-06-01 20:00,16,,1.2,140,97,814
102,백령도,2023-06-01 21:00,16.2,,1.9,200,98,524
102,백령도,2023-06-01 22:00,16.4,,2,200,97,619
102,백령도,2023-06-01 23:00,17.9,,2.4,230,95,1366
102,백령도,2023-06-02 00:00,17.7,,3,250,92,2109
102,백령도,2023-06-02 01:00,17.5,,2.4,250,95,1246
102,백령도,2023-06-02 02:00,17.1,,2.7,290,98,299
102,백령도,2023-06-02 03:00,17,,2.6,200,98,461
102,백령도,2023-06-02 04:00,17.3,,2.1,230,95,1101
102,백령도,2023-06-02 05:00,17.4,,2.9,250,95,787
102,백령도,2023-06-02 06:00,16.9,,3,250,98,60
102,백령도,2023-06-02 07:00,17,,2.4,270,99,287
102,백령도,2023-06-02 08:00,17.7,,3,290,93,854
102,백령도,2023-06-02 09:00,16.5,,3.6,340,98,216
102,백령도,2023-06-02 10:00,18.1,,3.6,340,89,1068
102,백령도,2023-06-02 11:00,17.6,,4.2,340,88,1708
102,백령도,2023-06-02 12:00,18.1,,4,320,83,3786
102,백령도,2023-06-02 13:00,17.3,,4.5,320,85,3388
102,백령도,2023-06-02 14:00,17.4,,5.2,320,78,3317
102,백령도,2023-06-02 15:00,18.1,,5.5,340,73,3116
102,백령도,2023-06-02 16:00,18,,4.9,320,78,1599
102,백령도,2023-06-02 17:00,17.9,,6.6,340,75,1371
102,백령도,2023-06-02 18:00,17.6,,5.7,340,82,1103
102,백령도,2023-06-02 19:00,17.3,,6.6,340,80,1287
102,백령도,2023-06-02 20:00,16.4,,5.2,320,84,1134
102,백령도,2023-06-02 21:00,15.6,,5.6,320,89,944
102,백령도,2023-06-02 22:00,16.2,,3.3,320,88,1027
102,백령도,2023-06-02 23:00,15.9,,3.9,320,83,1552
102,백령도,2023-06-03 00:00,16.4,,4.5,340,79,2130
102,백령도,2023-06-03 01:00,17.1,,4.1,320,75,2858
102,백령도,2023-06-03 02:00,15.7,,3.9,320,81,2501
102,백령도,2023-06-03 03:00,15,,2.6,290,85,2384
102,백령도,2023-06-03 04:00,15.1,,2.7,290,83,2641
102,백령도,2023-06-03 05:00,16.1,,2,320,72,3912
102,백령도,2023-06-03 06:00,15.6,,3.8,290,79,3780
102,백령도,2023-06-03 07:00,17.7,,3.4,290,72,3546
102,백령도,2023-06-03 08:00,19.9,,2.4,320,62,4155
102,백령도,2023-06-03 09:00,21,,3.6,320,55,4228
102,백령도,2023-06-03 10:00,21.3,,4.6,320,54,4698
102,백령도,2023-06-03 11:00,21.5,,5.5,290,54,4684
102,백령도,2023-06-03 12:00,21.7,,4.8,290,56,4275
102,백령도,2023-06-03 13:00,22.2,,4.7,320,56,4737
102,백령도,2023-06-03 14:00,22.7,,6.3,290,46,4872
102,백령도,2023-06-03 15:00,22.8,,5.6,290,47,4720
102,백령도,2023-06-03 16:00,21.9,,6.3,290,53,3725
102,백령도,2023-06-03 17:00,21.1,,6,290,62,2787
102,백령도,2023-06-03 18:00,20.4,,5.7,290,67,2293
102,백령도,2023-06-03 19:00,18.3,,4.3,290,82,1560
102,백령도,2023-06-03 20:00,17.2,,3.6,290,87,1164
102,백령도,2023-06-03 21:00,18,,2.6,290,77,1711
102,백령도,2023-06-03 22:00,18.6,,2.9,290,68,2682
102,백령도,2023-06-03 23:00,18.7,,3.7,290,70,2395
102,백령도,2023-06-04 00:00,18.5,,4.3,290,71,2894
102,백령도,2023-06-04 01:00,17.7,,4.5,290,77,2554
102,백령도,2023-06-04 02:00,16.8,,3.7,290,82,2538
102,백령도,2023-06-04 03:00,16.1,,3.4,290,82,3386
102,백령도,2023-06-04 04:00,16.8,,3.4,290,73,4831
102,백령도,2023-06-04 05:00,17,,1.9,320,73,4660
102,백령도,2023-06-04 06:00,16.2,,1.4,230,75,4699
102,백령도,2023-06-04 07:00,18.9,,.8,250,72,3877
102,백령도,2023-06-04 08:00,20.2,,2.7,250,57,3003
102,백령도,2023-06-04 09:00,20.5,,.9,320,64,3667
102,백령도,2023-06-04 10:00,18.6,0,3,320,70,1609
102,백령도,2023-06-04 11:00,19,0,3.1,200,68,3092
102,백령도,2023-06-04 12:00,21.6,0,3.1,200,62,3209
102,백령도,2023-06-04 13:00,24.4,,.6,160,51,2309
102,백령도,2023-06-04 14:00,23,,2.6,90,58,2453
102,백령도,2023-06-04 15:00,23.6,,3.7,180,51,3415
102,백령도,2023-06-04 16:00,23.1,,5.9,250,53,3353
102,백령도,2023-06-04 17:00,23.5,,4.4,270,51,3736
102,백령도,2023-06-04 18:00,22.9,,3.6,270,54,3222
102,백령도,2023-06-04 19:00,21.2,,5.4,270,60,2335
102,백령도,2023-06-04 20:00,20.9,,2.4,270,57,3153
102,백령도,2023-06-04 21:00,19.8,,.9,270,63,2547
102,백령도,2023-06-04 22:00,20.1,,2.8,290,64,2007
102,백령도,2023-06-04 23:00,18.5,,1.1,90,70,1950
102,백령도,2023-06-05 00:00,17.9,,1.4,110,75,1505
102,백령도,2023-06-05 01:00,18.1,,.7,140,73,1656
102,백령도,2023-06-05 02:00,15.8,,1.8,180,88,919
102,백령도,2023-06-05 03:00,16.4,,2.5,180,88,534
102,백령도,2023-06-05 04:00,16.7,,1.7,180,86,836
102,백령도,2023-06-05 05:00,14.7,,1.5,140,94,428
102,백령도,2023-06-05 06:00,15.2,,1.5,180,94,370
102,백령도,2023-06-05 07:00,17.2,,1,110,88,831
102,백령도,2023-06-05 08:00,20.3,,2,270,76,2075
102,백령도,2023-06-05 09:00,21.1,,3.9,270,68,2961
102,백령도,2023-06-05 10:00,22.3,,3.9,230,61,3111
102,백령도,2023-06-05 11:00,22,,4.8,250,64,2534
102,백령도,2023-06-05 12:00,22.2,,6.9,250,61,2444
102,백령도,2023-06-05 13:00,23.1,,8,250,57,2743
102,백령도,2023-06-05 14:00,23.8,,7.2,270,54,3572
102,백령도,2023-06-05 15:00,23.9,,6.7,250,51,4584
102,백령도,2023-06-05 16:00,22.6,,8.2,250,53,4434
102,백령도,2023-06-05 17:00,22,,8.2,250,56,4188
102,백령도,2023-06-05 18:00,21,,8.5,250,57,4827
102,백령도,2023-06-05 19:00,19.5,,7.9,230,70,4365
102,백령도,2023-06-05 20:00,18.4,,6.6,230,79,3659
102,백령도,2023-06-05 21:00,18.1,,7,230,83,3249
102,백령도,2023-06-05 22:00,18,,7.3,230,86,3399
102,백령도,2023-06-05 23:00,17.9,,6.1,230,87,3251
102,백령도,2023-06-06 00:00,17.9,,5.1,250,84,3452
102,백령도,2023-06-06 01:00,17.6,,3,200,84,3144
102,백령도,2023-06-06 02:00,16.7,,2.8,200,90,2084
102,백령도,2023-06-06 03:00,15.9,,2.2,180,93,1211
102,백령도,2023-06-06 04:00,15.4,,2.9,200,95,1062
102,백령도,2023-06-06 05:00,16.7,,3.4,200,93,1700
102,백령도,2023-06-06 06:00,17.3,,4.1,230,90,2681
102,백령도,2023-06-06 07:00,17.7,,1.2,250,88,3104
102,백령도,2023-06-06 08:00,16.9,,3.5,200,88,2174
102,백령도,2023-06-06 09:00,17.6,0,3.1,200,88,2349
102,백령도,2023-06-06 10:00,18.4,.4,5.6,180,85,2358
102,백령도,2023-06-06 11:00,18.9,,6,200,81,2903
102,백령도,2023-06-06 12:00,18.5,0,4.5,200,85,2338
102,백령도,2023-06-06 13:00,19.8,0,5.9,200,78,3261
102,백령도,2023-06-06 14:00,19.8,,4.9,230,78,2974
102,백령도,2023-06-06 15:00,20,,6,200,79,3115
102,백령도,2023-06-06 16:00,19.6,,6.8,230,81,2674
102,백령도,2023-06-06 17:00,19.4,,6.6,230,81,2772
102,백령도,2023-06-06 18:00,19,,5.9,230,86,2324
102,백령도,2023-06-06 19:00,18.4,,6.2,230,89,1850
102,백령도,2023-06-06 20:00,18.1,,3.7,230,91,1384
102,백령도,2023-06-06 21:00,17.9,,4.1,230,92,851
102,백령도,2023-06-06 22:00,17.7,,4.5,230,93,494
102,백령도,2023-06-06 23:00,17.7,,2.2,230,94,399
102,백령도,2023-06-07 00:00,17.5,,1.4,200,95,318
102,백령도,2023-06-07 01:00,17.1,,3.3,200,95,315
102,백령도,2023-06-07 02:00,17,,1.8,180,95,378
102,백령도,2023-06-07 03:00,16.7,,1.5,180,96,362
102,백령도,2023-06-07 04:00,16.1,,1.8,110,97,213
102,백령도,2023-06-07 05:00,16.1,,1.3,140,98,189
102,백령도,2023-06-07 06:00,16.5,,3.1,140,98,148
102,백령도,2023-06-07 07:00,16.8,.1,3.6,160,98,171
102,백령도,2023-06-07 08:00,16.9,.1,4.4,160,98,156
102,백령도,2023-06-07 09:00,17,0,4.5,160,98,398
102,백령도,2023-06-07 10:00,16.9,0,5.1,140,97,643
102,백령도,2023-06-07 11:00,17.6,0,5.4,160,96,1232
102,백령도,2023-06-07 12:00,18.2,0,6.5,160,93,2090
102,백령도,2023-06-07 13:00,18.7,,7.8,160,90,2272
102,백령도,2023-06-07 14:00,18.3,,5.3,160,91,1990
102,백령도,2023-06-07 15:00,18.2,,7.8,160,93,1416
102,백령도,2023-06-07 16:00,17.9,,8.5,160,93,1142
102,백령도,2023-06-07 17:00,17,,7.6,160,94,735
102,백령도,2023-06-07 18:00,17.7,,8.3,160,95,727
102,백령도,2023-06-07 19:00,17.5,,7.8,160,96,519
102,백령도,2023-06-07 20:00,17.2,,5.1,160,97,296
102,백령도,2023-06-07 21:00,17.4,,5.7,160,97,326
102,백령도,2023-06-07 22:00,17.3,,5.8,160,96,273
102,백령도,2023-06-07 23:00,17.1,,5.7,160,95,269
102,백령도,2023-06-08 00:00,16.8,,5.6,160,96,232
102,백령도,2023-06-08 01:00,16.7,,5.1,140,96,236
102,백령도,2023-06-08 02:00,18,0,2.2,200,94,355
102,백령도,2023-06-08 03:00,17.8,.1,4.6,180,93,465
102,백령도,2023-06-08 04:00,16.8,1.9,4.7,160,97,277
102,백령도,2023-06-08 05:00,16.8,.6,5.5,160,97,466
102,백령도,2023-06-08 06:00,17,.8,8.2,160,97,467
102,백령도,2023-06-08 07:00,16.3,.2,7,140,98,427
102,백령도,2023-06-08 08:00,16.4,0,.9,340,98,420
102,백령도,2023-06-08 09:00,17.3,0,5,160,98,475
102,백령도,2023-06-08 10:00,17.3,0,4.1,160,97,397
102,백령도,2023-06-08 11:00,17.3,.4,4.6,160,97,341
102,백령도,2023-06-08 12:00,17.8,0,4.3,140,95,837
102,백령도,2023-06-08 13:00,18,,7.4,180,92,1330
102,백령도,2023-06-08 14:00,20,,6.2,200,87,2386
102,백령도,2023-06-08 15:00,19.7,,4.2,200,89,1456
102,백령도,2023-06-08 16:00,18.9,,3.6,180,93,903
102,백령도,2023-06-08 17:00,17.5,,1.6,110,93,1108
102,백령도,2023-06-08 18:00,17.5,,1.9,160,98,113
102,백령도,2023-06-08 19:00,17.2,,2.3,180,98,238
102,백령도,2023-06-08 20:00,16.3,,2.8,180,98,123
102,백령도,2023-06-08 21:00,17.4,,.9,230,98,89
102,백령도,2023-06-08 22:00,17.6,,1.3,320,98,73
102,백령도,2023-06-08 23:00,16.9,,1.4,340,98,14
102,백령도,2023-06-09 00:00,15.9,,1.9,290,99,36
102,백령도,2023-06-09 01:00,15.7,,4.3,340,99,84
102,백령도,2023-06-09 02:00,15.6,,3.6,320,99,30
102,백령도,2023-06-09 03:00,15.2,,2.5,320,99,18
102,백령도,2023-06-09 04:00,14.7,,.2,0,99,17
102,백령도,2023-06-09 05:00,14.3,,.6,110,99,15
102,백령도,2023-06-09 06:00,14.3,,.9,140,99,18
102,백령도,2023-06-09 07:00,14.1,,2.2,200,99,32
102,백령도,2023-06-09 08:00,14.4,,1.4,180,99,58
102,백령도,2023-06-09 09:00,14.1,,3.5,180,99,437
102,백령도,2023-06-09 10:00,14.7,,2.3,140,99,177
102,백령도,2023-06-09 11:00,15.1,,4.5,140,99,93
102,백령도,2023-06-09 12:00,16.8,,5,160,95,1293
102,백령도,2023-06-09 13:00,18.6,,5.2,140,83,2025
102,백령도,2023-06-09 14:00,16.7,,7.6,160,94,633
102,백령도,2023-06-09 15:00,16.4,,7.2,160,94,568
102,백령도,2023-06-09 16:00,16.5,,7.1,160,94,572
102,백령도,2023-06-09 17:00,16.5,,6.3,160,95,446
102,백령도,2023-06-09 18:00,15.8,,5.3,160,97,168
102,백령도,2023-06-09 19:00,15.7,,4.4,160,97,139
102,백령도,2023-06-09 20:00,15.8,,2,160,98,37
102,백령도,2023-06-09 21:00,15.7,,1.6,160,97,381
102,백령도,2023-06-09 22:00,15.7,,1.4,140,96,381
102,백령도,2023-06-09 23:00,16,,2.8,110,94,602
102,백령도,2023-06-10 00:00,16.6,,3.5,140,92,693
102,백령도,2023-06-10 01:00,16.7,,5.3,140,91,795
102,백령도,2023-06-10 02:00,16.2,,3.8,140,92,705
102,백령도,2023-06-10 03:00,16.1,,4.1,140,95,470
102,백령도,2023-06-10 04:00,16.3,,4.6,160,96,316
102,백령도,2023-06-10 05:00,16,,2.9,180,98,205
102,백령도,2023-06-10 06:00,16,,2.4,180,98,92
102,백령도,2023-06-10 07:00,17,,1.9,140,98,47
102,백령도,2023-06-10 08:00,16.9,,4.7,160,98,216
102,백령도,2023-06-10 09:00,16.9,,3.4,140,98,211
102,백령도,2023-06-10 10:00,17.7,,3.3,160,93,1506
102,백령도,2023-06-10 11:00,18.9,,3.4,110,90,1227
102,백령도,2023-06-10 12:00,20.5,,2.8,140,82,1748
102,백령도,2023-06-10 13:00,18.5,,5.2,160,88,1458
102,백령도,2023-06-10 14:00,17.6,0,4,180,93,967
102,백령도,2023-06-10 15:00,18.4,.6,7.7,200,91,636
102,백령도,2023-06-10 16:00,17.6,2.6,4.7,200,94,716
102,백령도,2023-06-10 17:00,18.2,.7,1.1,160,93,910
102,백령도,2023-06-10 18:00,16.4,1.6,2.3,90,97,516
102,백령도,2023-06-10 19:00,15.7,1.2,2.6,90,94,1985
102,백령도,2023-06-10 20:00,15.9,,2.6,110,91,3394
102,백령도,2023-06-10 21:00,15.7,,2.5,90,94,3007
102,백령도,2023-06-10 22:00,16.4,,1.8,110,90,3650
102,백령도,2023-06-10 23:00,16.1,1.5,2.6,90,91,1218
102,백령도,2023-06-11 00:00,15.9,2.8,3.5,90,95,1129
102,백령도,2023-06-11 01:00,15.9,.2,2.8,90,93,2546
102,백령도,2023-06-11 02:00,15.7,,2.7,110,95,1826
102,백령도,2023-06-11 03:00,15.1,,1.6,110,97,808
102,백령도,2023-06-11 04:00,15.4,,1.4,110,98,945
102,백령도,2023-06-11 05:00,15,,1.6,90,97,1606
102,백령도,2023-06-11 06:00,15,,1.5,290,97,1699
102,백령도,2023-06-11 07:00,17.1,,.8,320,89,3004
102,백령도,2023-06-11 08:00,19,,1.5,90,75,4515
102,백령도,2023-06-11 09:00,18.9,,2.8,70,79,3565
102,백령도,2023-06-11 10:00,20.5,,2.1,110,68,4718
102,백령도,2023-06-11 11:00,22.1,,1.5,110,61,4891
102,백령도,2023-06-11 12:00,22.8,,1.2,50,52,4971
102,백령도,2023-06-11 13:00,23.4,,2.3,340,52,4818
102,백령도,2023-06-11 14:00,21.7,,3.6,320,59,4729
102,백령도,2023-06-11 15:00,20.1,,5.5,320,74,3416
102,백령도,2023-06-11 16:00,18.7,,6.5,320,79,3122
102,백령도,2023-06-11 17:00,18.4,,6.2,320,82,1511
102,백령도,2023-06-11 18:00,18,,4.9,320,85,1373
102,백령도,2023-06-11 19:00,16.4,,5.3,320,89,1154
102,백령도,2023-06-11 20:00,16,,2.5,320,89,1759
102,백령도,2023-06-11 21:00,15.2,,2.2,320,90,1970
102,백령도,2023-06-11 22:00,15.3,,2.3,320,87,2798
102,백령도,2023-06-11 23:00,15.1,,1.7,320,85,3736
102,백령도,2023-06-12 00:00,16.3,,1.3,320,71,5000
102,백령도,2023-06-12 01:00,15.9,,1.3,290,74,4935
102,백령도,2023-06-12 02:00,17,,.5,290,65,4984
102,백령도,2023-06-12 03:00,18.3,,.1,0,58,4973
102,백령도,2023-06-12 04:00,15.6,,1.7,290,75,4711
102,백령도,2023-06-12 05:00,14.9,,2,290,87,3241
102,백령도,2023-06-12 06:00,16.8,,.7,70,71,3323
102,백령도,2023-06-12 07:00,17.5,,.2,0,71,4754
102,백령도,2023-06-12 08:00,17.6,0,1.1,110,77,1894
102,백령도,2023-06-12 09:00,19.7,,.9,110,64,1508
102,백령도,2023-06-12 10:00,21.6,,1.6,90,61,1059
102,백령도,2023-06-12 11:00,21.9,,1.2,70,60,4146
102,백령도,2023-06-12 12:00,21.7,,1.6,360,55,4499
102,백령도,2023-06-12 13:00,23.3,,1.5,20,46,1880
102,백령도,2023-06-12 14:00,22.8,,1.3,360,45,4855
102,백령도,2023-06-12 15:00,22,,3.1,180,51,4399
102,백령도,2023-06-12 16:00,22.1,,1.7,290,52,4531
102,백령도,2023-06-12 17:00,21.4,,1.5,320,57,4710
102,백령도,2023-06-12 18:00,20.3,,.7,160,63,3303
102,백령도,2023-06-12 19:00,18.8,0,0,0,80,2052
102,백령도,2023-06-12 20:00,18.6,,.3,0,79,1847
102,백령도,2023-06-12 21:00,17.7,,1.3,270,84,1416
102,백령도,2023-06-12 22:00,16.8,,1.7,290,90,1173
102,백령도,2023-06-12 23:00,16.4,,1.6,290,91,1253
102,백령도,2023-06-13 00:00,16.8,,1.3,290,89,1610
102,백령도,2023-06-13 01:00,16,,2.1,290,93,1094
102,백령도,2023-06-13 02:00,15.4,,2,320,91,1006
102,백령도,2023-06-13 03:00,15.7,,.6,320,79,1120
102,백령도,2023-06-13 04:00,15.8,,.4,0,74,4871
102,백령도,2023-06-13 05:00,16.2,,.2,0,78,4899
102,백령도,2023-06-13 06:00,15.2,,1.4,180,90,2872
102,백령도,2023-06-13 07:00,16.9,,.9,230,81,3408
102,백령도,2023-06-13 08:00,16,,1.5,320,86,2836
102,백령도,2023-06-13 09:00,18,,.6,320,72,4137
102,백령도,2023-06-13 10:00,20.1,,2.1,360,63,4753
102,백령도,2023-06-13 11:00,20.3,,1.9,340,66,4403
102,백령도,2023-06-13 12:00,21.5,,2.7,290,56,4763
102,백령도,2023-06-13 13:00,21.8,,1.8,320,53,4766
102,백령도,2023-06-13 14:00,20.5,,3.8,320,52,4930
102,백령도,2023-06-13 15:00,20.8,,4.8,320,51,4913
102,백령도,2023-06-13 16:00,21.1,,3.8,320,54,4988
102,백령도,2023-06-13 17:00,20.4,,3,290,58,4933
102,백령도,2023-06-13 18:00,19.5,,3.6,340,64,4888
102,백령도,2023-06-13 19:00,18.9,,2.6,320,69,4731
102,백령도,2023-06-13 20:00,17.2,,1.4,340,78,4947
102,백령도,2023-06-13 21:00,16.2,,1.7,320,85,3274
102,백령도,2023-06-13 22:00,16.2,,2.8,320,85,3511
102,백령도,2023-06-13 23:00,16.5,,3.3,320,84,4481
102,백령도,2023-06-14 00:00,16.3,,2,320,87,3043
102,백령도,2023-06-14 01:00,16.3,,2.1,360,89,3868
102,백령도,2023-06-14 02:00,15.5,,1.6,320,91,2804
102,백령도,2023-06-14 03:00,15.1,,1.4,320,92,2516
102,백령도,2023-06-14 04:00,15.3,,1.2,320,94,2073
102,백령도,2023-06-14 05:00,15.2,,1.1,320,95,1661
102,백령도,2023-06-14 06:00,15.7,,1,320,94,2189
102,백령도,2023-06-14 07:00,17,,1,340,90,1806
102,백령도,2023-06-14 08:00,18.3,,1.1,320,83,3469
102,백령도,2023-06-14 09:00,19.4,,2.5,360,82,2672
102,백령도,2023-06-14 10:00,20.5,,2.6,290,68,2994
102,백령도,2023-06-14 11:00,21.6,,2.4,320,57,3537
102,백령도,2023-06-14 12:00,21.7,,1.5,340,66,2572
102,백령도,2023-06-14 13:00,21.3,,3.9,320,74,2248
102,백령도,2023-06-14 14:00,22.1,,3.9,320,62,2440
102,백령도,2023-06-14 15:00,21.4,,5.3,320,60,2812
102,백령도,2023-06-14 16:00,21.3,,4.9,320,77,1829
102,백령도,2023-06-14 17:00,21.6,,3.6,320,72,2288
102,백령도,2023-06-14 18:00,20.3,,3.1,320,77,2517
102,백령도,2023-06-14 19:00,20.4,,3,320,79,2683
102,백령도,2023-06-14 20:00,19.2,,2.1,320,86,1926
102,백령도,2023-06-14 21:00,18.1,,2.3,320,92,850
102,백령도,2023-06-14 22:00,18,,1.7,320,93,681
102,백령도,2023-06-14 23:00,17.3,,.8,290,95,461
102,백령도,2023-06-15 00:00,17.3,,.8,290,95,447
102,백령도,2023-06-15 01:00,17.7,,1.7,320,96,344
102,백령도,2023-06-15 02:00,17.2,,1.6,320,97,120
102,백령도,2023-06-15 03:00,17.2,,1.9,320,98,12
102,백령도,2023-06-15 04:00,17,,.7,290,98,12
102,백령도,2023-06-15 05:00,17.2,,3.2,320,98,11
102,백령도,2023-06-15 06:00,16.5,,2.7,320,98,13
102,백령도,2023-06-15 07:00,17.6,,2.6,340,98,26
102,백령도,2023-06-15 08:00,17.4,,2.6,360,98,21
102,백령도,2023-06-15 09:00,21.1,,1.4,90,67,2133
102,백령도,2023-06-15 10:00,22,,2.7,320,59,2477
102,백령도,2023-06-15 11:00,21,,3.3,320,76,1537
102,백령도,2023-06-15 12:00,23.3,,1.8,320,62,1899
102,백령도,2023-06-15 13:00,23.6,,2.6,290,60,1981
102,백령도,2023-06-15 14:00,25.1,,1.2,50,57,1918
102,백령도,2023-06-15 15:00,23.1,,4.4,320,65,1639
102,백령도,2023-06-15 16:00,22.2,,5.8,320,68,2297
102,백령도,2023-06-15 17:00,21.3,,4.1,320,80,1825
102,백령도,2023-06-15 18:00,22,,3.3,290,80,1920
102,백령도,2023-06-15 19:00,21,,2.7,290,75,3679
102,백령도,2023-06-15 20:00,20,,1,250,81,2271
102,백령도,2023-06-15 21:00,18.7,,1.1,270,87,1746
102,백령도,2023-06-15 22:00,19,,.9,250,86,1288
102,백령도,2023-06-15 23:00,18.4,,.8,200,90,800
102,백령도,2023-06-16 00:00,18.2,,.4,0,93,572
102,백령도,2023-06-16 01:00,17.9,,1.3,180,95,341
102,백령도,2023-06-16 02:00,16.7,,.6,160,93,650
102,백령도,2023-06-16 03:00,16.2,,.7,180,97,189
102,백령도,2023-06-16 04:00,16.1,,1.3,160,98,373
102,백령도,2023-06-16 05:00,15.4,,1.9,180,98,16
102,백령도,2023-06-16 06:00,16.1,,1.3,180,98,17
102,백령도,2023-06-16 07:00,16.5,,.9,160,99,25
102,백령도,2023-06-16 08:00,18.2,,1,110,98,294
102,백령도,2023-06-16 09:00,18.4,,2.3,90,93,900
102,백령도,2023-06-16 10:00,20.7,,3,110,87,1359
102,백령도,2023-06-16 11:00,22.3,,2.8,140,82,2131
102,백령도,2023-06-16 12:00,22.4,,3.8,180,80,2191
102,백령도,2023-06-16 13:00,22.8,,4.4,160,77,2364
102,백령도,2023-06-16 14:00,22.8,,4.7,180,78,2550
102,백령도,2023-06-16 15:00,23.1,,4.1,180,76,2708
102,백령도,2023-06-16 16:00,22.3,,4.5,180,79,2891
102,백령도,2023-06-16 17:00,21.5,,4.5,200,83,1924
102,백령도,2023-06-16 18:00,21.5,,3,180,83,1939
102,백령도,2023-06-16 19:00,20.1,,3.4,180,90,1136
102,백령도,2023-06-16 20:00,18.1,,2.8,180,97,53
102,백령도,2023-06-16 21:00,18.1,,1.3,180,98,34
102,백령도,2023-06-16 22:00,17.9,,3.8,180,98,57
102,백령도,2023-06-16 23:00,18.1,,1.4,180,98,76
102,백령도,2023-06-17 00:00,19.1,,2.8,200,98,308
102,백령도,2023-06-17 01:00,19.2,,1.8,200,97,218
102,백령도,2023-06-17 02:00,15.9,,.6,140,98,33
102,백령도,2023-06-17 03:00,15.9,,2,110,99,25
102,백령도,2023-06-17 04:00,16.7,,2.3,110,99,27
102,백령도,2023-06-17 05:00,17,,2.4,110,99,21
102,백령도,2023-06-17 06:00,18,,1.1,110,99,28
102,백령도,2023-06-17 07:00,18.7,,2,140,99,134
102,백령도,2023-06-17 08:00,20,,2.6,110,98,559
102,백령도,2023-06-17 09:00,21.8,,2.3,140,80,1535
102,백령도,2023-06-17 10:00,21.8,,2.5,180,77,1746
102,백령도,2023-06-17 11:00,22.1,,3.2,200,76,1911
102,백령도,2023-06-17 12:00,22.9,,2.5,200,76,2031
102,백령도,2023-06-17 13:00,23.3,,3,200,71,2195
102,백령도,2023-06-17 14:00,24,,2,180,71,2180
102,백령도,2023-06-17 15:00,23.5,,2,160,70,2089
102,백령도,2023-06-17 16:00,23.4,,3,200,72,1976
102,백령도,2023-06-17 17:00,21.8,,2.7,230,79,1999
102,백령도,2023-06-17 18:00,21.5,,1.9,250,81,1684
102,백령도,2023-06-17 19:00,21,,1.6,250,84,1537
102,백령도,2023-06-17 20:00,20.5,,1.5,250,88,1221
102,백령도,2023-06-17 21:00,20,,1.5,230,90,1063
102,백령도,2023-06-17 22:00,19.6,,.4,0,92,979
102,백령도,2023-06-17 23:00,19.2,,1.4,270,94,679
102,백령도,2023-06-18 00:00,18.8,,1.3,290,96,367
102,백령도,2023-06-18 01:00,18.9,,1.2,270,96,434
102,백령도,2023-06-18 02:00,19.1,,1.3,290,96,429
102,백령도,2023-06-18 03:00,18.5,,1,320,98,11
102,백령도,2023-06-18 04:00,18.1,,1.4,290,98,13
102,백령도,2023-06-18 05:00,18.4,,3.1,340,98,186
102,백령도,2023-06-18 06:00,18.2,,2.4,340,98,382
102,백령도,2023-06-18 07:00,18.1,,2.9,360,98,406
102,백령도,2023-06-18 08:00,19.2,,3.7,340,92,1100
102,백령도,2023-06-18 09:00,19.4,,3.6,320,88,1618
102,백령도,2023-06-18 10:00,20.3,,4.5,320,82,1921
102,백령도,2023-06-18 11:00,20.9,,4.7,340,79,2136
102,백령도,2023-06-18 12:00,21.6,,4.2,340,75,2649
102,백령도,2023-06-18 13:00,22.1,,4.5,320,71,2921
102,백령도,2023-06-18 14:00,21.7,,5.8,320,76,2262
102,백령도,2023-06-18 15:00,21.6,,6.3,320,76,2372
102,백령도,2023-06-18 16:00,21.5,,6.1,320,78,2438
102,백령도,2023-06-18 17:00,21.1,,5.9,340,80,2232
102,백령도,2023-06-18 18:00,20.9,,3.9,340,83,1968
102,백령도,2023-06-18 19:00,20,,6.2,340,88,1313
102,백령도,2023-06-18 20:00,19.3,,3.8,320,92,924
102,백령도,2023-06-18 21:00,19,,3.1,320,93,721
102,백령도,2023-06-18 22:00,19,,1,290,90,1041
102,백령도,2023-06-18 23:00,19.3,,.5,270,75,2164
102,백령도,2023-06-19 00:00,19.6,,.8,230,71,4146
102,백령도,2023-06-19 01:00,17.8,,1.5,290,92,1100
102,백령도,2023-06-19 02:00,18.5,,.5,290,75,3324
102,백령도,2023-06-19 03:00,18.4,,1.9,230,78,3504
102,백령도,2023-06-19 04:00,17.9,,3.2,320,95,862
102,백령도,2023-06-19 05:00,17.4,,2.7,320,98,15
102,백령도,2023-06-19 06:00,17.4,,1.2,360,98,65
102,백령도,2023-06-19 07:00,19.5,,1.7,90,92,1113
102,백령도,2023-06-19 08:00,21.1,,2.2,90,74,2668
102,백령도,2023-06-19 09:00,21.9,,2,320,72,2422
102,백령도,2023-06-19 10:00,23.1,,1.5,90,68,2649
102,백령도,2023-06-19 11:00,22.2,,2.4,90,72,2417
102,백령도,2023-06-19 12:00,23.8,,2.5,90,67,2468
102,백령도,2023-06-19 13:00,25,,.9,250,61,2630
102,백령도,2023-06-19 14:00,26.2,,1.9,90,42,3997
102,백령도,2023-06-19 15:00,26.5,,2.4,90,47,3776
102,백령도,2023-06-19 16:00,25.1,,2.1,200,47,3521
102,백령도,2023-06-19 17:00,25.6,,1.5,200,44,3437
102,백령도,2023-06-19 18:00,23.2,,1.6,110,58,3358
102,백령도,2023-06-19 19:00,22.5,,2.6,270,54,3935
102,백령도,2023-06-19 20:00,21.4,,2.1,200,68,3148
102,백령도,2023-06-19 21:00,21.3,,1.5,180,77,2020
102,백령도,2023-06-19 22:00,20.7,,.8,160,85,1200
102,백령도,2023-06-19 23:00,20.2,,2,180,85,1621
102,백령도,2023-06-20 00:00,20,,1.6,140,81,2092
102,백령도,2023-06-20 01:00,18.3,,2.7,110,89,1052
102,백령도,2023-06-20 02:00,19.2,,2,110,87,1614
102,백령도,2023-06-20 03:00,19.5,,1,200,83,1905
102,백령도,2023-06-20 04:00,19.9,,.9,140,73,3057
102,백령도,2023-06-20 05:00,19.5,0,.9,160,75,2810
102,백령도,2023-06-20 06:00,19.3,0,1.3,140,79,1271
102,백령도,2023-06-20 07:00,18.5,.8,1.5,180,88,841
102,백령도,2023-06-20 08:00,18.2,4,1.6,110,94,256
102,백령도,2023-06-20 09:00,17.7,5.7,3.3,90,96,338
102,백령도,2023-06-20 10:00,19.5,0,1.2,90,91,1199
102,백령도,2023-06-20 11:00,20.6,0,.9,110,88,1488
102,백령도,2023-06-20 12:00,19.8,0,2.9,90,88,1034
102,백령도,2023-06-20 13:00,20,0,2.4,110,88,1175
102,백령도,2023-06-20 14:00,21.1,0,2.5,110,82,1301
102,백령도,2023-06-20 15:00,21.1,,2.5,110,80,1616
102,백령도,2023-06-20 16:00,21.2,,4.4,140,75,1581
102,백령도,2023-06-20 17:00,20.4,,2.1,110,80,1530
102,백령도,2023-06-20 18:00,20.1,0,2.3,180,80,1325
102,백령도,2023-06-20 19:00,18.7,.1,3.6,180,92,337
102,백령도,2023-06-20 20:00,18.1,.7,2,140,97,196
102,백령도,2023-06-20 21:00,18.1,1.7,1.5,160,98,176
102,백령도,2023-06-20 22:00,18.1,3.1,1.6,90,98,110
102,백령도,2023-06-20 23:00,17.7,1.8,1.7,90,98,32
102,백령도,2023-06-21 00:00,17.5,2.6,1.5,70,98,36
102,백령도,2023-06-21 01:00,17.7,1.5,2.2,90,98,24
102,백령도,2023-06-21 02:00,18.1,0,1.9,70,98,30
102,백령도,2023-06-21 03:00,18,.3,1.9,70,98,33
102,백령도,2023-06-21 04:00,18.1,.2,2.1,50,98,244
102,백령도,2023-06-21 05:00,17.4,0,1.8,340,98,57
102,백령도,2023-06-21 06:00,17.6,.2,2.3,360,98,33
102,백령도,2023-06-21 07:00,17.8,0,1.4,320,98,179
102,백령도,2023-06-21 08:00,18.1,.1,1.7,320,98,425
102,백령도,2023-06-21 09:00,19.2,0,2.3,320,95,1303
102,백령도,2023-06-21 10:00,18.1,,3.2,320,95,920
102,백령도,2023-06-21 11:00,19.4,,4,320,92,1816
102,백령도,2023-06-21 12:00,21.2,,3.2,320,84,3722
102,백령도,2023-06-21 13:00,21,,3.6,340,85,3625
102,백령도,2023-06-21 14:00,18.4,,4.1,340,93,960
102,백령도,2023-06-21 15:00,18.5,,4.5,320,90,1360
102,백령도,2023-06-21 16:00,19.7,,5.3,340,86,2417
102,백령도,2023-06-21 17:00,19.7,,5,340,85,4054
102,백령도,2023-06-21 18:00,19.7,,4,340,84,4286
102,백령도,2023-06-21 19:00,18.9,,3.1,340,88,4026
102,백령도,2023-06-21 20:00,17.7,,2.6,360,92,3222
102,백령도,2023-06-21 21:00,17.5,,2.1,320,93,2630
102,백령도,2023-06-21 22:00,17.5,,1.6,320,93,2345
102,백령도,2023-06-21 23:00,17.6,,2.2,320,92,2367
102,백령도,2023-06-22 00:00,17.7,,1.8,290,93,1651
102,백령도,2023-06-22 01:00,17.9,,2.5,290,92,1636
102,백령도,2023-06-22 02:00,18.3,,2.4,290,94,1374
102,백령도,2023-06-22 03:00,17.6,,1.8,290,96,875
102,백령도,2023-06-22 04:00,17.7,,2.6,270,97,886
102,백령도,2023-06-22 05:00,18.2,,2.7,320,97,456
102,백령도,2023-06-22 06:00,18.7,,2.2,320,98,74
102,백령도,2023-06-22 07:00,18.9,,.9,360,98,438
102,백령도,2023-06-22 08:00,20.6,,1.8,360,89,1295
102,백령도,2023-06-22 09:00,21.7,,2.8,360,81,1904
102,백령도,2023-06-22 10:00,21.4,,3.4,290,84,1649
102,백령도,2023-06-22 11:00,21.5,,4.2,320,86,1387
102,백령도,2023-06-22 12:00,21.5,,4.1,320,85,1380
102,백령도,2023-06-22 13:00,21.5,,4.7,320,88,1497
102,백령도,2023-06-22 14:00,23.6,,5.6,290,76,2337
102,백령도,2023-06-22 15:00,23.2,,7,320,81,1831
102,백령도,2023-06-22 16:00,23,,5.1,320,81,1749
102,백령도,2023-06-22 17:00,22.8,,5.1,320,84,1169
102,백령도,2023-06-22 18:00,22.1,,4,290,87,786
102,백령도,2023-06-22 19:00,21.9,,4.4,320,90,703
102,백령도,2023-06-22 20:00,21,,3.5,290,93,660
102,백령도,2023-06-22 21:00,20.8,,3.8,290,92,708
102,백령도,2023-06-22 22:00,20.1,,3,320,94,448
102,백령도,2023-06-22 23:00,20,,3.6,320,94,513
102,백령도,2023-06-23 00:00,20,,3,320,94,479
102,백령도,2023-06-23 01:00,19.3,,2,290,97,275
102,백령도,2023-06-23 02:00,19.7,,1.5,290,93,622
102,백령도,2023-06-23 03:00,19.4,,1.7,290,94,628
102,백령도,2023-06-23 04:00,19.7,,1.3,340,92,746
102,백령도,2023-06-23 05:00,20.7,,0,0,86,1157
102,백령도,2023-06-23 06:00,19,,.5,230,93,951
102,백령도,2023-06-23 07:00,22.6,,1,70,78,1616
102,백령도,2023-06-23 08:00,23.4,,.4,0,76,2224
102,백령도,2023-06-23 09:00,25.9,,.9,340,56,3116
102,백령도,2023-06-23 10:00,26.4,,2.6,360,50,3696
102,백령도,2023-06-23 11:00,27.6,,2.3,320,47,4073
102,백령도,2023-06-23 12:00,27.9,,1.3,340,50,4165
102,백령도,2023-06-23 13:00,24.9,,3.6,180,65,1880
102,백령도,2023-06-23 14:00,23.8,,4,180,72,1690
102,백령도,2023-06-23 15:00,22.7,,3.3,200,77,1694
102,백령도,2023-06-23 16:00,22.6,,2.9,200,75,1747
102,백령도,2023-06-23 17:00,23.6,,2.2,200,74,1806
102,백령도,2023-06-23 18:00,22.7,,2.3,200,77,1551
102,백령도,2023-06-23 19:00,21.5,,2.6,200,83,1172
102,백령도,2023-06-23 20:00,20.1,,1.6,180,89,655
102,백령도,2023-06-23 21:00,19.8,,3.7,180,91,614
102,백령도,2023-06-23 22:00,19.9,,.4,0,88,996
102,백령도,2023-06-23 23:00,18.1,,1.7,90,98,71
102,백령도,2023-06-24 00:00,19,,2.1,110,96,385
102,백령도,2023-06-24 01:00,20.1,,2.3,160,88,779
102,백령도,2023-06-24 02:00,19.4,,1.9,160,90,705
102,백령도,2023-06-24 03:00,19.4,,1.5,180,89,800
102,백령도,2023-06-24 04:00,18.9,,1.4,200,93,539
102,백령도,2023-06-24 05:00,18.5,,.8,70,94,533
102,백령도,2023-06-24 06:00,18.8,,1.4,140,96,429
102,백령도,2023-06-24 07:00,19.9,,3.8,160,95,469
102,백령도,2023-06-24 08:00,20.2,,5.2,160,97,327
102,백령도,2023-06-24 09:00,21.5,,3.6,160,94,334
102,백령도,2023-06-24 10:00,21.5,,2.3,180,92,1515
102,백령도,2023-06-24 11:00,22.5,,3.3,160,84,2223
102,백령도,2023-06-24 12:00,23.8,,4.5,160,82,1415
102,백령도,2023-06-24 13:00,24,,5.1,160,79,1555
102,백령도,2023-06-24 14:00,23.9,,4.9,160,81,1442
102,백령도,2023-06-24 15:00,24.1,,3.9,160,76,2357
102,백령도,2023-06-24 16:00,23.7,,4.9,180,78,2175
102,백령도,2023-06-24 17:00,23.4,,4.7,180,80,2162
102,백령도,2023-06-24 18:00,22.6,,3.4,180,83,1736
102,백령도,2023-06-24 19:00,21.2,,2.3,200,89,1100
102,백령도,2023-06-24 20:00,20.4,,2.1,180,94,444
102,백령도,2023-06-24 21:00,19.8,,1.8,200,97,183
102,백령도,2023-06-24 22:00,18.5,,1,110,97,418
102,백령도,2023-06-24 23:00,18.8,,1.4,110,98,27
102,백령도,2023-06-25 00:00,19.3,,.9,110,98,16
102,백령도,2023-06-25 01:00,19.5,,2.3,180,98,27
102,백령도,2023-06-25 02:00,19.4,,.7,160,98,27
102,백령도,2023-06-25 03:00,19,,1.1,110,98,16
102,백령도,2023-06-25 04:00,19.5,,1,160,98,18
102,백령도,2023-06-25 05:00,19.4,,1.4,90,98,60
102,백령도,2023-06-25 06:00,19.3,,1.8,90,98,540
102,백령도,2023-06-25 07:00,20,,1.9,110,97,1227
102,백령도,2023-06-25 08:00,21.5,,2.5,70,85,1645
102,백령도,2023-06-25 09:00,23.7,,1.9,70,75,2499
102,백령도,2023-06-25 10:00,25,,1.8,90,67,2473
102,백령도,2023-06-25 11:00,26.4,,1.7,110,59,3961
102,백령도,2023-06-25 12:00,27.6,,1.4,70,60,3697
102,백령도,2023-06-25 13:00,26.3,,3.2,290,63,3217
102,백령도,2023-06-25 14:00,25.5,,3,320,65,1748
102,백령도,2023-06-25 15:00,26,,3.4,320,63,2351
102,백령도,2023-06-25 16:00,26.4,,2.6,320,63,2373
102,백령도,2023-06-25 17:00,24.3,,2.3,50,68,2265
102,백령도,2023-06-25 18:00,23.8,,2,50,68,3436
102,백령도,2023-06-25 19:00,22.8,,1.5,50,71,3661
102,백령도,2023-06-25 20:00,21.9,,1.7,50,74,3559
102,백령도,2023-06-25 21:00,21.7,,1.5,70,77,3128
102,백령도,2023-06-25 22:00,23.2,,.1,0,75,3041
102,백령도,2023-06-25 23:00,22.3,,1.7,200,81,2374
102,백령도,2023-06-26 00:00,23.4,,.6,20,75,2725
102,백령도,2023-06-26 01:00,21.8,,1.4,70,84,2016
102,백령도,2023-06-26 02:00,20.7,0,1.1,70,88,1163
102,백령도,2023-06-26 03:00,20.5,0,2,50,91,725
102,백령도,2023-06-26 04:00,20.6,2.2,2.5,20,92,311
102,백령도,2023-06-26 05:00,20.1,2,2.8,50,92,720
102,백령도,2023-06-26 06:00,19.4,1.8,6.9,70,96,215
102,백령도,2023-06-26 07:00,19.2,1.6,3.3,70,98,61
102,백령도,2023-06-26 08:00,19.1,.1,4.6,70,98,395
102,백령도,2023-06-26 09:00,19.6,.1,4.4,70,98,86
102,백령도,2023-06-26 10:00,19.7,.2,4.2,70,98,31
102,백령도,2023-06-26 11:00,20.4,0,3,50,98,44
102,백령도,2023-06-26 12:00,22.2,.1,4.6,200,98,1279
102,백령도,2023-06-26 13:00,23,,4.6,200,89,2669
102,백령도,2023-06-26 14:00,22,,4.2,180,92,881
102,백령도,2023-06-26 15:00,20.6,,4.9,70,96,327
102,백령도,2023-06-26 16:00,21.1,,7,20,96,338
102,백령도,2023-06-26 17:00,20.8,,6.1,20,96,333
102,백령도,2023-06-26 18:00,21.3,0,8.5,20,97,525
102,백령도,2023-06-26 19:00,21.1,0,8.2,20,97,302
102,백령도,2023-06-26 20:00,21.1,.4,7.5,20,98,209
102,백령도,2023-06-26 21:00,21.5,2.9,6.2,200,94,1695
102,백령도,2023-06-26 22:00,21.6,,6.7,200,92,1717
102,백령도,2023-06-26 23:00,20.5,.4,6.1,230,94,2197
102,백령도,2023-06-27 00:00,20.2,.1,7.1,250,95,1100
102,백령도,2023-06-27 01:00,20.4,0,5,250,92,1755
102,백령도,2023-06-27 02:00,20.4,0,5.2,230,91,1666
102,백령도,2023-06-27 03:00,20.8,,7.2,230,88,2463
102,백령도,2023-06-27 04:00,20.9,,6.4,230,86,2954
102,백령도,2023-06-27 05:00,21.2,,8,250,85,3152
102,백령도,2023-06-27 06:00,21.5,,6.9,250,87,2664
102,백령도,2023-06-27 07:00,21.9,,5.9,230,86,3056
102,백령도,2023-06-27 08:00,22.9,,6.4,250,81,3175
102,백령도,2023-06-27 09:00,23.9,,5.9,230,75,3741
102,백령도,2023-06-27 10:00,24.1,,6.8,230,76,3200
102,백령도,2023-06-27 11:00,24.8,,7.4,230,75,2550
102,백령도,2023-06-27 12:00,25.2,,6.2,200,75,2429
102,백령도,2023-06-27 13:00,25.2,,5.9,180,75,2166
102,백령도,2023-06-27 14:00,25.4,,6.1,200,76,2105
102,백령도,2023-06-27 15:00,25.5,,5.7,200,76,2216
102,백령도,2023-06-27 16:00,24.7,,6.9,180,75,2420
102,백령도,2023-06-27 17:00,24.3,,4.6,180,75,2824
102,백령도,2023-06-27 18:00,23.5,,6.2,200,80,3153
102,백령도,2023-06-27 19:00,22.8,,4.1,200,82,2772
102,백령도,2023-06-27 20:00,22.3,,2.1,180,83,2965
102,백령도,2023-06-27 21:00,19.7,,2.6,140,96,975
102,백령도,2023-06-27 22:00,18.9,,2.5,90,97,177
102,백령도,2023-06-27 23:00,20.4,,4.2,160,98,339
102,백령도,2023-06-28 00:00,20.5,,4.4,160,96,575
102,백령도,2023-06-28 01:00,19.4,,2.3,110,96,419
102,백령도,2023-06-28 02:00,19.5,,2.2,140,98,36
102,백령도,2023-06-28 03:00,20.1,0,3.6,140,98,27
102,백령도,2023-06-28 04:00,20.2,.1,2.5,140,98,18
102,백령도,2023-06-28 05:00,19.8,0,2.5,110,98,15
102,백령도,2023-06-28 06:00,19.9,.1,4.5,160,98,23
102,백령도,2023-06-28 07:00,19.9,0,4.7,160,98,49
102,백령도,2023-06-28 08:00,20.1,,4.6,140,98,40
102,백령도,2023-06-28 09:00,20,,3.8,110,98,51
102,백령도,2023-06-28 10:00,20.6,,4.2,110,98,204
102,백령도,2023-06-28 11:00,21.5,,4.3,140,97,370
102,백령도,2023-06-28 12:00,22.3,,5,140,89,3017
102,백령도,2023-06-28 13:00,21.5,,6.1,140,93,452
102,백령도,2023-06-28 14:00,21,,5.5,160,95,137
102,백령도,2023-06-28 15:00,21.2,,5.2,140,95,164
102,백령도,2023-06-28 16:00,21.5,,4.2,140,94,835
102,백령도,2023-06-28 17:00,21.3,,3.5,140,97,956
102,백령도,2023-06-28 18:00,21.2,,4.9,140,97,495
102,백령도,2023-06-28 19:00,20.7,,4.7,140,97,869
102,백령도,2023-06-28 20:00,20.6,,5,140,98,45
102,백령도,2023-06-28 21:00,20.4,,3.8,110,98,30
102,백령도,2023-06-28 22:00,20.4,,3.9,140,98,29
102,백령도,2023-06-28 23:00,20.4,,2.1,140,98,28
102,백령도,2023-06-29 00:00,20.3,,4.2,140,98,26
102,백령도,2023-06-29 01:00,19.9,.1,6.3,160,98,30
102,백령도,2023-06-29 02:00,19.6,0,3.5,110,98,20
102,백령도,2023-06-29 03:00,20,.1,5.1,140,98,25
102,백령도,2023-06-29 04:00,20.4,.1,5.7,160,99,32
102,백령도,2023-06-29 05:00,20.4,2.8,5.2,160,99,119
102,백령도,2023-06-29 06:00,20.9,9.9,4.6,140,98,239
102,백령도,2023-06-29 07:00,20.4,16.5,6.5,160,98,861
102,백령도,2023-06-29 08:00,20.7,1.6,4.5,140,98,1583
102,백령도,2023-06-29 09:00,20.8,.6,5.6,140,98,1414
102,백령도,2023-06-29 10:00,20.2,4.8,7.3,140,98,254
102,백령도,2023-06-29 11:00,20.8,3.9,4,160,98,410
102,백령도,2023-06-29 12:00,20.9,1.6,6,160,98,900
102,백령도,2023-06-29 13:00,21.1,.5,7.5,160,98,697
102,백령도,2023-06-29 14:00,22,.2,3.9,200,98,467
102,백령도,2023-06-29 15:00,22.7,.1,3.9,230,98,433
102,백령도,2023-06-29 16:00,23.2,,2.8,250,97,913
102,백령도,2023-06-29 17:00,23.6,,1.2,290,93,1120
102,백령도,2023-06-29 18:00,23.9,,1,160,94,872
102,백령도,2023-06-29 19:00,21.8,0,.8,160,98,90
102,백령도,2023-06-29 20:00,22,.2,1.7,180,98,52
102,백령도,2023-06-29 21:00,21.3,.7,1.5,110,98,46
102,백령도,2023-06-29 22:00,20.4,.4,2.3,90,98,34
102,백령도,2023-06-29 23:00,20.6,.2,1.3,110,98,34
102,백령도,2023-06-30 00:00,20.8,.2,1.3,110,98,32
102,백령도,2023-06-30 01:00,21.1,.3,1.3,90,98,64
102,백령도,2023-06-30 02:00,21.6,.1,1.9,20,98,43
102,백령도,2023-06-30 03:00,21.4,.1,2.6,50,98,682
102,백령도,2023-06-30 04:00,21.1,,1.8,70,98,1275
102,백령도,2023-06-30 05:00,21,,3.1,70,98,565
102,백령도,2023-06-30 06:00,21.4,,2,50,97,1312
102,백령도,2023-06-30 07:00,22.1,,2.7,360,93,1453
102,백령도,2023-06-30 08:00,23.4,,1.6,360,88,2091
102,백령도,2023-06-30 09:00,22.7,,1.4,320,88,1523
102,백령도,2023-06-30 10:00,22.8,,3.7,360,89,2236
102,백령도,2023-06-30 11:00,24.4,,2.1,360,80,4120
102,백령도,2023-06-30 12:00,24.4,,3.2,340,75,3667
102,백령도,2023-06-30 13:00,25.4,,3.7,360,64,3810
102,백령도,2023-06-30 14:00,25,,3.3,320,71,2811
102,백령도,2023-06-30 15:00,25.3,,3.5,340,68,3024
102,백령도,2023-06-30 16:00,25.4,,2.9,360,70,2842
102,백령도,2023-06-30 17:00,25.5,,3.4,360,67,3127
102,백령도,2023-06-30 18:00,24.9,,3,360,69,3291
102,백령도,2023-06-30 19:00,25.1,,1.9,360,70,3512
102,백령도,2023-06-30 20:00,23.6,,.6,250,77,3084
102,백령도,2023-06-30 21:00,22.1,,1.3,140,87,2189
102,백령도,2023-06-30 22:00,20.1,,3.1,360,88,1726
102,백령도,2023-06-30 23:00,19.8,,2.4,360,89,1890
102,백령도,2023-07-01 00:00,20.8,,1.1,340,89,1568
102,백령도,2023-07-01 01:00,20.2,,.8,360,92,851
102,백령도,2023-07-01 02:00,19.7,,1.6,70,95,617
102,백령도,2023-07-01 03:00,18.8,,1.2,70,95,548
102,백령도,2023-07-01 04:00,19.4,,1.2,70,92,983
102,백령도,2023-07-01 05:00,19.3,,1.8,180,94,525
102,백령도,2023-07-01 06:00,19.9,,1.4,290,94,923
102,백령도,2023-07-01 07:00,21,,.8,290,92,1121
102,백령도,2023-07-01 08:00,21.6,,1.6,360,89,1540
102,백령도,2023-07-01 09:00,22.5,,1.8,360,91,734
102,백령도,2023-07-01 10:00,24.4,,1.6,360,82,2392
102,백령도,2023-07-01 11:00,25.4,,1.7,70,79,2299
102,백령도,2023-07-01 12:00,25,,3.1,180,78,2399
102,백령도,2023-07-01 13:00,24.9,,2.4,360,78,2779
102,백령도,2023-07-01 14:00,24.5,,2.3,70,79,2581
102,백령도,2023-07-01 15:00,25.4,,2,70,78,2425
102,백령도,2023-07-01 16:00,24.9,,1.9,70,79,2209
102,백령도,2023-07-01 17:00,25.2,,1.6,360,79,2197
102,백령도,2023-07-01 18:00,25.7,,2.5,320,77,3773
102,백령도,2023-07-01 19:00,24.3,,1.7,290,83,3521
102,백령도,2023-07-01 20:00,23.3,,.5,270,87,2702
102,백령도,2023-07-01 21:00,21.9,,.6,180,94,1090
102,백령도,2023-07-01 22:00,21.3,,1,270,95,768
102,백령도,2023-07-01 23:00,21,,.5,160,97,729
102,백령도,2023-07-02 00:00,21.2,,1.1,200,97,815
102,백령도,2023-07-02 01:00,21.6,,1.5,250,96,1031
102,백령도,2023-07-02 02:00,21.8,,.5,90,95,1872
102,백령도,2023-07-02 03:00,22.1,,.5,250,94,1819
102,백령도,2023-07-02 04:00,21.5,,1.5,90,96,1186
102,백령도,2023-07-02 05:00,21.4,,1.8,90,97,864
102,백령도,2023-07-02 06:00,21.5,,1.8,110,97,954
102,백령도,2023-07-02 07:00,21.4,,.6,140,97,786
102,백령도,2023-07-02 08:00,21.9,,2.1,140,95,1977
102,백령도,2023-07-02 09:00,22.7,,2,160,92,2570
102,백령도,2023-07-02 10:00,22.6,,1.8,110,90,2676
102,백령도,2023-07-02 11:00,24,,2.7,90,87,3083
102,백령도,2023-07-02 12:00,24.9,,4.5,140,78,4422
102,백령도,2023-07-02 13:00,24.6,,4.3,140,79,4607
102,백령도,2023-07-02 14:00,25.2,,3.8,200,76,4615
102,백령도,2023-07-02 15:00,25.6,,3.3,160,71,4620
102,백령도,2023-07-02 16:00,25.6,,3.8,180,72,4459
102,백령도,2023-07-02 17:00,25,,2.6,180,74,4557
102,백령도,2023-07-02 18:00,23.7,,3.3,200,80,4540
102,백령도,2023-07-02 19:00,23.3,,1.9,140,79,4635
102,백령도,2023-07-02 20:00,21.1,,.3,0,92,2745
102,백령도,2023-07-02 21:00,20.5,,1,140,96,1565
102,백령도,2023-07-02 22:00,20.8,,.7,200,95,1468
102,백령도,2023-07-02 23:00,20.6,,0,0,95,1298
102,백령도,2023-07-03 00:00,20.1,,.3,0,95,1396
102,백령도,2023-07-03 01:00,19.5,,0,0,96,1100
102,백령도,2023-07-03 02:00,20.3,,0,0,95,1722
102,백령도,2023-07-03 03:00,20.2,,1,90,94,1623
102,백령도,2023-07-03 04:00,20.4,,.6,70,92,1582
102,백령도,2023-07-03 05:00,20.1,,3,90,95,1517
102,백령도,2023-07-03 06:00,20.3,,1.7,90,97,610
102,백령도,2023-07-03 07:00,21.4,,1.6,110,97,824
102,백령도,2023-07-03 08:00,22.9,,2.4,110,92,1544
102,백령도,2023-07-03 09:00,24.7,,2.3,90,82,2235
102,백령도,2023-07-03 10:00,23.9,,2.2,110,86,1794
102,백령도,2023-07-03 11:00,26.5,,2.4,140,76,2251
102,백령도,2023-07-03 12:00,26.7,,3,200,73,2430
102,백령도,2023-07-03 13:00,26.5,,2.7,180,72,2688
102,백령도,2023-07-03 14:00,26.2,,1.3,290,75,2285
102,백령도,2023-07-03 15:00,26.9,,2.2,200,70,2513
102,백령도,2023-07-03 16:00,27.4,,1.8,180,71,1941
102,백령도,2023-07-03 17:00,26.8,,1.8,200,72,1290
102,백령도,2023-07-03 18:00,24.9,,1.2,320,81,1991
102,백령도,2023-07-03 19:00,23.3,,1,340,87,1718
102,백령도,2023-07-03 20:00,22.5,,.8,290,91,1158
102,백령도,2023-07-03 21:00,22.9,,.3,0,89,914
102,백령도,2023-07-03 22:00,22.8,,0,0,90,1056
102,백령도,2023-07-03 23:00,23.3,,.9,110,89,880
102,백령도,2023-07-04 00:00,22.8,,.7,140,92,717
102,백령도,2023-07-04 01:00,22.6,,1.7,140,93,632
102,백령도,2023-07-04 02:00,22.2,,2.1,140,94,483
102,백령도,2023-07-04 03:00,22.1,,3.1,140,96,113
102,백령도,2023-07-04 04:00,22,,3.9,140,98,33
102,백령도,2023-07-04 05:00,22,,5.1,160,98,27
102,백령도,2023-07-04 06:00,21.6,,5.1,140,98,36
102,백령도,2023-07-04 07:00,20.9,.1,6.4,140,98,40
102,백령도,2023-07-04 08:00,21.2,0,6.2,50,98,53
102,백령도,2023-07-04 09:00,21.5,0,4.7,50,98,44
102,백령도,2023-07-04 10:00,21.5,,4.3,20,98,91
102,백령도,2023-07-04 11:00,21.9,.4,5.4,50,98,125
102,백령도,2023-07-04 12:00,21.9,2.4,5.9,110,98,340
102,백령도,2023-07-04 13:00,21.7,2.1,4.4,140,98,425
102,백령도,2023-07-04 14:00,21.4,.1,6.7,140,98,52
102,백령도,2023-07-04 15:00,21.8,2.9,5.4,110,98,465
102,백령도,2023-07-04 16:00,22.5,23.9,7,140,98,120
102,백령도,2023-07-04 17:00,22,10.3,3.2,90,98,467
102,백령도,2023-07-04 18:00,22.6,.6,9,180,98,79
102,백령도,2023-07-04 19:00,22.6,.4,7.2,180,98,92
102,백령도,2023-07-04 20:00,23.2,0,7.6,200,98,204
102,백령도,2023-07-04 21:00,23.8,.2,8.7,200,98,225
102,백령도,2023-07-04 22:00,24.3,,8.1,200,93,366
102,백령도,2023-07-04 23:00,24.3,,8.3,200,93,370
102,백령도,2023-07-05 00:00,23.1,,6,200,93,554
102,백령도,2023-07-05 01:00,21.9,,9.3,250,95,689
102,백령도,2023-07-05 02:00,21.6,0,8.1,290,93,2079
102,백령도,2023-07-05 03:00,21.7,,9.3,290,88,2937
102,백령도,2023-07-05 04:00,21.3,,8.1,290,92,1880
102,백령도,2023-07-05 05:00,21,,8.8,290,88,2410
102,백령도,2023-07-05 06:00,20.6,,9.2,290,88,1886
102,백령도,2023-07-05 07:00,21.2,,7.3,290,88,1802
102,백령도,2023-07-05 08:00,22.1,,6.3,290,87,1470
102,백령도,2023-07-05 09:00,22.9,,6.7,290,86,1535
102,백령도,2023-07-05 10:00,23.5,,5.8,290,83,1460
102,백령도,2023-07-05 11:00,24.4,,5.5,290,78,1667
102,백령도,2023-07-05 12:00,25.3,,5.3,290,72,1549
102,백령도,2023-07-05 13:00,25.6,,4.3,250,76,1139
102,백령도,2023-07-05 14:00,25.2,,4.2,200,76,1240
102,백령도,2023-07-05 15:00,25.2,,5,200,78,1147
102,백령도,2023-07-05 16:00,25.2,,4.9,230,74,1342
102,백령도,2023-07-05 17:00,25,,4.6,200,74,1817
102,백령도,2023-07-05 18:00,23.7,,5.7,200,82,1535
102,백령도,2023-07-05 19:00,23.5,,6,200,82,1798
102,백령도,2023-07-05 20:00,23.3,,5,230,84,1400
102,백령도,2023-07-05 21:00,22.7,,4.1,180,89,799
102,백령도,2023-07-05 22:00,22.3,,3,180,92,369
102,백령도,2023-07-05 23:00,22.1,,2.1,160,93,378
102,백령도,2023-07-06 00:00,20.1,,2.9,90,97,229
102,백령도,2023-07-06 01:00,20,,3.2,90,97,213
102,백령도,2023-07-06 02:00,20,,4.1,90,96,245
102,백령도,2023-07-06 03:00,20.1,,2.5,110,96,279
102,백령도,2023-07-06 04:00,20.5,,3.5,110,96,331
102,백령도,2023-07-06 05:00,20.4,,2.4,110,94,463
102,백령도,2023-07-06 06:00,20.3,,3.2,110,94,439
102,백령도,2023-07-06 07:00,22.1,,2.3,160,89,1048
102,백령도,2023-07-06 08:00,24.3,,4.6,180,81,1552
102,백령도,2023-07-06 09:00,24.6,,3.7,200,79,1478
102,백령도,2023-07-06 10:00,25.7,,5.3,180,77,1562
102,백령도,2023-07-06 11:00,26.3,,4.5,180,73,1635
102,백령도,2023-07-06 12:00,26.3,,6,180,72,1736
102,백령도,2023-07-06 13:00,26.7,,5.9,180,73,1591
102,백령도,2023-07-06 14:00,27.4,,5.9,230,67,1624
102,백령도,2023-07-06 15:00,27.5,,4.1,200,70,1727
102,백령도,2023-07-06 16:00,26.4,,6.2,200,75,1445
102,백령도,2023-07-06 17:00,26.4,,5.5,200,76,1402
102,백령도,2023-07-06 18:00,25,,5.4,180,78,1282
102,백령도,2023-07-06 19:00,22.7,,3.3,180,89,615
102,백령도,2023-07-06 20:00,22.3,,2.5,180,93,296
102,백령도,2023-07-06 21:00,22,,2.5,160,96,208
102,백령도,2023-07-06 22:00,22.2,,7.1,160,97,74
102,백령도,2023-07-06 23:00,22.2,,6.3,160,98,42
102,백령도,2023-07-07 00:00,21.7,,4.6,160,98,39
102,백령도,2023-07-07 01:00,21.6,,3.9,140,98,66
102,백령도,2023-07-07 02:00,21.9,,5.4,160,98,92
102,백령도,2023-07-07 03:00,21,,3.2,140,98,59
102,백령도,2023-07-07 04:00,21.5,,4.3,160,98,143
102,백령도,2023-07-07 05:00,21.4,,4.2,160,97,186
102,백령도,2023-07-07 06:00,20.7,,4.3,140,98,159
102,백령도,2023-07-07 07:00,21.4,,4.9,160,98,131
102,백령도,2023-07-07 08:00,20.8,,3.7,140,98,92
102,백령도,2023-07-07 09:00,21.8,,5.5,140,98,267
102,백령도,2023-07-07 10:00,22.2,,4.4,140,95,455
102,백령도,2023-07-07 11:00,23,,5.7,110,92,564
102,백령도,2023-07-07 12:00,23,,6.9,90,89,729
102,백령도,2023-07-07 13:00,25.6,,5.3,90,79,1340
102,백령도,2023-07-07 14:00,25.2,,6.8,110,75,1536
102,백령도,2023-07-07 15:00,25.1,,6.5,110,74,1486
102,백령도,2023-07-07 16:00,24.7,,4.7,180,77,1275
102,백령도,2023-07-07 17:00,23.5,,5.3,180,85,1114
102,백령도,2023-07-07 18:00,23.8,,4.1,180,84,1507
102,백령도,2023-07-07 19:00,23.3,,2.6,200,86,1840
102,백령도,2023-07-07 20:00,22.4,,2.2,200,92,1130
102,백령도,2023-07-07 21:00,20.6,,1.6,50,94,708
102,백령도,2023-07-07 22:00,20.6,,1,360,96,431
102,백령도,2023-07-07 23:00,20.5,,.9,180,97,417
102,백령도,2023-07-08 00:00,20.1,,1.1,70,97,350
102,백령도,2023-07-08 01:00,20.2,,1.2,140,98,216
102,백령도,2023-07-08 02:00,20.6,,2.7,140,91,2205
102,백령도,2023-07-08 03:00,19.3,,2.5,140,95,1105
102,백령도,2023-07-08 04:00,20.2,,2.1,140,93,2460
102,백령도,2023-07-08 05:00,20,,2.3,140,93,3858
102,백령도,2023-07-08 06:00,19.7,,1.5,290,95,2768
102,백령도,2023-07-08 07:00,20.4,,.5,90,94,2803
102,백령도,2023-07-08 08:00,21.4,,1,90,90,3326
102,백령도,2023-07-08 09:00,22.6,,3.5,110,85,2818
102,백령도,2023-07-08 10:00,23.3,,6.5,90,84,1799
102,백령도,2023-07-08 11:00,23.3,,7.7,110,81,2389
102,백령도,2023-07-08 12:00,22.9,,5.9,110,87,1684
102,백령도,2023-07-08 13:00,21.9,,4.2,160,91,1043
102,백령도,2023-07-08 14:00,22,,3.8,160,90,1099
102,백령도,2023-07-08 15:00,21.7,,3.9,160,93,438
102,백령도,2023-07-08 16:00,21.9,,2.8,160,92,1100
102,백령도,2023-07-08 17:00,22.6,,3.2,140,89,1961
102,백령도,2023-07-08 18:00,21.7,,3.6,140,92,1629
102,백령도,2023-07-08 19:00,21.3,,4.1,50,94,1406
102,백령도,2023-07-08 20:00,21.2,,3.3,50,95,1698
102,백령도,2023-07-08 21:00,21.5,,3.4,20,93,3133
102,백령도,2023-07-08 22:00,21.5,,4,50,93,3605
102,백령도,2023-07-08 23:00,20.9,,4.4,70,95,2659
102,백령도,2023-07-09 00:00,21.3,,4.6,50,96,1339
102,백령도,2023-07-09 01:00,21.2,.5,4.9,50,97,200
102,백령도,2023-07-09 02:00,21.2,.2,2.9,50,98,32
102,백령도,2023-07-09 03:00,22.4,.3,6.1,20,98,47
102,백령도,2023-07-09 04:00,22.4,0,3.8,180,98,40
102,백령도,2023-07-09 05:00,20.3,0,4.3,70,98,237
102,백령도,2023-07-09 06:00,20.8,1.3,2.2,70,98,58
102,백령도,2023-07-09 07:00,20.1,.2,3.8,70,98,71
102,백령도,2023-07-09 08:00,19.8,1.3,4.6,70,98,453
102,백령도,2023-07-09 09:00,20.6,.4,3.6,70,97,3077
102,백령도,2023-07-09 10:00,22.1,0,4.4,70,90,4982
102,백령도,2023-07-09 11:00,21.6,10,4,20,92,3066
102,백령도,2023-07-09 12:00,23.8,,4.6,50,86,4022
102,백령도,2023-07-09 13:00,23.5,,5.7,50,85,4423
102,백령도,2023-07-09 14:00,24.4,,5.1,20,82,4280
102,백령도,2023-07-09 15:00,23.6,,6.5,50,84,4122
102,백령도,2023-07-09 16:00,24,,5.8,50,84,3207
102,백령도,2023-07-09 17:00,22.8,,4.8,20,88,1984
102,백령도,2023-07-09 18:00,22.4,,4.7,20,92,1141
102,백령도,2023-07-09 19:00,22,,4.1,20,97,92
102,백령도,2023-07-09 20:00,22,,5.6,20,98,51
102,백령도,2023-07-09 21:00,21.4,,5.9,20,98,57
102,백령도,2023-07-09 22:00,21.1,,3.9,50,98,26
102,백령도,2023-07-09 23:00,21.6,,3,50,98,24
102,백령도,2023-07-10 00:00,22.2,,4.6,20,98,24
102,백령도,2023-07-10 01:00,22.4,,4.3,20,98,27
102,백령도,2023-07-10 02:00,22.1,,4.4,20,98,21
102,백령도,2023-07-10 03:00,21.7,,4.2,20,98,17
102,백령도,2023-07-10 04:00,22.1,,3.2,50,98,19
102,백령도,2023-07-10 05:00,21.5,,4.4,50,98,22
102,백령도,2023-07-10 06:00,21.5,,3,160,98,22
102,백령도,2023-07-10 07:00,21.5,,1.4,50,98,13
102,백령도,2023-07-10 08:00,21.9,,2,20,98,18
102,백령도,2023-07-10 09:00,21.6,,2.7,200,98,154
102,백령도,2023-07-10 10:00,23.3,,2.3,180,96,818
102,백령도,2023-07-10 11:00,25.9,,3.5,200,80,2240
102,백령도,2023-07-10 12:00,26.1,,3.6,200,79,2277
102,백령도,2023-07-10 13:00,26,,3.1,200,78,2404
102,백령도,2023-07-10 14:00,26.1,,3,200,81,2377
102,백령도,2023-07-10 15:00,26.3,,3.4,160,80,2481
102,백령도,2023-07-10 16:00,26,,4,180,82,2065
102,백령도,2023-07-10 17:00,25.7,,3.8,180,83,2045
102,백령도,2023-07-10 18:00,24.9,,4.7,160,86,1900
102,백령도,2023-07-10 19:00,23.2,,3,180,93,1073
102,백령도,2023-07-10 20:00,23.5,,3.1,160,95,632
102,백령도,2023-07-10 21:00,21.3,,1.6,110,96,377
102,백령도,2023-07-10 22:00,23.4,,5.2,160,97,361
102,백령도,2023-07-10 23:00,22.7,,3.9,160,97,230
102,백령도,2023-07-11 00:00,22,,2.9,140,98,134
102,백령도,2023-07-11 01:00,22.7,,6,180,98,205
102,백령도,2023-07-11 02:00,22.5,,3.6,140,97,220
102,백령도,2023-07-11 03:00,21.9,,3.6,140,98,92
102,백령도,2023-07-11 04:00,22.6,,5.7,160,98,78
102,백령도,2023-07-11 05:00,22.8,,5.8,160,98,35
102,백령도,2023-07-11 06:00,22.7,,4.9,160,98,25
102,백령도,2023-07-11 07:00,22.5,,3.8,160,98,27
102,백령도,2023-07-11 08:00,22.3,0,2.3,180,98,32
102,백령도,2023-07-11 09:00,22.7,0,3.9,160,98,280
102,백령도,2023-07-11 10:00,22.1,0,2.1,140,95,571
102,백령도,2023-07-11 11:00,21.5,3.8,2.8,90,98,91
102,백령도,2023-07-11 12:00,21.1,.6,2.8,90,98,51
102,백령도,2023-07-11 13:00,21.2,0,4,110,98,1224
102,백령도,2023-07-11 14:00,22.9,0,3.9,140,89,4452
102,백령도,2023-07-11 15:00,24.4,,3.8,180,89,3365
102,백령도,2023-07-11 16:00,23.9,,4.5,180,88,2580
102,백령도,2023-07-11 17:00,22.9,,3.1,180,91,2860
102,백령도,2023-07-11 18:00,23.4,,1.6,160,92,2255
102,백령도,2023-07-11 19:00,22,,2,110,95,1788
102,백령도,2023-07-11 20:00,22.5,,1.4,140,96,882
102,백령도,2023-07-11 21:00,22.2,,4.1,160,97,480
102,백령도,2023-07-11 22:00,22,,2.3,110,98,175
102,백령도,2023-07-11 23:00,21.7,,.5,160,98,52
102,백령도,2023-07-12 00:00,22,,3,180,98,39
102,백령도,2023-07-12 01:00,21.4,,1.6,200,98,23
102,백령도,2023-07-12 02:00,22.9,,.5,200,98,538
102,백령도,2023-07-12 03:00,23,,1.6,230,98,238
102,백령도,2023-07-12 04:00,23.4,,1,250,97,1082
102,백령도,2023-07-12 05:00,23,,.6,110,97,535
102,백령도,2023-07-12 06:00,23,,.2,0,98,417
102,백령도,2023-07-12 07:00,22.8,,1,200,98,275
102,백령도,2023-07-12 08:00,23.3,,1.5,200,95,1175
102,백령도,2023-07-12 09:00,25.8,,1.7,180,83,1904
102,백령도,2023-07-12 10:00,25.2,,2.5,180,84,1988
102,백령도,2023-07-12 11:00,25.6,,2.6,160,84,3037
102,백령도,2023-07-12 12:00,25.1,,3.3,160,86,2944
102,백령도,2023-07-12 13:00,25.6,,3.3,160,85,3388
102,백령도,2023-07-12 14:00,26.1,,2.6,180,82,3254
102,백령도,2023-07-12 15:00,25.3,,2.1,160,86,2975
102,백령도,2023-07-12 16:00,24.4,,2,200,90,1988
102,백령도,2023-07-12 17:00,24.3,,2.6,180,92,1576
102,백령도,2023-07-12 18:00,24.1,,2.2,180,93,1227
102,백령도,2023-07-12 19:00,23.8,0,.1,0,94,1136
102,백령도,2023-07-12 20:00,23.3,,1,90,95,1100
102,백령도,2023-07-12 21:00,22,0,1.4,110,97,539
102,백령도,2023-07-12 22:00,22.9,,1.2,160,98,414
102,백령도,2023-07-12 23:00,22.6,,1.9,160,98,54
102,백령도,2023-07-13 00:00,22.9,.1,3.3,160,98,75
102,백령도,2023-07-13 01:00,22.6,.1,3,160,98,51
102,백령도,2023-07-13 02:00,22.5,.1,2.3,140,98,27
102,백령도,2023-07-13 03:00,22.2,0,3.7,110,98,22
102,백령도,2023-07-13 04:00,22.5,,4.3,140,98,41
102,백령도,2023-07-13 05:00,22.3,,4.6,160,98,39
102,백령도,2023-07-13 06:00,21.9,0,3.9,140,98,26
102,백령도,2023-07-13 07:00,22,.1,4.1,110,98,27
102,백령도,2023-07-13 08:00,22.8,0,3,140,98,42
102,백령도,2023-07-13 09:00,22.4,5.1,4.3,140,98,257
102,백령도,2023-07-13 10:00,22.5,1.5,4.4,140,98,108
102,백령도,2023-07-13 11:00,22.3,8.8,5.8,140,98,254
102,백령도,2023-07-13 12:00,22.5,5,5.3,140,98,310
102,백령도,2023-07-13 13:00,23.1,1.5,6.3,160,98,477
102,백령도,2023-07-13 14:00,23,1.8,5.1,160,98,562
102,백령도,2023-07-13 15:00,22.7,.9,5.6,140,98,122
102,백령도,2023-07-13 16:00,22.4,.1,7.1,140,98,136
102,백령도,2023-07-13 17:00,22.4,.7,6.1,140,98,344
102,백령도,2023-07-13 18:00,22.5,2.6,7,140,98,244
102,백령도,2023-07-13 19:00,22.4,1.9,7.7,140,98,420
102,백령도,2023-07-13 20:00,22.1,2.5,7.5,140,98,148
102,백령도,2023-07-13 21:00,23.4,2.8,5,180,98,194
102,백령도,2023-07-13 22:00,23.4,.3,6.5,230,98,158
102,백령도,2023-07-13 23:00,23.6,,7.1,250,98,307
102,백령도,2023-07-14 00:00,23.5,,6.9,250,98,80
102,백령도,2023-07-14 01:00,23.3,,7.1,250,98,217
102,백령도,2023-07-14 02:00,23.2,,4.7,250,98,230
102,백령도,2023-07-14 03:00,23.3,,4.8,270,98,603
102,백령도,2023-07-14 04:00,23.4,,3.8,270,98,900
102,백령도,2023-07-14 05:00,23.6,,3.4,250,98,499
102,백령도,2023-07-14 06:00,24.1,,3.9,250,97,581
102,백령도,2023-07-14 07:00,24.1,,4.8,250,97,370
102,백령도,2023-07-14 08:00,23.9,,4.9,270,97,305
102,백령도,2023-07-14 09:00,24.7,,4.1,270,93,859
102,백령도,2023-07-14 10:00,24.1,,5,250,94,797
102,백령도,2023-07-14 11:00,25.7,,4.8,250,87,2761
102,백령도,2023-07-14 12:00,25.2,,4.8,270,88,1853
102,백령도,2023-07-14 13:00,25.8,,5.4,270,85,1361
102,백령도,2023-07-14 14:00,24.4,,3.4,230,91,877
102,백령도,2023-07-14 15:00,25.1,,3.7,200,90,614
102,백령도,2023-07-14 16:00,25.6,,3.4,230,87,893
102,백령도,2023-07-14 17:00,25.9,,3.5,230,87,760
102,백령도,2023-07-14 18:00,25.4,,3.8,230,90,464
102,백령도,2023-07-14 19:00,24.5,,2.4,200,94,299
102,백령도,2023-07-14 20:00,24.3,,4.8,230,95,276
102,백령도,2023-07-14 21:00,24.6,,5,230,91,365
102,백령도,2023-07-14 22:00,24.1,,5.4,200,96,188
102,백령도,2023-07-14 23:00,24.2,,4.7,200,96,146
102,백령도,2023-07-15 00:00,24,,4.5,200,97,105
102,백령도,2023-07-15 01:00,23.9,,4.5,200,98,76
102,백령도,2023-07-15 02:00,24.2,,6.4,230,98,32
102,백령도,2023-07-15 03:00,24.7,,4.9,230,97,164
102,백령도,2023-07-15 04:00,24.5,,4.8,200,97,76
102,백령도,2023-07-15 05:00,24.4,,5.5,200,98,64
102,백령도,2023-07-15 06:00,24.6,,4.7,200,98,83
102,백령도,2023-07-15 07:00,24.8,,4,200,97,106
102,백령도,2023-07-15 08:00,24.9,,4.7,180,96,152
102,백령도,2023-07-15 09:00,25,,4.5,200,95,194
102,백령도,2023-07-15 10:00,26.1,,5.1,230,91,296
102,백령도,2023-07-15 11:00,27.3,,4.3,230,84,454
102,백령도,2023-07-15 12:00,27,,5,230,83,482
102,백령도,2023-07-15 13:00,27.1,,4.9,230,81,578
102,백령도,2023-07-15 14:00,27.1,,5.2,230,76,740
102,백령도,2023-07-15 15:00,27.9,,5.4,250,71,1086
102,백령도,2023-07-15 16:00,26.2,,5.3,250,77,1531
102,백령도,2023-07-15 17:00,25.4,,4.8,290,84,1894
102,백령도,2023-07-15 18:00,24.5,,3.7,290,80,4644
102,백령도,2023-07-15 19:00,24,,3.7,290,80,4682
102,백령도,2023-07-15 20:00,23.3,,3,290,83,4692
102,백령도,2023-07-15 21:00,23.2,,1.7,270,84,4392
102,백령도,2023-07-15 22:00,22.8,,1.1,230,88,3418
102,백령도,2023-07-15 23:00,22.5,,1,230,90,2879
102,백령도,2023-07-16 00:00,22.2,,2,200,92,1728
102,백령도,2023-07-16 01:00,22.4,,2.1,270,89,3390
102,백령도,2023-07-16 02:00,22.5,,2.3,250,88,3211
102,백령도,2023-07-16 03:00,22.1,,1.5,270,90,3113
102,백령도,2023-07-16 04:00,22,,1.5,290,90,2920
102,백령도,2023-07-16 05:00,22.2,,1.1,250,89,3251
102,백령도,2023-07-16 06:00,21.8,,.8,250,91,1773
102,백령도,2023-07-16 07:00,22.4,,1.9,290,89,3002
102,백령도,2023-07-16 08:00,23.6,,.9,320,84,3336
102,백령도,2023-07-16 09:00,24.7,,1.4,340,78,3218
102,백령도,2023-07-16 10:00,24.7,,1.4,340,73,4015
102,백령도,2023-07-16 11:00,24.7,,.9,110,77,3588
102,백령도,2023-07-16 12:00,26.6,,.9,360,69,3852
102,백령도,2023-07-16 13:00,26.9,,.9,360,65,4056
102,백령도,2023-07-16 14:00,26,,3,180,63,4025
102,백령도,2023-07-16 15:00,24.1,,3.8,180,78,3429
102,백령도,2023-07-16 16:00,24.1,,2.7,180,77,3474
102,백령도,2023-07-16 17:00,24.7,,1.8,180,79,3270
102,백령도,2023-07-16 18:00,24.2,,2.7,200,83,3243
102,백령도,2023-07-16 19:00,23.4,,1.5,180,86,3114
102,백령도,2023-07-16 20:00,22.7,,1.2,180,89,2426
102,백령도,2023-07-16 21:00,22,,1.5,160,94,1195
102,백령도,2023-07-16 22:00,22,,2,180,94,1201
102,백령도,2023-07-16 23:00,21.6,,1,160,95,947
102,백령도,2023-07-17 00:00,21.6,,.6,180,96,891
102,백령도,2023-07-17 01:00,21.4,,1.4,110,96,949
102,백령도,2023-07-17 02:00,21.3,,1,180,97,487
102,백령도,2023-07-17 03:00,21.3,,.8,200,98,34
102,백령도,2023-07-17 04:00,21.3,,0,0,98,21
102,백령도,2023-07-17 05:00,21.1,,.6,160,98,45
102,백령도,2023-07-17 06:00,21.5,,.8,180,98,36
102,백령도,2023-07-17 07:00,21.8,,.4,0,98,165
102,백령도,2023-07-17 08:00,22.1,,1.1,180,98,520
102,백령도,2023-07-17 09:00,22.8,,1.1,180,97,1311
102,백령도,2023-07-17 10:00,24.7,,1.7,180,81,2158
102,백령도,2023-07-17 11:00,25.6,,1.9,180,80,2959
102,백령도,2023-07-17 12:00,25.2,,2.2,180,78,3300
102,백령도,2023-07-17 13:00,26.2,,2.6,180,73,3652
102,백령도,2023-07-17 14:00,26.4,,2.3,360,73,2562
102,백령도,2023-07-17 15:00,25.9,,2.1,340,72,2702
102,백령도,2023-07-17 16:00,25.5,,2.4,320,80,3234
102,백령도,2023-07-17 17:00,26.1,,1.8,340,70,3668
102,백령도,2023-07-17 18:00,24.5,,1.8,340,79,3376
102,백령도,2023-07-17 19:00,23.7,,2.4,320,83,4659
102,백령도,2023-07-17 20:00,22.8,,1.3,340,88,3612
102,백령도,2023-07-17 21:00,22.2,,1.7,340,90,2670
102,백령도,2023-07-17 22:00,21.8,,1.1,290,92,1844
102,백령도,2023-07-17 23:00,21.8,,.6,200,92,2021
102,백령도,2023-07-18 00:00,21.7,,1.3,180,91,1752
102,백령도,2023-07-18 01:00,21.4,,0,0,89,2746
102,백령도,2023-07-18 02:00,21,,0,0,90,2868
102,백령도,2023-07-18 03:00,20.6,,0,0,92,2143
102,백령도,2023-07-18 04:00,20.3,,.7,320,93,1813
102,백령도,2023-07-18 05:00,20.8,,.3,0,93,1681
102,백령도,2023-07-18 06:00,21.3,,1.3,70,94,1254
102,백령도,2023-07-18 07:00,21.7,,1.5,50,89,2705
102,백령도,2023-07-18 08:00,22.3,,2.1,50,88,2224
102,백령도,2023-07-18 09:00,23.3,,2.2,90,85,2405
102,백령도,2023-07-18 10:00,24.6,,1.6,70,78,2567
102,백령도,2023-07-18 11:00,26,,2.6,90,70,3391
102,백령도,2023-07-18 12:00,26.5,,2.9,90,66,3040
102,백령도,2023-07-18 13:00,27.2,,2,70,63,3195
102,백령도,2023-07-18 14:00,26.5,,2.8,340,68,3398
102,백령도,2023-07-18 15:00,25.7,,3.8,340,63,4591
102,백령도,2023-07-18 16:00,24.9,,4.4,340,69,3756
102,백령도,2023-07-18 17:00,24.8,,3.4,320,69,4647
102,백령도,2023-07-18 18:00,23.9,,3.6,320,67,4986
102,백령도,2023-07-18 19:00,22.8,,3.1,320,73,4934
102,백령도,2023-07-18 20:00,21.6,,3.5,320,81,4986
102,백령도,2023-07-18 21:00,21.2,,3.6,320,87,4401
102,백령도,2023-07-18 22:00,22,,3.2,340,79,4933
102,백령도,2023-07-18 23:00,22,,3.1,340,80,4880
102,백령도,2023-07-19 00:00,22.2,,2.7,340,77,4765
102,백령도,2023-07-19 01:00,21.9,,2.7,340,78,4775
102,백령도,2023-07-19 02:00,21.1,,2.9,320,85,4143
102,백령도,2023-07-19 03:00,21.5,,3.1,340,86,3065
102,백령도,2023-07-19 04:00,21.5,,3,320,90,2641
102,백령도,2023-07-19 05:00,21.5,,2.8,320,96,1149
102,백령도,2023-07-19 06:00,21.2,,1.8,320,97,616
102,백령도,2023-07-19 07:00,22.1,,2.8,320,96,832
102,백령도,2023-07-19 08:00,23.8,,2.5,320,92,2494
102,백령도,2023-07-19 09:00,23.8,,3.5,320,90,2768
102,백령도,2023-07-19 10:00,24.7,,3.3,340,86,3570
102,백령도,2023-07-19 11:00,25.4,,3.7,360,82,3552
102,백령도,2023-07-19 12:00,26.1,,3.4,50,79,2911
102,백령도,2023-07-19 13:00,26.4,,3.6,50,78,3110
102,백령도,2023-07-19 14:00,26.5,,4.5,70,78,2581
102,백령도,2023-07-19 15:00,26.3,,5.1,50,79,2467
102,백령도,2023-07-19 16:00,26.7,,4,50,78,2598
102,백령도,2023-07-19 17:00,26.1,,3.9,50,82,2190
102,백령도,2023-07-19 18:00,25.8,,3.2,20,82,2586
102,백령도,2023-07-19 19:00,25.4,,2,50,83,3012
102,백령도,2023-07-19 20:00,23.9,,.6,20,93,1584
102,백령도,2023-07-19 21:00,23.3,,.7,270,92,1620
102,백령도,2023-07-19 22:00,22.9,,1.5,320,92,1104
102,백령도,2023-07-19 23:00,22.6,,2,320,92,862
102,백령도,2023-07-20 00:00,22.8,,2.3,320,89,1170
102,백령도,2023-07-20 01:00,22.5,,1.8,290,92,1001
102,백령도,2023-07-20 02:00,22.7,,2,290,96,361
102,백령도,2023-07-20 03:00,22.7,,2.1,290,96,190
102,백령도,2023-07-20 04:00,22.7,,1.9,320,90,794
102,백령도,2023-07-20 05:00,22.8,,1.4,290,88,1067
102,백령도,2023-07-20 06:00,20.9,,.1,0,96,519
102,백령도,2023-07-20 07:00,22.4,,1.3,110,93,1067
102,백령도,2023-07-20 08:00,24.1,,.8,180,81,1490
102,백령도,2023-07-20 09:00,25.1,,1.5,110,80,1348
102,백령도,2023-07-20 10:00,27.2,,.4,0,68,2063
102,백령도,2023-07-20 11:00,28.9,,2.9,320,49,2829
102,백령도,2023-07-20 12:00,28.6,,2.5,320,54,2556
102,백령도,2023-07-20 13:00,29.2,,2.5,320,54,2275
102,백령도,2023-07-20 14:00,28.5,,1.5,320,58,2422
102,백령도,2023-07-20 15:00,28.3,,2,340,57,2488
102,백령도,2023-07-20 16:00,28.6,,1.6,320,58,2502
102,백령도,2023-07-20 17:00,28.2,,2.6,320,66,2475
102,백령도,2023-07-20 18:00,27.8,,2.2,320,69,2389
102,백령도,2023-07-20 19:00,26.3,,2.6,320,74,2071
102,백령도,2023-07-20 20:00,24.7,,1.6,320,85,1638
102,백령도,2023-07-20 21:00,23.4,,1.5,290,90,1326
102,백령도,2023-07-20 22:00,23.3,,1.8,320,89,1107
102,백령도,2023-07-20 23:00,22.9,,1.5,320,92,884
102,백령도,2023-07-21 00:00,23.3,,.6,320,90,1074
102,백령도,2023-07-21 01:00,22.5,,.6,230,93,976
102,백령도,2023-07-21 02:00,22.9,,.1,0,91,706
102,백령도,2023-07-21 03:00,21.8,,1.7,90,89,628
102,백령도,2023-07-21 04:00,21.5,,1.4,110,89,866
102,백령도,2023-07-21 05:00,21.8,,1.3,110,89,921
102,백령도,2023-07-21 06:00,21.1,,2.1,90,89,993
102,백령도,2023-07-21 07:00,22.3,,1.6,110,85,1304
102,백령도,2023-07-21 08:00,23.5,,1.5,90,84,1210
102,백령도,2023-07-21 09:00,24.9,,2,90,82,1223
102,백령도,2023-07-21 10:00,26.3,,1.9,200,69,1799
102,백령도,2023-07-21 11:00,27.2,,2.8,110,65,1921
102,백령도,2023-07-21 12:00,27.4,,3.4,160,60,2126
102,백령도,2023-07-21 13:00,28.1,,3.4,160,63,1999
102,백령도,2023-07-21 14:00,28,,3.5,180,60,2171
102,백령도,2023-07-21 15:00,27.9,,3.7,180,61,2528
102,백령도,2023-07-21 16:00,27.3,,4.5,180,69,2418
102,백령도,2023-07-21 17:00,26.8,,3.8,180,68,2491
102,백령도,2023-07-21 18:00,26.6,,3,180,65,2621
102,백령도,2023-07-21 19:00,25.5,,3,160,74,2135
102,백령도,2023-07-21 20:00,24.3,,2,140,82,1372
102,백령도,2023-07-21 21:00,22.4,,1.2,110,91,628
102,백령도,2023-07-21 22:00,22.6,,1.9,110,90,705
102,백령도,2023-07-21 23:00,22.6,,1.6,110,88,877
102,백령도,2023-07-22 00:00,23,,2,110,84,1105
102,백령도,2023-07-22 01:00,23.7,,2.4,110,78,1642
102,백령도,2023-07-22 02:00,23.5,,2.2,110,80,1556
102,백령도,2023-07-22 03:00,23.5,,2,140,81,1402
102,백령도,2023-07-22 04:00,23.9,,3.8,140,81,1301
102,백령도,2023-07-22 05:00,23.7,,4.4,160,84,1102
102,백령도,2023-07-22 06:00,23.9,,5.3,140,88,797
102,백령도,2023-07-22 07:00,24.2,,7.2,140,87,758
102,백령도,2023-07-22 08:00,24.1,,6.5,140,87,685
102,백령도,2023-07-22 09:00,24,,6.7,140,90,659
102,백령도,2023-07-22 10:00,24.3,,7.1,140,85,740
102,백령도,2023-07-22 11:00,25.1,,7.9,140,77,1546
102,백령도,2023-07-22 12:00,25.3,,7,140,75,1833
102,백령도,2023-07-22 13:00,25.8,,7.2,140,75,1581
102,백령도,2023-07-22 14:00,24.7,,9.4,160,81,1976
102,백령도,2023-07-22 15:00,23.5,0,9.8,160,90,1133
102,백령도,2023-07-22 16:00,22.7,0,8.3,140,96,420
102,백령도,2023-07-22 17:00,22.8,.1,6.9,140,97,509
102,백령도,2023-07-22 18:00,22.7,1,4.5,160,98,142
102,백령도,2023-07-22 19:00,23.2,.3,7.7,160,98,89
102,백령도,2023-07-22 20:00,24.2,.3,5.4,180,98,349
102,백령도,2023-07-22 21:00,24.4,.1,5,180,96,268
102,백령도,2023-07-22 22:00,24.3,.1,6.3,180,97,344
102,백령도,2023-07-22 23:00,24.3,.1,5.3,180,97,350
102,백령도,2023-07-23 00:00,24,,4,180,97,293
102,백령도,2023-07-23 01:00,24.3,4.1,3.6,200,98,252
102,백령도,2023-07-23 02:00,25,1,4.5,230,97,445
102,백령도,2023-07-23 03:00,24.9,,4.6,230,97,391
102,백령도,2023-07-23 04:00,24.8,1.1,5,230,97,316
102,백령도,2023-07-23 05:00,25.2,15,4.3,250,95,562
102,백령도,2023-07-23 06:00,24.6,,3.2,270,96,278
102,백령도,2023-07-23 07:00,24.5,,2.1,270,97,345
102,백령도,2023-07-23 08:00,24.6,,1.3,200,95,337
102,백령도,2023-07-23 09:00,24.8,,1,270,94,352
102,백령도,2023-07-23 10:00,25,,1.1,20,95,384
102,백령도,2023-07-23 11:00,26.5,,.8,20,83,1192
102,백령도,2023-07-23 12:00,26.8,,1,140,78,1362
102,백령도,2023-07-23 13:00,27.7,,1.1,250,79,1336
102,백령도,2023-07-23 14:00,27.6,,2.2,180,78,1338
102,백령도,2023-07-23 15:00,26,,3.1,180,83,1094
102,백령도,2023-07-23 16:00,26,,2.5,180,87,956
102,백령도,2023-07-23 17:00,25.3,,2.1,180,90,757
102,백령도,2023-07-23 18:00,25.6,,1.3,180,88,756
102,백령도,2023-07-23 19:00,24.7,,1.5,160,94,416
102,백령도,2023-07-23 20:00,23.7,,1.7,180,97,148
102,백령도,2023-07-23 21:00,23.4,,1,180,98,23
102,백령도,2023-07-23 22:00,23.4,,2.7,180,98,27
102,백령도,2023-07-23 23:00,23.3,,1,160,98,70
102,백령도,2023-07-24 00:00,23.3,,1.1,140,98,130
102,백령도,2023-07-24 01:00,23.5,,1.3,160,98,45
102,백령도,2023-07-24 02:00,23.5,,1.1,160,98,30
102,백령도,2023-07-24 03:00,23.9,,2.5,200,98,82
102,백령도,2023-07-24 04:00,24,,3.4,180,98,253
102,백령도,2023-07-24 05:00,23.2,,2.8,200,97,353
102,백령도,2023-07-24 06:00,23.4,,1.7,160,97,463
102,백령도,2023-07-24 07:00,23.4,,2.9,200,97,419
102,백령도,2023-07-24 08:00,24.6,,2.5,200,93,862
102,백령도,2023-07-24 09:00,24.8,,3.9,180,92,718
102,백령도,2023-07-24 10:00,25.7,,2.4,180,90,733
102,백령도,2023-07-24 11:00,25.1,,2.9,180,91,742
102,백령도,2023-07-24 12:00,25.4,,3.2,160,89,719
102,백령도,2023-07-24 13:00,25.9,,3.3,180,89,795
102,백령도,2023-07-24 14:00,26.4,,4.1,180,86,844
102,백령도,2023-07-24 15:00,26.7,,4.2,180,84,707
102,백령도,2023-07-24 16:00,26.4,,3.8,180,86,868
102,백령도,2023-07-24 17:00,25.9,,2.5,160,87,2788
102,백령도,2023-07-24 18:00,25.2,,3.6,160,90,1990
102,백령도,2023-07-24 19:00,24.5,,3.5,160,93,1514
102,백령도,2023-07-24 20:00,24.1,,2.6,180,94,962
102,백령도,2023-07-24 21:00,23.6,,2.9,140,96,547
102,백령도,2023-07-24 22:00,23.8,,3.1,160,96,697
102,백령도,2023-07-24 23:00,23.6,,2.9,140,97,572
102,백령도,2023-07-25 00:00,23.5,,2.7,140,97,453
102,백령도,2023-07-25 01:00,23,,5,160,97,279
102,백령도,2023-07-25 02:00,23,,4.5,140,98,270
102,백령도,2023-07-25 03:00,23.3,0,4,140,97,515
102,백령도,2023-07-25 04:00,23.2,.3,4.5,140,97,282
102,백령도,2023-07-25 05:00,23.2,.5,4.5,160,98,244
102,백령도,2023-07-25 06:00,23.1,0,5.5,140,98,145
102,백령도,2023-07-25 07:00,23.3,1,3.8,140,98,42
102,백령도,2023-07-25 08:00,23.5,,3.3,160,98,37
102,백령도,2023-07-25 09:00,23.6,,3.6,140,98,52
102,백령도,2023-07-25 10:00,24.2,,4.1,160,98,301
102,백령도,2023-07-25 11:00,26.1,,4.1,180,91,708
102,백령도,2023-07-25 12:00,26.9,,5.2,180,85,719
102,백령도,2023-07-25 13:00,26.1,,3.8,180,90,705
102,백령도,2023-07-25 14:00,26.9,,4.8,180,86,1613
102,백령도,2023-07-25 15:00,27.2,,5.3,180,84,2332
102,백령도,2023-07-25 16:00,27,,4.4,180,86,2126
102,백령도,2023-07-25 17:00,25.1,,5.1,160,91,1732
102,백령도,2023-07-25 18:00,25.1,,5.2,160,92,2121
102,백령도,2023-07-25 19:00,25.1,,3.2,160,90,2497
102,백령도,2023-07-25 20:00,24.1,,4,160,94,2022
102,백령도,2023-07-25 21:00,24.1,,3.3,160,95,2267
102,백령도,2023-07-25 22:00,24.1,0,3.4,140,97,1222
102,백령도,2023-07-25 23:00,23.8,.5,2.8,160,96,1013
102,백령도,2023-07-26 00:00,24.1,,2,180,94,1020
102,백령도,2023-07-26 01:00,24.3,0,2,160,95,1390
102,백령도,2023-07-26 02:00,24.4,0,1.2,180,96,1261
102,백령도,2023-07-26 03:00,25,,2.4,200,96,382
102,백령도,2023-07-26 04:00,25.1,,3.8,180,94,859
102,백령도,2023-07-26 05:00,25.6,,5.5,200,93,892
102,백령도,2023-07-26 06:00,25.6,,4.2,200,90,855
102,백령도,2023-07-26 07:00,25.8,,5.5,200,91,953
102,백령도,2023-07-26 08:00,25.6,,3.2,180,90,959
102,백령도,2023-07-26 09:00,25.9,,3.5,200,90,1102
102,백령도,2023-07-26 10:00,25.8,,4.3,180,90,1500
102,백령도,2023-07-26 11:00,27.7,,5.9,200,83,3000
102,백령도,2023-07-26 12:00,27.7,,5.7,200,81,4041
102,백령도,2023-07-26 13:00,27.2,,5.3,200,85,3717
102,백령도,2023-07-26 14:00,27.5,,6,200,83,4183
102,백령도,2023-07-26 15:00,27.8,,4.3,180,83,3861
102,백령도,2023-07-26 16:00,27.7,,4.3,200,83,4070
102,백령도,2023-07-26 17:00,27.1,,4.3,180,85,3646
102,백령도,2023-07-26 18:00,26.2,,3.1,180,89,2867
102,백령도,2023-07-26 19:00,25.5,,3.1,160,94,1814
102,백령도,2023-07-26 20:00,25.1,,3.5,160,96,1187
102,백령도,2023-07-26 21:00,25.1,,4.5,160,97,719
102,백령도,2023-07-26 22:00,24.9,,4.8,180,97,517
102,백령도,2023-07-26 23:00,24.5,,4.1,160,97,199
102,백령도,2023-07-27 00:00,24.5,,2.6,160,97,988
102,백령도,2023-07-27 01:00,24.7,,3.7,160,97,1075
102,백령도,2023-07-27 02:00,24.9,,2.8,160,96,1461
102,백령도,2023-07-27 03:00,24.4,,1.6,200,97,674
102,백령도,2023-07-27 04:00,24.5,,1.6,140,97,907
102,백령도,2023-07-27 05:00,24.5,,1.4,180,97,794
102,백령도,2023-07-27 06:00,24.1,,2.5,140,97,186
102,백령도,2023-07-27 07:00,24.3,,3.9,160,98,109
102,백령도,2023-07-27 08:00,24.9,,5.1,160,94,1325
102,백령도,2023-07-27 09:00,26.2,,3.3,160,89,1819
102,백령도,2023-07-27 10:00,25.3,,4.7,160,92,1363
102,백령도,2023-07-27 11:00,26.2,,6,160,88,1898
102,백령도,2023-07-27 12:00,27.2,,5.5,160,83,2351
102,백령도,2023-07-27 13:00,27.1,,5.8,180,83,2243
102,백령도,2023-07-27 14:00,26.8,,6,160,85,1798
102,백령도,2023-07-27 15:00,27.4,,4.6,180,84,1650
102,백령도,2023-07-27 16:00,26.3,,5,160,87,1645
102,백령도,2023-07-27 17:00,26.5,,5,160,88,1420
102,백령도,2023-07-27 18:00,26.2,,4.2,160,89,1252
102,백령도,2023-07-27 19:00,26,,3,180,90,1116
102,백령도,2023-07-27 20:00,25.2,,1.7,200,93,872
102,백령도,2023-07-27 21:00,24.9,,1.5,200,95,739
102,백령도,2023-07-27 22:00,24.7,,2.4,160,96,548
102,백령도,2023-07-27 23:00,24.6,,2.3,160,97,130
102,백령도,2023-07-28 00:00,24.2,,4.6,140,98,30
102,백령도,2023-07-28 01:00,24.9,,3.2,180,97,266
102,백령도,2023-07-28 02:00,24.5,,1.9,160,98,20
102,백령도,2023-07-28 03:00,24.3,,2.5,140,98,14
102,백령도,2023-07-28 04:00,24.4,,3.3,140,98,16
102,백령도,2023-07-28 05:00,24.4,,3.8,160,98,32
102,백령도,2023-07-28 06:00,24.3,,4,140,98,172
102,백령도,2023-07-28 07:00,24.6,,4.2,140,98,445
102,백령도,2023-07-28 08:00,25.1,,4.8,140,95,873
102,백령도,2023-07-28 09:00,26.2,,3.6,140,88,1365
102,백령도,2023-07-28 10:00,27.1,,3.7,140,84,1520
102,백령도,2023-07-28 11:00,27.3,,4.6,140,82,1617
102,백령도,2023-07-28 12:00,27.5,,4,180,81,1484
102,백령도,2023-07-28 13:00,28.3,,3.7,180,78,1335
102,백령도,2023-07-28 14:00,28.3,,4.5,180,78,1385
102,백령도,2023-07-28 15:00,28.5,,3.4,180,78,1314
102,백령도,2023-07-28 16:00,27.9,,4.9,180,79,1200
102,백령도,2023-07-28 17:00,27.8,,3.9,160,79,1133
102,백령도,2023-07-28 18:00,26.6,,4.3,160,86,941
102,백령도,2023-07-28 19:00,26.2,,4.1,160,89,794
102,백령도,2023-07-28 20:00,25.7,,3.5,160,92,613
102,백령도,2023-07-28 21:00,25.5,,2.5,140,92,620
102,백령도,2023-07-28 22:00,25.1,,2.2,140,93,452
102,백령도,2023-07-28 23:00,24.9,,3.4,160,93,460
102,백령도,2023-07-29 00:00,24.9,,1.2,140,94,459
102,백령도,2023-07-29 01:00,24.7,,1.7,140,95,429
102,백령도,2023-07-29 02:00,24.8,,3.8,140,93,539
102,백령도,2023-07-29 03:00,24.8,1,5.8,140,94,434
102,백령도,2023-07-29 04:00,24.7,,3.8,140,95,357
102,백령도,2023-07-29 05:00,24.9,,4.8,160,94,975
102,백령도,2023-07-29 06:00,23.9,1.2,5.6,230,92,357
102,백령도,2023-07-29 07:00,24.1,9.8,2.8,230,95,1309
102,백령도,2023-07-29 08:00,24.3,3.1,2.9,250,95,742
102,백령도,2023-07-29 09:00,23.8,1.8,1.4,180,95,460
102,백령도,2023-07-29 10:00,24.1,1.6,2.6,180,97,2397
102,백령도,2023-07-29 11:00,25,,2.4,140,94,4810
102,백령도,2023-07-29 12:00,25.5,,2.5,180,92,2770
102,백령도,2023-07-29 13:00,25.7,0,4.1,160,91,1788
102,백령도,2023-07-29 14:00,26.3,0,2.8,160,87,2587
102,백령도,2023-07-29 15:00,26,,3.2,140,90,2172
102,백령도,2023-07-29 16:00,25.7,,3.4,140,90,2403
102,백령도,2023-07-29 17:00,25.8,,3.6,160,88,2434
102,백령도,2023-07-29 18:00,25.7,,3.2,140,87,2180
102,백령도,2023-07-29 19:00,25.6,,2,140,88,1985
102,백령도,2023-07-29 20:00,25.3,,2.1,140,89,1911
102,백령도,2023-07-29 21:00,25.3,,2,140,89,1704
102,백령도,2023-07-29 22:00,25.3,,1.8,140,89,1345
102,백령도,2023-07-29 23:00,24.6,,1.4,110,92,1021
102,백령도,2023-07-30 00:00,24.7,,1.9,140,94,833
102,백령도,2023-07-30 01:00,24.7,,1.4,140,94,719
102,백령도,2023-07-30 02:00,24.9,,1.6,140,96,492
102,백령도,2023-07-30 03:00,24.8,,1.3,110,97,368
102,백령도,2023-07-30 04:00,24.7,,1.3,90,96,469
102,백령도,2023-07-30 05:00,24.4,,1.4,140,97,518
102,백령도,2023-07-30 06:00,24.5,,1.9,110,95,1063
102,백령도,2023-07-30 07:00,24.8,,1.6,110,93,1443
102,백령도,2023-07-30 08:00,26.5,,2.6,110,84,2385
102,백령도,2023-07-30 09:00,26.5,,2.2,90,84,2243
102,백령도,2023-07-30 10:00,27.9,,2.7,140,77,2568
102,백령도,2023-07-30 11:00,28.5,,2.8,160,74,2854
102,백령도,2023-07-30 12:00,28.5,,2.9,160,74,2967
102,백령도,2023-07-30 13:00,28.6,,3.6,140,73,3577
102,백령도,2023-07-30 14:00,28.7,,3.8,140,68,3552
102,백령도,2023-07-30 15:00,29.3,,2.6,110,65,3072
102,백령도,2023-07-30 16:00,29,,2,200,63,4172
102,백령도,2023-07-30 17:00,28.7,,2,180,67,3885
102,백령도,2023-07-30 18:00,28.5,,.9,200,65,2283
102,백령도,2023-07-30 19:00,25.7,,2.1,320,82,2950
102,백령도,2023-07-30 20:00,25.1,,1.3,320,85,2385
102,백령도,2023-07-30 21:00,24.9,,1,270,87,1872
102,백령도,2023-07-30 22:00,24.5,,.8,270,87,1854
102,백령도,2023-07-30 23:00,25,,.8,230,84,2038
102,백령도,2023-07-31 00:00,25,,1.4,200,82,1619
102,백령도,2023-07-31 01:00,25.3,,.7,230,81,2120
102,백령도,2023-07-31 02:00,24.6,,1.7,200,82,1353
102,백령도,2023-07-31 03:00,24.4,,0,0,85,1730
102,백령도,2023-07-31 04:00,23.3,,.9,140,92,1030
102,백령도,2023-07-31 05:00,23,,1.6,90,93,1508
102,백령도,2023-07-31 06:00,23.6,,1.8,110,90,1113
102,백령도,2023-07-31 07:00,24.2,,1.6,90,92,1100
102,백령도,2023-07-31 08:00,25.7,,1.4,90,90,1315
102,백령도,2023-07-31 09:00,26.8,,1.3,110,82,1846
102,백령도,2023-07-31 10:00,28,,2.1,140,75,2065
102,백령도,2023-07-31 11:00,28.3,,2.3,90,72,2457
102,백령도,2023-07-31 12:00,28.7,,1.2,180,71,2636
102,백령도,2023-07-31 13:00,28.7,,2.6,360,73,2989
102,백령도,2023-07-31 14:00,27.7,,3.2,320,79,2580
102,백령도,2023-07-31 15:00,28.2,,2.7,320,78,2451
102,백령도,2023-07-31 16:00,27.1,,2.8,320,84,2201
102,백령도,2023-07-31 17:00,26.9,,2.8,320,86,2172
102,백령도,2023-07-31 18:00,26.2,,2.2,320,90,1728
102,백령도,2023-07-31 19:00,26.2,,2.3,340,90,1518
102,백령도,2023-07-31 20:00,25.1,,2.1,320,94,1116
102,백령도,2023-07-31 21:00,24.8,,2.8,320,93,1330
102,백령도,2023-07-31 22:00,24.2,,2.6,320,93,1210
102,백령도,2023-07-31 23:00,24.5,,2.5,340,87,1845
102,백령도,2023-08-01 00:00,23.8,,1.1,290,91,1500
102,백령도,2023-08-01 01:00,23.2,,1.7,320,91,1357
102,백령도,2023-08-01 02:00,23.4,,1.6,320,90,1370
102,백령도,2023-08-01 03:00,24.1,,2.1,320,85,1913
102,백령도,2023-08-01 04:00,23.5,,1.7,290,88,1718
102,백령도,2023-08-01 05:00,23.8,,.2,0,85,2108
102,백령도,2023-08-01 06:00,23.7,,.3,0,87,1596
102,백령도,2023-08-01 07:00,25,,.4,0,84,1822
102,백령도,2023-08-01 08:00,26.8,,0,0,77,2113
102,백령도,2023-08-01 09:00,28.1,,1.1,70,72,2417
102,백령도,2023-08-01 10:00,28.3,,2.2,90,72,2273
102,백령도,2023-08-01 11:00,29.2,,1.7,110,69,2315
102,백령도,2023-08-01 12:00,29.2,,1.9,90,68,2158
102,백령도,2023-08-01 13:00,28.2,,2.2,320,71,2532
102,백령도,2023-08-01 14:00,28.6,,2.4,290,70,2535
102,백령도,2023-08-01 15:00,28.1,,3.1,320,66,2713
102,백령도,2023-08-01 16:00,26.9,,3.3,290,69,2713
102,백령도,2023-08-01 17:00,27.7,,2.7,290,68,2497
102,백령도,2023-08-01 18:00,27.2,,3,340,70,2743
102,백령도,2023-08-01 19:00,26.3,,1.6,320,76,2510
102,백령도,2023-08-01 20:00,24.7,,1.4,340,82,1983
102,백령도,2023-08-01 21:00,24.3,,1.5,320,84,1816
102,백령도,2023-08-01 22:00,24.7,,1.4,290,80,1960
102,백령도,2023-08-01 23:00,24.3,,1.8,320,82,1841
102,백령도,2023-08-02 00:00,24.2,,1.4,290,83,1796
102,백령도,2023-08-02 01:00,25,,1,270,79,2009
102,백령도,2023-08-02 02:00,25.2,,0,0,76,2238
102,백령도,2023-08-02 03:00,22.4,,1.7,290,93,764
102,백령도,2023-08-02 04:00,23.8,,1.4,320,86,1445
102,백령도,2023-08-02 05:00,23.5,,.9,290,87,1420
102,백령도,2023-08-02 06:00,23.4,,1,270,86,1458
102,백령도,2023-08-02 07:00,24.7,,.8,290,88,1457
102,백령도,2023-08-02 08:00,26.5,,1.6,320,77,2312
102,백령도,2023-08-02 09:00,27.3,,0,0,79,1714
102,백령도,2023-08-02 10:00,28.1,,1,110,76,2103
102,백령도,2023-08-02 11:00,28.9,,1.5,70,71,2742
102,백령도,2023-08-02 12:00,29.1,,2,90,69,2649
102,백령도,2023-08-02 13:00,29,,2,20,71,2509
102,백령도,2023-08-02 14:00,29.1,,.8,20,75,2642
102,백령도,2023-08-02 15:00,28.7,,1.4,20,71,2411
102,백령도,2023-08-02 16:00,27.8,,1.9,70,77,2286
102,백령도,2023-08-02 17:00,28.2,,1.7,90,75,2323
102,백령도,2023-08-02 18:00,27.7,,1.5,90,76,2315
102,백령도,2023-08-02 19:00,27.8,,2.4,230,75,2688
102,백령도,2023-08-02 20:00,25.3,,2.2,180,88,1118
102,백령도,2023-08-02 21:00,24.8,,1.8,180,90,884
102,백령도,2023-08-02 22:00,24.7,,1.5,180,93,600
102,백령도,2023-08-02 23:00,25.4,,1.6,200,91,645
102,백령도,2023-08-03 00:00,25,,1.8,180,93,456
102,백령도,2023-08-03 01:00,24.5,,1.5,180,95,360
102,백령도,2023-08-03 02:00,24.4,,2,180,95,434
102,백령도,2023-08-03 03:00,25.4,,2.3,230,93,1030
102,백령도,2023-08-03 04:00,25,,2.6,200,93,869
102,백령도,2023-08-03 05:00,25.4,,1.7,230,92,897
102,백령도,2023-08-03 06:00,26,,1.9,250,90,1451
102,백령도,2023-08-03 07:00,25.5,,.7,140,92,783
102,백령도,2023-08-03 08:00,26.6,,2.5,180,89,1100
102,백령도,2023-08-03 09:00,27.5,,2.3,180,86,1509
102,백령도,2023-08-03 10:00,28.4,,4.4,200,83,1545
102,백령도,2023-08-03 11:00,29.2,,5.2,200,78,2030
102,백령도,2023-08-03 12:00,29.2,,5.7,200,78,2101
102,백령도,2023-08-03 13:00,29.8,,4.4,200,76,2552
102,백령도,2023-08-03 14:00,29.7,,5,200,73,2708
102,백령도,2023-08-03 15:00,29.4,,4.4,200,76,2883
102,백령도,2023-08-03 16:00,28.7,,4.1,200,80,2224
102,백령도,2023-08-03 17:00,28.7,,4.5,200,80,2419
102,백령도,2023-08-03 18:00,28.9,,2.6,200,81,2599
102,백령도,2023-08-03 19:00,27.8,,2.3,200,85,2037
102,백령도,2023-08-03 20:00,26.3,,2,230,92,1409
102,백령도,2023-08-03 21:00,26.4,,2.4,200,91,1576
102,백령도,2023-08-03 22:00,26.1,,2.3,200,90,1470
102,백령도,2023-08-03 23:00,26.2,,2,200,91,1560
102,백령도,2023-08-04 00:00,26.3,,2.1,200,92,1184
102,백령도,2023-08-04 01:00,26.1,,1.9,200,93,866
102,백령도,2023-08-04 02:00,24.7,,1.3,180,96,689
102,백령도,2023-08-04 03:00,24.7,,2.4,180,96,437
102,백령도,2023-08-04 04:00,24.1,,2.3,180,97,184
102,백령도,2023-08-04 05:00,23.9,,2.1,200,98,72
102,백령도,2023-08-04 06:00,24.4,,1.7,180,98,80
102,백령도,2023-08-04 07:00,23.5,,1.7,110,98,38
102,백령도,2023-08-04 08:00,24.9,,1.6,180,98,212
102,백령도,2023-08-04 09:00,26.1,,1.8,160,96,778
102,백령도,2023-08-04 10:00,28.4,,2.7,200,85,1968
102,백령도,2023-08-04 11:00,28.7,,3.5,180,81,2605
102,백령도,2023-08-04 12:00,29.2,,3.2,180,81,2577
102,백령도,2023-08-04 13:00,29.6,,4,180,78,2686
102,백령도,2023-08-04 14:00,29.4,,4.5,180,76,3031
102,백령도,2023-08-04 15:00,29.3,,5.4,180,76,2997
102,백령도,2023-08-04 16:00,29.5,,3.6,200,76,2868
102,백령도,2023-08-04 17:00,29.1,,3.7,200,78,3032
102,백령도,2023-08-04 18:00,28.5,,2.8,200,80,2790
102,백령도,2023-08-04 19:00,27.5,,2.7,200,85,2002
102,백령도,2023-08-04 20:00,26.2,,2,180,90,1160
102,백령도,2023-08-04 21:00,25.2,,1.7,180,94,560
102,백령도,2023-08-04 22:00,25.3,,1.7,200,95,568
102,백령도,2023-08-04 23:00,24.9,,2.1,200,95,399
102,백령도,2023-08-05 00:00,25,,1.8,200,96,302
102,백령도,2023-08-05 01:00,24.6,,1.4,140,96,794
102,백령도,2023-08-05 02:00,24.7,,.9,200,96,330
102,백령도,2023-08-05 03:00,25,,2.1,200,97,227
102,백령도,2023-08-05 04:00,24.9,,1.8,200,97,157
102,백령도,2023-08-05 05:00,24.1,,.9,200,97,27
102,백령도,2023-08-05 06:00,23.8,,1,180,98,25
102,백령도,2023-08-05 07:00,24.3,,1.6,180,98,42
102,백령도,2023-08-05 08:00,26,,1.5,160,93,837
102,백령도,2023-08-05 09:00,27.7,,2.2,180,87,2391
102,백령도,2023-08-05 10:00,28.4,,3.2,180,81,2551
102,백령도,2023-08-05 11:00,28.7,,3,180,81,2886
102,백령도,2023-08-05 12:00,29.1,,3.5,180,78,3120
102,백령도,2023-08-05 13:00,29.5,,3.4,180,74,3203
102,백령도,2023-08-05 14:00,28.6,,1.4,290,78,2794
102,백령도,2023-08-05 15:00,28.4,,1.8,70,81,2352
102,백령도,2023-08-05 16:00,28.9,,3.8,200,78,3080
102,백령도,2023-08-05 17:00,28,,3.9,200,83,2672
102,백령도,2023-08-05 18:00,26.7,,1.4,360,86,2808
102,백령도,2023-08-05 19:00,27.3,,0,0,86,2732
102,백령도,2023-08-05 20:00,25.9,,.1,0,91,1812
102,백령도,2023-08-05 21:00,25.7,,0,0,93,1435
102,백령도,2023-08-05 22:00,26,,.4,0,93,970
102,백령도,2023-08-05 23:00,25.8,,1.7,70,95,814
102,백령도,2023-08-06 00:00,25.4,,.2,0,95,452
102,백령도,2023-08-06 01:00,24.8,,1.9,180,97,267
102,백령도,2023-08-06 02:00,25.3,,1,200,97,279
102,백령도,2023-08-06 03:00,24.7,,.2,0,96,364
102,백령도,2023-08-06 04:00,24,,.7,320,97,162
102,백령도,2023-08-06 05:00,23.4,,3.3,360,98,35
102,백령도,2023-08-06 06:00,23.6,.6,3,360,98,265
102,백령도,2023-08-06 07:00,23,1.7,2.2,320,97,1081
102,백령도,2023-08-06 08:00,23.8,0,1.7,320,96,1357
102,백령도,2023-08-06 09:00,24.5,0,2,320,94,1515
102,백령도,2023-08-06 10:00,23.2,,3.4,320,90,1867
102,백령도,2023-08-06 11:00,23.4,,3.2,320,89,2511
102,백령도,2023-08-06 12:00,24.8,,1.8,320,85,2694
102,백령도,2023-08-06 13:00,24.8,,4.6,320,82,3009
102,백령도,2023-08-06 14:00,25.2,,5,340,83,3259
102,백령도,2023-08-06 15:00,25.5,,5.1,320,78,3275
102,백령도,2023-08-06 16:00,24.9,,5.2,340,80,3542
102,백령도,2023-08-06 17:00,24.3,,5.8,340,83,3838
102,백령도,2023-08-06 18:00,23.5,,3.4,340,85,3403
102,백령도,2023-08-06 19:00,23,,4.4,320,88,3108
102,백령도,2023-08-06 20:00,22.7,,4.2,340,90,3003
102,백령도,2023-08-06 21:00,22.9,,4.1,320,89,3173
102,백령도,2023-08-06 22:00,22.7,,3.2,320,89,2903
102,백령도,2023-08-06 23:00,22.8,,3.6,320,87,3004
102,백령도,2023-08-07 00:00,23.1,,4.3,320,86,1794
102,백령도,2023-08-07 01:00,23.1,,3.5,320,87,1381
102,백령도,2023-08-07 02:00,23,,3.5,320,89,1602
102,백령도,2023-08-07 03:00,22.6,,2.8,320,89,2224
102,백령도,2023-08-07 04:00,22.6,,1.4,320,90,2058
102,백령도,2023-08-07 05:00,23.5,,.8,20,90,2331
102,백령도,2023-08-07 06:00,22.6,,1.4,320,92,1663
102,백령도,2023-08-07 07:00,22.7,,1.4,320,92,2124
102,백령도,2023-08-07 08:00,23.9,,1.8,320,88,2722
102,백령도,2023-08-07 09:00,27,,.6,290,80,2499
102,백령도,2023-08-07 10:00,28.9,,1,50,72,2945
102,백령도,2023-08-07 11:00,28.4,,2.6,320,77,2884
102,백령도,2023-08-07 12:00,26.7,,2.8,320,80,2237
102,백령도,2023-08-07 13:00,28.5,,2.2,290,74,3075
102,백령도,2023-08-07 14:00,27.9,,3.1,320,77,2391
102,백령도,2023-08-07 15:00,27.6,,3.7,320,78,2239
102,백령도,2023-08-07 16:00,26.3,,4,320,77,2882
102,백령도,2023-08-07 17:00,26.4,,3.6,340,76,3797
102,백령도,2023-08-07 18:00,26.5,,2.6,340,75,4221
102,백령도,2023-08-07 19:00,25.1,,2.9,340,82,4498
102,백령도,2023-08-07 20:00,24.1,,3.2,320,86,4402
102,백령도,2023-08-07 21:00,24.6,,2,340,85,4298
102,백령도,2023-08-07 22:00,24,,2.4,320,87,4291
102,백령도,2023-08-07 23:00,24.2,,2.6,320,87,3814
102,백령도,2023-08-08 00:00,23.9,,1.8,320,90,3211
102,백령도,2023-08-08 01:00,23.7,,1.4,320,91,2581
102,백령도,2023-08-08 02:00,23.8,,1.6,320,92,2373
102,백령도,2023-08-08 03:00,23.6,,1,290,93,2002
102,백령도,2023-08-08 04:00,24.8,,1.5,90,90,2883
102,백령도,2023-08-08 05:00,24.5,,1.8,70,90,2712
102,백령도,2023-08-08 06:00,24.3,,2.3,110,91,3023
102,백령도,2023-08-08 07:00,24.3,,2.2,90,92,3075
102,백령도,2023-08-08 08:00,25.9,,3.1,90,83,4580
102,백령도,2023-08-08 09:00,27,,3.8,110,76,4858
102,백령도,2023-08-08 10:00,27.2,,2.6,90,77,4551
102,백령도,2023-08-08 11:00,28,,1.9,90,74,4541
102,백령도,2023-08-08 12:00,29.3,,1.9,70,64,4715
102,백령도,2023-08-08 13:00,30.1,,1.4,50,61,4755
102,백령도,2023-08-08 14:00,28.8,,3.2,290,69,4631
102,백령도,2023-08-08 15:00,28.2,,4,320,69,4633
102,백령도,2023-08-08 16:00,28.1,,4.7,340,68,4894
102,백령도,2023-08-08 17:00,27.4,,5,360,71,4199
102,백령도,2023-08-08 18:00,27.4,,4.2,340,71,4685
102,백령도,2023-08-08 19:00,25.5,,3.5,340,78,4594
102,백령도,2023-08-08 20:00,24.4,,3.2,340,83,4490
102,백령도,2023-08-08 21:00,24.3,,2,320,85,4473
102,백령도,2023-08-08 22:00,24.2,,2.2,320,86,4380
102,백령도,2023-08-08 23:00,24.5,,2.4,340,85,4661
102,백령도,2023-08-09 00:00,23.5,,3.2,320,88,3598
102,백령도,2023-08-09 01:00,23.2,,2.3,320,89,3406
102,백령도,2023-08-09 02:00,25.2,,2,20,86,3668
102,백령도,2023-08-09 03:00,25.2,,1.6,50,87,3505
102,백령도,2023-08-09 04:00,25.4,,2.7,360,87,3320
102,백령도,2023-08-09 05:00,23.2,,.7,320,92,2594
102,백령도,2023-08-09 06:00,24.8,,1.7,70,92,2021
102,백령도,2023-08-09 07:00,25.7,,3.2,70,84,3165
102,백령도,2023-08-09 08:00,26.2,,2.9,90,81,3061
102,백령도,2023-08-09 09:00,27,,3.3,70,74,3974
102,백령도,2023-08-09 10:00,28.3,,2.3,70,69,4660
102,백령도,2023-08-09 11:00,29.7,,1.7,360,63,4708
102,백령도,2023-08-09 12:00,29.8,,2.1,360,61,4848
102,백령도,2023-08-09 13:00,28,,3.9,290,70,3886
102,백령도,2023-08-09 14:00,27.9,,3.5,320,73,3020
102,백령도,2023-08-09 15:00,29.1,,4.1,360,66,3827
102,백령도,2023-08-09 16:00,28.3,,4.9,360,67,3880
102,백령도,2023-08-09 17:00,27.1,,4.7,340,67,4283
102,백령도,2023-08-09 18:00,26.6,,6,360,71,3993
102,백령도,2023-08-09 19:00,26.3,,4.4,340,74,3789
102,백령도,2023-08-09 20:00,25.6,,3.2,340,77,3453
102,백령도,2023-08-09 21:00,26.4,,3.5,360,74,3725
102,백령도,2023-08-09 22:00,26.6,,2.2,50,74,3376
102,백령도,2023-08-09 23:00,27,,1.3,360,76,3380
102,백령도,2023-08-10 00:00,24.6,,2.2,320,88,2370
102,백령도,2023-08-10 01:00,24.2,,.9,290,91,1788
102,백령도,2023-08-10 02:00,24.4,,.9,320,90,1714
102,백령도,2023-08-10 03:00,24.1,,1.2,340,92,1646
102,백령도,2023-08-10 04:00,23.4,,1.7,320,93,1192
102,백령도,2023-08-10 05:00,23.3,,1.6,320,93,1563
102,백령도,2023-08-10 06:00,24.5,,2.5,20,87,3452
102,백령도,2023-08-10 07:00,25,,2.3,20,81,4586
102,백령도,2023-08-10 08:00,24.9,,1.1,340,86,3794
102,백령도,2023-08-10 09:00,25.5,,3.3,360,83,2305
102,백령도,2023-08-10 10:00,25.8,,4.3,360,75,3418
102,백령도,2023-08-10 11:00,24.9,,4.3,360,76,2909
102,백령도,2023-08-10 12:00,24.8,,4.3,360,79,4178
102,백령도,2023-08-10 13:00,25.6,,4,360,77,3251
102,백령도,2023-08-10 14:00,25.9,,7,360,74,4142
102,백령도,2023-08-10 15:00,25.5,,5.5,340,79,2940
102,백령도,2023-08-10 16:00,25.1,,5.4,340,79,2914
102,백령도,2023-08-10 17:00,24.8,,5.3,340,81,2538
102,백령도,2023-08-10 18:00,25,,3.4,340,82,2741
102,백령도,2023-08-10 19:00,23.3,,3.5,320,89,1932
102,백령도,2023-08-10 20:00,23.4,,4.9,340,88,2255
102,백령도,2023-08-10 21:00,23.2,,5.2,320,89,2150
102,백령도,2023-08-10 22:00,22.7,0,3.8,320,90,1570
102,백령도,2023-08-10 23:00,23.3,0,4.5,340,85,1705
102,백령도,2023-08-11 00:00,22.8,0,5.3,320,88,1576
102,백령도,2023-08-11 01:00,22.4,.2,4.5,320,88,2097
102,백령도,2023-08-11 02:00,22.8,0,4.4,340,84,2277
102,백령도,2023-08-11 03:00,22.8,0,3.4,340,85,2066
102,백령도,2023-08-11 04:00,22.1,0,3.6,340,91,1044
102,백령도,2023-08-11 05:00,21.9,.7,3,320,93,1347
102,백령도,2023-08-11 06:00,21.8,.1,2.5,320,93,1338
102,백령도,2023-08-11 07:00,21.6,.5,3,290,94,722
102,백령도,2023-08-11 08:00,21.9,.7,3,290,95,781
102,백령도,2023-08-11 09:00,22.4,0,1.8,270,94,1109
102,백령도,2023-08-11 10:00,23,0,2.2,270,91,1307
102,백령도,2023-08-11 11:00,22.7,0,3.5,290,93,1238
102,백령도,2023-08-11 12:00,23,0,3.6,290,89,2207
102,백령도,2023-08-11 13:00,24.4,0,3.8,290,85,2782
102,백령도,2023-08-11 14:00,23.6,,4.2,320,88,2199
102,백령도,2023-08-11 15:00,23.8,,3.5,290,88,2792
102,백령도,2023-08-11 16:00,24.3,,2.8,290,82,2794
102,백령도,2023-08-11 17:00,24.4,,1.8,290,81,2410
102,백령도,2023-08-11 18:00,24.4,,1.5,230,82,2879
102,백령도,2023-08-11 19:00,24,,1.3,230,85,2580
102,백령도,2023-08-11 20:00,23.6,,.9,290,86,2533
102,백령도,2023-08-11 21:00,23.3,,.4,0,89,1787
102,백령도,2023-08-11 22:00,22.8,,.9,200,90,1028
102,백령도,2023-08-11 23:00,22.6,,1.7,200,92,967
102,백령도,2023-08-12 00:00,22.5,,1.2,180,94,557
102,백령도,2023-08-12 01:00,22.3,,1.2,180,92,915
102,백령도,2023-08-12 02:00,22.3,,1.9,180,93,676
102,백령도,2023-08-12 03:00,22.8,,.7,160,91,1330
102,백령도,2023-08-12 04:00,22,,1.3,110,96,393
102,백령도,2023-08-12 05:00,23.1,,1.3,140,96,579
102,백령도,2023-08-12 06:00,23.3,,1.4,140,96,365
102,백령도,2023-08-12 07:00,23.1,,2.2,90,96,371
102,백령도,2023-08-12 08:00,23.2,,2.5,110,96,579
102,백령도,2023-08-12 09:00,23.6,,2.8,140,94,887
102,백령도,2023-08-12 10:00,25.7,,2.8,110,85,1883
102,백령도,2023-08-12 11:00,26.4,,3.6,140,84,2384
102,백령도,2023-08-12 12:00,26.6,,4.2,140,82,2470
102,백령도,2023-08-12 13:00,28,,3.6,140,75,2768
102,백령도,2023-08-12 14:00,27.4,,3.7,140,77,2659
102,백령도,2023-08-12 15:00,27.2,,3.6,180,79,2585
102,백령도,2023-08-12 16:00,27.2,,2.8,160,81,2380
102,백령도,2023-08-12 17:00,26.2,,2.4,180,84,1974
102,백령도,2023-08-12 18:00,26.3,,3.7,160,81,2915
102,백령도,2023-08-12 19:00,25.8,,3.6,160,84,2324
102,백령도,2023-08-12 20:00,25.5,,3.5,160,85,2435
102,백령도,2023-08-12 21:00,25.3,,4.5,160,89,1966
102,백령도,2023-08-12 22:00,24.7,,5.7,140,91,1280
102,백령도,2023-08-12 23:00,24.5,,4.7,140,92,1394
102,백령도,2023-08-13 00:00,24.3,0,6.3,140,92,1228
102,백령도,2023-08-13 01:00,23.9,0,6.4,140,93,846
102,백령도,2023-08-13 02:00,24,0,5.3,140,94,524
102,백령도,2023-08-13 03:00,24.2,,5.8,140,95,361
102,백령도,2023-08-13 04:00,24.4,,5,140,95,418
102,백령도,2023-08-13 05:00,24.5,0,4.6,140,96,283
102,백령도,2023-08-13 06:00,24.6,.2,4.2,140,96,264
102,백령도,2023-08-13 07:00,24.7,0,4.7,140,96,308
102,백령도,2023-08-13 08:00,24.5,.1,5.4,140,96,274
102,백령도,2023-08-13 09:00,24.7,0,6.3,140,95,413
102,백령도,2023-08-13 10:00,24.6,,6.4,140,95,397
102,백령도,2023-08-13 11:00,25,,5.7,140,93,442
102,백령도,2023-08-13 12:00,25.4,,5.5,160,92,458
102,백령도,2023-08-13 13:00,25.4,,6.3,160,93,431
102,백령도,2023-08-13 14:00,25.6,,6.1,160,94,470
102,백령도,2023-08-13 15:00,25.6,,6.3,160,94,423
102,백령도,2023-08-13 16:00,26.1,,7.9,160,93,558
102,백령도,2023-08-13 17:00,26.2,0,7.6,160,93,583
102,백령도,2023-08-13 18:00,25.9,.2,7,160,95,306
102,백령도,2023-08-13 19:00,25.5,30.7,1.4,230,97,163
102,백령도,2023-08-13 20:00,25.4,.3,3,160,96,287
102,백령도,2023-08-13 21:00,24.9,0,3,180,96,350
102,백령도,2023-08-13 22:00,24.7,.5,2,180,96,190
102,백령도,2023-08-13 23:00,25.1,1,1.6,230,97,372
102,백령도,2023-08-14 00:00,24.8,1.7,2.8,270,96,608
102,백령도,2023-08-14 01:00,24.3,.3,1.9,230,96,703
102,백령도,2023-08-14 02:00,24.4,,1.4,180,97,275
102,백령도,2023-08-14 03:00,24.5,0,1.4,200,97,382
102,백령도,2023-08-14 04:00,24.1,.7,2,180,97,182
102,백령도,2023-08-14 05:00,24.3,1.7,1.6,230,97,203
102,백령도,2023-08-14 06:00,24.4,1.2,2.5,250,95,1356
102,백령도,2023-08-14 07:00,24.3,0,1.7,200,94,574
102,백령도,2023-08-14 08:00,24.4,.4,.3,0,96,452
102,백령도,2023-08-14 09:00,24.4,.4,.1,0,97,635
102,백령도,2023-08-14 10:00,24.9,0,.3,0,95,863
102,백령도,2023-08-14 11:00,24.9,.6,1.9,180,95,566
102,백령도,2023-08-14 12:00,26.2,0,1.4,270,88,2575
102,백령도,2023-08-14 13:00,27.2,,.7,70,84,2238
102,백령도,2023-08-14 14:00,27.7,,1.7,230,70,4133
102,백령도,2023-08-14 15:00,26.1,,1.4,70,85,1940
102,백령도,2023-08-14 16:00,27.4,,1.2,110,78,2861
102,백령도,2023-08-14 17:00,27,,2.6,180,79,3229
102,백령도,2023-08-14 18:00,26.5,,1.9,180,82,2804
102,백령도,2023-08-14 19:00,26,,1.1,230,83,2814
102,백령도,2023-08-14 20:00,24.9,,.7,200,91,1427
102,백령도,2023-08-14 21:00,23.9,,.3,0,95,1100
102,백령도,2023-08-14 22:00,23.9,,.2,0,95,1039
102,백령도,2023-08-14 23:00,23.4,,1.4,290,96,644
102,백령도,2023-08-15 00:00,23.3,,1.1,320,96,532
102,백령도,2023-08-15 01:00,23.1,,.2,0,96,506
102,백령도,2023-08-15 02:00,23.2,,1,110,96,488
102,백령도,2023-08-15 03:00,22.6,,.4,0,97,376
102,백령도,2023-08-15 04:00,22.8,,.1,0,98,301
102,백령도,2023-08-15 05:00,23.1,,.9,140,97,325
102,백령도,2023-08-15 06:00,23,,0,0,97,377
102,백령도,2023-08-15 07:00,23.6,,.2,0,96,376
102,백령도,2023-08-15 08:00,24.7,,.8,140,90,1082
102,백령도,2023-08-15 09:00,26.1,,.7,320,79,2145
102,백령도,2023-08-15 10:00,27.5,,1.9,90,73,2733
102,백령도,2023-08-15 11:00,28.9,,1.7,90,67,3492
102,백령도,2023-08-15 12:00,26.8,,2.4,320,74,3095
102,백령도,2023-08-15 13:00,26.6,,1.7,320,77,3063
102,백령도,2023-08-15 14:00,26.7,,2.2,20,76,2886
102,백령도,2023-08-15 15:00,28.3,,2.3,230,71,3459
102,백령도,2023-08-15 16:00,27.4,,2,290,77,3145
102,백령도,2023-08-15 17:00,28.1,,3.8,250,68,4120
102,백령도,2023-08-15 18:00,26.3,,4.3,320,80,2685
102,백령도,2023-08-15 19:00,25,,2.5,360,87,2085
102,백령도,2023-08-15 20:00,23.8,,1,340,90,1736
102,백령도,2023-08-15 21:00,23.3,,1.2,290,93,1240
102,백령도,2023-08-15 22:00,23.4,,1.2,320,93,1130
102,백령도,2023-08-15 23:00,22.9,,1.6,320,94,975
102,백령도,2023-08-16 00:00,22.6,,2.5,290,95,857
102,백령도,2023-08-16 01:00,22.8,,3.3,320,94,1098
102,백령도,2023-08-16 02:00,23.1,,2.7,340,93,1228
102,백령도,2023-08-16 03:00,22.9,,3,340,92,1567
102,백령도,2023-08-16 04:00,22.6,,3,340,92,1895
102,백령도,2023-08-16 05:00,22.3,,2.5,340,95,903
102,백령도,2023-08-16 06:00,22.4,,2.5,360,96,801
102,백령도,2023-08-16 07:00,22.9,,.2,0,95,838
102,백령도,2023-08-16 08:00,25.1,,1.9,70,84,1615
102,백령도,2023-08-16 09:00,25.4,,1,90,84,1574
102,백령도,2023-08-16 10:00,26.3,,1.5,70,82,1866
102,백령도,2023-08-16 11:00,25.3,,1.9,360,84,2073
102,백령도,2023-08-16 12:00,27.4,,2.1,360,76,2586
102,백령도,2023-08-16 13:00,25.4,,3.1,320,82,2297
102,백령도,2023-08-16 14:00,26.5,,3.8,320,75,2652
102,백령도,2023-08-16 15:00,27,,2.8,340,78,2817
102,백령도,2023-08-16 16:00,27,,3.5,320,72,3462
102,백령도,2023-08-16 17:00,26.5,,3.2,320,72,3857
102,백령도,2023-08-16 18:00,26,,3.3,320,77,3304
102,백령도,2023-08-16 19:00,24.7,,3.1,320,82,3134
102,백령도,2023-08-16 20:00,23.9,,2.3,320,91,1671
102,백령도,2023-08-16 21:00,24.2,,3.1,320,88,2367
102,백령도,2023-08-16 22:00,24.3,,2.9,340,86,2773
102,백령도,2023-08-16 23:00,23.5,,2.5,320,91,2005
102,백령도,2023-08-17 00:00,23.5,,2.3,340,89,2102
102,백령도,2023-08-17 01:00,23,,1.6,320,92,1614
102,백령도,2023-08-17 02:00,23.2,,2.2,360,92,1345
102,백령도,2023-08-17 03:00,22.5,,1.4,320,94,998
102,백령도,2023-08-17 04:00,23.1,,1.9,360,92,1200
102,백령도,2023-08-17 05:00,24,,1.9,50,84,1854
102,백령도,2023-08-17 06:00,23.3,,1.4,20,85,1827
102,백령도,2023-08-17 07:00,23.8,,2.2,70,88,1544
102,백령도,2023-08-17 08:00,25.3,,1.5,90,88,1251
102,백령도,2023-08-17 09:00,25.9,,2.9,110,83,1479
102,백령도,2023-08-17 10:00,27.3,,2.4,140,78,1568
102,백령도,2023-08-17 11:00,28.1,,2.4,160,75,1627
102,백령도,2023-08-17 12:00,27,,2.3,290,79,1580
102,백령도,2023-08-17 13:00,27.5,,.7,200,79,1515
102,백령도,2023-08-17 14:00,26.6,,2.1,50,81,1484
102,백령도,2023-08-17 15:00,27,,1.4,90,81,1684
102,백령도,2023-08-17 16:00,27.2,,1.5,200,74,2564
102,백령도,2023-08-17 17:00,26.4,,2.4,340,83,1734
102,백령도,2023-08-17 18:00,25.8,,2.8,340,84,1644
102,백령도,2023-08-17 19:00,25.5,,1.4,360,88,1413
102,백령도,2023-08-17 20:00,24.3,,.6,70,92,881
102,백령도,2023-08-17 21:00,23.9,,1.2,340,92,886
102,백령도,2023-08-17 22:00,23.9,,0,0,91,1198
102,백령도,2023-08-17 23:00,23.6,,1.2,90,89,1140
102,백령도,2023-08-18 00:00,23.5,,1.1,110,89,1337
102,백령도,2023-08-18 01:00,23.5,,.2,0,90,1279
102,백령도,2023-08-18 02:00,22.9,,1.1,290,93,1203
102,백령도,2023-08-18 03:00,22.8,,1.1,290,94,791
102,백령도,2023-08-18 04:00,23.1,,0,0,92,1144
102,백령도,2023-08-18 05:00,23.1,,.3,0,94,1011
102,백령도,2023-08-18 06:00,22.9,,.5,50,96,764
102,백령도,2023-08-18 07:00,22.9,,1.8,90,94,823
102,백령도,2023-08-18 08:00,24.3,,1.3,90,91,1020
102,백령도,2023-08-18 09:00,25.3,,2.4,90,84,1884
102,백령도,2023-08-18 10:00,26.6,,1.5,110,80,2289
102,백령도,2023-08-18 11:00,28.3,,2.2,110,69,2459
102,백령도,2023-08-18 12:00,28.6,,1.4,90,69,2747
102,백령도,2023-08-18 13:00,28.2,,2,270,66,2828
102,백령도,2023-08-18 14:00,28.2,,2.6,320,66,2915
102,백령도,2023-08-18 15:00,28,,3.1,320,66,3325
102,백령도,2023-08-18 16:00,28.5,,2.2,320,65,3301
102,백령도,2023-08-18 17:00,28.8,,1.7,340,59,4313
102,백령도,2023-08-18 18:00,27.3,,1.2,290,71,3102
102,백령도,2023-08-18 19:00,25.8,,1.4,290,78,2884
102,백령도,2023-08-18 20:00,24.4,,1.3,320,90,1907
102,백령도,2023-08-18 21:00,23.6,,1.2,320,92,1418
102,백령도,2023-08-18 22:00,23.4,,1,320,86,2396
102,백령도,2023-08-18 23:00,23.2,,1.2,320,90,1841
102,백령도,2023-08-19 00:00,23.1,,1.5,320,90,1880
102,백령도,2023-08-19 01:00,22.6,,1.4,290,90,1907
102,백령도,2023-08-19 02:00,22.7,,2.2,290,92,1577
102,백령도,2023-08-19 03:00,22.8,,1.7,320,91,1524
102,백령도,2023-08-19 04:00,22.7,,1.8,320,90,1739
102,백령도,2023-08-19 05:00,23,,1.7,320,88,1986
102,백령도,2023-08-19 06:00,23.1,,2.2,290,88,2348
102,백령도,2023-08-19 07:00,23.7,,2.2,320,82,2998
102,백령도,2023-08-19 08:00,25.6,,1.7,360,70,3465
102,백령도,2023-08-19 09:00,26.7,,1.9,340,65,3842
102,백령도,2023-08-19 10:00,27.8,,2.3,360,65,3677
102,백령도,2023-08-19 11:00,28.3,,3,360,66,3600
102,백령도,2023-08-19 12:00,28.6,,3.2,360,66,3437
102,백령도,2023-08-19 13:00,29.1,,3.2,360,63,3596
102,백령도,2023-08-19 14:00,29.3,,3.3,320,58,3417
102,백령도,2023-08-19 15:00,29.2,,3,290,57,3770
102,백령도,2023-08-19 16:00,28.5,,3.3,320,63,3875
102,백령도,2023-08-19 17:00,28.2,,3.1,320,61,3797
102,백령도,2023-08-19 18:00,27.1,,2.9,320,73,3410
102,백령도,2023-08-19 19:00,25.5,,1.8,290,80,3062
102,백령도,2023-08-19 20:00,24.3,,.9,290,85,2250
102,백령도,2023-08-19 21:00,23.7,,1.6,290,85,2577
102,백령도,2023-08-19 22:00,24.1,,1,320,81,2666
102,백령도,2023-08-19 23:00,23.9,,.8,290,86,1971
102,백령도,2023-08-20 00:00,24.3,,.4,0,85,1420
102,백령도,2023-08-20 01:00,24.7,,1,360,82,1352
102,백령도,2023-08-20 02:00,24.1,,.9,90,84,1198
102,백령도,2023-08-20 03:00,24.5,,.8,90,79,1634
102,백령도,2023-08-20 04:00,24.6,,.9,90,80,1625
102,백령도,2023-08-20 05:00,24.5,,.4,0,80,1579
102,백령도,2023-08-20 06:00,24.8,,0,0,81,1192
102,백령도,2023-08-20 07:00,25,,0,0,91,512
102,백령도,2023-08-20 08:00,24.7,,.5,180,91,527
102,백령도,2023-08-20 09:00,26.1,,.9,180,88,574
102,백령도,2023-08-20 10:00,25.5,,2.1,90,83,1050
102,백령도,2023-08-20 11:00,26.5,,1.6,90,84,1445
102,백령도,2023-08-20 12:00,27.5,,1,200,81,1332
102,백령도,2023-08-20 13:00,27.9,,.8,200,81,1251
102,백령도,2023-08-20 14:00,27.6,,2,200,81,1055
102,백령도,2023-08-20 15:00,26.5,,1.8,230,83,1056
102,백령도,2023-08-20 16:00,27.7,0,1.8,180,79,1295
102,백령도,2023-08-20 17:00,27.1,,2,200,82,1189
102,백령도,2023-08-20 18:00,26.6,,1.5,230,82,1045
102,백령도,2023-08-20 19:00,25.8,,.1,0,86,995
102,백령도,2023-08-20 20:00,25.3,,1.2,90,89,626
102,백령도,2023-08-20 21:00,25.2,,.7,140,91,506
102,백령도,2023-08-20 22:00,24.9,,.3,0,92,522
102,백령도,2023-08-20 23:00,24.3,,.8,180,93,331
102,백령도,2023-08-21 00:00,24.5,,1.7,160,92,346
102,백령도,2023-08-21 01:00,24.1,,.8,140,95,262
102,백령도,2023-08-21 02:00,23.4,,1.4,110,97,47
102,백령도,2023-08-21 03:00,23.7,,.1,0,97,159
102,백령도,2023-08-21 04:00,24.2,,1.2,140,93,428
102,백령도,2023-08-21 05:00,24.1,,1.7,110,93,362
102,백령도,2023-08-21 06:00,23.8,.9,2.1,140,94,214
102,백령도,2023-08-21 07:00,23.6,.2,3.2,110,96,83
102,백령도,2023-08-21 08:00,23.9,.1,2,110,97,59
102,백령도,2023-08-21 09:00,24.3,0,2,110,97,97
102,백령도,2023-08-21 10:00,24,1.6,3.1,140,97,135
102,백령도,2023-08-21 11:00,24,1.3,5.3,140,95,395
102,백령도,2023-08-21 12:00,23.2,.3,4.8,140,91,436
102,백령도,2023-08-21 13:00,22.7,4.1,4.9,140,96,219
102,백령도,2023-08-21 14:00,22.9,20.1,4.2,110,97,265
102,백령도,2023-08-21 15:00,23.5,5.9,5.4,140,97,240
102,백령도,2023-08-21 16:00,25.1,.3,5.5,160,94,2280
102,백령도,2023-08-21 17:00,24.8,,3.7,160,91,1921
102,백령도,2023-08-21 18:00,24.8,1,3.7,160,94,900
102,백령도,2023-08-21 19:00,24.9,4.9,5.8,160,95,342
102,백령도,2023-08-21 20:00,24.4,18.5,2.7,230,96,392
102,백령도,2023-08-21 21:00,25.1,2.5,6.5,160,96,1042
102,백령도,2023-08-21 22:00,24.2,2.2,3.7,200,95,755
102,백령도,2023-08-21 23:00,24,1.9,3.6,180,94,942
102,백령도,2023-08-22 00:00,24.7,.2,5.3,160,92,1402
102,백령도,2023-08-22 01:00,23.4,4.1,3.2,200,95,554
102,백령도,2023-08-22 02:00,23.6,.4,2.2,180,96,1081
102,백령도,2023-08-22 03:00,23.4,.7,4.2,180,95,439
102,백령도,2023-08-22 04:00,23.7,3.2,3,180,95,960
102,백령도,2023-08-22 05:00,23.7,2.5,2.5,200,96,1035
102,백령도,2023-08-22 06:00,23.3,6.5,1.3,200,97,192
102,백령도,2023-08-22 07:00,23.8,7.6,4.3,180,97,299
102,백령도,2023-08-22 08:00,22.8,2.1,4.5,360,97,676
102,백령도,2023-08-22 09:00,23,.8,1.8,70,97,1124
102,백령도,2023-08-22 10:00,23.3,.3,1,160,98,645
102,백령도,2023-08-22 11:00,23.8,.3,1.2,180,97,1214
102,백령도,2023-08-22 12:00,23.7,1,.8,160,97,184
102,백령도,2023-08-22 13:00,23.6,2.2,1.1,140,97,852
102,백령도,2023-08-22 14:00,23.8,.5,1.6,110,97,641
102,백령도,2023-08-22 15:00,23.8,.2,.6,340,97,840
102,백령도,2023-08-22 16:00,23.8,0,1.6,360,97,712
102,백령도,2023-08-22 17:00,24.1,0,.8,340,97,1159
102,백령도,2023-08-22 18:00,23.7,.1,.9,290,97,853
102,백령도,2023-08-22 19:00,23.3,.4,1.9,320,97,1007
102,백령도,2023-08-22 20:00,22.8,.1,2.1,320,97,758
102,백령도,2023-08-22 21:00,22.5,,2,320,98,733
102,백령도,2023-08-22 22:00,22.4,,1.5,340,98,2503
102,백령도,2023-08-22 23:00,22.3,,.4,0,98,1510
102,백령도,2023-08-23 00:00,22.2,,1.3,320,98,1329
102,백령도,2023-08-23 01:00,22.3,,1.8,320,98,2411
102,백령도,2023-08-23 02:00,22.2,,2.1,320,97,1689
102,백령도,2023-08-23 03:00,22,,2.1,290,98,527
102,백령도,2023-08-23 04:00,22.5,,3.4,320,98,2237
102,백령도,2023-08-23 05:00,22.3,,2.2,340,97,2823
102,백령도,2023-08-23 06:00,21.8,,2.3,340,97,2526
102,백령도,2023-08-23 07:00,22.4,,3.7,340,95,3258
102,백령도,2023-08-23 08:00,22.6,,2.1,340,92,3857
102,백령도,2023-08-23 09:00,23.4,,2.3,340,92,3365
102,백령도,2023-08-23 10:00,24.3,,2.9,360,89,2513
102,백령도,2023-08-23 11:00,25.6,,3.2,360,83,1340
102,백령도,2023-08-23 12:00,25.6,,4,360,83,1941
102,백령도,2023-08-23 13:00,26.9,,3.1,360,76,2786
102,백령도,2023-08-23 14:00,25.9,,3.8,340,84,2738
102,백령도,2023-08-23 15:00,25.2,,5.4,340,86,1638
102,백령도,2023-08-23 16:00,25.4,,3.8,340,84,1458
102,백령도,2023-08-23 17:00,25.7,,3.6,340,82,2033
102,백령도,2023-08-23 18:00,25.1,,3,340,83,2004
102,백령도,2023-08-23 19:00,24.3,,2.3,320,86,2096
102,백령도,2023-08-23 20:00,23.2,,2.5,320,90,2174
102,백령도,2023-08-23 21:00,22.9,,.5,290,92,1919
102,백령도,2023-08-23 22:00,22.7,,1.1,290,93,1886
102,백령도,2023-08-23 23:00,22,,2,320,96,1183
102,백령도,2023-08-24 00:00,23.1,,1.3,50,96,1114
102,백령도,2023-08-24 01:00,23.1,,2.1,20,94,2274
102,백령도,2023-08-24 02:00,23,,2.5,20,87,4007
102,백령도,2023-08-24 03:00,23,,1.9,50,84,4981
102,백령도,2023-08-24 04:00,23.1,,2,20,84,4984
102,백령도,2023-08-24 05:00,23.1,,3.4,20,84,4739
102,백령도,2023-08-24 06:00,22.7,,3.1,360,85,4366
102,백령도,2023-08-24 07:00,22.4,,2.5,360,88,4544
102,백령도,2023-08-24 08:00,24.7,,1.4,360,80,4299
102,백령도,2023-08-24 09:00,24.5,,2.1,340,80,4233
102,백령도,2023-08-24 10:00,25.2,,1,340,78,4505
102,백령도,2023-08-24 11:00,25.1,,2.1,290,81,3157
102,백령도,2023-08-24 12:00,25.2,,2.8,360,79,2587
102,백령도,2023-08-24 13:00,25.4,,3.2,360,76,2856
102,백령도,2023-08-24 14:00,26.3,,2.9,340,70,3853
102,백령도,2023-08-24 15:00,25.8,,2.7,340,75,3800
102,백령도,2023-08-24 16:00,25.2,,3,320,81,2571
102,백령도,2023-08-24 17:00,24.7,,3.1,340,85,2997
102,백령도,2023-08-24 18:00,24.6,,2.5,340,85,2996
102,백령도,2023-08-24 19:00,23.2,,2.1,290,91,2213
102,백령도,2023-08-24 20:00,22.7,,2.2,320,94,1352
102,백령도,2023-08-24 21:00,22.5,,2.1,320,95,987
102,백령도,2023-08-24 22:00,22.6,,1.4,290,94,1427
102,백령도,2023-08-24 23:00,22.1,,2,320,95,1868
102,백령도,2023-08-25 00:00,22,,2.6,290,96,1308
102,백령도,2023-08-25 01:00,22,,2.3,320,97,1824
102,백령도,2023-08-25 02:00,21.8,,1.8,290,96,2195
102,백령도,2023-08-25 03:00,21.8,,2,290,97,1623
102,백령도,2023-08-25 04:00,22,,2.9,320,97,1406
102,백령도,2023-08-25 05:00,22,,2.8,320,98,157
102,백령도,2023-08-25 06:00,21.7,,1.6,340,98,1135
102,백령도,2023-08-25 07:00,22.2,,1.6,290,98,1568
102,백령도,2023-08-25 08:00,23.9,,1.5,320,92,2818
102,백령도,2023-08-25 09:00,24.9,,2.2,320,83,4090
102,백령도,2023-08-25 10:00,26,,2.9,320,79,3642
102,백령도,2023-08-25 11:00,26.9,,2.9,320,74,3211
102,백령도,2023-08-25 12:00,27.7,,1.3,360,72,2968
102,백령도,2023-08-25 13:00,27.4,,4,320,69,2740
102,백령도,2023-08-25 14:00,27.5,,3.6,320,68,2870
102,백령도,2023-08-25 15:00,27.5,,4,320,71,2976
102,백령도,2023-08-25 16:00,26.9,,5,320,71,2862
102,백령도,2023-08-25 17:00,26.5,,4.2,290,76,2522
102,백령도,2023-08-25 18:00,26,,3.9,290,79,2431
102,백령도,2023-08-25 19:00,24.8,,2.5,290,82,2562
102,백령도,2023-08-25 20:00,23.4,,2.3,290,86,2497
102,백령도,2023-08-25 21:00,23.3,,1.6,290,87,1437
102,백령도,2023-08-25 22:00,23.2,,2,290,86,1898
102,백령도,2023-08-25 23:00,23.2,,2.1,290,88,2148
102,백령도,2023-08-26 00:00,23.3,,2.3,270,88,2486
102,백령도,2023-08-26 01:00,22.7,,2.4,290,90,1950
102,백령도,2023-08-26 02:00,22.7,,2.5,290,89,2292
102,백령도,2023-08-26 03:00,22.3,,1.8,290,89,2290
102,백령도,2023-08-26 04:00,22.1,,1.5,320,88,2565
102,백령도,2023-08-26 05:00,22,,1.1,250,88,2241
102,백령도,2023-08-26 06:00,21.9,,1,270,87,2225
102,백령도,2023-08-26 07:00,22.6,,1.2,320,84,2967
102,백령도,2023-08-26 08:00,23.1,,.2,0,86,1743
102,백령도,2023-08-26 09:00,23.5,,1.2,110,84,2687
102,백령도,2023-08-26 10:00,24.5,,2.1,180,75,3096
102,백령도,2023-08-26 11:00,25.2,,.6,140,76,3071
102,백령도,2023-08-26 12:00,25.3,,1.2,90,77,2827
102,백령도,2023-08-26 13:00,26.7,,1.3,340,67,2122
102,백령도,2023-08-26 14:00,25.3,,2.5,320,79,2268
102,백령도,2023-08-26 15:00,25.8,,3.5,290,75,2373
102,백령도,2023-08-26 16:00,25.2,,4.5,320,79,2276
102,백령도,2023-08-26 17:00,24.7,,4.6,320,83,2327
102,백령도,2023-08-26 18:00,24.1,,2.3,340,86,2097
102,백령도,2023-08-26 19:00,22.8,,3,320,92,1151
102,백령도,2023-08-26 20:00,22.8,,2.6,340,89,2004
102,백령도,2023-08-26 21:00,22.3,,1.9,320,89,2334
102,백령도,2023-08-26 22:00,22,,2.6,340,88,2670
102,백령도,2023-08-26 23:00,22,,1.4,340,84,3613
102,백령도,2023-08-27 00:00,22.1,,3.1,340,82,4755
102,백령도,2023-08-27 01:00,22,,2.1,360,82,4643
102,백령도,2023-08-27 02:00,22,,1.4,340,82,4915
102,백령도,2023-08-27 03:00,21.9,,1.7,340,84,4827
102,백령도,2023-08-27 04:00,21.5,,1.4,290,87,4483
102,백령도,2023-08-27 05:00,21.5,,1.9,320,90,3751
102,백령도,2023-08-27 06:00,21.5,0,2.1,320,91,3699
102,백령도,2023-08-27 07:00,21.7,0,1,250,91,2889
102,백령도,2023-08-27 08:00,22.3,,.9,320,92,2985
102,백령도,2023-08-27 09:00,23.7,,.2,0,84,3132
102,백령도,2023-08-27 10:00,25.4,,1,70,75,3348
102,백령도,2023-08-27 11:00,26,,1.7,360,63,3342
102,백령도,2023-08-27 12:00,26,,1.1,70,68,3216
102,백령도,2023-08-27 13:00,26.2,,2.5,360,70,3539
102,백령도,2023-08-27 14:00,26.2,,2,360,58,3839
102,백령도,2023-08-27 15:00,25.4,,2.2,320,70,3337
102,백령도,2023-08-27 16:00,24.1,,1.7,320,80,3551
102,백령도,2023-08-27 17:00,23.3,,2.1,320,85,3535
102,백령도,2023-08-27 18:00,23.2,0,1.3,320,87,2719
102,백령도,2023-08-27 19:00,22.7,0,1,320,92,1398
102,백령도,2023-08-27 20:00,22.3,0,1.6,290,95,615
102,백령도,2023-08-27 21:00,22.4,0,1.3,290,95,746
102,백령도,2023-08-27 22:00,22.1,.2,1.4,290,95,566
102,백령도,2023-08-27 23:00,21.6,.2,1.2,320,95,646
102,백령도,2023-08-28 00:00,21.8,0,3,340,91,1219
102,백령도,2023-08-28 01:00,21.3,.1,3.6,360,89,1926
102,백령도,2023-08-28 02:00,21.8,0,2.6,20,69,2790
102,백령도,2023-08-28 03:00,21.8,0,2.3,50,69,4824
102,백령도,2023-08-28 04:00,22.1,,1.5,50,79,3328
102,백령도,2023-08-28 05:00,21.9,0,2.9,50,86,1533
102,백령도,2023-08-28 06:00,21.4,.3,4.4,70,88,997
102,백령도,2023-08-28 07:00,21.1,.5,4,70,90,1353
102,백령도,2023-08-28 08:00,21.2,.1,5.4,90,88,2169
102,백령도,2023-08-28 09:00,20.7,.1,6.4,90,89,1465
102,백령도,2023-08-28 10:00,20.5,1,6.5,90,93,529
102,백령도,2023-08-28 11:00,20.5,1.1,6.1,90,94,788
102,백령도,2023-08-28 12:00,20,5.1,7.6,90,95,294
102,백령도,2023-08-28 13:00,20.6,1.4,7.1,90,96,610
102,백령도,2023-08-28 14:00,20.7,1.8,7.3,90,95,756
102,백령도,2023-08-28 15:00,20.9,4.2,7.1,90,96,244
102,백령도,2023-08-28 16:00,21.2,5.8,7.1,110,96,408
102,백령도,2023-08-28 17:00,21.5,4.9,8.7,110,96,237
102,백령도,2023-08-28 18:00,21.7,10.7,6.8,110,96,174
102,백령도,2023-08-28 19:00,22.3,19.1,8.9,140,97,153
102,백령도,2023-08-28 20:00,23.7,15.7,8.5,160,97,101
102,백령도,2023-08-28 21:00,24.6,4.9,7.8,160,93,646
102,백령도,2023-08-28 22:00,24.6,1.5,8.8,180,94,283
102,백령도,2023-08-28 23:00,24.7,9.3,10.4,200,94,246
102,백령도,2023-08-29 00:00,24.2,2,6.4,180,94,743
102,백령도,2023-08-29 01:00,24.1,8.6,8,180,96,193
102,백령도,2023-08-29 02:00,24.3,3.5,6,180,96,330
102,백령도,2023-08-29 03:00,24.6,1.1,7.7,180,94,1097
102,백령도,2023-08-29 04:00,24.2,1.6,6.1,180,95,896
102,백령도,2023-08-29 05:00,23.6,.7,5.4,200,94,2408
102,백령도,2023-08-29 06:00,22.8,.1,4.9,270,91,3612
102,백령도,2023-08-29 07:00,21.7,0,6.9,320,89,4043
102,백령도,2023-08-29 08:00,21.9,,8.1,320,84,4814
102,백령도,2023-08-29 09:00,22.1,,5.7,340,85,4680
102,백령도,2023-08-29 10:00,22.5,,4.7,340,85,4447
102,백령도,2023-08-29 11:00,22.4,,4.4,320,85,4450
102,백령도,2023-08-29 12:00,23.7,,4.1,320,80,4478
102,백령도,2023-08-29 13:00,23.4,,4.7,320,80,3679
102,백령도,2023-08-29 14:00,23.5,,4.9,320,78,3478
102,백령도,2023-08-29 15:00,24.5,,4.9,320,72,3747
102,백령도,2023-08-29 16:00,24.3,,4.2,320,76,3785
102,백령도,2023-08-29 17:00,23.4,,4.5,320,81,3699
102,백령도,2023-08-29 18:00,22.9,,2.8,290,82,4069
102,백령도,2023-08-29 19:00,22.5,,2.6,320,85,4188
102,백령도,2023-08-29 20:00,21.9,,1.7,290,89,3414
102,백령도,2023-08-29 21:00,21.8,,1.2,290,90,3374
102,백령도,2023-08-29 22:00,21.6,,1.5,290,91,3020
102,백령도,2023-08-29 23:00,21.4,,1.5,290,92,2859
102,백령도,2023-08-30 00:00,21.3,,1,290,91,2814
102,백령도,2023-08-30 01:00,21.8,,.9,270,87,3467
102,백령도,2023-08-30 02:00,21.5,,3,340,86,4560
102,백령도,2023-08-30 03:00,21,,3.9,340,87,4675
102,백령도,2023-08-30 04:00,20.9,,3.6,340,89,3658
102,백령도,2023-08-30 05:00,20.6,,2.7,320,88,3911
102,백령도,2023-08-30 06:00,20.7,,2.8,340,88,4172
102,백령도,2023-08-30 07:00,21.3,,4.2,340,84,3577
102,백령도,2023-08-30 08:00,21.7,,5.8,340,80,3458
102,백령도,2023-08-30 09:00,22.5,,4.4,360,77,4579
102,백령도,2023-08-30 10:00,22.6,,5.7,340,77,4269
102,백령도,2023-08-30 11:00,22.3,,6,360,77,3436
102,백령도,2023-08-30 12:00,22.9,,5,360,75,3837
102,백령도,2023-08-30 13:00,22.4,,5.6,340,75,3968
102,백령도,2023-08-30 14:00,22.5,,4.2,320,72,4075
102,백령도,2023-08-30 15:00,22.2,,5.8,340,73,3522
102,백령도,2023-08-30 16:00,22.2,,4,340,75,3087
102,백령도,2023-08-30 17:00,21.8,,4.3,340,77,3383
102,백령도,2023-08-30 18:00,21.5,,3.7,340,78,3321
102,백령도,2023-08-30 19:00,21.5,,2.8,340,79,3453
102,백령도,2023-08-30 20:00,21.2,,2.3,320,82,3603
102,백령도,2023-08-30 21:00,21.4,,3.1,320,80,4274
102,백령도,2023-08-30 22:00,21.5,,2.6,320,81,4288
102,백령도,2023-08-30 23:00,21.7,,4.2,320,82,4612
102,백령도,2023-08-31 00:00,21.8,,4,320,84,4122
102,백령도,2023-08-31 01:00,21.7,,3.3,320,86,3752
102,백령도,2023-08-31 02:00,21.6,,3.3,320,88,3573
102,백령도,2023-08-31 03:00,21.6,,3.4,320,88,3418
102,백령도,2023-08-31 04:00,21.6,,3.5,340,86,3809
102,백령도,2023-08-31 05:00,21.1,,3.2,320,88,2869
102,백령도,2023-08-31 06:00,20.8,,2.2,340,88,2283
102,백령도,2023-08-31 07:00,20.9,,.8,290,90,1837
102,백령도,2023-08-31 08:00,21.7,,1.4,340,87,2143
102,백령도,2023-08-31 09:00,23.1,,2.4,320,79,2502
102,백령도,2023-08-31 10:00,23.7,,3.6,320,74,2687
102,백령도,2023-08-31 11:00,24,,4.1,320,73,2744
102,백령도,2023-08-31 12:00,24.3,,3.9,320,69,3241
102,백령도,2023-08-31 13:00,25,,3.5,320,65,3321
102,백령도,2023-08-31 14:00,24.5,,4.5,320,73,2945
102,백령도,2023-08-31 15:00,24.6,,4.8,320,71,2902
102,백령도,2023-08-31 16:00,24.7,,3.8,340,72,2706
102,백령도,2023-08-31 17:00,24.1,,2.9,340,73,2971
102,백령도,2023-08-31 18:00,22.9,,3.3,340,75,2978
102,백령도,2023-08-31 19:00,21.7,,3,340,81,2678
102,백령도,2023-08-31 20:00,21.2,,3.6,340,85,2335
102,백령도,2023-08-31 21:00,20.9,,3.2,340,88,1907
102,백령도,2023-08-31 22:00,20.5,,1.2,290,88,1492
102,백령도,2023-08-31 23:00,19.8,,2,320,92,1055
102,백령도,2023-09-01 00:00,20,,.8,340,92,1446
102,백령도,2023-09-01 01:00,20,,1.2,320,92,1672
102,백령도,2023-09-01 02:00,19.7,,.6,320,92,1474
102,백령도,2023-09-01 03:00,19.6,,1.8,290,88,2615
102,백령도,2023-09-01 04:00,19.9,,1.7,360,89,2805
102,백령도,2023-09-01 05:00,19.8,,1.2,360,90,2356
102,백령도,2023-09-01 06:00,19.5,,.9,290,91,1906
102,백령도,2023-09-01 07:00,20.1,,0,0,89,2100
102,백령도,2023-09-01 08:00,22.2,,.6,110,80,2486
102,백령도,2023-09-01 09:00,23.9,,.9,90,77,2609
102,백령도,2023-09-01 10:00,24.7,,.8,90,77,2735
102,백령도,2023-09-01 11:00,25,,2.4,360,70,3424
102,백령도,2023-09-01 12:00,25.6,,2.4,320,64,3659
102,백령도,2023-09-01 13:00,24.7,,3.2,320,63,3586
102,백령도,2023-09-01 14:00,24.7,,2.6,320,61,4056
102,백령도,2023-09-01 15:00,24.2,,2.9,320,61,4175
102,백령도,2023-09-01 16:00,24.7,,2.5,320,55,4809
102,백령도,2023-09-01 17:00,24,,2.9,320,62,4307
102,백령도,2023-09-01 18:00,23.1,,2.7,320,67,3902
102,백령도,2023-09-01 19:00,21.1,,2,340,80,3579
102,백령도,2023-09-01 20:00,20.1,,1,320,86,3167
102,백령도,2023-09-01 21:00,19.5,,2.5,340,86,2727
102,백령도,2023-09-01 22:00,20,,2.4,340,80,2766
102,백령도,2023-09-01 23:00,20.4,,2.7,340,79,2808
102,백령도,2023-09-02 00:00,21.1,,2.8,340,81,2593
102,백령도,2023-09-02 01:00,20.3,,3,320,87,2029
102,백령도,2023-09-02 02:00,20.8,,3.9,340,88,2018
102,백령도,2023-09-02 03:00,20.8,,1.3,360,89,1642
102,백령도,2023-09-02 04:00,20.7,,1.2,340,90,1493
102,백령도,2023-09-02 05:00,20.4,,1.2,20,91,1323
102,백령도,2023-09-02 06:00,19.7,,2,50,91,1219
102,백령도,2023-09-02 07:00,20.7,,2.1,50,80,3453
102,백령도,2023-09-02 08:00,22.7,,1.4,90,74,3388
102,백령도,2023-09-02 09:00,23.7,,.7,110,68,3762
102,백령도,2023-09-02 10:00,24.7,,1.7,320,58,4760
102,백령도,2023-09-02 11:00,24.8,,3.3,290,61,4026
102,백령도,2023-09-02 12:00,25.1,,4.3,360,72,3046
102,백령도,2023-09-02 13:00,25,,3.5,320,75,2784
102,백령도,2023-09-02 14:00,23.9,,4.5,320,80,2396
102,백령도,2023-09-02 15:00,24.5,,3.2,340,81,2500
102,백령도,2023-09-02 16:00,23.9,,3.7,320,80,2304
102,백령도,2023-09-02 17:00,23.9,,3.9,320,77,2900
102,백령도,2023-09-02 18:00,22.3,,3.3,320,87,1622
102,백령도,2023-09-02 19:00,21.7,,2.9,320,89,957
102,백령도,2023-09-02 20:00,20.7,,2.3,320,91,1063
102,백령도,2023-09-02 21:00,20.4,,1.8,320,90,1304
102,백령도,2023-09-02 22:00,20.5,,1.5,290,90,1498
102,백령도,2023-09-02 23:00,20.5,,1,320,90,1927
102,백령도,2023-09-03 00:00,21.1,,.6,320,87,2311
102,백령도,2023-09-03 01:00,20.7,,.7,320,89,2225
102,백령도,2023-09-03 02:00,21.4,,0,0,83,2766
102,백령도,2023-09-03 03:00,20.9,,0,0,84,2416
102,백령도,2023-09-03 04:00,21.4,,0,0,82,2464
102,백령도,2023-09-03 05:00,20.5,,1.7,90,89,1670
102,백령도,2023-09-03 06:00,20.1,,1.4,90,93,971
102,백령도,2023-09-03 07:00,21,,1.4,110,95,844
102,백령도,2023-09-03 08:00,22.9,,2,110,88,1423
102,백령도,2023-09-03 09:00,23.4,,2.2,90,82,1471
102,백령도,2023-09-03 10:00,24.5,,1.4,110,77,1827
102,백령도,2023-09-03 11:00,25.2,,2.6,110,71,2121
102,백령도,2023-09-03 12:00,27,,2.7,140,70,2387
102,백령도,2023-09-03 13:00,25.2,,2.3,140,76,1920
102,백령도,2023-09-03 14:00,25.5,,1.8,160,81,1893
102,백령도,2023-09-03 15:00,26.4,,2,110,78,1872
102,백령도,2023-09-03 16:00,25.1,,1.5,180,83,1211
102,백령도,2023-09-03 17:00,24.7,,1.8,180,86,1055
102,백령도,2023-09-03 18:00,23.5,,.7,320,88,1051
102,백령도,2023-09-03 19:00,23.2,,1.1,90,92,677
102,백령도,2023-09-03 20:00,23.5,,.7,180,93,638
102,백령도,2023-09-03 21:00,23.5,,.5,140,94,594
102,백령도,2023-09-03 22:00,22.9,,1.2,340,94,515
102,백령도,2023-09-03 23:00,22.5,,.4,0,93,916
102,백령도,2023-09-04 00:00,22.5,.1,.7,290,94,524
102,백령도,2023-09-04 01:00,22.4,.2,1,340,92,900
102,백령도,2023-09-04 02:00,21.7,.2,1.3,290,95,707
102,백령도,2023-09-04 03:00,22.5,.1,1,110,95,658
102,백령도,2023-09-04 04:00,22.3,0,.6,90,96,399
102,백령도,2023-09-04 05:00,22.7,.1,.9,90,96,522
102,백령도,2023-09-04 06:00,22.6,.1,.8,90,97,529
102,백령도,2023-09-04 07:00,22.9,.3,2,110,97,255
102,백령도,2023-09-04 08:00,23.5,,1.5,110,97,400
102,백령도,2023-09-04 09:00,24.2,,1.9,110,96,635
102,백령도,2023-09-04 10:00,24.9,0,1.1,110,92,971
102,백령도,2023-09-04 11:00,24.9,0,1.1,70,91,1073
102,백령도,2023-09-04 12:00,24.4,0,2.4,90,91,860
102,백령도,2023-09-04 13:00,23.9,3.7,.9,110,96,782
102,백령도,2023-09-04 14:00,24.3,0,1.6,110,94,942
102,백령도,2023-09-04 15:00,25.9,,2.3,160,86,1155
102,백령도,2023-09-04 16:00,23.4,,2.9,70,87,2941
102,백령도,2023-09-04 17:00,24.2,,1.4,110,82,4204
102,백령도,2023-09-04 18:00,25.6,,1.8,250,80,2985
102,백령도,2023-09-04 19:00,22.9,,1.2,70,85,3594
102,백령도,2023-09-04 20:00,22.5,,1,90,87,3576
102,백령도,2023-09-04 21:00,22.2,,2,70,91,3504
102,백령도,2023-09-04 22:00,22.2,,.9,20,93,3079
102,백령도,2023-09-04 23:00,21.8,,1.6,290,95,2490
102,백령도,2023-09-05 00:00,21.9,,2,340,95,1596
102,백령도,2023-09-05 01:00,21.6,,1.2,320,96,1231
102,백령도,2023-09-05 02:00,21.8,,1.8,340,97,1035
102,백령도,2023-09-05 03:00,22.3,,2.8,340,94,1449
102,백령도,2023-09-05 04:00,21.6,,2.9,340,97,1530
102,백령도,2023-09-05 05:00,21.9,,2.9,340,95,861
102,백령도,2023-09-05 06:00,21.3,,2.1,340,96,542
102,백령도,2023-09-05 07:00,22.9,,.9,20,92,1317
102,백령도,2023-09-05 08:00,24.4,,1.5,20,87,1271
102,백령도,2023-09-05 09:00,25.2,,2.9,70,83,1403
102,백령도,2023-09-05 10:00,25.6,,2.3,360,82,1508
102,백령도,2023-09-05 11:00,27.1,,2.4,340,75,1965
102,백령도,2023-09-05 12:00,27.2,,2.4,340,75,1936
102,백령도,2023-09-05 13:00,26.2,,3.5,320,80,2002
102,백령도,2023-09-05 14:00,24.9,,4,320,85,1785
102,백령도,2023-09-05 15:00,24.5,,5.4,320,82,1633
102,백령도,2023-09-05 16:00,24.9,,4.3,320,84,762
102,백령도,2023-09-05 17:00,24,,5.6,340,87,372
102,백령도,2023-09-05 18:00,23.7,,4.3,340,89,556
102,백령도,2023-09-05 19:00,22.2,,2.4,320,93,535
102,백령도,2023-09-05 20:00,22.4,,4.1,340,92,801
102,백령도,2023-09-05 21:00,21.8,,2.3,340,92,521
102,백령도,2023-09-05 22:00,21.3,,2.1,320,87,1334
102,백령도,2023-09-05 23:00,21.8,,2.3,340,85,1163
102,백령도,2023-09-06 00:00,21.9,,2.2,340,89,698
102,백령도,2023-09-06 01:00,22.4,,2.1,340,86,762
102,백령도,2023-09-06 02:00,22.1,,1,320,90,547
102,백령도,2023-09-06 03:00,22.6,,3.6,340,91,389
102,백령도,2023-09-06 04:00,22.1,,2.8,320,93,304
102,백령도,2023-09-06 05:00,21.3,,2.2,320,96,173
102,백령도,2023-09-06 06:00,21.2,,2.4,320,97,109
102,백령도,2023-09-06 07:00,21.2,,2,320,97,62
102,백령도,2023-09-06 08:00,22.4,,4.2,320,95,277
102,백령도,2023-09-06 09:00,23.4,,2.9,320,90,648
102,백령도,2023-09-06 10:00,23.9,,3.4,320,86,1151
102,백령도,2023-09-06 11:00,26.7,,1.7,360,70,1915
102,백령도,2023-09-06 12:00,26,,3.3,320,74,1628
102,백령도,2023-09-06 13:00,25.3,,4,320,80,1087
102,백령도,2023-09-06 14:00,25.1,,4.6,340,78,1146
102,백령도,2023-09-06 15:00,26.2,,2.8,320,76,1202
102,백령도,2023-09-06 16:00,25.1,,3,320,81,830
102,백령도,2023-09-06 17:00,25.6,,3,320,78,936
102,백령도,2023-09-06 18:00,24.2,,3.4,320,83,1007
102,백령도,2023-09-06 19:00,22.7,,2.9,320,88,1236
102,백령도,2023-09-06 20:00,22,,1.9,320,91,1076
102,백령도,2023-09-06 21:00,21.9,,1.9,290,91,1100
102,백령도,2023-09-06 22:00,22.1,,2.3,320,90,1226
102,백령도,2023-09-06 23:00,22.1,,1.3,320,91,980
102,백령도,2023-09-07 00:00,23.5,,1.4,70,90,1026
102,백령도,2023-09-07 01:00,23,,1.1,90,91,805
102,백령도,2023-09-07 02:00,22.4,,1.6,90,95,358
102,백령도,2023-09-07 03:00,22.3,,1.2,110,95,445
102,백령도,2023-09-07 04:00,22.2,,1.7,90,95,553
102,백령도,2023-09-07 05:00,21.8,,1.6,90,94,665
102,백령도,2023-09-07 06:00,21.6,,2.3,110,93,860
102,백령도,2023-09-07 07:00,22.5,,3.4,110,91,1245
102,백령도,2023-09-07 08:00,23.4,,3,90,84,1832
102,백령도,2023-09-07 09:00,24.2,,3.5,110,77,1886
102,백령도,2023-09-07 10:00,25,,3.7,110,72,2368
102,백령도,2023-09-07 11:00,25.9,,3,140,63,1521
102,백령도,2023-09-07 12:00,27.1,,3.2,140,55,3862
102,백령도,2023-09-07 13:00,27.6,,4.1,160,46,4558
102,백령도,2023-09-07 14:00,26.7,,3.2,200,56,4032
102,백령도,2023-09-07 15:00,26.8,,2.6,200,51,4472
102,백령도,2023-09-07 16:00,27.5,,1.2,230,43,4576
102,백령도,2023-09-07 17:00,26,,2,360,56,4276
102,백령도,2023-09-07 18:00,23.7,,2.2,320,74,3502
102,백령도,2023-09-07 19:00,22,,1.4,320,80,3062
102,백령도,2023-09-07 20:00,21.1,,1.3,320,84,2672
102,백령도,2023-09-07 21:00,22.3,,.4,0,73,4014
102,백령도,2023-09-07 22:00,22.1,,0,0,70,4265
102,백령도,2023-09-07 23:00,21.9,,0,0,71,4199
102,백령도,2023-09-08 00:00,22.6,,.6,360,65,4446
102,백령도,2023-09-08 01:00,22.8,,.3,0,69,4133
102,백령도,2023-09-08 02:00,21.8,,0,0,75,3701
102,백령도,2023-09-08 03:00,20.9,,1.3,90,81,3070
102,백령도,2023-09-08 04:00,20.6,,2.9,90,91,1345
102,백령도,2023-09-08 05:00,20.9,,1.9,110,93,1188
102,백령도,2023-09-08 06:00,20.3,,1.5,110,94,1142
102,백령도,2023-09-08 07:00,21.2,,1.7,110,91,1271
102,백령도,2023-09-08 08:00,22.8,,2.3,110,84,2256
102,백령도,2023-09-08 09:00,24.2,,2,110,72,2854
102,백령도,2023-09-08 10:00,24.9,,3.2,110,65,3079
102,백령도,2023-09-08 11:00,25.6,,2.4,110,69,3142
102,백령도,2023-09-08 12:00,26.3,,2.8,140,64,3436
102,백령도,2023-09-08 13:00,26.7,,3,180,64,3833
102,백령도,2023-09-08 14:00,26.2,,2.8,200,65,3727
102,백령도,2023-09-08 15:00,27.1,,1.2,270,64,4121
102,백령도,2023-09-08 16:00,26.5,,2.5,320,63,3567
102,백령도,2023-09-08 17:00,25.9,,2.6,320,63,3548
102,백령도,2023-09-08 18:00,24.6,,3,320,75,3475
102,백령도,2023-09-08 19:00,22.5,,2.8,320,88,1799
102,백령도,2023-09-08 20:00,21.6,,2.5,340,91,1299
102,백령도,2023-09-08 21:00,21.5,,2.1,340,89,2031
102,백령도,2023-09-08 22:00,21,,2,320,92,1782
102,백령도,2023-09-08 23:00,20.7,,1.6,340,89,2271
102,백령도,2023-09-09 00:00,21,,1.6,320,87,2622
102,백령도,2023-09-09 01:00,20.8,,1.8,320,85,2834
102,백령도,2023-09-09 02:00,20.6,,1.8,290,82,3044
102,백령도,2023-09-09 03:00,20.3,,1.6,320,77,4102
102,백령도,2023-09-09 04:00,21,,1.5,340,67,4954
102,백령도,2023-09-09 05:00,20.6,,1.2,340,66,4972
102,백령도,2023-09-09 06:00,20.4,,0,0,68,4868
102,백령도,2023-09-09 07:00,21.4,,0,0,70,3933
102,백령도,2023-09-09 08:00,22.9,,.8,360,69,3895
102,백령도,2023-09-09 09:00,25.2,,.3,0,65,3861
102,백령도,2023-09-09 10:00,25,,.8,320,55,4438
102,백령도,2023-09-09 11:00,24.3,,1.9,340,66,3643
102,백령도,2023-09-09 12:00,23.9,,2.2,320,74,3588
102,백령도,2023-09-09 13:00,24.8,,3.7,320,71,3531
102,백령도,2023-09-09 14:00,26.1,,3.1,320,66,3752
102,백령도,2023-09-09 15:00,26,,3.8,320,66,3749
102,백령도,2023-09-09 16:00,25.9,,4,320,69,3632
102,백령도,2023-09-09 17:00,24.5,,3.4,320,76,3550
102,백령도,2023-09-09 18:00,24.5,,2.7,320,78,3083
102,백령도,2023-09-09 19:00,22.7,,2.3,320,88,2079
102,백령도,2023-09-09 20:00,22.3,,2.1,320,91,1419
102,백령도,2023-09-09 21:00,22.5,,2.3,340,90,1336
102,백령도,2023-09-09 22:00,22.2,,2.6,320,92,1027
102,백령도,2023-09-09 23:00,21.7,,1.4,340,93,794
102,백령도,2023-09-10 00:00,22,,2.8,340,92,811
102,백령도,2023-09-10 01:00,21.9,,2,360,92,1190
102,백령도,2023-09-10 02:00,21.7,,.2,0,93,883
102,백령도,2023-09-10 03:00,21,,0,0,94,690
102,백령도,2023-09-10 04:00,20.9,,1.5,290,94,565
102,백령도,2023-09-10 05:00,20.8,,.9,290,94,645
102,백령도,2023-09-10 06:00,21.2,,.8,290,95,702
102,백령도,2023-09-10 07:00,21.4,,.3,0,94,513
102,백령도,2023-09-10 08:00,21.7,,.4,0,95,467
102,백령도,2023-09-10 09:00,23.6,,0,0,89,893
102,백령도,2023-09-10 10:00,23.7,,1.7,90,88,947
102,백령도,2023-09-10 11:00,23.4,,2,90,88,1063
102,백령도,2023-09-10 12:00,25.5,,1.6,110,77,1864
102,백령도,2023-09-10 13:00,27.4,,1.6,160,68,2996
102,백령도,2023-09-10 14:00,26.5,,1.4,230,68,3158
102,백령도,2023-09-10 15:00,24.9,,1.6,20,75,2972
102,백령도,2023-09-10 16:00,25.1,,1.6,320,72,3096
102,백령도,2023-09-10 17:00,24.9,,1.8,320,72,3174
102,백령도,2023-09-10 18:00,24.7,,1,250,74,3188
102,백령도,2023-09-10 19:00,23.3,,1.3,250,79,2886
102,백령도,2023-09-10 20:00,23.2,,.7,250,76,2966
102,백령도,2023-09-10 21:00,22.5,,.7,230,80,2935
102,백령도,2023-09-10 22:00,21.8,,1.2,180,86,2056
102,백령도,2023-09-10 23:00,21.6,,1.1,200,87,1941
102,백령도,2023-09-11 00:00,22,,.5,180,85,2307
102,백령도,2023-09-11 01:00,22.2,,1.3,230,81,2583
102,백령도,2023-09-11 02:00,21.3,,1.5,180,87,1515
102,백령도,2023-09-11 03:00,20.9,,1.8,180,89,822
102,백령도,2023-09-11 04:00,20.9,,1.9,180,90,800
102,백령도,2023-09-11 05:00,20.8,,1.7,180,92,555
102,백령도,2023-09-11 06:00,20.9,,1.8,180,93,367
102,백령도,2023-09-11 07:00,21.8,,1.4,180,86,1335
102,백령도,2023-09-11 08:00,22.8,,1.7,180,84,1257
102,백령도,2023-09-11 09:00,24.6,,2.5,180,74,2897
102,백령도,2023-09-11 10:00,25.4,,2.8,160,71,3194
102,백령도,2023-09-11 11:00,25.9,,3.1,180,66,3707
102,백령도,2023-09-11 12:00,26.1,,3.8,180,68,3844
102,백령도,2023-09-11 13:00,26.3,,3.3,180,64,4443
102,백령도,2023-09-11 14:00,26.4,,3.6,180,67,3926
102,백령도,2023-09-11 15:00,26.1,,3.2,180,67,4263
102,백령도,2023-09-11 16:00,25.1,,2.6,200,74,3303
102,백령도,2023-09-11 17:00,25.4,,1.9,200,70,4280
102,백령도,2023-09-11 18:00,25.1,,1.2,200,75,4168
102,백령도,2023-09-11 19:00,23.4,,1,160,85,2465
102,백령도,2023-09-11 20:00,23.1,,1.4,200,87,1866
102,백령도,2023-09-11 21:00,22.5,,1.2,290,90,2052
102,백령도,2023-09-11 22:00,22.6,,.4,0,90,2774
102,백령도,2023-09-11 23:00,21.8,,1,90,93,1064
102,백령도,2023-09-12 00:00,21.8,,1.1,90,94,938
102,백령도,2023-09-12 01:00,21.6,,1.5,90,96,384
102,백령도,2023-09-12 02:00,21.5,,1.2,110,97,362
102,백령도,2023-09-12 03:00,21.2,,1.1,110,97,409
102,백령도,2023-09-12 04:00,21.3,,1.3,90,97,334
102,백령도,2023-09-12 05:00,21.4,,.9,230,97,373
102,백령도,2023-09-12 06:00,21.5,,1,180,96,336
102,백령도,2023-09-12 07:00,21.3,,1.3,110,97,369
102,백령도,2023-09-12 08:00,22.4,,.8,110,95,1093
102,백령도,2023-09-12 09:00,23.9,,1.5,110,87,1647
102,백령도,2023-09-12 10:00,24.9,,2,90,81,2109
102,백령도,2023-09-12 11:00,25.7,,1.7,90,75,3042
102,백령도,2023-09-12 12:00,25.9,,2.5,360,69,4185
102,백령도,2023-09-12 13:00,25.4,,3.5,320,75,3759
102,백령도,2023-09-12 14:00,25.4,,3.5,340,72,3387
102,백령도,2023-09-12 15:00,24.8,,4.1,340,80,3409
102,백령도,2023-09-12 16:00,23.9,,3.5,340,84,2373
102,백령도,2023-09-12 17:00,23.3,,3.7,340,82,3232
102,백령도,2023-09-12 18:00,22.6,,2.5,320,84,2869
102,백령도,2023-09-12 19:00,21.5,,2.9,320,89,2514
102,백령도,2023-09-12 20:00,21.1,,2.2,340,92,1727
102,백령도,2023-09-12 21:00,21.4,,1.8,320,91,2126
102,백령도,2023-09-12 22:00,21.7,,2.5,340,82,3625
102,백령도,2023-09-12 23:00,21.4,,2,340,85,3866
102,백령도,2023-09-13 00:00,22.6,,2.3,20,70,4873
102,백령도,2023-09-13 01:00,22.2,,2.1,340,68,4993
102,백령도,2023-09-13 02:00,21.9,,1.5,20,74,5000
102,백령도,2023-09-13 03:00,22.3,,2,20,70,5000
102,백령도,2023-09-13 04:00,21.9,,2.4,20,74,5000
102,백령도,2023-09-13 05:00,20.9,,1.9,360,80,4998
102,백령도,2023-09-13 06:00,20.7,,2.1,320,82,4999
102,백령도,2023-09-13 07:00,21,,1.9,320,82,4981
102,백령도,2023-09-13 08:00,21.7,,.7,340,81,4334
102,백령도,2023-09-13 09:00,22.2,,.3,0,80,4572
102,백령도,2023-09-13 10:00,22.7,,.9,70,76,4608
102,백령도,2023-09-13 11:00,22.9,,.2,0,76,3203
102,백령도,2023-09-13 12:00,24,,1.2,110,68,3144
102,백령도,2023-09-13 13:00,24.2,,.7,340,68,4330
102,백령도,2023-09-13 14:00,23.8,,.9,50,64,4331
102,백령도,2023-09-13 15:00,23,,1.6,180,71,3691
102,백령도,2023-09-13 16:00,22,,1.6,110,86,2211
102,백령도,2023-09-13 17:00,22.2,,1.2,160,86,2235
102,백령도,2023-09-13 18:00,21.6,,2.6,160,85,2779
102,백령도,2023-09-13 19:00,21.3,,2.9,140,82,4567
102,백령도,2023-09-13 20:00,21,,2.2,140,88,3874
102,백령도,2023-09-13 21:00,20.6,,1.9,140,88,3655
102,백령도,2023-09-13 22:00,20.4,,2,110,92,2774
102,백령도,2023-09-13 23:00,19.7,,1.4,140,92,2354
102,백령도,2023-09-14 00:00,19.7,,1.3,110,94,1692
102,백령도,2023-09-14 01:00,19.3,,1.1,50,95,1339
102,백령도,2023-09-14 02:00,18.5,,1.2,320,96,877
102,백령도,2023-09-14 03:00,18.6,,2.2,360,97,2054
102,백령도,2023-09-14 04:00,19.3,,2.1,20,89,4271
102,백령도,2023-09-14 05:00,19.1,,2.5,20,89,4980
102,백령도,2023-09-14 06:00,18.7,,1.8,50,92,4584
102,백령도,2023-09-14 07:00,20.3,,1.8,20,82,5000
102,백령도,2023-09-14 08:00,21.5,,1.4,20,83,4841
102,백령도,2023-09-14 09:00,22.4,,2.1,360,76,4681
102,백령도,2023-09-14 10:00,23.5,,1.8,20,74,3979
102,백령도,2023-09-14 11:00,24.4,,1.7,70,68,4691
102,백령도,2023-09-14 12:00,24.3,,4,360,64,4658
102,백령도,2023-09-14 13:00,24.4,,5.3,360,63,4923
102,백령도,2023-09-14 14:00,24.5,,4.4,360,65,4326
102,백령도,2023-09-14 15:00,23.9,,4.8,360,69,4439
102,백령도,2023-09-14 16:00,24,,4.3,360,67,4637
102,백령도,2023-09-14 17:00,22.7,,4,340,74,3025
102,백령도,2023-09-14 18:00,22.4,,2.2,320,78,3842
102,백령도,2023-09-14 19:00,21,,1.6,320,85,4179
102,백령도,2023-09-14 20:00,20.4,,1.4,290,88,4344
102,백령도,2023-09-14 21:00,20.4,,1.4,320,89,3972
102,백령도,2023-09-14 22:00,21.1,,.8,320,88,4600
102,백령도,2023-09-14 23:00,22.1,,1,70,83,4788
102,백령도,2023-09-15 00:00,22,,.8,70,84,4631
102,백령도,2023-09-15 01:00,21.6,,1,110,86,4245
102,백령도,2023-09-15 02:00,21.9,,2.1,70,83,4600
102,백령도,2023-09-15 03:00,21.1,,1.3,70,87,4203
102,백령도,2023-09-15 04:00,21.5,,2.6,90,86,4682
102,백령도,2023-09-15 05:00,21.7,,2.1,110,88,4327
102,백령도,2023-09-15 06:00,22,,4.1,110,78,4610
102,백령도,2023-09-15 07:00,21.6,,3.4,110,81,4997
102,백령도,2023-09-15 08:00,21.2,,3,110,85,4969
102,백령도,2023-09-15 09:00,21.2,,4,90,86,4740
102,백령도,2023-09-15 10:00,21.4,,3.8,110,86,4642
102,백령도,2023-09-15 11:00,21,,3.4,90,89,4000
102,백령도,2023-09-15 12:00,20.6,0,3.2,90,92,2038
102,백령도,2023-09-15 13:00,20.8,.3,3.1,90,92,3749
102,백령도,2023-09-15 14:00,21.1,0,3.2,90,91,2956
102,백령도,2023-09-15 15:00,20.8,0,2.5,110,95,1441
102,백령도,2023-09-15 16:00,21.2,0,2.4,140,93,3021
102,백령도,2023-09-15 17:00,21.5,0,2.7,110,90,3066
102,백령도,2023-09-15 18:00,21.5,0,2.3,110,91,2644
102,백령도,2023-09-15 19:00,21.2,.2,2.2,110,94,766
102,백령도,2023-09-15 20:00,21.1,.1,2.5,110,95,953
102,백령도,2023-09-15 21:00,20.9,0,2.5,110,95,1639
102,백령도,2023-09-15 22:00,21,,2.4,110,95,1491
102,백령도,2023-09-15 23:00,21.1,,2.3,110,96,1275
102,백령도,2023-09-16 00:00,21,,1.8,90,96,1193
102,백령도,2023-09-16 01:00,21.1,,2.3,90,95,1707
102,백령도,2023-09-16 02:00,21,,1.8,90,96,985
102,백령도,2023-09-16 03:00,20.7,,1.6,70,95,988
102,백령도,2023-09-16 04:00,20.8,,1.2,90,95,1091
102,백령도,2023-09-16 05:00,20.5,,1.5,70,95,1191
102,백령도,2023-09-16 06:00,20.3,,1.2,90,95,1014
102,백령도,2023-09-16 07:00,20.8,,1.8,70,96,1118
102,백령도,2023-09-16 08:00,21.9,,1.4,70,92,1374
102,백령도,2023-09-16 09:00,22.4,,.9,20,89,2249
102,백령도,2023-09-16 10:00,24.1,,1.8,90,83,2269
102,백령도,2023-09-16 11:00,23.3,,1.4,110,86,1983
102,백령도,2023-09-16 12:00,24,,1.5,90,82,2285
102,백령도,2023-09-16 13:00,25.2,,1.4,110,73,2096
102,백령도,2023-09-16 14:00,25.3,,1.2,90,75,2182
102,백령도,2023-09-16 15:00,23.1,,2.6,320,82,1810
102,백령도,2023-09-16 16:00,22.5,,2.7,320,85,2994
102,백령도,2023-09-16 17:00,22.5,,2,320,85,3010
102,백령도,2023-09-16 18:00,22.1,,2.4,340,89,2580
102,백령도,2023-09-16 19:00,21.6,,2.1,340,90,1733
102,백령도,2023-09-16 20:00,21.3,,1.2,320,92,1421
102,백령도,2023-09-16 21:00,21.2,,2.3,320,92,1632
102,백령도,2023-09-16 22:00,20.9,,1.5,320,94,1087
102,백령도,2023-09-16 23:00,20.8,,2,320,96,647
102,백령도,2023-09-17 00:00,21,,1.7,340,96,735
102,백령도,2023-09-17 01:00,20.7,,1.7,290,96,573
102,백령도,2023-09-17 02:00,20.7,,1.7,290,97,542
102,백령도,2023-09-17 03:00,20.6,,1.3,290,97,504
102,백령도,2023-09-17 04:00,20.9,,0,0,96,727
102,백령도,2023-09-17 05:00,20.7,,.3,0,97,376
102,백령도,2023-09-17 06:00,20.5,,1,320,97,650
102,백령도,2023-09-17 07:00,21.1,,.6,340,96,829
102,백령도,2023-09-17 08:00,21.1,,.8,340,96,674
102,백령도,2023-09-17 09:00,23.3,,1.1,340,89,1500
102,백령도,2023-09-17 10:00,23.7,,1.4,360,83,2415
102,백령도,2023-09-17 11:00,24.3,,2.1,360,82,1996
102,백령도,2023-09-17 12:00,24.7,,3,320,76,2584
102,백령도,2023-09-17 13:00,24.5,,2.5,340,73,3818
102,백령도,2023-09-17 14:00,25.5,,2.3,340,68,3759
102,백령도,2023-09-17 15:00,25.8,,2.1,320,66,3926
102,백령도,2023-09-17 16:00,24.7,,2.7,320,68,3772
102,백령도,2023-09-17 17:00,24.8,,1.7,320,65,3871
102,백령도,2023-09-17 18:00,23.7,,1.6,320,67,3926
102,백령도,2023-09-17 19:00,21.7,,1,290,77,2985
102,백령도,2023-09-17 20:00,20.8,,1.9,290,84,3397
102,백령도,2023-09-17 21:00,21.1,,1.6,290,85,2831
102,백령도,2023-09-17 22:00,20.8,,.7,290,84,4013
102,백령도,2023-09-17 23:00,20.2,,.5,180,88,3356
102,백령도,2023-09-18 00:00,20.3,,0,0,87,2908
102,백령도,2023-09-18 01:00,20.2,,.1,0,88,2316
102,백령도,2023-09-18 02:00,20.5,,.9,90,87,2607
102,백령도,2023-09-18 03:00,20.4,,1.1,110,90,1504
102,백령도,2023-09-18 04:00,20.3,,1.2,90,95,870
102,백령도,2023-09-18 05:00,19.1,,1.4,140,95,827
102,백령도,2023-09-18 06:00,19.7,,.8,140,96,933
102,백령도,2023-09-18 07:00,19.8,,2.2,90,97,620
102,백령도,2023-09-18 08:00,21.3,,1.8,110,96,1164
102,백령도,2023-09-18 09:00,23.1,,2.1,90,86,2017
102,백령도,2023-09-18 10:00,24.7,,2.3,140,71,4099
102,백령도,2023-09-18 11:00,25.1,,2.8,160,71,3806
102,백령도,2023-09-18 12:00,25,,3.7,180,72,3635
102,백령도,2023-09-18 13:00,25.2,,3.2,180,73,4041
102,백령도,2023-09-18 14:00,26,,3.2,180,68,3816
102,백령도,2023-09-18 15:00,25.7,,2.9,180,72,4115
102,백령도,2023-09-18 16:00,25.1,,3.4,200,75,3826
102,백령도,2023-09-18 17:00,24.6,,3.6,180,78,3771
102,백령도,2023-09-18 18:00,23.3,,2.3,200,84,2883
102,백령도,2023-09-18 19:00,22.6,,3.1,200,84,3176
102,백령도,2023-09-18 20:00,21.8,,2,200,87,1562
102,백령도,2023-09-18 21:00,22.3,,2.2,200,87,1761
102,백령도,2023-09-18 22:00,22.9,,3,250,86,2329
102,백령도,2023-09-18 23:00,23,,2.6,230,88,1433
102,백령도,2023-09-19 00:00,23.2,,3,230,89,1090
102,백령도,2023-09-19 01:00,23.5,,3.8,230,87,1266
102,백령도,2023-09-19 02:00,23.4,,2.7,230,86,1115
102,백령도,2023-09-19 03:00,23.3,,3.1,230,86,1144
102,백령도,2023-09-19 04:00,23.1,,2.3,250,84,1293
102,백령도,2023-09-19 05:00,22.7,,1.8,250,89,916
102,백령도,2023-09-19 06:00,23,,2.3,250,84,1523
102,백령도,2023-09-19 07:00,22.9,,2,270,84,1591
102,백령도,2023-09-19 08:00,23.9,,2.8,250,84,1481
102,백령도,2023-09-19 09:00,23.7,,1.7,70,84,1177
102,백령도,2023-09-19 10:00,25.6,,1.4,320,79,1871
102,백령도,2023-09-19 11:00,25.1,,1.7,340,80,1883
102,백령도,2023-09-19 12:00,25,,1.5,70,81,1817
102,백령도,2023-09-19 13:00,25,,.9,20,80,1811
102,백령도,2023-09-19 14:00,25.2,,.9,70,82,1958
102,백령도,2023-09-19 15:00,25.2,,.9,140,80,1999
102,백령도,2023-09-19 16:00,24.9,,2.6,290,82,2196
102,백령도,2023-09-19 17:00,24.3,,1.4,320,86,1196
102,백령도,2023-09-19 18:00,23.6,,.5,340,90,781
102,백령도,2023-09-19 19:00,22.6,,.8,290,94,410
102,백령도,2023-09-19 20:00,21.8,,1.2,320,96,242
102,백령도,2023-09-19 21:00,21.2,,1,320,93,493
102,백령도,2023-09-19 22:00,21.2,,.8,270,92,696
102,백령도,2023-09-19 23:00,21.4,0,.4,0,88,818
102,백령도,2023-09-20 00:00,21.4,0,3,20,86,1082
102,백령도,2023-09-20 01:00,20.6,.6,1.2,360,88,981
102,백령도,2023-09-20 02:00,20,.4,2,360,90,1352
102,백령도,2023-09-20 03:00,20.2,.4,1.1,20,84,2436
102,백령도,2023-09-20 04:00,19.3,.8,.4,0,94,1014
102,백령도,2023-09-20 05:00,19.9,.7,2.3,20,90,1894
102,백령도,2023-09-20 06:00,19.1,.8,1.7,20,92,1140
102,백령도,2023-09-20 07:00,17.6,.8,2.4,20,86,3475
102,백령도,2023-09-20 08:00,17.8,.2,3.9,50,85,2036
102,백령도,2023-09-20 09:00,17.7,.2,2.1,50,88,1465
102,백령도,2023-09-20 10:00,18.8,.4,4,70,89,2394
102,백령도,2023-09-20 11:00,19.9,0,2.7,90,85,2541
102,백령도,2023-09-20 12:00,19.7,0,3.2,70,87,1854
102,백령도,2023-09-20 13:00,20.4,0,3.1,70,88,1459
102,백령도,2023-09-20 14:00,21.8,0,3.5,50,74,3065
102,백령도,2023-09-20 15:00,21.9,,4.6,360,79,2442
102,백령도,2023-09-20 16:00,21.3,,4.7,360,78,2882
102,백령도,2023-09-20 17:00,21.1,,5.5,360,76,3450
102,백령도,2023-09-20 18:00,20.7,,2.4,360,84,1942
102,백령도,2023-09-20 19:00,20.6,,2.4,20,85,1725
102,백령도,2023-09-20 20:00,20.4,,3.3,50,85,742
102,백령도,2023-09-20 21:00,20.6,,3.7,360,81,2199
102,백령도,2023-09-20 22:00,19.8,,4.1,360,85,2617
102,백령도,2023-09-20 23:00,19.9,,4.8,360,83,3190
102,백령도,2023-09-21 00:00,19.7,,2.7,360,83,3936
102,백령도,2023-09-21 01:00,19.5,,3.4,360,81,4818
102,백령도,2023-09-21 02:00,19.3,,4,360,80,4895
102,백령도,2023-09-21 03:00,19.2,,3.1,360,79,4999
102,백령도,2023-09-21 04:00,18.7,,1.8,20,76,5000
102,백령도,2023-09-21 05:00,18.3,,1.7,360,81,5000
102,백령도,2023-09-21 06:00,18.9,,2.3,360,75,5000
102,백령도,2023-09-21 07:00,18.7,,1.5,360,76,5000
102,백령도,2023-09-21 08:00,19.2,,2.6,360,78,5000
102,백령도,2023-09-21 09:00,19.5,,2.8,360,78,4980
102,백령도,2023-09-21 10:00,20.7,,2.9,360,69,4845
102,백령도,2023-09-21 11:00,20.5,,4.1,360,69,4671
102,백령도,2023-09-21 12:00,20.9,,3.5,360,68,4960
102,백령도,2023-09-21 13:00,20.3,,5.7,340,70,4786
102,백령도,2023-09-21 14:00,20.8,,5,340,67,4986
102,백령도,2023-09-21 15:00,20.7,,4.5,340,75,4826
102,백령도,2023-09-21 16:00,20.3,,4,340,77,4839
102,백령도,2023-09-21 17:00,20.1,,4.7,340,69,4914
102,백령도,2023-09-21 18:00,19.9,,4.2,340,73,4985
102,백령도,2023-09-21 19:00,18.3,,1.7,340,77,4960
102,백령도,2023-09-21 20:00,17.9,,2,340,79,4967
102,백령도,2023-09-21 21:00,17.6,,1.9,340,78,4991
102,백령도,2023-09-21 22:00,17.3,,1.2,70,77,5000
102,백령도,2023-09-21 23:00,15.4,,1.4,290,85,4999
102,백령도,2023-09-22 00:00,16.8,,1.4,290,81,4998
102,백령도,2023-09-22 01:00,17.7,,.4,0,69,5000
102,백령도,2023-09-22 02:00,18,,1,270,69,5000
102,백령도,2023-09-22 03:00,17.5,,1,320,76,5000
102,백령도,2023-09-22 04:00,17.8,,.8,270,75,5000
102,백령도,2023-09-22 05:00,17.4,,.7,200,81,5000
102,백령도,2023-09-22 06:00,17.5,,.3,0,80,5000
102,백령도,2023-09-22 07:00,17.7,,.1,0,77,5000
102,백령도,2023-09-22 08:00,19.3,,1.3,110,87,4688
102,백령도,2023-09-22 09:00,20.7,,1,180,72,4687
102,백령도,2023-09-22 10:00,23,,.6,20,72,3451
102,백령도,2023-09-22 11:00,23.6,,1.7,90,67,3090
102,백령도,2023-09-22 12:00,23.3,,1.8,360,62,3578
102,백령도,2023-09-22 13:00,24,,2.6,320,56,4370
102,백령도,2023-09-22 14:00,24.6,,.9,70,58,4123
102,백령도,2023-09-22 15:00,25,,2.6,320,45,4320
102,백령도,2023-09-22 16:00,24.2,,3.7,270,65,3782
102,백령도,2023-09-22 17:00,23.2,,2.8,230,71,4590
102,백령도,2023-09-22 18:00,22.7,,2.6,250,72,4920
102,백령도,2023-09-22 19:00,21.2,,1.9,270,79,3889
102,백령도,2023-09-22 20:00,20.8,,1.1,230,80,3429
102,백령도,2023-09-22 21:00,21,,2.5,230,77,3646
102,백령도,2023-09-22 22:00,20.6,,2.2,230,80,3201
102,백령도,2023-09-22 23:00,20.6,,2.4,230,81,3200
102,백령도,2023-09-23 00:00,20,,2.5,200,85,2277
102,백령도,2023-09-23 01:00,20.3,,1.3,320,87,1351
102,백령도,2023-09-23 02:00,19.3,,.8,360,90,1007
102,백령도,2023-09-23 03:00,19.4,,2.1,90,94,782
102,백령도,2023-09-23 04:00,19.2,,2.2,70,93,1013
102,백령도,2023-09-23 05:00,19.2,,2.8,50,90,1610
102,백령도,2023-09-23 06:00,18.5,,3.3,50,81,3144
102,백령도,2023-09-23 07:00,18.6,,2.1,70,87,2355
102,백령도,2023-09-23 08:00,19.5,,1.9,70,77,3232
102,백령도,2023-09-23 09:00,20.8,,2.1,70,73,3333
102,백령도,2023-09-23 10:00,21.2,,2.6,70,69,3207
102,백령도,2023-09-23 11:00,22.1,,2,70,62,3680
102,백령도,2023-09-23 12:00,23.1,,2,70,54,3938
102,백령도,2023-09-23 13:00,23.4,,2.1,110,55,3888
102,백령도,2023-09-23 14:00,24.6,,1.9,110,51,3746
102,백령도,2023-09-23 15:00,25,,1.8,90,49,4089
102,백령도,2023-09-23 16:00,24.3,,2.1,140,51,4203
102,백령도,2023-09-23 17:00,22.9,,1.9,200,68,3530
102,백령도,2023-09-23 18:00,21.6,,2.2,200,78,1957
102,백령도,2023-09-23 19:00,19.5,,1.6,320,87,1887
102,백령도,2023-09-23 20:00,18.9,,1.5,320,86,1675
102,백령도,2023-09-23 21:00,18.8,,1,340,85,2120
102,백령도,2023-09-23 22:00,19.1,,.1,0,82,2734
102,백령도,2023-09-23 23:00,19.1,,1.4,110,93,1204
102,백령도,2023-09-24 00:00,19.1,,1.5,110,88,2692
102,백령도,2023-09-24 01:00,19,,2.1,90,90,2065
102,백령도,2023-09-24 02:00,19.4,,3.3,110,83,3312
102,백령도,2023-09-24 03:00,19.1,,3.4,110,79,4664
102,백령도,2023-09-24 04:00,19.3,,3.9,110,79,4616
102,백령도,2023-09-24 05:00,18.8,,4.2,90,80,4274
102,백령도,2023-09-24 06:00,18.6,,3.9,110,80,4765
102,백령도,2023-09-24 07:00,18.8,,4.3,110,79,4626
102,백령도,2023-09-24 08:00,19.7,,4.5,140,75,4428
102,백령도,2023-09-24 09:00,21.1,,4.8,140,65,4192
102,백령도,2023-09-24 10:00,21.8,,5.4,140,60,4548
102,백령도,2023-09-24 11:00,22.5,,5.9,140,56,4444
102,백령도,2023-09-24 12:00,22.2,,5.2,140,56,4886
102,백령도,2023-09-24 13:00,22.6,,6.1,140,56,4798
102,백령도,2023-09-24 14:00,22.3,,5.4,140,60,4789
102,백령도,2023-09-24 15:00,22.3,,3.4,140,62,4790
102,백령도,2023-09-24 16:00,21.8,,4.4,140,65,4836
102,백령도,2023-09-24 17:00,21.3,,2.7,160,67,4972
102,백령도,2023-09-24 18:00,20.9,,2.4,140,66,4960
102,백령도,2023-09-24 19:00,20.4,,2.1,160,71,4987
102,백령도,2023-09-24 20:00,20.4,,2.3,110,78,4115
102,백령도,2023-09-24 21:00,20.4,,1.9,140,73,3118
102,백령도,2023-09-24 22:00,20.1,0,1.6,140,72,3251
102,백령도,2023-09-24 23:00,19.1,0,.6,180,80,2939
102,백령도,2023-09-25 00:00,18.8,0,.6,110,68,3751
102,백령도,2023-09-25 01:00,18.5,.2,1.3,110,88,1649
102,백령도,2023-09-25 02:00,18.2,.7,2.5,110,81,2303
102,백령도,2023-09-25 03:00,18.4,0,3.2,70,84,1899
102,백령도,2023-09-25 04:00,18.1,0,3.1,70,84,1965
102,백령도,2023-09-25 05:00,18.8,0,3.2,90,83,4025
102,백령도,2023-09-25 06:00,19,,3.9,110,79,4387
102,백령도,2023-09-25 07:00,19,,4,110,76,4329
102,백령도,2023-09-25 08:00,18.9,0,3,140,75,3053
102,백령도,2023-09-25 09:00,19.1,0,3.7,110,72,2781
102,백령도,2023-09-25 10:00,19.6,0,4.8,110,72,4225
102,백령도,2023-09-25 11:00,20,0,4,110,75,4813
102,백령도,2023-09-25 12:00,21.7,,3.9,110,70,4322
102,백령도,2023-09-25 13:00,20.7,,4.5,110,75,4349
102,백령도,2023-09-25 14:00,20.6,,4.5,110,77,4183
102,백령도,2023-09-25 15:00,21,,4,110,77,4597
102,백령도,2023-09-25 16:00,21.2,,2.8,140,76,4654
102,백령도,2023-09-25 17:00,20.5,0,2.7,160,82,4466
102,백령도,2023-09-25 18:00,19.8,.1,3,160,85,1551
102,백령도,2023-09-25 19:00,19.6,0,2.8,110,82,4325
102,백령도,2023-09-25 20:00,19.4,0,3.5,140,79,4427
102,백령도,2023-09-25 21:00,18.1,.7,4,110,89,2785
102,백령도,2023-09-25 22:00,18.7,0,4.3,110,88,4019
102,백령도,2023-09-25 23:00,19.1,0,3.5,110,86,4671
102,백령도,2023-09-26 00:00,19,0,3.1,70,88,1156
102,백령도,2023-09-26 01:00,17.5,2.4,4,90,96,300
102,백령도,2023-09-26 02:00,17.8,2.7,4.3,90,97,495
102,백령도,2023-09-26 03:00,17.8,.2,4.4,90,95,1087
102,백령도,2023-09-26 04:00,18,.2,4.8,110,94,2535
102,백령도,2023-09-26 05:00,18.3,.1,4.5,110,92,3588
102,백령도,2023-09-26 06:00,18.3,,3.3,110,92,2650
102,백령도,2023-09-26 07:00,18.6,,3,110,92,3683
102,백령도,2023-09-26 08:00,18.7,0,2.8,90,93,751
102,백령도,2023-09-26 09:00,18.7,.1,3.2,90,94,549
102,백령도,2023-09-26 10:00,19,0,2.6,90,95,2371
102,백령도,2023-09-26 11:00,19.9,,3.3,90,90,4068
102,백령도,2023-09-26 12:00,20.4,,2.3,90,87,4831
102,백령도,2023-09-26 13:00,20.4,,1.8,70,87,4004
102,백령도,2023-09-26 14:00,21.3,0,2.1,70,83,4634
102,백령도,2023-09-26 15:00,20.7,,1.8,320,87,4822
102,백령도,2023-09-26 16:00,19.7,,2.3,360,93,596
102,백령도,2023-09-26 17:00,20.6,,2.1,360,85,4901
102,백령도,2023-09-26 18:00,20.2,,1.9,340,88,3996
102,백령도,2023-09-26 19:00,20.1,,2.3,340,89,2438
102,백령도,2023-09-26 20:00,20.4,,2.5,20,86,1801
102,백령도,2023-09-26 21:00,20.2,,1,360,88,1715
102,백령도,2023-09-26 22:00,19.7,,1.5,340,92,1362
102,백령도,2023-09-26 23:00,19.7,0,2.8,320,90,2032
102,백령도,2023-09-27 00:00,19.8,,.5,250,92,1200
102,백령도,2023-09-27 01:00,19.6,,1,290,93,1342
102,백령도,2023-09-27 02:00,19.4,,1.7,320,93,1298
102,백령도,2023-09-27 03:00,19.8,,2.4,320,94,986
102,백령도,2023-09-27 04:00,20.1,,3,320,91,1483
102,백령도,2023-09-27 05:00,19.8,,2.5,320,92,1502
102,백령도,2023-09-27 06:00,20.2,,2.1,320,89,2185
102,백령도,2023-09-27 07:00,20,,2.4,340,91,1903
102,백령도,2023-09-27 08:00,20.7,,3.2,340,91,1751
102,백령도,2023-09-27 09:00,21.1,,2.9,340,89,2392
102,백령도,2023-09-27 10:00,21.5,,3.7,360,86,2482
102,백령도,2023-09-27 11:00,22.6,,3.2,340,84,2536
102,백령도,2023-09-27 12:00,23.4,,4,320,80,2353
102,백령도,2023-09-27 13:00,23.2,,3.8,320,79,2233
102,백령도,2023-09-27 14:00,23.2,,4.4,290,78,2235
102,백령도,2023-09-27 15:00,22.6,,5.1,320,73,2793
102,백령도,2023-09-27 16:00,23,,4.6,320,77,2594
102,백령도,2023-09-27 17:00,21.9,,3.3,320,84,2483
102,백령도,2023-09-27 18:00,21.1,,3.1,320,87,830
102,백령도,2023-09-27 19:00,20.6,,2.1,320,90,468
102,백령도,2023-09-27 20:00,20.6,,.9,320,89,516
102,백령도,2023-09-27 21:00,20.4,,.8,270,89,484
102,백령도,2023-09-27 22:00,20.4,,1.6,290,89,515
102,백령도,2023-09-27 23:00,20.4,,1.4,290,88,546
102,백령도,2023-09-28 00:00,20.3,,1.6,270,88,539
102,백령도,2023-09-28 01:00,20.5,,2.1,290,89,463
102,백령도,2023-09-28 02:00,20.7,,2.4,290,91,329
102,백령도,2023-09-28 03:00,20.6,,2.2,290,92,239
102,백령도,2023-09-28 04:00,20.6,,2.8,290,91,226
102,백령도,2023-09-28 05:00,20.2,,2.3,320,93,182
102,백령도,2023-09-28 06:00,20.2,,1.4,290,93,167
102,백령도,2023-09-28 07:00,19.8,,1.7,290,95,128
102,백령도,2023-09-28 08:00,20.7,,1.8,320,93,179
102,백령도,2023-09-28 09:00,21.6,,3.2,320,86,251
102,백령도,2023-09-28 10:00,22.1,,4.3,320,83,277
102,백령도,2023-09-28 11:00,22.7,,4.2,320,80,303
102,백령도,2023-09-28 12:00,23.2,,4,320,78,376
102,백령도,2023-09-28 13:00,23.6,,3.7,320,74,527
102,백령도,2023-09-28 14:00,22.5,,5.4,320,76,424
102,백령도,2023-09-28 15:00,22.8,,3.4,320,76,538
102,백령도,2023-09-28 16:00,22.1,,3.8,320,73,792
102,백령도,2023-09-28 17:00,21.3,,3,320,77,841
102,백령도,2023-09-28 18:00,20,,2.7,290,81,1039
102,백령도,2023-09-28 19:00,18.4,,2.5,290,85,1362
102,백령도,2023-09-28 20:00,17.4,,2.3,290,88,1681
102,백령도,2023-09-28 21:00,17.6,,2.1,270,82,2997
102,백령도,2023-09-28 22:00,18,,1.9,290,81,3765
102,백령도,2023-09-28 23:00,18.3,,1.6,290,81,3721
102,백령도,2023-09-29 00:00,18.6,,2.2,320,78,4418
102,백령도,2023-09-29 01:00,18.3,,1.7,320,76,4723
102,백령도,2023-09-29 02:00,18.7,,2.6,290,76,4021
102,백령도,2023-09-29 03:00,19.5,,2.4,320,71,4369
102,백령도,2023-09-29 04:00,19,,2.3,320,78,3644
102,백령도,2023-09-29 05:00,18.5,,1.3,320,83,3132
102,백령도,2023-09-29 06:00,18.4,,1,290,85,2821
102,백령도,2023-09-29 07:00,18.3,,.8,270,83,3311
102,백령도,2023-09-29 08:00,19.2,,1.8,340,71,4548
102,백령도,2023-09-29 09:00,19.2,,2.2,320,88,2450
102,백령도,2023-09-29 10:00,21.2,,2.1,360,74,3964
102,백령도,2023-09-29 11:00,22,,1.8,360,64,4636
102,백령도,2023-09-29 12:00,23.3,,1.4,360,48,4270
102,백령도,2023-09-29 13:00,22.9,,2.9,320,49,4845
102,백령도,2023-09-29 14:00,23.1,,3.4,360,39,4993
102,백령도,2023-09-29 15:00,22.9,,2.5,320,43,4969
102,백령도,2023-09-29 16:00,22.1,,2.3,320,51,4928
102,백령도,2023-09-29 17:00,21.9,,1.7,290,58,4900
102,백령도,2023-09-29 18:00,19.5,,1.5,290,76,4267
102,백령도,2023-09-29 19:00,18.3,,1.8,290,80,3726
102,백령도,2023-09-29 20:00,18.8,,.5,250,63,4980
102,백령도,2023-09-29 21:00,19.2,,1.9,290,43,4999
102,백령도,2023-09-29 22:00,18.9,,.6,250,59,5000
102,백령도,2023-09-29 23:00,19.1,,1.7,250,66,5000
102,백령도,2023-09-30 00:00,18.8,,1.6,230,74,5000
102,백령도,2023-09-30 01:00,19.7,,2.1,250,76,4988
102,백령도,2023-09-30 02:00,20,,1.3,270,76,5000
102,백령도,2023-09-30 03:00,20.9,,1.8,230,75,4978
102,백령도,2023-09-30 04:00,21,,2.8,250,83,3540
102,백령도,2023-09-30 05:00,21.1,,3.3,270,84,2418
102,백령도,2023-09-30 06:00,21.5,,3.4,270,79,2295
102,백령도,2023-09-30 07:00,21.2,,4.2,290,81,1795
102,백령도,2023-09-30 08:00,21.3,,4.9,290,77,2449
102,백령도,2023-09-30 09:00,21.8,,4.7,290,74,2583
102,백령도,2023-09-30 10:00,22.6,,5.8,290,74,1943
102,백령도,2023-09-30 11:00,23.2,,5.4,290,73,1769
102,백령도,2023-09-30 12:00,22.9,,5.8,290,73,1767
102,백령도,2023-09-30 13:00,22.8,,5.5,320,70,1712
102,백령도,2023-09-30 14:00,21.2,,5.9,360,73,2770
102,백령도,2023-09-30 15:00,21.4,,5.3,320,66,3338
102,백령도,2023-09-30 16:00,21,,3.6,340,65,3584
102,백령도,2023-09-30 17:00,20,,3.7,320,65,3731
102,백령도,2023-09-30 18:00,19,,3.6,320,68,3679
102,백령도,2023-09-30 19:00,18.8,,4,320,68,4215
102,백령도,2023-09-30 20:00,19.1,,4.9,320,65,4404
102,백령도,2023-09-30 21:00,19.2,,4.8,320,60,4735
102,백령도,2023-09-30 22:00,19,,4.4,320,64,4777
102,백령도,2023-09-30 23:00,19,,3.8,320,70,4455
102,백령도,2023-10-01 00:00,19.4,,7.6,360,59,3773
102,백령도,2023-10-01 01:00,18.8,,6.1,360,60,4088
102,백령도,2023-10-01 02:00,18.6,,7.3,340,55,4519
102,백령도,2023-10-01 03:00,18.4,,7.4,360,56,4879
102,백령도,2023-10-01 04:00,18.3,,6,360,58,4950
102,백령도,2023-10-01 05:00,18.3,,5.8,360,56,4983
102,백령도,2023-10-01 06:00,18.4,,6.6,340,59,4897
102,백령도,2023-10-01 07:00,18.3,,4.9,340,61,4943
102,백령도,2023-10-01 08:00,19,,5.5,340,56,4963
102,백령도,2023-10-01 09:00,19.7,,5.1,340,56,4747
102,백령도,2023-10-01 10:00,20.6,,3.5,360,55,4778
102,백령도,2023-10-01 11:00,21.2,,3.1,290,51,4858
102,백령도,2023-10-01 12:00,21.9,,4.2,320,48,4922
102,백령도,2023-10-01 13:00,22.4,,5.5,320,49,4977
102,백령도,2023-10-01 14:00,21.9,,4.6,360,60,4887
102,백령도,2023-10-01 15:00,21.1,,4.5,360,68,4522
102,백령도,2023-10-01 16:00,20.9,,3.7,340,64,4993
102,백령도,2023-10-01 17:00,20.6,,2.5,340,62,4926
102,백령도,2023-10-01 18:00,18.8,,2.1,290,74,4889
102,백령도,2023-10-01 19:00,16.8,,1.5,270,84,4531
102,백령도,2023-10-01 20:00,16,,1.8,270,74,4968
102,백령도,2023-10-01 21:00,16.7,,2.9,270,72,5000
102,백령도,2023-10-01 22:00,17.1,,2.7,270,60,5000
102,백령도,2023-10-01 23:00,17.5,,1.6,290,50,5000
102,백령도,2023-10-02 00:00,17.2,,1.9,270,60,4685
102,백령도,2023-10-02 01:00,17.6,,2.4,290,67,5000
102,백령도,2023-10-02 02:00,17.4,,1.8,290,67,5000
102,백령도,2023-10-02 03:00,17.4,,1.8,290,73,4990
102,백령도,2023-10-02 04:00,16.9,,.6,290,75,5000
102,백령도,2023-10-02 05:00,17.7,,1.4,320,72,5000
102,백령도,2023-10-02 06:00,16.6,,1,320,77,5000
102,백령도,2023-10-02 07:00,17.2,,1.1,70,87,4995
102,백령도,2023-10-02 08:00,18.6,,.5,70,86,3498
102,백령도,2023-10-02 09:00,20.4,,.4,0,61,4802
102,백령도,2023-10-02 10:00,21,,2.1,360,59,4661
102,백령도,2023-10-02 11:00,22,,2.2,360,44,4861
102,백령도,2023-10-02 12:00,22.4,,2.9,360,37,4860
102,백령도,2023-10-02 13:00,23.2,,2.9,360,28,4822
102,백령도,2023-10-02 14:00,22.8,,3.4,360,23,4773
102,백령도,2023-10-02 15:00,23.3,,2.8,340,25,4998
102,백령도,2023-10-02 16:00,21.7,,2.4,320,30,4978
102,백령도,2023-10-02 17:00,20.8,,1.8,320,38,4981
102,백령도,2023-10-02 18:00,18.5,,1.1,320,54,4947
102,백령도,2023-10-02 19:00,17.1,,1.5,320,67,4854
102,백령도,2023-10-02 20:00,17.6,,1.4,340,70,4938
102,백령도,2023-10-02 21:00,16.6,,1.5,340,75,4847
102,백령도,2023-10-02 22:00,16.4,,1.1,270,71,4937
102,백령도,2023-10-02 23:00,17.1,,1.8,270,61,4990
102,백령도,2023-10-03 00:00,18.2,,1.2,320,40,5000
102,백령도,2023-10-03 01:00,17.6,,1,270,36,4990
102,백령도,2023-10-03 02:00,17.5,,.9,180,41,4999
102,백령도,2023-10-03 03:00,17.2,,1.4,90,65,4940
102,백령도,2023-10-03 04:00,16.7,,2.2,90,86,3142
102,백령도,2023-10-03 05:00,16.7,,1.4,90,84,3353
102,백령도,2023-10-03 06:00,16.5,,2.1,90,81,3578
102,백령도,2023-10-03 07:00,16.5,,2.2,90,84,3780
102,백령도,2023-10-03 08:00,16.9,,2.4,90,75,4412
102,백령도,2023-10-03 09:00,17.6,,1.9,140,70,4580
102,백령도,2023-10-03 10:00,19.1,,1.6,140,62,4054
102,백령도,2023-10-03 11:00,20.2,,2.5,140,48,3981
102,백령도,2023-10-03 12:00,19.6,,3.1,140,54,4091
102,백령도,2023-10-03 13:00,20.6,,2.9,140,59,3409
102,백령도,2023-10-03 14:00,20.4,,2.3,140,65,3098
102,백령도,2023-10-03 15:00,20.5,,2.6,140,69,2671
102,백령도,2023-10-03 16:00,20.3,,2.5,140,72,2611
102,백령도,2023-10-03 17:00,20.6,,1.9,140,69,2706
102,백령도,2023-10-03 18:00,19.3,,2,160,68,3397
102,백령도,2023-10-03 19:00,18.3,,2.3,180,77,3235
102,백령도,2023-10-03 20:00,17.7,,2,180,82,1653
102,백령도,2023-10-03 21:00,17.4,,2.1,200,88,1033
102,백령도,2023-10-03 22:00,16.9,,2.2,180,89,675
102,백령도,2023-10-03 23:00,16.5,,2,180,89,772
102,백령도,2023-10-04 00:00,17.7,,1.8,200,83,1221
102,백령도,2023-10-04 01:00,17.6,,1.9,200,82,1877
102,백령도,2023-10-04 02:00,17.5,,1.7,200,81,2460
102,백령도,2023-10-04 03:00,16.8,,1.9,90,90,1154
102,백령도,2023-10-04 04:00,17,,2.3,110,95,378
102,백령도,2023-10-04 05:00,16.9,,1.8,110,95,401
102,백령도,2023-10-04 06:00,16.6,,1.6,110,94,919
102,백령도,2023-10-04 07:00,17.2,,1.6,110,96,390
102,백령도,2023-10-04 08:00,18.1,,1.4,110,93,780
102,백령도,2023-10-04 09:00,20.5,,1.2,230,83,1829
102,백령도,2023-10-04 10:00,22.4,,2.9,270,72,2583
102,백령도,2023-10-04 11:00,22.4,,4,290,73,1817
102,백령도,2023-10-04 12:00,23,,3.8,290,72,1466
102,백령도,2023-10-04 13:00,22.6,,5.1,290,73,1295
102,백령도,2023-10-04 14:00,19.5,2.2,3.1,290,78,2177
102,백령도,2023-10-04 15:00,19.4,,6.6,340,82,2050
102,백령도,2023-10-04 16:00,18.8,,7.7,340,79,3174
102,백령도,2023-10-04 17:00,18.5,,8.8,340,72,4625
102,백령도,2023-10-04 18:00,18.8,,6.9,340,44,4740
102,백령도,2023-10-04 19:00,18.8,,7,340,48,4675
102,백령도,2023-10-04 20:00,18.6,,12.7,340,40,2857
102,백령도,2023-10-04 21:00,18.3,,13.1,340,33,2881
102,백령도,2023-10-04 22:00,17.8,,10,360,34,4020
102,백령도,2023-10-04 23:00,18.1,,12.3,360,28,3163
102,백령도,2023-10-05 00:00,17.6,,12.9,360,30,2753
102,백령도,2023-10-05 01:00,17.1,,14.4,340,29,2512
102,백령도,2023-10-05 02:00,16.2,,12.5,360,38,2681
102,백령도,2023-10-05 03:00,15.5,,11,360,39,3229
102,백령도,2023-10-05 04:00,15.1,,11.8,360,39,3424
102,백령도,2023-10-05 05:00,14.9,,10.8,360,45,3508
102,백령도,2023-10-05 06:00,14.7,,10.2,360,47,3826
102,백령도,2023-10-05 07:00,14.6,,8.1,360,47,4246
102,백령도,2023-10-05 08:00,15.1,,7.8,360,46,4647
102,백령도,2023-10-05 09:00,15.5,,7.2,360,47,4647
102,백령도,2023-10-05 10:00,15.5,,8,360,43,4890
102,백령도,2023-10-05 11:00,16,,8.4,360,41,4980
102,백령도,2023-10-05 12:00,16.3,,9.2,360,37,4811
102,백령도,2023-10-05 13:00,16.2,,9,360,40,4816
102,백령도,2023-10-05 14:00,16.1,,10.3,340,40,4935
102,백령도,2023-10-05 15:00,16,,10,340,42,4752
102,백령도,2023-10-05 16:00,15.9,,9.5,340,41,4913
102,백령도,2023-10-05 17:00,15.7,,8.4,340,41,4810
102,백령도,2023-10-05 18:00,15.5,,8.5,340,45,4927
102,백령도,2023-10-05 19:00,15.9,,8.1,340,39,4862
102,백령도,2023-10-05 20:00,16.6,,6.5,340,38,4970
102,백령도,2023-10-05 21:00,16.9,,5.5,340,38,4991
102,백령도,2023-10-05 22:00,17.4,,7,340,38,4972
102,백령도,2023-10-05 23:00,17.8,,8.3,340,42,4874
102,백령도,2023-10-06 00:00,17.5,,7.8,360,38,4830
102,백령도,2023-10-06 01:00,16.9,,7,360,47,4370
102,백령도,2023-10-06 02:00,16.9,,5.8,360,47,4740
102,백령도,2023-10-06 03:00,16.9,,4,360,47,4950
102,백령도,2023-10-06 04:00,17,,5.5,360,48,4987
102,백령도,2023-10-06 05:00,17,,4.2,360,46,4983
102,백령도,2023-10-06 06:00,16.7,,6,360,53,4994
102,백령도,2023-10-06 07:00,16.9,,5.3,360,50,4906
102,백령도,2023-10-06 08:00,17.3,,5.4,360,48,4994
102,백령도,2023-10-06 09:00,17.7,,5.2,360,46,4827
102,백령도,2023-10-06 10:00,19.1,,4.7,340,41,4856
102,백령도,2023-10-06 11:00,19.5,,4.8,360,42,4785
102,백령도,2023-10-06 12:00,19.9,,4.9,360,44,4625
102,백령도,2023-10-06 13:00,19.5,,5.2,360,46,4665
102,백령도,2023-10-06 14:00,19.8,,5.5,340,46,4761
102,백령도,2023-10-06 15:00,18.9,,4.2,340,53,4573
102,백령도,2023-10-06 16:00,18.6,,3,320,60,4617
102,백령도,2023-10-06 17:00,18,,2.7,320,71,4432
102,백령도,2023-10-06 18:00,17,,1.8,270,76,3680
102,백령도,2023-10-06 19:00,16,,1.7,290,81,3350
102,백령도,2023-10-06 20:00,15.2,,2,290,86,2834
102,백령도,2023-10-06 21:00,15.7,,1.3,290,81,3289
102,백령도,2023-10-06 22:00,16.2,,1.6,290,82,3877
102,백령도,2023-10-06 23:00,16.5,,1.9,290,83,3977
102,백령도,2023-10-07 00:00,16.2,,2.3,270,82,4030
102,백령도,2023-10-07 01:00,16.4,,1.7,320,78,4523
102,백령도,2023-10-07 02:00,16.3,,.8,290,77,4378
102,백령도,2023-10-07 03:00,16.9,,.3,0,77,4335
102,백령도,2023-10-07 04:00,16.8,,1.8,70,78,4130
102,백령도,2023-10-07 05:00,16.4,,1.2,90,93,1647
102,백령도,2023-10-07 06:00,16.4,,1,90,94,1288
102,백령도,2023-10-07 07:00,15.1,,2,90,95,862
102,백령도,2023-10-07 08:00,16.3,,1.6,110,90,2333
102,백령도,2023-10-07 09:00,17.4,,2.3,90,86,2666
102,백령도,2023-10-07 10:00,18.6,,3.7,110,63,3486
102,백령도,2023-10-07 11:00,19,,3.5,140,55,3562
102,백령도,2023-10-07 12:00,18.8,,5.2,140,53,3735
102,백령도,2023-10-07 13:00,19.1,,4,140,52,3537
102,백령도,2023-10-07 14:00,19.6,,4,140,51,3595
102,백령도,2023-10-07 15:00,19,,2.5,160,58,3398
102,백령도,2023-10-07 16:00,18.7,,3.2,160,60,3396
102,백령도,2023-10-07 17:00,18.1,,3.4,140,64,3146
102,백령도,2023-10-07 18:00,17.5,,2,160,68,2949
102,백령도,2023-10-07 19:00,16.4,,1.6,160,77,2146
102,백령도,2023-10-07 20:00,16.4,,1.8,140,72,2929
102,백령도,2023-10-07 21:00,16.2,,1.7,110,76,3140
102,백령도,2023-10-07 22:00,16.1,,1.7,90,81,3078
102,백령도,2023-10-07 23:00,15.9,,2.2,90,82,2375
102,백령도,2023-10-08 00:00,16.2,,2.9,90,79,2017
102,백령도,2023-10-08 01:00,16.5,,2.5,110,74,2566
102,백령도,2023-10-08 02:00,16.7,,3.3,110,66,3958
102,백령도,2023-10-08 03:00,16.5,,3.2,140,72,4305
102,백령도,2023-10-08 04:00,16.5,,2.8,110,77,3843
102,백령도,2023-10-08 05:00,16.5,,3.3,140,79,3553
102,백령도,2023-10-08 06:00,16.4,,3.8,140,82,3488
102,백령도,2023-10-08 07:00,16.3,,3.8,140,83,4062
102,백령도,2023-10-08 08:00,16.4,,3.7,140,82,4195
102,백령도,2023-10-08 09:00,17.8,,4.6,140,74,4035
102,백령도,2023-10-08 10:00,19,,4.9,110,71,3526
102,백령도,2023-10-08 11:00,19.6,,4.5,140,69,3574
102,백령도,2023-10-08 12:00,20,,6.8,140,69,3219
102,백령도,2023-10-08 13:00,20.2,,4.4,160,68,3797
102,백령도,2023-10-08 14:00,19.3,,5.1,180,71,4316
102,백령도,2023-10-08 15:00,20.5,,4.1,160,67,4037
102,백령도,2023-10-08 16:00,19.8,,3.3,180,68,1141
102,백령도,2023-10-08 17:00,18.6,,3.4,160,77,767
102,백령도,2023-10-08 18:00,17.6,,3.4,160,77,978
102,백령도,2023-10-08 19:00,17.2,,2.6,160,81,1249
102,백령도,2023-10-08 20:00,16.6,,1.9,160,86,3560
102,백령도,2023-10-08 21:00,17.2,,2.7,160,79,4176
102,백령도,2023-10-08 22:00,17.1,,1.9,160,81,4393
102,백령도,2023-10-08 23:00,17,,1.7,140,85,3170
102,백령도,2023-10-09 00:00,17.2,,2,110,82,3522
102,백령도,2023-10-09 01:00,16.9,,1.9,140,83,2484
102,백령도,2023-10-09 02:00,16.7,,3.1,110,78,3092
102,백령도,2023-10-09 03:00,16.8,,2.3,140,79,3381
102,백령도,2023-10-09 04:00,16.6,,2.3,140,78,3806
102,백령도,2023-10-09 05:00,16.3,,3,110,79,3645
102,백령도,2023-10-09 06:00,16.3,0,2.8,110,79,3322
102,백령도,2023-10-09 07:00,14.9,2.5,1,20,91,359
102,백령도,2023-10-09 08:00,14.8,3.1,1.6,140,94,992
102,백령도,2023-10-09 09:00,15.7,.1,1.7,140,91,3503
102,백령도,2023-10-09 10:00,17,0,1.6,140,84,3684
102,백령도,2023-10-09 11:00,18.2,,3.3,140,74,3222
102,백령도,2023-10-09 12:00,18.5,,2.7,110,71,3307
102,백령도,2023-10-09 13:00,19.5,,2.9,140,70,3246
102,백령도,2023-10-09 14:00,18.3,,1.3,250,76,3760
102,백령도,2023-10-09 15:00,18.9,,4.1,320,70,3365
102,백령도,2023-10-09 16:00,19.1,,4.1,320,75,2953
102,백령도,2023-10-09 17:00,17.8,,5.3,320,73,2422
102,백령도,2023-10-09 18:00,16.5,,5.4,320,82,2326
102,백령도,2023-10-09 19:00,16.5,,4.8,320,84,2478
102,백령도,2023-10-09 20:00,17,,4.4,320,83,2698
102,백령도,2023-10-09 21:00,17.1,,5.2,340,76,4494
102,백령도,2023-10-09 22:00,17.1,,6,340,73,4153
102,백령도,2023-10-09 23:00,17.2,,6.1,340,73,3913
102,백령도,2023-10-10 00:00,16.9,,4.8,340,76,3983
102,백령도,2023-10-10 01:00,15.7,1.4,4.2,340,84,2835
102,백령도,2023-10-10 02:00,16.8,0,5.4,340,73,4400
102,백령도,2023-10-10 03:00,17,,7.2,340,71,3107
102,백령도,2023-10-10 04:00,16.9,,6,340,74,2001
102,백령도,2023-10-10 05:00,16.6,,4.4,340,76,2130
102,백령도,2023-10-10 06:00,16.5,,5.2,340,78,3826
102,백령도,2023-10-10 07:00,16.5,,5.9,340,76,4939
102,백령도,2023-10-10 08:00,16.7,,6.1,340,71,4846
102,백령도,2023-10-10 09:00,17.3,,5.9,340,72,4634
102,백령도,2023-10-10 10:00,18.2,,5,360,68,4925
102,백령도,2023-10-10 11:00,18.8,,3.7,340,64,4898
102,백령도,2023-10-10 12:00,19.4,,3.7,360,58,4867
102,백령도,2023-10-10 13:00,19.5,,4.7,340,54,4541
102,백령도,2023-10-10 14:00,19.5,,4.4,360,54,4731
102,백령도,2023-10-10 15:00,19.3,,3.3,340,60,4469
102,백령도,2023-10-10 16:00,18.6,,4.3,340,63,4390
102,백령도,2023-10-10 17:00,18,,4.4,340,69,3265
102,백령도,2023-10-10 18:00,17.1,,3.4,340,71,3477
102,백령도,2023-10-10 19:00,16.8,,2.8,340,76,4067
102,백령도,2023-10-10 20:00,16.4,,2.5,340,78,3524
102,백령도,2023-10-10 21:00,15.5,,.5,320,84,3250
102,백령도,2023-10-10 22:00,15.7,,1,270,84,3190
102,백령도,2023-10-10 23:00,15.8,,.1,0,81,3297
102,백령도,2023-10-11 00:00,15.7,,.2,0,87,2853
102,백령도,2023-10-11 01:00,16.8,,.7,110,74,3552
102,백령도,2023-10-11 02:00,15.4,,.2,0,88,2930
102,백령도,2023-10-11 03:00,15.2,,1.4,70,94,1371
102,백령도,2023-10-11 04:00,14.8,,2,90,94,977
102,백령도,2023-10-11 05:00,15.3,,1.7,110,96,797
102,백령도,2023-10-11 06:00,14.1,,.8,340,96,513
102,백령도,2023-10-11 07:00,14.8,,.3,0,97,996
102,백령도,2023-10-11 08:00,15.7,,.5,140,93,1095
102,백령도,2023-10-11 09:00,17.6,,1.7,90,80,1910
102,백령도,2023-10-11 10:00,19.2,,1.9,140,69,2235
102,백령도,2023-10-11 11:00,20.3,,1.9,160,66,2278
102,백령도,2023-10-11 12:00,20.9,,2,140,66,2091
102,백령도,2023-10-11 13:00,18.7,,.9,70,74,1906
102,백령도,2023-10-11 14:00,19.9,,1.5,270,70,2107
102,백령도,2023-10-11 15:00,18.8,,1.3,320,71,1478
102,백령도,2023-10-11 16:00,19.1,,3.8,320,70,2855
102,백령도,2023-10-11 17:00,19.1,,1.8,290,65,3237
102,백령도,2023-10-11 18:00,17.1,,1.7,320,77,2895
102,백령도,2023-10-11 19:00,15.8,,1.6,320,87,1801
102,백령도,2023-10-11 20:00,15.2,,1.8,320,92,1391
102,백령도,2023-10-11 21:00,15.4,,1.2,340,89,1644
102,백령도,2023-10-11 22:00,15.7,,.8,290,90,1811
102,백령도,2023-10-11 23:00,14.9,,1.1,320,91,1463
102,백령도,2023-10-12 00:00,15,,1.3,340,91,1356
102,백령도,2023-10-12 01:00,14.9,,1.4,340,92,1029
102,백령도,2023-10-12 02:00,14.7,,1.5,360,93,993
102,백령도,2023-10-12 03:00,14.6,,.9,360,95,639
102,백령도,2023-10-12 04:00,14.6,,.9,340,95,908
102,백령도,2023-10-12 05:00,14.6,,1.4,320,95,738
102,백령도,2023-10-12 06:00,15,,.4,0,94,947
102,백령도,2023-10-12 07:00,15.2,,2,340,93,941
102,백령도,2023-10-12 08:00,16,,.8,340,91,780
102,백령도,2023-10-12 09:00,17.8,,.7,340,87,1196
102,백령도,2023-10-12 10:00,18.9,,1.6,90,75,1471
102,백령도,2023-10-12 11:00,19.8,,1.9,90,64,2651
102,백령도,2023-10-12 12:00,20.5,,2.2,110,53,3291
102,백령도,2023-10-12 13:00,21.1,,2.2,180,45,3375
102,백령도,2023-10-12 14:00,20.8,,3.3,290,55,3780
102,백령도,2023-10-12 15:00,20,,3.6,320,65,3458
102,백령도,2023-10-12 16:00,19.5,,3.9,290,76,2778
102,백령도,2023-10-12 17:00,18.7,,3.4,320,78,3024
102,백령도,2023-10-12 18:00,17.4,,2.1,320,85,2646
102,백령도,2023-10-12 19:00,16.5,,1.1,320,88,1968
102,백령도,2023-10-12 20:00,16.1,,.6,320,90,1978
102,백령도,2023-10-12 21:00,16.2,,1,270,91,2097
102,백령도,2023-10-12 22:00,15.7,,1.4,320,92,1889
102,백령도,2023-10-12 23:00,15.6,,2.3,320,94,984
102,백령도,2023-10-13 00:00,15.7,,1.6,290,94,634
102,백령도,2023-10-13 01:00,15.4,,1.3,320,95,597
102,백령도,2023-10-13 02:00,15.4,,1.7,320,95,562
102,백령도,2023-10-13 03:00,15.5,,1.5,340,96,406
102,백령도,2023-10-13 04:00,15.1,,1.5,340,97,136
102,백령도,2023-10-13 05:00,15.6,,.1,0,95,708
102,백령도,2023-10-13 06:00,15.3,,0,0,97,309
102,백령도,2023-10-13 07:00,14.8,,.5,70,96,199
102,백령도,2023-10-13 08:00,15.1,,.4,0,97,335
102,백령도,2023-10-13 09:00,16.6,,1.1,140,92,991
102,백령도,2023-10-13 10:00,17.7,,2.2,140,75,2698
102,백령도,2023-10-13 11:00,18.1,,1.5,70,72,2864
102,백령도,2023-10-13 12:00,18.7,,1.2,140,61,3305
102,백령도,2023-10-13 13:00,19.2,,2,200,59,3509
102,백령도,2023-10-13 14:00,19.8,,1.8,50,60,3379
102,백령도,2023-10-13 15:00,19.8,,2.6,360,54,3607
102,백령도,2023-10-13 16:00,19.4,,2.8,320,53,2850
102,백령도,2023-10-13 17:00,18.9,,1.9,320,59,2310
102,백령도,2023-10-13 18:00,16.9,,.7,270,72,1950
102,백령도,2023-10-13 19:00,15.1,,1.6,290,79,1449
102,백령도,2023-10-13 20:00,15.4,,.9,230,80,1285
102,백령도,2023-10-13 21:00,15.9,,.4,0,78,1546
102,백령도,2023-10-13 22:00,15.5,,.7,200,81,1249
102,백령도,2023-10-13 23:00,15.7,,1.6,200,83,879
102,백령도,2023-10-14 00:00,15.5,,2,200,84,841
102,백령도,2023-10-14 01:00,15.9,,.2,0,85,1285
102,백령도,2023-10-14 02:00,13.9,.2,7,320,90,759
102,백령도,2023-10-14 03:00,13.1,7.8,1.4,340,96,263
102,백령도,2023-10-14 04:00,13.5,.4,2.4,90,94,718
102,백령도,2023-10-14 05:00,12.9,0,.9,230,95,727
102,백령도,2023-10-14 06:00,13.6,,1.8,270,80,2687
102,백령도,2023-10-14 07:00,13.4,,.1,0,87,1933
102,백령도,2023-10-14 08:00,14.2,,1.1,200,88,1582
102,백령도,2023-10-14 09:00,16.5,,.2,0,81,2325
102,백령도,2023-10-14 10:00,17.7,,1.3,290,69,3658
102,백령도,2023-10-14 11:00,17.7,,1.9,20,71,3275
102,백령도,2023-10-14 12:00,17.9,,3.5,360,68,3295
102,백령도,2023-10-14 13:00,18.1,,2.6,360,70,3477
102,백령도,2023-10-14 14:00,18,,3.4,320,61,4417
102,백령도,2023-10-14 15:00,17.6,,3.4,320,60,4616
102,백령도,2023-10-14 16:00,17.1,,4.5,320,70,4512
102,백령도,2023-10-14 17:00,16.6,,3.9,320,74,4029
102,백령도,2023-10-14 18:00,15.5,,2.8,320,81,3823
102,백령도,2023-10-14 19:00,15.5,,2.7,340,78,4521
102,백령도,2023-10-14 20:00,15.9,,4.2,320,77,4626
102,백령도,2023-10-14 21:00,15.5,,3.2,340,77,4990
102,백령도,2023-10-14 22:00,15.6,,3,340,79,4790
102,백령도,2023-10-14 23:00,15.5,,2.9,340,79,4917
102,백령도,2023-10-15 00:00,14.7,,1.4,320,82,4531
102,백령도,2023-10-15 01:00,14.6,,1.3,290,86,3703
102,백령도,2023-10-15 02:00,14.9,,.5,320,85,3994
102,백령도,2023-10-15 03:00,14.2,,.1,0,89,2579
102,백령도,2023-10-15 04:00,13.6,,1.3,270,91,1753
102,백령도,2023-10-15 05:00,14.5,,1.5,290,89,1040
102,백령도,2023-10-15 06:00,14.9,,.7,290,88,1115
102,백령도,2023-10-15 07:00,14.7,,1.4,270,91,856
102,백령도,2023-10-15 08:00,15.5,,1.3,270,90,856
102,백령도,2023-10-15 09:00,17.4,,2.5,290,82,1239
102,백령도,2023-10-15 10:00,18.3,,4,320,72,1319
102,백령도,2023-10-15 11:00,19.1,,4.4,290,69,1418
102,백령도,2023-10-15 12:00,20.5,,4.1,290,67,1759
102,백령도,2023-10-15 13:00,21,,5.7,270,55,3488
102,백령도,2023-10-15 14:00,21.3,,5.9,270,52,4621
102,백령도,2023-10-15 15:00,20.8,,6.3,290,66,3359
102,백령도,2023-10-15 16:00,20.7,,5.3,290,70,2550
102,백령도,2023-10-15 17:00,18.4,,5.6,340,81,1573
102,백령도,2023-10-15 18:00,16.9,,6.4,340,75,1574
102,백령도,2023-10-15 19:00,16.5,,4.5,320,79,1198
102,백령도,2023-10-15 20:00,16.3,,4.3,340,72,1410
102,백령도,2023-10-15 21:00,16.7,,5.5,340,52,3783
102,백령도,2023-10-15 22:00,16.6,,7.7,340,49,3531
102,백령도,2023-10-15 23:00,16.5,,11.2,340,43,3675
102,백령도,2023-10-16 00:00,16,,10.7,340,41,3836
102,백령도,2023-10-16 01:00,15.7,,10.5,340,44,3861
102,백령도,2023-10-16 02:00,15.5,,10.2,340,44,3920
102,백령도,2023-10-16 03:00,15.3,,8.5,340,46,4141
102,백령도,2023-10-16 04:00,15,,7.2,360,45,4419
102,백령도,2023-10-16 05:00,14.5,,7.1,360,47,4527
102,백령도,2023-10-16 06:00,14.4,,8.2,340,41,4672
102,백령도,2023-10-16 07:00,14.2,,7.9,340,42,4924
102,백령도,2023-10-16 08:00,14.3,,7.6,340,39,4697
102,백령도,2023-10-16 09:00,14.8,,7.4,360,41,4939
102,백령도,2023-10-16 10:00,15,,9.2,340,37,4716
102,백령도,2023-10-16 11:00,15.3,,9.3,340,40,4768
102,백령도,2023-10-16 12:00,15.5,,8.8,340,35,4605
102,백령도,2023-10-16 13:00,15.4,,11.9,340,35,4528
102,백령도,2023-10-16 14:00,15.5,,10.6,340,35,4740
102,백령도,2023-10-16 15:00,15.5,,9.4,340,37,4736
102,백령도,2023-10-16 16:00,15.5,,9.6,340,33,4989
102,백령도,2023-10-16 17:00,15.4,,8,340,33,4999
102,백령도,2023-10-16 18:00,14.7,,6.1,340,40,4793
102,백령도,2023-10-16 19:00,15,,5.7,340,41,4815
102,백령도,2023-10-16 20:00,14.6,,4,340,42,4919
102,백령도,2023-10-16 21:00,14.9,,4.1,340,39,4791
102,백령도,2023-10-16 22:00,15.1,,3.9,340,46,4889
102,백령도,2023-10-16 23:00,15.4,,4.3,320,42,4966
102,백령도,2023-10-17 00:00,15.1,,3.1,340,43,4994
102,백령도,2023-10-17 01:00,15.5,,3.9,320,41,4752
102,백령도,2023-10-17 02:00,15.5,,5.4,340,44,4673
102,백령도,2023-10-17 03:00,15.2,,4.1,340,48,4460
102,백령도,2023-10-17 04:00,14.7,,3.4,340,50,4211
102,백령도,2023-10-17 05:00,14.6,,4.1,340,50,4023
102,백령도,2023-10-17 06:00,14.6,,3.9,340,50,3884
102,백령도,2023-10-17 07:00,14.7,,3.3,340,53,3787
102,백령도,2023-10-17 08:00,15.4,,4.5,340,51,3840
102,백령도,2023-10-17 09:00,16,,5.8,360,52,3870
102,백령도,2023-10-17 10:00,16.6,,6.2,340,49,4320
102,백령도,2023-10-17 11:00,17.3,,4.7,340,48,4302
102,백령도,2023-10-17 12:00,17.9,,4.1,340,45,4740
102,백령도,2023-10-17 13:00,17.6,,4.9,360,44,4911
102,백령도,2023-10-17 14:00,18.1,,3.3,340,44,4852
102,백령도,2023-10-17 15:00,17.7,,3.9,340,50,4830
102,백령도,2023-10-17 16:00,17.3,,4.3,320,50,4956
102,백령도,2023-10-17 17:00,16.3,,3.6,320,53,4812
102,백령도,2023-10-17 18:00,14.6,,2.9,320,61,4821
102,백령도,2023-10-17 19:00,13.2,,1.7,290,66,4754
102,백령도,2023-10-17 20:00,12.2,,1.7,270,68,4478
102,백령도,2023-10-17 21:00,13.1,,1.7,270,64,5000
102,백령도,2023-10-17 22:00,14.3,,1,250,55,5000
102,백령도,2023-10-17 23:00,14,,.7,250,59,5000
102,백령도,2023-10-18 00:00,13.5,,1.6,160,69,5000
102,백령도,2023-10-18 01:00,13,,1.5,200,73,4999
102,백령도,2023-10-18 02:00,13.8,,1,160,75,5000
102,백령도,2023-10-18 03:00,15,,1.1,160,68,5000
102,백령도,2023-10-18 04:00,14.5,,1.5,140,73,5000
102,백령도,2023-10-18 05:00,13.9,,1.3,180,82,5000
102,백령도,2023-10-18 06:00,14.6,,2.4,160,83,5000
102,백령도,2023-10-18 07:00,16.2,,3.7,160,79,4981
102,백령도,2023-10-18 08:00,16.6,,4.5,160,79,4995
102,백령도,2023-10-18 09:00,17.6,,6.1,160,76,4994
102,백령도,2023-10-18 10:00,18.8,,6.9,180,72,4766
102,백령도,2023-10-18 11:00,18.6,,5.8,160,73,4534
102,백령도,2023-10-18 12:00,17.9,,2,160,79,4659
102,백령도,2023-10-18 13:00,18.5,,4.5,180,79,3249
102,백령도,2023-10-18 14:00,19.5,,4.5,200,80,2236
102,백령도,2023-10-18 15:00,19.6,,4.9,230,84,1800
102,백령도,2023-10-18 16:00,19.2,,4,230,87,1261
102,백령도,2023-10-18 17:00,19.3,,5.5,230,88,1484
102,백령도,2023-10-18 18:00,18.9,,5.3,230,90,1394
102,백령도,2023-10-18 19:00,19.1,,4.9,230,90,1387
102,백령도,2023-10-18 20:00,19.2,,5.1,230,89,1407
102,백령도,2023-10-18 21:00,19.1,,5.4,230,89,1244
102,백령도,2023-10-18 22:00,19.1,.1,5.6,250,89,785
102,백령도,2023-10-18 23:00,17.3,2.1,2.6,270,92,791
102,백령도,2023-10-19 00:00,17.4,0,1.1,250,90,720
102,백령도,2023-10-19 01:00,17.3,0,2,250,92,435
102,백령도,2023-10-19 02:00,17,,3.3,320,90,585
102,백령도,2023-10-19 03:00,16.4,0,4.1,340,92,918
102,백령도,2023-10-19 04:00,16.2,,3.6,320,94,1097
102,백령도,2023-10-19 05:00,15.8,,2.9,320,89,3123
102,백령도,2023-10-19 06:00,15.9,,2.6,340,88,3068
102,백령도,2023-10-19 07:00,15.8,,3.5,340,87,3506
102,백령도,2023-10-19 08:00,15.7,,1.3,270,88,2829
102,백령도,2023-10-19 09:00,16.7,,2.7,320,81,4811
102,백령도,2023-10-19 10:00,17.3,,4.3,340,78,4740
102,백령도,2023-10-19 11:00,18,,4.9,340,74,4375
102,백령도,2023-10-19 12:00,18.3,,4.9,340,72,3977
102,백령도,2023-10-19 13:00,17.7,,4.3,340,71,4196
102,백령도,2023-10-19 14:00,18.1,,5.5,340,69,4609
102,백령도,2023-10-19 15:00,18.5,,4.2,340,69,4551
102,백령도,2023-10-19 16:00,17.3,,3.3,340,74,4859
102,백령도,2023-10-19 17:00,16.5,,4.1,320,80,4699
102,백령도,2023-10-19 18:00,16.3,,4.3,360,79,4462
102,백령도,2023-10-19 19:00,16.1,,5.4,360,59,4925
102,백령도,2023-10-19 20:00,16.3,,5.5,360,40,5000
102,백령도,2023-10-19 21:00,16.7,,8.9,340,41,4997
102,백령도,2023-10-19 22:00,16.5,,8.9,340,44,4446
102,백령도,2023-10-19 23:00,15.8,,9,340,41,4677
102,백령도,2023-10-20 00:00,15.3,,8.4,360,41,4981
102,백령도,2023-10-20 01:00,15.2,,8.3,360,37,4993
102,백령도,2023-10-20 02:00,14.9,,11.7,340,34,4963
102,백령도,2023-10-20 03:00,14.4,,10.8,340,34,4994
102,백령도,2023-10-20 04:00,14,,9,360,40,4992
102,백령도,2023-10-20 05:00,13.5,,9.5,340,43,4920
102,백령도,2023-10-20 06:00,12.9,,8.4,340,42,4991
102,백령도,2023-10-20 07:00,12.6,,9.8,340,44,4961
102,백령도,2023-10-20 08:00,12.4,,11.4,340,46,4908
102,백령도,2023-10-20 09:00,12.5,,8.3,340,45,4676
102,백령도,2023-10-20 10:00,13,,8.1,340,42,4964
102,백령도,2023-10-20 11:00,12.7,,9.7,340,39,4907
102,백령도,2023-10-20 12:00,12.4,,9.5,340,33,4882
102,백령도,2023-10-20 13:00,12.2,,8.5,340,31,4978
102,백령도,2023-10-20 14:00,12.3,,8.6,340,36,4737
102,백령도,2023-10-20 15:00,12.1,,9.4,340,36,4587
102,백령도,2023-10-20 16:00,12,,9.5,320,35,4916
102,백령도,2023-10-20 17:00,12.3,,8,320,40,4978
102,백령도,2023-10-20 18:00,11.9,,8.7,320,38,4998
102,백령도,2023-10-20 19:00,12.1,,7.5,320,37,4967
102,백령도,2023-10-20 20:00,12.3,,9,320,33,4972
102,백령도,2023-10-20 21:00,12.4,,8.8,320,37,4961
102,백령도,2023-10-20 22:00,12.5,,7.3,340,34,4999
102,백령도,2023-10-20 23:00,12.6,,8.2,320,38,4949
102,백령도,2023-10-21 00:00,12.5,,6.3,320,42,5000
102,백령도,2023-10-21 01:00,12.7,,5.8,320,47,4992
102,백령도,2023-10-21 02:00,12.9,,5.3,290,45,4993
102,백령도,2023-10-21 03:00,13,,4.2,270,53,4925
102,백령도,2023-10-21 04:00,13.7,,4.8,270,58,4744
102,백령도,2023-10-21 05:00,14.5,,5.2,290,60,4395
102,백령도,2023-10-21 06:00,15.7,,9.7,320,53,3722
102,백령도,2023-10-21 07:00,15.1,,6.9,340,43,4242
102,백령도,2023-10-21 08:00,15,,10.9,340,40,4699
102,백령도,2023-10-21 09:00,15,,10.1,340,36,4909
102,백령도,2023-10-21 10:00,15.5,,7,340,34,4851
102,백령도,2023-10-21 11:00,14.7,,10.8,340,39,4542
102,백령도,2023-10-21 12:00,14,,11.4,340,38,4622
102,백령도,2023-10-21 13:00,13.8,,10.3,340,35,4816
102,백령도,2023-10-21 14:00,13.5,,9.8,340,39,4987
102,백령도,2023-10-21 15:00,13.3,,9.8,340,39,4803
102,백령도,2023-10-21 16:00,13,,8.9,340,42,4781
102,백령도,2023-10-21 17:00,12.6,,7.3,340,45,4923
102,백령도,2023-10-21 18:00,12.3,,8.6,340,42,4973
102,백령도,2023-10-21 19:00,12.9,,6.8,340,40,4977
102,백령도,2023-10-21 20:00,13.1,,6.4,340,40,4967
102,백령도,2023-10-21 21:00,12.9,,3,340,44,4975
102,백령도,2023-10-21 22:00,12.7,,3.2,320,46,4995
102,백령도,2023-10-21 23:00,11.7,,2.1,320,51,4962
102,백령도,2023-10-22 00:00,9.8,,1.1,250,63,5000
102,백령도,2023-10-22 01:00,11.1,,1.7,270,55,5000
102,백령도,2023-10-22 02:00,10.6,,1.5,230,63,4743
102,백령도,2023-10-22 03:00,10.8,,1.8,200,65,5000
102,백령도,2023-10-22 04:00,10.9,,2.2,180,71,4839
102,백령도,2023-10-22 05:00,10.7,,1.9,180,74,5000
102,백령도,2023-10-22 06:00,11.4,,2.1,180,77,2232
102,백령도,2023-10-22 07:00,11.8,,1.4,160,77,4295
102,백령도,2023-10-22 08:00,13.6,,1.8,90,76,4992
102,백령도,2023-10-22 09:00,15.8,,1.1,140,71,4578
102,백령도,2023-10-22 10:00,16.2,,1.1,160,71,4345
102,백령도,2023-10-22 11:00,18.4,,3.9,180,64,4793
102,백령도,2023-10-22 12:00,19.6,,4.1,320,39,4361
102,백령도,2023-10-22 13:00,19.8,,4,290,37,3123
102,백령도,2023-10-22 14:00,20.2,,3.8,320,29,2528
102,백령도,2023-10-22 15:00,19.5,,4,320,29,2155
102,백령도,2023-10-22 16:00,18.4,,3,250,45,2154
102,백령도,2023-10-22 17:00,17.2,,1.5,200,59,2544
102,백령도,2023-10-22 18:00,16.1,,1.9,230,57,2532
102,백령도,2023-10-22 19:00,15.4,,2.4,230,66,2048
102,백령도,2023-10-22 20:00,14.5,,2.1,230,72,1816
102,백령도,2023-10-22 21:00,15,,2.2,230,71,1611
102,백령도,2023-10-22 22:00,15.1,,2.6,200,74,1422
102,백령도,2023-10-22 23:00,14.9,,2.4,200,76,1448
102,백령도,2023-10-23 00:00,15.2,,2.4,200,81,1213
102,백령도,2023-10-23 01:00,16.2,,2.9,250,76,2033
102,백령도,2023-10-23 02:00,16.1,,2.6,250,77,2179
102,백령도,2023-10-23 03:00,16.1,,3.2,250,75,2153
102,백령도,2023-10-23 04:00,16,,3,250,74,2109
102,백령도,2023-10-23 05:00,16,,3.1,230,75,2087
102,백령도,2023-10-23 06:00,15.6,,1.5,230,76,1964
102,백령도,2023-10-23 07:00,15.6,,1.9,230,77,1739
102,백령도,2023-10-23 08:00,15.8,,2.2,200,79,1149
102,백령도,2023-10-23 09:00,16.9,,2.1,180,74,2151
102,백령도,2023-10-23 10:00,18.5,,4.2,180,64,2867
102,백령도,2023-10-23 11:00,19.1,,4.8,200,54,3197
102,백령도,2023-10-23 12:00,19.6,,4.8,180,49,3395
102,백령도,2023-10-23 13:00,19.7,,4.8,180,50,3592
102,백령도,2023-10-23 14:00,19.5,,5,180,50,3785
102,백령도,2023-10-23 15:00,19,,5.6,180,51,3380
102,백령도,2023-10-23 16:00,18.8,,4.3,180,57,3078
102,백령도,2023-10-23 17:00,17.7,,2.8,180,66,3026
102,백령도,2023-10-23 18:00,16,,1.9,200,76,2167
102,백령도,2023-10-23 19:00,15.5,,2,180,78,1814
102,백령도,2023-10-23 20:00,15.5,,2.5,180,81,1547
102,백령도,2023-10-23 21:00,15.1,,1.6,180,86,1138
102,백령도,2023-10-23 22:00,15.5,,2.5,180,86,881
102,백령도,2023-10-23 23:00,15.3,,1.8,180,88,665
102,백령도,2023-10-24 00:00,16.4,,2.7,230,78,1320
102,백령도,2023-10-24 01:00,16,,2.6,230,76,1397
102,백령도,2023-10-24 02:00,15.4,,1.7,200,79,1135
102,백령도,2023-10-24 03:00,15.8,,1.6,200,76,1658
102,백령도,2023-10-24 04:00,15.8,,2,180,74,1610
102,백령도,2023-10-24 05:00,15.5,,2.2,180,81,1587
102,백령도,2023-10-24 06:00,15.5,,1.8,180,86,1273
102,백령도,2023-10-24 07:00,16.1,,3.3,160,86,1424
102,백령도,2023-10-24 08:00,16.1,,3.1,180,88,1107
102,백령도,2023-10-24 09:00,16.7,,2.9,110,90,962
102,백령도,2023-10-24 10:00,17,,2.5,110,87,1253
102,백령도,2023-10-24 11:00,18,,3.5,140,82,2224
102,백령도,2023-10-24 12:00,18.3,,3.9,140,80,2649
102,백령도,2023-10-24 13:00,19.2,,3.6,160,76,3346
102,백령도,2023-10-24 14:00,18.8,,3.7,180,79,3358
102,백령도,2023-10-24 15:00,19.2,,4.2,160,73,3884
102,백령도,2023-10-24 16:00,18.9,,3.4,180,70,3161
102,백령도,2023-10-24 17:00,17.7,,2.4,180,80,2541
102,백령도,2023-10-24 18:00,16.6,,1.5,200,84,1444
102,백령도,2023-10-24 19:00,16.2,,1.9,180,86,1049
102,백령도,2023-10-24 20:00,15.9,,1.9,180,90,857
102,백령도,2023-10-24 21:00,15.8,,2.1,180,91,785
102,백령도,2023-10-24 22:00,15.9,,1.5,160,91,788
102,백령도,2023-10-24 23:00,15.8,,1.3,160,93,387
102,백령도,2023-10-25 00:00,16,,2.5,180,93,421
102,백령도,2023-10-25 01:00,15.8,,2.3,200,93,346
102,백령도,2023-10-25 02:00,15.7,,2.3,180,94,310
102,백령도,2023-10-25 03:00,15.3,,2,180,94,239
102,백령도,2023-10-25 04:00,16,,1.8,140,94,383
102,백령도,2023-10-25 05:00,15.7,,2.3,140,94,268
102,백령도,2023-10-25 06:00,15.8,,3.4,140,93,325
102,백령도,2023-10-25 07:00,16,,3.6,160,93,403
102,백령도,2023-10-25 08:00,16.3,,3.2,160,93,294
102,백령도,2023-10-25 09:00,16.5,,3,160,93,451
102,백령도,2023-10-25 10:00,18,,3.3,160,84,1566
102,백령도,2023-10-25 11:00,17.5,,3.2,160,87,1019
102,백령도,2023-10-25 12:00,18,,4.7,160,84,1600
102,백령도,2023-10-25 13:00,18.8,,3.5,160,77,1599
102,백령도,2023-10-25 14:00,17.3,,3.6,160,87,1343
102,백령도,2023-10-25 15:00,18.4,,4.1,160,81,1538
102,백령도,2023-10-25 16:00,18,,3.6,160,86,1186
102,백령도,2023-10-25 17:00,17.4,,4.5,160,90,721
102,백령도,2023-10-25 18:00,17.1,,4,160,91,445
102,백령도,2023-10-25 19:00,17.2,,4.8,160,91,368
102,백령도,2023-10-25 20:00,17.4,,6,160,91,380
102,백령도,2023-10-25 21:00,17.2,,4.7,180,92,322
102,백령도,2023-10-25 22:00,16.9,,1.9,200,93,225
102,백령도,2023-10-25 23:00,16.7,,1.6,160,93,171
102,백령도,2023-10-26 00:00,16.7,,1.6,180,94,123
102,백령도,2023-10-26 01:00,16.6,,2.3,180,94,90
102,백령도,2023-10-26 02:00,16.3,,1.3,140,95,90
102,백령도,2023-10-26 03:00,16.1,,1.3,160,95,40
102,백령도,2023-10-26 04:00,15.9,,.6,230,95,40
102,백령도,2023-10-26 05:00,16,,1.7,110,95,50
102,백령도,2023-10-26 06:00,16.2,,1.8,140,95,91
102,백령도,2023-10-26 07:00,16.4,,1.4,110,95,51
102,백령도,2023-10-26 08:00,17.1,,3.4,160,95,124
102,백령도,2023-10-26 09:00,17.3,,6.4,160,95,198
102,백령도,2023-10-26 10:00,17.5,,1,160,95,268
102,백령도,2023-10-26 11:00,18.5,,1.8,140,89,489
102,백령도,2023-10-26 12:00,19.2,,1.3,360,84,428
102,백령도,2023-10-26 13:00,18.4,,3.6,320,85,355
102,백령도,2023-10-26 14:00,17.1,,4.1,320,91,134
102,백령도,2023-10-26 15:00,17.1,,6.8,340,83,534
102,백령도,2023-10-26 16:00,16.7,,7.1,340,78,722
102,백령도,2023-10-26 17:00,16.2,,4.9,340,75,1164
102,백령도,2023-10-26 18:00,15.6,,4.3,340,73,1615
102,백령도,2023-10-26 19:00,15.6,,5.9,320,58,3442
102,백령도,2023-10-26 20:00,15.5,,4.2,340,44,4357
102,백령도,2023-10-26 21:00,15.5,,5.5,340,44,3825
102,백령도,2023-10-26 22:00,15.7,,10.4,340,38,3393
102,백령도,2023-10-26 23:00,15.3,,9.9,340,36,3793
102,백령도,2023-10-27 00:00,15.4,,11.9,340,39,3766
102,백령도,2023-10-27 01:00,15,,9.9,340,39,4236
102,백령도,2023-10-27 02:00,14.8,,12,340,34,4032
102,백령도,2023-10-27 03:00,14.5,,11.7,340,35,3975
102,백령도,2023-10-27 04:00,14.1,,12.3,340,39,3841
102,백령도,2023-10-27 05:00,13.6,,12.5,340,39,3734
102,백령도,2023-10-27 06:00,13.4,,12.9,340,40,3736
102,백령도,2023-10-27 07:00,13.1,,9.3,340,43,3732
102,백령도,2023-10-27 08:00,13.2,,11,360,44,3644
102,백령도,2023-10-27 09:00,13.7,,11.6,340,45,3613
102,백령도,2023-10-27 10:00,14.2,,8.2,360,42,3684
102,백령도,2023-10-27 11:00,14.9,,8.1,360,40,3826
102,백령도,2023-10-27 12:00,15.2,,7.9,340,38,4352
102,백령도,2023-10-27 13:00,15.6,,6.8,360,36,4676
102,백령도,2023-10-27 14:00,15.9,,6.4,360,39,4789
102,백령도,2023-10-27 15:00,15.5,,7.6,340,39,4836
102,백령도,2023-10-27 16:00,15.6,,6.8,340,40,4938
102,백령도,2023-10-27 17:00,15.1,,5,340,42,4921
102,백령도,2023-10-27 18:00,14,,3.5,340,50,4763
102,백령도,2023-10-27 19:00,14.1,,3.7,320,54,4884
102,백령도,2023-10-27 20:00,13.9,,4.5,320,61,5000
102,백령도,2023-10-27 21:00,13.8,,4.1,320,61,4998
102,백령도,2023-10-27 22:00,13.2,,3,290,66,5000
102,백령도,2023-10-27 23:00,12.4,,2.1,290,72,4981
102,백령도,2023-10-28 00:00,12.7,,2.5,290,67,5000
102,백령도,2023-10-28 01:00,13.5,,1.8,290,73,5000
102,백령도,2023-10-28 02:00,13.8,,2.6,250,80,2239
102,백령도,2023-10-28 03:00,14.3,,2.6,270,79,3074
102,백령도,2023-10-28 04:00,14.6,,2.5,270,73,4594
102,백령도,2023-10-28 05:00,14.3,,2.1,270,78,4569
102,백령도,2023-10-28 06:00,14.1,,1.5,290,82,4679
102,백령도,2023-10-28 07:00,14.1,,1.5,50,87,3342
102,백령도,2023-10-28 08:00,14.5,,1.7,270,85,2447
102,백령도,2023-10-28 09:00,16.1,,1.4,320,78,3435
102,백령도,2023-10-28 10:00,16.8,,1,340,73,3237
102,백령도,2023-10-28 11:00,17.1,,2.5,360,72,2139
102,백령도,2023-10-28 12:00,17.7,,2.7,320,57,1866
102,백령도,2023-10-28 13:00,17.1,,2,320,66,2604
102,백령도,2023-10-28 14:00,18.1,,.9,230,62,2614
102,백령도,2023-10-28 15:00,17.7,,1.1,290,65,2376
102,백령도,2023-10-28 16:00,17.7,,2.5,290,64,2902
102,백령도,2023-10-28 17:00,16.6,,2.7,320,73,2545
102,백령도,2023-10-28 18:00,14.7,,2.2,290,86,1826
102,백령도,2023-10-28 19:00,14,,1.9,320,90,1237
102,백령도,2023-10-28 20:00,13.5,,1.6,290,92,696
102,백령도,2023-10-28 21:00,13.4,,.5,290,93,511
102,백령도,2023-10-28 22:00,13.3,,.8,340,92,1249
102,백령도,2023-10-28 23:00,13.5,,.2,0,92,1100
102,백령도,2023-10-29 00:00,13.4,,1.4,90,93,538
102,백령도,2023-10-29 01:00,13.4,,1.3,110,94,254
102,백령도,2023-10-29 02:00,13.3,,2.1,110,95,216
102,백령도,2023-10-29 03:00,13.6,,1.3,160,95,317
102,백령도,2023-10-29 04:00,13.3,,1.6,180,95,176
102,백령도,2023-10-29 05:00,13.4,,1.8,160,95,321
102,백령도,2023-10-29 06:00,14.3,,1.9,160,95,308
102,백령도,2023-10-29 07:00,14,,3.2,140,94,383
102,백령도,2023-10-29 08:00,13,,4,140,95,20
102,백령도,2023-10-29 09:00,13.8,,4.2,140,95,904
102,백령도,2023-10-29 10:00,15.7,,3.5,140,81,1738
102,백령도,2023-10-29 11:00,16,,4.8,140,76,1894
102,백령도,2023-10-29 12:00,16.9,,4.2,110,73,1575
102,백령도,2023-10-29 13:00,18.2,,3.5,160,66,1428
102,백령도,2023-10-29 14:00,17.7,,4.9,180,67,2810
102,백령도,2023-10-29 15:00,17.4,,4.7,180,68,2570
102,백령도,2023-10-29 16:00,17.3,,3.2,160,71,1977
102,백령도,2023-10-29 17:00,16.2,,3.5,160,76,1543
102,백령도,2023-10-29 18:00,15.4,,4,160,79,2716
102,백령도,2023-10-29 19:00,15.2,,3.3,160,82,2364
102,백령도,2023-10-29 20:00,14.9,,3.1,160,84,1548
102,백령도,2023-10-29 21:00,15.1,,3.1,160,86,1679
102,백령도,2023-10-29 22:00,15.2,,3.5,160,88,1444
102,백령도,2023-10-29 23:00,15,,3.3,160,90,1029
102,백령도,2023-10-30 00:00,14.6,,3.1,140,92,526
102,백령도,2023-10-30 01:00,15.1,,3.4,140,92,610
102,백령도,2023-10-30 02:00,14.9,,2.8,140,93,471
102,백령도,2023-10-30 03:00,15.1,,3.7,160,93,482
102,백령도,2023-10-30 04:00,15.1,,3.5,160,92,419
102,백령도,2023-10-30 05:00,15.1,,3.8,140,93,374
102,백령도,2023-10-30 06:00,15,,3.5,160,93,429
102,백령도,2023-10-30 07:00,14.9,,4.1,160,92,768
102,백령도,2023-10-30 08:00,14.9,,4.2,140,93,413
102,백령도,2023-10-30 09:00,15.3,,4.3,140,91,608
102,백령도,2023-10-30 10:00,15.7,,4.4,140,88,986
102,백령도,2023-10-30 11:00,17.2,,4.3,140,81,1416
102,백령도,2023-10-30 12:00,17,,4.6,140,80,1927
102,백령도,2023-10-30 13:00,17.2,,3.9,140,79,2345
102,백령도,2023-10-30 14:00,18.3,,3.8,140,73,3072
102,백령도,2023-10-30 15:00,17.1,,3.6,140,80,2889
102,백령도,2023-10-30 16:00,16.8,,3.5,160,83,2502
102,백령도,2023-10-30 17:00,16.3,,3.9,160,88,2034
102,백령도,2023-10-30 18:00,15.8,,3.4,160,91,1199
102,백령도,2023-10-30 19:00,15.7,,4.7,160,93,698
102,백령도,2023-10-30 20:00,15.7,,4.2,160,94,571
102,백령도,2023-10-30 21:00,15.9,,3.5,160,94,495
102,백령도,2023-10-30 22:00,15.9,,3,160,94,416
102,백령도,2023-10-30 23:00,15.9,,3.5,160,94,281
102,백령도,2023-10-31 00:00,15.9,,2,160,94,276
102,백령도,2023-10-31 01:00,15.7,,3.2,160,95,221
102,백령도,2023-10-31 02:00,15.6,,2.6,160,95,167
102,백령도,2023-10-31 03:00,15.7,,3.5,160,95,224
102,백령도,2023-10-31 04:00,15.8,,5,160,95,160
102,백령도,2023-10-31 05:00,15.7,,4.6,160,95,145
102,백령도,2023-10-31 06:00,15.7,,4.2,160,95,65
102,백령도,2023-10-31 07:00,15.7,,4.8,160,95,165
102,백령도,2023-10-31 08:00,16.2,,4.9,160,94,339
102,백령도,2023-10-31 09:00,16.8,,3.9,180,89,614
102,백령도,2023-10-31 10:00,17.6,,5.7,160,85,887
102,백령도,2023-10-31 11:00,17.5,,5.1,160,84,973
102,백령도,2023-10-31 12:00,17.6,,5.7,160,84,1018
102,백령도,2023-10-31 13:00,17.9,,5.7,160,83,1238
102,백령도,2023-10-31 14:00,17.7,,5.4,160,84,1560
102,백령도,2023-10-31 15:00,17.9,,4.8,160,84,1712
102,백령도,2023-10-31 16:00,18.5,,5.4,180,85,1618
102,백령도,2023-10-31 17:00,18.5,,5.7,200,86,1627
102,백령도,2023-10-31 18:00,18.2,,5.9,180,88,1239
102,백령도,2023-10-31 19:00,18.4,,6.6,200,88,1366
102,백령도,2023-10-31 20:00,18.6,,7,200,88,1517
102,백령도,2023-10-31 21:00,18.1,,4.9,230,91,1016
102,백령도,2023-10-31 22:00,18,,5.6,230,91,1019
102,백령도,2023-10-31 23:00,18.3,,5.9,230,89,1207
102,백령도,2023-11-01 00:00,18.3,,6.3,230,90,1276
102,백령도,2023-11-01 01:00,18.2,,6.3,230,90,1189
102,백령도,2023-11-01 02:00,18.2,,5.3,230,90,1281
102,백령도,2023-11-01 03:00,18.2,,5,230,89,1351
102,백령도,2023-11-01 04:00,18.4,,5,230,90,1224
102,백령도,2023-11-01 05:00,18.4,,4.4,230,91,924
102,백령도,2023-11-01 06:00,18.1,,2.5,200,92,643
102,백령도,2023-11-01 07:00,17.8,,3.1,200,93,529
102,백령도,2023-11-01 08:00,18.2,,3.3,200,93,664
102,백령도,2023-11-01 09:00,18.6,,2.9,200,91,849
102,백령도,2023-11-01 10:00,19.9,,4.3,200,83,1166
102,백령도,2023-11-01 11:00,20.9,,5.2,250,77,1108
102,백령도,2023-11-01 12:00,21.4,,5.1,230,74,1012
102,백령도,2023-11-01 13:00,22.1,,5.2,250,71,923
102,백령도,2023-11-01 14:00,22.5,,4.5,250,66,895
102,백령도,2023-11-01 15:00,22,,3.7,270,68,814
102,백령도,2023-11-01 16:00,21.3,,1.1,270,72,765
102,백령도,2023-11-01 17:00,19.3,,1.9,200,85,464
102,백령도,2023-11-01 18:00,18.1,,1.2,180,91,220
102,백령도,2023-11-01 19:00,18,,1.6,230,94,137
102,백령도,2023-11-01 20:00,18,,.4,0,95,67
102,백령도,2023-11-01 21:00,18,,.9,180,95,67
102,백령도,2023-11-01 22:00,17,,1.3,110,94,116
102,백령도,2023-11-01 23:00,16.6,,2.4,110,95,46
102,백령도,2023-11-02 00:00,16.8,,1,110,95,68
102,백령도,2023-11-02 01:00,17,,1.7,140,95,119
102,백령도,2023-11-02 02:00,17,,3.5,160,95,106
102,백령도,2023-11-02 03:00,16.8,,3.5,140,95,66
102,백령도,2023-11-02 04:00,16.9,,4.4,160,95,59
102,백령도,2023-11-02 05:00,16.8,,4.9,160,95,55
102,백령도,2023-11-02 06:00,16.5,,3.2,140,96,51
102,백령도,2023-11-02 07:00,17.2,,4,160,96,143
102,백령도,2023-11-02 08:00,17.2,,4.3,160,96,204
102,백령도,2023-11-02 09:00,18.9,,5.1,200,88,821
102,백령도,2023-11-02 10:00,20.9,,5.4,230,72,1307
102,백령도,2023-11-02 11:00,21.3,,6.8,230,69,1464
102,백령도,2023-11-02 12:00,21.5,,6.3,230,71,1580
102,백령도,2023-11-02 13:00,20.9,,5.8,200,72,1761
102,백령도,2023-11-02 14:00,21.2,,5.3,230,70,2029
102,백령도,2023-11-02 15:00,20.4,,7.1,230,74,2274
102,백령도,2023-11-02 16:00,20.1,,6.1,230,74,2526
102,백령도,2023-11-02 17:00,19.8,,5.6,230,72,2892
102,백령도,2023-11-02 18:00,19.1,,6.8,200,77,2694
102,백령도,2023-11-02 19:00,18.5,,5.2,200,84,1931
102,백령도,2023-11-02 20:00,18.2,,5.9,200,86,1773
102,백령도,2023-11-02 21:00,18.4,,6.6,230,90,1371
102,백령도,2023-11-02 22:00,18.3,,5.6,200,91,1251
102,백령도,2023-11-02 23:00,18.6,,5.7,230,89,1498
102,백령도,2023-11-03 00:00,18.8,,6.6,230,86,1958
102,백령도,2023-11-03 01:00,18.8,,6.8,230,85,2151
102,백령도,2023-11-03 02:00,18.9,,6.5,230,85,1999
102,백령도,2023-11-03 03:00,18.7,,5.9,230,87,1610
102,백령도,2023-11-03 04:00,18.6,,5.4,230,90,1383
102,백령도,2023-11-03 05:00,19,,5.7,270,88,1385
102,백령도,2023-11-03 06:00,18.2,.1,4,290,88,974
102,백령도,2023-11-03 07:00,16.6,,4.1,340,74,2423
102,백령도,2023-11-03 08:00,16,,7.5,340,69,2579
102,백령도,2023-11-03 09:00,16,,6.7,340,70,2896
102,백령도,2023-11-03 10:00,16,,6.7,360,70,2895
102,백령도,2023-11-03 11:00,17,,6.2,360,69,2879
102,백령도,2023-11-03 12:00,16.6,,7.9,340,68,2838
102,백령도,2023-11-03 13:00,16.2,,6.6,360,69,3004
102,백령도,2023-11-03 14:00,15.5,,7.6,340,69,3270
102,백령도,2023-11-03 15:00,15.4,,5.7,360,66,3187
102,백령도,2023-11-03 16:00,14.9,,6.2,340,66,3633
102,백령도,2023-11-03 17:00,14.7,,5.3,360,62,4382
102,백령도,2023-11-03 18:00,14.4,,3.1,360,62,4626
102,백령도,2023-11-03 19:00,14.2,,1.3,50,64,4362
102,백령도,2023-11-03 20:00,13.9,,1.4,360,69,4034
102,백령도,2023-11-03 21:00,13.3,,1.8,320,71,4191
102,백령도,2023-11-03 22:00,13.9,,2.7,340,66,4930
102,백령도,2023-11-03 23:00,13.7,,2.4,360,68,4963
102,백령도,2023-11-04 00:00,13.1,,2.6,340,73,4950
102,백령도,2023-11-04 01:00,14.7,,6,340,59,5000
102,백령도,2023-11-04 02:00,14.7,,7.1,340,60,4922
102,백령도,2023-11-04 03:00,14.4,,5.2,340,57,4999
102,백령도,2023-11-04 04:00,14.5,,5.3,340,55,5000
102,백령도,2023-11-04 05:00,14,,3.3,360,60,5000
102,백령도,2023-11-04 06:00,13.9,,3.3,360,62,4995
102,백령도,2023-11-04 07:00,13.8,,1.6,20,63,4999
102,백령도,2023-11-04 08:00,13.7,,3.3,70,62,4966
102,백령도,2023-11-04 09:00,14.8,,1.5,50,58,5000
102,백령도,2023-11-04 10:00,15.5,,2.1,50,48,4916
102,백령도,2023-11-04 11:00,16.7,,2.2,70,39,4999
102,백령도,2023-11-04 12:00,17.4,,2.1,70,39,4766
102,백령도,2023-11-04 13:00,17.9,,1.7,90,40,4199
102,백령도,2023-11-04 14:00,18.9,,.9,90,39,3538
102,백령도,2023-11-04 15:00,18,,2.2,320,47,4475
102,백령도,2023-11-04 16:00,16.8,,3.2,320,53,4387
102,백령도,2023-11-04 17:00,15.8,,2.2,340,58,4269
102,백령도,2023-11-04 18:00,14.2,,2.4,320,69,3315
102,백령도,2023-11-04 19:00,13.7,,2.2,320,75,3240
102,백령도,2023-11-04 20:00,12.4,,2.2,360,83,2826
102,백령도,2023-11-04 21:00,12.9,,1.7,320,81,2671
102,백령도,2023-11-04 22:00,13.7,,1.1,290,78,2919
102,백령도,2023-11-04 23:00,14.7,,1.6,90,73,2624
102,백령도,2023-11-05 00:00,14.8,,2.9,90,83,2024
102,백령도,2023-11-05 01:00,15,,3.1,110,75,2077
102,백령도,2023-11-05 02:00,14.9,,3.7,110,78,1936
102,백령도,2023-11-05 03:00,15.1,0,3.4,90,79,2269
102,백령도,2023-11-05 04:00,14.9,,4.1,110,81,2271
102,백령도,2023-11-05 05:00,15.2,,3.5,110,81,2470
102,백령도,2023-11-05 06:00,15.2,,4.1,90,81,2731
102,백령도,2023-11-05 07:00,15.3,,3.3,90,83,2904
102,백령도,2023-11-05 08:00,16.2,,4.9,110,76,3131
102,백령도,2023-11-05 09:00,15.2,2.4,5.8,110,86,613
102,백령도,2023-11-05 10:00,16,,7.4,110,85,3048
102,백령도,2023-11-05 11:00,16.4,,7,110,84,2904
102,백령도,2023-11-05 12:00,16,.3,7.5,110,91,831
102,백령도,2023-11-05 13:00,16.4,,6.1,140,94,422
102,백령도,2023-11-05 14:00,16.6,,5.7,140,94,512
102,백령도,2023-11-05 15:00,16.4,10.9,7.2,110,94,356
102,백령도,2023-11-05 16:00,16.6,,7.6,140,94,516
102,백령도,2023-11-05 17:00,17,,10.2,160,95,284
102,백령도,2023-11-05 18:00,17.4,17.2,6.9,160,94,278
102,백령도,2023-11-05 19:00,17.8,,10.4,180,94,344
102,백령도,2023-11-05 20:00,17.4,,9.2,180,94,281
102,백령도,2023-11-05 21:00,17.7,6.6,7.8,160,94,437
102,백령도,2023-11-05 22:00,18.1,,7.4,160,95,344
102,백령도,2023-11-05 23:00,18.9,,5.2,200,95,569
102,백령도,2023-11-06 00:00,19.6,17.7,7.4,200,93,900
102,백령도,2023-11-06 01:00,19.7,,10,200,92,814
102,백령도,2023-11-06 02:00,18.4,,8.5,250,93,2155
102,백령도,2023-11-06 03:00,18.2,3.5,7.8,250,90,1768
102,백령도,2023-11-06 04:00,16.2,,6.6,270,88,1303
102,백령도,2023-11-06 05:00,14.7,,7.1,290,90,1799
102,백령도,2023-11-06 06:00,13.8,0,8.5,270,86,2127
102,백령도,2023-11-06 07:00,12.8,,10,290,85,1240
102,백령도,2023-11-06 08:00,12.8,,9.9,290,76,2752
102,백령도,2023-11-06 09:00,12.4,,9,290,77,3010
102,백령도,2023-11-06 10:00,12.6,,9.2,290,72,3076
102,백령도,2023-11-06 11:00,11.8,,8,290,76,2191
102,백령도,2023-11-06 12:00,11,1.3,9.4,270,77,2094
102,백령도,2023-11-06 13:00,10.5,,10.4,290,79,3485
102,백령도,2023-11-06 14:00,11,,9.6,290,67,1941
102,백령도,2023-11-06 15:00,10.1,1.1,11,290,60,2275
102,백령도,2023-11-06 16:00,9.7,,11.6,290,68,2061
102,백령도,2023-11-06 17:00,9.3,,10.9,290,68,2675
102,백령도,2023-11-06 18:00,9.1,0,11.9,290,63,2619
102,백령도,2023-11-06 19:00,7.7,,10.1,290,73,3788
102,백령도,2023-11-06 20:00,8,,11,320,63,3416
102,백령도,2023-11-06 21:00,8.2,0,11.1,320,62,2939
102,백령도,2023-11-06 22:00,7.6,,13.8,320,61,3550
102,백령도,2023-11-06 23:00,7.3,,13.3,320,64,3434
102,백령도,2023-11-07 00:00,6.5,0,13.4,320,64,2911
102,백령도,2023-11-07 01:00,5.9,,11.3,320,63,3097
102,백령도,2023-11-07 02:00,6.3,,12.3,320,60,3154
102,백령도,2023-11-07 03:00,6.2,,9.6,320,62,3496
102,백령도,2023-11-07 04:00,5.9,,11.2,320,55,3756
102,백령도,2023-11-07 05:00,5.7,,7.6,340,58,3836
102,백령도,2023-11-07 06:00,5.5,,8.3,320,55,4237
102,백령도,2023-11-07 07:00,5.1,,7.6,340,58,4660
102,백령도,2023-11-07 08:00,4.9,,8.1,360,58,4116
102,백령도,2023-11-07 09:00,4.8,,8.9,360,53,3964
102,백령도,2023-11-07 10:00,4.9,,8.4,340,55,4226
102,백령도,2023-11-07 11:00,5.8,,7.5,340,53,4521
102,백령도,2023-11-07 12:00,6.4,,6.6,340,54,4673
102,백령도,2023-11-07 13:00,6.6,,7.2,340,57,4576
102,백령도,2023-11-07 14:00,7.1,,5.1,340,53,4901
102,백령도,2023-11-07 15:00,7.3,,4.3,360,55,4926
102,백령도,2023-11-07 16:00,7.3,,3.4,360,53,4826
102,백령도,2023-11-07 17:00,6.7,,1.7,20,57,4791
102,백령도,2023-11-07 18:00,5.7,,1.2,50,60,4566
102,백령도,2023-11-07 19:00,4.7,,1.2,180,68,4100
102,백령도,2023-11-07 20:00,5.3,,.8,180,63,3911
102,백령도,2023-11-07 21:00,5.9,,.8,160,62,3317
102,백령도,2023-11-07 22:00,5.7,,.9,160,60,4138
102,백령도,2023-11-07 23:00,6.2,,1,160,59,3595
102,백령도,2023-11-08 00:00,6.9,,1,160,61,3843
102,백령도,2023-11-08 01:00,6.9,,.4,0,64,3736
102,백령도,2023-11-08 02:00,7.2,,1,110,70,3432
102,백령도,2023-11-08 03:00,7.2,,2.3,70,72,3187
102,백령도,2023-11-08 04:00,6.7,,1.4,110,74,3378
102,백령도,2023-11-08 05:00,7.3,,3.5,90,75,3066
102,백령도,2023-11-08 06:00,7.7,,4.1,90,71,3174
102,백령도,2023-11-08 07:00,7.8,,4,110,71,2908
102,백령도,2023-11-08 08:00,7.9,,5.3,110,67,3152
102,백령도,2023-11-08 09:00,8.9,,5.1,140,69,2905
102,백령도,2023-11-08 10:00,9.5,,5.2,140,64,2943
102,백령도,2023-11-08 11:00,9,,5.5,110,66,3066
102,백령도,2023-11-08 12:00,10.5,,5.8,110,62,3453
102,백령도,2023-11-08 13:00,11.6,,5.1,140,58,3750
102,백령도,2023-11-08 14:00,12.1,,5.8,140,63,3690
102,백령도,2023-11-08 15:00,12.8,,6.2,140,60,3588
102,백령도,2023-11-08 16:00,12,,5.9,160,65,3403
102,백령도,2023-11-08 17:00,12.4,,6,140,67,3509
102,백령도,2023-11-08 18:00,12.5,,4.6,160,68,3545
102,백령도,2023-11-08 19:00,12.9,,3.9,160,67,4232
102,백령도,2023-11-08 20:00,13.1,,5.1,160,68,4188
102,백령도,2023-11-08 21:00,13.5,0,3.8,160,70,4258
102,백령도,2023-11-08 22:00,13.7,,4.6,180,70,3789
102,백령도,2023-11-08 23:00,13.7,,3.5,180,71,3764
102,백령도,2023-11-09 00:00,13.8,,3.1,160,72,3948
102,백령도,2023-11-09 01:00,14,,3.7,160,72,3974
102,백령도,2023-11-09 02:00,14.1,,5.3,180,72,4085
102,백령도,2023-11-09 03:00,14.1,,6.6,180,71,4473
102,백령도,2023-11-09 04:00,14.2,,6.8,180,75,4265
102,백령도,2023-11-09 05:00,14.4,,6.8,180,77,4140
102,백령도,2023-11-09 06:00,14.3,,7.4,180,77,3841
102,백령도,2023-11-09 07:00,14.4,,6.6,180,77,3546
102,백령도,2023-11-09 08:00,14.6,,6.1,180,77,3819
102,백령도,2023-11-09 09:00,15,,6.7,180,78,3855
102,백령도,2023-11-09 10:00,15.5,,4.6,180,77,3648
102,백령도,2023-11-09 11:00,15.9,,6.3,200,83,1440
102,백령도,2023-11-09 12:00,13.6,5.5,6.2,340,89,1269
102,백령도,2023-11-09 13:00,13.5,,8.2,340,82,1505
102,백령도,2023-11-09 14:00,12.7,,10.5,340,72,1983
102,백령도,2023-11-09 15:00,11.9,,11.2,340,72,2343
102,백령도,2023-11-09 16:00,11.4,,11.3,340,65,1905
102,백령도,2023-11-09 17:00,10.5,,11.7,340,66,2021
102,백령도,2023-11-09 18:00,9.8,,11.3,340,61,2615
102,백령도,2023-11-09 19:00,9.2,,12.3,340,56,2663
102,백령도,2023-11-09 20:00,8.2,,12.1,340,56,3501
102,백령도,2023-11-09 21:00,7.1,,12.6,340,52,4407
102,백령도,2023-11-09 22:00,6.4,,12.2,340,55,4519
102,백령도,2023-11-09 23:00,5.6,,13.7,340,54,4094
102,백령도,2023-11-10 00:00,5.3,,14.9,340,54,3574
102,백령도,2023-11-10 01:00,4.8,,15.3,340,54,3933
102,백령도,2023-11-10 02:00,4.5,,13.7,360,54,3869
102,백령도,2023-11-10 03:00,4,,13.6,360,50,3942
102,백령도,2023-11-10 04:00,3.8,,12.6,360,52,4270
102,백령도,2023-11-10 05:00,3.8,,13.6,340,55,4042
102,백령도,2023-11-10 06:00,3.6,,13.4,340,54,3983
102,백령도,2023-11-10 07:00,3.4,,11.1,360,53,4027
102,백령도,2023-11-10 08:00,3.4,,10.6,360,55,4171
102,백령도,2023-11-10 09:00,3.6,,11.8,360,53,4521
102,백령도,2023-11-10 10:00,3.9,,10.9,360,49,4326
102,백령도,2023-11-10 11:00,4.1,,11.3,360,48,4430
102,백령도,2023-11-10 12:00,4.1,,9.9,360,56,4672
102,백령도,2023-11-10 13:00,3.4,,9,360,56,4604
102,백령도,2023-11-10 14:00,3.1,,10,360,60,4376
102,백령도,2023-11-10 15:00,3.4,,9.6,340,49,4639
102,백령도,2023-11-10 16:00,3.5,,9.2,360,54,4325
102,백령도,2023-11-10 17:00,3.5,,9.1,360,55,4539
102,백령도,2023-11-10 18:00,3.5,,8.8,340,53,4511
102,백령도,2023-11-10 19:00,3.5,,9.3,360,48,4405
102,백령도,2023-11-10 20:00,3.8,,8.6,360,52,4381
102,백령도,2023-11-10 21:00,3.7,,8.5,360,51,4359
102,백령도,2023-11-10 22:00,3.7,,6.5,360,50,4577
102,백령도,2023-11-10 23:00,3.7,,7.3,360,52,4394
102,백령도,2023-11-11 00:00,3.5,,7.8,360,51,4386
102,백령도,2023-11-11 01:00,3.3,,7,360,53,4673
102,백령도,2023-11-11 02:00,3.2,,8,360,56,4307
102,백령도,2023-11-11 03:00,3,,9.2,360,57,4247
102,백령도,2023-11-11 04:00,2.9,,9.2,360,60,4044
102,백령도,2023-11-11 05:00,2.8,,9.5,360,62,4170
102,백령도,2023-11-11 06:00,3,,9.1,360,60,4360
102,백령도,2023-11-11 07:00,3.3,,10.1,360,59,4652
102,백령도,2023-11-11 08:00,3.2,,10,360,58,4270
102,백령도,2023-11-11 09:00,3.2,,8.7,360,54,4514
102,백령도,2023-11-11 10:00,3.3,,9.3,340,52,4348
102,백령도,2023-11-11 11:00,3.8,,8,340,51,4403
102,백령도,2023-11-11 12:00,3.9,,8.5,340,50,4433
102,백령도,2023-11-11 13:00,3.6,,9.5,340,48,4656
102,백령도,2023-11-11 14:00,3.8,,8.3,340,46,4636
102,백령도,2023-11-11 15:00,3.9,,8.1,340,53,4753
102,백령도,2023-11-11 16:00,3.7,,7.5,340,51,4723
102,백령도,2023-11-11 17:00,3.4,,5.8,340,56,4546
102,백령도,2023-11-11 18:00,3.5,,6.2,340,59,4664
102,백령도,2023-11-11 19:00,3.6,,6.3,340,55,4914
102,백령도,2023-11-11 20:00,3.7,,6.8,320,52,4510
102,백령도,2023-11-11 21:00,4,,7.1,340,48,4496
102,백령도,2023-11-11 22:00,4.2,,6.6,320,50,4469
102,백령도,2023-11-11 23:00,4.1,,7.2,320,44,4305
102,백령도,2023-11-12 00:00,4.1,,6.3,320,44,3917
102,백령도,2023-11-12 01:00,3.9,,8.8,340,54,3394
102,백령도,2023-11-12 02:00,3.1,,8,340,53,3958
102,백령도,2023-11-12 03:00,2.8,,6.9,340,56,4140
102,백령도,2023-11-12 04:00,2.6,,7.9,320,52,4774
102,백령도,2023-11-12 05:00,2.6,,6.9,340,58,4603
102,백령도,2023-11-12 06:00,2.4,,7.5,340,56,4828
102,백령도,2023-11-12 07:00,2.3,,6.1,320,53,4606
102,백령도,2023-11-12 08:00,2.6,,6.6,340,54,4577
102,백령도,2023-11-12 09:00,3.2,,6.8,340,55,3837
102,백령도,2023-11-12 10:00,3.5,,6.1,340,49,4013
102,백령도,2023-11-12 11:00,3.9,,6.8,340,48,4360
102,백령도,2023-11-12 12:00,4.7,,5.9,340,50,3961
102,백령도,2023-11-12 13:00,3.8,,8.4,360,52,4137
102,백령도,2023-11-12 14:00,4.5,,8.1,340,45,4457
102,백령도,2023-11-12 15:00,3.9,,7.7,340,48,4702
102,백령도,2023-11-12 16:00,4,,7.1,320,49,4708
102,백령도,2023-11-12 17:00,3.6,,7.2,340,47,4723
102,백령도,2023-11-12 18:00,3.6,,7.3,320,44,4899
102,백령도,2023-11-12 19:00,4,,6.3,340,45,4769
102,백령도,2023-11-12 20:00,4.4,,7,340,48,4070
102,백령도,2023-11-12 21:00,4.8,,10.2,340,48,3725
102,백령도,2023-11-12 22:00,5,,9.4,360,48,3232
102,백령도,2023-11-12 23:00,4.6,,9.4,340,48,3077
102,백령도,2023-11-13 00:00,4.4,,9.8,340,54,2828
102,백령도,2023-11-13 01:00,4.1,,8.4,340,53,2587
102,백령도,2023-11-13 02:00,3.6,,8.4,360,53,2968
102,백령도,2023-11-13 03:00,3.6,,10.3,360,52,3029
102,백령도,2023-11-13 04:00,3.6,,8.9,340,55,3187
102,백령도,2023-11-13 05:00,3.4,,7.9,340,53,3466
102,백령도,2023-11-13 06:00,3.3,,6.7,340,52,3873
102,백령도,2023-11-13 07:00,3.3,,9.5,340,56,3919
102,백령도,2023-11-13 08:00,3.4,,8.8,340,55,4159
102,백령도,2023-11-13 09:00,3.6,,8.6,340,57,4189
102,백령도,2023-11-13 10:00,4,,8.6,340,61,4310
102,백령도,2023-11-13 11:00,4.2,,8.6,340,58,4532
102,백령도,2023-11-13 12:00,4.3,,9,340,58,4428
102,백령도,2023-11-13 13:00,4.4,,8.3,340,55,4715
102,백령도,2023-11-13 14:00,5.3,,6.8,340,59,4752
102,백령도,2023-11-13 15:00,5.4,,6.1,340,57,4159
102,백령도,2023-11-13 16:00,4.9,,6.1,340,59,4618
102,백령도,2023-11-13 17:00,4.5,,5.7,340,62,4635
102,백령도,2023-11-13 18:00,4.4,,5.6,340,59,4803
102,백령도,2023-11-13 19:00,4.7,,4.2,340,62,4920
102,백령도,2023-11-13 20:00,5,,5.1,320,59,4959
102,백령도,2023-11-13 21:00,5.3,,6.5,320,59,4888
102,백령도,2023-11-13 22:00,5.7,,5.5,320,60,3828
102,백령도,2023-11-13 23:00,6.3,,4.3,320,62,2894
102,백령도,2023-11-14 00:00,7,,3.7,320,59,3267
102,백령도,2023-11-14 01:00,7.4,,4.2,320,55,3470
102,백령도,2023-11-14 02:00,7.7,,3.7,320,58,3841
102,백령도,2023-11-14 03:00,7.7,,3.4,290,55,4760
102,백령도,2023-11-14 04:00,7.9,,5,290,53,4697
102,백령도,2023-11-14 05:00,7.9,,4.7,320,54,4830
102,백령도,2023-11-14 06:00,7.3,,2.9,320,56,4783
102,백령도,2023-11-14 07:00,7.3,,2.1,320,60,4917
102,백령도,2023-11-14 08:00,7.7,,1.6,290,60,4689
102,백령도,2023-11-14 09:00,7.8,,2.1,90,68,3795
102,백령도,2023-11-14 10:00,8.9,,1.7,90,61,3959
102,백령도,2023-11-14 11:00,9.1,,2.4,90,62,3216
102,백령도,2023-11-14 12:00,9.8,,1.4,360,53,3851
102,백령도,2023-11-14 13:00,11,,3.1,320,51,3498
102,백령도,2023-11-14 14:00,10.3,,3.6,320,50,3779
102,백령도,2023-11-14 15:00,10,,3.3,320,53,3544
102,백령도,2023-11-14 16:00,9.8,,3.2,320,52,3112
102,백령도,2023-11-14 17:00,9.2,,2.4,320,56,2720
102,백령도,2023-11-14 18:00,8.8,,1.6,320,60,2640
102,백령도,2023-11-14 19:00,8.3,,1.3,290,61,2329
102,백령도,2023-11-14 20:00,7.5,,1.6,270,64,1953
102,백령도,2023-11-14 21:00,7.3,,1.6,290,66,2344
102,백령도,2023-11-14 22:00,7.5,,1.2,270,66,2193
102,백령도,2023-11-14 23:00,8,,1.2,250,67,1705
102,백령도,2023-11-15 00:00,7.6,,.9,250,68,1930
102,백령도,2023-11-15 01:00,7.8,,.9,230,69,1927
102,백령도,2023-11-15 02:00,8.9,,1,250,65,2126
102,백령도,2023-11-15 03:00,8.6,,.9,230,69,2084
102,백령도,2023-11-15 04:00,8.8,,.5,200,69,1912
102,백령도,2023-11-15 05:00,8.5,,.4,0,73,1506
102,백령도,2023-11-15 06:00,9.3,.1,0,0,70,1512
102,백령도,2023-11-15 07:00,8.9,,1.7,90,84,1279
102,백령도,2023-11-15 08:00,8.9,,1.6,110,82,1426
102,백령도,2023-11-15 09:00,9.6,.1,1.5,90,79,1459
102,백령도,2023-11-15 10:00,10.5,,2.1,110,73,1693
102,백령도,2023-11-15 11:00,11.7,,3,110,66,1667
102,백령도,2023-11-15 12:00,10.8,,2.7,160,68,1598
102,백령도,2023-11-15 13:00,11.3,,3,290,61,1778
102,백령도,2023-11-15 14:00,12.5,,3.7,250,44,2720
102,백령도,2023-11-15 15:00,12.3,,2.2,230,38,3430
102,백령도,2023-11-15 16:00,11.7,,2.5,180,39,3600
102,백령도,2023-11-15 17:00,10.8,,2.5,180,46,3010
102,백령도,2023-11-15 18:00,9.7,,2.1,160,53,2922
102,백령도,2023-11-15 19:00,10.1,,3.1,160,50,4032
102,백령도,2023-11-15 20:00,9.5,,2.1,200,52,3292
102,백령도,2023-11-15 21:00,9.6,,1.4,230,52,2985
102,백령도,2023-11-15 22:00,9.9,,1.7,230,53,3042
102,백령도,2023-11-15 23:00,10,,1.7,250,53,2434
102,백령도,2023-11-16 00:00,10.1,,2.4,250,51,2623
102,백령도,2023-11-16 01:00,10.3,,2.2,250,47,2711
102,백령도,2023-11-16 02:00,10.1,,2.2,250,47,2424
102,백령도,2023-11-16 03:00,10.3,,2.7,250,55,2046
102,백령도,2023-11-16 04:00,10.8,,3,250,54,2028
102,백령도,2023-11-16 05:00,10.7,,1.9,250,45,1424
102,백령도,2023-11-16 06:00,10.7,,2.3,250,46,1146
102,백령도,2023-11-16 07:00,10.4,,1.2,250,48,1065
102,백령도,2023-11-16 08:00,9.6,,1.7,320,53,939
102,백령도,2023-11-16 09:00,7.9,.6,4.9,250,83,549
102,백령도,2023-11-16 10:00,7.5,,2.9,230,89,417
102,백령도,2023-11-16 11:00,7.2,,1.8,200,90,385
102,백령도,2023-11-16 12:00,7.9,2.8,2,230,83,690
102,백령도,2023-11-16 13:00,7.4,,3.2,230,89,628
102,백령도,2023-11-16 14:00,9.5,,3.9,290,82,2555
102,백령도,2023-11-16 15:00,10.1,1.2,7.4,320,57,3436
102,백령도,2023-11-16 16:00,10.2,,6.6,320,55,2508
102,백령도,2023-11-16 17:00,9.7,,5.5,320,56,2474
102,백령도,2023-11-16 18:00,6.3,3,2.7,340,83,1572
102,백령도,2023-11-16 19:00,6.8,,4.5,340,79,2358
102,백령도,2023-11-16 20:00,7.7,,10.5,340,84,755
102,백령도,2023-11-16 21:00,7.5,2.9,13.9,340,65,2082
102,백령도,2023-11-16 22:00,7.2,,12.1,340,57,3085
102,백령도,2023-11-16 23:00,6.7,,10.4,340,54,3550
102,백령도,2023-11-17 00:00,6.3,0,12.5,340,48,3948
102,백령도,2023-11-17 01:00,5.9,,8.6,340,41,4925
102,백령도,2023-11-17 02:00,5.8,,5.8,340,39,4920
102,백령도,2023-11-17 03:00,5.7,,5.6,340,39,4965
102,백령도,2023-11-17 04:00,5.1,,2.9,340,41,4956
102,백령도,2023-11-17 05:00,4,,1.4,270,48,4990
102,백령도,2023-11-17 06:00,4.4,,1.9,230,47,4794
102,백령도,2023-11-17 07:00,5.3,,6.2,290,52,4052
102,백령도,2023-11-17 08:00,3.3,,4,290,88,3544
102,백령도,2023-11-17 09:00,1.7,1.2,3.1,360,89,3359
102,백령도,2023-11-17 10:00,1.8,,2.2,360,94,1246
102,백령도,2023-11-17 11:00,3,,9,340,56,4080
102,백령도,2023-11-17 12:00,2.7,1.2,10.6,340,51,4618
102,백령도,2023-11-17 13:00,2.8,,8.6,340,54,4702
102,백령도,2023-11-17 14:00,2,,7.5,340,55,4733
102,백령도,2023-11-17 15:00,1.9,,8,320,51,4719
102,백령도,2023-11-17 16:00,1.5,,8.5,340,69,2258
102,백령도,2023-11-17 17:00,1.5,,10,320,56,2870
102,백령도,2023-11-17 18:00,1.1,0,10.4,320,77,2202
102,백령도,2023-11-17 19:00,.9,,12.2,340,72,1751
102,백령도,2023-11-17 20:00,1.1,,13.1,340,79,2745
102,백령도,2023-11-17 21:00,.6,.4,10.3,340,78,1212
102,백령도,2023-11-17 22:00,.4,,13.1,340,67,3149
102,백령도,2023-11-17 23:00,-.3,,13.3,360,70,1200
102,백령도,2023-11-18 00:00,.6,0,14.4,360,56,2518
102,백령도,2023-11-18 01:00,.7,,14.7,340,44,3158
102,백령도,2023-11-18 02:00,1,,14.3,340,52,3025
102,백령도,2023-11-18 03:00,.9,0,13.8,340,49,3099
102,백령도,2023-11-18 04:00,1.7,,13.4,340,50,3213
102,백령도,2023-11-18 05:00,2.1,,13.6,340,53,2978
102,백령도,2023-11-18 06:00,2.5,,13,340,61,2819
102,백령도,2023-11-18 07:00,2.5,,11.1,340,63,2606
102,백령도,2023-11-18 08:00,3.2,,10.7,340,59,2709
102,백령도,2023-11-18 09:00,3.7,,10.7,340,63,2717
102,백령도,2023-11-18 10:00,4.1,,9.4,340,61,2794
102,백령도,2023-11-18 11:00,4.5,,6.8,340,61,2654
102,백령도,2023-11-18 12:00,4.9,,8,320,61,2649
102,백령도,2023-11-18 13:00,5,,8,320,60,2531
102,백령도,2023-11-18 14:00,4.9,,6.9,320,60,2412
102,백령도,2023-11-18 15:00,4.6,,8,320,56,2628
102,백령도,2023-11-18 16:00,4.7,,6.8,320,59,2756
102,백령도,2023-11-18 17:00,4.8,,7,320,52,3804
102,백령도,2023-11-18 18:00,5,,6.5,320,59,3529
102,백령도,2023-11-18 19:00,5.4,,4.3,320,63,3690
102,백령도,2023-11-18 20:00,4.9,,2.3,270,67,3704
102,백령도,2023-11-18 21:00,4.8,,1.9,250,70,4009
102,백령도,2023-11-18 22:00,5.1,,1.5,230,72,3960
102,백령도,2023-11-18 23:00,5.5,,1.4,230,73,4121
102,백령도,2023-11-19 00:00,7,,2.2,230,70,4164
102,백령도,2023-11-19 01:00,8.3,,4.3,250,60,3190
102,백령도,2023-11-19 02:00,8.3,,3.6,250,55,3821
102,백령도,2023-11-19 03:00,9.2,,4.7,250,54,3512
102,백령도,2023-11-19 04:00,9.5,,4.8,250,49,3594
102,백령도,2023-11-19 05:00,10,,3.9,250,54,3558
102,백령도,2023-11-19 06:00,10.4,,3.6,250,63,3518
102,백령도,2023-11-19 07:00,10.7,,4.1,270,57,3177
102,백령도,2023-11-19 08:00,10.5,,2.6,270,54,2667
102,백령도,2023-11-19 09:00,11.8,,5.5,290,46,2281
102,백령도,2023-11-19 10:00,12.3,,5.6,270,49,2106
102,백령도,2023-11-19 11:00,12.8,,6,270,52,1772
102,백령도,2023-11-19 12:00,12.9,,6.9,290,58,1442
102,백령도,2023-11-19 13:00,12.7,,7.2,320,58,960
102,백령도,2023-11-19 14:00,11.8,,7.3,320,59,1111
102,백령도,2023-11-19 15:00,10.3,,8.3,360,67,1108
102,백령도,2023-11-19 16:00,9.9,,6.1,360,57,2302
102,백령도,2023-11-19 17:00,9.4,,8.4,340,56,3526
102,백령도,2023-11-19 18:00,9.5,,9.4,340,55,3854
102,백령도,2023-11-19 19:00,9.3,,5.8,340,57,3365
102,백령도,2023-11-19 20:00,10.4,,9.2,340,42,3821
102,백령도,2023-11-19 21:00,10.4,,6.8,340,47,3799
102,백령도,2023-11-19 22:00,10,,10.1,340,49,4397
102,백령도,2023-11-19 23:00,9.5,,7.7,340,49,4043
102,백령도,2023-11-20 00:00,9,,7.2,360,51,4210
102,백령도,2023-11-20 01:00,8.8,,6.8,360,55,4465
102,백령도,2023-11-20 02:00,8.4,,4.1,360,57,4194
102,백령도,2023-11-20 03:00,7.5,,3,50,65,3714
102,백령도,2023-11-20 04:00,7,,2.1,20,64,3926
102,백령도,2023-11-20 05:00,6.7,,2.1,20,64,4445
102,백령도,2023-11-20 06:00,6.7,,1.8,50,67,4425
102,백령도,2023-11-20 07:00,6.3,,1,340,68,3836
102,백령도,2023-11-20 08:00,6.3,,1.2,20,69,3294
102,백령도,2023-11-20 09:00,8.5,,.4,0,63,3918
102,백령도,2023-11-20 10:00,9.5,,2.1,360,55,4275
102,백령도,2023-11-20 11:00,10.1,,2.9,320,45,4597
102,백령도,2023-11-20 12:00,10.3,,3.2,320,46,4729
102,백령도,2023-11-20 13:00,11,,2.3,320,44,4649
102,백령도,2023-11-20 14:00,11.2,,2.7,320,38,4910
102,백령도,2023-11-20 15:00,11,,2.5,320,39,4365
102,백령도,2023-11-20 16:00,10.6,,2.5,320,41,4998
102,백령도,2023-11-20 17:00,9.7,,1.5,290,45,3760
102,백령도,2023-11-20 18:00,8,,1.6,250,53,5000
102,백령도,2023-11-20 19:00,7.8,,.6,200,53,2309
102,백령도,2023-11-20 20:00,7.2,,1.8,200,58,4171
102,백령도,2023-11-20 21:00,7.2,,1.9,200,61,2479
102,백령도,2023-11-20 22:00,6.7,,2.3,180,68,2643
102,백령도,2023-11-20 23:00,6.7,,1.8,180,70,2999
102,백령도,2023-11-21 00:00,7.7,,.8,200,68,3915
102,백령도,2023-11-21 01:00,7.8,,1.7,200,69,3795
102,백령도,2023-11-21 02:00,7.6,,1.9,180,73,3399
102,백령도,2023-11-21 03:00,7.3,,3.1,180,75,3356
102,백령도,2023-11-21 04:00,8.1,,3.1,180,74,2902
102,백령도,2023-11-21 05:00,8.5,,1.9,180,77,2486
102,백령도,2023-11-21 06:00,8.8,,2.7,160,79,2282
102,백령도,2023-11-21 07:00,9.4,,3.7,160,77,4242
102,백령도,2023-11-21 08:00,9.7,,3.5,160,76,4883
102,백령도,2023-11-21 09:00,10.6,,4.5,160,73,4743
102,백령도,2023-11-21 10:00,11.4,,4.5,160,70,4795
102,백령도,2023-11-21 11:00,11.4,,5.7,180,68,4880
102,백령도,2023-11-21 12:00,12.1,,5.7,160,66,4827
102,백령도,2023-11-21 13:00,11.5,,5.8,160,68,4953
102,백령도,2023-11-21 14:00,12.1,,5.5,160,70,4743
102,백령도,2023-11-21 15:00,11.6,,4.9,160,72,4887
102,백령도,2023-11-21 16:00,11.4,,4.5,160,74,4879
102,백령도,2023-11-21 17:00,11.2,,5.3,160,77,4568
102,백령도,2023-11-21 18:00,11,,4.8,160,78,2000
102,백령도,2023-11-21 19:00,11.4,,4.3,160,78,2000
102,백령도,2023-11-21 20:00,11.4,,4.7,160,85,2000
102,백령도,2023-11-21 21:00,11.5,,4,160,87,2000
102,백령도,2023-11-21 22:00,11.6,,4.1,160,87,2000
102,백령도,2023-11-21 23:00,11.8,,5.1,160,83,2000
102,백령도,2023-11-22 00:00,11.7,,4,160,86,2000
102,백령도,2023-11-22 01:00,11.7,,5.8,160,85,2000
102,백령도,2023-11-22 02:00,11.8,,5.8,160,83,2000
102,백령도,2023-11-22 03:00,11.5,,5.4,160,84,2000
102,백령도,2023-11-22 04:00,11.4,,5.4,160,86,2000
102,백령도,2023-11-22 05:00,11.2,,4.9,160,88,2000
102,백령도,2023-11-22 06:00,11.4,,4.5,160,85,2000
102,백령도,2023-11-22 07:00,11.6,,5.4,140,86,2000
102,백령도,2023-11-22 08:00,11.7,,6.9,140,84,2000
102,백령도,2023-11-22 09:00,12,,7.3,140,84,3876
102,백령도,2023-11-22 10:00,12.7,,5.5,160,81,3610
102,백령도,2023-11-22 11:00,12.7,,6.2,160,82,2000
102,백령도,2023-11-22 12:00,12.4,,5.3,160,84,2872
102,백령도,2023-11-22 13:00,12.7,,5.2,160,85,2540
102,백령도,2023-11-22 14:00,12.4,,6.3,160,89,1622
102,백령도,2023-11-22 15:00,12.1,,5.7,160,92,1003
102,백령도,2023-11-22 16:00,12.1,,6.8,160,92,1461
102,백령도,2023-11-22 17:00,12.2,,7.8,160,92,1487
102,백령도,2023-11-22 18:00,12.3,,7.8,160,93,1496
102,백령도,2023-11-22 19:00,12.5,,7.8,160,94,1309
102,백령도,2023-11-22 20:00,13,,4.3,180,94,906
102,백령도,2023-11-22 21:00,13.9,,4.2,230,94,892
102,백령도,2023-11-22 22:00,14.2,,3.7,230,92,1102
102,백령도,2023-11-22 23:00,14,,5.4,270,92,667
102,백령도,2023-11-23 00:00,12.3,,6.8,290,90,126
102,백령도,2023-11-23 01:00,11.1,,4.9,290,90,125
102,백령도,2023-11-23 02:00,11.1,,6.5,320,87,167
102,백령도,2023-11-23 03:00,11.2,,6.3,320,84,175
102,백령도,2023-11-23 04:00,11.3,,4.2,320,83,188
102,백령도,2023-11-23 05:00,10.7,,4.8,340,75,639
102,백령도,2023-11-23 06:00,9.9,,1.4,20,70,1006
102,백령도,2023-11-23 07:00,8.7,,2.3,340,77,981
102,백령도,2023-11-23 08:00,9.9,,2.2,340,77,828
102,백령도,2023-11-23 09:00,10.2,,2.7,340,67,1054
102,백령도,2023-11-23 10:00,10.4,,6.2,340,67,1524
102,백령도,2023-11-23 11:00,10.4,,6.5,360,64,1882
102,백령도,2023-11-23 12:00,9.5,,6.6,360,65,1627
102,백령도,2023-11-23 13:00,7.2,,9.2,340,71,1471
102,백령도,2023-11-23 14:00,5.9,,10.5,340,72,3865
102,백령도,2023-11-23 15:00,6.1,0,9.6,340,72,3635
102,백령도,2023-11-23 16:00,5.6,,9.2,340,78,4518
102,백령도,2023-11-23 17:00,5.5,,10.7,340,70,3169
102,백령도,2023-11-23 18:00,5.2,0,10.2,340,67,2472
102,백령도,2023-11-23 19:00,4.3,,8.5,340,60,2732
102,백령도,2023-11-23 20:00,3.7,,9.1,340,58,3208
102,백령도,2023-11-23 21:00,3.3,,9.9,340,68,2356
102,백령도,2023-11-23 22:00,2.3,,14.6,340,62,2791
102,백령도,2023-11-23 23:00,2,,12.9,340,62,3604
102,백령도,2023-11-24 00:00,1.5,,13,340,60,3681
102,백령도,2023-11-24 01:00,1.3,,11.7,340,58,4195
102,백령도,2023-11-24 02:00,1.3,,10.5,340,58,4476
102,백령도,2023-11-24 03:00,1,,11.7,340,59,4554
102,백령도,2023-11-24 04:00,1,,12.3,340,57,4248
102,백령도,2023-11-24 05:00,.6,,11.7,340,57,4712
102,백령도,2023-11-24 06:00,.6,,9.8,340,58,4865
102,백령도,2023-11-24 07:00,.1,,7.9,340,58,4633
102,백령도,2023-11-24 08:00,-.1,,8.2,340,55,4871
102,백령도,2023-11-24 09:00,-.3,0,9.6,340,61,4599
102,백령도,2023-11-24 10:00,-.2,,9.1,340,57,4920
102,백령도,2023-11-24 11:00,-.4,,9,340,55,4913
102,백령도,2023-11-24 12:00,-.1,0,8.3,340,52,4941
102,백령도,2023-11-24 13:00,-.6,,8.3,340,56,4827
102,백령도,2023-11-24 14:00,-1,,9.5,340,63,3613
102,백령도,2023-11-24 15:00,-.5,0,7.6,340,53,4965
102,백령도,2023-11-24 16:00,-.7,,7.9,340,58,4937
102,백령도,2023-11-24 17:00,-.8,,6.8,340,49,4997
102,백령도,2023-11-24 18:00,-.7,0,8.3,340,50,5000
102,백령도,2023-11-24 19:00,-.5,,7.8,340,50,5000
102,백령도,2023-11-24 20:00,-.3,,7.8,340,53,5000
102,백령도,2023-11-24 21:00,-.1,,8,360,54,4947
102,백령도,2023-11-24 22:00,0,,7,340,53,4934
102,백령도,2023-11-24 23:00,.1,,8,340,55,4927
102,백령도,2023-11-25 00:00,-.2,,7.5,360,52,4771
102,백령도,2023-11-25 01:00,-.2,,6.3,360,55,4719
102,백령도,2023-11-25 02:00,-.4,,6.1,360,56,4717
102,백령도,2023-11-25 03:00,-.4,,5.3,360,58,4820
102,백령도,2023-11-25 04:00,-.4,,5.6,360,57,4979
102,백령도,2023-11-25 05:00,-1.3,,4.7,70,64,4857
102,백령도,2023-11-25 06:00,-2,,4.9,70,69,4419
102,백령도,2023-11-25 07:00,-2.3,,3.9,70,65,4598
102,백령도,2023-11-25 08:00,-2.1,,3.6,50,65,4592
102,백령도,2023-11-25 09:00,-1.2,,2.9,70,60,4722
102,백령도,2023-11-25 10:00,-.2,,2.4,50,56,4781
102,백령도,2023-11-25 11:00,.1,,2.2,360,54,4394
102,백령도,2023-11-25 12:00,.8,,4.9,360,43,4335
102,백령도,2023-11-25 13:00,1.7,,3.8,360,37,4441
102,백령도,2023-11-25 14:00,1.5,,3.3,340,41,4739
102,백령도,2023-11-25 15:00,1.3,,3.5,340,44,4806
102,백령도,2023-11-25 16:00,1.2,,1.9,360,46,4568
102,백령도,2023-11-25 17:00,.5,,1.8,360,47,4718
102,백령도,2023-11-25 18:00,.4,,1.2,70,46,4849
102,백령도,2023-11-25 19:00,.8,,.9,20,45,5000
102,백령도,2023-11-25 20:00,1,,.9,200,45,5000
102,백령도,2023-11-25 21:00,.9,,1.2,230,48,5000
102,백령도,2023-11-25 22:00,1.1,,.9,160,49,4923
102,백령도,2023-11-25 23:00,1.3,,.8,180,52,4911
102,백령도,2023-11-26 00:00,1.7,,.5,180,52,4059
102,백령도,2023-11-26 01:00,1.8,,.9,160,60,1439
102,백령도,2023-11-26 02:00,.5,,.8,110,81,1592
102,백령도,2023-11-26 03:00,1.5,.2,1.7,140,75,4940
102,백령도,2023-11-26 04:00,2.3,,2.7,160,70,4992
102,백령도,2023-11-26 05:00,2.3,,2.9,140,69,4987
102,백령도,2023-11-26 06:00,3,0,3.4,160,71,4489
102,백령도,2023-11-26 07:00,3.4,,4.4,180,78,3239
102,백령도,2023-11-26 08:00,3.6,,5.2,180,84,1658
102,백령도,2023-11-26 09:00,3.9,.2,5.5,180,87,1413
102,백령도,2023-11-26 10:00,4.5,,5.7,180,83,2928
102,백령도,2023-11-26 11:00,4.5,,3.9,160,89,1000
102,백령도,2023-11-26 12:00,5,1.2,5.1,160,92,606
102,백령도,2023-11-26 13:00,5.6,,5.3,180,93,413
102,백령도,2023-11-26 14:00,5.9,,4.9,180,95,308
102,백령도,2023-11-26 15:00,6.2,4.5,4.8,180,96,446
102,백령도,2023-11-26 16:00,6.7,,5.2,160,95,696
102,백령도,2023-11-26 17:00,7.1,,4.1,160,96,311
102,백령도,2023-11-26 18:00,7.5,2.7,1.7,180,97,458
102,백령도,2023-11-26 19:00,8.2,,4,200,89,3983
102,백령도,2023-11-26 20:00,8,,5.4,180,94,520
102,백령도,2023-11-26 21:00,8.4,1.1,5.5,180,93,664
102,백령도,2023-11-26 22:00,8.3,,6.6,180,94,635
102,백령도,2023-11-26 23:00,8.4,,7.1,180,96,343
102,백령도,2023-11-27 00:00,9.2,2.2,5.9,200,96,922
102,백령도,2023-11-27 01:00,9.4,,4.4,230,96,500
102,백령도,2023-11-27 02:00,8.8,,2.6,290,97,678
102,백령도,2023-11-27 03:00,8.8,9.1,4.9,320,96,920
102,백령도,2023-11-27 04:00,8.6,,3.3,320,96,1481
102,백령도,2023-11-27 05:00,8.3,,1.6,270,95,2563
102,백령도,2023-11-27 06:00,8.6,1.5,4,320,84,1734
102,백령도,2023-11-27 07:00,8.6,,3.4,290,77,1312
102,백령도,2023-11-27 08:00,8.7,,4.2,340,80,746
102,백령도,2023-11-27 09:00,9,0,5.4,320,66,1176
102,백령도,2023-11-27 10:00,9.1,,4.6,320,66,989
102,백령도,2023-11-27 11:00,9.8,,4.4,320,66,910
102,백령도,2023-11-27 12:00,9.3,,4.4,320,69,885
102,백령도,2023-11-27 13:00,9.3,,3.3,290,79,734
102,백령도,2023-11-27 14:00,9.8,,6.3,320,72,497
102,백령도,2023-11-27 15:00,8.9,0,6.6,320,75,339
102,백령도,2023-11-27 16:00,8,,7.7,320,74,451
102,백령도,2023-11-27 17:00,7.4,,6.5,320,67,735
102,백령도,2023-11-27 18:00,6.9,,9.2,320,64,1120
102,백령도,2023-11-27 19:00,6.4,,8.6,290,66,1197
102,백령도,2023-11-27 20:00,6,,9,320,61,1502
102,백령도,2023-11-27 21:00,5.7,,8.4,320,63,1201
102,백령도,2023-11-27 22:00,5.4,,9.6,340,71,756
102,백령도,2023-11-27 23:00,4.2,,11.1,340,65,1337
102,백령도,2023-11-28 00:00,3.5,,10.8,340,63,2033
102,백령도,2023-11-28 01:00,2.8,,8.9,360,61,2533
102,백령도,2023-11-28 02:00,3,,10.7,360,51,3816
102,백령도,2023-11-28 03:00,1.7,,9.7,360,60,2601
102,백령도,2023-11-28 04:00,1.1,,8.3,360,62,2412
102,백령도,2023-11-28 05:00,1,,9.1,360,61,3407
102,백령도,2023-11-28 06:00,.9,,7.8,360,61,3531
102,백령도,2023-11-28 07:00,1.1,,7,340,60,4155
102,백령도,2023-11-28 08:00,1.1,,7.9,340,59,4621
102,백령도,2023-11-28 09:00,1.4,,5.9,340,59,4249
102,백령도,2023-11-28 10:00,2.2,,5.9,340,57,4254
102,백령도,2023-11-28 11:00,2,,6.4,320,59,4064
102,백령도,2023-11-28 12:00,1.5,0,6.5,340,61,3805
102,백령도,2023-11-28 13:00,1.5,,5.5,340,64,3694
102,백령도,2023-11-28 14:00,1.1,,6.7,340,60,4820
102,백령도,2023-11-28 15:00,1.6,0,5.4,340,57,4528
102,백령도,2023-11-28 16:00,1.2,,5.7,340,57,4602
102,백령도,2023-11-28 17:00,.6,,4.7,360,59,4824
102,백령도,2023-11-28 18:00,.7,0,3.8,360,60,4989
102,백령도,2023-11-28 19:00,1,,2.3,320,62,4900
102,백령도,2023-11-28 20:00,1.4,,2.8,320,60,4996
102,백령도,2023-11-28 21:00,1.7,,4.3,320,54,5000
102,백령도,2023-11-28 22:00,1.9,,5.6,320,51,5000
102,백령도,2023-11-28 23:00,1.8,,5.2,290,55,5000
102,백령도,2023-11-29 00:00,1.9,,3.8,290,56,4998
102,백령도,2023-11-29 01:00,2.2,,4.2,320,54,4680
102,백령도,2023-11-29 02:00,2.2,,2.8,290,55,5000
102,백령도,2023-11-29 03:00,2.3,,2.1,270,57,4996
102,백령도,2023-11-29 04:00,2.4,,1.2,270,57,5000
102,백령도,2023-11-29 05:00,2.5,,.9,270,61,5000
102,백령도,2023-11-29 06:00,.6,.6,3.5,90,94,119
102,백령도,2023-11-29 07:00,.5,,2.2,110,97,1720
102,백령도,2023-11-29 08:00,.9,,1.9,110,95,2370
102,백령도,2023-11-29 09:00,1.2,2.3,2.8,90,95,1741
102,백령도,2023-11-29 10:00,1.3,,2.7,110,95,1274
102,백령도,2023-11-29 11:00,1.7,,1.9,90,97,1051
102,백령도,2023-11-29 12:00,-.1,1.9,7,360,94,146
102,백령도,2023-11-29 13:00,-.3,,5.2,360,94,216
102,백령도,2023-11-29 14:00,0,,8.4,360,89,1300
102,백령도,2023-11-29 15:00,0,.1,8.7,340,72,2951
102,백령도,2023-11-29 16:00,.1,,7.1,340,62,4759
102,백령도,2023-11-29 17:00,-.4,,7.8,320,54,4993
102,백령도,2023-11-29 18:00,-.3,0,7.5,320,56,4955
102,백령도,2023-11-29 19:00,-.5,,8.8,340,63,4022
102,백령도,2023-11-29 20:00,-.4,,7.9,340,55,4884
102,백령도,2023-11-29 21:00,-.2,0,9.8,340,55,4656
102,백령도,2023-11-29 22:00,-.7,,11.2,360,57,4539
102,백령도,2023-11-29 23:00,-1.1,,11.4,360,57,4442
102,백령도,2023-11-30 00:00,-1.4,0,9.5,360,61,3877
102,백령도,2023-11-30 01:00,-1.5,,9.8,360,58,4428
102,백령도,2023-11-30 02:00,-1.3,,9.7,340,54,4697
102,백령도,2023-11-30 03:00,-1.6,0,8.9,360,55,4600
102,백령도,2023-11-30 04:00,-1.4,,8.8,340,56,4590
102,백령도,2023-11-30 05:00,-1.3,,8,340,61,4318
102,백령도,2023-11-30 06:00,-1.2,0,7.4,360,60,4655
102,백령도,2023-11-30 07:00,-1.1,,8.5,340,56,4735
102,백령도,2023-11-30 08:00,-.8,,7.6,340,59,4835
102,백령도,2023-11-30 09:00,-1,0,7.4,340,60,4671
102,백령도,2023-11-30 10:00,-.7,,6.4,340,60,4405
102,백령도,2023-11-30 11:00,-.1,,7.5,340,56,4478
102,백령도,2023-11-30 12:00,-.4,0,6.6,340,57,4763
102,백령도,2023-11-30 13:00,-.3,,7.9,340,54,4779
102,백령도,2023-11-30 14:00,-.4,,7.1,340,57,4842
102,백령도,2023-11-30 15:00,-.5,,7.4,340,61,4835
102,백령도,2023-11-30 16:00,-.7,,7.5,340,60,4882
102,백령도,2023-11-30 17:00,-.8,,6.2,340,55,5000
102,백령도,2023-11-30 18:00,-.8,0,5.5,340,58,5000
102,백령도,2023-11-30 19:00,-.6,,4.7,320,57,5000
102,백령도,2023-11-30 20:00,0,,4.9,340,59,4891
102,백령도,2023-11-30 21:00,.2,,6.3,320,54,5000
102,백령도,2023-11-30 22:00,.5,,5.3,340,56,4998
102,백령도,2023-11-30 23:00,.6,,5.5,320,57,4671
102,백령도,2023-12-01 00:00,.8,0,4.8,290,56,4904
102,백령도,2023-12-01 01:00,1.1,,6.6,320,54,4979
102,백령도,2023-12-01 02:00,1.2,,4.8,320,54,4806
102,백령도,2023-12-01 03:00,.4,0,6.4,360,70,1857
102,백령도,2023-12-01 04:00,.3,,5.5,360,64,4514
102,백령도,2023-12-01 05:00,-.1,,6.1,360,63,4386
102,백령도,2023-12-01 06:00,0,0,6.8,360,61,4519
102,백령도,2023-12-01 07:00,.1,,7.7,360,56,4964
102,백령도,2023-12-01 08:00,.1,,6.1,340,57,4627
102,백령도,2023-12-01 09:00,.3,0,6.9,360,57,4303
102,백령도,2023-12-01 10:00,.7,,6.6,340,53,4755
102,백령도,2023-12-01 11:00,1.4,,4.2,340,56,4164
102,백령도,2023-12-01 12:00,2.5,.1,4.9,320,56,4414
102,백령도,2023-12-01 13:00,2.8,,6.6,320,55,3919
102,백령도,2023-12-01 14:00,2.1,,6.2,320,51,4966
102,백령도,2023-12-01 15:00,2.1,0,6.7,320,50,4828
102,백령도,2023-12-01 16:00,2.2,,6.8,320,54,4820
102,백령도,2023-12-01 17:00,2,,5.9,320,56,4854
102,백령도,2023-12-01 18:00,2.2,,5.1,320,58,4637
102,백령도,2023-12-01 19:00,2.5,,4.8,290,56,4773
102,백령도,2023-12-01 20:00,2.7,,4.6,290,58,4831
102,백령도,2023-12-01 21:00,2.9,,4.2,320,59,4488
102,백령도,2023-12-01 22:00,3.1,,3.1,320,59,3686
102,백령도,2023-12-01 23:00,3.6,,3.2,320,58,3960
102,백령도,2023-12-02 00:00,2.9,,1.1,180,63,3509
102,백령도,2023-12-02 01:00,2.9,,1.1,110,66,3920
102,백령도,2023-12-02 02:00,2.5,,2.2,140,77,3313
102,백령도,2023-12-02 03:00,3.2,,2.8,110,78,3678
102,백령도,2023-12-02 04:00,5.2,,3.1,270,58,4993
102,백령도,2023-12-02 05:00,4.9,,5.6,270,59,4687
102,백령도,2023-12-02 06:00,4.3,,4.7,250,61,4707
102,백령도,2023-12-02 07:00,4.1,,4.4,250,62,4241
102,백령도,2023-12-02 08:00,4.4,,4.4,250,62,4797
102,백령도,2023-12-02 09:00,5.3,,5.4,250,59,4405
102,백령도,2023-12-02 10:00,6.3,,5.3,250,57,3653
102,백령도,2023-12-02 11:00,5.7,,6.4,250,58,3409
102,백령도,2023-12-02 12:00,7.1,,5,270,53,3153
102,백령도,2023-12-02 13:00,6.4,,6.6,250,56,1810
102,백령도,2023-12-02 14:00,7.1,,6.4,250,57,1374
102,백령도,2023-12-02 15:00,6.9,,7.4,270,58,1380
102,백령도,2023-12-02 16:00,6.9,,6.2,250,61,1301
102,백령도,2023-12-02 17:00,7.2,,7.4,270,62,1182
102,백령도,2023-12-02 18:00,6.6,0,8.4,340,67,1493
102,백령도,2023-12-02 19:00,5.8,,6.6,340,63,2142
102,백령도,2023-12-02 20:00,5.1,,4.8,340,53,2968
102,백령도,2023-12-02 21:00,5.1,,6.3,340,50,3161
102,백령도,2023-12-02 22:00,5.1,,6.3,340,51,3252
102,백령도,2023-12-02 23:00,4.9,,6.8,360,51,2963
102,백령도,2023-12-03 00:00,4.4,,6.5,360,53,3261
102,백령도,2023-12-03 01:00,3.6,,6.8,360,54,3580
102,백령도,2023-12-03 02:00,3.3,,6.9,360,56,3405
102,백령도,2023-12-03 03:00,3,,7.7,340,57,3029
102,백령도,2023-12-03 04:00,2.7,,6.6,360,60,3697
102,백령도,2023-12-03 05:00,2.5,,6.1,360,59,4460
102,백령도,2023-12-03 06:00,2.5,,5.5,360,59,4366
102,백령도,2023-12-03 07:00,2.4,,4.9,360,57,4887
102,백령도,2023-12-03 08:00,1.6,,2.7,70,68,3543
102,백령도,2023-12-03 09:00,2.9,,1,50,63,3570
102,백령도,2023-12-03 10:00,3.7,,2.3,360,59,3820
102,백령도,2023-12-03 11:00,4.4,,2.3,360,57,4530
102,백령도,2023-12-03 12:00,4.7,,2.9,360,58,3527
102,백령도,2023-12-03 13:00,5.6,,3,360,56,4154
102,백령도,2023-12-03 14:00,5.5,,3.4,360,55,4342
102,백령도,2023-12-03 15:00,5.7,,2.1,360,51,4798
102,백령도,2023-12-03 16:00,5.3,,1.7,340,54,4779
102,백령도,2023-12-03 17:00,4.4,,.7,250,60,4580
102,백령도,2023-12-03 18:00,3.2,,.6,200,65,4353
102,백령도,2023-12-03 19:00,3,,1.4,180,65,4123
102,백령도,2023-12-03 20:00,3.4,,.8,200,64,4932
102,백령도,2023-12-03 21:00,4,,.2,0,63,4937
102,백령도,2023-12-03 22:00,4.3,,.8,200,65,5000
102,백령도,2023-12-03 23:00,3.6,,.8,180,68,4972
102,백령도,2023-12-04 00:00,4,,1.9,230,68,4862
102,백령도,2023-12-04 01:00,4.3,,2.4,230,65,4982
102,백령도,2023-12-04 02:00,4.6,,2.5,230,63,4945
102,백령도,2023-12-04 03:00,5.2,,2.2,200,66,4955
102,백령도,2023-12-04 04:00,5.6,,2.4,200,64,4747
102,백령도,2023-12-04 05:00,5.8,,2,200,67,4982
102,백령도,2023-12-04 06:00,6.2,,1.9,200,68,4991
102,백령도,2023-12-04 07:00,6.2,,2.5,200,70,5000
102,백령도,2023-12-04 08:00,6.6,,2.6,180,71,4824
102,백령도,2023-12-04 09:00,7.6,,3.4,180,69,3752
102,백령도,2023-12-04 10:00,8.2,,6.5,160,71,4666
102,백령도,2023-12-04 11:00,7.8,,5.6,180,72,4751
102,백령도,2023-12-04 12:00,8.6,,7.4,160,72,4557
102,백령도,2023-12-04 13:00,8.8,,6.8,160,75,4444
102,백령도,2023-12-04 14:00,9.8,,5.4,200,67,4069
102,백령도,2023-12-04 15:00,9.9,,5,200,69,3576
102,백령도,2023-12-04 16:00,10.1,,3.4,180,71,2386
102,백령도,2023-12-04 17:00,9.6,,2.4,180,73,1977
102,백령도,2023-12-04 18:00,9.3,,1.7,200,72,1396
102,백령도,2023-12-04 19:00,9.2,,1.2,200,74,891
102,백령도,2023-12-04 20:00,9.2,,1.3,200,76,1281
102,백령도,2023-12-04 21:00,9.1,,1.1,200,79,932
102,백령도,2023-12-04 22:00,9,,1.3,180,77,1093
102,백령도,2023-12-04 23:00,9.1,,1.8,160,80,1056
102,백령도,2023-12-05 00:00,9,,1.7,200,80,1181
102,백령도,2023-12-05 01:00,8.8,,1,180,82,1290
102,백령도,2023-12-05 02:00,9.4,,1.2,200,83,1251
102,백령도,2023-12-05 03:00,9.1,,2.8,180,90,1325
102,백령도,2023-12-05 04:00,8.9,,3.5,160,91,1934
102,백령도,2023-12-05 05:00,9,,3.4,160,92,2031
102,백령도,2023-12-05 06:00,8.9,,4.3,160,92,1890
102,백령도,2023-12-05 07:00,9.1,,4.1,160,91,2006
102,백령도,2023-12-05 08:00,7.5,,4,140,89,572
102,백령도,2023-12-05 09:00,7.5,,4.3,140,88,610
102,백령도,2023-12-05 10:00,8.3,,5.5,140,86,706
102,백령도,2023-12-05 11:00,8.9,,5.3,140,85,830
102,백령도,2023-12-05 12:00,9.1,,5.1,140,84,835
102,백령도,2023-12-05 13:00,10.3,,5,180,79,1141
102,백령도,2023-12-05 14:00,10.2,,6.4,180,77,1392
102,백령도,2023-12-05 15:00,10.1,,4,160,80,1268
102,백령도,2023-12-05 16:00,9.2,,3.6,160,85,880
102,백령도,2023-12-05 17:00,9.1,,4.6,140,87,835
102,백령도,2023-12-05 18:00,9,,4.2,140,89,700
102,백령도,2023-12-05 19:00,9.3,,3.7,140,87,899
102,백령도,2023-12-05 20:00,8.7,,4.2,140,89,551
102,백령도,2023-12-05 21:00,9,,3.9,140,92,530
102,백령도,2023-12-05 22:00,9.7,,4.6,180,87,1089
102,백령도,2023-12-05 23:00,9.7,,4.9,160,88,888
102,백령도,2023-12-06 00:00,9.5,,4.7,160,91,838
102,백령도,2023-12-06 01:00,9.5,,4.3,160,90,569
102,백령도,2023-12-06 02:00,9.5,,5.3,160,92,463
102,백령도,2023-12-06 03:00,9.3,,2.6,200,92,221
102,백령도,2023-12-06 04:00,10.1,,3.7,200,89,219
102,백령도,2023-12-06 05:00,10,,2.6,200,91,167
102,백령도,2023-12-06 06:00,9.7,,2.3,200,92,136
102,백령도,2023-12-06 07:00,10.2,,2,200,88,205
102,백령도,2023-12-06 08:00,10.3,,2.7,160,90,189
102,백령도,2023-12-06 09:00,10.4,,3.7,180,93,152
102,백령도,2023-12-06 10:00,11.1,,3.9,230,91,196
102,백령도,2023-12-06 11:00,10.6,,4.2,320,84,204
102,백령도,2023-12-06 12:00,11.2,,2.2,340,77,231
102,백령도,2023-12-06 13:00,11,,4.4,340,81,206
102,백령도,2023-12-06 14:00,10.6,,5.4,320,80,229
102,백령도,2023-12-06 15:00,9.7,,7.5,320,79,277
102,백령도,2023-12-06 16:00,8.9,,8.8,320,79,342
102,백령도,2023-12-06 17:00,8.4,,6.7,340,63,935
102,백령도,2023-12-06 18:00,8.2,,10.2,320,57,1935
102,백령도,2023-12-06 19:00,7.3,,10.5,320,41,3836
102,백령도,2023-12-06 20:00,6.7,,9.7,320,44,4507
102,백령도,2023-12-06 21:00,6.4,,9.3,320,42,4844
102,백령도,2023-12-06 22:00,6.3,,9.6,320,44,4436
102,백령도,2023-12-06 23:00,6.2,,10.3,320,45,2986
102,백령도,2023-12-07 00:00,5.8,,6.9,340,39,3945
102,백령도,2023-12-07 01:00,5.7,,6.1,320,38,4748
102,백령도,2023-12-07 02:00,5.5,,4.7,340,39,4947
102,백령도,2023-12-07 03:00,4.8,,1.7,290,44,4580
102,백령도,2023-12-07 04:00,4.8,,2,270,46,4480
102,백령도,2023-12-07 05:00,5,,3.2,250,48,4386
102,백령도,2023-12-07 06:00,5.8,,3.9,250,52,4351
102,백령도,2023-12-07 07:00,6.9,,4.7,230,58,2960
102,백령도,2023-12-07 08:00,7.8,,5.6,250,52,1685
102,백령도,2023-12-07 09:00,9,,6.4,250,50,1152
102,백령도,2023-12-07 10:00,10,,6.7,230,56,1308
102,백령도,2023-12-07 11:00,10.9,,8.4,250,55,1554
102,백령도,2023-12-07 12:00,11.4,,8.7,250,56,1608
102,백령도,2023-12-07 13:00,11.8,,8.6,250,53,1491
102,백령도,2023-12-07 14:00,12,,6.7,250,57,1137
102,백령도,2023-12-07 15:00,12.1,,5.7,230,59,959
102,백령도,2023-12-07 16:00,11.8,,4.7,230,61,896
102,백령도,2023-12-07 17:00,10.9,,3.7,230,72,913
102,백령도,2023-12-07 18:00,10.8,,4.3,200,72,944
102,백령도,2023-12-07 19:00,10.5,,4.2,180,74,943
102,백령도,2023-12-07 20:00,10.5,,4.4,180,75,1018
102,백령도,2023-12-07 21:00,10.6,,5.5,180,76,1048
102,백령도,2023-12-07 22:00,10.9,,9.2,180,75,1104
102,백령도,2023-12-07 23:00,10.8,,7.2,180,77,1117
102,백령도,2023-12-08 00:00,10.9,,6.6,180,80,1048
102,백령도,2023-12-08 01:00,11.2,,7.1,180,82,1015
102,백령도,2023-12-08 02:00,11.3,,8.2,180,84,1001
102,백령도,2023-12-08 03:00,11.5,,7.5,180,84,1035
102,백령도,2023-12-08 04:00,11.7,,5.9,180,83,1002
102,백령도,2023-12-08 05:00,11.7,,8,180,85,939
102,백령도,2023-12-08 06:00,11.2,,5.9,160,89,775
102,백령도,2023-12-08 07:00,11.4,,4.5,180,88,811
102,백령도,2023-12-08 08:00,11.9,,4.1,180,86,870
102,백령도,2023-12-08 09:00,12.9,,6.3,200,81,967
102,백령도,2023-12-08 10:00,13.4,,6.7,180,79,978
102,백령도,2023-12-08 11:00,13.9,,7.4,180,77,945
102,백령도,2023-12-08 12:00,14.2,,6.9,200,74,941
102,백령도,2023-12-08 13:00,14.4,,6.4,200,73,929
102,백령도,2023-12-08 14:00,14.3,,6.5,200,73,977
102,백령도,2023-12-08 15:00,14.1,,6.9,200,74,943
102,백령도,2023-12-08 16:00,13.4,,6.1,200,77,925
102,백령도,2023-12-08 17:00,12.6,,4.2,200,82,826
102,백령도,2023-12-08 18:00,12,,4.5,230,87,742
102,백령도,2023-12-08 19:00,11.6,,4.2,200,90,634
102,백령도,2023-12-08 20:00,11.3,,4.5,200,92,521
102,백령도,2023-12-08 21:00,10.8,,3.9,200,94,388
102,백령도,2023-12-08 22:00,11,,2.6,200,95,463
102,백령도,2023-12-08 23:00,10.7,,1.5,230,97,353
102,백령도,2023-12-09 00:00,10.7,,.6,230,96,443
102,백령도,2023-12-09 01:00,10.1,,1.2,180,96,257
102,백령도,2023-12-09 02:00,10.1,,0,0,98,145
102,백령도,2023-12-09 03:00,10.5,,.1,0,98,211
102,백령도,2023-12-09 04:00,10.3,,1.4,50,97,219
102,백령도,2023-12-09 05:00,10.1,,1,70,96,243
102,백령도,2023-12-09 06:00,9.9,,1.6,20,97,242
102,백령도,2023-12-09 07:00,10.1,,1.6,20,98,255
102,백령도,2023-12-09 08:00,9.9,,1.8,50,91,349
102,백령도,2023-12-09 09:00,10.5,,2.2,360,89,362
102,백령도,2023-12-09 10:00,10.1,,3.8,360,92,331
102,백령도,2023-12-09 11:00,10.1,,4.6,360,89,364
102,백령도,2023-12-09 12:00,10.8,,4.8,340,83,438
102,백령도,2023-12-09 13:00,10.9,,4.9,340,83,495
102,백령도,2023-12-09 14:00,10.8,,6.1,360,70,606
102,백령도,2023-12-09 15:00,10.7,,4.4,340,55,1101
102,백령도,2023-12-09 16:00,10.4,,5.1,340,49,1928
102,백령도,2023-12-09 17:00,9.8,,5.3,360,40,3398
102,백령도,2023-12-09 18:00,9.2,,3.4,360,49,3270
102,백령도,2023-12-09 19:00,9,,2.8,360,49,4419
102,백령도,2023-12-09 20:00,8.7,,3.1,360,45,4713
102,백령도,2023-12-09 21:00,8.4,,3.6,360,45,4745
102,백령도,2023-12-09 22:00,7.8,,3.3,20,49,4894
102,백령도,2023-12-09 23:00,7.5,,5.6,360,48,4244
102,백령도,2023-12-10 00:00,7,,4,360,47,4388
102,백령도,2023-12-10 01:00,6.8,,5.4,360,40,4843
102,백령도,2023-12-10 02:00,6.4,,4.7,360,49,4768
102,백령도,2023-12-10 03:00,6.2,,3.9,20,45,4905
102,백령도,2023-12-10 04:00,5.7,,5.2,360,51,4765
102,백령도,2023-12-10 05:00,5.3,,7.5,360,52,4324
102,백령도,2023-12-10 06:00,4.9,,5.4,360,55,4586
102,백령도,2023-12-10 07:00,4.4,,4.2,20,57,4577
102,백령도,2023-12-10 08:00,4.2,,3.6,20,58,4341
102,백령도,2023-12-10 09:00,4.6,,4.1,360,56,4406
102,백령도,2023-12-10 10:00,4.6,,7,360,58,4053
102,백령도,2023-12-10 11:00,5.2,,7.9,360,54,4149
102,백령도,2023-12-10 12:00,5.8,,6.8,360,49,4535
102,백령도,2023-12-10 13:00,6.2,,6.1,360,41,4477
102,백령도,2023-12-10 14:00,5.8,,7.4,360,46,4338
102,백령도,2023-12-10 15:00,5.5,,7.4,360,51,3931
102,백령도,2023-12-10 16:00,5.3,,7.8,360,56,4181
102,백령도,2023-12-10 17:00,5,,7.8,360,56,3904
102,백령도,2023-12-10 18:00,5.4,,7.9,360,55,4451
102,백령도,2023-12-10 19:00,5.3,,4.9,20,55,4260
102,백령도,2023-12-10 20:00,5.3,,2.1,20,51,4087
102,백령도,2023-12-10 21:00,5.5,,4.1,20,46,3878
102,백령도,2023-12-10 22:00,5.9,,3.2,360,50,3828
102,백령도,2023-12-10 23:00,5.4,,3.8,20,54,3466
102,백령도,2023-12-11 00:00,5.8,,3.2,20,50,3296
102,백령도,2023-12-11 01:00,6.3,,3.5,50,56,3013
102,백령도,2023-12-11 02:00,6,,3.3,50,54,2779
102,백령도,2023-12-11 03:00,6.5,,2.5,50,61,2110
102,백령도,2023-12-11 04:00,7.2,,2.4,20,63,2400
102,백령도,2023-12-11 05:00,6.3,,2.3,20,76,1074
102,백령도,2023-12-11 06:00,6.3,.8,2.7,20,80,1567
102,백령도,2023-12-11 07:00,5.9,,3.2,20,84,1019
102,백령도,2023-12-11 08:00,6.2,,3.2,20,92,605
102,백령도,2023-12-11 09:00,6.6,3.2,3.5,50,93,948
102,백령도,2023-12-11 10:00,7.2,,2.9,50,95,396
102,백령도,2023-12-11 11:00,6.9,,2.3,20,96,502
102,백령도,2023-12-11 12:00,7.2,6,3.8,50,95,891
102,백령도,2023-12-11 13:00,7.2,,2.7,50,95,534
102,백령도,2023-12-11 14:00,6.9,,2.2,20,96,720
102,백령도,2023-12-11 15:00,6.4,8.7,3.7,360,94,907
102,백령도,2023-12-11 16:00,6.3,,4.4,20,93,951
102,백령도,2023-12-11 17:00,5.9,,4.6,360,94,1105
102,백령도,2023-12-11 18:00,5.7,7.5,2.5,20,92,1462
102,백령도,2023-12-11 19:00,5.7,,2.5,360,91,2722
102,백령도,2023-12-11 20:00,5,,4.1,50,94,755
102,백령도,2023-12-11 21:00,5.1,1.3,4.4,50,92,4979
102,백령도,2023-12-11 22:00,4.6,,3,50,93,494
102,백령도,2023-12-11 23:00,4.6,,4.5,50,92,4884
102,백령도,2023-12-12 00:00,4.7,.1,2.2,20,91,2605
102,백령도,2023-12-12 01:00,3.7,,3.3,20,94,920
102,백령도,2023-12-12 02:00,3.3,,2.1,20,94,929
102,백령도,2023-12-12 03:00,3.4,0,2.8,20,91,4772
102,백령도,2023-12-12 04:00,3.7,,3.6,360,87,4906
102,백령도,2023-12-12 05:00,3.8,,2.8,20,86,4821
102,백령도,2023-12-12 06:00,3.7,,2.9,360,88,4977
102,백령도,2023-12-12 07:00,3.8,,2.7,360,87,4783
102,백령도,2023-12-12 08:00,3.9,,5.8,360,87,2615
102,백령도,2023-12-12 09:00,3.9,,3.1,360,86,2825
102,백령도,2023-12-12 10:00,4,,4.1,360,84,1588
102,백령도,2023-12-12 11:00,4.3,,6.4,360,78,3264
102,백령도,2023-12-12 12:00,5.1,,4.9,360,74,3660
102,백령도,2023-12-12 13:00,5.5,,5.3,360,71,4342
102,백령도,2023-12-12 14:00,5.8,,5,360,67,4187
102,백령도,2023-12-12 15:00,5.6,,3.4,340,70,4686
102,백령도,2023-12-12 16:00,5.7,,3.3,360,71,4917
102,백령도,2023-12-12 17:00,4.8,,3.4,360,78,4634
102,백령도,2023-12-12 18:00,4.8,,4.7,340,78,4973
102,백령도,2023-12-12 19:00,5.1,,4.8,340,77,4700
102,백령도,2023-12-12 20:00,4.6,,4,340,81,3407
102,백령도,2023-12-12 21:00,4.2,,3.4,340,79,3600
102,백령도,2023-12-12 22:00,4.2,,3.7,340,81,3420
102,백령도,2023-12-12 23:00,3.9,,3.3,340,80,3421
102,백령도,2023-12-13 00:00,3.6,,2.4,340,79,4025
102,백령도,2023-12-13 01:00,3.4,,1.7,340,80,3757
102,백령도,2023-12-13 02:00,3.5,,1.4,360,81,3816
102,백령도,2023-12-13 03:00,4.3,,3.1,360,79,4277
102,백령도,2023-12-13 04:00,3.8,,2.9,20,78,4347
102,백령도,2023-12-13 05:00,3.5,,1.1,20,81,3625
102,백령도,2023-12-13 06:00,3.8,,1.6,20,81,3467
102,백령도,2023-12-13 07:00,3.2,,2.1,50,84,3201
102,백령도,2023-12-13 08:00,2.7,,3.5,70,82,2722
102,백령도,2023-12-13 09:00,3.4,,4.4,70,71,3534
102,백령도,2023-12-13 10:00,4.8,,3.3,110,77,3038
102,백령도,2023-12-13 11:00,5.2,,3.9,140,76,2904
102,백령도,2023-12-13 12:00,5,,2.3,160,78,2697
102,백령도,2023-12-13 13:00,5.3,,3.5,180,72,2798
102,백령도,2023-12-13 14:00,5.4,,1,290,71,3536
102,백령도,2023-12-13 15:00,6.3,,2.1,90,69,3797
102,백령도,2023-12-13 16:00,5.6,,2.9,70,69,3717
102,백령도,2023-12-13 17:00,5.1,,1.7,70,70,3989
102,백령도,2023-12-13 18:00,4.6,,1.2,270,77,3260
102,백령도,2023-12-13 19:00,5,,0,0,74,3886
102,백령도,2023-12-13 20:00,5,,0,0,74,3781
102,백령도,2023-12-13 21:00,5.3,,.5,140,74,3543
102,백령도,2023-12-13 22:00,5.5,,.6,90,78,2860
102,백령도,2023-12-13 23:00,5.2,,.7,110,88,2477
102,백령도,2023-12-14 00:00,4.8,.4,.2,0,92,1046
102,백령도,2023-12-14 01:00,5.3,,1,110,92,893
102,백령도,2023-12-14 02:00,5.3,,.4,0,94,890
102,백령도,2023-12-14 03:00,5.5,.2,1.2,70,94,781
102,백령도,2023-12-14 04:00,6,,2.1,50,92,1020
102,백령도,2023-12-14 05:00,6.1,,1.5,70,90,833
102,백령도,2023-12-14 06:00,6.3,.2,2,70,95,253
102,백령도,2023-12-14 07:00,6.1,,3.4,70,96,219
102,백령도,2023-12-14 08:00,5.9,,3.1,50,97,157
102,백령도,2023-12-14 09:00,6.1,2.4,3.2,50,98,154
102,백령도,2023-12-14 10:00,6.7,,3.5,90,98,197
102,백령도,2023-12-14 11:00,6.5,,4.6,90,98,235
102,백령도,2023-12-14 12:00,6.6,3.2,4.7,90,98,282
102,백령도,2023-12-14 13:00,6.9,,4.5,90,98,251
102,백령도,2023-12-14 14:00,7.1,,4.4,90,98,348
102,백령도,2023-12-14 15:00,7.1,3.7,4.3,110,98,204
102,백령도,2023-12-14 16:00,7,,5.5,110,98,804
102,백령도,2023-12-14 17:00,7.1,,5.4,90,98,1516
102,백령도,2023-12-14 18:00,7.1,1.7,5.6,90,98,893
102,백령도,2023-12-14 19:00,7.1,,5.2,90,98,679
102,백령도,2023-12-14 20:00,7,,5,90,98,934
102,백령도,2023-12-14 21:00,7,1.5,5.5,90,97,1203
102,백령도,2023-12-14 22:00,7,,5.4,90,97,773
102,백령도,2023-12-14 23:00,7,,4.4,90,97,269
102,백령도,2023-12-15 00:00,7,4.7,4.4,90,98,320
102,백령도,2023-12-15 01:00,6.9,,1.6,20,98,376
102,백령도,2023-12-15 02:00,6.6,,2.7,50,98,378
102,백령도,2023-12-15 03:00,5.7,3.8,2,20,97,682
102,백령도,2023-12-15 04:00,5.7,,3.2,50,94,3482
102,백령도,2023-12-15 05:00,5.6,,4.3,70,92,5000
102,백령도,2023-12-15 06:00,5.7,.1,3.8,50,92,4787
102,백령도,2023-12-15 07:00,5.7,,2.4,50,96,298
102,백령도,2023-12-15 08:00,5.5,,5.8,360,94,4176
102,백령도,2023-12-15 09:00,6,0,5.2,360,93,3479
102,백령도,2023-12-15 10:00,5.2,,7.5,360,92,2387
102,백령도,2023-12-15 11:00,5.1,,7.6,360,91,1609
102,백령도,2023-12-15 12:00,5.2,.7,8.8,340,89,2746
102,백령도,2023-12-15 13:00,5.1,,7.6,340,88,3555
102,백령도,2023-12-15 14:00,4.5,,9.1,340,90,1742
102,백령도,2023-12-15 15:00,4.1,0,7.6,340,92,1291
102,백령도,2023-12-15 16:00,3.4,,7.4,340,93,821
102,백령도,2023-12-15 17:00,3.3,,6.6,340,92,1220
102,백령도,2023-12-15 18:00,3,0,8.9,320,89,1318
102,백령도,2023-12-15 19:00,1.3,,9,320,92,1078
102,백령도,2023-12-15 20:00,.3,,8.7,320,90,1012
102,백령도,2023-12-15 21:00,-.2,.2,7.8,320,91,1039
102,백령도,2023-12-15 22:00,-.5,,8.9,320,88,1256
102,백령도,2023-12-15 23:00,-.8,,7.7,320,86,1449
102,백령도,2023-12-16 00:00,-1.2,0,7.2,320,86,1450
102,백령도,2023-12-16 01:00,-1.6,,8.8,320,84,1563
102,백령도,2023-12-16 02:00,-2.1,,8.5,320,81,1395
102,백령도,2023-12-16 03:00,-2.9,.2,10,320,89,172
102,백령도,2023-12-16 04:00,-2.8,,8.9,320,82,669
102,백령도,2023-12-16 05:00,-3.4,,10.3,320,81,599
102,백령도,2023-12-16 06:00,-3.5,0,10.2,320,78,776
102,백령도,2023-12-16 07:00,-4.3,,12.2,320,85,118
102,백령도,2023-12-16 08:00,-4.1,,11.8,320,84,295
102,백령도,2023-12-16 09:00,-4.6,0,10.8,320,74,601
102,백령도,2023-12-16 10:00,-4.5,,11.1,320,68,2109
102,백령도,2023-12-16 11:00,-4.5,,10.9,320,64,3049
102,백령도,2023-12-16 12:00,-4.9,0,11.6,320,68,1382
102,백령도,2023-12-16 13:00,-5.1,,12.2,320,71,820
102,백령도,2023-12-16 14:00,-5.1,,11.3,320,64,3544
102,백령도,2023-12-16 15:00,-6,0,11.4,320,77,234
102,백령도,2023-12-16 16:00,-6,,10.9,320,75,1194
102,백령도,2023-12-16 17:00,-6.1,,11,320,64,1517
102,백령도,2023-12-16 18:00,-5.6,0,12.5,320,56,4462
102,백령도,2023-12-16 19:00,-5.9,,11.5,320,66,1292
102,백령도,2023-12-16 20:00,-6.6,,10.5,320,80,127
102,백령도,2023-12-16 21:00,-6.7,0,8.8,340,86,148
102,백령도,2023-12-16 22:00,-7.2,,10.2,340,80,121
102,백령도,2023-12-16 23:00,-8.1,,12.4,340,87,25
102,백령도,2023-12-17 00:00,-7.4,.6,10.4,340,80,709
102,백령도,2023-12-17 01:00,-7.7,,8.6,340,87,57
102,백령도,2023-12-17 02:00,-6.8,,8.9,340,67,2437
102,백령도,2023-12-17 03:00,-6.9,.2,8.7,320,54,4944
102,백령도,2023-12-17 04:00,-7.2,,6.8,320,63,3617
102,백령도,2023-12-17 05:00,-6.9,,7.1,340,57,4315
102,백령도,2023-12-17 06:00,-7.3,.1,7.3,340,65,1026
102,백령도,2023-12-17 07:00,-7.2,,9,340,70,3081
102,백령도,2023-12-17 08:00,-7.1,,7.2,340,70,2840
102,백령도,2023-12-17 09:00,-7,0,6.1,340,80,1120
102,백령도,2023-12-17 10:00,-6.8,,8.4,340,70,1896
102,백령도,2023-12-17 11:00,-6.6,,6.7,340,66,1494
102,백령도,2023-12-17 12:00,-6,.1,6.5,340,67,2354
102,백령도,2023-12-17 13:00,-5.5,,7.3,320,57,4231
102,백령도,2023-12-17 14:00,-5.9,,7.8,340,65,3858
102,백령도,2023-12-17 15:00,-5.9,0,7.2,340,66,3666
102,백령도,2023-12-17 16:00,-6.1,,7.1,340,74,1386
102,백령도,2023-12-17 17:00,-6.2,,6.2,340,69,2398
102,백령도,2023-12-17 18:00,-5.8,0,6.2,340,74,2016
102,백령도,2023-12-17 19:00,-5.3,,5.6,340,67,4805
102,백령도,2023-12-17 20:00,-5,,5.5,360,70,3786
102,백령도,2023-12-17 21:00,-4.9,0,3.1,320,68,3842
102,백령도,2023-12-17 22:00,-5.1,,3.4,340,79,463
102,백령도,2023-12-17 23:00,-5.7,,1.8,50,91,190
102,백령도,2023-12-18 00:00,-6,.7,2.9,70,92,681
102,백령도,2023-12-18 01:00,-6.6,,4.4,70,92,179
102,백령도,2023-12-18 02:00,-7.1,,4.3,90,92,175
102,백령도,2023-12-18 03:00,-6.9,.5,4.1,70,90,315
102,백령도,2023-12-18 04:00,-7,,4.3,70,89,472
102,백령도,2023-12-18 05:00,-7,,3.2,70,90,220
102,백령도,2023-12-18 06:00,-7.1,.3,3.9,90,86,537
102,백령도,2023-12-18 07:00,-7.3,,3.7,70,87,864
102,백령도,2023-12-18 08:00,-7.2,,2.2,70,88,422
102,백령도,2023-12-18 09:00,-7.1,.1,2.6,90,80,979
102,백령도,2023-12-18 10:00,-6.7,,3.9,90,74,4314
102,백령도,2023-12-18 11:00,-6.2,,3.8,70,74,3973
102,백령도,2023-12-18 12:00,-6.1,0,4.4,70,65,4177
102,백령도,2023-12-18 13:00,-6.3,,4,70,63,3833
102,백령도,2023-12-18 14:00,-5.8,,3.3,50,59,4187
102,백령도,2023-12-18 15:00,-5.6,,3,50,56,4418
102,백령도,2023-12-18 16:00,-5.6,,4.3,70,55,4791
102,백령도,2023-12-18 17:00,-5.7,,3.3,50,54,4847
102,백령도,2023-12-18 18:00,-5.4,,3.6,70,53,4945
102,백령도,2023-12-18 19:00,-5.4,,1.7,70,60,4135
102,백령도,2023-12-18 20:00,-4.9,,3.7,70,57,4792
102,백령도,2023-12-18 21:00,-5.1,,2.8,50,52,4729
102,백령도,2023-12-18 22:00,-4.8,,2.6,50,54,4782
102,백령도,2023-12-18 23:00,-4.7,,2.5,50,55,4649
102,백령도,2023-12-19 00:00,-4.5,,1.7,70,62,3879
102,백령도,2023-12-19 01:00,-4.5,,.9,110,68,3711
102,백령도,2023-12-19 02:00,-3.6,,2.7,110,62,4847
102,백령도,2023-12-19 03:00,-3.6,,3.1,110,61,4848
102,백령도,2023-12-19 04:00,-3.8,,2.8,140,58,4970
102,백령도,2023-12-19 05:00,-3.5,,3.4,140,58,4979
102,백령도,2023-12-19 06:00,-2.6,,4.4,140,69,4555
102,백령도,2023-12-19 07:00,-2.4,,4.3,140,76,893
102,백령도,2023-12-19 08:00,-2.4,,4.5,140,84,266
102,백령도,2023-12-19 09:00,-2.7,.4,4.4,140,89,131
102,백령도,2023-12-19 10:00,-2.3,,3.1,160,92,386
102,백령도,2023-12-19 11:00,-1.2,,5.3,160,88,830
102,백령도,2023-12-19 12:00,-.4,1.2,1.4,90,93,59
102,백령도,2023-12-19 13:00,-2.5,,3.5,90,93,328
102,백령도,2023-12-19 14:00,-1.8,,3.6,90,94,120
102,백령도,2023-12-19 15:00,-1.1,2.2,2,110,92,1557
102,백령도,2023-12-19 16:00,-.9,,1.6,110,91,222
102,백령도,2023-12-19 17:00,-1.1,,1.1,140,94,199
102,백령도,2023-12-19 18:00,-.9,1.1,1.2,90,96,273
102,백령도,2023-12-19 19:00,.4,,4.4,290,78,1176
102,백령도,2023-12-19 20:00,-2,,3.4,20,90,463
102,백령도,2023-12-19 21:00,-2.1,1.2,5.4,340,92,206
102,백령도,2023-12-19 22:00,-2,,8.5,320,75,473
102,백령도,2023-12-19 23:00,-2.4,,8.7,320,88,479
102,백령도,2023-12-20 00:00,-2.8,.9,7.8,340,72,971
102,백령도,2023-12-20 01:00,-3.8,,8.7,340,81,271
102,백령도,2023-12-20 02:00,-4.3,,9.7,340,76,716
102,백령도,2023-12-20 03:00,-5.3,0,10.1,340,71,766
102,백령도,2023-12-20 04:00,-5.9,,10,340,77,369
102,백령도,2023-12-20 05:00,-6.2,,9.3,340,68,899
102,백령도,2023-12-20 06:00,-6.4,0,9.1,340,70,1081
102,백령도,2023-12-20 07:00,-6.5,,9.7,340,79,390
102,백령도,2023-12-20 08:00,-7.1,,10.2,340,80,187
102,백령도,2023-12-20 09:00,-7.4,0,11.2,340,78,232
102,백령도,2023-12-20 10:00,-7.5,,11.6,340,73,1071
102,백령도,2023-12-20 11:00,-7.4,,10.7,340,73,893
102,백령도,2023-12-20 12:00,-7.7,0,10.7,340,74,467
102,백령도,2023-12-20 13:00,-7.3,,8.2,340,66,1808
102,백령도,2023-12-20 14:00,-8.1,,10.4,360,82,84
102,백령도,2023-12-20 15:00,-7.7,0,8.4,340,71,975
102,백령도,2023-12-20 16:00,-7.9,,8.6,320,67,1468
102,백령도,2023-12-20 17:00,-8,,9,340,79,1782
102,백령도,2023-12-20 18:00,-7.5,0,8.8,340,77,781
102,백령도,2023-12-20 19:00,-7.4,,11,320,67,1025
102,백령도,2023-12-20 20:00,-7.4,,9.5,320,59,955
102,백령도,2023-12-20 21:00,-7.4,0,9,340,62,809
102,백령도,2023-12-20 22:00,-7.8,,11.3,320,66,381
102,백령도,2023-12-20 23:00,-8.2,,9.3,340,79,102
102,백령도,2023-12-21 00:00,-8.8,0,11.5,340,72,211
102,백령도,2023-12-21 01:00,-8.9,,8.9,340,78,325
102,백령도,2023-12-21 02:00,-9.1,,8.1,340,78,238
102,백령도,2023-12-21 03:00,-9.6,.1,10.9,340,83,59
102,백령도,2023-12-21 04:00,-9.1,,8.9,340,73,698
102,백령도,2023-12-21 05:00,-8.9,,9,340,65,1824
102,백령도,2023-12-21 06:00,-9.2,0,10.7,340,76,200
102,백령도,2023-12-21 07:00,-9.3,,9.3,340,78,139
102,백령도,2023-12-21 08:00,-9.3,,10.4,340,72,342
102,백령도,2023-12-21 09:00,-9,0,9.4,360,82,184
102,백령도,2023-12-21 10:00,-9,,9.5,340,78,239
102,백령도,2023-12-21 11:00,-8.6,,10.2,340,81,110
102,백령도,2023-12-21 12:00,-8,0,9.6,360,68,2392
102,백령도,2023-12-21 13:00,-8.4,,9.2,360,85,103
102,백령도,2023-12-21 14:00,-8.1,,8.4,340,71,1778
102,백령도,2023-12-21 15:00,-8,0,7.6,320,71,516
102,백령도,2023-12-21 16:00,-8.3,,9.4,340,81,109
102,백령도,2023-12-21 17:00,-7.9,,7.8,340,75,618
102,백령도,2023-12-21 18:00,-7.9,.2,7.3,320,80,280
102,백령도,2023-12-21 19:00,-7.5,,8.5,320,68,541
102,백령도,2023-12-21 20:00,-6.9,,7.9,340,61,4914
102,백령도,2023-12-21 21:00,-7.9,.7,11.1,340,78,215
102,백령도,2023-12-21 22:00,-8.5,,12.7,340,77,300
102,백령도,2023-12-21 23:00,-8.3,,12,340,68,1217
102,백령도,2023-12-22 00:00,-8.2,0,11.5,340,74,333
102,백령도,2023-12-22 01:00,-8.2,,11.6,340,86,68
102,백령도,2023-12-22 02:00,-7.8,,11.2,360,68,673
102,백령도,2023-12-22 03:00,-7.8,0,10.5,340,68,1163
102,백령도,2023-12-22 04:00,-8.3,,10.5,360,79,188
102,백령도,2023-12-22 05:00,-8,,11.1,340,80,235
102,백령도,2023-12-22 06:00,-8.2,0,10.1,360,80,361
102,백령도,2023-12-22 07:00,-8.4,,9.8,360,82,126
102,백령도,2023-12-22 08:00,-8.2,,8.9,360,80,226
102,백령도,2023-12-22 09:00,-7.8,0,7.9,360,76,633
102,백령도,2023-12-22 10:00,-7.7,,6.8,360,83,356
102,백령도,2023-12-22 11:00,-7.4,,6.3,360,81,268
102,백령도,2023-12-22 12:00,-7.3,.1,6.7,360,77,542
102,백령도,2023-12-22 13:00,-6.8,,7.1,340,79,510
102,백령도,2023-12-22 14:00,-6,,7,360,80,1230
102,백령도,2023-12-22 15:00,-5.4,.1,6.2,340,67,3216
102,백령도,2023-12-22 16:00,-5.4,,6.8,360,80,1637
102,백령도,2023-12-22 17:00,-5.5,,7.2,340,84,394
102,백령도,2023-12-22 18:00,-5,.3,6.1,320,71,3279
102,백령도,2023-12-22 19:00,-4.7,,4.6,340,70,2198
102,백령도,2023-12-22 20:00,-4.5,,5.7,340,67,4160
102,백령도,2023-12-22 21:00,-4.3,0,6.2,340,63,4997
102,백령도,2023-12-22 22:00,-4.8,,3,360,81,4345
102,백령도,2023-12-22 23:00,-5.4,,3.1,70,82,3590
102,백령도,2023-12-23 00:00,-6.2,0,2,90,85,997
102,백령도,2023-12-23 01:00,-6.1,,3.5,90,88,336
102,백령도,2023-12-23 02:00,-6.2,,3.3,110,89,322
102,백령도,2023-12-23 03:00,-6.7,.3,3.8,110,88,1171
102,백령도,2023-12-23 04:00,-6.7,,2.4,90,85,2482
102,백령도,2023-12-23 05:00,-6.6,,3.7,110,84,2964
102,백령도,2023-12-23 06:00,-6.8,0,3.3,110,84,3013
102,백령도,2023-12-23 07:00,-6.8,,3,110,79,3680
102,백령도,2023-12-23 08:00,-6.4,,3.5,90,73,3947
102,백령도,2023-12-23 09:00,-6,,3.6,110,68,4255
102,백령도,2023-12-23 10:00,-5,,4.1,110,61,3814
102,백령도,2023-12-23 11:00,-4.9,,4,110,55,4811
102,백령도,2023-12-23 12:00,-4.4,,3,110,59,4390
102,백령도,2023-12-23 13:00,-4,,3.6,110,55,4400
102,백령도,2023-12-23 14:00,-3.2,,4.4,90,55,4661
102,백령도,2023-12-23 15:00,-3.2,,4.7,110,57,3658
102,백령도,2023-12-23 16:00,-3,,4.6,110,64,3582
102,백령도,2023-12-23 17:00,-2.9,,4.5,110,64,2920
102,백령도,2023-12-23 18:00,-3.3,,3.8,110,69,2579
102,백령도,2023-12-23 19:00,-3.4,,3.9,110,72,2577
102,백령도,2023-12-23 20:00,-3.8,,4.8,90,76,2388
102,백령도,2023-12-23 21:00,-3.6,0,4.1,90,82,933
102,백령도,2023-12-23 22:00,-3.3,,3.8,110,78,2884
102,백령도,2023-12-23 23:00,-3.8,,3.7,110,84,137
102,백령도,2023-12-24 00:00,-4.2,.8,4.8,110,89,455
102,백령도,2023-12-24 01:00,-3.9,,4.1,110,75,2771
102,백령도,2023-12-24 02:00,-3.7,,4,110,76,2460
102,백령도,2023-12-24 03:00,-3.9,.3,2.5,110,88,80
102,백령도,2023-12-24 04:00,-3.8,,3.2,110,90,1796
102,백령도,2023-12-24 05:00,-3.3,,3.4,110,88,1951
102,백령도,2023-12-24 06:00,-3.4,.2,4.1,110,89,1523
102,백령도,2023-12-24 07:00,-3,,3.6,110,91,1991
102,백령도,2023-12-24 08:00,-2.9,,2.8,90,92,279
102,백령도,2023-12-24 09:00,-2.4,.5,3,110,91,473
102,백령도,2023-12-24 10:00,-2.3,,2.7,90,90,2100
102,백령도,2023-12-24 11:00,-1.2,,2.1,110,85,1787
102,백령도,2023-12-24 12:00,-1,.1,2.5,140,83,2045
102,백령도,2023-12-24 13:00,0,,1.7,140,79,1963
102,백령도,2023-12-24 14:00,-.4,,1.9,180,79,637
102,백령도,2023-12-24 15:00,-.5,0,1.1,230,90,170
102,백령도,2023-12-24 16:00,0,,.7,140,86,1260
102,백령도,2023-12-24 17:00,.7,,2.9,270,61,3385
102,백령도,2023-12-24 18:00,.4,0,3.1,250,72,2606
102,백령도,2023-12-24 19:00,.1,,2.2,270,84,1555
102,백령도,2023-12-24 20:00,.7,,4.4,290,84,847
102,백령도,2023-12-24 21:00,1.3,.4,5.3,270,51,2977
102,백령도,2023-12-24 22:00,1.4,,6.3,290,62,2724
102,백령도,2023-12-24 23:00,1.8,,5.5,290,59,2666
102,백령도,2023-12-25 00:00,1.4,0,3.8,270,69,2053
102,백령도,2023-12-25 01:00,1.3,,5.8,270,60,1403
102,백령도,2023-12-25 02:00,1,,6.2,270,64,1171
102,백령도,2023-12-25 03:00,1.3,0,6,270,69,1024
102,백령도,2023-12-25 04:00,.9,,7.4,320,86,1394
102,백령도,2023-12-25 05:00,1.4,,6,290,66,2376
102,백령도,2023-12-25 06:00,1.3,.2,7,320,62,3079
102,백령도,2023-12-25 07:00,.8,,6.3,320,53,3548
102,백령도,2023-12-25 08:00,.9,,4.9,320,55,3609
102,백령도,2023-12-25 09:00,-.2,0,4.4,360,84,1024
102,백령도,2023-12-25 10:00,.3,,2.1,20,70,2127
102,백령도,2023-12-25 11:00,.6,,2.5,360,63,2216
102,백령도,2023-12-25 12:00,.8,0,3.3,360,61,1991
102,백령도,2023-12-25 13:00,1.3,,2.2,360,61,2077
102,백령도,2023-12-25 14:00,1.1,,2.3,360,65,2358
102,백령도,2023-12-25 15:00,.9,,1.8,360,68,2038
102,백령도,2023-12-25 16:00,1.5,,.7,110,65,2208
102,백령도,2023-12-25 17:00,.7,,1.2,140,70,1856
102,백령도,2023-12-25 18:00,.1,,1.5,200,75,1411
102,백령도,2023-12-25 19:00,.6,,2.1,270,63,2537
102,백령도,2023-12-25 20:00,.8,,1.8,250,61,3504
102,백령도,2023-12-25 21:00,1.2,,2,250,61,3832
102,백령도,2023-12-25 22:00,2,,2,230,63,2985
102,백령도,2023-12-25 23:00,2.4,,4.8,270,64,1461
102,백령도,2023-12-26 00:00,2.4,,3.7,250,64,1609
102,백령도,2023-12-26 01:00,2.2,,3,230,65,1978
102,백령도,2023-12-26 02:00,2.6,,3.6,250,67,1802
102,백령도,2023-12-26 03:00,2.4,,3.7,250,65,2230
102,백령도,2023-12-26 04:00,2.3,,3.8,250,62,1554
102,백령도,2023-12-26 05:00,3,,4.5,270,56,2032
102,백령도,2023-12-26 06:00,3.2,,4.2,270,57,1910
102,백령도,2023-12-26 07:00,3.5,,5.1,270,57,1744
102,백령도,2023-12-26 08:00,3.4,,3.5,270,57,1959
102,백령도,2023-12-26 09:00,4.8,,5.4,290,52,1904
102,백령도,2023-12-26 10:00,5.4,,4.7,290,51,1767
102,백령도,2023-12-26 11:00,6,,4.3,320,51,1407
102,백령도,2023-12-26 12:00,6.1,,5,320,51,1230
102,백령도,2023-12-26 13:00,5,,6.4,340,63,692
102,백령도,2023-12-26 14:00,5.1,,4.3,360,58,907
102,백령도,2023-12-26 15:00,4.1,,4.5,360,68,819
102,백령도,2023-12-26 16:00,3.5,,4.8,360,71,709
102,백령도,2023-12-26 17:00,2.5,,3.5,360,74,725
102,백령도,2023-12-26 18:00,2,,3.9,360,75,853
102,백령도,2023-12-26 19:00,2.2,,4.9,360,65,3535
102,백령도,2023-12-26 20:00,2.1,,4.2,360,62,3589
102,백령도,2023-12-26 21:00,2,,4.7,360,68,1661
102,백령도,2023-12-26 22:00,2,,5.1,360,68,1825
102,백령도,2023-12-26 23:00,1.9,,4.4,360,66,1928
102,백령도,2023-12-27 00:00,1.5,,3,20,70,1805
102,백령도,2023-12-27 01:00,.9,,2.6,20,62,1641
102,백령도,2023-12-27 02:00,.7,,2.2,20,57,1635
102,백령도,2023-12-27 03:00,.5,,3.3,360,55,1995
102,백령도,2023-12-27 04:00,.2,,2,20,48,2525
102,백령도,2023-12-27 05:00,.2,,1.4,20,50,2480
102,백령도,2023-12-27 06:00,0,,1.7,50,49,2586
102,백령도,2023-12-27 07:00,-.1,,1.7,20,54,2507
102,백령도,2023-12-27 08:00,-.3,,2,360,53,2623
102,백령도,2023-12-27 09:00,.5,,1.6,20,54,2233
102,백령도,2023-12-27 10:00,1.4,,2,50,45,2315
102,백령도,2023-12-27 11:00,2.1,,1.4,50,41,2802
102,백령도,2023-12-27 12:00,2.4,,1.8,50,38,2824
102,백령도,2023-12-27 13:00,2.4,,2.2,340,43,2820
102,백령도,2023-12-27 14:00,2.2,,2.7,290,46,2839
102,백령도,2023-12-27 15:00,2.2,,3.7,320,49,2838
102,백령도,2023-12-27 16:00,2.2,,3.4,340,48,2685
102,백령도,2023-12-27 17:00,1.7,,1.4,340,48,3032
102,백령도,2023-12-27 18:00,.3,,1.2,320,63,2639
102,백령도,2023-12-27 19:00,.8,,.4,0,65,2338
102,백령도,2023-12-27 20:00,.4,,1.1,290,70,2253
102,백령도,2023-12-27 21:00,.3,,.9,270,74,2091
102,백령도,2023-12-27 22:00,.5,,1,290,74,2220
102,백령도,2023-12-27 23:00,.9,,1,250,75,2315
102,백령도,2023-12-28 00:00,.9,,.8,250,74,2484
102,백령도,2023-12-28 01:00,1,,.4,0,75,2539
102,백령도,2023-12-28 02:00,1.9,,1.1,250,73,2917
102,백령도,2023-12-28 03:00,1.4,,1.3,270,68,4630
102,백령도,2023-12-28 04:00,1.7,,1.3,270,67,4617
102,백령도,2023-12-28 05:00,1.5,,1.3,270,69,4520
102,백령도,2023-12-28 06:00,1.4,,1.5,270,66,4913
102,백령도,2023-12-28 07:00,1.6,,1.6,270,66,4877
102,백령도,2023-12-28 08:00,1.6,,.3,0,65,4877
102,백령도,2023-12-28 09:00,2.1,,1.8,90,78,2343
102,백령도,2023-12-28 10:00,2.4,,1.7,90,85,1329
102,백령도,2023-12-28 11:00,2.4,,2.1,110,85,1223
102,백령도,2023-12-28 12:00,2.6,,2.1,110,83,1216
102,백령도,2023-12-28 13:00,3.1,,1.2,110,79,1518
102,백령도,2023-12-28 14:00,3.2,,2.8,90,76,2220
102,백령도,2023-12-28 15:00,3.4,0,1.8,140,80,1964
102,백령도,2023-12-28 16:00,3.1,,.9,160,87,1194
102,백령도,2023-12-28 17:00,3.2,,1.6,110,86,1113
102,백령도,2023-12-28 18:00,3.2,0,1.4,110,86,856
102,백령도,2023-12-28 19:00,3.2,,1.4,140,86,1009
102,백령도,2023-12-28 20:00,3.3,,1,140,84,1265
102,백령도,2023-12-28 21:00,3.6,,.3,0,82,1403
102,백령도,2023-12-28 22:00,2.9,,1.2,20,84,1185
102,백령도,2023-12-28 23:00,2.3,,1.7,290,72,1490
102,백령도,2023-12-29 00:00,2.4,,1.9,290,70,2029
102,백령도,2023-12-29 01:00,2.9,,1.7,290,68,1990
102,백령도,2023-12-29 02:00,3.6,,2.6,320,60,2402
102,백령도,2023-12-29 03:00,3,,1.2,320,64,2505
102,백령도,2023-12-29 04:00,3,,1,320,65,2573
102,백령도,2023-12-29 05:00,3.5,,1.7,320,64,2667
102,백령도,2023-12-29 06:00,3.4,,1.1,110,77,1489
102,백령도,2023-12-29 07:00,2.7,,.3,0,82,1029
102,백령도,2023-12-29 08:00,2.9,,0,0,81,1197
102,백령도,2023-12-29 09:00,3.3,,.5,180,72,1608
102,백령도,2023-12-29 10:00,4.2,,1.5,230,64,1746
102,백령도,2023-12-29 11:00,4.9,,1,320,62,1970
102,백령도,2023-12-29 12:00,5.4,,2.9,250,58,2220
102,백령도,2023-12-29 13:00,5.5,,2.4,270,59,2579
102,백령도,2023-12-29 14:00,5.5,,2,250,58,2095
102,백령도,2023-12-29 15:00,5.3,,3.1,250,58,1797
102,백령도,2023-12-29 16:00,5.4,,2.2,250,59,1549
102,백령도,2023-12-29 17:00,4.6,,1.4,250,65,945
102,백령도,2023-12-29 18:00,3.8,,1,230,69,672
102,백령도,2023-12-29 19:00,3.4,,.1,0,71,635
102,백령도,2023-12-29 20:00,3.7,,.4,0,70,638
102,백령도,2023-12-29 21:00,3.6,,.8,180,72,606
102,백령도,2023-12-29 22:00,3.5,,2.4,140,88,752
102,백령도,2023-12-29 23:00,3.5,,2.6,140,89,712
102,백령도,2023-12-30 00:00,3.6,,3.1,140,88,743
102,백령도,2023-12-30 01:00,3.7,,3.3,140,87,735
102,백령도,2023-12-30 02:00,3.5,,4.2,140,88,632
102,백령도,2023-12-30 03:00,3.6,,4.4,140,85,812
102,백령도,2023-12-30 04:00,3.4,,4.4,140,87,718
102,백령도,2023-12-30 05:00,3,,4.7,140,91,409
102,백령도,2023-12-30 06:00,3,.9,5.4,110,91,461
102,백령도,2023-12-30 07:00,2.7,,6.3,110,91,369
102,백령도,2023-12-30 08:00,2.6,,5.7,140,94,263
102,백령도,2023-12-30 09:00,2.3,.9,6.5,110,94,213
102,백령도,2023-12-30 10:00,2.3,,7.2,110,95,191
102,백령도,2023-12-30 11:00,2.4,,6.4,110,96,184
102,백령도,2023-12-30 12:00,2.4,1.5,5.6,110,96,142
102,백령도,2023-12-30 13:00,2.4,,5.3,110,97,156
102,백령도,2023-12-30 14:00,2.1,,6.6,110,97,135
102,백령도,2023-12-30 15:00,2.3,2,6.8,140,97,168
102,백령도,2023-12-30 16:00,2.5,,7.1,140,97,169
102,백령도,2023-12-30 17:00,2.5,,7.1,140,97,172
102,백령도,2023-12-30 18:00,2.6,1.2,6.8,110,97,138
102,백령도,2023-12-30 19:00,2.5,,6.1,110,97,172
102,백령도,2023-12-30 20:00,2.7,,6.5,110,97,257
102,백령도,2023-12-30 21:00,2.9,.6,5.7,110,97,301
102,백령도,2023-12-30 22:00,3.4,,5.8,140,97,313
102,백령도,2023-12-30 23:00,3.7,,5.1,110,97,311
102,백령도,2023-12-31 00:00,3.7,.3,3.3,70,97,247
