지점,지점명,일시,기온(°C),강수량(mm),풍속(m/s),풍향(16방위),습도(%),시정(10m)
102,백령도,2020-01-01 01:00,1.8,,7.5,320,56,4267
102,백령도,2020-01-01 02:00,1.7,,6.2,290,60,3546
102,백령도,2020-01-01 03:00,1.7,,6.7,290,57,3724
102,백령도,2020-01-01 04:00,1.8,,5.4,290,61,3526
102,백령도,2020-01-01 05:00,2.3,,5.8,290,60,3221
102,백령도,2020-01-01 06:00,2.5,0,6.6,290,58,3299
102,백령도,2020-01-01 07:00,2.5,,6.6,290,62,3164
102,백령도,2020-01-01 08:00,2.7,,5.4,320,60,3095
102,백령도,2020-01-01 09:00,2.7,0,4.4,290,58,3355
102,백령도,2020-01-01 10:00,3.3,,4.9,290,54,3340
102,백령도,2020-01-01 11:00,2,,3.6,70,76,2536
102,백령도,2020-01-01 12:00,1.6,,3,90,82,2569
102,백령도,2020-01-01 13:00,1.5,,2.4,90,81,2484
102,백령도,2020-01-01 14:00,1.8,,1.1,90,81,2289
102,백령도,2020-01-01 15:00,2.1,0,1,90,81,2204
102,백령도,2020-01-01 16:00,2.2,,.4,0,83,2219
102,백령도,2020-01-01 17:00,2,,.9,180,84,2136
102,백령도,2020-01-01 18:00,1.9,0,0,0,84,1942
102,백령도,2020-01-01 19:00,2.1,,1.1,140,85,1988
102,백령도,2020-01-01 20:00,2.2,,3.1,90,86,2114
102,백령도,2020-01-01 21:00,2.1,0,1.9,90,86,2113
102,백령도,2020-01-01 22:00,2.3,,2.4,90,86,2070
102,백령도,2020-01-01 23:00,2.3,,1.4,110,86,1973
102,백령도,2020-01-02 00:00,2.2,,1.5,110,86,1864
102,백령도,2020-01-02 01:00,2.4,,2.1,90,86,1921
102,백령도,2020-01-02 02:00,2.4,,1,140,86,1809
102,백령도,2020-01-02 03:00,2.6,,2.4,90,88,1714
102,백령도,2020-01-02 04:00,2.6,,1.6,110,89,1628
102,백령도,2020-01-02 05:00,3.2,,4.3,290,74,1954
102,백령도,2020-01-02 06:00,3.8,,4.5,290,67,1750
102,백령도,2020-01-02 07:00,3.7,,4.4,290,64,2142
102,백령도,2020-01-02 08:00,3.6,,3.4,290,65,2197
102,백령도,2020-01-02 09:00,3.8,,4.4,320,67,1965
102,백령도,2020-01-02 10:00,4,,4.1,320,62,1813
102,백령도,2020-01-02 11:00,4.8,,4.8,320,58,1733
102,백령도,2020-01-02 12:00,4.4,,4.2,290,62,1630
102,백령도,2020-01-02 13:00,4.7,,5.5,290,62,1559
102,백령도,2020-01-02 14:00,4.2,,6,320,64,1418
102,백령도,2020-01-02 15:00,4.1,,6.3,320,63,1387
102,백령도,2020-01-02 16:00,3.6,,5.1,320,62,1326
102,백령도,2020-01-02 17:00,3.1,,4,320,64,1282
102,백령도,2020-01-02 18:00,3.2,,4.3,320,65,1388
102,백령도,2020-01-02 19:00,3.4,,3.8,320,66,1381
102,백령도,2020-01-02 20:00,3.6,,4.3,320,66,1322
102,백령도,2020-01-02 21:00,3.5,,4.4,290,67,1334
102,백령도,2020-01-02 22:00,3.2,,4,320,66,1337
102,백령도,2020-01-02 23:00,3.5,,5.6,320,66,1295
102,백령도,2020-01-03 00:00,3.4,,5.4,320,67,1268
102,백령도,2020-01-03 01:00,3.5,,4.4,320,68,1138
102,백령도,2020-01-03 02:00,3.1,,4.6,340,70,1338
102,백령도,2020-01-03 03:00,2.9,,3.7,340,61,1979
102,백령도,2020-01-03 04:00,2.7,,4.8,340,58,2270
102,백령도,2020-01-03 05:00,2.4,,3,340,62,1870
102,백령도,2020-01-03 06:00,1.8,,1.9,20,71,1530
102,백령도,2020-01-03 07:00,1.1,,2.4,70,75,1370
102,백령도,2020-01-03 08:00,.3,,.7,90,79,1354
102,백령도,2020-01-03 09:00,1.1,,.2,0,79,1264
102,백령도,2020-01-03 10:00,3.6,,.9,140,71,1291
102,백령도,2020-01-03 11:00,4.2,,2.8,320,69,1440
102,백령도,2020-01-03 12:00,5,,3.6,360,65,1480
102,백령도,2020-01-03 13:00,4.8,,3.6,340,65,1626
102,백령도,2020-01-03 14:00,4.9,,3.7,340,62,1682
102,백령도,2020-01-03 15:00,5,,3.5,320,60,1838
102,백령도,2020-01-03 16:00,5,,3.3,340,56,2510
102,백령도,2020-01-03 17:00,4.3,,3.1,340,57,2878
102,백령도,2020-01-03 18:00,3.3,,2.8,340,62,3137
102,백령도,2020-01-03 19:00,2.5,,1.5,290,64,2832
102,백령도,2020-01-03 20:00,2.5,,1.6,270,66,2747
102,백령도,2020-01-03 21:00,2.8,,1.5,270,70,2307
102,백령도,2020-01-03 22:00,3.5,,3.3,290,68,2832
102,백령도,2020-01-03 23:00,4.4,,3.1,290,68,2051
102,백령도,2020-01-04 00:00,4.5,,3,290,72,1650
102,백령도,2020-01-04 01:00,4.6,,1.9,270,72,1610
102,백령도,2020-01-04 02:00,5.5,,3.7,290,69,1441
102,백령도,2020-01-04 03:00,5.6,,4.4,290,68,1679
102,백령도,2020-01-04 04:00,5.5,,3.8,320,66,1285
102,백령도,2020-01-04 05:00,5.6,,3.9,320,68,1307
102,백령도,2020-01-04 06:00,5.4,,3.3,340,71,1182
102,백령도,2020-01-04 07:00,5.2,,3.3,320,72,1198
102,백령도,2020-01-04 08:00,5.2,,3.8,340,68,1418
102,백령도,2020-01-04 09:00,5.7,,3.8,340,65,1514
102,백령도,2020-01-04 10:00,6.1,,3.4,360,63,1376
102,백령도,2020-01-04 11:00,6.6,,3.5,360,58,1447
102,백령도,2020-01-04 12:00,6.3,,4.2,360,46,2618
102,백령도,2020-01-04 13:00,6.6,,3.7,340,46,2561
102,백령도,2020-01-04 14:00,6.3,,4,340,46,2575
102,백령도,2020-01-04 15:00,6.1,,4.2,360,42,2891
102,백령도,2020-01-04 16:00,5.7,,3.1,340,48,3111
102,백령도,2020-01-04 17:00,4.9,,3.1,340,47,3438
102,백령도,2020-01-04 18:00,3.8,,3.2,360,57,2814
102,백령도,2020-01-04 19:00,3.5,,3.3,360,64,2097
102,백령도,2020-01-04 20:00,3.8,,2.8,20,64,2510
102,백령도,2020-01-04 21:00,3.9,,3.8,360,57,3225
102,백령도,2020-01-04 22:00,3.7,,2.9,360,58,3229
102,백령도,2020-01-04 23:00,3.3,,1.7,20,57,3218
102,백령도,2020-01-05 00:00,3.4,,2.2,360,55,2744
102,백령도,2020-01-05 01:00,3.7,,3.3,360,56,2461
102,백령도,2020-01-05 02:00,3.6,,2.8,360,62,2138
102,백령도,2020-01-05 03:00,3.4,,1.8,20,64,2051
102,백령도,2020-01-05 04:00,3,,2.2,50,66,2020
102,백령도,2020-01-05 05:00,2,,.6,160,66,1799
102,백령도,2020-01-05 06:00,2.2,,1.2,70,68,2034
102,백령도,2020-01-05 07:00,1.7,,.3,0,68,2065
102,백령도,2020-01-05 08:00,2,,.9,70,73,1863
102,백령도,2020-01-05 09:00,2.8,,0,0,70,1779
102,백령도,2020-01-05 10:00,5.3,,.9,110,62,1812
102,백령도,2020-01-05 11:00,6.2,,1.1,340,58,1784
102,백령도,2020-01-05 12:00,6.3,,1.6,320,55,2026
102,백령도,2020-01-05 13:00,6.4,,1.3,110,62,1727
102,백령도,2020-01-05 14:00,6.3,,1.6,340,55,2296
102,백령도,2020-01-05 15:00,5.8,,1.8,340,56,2360
102,백령도,2020-01-05 16:00,5.5,,1.6,340,60,2185
102,백령도,2020-01-05 17:00,4.8,,1.2,270,63,2166
102,백령도,2020-01-05 18:00,3.9,,.8,290,65,2230
102,백령도,2020-01-05 19:00,3.9,,.3,0,64,2573
102,백령도,2020-01-05 20:00,3.6,,0,0,66,2262
102,백령도,2020-01-05 21:00,2.8,,.1,0,72,2214
102,백령도,2020-01-05 22:00,3.2,,.6,140,72,1831
102,백령도,2020-01-05 23:00,3.9,,2,110,72,1847
102,백령도,2020-01-06 00:00,3.8,,1.6,110,78,1734
102,백령도,2020-01-06 01:00,3.8,,2.5,140,82,2008
102,백령도,2020-01-06 02:00,4.2,,2.8,110,67,2563
102,백령도,2020-01-06 03:00,4.1,,1.6,140,60,2635
102,백령도,2020-01-06 04:00,4.1,,1.9,110,56,2653
102,백령도,2020-01-06 05:00,4,,1.8,140,55,2500
102,백령도,2020-01-06 06:00,4.1,,2.2,140,62,2467
102,백령도,2020-01-06 07:00,4.2,,3.3,140,67,2113
102,백령도,2020-01-06 08:00,4.3,,3.5,110,71,1711
102,백령도,2020-01-06 09:00,4,0,4.5,110,76,1480
102,백령도,2020-01-06 10:00,3.6,,4.6,90,83,1090
102,백령도,2020-01-06 11:00,3.6,,5.1,90,87,1094
102,백령도,2020-01-06 12:00,3.4,.5,5.2,90,88,1054
102,백령도,2020-01-06 13:00,3.4,,5.6,90,87,1137
102,백령도,2020-01-06 14:00,3.5,,4.8,110,89,960
102,백령도,2020-01-06 15:00,3.2,.2,5.5,110,92,645
102,백령도,2020-01-06 16:00,3.1,,4.9,90,95,401
102,백령도,2020-01-06 17:00,2.9,,5.6,90,96,292
102,백령도,2020-01-06 18:00,3.2,.6,5.7,90,97,301
102,백령도,2020-01-06 19:00,3.6,,5.5,70,98,229
102,백령도,2020-01-06 20:00,4,,5.8,70,98,345
102,백령도,2020-01-06 21:00,4.3,.9,5.6,90,99,434
102,백령도,2020-01-06 22:00,4.5,,4.3,70,99,446
102,백령도,2020-01-06 23:00,4.8,,4.6,90,99,667
102,백령도,2020-01-07 00:00,4.4,.3,3.7,50,99,402
102,백령도,2020-01-07 01:00,4.7,,3.9,50,99,1087
102,백령도,2020-01-07 02:00,4.5,,2.5,360,99,1564
102,백령도,2020-01-07 03:00,4.4,1.1,3.2,50,99,1247
102,백령도,2020-01-07 04:00,4.6,,2.1,20,98,1239
102,백령도,2020-01-07 05:00,4.6,,3.5,360,98,716
102,백령도,2020-01-07 06:00,4.7,5.3,4,360,98,1189
102,백령도,2020-01-07 07:00,4.1,,5.4,340,97,1354
102,백령도,2020-01-07 08:00,4,,2.5,360,97,1066
102,백령도,2020-01-07 09:00,4.1,1.7,1.1,360,96,1999
102,백령도,2020-01-07 10:00,4.3,,1.2,360,96,942
102,백령도,2020-01-07 11:00,4.5,,2,360,96,1016
102,백령도,2020-01-07 12:00,5.4,2.4,2.6,50,96,1664
102,백령도,2020-01-07 13:00,5.1,,2.6,360,94,642
102,백령도,2020-01-07 14:00,5.1,,1.8,360,96,762
102,백령도,2020-01-07 15:00,5.2,5.4,4,360,96,973
102,백령도,2020-01-07 16:00,4.5,,6.2,360,98,602
102,백령도,2020-01-07 17:00,4.7,,3.2,360,98,1063
102,백령도,2020-01-07 18:00,4.8,7.2,2.3,360,97,909
102,백령도,2020-01-07 19:00,4.8,,3.5,360,97,1138
102,백령도,2020-01-07 20:00,4.8,,5.9,340,98,752
102,백령도,2020-01-07 21:00,4.7,8.4,8.5,340,98,1046
102,백령도,2020-01-07 22:00,4.9,,9,340,97,1036
102,백령도,2020-01-07 23:00,5,,10.6,340,97,1027
102,백령도,2020-01-08 00:00,3.6,3.6,15.9,340,95,559
102,백령도,2020-01-08 01:00,3.1,,16.7,340,96,470
102,백령도,2020-01-08 02:00,2.8,,11.2,340,96,439
102,백령도,2020-01-08 03:00,2.1,3,11.2,340,97,438
102,백령도,2020-01-08 04:00,1.8,,11.8,340,95,562
102,백령도,2020-01-08 05:00,1.9,,10.3,320,89,716
102,백령도,2020-01-08 06:00,2,.3,10.9,340,86,832
102,백령도,2020-01-08 07:00,1.8,,11.1,340,82,935
102,백령도,2020-01-08 08:00,1.9,,13.1,340,85,1004
102,백령도,2020-01-08 09:00,1.5,,9.9,340,82,1075
102,백령도,2020-01-08 10:00,1.3,,8.9,340,83,1035
102,백령도,2020-01-08 11:00,.8,,10.5,340,85,975
102,백령도,2020-01-08 12:00,.6,,9.7,340,87,990
102,백령도,2020-01-08 13:00,.6,,9.3,320,85,1147
102,백령도,2020-01-08 14:00,.8,,8.7,340,86,1218
102,백령도,2020-01-08 15:00,.7,,8.4,340,84,1307
102,백령도,2020-01-08 16:00,1,,8.3,320,81,1493
102,백령도,2020-01-08 17:00,1.3,,7.7,320,80,1570
102,백령도,2020-01-08 18:00,1.5,,7.9,320,76,1638
102,백령도,2020-01-08 19:00,1.4,,8.7,320,74,1818
102,백령도,2020-01-08 20:00,1.2,,9.3,320,71,1871
102,백령도,2020-01-08 21:00,1.3,,7.6,340,73,1631
102,백령도,2020-01-08 22:00,1.1,,10,340,74,1650
102,백령도,2020-01-08 23:00,1,,10.9,340,74,1785
102,백령도,2020-01-09 00:00,.7,,11,340,72,1712
102,백령도,2020-01-09 01:00,.5,,12.1,340,70,2016
102,백령도,2020-01-09 02:00,.5,,11.2,340,71,2155
102,백령도,2020-01-09 03:00,.5,,10.9,340,74,2197
102,백령도,2020-01-09 04:00,.5,,9.9,340,78,2794
102,백령도,2020-01-09 05:00,.3,,10.8,340,73,4398
102,백령도,2020-01-09 06:00,.5,,10.7,340,76,4455
102,백령도,2020-01-09 07:00,.3,,7.7,340,74,4256
102,백령도,2020-01-09 08:00,.4,,7.4,340,72,4695
102,백령도,2020-01-09 09:00,.4,,10,340,74,3897
102,백령도,2020-01-09 10:00,.1,,9.3,340,73,3453
102,백령도,2020-01-09 11:00,.2,,9.2,340,72,3064
102,백령도,2020-01-09 12:00,.5,,10.1,340,70,3025
102,백령도,2020-01-09 13:00,.7,,8.8,340,70,2900
102,백령도,2020-01-09 14:00,.6,,7.3,360,71,2731
102,백령도,2020-01-09 15:00,1.1,,7.4,340,72,2623
102,백령도,2020-01-09 16:00,.9,,6.4,360,73,2589
102,백령도,2020-01-09 17:00,.4,,6.4,340,73,2734
102,백령도,2020-01-09 18:00,.6,,6.9,340,75,3231
102,백령도,2020-01-09 19:00,.9,,6.6,340,73,2990
102,백령도,2020-01-09 20:00,1,,5.8,340,73,2903
102,백령도,2020-01-09 21:00,1.1,,5,340,74,3319
102,백령도,2020-01-09 22:00,1.2,,5.2,340,72,3553
102,백령도,2020-01-09 23:00,1.1,,3.8,340,72,3765
102,백령도,2020-01-10 00:00,1.4,,5,340,70,3775
102,백령도,2020-01-10 01:00,1.4,,3.5,320,73,3643
102,백령도,2020-01-10 02:00,1.5,,4,320,73,3782
102,백령도,2020-01-10 03:00,1.8,,3.5,340,74,3568
102,백령도,2020-01-10 04:00,1.7,,3,360,74,3349
102,백령도,2020-01-10 05:00,1.7,,2.4,360,74,3101
102,백령도,2020-01-10 06:00,1.4,,1.6,70,79,2321
102,백령도,2020-01-10 07:00,.6,,1.3,70,82,2056
102,백령도,2020-01-10 08:00,0,,.7,140,84,1776
102,백령도,2020-01-10 09:00,1.5,,1.6,110,83,2534
102,백령도,2020-01-10 10:00,3.5,,1.6,160,75,2316
102,백령도,2020-01-10 11:00,4,,2.5,110,73,2609
102,백령도,2020-01-10 12:00,3.8,,2.9,90,73,2470
102,백령도,2020-01-10 13:00,4.2,,1.8,90,72,2628
102,백령도,2020-01-10 14:00,5.5,,2.6,270,49,4264
102,백령도,2020-01-10 15:00,5.3,,4,320,46,3852
102,백령도,2020-01-10 16:00,5,,4.6,290,50,2289
102,백령도,2020-01-10 17:00,4.2,,5.1,320,56,1541
102,백령도,2020-01-10 18:00,4.2,,2.9,290,62,1627
102,백령도,2020-01-10 19:00,5,,4.4,320,59,1605
102,백령도,2020-01-10 20:00,5.4,,5.1,320,59,1412
102,백령도,2020-01-10 21:00,5.4,,4.7,290,56,1714
102,백령도,2020-01-10 22:00,5.3,,5.3,320,58,1520
102,백령도,2020-01-10 23:00,5.2,,5.3,320,62,1286
102,백령도,2020-01-11 00:00,4.7,,4.8,320,60,1452
102,백령도,2020-01-11 01:00,4.7,,4.4,320,60,1601
102,백령도,2020-01-11 02:00,4.6,,3.9,320,58,1883
102,백령도,2020-01-11 03:00,4.4,,5.1,340,63,1364
102,백령도,2020-01-11 04:00,3.9,,6.9,340,61,1572
102,백령도,2020-01-11 05:00,3.2,,4.9,360,69,1822
102,백령도,2020-01-11 06:00,2.6,,5.7,340,64,1958
102,백령도,2020-01-11 07:00,2.3,,5.4,360,70,1858
102,백령도,2020-01-11 08:00,1.4,,5.6,360,64,2021
102,백령도,2020-01-11 09:00,1.7,,5.6,360,59,2635
102,백령도,2020-01-11 10:00,2,,5.6,360,56,2618
102,백령도,2020-01-11 11:00,2,,6.8,360,55,3044
102,백령도,2020-01-11 12:00,2,,7.2,340,50,3383
102,백령도,2020-01-11 13:00,1.8,,7.5,340,54,3251
102,백령도,2020-01-11 14:00,1.7,,6.1,340,57,2787
102,백령도,2020-01-11 15:00,1.3,,5.9,340,56,3193
102,백령도,2020-01-11 16:00,.6,,5.3,340,60,2901
102,백령도,2020-01-11 17:00,.3,,6.5,340,65,3362
102,백령도,2020-01-11 18:00,-.2,,7.7,340,68,3852
102,백령도,2020-01-11 19:00,-.1,,8.4,340,68,3758
102,백령도,2020-01-11 20:00,.1,,7.4,360,69,3633
102,백령도,2020-01-11 21:00,.1,,6.6,360,66,2819
102,백령도,2020-01-11 22:00,.5,,7,340,65,2863
102,백령도,2020-01-11 23:00,.6,,7.2,340,63,2815
102,백령도,2020-01-12 00:00,.6,,6.6,340,64,2968
102,백령도,2020-01-12 01:00,.7,,5,340,64,2925
102,백령도,2020-01-12 02:00,.5,,5.2,340,64,2871
102,백령도,2020-01-12 03:00,.3,,5.5,340,67,2696
102,백령도,2020-01-12 04:00,.3,,7.6,340,67,2948
102,백령도,2020-01-12 05:00,.3,,8.3,340,70,3083
102,백령도,2020-01-12 06:00,.3,,8.9,340,71,3422
102,백령도,2020-01-12 07:00,.2,,9.2,340,72,3347
102,백령도,2020-01-12 08:00,0,,8.2,340,71,3181
102,백령도,2020-01-12 09:00,.2,,6.2,340,72,2878
102,백령도,2020-01-12 10:00,.6,,6.2,340,68,2934
102,백령도,2020-01-12 11:00,.6,,6.8,340,69,2955
102,백령도,2020-01-12 12:00,.8,,6.6,340,67,3062
102,백령도,2020-01-12 13:00,.4,,8.2,340,68,3153
102,백령도,2020-01-12 14:00,.8,,6.7,340,66,3368
102,백령도,2020-01-12 15:00,.6,,6,340,66,3738
102,백령도,2020-01-12 16:00,.4,,6.6,320,67,3798
102,백령도,2020-01-12 17:00,.1,,7.6,320,65,3595
102,백령도,2020-01-12 18:00,-.2,,7.7,320,64,3899
102,백령도,2020-01-12 19:00,-.2,,7.7,320,60,4070
102,백령도,2020-01-12 20:00,.1,,6.5,320,62,3156
102,백령도,2020-01-12 21:00,.3,,7,320,59,3189
102,백령도,2020-01-12 22:00,.3,,5.3,320,57,3841
102,백령도,2020-01-12 23:00,.5,,5.6,320,57,3497
102,백령도,2020-01-13 00:00,.5,,7.1,320,56,2969
102,백령도,2020-01-13 01:00,-.7,,7.9,340,64,3316
102,백령도,2020-01-13 02:00,-1.3,,7.9,320,61,4129
102,백령도,2020-01-13 03:00,-1.6,,7,320,60,4403
102,백령도,2020-01-13 04:00,-1.8,,7.8,340,63,4667
102,백령도,2020-01-13 05:00,-1.9,,5.7,320,60,4776
102,백령도,2020-01-13 06:00,-2,,7,320,60,4755
102,백령도,2020-01-13 07:00,-2.2,,9,340,56,4954
102,백령도,2020-01-13 08:00,-2.3,,6.2,320,55,4883
102,백령도,2020-01-13 09:00,-1.8,,6.4,340,55,4889
102,백령도,2020-01-13 10:00,-.9,,5.8,340,52,4434
102,백령도,2020-01-13 11:00,.1,,5.2,340,48,4414
102,백령도,2020-01-13 12:00,.8,,4.2,340,46,4079
102,백령도,2020-01-13 13:00,1.5,,4.5,340,46,4289
102,백령도,2020-01-13 14:00,.9,,5.2,320,47,4262
102,백령도,2020-01-13 15:00,.7,,4.5,340,50,3789
102,백령도,2020-01-13 16:00,.4,,4.6,340,53,3695
102,백령도,2020-01-13 17:00,.1,,4.8,340,56,3685
102,백령도,2020-01-13 18:00,0,,3.9,340,61,3339
102,백령도,2020-01-13 19:00,-.4,,1.8,20,66,3388
102,백령도,2020-01-13 20:00,-.6,,2,50,67,3304
102,백령도,2020-01-13 21:00,-.8,,2.1,50,69,3182
102,백령도,2020-01-13 22:00,-.9,,2.2,70,73,3036
102,백령도,2020-01-13 23:00,-1.1,,3.1,70,73,3148
102,백령도,2020-01-14 00:00,-1.3,,4.4,50,69,4022
102,백령도,2020-01-14 01:00,-1.4,,3.5,50,67,2889
102,백령도,2020-01-14 02:00,-1.6,,3.1,50,58,3737
102,백령도,2020-01-14 03:00,-1.9,0,3.1,50,58,4200
102,백령도,2020-01-14 04:00,-1.8,,2.7,50,56,4171
102,백령도,2020-01-14 05:00,-1.7,,2.4,50,55,4066
102,백령도,2020-01-14 06:00,-2.1,,3.2,50,56,4031
102,백령도,2020-01-14 07:00,-2.4,,2.6,50,60,4061
102,백령도,2020-01-14 08:00,-2.6,,2,50,61,3963
102,백령도,2020-01-14 09:00,-2,,2.2,50,61,3978
102,백령도,2020-01-14 10:00,-.4,,1.7,70,54,3127
102,백령도,2020-01-14 11:00,.3,,1.4,90,52,3218
102,백령도,2020-01-14 12:00,.4,,2.5,360,53,3304
102,백령도,2020-01-14 13:00,.9,,2.8,340,55,2970
102,백령도,2020-01-14 14:00,.3,,3.4,340,60,2858
102,백령도,2020-01-14 15:00,-.1,,5.5,340,62,3061
102,백령도,2020-01-14 16:00,-.7,,5.5,340,61,3085
102,백령도,2020-01-14 17:00,-.9,,4.1,340,57,3856
102,백령도,2020-01-14 18:00,-1.1,,5.2,340,58,4575
102,백령도,2020-01-14 19:00,-.6,,5.1,340,61,4289
102,백령도,2020-01-14 20:00,-1,,5.8,360,62,4365
102,백령도,2020-01-14 21:00,-1.1,,4.8,360,60,4165
102,백령도,2020-01-14 22:00,-1.1,,3.8,360,62,3980
102,백령도,2020-01-14 23:00,-1.3,,2.6,360,65,3698
102,백령도,2020-01-15 00:00,-.8,,3.5,320,59,4240
102,백령도,2020-01-15 01:00,-.9,,3.1,320,61,3929
102,백령도,2020-01-15 02:00,-1.1,,2.5,320,59,4043
102,백령도,2020-01-15 03:00,-.9,,2.7,320,58,4414
102,백령도,2020-01-15 04:00,-.8,,2.4,320,59,4474
102,백령도,2020-01-15 05:00,-.2,,4.5,320,56,4720
102,백령도,2020-01-15 06:00,-.1,,4.3,320,53,4736
102,백령도,2020-01-15 07:00,.4,,3.5,320,55,3826
102,백령도,2020-01-15 08:00,.3,,3.1,290,55,2977
102,백령도,2020-01-15 09:00,.4,,3.5,50,68,2441
102,백령도,2020-01-15 10:00,.6,,3,70,68,2560
102,백령도,2020-01-15 11:00,.8,,.9,70,67,2473
102,백령도,2020-01-15 12:00,1.8,,3.3,320,53,2872
102,백령도,2020-01-15 13:00,1.7,,3.9,320,53,2610
102,백령도,2020-01-15 14:00,1.8,,5.4,340,52,2883
102,백령도,2020-01-15 15:00,1.6,,4.5,340,53,2995
102,백령도,2020-01-15 16:00,.9,,5.5,340,57,3046
102,백령도,2020-01-15 17:00,.3,,5.3,340,58,2885
102,백령도,2020-01-15 18:00,-.4,,3.8,340,60,3674
102,백령도,2020-01-15 19:00,-.3,,4,340,63,3661
102,백령도,2020-01-15 20:00,-.3,,3.4,340,64,3319
102,백령도,2020-01-15 21:00,-.1,,4.3,340,59,4324
102,백령도,2020-01-15 22:00,.1,,5.7,340,56,4934
102,백령도,2020-01-15 23:00,.1,,4.6,360,57,4948
102,백령도,2020-01-16 00:00,0,,4.2,360,60,4892
102,백령도,2020-01-16 01:00,-.2,,2.6,20,61,4406
102,백령도,2020-01-16 02:00,-.4,,1.8,20,62,3896
102,백령도,2020-01-16 03:00,-.3,,2,20,65,3860
102,백령도,2020-01-16 04:00,.2,,3.2,360,61,3574
102,백령도,2020-01-16 05:00,-.2,,2.1,360,60,3457
102,백령도,2020-01-16 06:00,0,,2,50,60,3212
102,백령도,2020-01-16 07:00,-.2,,2.7,70,63,3094
102,백령도,2020-01-16 08:00,-.3,,3,70,62,2876
102,백령도,2020-01-16 09:00,.1,,3.1,50,60,2766
102,백령도,2020-01-16 10:00,1.7,,1.3,50,56,2727
102,백령도,2020-01-16 11:00,2,,3.3,360,53,2702
102,백령도,2020-01-16 12:00,1.9,,4.1,340,53,2632
102,백령도,2020-01-16 13:00,2.4,,4.9,340,58,2414
102,백령도,2020-01-16 14:00,1.9,,5.2,340,53,2609
102,백령도,2020-01-16 15:00,2.3,,5.2,340,48,3092
102,백령도,2020-01-16 16:00,1.6,,5,340,49,3047
102,백령도,2020-01-16 17:00,.9,,6.4,340,56,2645
102,백령도,2020-01-16 18:00,.6,,6.1,340,60,3675
102,백령도,2020-01-16 19:00,.5,,5.6,340,65,3124
102,백령도,2020-01-16 20:00,.5,,6.6,360,62,3152
102,백령도,2020-01-16 21:00,.8,,6.2,340,64,2568
102,백령도,2020-01-16 22:00,1.1,,5.4,340,59,3117
102,백령도,2020-01-16 23:00,.6,,3.8,360,64,2414
102,백령도,2020-01-17 00:00,.7,,3.7,360,62,1956
102,백령도,2020-01-17 01:00,1.1,,4.5,360,63,1919
102,백령도,2020-01-17 02:00,1.3,,4.2,360,62,2025
102,백령도,2020-01-17 03:00,1.1,,2.9,360,63,2141
102,백령도,2020-01-17 04:00,1,,3.1,360,67,1975
102,백령도,2020-01-17 05:00,1.2,,4.5,340,66,2033
102,백령도,2020-01-17 06:00,1.4,,5.6,340,65,1992
102,백령도,2020-01-17 07:00,1.1,,5.3,340,63,2245
102,백령도,2020-01-17 08:00,.4,,3,360,71,2148
102,백령도,2020-01-17 09:00,.8,,3.3,360,68,2188
102,백령도,2020-01-17 10:00,1.4,,3,360,61,2502
102,백령도,2020-01-17 11:00,2.2,,1.4,360,57,2592
102,백령도,2020-01-17 12:00,2.8,,3.8,360,41,3057
102,백령도,2020-01-17 13:00,3.2,,4.5,340,46,3111
102,백령도,2020-01-17 14:00,3.3,,5.6,340,50,3331
102,백령도,2020-01-17 15:00,3.4,,5.5,340,58,2727
102,백령도,2020-01-17 16:00,3.3,,5.8,340,60,2958
102,백령도,2020-01-17 17:00,2.2,,6.6,340,61,2612
102,백령도,2020-01-17 18:00,2,,6.1,340,60,2589
102,백령도,2020-01-17 19:00,1.7,,5.8,340,60,2707
102,백령도,2020-01-17 20:00,1.6,,4.7,340,64,2470
102,백령도,2020-01-17 21:00,1.6,,5,340,62,2238
102,백령도,2020-01-17 22:00,1.7,,5.3,340,64,2085
102,백령도,2020-01-17 23:00,1.9,,5.3,340,60,2515
102,백령도,2020-01-18 00:00,2.1,,3.9,340,54,3353
102,백령도,2020-01-18 01:00,2.2,,4.5,320,54,3938
102,백령도,2020-01-18 02:00,2.2,,4.1,320,55,4100
102,백령도,2020-01-18 03:00,2.2,,3.8,320,55,4747
102,백령도,2020-01-18 04:00,2.5,,3.7,340,54,3322
102,백령도,2020-01-18 05:00,2.7,,4,340,56,2688
102,백령도,2020-01-18 06:00,2.6,,4,340,53,3278
102,백령도,2020-01-18 07:00,2.4,,3.8,320,50,3661
102,백령도,2020-01-18 08:00,2.6,,3.8,340,52,3171
102,백령도,2020-01-18 09:00,3.2,,3.3,320,55,2806
102,백령도,2020-01-18 10:00,4.1,,3.7,320,50,2608
102,백령도,2020-01-18 11:00,4.6,,4.3,320,49,2569
102,백령도,2020-01-18 12:00,4.6,,4.3,320,49,2848
102,백령도,2020-01-18 13:00,4.8,,3.8,290,49,2577
102,백령도,2020-01-18 14:00,4.8,,4.3,290,49,2254
102,백령도,2020-01-18 15:00,4.8,,4.2,320,47,2277
102,백령도,2020-01-18 16:00,4.5,,5.4,320,53,2157
102,백령도,2020-01-18 17:00,3.9,,4,290,55,2231
102,백령도,2020-01-18 18:00,2.7,,3.1,290,63,2302
102,백령도,2020-01-18 19:00,1.8,,2.2,290,62,2664
102,백령도,2020-01-18 20:00,1.2,,2.9,270,58,3599
102,백령도,2020-01-18 21:00,1.7,,2.1,270,59,3331
102,백령도,2020-01-18 22:00,1.9,,2,250,58,2498
102,백령도,2020-01-18 23:00,2.2,,1.6,250,67,939
102,백령도,2020-01-19 00:00,2.3,,1.5,200,71,822
102,백령도,2020-01-19 01:00,3.1,,3.6,270,72,591
102,백령도,2020-01-19 02:00,3,,3.5,250,68,644
102,백령도,2020-01-19 03:00,3.4,,3.4,250,70,607
102,백령도,2020-01-19 04:00,3.5,,3.5,250,70,545
102,백령도,2020-01-19 05:00,3.9,,4,250,67,646
102,백령도,2020-01-19 06:00,4.1,,3.9,270,66,767
102,백령도,2020-01-19 07:00,4,,4.3,270,60,940
102,백령도,2020-01-19 08:00,3.6,,3.6,270,70,592
102,백령도,2020-01-19 09:00,4.9,0,8,290,69,666
102,백령도,2020-01-19 10:00,5,,8.2,290,67,837
102,백령도,2020-01-19 11:00,4.7,,6.9,320,67,823
102,백령도,2020-01-19 12:00,5.1,0,6.6,320,57,850
102,백령도,2020-01-19 13:00,5.8,,5.8,290,55,924
102,백령도,2020-01-19 14:00,5.4,,6.2,290,50,1167
102,백령도,2020-01-19 15:00,5,,6.5,290,52,1050
102,백령도,2020-01-19 16:00,4.6,,6.4,290,50,1464
102,백령도,2020-01-19 17:00,3.8,,5.4,290,50,1900
102,백령도,2020-01-19 18:00,3,,5.2,290,55,2091
102,백령도,2020-01-19 19:00,2.8,,5.2,290,51,2967
102,백령도,2020-01-19 20:00,2.7,,4.8,290,56,2610
102,백령도,2020-01-19 21:00,3.2,,4.2,290,57,2324
102,백령도,2020-01-19 22:00,3.5,,5.7,290,54,2207
102,백령도,2020-01-19 23:00,3.6,,5.3,290,55,2447
102,백령도,2020-01-20 00:00,3.7,,6.6,320,55,3241
102,백령도,2020-01-20 01:00,3.6,,6.8,320,53,3471
102,백령도,2020-01-20 02:00,3.3,,6.3,320,52,3344
102,백령도,2020-01-20 03:00,2.9,,6.1,320,48,3321
102,백령도,2020-01-20 04:00,2.7,,5.8,320,48,3479
102,백령도,2020-01-20 05:00,2.6,,5.2,320,46,3554
102,백령도,2020-01-20 06:00,2.6,,4.3,320,48,3587
102,백령도,2020-01-20 07:00,1.5,,1.7,270,52,3520
102,백령도,2020-01-20 08:00,1.4,,1.7,250,54,2973
102,백령도,2020-01-20 09:00,3.1,,4.2,270,55,1701
102,백령도,2020-01-20 10:00,5.2,,6.5,290,44,1826
102,백령도,2020-01-20 11:00,5.4,,6.8,290,50,1571
102,백령도,2020-01-20 12:00,4.8,,8.4,320,50,2364
102,백령도,2020-01-20 13:00,4.4,,8.5,290,42,3790
102,백령도,2020-01-20 14:00,3.3,,9.3,320,54,2603
102,백령도,2020-01-20 15:00,2.5,,7.6,320,50,2736
102,백령도,2020-01-20 16:00,1.9,,8,340,50,3055
102,백령도,2020-01-20 17:00,1.7,,9.8,340,46,3661
102,백령도,2020-01-20 18:00,1.7,,7.2,340,45,3752
102,백령도,2020-01-20 19:00,1.8,,8,340,43,3899
102,백령도,2020-01-20 20:00,1.9,,8.9,340,46,4013
102,백령도,2020-01-20 21:00,1.7,,8.3,340,43,4043
102,백령도,2020-01-20 22:00,1.5,,5.8,340,41,3683
102,백령도,2020-01-20 23:00,1.3,,6.4,340,42,3480
102,백령도,2020-01-21 00:00,1.1,,5,340,46,3460
102,백령도,2020-01-21 01:00,1.1,,4.8,340,48,3437
102,백령도,2020-01-21 02:00,.8,,5.4,360,49,3597
102,백령도,2020-01-21 03:00,.6,,4,360,50,3657
102,백령도,2020-01-21 04:00,.6,,4.6,360,53,3689
102,백령도,2020-01-21 05:00,-.2,,2.8,50,59,3048
102,백령도,2020-01-21 06:00,-.6,,2.4,50,58,4175
102,백령도,2020-01-21 07:00,-1.2,,2.6,70,60,4264
102,백령도,2020-01-21 08:00,-1.3,,2.9,70,60,4096
102,백령도,2020-01-21 09:00,0,,1.9,70,57,3562
102,백령도,2020-01-21 10:00,1.2,,2.5,110,52,3755
102,백령도,2020-01-21 11:00,1.5,,3.4,110,56,3408
102,백령도,2020-01-21 12:00,2,,3.6,110,52,3671
102,백령도,2020-01-21 13:00,3.1,,2.9,140,50,3602
102,백령도,2020-01-21 14:00,2.5,,3,180,52,3055
102,백령도,2020-01-21 15:00,2.6,,3.1,180,54,3286
102,백령도,2020-01-21 16:00,3.2,,2.6,160,55,2874
102,백령도,2020-01-21 17:00,2.4,,1.7,160,59,2862
102,백령도,2020-01-21 18:00,1.4,,1.2,160,65,2794
102,백령도,2020-01-21 19:00,1.7,,2.6,160,69,2922
102,백령도,2020-01-21 20:00,1.8,,2.7,140,69,2834
102,백령도,2020-01-21 21:00,1.8,,1.8,160,70,2791
102,백령도,2020-01-21 22:00,2.1,,2.7,140,72,2894
102,백령도,2020-01-21 23:00,2.3,,2.9,140,72,2729
102,백령도,2020-01-22 00:00,2.5,,2.9,140,73,2776
102,백령도,2020-01-22 01:00,2.6,,3,140,75,2862
102,백령도,2020-01-22 02:00,2.6,,3.7,160,72,3194
102,백령도,2020-01-22 03:00,2.8,,2.8,140,75,2926
102,백령도,2020-01-22 04:00,3,,3,140,76,2859
102,백령도,2020-01-22 05:00,3,,3.2,140,74,2997
102,백령도,2020-01-22 06:00,3,,2.3,140,73,3210
102,백령도,2020-01-22 07:00,2.4,,2.9,110,73,2704
102,백령도,2020-01-22 08:00,2.1,,3.2,110,65,3176
102,백령도,2020-01-22 09:00,2.8,,2.8,140,59,3298
102,백령도,2020-01-22 10:00,3.5,,3.9,140,52,3746
102,백령도,2020-01-22 11:00,5.2,,3.4,90,57,3147
102,백령도,2020-01-22 12:00,5.9,,2.7,90,55,2579
102,백령도,2020-01-22 13:00,6.2,,3.7,140,42,3005
102,백령도,2020-01-22 14:00,7,,3,110,38,2815
102,백령도,2020-01-22 15:00,6.1,,1.7,200,45,2246
102,백령도,2020-01-22 16:00,7.5,,1.3,70,42,2329
102,백령도,2020-01-22 17:00,6.2,,.2,0,49,2025
102,백령도,2020-01-22 18:00,4.4,,.9,360,62,2249
102,백령도,2020-01-22 19:00,4.9,,3.3,360,76,2591
102,백령도,2020-01-22 20:00,4.9,,1.9,50,79,2610
102,백령도,2020-01-22 21:00,4.3,,2,70,80,2119
102,백령도,2020-01-22 22:00,4.4,,2.1,50,80,1822
102,백령도,2020-01-22 23:00,4.3,,2.4,50,79,1554
102,백령도,2020-01-23 00:00,4.5,,2.7,50,76,1747
102,백령도,2020-01-23 01:00,4.5,,2.2,50,74,1535
102,백령도,2020-01-23 02:00,4.7,,1.9,20,69,1609
102,백령도,2020-01-23 03:00,4.3,,2.2,50,73,1596
102,백령도,2020-01-23 04:00,3.9,,2.8,360,76,1547
102,백령도,2020-01-23 05:00,4.6,,2.3,360,75,1642
102,백령도,2020-01-23 06:00,4.8,,4.4,340,74,1796
102,백령도,2020-01-23 07:00,4.6,,3.1,360,76,1969
102,백령도,2020-01-23 08:00,4.1,,1.9,360,80,1852
102,백령도,2020-01-23 09:00,4.7,,1.6,50,79,1876
102,백령도,2020-01-23 10:00,6.1,,1.3,20,70,1801
102,백령도,2020-01-23 11:00,6.5,,4.3,340,69,2098
102,백령도,2020-01-23 12:00,7,,4.5,340,67,2113
102,백령도,2020-01-23 13:00,7.3,,5.7,340,69,2094
102,백령도,2020-01-23 14:00,7.5,,5.1,360,66,2106
102,백령도,2020-01-23 15:00,7.1,,5.2,340,66,1586
102,백령도,2020-01-23 16:00,6.5,,5.2,360,72,1493
102,백령도,2020-01-23 17:00,6,,4.2,340,79,1090
102,백령도,2020-01-23 18:00,5.3,,5.6,360,84,752
102,백령도,2020-01-23 19:00,4.9,,6.4,360,81,424
102,백령도,2020-01-23 20:00,4.5,,5.4,340,75,650
102,백령도,2020-01-23 21:00,4.7,,6,360,70,554
102,백령도,2020-01-23 22:00,5,,5.6,360,72,553
102,백령도,2020-01-23 23:00,5.1,,6.3,360,68,611
102,백령도,2020-01-24 00:00,4.5,,7.5,360,69,556
102,백령도,2020-01-24 01:00,3.6,,6.2,360,69,641
102,백령도,2020-01-24 02:00,3.1,,5.5,360,74,583
102,백령도,2020-01-24 03:00,2.9,,5.5,360,73,624
102,백령도,2020-01-24 04:00,2.7,,4.5,360,68,799
102,백령도,2020-01-24 05:00,2.1,,5.2,360,60,1067
102,백령도,2020-01-24 06:00,1.5,,4.1,360,60,1347
102,백령도,2020-01-24 07:00,1.2,,5.8,360,49,2853
102,백령도,2020-01-24 08:00,.7,,2.4,20,49,3494
102,백령도,2020-01-24 09:00,1,,4.8,360,48,4109
102,백령도,2020-01-24 10:00,1.5,,5.5,360,41,4801
102,백령도,2020-01-24 11:00,1.5,,6.6,360,35,4890
102,백령도,2020-01-24 12:00,1.8,,7.3,360,36,4953
102,백령도,2020-01-24 13:00,1.7,,9.2,360,37,4771
102,백령도,2020-01-24 14:00,1.9,,8.2,360,38,4970
102,백령도,2020-01-24 15:00,1.8,,8.2,360,40,4964
102,백령도,2020-01-24 16:00,1.5,,8.3,360,45,4640
102,백령도,2020-01-24 17:00,1.1,,8.2,360,49,4911
102,백령도,2020-01-24 18:00,1.1,,6,340,50,4791
102,백령도,2020-01-24 19:00,1.3,,7,360,50,4679
102,백령도,2020-01-24 20:00,1.7,,5.2,360,50,4722
102,백령도,2020-01-24 21:00,1.9,,6.2,360,50,4835
102,백령도,2020-01-24 22:00,2.1,,6.2,360,53,4778
102,백령도,2020-01-24 23:00,2.2,,4.6,340,55,4762
102,백령도,2020-01-25 00:00,2.1,,4.2,340,55,4823
102,백령도,2020-01-25 01:00,2,,3.9,360,57,4647
102,백령도,2020-01-25 02:00,2.3,,5.4,360,54,4845
102,백령도,2020-01-25 03:00,1.9,,5.1,340,57,4761
102,백령도,2020-01-25 04:00,2,,4.4,340,58,4734
102,백령도,2020-01-25 05:00,1.9,,4.5,340,62,4484
102,백령도,2020-01-25 06:00,2.1,,4.1,360,69,4743
102,백령도,2020-01-25 07:00,2.1,,3.5,340,66,4926
102,백령도,2020-01-25 08:00,2,,4.7,360,63,4622
102,백령도,2020-01-25 09:00,2.2,,3.9,340,64,4608
102,백령도,2020-01-25 10:00,3,,4.1,340,63,4099
102,백령도,2020-01-25 11:00,3.8,,4.3,340,49,4463
102,백령도,2020-01-25 12:00,4.2,,5.1,340,50,4305
102,백령도,2020-01-25 13:00,4.5,,4.4,340,51,4238
102,백령도,2020-01-25 14:00,4.5,,5.3,340,53,4041
102,백령도,2020-01-25 15:00,4.5,,6.2,340,49,4306
102,백령도,2020-01-25 16:00,4.5,,5.8,340,39,4759
102,백령도,2020-01-25 17:00,3.6,,5.6,340,47,3715
102,백령도,2020-01-25 18:00,3.2,,5.5,340,59,4886
102,백령도,2020-01-25 19:00,3.1,,6.2,340,58,4858
102,백령도,2020-01-25 20:00,3,,5.2,340,64,4717
102,백령도,2020-01-25 21:00,2.9,,3.9,340,66,3754
102,백령도,2020-01-25 22:00,2.9,,4.8,360,67,3541
102,백령도,2020-01-25 23:00,2.8,,3.6,360,64,4026
102,백령도,2020-01-26 00:00,2.8,,2.9,360,70,2986
102,백령도,2020-01-26 01:00,2.9,,5.3,340,65,2317
102,백령도,2020-01-26 02:00,3.1,,4.5,360,57,2116
102,백령도,2020-01-26 03:00,2.9,,4.7,340,55,2328
102,백령도,2020-01-26 04:00,3,,5.5,360,49,2483
102,백령도,2020-01-26 05:00,2.7,,3.6,360,51,2156
102,백령도,2020-01-26 06:00,2.8,,3.2,360,38,2507
102,백령도,2020-01-26 07:00,2.5,,2.1,340,47,2351
102,백령도,2020-01-26 08:00,2.1,,3.7,340,57,2151
102,백령도,2020-01-26 09:00,3.1,,2.9,360,48,2631
102,백령도,2020-01-26 10:00,3.7,,4.8,360,45,2806
102,백령도,2020-01-26 11:00,4.7,,5.2,340,40,3174
102,백령도,2020-01-26 12:00,4.8,,4.2,340,47,2475
102,백령도,2020-01-26 13:00,5.6,,4.5,340,46,2068
102,백령도,2020-01-26 14:00,5.7,,5,340,55,1603
102,백령도,2020-01-26 15:00,5.8,,4.8,340,51,1855
102,백령도,2020-01-26 16:00,5.8,,4.7,340,54,1978
102,백령도,2020-01-26 17:00,5,,4.7,340,62,1538
102,백령도,2020-01-26 18:00,4.6,,2.5,340,66,1514
102,백령도,2020-01-26 19:00,4.4,,2.7,340,68,1439
102,백령도,2020-01-26 20:00,5.5,,2.6,360,64,1431
102,백령도,2020-01-26 21:00,5.2,,1.8,20,65,1392
102,백령도,2020-01-26 22:00,6,,5.9,50,60,1501
102,백령도,2020-01-26 23:00,5.8,,5.6,50,65,1316
102,백령도,2020-01-27 00:00,6,,4.8,90,69,1900
102,백령도,2020-01-27 01:00,5.9,,4.8,90,69,2203
102,백령도,2020-01-27 02:00,5.9,,5.3,90,69,3299
102,백령도,2020-01-27 03:00,5.9,,5.9,90,67,4405
102,백령도,2020-01-27 04:00,5.8,,5.5,90,66,4916
102,백령도,2020-01-27 05:00,5.7,,5.2,90,65,4974
102,백령도,2020-01-27 06:00,5.7,,6.1,90,60,4906
102,백령도,2020-01-27 07:00,5.5,,6.2,90,57,4901
102,백령도,2020-01-27 08:00,5.7,,6,90,55,4915
102,백령도,2020-01-27 09:00,5.8,,5.7,90,52,4607
102,백령도,2020-01-27 10:00,5.9,,5.5,90,52,4581
102,백령도,2020-01-27 11:00,6,,6.2,90,52,4483
102,백령도,2020-01-27 12:00,6.5,,4.6,90,52,4499
102,백령도,2020-01-27 13:00,6.9,,4.4,90,50,4762
102,백령도,2020-01-27 14:00,7.5,,3.1,70,48,4507
102,백령도,2020-01-27 15:00,7.2,,1.4,20,52,4169
102,백령도,2020-01-27 16:00,6.7,,1.3,360,55,3875
102,백령도,2020-01-27 17:00,7,,3.7,70,57,3627
102,백령도,2020-01-27 18:00,5.7,0,4.7,70,66,2419
102,백령도,2020-01-27 19:00,5.1,,5.6,70,76,2627
102,백령도,2020-01-27 20:00,4.8,,4.6,70,78,4598
102,백령도,2020-01-27 21:00,4.9,0,4.9,70,77,4019
102,백령도,2020-01-27 22:00,5.1,,7.5,90,76,3742
102,백령도,2020-01-27 23:00,4.5,,4.5,50,84,2387
102,백령도,2020-01-28 00:00,4.5,0,5.1,50,82,4582
102,백령도,2020-01-28 01:00,4.7,,6.1,50,80,3810
102,백령도,2020-01-28 02:00,4.4,,3.1,50,83,3307
102,백령도,2020-01-28 03:00,4.4,0,6.1,50,84,3744
102,백령도,2020-01-28 04:00,4.7,,4.2,50,84,4329
102,백령도,2020-01-28 05:00,5.2,,4.4,50,78,4410
102,백령도,2020-01-28 06:00,5.1,0,5.8,50,84,3841
102,백령도,2020-01-28 07:00,5.1,,4.2,70,83,3635
102,백령도,2020-01-28 08:00,5.2,,6.1,50,82,3302
102,백령도,2020-01-28 09:00,5.2,0,4.4,50,78,4125
102,백령도,2020-01-28 10:00,5.6,,5.2,50,75,3966
102,백령도,2020-01-28 11:00,6.1,,6.4,50,74,3056
102,백령도,2020-01-28 12:00,6.7,0,4.8,50,72,3019
102,백령도,2020-01-28 13:00,7.9,,4.4,70,64,3647
102,백령도,2020-01-28 14:00,8.2,,3.2,70,64,3921
102,백령도,2020-01-28 15:00,8.3,,4.2,70,60,3464
102,백령도,2020-01-28 16:00,8.1,,3.3,50,61,3850
102,백령도,2020-01-28 17:00,7.4,,2.2,360,71,3316
102,백령도,2020-01-28 18:00,6.8,,1.5,360,71,3465
102,백령도,2020-01-28 19:00,6.4,,2.3,360,71,3095
102,백령도,2020-01-28 20:00,5.1,,1.3,320,77,2893
102,백령도,2020-01-28 21:00,4.3,,1.6,340,86,1892
102,백령도,2020-01-28 22:00,4.8,,1.1,290,84,1924
102,백령도,2020-01-28 23:00,5,,1,320,84,2002
102,백령도,2020-01-29 00:00,4.7,,1.4,290,85,2163
102,백령도,2020-01-29 01:00,5,,1.5,340,82,2510
102,백령도,2020-01-29 02:00,4.6,,1.7,340,84,2220
102,백령도,2020-01-29 03:00,5.4,,1.8,360,84,2404
102,백령도,2020-01-29 04:00,4.9,,.7,290,83,2105
102,백령도,2020-01-29 05:00,4.3,,0,0,84,2021
102,백령도,2020-01-29 06:00,4,,0,0,86,1148
102,백령도,2020-01-29 07:00,4.1,,0,0,88,2222
102,백령도,2020-01-29 08:00,4.4,,.6,90,84,2453
102,백령도,2020-01-29 09:00,4.6,,.1,0,86,2114
102,백령도,2020-01-29 10:00,6.6,,.5,140,78,2328
102,백령도,2020-01-29 11:00,7.4,,1.9,90,75,2315
102,백령도,2020-01-29 12:00,7.5,,2.3,340,66,2575
102,백령도,2020-01-29 13:00,6.8,,4.2,320,70,2114
102,백령도,2020-01-29 14:00,6.9,,5.7,320,76,755
102,백령도,2020-01-29 15:00,6.5,,5.2,320,74,730
102,백령도,2020-01-29 16:00,5.7,,5.7,320,75,760
102,백령도,2020-01-29 17:00,4.9,,5.3,320,77,681
102,백령도,2020-01-29 18:00,4.4,,4.7,320,79,757
102,백령도,2020-01-29 19:00,4.3,,5.1,320,78,1067
102,백령도,2020-01-29 20:00,4.4,,4.1,340,81,1164
102,백령도,2020-01-29 21:00,4.2,,4.5,340,81,1120
102,백령도,2020-01-29 22:00,4.2,,4.5,340,81,1562
102,백령도,2020-01-29 23:00,4.4,,4.8,340,79,1929
102,백령도,2020-01-30 00:00,4.4,,4.1,340,79,2100
102,백령도,2020-01-30 01:00,4.3,,3.9,340,77,890
102,백령도,2020-01-30 02:00,4.3,,5,340,73,604
102,백령도,2020-01-30 03:00,4,,4.4,340,78,459
102,백령도,2020-01-30 04:00,3.9,,4.5,340,80,462
102,백령도,2020-01-30 05:00,3.6,,3.5,340,80,506
102,백령도,2020-01-30 06:00,3.3,,3.1,340,82,534
102,백령도,2020-01-30 07:00,3.4,,3.3,340,84,593
102,백령도,2020-01-30 08:00,3.4,,3.4,360,89,527
102,백령도,2020-01-30 09:00,4.1,,2.8,360,77,1089
102,백령도,2020-01-30 10:00,5.1,,3.4,340,67,1379
102,백령도,2020-01-30 11:00,5.5,,4.1,360,67,1294
102,백령도,2020-01-30 12:00,5.5,,5.4,340,65,1248
102,백령도,2020-01-30 13:00,5.6,,5.8,340,61,1187
102,백령도,2020-01-30 14:00,5.5,,5.5,340,59,1231
102,백령도,2020-01-30 15:00,5.1,,6.4,340,61,1247
102,백령도,2020-01-30 16:00,4.8,,5.8,340,63,1087
102,백령도,2020-01-30 17:00,4.3,,5.3,340,63,1129
102,백령도,2020-01-30 18:00,3.5,,5,340,67,1135
102,백령도,2020-01-30 19:00,3.3,,5.6,340,64,1292
102,백령도,2020-01-30 20:00,3.4,,6.4,340,56,1815
102,백령도,2020-01-30 21:00,3.2,,5.4,340,56,1521
102,백령도,2020-01-30 22:00,3,,7.3,340,54,1421
102,백령도,2020-01-30 23:00,2.8,,6.2,340,58,1478
102,백령도,2020-01-31 00:00,2.6,,5.9,340,59,1523
102,백령도,2020-01-31 01:00,2.2,,4.4,340,61,1313
102,백령도,2020-01-31 02:00,2.1,,6.4,320,66,1054
102,백령도,2020-01-31 03:00,1.8,,4.9,320,69,959
102,백령도,2020-01-31 04:00,1.8,,5.1,320,70,966
102,백령도,2020-01-31 05:00,1.9,,5.8,320,75,927
102,백령도,2020-01-31 06:00,1.7,,4.7,320,75,913
102,백령도,2020-01-31 07:00,1.7,,6,340,74,986
102,백령도,2020-01-31 08:00,1.6,,4.8,320,75,1019
102,백령도,2020-01-31 09:00,2.1,,5.9,340,72,1106
102,백령도,2020-01-31 10:00,2.6,,5.1,340,69,1235
102,백령도,2020-01-31 11:00,3.1,,5.5,340,64,1384
102,백령도,2020-01-31 12:00,3.6,,6,320,63,1372
102,백령도,2020-01-31 13:00,3.9,,5.6,320,63,1554
102,백령도,2020-01-31 14:00,3.9,,5.1,320,60,1616
102,백령도,2020-01-31 15:00,3.4,,5.7,320,61,1630
102,백령도,2020-01-31 16:00,3.1,,5.7,320,60,1846
102,백령도,2020-01-31 17:00,2.9,,5.6,320,57,2451
102,백령도,2020-01-31 18:00,2.4,,4.2,340,57,3063
102,백령도,2020-01-31 19:00,2.7,,5.5,320,60,3311
102,백령도,2020-01-31 20:00,2.9,,4.3,320,60,4234
102,백령도,2020-01-31 21:00,2.9,,3.4,320,61,3790
102,백령도,2020-01-31 22:00,3.6,,3.9,320,65,2227
102,백령도,2020-01-31 23:00,4,,3.9,320,74,721
102,백령도,2020-02-01 00:00,4.3,,4.5,320,72,656
102,백령도,2020-02-01 01:00,4.3,,4.8,290,76,678
102,백령도,2020-02-01 02:00,4.7,,4.2,290,74,670
102,백령도,2020-02-01 03:00,5.1,,4.9,290,72,588
102,백령도,2020-02-01 04:00,5.3,,5.6,320,69,488
102,백령도,2020-02-01 05:00,5.4,,4.8,290,67,457
102,백령도,2020-02-01 06:00,5.3,,5.6,290,68,435
102,백령도,2020-02-01 07:00,4.9,,5.2,320,71,427
102,백령도,2020-02-01 08:00,4.3,,5.5,320,75,441
102,백령도,2020-02-01 09:00,3.9,,4.6,320,76,736
102,백령도,2020-02-01 10:00,4.5,,4.4,340,66,706
102,백령도,2020-02-01 11:00,4.7,,5.7,320,62,891
102,백령도,2020-02-01 12:00,5.1,,5.8,340,67,728
102,백령도,2020-02-01 13:00,4.1,,7.4,340,58,816
102,백령도,2020-02-01 14:00,3.9,,7,340,55,875
102,백령도,2020-02-01 15:00,3.7,,6.9,340,56,840
102,백령도,2020-02-01 16:00,3,,7.8,340,61,574
102,백령도,2020-02-01 17:00,2.6,,6.6,340,62,648
102,백령도,2020-02-01 18:00,2.1,,6.1,340,65,812
102,백령도,2020-02-01 19:00,1.8,,6.8,340,63,986
102,백령도,2020-02-01 20:00,2,,6.5,340,59,1037
102,백령도,2020-02-01 21:00,2.5,,9.1,340,52,1331
102,백령도,2020-02-01 22:00,2.8,,8.6,340,54,1612
102,백령도,2020-02-01 23:00,2.6,,7,340,51,1645
102,백령도,2020-02-02 00:00,2.6,,5.7,340,53,2125
102,백령도,2020-02-02 01:00,2.4,,5.7,340,52,2413
102,백령도,2020-02-02 02:00,2.3,,5,360,57,1880
102,백령도,2020-02-02 03:00,2,,3.8,360,55,1994
102,백령도,2020-02-02 04:00,1.8,,3.7,360,57,1932
102,백령도,2020-02-02 05:00,1.7,,3.7,360,56,1864
102,백령도,2020-02-02 06:00,1.4,,2.5,360,57,1926
102,백령도,2020-02-02 07:00,1.2,,2.3,360,61,1999
102,백령도,2020-02-02 08:00,1.1,,1.7,360,62,1954
102,백령도,2020-02-02 09:00,1.4,,1.4,20,64,1993
102,백령도,2020-02-02 10:00,2.5,,1.8,340,57,2146
102,백령도,2020-02-02 11:00,3.2,,2.2,340,55,2210
102,백령도,2020-02-02 12:00,3.7,,2.9,290,49,2732
102,백령도,2020-02-02 13:00,3.5,,4.7,320,46,4050
102,백령도,2020-02-02 14:00,3.5,,4,340,51,3370
102,백령도,2020-02-02 15:00,3.3,,3.3,340,51,3647
102,백령도,2020-02-02 16:00,2.8,,4.5,340,46,4262
102,백령도,2020-02-02 17:00,2.2,,4.4,340,49,3973
102,백령도,2020-02-02 18:00,1.8,,3.5,340,46,4257
102,백령도,2020-02-02 19:00,1.8,,2.2,320,55,3364
102,백령도,2020-02-02 20:00,.3,,4.5,340,87,122
102,백령도,2020-02-02 21:00,.3,.7,3.8,320,91,1292
102,백령도,2020-02-02 22:00,.8,,4.4,320,83,2762
102,백령도,2020-02-02 23:00,.6,,5.2,320,83,746
102,백령도,2020-02-03 00:00,.4,0,4.1,320,82,3509
102,백령도,2020-02-03 01:00,.8,,6.7,340,67,3929
102,백령도,2020-02-03 02:00,1,,5.1,340,71,4094
102,백령도,2020-02-03 03:00,1,0,5.2,340,69,3616
102,백령도,2020-02-03 04:00,1.1,,6.3,340,61,2616
102,백령도,2020-02-03 05:00,.4,,6.8,320,81,791
102,백령도,2020-02-03 06:00,.6,,7.5,340,56,1868
102,백령도,2020-02-03 07:00,.3,,8.3,340,58,2475
102,백령도,2020-02-03 08:00,-.8,,7.7,340,63,2756
102,백령도,2020-02-03 09:00,-.7,,7.4,340,58,4052
102,백령도,2020-02-03 10:00,-.7,,6.3,340,51,4208
102,백령도,2020-02-03 11:00,-.3,,6.1,340,52,3826
102,백령도,2020-02-03 12:00,-.2,,5.6,320,50,3593
102,백령도,2020-02-03 13:00,-.4,,7.3,340,49,3936
102,백령도,2020-02-03 14:00,-.7,,7.2,340,49,4037
102,백령도,2020-02-03 15:00,-.2,,4.9,340,48,4169
102,백령도,2020-02-03 16:00,-.6,,5.1,340,47,4148
102,백령도,2020-02-03 17:00,-.9,,3.9,320,51,4133
102,백령도,2020-02-03 18:00,-1.8,,3,320,55,4899
102,백령도,2020-02-03 19:00,-2.6,,1.1,250,61,4594
102,백령도,2020-02-03 20:00,-2.5,,1.3,250,63,4921
102,백령도,2020-02-03 21:00,-2.7,,1.3,250,65,4995
102,백령도,2020-02-03 22:00,-2.1,,2.2,250,56,5000
102,백령도,2020-02-03 23:00,-1.9,,1.5,250,57,5000
102,백령도,2020-02-04 00:00,-1.7,,1.9,270,60,4991
102,백령도,2020-02-04 01:00,-1.6,,1.5,250,62,5000
102,백령도,2020-02-04 02:00,-1.3,,1.6,230,59,4975
102,백령도,2020-02-04 03:00,-.9,,1.4,200,60,3543
102,백령도,2020-02-04 04:00,0,,2.7,230,65,2880
102,백령도,2020-02-04 05:00,.8,,2.2,250,69,1188
102,백령도,2020-02-04 06:00,-.2,0,1.6,180,87,1125
102,백령도,2020-02-04 07:00,1.2,,2.3,230,78,1227
102,백령도,2020-02-04 08:00,1.5,,3.2,230,79,1059
102,백령도,2020-02-04 09:00,1.1,0,.5,200,89,478
102,백령도,2020-02-04 10:00,1.5,,2.1,270,80,478
102,백령도,2020-02-04 11:00,4.1,,3.8,250,70,1113
102,백령도,2020-02-04 12:00,4.1,0,5.9,250,64,1123
102,백령도,2020-02-04 13:00,2.6,,7.6,340,82,964
102,백령도,2020-02-04 14:00,1.6,,7.6,340,89,1005
102,백령도,2020-02-04 15:00,-.4,0,6.3,360,89,435
102,백령도,2020-02-04 16:00,-.9,,8.6,340,77,2324
102,백령도,2020-02-04 17:00,-1.4,,8.4,360,74,1877
102,백령도,2020-02-04 18:00,-1.7,0,8.4,340,73,1450
102,백령도,2020-02-04 19:00,-1.4,,9.1,340,63,2758
102,백령도,2020-02-04 20:00,-2.2,,11.1,340,50,5000
102,백령도,2020-02-04 21:00,-3,,12,340,50,4995
102,백령도,2020-02-04 22:00,-3.6,,12.4,340,49,4918
102,백령도,2020-02-04 23:00,-4.5,,12.9,340,55,4192
102,백령도,2020-02-05 00:00,-5.4,,12.3,340,50,4906
102,백령도,2020-02-05 01:00,-5.6,,12.8,340,49,4600
102,백령도,2020-02-05 02:00,-6,,12.4,340,58,4559
102,백령도,2020-02-05 03:00,-6.3,,12.2,340,58,4650
102,백령도,2020-02-05 04:00,-6.4,,11.3,360,61,4616
102,백령도,2020-02-05 05:00,-6.7,,10.6,340,61,4650
102,백령도,2020-02-05 06:00,-6.9,,10.6,360,64,3742
102,백령도,2020-02-05 07:00,-7.2,,11.2,340,60,4705
102,백령도,2020-02-05 08:00,-7.3,,9.6,340,62,3536
102,백령도,2020-02-05 09:00,-7.4,,9.5,340,67,1794
102,백령도,2020-02-05 10:00,-7.3,,7.5,360,68,2090
102,백령도,2020-02-05 11:00,-7.2,,7.1,360,66,1512
102,백령도,2020-02-05 12:00,-7.2,0,7.8,360,70,1294
102,백령도,2020-02-05 13:00,-7.4,,7.7,360,71,1050
102,백령도,2020-02-05 14:00,-6.9,,7.7,340,69,1416
102,백령도,2020-02-05 15:00,-7,0,7.8,360,69,1525
102,백령도,2020-02-05 16:00,-6.7,,8,340,66,2467
102,백령도,2020-02-05 17:00,-6.7,,8.3,340,60,4558
102,백령도,2020-02-05 18:00,-6.3,0,7.7,340,65,3924
102,백령도,2020-02-05 19:00,-6.1,,8.1,340,63,4962
102,백령도,2020-02-05 20:00,-5.9,,8,340,57,4913
102,백령도,2020-02-05 21:00,-5.6,0,8.7,360,58,4753
102,백령도,2020-02-05 22:00,-5.5,,7.9,360,56,4842
102,백령도,2020-02-05 23:00,-5.5,,7.4,360,53,4890
102,백령도,2020-02-06 00:00,-5.8,,4.7,360,54,4902
102,백령도,2020-02-06 01:00,-6,,5.4,360,52,4742
102,백령도,2020-02-06 02:00,-6.6,,2.9,50,57,4892
102,백령도,2020-02-06 03:00,-7.1,,3.5,50,60,4904
102,백령도,2020-02-06 04:00,-7.1,,3.1,50,61,4965
102,백령도,2020-02-06 05:00,-7.3,,2.6,20,62,4964
102,백령도,2020-02-06 06:00,-7.2,,2.6,20,66,4921
102,백령도,2020-02-06 07:00,-7.2,,3.6,20,65,4972
102,백령도,2020-02-06 08:00,-7.1,,2.4,360,66,4917
102,백령도,2020-02-06 09:00,-6,,1.6,90,62,4684
102,백령도,2020-02-06 10:00,-4.9,,1.4,360,58,4258
102,백령도,2020-02-06 11:00,-4.7,,2.5,360,57,4074
102,백령도,2020-02-06 12:00,-3.9,,2.2,360,53,4060
102,백령도,2020-02-06 13:00,-3.9,,3.1,360,50,4338
102,백령도,2020-02-06 14:00,-2.9,,2.1,90,51,4042
102,백령도,2020-02-06 15:00,-2.8,,2.2,320,49,4189
102,백령도,2020-02-06 16:00,-3,,3.7,290,55,4293
102,백령도,2020-02-06 17:00,-3.3,,2.6,320,61,4791
102,백령도,2020-02-06 18:00,-4.3,,1.5,360,67,4789
102,백령도,2020-02-06 19:00,-5.3,,1.1,290,71,4119
102,백령도,2020-02-06 20:00,-5.5,,1.1,290,76,4306
102,백령도,2020-02-06 21:00,-4.8,,1,20,81,4547
102,백령도,2020-02-06 22:00,-4.4,,0,0,81,3596
102,백령도,2020-02-06 23:00,-3.7,,.1,0,80,3345
102,백령도,2020-02-07 00:00,-3.9,,0,0,81,2119
102,백령도,2020-02-07 01:00,-3.3,,.3,0,79,2443
102,백령도,2020-02-07 02:00,-3.1,,0,0,79,1560
102,백령도,2020-02-07 03:00,-3.2,,.1,0,79,2973
102,백령도,2020-02-07 04:00,-3.2,,.8,270,74,3371
102,백령도,2020-02-07 05:00,-2.9,,0,0,74,3702
102,백령도,2020-02-07 06:00,-2.4,,0,0,72,3348
102,백령도,2020-02-07 07:00,-2,,1.2,110,74,2350
102,백령도,2020-02-07 08:00,-1.6,,2.3,110,77,3442
102,백령도,2020-02-07 09:00,-1.3,0,2.5,140,78,1787
102,백령도,2020-02-07 10:00,-1.3,,2.6,140,85,232
102,백령도,2020-02-07 11:00,-.4,,2.9,140,93,687
102,백령도,2020-02-07 12:00,.5,0,2.5,160,94,620
102,백령도,2020-02-07 13:00,1.3,,2,160,94,1435
102,백령도,2020-02-07 14:00,2.1,,3.5,270,78,942
102,백령도,2020-02-07 15:00,1.5,0,3,270,91,416
102,백령도,2020-02-07 16:00,2.3,,5.4,340,86,1089
102,백령도,2020-02-07 17:00,2.3,,6.1,320,82,995
102,백령도,2020-02-07 18:00,2.3,.2,6.2,320,76,1225
102,백령도,2020-02-07 19:00,2.1,,6.4,320,71,1183
102,백령도,2020-02-07 20:00,2,,5.1,320,71,1153
102,백령도,2020-02-07 21:00,1.8,,5.3,320,70,1116
102,백령도,2020-02-07 22:00,1.7,,5.1,320,69,1106
102,백령도,2020-02-07 23:00,1.6,,6.3,320,69,1016
102,백령도,2020-02-08 00:00,1.4,,5.6,320,70,914
102,백령도,2020-02-08 01:00,1.2,,5.6,340,71,779
102,백령도,2020-02-08 02:00,.9,,6.4,320,68,1103
102,백령도,2020-02-08 03:00,1,,5.4,340,69,1166
102,백령도,2020-02-08 04:00,1.1,,6,340,68,1051
102,백령도,2020-02-08 05:00,1.3,,7.5,340,67,899
102,백령도,2020-02-08 06:00,1.5,,5.7,340,64,952
102,백령도,2020-02-08 07:00,1,,7.3,360,60,1273
102,백령도,2020-02-08 08:00,.8,,6.4,360,58,2253
102,백령도,2020-02-08 09:00,1.1,,5.5,360,58,1671
102,백령도,2020-02-08 10:00,1.4,,6.4,360,50,2095
102,백령도,2020-02-08 11:00,1.4,,7.2,360,49,3141
102,백령도,2020-02-08 12:00,1.8,,7.5,360,49,2868
102,백령도,2020-02-08 13:00,2.2,,4.7,360,49,3759
102,백령도,2020-02-08 14:00,1.8,,5.7,360,48,3937
102,백령도,2020-02-08 15:00,1.9,,5.4,340,46,3926
102,백령도,2020-02-08 16:00,1.8,,6.3,340,45,3188
102,백령도,2020-02-08 17:00,1.7,,5.1,340,49,2651
102,백령도,2020-02-08 18:00,1,,4.9,340,54,2314
102,백령도,2020-02-08 19:00,.8,,5.6,340,55,2461
102,백령도,2020-02-08 20:00,.7,,5.8,340,55,2275
102,백령도,2020-02-08 21:00,.7,,5.6,340,53,2643
102,백령도,2020-02-08 22:00,.6,,5.1,360,52,2963
102,백령도,2020-02-08 23:00,.6,,3.1,360,52,2920
102,백령도,2020-02-09 00:00,.8,,4.3,360,50,2891
102,백령도,2020-02-09 01:00,.7,,2.2,360,52,2809
102,백령도,2020-02-09 02:00,.4,,2.1,20,55,2855
102,백령도,2020-02-09 03:00,0,,1.6,20,55,3030
102,백령도,2020-02-09 04:00,-.5,,.5,20,56,2895
102,백령도,2020-02-09 05:00,-1.6,,.4,0,61,2930
102,백령도,2020-02-09 06:00,-1.2,,.8,160,64,2596
102,백령도,2020-02-09 07:00,-1.3,,1,160,66,2515
102,백령도,2020-02-09 08:00,-1.2,,.9,180,67,1960
102,백령도,2020-02-09 09:00,1.1,,1.5,200,61,1335
102,백령도,2020-02-09 10:00,3,,1.9,180,58,1580
102,백령도,2020-02-09 11:00,4.4,,3.8,250,54,1863
102,백령도,2020-02-09 12:00,3.8,,4.1,250,56,2132
102,백령도,2020-02-09 13:00,4.7,,3.8,270,50,1623
102,백령도,2020-02-09 14:00,4.8,,3.9,230,49,1611
102,백령도,2020-02-09 15:00,4.9,,3.2,230,47,1829
102,백령도,2020-02-09 16:00,5,,3.3,230,47,2122
102,백령도,2020-02-09 17:00,4.5,,3.4,230,54,2062
102,백령도,2020-02-09 18:00,3.8,,3.7,250,60,2639
102,백령도,2020-02-09 19:00,3.7,,3.4,230,60,3496
102,백령도,2020-02-09 20:00,4.5,,3.6,230,61,2014
102,백령도,2020-02-09 21:00,4.9,,3.6,270,66,1314
102,백령도,2020-02-09 22:00,5.2,,3.1,250,70,710
102,백령도,2020-02-09 23:00,5.4,,5,290,78,278
102,백령도,2020-02-10 00:00,5,,5.1,290,76,303
102,백령도,2020-02-10 01:00,5,,5.9,320,74,334
102,백령도,2020-02-10 02:00,4.4,,2.4,340,76,317
102,백령도,2020-02-10 03:00,4.1,,2,20,81,283
102,백령도,2020-02-10 04:00,3.1,,1.3,360,87,269
102,백령도,2020-02-10 05:00,2.2,,0,0,90,246
102,백령도,2020-02-10 06:00,1.6,,.9,160,92,182
102,백령도,2020-02-10 07:00,1.5,,.7,160,94,226
102,백령도,2020-02-10 08:00,2.5,,.8,50,94,262
102,백령도,2020-02-10 09:00,3,,.2,0,94,246
102,백령도,2020-02-10 10:00,6.2,,.2,0,80,308
102,백령도,2020-02-10 11:00,6.9,,2.7,90,73,362
102,백령도,2020-02-10 12:00,7.4,,2.4,110,71,410
102,백령도,2020-02-10 13:00,8,,2.9,140,68,454
102,백령도,2020-02-10 14:00,8.5,,3.4,140,65,484
102,백령도,2020-02-10 15:00,8,,3.6,160,69,482
102,백령도,2020-02-10 16:00,7.3,,4.1,160,69,516
102,백령도,2020-02-10 17:00,6.2,,4.9,160,79,440
102,백령도,2020-02-10 18:00,5.4,,4.5,160,86,369
102,백령도,2020-02-10 19:00,5.1,,5.1,160,90,321
102,백령도,2020-02-10 20:00,5.2,,5.6,160,90,327
102,백령도,2020-02-10 21:00,5.2,,4.8,160,88,340
102,백령도,2020-02-10 22:00,5.3,,5.4,160,91,289
102,백령도,2020-02-10 23:00,5.3,,5.1,140,92,282
102,백령도,2020-02-11 00:00,4.8,,4.5,140,94,251
102,백령도,2020-02-11 01:00,4.8,,4.3,160,93,276
102,백령도,2020-02-11 02:00,4.5,,4.1,140,94,319
102,백령도,2020-02-11 03:00,4.2,,4.9,140,94,375
102,백령도,2020-02-11 04:00,3.9,,4.6,140,93,492
102,백령도,2020-02-11 05:00,3.8,,4.8,140,92,555
102,백령도,2020-02-11 06:00,3.9,,4.7,140,91,513
102,백령도,2020-02-11 07:00,4.5,,4.9,160,92,545
102,백령도,2020-02-11 08:00,5.2,,3.9,160,92,447
102,백령도,2020-02-11 09:00,5.9,,6,160,91,367
102,백령도,2020-02-11 10:00,6.2,,5.9,160,91,348
102,백령도,2020-02-11 11:00,6.4,,4.2,160,91,403
102,백령도,2020-02-11 12:00,6.9,,3.1,160,90,408
102,백령도,2020-02-11 13:00,7.1,,4.4,140,90,395
102,백령도,2020-02-11 14:00,7.7,,4.4,160,84,366
102,백령도,2020-02-11 15:00,8.2,,3.7,140,83,353
102,백령도,2020-02-11 16:00,7.1,,4.1,140,87,329
102,백령도,2020-02-11 17:00,6.6,,3.7,140,91,310
102,백령도,2020-02-11 18:00,6.4,,4.4,140,93,246
102,백령도,2020-02-11 19:00,6.4,,4.9,140,95,187
102,백령도,2020-02-11 20:00,6.1,,4,140,95,356
102,백령도,2020-02-11 21:00,5.8,,3,140,95,334
102,백령도,2020-02-11 22:00,5.7,,4,110,95,367
102,백령도,2020-02-11 23:00,6.1,,2.9,110,92,466
102,백령도,2020-02-12 00:00,6.2,0,1.5,110,91,466
102,백령도,2020-02-12 01:00,6.2,,2.5,110,91,514
102,백령도,2020-02-12 02:00,6.3,,2.6,110,90,498
102,백령도,2020-02-12 03:00,6.4,0,3.5,140,90,442
102,백령도,2020-02-12 04:00,6,,3.2,110,92,414
102,백령도,2020-02-12 05:00,6,,3.9,110,92,497
102,백령도,2020-02-12 06:00,6.1,.6,4.9,110,86,665
102,백령도,2020-02-12 07:00,6.1,,3.5,110,87,610
102,백령도,2020-02-12 08:00,5.8,,3.2,110,90,477
102,백령도,2020-02-12 09:00,5.8,0,3.2,110,90,563
102,백령도,2020-02-12 10:00,6.1,,3.1,90,88,627
102,백령도,2020-02-12 11:00,6.9,,3.9,90,84,672
102,백령도,2020-02-12 12:00,7.9,0,3.8,90,79,692
102,백령도,2020-02-12 13:00,8.1,,3,90,79,671
102,백령도,2020-02-12 14:00,8.1,,1,50,82,657
102,백령도,2020-02-12 15:00,8,0,2.4,320,81,698
102,백령도,2020-02-12 16:00,7.3,,3.3,340,88,632
102,백령도,2020-02-12 17:00,7,,3.5,320,88,485
102,백령도,2020-02-12 18:00,6.6,.1,2.6,320,93,340
102,백령도,2020-02-12 19:00,6,,2.6,320,94,287
102,백령도,2020-02-12 20:00,5.5,,3.2,320,96,241
102,백령도,2020-02-12 21:00,5.9,0,5,290,97,228
102,백령도,2020-02-12 22:00,5.6,,3.6,320,97,205
102,백령도,2020-02-12 23:00,5.4,,3.4,320,98,193
102,백령도,2020-02-13 00:00,5.3,,4,320,98,266
102,백령도,2020-02-13 01:00,5.2,,2.2,320,98,227
102,백령도,2020-02-13 02:00,5.6,,3.9,320,98,218
102,백령도,2020-02-13 03:00,5.7,,3.5,290,98,359
102,백령도,2020-02-13 04:00,5.2,,3.3,320,98,28
102,백령도,2020-02-13 05:00,5.1,,2.4,320,99,118
102,백령도,2020-02-13 06:00,5.4,,1.4,270,99,417
102,백령도,2020-02-13 07:00,5.4,,.7,180,99,596
102,백령도,2020-02-13 08:00,5.4,,0,0,99,508
102,백령도,2020-02-13 09:00,5.6,,1.2,230,99,949
102,백령도,2020-02-13 10:00,6.3,,1.8,160,97,689
102,백령도,2020-02-13 11:00,7,,2.9,160,94,712
102,백령도,2020-02-13 12:00,7.4,,2.5,160,93,683
102,백령도,2020-02-13 13:00,7.4,,3.3,200,91,724
102,백령도,2020-02-13 14:00,7.6,,4.1,180,91,741
102,백령도,2020-02-13 15:00,7.7,,4.1,180,91,789
102,백령도,2020-02-13 16:00,7.4,,2.8,140,93,604
102,백령도,2020-02-13 17:00,6.9,,2.9,140,94,686
102,백령도,2020-02-13 18:00,6.8,,5,160,95,694
102,백령도,2020-02-13 19:00,6.7,,3.1,160,95,737
102,백령도,2020-02-13 20:00,6.9,,5.1,160,94,726
102,백령도,2020-02-13 21:00,7,,3.6,160,91,737
102,백령도,2020-02-13 22:00,6.8,,3.4,160,92,734
102,백령도,2020-02-13 23:00,6.7,,2,140,90,715
102,백령도,2020-02-14 00:00,6.5,,2.1,140,91,704
102,백령도,2020-02-14 01:00,6.3,,2.3,140,91,648
102,백령도,2020-02-14 02:00,6.1,,2.5,110,91,666
102,백령도,2020-02-14 03:00,6,,2.5,110,93,591
102,백령도,2020-02-14 04:00,5.8,,1.4,110,94,518
102,백령도,2020-02-14 05:00,5.6,,1.2,90,95,418
102,백령도,2020-02-14 06:00,5.6,,.9,140,95,407
102,백령도,2020-02-14 07:00,5.3,,.8,180,96,325
102,백령도,2020-02-14 08:00,4.6,,0,0,96,309
102,백령도,2020-02-14 09:00,5.8,,0,0,97,382
102,백령도,2020-02-14 10:00,7.2,,1.2,90,93,588
102,백령도,2020-02-14 11:00,8.4,,1.6,110,81,796
102,백령도,2020-02-14 12:00,9.1,,2.3,90,71,888
102,백령도,2020-02-14 13:00,9.9,,2,90,67,934
102,백령도,2020-02-14 14:00,11,,.9,110,61,925
102,백령도,2020-02-14 15:00,9.5,,1.8,360,70,600
102,백령도,2020-02-14 16:00,8.6,,3.4,320,69,862
102,백령도,2020-02-14 17:00,7.8,,3,320,78,771
102,백령도,2020-02-14 18:00,7,,4.2,340,86,687
102,백령도,2020-02-14 19:00,6.6,,1.2,340,90,555
102,백령도,2020-02-14 20:00,6,,2.6,320,91,636
102,백령도,2020-02-14 21:00,6,,.7,290,92,635
102,백령도,2020-02-14 22:00,6,,1.6,90,92,618
102,백령도,2020-02-14 23:00,6.2,,0,0,92,635
102,백령도,2020-02-15 00:00,5.8,,.8,110,92,454
102,백령도,2020-02-15 01:00,5.7,,.5,320,94,499
102,백령도,2020-02-15 02:00,5.4,,2.4,290,95,401
102,백령도,2020-02-15 03:00,6,,4.6,340,95,364
102,백령도,2020-02-15 04:00,5.9,,.2,0,96,311
102,백령도,2020-02-15 05:00,5.6,,.6,110,97,371
102,백령도,2020-02-15 06:00,5.1,,1.5,90,97,299
102,백령도,2020-02-15 07:00,5.5,,1.4,340,98,283
102,백령도,2020-02-15 08:00,5.5,,1.2,110,98,257
102,백령도,2020-02-15 09:00,6,,.1,0,98,374
102,백령도,2020-02-15 10:00,7.2,,2,140,92,690
102,백령도,2020-02-15 11:00,6.3,,4.5,340,91,377
102,백령도,2020-02-15 12:00,5.3,,4.6,340,95,372
102,백령도,2020-02-15 13:00,5.1,,4.6,320,96,394
102,백령도,2020-02-15 14:00,4.9,,4.7,320,97,399
102,백령도,2020-02-15 15:00,4.7,.6,7.7,320,97,440
102,백령도,2020-02-15 16:00,4.1,,7.6,320,97,507
102,백령도,2020-02-15 17:00,3.1,,6.9,320,97,644
102,백령도,2020-02-15 18:00,2.1,1.9,8.4,320,97,1006
102,백령도,2020-02-15 19:00,1.2,,8.6,320,98,555
102,백령도,2020-02-15 20:00,.4,,9.1,320,98,81
102,백령도,2020-02-15 21:00,-.1,2,8,320,98,110
102,백령도,2020-02-15 22:00,-.3,,6.1,320,99,170
102,백령도,2020-02-15 23:00,-.5,,6.4,320,99,127
102,백령도,2020-02-16 00:00,-.8,.9,7.4,290,99,558
102,백령도,2020-02-16 01:00,-.9,,7.3,290,98,592
102,백령도,2020-02-16 02:00,-.6,,8.1,320,97,288
102,백령도,2020-02-16 03:00,-1.1,0,8.3,320,95,592
102,백령도,2020-02-16 04:00,-1.3,,8.5,320,91,764
102,백령도,2020-02-16 05:00,-1.4,,8.6,320,88,861
102,백령도,2020-02-16 06:00,-1.8,,7.9,290,86,911
102,백령도,2020-02-16 07:00,-1.9,,8.1,290,84,959
102,백령도,2020-02-16 08:00,-2.3,,8.1,290,82,978
102,백령도,2020-02-16 09:00,-2.8,0,7.9,290,87,252
102,백령도,2020-02-16 10:00,-3.1,,8.2,320,92,135
102,백령도,2020-02-16 11:00,-2.9,,9,320,84,798
102,백령도,2020-02-16 12:00,-2.7,0,8.9,320,86,756
102,백령도,2020-02-16 13:00,-3.1,,10.6,320,82,710
102,백령도,2020-02-16 14:00,-2.8,,9.5,320,76,1158
102,백령도,2020-02-16 15:00,-3.4,0,9.3,320,83,597
102,백령도,2020-02-16 16:00,-3.5,,9.8,320,80,1792
102,백령도,2020-02-16 17:00,-4,,9.6,320,87,110
102,백령도,2020-02-16 18:00,-3.2,0,7.8,320,80,779
102,백령도,2020-02-16 19:00,-2.6,,8.1,320,75,1225
102,백령도,2020-02-16 20:00,-2.2,,9.7,340,70,1681
102,백령도,2020-02-16 21:00,-2.1,0,13.4,340,68,885
102,백령도,2020-02-16 22:00,-2.3,,8.6,320,64,2027
102,백령도,2020-02-16 23:00,-2.8,,13.1,340,62,2124
102,백령도,2020-02-17 00:00,-3.2,0,10.7,340,62,2205
102,백령도,2020-02-17 01:00,-3.6,,10.1,340,64,2372
102,백령도,2020-02-17 02:00,-3.9,,10.8,340,64,2262
102,백령도,2020-02-17 03:00,-4.1,0,10.4,340,64,2360
102,백령도,2020-02-17 04:00,-4.2,,7.8,340,59,3522
102,백령도,2020-02-17 05:00,-4.3,,11.8,340,61,3698
102,백령도,2020-02-17 06:00,-4.6,0,10.9,340,62,3236
102,백령도,2020-02-17 07:00,-5.1,,10.2,340,63,2331
102,백령도,2020-02-17 08:00,-5.2,,9,320,65,3514
102,백령도,2020-02-17 09:00,-5.6,0,10.3,340,68,1923
102,백령도,2020-02-17 10:00,-5.5,,11.3,340,68,1897
102,백령도,2020-02-17 11:00,-5.5,,10.1,340,63,3224
102,백령도,2020-02-17 12:00,-5.6,0,9.1,340,66,2625
102,백령도,2020-02-17 13:00,-5,,9.2,320,65,3581
102,백령도,2020-02-17 14:00,-5,,11.4,340,67,3230
102,백령도,2020-02-17 15:00,-5.1,0,12.3,340,62,3628
102,백령도,2020-02-17 16:00,-4.6,,10.2,340,69,3403
102,백령도,2020-02-17 17:00,-4.3,,13,340,65,3688
102,백령도,2020-02-17 18:00,-3.8,,12.9,340,60,4069
102,백령도,2020-02-17 19:00,-3.5,,12.4,340,60,4051
102,백령도,2020-02-17 20:00,-3.3,,11.6,340,62,3652
102,백령도,2020-02-17 21:00,-3.1,,13.6,340,57,3738
102,백령도,2020-02-17 22:00,-3.1,,12.7,340,56,3805
102,백령도,2020-02-17 23:00,-3.1,,11,340,59,3564
102,백령도,2020-02-18 00:00,-3,,11.9,340,63,3426
102,백령도,2020-02-18 01:00,-3,,11.5,340,62,3583
102,백령도,2020-02-18 02:00,-3,,11.9,340,58,3802
102,백령도,2020-02-18 03:00,-2.8,,11.8,340,60,3784
102,백령도,2020-02-18 04:00,-2.8,,10.1,340,56,4382
102,백령도,2020-02-18 05:00,-2.4,,9.7,340,55,4242
102,백령도,2020-02-18 06:00,-2.3,,10,340,55,4528
102,백령도,2020-02-18 07:00,-2.4,,9,340,59,4576
102,백령도,2020-02-18 08:00,-2.1,,8.6,340,61,4388
102,백령도,2020-02-18 09:00,-1.6,,7.7,340,58,4510
102,백령도,2020-02-18 10:00,-1,,7,340,52,4058
102,백령도,2020-02-18 11:00,-.2,,5.8,340,52,3988
102,백령도,2020-02-18 12:00,.2,,5.3,360,50,4228
102,백령도,2020-02-18 13:00,.7,,4.4,340,49,4289
102,백령도,2020-02-18 14:00,1.1,,3.5,360,49,4054
102,백령도,2020-02-18 15:00,1.6,,3.4,340,52,4498
102,백령도,2020-02-18 16:00,2,,1.5,340,53,4331
102,백령도,2020-02-18 17:00,1.8,,.3,0,52,4659
102,백령도,2020-02-18 18:00,1.4,,0,0,55,4755
102,백령도,2020-02-18 19:00,-.7,,.6,270,63,2599
102,백령도,2020-02-18 20:00,.2,,0,0,63,4581
102,백령도,2020-02-18 21:00,.1,,0,0,67,4637
102,백령도,2020-02-18 22:00,.2,,2.3,140,73,4448
102,백령도,2020-02-18 23:00,1.6,,2.7,160,72,4622
102,백령도,2020-02-19 00:00,1.4,,2.2,140,74,4849
102,백령도,2020-02-19 01:00,1.5,,2.4,110,78,4640
102,백령도,2020-02-19 02:00,1.4,,3.6,110,82,4435
102,백령도,2020-02-19 03:00,1.2,,4.4,110,81,4559
102,백령도,2020-02-19 04:00,1.3,,4.8,110,82,4310
102,백령도,2020-02-19 05:00,1,,5.1,110,81,4530
102,백령도,2020-02-19 06:00,.5,,4.7,110,80,3649
102,백령도,2020-02-19 07:00,.2,,4.2,110,83,3400
102,백령도,2020-02-19 08:00,.4,,5.1,110,84,3012
102,백령도,2020-02-19 09:00,1.6,,5.3,110,79,2957
102,백령도,2020-02-19 10:00,2.1,,5.6,110,78,2453
102,백령도,2020-02-19 11:00,3.2,,6.3,110,79,2114
102,백령도,2020-02-19 12:00,3.3,,6.7,110,83,1397
102,백령도,2020-02-19 13:00,4.5,,5.9,110,82,1453
102,백령도,2020-02-19 14:00,4.1,,6.1,110,82,1514
102,백령도,2020-02-19 15:00,4.3,,4.9,140,80,1690
102,백령도,2020-02-19 16:00,4,,4.9,110,80,1815
102,백령도,2020-02-19 17:00,3.6,,5.4,110,81,1860
102,백령도,2020-02-19 18:00,3.3,,4.5,110,83,1579
102,백령도,2020-02-19 19:00,2.8,,4,110,83,1403
102,백령도,2020-02-19 20:00,2.8,,3.6,110,83,1402
102,백령도,2020-02-19 21:00,2.6,,2.9,110,84,1351
102,백령도,2020-02-19 22:00,2.5,,1.9,110,84,1402
102,백령도,2020-02-19 23:00,2.8,,2.8,110,81,1711
102,백령도,2020-02-20 00:00,2.7,,2.5,110,85,1459
102,백령도,2020-02-20 01:00,2.4,,1.8,110,88,1173
102,백령도,2020-02-20 02:00,2.5,,1.7,110,86,1513
102,백령도,2020-02-20 03:00,2.7,,1.9,140,87,1437
102,백령도,2020-02-20 04:00,2.5,,2.1,140,89,1313
102,백령도,2020-02-20 05:00,2.5,,2.4,110,90,1174
102,백령도,2020-02-20 06:00,2.4,,2.1,110,91,1158
102,백령도,2020-02-20 07:00,2.6,,2.1,110,91,1079
102,백령도,2020-02-20 08:00,2.4,,2,140,94,782
102,백령도,2020-02-20 09:00,4.1,,2.1,110,92,861
102,백령도,2020-02-20 10:00,5.2,,2.5,140,89,1001
102,백령도,2020-02-20 11:00,6.3,,3.2,140,84,1076
102,백령도,2020-02-20 12:00,6.8,,4.1,160,83,1045
102,백령도,2020-02-20 13:00,8,,4.5,160,86,1058
102,백령도,2020-02-20 14:00,6.9,,3.8,160,86,916
102,백령도,2020-02-20 15:00,7.4,,3.8,160,87,1162
102,백령도,2020-02-20 16:00,6.9,,3.7,160,90,773
102,백령도,2020-02-20 17:00,6.4,,3.1,160,92,643
102,백령도,2020-02-20 18:00,5.8,,3,160,94,508
102,백령도,2020-02-20 19:00,5.2,,3.5,160,97,298
102,백령도,2020-02-20 20:00,5.3,,4,160,98,244
102,백령도,2020-02-20 21:00,5.2,,4.1,160,98,259
102,백령도,2020-02-20 22:00,5.4,,4,160,98,389
102,백령도,2020-02-20 23:00,5.2,,4.2,140,97,371
102,백령도,2020-02-21 00:00,5.4,,3.6,140,96,587
102,백령도,2020-02-21 01:00,5.2,,3.8,140,96,490
102,백령도,2020-02-21 02:00,5.4,,3.6,160,96,533
102,백령도,2020-02-21 03:00,5.3,,4.6,140,97,590
102,백령도,2020-02-21 04:00,5.3,,3,140,96,597
102,백령도,2020-02-21 05:00,5.4,,4.2,140,94,950
102,백령도,2020-02-21 06:00,4.9,,5.2,140,96,328
102,백령도,2020-02-21 07:00,5.1,,4,160,97,454
102,백령도,2020-02-21 08:00,5.6,,6.2,160,95,1116
102,백령도,2020-02-21 09:00,5.9,,4.2,160,92,1278
102,백령도,2020-02-21 10:00,6.5,,4.9,160,91,1432
102,백령도,2020-02-21 11:00,6.9,,3.4,160,88,1388
102,백령도,2020-02-21 12:00,6.1,,4.2,140,91,1047
102,백령도,2020-02-21 13:00,6.3,,4.4,160,93,782
102,백령도,2020-02-21 14:00,6.2,,4.9,160,94,549
102,백령도,2020-02-21 15:00,6.3,,4.6,160,96,435
102,백령도,2020-02-21 16:00,6.7,,5,160,96,592
102,백령도,2020-02-21 17:00,7,,3.7,180,95,743
102,백령도,2020-02-21 18:00,7.6,,4.2,200,92,1235
102,백령도,2020-02-21 19:00,7.8,,4.6,200,94,1054
102,백령도,2020-02-21 20:00,8.1,,4.5,200,91,1709
102,백령도,2020-02-21 21:00,7.3,.2,5.3,230,92,1558
102,백령도,2020-02-21 22:00,5.4,,6.6,290,96,1242
102,백령도,2020-02-21 23:00,5.1,,4.7,270,97,497
102,백령도,2020-02-22 00:00,5.3,2.3,7.9,290,93,371
102,백령도,2020-02-22 01:00,4.6,,7.5,290,87,405
102,백령도,2020-02-22 02:00,4.5,,6.6,290,90,327
102,백령도,2020-02-22 03:00,4.6,,5.8,290,90,326
102,백령도,2020-02-22 04:00,4.9,,6.7,290,89,269
102,백령도,2020-02-22 05:00,4.7,,6.8,290,84,323
102,백령도,2020-02-22 06:00,4.9,,6.5,290,84,326
102,백령도,2020-02-22 07:00,5.1,,7.6,290,82,339
102,백령도,2020-02-22 08:00,4.9,,6.7,290,81,372
102,백령도,2020-02-22 09:00,5.3,,5,320,81,414
102,백령도,2020-02-22 10:00,5,,6.7,320,79,382
102,백령도,2020-02-22 11:00,4.9,,5.8,340,76,584
102,백령도,2020-02-22 12:00,5,,5.8,340,72,585
102,백령도,2020-02-22 13:00,3.9,,6.6,340,71,879
102,백령도,2020-02-22 14:00,4.5,,8,320,61,1264
102,백령도,2020-02-22 15:00,4.2,,10.2,320,47,3159
102,백령도,2020-02-22 16:00,3.8,,8.7,320,54,3338
102,백령도,2020-02-22 17:00,3.1,,10.8,320,52,2966
102,백령도,2020-02-22 18:00,2.9,,8.9,320,54,3438
102,백령도,2020-02-22 19:00,2.9,,7.7,320,57,3832
102,백령도,2020-02-22 20:00,3,,7.8,320,53,4451
102,백령도,2020-02-22 21:00,3,,7.4,320,49,4591
102,백령도,2020-02-22 22:00,3.2,,8.4,320,48,4097
102,백령도,2020-02-22 23:00,3.3,,7,320,48,4120
102,백령도,2020-02-23 00:00,3.3,,6.9,320,46,4336
102,백령도,2020-02-23 01:00,3,,3.8,320,53,4047
102,백령도,2020-02-23 02:00,3.1,,4.7,320,48,4591
102,백령도,2020-02-23 03:00,3.1,,3.9,320,46,4663
102,백령도,2020-02-23 04:00,2.2,,.6,270,52,4632
102,백령도,2020-02-23 05:00,2.3,,.8,270,54,4717
102,백령도,2020-02-23 06:00,2.2,,.3,0,59,4500
102,백령도,2020-02-23 07:00,2.1,,2.1,230,59,4722
102,백령도,2020-02-23 08:00,2.6,,2.2,250,63,3391
102,백령도,2020-02-23 09:00,4.4,,2.5,230,59,3738
102,백령도,2020-02-23 10:00,5.4,,5,230,55,3610
102,백령도,2020-02-23 11:00,6.1,,4.2,200,48,3990
102,백령도,2020-02-23 12:00,6.7,,5.3,200,48,4423
102,백령도,2020-02-23 13:00,7,,5.7,200,49,4277
102,백령도,2020-02-23 14:00,6.4,,6.3,200,46,4354
102,백령도,2020-02-23 15:00,6.7,,5.7,230,48,4571
102,백령도,2020-02-23 16:00,6.7,,5.8,200,55,3722
102,백령도,2020-02-23 17:00,6.1,,6.6,200,56,3273
102,백령도,2020-02-23 18:00,5.5,,7.5,200,60,4413
102,백령도,2020-02-23 19:00,5.5,,6.1,200,66,4538
102,백령도,2020-02-23 20:00,5.8,,6.7,200,71,3836
102,백령도,2020-02-23 21:00,6.2,,6,200,74,3410
102,백령도,2020-02-23 22:00,6.5,,5.1,200,73,3441
102,백령도,2020-02-23 23:00,6.5,,4.8,200,73,3174
102,백령도,2020-02-24 00:00,6.4,,4,180,74,3125
102,백령도,2020-02-24 01:00,6.7,,4.2,180,80,2345
102,백령도,2020-02-24 02:00,6.2,,3,160,86,2208
102,백령도,2020-02-24 03:00,6.1,,3.5,140,90,2128
102,백령도,2020-02-24 04:00,5.9,,4,140,93,1962
102,백령도,2020-02-24 05:00,5.6,,3.8,160,96,1515
102,백령도,2020-02-24 06:00,5.9,,3.3,140,97,1476
102,백령도,2020-02-24 07:00,6.1,,3.3,140,97,1485
102,백령도,2020-02-24 08:00,6.2,,3.8,140,98,1215
102,백령도,2020-02-24 09:00,6.5,,3.9,140,97,1381
102,백령도,2020-02-24 10:00,7,,4.3,160,96,1612
102,백령도,2020-02-24 11:00,7.2,,4.3,140,95,1655
102,백령도,2020-02-24 12:00,7.6,,4.1,160,92,1908
102,백령도,2020-02-24 13:00,7.4,,5,160,92,1597
102,백령도,2020-02-24 14:00,6.9,,5.1,140,95,1166
102,백령도,2020-02-24 15:00,6.6,,4.7,140,95,1119
102,백령도,2020-02-24 16:00,6.6,,5.2,160,95,1274
102,백령도,2020-02-24 17:00,6.5,,5.5,140,93,1411
102,백령도,2020-02-24 18:00,6.2,,3.9,140,92,1472
102,백령도,2020-02-24 19:00,6.3,,4.1,110,92,1588
102,백령도,2020-02-24 20:00,6.3,,3.7,110,92,1297
102,백령도,2020-02-24 21:00,6.3,,3.1,110,91,1550
102,백령도,2020-02-24 22:00,6.1,,3.9,110,92,1329
102,백령도,2020-02-24 23:00,6.2,,4.3,110,93,1498
102,백령도,2020-02-25 00:00,6.1,,3.3,70,95,1044
102,백령도,2020-02-25 01:00,6.3,,4,90,94,810
102,백령도,2020-02-25 02:00,6,,4.1,90,97,561
102,백령도,2020-02-25 03:00,5.9,4.4,5.2,90,97,434
102,백령도,2020-02-25 04:00,5.8,,5.2,90,98,412
102,백령도,2020-02-25 05:00,5.6,,6.2,90,99,812
102,백령도,2020-02-25 06:00,5.7,5.7,5,90,99,659
102,백령도,2020-02-25 07:00,5.4,,4.7,50,99,370
102,백령도,2020-02-25 08:00,5.6,,3.9,90,99,676
102,백령도,2020-02-25 09:00,5.9,4.8,4.9,90,98,1366
102,백령도,2020-02-25 10:00,6.6,,3.5,90,96,1216
102,백령도,2020-02-25 11:00,7.4,,3.3,70,90,1009
102,백령도,2020-02-25 12:00,8.5,0,3.6,50,87,1610
102,백령도,2020-02-25 13:00,9,,3.5,360,84,1748
102,백령도,2020-02-25 14:00,8.7,,4.1,340,81,1641
102,백령도,2020-02-25 15:00,9.5,,2.8,340,79,1631
102,백령도,2020-02-25 16:00,8.6,,5.7,360,76,1152
102,백령도,2020-02-25 17:00,8.3,,4.5,360,76,1489
102,백령도,2020-02-25 18:00,7.6,,4.4,360,78,2160
102,백령도,2020-02-25 19:00,7.2,,3.9,360,81,2541
102,백령도,2020-02-25 20:00,7.1,,3.7,340,80,2692
102,백령도,2020-02-25 21:00,6.7,,3.9,340,83,2574
102,백령도,2020-02-25 22:00,5.6,,3,320,91,2073
102,백령도,2020-02-25 23:00,5.3,,1.6,290,92,1651
102,백령도,2020-02-26 00:00,6.1,,1,70,81,3163
102,백령도,2020-02-26 01:00,5.1,,.8,320,89,2712
102,백령도,2020-02-26 02:00,4.2,,1.2,290,95,1243
102,백령도,2020-02-26 03:00,4.2,,1.7,290,97,1295
102,백령도,2020-02-26 04:00,3.7,,1.3,320,92,2171
102,백령도,2020-02-26 05:00,4,,3.3,320,96,1110
102,백령도,2020-02-26 06:00,3.9,,2.2,270,95,1288
102,백령도,2020-02-26 07:00,4.1,,3.5,290,96,1448
102,백령도,2020-02-26 08:00,4.7,,2.7,320,97,1164
102,백령도,2020-02-26 09:00,4.9,,3.9,340,92,1619
102,백령도,2020-02-26 10:00,4.8,,7.1,340,79,1620
102,백령도,2020-02-26 11:00,4.9,,6.6,340,70,1989
102,백령도,2020-02-26 12:00,5.3,,6.7,340,71,1786
102,백령도,2020-02-26 13:00,4.6,,7.6,340,68,1581
102,백령도,2020-02-26 14:00,4.5,,7.8,340,66,1666
102,백령도,2020-02-26 15:00,4.4,,8.5,340,68,1482
102,백령도,2020-02-26 16:00,4.2,,9.4,340,67,1514
102,백령도,2020-02-26 17:00,4.4,,9.5,340,66,1753
102,백령도,2020-02-26 18:00,4.8,,10.6,340,68,2397
102,백령도,2020-02-26 19:00,5.1,,9.8,340,63,3086
102,백령도,2020-02-26 20:00,5.4,,9.7,340,62,3032
102,백령도,2020-02-26 21:00,5.5,,7.2,340,58,3804
102,백령도,2020-02-26 22:00,5.4,,6.6,360,56,3787
102,백령도,2020-02-26 23:00,5.2,,7.1,360,53,3744
102,백령도,2020-02-27 00:00,4.6,,6.7,360,54,3477
102,백령도,2020-02-27 01:00,4.1,,5,360,57,3312
102,백령도,2020-02-27 02:00,3.8,,6.3,360,55,3693
102,백령도,2020-02-27 03:00,3.6,,6.6,360,54,3764
102,백령도,2020-02-27 04:00,3.2,,6.2,360,51,4202
102,백령도,2020-02-27 05:00,2.7,,5.7,360,52,4245
102,백령도,2020-02-27 06:00,2.5,,4.2,340,58,3438
102,백령도,2020-02-27 07:00,2.1,,1.9,20,66,3565
102,백령도,2020-02-27 08:00,2.4,,1.3,20,67,3266
102,백령도,2020-02-27 09:00,3.3,,3.8,360,65,3289
102,백령도,2020-02-27 10:00,4.1,,3.3,340,61,3028
102,백령도,2020-02-27 11:00,4.8,,2.6,320,60,2858
102,백령도,2020-02-27 12:00,6.3,,2.5,340,58,3109
102,백령도,2020-02-27 13:00,6.3,,3.4,360,59,2697
102,백령도,2020-02-27 14:00,6.9,,2.7,360,58,2992
102,백령도,2020-02-27 15:00,6.2,,4,290,60,2971
102,백령도,2020-02-27 16:00,6.2,,3.9,320,64,2903
102,백령도,2020-02-27 17:00,5.4,,3.9,320,68,2939
102,백령도,2020-02-27 18:00,4.2,,3.1,320,77,3189
102,백령도,2020-02-27 19:00,3.9,,3.8,320,81,3576
102,백령도,2020-02-27 20:00,3.6,,1.8,340,80,3244
102,백령도,2020-02-27 21:00,3.7,,.1,0,79,2828
102,백령도,2020-02-27 22:00,3.8,,1.2,90,80,2912
102,백령도,2020-02-27 23:00,3.8,,.9,90,83,3209
102,백령도,2020-02-28 00:00,2.9,,.9,180,83,3242
102,백령도,2020-02-28 01:00,3.2,,.8,230,84,2913
102,백령도,2020-02-28 02:00,3.1,,1,180,85,3137
102,백령도,2020-02-28 03:00,3.9,,.4,0,83,3091
102,백령도,2020-02-28 04:00,3.8,,.8,200,83,3155
102,백령도,2020-02-28 05:00,3.9,,1.1,200,84,2808
102,백령도,2020-02-28 06:00,4.1,,.1,0,83,2853
102,백령도,2020-02-28 07:00,3.8,,.9,180,85,2850
102,백령도,2020-02-28 08:00,3.7,,.9,320,89,1942
102,백령도,2020-02-28 09:00,3.9,.4,1.7,290,86,1113
102,백령도,2020-02-28 10:00,3.3,,1.4,270,91,1050
102,백령도,2020-02-28 11:00,3.5,,.9,160,94,1316
102,백령도,2020-02-28 12:00,3.5,1.3,2.5,160,95,1439
102,백령도,2020-02-28 13:00,3.1,,4.2,180,95,942
102,백령도,2020-02-28 14:00,2.4,,3,180,96,1007
102,백령도,2020-02-28 15:00,2.9,2.2,4,160,97,4402
102,백령도,2020-02-28 16:00,3.3,,1.9,140,97,4751
102,백령도,2020-02-28 17:00,3.4,,1.1,140,96,4988
102,백령도,2020-02-28 18:00,3.3,0,1.4,140,98,350
102,백령도,2020-02-28 19:00,3.2,,1.8,140,99,692
102,백령도,2020-02-28 20:00,3.3,,2.1,160,99,2584
102,백령도,2020-02-28 21:00,3.5,.1,1.6,140,99,4341
102,백령도,2020-02-28 22:00,3.7,,.9,90,99,4356
102,백령도,2020-02-28 23:00,3.7,,0,0,99,1956
102,백령도,2020-02-29 00:00,3.7,,.7,90,98,1204
102,백령도,2020-02-29 01:00,3.7,,.4,0,99,1637
102,백령도,2020-02-29 02:00,3.9,,.2,0,99,2130
102,백령도,2020-02-29 03:00,3.9,0,.1,0,99,1487
102,백령도,2020-02-29 04:00,3.9,,.2,0,100,1201
102,백령도,2020-02-29 05:00,3.9,,1.1,160,100,988
102,백령도,2020-02-29 06:00,4,,1.1,50,100,2097
102,백령도,2020-02-29 07:00,4.2,,3.1,50,100,3844
102,백령도,2020-02-29 08:00,4.1,,2.5,70,98,2869
102,백령도,2020-02-29 09:00,4.7,,2.4,90,95,4672
102,백령도,2020-02-29 10:00,4.9,,3,90,92,2702
102,백령도,2020-02-29 11:00,5.9,,2.9,70,88,2306
102,백령도,2020-02-29 12:00,5.8,,2.5,340,84,2587
102,백령도,2020-02-29 13:00,6.6,,3.9,340,76,3246
102,백령도,2020-02-29 14:00,6.7,,4.4,340,72,3371
102,백령도,2020-02-29 15:00,6.6,,4.2,340,72,3010
102,백령도,2020-02-29 16:00,5.9,,4.9,340,77,2240
102,백령도,2020-02-29 17:00,5.1,,6,340,78,2447
102,백령도,2020-02-29 18:00,4.1,,6.4,340,83,1897
102,백령도,2020-02-29 19:00,3.7,,6.7,340,83,2053
102,백령도,2020-02-29 20:00,3.6,,7.3,340,83,2122
102,백령도,2020-02-29 21:00,3.5,,5.9,340,86,1975
102,백령도,2020-02-29 22:00,3.3,,4.2,340,86,1897
102,백령도,2020-02-29 23:00,3.4,,3.9,320,88,1788
102,백령도,2020-03-01 00:00,3.5,,4.1,320,89,1587
102,백령도,2020-03-01 01:00,3.6,,5.2,320,89,1775
102,백령도,2020-03-01 02:00,3.7,,4.8,320,90,1645
102,백령도,2020-03-01 03:00,3.9,,5.2,320,86,1578
102,백령도,2020-03-01 04:00,3.9,,4.1,320,83,1786
102,백령도,2020-03-01 05:00,4,,5.5,340,82,857
102,백령도,2020-03-01 06:00,3.9,,4.9,340,84,854
102,백령도,2020-03-01 07:00,4.1,,5,340,81,990
102,백령도,2020-03-01 08:00,4.2,,5.6,340,83,916
102,백령도,2020-03-01 09:00,4.9,,5.2,340,81,893
102,백령도,2020-03-01 10:00,5.6,,6.2,340,76,982
102,백령도,2020-03-01 11:00,5.8,,6.8,340,69,1211
102,백령도,2020-03-01 12:00,6.3,,5.4,340,70,1168
102,백령도,2020-03-01 13:00,6.5,,4.9,340,67,1265
102,백령도,2020-03-01 14:00,6.5,,6,320,67,1405
102,백령도,2020-03-01 15:00,6.7,,5.5,320,68,1558
102,백령도,2020-03-01 16:00,5.8,,6.9,320,69,1348
102,백령도,2020-03-01 17:00,5.1,,5.5,320,77,1070
102,백령도,2020-03-01 18:00,4.7,,8,320,76,1338
102,백령도,2020-03-01 19:00,4.7,,5.9,320,71,1726
102,백령도,2020-03-01 20:00,5,,5.4,320,73,1131
102,백령도,2020-03-01 21:00,5,,8.3,320,73,975
102,백령도,2020-03-01 22:00,4.7,,9.6,320,71,1082
102,백령도,2020-03-01 23:00,4.1,,10.8,340,61,1203
102,백령도,2020-03-02 00:00,3.5,,10.3,340,61,1229
102,백령도,2020-03-02 01:00,3.1,,9.5,340,57,1482
102,백령도,2020-03-02 02:00,2.9,,11.3,340,58,1633
102,백령도,2020-03-02 03:00,2.9,,13,340,54,1615
102,백령도,2020-03-02 04:00,2.7,,11.1,340,58,1363
102,백령도,2020-03-02 05:00,2.6,,12.7,340,61,1215
102,백령도,2020-03-02 06:00,2.2,,11.4,340,63,1381
102,백령도,2020-03-02 07:00,2,,11.1,340,64,1471
102,백령도,2020-03-02 08:00,2.1,,9.5,340,64,1524
102,백령도,2020-03-02 09:00,2.5,,8.8,340,62,1571
102,백령도,2020-03-02 10:00,3.1,,9.1,360,53,1869
102,백령도,2020-03-02 11:00,3.5,,9,340,53,2087
102,백령도,2020-03-02 12:00,3.6,,9,340,58,1840
102,백령도,2020-03-02 13:00,3.8,,7.9,340,55,1908
102,백령도,2020-03-02 14:00,3.6,,7.5,340,59,1879
102,백령도,2020-03-02 15:00,3.2,,6.9,340,58,1844
102,백령도,2020-03-02 16:00,3.1,,6.2,340,60,1800
102,백령도,2020-03-02 17:00,2.8,,5.3,340,59,1857
102,백령도,2020-03-02 18:00,2.1,,3.5,340,64,1879
102,백령도,2020-03-02 19:00,1.6,,4.5,340,63,2116
102,백령도,2020-03-02 20:00,1.6,,3.9,340,64,2129
102,백령도,2020-03-02 21:00,1.5,,3.2,340,64,2231
102,백령도,2020-03-02 22:00,1.6,,3.4,340,63,2529
102,백령도,2020-03-02 23:00,1.4,,2.9,360,62,2852
102,백령도,2020-03-03 00:00,1.5,,3.1,20,65,2630
102,백령도,2020-03-03 01:00,.9,,1.6,20,68,2411
102,백령도,2020-03-03 02:00,1.1,,2.1,50,67,2358
102,백령도,2020-03-03 03:00,1.1,,2.5,70,67,2144
102,백령도,2020-03-03 04:00,.3,,1.1,180,73,1842
102,백령도,2020-03-03 05:00,.7,,2.6,110,71,1851
102,백령도,2020-03-03 06:00,.8,,2.4,110,74,1594
102,백령도,2020-03-03 07:00,.8,,1.8,140,75,1632
102,백령도,2020-03-03 08:00,1.7,,2.1,140,78,1297
102,백령도,2020-03-03 09:00,3.5,,3.8,160,70,1785
102,백령도,2020-03-03 10:00,4.2,,4,180,73,1557
102,백령도,2020-03-03 11:00,5.3,,3.9,180,66,1821
102,백령도,2020-03-03 12:00,5.1,,4.4,200,56,1884
102,백령도,2020-03-03 13:00,6.1,,3.8,180,56,3099
102,백령도,2020-03-03 14:00,6.1,,3.1,230,57,3002
102,백령도,2020-03-03 15:00,5.3,,4.8,200,60,3040
102,백령도,2020-03-03 16:00,5.6,,4.4,270,58,3259
102,백령도,2020-03-03 17:00,6,,2.6,250,61,2526
102,백령도,2020-03-03 18:00,5.3,,3.1,250,66,2092
102,백령도,2020-03-03 19:00,5.2,,2.9,250,70,2130
102,백령도,2020-03-03 20:00,5.3,,2.8,250,77,1300
102,백령도,2020-03-03 21:00,5,0,3.4,250,83,1046
102,백령도,2020-03-03 22:00,4.8,,5.9,290,79,714
102,백령도,2020-03-03 23:00,4.3,,5.3,290,74,1142
102,백령도,2020-03-04 00:00,4.1,,6.5,290,71,1271
102,백령도,2020-03-04 01:00,4,,8.5,290,74,871
102,백령도,2020-03-04 02:00,3.4,,8,320,73,1183
102,백령도,2020-03-04 03:00,3.3,,8.4,320,71,1488
102,백령도,2020-03-04 04:00,3,,8.2,320,71,1160
102,백령도,2020-03-04 05:00,2.5,,8,320,68,1120
102,백령도,2020-03-04 06:00,1.5,,8.4,320,70,1097
102,백령도,2020-03-04 07:00,1.6,,9.7,320,74,1043
102,백령도,2020-03-04 08:00,1.4,,9.2,320,66,1192
102,백령도,2020-03-04 09:00,1.7,,9.2,320,64,1268
102,백령도,2020-03-04 10:00,1.6,,9.3,320,63,1143
102,백령도,2020-03-04 11:00,1.6,,9.5,320,63,989
102,백령도,2020-03-04 12:00,1.2,,9.5,320,65,1203
102,백령도,2020-03-04 13:00,.9,,8.9,320,64,1824
102,백령도,2020-03-04 14:00,.9,,11.1,320,59,2356
102,백령도,2020-03-04 15:00,.7,,10.9,320,61,1866
102,백령도,2020-03-04 16:00,.6,,11.2,320,61,1946
102,백령도,2020-03-04 17:00,.7,,8.4,320,64,1801
102,백령도,2020-03-04 18:00,.9,0,9.5,320,62,1609
102,백령도,2020-03-04 19:00,.9,,9.7,340,62,1874
102,백령도,2020-03-04 20:00,1,,10.6,340,59,2026
102,백령도,2020-03-04 21:00,1,0,11.7,340,62,2032
102,백령도,2020-03-04 22:00,1,,12.6,340,60,2405
102,백령도,2020-03-04 23:00,.8,,11.8,340,64,2489
102,백령도,2020-03-05 00:00,.6,,10.3,340,66,2594
102,백령도,2020-03-05 01:00,.5,,10.4,340,66,2835
102,백령도,2020-03-05 02:00,.5,,9.9,340,68,2884
102,백령도,2020-03-05 03:00,.2,,8.9,340,68,2930
102,백령도,2020-03-05 04:00,.1,,8.6,340,67,3153
102,백령도,2020-03-05 05:00,.2,,7.7,340,68,3261
102,백령도,2020-03-05 06:00,0,,7.3,340,67,3353
102,백령도,2020-03-05 07:00,.2,,8.5,340,63,3751
102,백령도,2020-03-05 08:00,.6,,8.6,340,59,3599
102,백령도,2020-03-05 09:00,.9,,9.1,340,54,3671
102,백령도,2020-03-05 10:00,1.5,,7.8,340,53,3783
102,백령도,2020-03-05 11:00,2,,7,340,49,3866
102,백령도,2020-03-05 12:00,2.5,,6.7,340,48,4226
102,백령도,2020-03-05 13:00,2.8,,6.7,340,51,4184
102,백령도,2020-03-05 14:00,3,,6.4,340,47,4290
102,백령도,2020-03-05 15:00,3.1,,5.9,340,44,4435
102,백령도,2020-03-05 16:00,2.9,,4.8,340,44,4073
102,백령도,2020-03-05 17:00,2.7,,3.7,320,48,4364
102,백령도,2020-03-05 18:00,2.1,,3.3,340,51,4282
102,백령도,2020-03-05 19:00,.8,,2.6,320,57,3940
102,백령도,2020-03-05 20:00,.5,,0,0,59,4017
102,백령도,2020-03-05 21:00,-.4,,0,0,62,3870
102,백령도,2020-03-05 22:00,-.6,,2,200,66,3783
102,백령도,2020-03-05 23:00,-.1,,1.2,230,64,3719
102,백령도,2020-03-06 00:00,-.5,,2.6,180,69,4632
102,백령도,2020-03-06 01:00,.6,,.9,180,69,4003
102,백령도,2020-03-06 02:00,1.1,,1.7,200,66,3679
102,백령도,2020-03-06 03:00,1.4,,1.6,230,64,3749
102,백령도,2020-03-06 04:00,1.5,,1.1,200,68,3557
102,백령도,2020-03-06 05:00,1.6,,1.9,200,68,3670
102,백령도,2020-03-06 06:00,1.6,,2.2,180,72,3496
102,백령도,2020-03-06 07:00,2.7,,3.8,160,71,3583
102,백령도,2020-03-06 08:00,3,,3.2,180,73,3089
102,백령도,2020-03-06 09:00,4.4,,3.9,180,68,3357
102,백령도,2020-03-06 10:00,5.3,,5.5,180,64,3546
102,백령도,2020-03-06 11:00,6.5,,5.6,180,64,3643
102,백령도,2020-03-06 12:00,6.2,,5.3,180,62,3682
102,백령도,2020-03-06 13:00,6.4,,5.3,180,60,3482
102,백령도,2020-03-06 14:00,6.4,,5.9,160,64,3491
102,백령도,2020-03-06 15:00,5.9,,5.6,180,67,3506
102,백령도,2020-03-06 16:00,5.7,,4.5,180,69,2946
102,백령도,2020-03-06 17:00,5.2,,5.2,160,70,3042
102,백령도,2020-03-06 18:00,4.8,,5,160,72,3180
102,백령도,2020-03-06 19:00,4.6,,5.1,160,71,3529
102,백령도,2020-03-06 20:00,4.6,,4.2,160,73,3440
102,백령도,2020-03-06 21:00,4.4,,3.9,160,75,3394
102,백령도,2020-03-06 22:00,4,,2.5,160,79,3346
102,백령도,2020-03-06 23:00,3.9,,1.8,140,80,3390
102,백령도,2020-03-07 00:00,3.4,,2,140,82,3312
102,백령도,2020-03-07 01:00,3,,1.9,140,86,3199
102,백령도,2020-03-07 02:00,3,,2.4,110,89,2752
102,백령도,2020-03-07 03:00,2.6,,1.8,110,90,2470
102,백령도,2020-03-07 04:00,2.2,,1.5,90,88,2434
102,백령도,2020-03-07 05:00,2.8,,2.8,110,83,2438
102,백령도,2020-03-07 06:00,2.7,,2.1,110,85,2770
102,백령도,2020-03-07 07:00,3.1,,2.5,110,86,2695
102,백령도,2020-03-07 08:00,3.4,,3.8,90,80,3034
102,백령도,2020-03-07 09:00,4,,2.3,90,83,2303
102,백령도,2020-03-07 10:00,5,,2.6,90,67,2484
102,백령도,2020-03-07 11:00,6.1,,3,90,54,883
102,백령도,2020-03-07 12:00,7.9,,2.2,90,47,1611
102,백령도,2020-03-07 13:00,8.2,,2.5,90,45,2500
102,백령도,2020-03-07 14:00,7,,2.7,160,44,2943
102,백령도,2020-03-07 15:00,7.8,,2.5,290,55,3230
102,백령도,2020-03-07 16:00,6.4,,3.7,320,70,3386
102,백령도,2020-03-07 17:00,6.5,,3.7,320,73,3345
102,백령도,2020-03-07 18:00,5.8,,3.5,320,79,3142
102,백령도,2020-03-07 19:00,4.8,,3.2,320,84,3481
102,백령도,2020-03-07 20:00,4.8,,3.4,340,84,3270
102,백령도,2020-03-07 21:00,4.5,,3.7,340,84,1899
102,백령도,2020-03-07 22:00,3.8,,1.5,340,86,2004
102,백령도,2020-03-07 23:00,3,,1.5,320,88,2087
102,백령도,2020-03-08 00:00,4.2,,3.9,340,73,2781
102,백령도,2020-03-08 01:00,4,,.7,360,73,2492
102,백령도,2020-03-08 02:00,4.2,,.1,0,70,2349
102,백령도,2020-03-08 03:00,3.5,,1.3,290,74,2427
102,백령도,2020-03-08 04:00,3.7,,1,250,72,1925
102,백령도,2020-03-08 05:00,3.5,,1.1,270,69,1974
102,백령도,2020-03-08 06:00,3.5,,.3,0,72,1932
102,백령도,2020-03-08 07:00,3.8,,.8,180,72,2076
102,백령도,2020-03-08 08:00,4,,1.8,110,77,1421
102,백령도,2020-03-08 09:00,6,,2,70,66,1691
102,백령도,2020-03-08 10:00,6.7,,1.7,110,60,2187
102,백령도,2020-03-08 11:00,9.1,,3.2,90,40,2057
102,백령도,2020-03-08 12:00,10.1,,3.1,180,38,2485
102,백령도,2020-03-08 13:00,9.7,,3.6,180,43,1995
102,백령도,2020-03-08 14:00,10,,2.1,200,42,2035
102,백령도,2020-03-08 15:00,10.4,,1.4,230,45,1677
102,백령도,2020-03-08 16:00,10.1,,2.6,200,43,1831
102,백령도,2020-03-08 17:00,9.8,,1.2,250,46,1980
102,백령도,2020-03-08 18:00,8,,1.1,50,53,1815
102,백령도,2020-03-08 19:00,6.1,,0,0,68,1617
102,백령도,2020-03-08 20:00,4.9,,1.6,320,79,1520
102,백령도,2020-03-08 21:00,6,,.8,90,68,1569
102,백령도,2020-03-08 22:00,5.2,,1.5,90,73,1635
102,백령도,2020-03-08 23:00,4.7,,1.2,110,91,892
102,백령도,2020-03-09 00:00,4.9,,.2,0,94,851
102,백령도,2020-03-09 01:00,5.2,,0,0,90,1066
102,백령도,2020-03-09 02:00,5.3,,1.4,140,84,1050
102,백령도,2020-03-09 03:00,4,,.1,0,94,607
102,백령도,2020-03-09 04:00,4.1,,0,0,96,493
102,백령도,2020-03-09 05:00,3.8,,0,0,97,314
102,백령도,2020-03-09 06:00,3.5,,2.1,70,93,715
102,백령도,2020-03-09 07:00,3.5,,.6,50,92,884
102,백령도,2020-03-09 08:00,5,,.1,0,88,1109
102,백령도,2020-03-09 09:00,6.9,,1.1,90,80,1187
102,백령도,2020-03-09 10:00,5.7,,1,90,78,1085
102,백령도,2020-03-09 11:00,6.5,,1.3,110,75,1161
102,백령도,2020-03-09 12:00,7.9,,1.2,70,60,1653
102,백령도,2020-03-09 13:00,8.5,,.9,290,61,1634
102,백령도,2020-03-09 14:00,9.6,,1.9,320,58,1989
102,백령도,2020-03-09 15:00,10.4,,.6,340,47,2050
102,백령도,2020-03-09 16:00,7,,4.3,320,77,2340
102,백령도,2020-03-09 17:00,6.7,,5.1,340,76,2562
102,백령도,2020-03-09 18:00,6.4,,4.8,340,74,2903
102,백령도,2020-03-09 19:00,6.1,,4.3,320,80,2412
102,백령도,2020-03-09 20:00,5.8,,4.6,340,86,1827
102,백령도,2020-03-09 21:00,5.8,,4.3,320,87,1454
102,백령도,2020-03-09 22:00,5.8,,4.5,320,90,843
102,백령도,2020-03-09 23:00,5.8,,6.3,320,92,854
102,백령도,2020-03-10 00:00,5.8,,4.8,340,94,582
102,백령도,2020-03-10 01:00,5.8,,4.1,340,92,772
102,백령도,2020-03-10 02:00,5.7,,3.1,320,87,947
102,백령도,2020-03-10 03:00,5.7,,5.9,320,90,842
102,백령도,2020-03-10 04:00,5.6,,4.5,340,95,546
102,백령도,2020-03-10 05:00,5.6,,2.5,320,94,712
102,백령도,2020-03-10 06:00,5.4,,3.8,320,94,578
102,백령도,2020-03-10 07:00,5.5,,3.9,320,94,582
102,백령도,2020-03-10 08:00,5.3,,6.2,340,92,644
102,백령도,2020-03-10 09:00,5.5,,5.7,340,90,625
102,백령도,2020-03-10 10:00,5.6,,6.3,340,89,656
102,백령도,2020-03-10 11:00,5.7,,7.5,340,86,741
102,백령도,2020-03-10 12:00,6.3,,7.9,340,73,1249
102,백령도,2020-03-10 13:00,6.2,,9.6,340,61,1810
102,백령도,2020-03-10 14:00,7.2,,8.4,340,51,2469
102,백령도,2020-03-10 15:00,6.9,,11.6,320,54,2534
102,백령도,2020-03-10 16:00,7,,9.5,320,54,2202
102,백령도,2020-03-10 17:00,6.7,,10.9,320,52,2395
102,백령도,2020-03-10 18:00,6.3,,10.5,320,54,2417
102,백령도,2020-03-10 19:00,5.8,,10.8,320,49,3256
102,백령도,2020-03-10 20:00,5.7,,10.6,320,49,3113
102,백령도,2020-03-10 21:00,5.4,,8.9,320,56,2696
102,백령도,2020-03-10 22:00,5.1,,9.5,340,56,1636
102,백령도,2020-03-10 23:00,4.6,,13.9,340,44,2763
102,백령도,2020-03-11 00:00,4.1,,16.9,340,39,3105
102,백령도,2020-03-11 01:00,3.9,,15.2,340,43,3451
102,백령도,2020-03-11 02:00,3.7,,11,340,40,3347
102,백령도,2020-03-11 03:00,3.6,,10.3,340,41,3422
102,백령도,2020-03-11 04:00,3.6,,11.8,340,37,3482
102,백령도,2020-03-11 05:00,3.5,,10.4,340,39,3775
102,백령도,2020-03-11 06:00,3.4,,8,340,40,3792
102,백령도,2020-03-11 07:00,3.3,,7.5,340,43,3754
102,백령도,2020-03-11 08:00,3.6,,6.3,340,43,3957
102,백령도,2020-03-11 09:00,4.3,,6.2,320,41,3886
102,백령도,2020-03-11 10:00,5.1,,6.6,320,39,3943
102,백령도,2020-03-11 11:00,5.4,,6.6,320,40,4161
102,백령도,2020-03-11 12:00,6,,5.2,320,44,3888
102,백령도,2020-03-11 13:00,6.3,,4.9,340,40,4357
102,백령도,2020-03-11 14:00,6.1,,4.6,320,44,4130
102,백령도,2020-03-11 15:00,5.7,,4,320,44,3632
102,백령도,2020-03-11 16:00,6,,4.2,290,41,4707
102,백령도,2020-03-11 17:00,5.9,,2.9,320,44,4421
102,백령도,2020-03-11 18:00,5.2,,2.5,180,45,3227
102,백령도,2020-03-11 19:00,4.2,,1.6,160,56,4155
102,백령도,2020-03-11 20:00,3.7,,3.5,180,60,4765
102,백령도,2020-03-11 21:00,4.1,,2.8,180,64,4368
102,백령도,2020-03-11 22:00,5.4,,3.5,200,68,1996
102,백령도,2020-03-11 23:00,5.7,,3.3,180,75,1980
102,백령도,2020-03-12 00:00,6.2,,3.6,200,78,2201
102,백령도,2020-03-12 01:00,6.3,,4,200,81,1825
102,백령도,2020-03-12 02:00,6.6,,4.2,200,82,2303
102,백령도,2020-03-12 03:00,6.3,,2.8,180,81,2039
102,백령도,2020-03-12 04:00,6.5,,4.8,180,85,2143
102,백령도,2020-03-12 05:00,6.5,,4.9,180,86,1859
102,백령도,2020-03-12 06:00,6.7,,4.9,180,85,2195
102,백령도,2020-03-12 07:00,6.6,,5,180,88,1952
102,백령도,2020-03-12 08:00,7.3,,6.1,180,88,1916
102,백령도,2020-03-12 09:00,8.3,,6.7,180,82,2014
102,백령도,2020-03-12 10:00,8.9,,7.8,180,77,1976
102,백령도,2020-03-12 11:00,9.4,,8.3,200,74,2120
102,백령도,2020-03-12 12:00,9.7,,9.9,200,75,1946
102,백령도,2020-03-12 13:00,9.9,,7.8,200,75,1729
102,백령도,2020-03-12 14:00,9.9,,8.1,200,77,1666
102,백령도,2020-03-12 15:00,10.4,,6.8,200,77,1383
102,백령도,2020-03-12 16:00,9.6,,7.8,200,82,1093
102,백령도,2020-03-12 17:00,9.1,,6.8,230,89,820
102,백령도,2020-03-12 18:00,8.9,,5.2,250,92,529
102,백령도,2020-03-12 19:00,9,,5.5,270,88,567
102,백령도,2020-03-12 20:00,6.1,,5.5,360,92,441
102,백령도,2020-03-12 21:00,5.3,0,4.7,340,94,1346
102,백령도,2020-03-12 22:00,5.2,,3.2,340,81,2855
102,백령도,2020-03-12 23:00,5.8,,3.2,360,67,3556
102,백령도,2020-03-13 00:00,5.7,.1,7,360,69,3225
102,백령도,2020-03-13 01:00,5.5,,8.8,360,48,2994
102,백령도,2020-03-13 02:00,5,,9.4,360,40,3998
102,백령도,2020-03-13 03:00,4.7,,8.1,340,33,4334
102,백령도,2020-03-13 04:00,4,,7.2,360,30,4351
102,백령도,2020-03-13 05:00,3.6,,9,360,31,3951
102,백령도,2020-03-13 06:00,2.9,,9.3,360,31,4411
102,백령도,2020-03-13 07:00,2.4,,8.3,360,39,4352
102,백령도,2020-03-13 08:00,2.5,,7,360,32,4539
102,백령도,2020-03-13 09:00,2.3,,8.2,360,29,4940
102,백령도,2020-03-13 10:00,2.6,,9.4,360,30,4823
102,백령도,2020-03-13 11:00,2.6,,8.7,340,31,4785
102,백령도,2020-03-13 12:00,2.4,,8.3,340,35,4926
102,백령도,2020-03-13 13:00,3.2,,9,340,35,4887
102,백령도,2020-03-13 14:00,2.7,,9.4,340,37,4898
102,백령도,2020-03-13 15:00,2.7,,8.9,340,37,4856
102,백령도,2020-03-13 16:00,2.4,,8.9,340,41,4809
102,백령도,2020-03-13 17:00,2.2,,9.4,340,40,4920
102,백령도,2020-03-13 18:00,1.9,,8.6,340,41,4896
102,백령도,2020-03-13 19:00,1.8,,6.6,340,45,4856
102,백령도,2020-03-13 20:00,2.2,,6.3,340,47,4465
102,백령도,2020-03-13 21:00,2.6,,5.9,340,50,3870
102,백령도,2020-03-13 22:00,3.3,,6.7,320,51,3776
102,백령도,2020-03-13 23:00,3.9,,6.8,320,47,3997
102,백령도,2020-03-14 00:00,4.1,,7.7,320,44,3873
102,백령도,2020-03-14 01:00,3.8,,6.7,320,45,3712
102,백령도,2020-03-14 02:00,3.7,,6.2,320,47,3766
102,백령도,2020-03-14 03:00,3.7,,5.2,320,44,4263
102,백령도,2020-03-14 04:00,3.4,,3.7,320,47,4755
102,백령도,2020-03-14 05:00,2.8,,1.6,250,50,4708
102,백령도,2020-03-14 06:00,2.3,,3.2,270,49,4594
102,백령도,2020-03-14 07:00,2.6,,2.9,250,60,4089
102,백령도,2020-03-14 08:00,4.2,,3.9,250,60,4380
102,백령도,2020-03-14 09:00,5.8,,5.9,250,50,3741
102,백령도,2020-03-14 10:00,7.1,,5.5,250,49,2989
102,백령도,2020-03-14 11:00,7.5,,6.6,250,48,2697
102,백령도,2020-03-14 12:00,8.7,,6.5,270,47,2582
102,백령도,2020-03-14 13:00,9.4,,6,270,48,2356
102,백령도,2020-03-14 14:00,8.6,,7.2,290,55,1853
102,백령도,2020-03-14 15:00,8,,7,290,67,1409
102,백령도,2020-03-14 16:00,8,,5.5,290,69,1145
102,백령도,2020-03-14 17:00,7.1,,4.6,290,70,1073
102,백령도,2020-03-14 18:00,6.3,,3.4,290,76,948
102,백령도,2020-03-14 19:00,5.2,,3.1,290,82,900
102,백령도,2020-03-14 20:00,4.8,,2.6,270,76,1141
102,백령도,2020-03-14 21:00,5.4,,3.6,270,76,1246
102,백령도,2020-03-14 22:00,5.7,,4.6,290,73,3046
102,백령도,2020-03-14 23:00,6,,5.2,290,71,3692
102,백령도,2020-03-15 00:00,5.5,,3.8,290,79,2898
102,백령도,2020-03-15 01:00,5.3,,3.4,270,64,2911
102,백령도,2020-03-15 02:00,5.5,,3.7,270,61,2304
102,백령도,2020-03-15 03:00,6.3,,4.1,270,44,3606
102,백령도,2020-03-15 04:00,5.7,,3.7,270,55,2689
102,백령도,2020-03-15 05:00,5.9,,4.3,270,67,2377
102,백령도,2020-03-15 06:00,6.1,,5.9,320,80,1471
102,백령도,2020-03-15 07:00,5.6,,6.1,340,56,3073
102,백령도,2020-03-15 08:00,6,,8.2,340,51,3922
102,백령도,2020-03-15 09:00,6.5,,8,340,45,4316
102,백령도,2020-03-15 10:00,6.5,,9.8,340,41,4426
102,백령도,2020-03-15 11:00,6,,10.9,340,43,4197
102,백령도,2020-03-15 12:00,5.4,,12.5,340,40,4381
102,백령도,2020-03-15 13:00,5.5,,12.5,340,36,3825
102,백령도,2020-03-15 14:00,5,,11.5,340,43,3620
102,백령도,2020-03-15 15:00,4.4,,12.8,340,43,3574
102,백령도,2020-03-15 16:00,4,,13.6,340,44,3361
102,백령도,2020-03-15 17:00,3.1,,13.8,340,33,3506
102,백령도,2020-03-15 18:00,2.9,,11.9,340,45,3139
102,백령도,2020-03-15 19:00,2.3,,17.1,340,41,2945
102,백령도,2020-03-15 20:00,2.1,,15.5,340,41,3084
102,백령도,2020-03-15 21:00,1.8,,13.5,360,44,3520
102,백령도,2020-03-15 22:00,1.5,,10,360,45,3839
102,백령도,2020-03-15 23:00,1.2,,12.4,360,47,4118
102,백령도,2020-03-16 00:00,1.1,,11.1,340,52,4355
102,백령도,2020-03-16 01:00,1,,7.6,360,52,3862
102,백령도,2020-03-16 02:00,.8,,8.6,340,52,4483
102,백령도,2020-03-16 03:00,.6,,6.7,340,49,4571
102,백령도,2020-03-16 04:00,.5,,6.4,360,53,4703
102,백령도,2020-03-16 05:00,.6,,6.1,360,55,4736
102,백령도,2020-03-16 06:00,-.1,,2.9,50,55,4298
102,백령도,2020-03-16 07:00,-.4,,2.5,20,60,4566
102,백령도,2020-03-16 08:00,.9,,1.8,20,54,4080
102,백령도,2020-03-16 09:00,2,,1,90,51,3704
102,백령도,2020-03-16 10:00,2.8,,2.2,160,48,3414
102,백령도,2020-03-16 11:00,4.3,,2.8,50,48,3741
102,백령도,2020-03-16 12:00,4.6,,2.5,20,49,4072
102,백령도,2020-03-16 13:00,4.8,,2.9,320,50,3817
102,백령도,2020-03-16 14:00,5.5,,2.1,140,34,4348
102,백령도,2020-03-16 15:00,5.1,,4.5,180,43,4242
102,백령도,2020-03-16 16:00,4.9,,4.9,200,54,3842
102,백령도,2020-03-16 17:00,4.5,,5.2,200,55,3684
102,백령도,2020-03-16 18:00,4.3,,5.3,200,62,3549
102,백령도,2020-03-16 19:00,4.5,,5.4,200,67,3756
102,백령도,2020-03-16 20:00,4.9,,5.4,200,69,3670
102,백령도,2020-03-16 21:00,5.4,,5.3,200,75,2000
102,백령도,2020-03-16 22:00,5.9,,4.7,200,81,3019
102,백령도,2020-03-16 23:00,6.3,,5,200,84,2852
102,백령도,2020-03-17 00:00,6.3,,4.4,200,88,2495
102,백령도,2020-03-17 01:00,6.5,,5,200,87,1887
102,백령도,2020-03-17 02:00,6.7,,4.9,200,86,2566
102,백령도,2020-03-17 03:00,7,,5,200,87,2709
102,백령도,2020-03-17 04:00,6.8,,4.6,230,89,2451
102,백령도,2020-03-17 05:00,6.6,,3.9,230,92,2003
102,백령도,2020-03-17 06:00,6.6,,4.4,250,93,1704
102,백령도,2020-03-17 07:00,6.6,,4.7,250,94,1525
102,백령도,2020-03-17 08:00,7.2,,5.6,270,93,1487
102,백령도,2020-03-17 09:00,8.1,,6.5,290,81,1669
102,백령도,2020-03-17 10:00,8.1,,6.2,290,85,1436
102,백령도,2020-03-17 11:00,8.4,,6.1,320,81,1023
102,백령도,2020-03-17 12:00,8.6,,6.4,320,81,837
102,백령도,2020-03-17 13:00,9.3,,5.3,320,79,851
102,백령도,2020-03-17 14:00,9.3,,5.2,290,73,985
102,백령도,2020-03-17 15:00,9.3,,4.8,290,74,1259
102,백령도,2020-03-17 16:00,8.5,,6,290,75,1102
102,백령도,2020-03-17 17:00,8.3,,3.9,290,78,1102
102,백령도,2020-03-17 18:00,7.9,,3.6,290,76,1036
102,백령도,2020-03-17 19:00,6.2,,2.8,290,88,773
102,백령도,2020-03-17 20:00,6.9,,2.6,270,72,1025
102,백령도,2020-03-17 21:00,7.4,,3.1,320,64,1504
102,백령도,2020-03-17 22:00,5.6,,.3,0,84,671
102,백령도,2020-03-17 23:00,5.6,,1.1,230,89,555
102,백령도,2020-03-18 00:00,8.1,,2,290,52,2123
102,백령도,2020-03-18 01:00,6.1,,1,360,68,1920
102,백령도,2020-03-18 02:00,5.2,,2.2,230,76,1015
102,백령도,2020-03-18 03:00,5.7,,1.2,270,81,635
102,백령도,2020-03-18 04:00,5.9,,.5,320,82,795
102,백령도,2020-03-18 05:00,5.9,,0,0,86,753
102,백령도,2020-03-18 06:00,5.5,,.9,90,92,438
102,백령도,2020-03-18 07:00,4.4,,3.4,110,98,154
102,백령도,2020-03-18 08:00,4.9,,2.8,160,98,236
102,백령도,2020-03-18 09:00,8.6,,3,160,86,545
102,백령도,2020-03-18 10:00,10.3,,4,180,71,790
102,백령도,2020-03-18 11:00,11.3,,4.6,160,63,929
102,백령도,2020-03-18 12:00,10.3,,6.8,160,70,755
102,백령도,2020-03-18 13:00,10,,7.1,160,73,757
102,백령도,2020-03-18 14:00,9.9,,6.4,160,76,789
102,백령도,2020-03-18 15:00,9.8,,4.9,160,80,643
102,백령도,2020-03-18 16:00,9.6,,4.8,160,77,637
102,백령도,2020-03-18 17:00,10.2,,7.1,180,68,1193
102,백령도,2020-03-18 18:00,9.6,,7.9,180,67,1494
102,백령도,2020-03-18 19:00,9,,10.2,160,77,1082
102,백령도,2020-03-18 20:00,9.3,,9.8,160,82,1086
102,백령도,2020-03-18 21:00,9.4,,7.4,160,88,1140
102,백령도,2020-03-18 22:00,9.3,,5.9,160,94,762
102,백령도,2020-03-18 23:00,8.6,,5.5,140,97,531
102,백령도,2020-03-19 00:00,8.5,,5.6,140,97,440
102,백령도,2020-03-19 01:00,9.6,,5.4,140,92,507
102,백령도,2020-03-19 02:00,12.2,,5.9,180,79,693
102,백령도,2020-03-19 03:00,11,,8.9,200,82,611
102,백령도,2020-03-19 04:00,11.4,,7.9,230,80,693
102,백령도,2020-03-19 05:00,8.9,,9.3,250,81,631
102,백령도,2020-03-19 06:00,7.4,,9.2,290,92,364
102,백령도,2020-03-19 07:00,6.9,,9.1,320,80,802
102,백령도,2020-03-19 08:00,6.6,,9,320,68,2751
102,백령도,2020-03-19 09:00,6.6,,10.3,320,68,2973
102,백령도,2020-03-19 10:00,7.2,,8.7,290,66,3267
102,백령도,2020-03-19 11:00,7.6,,10.1,290,62,3762
102,백령도,2020-03-19 12:00,8.3,,10.3,290,56,3079
102,백령도,2020-03-19 13:00,8.7,,10.4,290,53,3353
102,백령도,2020-03-19 14:00,8.8,,11.1,290,52,3164
102,백령도,2020-03-19 15:00,9.1,,9.7,290,51,3445
102,백령도,2020-03-19 16:00,9,,9.4,290,53,3270
102,백령도,2020-03-19 17:00,8.3,,11.1,290,55,3032
102,백령도,2020-03-19 18:00,7.9,,8.1,290,58,2941
102,백령도,2020-03-19 19:00,7.2,,8.7,290,64,2922
102,백령도,2020-03-19 20:00,7.1,,8.9,290,66,2814
102,백령도,2020-03-19 21:00,7.2,,9.4,290,65,3076
102,백령도,2020-03-19 22:00,6.9,,7.1,290,68,2635
102,백령도,2020-03-19 23:00,7,,6.2,320,72,2800
102,백령도,2020-03-20 00:00,6.5,,4.5,320,78,2576
102,백령도,2020-03-20 01:00,6,,2.3,320,83,2395
102,백령도,2020-03-20 02:00,5.5,,2,290,87,2067
102,백령도,2020-03-20 03:00,5.1,,2.9,270,90,2114
102,백령도,2020-03-20 04:00,5.5,,2.1,270,80,3081
102,백령도,2020-03-20 05:00,5.2,,3.4,270,79,3189
102,백령도,2020-03-20 06:00,5.8,,2.9,270,71,3911
102,백령도,2020-03-20 07:00,5.7,,1.2,290,68,3787
102,백령도,2020-03-20 08:00,6.7,,1.6,200,70,3540
102,백령도,2020-03-20 09:00,8.8,,2.4,200,63,3359
102,백령도,2020-03-20 10:00,10,,4.5,250,51,4044
102,백령도,2020-03-20 11:00,11,,5.6,230,44,4162
102,백령도,2020-03-20 12:00,11,,7.1,230,43,4198
102,백령도,2020-03-20 13:00,10.7,,7.3,230,57,4115
102,백령도,2020-03-20 14:00,10.6,,7.1,200,69,3435
102,백령도,2020-03-20 15:00,11.8,,7.7,180,49,3251
102,백령도,2020-03-20 16:00,11.1,,8.5,180,55,2823
102,백령도,2020-03-20 17:00,10.1,,9,200,70,2860
102,백령도,2020-03-20 18:00,9.5,,8.2,180,73,2906
102,백령도,2020-03-20 19:00,8.9,,7.5,180,78,2760
102,백령도,2020-03-20 20:00,8.7,,6.1,180,81,2670
102,백령도,2020-03-20 21:00,8.7,,6.6,160,82,2639
102,백령도,2020-03-20 22:00,8,,4.1,140,87,2198
102,백령도,2020-03-20 23:00,7.9,,4.7,160,89,2197
102,백령도,2020-03-21 00:00,7.8,,6.2,160,92,1970
102,백령도,2020-03-21 01:00,7.1,,2.9,110,95,1517
102,백령도,2020-03-21 02:00,7.4,,3,140,95,1639
102,백령도,2020-03-21 03:00,6.9,,2.6,110,96,1274
102,백령도,2020-03-21 04:00,7.4,,2.3,110,97,1463
102,백령도,2020-03-21 05:00,7.4,,3,140,96,1454
102,백령도,2020-03-21 06:00,7.5,,4.2,110,96,1431
102,백령도,2020-03-21 07:00,7.3,,3.7,90,96,1320
102,백령도,2020-03-21 08:00,7.7,,3.3,110,96,1386
102,백령도,2020-03-21 09:00,8.5,,4.2,110,91,1432
102,백령도,2020-03-21 10:00,9,,4.3,90,87,1604
102,백령도,2020-03-21 11:00,10.3,,3.7,70,80,1613
102,백령도,2020-03-21 12:00,10.6,,4.8,90,77,1640
102,백령도,2020-03-21 13:00,12.3,,4.4,140,75,1655
102,백령도,2020-03-21 14:00,12.1,,5.3,140,76,1741
102,백령도,2020-03-21 15:00,12.1,,2.8,110,73,1850
102,백령도,2020-03-21 16:00,10.5,,3.2,340,79,1698
102,백령도,2020-03-21 17:00,9.6,,5,340,80,1802
102,백령도,2020-03-21 18:00,8.9,,5,340,75,2137
102,백령도,2020-03-21 19:00,9.6,,3.7,340,57,3086
102,백령도,2020-03-21 20:00,9.6,,2.6,340,56,3155
102,백령도,2020-03-21 21:00,9.9,,5.4,340,50,3990
102,백령도,2020-03-21 22:00,9.7,,5.8,340,56,3642
102,백령도,2020-03-21 23:00,7.4,,6.7,360,70,3363
102,백령도,2020-03-22 00:00,6.4,,5.3,340,78,3562
102,백령도,2020-03-22 01:00,6.5,,5.1,360,70,4187
102,백령도,2020-03-22 02:00,6.4,,5.4,360,69,4321
102,백령도,2020-03-22 03:00,6.7,,4,360,55,4685
102,백령도,2020-03-22 04:00,6.7,,2.8,360,49,4715
102,백령도,2020-03-22 05:00,6.9,,2.8,20,44,4240
102,백령도,2020-03-22 06:00,6,,3.9,340,65,3908
102,백령도,2020-03-22 07:00,5.9,,2.4,340,66,3913
102,백령도,2020-03-22 08:00,7,,3.9,340,57,4148
102,백령도,2020-03-22 09:00,7.8,,4.8,340,59,3803
102,백령도,2020-03-22 10:00,8.4,,5.5,340,55,3105
102,백령도,2020-03-22 11:00,9.4,,5,340,47,2524
102,백령도,2020-03-22 12:00,9.8,,5.4,340,47,3469
102,백령도,2020-03-22 13:00,10.1,,4.4,340,52,2951
102,백령도,2020-03-22 14:00,10.3,,3.6,340,47,2415
102,백령도,2020-03-22 15:00,9.4,,4.9,290,54,2218
102,백령도,2020-03-22 16:00,9.7,,4.8,290,58,1616
102,백령도,2020-03-22 17:00,8.9,,4.1,320,60,1753
102,백령도,2020-03-22 18:00,8.6,,3.1,320,44,2648
102,백령도,2020-03-22 19:00,7.1,,1.9,290,43,3287
102,백령도,2020-03-22 20:00,7.2,,3.5,290,45,3210
102,백령도,2020-03-22 21:00,7.5,,3.3,270,55,2901
102,백령도,2020-03-22 22:00,7.2,,3,290,62,3016
102,백령도,2020-03-22 23:00,7.4,,3.8,290,62,3236
102,백령도,2020-03-23 00:00,7.5,,3.9,290,61,3328
102,백령도,2020-03-23 01:00,6.8,,3.7,290,69,2758
102,백령도,2020-03-23 02:00,6.9,,2.9,270,69,2745
102,백령도,2020-03-23 03:00,7,,2.7,250,67,2616
102,백령도,2020-03-23 04:00,7.7,,4.9,250,65,2433
102,백령도,2020-03-23 05:00,8,,5,230,57,2810
102,백령도,2020-03-23 06:00,8.1,,5.4,250,61,2587
102,백령도,2020-03-23 07:00,8.6,,5.3,270,62,2520
102,백령도,2020-03-23 08:00,8.3,,4.2,320,75,2175
102,백령도,2020-03-23 09:00,8.6,,5.3,320,80,1307
102,백령도,2020-03-23 10:00,9.2,,3.4,340,78,1160
102,백령도,2020-03-23 11:00,9.5,,4.3,340,72,1215
102,백령도,2020-03-23 12:00,9.4,,5.9,340,74,1094
102,백령도,2020-03-23 13:00,9.7,,4.6,340,72,1178
102,백령도,2020-03-23 14:00,9.4,,4.8,320,72,1435
102,백령도,2020-03-23 15:00,9.1,,5.6,320,72,1440
102,백령도,2020-03-23 16:00,8.5,,5.8,340,69,1163
102,백령도,2020-03-23 17:00,8.5,,6.4,320,66,959
102,백령도,2020-03-23 18:00,8.8,,5.7,320,58,1416
102,백령도,2020-03-23 19:00,7.9,,4.6,320,62,1849
102,백령도,2020-03-23 20:00,6.7,,4.8,290,80,1474
102,백령도,2020-03-23 21:00,6.6,,3.7,290,78,1372
102,백령도,2020-03-23 22:00,6.2,,3.3,320,79,1299
102,백령도,2020-03-23 23:00,6.5,,4.4,290,85,1044
102,백령도,2020-03-24 00:00,6.2,,3.3,320,89,1018
102,백령도,2020-03-24 01:00,6.5,,5,320,85,1064
102,백령도,2020-03-24 02:00,6.3,,3.1,290,85,1014
102,백령도,2020-03-24 03:00,6.2,,3.4,290,85,1074
102,백령도,2020-03-24 04:00,5.8,,3.3,320,88,1023
102,백령도,2020-03-24 05:00,5.6,,3.5,320,92,787
102,백령도,2020-03-24 06:00,5.4,,2.8,320,93,737
102,백령도,2020-03-24 07:00,5.3,,2.2,290,94,794
102,백령도,2020-03-24 08:00,7,,1,270,89,1084
102,백령도,2020-03-24 09:00,10.3,,1.3,90,70,1628
102,백령도,2020-03-24 10:00,11.8,,2,90,59,1947
102,백령도,2020-03-24 11:00,13.6,,2.4,110,33,3181
102,백령도,2020-03-24 12:00,14,,3.7,180,24,3882
102,백령도,2020-03-24 13:00,13.7,,2.9,200,26,3782
102,백령도,2020-03-24 14:00,14.6,,3.5,160,21,4167
102,백령도,2020-03-24 15:00,15.1,,2.6,180,24,3707
102,백령도,2020-03-24 16:00,14.1,,3.9,180,22,3507
102,백령도,2020-03-24 17:00,13.1,,3.4,230,28,3244
102,백령도,2020-03-24 18:00,11.2,,2.9,230,51,2442
102,백령도,2020-03-24 19:00,9.8,,.9,180,59,2244
102,백령도,2020-03-24 20:00,8.3,,.7,180,63,2600
102,백령도,2020-03-24 21:00,8.3,,.9,180,74,1611
102,백령도,2020-03-24 22:00,7.6,,.3,0,89,880
102,백령도,2020-03-24 23:00,7,,1.7,110,91,699
102,백령도,2020-03-25 00:00,7.2,,1.1,140,93,759
102,백령도,2020-03-25 01:00,6.9,,3.1,140,96,385
102,백령도,2020-03-25 02:00,6.8,,1.8,140,97,353
102,백령도,2020-03-25 03:00,6.5,,1.8,110,98,246
102,백령도,2020-03-25 04:00,6.4,,2.5,110,99,204
102,백령도,2020-03-25 05:00,6.5,,1.2,110,99,282
102,백령도,2020-03-25 06:00,6.8,,3.6,140,96,668
102,백령도,2020-03-25 07:00,7.1,,5.4,140,96,471
102,백령도,2020-03-25 08:00,7.6,,4.3,140,98,533
102,백령도,2020-03-25 09:00,8.5,,4.3,110,95,825
102,백령도,2020-03-25 10:00,9.6,,5.5,140,82,1465
102,백령도,2020-03-25 11:00,10.2,,5.9,140,69,1770
102,백령도,2020-03-25 12:00,11.2,,5.8,160,61,2051
102,백령도,2020-03-25 13:00,10.5,,7.4,160,64,1783
102,백령도,2020-03-25 14:00,11.8,,5,160,66,1951
102,백령도,2020-03-25 15:00,11.8,,4.1,160,68,1668
102,백령도,2020-03-25 16:00,10,,5.4,140,78,1319
102,백령도,2020-03-25 17:00,9.4,,4.5,140,83,1075
102,백령도,2020-03-25 18:00,9.1,,4.8,140,84,1214
102,백령도,2020-03-25 19:00,9.5,,5.2,140,82,1781
102,백령도,2020-03-25 20:00,9.9,,6,140,81,2294
102,백령도,2020-03-25 21:00,9.5,,3.6,140,83,2074
102,백령도,2020-03-25 22:00,10.6,,4.5,140,78,3102
102,백령도,2020-03-25 23:00,9.7,,3,110,81,2677
102,백령도,2020-03-26 00:00,9.8,,4.1,140,82,2509
102,백령도,2020-03-26 01:00,9.7,,5.4,140,82,2188
102,백령도,2020-03-26 02:00,9.4,,2.7,140,85,1910
102,백령도,2020-03-26 03:00,9.7,,4.2,140,85,2057
102,백령도,2020-03-26 04:00,9.5,,4.6,160,86,1805
102,백령도,2020-03-26 05:00,10.2,,5.7,140,83,2054
102,백령도,2020-03-26 06:00,9.8,,3.9,110,84,1770
102,백령도,2020-03-26 07:00,10.5,,4.6,110,77,2041
102,백령도,2020-03-26 08:00,10.6,,4.9,110,74,1998
102,백령도,2020-03-26 09:00,10.3,,5,110,76,1704
102,백령도,2020-03-26 10:00,10.6,,5.6,110,75,1526
102,백령도,2020-03-26 11:00,11,,5.2,110,75,1618
102,백령도,2020-03-26 12:00,10.1,.6,4.1,140,92,452
102,백령도,2020-03-26 13:00,10.6,,5.1,140,93,635
102,백령도,2020-03-26 14:00,10.8,,4.3,140,90,849
102,백령도,2020-03-26 15:00,10.4,.1,2.5,110,94,372
102,백령도,2020-03-26 16:00,9.6,,3.4,70,99,49
102,백령도,2020-03-26 17:00,10.5,,3.8,70,100,24
102,백령도,2020-03-26 18:00,10.4,3.4,3.3,70,100,37
102,백령도,2020-03-26 19:00,10.4,,2.4,20,100,164
102,백령도,2020-03-26 20:00,9.3,,2.5,340,100,53
102,백령도,2020-03-26 21:00,8.2,1.9,4.3,340,100,137
102,백령도,2020-03-26 22:00,6.3,,8.1,340,100,376
102,백령도,2020-03-26 23:00,6.1,,8.6,340,100,663
102,백령도,2020-03-27 00:00,6.2,.8,8.1,340,100,974
102,백령도,2020-03-27 01:00,6.1,,8.7,340,100,1505
102,백령도,2020-03-27 02:00,5.7,,10.5,340,99,2417
102,백령도,2020-03-27 03:00,5.8,,8.1,360,92,2856
102,백령도,2020-03-27 04:00,5.8,,11.3,340,85,3018
102,백령도,2020-03-27 05:00,5.3,,11.5,340,81,3547
102,백령도,2020-03-27 06:00,5.2,,11.5,360,76,3115
102,백령도,2020-03-27 07:00,5.2,,11.1,360,68,2863
102,백령도,2020-03-27 08:00,5.4,,11.9,360,61,2991
102,백령도,2020-03-27 09:00,5.6,,12.8,360,55,3153
102,백령도,2020-03-27 10:00,5.8,,12.5,340,52,3034
102,백령도,2020-03-27 11:00,5.9,,11.8,340,50,2972
102,백령도,2020-03-27 12:00,6,,13.2,340,50,2863
102,백령도,2020-03-27 13:00,6.1,,16.1,340,46,3421
102,백령도,2020-03-27 14:00,6.5,,14.6,340,40,3421
102,백령도,2020-03-27 15:00,6.6,,12.5,340,39,3694
102,백령도,2020-03-27 16:00,6.8,,9.1,340,43,3496
102,백령도,2020-03-27 17:00,7.2,,8.4,340,41,3653
102,백령도,2020-03-27 18:00,7,,8.8,320,46,3826
102,백령도,2020-03-27 19:00,6.5,,8,320,49,3451
102,백령도,2020-03-27 20:00,6.7,,6.5,320,53,3477
102,백령도,2020-03-27 21:00,7.2,,9.8,340,50,3342
102,백령도,2020-03-27 22:00,7.3,,10.9,340,45,3579
102,백령도,2020-03-27 23:00,7.4,,10.6,360,32,3860
102,백령도,2020-03-28 00:00,7.3,,9.7,360,30,3834
102,백령도,2020-03-28 01:00,7,,10.5,360,30,4027
102,백령도,2020-03-28 02:00,6.3,,10.1,360,41,3673
102,백령도,2020-03-28 03:00,5.9,,9.8,360,37,3459
102,백령도,2020-03-28 04:00,5.2,,10.5,360,40,3498
102,백령도,2020-03-28 05:00,4.8,,9.7,360,28,3842
102,백령도,2020-03-28 06:00,4.6,,7.2,340,27,3900
102,백령도,2020-03-28 07:00,4.5,,5.1,360,26,4537
102,백령도,2020-03-28 08:00,4.9,,5.2,360,25,4481
102,백령도,2020-03-28 09:00,5.3,,6.1,360,23,4638
102,백령도,2020-03-28 10:00,5.7,,6.7,360,23,4605
102,백령도,2020-03-28 11:00,6.1,,8.5,360,25,3993
102,백령도,2020-03-28 12:00,6.3,,8.6,340,25,4620
102,백령도,2020-03-28 13:00,6.5,,9.4,340,27,4634
102,백령도,2020-03-28 14:00,6.4,,9.5,340,29,4667
102,백령도,2020-03-28 15:00,6,,10.2,340,28,4607
102,백령도,2020-03-28 16:00,5.9,,9.3,340,30,4368
102,백령도,2020-03-28 17:00,5.8,,9.1,340,29,3996
102,백령도,2020-03-28 18:00,5.6,,5.3,340,32,4187
102,백령도,2020-03-28 19:00,5,,5.3,320,39,3965
102,백령도,2020-03-28 20:00,5.1,,4.1,320,41,3995
102,백령도,2020-03-28 21:00,5.1,,5.1,320,45,3971
102,백령도,2020-03-28 22:00,5.6,,6.7,320,47,4088
102,백령도,2020-03-28 23:00,5.5,,7.1,320,56,3819
102,백령도,2020-03-29 00:00,5.5,,6.6,320,62,4016
102,백령도,2020-03-29 01:00,5.6,,6.3,320,68,3789
102,백령도,2020-03-29 02:00,5.8,,6.6,320,71,3900
102,백령도,2020-03-29 03:00,5.5,,3.2,320,75,3725
102,백령도,2020-03-29 04:00,5.3,,3.5,340,79,3474
102,백령도,2020-03-29 05:00,5,,1.4,20,85,3516
102,백령도,2020-03-29 06:00,4.4,,2,340,86,3653
102,백령도,2020-03-29 07:00,3.8,,2.5,320,85,3810
102,백령도,2020-03-29 08:00,5.8,,2.6,340,65,3882
102,백령도,2020-03-29 09:00,7.4,,1.2,70,55,3519
102,백령도,2020-03-29 10:00,7.8,,1.8,90,49,3641
102,백령도,2020-03-29 11:00,10.2,,1.8,90,28,4480
102,백령도,2020-03-29 12:00,9.5,,1.7,360,41,4189
102,백령도,2020-03-29 13:00,9.3,,3,360,57,3745
102,백령도,2020-03-29 14:00,8.8,,4.2,290,43,4414
102,백령도,2020-03-29 15:00,8.8,,4.4,290,47,4060
102,백령도,2020-03-29 16:00,8.7,,4.2,320,39,4560
102,백령도,2020-03-29 17:00,8.3,,4,320,47,4331
102,백령도,2020-03-29 18:00,7.2,,3.8,320,61,4415
102,백령도,2020-03-29 19:00,6,,3.2,320,71,4970
102,백령도,2020-03-29 20:00,4.7,,2.5,320,82,4477
102,백령도,2020-03-29 21:00,4.4,,1.7,290,87,4105
102,백령도,2020-03-29 22:00,4.2,,2.2,320,90,3978
102,백령도,2020-03-29 23:00,3.8,,1.2,290,91,3824
102,백령도,2020-03-30 00:00,4.5,,.9,290,81,4882
102,백령도,2020-03-30 01:00,4.4,,1.7,270,67,4775
102,백령도,2020-03-30 02:00,3.9,,.7,230,58,4677
102,백령도,2020-03-30 03:00,3.7,,2,290,68,4484
102,백령도,2020-03-30 04:00,3.4,,2,290,90,3267
102,백령도,2020-03-30 05:00,3.5,,1.9,290,93,2182
102,백령도,2020-03-30 06:00,3.1,,2,290,94,1920
102,백령도,2020-03-30 07:00,3.5,,1.9,320,95,2026
102,백령도,2020-03-30 08:00,5.7,,1.2,320,90,2358
102,백령도,2020-03-30 09:00,7.1,,2.4,290,61,2984
102,백령도,2020-03-30 10:00,8.6,,2.2,320,41,3415
102,백령도,2020-03-30 11:00,10.3,,1.8,320,15,3597
102,백령도,2020-03-30 12:00,10.9,,2.3,360,11,4051
102,백령도,2020-03-30 13:00,11.4,,1.1,20,14,4348
102,백령도,2020-03-30 14:00,11.4,,2.7,320,19,4217
102,백령도,2020-03-30 15:00,10.9,,4,290,16,4540
102,백령도,2020-03-30 16:00,10.8,,4.2,290,18,4650
102,백령도,2020-03-30 17:00,10.8,,2.8,320,39,4010
102,백령도,2020-03-30 18:00,9.3,,3,290,43,4354
102,백령도,2020-03-30 19:00,6.8,,2.7,290,65,4814
102,백령도,2020-03-30 20:00,5.8,,2.2,290,82,4478
102,백령도,2020-03-30 21:00,5.5,,1.9,320,86,3758
102,백령도,2020-03-30 22:00,5.5,,.7,250,87,3641
102,백령도,2020-03-30 23:00,5.3,,1.9,270,82,4348
102,백령도,2020-03-31 00:00,4.8,,2.5,290,90,3552
102,백령도,2020-03-31 01:00,5.2,,1.8,320,95,2478
102,백령도,2020-03-31 02:00,4.3,,1.8,290,97,1397
102,백령도,2020-03-31 03:00,5.3,,1.3,270,93,3007
102,백령도,2020-03-31 04:00,5.3,,1.6,340,94,2939
102,백령도,2020-03-31 05:00,4.7,,1.2,360,97,1712
102,백령도,2020-03-31 06:00,4.6,,1.5,360,96,2266
102,백령도,2020-03-31 07:00,4.3,,.5,160,96,1436
102,백령도,2020-03-31 08:00,6.3,,.8,180,97,1583
102,백령도,2020-03-31 09:00,8.8,,1.8,340,64,3925
102,백령도,2020-03-31 10:00,10.2,,1.7,90,62,3449
102,백령도,2020-03-31 11:00,10.2,,1.7,180,62,3315
102,백령도,2020-03-31 12:00,10.8,,2.5,340,56,3938
102,백령도,2020-03-31 13:00,9.2,,2.3,340,67,3649
102,백령도,2020-03-31 14:00,9.8,,2.7,290,61,3739
102,백령도,2020-03-31 15:00,10.4,,3.6,320,40,4014
102,백령도,2020-03-31 16:00,9.9,,3.3,290,48,3871
102,백령도,2020-03-31 17:00,8.9,,3.7,290,56,3740
102,백령도,2020-03-31 18:00,8,,4,320,86,3724
102,백령도,2020-03-31 19:00,7.4,,3.2,290,86,3591
102,백령도,2020-03-31 20:00,7.1,,2.5,290,95,1949
102,백령도,2020-03-31 21:00,7,,4.4,290,98,1276
102,백령도,2020-03-31 22:00,7.1,,5.3,320,98,906
102,백령도,2020-03-31 23:00,7,,4.5,320,99,833
102,백령도,2020-04-01 00:00,7.1,,4.1,320,99,653
102,백령도,2020-04-01 01:00,7.1,,4.7,320,99,1466
102,백령도,2020-04-01 02:00,6.9,,3.3,320,98,1629
102,백령도,2020-04-01 03:00,7.3,,5,340,86,2159
102,백령도,2020-04-01 04:00,7.2,,5.6,340,84,1447
102,백령도,2020-04-01 05:00,7.8,,6,340,73,1606
102,백령도,2020-04-01 06:00,8.3,,7.9,360,58,2270
102,백령도,2020-04-01 07:00,8.3,,8.8,360,51,2775
102,백령도,2020-04-01 08:00,8.2,,8.7,360,46,2684
102,백령도,2020-04-01 09:00,8.5,,11.4,360,39,2935
102,백령도,2020-04-01 10:00,8.2,,12.5,340,46.6,3071
102,백령도,2020-04-01 11:00,8,,13.6,340,42,3074
102,백령도,2020-04-01 12:00,8.2,,12.9,340,41,3531
102,백령도,2020-04-01 13:00,9.3,,7.5,340,41,3670
102,백령도,2020-04-01 14:00,9,,10.8,320,44,3705
102,백령도,2020-04-01 15:00,9.2,,9.5,320,52,3048
102,백령도,2020-04-01 16:00,8.9,,10.6,320,56,2883
102,백령도,2020-04-01 17:00,8.7,,9.4,320,56,2883
102,백령도,2020-04-01 18:00,8.1,,11,320,58,2858
102,백령도,2020-04-01 19:00,7.5,,9.8,320,64,3067
102,백령도,2020-04-01 20:00,7.6,,8.4,320,62,3230
102,백령도,2020-04-01 21:00,7.7,,7.9,320,65,3192
102,백령도,2020-04-01 22:00,7.4,,5.5,290,74,3034
102,백령도,2020-04-01 23:00,6.7,,2.4,340,79,2715
102,백령도,2020-04-02 00:00,6,,3.6,290,81,2763
102,백령도,2020-04-02 01:00,6.9,,3.4,320,76,3270
102,백령도,2020-04-02 02:00,7.3,,2.4,320,65,3534
102,백령도,2020-04-02 03:00,7.2,,3.1,290,62,3187
102,백령도,2020-04-02 04:00,6.2,,3.7,320,78,3036
102,백령도,2020-04-02 05:00,6.1,,3.4,320,83,2619
102,백령도,2020-04-02 06:00,5.7,,4.4,320,86,2423
102,백령도,2020-04-02 07:00,5.7,,4.4,290,88,2402
102,백령도,2020-04-02 08:00,7,,4.8,320,82,2772
102,백령도,2020-04-02 09:00,7.8,,4.4,320,76,3139
102,백령도,2020-04-02 10:00,8.5,,4.7,290,68,3040
102,백령도,2020-04-02 11:00,9.6,,3.5,290,62,3599
102,백령도,2020-04-02 12:00,9.6,,5,320,58,3531
102,백령도,2020-04-02 13:00,10.2,,5.8,290,55,4148
102,백령도,2020-04-02 14:00,11.1,,5.6,320,43,3736
102,백령도,2020-04-02 15:00,10.4,,5.5,290,50,3972
102,백령도,2020-04-02 16:00,10.1,,5.5,290,62,3289
102,백령도,2020-04-02 17:00,8.9,,4.9,290,75,2375
102,백령도,2020-04-02 18:00,8.4,,5,290,77,1623
102,백령도,2020-04-02 19:00,7.5,,3.8,290,80,1236
102,백령도,2020-04-02 20:00,7,,4,290,86,785
102,백령도,2020-04-02 21:00,6.7,,3.8,290,89,613
102,백령도,2020-04-02 22:00,6.8,,4.1,290,86,776
102,백령도,2020-04-02 23:00,6.8,,3.6,290,84,883
102,백령도,2020-04-03 00:00,7,,3.5,270,78,1024
102,백령도,2020-04-03 01:00,7.1,,3.5,270,77,1127
102,백령도,2020-04-03 02:00,6.5,,2.5,250,83,906
102,백령도,2020-04-03 03:00,6.5,,4.3,250,91,571
102,백령도,2020-04-03 04:00,7.2,,3.3,270,79,1021
102,백령도,2020-04-03 05:00,7.5,,3,270,72,1207
102,백령도,2020-04-03 06:00,8,,2.6,270,62,1579
102,백령도,2020-04-03 07:00,8.1,,3.2,250,66,1449
102,백령도,2020-04-03 08:00,9.7,,4,250,55,1723
102,백령도,2020-04-03 09:00,11.1,,4.4,270,41,2301
102,백령도,2020-04-03 10:00,11.7,,5.3,250,49,1508
102,백령도,2020-04-03 11:00,12,,5.6,270,49,1301
102,백령도,2020-04-03 12:00,12.3,,5.5,250,55,1017
102,백령도,2020-04-03 13:00,12.2,,6.6,250,54,940
102,백령도,2020-04-03 14:00,12.2,,7.1,250,53,937
102,백령도,2020-04-03 15:00,12.4,,6.7,250,52,957
102,백령도,2020-04-03 16:00,12.5,,6.3,250,52,1115
102,백령도,2020-04-03 17:00,12.3,,6.6,250,49,1078
102,백령도,2020-04-03 18:00,11.8,,6.9,230,48,1303
102,백령도,2020-04-03 19:00,11,,7,230,49,1382
102,백령도,2020-04-03 20:00,11.1,,6.5,250,42,1697
102,백령도,2020-04-03 21:00,11,,7.1,250,47,1511
102,백령도,2020-04-03 22:00,10.6,,6.3,250,55,1166
102,백령도,2020-04-03 23:00,10.3,,5.8,250,55,1171
102,백령도,2020-04-04 00:00,10,,7.6,250,66,916
102,백령도,2020-04-04 01:00,9.3,,7.3,250,68,1027
102,백령도,2020-04-04 02:00,10.2,,4.9,270,56,1328
102,백령도,2020-04-04 03:00,8.7,,6.1,290,76,840
102,백령도,2020-04-04 04:00,8.9,,6.2,340,70,652
102,백령도,2020-04-04 05:00,8.7,,11.6,340,55,1193
102,백령도,2020-04-04 06:00,7.9,,10.5,340,44,2593
102,백령도,2020-04-04 07:00,7,,11.5,360,41,2823
102,백령도,2020-04-04 08:00,6.5,,12.2,360,39,3139
102,백령도,2020-04-04 09:00,6.7,,9.1,360,38,3122
102,백령도,2020-04-04 10:00,6.7,,9.3,360,27,3579
102,백령도,2020-04-04 11:00,6.7,,8.3,360,27,4413
102,백령도,2020-04-04 12:00,7.1,,8.4,340,30,4286
102,백령도,2020-04-04 13:00,6.9,,10.3,340,28,4355
102,백령도,2020-04-04 14:00,6.8,,12.7,340,31,3374
102,백령도,2020-04-04 15:00,7.1,,13.2,340,34,3695
102,백령도,2020-04-04 16:00,6.9,,9,340,36,4126
102,백령도,2020-04-04 17:00,7.3,,7.9,320,37,4074
102,백령도,2020-04-04 18:00,7.1,,8,340,36,3772
102,백령도,2020-04-04 19:00,6.3,,9.4,320,51,3526
102,백령도,2020-04-04 20:00,6.3,,7.9,320,55,3376
102,백령도,2020-04-04 21:00,6.9,,8.1,340,50,3272
102,백령도,2020-04-04 22:00,7.2,,9.8,360,36,3328
102,백령도,2020-04-04 23:00,6.8,,9.8,360,36,3477
102,백령도,2020-04-05 00:00,6.4,,10.2,360,33,3510
102,백령도,2020-04-05 01:00,6,,8.2,360,41,3457
102,백령도,2020-04-05 02:00,5.7,,8.8,360,39,3497
102,백령도,2020-04-05 03:00,5.5,,6.6,360,42,3476
102,백령도,2020-04-05 04:00,5.2,,7.4,340,37,3510
102,백령도,2020-04-05 05:00,5.1,,8.1,340,38,3447
102,백령도,2020-04-05 06:00,4.8,,5.8,360,32,3392
102,백령도,2020-04-05 07:00,4.9,,6.8,360,33,3327
102,백령도,2020-04-05 08:00,5.5,,6.5,340,36,3151
102,백령도,2020-04-05 09:00,6,,7.3,360,36,3225
102,백령도,2020-04-05 10:00,6.8,,7,340,34,3403
102,백령도,2020-04-05 11:00,7.1,,7.8,340,37,3179
102,백령도,2020-04-05 12:00,7,,9.1,340,36,3360
102,백령도,2020-04-05 13:00,7.4,,7.9,340,38,3291
102,백령도,2020-04-05 14:00,7.4,,7.5,340,38,3446
102,백령도,2020-04-05 15:00,7.4,,6.3,340,40,3611
102,백령도,2020-04-05 16:00,7.1,,7.2,340,40,3758
102,백령도,2020-04-05 17:00,7.1,,6.7,320,41,3662
102,백령도,2020-04-05 18:00,6.7,,5.7,320,47,3545
102,백령도,2020-04-05 19:00,6.1,,5.1,320,56,3510
102,백령도,2020-04-05 20:00,5.6,,1.6,320,62,3755
102,백령도,2020-04-05 21:00,6.2,,4.6,320,76,3833
102,백령도,2020-04-05 22:00,6.2,,4.7,320,70,3507
102,백령도,2020-04-05 23:00,6.4,,5.4,320,71,3221
102,백령도,2020-04-06 00:00,6,,3.6,290,75,3652
102,백령도,2020-04-06 01:00,5.9,,4.1,290,78,4038
102,백령도,2020-04-06 02:00,5.7,,3.2,290,75,4163
102,백령도,2020-04-06 03:00,5.6,,2.2,290,73,4041
102,백령도,2020-04-06 04:00,5.6,,1.4,320,68,4321
102,백령도,2020-04-06 05:00,5.1,,3.1,290,74,4307
102,백령도,2020-04-06 06:00,5.1,,2.7,270,72,4647
102,백령도,2020-04-06 07:00,5.6,,2.7,290,73,4147
102,백령도,2020-04-06 08:00,7.8,,2.3,290,62,3793
102,백령도,2020-04-06 09:00,9.2,,3,290,50,3274
102,백령도,2020-04-06 10:00,10.8,,1.8,320,47,3402
102,백령도,2020-04-06 11:00,12.1,,3.3,320,29,3737
102,백령도,2020-04-06 12:00,12.7,,1.8,110,36,3489
102,백령도,2020-04-06 13:00,13.1,,2.3,140,37,3540
102,백령도,2020-04-06 14:00,13,,4,180,37,3577
102,백령도,2020-04-06 15:00,13.1,,2.5,140,42,3431
102,백령도,2020-04-06 16:00,11.1,,3.4,250,46,3680
102,백령도,2020-04-06 17:00,10.5,,2.9,230,52,3893
102,백령도,2020-04-06 18:00,9.7,,3.8,230,63,4071
102,백령도,2020-04-06 19:00,8.8,,2.7,230,73,4709
102,백령도,2020-04-06 20:00,8.4,,1.8,250,84,4263
102,백령도,2020-04-06 21:00,8.2,,1.5,250,88,2661
102,백령도,2020-04-06 22:00,7.7,,.4,0,92,2357
102,백령도,2020-04-06 23:00,7.8,,0,0,93,1935
102,백령도,2020-04-07 00:00,7.3,,1.2,200,94,1384
102,백령도,2020-04-07 01:00,7.3,,1.1,180,96,1206
102,백령도,2020-04-07 02:00,7.6,,1,180,96,1256
102,백령도,2020-04-07 03:00,6.6,,1.5,90,97,782
102,백령도,2020-04-07 04:00,6.9,,1.1,90,98,514
102,백령도,2020-04-07 05:00,6.5,,.6,200,99,522
102,백령도,2020-04-07 06:00,7.2,,1.5,320,96,1853
102,백령도,2020-04-07 07:00,6.4,,.7,290,97,1131
102,백령도,2020-04-07 08:00,8.3,,2,340,93,1344
102,백령도,2020-04-07 09:00,9.6,,3,320,79,1213
102,백령도,2020-04-07 10:00,9.8,,5,320,73,1278
102,백령도,2020-04-07 11:00,10.4,,4.7,340,71,1473
102,백령도,2020-04-07 12:00,10.4,,6.3,340,67,1933
102,백령도,2020-04-07 13:00,10.7,,6,340,59,2027
102,백령도,2020-04-07 14:00,10.4,,5.5,340,55,1963
102,백령도,2020-04-07 15:00,10.1,,7.3,340,43,3422
102,백령도,2020-04-07 16:00,9.8,,5.9,320,44,3826
102,백령도,2020-04-07 17:00,9.8,,5.2,320,46,3562
102,백령도,2020-04-07 18:00,9.3,,5.8,320,44,3987
102,백령도,2020-04-07 19:00,8.3,,5,320,49,3841
102,백령도,2020-04-07 20:00,7.5,,3.5,290,59,4406
102,백령도,2020-04-07 21:00,7.5,,4.1,290,58,3670
102,백령도,2020-04-07 22:00,7.3,,4.3,290,69,3456
102,백령도,2020-04-07 23:00,7.7,,5.6,290,60,3276
102,백령도,2020-04-08 00:00,7.7,,6.4,320,73,2743
102,백령도,2020-04-08 01:00,8.3,,7.5,340,60,3166
102,백령도,2020-04-08 02:00,8.2,,3.4,340,52,3079
102,백령도,2020-04-08 03:00,8.7,,6.2,360,33,3859
102,백령도,2020-04-08 04:00,7.7,,2.9,360,48,3929
102,백령도,2020-04-08 05:00,7.8,,6.2,340,47,3385
102,백령도,2020-04-08 06:00,7.7,,5.7,340,43,3392
102,백령도,2020-04-08 07:00,7.8,,5.4,340,41,3559
102,백령도,2020-04-08 08:00,8.5,,5.5,340,39,3638
102,백령도,2020-04-08 09:00,8.5,,6.3,340,51,3064
102,백령도,2020-04-08 10:00,9,,7.6,340,41,3140
102,백령도,2020-04-08 11:00,9.2,,7.8,340,36,3269
102,백령도,2020-04-08 12:00,9.2,,7.8,340,36,3624
102,백령도,2020-04-08 13:00,8.7,,9.1,340,40,3385
102,백령도,2020-04-08 14:00,8.5,,8.2,340,46,3220
102,백령도,2020-04-08 15:00,8.6,,6,340,40,3244
102,백령도,2020-04-08 16:00,9,,5.2,340,40,3280
102,백령도,2020-04-08 17:00,8.9,,4.8,320,44,3366
102,백령도,2020-04-08 18:00,8.3,,3.9,320,42,3514
102,백령도,2020-04-08 19:00,6.8,,4.4,290,60,3839
102,백령도,2020-04-08 20:00,5.8,,2.7,270,62,3689
102,백령도,2020-04-08 21:00,6.4,,3.6,290,68,3652
102,백령도,2020-04-08 22:00,6.6,,4,290,65,3512
102,백령도,2020-04-08 23:00,6.7,,5,320,71,3621
102,백령도,2020-04-09 00:00,6.8,,5.2,320,78,4033
102,백령도,2020-04-09 01:00,7.1,,4.6,340,74,3268
102,백령도,2020-04-09 02:00,6.9,,4,320,76,3115
102,백령도,2020-04-09 03:00,6.9,,4.1,340,71,3067
102,백령도,2020-04-09 04:00,6.9,,4.5,340,63,3162
102,백령도,2020-04-09 05:00,6.9,,3.9,360,62,3176
102,백령도,2020-04-09 06:00,7,,3.7,340,62,2708
102,백령도,2020-04-09 07:00,6.8,,2.4,320,74,2373
102,백령도,2020-04-09 08:00,7.7,,3,320,72,2305
102,백령도,2020-04-09 09:00,8.7,,3.5,320,65,2464
102,백령도,2020-04-09 10:00,9.1,,5,320,64,2280
102,백령도,2020-04-09 11:00,9.4,,5.9,340,59,2210
102,백령도,2020-04-09 12:00,9,,7.4,340,56,1512
102,백령도,2020-04-09 13:00,9.1,,6.3,340,62,1210
102,백령도,2020-04-09 14:00,8.7,,6.4,340,61,1475
102,백령도,2020-04-09 15:00,8.5,,6.8,340,63,1449
102,백령도,2020-04-09 16:00,8.3,,7.4,340,57,1897
102,백령도,2020-04-09 17:00,8,,6.2,340,59,2010
102,백령도,2020-04-09 18:00,7.5,,4.8,340,67,2029
102,백령도,2020-04-09 19:00,6.9,,2.5,320,71,2303
102,백령도,2020-04-09 20:00,7.3,,3.5,320,71,2499
102,백령도,2020-04-09 21:00,7,,4.4,320,74,2609
102,백령도,2020-04-09 22:00,7.1,,4.6,320,69,2677
102,백령도,2020-04-09 23:00,6.9,,4.5,320,78,2463
102,백령도,2020-04-10 00:00,6.8,,4.4,320,85,2057
102,백령도,2020-04-10 01:00,6.9,,5.1,320,84,2355
102,백령도,2020-04-10 02:00,6.7,,3.7,320,83,2372
102,백령도,2020-04-10 03:00,6.4,,3,320,85,1995
102,백령도,2020-04-10 04:00,6.3,,3.1,320,83,2125
102,백령도,2020-04-10 05:00,6.2,,3.2,340,84,2039
102,백령도,2020-04-10 06:00,5.9,,3.2,340,82,2024
102,백령도,2020-04-10 07:00,6.6,,3.9,320,83,1921
102,백령도,2020-04-10 08:00,7.4,,3.8,320,79,1922
102,백령도,2020-04-10 09:00,8.2,,3.2,360,76,1790
102,백령도,2020-04-10 10:00,9.3,,2.9,340,65,2394
102,백령도,2020-04-10 11:00,9.8,,3.3,290,56,2696
102,백령도,2020-04-10 12:00,9.9,,4,290,51,2666
102,백령도,2020-04-10 13:00,9.8,,5.6,290,53,2763
102,백령도,2020-04-10 14:00,9.4,,5.6,290,60,2493
102,백령도,2020-04-10 15:00,9,,6.5,290,61,2639
102,백령도,2020-04-10 16:00,8.7,,6.4,290,65,2568
102,백령도,2020-04-10 17:00,8.4,,5.7,320,67,2743
102,백령도,2020-04-10 18:00,7.8,,5,320,66,2802
102,백령도,2020-04-10 19:00,6.7,,3.6,320,71,2908
102,백령도,2020-04-10 20:00,6.2,,3.5,320,77,2713
102,백령도,2020-04-10 21:00,6.2,,3.6,320,80,1344
102,백령도,2020-04-10 22:00,6.1,,3.8,320,85,1839
102,백령도,2020-04-10 23:00,5.9,,2.9,320,88,1577
102,백령도,2020-04-11 00:00,6,,2.9,290,88,1380
102,백령도,2020-04-11 01:00,6.2,,4,320,87,1563
102,백령도,2020-04-11 02:00,6,,3.6,340,88,1507
102,백령도,2020-04-11 03:00,6,,3.7,340,84,1454
102,백령도,2020-04-11 04:00,6.4,,4.1,340,76,1892
102,백령도,2020-04-11 05:00,6,,1.5,340,78,1901
102,백령도,2020-04-11 06:00,6.8,,1.2,90,62,2328
102,백령도,2020-04-11 07:00,5.6,,1.2,160,71,2136
102,백령도,2020-04-11 08:00,8.1,,.1,0,66,2186
102,백령도,2020-04-11 09:00,10.6,,.5,20,48,2369
102,백령도,2020-04-11 10:00,11.4,,.9,90,54,2349
102,백령도,2020-04-11 11:00,10.3,,3.2,290,65,2083
102,백령도,2020-04-11 12:00,11.2,,4.4,290,56,2509
102,백령도,2020-04-11 13:00,11.5,,4.9,290,49,2283
102,백령도,2020-04-11 14:00,11.2,,5.6,320,54,2185
102,백령도,2020-04-11 15:00,10,,7.2,320,69,1407
102,백령도,2020-04-11 16:00,9.8,,6.1,290,75,984
102,백령도,2020-04-11 17:00,9.5,,5.5,290,77,832
102,백령도,2020-04-11 18:00,8.8,,4.1,290,79,847
102,백령도,2020-04-11 19:00,7.7,,4.5,290,81,972
102,백령도,2020-04-11 20:00,7.1,,4.4,290,77,1112
102,백령도,2020-04-11 21:00,7.3,,4.4,290,76,1149
102,백령도,2020-04-11 22:00,7.3,,3.5,290,72,1270
102,백령도,2020-04-11 23:00,7,,3.4,290,80,1203
102,백령도,2020-04-12 00:00,7.3,,2.8,290,70,1566
102,백령도,2020-04-12 01:00,7.8,,1.5,230,58,1634
102,백령도,2020-04-12 02:00,7.7,,1.4,250,66,1166
102,백령도,2020-04-12 03:00,7.4,,1.7,250,80,815
102,백령도,2020-04-12 04:00,6.6,,.9,160,83,715
102,백령도,2020-04-12 05:00,6.4,,1.5,160,92,413
102,백령도,2020-04-12 06:00,6,,2.7,140,94,402
102,백령도,2020-04-12 07:00,7.4,,5.2,140,87,873
102,백령도,2020-04-12 08:00,8.1,,3.9,140,72,1300
102,백령도,2020-04-12 09:00,9.2,,4.4,140,69,1392
102,백령도,2020-04-12 10:00,10.1,,5.3,140,70,1294
102,백령도,2020-04-12 11:00,12.3,,5.8,140,57,1821
102,백령도,2020-04-12 12:00,13,,6.3,140,50,2161
102,백령도,2020-04-12 13:00,12.7,,4,180,57,1799
102,백령도,2020-04-12 14:00,12.7,,2.7,200,52,2093
102,백령도,2020-04-12 15:00,10.9,0,1.5,200,63,1986
102,백령도,2020-04-12 16:00,10.5,0,1.1,20,64,1791
102,백령도,2020-04-12 17:00,9.6,.6,2,200,80,2394
102,백령도,2020-04-12 18:00,11.4,0,2.5,270,72,2929
102,백령도,2020-04-12 19:00,9.8,,1.3,340,66,3714
102,백령도,2020-04-12 20:00,8,,3.9,320,85,2760
102,백령도,2020-04-12 21:00,7.8,,3,320,85,2166
102,백령도,2020-04-12 22:00,7.4,,.9,290,85,2107
102,백령도,2020-04-12 23:00,7.5,,1.3,320,82,2148
102,백령도,2020-04-13 00:00,7.8,,.8,270,76,2252
102,백령도,2020-04-13 01:00,8.3,,.7,200,70,2833
102,백령도,2020-04-13 02:00,8.1,,1,200,67,2307
102,백령도,2020-04-13 03:00,6.8,,1,180,70,2675
102,백령도,2020-04-13 04:00,7,,1.1,110,76,2443
102,백령도,2020-04-13 05:00,6.6,,1.2,140,84,1772
102,백령도,2020-04-13 06:00,5.4,,1.5,270,91,1620
102,백령도,2020-04-13 07:00,7,,2.2,290,74,2189
102,백령도,2020-04-13 08:00,8.9,,2.9,320,75,1957
102,백령도,2020-04-13 09:00,9.6,,3.1,290,79,1679
102,백령도,2020-04-13 10:00,10.2,,4.4,290,72,2039
102,백령도,2020-04-13 11:00,11.5,,3.5,320,58,2410
102,백령도,2020-04-13 12:00,12.4,,4.3,340,48,2656
102,백령도,2020-04-13 13:00,11.7,,5.4,320,58,2430
102,백령도,2020-04-13 14:00,11.5,,5.1,340,54,2350
102,백령도,2020-04-13 15:00,12.1,,5.3,320,55,2501
102,백령도,2020-04-13 16:00,10.6,,5.4,290,69,2079
102,백령도,2020-04-13 17:00,10.2,,5.6,320,74,2080
102,백령도,2020-04-13 18:00,9.7,,5.7,320,72,2185
102,백령도,2020-04-13 19:00,8.5,,4.3,320,77,2326
102,백령도,2020-04-13 20:00,7.9,,4.1,290,72,2348
102,백령도,2020-04-13 21:00,7.9,,3.4,290,72,2021
102,백령도,2020-04-13 22:00,7.7,,2.1,290,62,2287
102,백령도,2020-04-13 23:00,8.1,,5.1,290,76,1597
102,백령도,2020-04-14 00:00,8.1,,4.1,290,75,1607
102,백령도,2020-04-14 01:00,8,,3.2,290,71,1802
102,백령도,2020-04-14 02:00,7.8,,1.9,290,71,1693
102,백령도,2020-04-14 03:00,8,,2.6,320,64,1912
102,백령도,2020-04-14 04:00,6.1,,.9,250,81,915
102,백령도,2020-04-14 05:00,7.1,,.2,0,84,909
102,백령도,2020-04-14 06:00,8,,0,0,77,1018
102,백령도,2020-04-14 07:00,8,,1.1,110,76,935
102,백령도,2020-04-14 08:00,9.6,,.5,160,73,848
102,백령도,2020-04-14 09:00,11.9,,2.3,180,66,1160
102,백령도,2020-04-14 10:00,13.4,,3.1,180,53,1421
102,백령도,2020-04-14 11:00,14.5,,3.8,180,46,1499
102,백령도,2020-04-14 12:00,15.1,,3.9,180,44,1545
102,백령도,2020-04-14 13:00,14.6,,6.5,200,39,1585
102,백령도,2020-04-14 14:00,14.9,,5.5,200,46,1508
102,백령도,2020-04-14 15:00,14.2,,5.3,200,53,1335
102,백령도,2020-04-14 16:00,13.5,,6.6,200,55,1381
102,백령도,2020-04-14 17:00,13.6,,4.8,180,56,1335
102,백령도,2020-04-14 18:00,12.6,,3.7,200,64,1216
102,백령도,2020-04-14 19:00,10.9,,3.4,180,74,1026
102,백령도,2020-04-14 20:00,10.1,,3.5,200,81,868
102,백령도,2020-04-14 21:00,10.1,,4,200,83,892
102,백령도,2020-04-14 22:00,10.1,,3,200,82,960
102,백령도,2020-04-14 23:00,10,,2.8,200,82,951
102,백령도,2020-04-15 00:00,9.9,,3.9,200,82,1035
102,백령도,2020-04-15 01:00,9.1,,2.5,180,85,875
102,백령도,2020-04-15 02:00,8,,1.8,140,93,421
102,백령도,2020-04-15 03:00,7.9,,2,160,91,455
102,백령도,2020-04-15 04:00,7.2,,2.3,110,96,162
102,백령도,2020-04-15 05:00,7.2,,1.7,140,97,290
102,백령도,2020-04-15 06:00,7.4,,2.7,110,98,232
102,백령도,2020-04-15 07:00,7.5,,3.1,110,98,320
102,백령도,2020-04-15 08:00,9.2,,4.5,140,88,827
102,백령도,2020-04-15 09:00,10.4,,6.1,160,81,1060
102,백령도,2020-04-15 10:00,11.3,,5.2,160,78,1161
102,백령도,2020-04-15 11:00,12.3,,5,160,74,1326
102,백령도,2020-04-15 12:00,13,,5.1,160,69,1601
102,백령도,2020-04-15 13:00,13.4,,5.1,160,62,1867
102,백령도,2020-04-15 14:00,13.5,,4.1,180,66,1788
102,백령도,2020-04-15 15:00,12.9,,3.8,180,70,1695
102,백령도,2020-04-15 16:00,13.2,,4.1,180,65,1834
102,백령도,2020-04-15 17:00,13.3,,3.9,180,54,2266
102,백령도,2020-04-15 18:00,13,,2.7,200,54,1875
102,백령도,2020-04-15 19:00,11.4,,3.3,200,63,2273
102,백령도,2020-04-15 20:00,10.1,,1.1,230,71,2103
102,백령도,2020-04-15 21:00,9.8,,.4,0,80,1825
102,백령도,2020-04-15 22:00,9,,.9,140,85,1596
102,백령도,2020-04-15 23:00,8.2,,.8,110,89,1261
102,백령도,2020-04-16 00:00,7.8,,2.1,90,96,397
102,백령도,2020-04-16 01:00,7.7,,1.4,110,98,410
102,백령도,2020-04-16 02:00,7.8,,1.4,110,95,821
102,백령도,2020-04-16 03:00,8,,2.1,160,90,1267
102,백령도,2020-04-16 04:00,8.9,,2.2,140,81,2020
102,백령도,2020-04-16 05:00,8.3,,3,140,92,1066
102,백령도,2020-04-16 06:00,7.2,,.6,110,95,457
102,백령도,2020-04-16 07:00,8.4,,2.6,140,82,1840
102,백령도,2020-04-16 08:00,9.7,,3.9,140,74,2172
102,백령도,2020-04-16 09:00,10.6,,5.9,140,79,1532
102,백령도,2020-04-16 10:00,11.4,,6.7,140,77,1520
102,백령도,2020-04-16 11:00,13.6,,4.9,140,68,1792
102,백령도,2020-04-16 12:00,12.9,,5.2,160,65,1955
102,백령도,2020-04-16 13:00,11.9,,9.4,140,70,1220
102,백령도,2020-04-16 14:00,13.1,,6.7,140,52,1549
102,백령도,2020-04-16 15:00,12.8,,6.5,140,53,1569
102,백령도,2020-04-16 16:00,11.6,,5.8,140,69,1062
102,백령도,2020-04-16 17:00,11.1,,5.5,140,73,1196
102,백령도,2020-04-16 18:00,11.3,,4.5,140,74,1349
102,백령도,2020-04-16 19:00,11.1,,4.8,140,80,1241
102,백령도,2020-04-16 20:00,11.4,,4.2,160,80,1619
102,백령도,2020-04-16 21:00,12.3,,6.3,160,72,2349
102,백령도,2020-04-16 22:00,12.3,0,4.6,180,75,1911
102,백령도,2020-04-16 23:00,11.6,.1,8.6,200,89,1053
102,백령도,2020-04-17 00:00,11.8,0,12.5,180,83,879
102,백령도,2020-04-17 01:00,11.2,1.1,10,160,87,1048
102,백령도,2020-04-17 02:00,9.8,1.8,6,160,95,573
102,백령도,2020-04-17 03:00,9.9,.8,7.5,160,95,426
102,백령도,2020-04-17 04:00,10.3,1.3,8.9,160,94,512
102,백령도,2020-04-17 05:00,10.1,2.5,7.2,140,93,671
102,백령도,2020-04-17 06:00,9.9,1.5,6.6,160,93,722
102,백령도,2020-04-17 07:00,10.9,0,11.5,160,88,2098
102,백령도,2020-04-17 08:00,10.5,.1,6.3,180,92,1354
102,백령도,2020-04-17 09:00,10.7,0,6,180,94,997
102,백령도,2020-04-17 10:00,10.9,,6.4,200,95,742
102,백령도,2020-04-17 11:00,12.1,,6.2,200,94,799
102,백령도,2020-04-17 12:00,11.5,,3.6,230,92,751
102,백령도,2020-04-17 13:00,11.8,,3.1,180,94,724
102,백령도,2020-04-17 14:00,12.2,,1.8,290,88,892
102,백령도,2020-04-17 15:00,13,,1.9,320,88,958
102,백령도,2020-04-17 16:00,10.3,,3.6,320,96,331
102,백령도,2020-04-17 17:00,11,,3.2,290,91,932
102,백령도,2020-04-17 18:00,9,,2.9,290,95,525
102,백령도,2020-04-17 19:00,8.9,,4,290,97,336
102,백령도,2020-04-17 20:00,8.7,,5.3,290,97,352
102,백령도,2020-04-17 21:00,8.6,,4.6,320,97,316
102,백령도,2020-04-17 22:00,8.5,,4.4,320,98,385
102,백령도,2020-04-17 23:00,8.2,,6.1,340,99,225
102,백령도,2020-04-18 00:00,8,,4.4,340,99,508
102,백령도,2020-04-18 01:00,8.1,,5.6,340,99,424
102,백령도,2020-04-18 02:00,8.1,,4.5,340,99,400
102,백령도,2020-04-18 03:00,8.3,,5.1,340,100,271
102,백령도,2020-04-18 04:00,8.3,,2.4,320,100,175
102,백령도,2020-04-18 05:00,7.9,,4.5,320,100,400
102,백령도,2020-04-18 06:00,8.1,,4.5,320,100,399
102,백령도,2020-04-18 07:00,8.3,,4.9,320,100,575
102,백령도,2020-04-18 08:00,9.2,,3.8,320,100,1432
102,백령도,2020-04-18 09:00,10,,4.2,320,92,1857
102,백령도,2020-04-18 10:00,11.4,,2.8,320,83,2720
102,백령도,2020-04-18 11:00,11.8,,3.9,320,80,2934
102,백령도,2020-04-18 12:00,12.1,,5.4,320,80,2096
102,백령도,2020-04-18 13:00,12.4,,5.7,320,78,1463
102,백령도,2020-04-18 14:00,12.6,,3.9,290,79,980
102,백령도,2020-04-18 15:00,12.6,,5,290,76,743
102,백령도,2020-04-18 16:00,12.4,,4.6,320,77,560
102,백령도,2020-04-18 17:00,11.9,,4.5,320,78,484
102,백령도,2020-04-18 18:00,11.5,,3.9,320,79,450
102,백령도,2020-04-18 19:00,10.4,,3.2,320,86,352
102,백령도,2020-04-18 20:00,9.3,,3.6,320,93,238
102,백령도,2020-04-18 21:00,9.2,,1.4,290,94,217
102,백령도,2020-04-18 22:00,9.4,,2.1,290,91,281
102,백령도,2020-04-18 23:00,10.1,,.1,0,87,312
102,백령도,2020-04-19 00:00,9.6,,1.1,140,84,444
102,백령도,2020-04-19 01:00,9.3,,1.7,270,88,367
102,백령도,2020-04-19 02:00,9.4,,0,0,88,416
102,백령도,2020-04-19 03:00,9.1,,.6,90,93,232
102,백령도,2020-04-19 04:00,9.3,,.2,0,93,328
102,백령도,2020-04-19 05:00,8.8,,2.4,90,95,218
102,백령도,2020-04-19 06:00,9.5,,3,140,94,277
102,백령도,2020-04-19 07:00,10,,4.7,140,96,253
102,백령도,2020-04-19 08:00,10.1,,5.3,140,96,253
102,백령도,2020-04-19 09:00,9.9,,4.5,110,96,293
102,백령도,2020-04-19 10:00,10.8,,4.8,140,93,665
102,백령도,2020-04-19 11:00,10.7,0,4.1,140,93,547
102,백령도,2020-04-19 12:00,10.4,1.1,3.3,160,94,290
102,백령도,2020-04-19 13:00,10.3,2.1,1.9,160,98,175
102,백령도,2020-04-19 14:00,10.3,2.8,3.2,140,98,182
102,백령도,2020-04-19 15:00,10.4,1.8,1.8,110,99,147
102,백령도,2020-04-19 16:00,10.2,.9,2.1,110,100,128
102,백령도,2020-04-19 17:00,10.8,1.7,2.3,140,100,752
102,백령도,2020-04-19 18:00,10.7,.2,2.1,140,99,445
102,백령도,2020-04-19 19:00,10.3,0,1.3,140,99,303
102,백령도,2020-04-19 20:00,10.1,.1,2.1,140,99,341
102,백령도,2020-04-19 21:00,10.2,0,1.7,160,98,477
102,백령도,2020-04-19 22:00,9.9,0,1.1,180,98,341
102,백령도,2020-04-19 23:00,9.7,,0,0,99,298
102,백령도,2020-04-20 00:00,9.2,,1.8,320,99,131
102,백령도,2020-04-20 01:00,8.9,,1.7,320,100,104
102,백령도,2020-04-20 02:00,8.8,,1.2,320,100,12
102,백령도,2020-04-20 03:00,8.7,,1,320,100,12
102,백령도,2020-04-20 04:00,8.7,,1.3,200,100,457
102,백령도,2020-04-20 05:00,9,,2.2,230,100,1245
102,백령도,2020-04-20 06:00,8.3,,2.1,180,100,128
102,백령도,2020-04-20 07:00,8.8,,2.6,200,100,287
102,백령도,2020-04-20 08:00,9.2,0,4.3,180,100,451
102,백령도,2020-04-20 09:00,9.4,0,6.1,200,100,819
102,백령도,2020-04-20 10:00,9.9,,5.5,230,98,1103
102,백령도,2020-04-20 11:00,11.6,,6.3,230,92,1145
102,백령도,2020-04-20 12:00,12.5,,7.9,250,80,1246
102,백령도,2020-04-20 13:00,10.8,,9.4,290,81,1844
102,백령도,2020-04-20 14:00,10.9,,9.4,290,78,2487
102,백령도,2020-04-20 15:00,10.9,,9.4,290,70,2665
102,백령도,2020-04-20 16:00,10.8,,9,290,68,2776
102,백령도,2020-04-20 17:00,10.6,,9.2,320,64,2952
102,백령도,2020-04-20 18:00,10.1,,6.2,290,71,2643
102,백령도,2020-04-20 19:00,9,,4.9,290,77,2786
102,백령도,2020-04-20 20:00,8.5,,5.7,290,83,2593
102,백령도,2020-04-20 21:00,8.6,,5,290,78,2879
102,백령도,2020-04-20 22:00,8.8,,5.3,290,68,3292
102,백령도,2020-04-20 23:00,8.8,,4.6,290,68,3494
102,백령도,2020-04-21 00:00,8.2,,5,270,84,2821
102,백령도,2020-04-21 01:00,7.9,,4.7,290,89,2382
102,백령도,2020-04-21 02:00,8.1,,5.1,320,82,2834
102,백령도,2020-04-21 03:00,8.3,,4.3,360,54,2021
102,백령도,2020-04-21 04:00,7.7,,3,320,74,2012
102,백령도,2020-04-21 05:00,7.6,,8.7,340,50,2589
102,백령도,2020-04-21 06:00,6.7,,5.3,320,55,2652
102,백령도,2020-04-21 07:00,7.2,,9.9,320,45,3786
102,백령도,2020-04-21 08:00,7.3,,10.5,320,42,4141
102,백령도,2020-04-21 09:00,7.3,,10.7,320,42,3944
102,백령도,2020-04-21 10:00,7.5,,10.3,320,38,4004
102,백령도,2020-04-21 11:00,7.7,,10.2,320,31,4251
102,백령도,2020-04-21 12:00,8.1,,10.2,320,29,4590
102,백령도,2020-04-21 13:00,7.8,,9.6,320,33,3896
102,백령도,2020-04-21 14:00,8.2,,9.6,320,33,3834
102,백령도,2020-04-21 15:00,7.7,,10.7,290,31,3735
102,백령도,2020-04-21 16:00,7.9,,9.3,320,30,3703
102,백령도,2020-04-21 17:00,7.5,,10.5,320,36,3839
102,백령도,2020-04-21 18:00,7,,11.1,320,32,3803
102,백령도,2020-04-21 19:00,6.8,,9.4,320,32,3771
102,백령도,2020-04-21 20:00,6.9,,8.7,290,34,3562
102,백령도,2020-04-21 21:00,7.2,,8.3,290,34,3342
102,백령도,2020-04-21 22:00,7.4,,8.1,290,44,2962
102,백령도,2020-04-21 23:00,7.2,,6,290,54,2414
102,백령도,2020-04-22 00:00,7.5,,7.3,290,51,2548
102,백령도,2020-04-22 01:00,6.9,,7.8,340,52,2294
102,백령도,2020-04-22 02:00,6.5,,7.4,340,46,2131
102,백령도,2020-04-22 03:00,6.1,,7.2,340,42,1757
102,백령도,2020-04-22 04:00,5.8,,9.7,320,38,1882
102,백령도,2020-04-22 05:00,5.4,,6.1,340,42,1793
102,백령도,2020-04-22 06:00,5.3,,6.5,320,46,1680
102,백령도,2020-04-22 07:00,5.5,,7.1,320,48,1578
102,백령도,2020-04-22 08:00,6.1,,5.9,320,47,1642
102,백령도,2020-04-22 09:00,6.6,,6.6,320,46,1654
102,백령도,2020-04-22 10:00,7,,8.9,320,39,1936
102,백령도,2020-04-22 11:00,6.9,,9.1,320,39,2263
102,백령도,2020-04-22 12:00,7.4,,9,320,40,2203
102,백령도,2020-04-22 13:00,7.4,,9.6,320,39,2145
102,백령도,2020-04-22 14:00,7.9,,9.4,320,41,2226
102,백령도,2020-04-22 15:00,7.6,,9.2,320,40,2082
102,백령도,2020-04-22 16:00,8,,7.9,320,41,2142
102,백령도,2020-04-22 17:00,7.6,,7.4,320,43,2256
102,백령도,2020-04-22 18:00,7.4,,6.2,320,47,2381
102,백령도,2020-04-22 19:00,6.8,,6,290,48,2336
102,백령도,2020-04-22 20:00,6.8,,7.4,320,49,2672
102,백령도,2020-04-22 21:00,6.8,,5.4,320,56,2664
102,백령도,2020-04-22 22:00,6.8,,5.4,320,62,2481
102,백령도,2020-04-22 23:00,6.8,,5.8,320,57,2511
102,백령도,2020-04-23 00:00,6.7,,4.9,320,59,2558
102,백령도,2020-04-23 01:00,6.6,,5,290,62,2671
102,백령도,2020-04-23 02:00,6.8,,7.1,320,68,2282
102,백령도,2020-04-23 03:00,6.9,,6.8,320,67,2227
102,백령도,2020-04-23 04:00,6.8,,6.1,320,63,2321
102,백령도,2020-04-23 05:00,7,,6.1,320,64,2259
102,백령도,2020-04-23 06:00,7,,5,290,70,2325
102,백령도,2020-04-23 07:00,7.5,,6,290,73,2389
102,백령도,2020-04-23 08:00,8.2,,6.3,290,71,2571
102,백령도,2020-04-23 09:00,8.6,,6.2,320,64,2278
102,백령도,2020-04-23 10:00,9.1,,5.7,320,63,2142
102,백령도,2020-04-23 11:00,9.9,,4.6,340,55,2525
102,백령도,2020-04-23 12:00,10.2,,6,340,45,2736
102,백령도,2020-04-23 13:00,10.2,,5.6,320,46,2622
102,백령도,2020-04-23 14:00,9.7,,7.1,320,46,2824
102,백령도,2020-04-23 15:00,9.7,,6.7,320,43,2873
102,백령도,2020-04-23 16:00,9.8,,6.1,290,45,2936
102,백령도,2020-04-23 17:00,9.9,,5.4,290,52,2626
102,백령도,2020-04-23 18:00,9.3,,6.3,290,54,2787
102,백령도,2020-04-23 19:00,8.4,,5.5,290,62,3005
102,백령도,2020-04-23 20:00,7.9,,6.1,290,67,3069
102,백령도,2020-04-23 21:00,8,,6.2,290,71,2974
102,백령도,2020-04-23 22:00,8.1,,7.3,290,65,2848
102,백령도,2020-04-23 23:00,7.7,,5.2,290,64,2783
102,백령도,2020-04-24 00:00,7.6,,5.1,270,68,2682
102,백령도,2020-04-24 01:00,7.2,,4,270,71,2648
102,백령도,2020-04-24 02:00,7.3,,4.2,290,68,2668
102,백령도,2020-04-24 03:00,8.2,,3.3,270,48,3161
102,백령도,2020-04-24 04:00,7.9,,5.3,250,64,2881
102,백령도,2020-04-24 05:00,8.7,,5.1,230,50,2878
102,백령도,2020-04-24 06:00,8.8,,6.1,230,57,2777
102,백령도,2020-04-24 07:00,9.3,,6.9,230,55,2630
102,백령도,2020-04-24 08:00,10.9,,7.2,250,46,2798
102,백령도,2020-04-24 09:00,10.9,,8.6,250,52,2241
102,백령도,2020-04-24 10:00,11.8,,8.4,250,48,2233
102,백령도,2020-04-24 11:00,12.8,,8,270,48,2083
102,백령도,2020-04-24 12:00,12.8,,8,250,47,1995
102,백령도,2020-04-24 13:00,14,,8.4,270,43,2007
102,백령도,2020-04-24 14:00,14.5,,7.9,230,44,1856
102,백령도,2020-04-24 15:00,13.5,,7.3,230,56,1642
102,백령도,2020-04-24 16:00,13.4,,8.3,230,53,1571
102,백령도,2020-04-24 17:00,12.3,,7.8,230,61,1521
102,백령도,2020-04-24 18:00,11.2,,6.4,230,70,1477
102,백령도,2020-04-24 19:00,10.7,,7.7,230,73,1560
102,백령도,2020-04-24 20:00,10.8,,7.5,230,75,1506
102,백령도,2020-04-24 21:00,11,,7,230,75,1429
102,백령도,2020-04-24 22:00,11.2,,7.4,230,76,1378
102,백령도,2020-04-24 23:00,11.6,,8.6,230,74,1446
102,백령도,2020-04-25 00:00,11.7,,8.7,230,74,1548
102,백령도,2020-04-25 01:00,11.9,,8.5,230,75,1486
102,백령도,2020-04-25 02:00,11.7,,8.6,230,78,1368
102,백령도,2020-04-25 03:00,10.8,,7,270,81,1156
102,백령도,2020-04-25 04:00,11.7,,7.7,250,75,1258
102,백령도,2020-04-25 05:00,11.6,,6.7,230,74,1238
102,백령도,2020-04-25 06:00,11.1,,5.2,250,79,1052
102,백령도,2020-04-25 07:00,10.8,,2.3,230,82,1008
102,백령도,2020-04-25 08:00,11.9,,5,290,74,1124
102,백령도,2020-04-25 09:00,11.4,,5.9,290,80,1020
102,백령도,2020-04-25 10:00,12.3,,4.8,340,72,1432
102,백령도,2020-04-25 11:00,11.4,,10.3,340,61,1828
102,백령도,2020-04-25 12:00,10.3,,8.8,340,71,1466
102,백령도,2020-04-25 13:00,10.5,,9.3,340,70,1397
102,백령도,2020-04-25 14:00,10.2,,9.7,340,69,1581
102,백령도,2020-04-25 15:00,10.9,,7.2,340,69,1902
102,백령도,2020-04-25 16:00,10.8,,6.5,320,70,2056
102,백령도,2020-04-25 17:00,10.3,,7.2,320,72,1818
102,백령도,2020-04-25 18:00,10,,6.4,320,72,1835
102,백령도,2020-04-25 19:00,9.7,,5.8,320,72,2209
102,백령도,2020-04-25 20:00,8.9,,6.4,290,80,1926
102,백령도,2020-04-25 21:00,8.8,,4.6,290,79,1843
102,백령도,2020-04-25 22:00,9,,5.3,290,76,1945
102,백령도,2020-04-25 23:00,8.8,,4.9,290,79,1658
102,백령도,2020-04-26 00:00,8.7,,4,290,81,1721
102,백령도,2020-04-26 01:00,8.9,,3.1,290,79,1818
102,백령도,2020-04-26 02:00,8,,2.9,290,85,1660
102,백령도,2020-04-26 03:00,8,,2.6,320,81,2214
102,백령도,2020-04-26 04:00,7.6,,3,320,81,2378
102,백령도,2020-04-26 05:00,6.9,,2,290,82,2423
102,백령도,2020-04-26 06:00,7.5,,3.1,270,82,2657
102,백령도,2020-04-26 07:00,8.5,,2.3,290,81,2681
102,백령도,2020-04-26 08:00,10.3,,2.6,290,66,2809
102,백령도,2020-04-26 09:00,13.1,,2,340,36,2969
102,백령도,2020-04-26 10:00,15,,2.9,360,21,3520
102,백령도,2020-04-26 11:00,15,,3.7,320,21,3480
102,백령도,2020-04-26 12:00,15.4,,2.6,320,24,3341
102,백령도,2020-04-26 13:00,15.6,,3.8,320,22,3238
102,백령도,2020-04-26 14:00,16.2,,4.2,290,27,3148
102,백령도,2020-04-26 15:00,14.6,,6.2,250,27,2866
102,백령도,2020-04-26 16:00,15,,6.2,250,25,2809
102,백령도,2020-04-26 17:00,13.3,,5.4,270,40,2073
102,백령도,2020-04-26 18:00,12.5,,7.2,290,55,2262
102,백령도,2020-04-26 19:00,12.7,,4.1,270,45,3276
102,백령도,2020-04-26 20:00,11.5,,2.6,270,49,3280
102,백령도,2020-04-26 21:00,9.6,,2.2,250,73,2823
102,백령도,2020-04-26 22:00,9.7,,2.1,290,63,2436
102,백령도,2020-04-26 23:00,10.4,,3.5,270,62,2464
102,백령도,2020-04-27 00:00,10.1,,4.4,270,64,2078
102,백령도,2020-04-27 01:00,10.5,,5.4,250,56,2441
102,백령도,2020-04-27 02:00,10.2,,4.1,270,54,2518
102,백령도,2020-04-27 03:00,9.5,,2.8,270,69,2079
102,백령도,2020-04-27 04:00,9.2,,4,290,77,1717
102,백령도,2020-04-27 05:00,8.1,,4,290,90,1025
102,백령도,2020-04-27 06:00,7.6,,3.3,320,91,1088
102,백령도,2020-04-27 07:00,8.6,,3.7,320,90,1349
102,백령도,2020-04-27 08:00,9.7,,3.4,290,85,1699
102,백령도,2020-04-27 09:00,11.6,,2.8,320,70,1909
102,백령도,2020-04-27 10:00,11.8,,4.1,320,73,2031
102,백령도,2020-04-27 11:00,14,,2.9,340,56,2807
102,백령도,2020-04-27 12:00,12.1,,4.5,290,72,2039
102,백령도,2020-04-27 13:00,13.5,,5,320,54,2881
102,백령도,2020-04-27 14:00,13.8,,3.8,320,54,2392
102,백령도,2020-04-27 15:00,14.1,,4,320,49,2261
102,백령도,2020-04-27 16:00,14.9,,4.4,290,25,3417
102,백령도,2020-04-27 17:00,14,,4.3,290,36,2778
102,백령도,2020-04-27 18:00,13.8,,3.6,250,27,2986
102,백령도,2020-04-27 19:00,11.9,,3.8,270,38,2355
102,백령도,2020-04-27 20:00,10.8,,3.8,250,46,2493
102,백령도,2020-04-27 21:00,11,,6,250,46,2485
102,백령도,2020-04-27 22:00,11.5,,6.4,250,42,2834
102,백령도,2020-04-27 23:00,11.3,,6.6,250,50,2760
102,백령도,2020-04-28 00:00,11.4,,5.7,250,52,2831
102,백령도,2020-04-28 01:00,11.6,,6.4,250,52,2543
102,백령도,2020-04-28 02:00,11.6,,6.9,250,46,2813
102,백령도,2020-04-28 03:00,11.5,,7.2,250,44,2596
102,백령도,2020-04-28 04:00,11.4,,6.2,250,47,2568
102,백령도,2020-04-28 05:00,10.4,,4.6,250,68,2016
102,백령도,2020-04-28 06:00,9.8,,1.1,290,74,1941
102,백령도,2020-04-28 07:00,10,,1.3,200,77,1606
102,백령도,2020-04-28 08:00,12,,2.1,270,72,1610
102,백령도,2020-04-28 09:00,13.3,,3.1,200,71,1694
102,백령도,2020-04-28 10:00,14.4,,3.3,180,66,1763
102,백령도,2020-04-28 11:00,15.1,,3.9,180,58,2024
102,백령도,2020-04-28 12:00,14.6,,4.8,180,65,1748
102,백령도,2020-04-28 13:00,16.1,,5,180,51,1860
102,백령도,2020-04-28 14:00,17.1,,3.8,180,50,1944
102,백령도,2020-04-28 15:00,15.3,,4.7,180,63,1723
102,백령도,2020-04-28 16:00,16.6,,3.4,200,50,1612
102,백령도,2020-04-28 17:00,14.5,,4.5,200,65,1108
102,백령도,2020-04-28 18:00,13.9,,4.1,180,66,1079
102,백령도,2020-04-28 19:00,13.3,,4.7,200,68,1097
102,백령도,2020-04-28 20:00,12.9,,5,200,68,1070
102,백령도,2020-04-28 21:00,13,,6,230,66,1172
102,백령도,2020-04-28 22:00,11.8,,4.5,200,74,1318
102,백령도,2020-04-28 23:00,12.4,,6.4,230,72,1357
102,백령도,2020-04-29 00:00,13.4,,6.7,230,62,1612
102,백령도,2020-04-29 01:00,11.6,,3.9,180,80,1172
102,백령도,2020-04-29 02:00,11.6,,4.3,180,84,1023
102,백령도,2020-04-29 03:00,11.3,,4.8,200,83,1039
102,백령도,2020-04-29 04:00,12.2,,6.9,230,71,1584
102,백령도,2020-04-29 05:00,12.3,,8.3,230,70,1856
102,백령도,2020-04-29 06:00,11.3,,5.4,180,77,1837
102,백령도,2020-04-29 07:00,11.3,,5.3,200,81,1800
102,백령도,2020-04-29 08:00,12.4,,5.3,200,76,2113
102,백령도,2020-04-29 09:00,13.6,,5.5,180,72,1983
102,백령도,2020-04-29 10:00,14.1,,6.3,180,68,2221
102,백령도,2020-04-29 11:00,14.8,,6.5,200,61,2349
102,백령도,2020-04-29 12:00,15.6,,5,200,57,2527
102,백령도,2020-04-29 13:00,15.3,,6.9,200,58,2736
102,백령도,2020-04-29 14:00,15.4,,6.8,180,60,1663
102,백령도,2020-04-29 15:00,14.1,,5.7,180,68,2422
102,백령도,2020-04-29 16:00,14,,5.6,160,70,2352
102,백령도,2020-04-29 17:00,13.1,,5.5,160,76,2353
102,백령도,2020-04-29 18:00,12.5,,6.4,160,75,2555
102,백령도,2020-04-29 19:00,11.4,,4.7,160,78,2812
102,백령도,2020-04-29 20:00,10.8,,5.5,160,82,2421
102,백령도,2020-04-29 21:00,11.1,,4.1,160,76,2963
102,백령도,2020-04-29 22:00,10.3,,3.4,160,85,2388
102,백령도,2020-04-29 23:00,9.9,,3.1,160,88,2298
102,백령도,2020-04-30 00:00,10.3,,4.8,160,85,2686
102,백령도,2020-04-30 01:00,9.9,,4.2,180,89,2204
102,백령도,2020-04-30 02:00,11.1,,4.9,160,89,2369
102,백령도,2020-04-30 03:00,11.4,,4.7,180,92,1872
102,백령도,2020-04-30 04:00,11.6,,5.7,180,95,948
102,백령도,2020-04-30 05:00,11.2,,3.5,180,98,278
102,백령도,2020-04-30 06:00,10.4,,4.1,140,99,261
102,백령도,2020-04-30 07:00,10.7,,4.4,140,100,342
102,백령도,2020-04-30 08:00,10.9,,5.9,160,100,432
102,백령도,2020-04-30 09:00,11.1,,5.1,160,100,510
102,백령도,2020-04-30 10:00,11.2,0,6.9,140,99,400
102,백령도,2020-04-30 11:00,11.2,0,6.1,140,98,479
102,백령도,2020-04-30 12:00,11.2,0,6.6,140,98,324
102,백령도,2020-04-30 13:00,12.2,0,5.7,160,98,819
102,백령도,2020-04-30 14:00,11.4,0,7.1,140,98,378
102,백령도,2020-04-30 15:00,11.7,0,5.4,160,99,326
102,백령도,2020-04-30 16:00,11.5,0,6.3,140,99,92
102,백령도,2020-04-30 17:00,11.9,0,5.2,160,100,143
102,백령도,2020-04-30 18:00,11.3,0,5.7,160,100,94
102,백령도,2020-04-30 19:00,10.7,0,5.3,140,100,53
102,백령도,2020-04-30 20:00,10.7,,5.9,140,100,35
102,백령도,2020-04-30 21:00,10.9,,6.4,140,100,69
102,백령도,2020-04-30 22:00,10.9,0,6.6,160,100,53
102,백령도,2020-04-30 23:00,11,0,6.6,160,100,40
102,백령도,2020-05-01 00:00,11,0,7.2,140,100,34
102,백령도,2020-05-01 01:00,11.1,0,7.4,140,100,31
102,백령도,2020-05-01 02:00,10.9,,7.3,140,100,28
102,백령도,2020-05-01 03:00,10.8,0,5.9,140,100,29
102,백령도,2020-05-01 04:00,10.5,0,6,140,100,18
102,백령도,2020-05-01 05:00,10.6,0,6,140,100,24
102,백령도,2020-05-01 06:00,10.4,0,6,140,100,18
102,백령도,2020-05-01 07:00,10.6,0,5.8,140,100,16
102,백령도,2020-05-01 08:00,11.1,0,6.9,140,100,19
102,백령도,2020-05-01 09:00,11.5,0,7.1,140,100,21
102,백령도,2020-05-01 10:00,11.7,0,7.2,140,100,49
102,백령도,2020-05-01 11:00,11.9,0,6.4,140,100,70
102,백령도,2020-05-01 12:00,11.9,0,7,140,100,80
102,백령도,2020-05-01 13:00,12.1,0,6.8,140,100,101
102,백령도,2020-05-01 14:00,12.3,0,7.1,140,100,101
102,백령도,2020-05-01 15:00,12.7,,6.7,140,100,152
102,백령도,2020-05-01 16:00,12.6,,6.5,160,100,145
102,백령도,2020-05-01 17:00,12.3,,5.9,160,100,78
102,백령도,2020-05-01 18:00,12.1,,6.5,140,100,31
102,백령도,2020-05-01 19:00,11.9,,5.7,140,100,21
102,백령도,2020-05-01 20:00,11.6,,6.8,140,100,18
102,백령도,2020-05-01 21:00,11.8,,7.6,140,100,27
102,백령도,2020-05-01 22:00,11.2,,7.2,140,100,15
102,백령도,2020-05-01 23:00,11.3,,4.9,110,100,16
102,백령도,2020-05-02 00:00,11.1,,6.7,140,100,21
102,백령도,2020-05-02 01:00,11.4,,4.3,140,100,26
102,백령도,2020-05-02 02:00,11.2,,6.1,140,100,25
102,백령도,2020-05-02 03:00,11,,5.4,140,100,17
102,백령도,2020-05-02 04:00,11.1,,5.5,140,100,14
102,백령도,2020-05-02 05:00,11.4,,6.4,140,100,17
102,백령도,2020-05-02 06:00,11.6,,6.8,140,100,17
102,백령도,2020-05-02 07:00,11.9,0,6.9,140,100,17
102,백령도,2020-05-02 08:00,12.5,0,5.6,160,100,27
102,백령도,2020-05-02 09:00,12.9,0,5.8,160,100,43
102,백령도,2020-05-02 10:00,12.7,0,5.7,140,100,33
102,백령도,2020-05-02 11:00,13.2,,5,140,100,43
102,백령도,2020-05-02 12:00,12.7,,4.6,140,100,30
102,백령도,2020-05-02 13:00,13.1,,3,140,100,47
102,백령도,2020-05-02 14:00,12.9,,3.6,140,100,52
102,백령도,2020-05-02 15:00,12.6,,3.1,110,100,26
102,백령도,2020-05-02 16:00,13.2,,2.4,140,100,27
102,백령도,2020-05-02 17:00,13.1,0,2.4,140,100,55
102,백령도,2020-05-02 18:00,13.1,0,2.3,110,100,111
102,백령도,2020-05-02 19:00,13.3,,1.6,160,100,110
102,백령도,2020-05-02 20:00,13,0,2.7,110,100,31
102,백령도,2020-05-02 21:00,13.2,0,3.2,90,100,11
102,백령도,2020-05-02 22:00,13.7,0,3.1,110,100,15
102,백령도,2020-05-02 23:00,14.6,0,3.9,110,100,388
102,백령도,2020-05-03 00:00,14.1,,3.7,110,100,572
102,백령도,2020-05-03 01:00,13.3,,3.3,110,100,712
102,백령도,2020-05-03 02:00,14.2,,3.1,110,100,703
102,백령도,2020-05-03 03:00,13.8,,2.4,110,100,851
102,백령도,2020-05-03 04:00,16.3,,2.9,110,86,2267
102,백령도,2020-05-03 05:00,14,,3.4,110,93,1613
102,백령도,2020-05-03 06:00,14.2,,2.5,110,92,1704
102,백령도,2020-05-03 07:00,15,,3.4,140,92,1697
102,백령도,2020-05-03 08:00,14.7,,1.1,110,94,1522
102,백령도,2020-05-03 09:00,15.1,,1.9,110,94,1408
102,백령도,2020-05-03 10:00,17.2,,2.8,110,87,1779
102,백령도,2020-05-03 11:00,19.8,,4,140,83,1301
102,백령도,2020-05-03 12:00,20.7,,4.6,140,73,2063
102,백령도,2020-05-03 13:00,21,,3.4,160,68,2741
102,백령도,2020-05-03 14:00,22.2,,4.1,160,69,2672
102,백령도,2020-05-03 15:00,21.7,,3.9,180,65,2212
102,백령도,2020-05-03 16:00,21.6,,4.5,160,66,1895
102,백령도,2020-05-03 17:00,18.1,,3.2,290,79,1833
102,백령도,2020-05-03 18:00,17,,3.5,290,83,1868
102,백령도,2020-05-03 19:00,16.5,,4.6,320,84,2068
102,백령도,2020-05-03 20:00,15.8,,4.4,320,86,1867
102,백령도,2020-05-03 21:00,14.8,,5,320,90,1613
102,백령도,2020-05-03 22:00,13.9,,2.1,340,89,1714
102,백령도,2020-05-03 23:00,14.5,,2.3,320,91,1584
102,백령도,2020-05-04 00:00,14.6,,6.2,320,91,1493
102,백령도,2020-05-04 01:00,13.4,,5.3,320,95,596
102,백령도,2020-05-04 02:00,12.2,,5.1,320,97,507
102,백령도,2020-05-04 03:00,11,,5.7,320,95,893
102,백령도,2020-05-04 04:00,10.6,,5.4,320,94,2075
102,백령도,2020-05-04 05:00,10.1,,4.4,320,93,1383
102,백령도,2020-05-04 06:00,9.8,,5.5,340,92,1006
102,백령도,2020-05-04 07:00,10,,6.3,340,90,1195
102,백령도,2020-05-04 08:00,9.7,,7.4,340,86,1193
102,백령도,2020-05-04 09:00,9.8,,8.4,340,84,1629
102,백령도,2020-05-04 10:00,10.2,,6.7,340,81,1961
102,백령도,2020-05-04 11:00,10.2,,9.6,340,82,1890
102,백령도,2020-05-04 12:00,10.8,,6.1,320,81,2114
102,백령도,2020-05-04 13:00,11.8,,6.1,340,78,2135
102,백령도,2020-05-04 14:00,11.2,,6.7,340,78,2157
102,백령도,2020-05-04 15:00,11.5,,8.2,340,77,2240
102,백령도,2020-05-04 16:00,10.9,,8.5,320,80,2084
102,백령도,2020-05-04 17:00,10.5,,7,320,82,1637
102,백령도,2020-05-04 18:00,10.5,,7.5,320,81,1707
102,백령도,2020-05-04 19:00,10.3,,7.4,320,81,1504
102,백령도,2020-05-04 20:00,9.7,,6.4,320,87,1265
102,백령도,2020-05-04 21:00,9.8,,7.1,320,88,1133
102,백령도,2020-05-04 22:00,10,,6.3,340,88,862
102,백령도,2020-05-04 23:00,10.2,,5.6,320,86,920
102,백령도,2020-05-05 00:00,10.4,,4.9,340,84,1063
102,백령도,2020-05-05 01:00,9.8,,2.9,270,87,1016
102,백령도,2020-05-05 02:00,9.8,,3.9,320,87,890
102,백령도,2020-05-05 03:00,9.3,,3.7,290,90,753
102,백령도,2020-05-05 04:00,9.3,,3.6,320,91,742
102,백령도,2020-05-05 05:00,8.9,,2.1,320,93,624
102,백령도,2020-05-05 06:00,9,,.7,270,93,678
102,백령도,2020-05-05 07:00,10.5,,1.8,90,89,1072
102,백령도,2020-05-05 08:00,12,,1.8,90,80,1909
102,백령도,2020-05-05 09:00,13.6,,2.6,140,84,1905
102,백령도,2020-05-05 10:00,13.3,,2.3,180,84,1830
102,백령도,2020-05-05 11:00,11.3,,1.9,320,87,1014
102,백령도,2020-05-05 12:00,13.4,,3,180,85,1412
102,백령도,2020-05-05 13:00,12.9,,2.6,200,84,1372
102,백령도,2020-05-05 14:00,15.7,,2,250,70,1736
102,백령도,2020-05-05 15:00,15.2,,1.9,340,74,1476
102,백령도,2020-05-05 16:00,15.1,,3.5,320,68,1395
102,백령도,2020-05-05 17:00,14.7,,1.2,360,75,1010
102,백령도,2020-05-05 18:00,13.3,,1.1,290,75,949
102,백령도,2020-05-05 19:00,11.8,,1.1,290,79,922
102,백령도,2020-05-05 20:00,9.8,,2,340,88,757
102,백령도,2020-05-05 21:00,9,,1.7,290,85,842
102,백령도,2020-05-05 22:00,9.2,,1,180,90,551
102,백령도,2020-05-05 23:00,9.2,,.5,70,93,507
102,백령도,2020-05-06 00:00,8.4,,0,0,96,480
102,백령도,2020-05-06 01:00,8.6,,0,0,93,463
102,백령도,2020-05-06 02:00,9.4,,1.2,320,87,815
102,백령도,2020-05-06 03:00,9,,.1,0,85,710
102,백령도,2020-05-06 04:00,8.7,,1.7,290,81,788
102,백령도,2020-05-06 05:00,8.5,,2,320,96,440
102,백령도,2020-05-06 06:00,6.9,,2.1,290,100,10
102,백령도,2020-05-06 07:00,7.6,,1.9,320,100,165
102,백령도,2020-05-06 08:00,10.1,,1.5,290,99,1094
102,백령도,2020-05-06 09:00,15.5,,1.9,70,56,2086
102,백령도,2020-05-06 10:00,17.2,,1.4,110,48,2378
102,백령도,2020-05-06 11:00,19.7,,1.2,110,38,3337
102,백령도,2020-05-06 12:00,18.2,,2.6,290,52,1994
102,백령도,2020-05-06 13:00,16.7,,3.9,290,52,2011
102,백령도,2020-05-06 14:00,16,,5,290,58,1724
102,백령도,2020-05-06 15:00,16.6,,4.8,290,51,1858
102,백령도,2020-05-06 16:00,16.9,,4.1,290,50,1928
102,백령도,2020-05-06 17:00,15.9,,3.3,290,56,1917
102,백령도,2020-05-06 18:00,14.8,,4.3,320,56,1938
102,백령도,2020-05-06 19:00,13,,3.7,320,64,1552
102,백령도,2020-05-06 20:00,12,,3.7,320,67,1724
102,백령도,2020-05-06 21:00,12.9,,2.8,340,56,2574
102,백령도,2020-05-06 22:00,15,,4.8,340,37,3666
102,백령도,2020-05-06 23:00,14.1,,3.8,320,43,3481
102,백령도,2020-05-07 00:00,14.1,,3.6,320,45,3553
102,백령도,2020-05-07 01:00,14.6,,2.9,320,42,3522
102,백령도,2020-05-07 02:00,15.6,,2.3,20,34,3567
102,백령도,2020-05-07 03:00,15.7,,4.2,50,36,3139
102,백령도,2020-05-07 04:00,12.8,,1.9,110,56,2885
102,백령도,2020-05-07 05:00,14.2,,3.4,110,51,2947
102,백령도,2020-05-07 06:00,13.5,,3,110,55,2824
102,백령도,2020-05-07 07:00,15.1,,5.7,110,65,2140
102,백령도,2020-05-07 08:00,15.1,,5.9,110,66,2570
102,백령도,2020-05-07 09:00,15.8,,6.3,110,59,2896
102,백령도,2020-05-07 10:00,17,,6.9,110,48,3079
102,백령도,2020-05-07 11:00,16.8,,5.6,110,49,3261
102,백령도,2020-05-07 12:00,17.4,,5.1,110,46,3132
102,백령도,2020-05-07 13:00,18.4,,7.3,140,36,3118
102,백령도,2020-05-07 14:00,18.2,,6.8,140,37,2907
102,백령도,2020-05-07 15:00,18.1,,5.6,160,39,2950
102,백령도,2020-05-07 16:00,17.3,,4.1,180,48,2887
102,백령도,2020-05-07 17:00,16.7,,2.8,180,58,2775
102,백령도,2020-05-07 18:00,15.6,,3.2,180,64,2397
102,백령도,2020-05-07 19:00,14.7,,1.8,180,69,2335
102,백령도,2020-05-07 20:00,13.7,,2.2,180,72,2229
102,백령도,2020-05-07 21:00,13.5,,1.1,160,77,1981
102,백령도,2020-05-07 22:00,13.8,,0,0,77,1889
102,백령도,2020-05-07 23:00,13.3,,1.5,90,75,2339
102,백령도,2020-05-08 00:00,13.8,,2.2,90,75,2092
102,백령도,2020-05-08 01:00,14.7,,2,90,68,2645
102,백령도,2020-05-08 02:00,15,,2,90,59,2883
102,백령도,2020-05-08 03:00,14.3,,2.4,90,75,2222
102,백령도,2020-05-08 04:00,14,,1.7,110,80,1953
102,백령도,2020-05-08 05:00,14.8,,1.1,110,63,2928
102,백령도,2020-05-08 06:00,13.5,,2.3,110,74,2178
102,백령도,2020-05-08 07:00,14.7,,2.5,110,69,2516
102,백령도,2020-05-08 08:00,16,,4.9,110,53,2215
102,백령도,2020-05-08 09:00,17.1,,5.3,140,44,2995
102,백령도,2020-05-08 10:00,16.4,,4.9,140,51,2884
102,백령도,2020-05-08 11:00,17,,3.3,160,55,2361
102,백령도,2020-05-08 12:00,15.5,,1.8,180,61,2239
102,백령도,2020-05-08 13:00,16,,1.4,180,59,2350
102,백령도,2020-05-08 14:00,16.3,,.8,160,59,1585
102,백령도,2020-05-08 15:00,15.1,,1.1,90,61,2265
102,백령도,2020-05-08 16:00,15.3,0,0,0,57,1995
102,백령도,2020-05-08 17:00,13.5,.2,2.7,50,72,2348
102,백령도,2020-05-08 18:00,12.6,.6,3.7,20,79,1366
102,백령도,2020-05-08 19:00,11.5,1.2,1.7,90,88,1573
102,백령도,2020-05-08 20:00,11.6,1.6,3.5,90,93,673
102,백령도,2020-05-08 21:00,11.7,1.8,4.8,110,96,844
102,백령도,2020-05-08 22:00,11.6,.3,5.6,90,97,954
102,백령도,2020-05-08 23:00,10.7,3.3,8.7,110,96,574
102,백령도,2020-05-09 00:00,11.1,1,9.3,110,95,2195
102,백령도,2020-05-09 01:00,11.7,.5,9.2,110,96,1178
102,백령도,2020-05-09 02:00,12,0,8.3,110,95,854
102,백령도,2020-05-09 03:00,12.2,4.3,8.1,110,99,184
102,백령도,2020-05-09 04:00,12.5,13,10.2,110,100,217
102,백령도,2020-05-09 05:00,12.2,4.7,7.4,110,100,237
102,백령도,2020-05-09 06:00,11.9,2.5,5.7,110,100,124
102,백령도,2020-05-09 07:00,12.6,.7,7.9,110,100,988
102,백령도,2020-05-09 08:00,13.2,.1,8.8,110,100,1649
102,백령도,2020-05-09 09:00,13.4,0,8.2,110,100,2721
102,백령도,2020-05-09 10:00,13.1,0,6.3,110,100,1343
102,백령도,2020-05-09 11:00,13.4,0,6.8,110,100,2186
102,백령도,2020-05-09 12:00,13.7,0,6.5,110,100,594
102,백령도,2020-05-09 13:00,14,0,6.7,110,100,337
102,백령도,2020-05-09 14:00,14.4,.5,5.5,140,100,348
102,백령도,2020-05-09 15:00,12.8,.1,3.9,140,100,121
102,백령도,2020-05-09 16:00,12.4,0,3.6,140,100,35
102,백령도,2020-05-09 17:00,11.9,0,1.4,110,100,60
102,백령도,2020-05-09 18:00,11.4,0,1.9,90,100,51
102,백령도,2020-05-09 19:00,11.2,0,1.1,90,100,28
102,백령도,2020-05-09 20:00,11.1,.1,1.5,90,100,28
102,백령도,2020-05-09 21:00,11.3,.1,2.1,110,100,27
102,백령도,2020-05-09 22:00,11.8,0,2.4,140,100,305
102,백령도,2020-05-09 23:00,11.5,,1.9,290,100,236
102,백령도,2020-05-10 00:00,11.6,0,0,0,100,101
102,백령도,2020-05-10 01:00,11.2,.1,1.4,320,100,27
102,백령도,2020-05-10 02:00,10.9,.1,3.7,340,100,23
102,백령도,2020-05-10 03:00,10.8,0,2.9,320,100,20
102,백령도,2020-05-10 04:00,11.5,.1,4.4,320,100,25
102,백령도,2020-05-10 05:00,11.4,0,2.9,290,100,25
102,백령도,2020-05-10 06:00,10.8,0,4.4,290,100,153
102,백령도,2020-05-10 07:00,10.8,0,4.5,290,100,361
102,백령도,2020-05-10 08:00,10.9,,5.3,290,100,274
102,백령도,2020-05-10 09:00,11.7,,5.2,290,100,277
102,백령도,2020-05-10 10:00,13.6,,5.7,290,100,351
102,백령도,2020-05-10 11:00,14.8,,4.6,290,92,411
102,백령도,2020-05-10 12:00,15.3,,7.5,290,85,607
102,백령도,2020-05-10 13:00,16.1,,7.7,290,82,566
102,백령도,2020-05-10 14:00,16.4,,7.1,290,78,609
102,백령도,2020-05-10 15:00,18.7,,7.3,290,61,1083
102,백령도,2020-05-10 16:00,17.6,,6.6,270,69,751
102,백령도,2020-05-10 17:00,16.8,,8.2,270,70,750
102,백령도,2020-05-10 18:00,15.9,,5.8,270,76,682
102,백령도,2020-05-10 19:00,14.6,,5.8,270,77,730
102,백령도,2020-05-10 20:00,13.6,,7.4,270,83,595
102,백령도,2020-05-10 21:00,13.6,,8.7,250,85,576
102,백령도,2020-05-10 22:00,14.4,,5.4,270,70,1006
102,백령도,2020-05-10 23:00,15,,7.5,250,63,1082
102,백령도,2020-05-11 00:00,15.6,,6.8,270,53,1239
102,백령도,2020-05-11 01:00,13.7,,7.1,290,65,1527
102,백령도,2020-05-11 02:00,11.9,,6.7,290,78,1529
102,백령도,2020-05-11 03:00,10.8,,4.7,290,88,1274
102,백령도,2020-05-11 04:00,10.4,,2.7,320,90,1211
102,백령도,2020-05-11 05:00,10.2,,1.9,290,89,1284
102,백령도,2020-05-11 06:00,10.7,,1.8,320,85,1444
102,백령도,2020-05-11 07:00,12.3,,4.1,290,79,1667
102,백령도,2020-05-11 08:00,14.5,,3.8,290,64,1611
102,백령도,2020-05-11 09:00,17,,4.4,290,51,1824
102,백령도,2020-05-11 10:00,18.3,,4.4,320,42,2031
102,백령도,2020-05-11 11:00,18.1,,5.5,290,39,2518
102,백령도,2020-05-11 12:00,17.7,,5.1,290,42,2832
102,백령도,2020-05-11 13:00,17.4,,4.7,290,51,2595
102,백령도,2020-05-11 14:00,18,,4.2,290,44,2691
102,백령도,2020-05-11 15:00,18.1,,5.6,250,38,2785
102,백령도,2020-05-11 16:00,18.2,,3.9,250,36,3123
102,백령도,2020-05-11 17:00,16.1,,5,290,43,2011
102,백령도,2020-05-11 18:00,14.8,,5.2,270,56,2667
102,백령도,2020-05-11 19:00,13.9,0,3.5,290,62,2868
102,백령도,2020-05-11 20:00,13.4,0,4.2,290,64,2855
102,백령도,2020-05-11 21:00,10.7,0,5.3,290,87,2381
102,백령도,2020-05-11 22:00,11.1,0,4.1,290,83,3056
102,백령도,2020-05-11 23:00,11,,.9,110,83,3296
102,백령도,2020-05-12 00:00,10.9,,2.1,160,85,3080
102,백령도,2020-05-12 01:00,10.2,,2.6,200,90,2823
102,백령도,2020-05-12 02:00,9.7,,3.1,180,92,2406
102,백령도,2020-05-12 03:00,10.3,,3.9,200,88,3241
102,백령도,2020-05-12 04:00,10.8,,5.1,180,89,2309
102,백령도,2020-05-12 05:00,11.8,,6.2,200,79,2850
102,백령도,2020-05-12 06:00,11.2,0,4.9,200,89,2345
102,백령도,2020-05-12 07:00,11.8,,6,230,92,1564
102,백령도,2020-05-12 08:00,13.4,,5.4,270,87,1220
102,백령도,2020-05-12 09:00,12.6,,6.2,290,88,911
102,백령도,2020-05-12 10:00,12.9,,4.8,320,88,987
102,백령도,2020-05-12 11:00,13.1,,5.2,290,87,1189
102,백령도,2020-05-12 12:00,13.4,,6,290,83,1392
102,백령도,2020-05-12 13:00,13.1,,7.6,320,79,1698
102,백령도,2020-05-12 14:00,13.9,,6.8,320,77,1776
102,백령도,2020-05-12 15:00,13.7,,6.9,320,75,1895
102,백령도,2020-05-12 16:00,14.3,,6.1,290,72,1974
102,백령도,2020-05-12 17:00,14.2,,6.4,290,68,2292
102,백령도,2020-05-12 18:00,13.5,,5.5,290,74,2632
102,백령도,2020-05-12 19:00,12.6,,4.5,290,75,2979
102,백령도,2020-05-12 20:00,12,,3.7,270,73,3313
102,백령도,2020-05-12 21:00,11.8,,5.4,290,74,3143
102,백령도,2020-05-12 22:00,11.3,,5.3,290,75,3026
102,백령도,2020-05-12 23:00,12.3,,5,290,61,2895
102,백령도,2020-05-13 00:00,12.9,,5,270,51,2391
102,백령도,2020-05-13 01:00,13.7,,5.2,270,40,2390
102,백령도,2020-05-13 02:00,14,,4.1,270,38,2558
102,백령도,2020-05-13 03:00,15.5,,4.8,270,30,2604
102,백령도,2020-05-13 04:00,13.8,,6.6,250,43,2691
102,백령도,2020-05-13 05:00,13.9,,8.7,250,46,2664
102,백령도,2020-05-13 06:00,14,,9.4,250,47,2744
102,백령도,2020-05-13 07:00,15.3,,7.5,270,44,2537
102,백령도,2020-05-13 08:00,15.1,,6.9,250,55,2860
102,백령도,2020-05-13 09:00,16.1,,11.1,250,46,2520
102,백령도,2020-05-13 10:00,16.9,,9.7,250,45,2416
102,백령도,2020-05-13 11:00,17.9,,9,250,41,2693
102,백령도,2020-05-13 12:00,18.9,,8.9,250,34,2621
102,백령도,2020-05-13 13:00,20,,8.9,250,28,2585
102,백령도,2020-05-13 14:00,19.8,,9.3,250,29,2766
102,백령도,2020-05-13 15:00,19.7,,9.4,250,27,2741
102,백령도,2020-05-13 16:00,19.6,,9.3,250,28,2801
102,백령도,2020-05-13 17:00,19.1,,9,250,29,2791
102,백령도,2020-05-13 18:00,18.1,,7.6,250,32,2747
102,백령도,2020-05-13 19:00,16.5,,6.7,230,45,2698
102,백령도,2020-05-13 20:00,13.8,,5.1,180,74,2795
102,백령도,2020-05-13 21:00,14.4,,5.5,180,70,3085
102,백령도,2020-05-13 22:00,12.5,,2.9,160,85,2561
102,백령도,2020-05-13 23:00,12.3,,3.5,140,89,2383
102,백령도,2020-05-14 00:00,12.7,,4.8,140,86,2387
102,백령도,2020-05-14 01:00,12.4,,4,140,85,2373
102,백령도,2020-05-14 02:00,13.1,,4.9,140,81,2476
102,백령도,2020-05-14 03:00,12.4,,4.1,140,87,2233
102,백령도,2020-05-14 04:00,13,,5.7,140,85,2335
102,백령도,2020-05-14 05:00,12.6,,6.6,140,88,2193
102,백령도,2020-05-14 06:00,12.6,,5.7,140,88,2256
102,백령도,2020-05-14 07:00,12.8,,5.9,140,88,2185
102,백령도,2020-05-14 08:00,13,,6.4,140,88,2180
102,백령도,2020-05-14 09:00,13.6,,7.2,140,82,2382
102,백령도,2020-05-14 10:00,13.8,,7.6,140,80,2208
102,백령도,2020-05-14 11:00,14,,7.4,140,77,2880
102,백령도,2020-05-14 12:00,14.1,,8.1,140,77,2814
102,백령도,2020-05-14 13:00,15.3,,6.2,140,71,3180
102,백령도,2020-05-14 14:00,14.9,,6.3,140,71,3076
102,백령도,2020-05-14 15:00,15.2,,5.7,140,70,3134
102,백령도,2020-05-14 16:00,15,,6.4,140,65,3363
102,백령도,2020-05-14 17:00,14.8,,6.2,140,64,3348
102,백령도,2020-05-14 18:00,14.3,,5.7,140,67,3225
102,백령도,2020-05-14 19:00,14.3,,5.6,140,60,3684
102,백령도,2020-05-14 20:00,14.7,,4.7,110,53,3482
102,백령도,2020-05-14 21:00,15.5,,3.8,140,45,3515
102,백령도,2020-05-14 22:00,14.9,,2.3,140,51,3803
102,백령도,2020-05-14 23:00,14.6,0,3.4,110,54,4088
102,백령도,2020-05-15 00:00,15,0,3,110,48,2311
102,백령도,2020-05-15 01:00,13.9,0,1.8,110,55,2317
102,백령도,2020-05-15 02:00,13.1,0,3.4,110,71,2199
102,백령도,2020-05-15 03:00,12.8,.8,2.6,90,76,2210
102,백령도,2020-05-15 04:00,12.8,.9,3,140,80,1482
102,백령도,2020-05-15 05:00,11.8,1,2.3,90,91,821
102,백령도,2020-05-15 06:00,11.2,4.4,4.3,90,96,741
102,백령도,2020-05-15 07:00,11.6,2.9,6.6,110,99,630
102,백령도,2020-05-15 08:00,11.9,.9,5.3,110,99,816
102,백령도,2020-05-15 09:00,13.3,0,8,110,97,1234
102,백령도,2020-05-15 10:00,13.5,0,7.6,110,97,1002
102,백령도,2020-05-15 11:00,15.3,,8.8,140,93,1639
102,백령도,2020-05-15 12:00,15.5,,9.2,140,83,2933
102,백령도,2020-05-15 13:00,14.9,,6.4,110,84,2789
102,백령도,2020-05-15 14:00,14.9,,8.2,110,88,2732
102,백령도,2020-05-15 15:00,14.4,,8,110,92,2163
102,백령도,2020-05-15 16:00,14.5,,5.6,110,94,2051
102,백령도,2020-05-15 17:00,14.1,,2.9,110,96,1771
102,백령도,2020-05-15 18:00,14.2,,2.5,110,97,1704
102,백령도,2020-05-15 19:00,13.9,0,3.8,90,99,457
102,백령도,2020-05-15 20:00,13.4,0,3.9,90,100,168
102,백령도,2020-05-15 21:00,13,0,2.7,90,100,1097
102,백령도,2020-05-15 22:00,13.6,,2.5,90,100,1363
102,백령도,2020-05-15 23:00,13.4,0,2.3,90,100,326
102,백령도,2020-05-16 00:00,13.8,.6,3.8,90,100,86
102,백령도,2020-05-16 01:00,13.5,.1,2.7,110,100,23
102,백령도,2020-05-16 02:00,13.3,0,1,110,100,41
102,백령도,2020-05-16 03:00,13.2,.4,.6,90,100,94
102,백령도,2020-05-16 04:00,13.2,.5,.4,0,100,88
102,백령도,2020-05-16 05:00,13.4,.1,0,0,100,94
102,백령도,2020-05-16 06:00,13.7,.1,.8,320,100,55
102,백령도,2020-05-16 07:00,14.1,0,.5,290,100,60
102,백령도,2020-05-16 08:00,14.5,0,0,0,100,1220
102,백령도,2020-05-16 09:00,15.5,,.7,50,100,4261
102,백령도,2020-05-16 10:00,16.5,,2.3,90,99,4651
102,백령도,2020-05-16 11:00,16.9,,1.2,90,90,4294
102,백령도,2020-05-16 12:00,15.8,,2.7,200,93,3429
102,백령도,2020-05-16 13:00,16.6,,3.1,180,93,3872
102,백령도,2020-05-16 14:00,14,,1.6,340,95,994
102,백령도,2020-05-16 15:00,15.6,,1.2,320,97,2161
102,백령도,2020-05-16 16:00,17.2,,1.7,90,87,3330
102,백령도,2020-05-16 17:00,16.2,,1.7,110,92,3146
102,백령도,2020-05-16 18:00,16.5,,1.9,140,90,4703
102,백령도,2020-05-16 19:00,14.2,,2.5,180,97,1116
102,백령도,2020-05-16 20:00,14.3,,2.6,180,98,1177
102,백령도,2020-05-16 21:00,14,,3.2,160,100,1701
102,백령도,2020-05-16 22:00,13.7,,4.5,160,99,1950
102,백령도,2020-05-16 23:00,13.1,,4.4,160,100,533
102,백령도,2020-05-17 00:00,12.8,,2.7,160,100,214
102,백령도,2020-05-17 01:00,12.7,0,3.7,140,100,189
102,백령도,2020-05-17 02:00,12.6,0,5.1,180,100,430
102,백령도,2020-05-17 03:00,13.2,1.8,4.1,200,100,287
102,백령도,2020-05-17 04:00,12.6,.1,3.3,140,100,32
102,백령도,2020-05-17 05:00,12.6,,3.9,140,100,21
102,백령도,2020-05-17 06:00,12.5,0,3.5,160,100,23
102,백령도,2020-05-17 07:00,12.6,0,4.2,160,100,28
102,백령도,2020-05-17 08:00,12.6,0,5.9,160,100,37
102,백령도,2020-05-17 09:00,12.4,0,5,140,100,27
102,백령도,2020-05-17 10:00,12.5,0,7.6,160,100,44
102,백령도,2020-05-17 11:00,13.3,0,3.7,110,100,53
102,백령도,2020-05-17 12:00,12.4,0,4.5,110,100,30
102,백령도,2020-05-17 13:00,12.5,0,4.3,140,100,49
102,백령도,2020-05-17 14:00,12.4,0,5.3,110,100,24
102,백령도,2020-05-17 15:00,12.2,.4,3.5,110,100,30
102,백령도,2020-05-17 16:00,12.4,3.9,6.5,140,100,45
102,백령도,2020-05-17 17:00,12.2,7.6,5,140,100,90
102,백령도,2020-05-17 18:00,13.5,23.3,6.3,160,100,90
102,백령도,2020-05-17 19:00,13.2,17.5,6,160,100,90
102,백령도,2020-05-17 20:00,13.3,2.8,1.9,110,100,90
102,백령도,2020-05-17 21:00,13.9,4.6,.9,140,100,90
102,백령도,2020-05-17 22:00,13.2,9.7,3.8,340,100,67
102,백령도,2020-05-17 23:00,13.9,5.3,3.9,110,100,47
102,백령도,2020-05-18 00:00,15.4,8,7.1,140,100,90
102,백령도,2020-05-18 01:00,15.8,.5,4.1,160,100,533
102,백령도,2020-05-18 02:00,15.6,0,5,140,100,464
102,백령도,2020-05-18 03:00,15.7,.3,4.5,160,99,279
102,백령도,2020-05-18 04:00,14.3,4.2,4.4,110,100,93
102,백령도,2020-05-18 05:00,14.2,5.5,6.6,140,100,90
102,백령도,2020-05-18 06:00,14,4.9,4.5,140,99,581
102,백령도,2020-05-18 07:00,14.3,.5,6.1,180,97,1143
102,백령도,2020-05-18 08:00,14.5,.1,9.7,140,97,820
102,백령도,2020-05-18 09:00,14.6,0,8,140,99,700
102,백령도,2020-05-18 10:00,15.4,,6.3,140,98,598
102,백령도,2020-05-18 11:00,16.7,,7.8,140,91,1031
102,백령도,2020-05-18 12:00,14.8,0,5.9,180,94,717
102,백령도,2020-05-18 13:00,14,4.5,6.4,160,100,230
102,백령도,2020-05-18 14:00,13.8,1.7,6.9,230,100,703
102,백령도,2020-05-18 15:00,13.6,0,8.3,270,100,3229
102,백령도,2020-05-18 16:00,13.8,,5.7,290,97,1868
102,백령도,2020-05-18 17:00,13.3,,2.2,180,94,1971
102,백령도,2020-05-18 18:00,12.2,,4.6,250,98,1072
102,백령도,2020-05-18 19:00,12.1,,4.1,250,96,1080
102,백령도,2020-05-18 20:00,11.7,,3.7,200,95,1244
102,백령도,2020-05-18 21:00,11.5,,3.1,230,97,1138
102,백령도,2020-05-18 22:00,11.3,,4.9,140,99,668
102,백령도,2020-05-18 23:00,11.6,,4.6,180,98,1077
102,백령도,2020-05-19 00:00,11.4,,5.6,160,94,1776
102,백령도,2020-05-19 01:00,11.2,,5.3,160,96,1826
102,백령도,2020-05-19 02:00,11,0,6.8,140,96,1804
102,백령도,2020-05-19 03:00,10.8,.1,6.3,110,99,1461
102,백령도,2020-05-19 04:00,10.8,3.1,7.6,90,100,284
102,백령도,2020-05-19 05:00,10.6,3.1,8.7,70,100,242
102,백령도,2020-05-19 06:00,10.8,2.2,9,70,100,244
102,백령도,2020-05-19 07:00,11.2,1.3,7.5,70,100,376
102,백령도,2020-05-19 08:00,11.8,.2,1.4,340,94,2874
102,백령도,2020-05-19 09:00,12.9,0,4.6,50,91,3196
102,백령도,2020-05-19 10:00,13.8,0,5.1,50,84,4558
102,백령도,2020-05-19 11:00,15.2,,3.1,50,79,4564
102,백령도,2020-05-19 12:00,16.6,,2.9,50,67,4704
102,백령도,2020-05-19 13:00,15.7,,3.6,340,66,4414
102,백령도,2020-05-19 14:00,14.2,,4.6,360,80,3888
102,백령도,2020-05-19 15:00,14.6,,4.5,340,78,3896
102,백령도,2020-05-19 16:00,14.6,,6.3,340,79,4346
102,백령도,2020-05-19 17:00,13.5,,6,320,89,4400
102,백령도,2020-05-19 18:00,13.7,,3.4,340,86,4450
102,백령도,2020-05-19 19:00,12.6,,4.4,320,92,3415
102,백령도,2020-05-19 20:00,11.6,,2.6,320,95,4392
102,백령도,2020-05-19 21:00,12.2,,.9,320,90,5000
102,백령도,2020-05-19 22:00,11.7,,1.8,320,93,4998
102,백령도,2020-05-19 23:00,12.7,,2,340,86,5000
102,백령도,2020-05-20 00:00,12.3,0,1.5,290,91,4980
102,백령도,2020-05-20 01:00,12.5,0,2.2,290,86,5000
102,백령도,2020-05-20 02:00,12.6,0,.1,0,84,5000
102,백령도,2020-05-20 03:00,11.9,0,2.6,180,91,4990
102,백령도,2020-05-20 04:00,12.4,0,4.2,160,86,3397
102,백령도,2020-05-20 05:00,12.1,0,3.9,160,86,5000
102,백령도,2020-05-20 06:00,12,0,6.1,160,81,5000
102,백령도,2020-05-20 07:00,12,,4.5,140,80,5000
102,백령도,2020-05-20 08:00,12,,4.9,140,76,5000
102,백령도,2020-05-20 09:00,12.3,,4.3,140,74,5000
102,백령도,2020-05-20 10:00,13,,3.2,140,76,4993
102,백령도,2020-05-20 11:00,13.5,,4.4,140,69,4989
102,백령도,2020-05-20 12:00,15.6,,4,140,69,4867
102,백령도,2020-05-20 13:00,14.8,,4.4,160,67,4986
102,백령도,2020-05-20 14:00,14.1,,5.8,180,69,5000
102,백령도,2020-05-20 15:00,14.9,,4.6,180,70,4999
102,백령도,2020-05-20 16:00,14.6,,4.3,160,67,5000
102,백령도,2020-05-20 17:00,14.2,,3.9,180,68,5000
102,백령도,2020-05-20 18:00,13.7,,3,180,72,4994
102,백령도,2020-05-20 19:00,13,,2.3,180,77,4864
102,백령도,2020-05-20 20:00,12,,1.5,160,85,4787
102,백령도,2020-05-20 21:00,11.5,,1.8,160,88,5000
102,백령도,2020-05-20 22:00,11.4,,1.8,180,90,5000
102,백령도,2020-05-20 23:00,11.7,,0,0,87,5000
102,백령도,2020-05-21 00:00,11.1,,0,0,89,5000
102,백령도,2020-05-21 01:00,10.5,,2.2,70,98,4720
102,백령도,2020-05-21 02:00,10.4,,1.2,110,98,4991
102,백령도,2020-05-21 03:00,10.1,,1.6,110,97,5000
102,백령도,2020-05-21 04:00,10.7,,1.6,110,98,3198
102,백령도,2020-05-21 05:00,10.7,,.1,0,94,5000
102,백령도,2020-05-21 06:00,11.4,,.7,200,93,5000
102,백령도,2020-05-21 07:00,12.5,,2,180,86,5000
102,백령도,2020-05-21 08:00,13.3,,2.7,140,82,4986
102,백령도,2020-05-21 09:00,13.8,,2.7,140,83,4973
102,백령도,2020-05-21 10:00,13.7,,3.2,160,83,5000
102,백령도,2020-05-21 11:00,15,,4.2,160,86,4432
102,백령도,2020-05-21 12:00,15.3,,5.5,140,83,3230
102,백령도,2020-05-21 13:00,14.5,,6.1,140,82,2558
102,백령도,2020-05-21 14:00,13.9,,5.7,140,83,2112
102,백령도,2020-05-21 15:00,13.9,,5.1,140,88,1949
102,백령도,2020-05-21 16:00,14.7,,5.3,160,78,2129
102,백령도,2020-05-21 17:00,14.4,,5.5,160,79,1857
102,백령도,2020-05-21 18:00,14,,4.5,160,83,1631
102,백령도,2020-05-21 19:00,13.5,,5.3,160,88,1137
102,백령도,2020-05-21 20:00,13.2,0,5.8,160,92,851
102,백령도,2020-05-21 21:00,13.1,0,7,160,94,709
102,백령도,2020-05-21 22:00,13.3,0,3.9,140,93,1025
102,백령도,2020-05-21 23:00,12.7,,2.8,140,97,470
102,백령도,2020-05-22 00:00,12.9,,2.4,140,97,768
102,백령도,2020-05-22 01:00,13.3,,4.8,140,97,1343
102,백령도,2020-05-22 02:00,13.2,,5.8,140,97,1479
102,백령도,2020-05-22 03:00,13.6,,6,140,97,1745
102,백령도,2020-05-22 04:00,13.7,,6.4,140,97,1631
102,백령도,2020-05-22 05:00,13.6,,5.2,160,97,1674
102,백령도,2020-05-22 06:00,13.5,,4.9,160,97,1862
102,백령도,2020-05-22 07:00,13.7,,4.8,160,95,1950
102,백령도,2020-05-22 08:00,14.4,,4.6,160,91,2009
102,백령도,2020-05-22 09:00,14.2,,5.4,160,93,1806
102,백령도,2020-05-22 10:00,14.4,,4.7,160,93,1789
102,백령도,2020-05-22 11:00,14,0,4.2,140,95,1416
102,백령도,2020-05-22 12:00,13.7,.3,4.4,160,98,813
102,백령도,2020-05-22 13:00,14,1.9,8.6,160,97,577
102,백령도,2020-05-22 14:00,13.7,8,17.7,180,95,90
102,백령도,2020-05-22 15:00,13.8,1.4,12.5,160,92,1516
102,백령도,2020-05-22 16:00,14.1,0,9.4,160,91,1691
102,백령도,2020-05-22 17:00,15,,9.7,160,87,2146
102,백령도,2020-05-22 18:00,14.6,,5.6,140,90,1928
102,백령도,2020-05-22 19:00,13.7,,4.5,160,93,1569
102,백령도,2020-05-22 20:00,14.2,,4.2,160,89,2423
102,백령도,2020-05-22 21:00,14.2,,5.5,160,90,2591
102,백령도,2020-05-22 22:00,14.6,,5.8,180,90,2735
102,백령도,2020-05-22 23:00,14.1,,2.8,140,92,2421
102,백령도,2020-05-23 00:00,14.1,,4.5,140,94,2156
102,백령도,2020-05-23 01:00,13.6,,2.7,110,95,1620
102,백령도,2020-05-23 02:00,13.9,,2.7,140,96,1646
102,백령도,2020-05-23 03:00,14.1,,3.7,140,95,1975
102,백령도,2020-05-23 04:00,14,0,3.8,160,96,1830
102,백령도,2020-05-23 05:00,13.6,,4.2,140,97,1668
102,백령도,2020-05-23 06:00,13.4,0,5,160,99,467
102,백령도,2020-05-23 07:00,13.1,0,4.4,180,100,270
102,백령도,2020-05-23 08:00,13.3,0,5.3,160,100,225
102,백령도,2020-05-23 09:00,13.6,.5,4.8,180,100,201
102,백령도,2020-05-23 10:00,13.5,0,6.7,160,100,351
102,백령도,2020-05-23 11:00,13.8,0,7.6,160,100,586
102,백령도,2020-05-23 12:00,14.2,0,7.4,160,100,969
102,백령도,2020-05-23 13:00,14.2,0,5.4,160,100,615
102,백령도,2020-05-23 14:00,14.3,0,6.5,160,98,1468
102,백령도,2020-05-23 15:00,14.1,0,6.2,160,100,950
102,백령도,2020-05-23 16:00,14.4,0,3.9,180,99,971
102,백령도,2020-05-23 17:00,13.9,.5,3.6,140,99,394
102,백령도,2020-05-23 18:00,14.1,3.9,8.8,180,100,461
102,백령도,2020-05-23 19:00,14.5,8,2.3,290,100,725
102,백령도,2020-05-23 20:00,14.5,18.8,6.2,160,100,829
102,백령도,2020-05-23 21:00,14.8,.3,2.2,180,100,384
102,백령도,2020-05-23 22:00,14.1,1.4,2.9,140,100,240
102,백령도,2020-05-23 23:00,13.8,1.1,4.4,160,100,245
102,백령도,2020-05-24 00:00,14.2,.5,3.8,160,100,210
102,백령도,2020-05-24 01:00,14.2,.1,7.1,160,100,408
102,백령도,2020-05-24 02:00,15.7,0,6.6,200,100,768
102,백령도,2020-05-24 03:00,14.4,0,7.4,230,100,258
102,백령도,2020-05-24 04:00,13.8,.5,7.2,250,100,79
102,백령도,2020-05-24 05:00,12.1,0,6.6,290,100,22
102,백령도,2020-05-24 06:00,11.7,0,5.8,290,100,18
102,백령도,2020-05-24 07:00,11,0,5.3,320,100,18
102,백령도,2020-05-24 08:00,11,,5.1,320,100,19
102,백령도,2020-05-24 09:00,11.9,,3.7,320,100,19
102,백령도,2020-05-24 10:00,11.8,,5,290,100,39
102,백령도,2020-05-24 11:00,12.5,,5.3,290,100,65
102,백령도,2020-05-24 12:00,12.5,,5.8,320,100,95
102,백령도,2020-05-24 13:00,12.8,,5.8,320,100,146
102,백령도,2020-05-24 14:00,12.6,,5.2,320,100,103
102,백령도,2020-05-24 15:00,12.9,,4.7,320,100,263
102,백령도,2020-05-24 16:00,12.9,,5,290,96,274
102,백령도,2020-05-24 17:00,13.1,,4,290,98,507
102,백령도,2020-05-24 18:00,15.5,,2.6,290,91,1096
102,백령도,2020-05-24 19:00,13.4,,2.2,270,94,918
102,백령도,2020-05-24 20:00,11.7,,1,230,99,435
102,백령도,2020-05-24 21:00,11.1,,.3,0,100,66
102,백령도,2020-05-24 22:00,10.8,,1.8,200,100,53
102,백령도,2020-05-24 23:00,10.9,,1.3,200,100,26
102,백령도,2020-05-25 00:00,10.8,,.2,0,100,90
102,백령도,2020-05-25 01:00,10.6,,1.4,70,100,11
102,백령도,2020-05-25 02:00,10.8,,1.1,180,100,10
102,백령도,2020-05-25 03:00,10.7,,1.1,90,100,10
102,백령도,2020-05-25 04:00,10.6,,.2,0,100,10
102,백령도,2020-05-25 05:00,10.6,,.8,140,100,10
102,백령도,2020-05-25 06:00,10.2,,1.7,180,100,14
102,백령도,2020-05-25 07:00,10.3,,2.4,180,100,14
102,백령도,2020-05-25 08:00,10.9,,1.6,180,100,30
102,백령도,2020-05-25 09:00,11.6,,2.2,140,100,291
102,백령도,2020-05-25 10:00,12.3,,2.4,110,100,106
102,백령도,2020-05-25 11:00,14.4,,2.9,140,100,1552
102,백령도,2020-05-25 12:00,14.5,,3.2,160,92,1892
102,백령도,2020-05-25 13:00,14.1,,3.3,160,94,1530
102,백령도,2020-05-25 14:00,14.7,,2.8,140,92,1774
102,백령도,2020-05-25 15:00,14.2,,3.7,160,93,1503
102,백령도,2020-05-25 16:00,14.7,,2.7,160,91,1522
102,백령도,2020-05-25 17:00,14.6,,2,140,94,1248
102,백령도,2020-05-25 18:00,13.9,,1.2,200,94,1024
102,백령도,2020-05-25 19:00,13,,1.5,160,99,450
102,백령도,2020-05-25 20:00,12,,1.3,180,100,43
102,백령도,2020-05-25 21:00,12.7,,.5,70,100,39
102,백령도,2020-05-25 22:00,13,0,1.8,160,100,12
102,백령도,2020-05-25 23:00,12.6,0,1.9,160,100,14
102,백령도,2020-05-26 00:00,12.4,0,2.3,140,100,17
102,백령도,2020-05-26 01:00,12.1,0,1.5,140,100,17
102,백령도,2020-05-26 02:00,12.2,0,1.8,110,100,19
102,백령도,2020-05-26 03:00,12.4,0,2.7,110,100,19
102,백령도,2020-05-26 04:00,12.7,0,3.4,140,100,23
102,백령도,2020-05-26 05:00,12.5,,2.5,140,100,19
102,백령도,2020-05-26 06:00,12.3,,2.6,140,100,22
102,백령도,2020-05-26 07:00,12.4,,3.2,140,100,23
102,백령도,2020-05-26 08:00,12.4,,3.9,140,100,31
102,백령도,2020-05-26 09:00,12.3,,3.6,140,100,45
102,백령도,2020-05-26 10:00,12.1,.2,1.4,180,100,28
102,백령도,2020-05-26 11:00,12,1.2,4.1,160,100,274
102,백령도,2020-05-26 12:00,12,1.5,5,160,100,313
102,백령도,2020-05-26 13:00,12.3,3,1.3,90,100,669
102,백령도,2020-05-26 14:00,12.3,2.7,1.4,360,100,852
102,백령도,2020-05-26 15:00,12.2,.6,3.4,320,100,828
102,백령도,2020-05-26 16:00,12.4,0,3.4,340,100,806
102,백령도,2020-05-26 17:00,14.2,0,3.3,90,100,2767
102,백령도,2020-05-26 18:00,15.2,,1.7,110,92,3390
102,백령도,2020-05-26 19:00,14.5,,1.9,140,91,3106
102,백령도,2020-05-26 20:00,12.1,,2.5,320,97,1356
102,백령도,2020-05-26 21:00,11.3,,2.9,320,100,1256
102,백령도,2020-05-26 22:00,10.9,,3.4,320,100,883
102,백령도,2020-05-26 23:00,10.9,,3.7,320,100,529
102,백령도,2020-05-27 00:00,11.3,,3.9,320,100,989
102,백령도,2020-05-27 01:00,11.3,,3.6,320,100,650
102,백령도,2020-05-27 02:00,11.4,,3.8,290,100,1017
102,백령도,2020-05-27 03:00,11.5,,3.3,290,100,861
102,백령도,2020-05-27 04:00,11.5,,3.1,290,100,1050
102,백령도,2020-05-27 05:00,11.4,,2.9,320,99,1103
102,백령도,2020-05-27 06:00,11.5,,2.4,290,100,908
102,백령도,2020-05-27 07:00,13.4,,2,320,98,1396
102,백령도,2020-05-27 08:00,14.8,,2.1,290,94,1406
102,백령도,2020-05-27 09:00,16.9,,1.1,290,90,1389
102,백령도,2020-05-27 10:00,17.5,,1.6,90,84,1924
102,백령도,2020-05-27 11:00,18,,1.1,70,81,2299
102,백령도,2020-05-27 12:00,18.7,,2.1,250,79,3079
102,백령도,2020-05-27 13:00,18.1,,4.3,250,72,3471
102,백령도,2020-05-27 14:00,19.5,,4.3,270,66,4593
102,백령도,2020-05-27 15:00,19.9,,3.2,250,65,3765
102,백령도,2020-05-27 16:00,19.5,,3.1,200,69,3336
102,백령도,2020-05-27 17:00,18.9,,3.3,250,69,3839
102,백령도,2020-05-27 18:00,17.2,,2.8,230,77,2202
102,백령도,2020-05-27 19:00,15.8,,4.2,200,82,2157
102,백령도,2020-05-27 20:00,14.5,,4.3,200,91,2064
102,백령도,2020-05-27 21:00,14.2,,.1,0,90,2020
102,백령도,2020-05-27 22:00,13.5,,.5,230,94,1055
102,백령도,2020-05-27 23:00,13.1,,2,110,99,694
102,백령도,2020-05-28 00:00,12.8,,1.6,70,100,312
102,백령도,2020-05-28 01:00,12.9,,1.8,110,100,239
102,백령도,2020-05-28 02:00,13.4,,1.3,140,100,361
102,백령도,2020-05-28 03:00,13.8,,2.9,160,100,878
102,백령도,2020-05-28 04:00,13.7,,3.3,160,100,386
102,백령도,2020-05-28 05:00,13.7,,1.9,160,100,532
102,백령도,2020-05-28 06:00,13.3,,1.1,180,100,358
102,백령도,2020-05-28 07:00,13.5,,2.1,110,100,502
102,백령도,2020-05-28 08:00,14.1,,1.8,70,100,888
102,백령도,2020-05-28 09:00,14.3,,1.9,360,97,1128
102,백령도,2020-05-28 10:00,16.9,,2.1,70,86,2257
102,백령도,2020-05-28 11:00,17.6,,2.6,70,80,3632
102,백령도,2020-05-28 12:00,16.1,,4.1,320,86,2859
102,백령도,2020-05-28 13:00,16.1,,4.5,320,90,2669
102,백령도,2020-05-28 14:00,16.6,,4.9,320,87,3638
102,백령도,2020-05-28 15:00,15.1,,5.9,290,87,2835
102,백령도,2020-05-28 16:00,15.2,,4.4,290,88,2974
102,백령도,2020-05-28 17:00,14.6,,4.7,320,88,2902
102,백령도,2020-05-28 18:00,12.1,,5.4,290,100,537
102,백령도,2020-05-28 19:00,13.5,,1.5,340,96,2555
102,백령도,2020-05-28 20:00,12.7,,4.9,290,97,1369
102,백령도,2020-05-28 21:00,12.6,,2.5,290,95,2039
102,백령도,2020-05-28 22:00,12.4,,1.8,250,94,2272
102,백령도,2020-05-28 23:00,12,,2.9,270,99,1191
102,백령도,2020-05-29 00:00,11.2,,2.4,290,100,977
102,백령도,2020-05-29 01:00,11.4,,2.3,320,100,917
102,백령도,2020-05-29 02:00,11.9,,1,320,100,1570
102,백령도,2020-05-29 03:00,12.2,,2.5,90,95,2494
102,백령도,2020-05-29 04:00,12.4,,2.8,90,100,667
102,백령도,2020-05-29 05:00,12.4,,2.5,90,100,438
102,백령도,2020-05-29 06:00,12,,2.5,160,100,332
102,백령도,2020-05-29 07:00,13.5,,1.5,200,100,1324
102,백령도,2020-05-29 08:00,14.9,,.3,0,93,2486
102,백령도,2020-05-29 09:00,16.1,,2.5,70,87,2458
102,백령도,2020-05-29 10:00,16.9,,2.8,90,83,2685
102,백령도,2020-05-29 11:00,17.7,,3.9,180,74,3603
102,백령도,2020-05-29 12:00,19.1,,2.7,200,71,4121
102,백령도,2020-05-29 13:00,19.1,,4.4,180,70,3054
102,백령도,2020-05-29 14:00,19.1,,4,180,70,3154
102,백령도,2020-05-29 15:00,19.6,,4.1,180,68,3289
102,백령도,2020-05-29 16:00,19.7,,3.5,180,70,3934
102,백령도,2020-05-29 17:00,19.1,,2.1,180,75,3775
102,백령도,2020-05-29 18:00,18.8,,1.8,200,76,3720
102,백령도,2020-05-29 19:00,18,,1.1,180,79,3631
102,백령도,2020-05-29 20:00,15.3,,1.1,140,91,3054
102,백령도,2020-05-29 21:00,14.2,,1.8,140,100,1176
102,백령도,2020-05-29 22:00,13.5,,1.4,110,100,888
102,백령도,2020-05-29 23:00,13.9,,.9,110,100,1119
102,백령도,2020-05-30 00:00,13.8,,2.8,90,100,1464
102,백령도,2020-05-30 01:00,14.1,,1.8,110,98,1850
102,백령도,2020-05-30 02:00,14.9,,3.4,110,97,1595
102,백령도,2020-05-30 03:00,14.3,,1.9,140,99,875
102,백령도,2020-05-30 04:00,15.2,,.7,110,91,1775
102,백령도,2020-05-30 05:00,13.8,,1.6,160,96,1777
102,백령도,2020-05-30 06:00,14.7,,2.9,180,92,1855
102,백령도,2020-05-30 07:00,16.2,,3.7,160,85,3033
102,백령도,2020-05-30 08:00,16.6,,5.4,140,86,2828
102,백령도,2020-05-30 09:00,18.3,,3.6,110,80,2265
102,백령도,2020-05-30 10:00,20.1,,4.7,140,67,3239
102,백령도,2020-05-30 11:00,21.4,,4.5,140,62,2885
102,백령도,2020-05-30 12:00,21.5,,4.7,160,56,3517
102,백령도,2020-05-30 13:00,20.6,,5.8,160,58,3267
102,백령도,2020-05-30 14:00,21.1,,5.2,160,59,2815
102,백령도,2020-05-30 15:00,20.3,,5.5,160,65,2130
102,백령도,2020-05-30 16:00,20.1,,3,180,66,2255
102,백령도,2020-05-30 17:00,20,,2.9,200,61,2700
102,백령도,2020-05-30 18:00,19.5,,2.1,180,72,1983
102,백령도,2020-05-30 19:00,17.1,,1.7,180,86,1304
102,백령도,2020-05-30 20:00,16.8,,1.7,200,88,992
102,백령도,2020-05-30 21:00,15.3,,.7,140,94,736
102,백령도,2020-05-30 22:00,14.8,,0,0,96,587
102,백령도,2020-05-30 23:00,13.8,,1.7,110,100,242
102,백령도,2020-05-31 00:00,14.3,,.2,0,98,419
102,백령도,2020-05-31 01:00,13.4,,1.7,180,99,177
102,백령도,2020-05-31 02:00,14.4,,0,0,100,341
102,백령도,2020-05-31 03:00,14.1,,.8,140,100,306
102,백령도,2020-05-31 04:00,14.1,,2.4,160,100,182
102,백령도,2020-05-31 05:00,13.5,,1.8,180,100,146
102,백령도,2020-05-31 06:00,14.1,,.6,180,100,149
102,백령도,2020-05-31 07:00,15.3,,1.3,140,100,253
102,백령도,2020-05-31 08:00,15.7,,1.9,110,98,509
102,백령도,2020-05-31 09:00,17,,1.6,110,91,1009
102,백령도,2020-05-31 10:00,17.1,,2.8,180,91,1264
102,백령도,2020-05-31 11:00,18.7,,2.7,200,85,1555
102,백령도,2020-05-31 12:00,17.8,,2.9,200,90,1413
102,백령도,2020-05-31 13:00,17.5,,3.9,200,90,1671
102,백령도,2020-05-31 14:00,18.3,,2.5,180,88,1668
102,백령도,2020-05-31 15:00,17.9,,2.7,200,86,1473
102,백령도,2020-05-31 16:00,17.6,,3.5,200,84,1577
102,백령도,2020-05-31 17:00,16.9,,4.1,180,93,1070
102,백령도,2020-05-31 18:00,17.7,,3.1,200,88,1507
102,백령도,2020-05-31 19:00,17.2,,3.5,200,87,2184
102,백령도,2020-05-31 20:00,16.5,,4.4,230,94,980
102,백령도,2020-05-31 21:00,16.1,,5.4,200,97,833
102,백령도,2020-05-31 22:00,16.2,,5.4,230,98,776
102,백령도,2020-05-31 23:00,16.1,0,6.5,230,100,378
102,백령도,2020-06-01 00:00,16,,7.4,230,100,645
102,백령도,2020-06-01 01:00,15.8,,7.4,250,100,443
102,백령도,2020-06-01 02:00,15.1,,9.1,250,100,357
102,백령도,2020-06-01 03:00,17,,5.9,270,87,2718
102,백령도,2020-06-01 04:00,16.8,,6.8,290,83,2519
102,백령도,2020-06-01 05:00,15.9,,3.6,270,80,3373
102,백령도,2020-06-01 06:00,15.3,,2.5,290,82,3437
102,백령도,2020-06-01 07:00,16.8,,3.5,290,73,4112
102,백령도,2020-06-01 08:00,18.4,,4.2,290,60,4794
102,백령도,2020-06-01 09:00,20.4,,2,290,54,4729
102,백령도,2020-06-01 10:00,21.6,,4.7,250,42,4966
102,백령도,2020-06-01 11:00,21.5,,5.4,290,49,3653
102,백령도,2020-06-01 12:00,19.9,,6.9,290,59,3043
102,백령도,2020-06-01 13:00,21.9,,7.6,290,43,3943
102,백령도,2020-06-01 14:00,22.1,,6.3,290,43,2919
102,백령도,2020-06-01 15:00,22.3,,5.9,270,38,2447
102,백령도,2020-06-01 16:00,22.4,,4.2,250,41,3218
102,백령도,2020-06-01 17:00,21.1,,4.3,250,48,3506
102,백령도,2020-06-01 18:00,20.7,,3.4,250,49,4949
102,백령도,2020-06-01 19:00,20,,3.1,230,52,4998
102,백령도,2020-06-01 20:00,17.5,,4.8,230,73,3925
102,백령도,2020-06-01 21:00,17.2,,5,230,74,4375
102,백령도,2020-06-01 22:00,16.9,,5.4,230,80,3615
102,백령도,2020-06-01 23:00,16.7,,3.3,200,83,3096
102,백령도,2020-06-02 00:00,14.9,,2.3,140,95,1623
102,백령도,2020-06-02 01:00,14.1,,2.7,160,97,1120
102,백령도,2020-06-02 02:00,13.8,,2.5,160,100,1141
102,백령도,2020-06-02 03:00,13.5,,4.3,140,100,208
102,백령도,2020-06-02 04:00,13.6,,4.5,160,100,47
102,백령도,2020-06-02 05:00,13.5,,5.7,140,100,82
102,백령도,2020-06-02 06:00,14.6,.5,4.8,230,100,1153
102,백령도,2020-06-02 07:00,13.6,2.5,2.1,180,96,626
102,백령도,2020-06-02 08:00,13.4,1,5,180,91,2553
102,백령도,2020-06-02 09:00,13.6,0,7.7,160,95,2703
102,백령도,2020-06-02 10:00,14.3,,7.4,140,88,3290
102,백령도,2020-06-02 11:00,14.8,,7.5,140,83,3244
102,백령도,2020-06-02 12:00,15.1,,7.6,140,82,2975
102,백령도,2020-06-02 13:00,15.1,,4.8,180,84,2522
102,백령도,2020-06-02 14:00,15.5,,6.5,160,87,2172
102,백령도,2020-06-02 15:00,15.3,,5.6,160,91,2172
102,백령도,2020-06-02 16:00,15.2,,4.4,160,93,2037
102,백령도,2020-06-02 17:00,15.6,,4,180,95,1614
102,백령도,2020-06-02 18:00,15.9,,2.7,180,98,906
102,백령도,2020-06-02 19:00,15.5,,4.1,180,100,55
102,백령도,2020-06-02 20:00,15,,1.4,110,100,36
102,백령도,2020-06-02 21:00,14.5,,1.2,90,100,22
102,백령도,2020-06-02 22:00,14.5,,1.5,90,100,19
102,백령도,2020-06-02 23:00,15.1,,1.4,140,100,19
102,백령도,2020-06-03 00:00,14.3,,2.3,160,100,22
102,백령도,2020-06-03 01:00,14.4,,2.3,160,100,23
102,백령도,2020-06-03 02:00,14.1,,2.3,180,100,19
102,백령도,2020-06-03 03:00,14.6,,2.6,140,100,26
102,백령도,2020-06-03 04:00,14.5,,2.5,110,100,21
102,백령도,2020-06-03 05:00,15,,1.5,110,100,21
102,백령도,2020-06-03 06:00,14.9,,2.8,110,100,18
102,백령도,2020-06-03 07:00,15.1,,2,110,100,26
102,백령도,2020-06-03 08:00,15.6,,2.9,110,100,46
102,백령도,2020-06-03 09:00,16.3,,4.6,160,100,277
102,백령도,2020-06-03 10:00,16.6,,4.8,160,100,714
102,백령도,2020-06-03 11:00,17.7,,6.2,160,100,1134
102,백령도,2020-06-03 12:00,17.4,,5.2,160,95,1553
102,백령도,2020-06-03 13:00,17.3,,5.7,140,94,1932
102,백령도,2020-06-03 14:00,17.3,,4.7,160,95,1562
102,백령도,2020-06-03 15:00,16.4,,8.6,160,98,1146
102,백령도,2020-06-03 16:00,17.1,,5.1,160,96,1358
102,백령도,2020-06-03 17:00,15.2,,4.3,180,100,717
102,백령도,2020-06-03 18:00,15.1,,7.5,160,100,72
102,백령도,2020-06-03 19:00,16.3,0,5.4,200,100,30
102,백령도,2020-06-03 20:00,16.4,0,3.8,200,100,41
102,백령도,2020-06-03 21:00,16.1,0,2.3,200,100,49
102,백령도,2020-06-03 22:00,16.2,0,5.2,180,100,44
102,백령도,2020-06-03 23:00,15.3,0,3.1,180,100,25
102,백령도,2020-06-04 00:00,14.8,0,1.7,140,100,28
102,백령도,2020-06-04 01:00,14.8,0,2.3,160,100,38
102,백령도,2020-06-04 02:00,14.2,0,2.3,110,100,29
102,백령도,2020-06-04 03:00,14.3,0,2.5,110,100,29
102,백령도,2020-06-04 04:00,14.3,0,4.2,140,100,47
102,백령도,2020-06-04 05:00,14.2,0,4.8,160,100,38
102,백령도,2020-06-04 06:00,14.4,0,2.7,110,100,27
102,백령도,2020-06-04 07:00,14.8,0,1.4,110,100,32
102,백령도,2020-06-04 08:00,15.2,0,2.7,140,100,85
102,백령도,2020-06-04 09:00,15.6,0,3.3,140,100,703
102,백령도,2020-06-04 10:00,16.2,0,2.6,110,100,2254
102,백령도,2020-06-04 11:00,18,,2.2,140,100,400
102,백령도,2020-06-04 12:00,17.2,,3.3,360,89,410
102,백령도,2020-06-04 13:00,17.4,,3.5,290,87,850
102,백령도,2020-06-04 14:00,18,,2.8,290,85,1300
102,백령도,2020-06-04 15:00,17.7,,3.4,320,86,1150
102,백령도,2020-06-04 16:00,19,,2.7,290,84,1500
102,백령도,2020-06-04 17:00,17.8,,2.9,320,80,1550
102,백령도,2020-06-04 18:00,16.7,,2.9,320,90,1551
102,백령도,2020-06-04 19:00,14.5,,2.5,320,96,1689
102,백령도,2020-06-04 20:00,14,,2.6,320,97,1499
102,백령도,2020-06-04 21:00,14.6,,2,320,91,2286
102,백령도,2020-06-04 22:00,15.4,,2.4,320,80,3484
102,백령도,2020-06-04 23:00,15,,2.7,320,85,3046
102,백령도,2020-06-05 00:00,14.1,,2.8,320,94,1553
102,백령도,2020-06-05 01:00,14.9,,2.7,340,81,3266
102,백령도,2020-06-05 02:00,16.2,,2.5,340,69,4827
102,백령도,2020-06-05 03:00,15,,2,320,77,4755
102,백령도,2020-06-05 04:00,15.4,,.2,0,73,4564
102,백령도,2020-06-05 05:00,12.6,,2.1,180,100,2013
102,백령도,2020-06-05 06:00,13.4,,2,200,99,3083
102,백령도,2020-06-05 07:00,14.5,,0,0,95,3184
102,백령도,2020-06-05 08:00,16,,1.7,340,84,3720
102,백령도,2020-06-05 09:00,16.5,,2,90,87,4709
102,백령도,2020-06-05 10:00,18.5,,1.9,320,72,4392
102,백령도,2020-06-05 11:00,18.7,,1.9,180,76,4732
102,백령도,2020-06-05 12:00,20.9,,.6,70,71,4291
102,백령도,2020-06-05 13:00,19.5,,2.6,290,70,3696
102,백령도,2020-06-05 14:00,19.4,,3.2,320,68,3959
102,백령도,2020-06-05 15:00,21.9,,2.6,270,63,3997
102,백령도,2020-06-05 16:00,22.4,,2.5,320,55,3638
102,백령도,2020-06-05 17:00,22.1,,2.6,290,55,4735
102,백령도,2020-06-05 18:00,21.1,,3.1,290,56,4556
102,백령도,2020-06-05 19:00,17.3,,2.7,320,77,3363
102,백령도,2020-06-05 20:00,16.5,,2.3,290,77,3996
102,백령도,2020-06-05 21:00,15.6,,1.7,340,85,3601
102,백령도,2020-06-05 22:00,15.6,,2.5,320,81,4367
102,백령도,2020-06-05 23:00,15.3,,1.9,290,80,4748
102,백령도,2020-06-06 00:00,16.3,,.9,290,69,2000
102,백령도,2020-06-06 01:00,17,,1,270,59,5000
102,백령도,2020-06-06 02:00,16.7,,.9,320,60,4925
102,백령도,2020-06-06 03:00,15.1,,2.1,290,74,2000
102,백령도,2020-06-06 04:00,15.6,,2,290,71,1500
102,백령도,2020-06-06 05:00,16.1,,1.2,290,67,4974
102,백령도,2020-06-06 06:00,17.2,,.6,360,60,4998
102,백령도,2020-06-06 07:00,19,,.3,0,62,4990
102,백령도,2020-06-06 08:00,19.8,,1.6,90,62,2726
102,백령도,2020-06-06 09:00,20.5,,1.4,90,59,3521
102,백령도,2020-06-06 10:00,22.8,,1.8,110,50,4269
102,백령도,2020-06-06 11:00,23.8,,2.4,110,53,4219
102,백령도,2020-06-06 12:00,24,,2.2,110,53,4178
102,백령도,2020-06-06 13:00,22.3,,2.3,290,59,4011
102,백령도,2020-06-06 14:00,22.4,,3,290,53,4664
102,백령도,2020-06-06 15:00,21.7,,3,320,56,4776
102,백령도,2020-06-06 16:00,22.9,,2.4,320,56,4684
102,백령도,2020-06-06 17:00,23.7,,1.6,290,55,4865
102,백령도,2020-06-06 18:00,19.2,,4.1,290,61,4608
102,백령도,2020-06-06 19:00,19.2,,2.8,290,59,4822
102,백령도,2020-06-06 20:00,17.5,,2.4,290,65,4930
102,백령도,2020-06-06 21:00,16.4,,2.9,290,71,3774
102,백령도,2020-06-06 22:00,16.7,,2.5,320,70,4040
102,백령도,2020-06-06 23:00,17.4,,1.4,290,67,4855
102,백령도,2020-06-07 00:00,18.1,,1.6,290,64,4753
102,백령도,2020-06-07 01:00,16.1,,2,180,75,4344
102,백령도,2020-06-07 02:00,14.9,,1.3,180,80,3695
102,백령도,2020-06-07 03:00,14.6,,1.8,180,94,1152
102,백령도,2020-06-07 04:00,15.2,,1.3,140,94,1470
102,백령도,2020-06-07 05:00,13.5,,2.3,90,98,1087
102,백령도,2020-06-07 06:00,14.3,,2.4,110,100,739
102,백령도,2020-06-07 07:00,16.3,,1.4,90,97,800
102,백령도,2020-06-07 08:00,15.2,0,5.2,180,100,40
102,백령도,2020-06-07 09:00,16,0,3.2,140,100,90
102,백령도,2020-06-07 10:00,17.5,0,5,140,93,2941
102,백령도,2020-06-07 11:00,17.4,,5.3,140,89,2116
102,백령도,2020-06-07 12:00,17.5,,5.4,140,88,1850
102,백령도,2020-06-07 13:00,18.3,,6.1,110,86,1738
102,백령도,2020-06-07 14:00,18.9,,6.1,140,85,2026
102,백령도,2020-06-07 15:00,18.9,,4,160,84,2188
102,백령도,2020-06-07 16:00,18,,4.9,140,91,1393
102,백령도,2020-06-07 17:00,16.9,,6.5,140,98,770
102,백령도,2020-06-07 18:00,16.9,,5.4,140,99,615
102,백령도,2020-06-07 19:00,16.8,,4.9,140,100,317
102,백령도,2020-06-07 20:00,16.6,0,5,140,100,82
102,백령도,2020-06-07 21:00,16.6,0,5.2,140,100,53
102,백령도,2020-06-07 22:00,17.1,0,4.7,140,100,95
102,백령도,2020-06-07 23:00,17.4,0,5.7,160,100,63
102,백령도,2020-06-08 00:00,17.2,0,6.3,160,100,43
102,백령도,2020-06-08 01:00,16.5,0,3.6,140,100,23
102,백령도,2020-06-08 02:00,16.6,0,5,140,100,23
102,백령도,2020-06-08 03:00,16.4,0,3.8,140,100,21
102,백령도,2020-06-08 04:00,15.5,0,4.3,140,100,33
102,백령도,2020-06-08 05:00,15.2,0,4,140,100,23
102,백령도,2020-06-08 06:00,15.1,0,5.5,140,100,35
102,백령도,2020-06-08 07:00,15.6,0,5.5,140,100,45
102,백령도,2020-06-08 08:00,16.3,0,5.2,140,100,727
102,백령도,2020-06-08 09:00,18,,6.2,140,100,2010
102,백령도,2020-06-08 10:00,19.5,,5.8,160,85,2213
102,백령도,2020-06-08 11:00,19.9,,5.7,160,83,2265
102,백령도,2020-06-08 12:00,20.8,,5.6,160,77,2560
102,백령도,2020-06-08 13:00,21.1,,6.3,160,73,2397
102,백령도,2020-06-08 14:00,21,,4.8,160,72,2324
102,백령도,2020-06-08 15:00,21.4,,3.7,160,73,2273
102,백령도,2020-06-08 16:00,20.8,,3.3,180,74,2137
102,백령도,2020-06-08 17:00,20.1,,4.4,180,77,1680
102,백령도,2020-06-08 18:00,20,,3.1,180,79,1535
102,백령도,2020-06-08 19:00,18.9,,2,180,82,1365
102,백령도,2020-06-08 20:00,17.3,,1.4,110,91,872
102,백령도,2020-06-08 21:00,16.8,,1.4,110,93,776
102,백령도,2020-06-08 22:00,17.7,,.5,110,89,1201
102,백령도,2020-06-08 23:00,17.4,,1.9,160,90,1542
102,백령도,2020-06-09 00:00,17.2,,.8,160,86,1741
102,백령도,2020-06-09 01:00,17.9,,2,140,79,2642
102,백령도,2020-06-09 02:00,17.8,,.9,140,80,2321
102,백령도,2020-06-09 03:00,16.4,,1.8,90,84,2127
102,백령도,2020-06-09 04:00,17,,1.5,110,83,2554
102,백령도,2020-06-09 05:00,17.9,,1.3,110,73,3325
102,백령도,2020-06-09 06:00,17.8,,1.5,110,89,1804
102,백령도,2020-06-09 07:00,18.9,,1,140,80,2275
102,백령도,2020-06-09 08:00,20.6,,1.6,180,66,3022
102,백령도,2020-06-09 09:00,22.1,,2.5,160,55,3941
102,백령도,2020-06-09 10:00,24.2,,2.1,140,37,4746
102,백령도,2020-06-09 11:00,24.7,,1.8,140,45,3123
102,백령도,2020-06-09 12:00,24.8,,2.7,180,45,2532
102,백령도,2020-06-09 13:00,24.3,,2.8,180,50,2261
102,백령도,2020-06-09 14:00,25.1,,2.2,320,46,3369
102,백령도,2020-06-09 15:00,26.8,,2.3,180,36,2800
102,백령도,2020-06-09 16:00,25.2,,1.2,360,45,2891
102,백령도,2020-06-09 17:00,24.6,,1.3,340,50,2758
102,백령도,2020-06-09 18:00,20.1,,2.6,320,64,3094
102,백령도,2020-06-09 19:00,20.1,,1.6,320,65,2838
102,백령도,2020-06-09 20:00,19.3,,1.3,290,64,3202
102,백령도,2020-06-09 21:00,20.9,,0,0,54,2557
102,백령도,2020-06-09 22:00,20.2,,1.9,90,60,3036
102,백령도,2020-06-09 23:00,20.7,,1.5,90,55,3169
102,백령도,2020-06-10 00:00,20.7,,1.2,70,55,3196
102,백령도,2020-06-10 01:00,20.5,,0,0,59,3178
102,백령도,2020-06-10 02:00,21.1,,0,0,59,3158
102,백령도,2020-06-10 03:00,21.3,,2.3,110,55,3409
102,백령도,2020-06-10 04:00,18.9,,2.5,90,63,3117
102,백령도,2020-06-10 05:00,19,,1.7,110,73,2603
102,백령도,2020-06-10 06:00,19.2,,1.3,110,79,2435
102,백령도,2020-06-10 07:00,20.2,,1.2,110,80,2322
102,백령도,2020-06-10 08:00,21.7,,1.9,140,67,2513
102,백령도,2020-06-10 09:00,21.2,,.9,180,68,2410
102,백령도,2020-06-10 10:00,21.6,,4.3,140,63,2646
102,백령도,2020-06-10 11:00,22,,3.2,140,67,2507
102,백령도,2020-06-10 12:00,21.3,0,3.8,140,73,2046
102,백령도,2020-06-10 13:00,21.6,0,4.4,160,63,2152
102,백령도,2020-06-10 14:00,20.7,0,4.2,160,74,1478
102,백령도,2020-06-10 15:00,21.2,0,3.1,180,79,1039
102,백령도,2020-06-10 16:00,20.7,,2.3,180,81,1040
102,백령도,2020-06-10 17:00,20.9,0,1.6,160,84,1039
102,백령도,2020-06-10 18:00,20.7,0,1.3,180,90,1001
102,백령도,2020-06-10 19:00,19.7,1,0,0,95,303
102,백령도,2020-06-10 20:00,18.9,1.5,.8,160,99,221
102,백령도,2020-06-10 21:00,19.4,0,4.1,140,100,311
102,백령도,2020-06-10 22:00,19.6,0,3.6,140,100,391
102,백령도,2020-06-10 23:00,19.3,,1.8,140,100,220
102,백령도,2020-06-11 00:00,18.4,,1.8,70,100,23
102,백령도,2020-06-11 01:00,18.4,0,2.3,110,100,74
102,백령도,2020-06-11 02:00,18.5,0,1.8,110,100,292
102,백령도,2020-06-11 03:00,18.7,,.5,90,100,204
102,백령도,2020-06-11 04:00,18.8,,1.9,320,100,181
102,백령도,2020-06-11 05:00,18.7,,2.1,340,100,360
102,백령도,2020-06-11 06:00,18.6,,1.7,320,100,252
102,백령도,2020-06-11 07:00,18.9,,1.7,340,100,370
102,백령도,2020-06-11 08:00,19.6,,1.7,320,100,513
102,백령도,2020-06-11 09:00,21.5,,2.2,360,99,1119
102,백령도,2020-06-11 10:00,22.4,,4.1,340,90,2000
102,백령도,2020-06-11 11:00,22.9,,4.6,340,89,2000
102,백령도,2020-06-11 12:00,21.7,,4.3,320,91,3070
102,백령도,2020-06-11 13:00,20.9,,4.4,320,92,1100
102,백령도,2020-06-11 14:00,19.4,,4.5,290,92,522
102,백령도,2020-06-11 15:00,18.2,,4.4,320,95,433
102,백령도,2020-06-11 16:00,18.4,,5.7,320,94,429
102,백령도,2020-06-11 17:00,16.1,,6.5,320,98,21
102,백령도,2020-06-11 18:00,15.6,,6.5,320,100,30
102,백령도,2020-06-11 19:00,15.2,,6.7,320,100,17
102,백령도,2020-06-11 20:00,15.1,,6.7,320,100,14
102,백령도,2020-06-11 21:00,14.7,,6.5,320,100,18
102,백령도,2020-06-11 22:00,14.8,,4.9,320,100,19
102,백령도,2020-06-11 23:00,15.7,,1.5,320,100,43
102,백령도,2020-06-12 00:00,16.1,,2.9,320,100,464
102,백령도,2020-06-12 01:00,15.9,,2.4,290,100,25
102,백령도,2020-06-12 02:00,15.5,,2.6,290,100,91
102,백령도,2020-06-12 03:00,15.2,,3.3,320,100,21
102,백령도,2020-06-12 04:00,15.3,,3.1,320,100,17
102,백령도,2020-06-12 05:00,14.4,,3.6,320,100,19
102,백령도,2020-06-12 06:00,14.4,,2.9,320,100,19
102,백령도,2020-06-12 07:00,15,,4,290,100,37
102,백령도,2020-06-12 08:00,15.9,,3.4,320,100,273
102,백령도,2020-06-12 09:00,22.5,,1,70,100,2000
102,백령도,2020-06-12 10:00,20,,2,140,86,2663
102,백령도,2020-06-12 11:00,20.9,,.4,0,84,2298
102,백령도,2020-06-12 12:00,18.3,,2.7,320,84,2878
102,백령도,2020-06-12 13:00,21.2,,1.7,110,82,2569
102,백령도,2020-06-12 14:00,20.2,,1.9,340,85,3000
102,백령도,2020-06-12 15:00,21.3,,1.2,180,83,2815
102,백령도,2020-06-12 16:00,19.6,,.6,320,86,1879
102,백령도,2020-06-12 17:00,21.1,,1.4,90,82,2745
102,백령도,2020-06-12 18:00,19.1,,.4,0,87,2966
102,백령도,2020-06-12 19:00,18.5,,1.8,250,95,2616
102,백령도,2020-06-12 20:00,16.1,,.4,0,97,2625
102,백령도,2020-06-12 21:00,15.5,,0,0,100,31
102,백령도,2020-06-12 22:00,14.6,,.9,110,100,30
102,백령도,2020-06-12 23:00,14.6,,1.2,110,100,758
102,백령도,2020-06-13 00:00,14.3,,.7,140,100,501
102,백령도,2020-06-13 01:00,13.7,,0,0,100,805
102,백령도,2020-06-13 02:00,12.7,,1.2,320,100,252
102,백령도,2020-06-13 03:00,12.3,,1.9,340,100,24
102,백령도,2020-06-13 04:00,13,,3.4,290,100,12
102,백령도,2020-06-13 05:00,12.9,,3.5,290,100,17
102,백령도,2020-06-13 06:00,12.9,,2.2,290,100,19
102,백령도,2020-06-13 07:00,15.1,,0,0,100,2213
102,백령도,2020-06-13 08:00,18.5,,1.4,140,98,2500
102,백령도,2020-06-13 09:00,21.1,,1.3,140,80,3037
102,백령도,2020-06-13 10:00,22,,1.1,110,77,2092
102,백령도,2020-06-13 11:00,23.3,,1.9,110,74,2061
102,백령도,2020-06-13 12:00,22.7,,2.8,320,75,2604
102,백령도,2020-06-13 13:00,24,,1.3,320,69,2657
102,백령도,2020-06-13 14:00,23.8,,2,320,64,3149
102,백령도,2020-06-13 15:00,23.8,,2,320,59,3276
102,백령도,2020-06-13 16:00,21.9,,3.2,290,68,3378
102,백령도,2020-06-13 17:00,18.5,,3.7,320,85,3558
102,백령도,2020-06-13 18:00,17.2,,3.5,320,89,3650
102,백령도,2020-06-13 19:00,19,,1.3,320,83,3416
102,백령도,2020-06-13 20:00,19,,2.5,320,76,3220
102,백령도,2020-06-13 21:00,19.6,,1.3,250,70,2000
102,백령도,2020-06-13 22:00,20,,0,0,64,2393
102,백령도,2020-06-13 23:00,19.9,,2,290,47,2000
102,백령도,2020-06-14 00:00,20.2,,1.5,290,45,4220
102,백령도,2020-06-14 01:00,20.8,,1.7,270,48,4188
102,백령도,2020-06-14 02:00,18.5,,.4,0,71,4203
102,백령도,2020-06-14 03:00,18.9,,1.6,290,75,3443
102,백령도,2020-06-14 04:00,17.8,,3.6,320,80,2000
102,백령도,2020-06-14 05:00,18,,4.2,290,76,2000
102,백령도,2020-06-14 06:00,18.1,,2.2,320,79,3333
102,백령도,2020-06-14 07:00,18,,4.3,320,79,3027
102,백령도,2020-06-14 08:00,20.1,,2.8,320,75,3389
102,백령도,2020-06-14 09:00,21.1,,3.5,290,78,3894
102,백령도,2020-06-14 10:00,22,,4.1,290,81,3027
102,백령도,2020-06-14 11:00,22.7,,4.6,290,82,2353
102,백령도,2020-06-14 12:00,22.4,,6.2,290,84,1673
102,백령도,2020-06-14 13:00,22.2,,6.2,290,85,1708
102,백령도,2020-06-14 14:00,23,,3.4,290,80,2338
102,백령도,2020-06-14 15:00,21.6,,5.7,290,85,1885
102,백령도,2020-06-14 16:00,22,,5,320,82,1421
102,백령도,2020-06-14 17:00,21.7,,6.3,290,76,1567
102,백령도,2020-06-14 18:00,22.4,,4.6,290,68,1280
102,백령도,2020-06-14 19:00,20.7,,5.3,290,80,2018
102,백령도,2020-06-14 20:00,20.7,,5.6,290,75,3500
102,백령도,2020-06-14 21:00,20.2,,3.2,270,75,3912
102,백령도,2020-06-14 22:00,20.8,,4.8,290,69,3618
102,백령도,2020-06-14 23:00,20.7,,5.1,290,72,4573
102,백령도,2020-06-15 00:00,20.6,,5.3,290,72,4586
102,백령도,2020-06-15 01:00,20,,5.4,290,77,4365
102,백령도,2020-06-15 02:00,20.2,,5.3,290,73,4544
102,백령도,2020-06-15 03:00,20.7,,4.8,270,65,4771
102,백령도,2020-06-15 04:00,20.6,,3.9,290,63,4976
102,백령도,2020-06-15 05:00,20.8,,5.3,290,61,4755
102,백령도,2020-06-15 06:00,20.4,,5,290,68,4099
102,백령도,2020-06-15 07:00,21.8,,4.8,290,57,4777
102,백령도,2020-06-15 08:00,23.1,,5.3,290,51,4963
102,백령도,2020-06-15 09:00,24.5,,4,270,45,4791
102,백령도,2020-06-15 10:00,26.1,,5,270,35,4897
102,백령도,2020-06-15 11:00,26.2,,5.5,250,37,4973
102,백령도,2020-06-15 12:00,25.2,,4.8,250,50,4522
102,백령도,2020-06-15 13:00,25.1,,5.3,230,55,3871
102,백령도,2020-06-15 14:00,25.5,,6.6,250,50,3688
102,백령도,2020-06-15 15:00,25.1,,7.3,250,51,3345
102,백령도,2020-06-15 16:00,24,,7.1,250,57,2906
102,백령도,2020-06-15 17:00,23.6,,7.4,250,65,2588
102,백령도,2020-06-15 18:00,23.6,,6.2,290,58,2871
102,백령도,2020-06-15 19:00,22.8,,4.8,290,65,2560
102,백령도,2020-06-15 20:00,21.6,,2.5,290,72,2239
102,백령도,2020-06-15 21:00,19.9,,.9,200,84,1423
102,백령도,2020-06-15 22:00,19.7,,3,290,87,1560
102,백령도,2020-06-15 23:00,19.1,,1.3,270,92,1205
102,백령도,2020-06-16 00:00,18.7,,1.6,270,91,1398
102,백령도,2020-06-16 01:00,19.1,,1.7,290,77,2781
102,백령도,2020-06-16 02:00,18.6,,3.2,290,80,2926
102,백령도,2020-06-16 03:00,18.4,,3.2,290,83,3489
102,백령도,2020-06-16 04:00,17.8,,3.4,290,80,4283
102,백령도,2020-06-16 05:00,17.6,,3.1,320,76,4287
102,백령도,2020-06-16 06:00,17.6,,3.9,320,79,4247
102,백령도,2020-06-16 07:00,19.1,,5.8,340,73,4524
102,백령도,2020-06-16 08:00,20,,3,320,73,4205
102,백령도,2020-06-16 09:00,21.8,,2.4,360,65,4615
102,백령도,2020-06-16 10:00,22.7,,3.5,360,58,4780
102,백령도,2020-06-16 11:00,23.8,,2.2,340,52,4789
102,백령도,2020-06-16 12:00,23.2,,3.7,320,60,4751
102,백령도,2020-06-16 13:00,22.4,,3.1,290,60,4612
102,백령도,2020-06-16 14:00,24.3,,2.9,290,52,4791
102,백령도,2020-06-16 15:00,21.4,,5,290,63,4543
102,백령도,2020-06-16 16:00,23.8,,3.7,340,49,4868
102,백령도,2020-06-16 17:00,22.6,,4,320,50,4948
102,백령도,2020-06-16 18:00,21.2,,4.8,290,56,4820
102,백령도,2020-06-16 19:00,19.6,,3,320,67,4899
102,백령도,2020-06-16 20:00,19.2,,1.5,270,67,4777
102,백령도,2020-06-16 21:00,18,,2.9,290,75,4701
102,백령도,2020-06-16 22:00,18,,1.9,290,76,4456
102,백령도,2020-06-16 23:00,17.4,,1.1,270,82,4017
102,백령도,2020-06-17 00:00,16.8,,1.8,320,84,4515
102,백령도,2020-06-17 01:00,17.5,,1.2,270,87,4053
102,백령도,2020-06-17 02:00,16.9,,1.3,320,88,3473
102,백령도,2020-06-17 03:00,17.2,,.3,0,90,4300
102,백령도,2020-06-17 04:00,16.4,,1.2,90,94,2767
102,백령도,2020-06-17 05:00,15.9,,.6,180,95,1491
102,백령도,2020-06-17 06:00,15.8,,2,200,96,1108
102,백령도,2020-06-17 07:00,17.2,,1.1,160,92,2007
102,백령도,2020-06-17 08:00,18.5,,1.4,110,88,1958
102,백령도,2020-06-17 09:00,18.9,,1.7,90,87,2502
102,백령도,2020-06-17 10:00,18.5,,3.1,90,89,2671
102,백령도,2020-06-17 11:00,21.3,,3.1,140,74,4105
102,백령도,2020-06-17 12:00,23.3,,3.5,180,58,3760
102,백령도,2020-06-17 13:00,23.3,,3.2,140,60,4542
102,백령도,2020-06-17 14:00,22.5,,5,180,60,4596
102,백령도,2020-06-17 15:00,22.5,,4.3,180,63,4652
102,백령도,2020-06-17 16:00,21.8,,3.4,200,70,3968
102,백령도,2020-06-17 17:00,21.4,,3.1,180,71,4224
102,백령도,2020-06-17 18:00,20.9,,2.7,180,74,3220
102,백령도,2020-06-17 19:00,20.2,,2.2,180,85,2347
102,백령도,2020-06-17 20:00,18.9,,1.6,180,94,1875
102,백령도,2020-06-17 21:00,18,,1.5,180,100,99
102,백령도,2020-06-17 22:00,18,,1.2,140,100,595
102,백령도,2020-06-17 23:00,18.2,,.9,110,100,780
102,백령도,2020-06-18 00:00,18.5,,1.3,140,100,216
102,백령도,2020-06-18 01:00,17.9,,1.1,160,100,294
102,백령도,2020-06-18 02:00,17.9,,3,160,100,41
102,백령도,2020-06-18 03:00,18.6,,1.8,160,100,77
102,백령도,2020-06-18 04:00,17.5,,.9,160,100,18
102,백령도,2020-06-18 05:00,17.8,,1.6,110,100,27
102,백령도,2020-06-18 06:00,17.7,,0,0,100,28
102,백령도,2020-06-18 07:00,18.1,,2.4,140,100,32
102,백령도,2020-06-18 08:00,18.5,,2.7,140,100,119
102,백령도,2020-06-18 09:00,18.6,,2.5,140,100,163
102,백령도,2020-06-18 10:00,18.5,,1.9,110,100,168
102,백령도,2020-06-18 11:00,19.1,,1.7,160,100,990
102,백령도,2020-06-18 12:00,19.1,,2.1,180,100,807
102,백령도,2020-06-18 13:00,19.4,,2.2,180,97,1150
102,백령도,2020-06-18 14:00,18.9,,2.3,180,99,1331
102,백령도,2020-06-18 15:00,19.7,,.4,0,97,1382
102,백령도,2020-06-18 16:00,19.2,,.1,0,97,1421
102,백령도,2020-06-18 17:00,20.2,,0,0,94,1538
102,백령도,2020-06-18 18:00,20.8,,0,0,86,2410
102,백령도,2020-06-18 19:00,20.1,,1.3,340,88,2247
102,백령도,2020-06-18 20:00,18.8,,1.4,320,96,1258
102,백령도,2020-06-18 21:00,19.2,,1,180,93,1161
102,백령도,2020-06-18 22:00,18.8,,1.8,290,93,1344
102,백령도,2020-06-18 23:00,17.5,,2,320,97,884
102,백령도,2020-06-19 00:00,17.4,,2.4,320,95,1089
102,백령도,2020-06-19 01:00,17.2,0,3.1,320,98,744
102,백령도,2020-06-19 02:00,17.3,,2.1,320,100,534
102,백령도,2020-06-19 03:00,17.4,,3,320,100,359
102,백령도,2020-06-19 04:00,16.7,,3.3,320,100,828
102,백령도,2020-06-19 05:00,17.3,,1.6,290,96,1079
102,백령도,2020-06-19 06:00,18,,2.8,360,94,1112
102,백령도,2020-06-19 07:00,18.9,,1.1,90,87,1535
102,백령도,2020-06-19 08:00,19.6,,1.5,90,90,1060
102,백령도,2020-06-19 09:00,21.8,.3,2.4,140,84,1532
102,백령도,2020-06-19 10:00,23,0,2,110,82,1394
102,백령도,2020-06-19 11:00,24.1,,3,180,67,2352
102,백령도,2020-06-19 12:00,23.3,,2.6,290,73,1653
102,백령도,2020-06-19 13:00,25.7,,2.1,160,62,2533
102,백령도,2020-06-19 14:00,25.5,,2.1,320,60,2809
102,백령도,2020-06-19 15:00,25.5,,4,250,57,2783
102,백령도,2020-06-19 16:00,24.5,,3.9,270,68,1908
102,백령도,2020-06-19 17:00,23.9,,4.4,270,71,1582
102,백령도,2020-06-19 18:00,23.4,,3,270,73,1467
102,백령도,2020-06-19 19:00,22.6,,3.4,270,74,1314
102,백령도,2020-06-19 20:00,21.1,,1.3,250,88,676
102,백령도,2020-06-19 21:00,20,,1.2,200,97,199
102,백령도,2020-06-19 22:00,20,,1.3,250,97,250
102,백령도,2020-06-19 23:00,19.5,,0,0,99,154
102,백령도,2020-06-20 00:00,18.6,,1.4,200,99,86
102,백령도,2020-06-20 01:00,19,,0,0,99,86
102,백령도,2020-06-20 02:00,18.6,,1.8,180,100,51
102,백령도,2020-06-20 03:00,16.1,,2.4,90,100,90
102,백령도,2020-06-20 04:00,16.9,,1.1,110,100,59
102,백령도,2020-06-20 05:00,17.3,,1.6,110,100,16
102,백령도,2020-06-20 06:00,17.8,,1.6,160,100,16
102,백령도,2020-06-20 07:00,18.2,,2.8,140,100,19
102,백령도,2020-06-20 08:00,18.8,,3.6,140,100,19
102,백령도,2020-06-20 09:00,19.1,,3.4,140,100,65
102,백령도,2020-06-20 10:00,19.7,,4.2,160,100,360
102,백령도,2020-06-20 11:00,20.2,,3.7,160,100,262
102,백령도,2020-06-20 12:00,21.7,,3.5,180,93,525
102,백령도,2020-06-20 13:00,21.8,,4.9,180,88,596
102,백령도,2020-06-20 14:00,23,,5.2,180,84,731
102,백령도,2020-06-20 15:00,23.5,,3.8,180,83,718
102,백령도,2020-06-20 16:00,22.6,,4.1,180,87,585
102,백령도,2020-06-20 17:00,23.2,,3.7,200,85,500
102,백령도,2020-06-20 18:00,21.8,,2.4,180,92,450
102,백령도,2020-06-20 19:00,20.1,,2,180,98,249
102,백령도,2020-06-20 20:00,18.9,,2.4,180,100,15
102,백령도,2020-06-20 21:00,18,,2.6,180,100,18
102,백령도,2020-06-20 22:00,18.3,,2.4,180,100,19
102,백령도,2020-06-20 23:00,17.7,,2,160,100,19
102,백령도,2020-06-21 00:00,17.8,,1.3,90,100,90
102,백령도,2020-06-21 01:00,17,,1.8,110,100,21
102,백령도,2020-06-21 02:00,17.3,,1.4,110,100,21
102,백령도,2020-06-21 03:00,17.2,,2,90,100,14
102,백령도,2020-06-21 04:00,18.4,,1.3,140,100,17
102,백령도,2020-06-21 05:00,18.3,,2.7,160,100,19
102,백령도,2020-06-21 06:00,17.9,,3.1,140,100,18
102,백령도,2020-06-21 07:00,18.1,,2.4,140,100,19
102,백령도,2020-06-21 08:00,18.3,,2.4,140,100,34
102,백령도,2020-06-21 09:00,18.1,,2.7,140,100,23
102,백령도,2020-06-21 10:00,18.7,,2.6,160,100,148
102,백령도,2020-06-21 11:00,19.8,,2.9,160,100,1167
102,백령도,2020-06-21 12:00,22,,2.6,180,91,1418
102,백령도,2020-06-21 13:00,22.5,,3,180,84,1719
102,백령도,2020-06-21 14:00,22.6,,3.2,160,85,2276
102,백령도,2020-06-21 15:00,23.8,,1.5,20,78,2539
102,백령도,2020-06-21 16:00,24.4,,1.9,340,75,2814
102,백령도,2020-06-21 17:00,23.5,,2.4,320,64,3734
102,백령도,2020-06-21 18:00,24,,2,320,62,3415
102,백령도,2020-06-21 19:00,22.9,,2.2,290,66,3554
102,백령도,2020-06-21 20:00,21.3,,1.1,320,74,3302
102,백령도,2020-06-21 21:00,20,,2.1,270,95,1840
102,백령도,2020-06-21 22:00,20.2,,1.9,250,98,1011
102,백령도,2020-06-21 23:00,19.4,,1,320,97,1554
102,백령도,2020-06-22 00:00,18.1,,1.7,290,99,1218
102,백령도,2020-06-22 01:00,18.6,,3,320,100,582
102,백령도,2020-06-22 02:00,19.2,,3.3,320,100,651
102,백령도,2020-06-22 03:00,18.5,,2.4,360,100,1095
102,백령도,2020-06-22 04:00,17.9,,.9,20,95,1735
102,백령도,2020-06-22 05:00,17.9,,1,270,97,1905
102,백령도,2020-06-22 06:00,18.5,,0,0,88,2531
102,백령도,2020-06-22 07:00,20.7,,1,320,83,2642
102,백령도,2020-06-22 08:00,22.7,,1.1,340,69,3260
102,백령도,2020-06-22 09:00,24.9,,1.8,70,54,3655
102,백령도,2020-06-22 10:00,25.6,,1.3,90,50,3517
102,백령도,2020-06-22 11:00,26.7,,1.3,90,39,3725
102,백령도,2020-06-22 12:00,26.8,,2.3,320,51,3627
102,백령도,2020-06-22 13:00,24.8,,3.1,290,53,3599
102,백령도,2020-06-22 14:00,23.7,,4.5,290,61,3383
102,백령도,2020-06-22 15:00,23.1,,4.6,320,76,2933
102,백령도,2020-06-22 16:00,23.7,,4.3,320,69,2971
102,백령도,2020-06-22 17:00,23.8,,5,320,65,3393
102,백령도,2020-06-22 18:00,24.6,,2.3,320,61,3513
102,백령도,2020-06-22 19:00,23.5,,3.2,320,60,3451
102,백령도,2020-06-22 20:00,20.7,,1.9,290,74,3101
102,백령도,2020-06-22 21:00,20.1,,1.3,290,78,2734
102,백령도,2020-06-22 22:00,21.7,,.4,0,67,3406
102,백령도,2020-06-22 23:00,22.5,,1.3,90,54,4096
102,백령도,2020-06-23 00:00,21.9,,1.6,140,60,3678
102,백령도,2020-06-23 01:00,20.7,,1.1,160,64,3663
102,백령도,2020-06-23 02:00,22.1,,0,0,60,3641
102,백령도,2020-06-23 03:00,18.2,,2.1,200,82,2692
102,백령도,2020-06-23 04:00,20.1,,1.7,200,73,3006
102,백령도,2020-06-23 05:00,20.3,,3.1,200,81,2532
102,백령도,2020-06-23 06:00,19.8,,.5,200,90,1819
102,백령도,2020-06-23 07:00,18.5,,2.6,90,90,2001
102,백령도,2020-06-23 08:00,19.5,,2.6,90,92,1693
102,백령도,2020-06-23 09:00,22.2,,1.7,90,84,2033
102,백령도,2020-06-23 10:00,21.8,,1.6,110,88,1862
102,백령도,2020-06-23 11:00,21.9,,2.6,140,90,1979
102,백령도,2020-06-23 12:00,22.4,,4,160,91,1471
102,백령도,2020-06-23 13:00,22.2,,3.6,200,91,1368
102,백령도,2020-06-23 14:00,22.1,,3.3,180,92,1084
102,백령도,2020-06-23 15:00,22.6,,3.5,180,82,2404
102,백령도,2020-06-23 16:00,20.5,0,2.7,180,99,359
102,백령도,2020-06-23 17:00,20.3,.3,1.6,200,100,243
102,백령도,2020-06-23 18:00,20.4,0,1.5,140,100,472
102,백령도,2020-06-23 19:00,19.3,.1,1.8,110,100,181
102,백령도,2020-06-23 20:00,18.9,.3,2.6,90,100,382
102,백령도,2020-06-23 21:00,19.5,.4,1.5,110,99,451
102,백령도,2020-06-23 22:00,19.2,.7,1.5,110,100,339
102,백령도,2020-06-23 23:00,18.2,.5,4,70,98,1182
102,백령도,2020-06-24 00:00,17.8,2.5,5.7,70,100,329
102,백령도,2020-06-24 01:00,17.6,2.2,4.4,70,99,537
102,백령도,2020-06-24 02:00,18.5,1.2,4.2,110,100,490
102,백령도,2020-06-24 03:00,17.9,5.5,6,90,100,171
102,백령도,2020-06-24 04:00,17.5,4.7,5.3,110,100,158
102,백령도,2020-06-24 05:00,18.1,8,7.5,110,100,232
102,백령도,2020-06-24 06:00,18.9,11.1,9,140,100,223
102,백령도,2020-06-24 07:00,18.6,15.2,11.2,140,100,150
102,백령도,2020-06-24 08:00,18.1,16.1,11.9,110,100,274
102,백령도,2020-06-24 09:00,18.5,6,10,140,100,354
102,백령도,2020-06-24 10:00,18.4,1.9,9.7,140,100,345
102,백령도,2020-06-24 11:00,18.6,1.5,9.8,140,100,381
102,백령도,2020-06-24 12:00,18.3,.6,9.9,140,100,297
102,백령도,2020-06-24 13:00,18.5,.5,10.3,140,100,320
102,백령도,2020-06-24 14:00,18.5,.4,8.4,140,100,306
102,백령도,2020-06-24 15:00,18.7,.5,9.1,140,100,467
102,백령도,2020-06-24 16:00,18.5,2.3,6.6,140,100,273
102,백령도,2020-06-24 17:00,19,1.1,5.1,140,100,132
102,백령도,2020-06-24 18:00,18.6,.1,5.5,140,100,34
102,백령도,2020-06-24 19:00,18.8,.1,5.8,160,100,55
102,백령도,2020-06-24 20:00,18.6,0,5.1,160,100,32
102,백령도,2020-06-24 21:00,19.1,.1,2.7,160,100,40
102,백령도,2020-06-24 22:00,19.2,0,3.1,160,100,260
102,백령도,2020-06-24 23:00,18.8,0,4.3,160,100,212
102,백령도,2020-06-25 00:00,18.7,0,3.6,160,100,247
102,백령도,2020-06-25 01:00,18.6,0,2.9,140,100,192
102,백령도,2020-06-25 02:00,18.7,0,2.8,140,100,55
102,백령도,2020-06-25 03:00,18.3,0,3,140,100,98
102,백령도,2020-06-25 04:00,18.3,0,3.6,140,100,30
102,백령도,2020-06-25 05:00,18.3,.1,3.8,140,100,248
102,백령도,2020-06-25 06:00,18.1,0,2.5,140,100,47
102,백령도,2020-06-25 07:00,18.3,0,2.7,110,100,90
102,백령도,2020-06-25 08:00,18.3,0,3.3,110,100,433
102,백령도,2020-06-25 09:00,19.3,,3.8,140,100,2747
102,백령도,2020-06-25 10:00,18.8,,2.7,110,100,968
102,백령도,2020-06-25 11:00,19.1,0,2.9,110,100,382
102,백령도,2020-06-25 12:00,18.8,.2,3.6,110,100,335
102,백령도,2020-06-25 13:00,19.2,.2,2.8,110,100,327
102,백령도,2020-06-25 14:00,18.8,.2,2.4,90,100,263
102,백령도,2020-06-25 15:00,19.3,0,.9,90,100,357
102,백령도,2020-06-25 16:00,19.3,.2,1.2,110,100,411
102,백령도,2020-06-25 17:00,18.4,1.2,1.5,290,100,295
102,백령도,2020-06-25 18:00,17.6,.1,2.9,290,100,41
102,백령도,2020-06-25 19:00,17.4,0,2.7,320,100,46
102,백령도,2020-06-25 20:00,16.9,0,3.6,290,100,24
102,백령도,2020-06-25 21:00,17.1,0,2.7,290,100,390
102,백령도,2020-06-25 22:00,17.4,,3.1,290,100,1210
102,백령도,2020-06-25 23:00,17.6,,3.9,290,100,28
102,백령도,2020-06-26 00:00,17.7,,4.9,290,100,811
102,백령도,2020-06-26 01:00,17.8,,3.6,290,100,1166
102,백령도,2020-06-26 02:00,18.8,,3.3,270,100,1240
102,백령도,2020-06-26 03:00,19,,3.2,270,99,412
102,백령도,2020-06-26 04:00,18.8,,4,290,99,308
102,백령도,2020-06-26 05:00,18.7,,3.4,270,99,390
102,백령도,2020-06-26 06:00,19,,2.1,270,98,401
102,백령도,2020-06-26 07:00,19.7,,2.8,250,97,408
102,백령도,2020-06-26 08:00,20.1,,3.7,270,98,323
102,백령도,2020-06-26 09:00,20.9,,4.6,250,93,456
102,백령도,2020-06-26 10:00,21.8,,4.7,250,88,633
102,백령도,2020-06-26 11:00,22.9,,5.1,250,78,1058
102,백령도,2020-06-26 12:00,23.6,,4.2,250,75,1373
102,백령도,2020-06-26 13:00,24.4,,2.4,290,74,1071
102,백령도,2020-06-26 14:00,23.4,,3.7,180,86,800
102,백령도,2020-06-26 15:00,23,,3.1,180,85,1256
102,백령도,2020-06-26 16:00,22.6,,2,230,89,1170
102,백령도,2020-06-26 17:00,21.6,,2.9,230,92,1109
102,백령도,2020-06-26 18:00,21.7,,3.6,200,93,1366
102,백령도,2020-06-26 19:00,21.1,,2.2,200,94,1214
102,백령도,2020-06-26 20:00,20.2,,3.9,200,98,759
102,백령도,2020-06-26 21:00,20,,1.9,200,100,468
102,백령도,2020-06-26 22:00,20.3,,3,200,98,1170
102,백령도,2020-06-26 23:00,20.1,,3.2,200,99.4,1149
102,백령도,2020-06-27 00:00,20.5,,4,200,97,1691
102,백령도,2020-06-27 01:00,20.5,,4.6,200,98,1426
102,백령도,2020-06-27 02:00,20.3,,4.1,200,100,892
102,백령도,2020-06-27 03:00,20.3,.2,3.6,180,100,315
102,백령도,2020-06-27 04:00,19.2,.2,1.6,110,100,195
102,백령도,2020-06-27 05:00,18.3,0,1.9,70,100,23
102,백령도,2020-06-27 06:00,18.8,.1,1.5,140,100,27
102,백령도,2020-06-27 07:00,18.7,0,2.9,160,100,40
102,백령도,2020-06-27 08:00,19.2,0,1.9,140,100,83
102,백령도,2020-06-27 09:00,18.6,0,2.8,180,100,39
102,백령도,2020-06-27 10:00,19.3,,.9,160,100,178
102,백령도,2020-06-27 11:00,19.1,,2.5,180,100,267
102,백령도,2020-06-27 12:00,19.6,,2.2,180,100,484
102,백령도,2020-06-27 13:00,20.5,,2,140,100,649
102,백령도,2020-06-27 14:00,20.1,,4.4,160,99,480
102,백령도,2020-06-27 15:00,20.1,,2.5,180,99,516
102,백령도,2020-06-27 16:00,21,,3.4,200,99,527
102,백령도,2020-06-27 17:00,21.6,,2.5,230,98,545
102,백령도,2020-06-27 18:00,21.3,,2,270,96,538
102,백령도,2020-06-27 19:00,19.7,,2,320,100,23
102,백령도,2020-06-27 20:00,20.2,,0,0,100,49
102,백령도,2020-06-27 21:00,19.9,,0,0,100,27
102,백령도,2020-06-27 22:00,20.3,,.8,270,100,22
102,백령도,2020-06-27 23:00,19.7,,2.2,320,100,17
102,백령도,2020-06-28 00:00,18.9,,2.3,320,100,16
102,백령도,2020-06-28 01:00,18.1,,2.5,320,100,12
102,백령도,2020-06-28 02:00,18.2,,3.3,340,100,18
102,백령도,2020-06-28 03:00,17.6,,2.2,320,100,19
102,백령도,2020-06-28 04:00,17.3,,1.5,270,100,19
102,백령도,2020-06-28 05:00,16.6,,3.2,290,100,19
102,백령도,2020-06-28 06:00,16.1,,3.4,340,100,19
102,백령도,2020-06-28 07:00,16,,3.6,320,100,26
102,백령도,2020-06-28 08:00,15.9,,3.8,320,100,56
102,백령도,2020-06-28 09:00,16.6,,3.7,290,100,272
102,백령도,2020-06-28 10:00,17.4,,3.7,320,100,317
102,백령도,2020-06-28 11:00,18.6,,4.1,320,100,138
102,백령도,2020-06-28 12:00,18.9,,5,320,97,227
102,백령도,2020-06-28 13:00,19.1,,6.7,290,97,142
102,백령도,2020-06-28 14:00,19.4,,6.6,290,98,302
102,백령도,2020-06-28 15:00,19.5,,5.2,320,98,246
102,백령도,2020-06-28 16:00,19.9,,5.4,320,98,223
102,백령도,2020-06-28 17:00,19.6,,3.8,290,97,245
102,백령도,2020-06-28 18:00,18.8,,5.1,320,100,98
102,백령도,2020-06-28 19:00,18.8,,2.9,320,97,752
102,백령도,2020-06-28 20:00,17.9,,1.1,320,100,320
102,백령도,2020-06-28 21:00,17.1,,2.3,320,100,51
102,백령도,2020-06-28 22:00,17.7,,2,290,100,502
102,백령도,2020-06-28 23:00,17.5,,1.6,290,99,469
102,백령도,2020-06-29 00:00,16.7,,.3,0,100,200
102,백령도,2020-06-29 01:00,16.2,,1,140,100,220
102,백령도,2020-06-29 02:00,16.3,,.1,0,100,25
102,백령도,2020-06-29 03:00,16.2,,.8,360,100,9
102,백령도,2020-06-29 04:00,16.7,,1.4,340,100,7
102,백령도,2020-06-29 05:00,16.3,,.5,230,100,12
102,백령도,2020-06-29 06:00,16.3,,2.2,90,100,12
102,백령도,2020-06-29 07:00,16.1,,2,110,100,19
102,백령도,2020-06-29 08:00,16.4,,3.4,140,100,31
102,백령도,2020-06-29 09:00,16.2,,3.6,110,100,22
102,백령도,2020-06-29 10:00,17.1,,4.9,140,100,87
102,백령도,2020-06-29 11:00,17.9,,3.3,140,100,351
102,백령도,2020-06-29 12:00,17.9,,2.7,160,100,356
102,백령도,2020-06-29 13:00,18.9,,2.2,140,100,700
102,백령도,2020-06-29 14:00,18.9,.9,1.7,90,100,328
102,백령도,2020-06-29 15:00,18.7,1.8,1.1,110,100,294
102,백령도,2020-06-29 16:00,19.2,1.2,1.4,90,100,314
102,백령도,2020-06-29 17:00,19.4,1.5,1.5,70,100,314
102,백령도,2020-06-29 18:00,19.7,1.9,2.7,50,99,461
102,백령도,2020-06-29 19:00,19.6,1.8,3.2,20,98,526
102,백령도,2020-06-29 20:00,18.7,1.6,3.2,20,97,655
102,백령도,2020-06-29 21:00,17.3,2,5.7,340,100,171
102,백령도,2020-06-29 22:00,18.2,1.2,3.8,340,97,639
102,백령도,2020-06-29 23:00,19,1.3,2.7,340,96,980
102,백령도,2020-06-30 00:00,18.2,2.7,4.1,70,98,405
102,백령도,2020-06-30 01:00,18.7,1.5,4.3,360,94,1033
102,백령도,2020-06-30 02:00,18.1,4.3,7.2,360,99,1326
102,백령도,2020-06-30 03:00,17.5,.1,6.4,340,98,1017
102,백령도,2020-06-30 04:00,18.7,0,6.2,340,94,1645
102,백령도,2020-06-30 05:00,18.4,,9,340,94,1890
102,백령도,2020-06-30 06:00,18,,8.6,360,96,1591
102,백령도,2020-06-30 07:00,18.6,,7.6,340,93,1651
102,백령도,2020-06-30 08:00,19,,5.9,340,89,2306
102,백령도,2020-06-30 09:00,18.5,0,7.1,340,93,1583
102,백령도,2020-06-30 10:00,19,0,7.5,340,89,2217
102,백령도,2020-06-30 11:00,19.8,,8.3,360,85,2661
102,백령도,2020-06-30 12:00,19.2,,6.5,340,88,2511
102,백령도,2020-06-30 13:00,18.8,0,8,340,87,2400
102,백령도,2020-06-30 14:00,19.2,0,8.4,340,89,2367
102,백령도,2020-06-30 15:00,18.9,0,6.2,340,87,2789
102,백령도,2020-06-30 16:00,18.7,,8.6,340,89,2479
102,백령도,2020-06-30 17:00,18.4,0,5.2,320,94,1866
102,백령도,2020-06-30 18:00,18.5,0,3.9,320,93,1620
102,백령도,2020-06-30 19:00,19.1,,6,340,90,2117
102,백령도,2020-06-30 20:00,18.5,,5,340,92,2205
102,백령도,2020-06-30 21:00,18.1,.1,3.2,340,91,1665
102,백령도,2020-06-30 22:00,18,.3,2.7,340,94,1533
102,백령도,2020-06-30 23:00,17.8,1,1.7,340,95,2257
102,백령도,2020-07-01 00:00,17.3,.8,.3,0,99,1474
102,백령도,2020-07-01 01:00,17.2,.3,2,290,99,1907
102,백령도,2020-07-01 02:00,17.7,.2,3.1,320,98,1071
102,백령도,2020-07-01 03:00,17.9,.2,2.5,290,98,2159
102,백령도,2020-07-01 04:00,18.4,,1.4,250,95,2428
102,백령도,2020-07-01 05:00,19.3,,2,270,92,1818
102,백령도,2020-07-01 06:00,19.8,0,3.2,290,97,551
102,백령도,2020-07-01 07:00,20,.1,4.5,290,97,379
102,백령도,2020-07-01 08:00,20.6,0,3.6,290,96,405
102,백령도,2020-07-01 09:00,20.2,,4.3,290,95,370
102,백령도,2020-07-01 10:00,20.6,,5.4,290,93,341
102,백령도,2020-07-01 11:00,21.4,,5.7,290,92,446
102,백령도,2020-07-01 12:00,21.8,,5.3,320,89,493
102,백령도,2020-07-01 13:00,21.4,,5.7,290,91,422
102,백령도,2020-07-01 14:00,22.2,,4.4,290,90,466
102,백령도,2020-07-01 15:00,22.6,,3.8,320,87,481
102,백령도,2020-07-01 16:00,22.9,,2.8,290,87,526
102,백령도,2020-07-01 17:00,23.4,,1.1,360,84,574
102,백령도,2020-07-01 18:00,21.8,,1.2,90,88,526
102,백령도,2020-07-01 19:00,20.6,,3,160,94,393
102,백령도,2020-07-01 20:00,20.1,,1.8,140,95,328
102,백령도,2020-07-01 21:00,19.4,,2.8,140,97,231
102,백령도,2020-07-01 22:00,19.3,,2.5,160,99,161
102,백령도,2020-07-01 23:00,18.8,,1.9,160,100,12
102,백령도,2020-07-02 00:00,18.5,,2.4,140,100,9
102,백령도,2020-07-02 01:00,18.9,,2.6,140,100,46
102,백령도,2020-07-02 02:00,18.6,,4.2,140,100,157
102,백령도,2020-07-02 03:00,18.5,,3.7,140,100,41
102,백령도,2020-07-02 04:00,18.5,,2.9,140,100,78
102,백령도,2020-07-02 05:00,18.4,,3.1,140,100,60
102,백령도,2020-07-02 06:00,18.8,,2.3,140,100,146
102,백령도,2020-07-02 07:00,19,,3.3,140,100,102
102,백령도,2020-07-02 08:00,19.1,,3.9,140,100,226
102,백령도,2020-07-02 09:00,19.3,,4.1,140,100,244
102,백령도,2020-07-02 10:00,20.1,,4.6,140,96,386
102,백령도,2020-07-02 11:00,20.6,,5,140,94,479
102,백령도,2020-07-02 12:00,20.3,,5.4,140,97,771
102,백령도,2020-07-02 13:00,21.1,,4.5,140,93,1262
102,백령도,2020-07-02 14:00,20.8,,5.3,140,94,1563
102,백령도,2020-07-02 15:00,21.1,,4.9,160,92,1251
102,백령도,2020-07-02 16:00,21,,4.8,160,92,1392
102,백령도,2020-07-02 17:00,18.9,,5.1,160,99,137
102,백령도,2020-07-02 18:00,18.9,,3.2,160,100,60
102,백령도,2020-07-02 19:00,18.8,,2.4,160,100,29
102,백령도,2020-07-02 20:00,18.7,0,1.9,160,100,21
102,백령도,2020-07-02 21:00,18.5,0,1.7,140,100,22
102,백령도,2020-07-02 22:00,18,0,1.9,110,100,14
102,백령도,2020-07-02 23:00,17.7,0,1.7,110,100,19
102,백령도,2020-07-03 00:00,17.8,0,1.3,110,100,19
102,백령도,2020-07-03 01:00,18.4,0,1.3,140,100,18
102,백령도,2020-07-03 02:00,18.3,0,1.7,110,100,17
102,백령도,2020-07-03 03:00,18.1,0,1.3,110,100,30
102,백령도,2020-07-03 04:00,17.9,0,2.4,140,100,14
102,백령도,2020-07-03 05:00,17.9,0,1.5,110,100,16
102,백령도,2020-07-03 06:00,17.7,,1.2,160,100,14
102,백령도,2020-07-03 07:00,17.8,,1.6,200,100,13
102,백령도,2020-07-03 08:00,18.5,,1.9,110,100,296
102,백령도,2020-07-03 09:00,17.9,,2.5,110,100,46
102,백령도,2020-07-03 10:00,20.2,,2.1,90,100,530
102,백령도,2020-07-03 11:00,23.4,,2.6,90,77,667
102,백령도,2020-07-03 12:00,25.1,,2.1,70,72,645
102,백령도,2020-07-03 13:00,25.5,,1.2,90,73,727
102,백령도,2020-07-03 14:00,22.4,,2.9,320,81,691
102,백령도,2020-07-03 15:00,21.1,,2.8,290,88,620
102,백령도,2020-07-03 16:00,21.6,,2.8,290,85,696
102,백령도,2020-07-03 17:00,21.7,,2.1,290,84,655
102,백령도,2020-07-03 18:00,21.6,,1.4,320,84,623
102,백령도,2020-07-03 19:00,20.5,0,2.5,20,92,499
102,백령도,2020-07-03 20:00,20.4,0,4.2,50,89,856
102,백령도,2020-07-03 21:00,20,0,2.7,50,91,1053
102,백령도,2020-07-03 22:00,19.6,0,1.6,90,94,1159
102,백령도,2020-07-03 23:00,19.4,.1,0,0,98,762
102,백령도,2020-07-04 00:00,19.4,0,1.6,110,99,645
102,백령도,2020-07-04 01:00,19.5,0,1,90,98,807
102,백령도,2020-07-04 02:00,18.8,,1.3,90,100,458
102,백령도,2020-07-04 03:00,18.6,,.8,340,100,588
102,백령도,2020-07-04 04:00,17.9,,0,0,100,447
102,백령도,2020-07-04 05:00,17.8,,0,0,100,145
102,백령도,2020-07-04 06:00,17.9,,1.8,290,100,501
102,백령도,2020-07-04 07:00,17,,1.5,290,100,14
102,백령도,2020-07-04 08:00,18,,3.2,320,100,25
102,백령도,2020-07-04 09:00,20.7,,2.5,320,100,1383
102,백령도,2020-07-04 10:00,22.3,,2.4,290,81,2135
102,백령도,2020-07-04 11:00,23.8,,2.4,360,70,2455
102,백령도,2020-07-04 12:00,24,,1.5,250,74,2854
102,백령도,2020-07-04 13:00,22.8,,4.2,290,76,2231
102,백령도,2020-07-04 14:00,22.1,,3.5,290,81,1419
102,백령도,2020-07-04 15:00,22.7,,4.1,320,79,1115
102,백령도,2020-07-04 16:00,22,,4.2,320,83,953
102,백령도,2020-07-04 17:00,22,,4.1,290,87,737
102,백령도,2020-07-04 18:00,21.7,,3.5,320,90,769
102,백령도,2020-07-04 19:00,21,,2.5,320,92,1415
102,백령도,2020-07-04 20:00,20.2,,.8,340,94,1379
102,백령도,2020-07-04 21:00,18.9,,1.8,270,99,910
102,백령도,2020-07-04 22:00,19.3,,0,0,97,830
102,백령도,2020-07-04 23:00,19.3,,0,0,97,481
102,백령도,2020-07-05 00:00,19.1,,.5,200,98,288
102,백령도,2020-07-05 01:00,18.8,,1,270,100,215
102,백령도,2020-07-05 02:00,19.5,,1.5,250,100,228
102,백령도,2020-07-05 03:00,19.5,,.1,0,100,263
102,백령도,2020-07-05 04:00,17.3,,2.2,90,100,14
102,백령도,2020-07-05 05:00,18.2,,.1,0,100,22
102,백령도,2020-07-05 06:00,17.7,,1.4,110,100,42
102,백령도,2020-07-05 07:00,18,,1.2,140,100,49
102,백령도,2020-07-05 08:00,18.6,,1.7,110,100,46
102,백령도,2020-07-05 09:00,18.8,,2.6,160,100,94
102,백령도,2020-07-05 10:00,19.9,,3.3,160,100,718
102,백령도,2020-07-05 11:00,19.9,,3.4,140,97,585
102,백령도,2020-07-05 12:00,20.1,,2.2,180,95,980
102,백령도,2020-07-05 13:00,21.9,,3.3,140,91,1098
102,백령도,2020-07-05 14:00,22.9,,3.6,160,88,1010
102,백령도,2020-07-05 15:00,21.9,,4.2,180,88,915
102,백령도,2020-07-05 16:00,22.1,,3.5,180,87,947
102,백령도,2020-07-05 17:00,21.9,,3.7,160,90,934
102,백령도,2020-07-05 18:00,21.1,,3.5,160,90,916
102,백령도,2020-07-05 19:00,20.2,,2.5,180,94,781
102,백령도,2020-07-05 20:00,19.1,,2.7,160,99,517
102,백령도,2020-07-05 21:00,18.4,,2.2,200,100,32
102,백령도,2020-07-05 22:00,18.3,,2.2,200,100,49
102,백령도,2020-07-05 23:00,18.2,,2.1,180,100,30
102,백령도,2020-07-06 00:00,17.9,,.6,180,100,49
102,백령도,2020-07-06 01:00,17.8,,3,140,100,364
102,백령도,2020-07-06 02:00,18.1,,2.9,140,100,227
102,백령도,2020-07-06 03:00,18.3,,3.3,160,100,309
102,백령도,2020-07-06 04:00,18.5,,3.1,140,100,499
102,백령도,2020-07-06 05:00,18.6,,4.5,140,100,485
102,백령도,2020-07-06 06:00,18.3,,4.3,140,100,455
102,백령도,2020-07-06 07:00,18.9,,3.6,140,99,997
102,백령도,2020-07-06 08:00,19.7,,3.9,140,97,1386
102,백령도,2020-07-06 09:00,20.4,,2.5,140,94,1850
102,백령도,2020-07-06 10:00,20.8,,3.8,160,92,2104
102,백령도,2020-07-06 11:00,22.1,,4,160,88,2481
102,백령도,2020-07-06 12:00,20.9,,3.2,140,92,2134
102,백령도,2020-07-06 13:00,20.2,0,3.5,140,98,862
102,백령도,2020-07-06 14:00,20.9,0,4.7,140,92,2893
102,백령도,2020-07-06 15:00,20.4,,3.4,160,93,2702
102,백령도,2020-07-06 16:00,21.1,0,2.8,180,89,2566
102,백령도,2020-07-06 17:00,21.3,,2.7,160,91,3044
102,백령도,2020-07-06 18:00,21,,2.3,180,92,2620
102,백령도,2020-07-06 19:00,20.5,,1.7,140,94,2540
102,백령도,2020-07-06 20:00,20.1,,.5,180,97,1537
102,백령도,2020-07-06 21:00,19.5,,1.7,160,99,819
102,백령도,2020-07-06 22:00,19.3,,.6,320,99,958
102,백령도,2020-07-06 23:00,20.1,,0,0,99,1347
102,백령도,2020-07-07 00:00,19.7,,0,0,99,1211
102,백령도,2020-07-07 01:00,19.5,,.7,140,100,924
102,백령도,2020-07-07 02:00,19.3,,1.6,160,100,388
102,백령도,2020-07-07 03:00,19.1,,.7,160,100,530
102,백령도,2020-07-07 04:00,19.1,,1.3,160,100,548
102,백령도,2020-07-07 05:00,19.3,,.5,180,100,542
102,백령도,2020-07-07 06:00,19.5,,1.4,180,100,383
102,백령도,2020-07-07 07:00,20.4,,.5,160,100,821
102,백령도,2020-07-07 08:00,19.2,,1.7,70,100,443
102,백령도,2020-07-07 09:00,21.8,,1.8,360,94,1944
102,백령도,2020-07-07 10:00,22,,2.3,340,91,1943
102,백령도,2020-07-07 11:00,22.4,,2.1,320,88,2084
102,백령도,2020-07-07 12:00,23.2,,2.5,320,86,2583
102,백령도,2020-07-07 13:00,22.3,,4.2,340,90,3193
102,백령도,2020-07-07 14:00,23.3,,4,320,83,2438
102,백령도,2020-07-07 15:00,22.6,,4.9,320,86,2247
102,백령도,2020-07-07 16:00,22.2,,4.9,320,89,2365
102,백령도,2020-07-07 17:00,21.6,,4.6,340,88,2292
102,백령도,2020-07-07 18:00,21.5,,5.4,320,89,2149
102,백령도,2020-07-07 19:00,20.4,,4.1,320,92,1993
102,백령도,2020-07-07 20:00,19.3,,4.1,320,98,1040
102,백령도,2020-07-07 21:00,19.2,,3.3,320,100,885
102,백령도,2020-07-07 22:00,19.5,,5.3,320,100,927
102,백령도,2020-07-07 23:00,19.2,,4.2,320,100,688
102,백령도,2020-07-08 00:00,19.3,,3.9,320,100,386
102,백령도,2020-07-08 01:00,19.4,,4.7,320,100,24
102,백령도,2020-07-08 02:00,19.3,,4.8,320,100,26
102,백령도,2020-07-08 03:00,18.7,,3.6,320,100,15
102,백령도,2020-07-08 04:00,18.4,,2.4,290,100,14
102,백령도,2020-07-08 05:00,18.6,,2.1,290,100,16
102,백령도,2020-07-08 06:00,19.3,,3.3,290,100,16
102,백령도,2020-07-08 07:00,19.7,,3.5,290,100,15
102,백령도,2020-07-08 08:00,19.3,,2.8,320,100,14
102,백령도,2020-07-08 09:00,19,,1.9,290,100,170
102,백령도,2020-07-08 10:00,22,,1.6,290,98,820
102,백령도,2020-07-08 11:00,22.6,,3.6,320,84,811
102,백령도,2020-07-08 12:00,20.7,,3.1,320,92,1826
102,백령도,2020-07-08 13:00,25.6,,2.8,270,67,1821
102,백령도,2020-07-08 14:00,23.1,,3.8,290,84,1989
102,백령도,2020-07-08 15:00,21.2,,5.1,320,90,1290
102,백령도,2020-07-08 16:00,21.7,,3.9,290,88,1798
102,백령도,2020-07-08 17:00,21.5,,3.8,320,89,1781
102,백령도,2020-07-08 18:00,18.9,,3.4,320,92,2761
102,백령도,2020-07-08 19:00,18.7,,3.1,320,96,2777
102,백령도,2020-07-08 20:00,17.5,,2.5,290,100,791
102,백령도,2020-07-08 21:00,17.1,,2.4,320,100,98
102,백령도,2020-07-08 22:00,18,,2.1,290,100,308
102,백령도,2020-07-08 23:00,18.4,,2.2,290,100,323
102,백령도,2020-07-09 00:00,17.4,,2.6,320,100,60
102,백령도,2020-07-09 01:00,16.3,,1.5,290,100,21
102,백령도,2020-07-09 02:00,17.4,,.8,270,100,224
102,백령도,2020-07-09 03:00,15.8,,1.6,290,100,25
102,백령도,2020-07-09 04:00,17.9,,1.2,320,100,282
102,백령도,2020-07-09 05:00,16,,2,320,100,11
102,백령도,2020-07-09 06:00,16.2,,.9,90,100,558
102,백령도,2020-07-09 07:00,17.6,,2.1,90,100,395
102,백령도,2020-07-09 08:00,18.7,,2.1,140,100,35
102,백령도,2020-07-09 09:00,19.9,,2,140,100,342
102,백령도,2020-07-09 10:00,20.6,,2.8,140,95,856
102,백령도,2020-07-09 11:00,20.9,,2.8,140,93,777
102,백령도,2020-07-09 12:00,21.8,,3.1,180,88,937
102,백령도,2020-07-09 13:00,22.3,,2.8,180,87,1243
102,백령도,2020-07-09 14:00,22.8,,3.7,180,84,1361
102,백령도,2020-07-09 15:00,22.1,,2.5,180,88,1044
102,백령도,2020-07-09 16:00,23.4,,1.5,340,79,1310
102,백령도,2020-07-09 17:00,22.2,,2.4,320,87,1269
102,백령도,2020-07-09 18:00,21,,2,290,90,1051
102,백령도,2020-07-09 19:00,20,,2.5,320,95,862
102,백령도,2020-07-09 20:00,19,,2.1,290,97,719
102,백령도,2020-07-09 21:00,19.9,,1.5,290,91,1170
102,백령도,2020-07-09 22:00,20.1,,.7,290,86,1577
102,백령도,2020-07-09 23:00,19.7,,1.4,290,85,1545
102,백령도,2020-07-10 00:00,21.8,,1,50,71,2048
102,백령도,2020-07-10 01:00,21.9,,.8,340,71,2024
102,백령도,2020-07-10 02:00,21.8,,1.1,20,74,2015
102,백령도,2020-07-10 03:00,22.3,,1.8,20,81,1543
102,백령도,2020-07-10 04:00,22.3,,2.4,50,84,1099
102,백령도,2020-07-10 05:00,21.7,,2.5,70,87,1016
102,백령도,2020-07-10 06:00,20.9,,1.8,90,93,742
102,백령도,2020-07-10 07:00,22,,2,90,92,854
102,백령도,2020-07-10 08:00,22.9,,1.3,70,88,936
102,백령도,2020-07-10 09:00,22.9,,1.2,290,89,922
102,백령도,2020-07-10 10:00,24.8,,2.7,70,78,1172
102,백령도,2020-07-10 11:00,23.5,,3.8,90,82,1940
102,백령도,2020-07-10 12:00,23.8,,2.4,90,85,1565
102,백령도,2020-07-10 13:00,25.7,,3.6,70,75,1843
102,백령도,2020-07-10 14:00,25.7,,3.1,70,78,2189
102,백령도,2020-07-10 15:00,25.6,,3.3,70,73,2868
102,백령도,2020-07-10 16:00,26.1,,1.7,110,73,2817
102,백령도,2020-07-10 17:00,25.1,,2.4,320,78,2380
102,백령도,2020-07-10 18:00,22.8,,2.8,320,83,1790
102,백령도,2020-07-10 19:00,22.9,,2.1,320,81,1814
102,백령도,2020-07-10 20:00,21.8,,3.6,290,87,1556
102,백령도,2020-07-10 21:00,20.7,,1.7,320,92,1304
102,백령도,2020-07-10 22:00,20.7,,2.7,320,92,1342
102,백령도,2020-07-10 23:00,20.1,,2.4,320,94,1340
102,백령도,2020-07-11 00:00,19.3,,2.2,290,97,1183
102,백령도,2020-07-11 01:00,18.8,,2.4,290,96,1159
102,백령도,2020-07-11 02:00,18.8,,2,320,96,1267
102,백령도,2020-07-11 03:00,18.4,,1.6,320,98,1073
102,백령도,2020-07-11 04:00,17.8,,2,320,99,735
102,백령도,2020-07-11 05:00,19.2,,.9,90,97,1243
102,백령도,2020-07-11 06:00,19.6,,1.1,70,96,1545
102,백령도,2020-07-11 07:00,20.7,,0,0,94,1752
102,백령도,2020-07-11 08:00,23.2,,2,70,78,2957
102,백령도,2020-07-11 09:00,24.4,,2.1,90,72,3700
102,백령도,2020-07-11 10:00,25.1,,2.4,90,65,1524
102,백령도,2020-07-11 11:00,25.7,,2.7,110,65,2250
102,백령도,2020-07-11 12:00,25.4,,2.6,200,62,4285
102,백령도,2020-07-11 13:00,25,,2.2,320,71,3233
102,백령도,2020-07-11 14:00,25,,2.9,320,66,3617
102,백령도,2020-07-11 15:00,24.4,,3.2,320,69,3659
102,백령도,2020-07-11 16:00,23.7,,4,320,72,3549
102,백령도,2020-07-11 17:00,23.1,,2.7,320,76,3521
102,백령도,2020-07-11 18:00,22.5,,3.6,340,74,4004
102,백령도,2020-07-11 19:00,22.4,,2.5,360,76,4140
102,백령도,2020-07-11 20:00,21.6,,1.3,320,79,4312
102,백령도,2020-07-11 21:00,21.3,,1.4,320,81,3993
102,백령도,2020-07-11 22:00,21.2,,1.5,270,81,4153
102,백령도,2020-07-11 23:00,22.6,,.8,50,71,4579
102,백령도,2020-07-12 00:00,22.3,,.5,50,77,4252
102,백령도,2020-07-12 01:00,22.2,,.1,0,79,3988
102,백령도,2020-07-12 02:00,21.8,,1.6,90,82,3774
102,백령도,2020-07-12 03:00,21.1,,1.1,110,88,3264
102,백령도,2020-07-12 04:00,20.6,,2,90,93,2550
102,백령도,2020-07-12 05:00,20.8,,3.4,90,95,1913
102,백령도,2020-07-12 06:00,20.8,,2.9,90,92,2356
102,백령도,2020-07-12 07:00,20.7,,2.6,90,91,2414
102,백령도,2020-07-12 08:00,21.1,,3,90,90,2358
102,백령도,2020-07-12 09:00,21.6,,2.6,110,82,2787
102,백령도,2020-07-12 10:00,21.9,,3.7,110,76,3145
102,백령도,2020-07-12 11:00,22,,3.6,110,82,2864
102,백령도,2020-07-12 12:00,21.4,,5.4,160,91,1956
102,백령도,2020-07-12 13:00,22,,3.9,140,91,1919
102,백령도,2020-07-12 14:00,21.8,0,3.5,110,92,1910
102,백령도,2020-07-12 15:00,21,1,3.1,140,97,696
102,백령도,2020-07-12 16:00,20.6,1.2,3.2,110,99,606
102,백령도,2020-07-12 17:00,20.6,1.4,3,110,100,534
102,백령도,2020-07-12 18:00,20.2,1,2.5,110,100,417
102,백령도,2020-07-12 19:00,19.8,.7,3.3,90,100,681
102,백령도,2020-07-12 20:00,19.7,0,2.3,90,100,738
102,백령도,2020-07-12 21:00,19.6,0,3.4,90,99,948
102,백령도,2020-07-12 22:00,19.5,0,2.1,90,100,1113
102,백령도,2020-07-12 23:00,20,,3.2,110,100,1035
102,백령도,2020-07-13 00:00,20.5,,3.6,110,98,1527
102,백령도,2020-07-13 01:00,20.2,,3.4,90,98,1289
102,백령도,2020-07-13 02:00,20.3,,4.7,70,96,2050
102,백령도,2020-07-13 03:00,19.5,1,3.3,70,99,719
102,백령도,2020-07-13 04:00,19.3,3.2,4.8,70,98,463
102,백령도,2020-07-13 05:00,18.9,1.5,5.9,70,97,1156
102,백령도,2020-07-13 06:00,18.5,0,5.1,70,93,2634
102,백령도,2020-07-13 07:00,18.5,0,5.4,70,90,2297
102,백령도,2020-07-13 08:00,18.2,0,8.1,50,91,2704
102,백령도,2020-07-13 09:00,19.1,0,6.8,90,88,2604
102,백령도,2020-07-13 10:00,19.5,0,6.4,70,88,2697
102,백령도,2020-07-13 11:00,19.9,,6.6,70,88,3032
102,백령도,2020-07-13 12:00,20.5,,6.9,70,85,3056
102,백령도,2020-07-13 13:00,20.3,,6.2,90,87,3007
102,백령도,2020-07-13 14:00,20.2,,6.1,90,86,2598
102,백령도,2020-07-13 15:00,20.2,,5.1,70,86,2928
102,백령도,2020-07-13 16:00,19.1,0,1.4,20,95,829
102,백령도,2020-07-13 17:00,18.8,.5,3.3,50,97,2382
102,백령도,2020-07-13 18:00,18.9,0,4.7,50,95,726
102,백령도,2020-07-13 19:00,18.7,.1,3.9,50,97,656
102,백령도,2020-07-13 20:00,18.4,.4,1.9,360,97,1235
102,백령도,2020-07-13 21:00,18,.1,3,340,98,1878
102,백령도,2020-07-13 22:00,17.8,.1,4.1,50,96,1010
102,백령도,2020-07-13 23:00,17.3,.9,3.5,340,99,709
102,백령도,2020-07-14 00:00,17.6,.3,2.7,360,98,2419
102,백령도,2020-07-14 01:00,17.7,0,3,360,97,3583
102,백령도,2020-07-14 02:00,17.6,0,3.5,360,97,2190
102,백령도,2020-07-14 03:00,17.2,0,2.7,360,98,1786
102,백령도,2020-07-14 04:00,17.3,0,3,360,98,3577
102,백령도,2020-07-14 05:00,17.3,0,4.7,360,98,3192
102,백령도,2020-07-14 06:00,17.5,,3.1,340,96,3715
102,백령도,2020-07-14 07:00,17.8,,2.1,360,93,4135
102,백령도,2020-07-14 08:00,18.4,,1.9,360,91,3984
102,백령도,2020-07-14 09:00,17.5,0,3.6,50,95,534
102,백령도,2020-07-14 10:00,17.7,0,2.7,70,96,3899
102,백령도,2020-07-14 11:00,20.1,,2.5,90,87,4714
102,백령도,2020-07-14 12:00,20.6,,2.6,340,81,4247
102,백령도,2020-07-14 13:00,20.2,,4.1,290,90,3483
102,백령도,2020-07-14 14:00,21,,6.2,340,86,3485
102,백령도,2020-07-14 15:00,21.1,,7.4,340,82,3861
102,백령도,2020-07-14 16:00,20.6,,4.9,340,90,4298
102,백령도,2020-07-14 17:00,20.5,,4.6,290,91,3175
102,백령도,2020-07-14 18:00,20.1,,5,290,92,3968
102,백령도,2020-07-14 19:00,19.2,,4.7,320,94,4086
102,백령도,2020-07-14 20:00,18.8,,3.6,320,95,4818
102,백령도,2020-07-14 21:00,18.9,,.7,320,94,4637
102,백령도,2020-07-14 22:00,19.1,,1.5,340,92,4900
102,백령도,2020-07-14 23:00,18.7,,1.4,340,94,4796
102,백령도,2020-07-15 00:00,18.7,,1.6,290,95,4555
102,백령도,2020-07-15 01:00,19.2,,2.2,320,90,4789
102,백령도,2020-07-15 02:00,18.7,,1.7,320,92,4699
102,백령도,2020-07-15 03:00,18.4,,2.1,320,93,4664
102,백령도,2020-07-15 04:00,18.2,,1.8,320,96,4477
102,백령도,2020-07-15 05:00,18.2,,1.9,320,96,4124
102,백령도,2020-07-15 06:00,18.2,,2.6,290,95,4642
102,백령도,2020-07-15 07:00,19.6,,2.1,320,92,4613
102,백령도,2020-07-15 08:00,20.2,,1.9,320,85,4683
102,백령도,2020-07-15 09:00,22.1,,1.7,360,77,4537
102,백령도,2020-07-15 10:00,23.1,,1.5,90,69,3928
102,백령도,2020-07-15 11:00,23.8,,1.5,320,66,4457
102,백령도,2020-07-15 12:00,24.5,,2.6,290,63,4208
102,백령도,2020-07-15 13:00,24.1,,3.4,290,63,3837
102,백령도,2020-07-15 14:00,24.1,,4.1,320,61,4064
102,백령도,2020-07-15 15:00,23.5,,4.1,320,66,4612
102,백령도,2020-07-15 16:00,23.6,,3.7,290,64,4829
102,백령도,2020-07-15 17:00,22.8,,4.6,290,63,4637
102,백령도,2020-07-15 18:00,22.4,,5,320,72,4776
102,백령도,2020-07-15 19:00,21.6,,3.8,290,81,4657
102,백령도,2020-07-15 20:00,20.3,,3.1,290,91,4313
102,백령도,2020-07-15 21:00,19.2,,1.9,320,95,4048
102,백령도,2020-07-15 22:00,19.2,,1.6,320,94,3894
102,백령도,2020-07-15 23:00,18.5,,1.8,290,97,2891
102,백령도,2020-07-16 00:00,18.7,,1.4,290,95,2641
102,백령도,2020-07-16 01:00,18.8,,1.1,230,96,2158
102,백령도,2020-07-16 02:00,19.1,,.6,180,96,1940
102,백령도,2020-07-16 03:00,19.3,,0,0,97,1829
102,백령도,2020-07-16 04:00,19.4,,0,0,96,1815
102,백령도,2020-07-16 05:00,19.3,,.1,0,99,1248
102,백령도,2020-07-16 06:00,18.8,,1.2,70,98,1010
102,백령도,2020-07-16 07:00,20.1,,.8,110,94,1235
102,백령도,2020-07-16 08:00,22.2,,0,0,92,1902
102,백령도,2020-07-16 09:00,22.3,,1.5,290,89,2367
102,백령도,2020-07-16 10:00,24,,1.2,340,80,3081
102,백령도,2020-07-16 11:00,24.2,,3.2,290,72,3223
102,백령도,2020-07-16 12:00,25,,2.2,320,63,3500
102,백령도,2020-07-16 13:00,25.4,,1.7,290,62,3581
102,백령도,2020-07-16 14:00,25.9,,2.8,320,58,3808
102,백령도,2020-07-16 15:00,25.6,,2.4,320,55,4018
102,백령도,2020-07-16 16:00,26.1,,2.1,320,61,4001
102,백령도,2020-07-16 17:00,25.2,,3.5,250,70,3540
102,백령도,2020-07-16 18:00,25,,2.9,230,65,3623
102,백령도,2020-07-16 19:00,23.7,,2.5,270,70,3521
102,백령도,2020-07-16 20:00,22.3,,2,250,82,3076
102,백령도,2020-07-16 21:00,21.4,,0,0,89,2520
102,백령도,2020-07-16 22:00,20.7,,0,0,93,2100
102,백령도,2020-07-16 23:00,20.7,,0,0,93,2114
102,백령도,2020-07-17 00:00,20.1,,0,0,96,1773
102,백령도,2020-07-17 01:00,20.1,,0,0,98,1125
102,백령도,2020-07-17 02:00,20,,0,0,96,1387
102,백령도,2020-07-17 03:00,19.9,,0,0,100,845
102,백령도,2020-07-17 04:00,19.6,,0,0,100,139
102,백령도,2020-07-17 05:00,19.1,,0,0,100,55
102,백령도,2020-07-17 06:00,19.5,,0,0,100,49
102,백령도,2020-07-17 07:00,20.6,,0,0,100,1125
102,백령도,2020-07-17 08:00,22.8,,0,0,84,3348
102,백령도,2020-07-17 09:00,24.4,,1.2,360,73,4633
102,백령도,2020-07-17 10:00,25.1,,1.5,70,65,3938
102,백령도,2020-07-17 11:00,26.4,,1.6,90,58,4083
102,백령도,2020-07-17 12:00,26.7,,1.3,160,51,4857
102,백령도,2020-07-17 13:00,26.3,,3.1,340,64,4433
102,백령도,2020-07-17 14:00,26.1,,2.1,110,65,4511
102,백령도,2020-07-17 15:00,26,,3.4,230,63,4648
102,백령도,2020-07-17 16:00,26.4,,2,230,61,4258
102,백령도,2020-07-17 17:00,25.4,,1.5,160,68,4306
102,백령도,2020-07-17 18:00,24.4,,3,250,75,3886
102,백령도,2020-07-17 19:00,22.8,,3,270,86,3558
102,백령도,2020-07-17 20:00,21.4,,.5,340,90,3084
102,백령도,2020-07-17 21:00,20,,.8,320,99,1168
102,백령도,2020-07-17 22:00,20.1,,1,290,100,1003
102,백령도,2020-07-17 23:00,20.2,,.6,270,99,1862
102,백령도,2020-07-18 00:00,20.4,,0,0,95,3339
102,백령도,2020-07-18 01:00,20,,1.2,270,90,4329
102,백령도,2020-07-18 02:00,20,,0,0,87,4890
102,백령도,2020-07-18 03:00,19.4,,.7,270,92,4665
102,백령도,2020-07-18 04:00,20,,1.4,250,95,4071
102,백령도,2020-07-18 05:00,20.1,,.6,270,98,1478
102,백령도,2020-07-18 06:00,19.1,,.9,110,99,1603
102,백령도,2020-07-18 07:00,21.1,,.6,70,92,3930
102,백령도,2020-07-18 08:00,21.1,,1.6,90,93,2968
102,백령도,2020-07-18 09:00,22.2,,1.3,110,85,3383
102,백령도,2020-07-18 10:00,23.3,,.8,160,80,2838
102,백령도,2020-07-18 11:00,23.9,,1.8,110,72,3798
102,백령도,2020-07-18 12:00,25,,2.6,180,68,3381
102,백령도,2020-07-18 13:00,24.3,,4,180,73,3184
102,백령도,2020-07-18 14:00,23.9,,4.9,160,76,3391
102,백령도,2020-07-18 15:00,24.1,,4.9,180,76,4167
102,백령도,2020-07-18 16:00,23.8,,4.7,160,79,4669
102,백령도,2020-07-18 17:00,23.7,,4.4,160,79,4232
102,백령도,2020-07-18 18:00,22.8,,4.8,160,84,3591
102,백령도,2020-07-18 19:00,21.9,,3.8,160,92,3432
102,백령도,2020-07-18 20:00,21.7,,2.7,160,92,2430
102,백령도,2020-07-18 21:00,21.4,,2.3,140,95,1742
102,백령도,2020-07-18 22:00,20.4,,2,110,98,1014
102,백령도,2020-07-18 23:00,20.4,,2.2,110,99,892
102,백령도,2020-07-19 00:00,20.6,,3,110,98,808
102,백령도,2020-07-19 01:00,21.1,,3.6,110,92,2136
102,백령도,2020-07-19 02:00,21.1,0,4.3,110,91,2066
102,백령도,2020-07-19 03:00,20.9,.3,4.2,140,92,1617
102,백령도,2020-07-19 04:00,20.8,1.1,5.6,140,95,828
102,백령도,2020-07-19 05:00,20,3.3,4.8,140,100,353
102,백령도,2020-07-19 06:00,19.8,1.8,5.7,110,100,153
102,백령도,2020-07-19 07:00,20.2,.5,6,140,100,361
102,백령도,2020-07-19 08:00,20.1,.2,5.5,110,100,214
102,백령도,2020-07-19 09:00,20,5.3,7.2,110,100,131
102,백령도,2020-07-19 10:00,20.2,1.6,8.1,110,100,554
102,백령도,2020-07-19 11:00,20.2,15.7,5.9,110,100,267
102,백령도,2020-07-19 12:00,20.6,.2,6.1,110,100,277
102,백령도,2020-07-19 13:00,21,.7,6.5,140,100,377
102,백령도,2020-07-19 14:00,21.2,3.3,7.6,140,100,329
102,백령도,2020-07-19 15:00,20.9,4.7,5.6,140,100,142
102,백령도,2020-07-19 16:00,21.3,.1,6.2,160,100,67
102,백령도,2020-07-19 17:00,21.6,.3,9.7,160,100,85
102,백령도,2020-07-19 18:00,21.6,.7,10.1,160,100,140
102,백령도,2020-07-19 19:00,21.7,.7,9.4,160,100,192
102,백령도,2020-07-19 20:00,22.1,1.2,6.8,180,100,240
102,백령도,2020-07-19 21:00,21.9,9.6,8.1,160,100,232
102,백령도,2020-07-19 22:00,21.6,9.1,7.7,160,100,168
102,백령도,2020-07-19 23:00,21.7,10.9,10.3,160,100,320
102,백령도,2020-07-20 00:00,22.2,6.9,11.9,160,100,637
102,백령도,2020-07-20 01:00,22.3,5.7,9,180,100,547
102,백령도,2020-07-20 02:00,22.7,.2,8.2,180,100,687
102,백령도,2020-07-20 03:00,22.1,.1,5.3,180,100,200
102,백령도,2020-07-20 04:00,21.4,0,3,180,100,30
102,백령도,2020-07-20 05:00,20.5,.4,7.2,290,100,345
102,백령도,2020-07-20 06:00,20,0,6.8,320,100,2238
102,백령도,2020-07-20 07:00,20.3,,5,290,100,2370
102,백령도,2020-07-20 08:00,21.8,,4.3,290,99,3032
102,백령도,2020-07-20 09:00,22.5,,6.6,290,95,1140
102,백령도,2020-07-20 10:00,23.3,,5.8,290,92,1070
102,백령도,2020-07-20 11:00,23,,7.5,290,91,1165
102,백령도,2020-07-20 12:00,23.4,,6.3,290,89,1476
102,백령도,2020-07-20 13:00,23.9,,5.9,290,88,1446
102,백령도,2020-07-20 14:00,23.8,,5.3,290,90,1654
102,백령도,2020-07-20 15:00,24.3,,4.4,290,86,1768
102,백령도,2020-07-20 16:00,23.9,,4.7,290,88,1676
102,백령도,2020-07-20 17:00,23.8,,4.5,320,86,1642
102,백령도,2020-07-20 18:00,23.7,,3.6,290,88,1275
102,백령도,2020-07-20 19:00,23.1,,3.2,290,90,861
102,백령도,2020-07-20 20:00,21.9,,1.3,230,97,527
102,백령도,2020-07-20 21:00,21.2,,1.5,200,100,156
102,백령도,2020-07-20 22:00,21.2,,1.5,250,100,65
102,백령도,2020-07-20 23:00,21.1,,1.6,200,100,91
102,백령도,2020-07-21 00:00,20.8,,2.3,200,100,12
102,백령도,2020-07-21 01:00,20.8,,1.3,250,100,33
102,백령도,2020-07-21 02:00,20.3,,0,0,100,266
102,백령도,2020-07-21 03:00,18.8,,0,0,100,11
102,백령도,2020-07-21 04:00,19.1,,2.1,90,100,11
102,백령도,2020-07-21 05:00,19.3,,1.7,110,100,13
102,백령도,2020-07-21 06:00,19.2,,2.1,140,100,19
102,백령도,2020-07-21 07:00,19.4,,2.2,140,100,25
102,백령도,2020-07-21 08:00,19.6,,2.5,140,100,44
102,백령도,2020-07-21 09:00,19.7,,2.8,110,100,98
102,백령도,2020-07-21 10:00,20,,2.4,110,100,551
102,백령도,2020-07-21 11:00,21.9,,2.9,160,95,980
102,백령도,2020-07-21 12:00,22,,3.4,180,91,932
102,백령도,2020-07-21 13:00,23.6,,2.2,180,89,1346
102,백령도,2020-07-21 14:00,23.1,,2.8,200,86,1283
102,백령도,2020-07-21 15:00,23.4,,2.4,180,88,1145
102,백령도,2020-07-21 16:00,23.3,,.6,200,90,1115
102,백령도,2020-07-21 17:00,23.2,,.7,140,91,1108
102,백령도,2020-07-21 18:00,22.7,,1.7,180,93,868
102,백령도,2020-07-21 19:00,22.2,,.7,290,92,1107
102,백령도,2020-07-21 20:00,21.4,,.4,0,97,485
102,백령도,2020-07-21 21:00,20.2,,1.6,340,100,403
102,백령도,2020-07-21 22:00,19.9,,1.1,230,100,349
102,백령도,2020-07-21 23:00,19.6,,1,320,100,300
102,백령도,2020-07-22 00:00,19.7,,1.2,320,100,302
102,백령도,2020-07-22 01:00,19.9,,1.3,290,100,232
102,백령도,2020-07-22 02:00,19.9,,.8,290,100,462
102,백령도,2020-07-22 03:00,20.1,,1.8,320,100,415
102,백령도,2020-07-22 04:00,20,,1.3,290,97,757
102,백령도,2020-07-22 05:00,20.2,,.6,200,96,990
102,백령도,2020-07-22 06:00,19.3,,1.9,320,99,441
102,백령도,2020-07-22 07:00,19.3,,1.7,320,100,363
102,백령도,2020-07-22 08:00,22.5,,.6,290,91,1486
102,백령도,2020-07-22 09:00,22.4,,1.2,290,91,1600
102,백령도,2020-07-22 10:00,25,,.9,20,82,2100
102,백령도,2020-07-22 11:00,24.9,,1.6,90,80,1789
102,백령도,2020-07-22 12:00,24.7,,2,180,82,1917
102,백령도,2020-07-22 13:00,25.5,,1.5,250,79,2259
102,백령도,2020-07-22 14:00,24.7,,1.6,180,82,2012
102,백령도,2020-07-22 15:00,22.5,,2.1,90,87,2202
102,백령도,2020-07-22 16:00,22,,.8,50,91,2243
102,백령도,2020-07-22 17:00,22.1,,1,320,91,2379
102,백령도,2020-07-22 18:00,21.4,,1.2,90,93,1625
102,백령도,2020-07-22 19:00,22.2,,.1,0,90,1581
102,백령도,2020-07-22 20:00,20.9,,.6,160,96,743
102,백령도,2020-07-22 21:00,20.7,,.9,90,97,653
102,백령도,2020-07-22 22:00,20.5,,1.7,90,97,588
102,백령도,2020-07-22 23:00,20.2,,1.5,110,99,479
102,백령도,2020-07-23 00:00,20.6,,1.3,140,97,754
102,백령도,2020-07-23 01:00,20.7,,3.6,160,100,278
102,백령도,2020-07-23 02:00,20.1,0,4.1,140,100,224
102,백령도,2020-07-23 03:00,19.9,.7,4.6,140,100,73
102,백령도,2020-07-23 04:00,19.7,.1,3.7,110,100,132
102,백령도,2020-07-23 05:00,20,.6,3.7,110,100,184
102,백령도,2020-07-23 06:00,20.2,.3,4.1,110,100,263
102,백령도,2020-07-23 07:00,20,0,5.2,110,100,339
102,백령도,2020-07-23 08:00,20.2,.1,5,110,100,277
102,백령도,2020-07-23 09:00,20.4,.2,5.3,110,100,378
102,백령도,2020-07-23 10:00,20.4,2,4.9,110,100,210
102,백령도,2020-07-23 11:00,20.4,5.3,5.7,110,100,203
102,백령도,2020-07-23 12:00,19.9,3.7,6.7,110,97,672
102,백령도,2020-07-23 13:00,20.3,2.9,6.4,90,100,573
102,백령도,2020-07-23 14:00,20.1,2.2,6.5,70,99,703
102,백령도,2020-07-23 15:00,19.9,4.1,5.6,70,100,425
102,백령도,2020-07-23 16:00,19.7,7.5,7.2,90,100,422
102,백령도,2020-07-23 17:00,19.5,3,6.7,70,100,460
102,백령도,2020-07-23 18:00,19.3,5.1,8.8,70,100,223
102,백령도,2020-07-23 19:00,19.4,5.8,10,70,100,267
102,백령도,2020-07-23 20:00,19,9.3,10.5,70,100,173
102,백령도,2020-07-23 21:00,19.3,13.2,8.2,70,100,183
102,백령도,2020-07-23 22:00,19.2,3.5,9,70,99,366
102,백령도,2020-07-23 23:00,18.8,1,9,70,97,831
102,백령도,2020-07-24 00:00,18.8,.5,9.1,70,96,1182
102,백령도,2020-07-24 01:00,18.8,.1,7.3,50,96,1287
102,백령도,2020-07-24 02:00,18.5,2.9,6.5,50,98,1275
102,백령도,2020-07-24 03:00,18.4,3.3,6.4,50,98,514
102,백령도,2020-07-24 04:00,18.7,1.5,3.5,20,96,925
102,백령도,2020-07-24 05:00,18.7,.8,3,360,97,705
102,백령도,2020-07-24 06:00,18.4,2.8,4.1,340,100,649
102,백령도,2020-07-24 07:00,18.5,3.3,3.1,360,99,351
102,백령도,2020-07-24 08:00,18.8,2.2,3.8,360,98,806
102,백령도,2020-07-24 09:00,19,1.2,5.1,360,100,818
102,백령도,2020-07-24 10:00,18.9,2,7.1,340,99,706
102,백령도,2020-07-24 11:00,20.2,.6,8.3,360,92,2852
102,백령도,2020-07-24 12:00,21.5,0,6.6,340,85,2930
102,백령도,2020-07-24 13:00,22.2,,6.4,340,80,3193
102,백령도,2020-07-24 14:00,22.2,,7.5,360,78,3533
102,백령도,2020-07-24 15:00,22.6,,7,340,76,3527
102,백령도,2020-07-24 16:00,22.4,,7.4,360,77,4168
102,백령도,2020-07-24 17:00,22,,5.1,340,80,4241
102,백령도,2020-07-24 18:00,21.7,,7.6,360,83,3412
102,백령도,2020-07-24 19:00,21.3,,7.8,360,85,3682
102,백령도,2020-07-24 20:00,21,,6,340,87,3455
102,백령도,2020-07-24 21:00,21,,4.2,360,86,3976
102,백령도,2020-07-24 22:00,21.3,,4.1,360,80,4707
102,백령도,2020-07-24 23:00,21.2,,3.5,360,77,5000
102,백령도,2020-07-25 00:00,21.1,,3.6,360,78,4984
102,백령도,2020-07-25 01:00,21.8,,2.8,360,73,4928
102,백령도,2020-07-25 02:00,21.9,,2.8,20,72,4999
102,백령도,2020-07-25 03:00,21.5,0,3.3,360,74,4999
102,백령도,2020-07-25 04:00,21.4,0,4.6,340,75,4989
102,백령도,2020-07-25 05:00,21,,3.3,360,77,4960
102,백령도,2020-07-25 06:00,20.7,,3.7,360,80,4959
102,백령도,2020-07-25 07:00,21.5,,3.1,340,77,4811
102,백령도,2020-07-25 08:00,22.1,,2.9,340,73,4929
102,백령도,2020-07-25 09:00,21.6,,4.1,360,79,4854
102,백령도,2020-07-25 10:00,23.2,,2.3,340,72,4800
102,백령도,2020-07-25 11:00,23.4,,4.1,50,71,4845
102,백령도,2020-07-25 12:00,24.6,,1.5,340,69,4786
102,백령도,2020-07-25 13:00,25.3,,3.1,50,64,4907
102,백령도,2020-07-25 14:00,25.5,,5,50,65,4999
102,백령도,2020-07-25 15:00,25.2,,2.6,340,69,4743
102,백령도,2020-07-25 16:00,25.2,,2.6,340,70,4775
102,백령도,2020-07-25 17:00,25.7,,5.2,50,64,4932
102,백령도,2020-07-25 18:00,25.6,,2.2,360,67,4968
102,백령도,2020-07-25 19:00,23,,4.1,360,76,4754
102,백령도,2020-07-25 20:00,22.2,,3.2,360,82,4927
102,백령도,2020-07-25 21:00,22.4,,1,50,80,4999
102,백령도,2020-07-25 22:00,22.9,,1.5,50,79,4998
102,백령도,2020-07-25 23:00,22.1,,2.7,50,83,4991
102,백령도,2020-07-26 00:00,21.7,,2.3,50,83,4997
102,백령도,2020-07-26 01:00,21,,.7,110,86,4996
102,백령도,2020-07-26 02:00,21,,1.5,70,83,4999
102,백령도,2020-07-26 03:00,20.7,,0,0,85,5000
102,백령도,2020-07-26 04:00,20.4,,1.5,50,85,5000
102,백령도,2020-07-26 05:00,20.5,,1.3,70,83,4994
102,백령도,2020-07-26 06:00,20.5,,1.4,70,83,5000
102,백령도,2020-07-26 07:00,21.5,,2.1,90,78,3635
102,백령도,2020-07-26 08:00,23.1,,2.1,90,74,5000
102,백령도,2020-07-26 09:00,23.5,,2.2,90,71,4622
102,백령도,2020-07-26 10:00,24.6,,2.7,90,69,4836
102,백령도,2020-07-26 11:00,24,,2.8,110,68,4995
102,백령도,2020-07-26 12:00,25.5,,2.4,110,67,4995
102,백령도,2020-07-26 13:00,26.1,,2.6,140,65,5000
102,백령도,2020-07-26 14:00,25.7,,1.7,140,66,4998
102,백령도,2020-07-26 15:00,23.6,,2,200,74,5000
102,백령도,2020-07-26 16:00,24,,1.8,180,73,5000
102,백령도,2020-07-26 17:00,23.9,,1.4,160,73,5000
102,백령도,2020-07-26 18:00,23,,0,0,79,5000
102,백령도,2020-07-26 19:00,22.9,,0,0,78,5000
102,백령도,2020-07-26 20:00,22,,0,0,84,4999
102,백령도,2020-07-26 21:00,20.7,,.4,0,92,4997
102,백령도,2020-07-26 22:00,20.5,,.4,0,92,5000
102,백령도,2020-07-26 23:00,20.4,,0,0,92,5000
102,백령도,2020-07-27 00:00,20.4,,.5,140,93,4999
102,백령도,2020-07-27 01:00,20.3,,.8,90,94,4967
102,백령도,2020-07-27 02:00,19.9,,1,110,95,4972
102,백령도,2020-07-27 03:00,19.8,,1.8,110,98,4670
102,백령도,2020-07-27 04:00,20.3,,2.4,110,100,1218
102,백령도,2020-07-27 05:00,20.6,,2.2,140,100,900
102,백령도,2020-07-27 06:00,20.6,0,4.2,160,99,1213
102,백령도,2020-07-27 07:00,20.6,.1,3.3,140,100,631
102,백령도,2020-07-27 08:00,20.8,0,4.3,140,100,1193
102,백령도,2020-07-27 09:00,21,,3.8,140,96,2882
102,백령도,2020-07-27 10:00,21.2,,3.6,140,97,2251
102,백령도,2020-07-27 11:00,21.6,,3.8,140,95,3064
102,백령도,2020-07-27 12:00,21.8,,4.8,140,94,3660
102,백령도,2020-07-27 13:00,22.2,,3.9,140,91,4383
102,백령도,2020-07-27 14:00,22.5,,3.6,160,89,4720
102,백령도,2020-07-27 15:00,22.2,,4,180,89,4456
102,백령도,2020-07-27 16:00,22,,4.2,180,92,4428
102,백령도,2020-07-27 17:00,22.2,,3.8,180,89,4871
102,백령도,2020-07-27 18:00,22.9,,2.1,180,82,5000
102,백령도,2020-07-27 19:00,22.1,,1.1,160,84,5000
102,백령도,2020-07-27 20:00,20.3,,.7,340,93,4662
102,백령도,2020-07-27 21:00,19.7,,0,0,97,4215
102,백령도,2020-07-27 22:00,19.8,,0,0,94,4681
102,백령도,2020-07-27 23:00,19.7,,2,320,96,4999
102,백령도,2020-07-28 00:00,19.9,,1.1,290,95,4995
102,백령도,2020-07-28 01:00,20.2,,0,0,93,5000
102,백령도,2020-07-28 02:00,20.4,,.8,70,95,3074
102,백령도,2020-07-28 03:00,20.7,,.4,0,97,1758
102,백령도,2020-07-28 04:00,20.3,,0,0,99,1175
102,백령도,2020-07-28 05:00,19.7,,0,0,99,2085
102,백령도,2020-07-28 06:00,20.8,,0,0,99,1249
102,백령도,2020-07-28 07:00,21.3,,.3,0,98,1150
102,백령도,2020-07-28 08:00,22.2,,1.7,90,96,1150
102,백령도,2020-07-28 09:00,23.1,,2.5,90,94,1487
102,백령도,2020-07-28 10:00,24.2,,2.7,90,88,2435
102,백령도,2020-07-28 11:00,24.4,,2.7,90,85,2085
102,백령도,2020-07-28 12:00,24.8,,3.9,110,84,2349
102,백령도,2020-07-28 13:00,25.6,,3.6,140,83,2705
102,백령도,2020-07-28 14:00,25.3,,3.3,160,82,1805
102,백령도,2020-07-28 15:00,24.8,,3.8,180,84,2017
102,백령도,2020-07-28 16:00,24.6,,3.6,180,84,1904
102,백령도,2020-07-28 17:00,24.6,,2.8,200,84,2283
102,백령도,2020-07-28 18:00,24,,2,180,85,2291
102,백령도,2020-07-28 19:00,23.6,,1.4,180,85,3628
102,백령도,2020-07-28 20:00,22.1,,.3,0,94,1445
102,백령도,2020-07-28 21:00,20.5,,1.7,90,98,421
102,백령도,2020-07-28 22:00,20.5,,0,0,100,299
102,백령도,2020-07-28 23:00,20.9,,.9,110,99,683
102,백령도,2020-07-29 00:00,21.2,,.6,110,97,1035
102,백령도,2020-07-29 01:00,21.9,,1.1,140,97,1327
102,백령도,2020-07-29 02:00,21.6,,.9,90,95,1161
102,백령도,2020-07-29 03:00,21.5,0,0,0,96,1216
102,백령도,2020-07-29 04:00,21.1,0,.4,0,98,1066
102,백령도,2020-07-29 05:00,20.9,0,.6,290,98,906
102,백령도,2020-07-29 06:00,21.2,0,.4,0,99,783
102,백령도,2020-07-29 07:00,21.6,.1,0,0,100,320
102,백령도,2020-07-29 08:00,22,.2,2.1,90,100,101
102,백령도,2020-07-29 09:00,22.4,0,2.5,110,100,305
102,백령도,2020-07-29 10:00,23,0,2.9,110,94,1692
102,백령도,2020-07-29 11:00,23.7,,3.7,110,92,2891
102,백령도,2020-07-29 12:00,23.4,,4.1,140,95,1812
102,백령도,2020-07-29 13:00,23.2,,3.6,140,95,1441
102,백령도,2020-07-29 14:00,23.3,,3.4,140,97,780
102,백령도,2020-07-29 15:00,23.1,,2.9,160,96,900
102,백령도,2020-07-29 16:00,23.6,,1.4,140,95,750
102,백령도,2020-07-29 17:00,21.9,,2.5,140,99,323
102,백령도,2020-07-29 18:00,21.9,,1.7,160,100,90
102,백령도,2020-07-29 19:00,21.6,0,1.6,160,100,33
102,백령도,2020-07-29 20:00,21.2,0,1.4,180,100,30
102,백령도,2020-07-29 21:00,21.2,0,1.2,160,100,70
102,백령도,2020-07-29 22:00,21.3,0,.5,160,100,25
102,백령도,2020-07-29 23:00,21.5,,0,0,100,28
102,백령도,2020-07-30 00:00,21.4,,1.8,160,100,21
102,백령도,2020-07-30 01:00,21.2,,0,0,100,14
102,백령도,2020-07-30 02:00,21.2,,1.1,200,100,19
102,백령도,2020-07-30 03:00,20.9,,1.8,180,100,19
102,백령도,2020-07-30 04:00,21.2,0,1,230,100,40
102,백령도,2020-07-30 05:00,21.4,0,0,0,100,79
102,백령도,2020-07-30 06:00,21.4,0,0,0,100,132
102,백령도,2020-07-30 07:00,21.3,,0,0,100,79
102,백령도,2020-07-30 08:00,21.6,,0,0,100,265
102,백령도,2020-07-30 09:00,22.9,,0,0,100,205
102,백령도,2020-07-30 10:00,24.6,,1,20,89,125
102,백령도,2020-07-30 11:00,24,,1.1,110,92,3175
102,백령도,2020-07-30 12:00,24.2,,2.4,180,89,2606
102,백령도,2020-07-30 13:00,24.3,,2,180,88,3070
102,백령도,2020-07-30 14:00,24.9,,2.6,180,83,3035
102,백령도,2020-07-30 15:00,25,,3.7,180,84,3345
102,백령도,2020-07-30 16:00,25.6,,2.8,200,82,3807
102,백령도,2020-07-30 17:00,25.5,,2.5,200,83,3350
102,백령도,2020-07-30 18:00,24.3,,3.3,200,87,2957
102,백령도,2020-07-30 19:00,23.5,,1.9,230,91,2367
102,백령도,2020-07-30 20:00,22.4,,.1,0,94,1757
102,백령도,2020-07-30 21:00,21,,.7,110,97,840
102,백령도,2020-07-30 22:00,21.1,,1.5,180,99,324
102,백령도,2020-07-30 23:00,20.6,,1.1,160,100,331
102,백령도,2020-07-31 00:00,20.2,,1,160,100,29
102,백령도,2020-07-31 01:00,20.8,,1.1,140,100,265
102,백령도,2020-07-31 02:00,20.9,0,3.2,160,100,34
102,백령도,2020-07-31 03:00,20.9,0,2.6,160,100,22
102,백령도,2020-07-31 04:00,20.9,0,2.2,140,100,15
102,백령도,2020-07-31 05:00,20.9,0,2.3,140,100,39
102,백령도,2020-07-31 06:00,20.8,0,2.8,140,100,309
102,백령도,2020-07-31 07:00,20.8,,3.6,110,100,481
102,백령도,2020-07-31 08:00,21.3,,4.8,140,100,496
102,백령도,2020-07-31 09:00,21.9,,3.9,140,100,894
102,백령도,2020-07-31 10:00,21.4,,4.3,140,100,90
102,백령도,2020-07-31 11:00,21.7,,4.2,110,100,456
102,백령도,2020-07-31 12:00,22.3,0,3.8,140,100,354
102,백령도,2020-07-31 13:00,22.3,1.1,5.5,140,100,64
102,백령도,2020-07-31 14:00,23.2,,4.2,160,100,567
102,백령도,2020-07-31 15:00,22.5,,4.1,160,99,553
102,백령도,2020-07-31 16:00,22.5,,5.1,160,100,67
102,백령도,2020-07-31 17:00,22.7,,4.4,180,100,90
102,백령도,2020-07-31 18:00,22.7,,2.9,180,100,57
102,백령도,2020-07-31 19:00,22.3,0,3.2,180,100,27
102,백령도,2020-07-31 20:00,23,14.8,7.4,160,100,73
102,백령도,2020-07-31 21:00,22.9,7.2,2.3,200,100,574
102,백령도,2020-07-31 22:00,22.4,.1,3.3,180,100,37
102,백령도,2020-07-31 23:00,22.4,0,2.1,180,100,47
102,백령도,2020-08-01 00:00,22.3,,2.6,180,100,27
102,백령도,2020-08-01 01:00,22,,3.1,160,100,22
102,백령도,2020-08-01 02:00,21.9,,3.2,180,100,23
102,백령도,2020-08-01 03:00,22,,2.2,160,100,25
102,백령도,2020-08-01 04:00,22.1,,2.9,160,100,25
102,백령도,2020-08-01 05:00,22.7,,3.3,160,100,64
102,백령도,2020-08-01 06:00,23,.1,3.6,180,100,119
102,백령도,2020-08-01 07:00,22.7,6.1,6.2,200,100,400
102,백령도,2020-08-01 08:00,21.9,3.3,3.8,180,100,505
102,백령도,2020-08-01 09:00,22.3,.5,3.9,200,100,1664
102,백령도,2020-08-01 10:00,22.2,.8,3.9,200,100,396
102,백령도,2020-08-01 11:00,21.7,.9,4.2,140,100,905
102,백령도,2020-08-01 12:00,22.2,.4,5.9,160,100,1655
102,백령도,2020-08-01 13:00,21.7,0,3.8,140,100,1065
102,백령도,2020-08-01 14:00,21.7,0,5.9,160,99,1356
102,백령도,2020-08-01 15:00,21.8,.3,6.4,160,100,813
102,백령도,2020-08-01 16:00,22.3,2.7,5.1,160,100,899
102,백령도,2020-08-01 17:00,21.8,0,4.3,160,100,727
102,백령도,2020-08-01 18:00,21.8,0,1.8,180,100,440
102,백령도,2020-08-01 19:00,21.6,.1,3.3,200,100,327
102,백령도,2020-08-01 20:00,23,,4.2,230,99,3027
102,백령도,2020-08-01 21:00,21.6,,2.8,160,100,933
102,백령도,2020-08-01 22:00,21.3,,1.9,180,100,761
102,백령도,2020-08-01 23:00,21,,.8,160,100,216
102,백령도,2020-08-02 00:00,20.8,,1.6,110,100,110
102,백령도,2020-08-02 01:00,21.1,,2.2,160,100,35
102,백령도,2020-08-02 02:00,20.9,,1.6,110,100,45
102,백령도,2020-08-02 03:00,21.1,,2.2,180,100,33
102,백령도,2020-08-02 04:00,21,,1.1,140,100,25
102,백령도,2020-08-02 05:00,20.9,,2.2,90,100,21
102,백령도,2020-08-02 06:00,21.8,,3.7,160,100,28
102,백령도,2020-08-02 07:00,21.8,,2.8,140,100,23
102,백령도,2020-08-02 08:00,22,,3.8,140,100,24
102,백령도,2020-08-02 09:00,22,,5.2,140,100,24
102,백령도,2020-08-02 10:00,22.6,,5,160,100,29
102,백령도,2020-08-02 11:00,22,0,5.3,140,100,30
102,백령도,2020-08-02 12:00,22.4,16.7,5.4,230,100,369
102,백령도,2020-08-02 13:00,22.7,3.9,5.3,230,100,605
102,백령도,2020-08-02 14:00,22.5,2,4.7,180,100,708
102,백령도,2020-08-02 15:00,22.3,.2,5.2,160,100,907
102,백령도,2020-08-02 16:00,21.5,0,5.3,160,100,169
102,백령도,2020-08-02 17:00,22,.5,8.6,160,100,817
102,백령도,2020-08-02 18:00,22.6,.4,4.3,180,100,1342
102,백령도,2020-08-02 19:00,23.5,.6,7.9,200,100,853
102,백령도,2020-08-02 20:00,23.3,0,5.6,200,100,616
102,백령도,2020-08-02 21:00,23,0,6.7,230,100,257
102,백령도,2020-08-02 22:00,23,,6.2,230,100,186
102,백령도,2020-08-02 23:00,23.1,,5.3,200,100,185
102,백령도,2020-08-03 00:00,23.1,,4.9,230,100,202
102,백령도,2020-08-03 01:00,23.2,,4.6,200,100,240
102,백령도,2020-08-03 02:00,23.4,,6.4,230,100,260
102,백령도,2020-08-03 03:00,23.3,,6,200,100,376
102,백령도,2020-08-03 04:00,23.4,,6.3,230,100,469
102,백령도,2020-08-03 05:00,23.1,,5.9,230,100,347
102,백령도,2020-08-03 06:00,23.4,,4.6,230,100,528
102,백령도,2020-08-03 07:00,23.1,,2.7,200,100,183
102,백령도,2020-08-03 08:00,22.9,,4.9,200,100,227
102,백령도,2020-08-03 09:00,23.8,,5.6,230,100,680
102,백령도,2020-08-03 10:00,24,,5.2,230,97,1079
102,백령도,2020-08-03 11:00,23.7,,3.8,180,98,969
102,백령도,2020-08-03 12:00,24,,2.9,180,97,1596
102,백령도,2020-08-03 13:00,23.7,,4.7,180,97,1561
102,백령도,2020-08-03 14:00,24.7,,3.2,200,96,2425
102,백령도,2020-08-03 15:00,23.6,,3.6,160,97,2069
102,백령도,2020-08-03 16:00,23.5,,4.5,180,97,2049
102,백령도,2020-08-03 17:00,23.2,,5.5,160,98,1777
102,백령도,2020-08-03 18:00,22.7,,4.2,140,99,1581
102,백령도,2020-08-03 19:00,22.2,,3.5,140,100,1079
102,백령도,2020-08-03 20:00,22.3,,3.7,160,100,835
102,백령도,2020-08-03 21:00,22,,5.6,160,100,787
102,백령도,2020-08-03 22:00,22.3,,5.7,160,98,1354
102,백령도,2020-08-03 23:00,23.1,,4.9,160,98,1465
102,백령도,2020-08-04 00:00,24.1,,5.3,180,99,712
102,백령도,2020-08-04 01:00,23.5,0,6.6,200,100,368
102,백령도,2020-08-04 02:00,23.6,0,7.3,230,100,179
102,백령도,2020-08-04 03:00,23.9,0,9.1,230,100,374
102,백령도,2020-08-04 04:00,23.5,1.4,6.4,230,98,478
102,백령도,2020-08-04 05:00,22.8,1.3,8.8,230,99,1643
102,백령도,2020-08-04 06:00,24.2,0,7.3,230,89,3735
102,백령도,2020-08-04 07:00,23.6,,6.1,230,95,3113
102,백령도,2020-08-04 08:00,24,,5.9,230,99,1104
102,백령도,2020-08-04 09:00,25,0,6.7,230,97,1213
102,백령도,2020-08-04 10:00,24.1,,5.2,230,99,700
102,백령도,2020-08-04 11:00,23.3,,5,200,100,57
102,백령도,2020-08-04 12:00,24.3,,4.6,200,100,792
102,백령도,2020-08-04 13:00,24.5,,5.3,200,100,650
102,백령도,2020-08-04 14:00,24.4,,5.1,200,100,505
102,백령도,2020-08-04 15:00,24.9,,3.7,200,100,663
102,백령도,2020-08-04 16:00,25,,4,200,100,548
102,백령도,2020-08-04 17:00,23.9,,4.6,200,100,89
102,백령도,2020-08-04 18:00,23.7,,5.6,200,100,123
102,백령도,2020-08-04 19:00,23.6,,4.4,200,100,132
102,백령도,2020-08-04 20:00,24,,4.3,230,100,58
102,백령도,2020-08-04 21:00,23.8,,4.8,200,100,34
102,백령도,2020-08-04 22:00,24.1,,5.1,200,100,196
102,백령도,2020-08-04 23:00,24.3,,3,180,100,269
102,백령도,2020-08-05 00:00,23.7,,3.8,180,100,205
102,백령도,2020-08-05 01:00,23.7,1.2,3.7,180,100,90
102,백령도,2020-08-05 02:00,23.8,.4,4.6,180,100,131
102,백령도,2020-08-05 03:00,23.8,15.1,3.1,200,100,85
102,백령도,2020-08-05 04:00,23.4,1.6,4,180,100,63
102,백령도,2020-08-05 05:00,24.3,0,6.3,230,100,260
102,백령도,2020-08-05 06:00,23.8,1.6,6.1,230,100,172
102,백령도,2020-08-05 07:00,23.8,0,5.5,230,100,327
102,백령도,2020-08-05 08:00,23.7,0,6.1,230,100,138
102,백령도,2020-08-05 09:00,23.6,,5.2,200,100,31
102,백령도,2020-08-05 10:00,24.9,0,4,200,100,456
102,백령도,2020-08-05 11:00,25.7,0,4.2,180,98,659
102,백령도,2020-08-05 12:00,24.7,,3.9,160,98,585
102,백령도,2020-08-05 13:00,25.2,0,4.9,180,97,595
102,백령도,2020-08-05 14:00,24.3,0,4.6,160,99,307
102,백령도,2020-08-05 15:00,24.3,0,5.9,160,99,416
102,백령도,2020-08-05 16:00,24.7,0,3.7,160,96,576
102,백령도,2020-08-05 17:00,24.8,,4.6,140,96,722
102,백령도,2020-08-05 18:00,23.4,4.3,4.5,140,99,145
102,백령도,2020-08-05 19:00,22.8,.7,4,160,100,450
102,백령도,2020-08-05 20:00,23,1.7,4.4,160,100,565
102,백령도,2020-08-05 21:00,23,.1,6.4,160,100,669
102,백령도,2020-08-05 22:00,23.3,.5,6.3,160,100,762
102,백령도,2020-08-05 23:00,23.1,.7,7.1,160,100,369
102,백령도,2020-08-06 00:00,22.9,.2,6.9,160,100,317
102,백령도,2020-08-06 01:00,22.7,.1,5.2,160,100,248
102,백령도,2020-08-06 02:00,22.5,.8,1.5,200,100,186
102,백령도,2020-08-06 03:00,23,.2,2.6,250,100,162
102,백령도,2020-08-06 04:00,21.8,.9,2.7,290,100,27
102,백령도,2020-08-06 05:00,20.5,.1,5.9,340,100,2070
102,백령도,2020-08-06 06:00,20.8,0,3.1,320,100,2449
102,백령도,2020-08-06 07:00,20.3,,4.1,320,100,1845
102,백령도,2020-08-06 08:00,21,,8.5,320,97,2487
102,백령도,2020-08-06 09:00,21.4,,6.7,320,99,1995
102,백령도,2020-08-06 10:00,22.4,,6.3,320,95,2435
102,백령도,2020-08-06 11:00,22.8,,5.9,320,95,2415
102,백령도,2020-08-06 12:00,23.6,,6.7,320,93,3121
102,백령도,2020-08-06 13:00,24.3,,5.4,320,93,3445
102,백령도,2020-08-06 14:00,25,,6.1,290,90,3291
102,백령도,2020-08-06 15:00,24.8,,6.2,290,89,3952
102,백령도,2020-08-06 16:00,24.1,,6.1,290,92,4246
102,백령도,2020-08-06 17:00,23.6,,4.2,290,96,3791
102,백령도,2020-08-06 18:00,23.5,,3.8,290,97,3369
102,백령도,2020-08-06 19:00,23.5,,3.9,290,97,2088
102,백령도,2020-08-06 20:00,22.8,,.9,200,99,1106
102,백령도,2020-08-06 21:00,22.6,,1.5,200,100,1032
102,백령도,2020-08-06 22:00,22.6,,1.9,200,100,1288
102,백령도,2020-08-06 23:00,23,,1.4,270,100,1911
102,백령도,2020-08-07 00:00,22.8,,1.8,290,100,1182
102,백령도,2020-08-07 01:00,22.8,,2.1,200,100,755
102,백령도,2020-08-07 02:00,22.8,,1.9,270,98,1844
102,백령도,2020-08-07 03:00,23.1,,2.5,270,85,4748
102,백령도,2020-08-07 04:00,22,0,2.5,200,95,2445
102,백령도,2020-08-07 05:00,21.9,0,.4,0,98,1293
102,백령도,2020-08-07 06:00,22.2,,.3,0,96,1357
102,백령도,2020-08-07 07:00,21.4,,.8,90,99,855
102,백령도,2020-08-07 08:00,22.2,,1.1,90,96,1614
102,백령도,2020-08-07 09:00,24.3,,.8,160,87,2744
102,백령도,2020-08-07 10:00,22,,3.2,180,95,1775
102,백령도,2020-08-07 11:00,22.8,,1,180,97,1634
102,백령도,2020-08-07 12:00,23.4,,2.1,140,96,1745
102,백령도,2020-08-07 13:00,23.9,,2,160,92,2339
102,백령도,2020-08-07 14:00,23.9,,4.4,160,92,1681
102,백령도,2020-08-07 15:00,22.6,,3.9,160,98,1016
102,백령도,2020-08-07 16:00,24.5,,4.2,160,91,2566
102,백령도,2020-08-07 17:00,24,,2.7,180,90,2174
102,백령도,2020-08-07 18:00,23.4,,1.8,180,92,1693
102,백령도,2020-08-07 19:00,22.9,,1.4,140,94,1432
102,백령도,2020-08-07 20:00,21.8,,1.8,140,97,799
102,백령도,2020-08-07 21:00,21,,1.3,50,100,536
102,백령도,2020-08-07 22:00,21.2,,.3,0,100,670
102,백령도,2020-08-07 23:00,21.4,,.5,50,100,749
102,백령도,2020-08-08 00:00,21.3,,2,50,99,1071
102,백령도,2020-08-08 01:00,21.2,,.6,110,98,1005
102,백령도,2020-08-08 02:00,21.2,,1,90,100,674
102,백령도,2020-08-08 03:00,21.3,,1.1,110,100,627
102,백령도,2020-08-08 04:00,21.8,,2.5,70,98,618
102,백령도,2020-08-08 05:00,21.6,,1.5,110,99,536
102,백령도,2020-08-08 06:00,21.6,,2,90,99,397
102,백령도,2020-08-08 07:00,21.9,,1.5,90,100,469
102,백령도,2020-08-08 08:00,22.4,,3.7,90,98,746
102,백령도,2020-08-08 09:00,23,,3.8,90,97,844
102,백령도,2020-08-08 10:00,24.8,,4.4,110,88,1880
102,백령도,2020-08-08 11:00,26,,5.9,140,81,2893
102,백령도,2020-08-08 12:00,25.2,,5.8,110,86,2925
102,백령도,2020-08-08 13:00,24.1,0,5.7,140,90,2168
102,백령도,2020-08-08 14:00,23.9,0,5.4,110,93,1356
102,백령도,2020-08-08 15:00,23.6,,4.6,110,96,1201
102,백령도,2020-08-08 16:00,22.8,0,6,110,98,1111
102,백령도,2020-08-08 17:00,22.8,.1,6.2,140,100,384
102,백령도,2020-08-08 18:00,21.9,.3,5.1,140,100,90
102,백령도,2020-08-08 19:00,21.8,0,4.4,140,100,240
102,백령도,2020-08-08 20:00,22.3,.3,4.7,110,100,695
102,백령도,2020-08-08 21:00,22.5,1.6,6.1,110,100,334
102,백령도,2020-08-08 22:00,22.4,.8,9.1,140,100,519
102,백령도,2020-08-08 23:00,22.1,.4,6.4,140,100,1237
102,백령도,2020-08-09 00:00,22.3,.8,4.1,160,100,52
102,백령도,2020-08-09 01:00,22.3,.5,5.9,160,100,145
102,백령도,2020-08-09 02:00,22.5,1.4,5.8,160,100,630
102,백령도,2020-08-09 03:00,23,0,5.7,200,100,502
102,백령도,2020-08-09 04:00,22.8,0,4.9,180,100,283
102,백령도,2020-08-09 05:00,22.9,0,6.3,200,100,403
102,백령도,2020-08-09 06:00,22.9,.3,4,200,100,645
102,백령도,2020-08-09 07:00,22.7,.1,3.7,200,100,51
102,백령도,2020-08-09 08:00,22.8,0,3.8,200,100,27
102,백령도,2020-08-09 09:00,22.8,.1,3.7,200,100,28
102,백령도,2020-08-09 10:00,23.5,0,4.1,230,100,1005
102,백령도,2020-08-09 11:00,24.4,,3.1,200,100,1188
102,백령도,2020-08-09 12:00,23.9,,3.6,200,99,1327
102,백령도,2020-08-09 13:00,23.2,,3.4,200,100,408
102,백령도,2020-08-09 14:00,23.6,,2.5,230,100,896
102,백령도,2020-08-09 15:00,22.8,1.5,3,180,100,127
102,백령도,2020-08-09 16:00,22.5,2.6,2.2,180,100,340
102,백령도,2020-08-09 17:00,22.7,1.1,4.5,160,100,615
102,백령도,2020-08-09 18:00,22.3,1.1,1.4,180,100,330
102,백령도,2020-08-09 19:00,22.6,4.2,2.1,160,100,298
102,백령도,2020-08-09 20:00,22.5,.6,2.8,180,100,275
102,백령도,2020-08-09 21:00,22.8,0,2.4,200,100,980
102,백령도,2020-08-09 22:00,22.7,.1,3.4,230,100,120
102,백령도,2020-08-09 23:00,23,.1,3.9,200,100,245
102,백령도,2020-08-10 00:00,22.9,1.7,3.2,200,100,666
102,백령도,2020-08-10 01:00,23.1,1.3,3.6,200,100,641
102,백령도,2020-08-10 02:00,23.2,7.9,5,230,100,632
102,백령도,2020-08-10 03:00,23.3,3.8,5.4,230,100,261
102,백령도,2020-08-10 04:00,23.2,0,3.9,230,100,202
102,백령도,2020-08-10 05:00,23.1,0,3.3,230,100,135
102,백령도,2020-08-10 06:00,22.9,.1,3.7,200,100,36
102,백령도,2020-08-10 07:00,23.1,.8,4.4,230,100,768
102,백령도,2020-08-10 08:00,23.2,1.3,4.3,200,100,1327
102,백령도,2020-08-10 09:00,23.1,1,3.5,200,100,188
102,백령도,2020-08-10 10:00,23.2,.9,2.6,200,100,354
102,백령도,2020-08-10 11:00,23.2,5.4,3.8,180,100,256
102,백령도,2020-08-10 12:00,23.4,1.8,2.2,180,100,383
102,백령도,2020-08-10 13:00,22.9,1.9,2.1,180,100,54
102,백령도,2020-08-10 14:00,22.8,10.3,2.7,160,100,610
102,백령도,2020-08-10 15:00,22.8,5.2,1.8,200,100,157
102,백령도,2020-08-10 16:00,22.7,19.1,2.9,140,100,800
102,백령도,2020-08-10 17:00,22.5,6.6,1.8,160,100,51
102,백령도,2020-08-10 18:00,22.6,6.8,2.1,180,100,39
102,백령도,2020-08-10 19:00,22.2,.1,2.4,140,100,27
102,백령도,2020-08-10 20:00,22.3,0,4,140,100,25
102,백령도,2020-08-10 21:00,22.3,0,3.1,180,100,22
102,백령도,2020-08-10 22:00,22.5,0,2.7,160,100,32
102,백령도,2020-08-10 23:00,22.5,,2.2,200,100,22
102,백령도,2020-08-11 00:00,22.7,0,2.1,180,100,26
102,백령도,2020-08-11 01:00,23,.2,1.7,230,100,588
102,백령도,2020-08-11 02:00,23,.3,0,0,100,90
102,백령도,2020-08-11 03:00,22.9,0,2,270,100,43
102,백령도,2020-08-11 04:00,23,,1.4,290,100,23
102,백령도,2020-08-11 05:00,22.2,,.7,90,100,25
102,백령도,2020-08-11 06:00,22.2,,.9,110,100,35
102,백령도,2020-08-11 07:00,22.9,,0,0,100,32
102,백령도,2020-08-11 08:00,23.1,,0,0,100,167
102,백령도,2020-08-11 09:00,23,,1.8,200,100,37
102,백령도,2020-08-11 10:00,23.5,,2.3,200,100,74
102,백령도,2020-08-11 11:00,24.4,,1.1,230,100,671
102,백령도,2020-08-11 12:00,24.6,,2.9,180,100,3708
102,백령도,2020-08-11 13:00,26.3,,2.7,230,95,3691
102,백령도,2020-08-11 14:00,24.4,,1,360,98,2220
102,백령도,2020-08-11 15:00,25.2,,2.2,200,95,3112
102,백령도,2020-08-11 16:00,25,,2.6,180,94,2755
102,백령도,2020-08-11 17:00,24.6,,2.1,160,96,2079
102,백령도,2020-08-11 18:00,24.6,,1.8,180,94,2600
102,백령도,2020-08-11 19:00,22.9,,1.3,110,99,1371
102,백령도,2020-08-11 20:00,22.4,,3,160,100,31
102,백령도,2020-08-11 21:00,22.7,,3.2,140,100,25
102,백령도,2020-08-11 22:00,22.8,,1.2,160,100,196
102,백령도,2020-08-11 23:00,23,,3.2,160,100,156
102,백령도,2020-08-12 00:00,22.8,,3,160,100,133
102,백령도,2020-08-12 01:00,22.8,0,3.1,160,100,162
102,백령도,2020-08-12 02:00,22.7,0,1.7,140,100,90
102,백령도,2020-08-12 03:00,22.5,0,1.6,140,100,35
102,백령도,2020-08-12 04:00,22.7,0,3.7,140,100,210
102,백령도,2020-08-12 05:00,22.6,0,2.8,160,100,105
102,백령도,2020-08-12 06:00,22.8,0,2.7,140,100,35
102,백령도,2020-08-12 07:00,22.8,0,3.4,140,100,28
102,백령도,2020-08-12 08:00,23.1,,2.8,140,100,77
102,백령도,2020-08-12 09:00,23.4,,3,110,100,581
102,백령도,2020-08-12 10:00,25.6,,2.6,110,100,1115
102,백령도,2020-08-12 11:00,24.7,,3.6,140,95,1154
102,백령도,2020-08-12 12:00,26.2,,4,160,91,1583
102,백령도,2020-08-12 13:00,26.7,,2.8,140,90,1193
102,백령도,2020-08-12 14:00,27.2,,3.7,140,87,1254
102,백령도,2020-08-12 15:00,27.1,,4.2,160,87,1576
102,백령도,2020-08-12 16:00,26,,2.9,160,92,925
102,백령도,2020-08-12 17:00,24.8,,3.3,160,100,665
102,백령도,2020-08-12 18:00,25.1,,4.9,160,94,1561
102,백령도,2020-08-12 19:00,24.1,,3.5,160,98,1352
102,백령도,2020-08-12 20:00,23.6,,2.6,140,100,815
102,백령도,2020-08-12 21:00,23,,3.9,160,100,105
102,백령도,2020-08-12 22:00,23.4,,4.8,140,100,73
102,백령도,2020-08-12 23:00,23.7,,3.9,140,100,55
102,백령도,2020-08-13 00:00,23.6,,4.6,160,100,27
102,백령도,2020-08-13 01:00,23.1,,4.6,140,100,33
102,백령도,2020-08-13 02:00,23,,5.7,140,100,30
102,백령도,2020-08-13 03:00,23.2,,4.9,160,100,37
102,백령도,2020-08-13 04:00,23.4,0,4.5,160,100,61
102,백령도,2020-08-13 05:00,23.4,0,4.8,160,100,34
102,백령도,2020-08-13 06:00,23.3,0,3.8,140,100,77
102,백령도,2020-08-13 07:00,23,.1,5.2,140,100,28
102,백령도,2020-08-13 08:00,22.9,0,4.7,140,100,26
102,백령도,2020-08-13 09:00,23.2,,7.1,160,100,47
102,백령도,2020-08-13 10:00,23.2,,6,160,100,49
102,백령도,2020-08-13 11:00,23.6,,7.6,160,100,219
102,백령도,2020-08-13 12:00,23.6,0,7.4,180,100,188
102,백령도,2020-08-13 13:00,24.4,,6.1,180,100,723
102,백령도,2020-08-13 14:00,25,,4.9,180,99,1020
102,백령도,2020-08-13 15:00,25.1,,6.7,180,95,1366
102,백령도,2020-08-13 16:00,25.3,,5.1,180,95,1391
102,백령도,2020-08-13 17:00,25.3,,5.7,180,95,1256
102,백령도,2020-08-13 18:00,25.3,,5.1,180,94,1339
102,백령도,2020-08-13 19:00,25.4,,5,200,94,1322
102,백령도,2020-08-13 20:00,24.2,,5.2,180,97,879
102,백령도,2020-08-13 21:00,25.2,,4.8,200,96,1063
102,백령도,2020-08-13 22:00,25.3,,5.1,200,96,938
102,백령도,2020-08-13 23:00,25.3,,5.9,200,95,1072
102,백령도,2020-08-14 00:00,24.9,,5.6,200,97,998
102,백령도,2020-08-14 01:00,24.4,,4.8,200,98,843
102,백령도,2020-08-14 02:00,24.6,,5.1,200,98,931
102,백령도,2020-08-14 03:00,25,,5.7,200,97,1102
102,백령도,2020-08-14 04:00,24.6,,5.7,200,98,904
102,백령도,2020-08-14 05:00,24.8,,6.9,200,98,932
102,백령도,2020-08-14 06:00,24.3,.7,7.5,230,100,423
102,백령도,2020-08-14 07:00,24.5,.4,7.2,230,100,594
102,백령도,2020-08-14 08:00,24.5,.5,3.9,230,100,546
102,백령도,2020-08-14 09:00,25.7,,4,230,98,987
102,백령도,2020-08-14 10:00,26.7,,4.8,250,95,1222
102,백령도,2020-08-14 11:00,27.2,,2.9,250,92,1575
102,백령도,2020-08-14 12:00,28.2,,3.8,250,87,2193
102,백령도,2020-08-14 13:00,28,,3.2,250,90,1592
102,백령도,2020-08-14 14:00,26.9,,2.7,230,92,1482
102,백령도,2020-08-14 15:00,26.4,,2.7,230,94,1972
102,백령도,2020-08-14 16:00,27.1,,3.2,230,89,2838
102,백령도,2020-08-14 17:00,27.4,,2.7,230,87,3979
102,백령도,2020-08-14 18:00,26,,3.2,250,92,3241
102,백령도,2020-08-14 19:00,25.2,,2.5,230,95,3018
102,백령도,2020-08-14 20:00,24.5,,2.5,200,98,1861
102,백령도,2020-08-14 21:00,24.4,,3.4,200,100,1340
102,백령도,2020-08-14 22:00,24.4,,3.1,200,100,821
102,백령도,2020-08-14 23:00,24,,1.6,140,100,380
102,백령도,2020-08-15 00:00,24.2,,2.3,200,100,294
102,백령도,2020-08-15 01:00,24.1,,2.6,180,100,187
102,백령도,2020-08-15 02:00,24.2,,3.6,200,100,197
102,백령도,2020-08-15 03:00,24,,1.8,180,100,69
102,백령도,2020-08-15 04:00,24.1,,1.8,200,100,162
102,백령도,2020-08-15 05:00,24.1,,1.5,200,100,128
102,백령도,2020-08-15 06:00,24.2,,1.4,230,100,194
102,백령도,2020-08-15 07:00,24.3,,1.2,200,100,210
102,백령도,2020-08-15 08:00,25,,1,200,100,458
102,백령도,2020-08-15 09:00,24.6,,2.1,90,98,361
102,백령도,2020-08-15 10:00,24.2,,2.8,180,100,218
102,백령도,2020-08-15 11:00,25.2,,1.6,180,99,326
102,백령도,2020-08-15 12:00,25.7,,.5,230,98,854
102,백령도,2020-08-15 13:00,25.8,,2,110,96,1042
102,백령도,2020-08-15 14:00,24.7,,2.1,180,99,688
102,백령도,2020-08-15 15:00,24.5,,1.9,180,99,474
102,백령도,2020-08-15 16:00,24.7,,1.3,180,100,393
102,백령도,2020-08-15 17:00,25.5,,2.9,180,96,1152
102,백령도,2020-08-15 18:00,24.7,,3.1,160,98,613
102,백령도,2020-08-15 19:00,24.9,,4,160,98,999
102,백령도,2020-08-15 20:00,23.8,,2.7,90,100,156
102,백령도,2020-08-15 21:00,24.4,,4.4,140,100,361
102,백령도,2020-08-15 22:00,24,,5.5,140,100,227
102,백령도,2020-08-15 23:00,24,,4.3,140,100,134
102,백령도,2020-08-16 00:00,24.1,,4.2,140,100,143
102,백령도,2020-08-16 01:00,24.2,,4.7,180,100,498
102,백령도,2020-08-16 02:00,24.7,,5.3,180,100,664
102,백령도,2020-08-16 03:00,24.6,,5.8,200,100,956
102,백령도,2020-08-16 04:00,24.4,,5.5,200,100,1022
102,백령도,2020-08-16 05:00,24.7,,6,230,99,1647
102,백령도,2020-08-16 06:00,24.7,,6.1,230,98,1888
102,백령도,2020-08-16 07:00,24.8,,5.8,230,99,1677
102,백령도,2020-08-16 08:00,25,,6.4,230,99,1445
102,백령도,2020-08-16 09:00,24.9,,7.5,230,100,830
102,백령도,2020-08-16 10:00,25.1,,6.9,200,99,685
102,백령도,2020-08-16 11:00,25,,5.5,200,99,634
102,백령도,2020-08-16 12:00,25.3,,5.2,200,98,707
102,백령도,2020-08-16 13:00,25.5,,5.4,200,98,679
102,백령도,2020-08-16 14:00,25.6,,5.6,200,97,645
102,백령도,2020-08-16 15:00,25.2,,4,230,99,434
102,백령도,2020-08-16 16:00,25.1,,3.6,200,100,208
102,백령도,2020-08-16 17:00,24.8,,2.7,180,100,116
102,백령도,2020-08-16 18:00,24.5,,3.1,180,100,65
102,백령도,2020-08-16 19:00,24.5,,3,180,100,29
102,백령도,2020-08-16 20:00,24.3,,1.8,160,100,35
102,백령도,2020-08-16 21:00,24.3,,3.9,160,100,67
102,백령도,2020-08-16 22:00,24.2,,3.4,180,100,41
102,백령도,2020-08-16 23:00,24.3,,3.2,180,100,40
102,백령도,2020-08-17 00:00,24.6,,4.6,200,100,46
102,백령도,2020-08-17 01:00,24.3,,4.7,200,100,22
102,백령도,2020-08-17 02:00,24.2,,4.7,180,100,28
102,백령도,2020-08-17 03:00,24.5,,3,200,100,90
102,백령도,2020-08-17 04:00,24.2,0,2.1,160,100,54
102,백령도,2020-08-17 05:00,23.8,0,3,180,100,51
102,백령도,2020-08-17 06:00,23.6,.1,4.6,160,100,126
102,백령도,2020-08-17 07:00,23.7,0,4.2,160,100,145
102,백령도,2020-08-17 08:00,23.8,,2.5,160,100,303
102,백령도,2020-08-17 09:00,24.6,,3.4,160,100,737
102,백령도,2020-08-17 10:00,25.2,,4.1,160,95,1141
102,백령도,2020-08-17 11:00,25.4,,2.6,160,96,1116
102,백령도,2020-08-17 12:00,25.7,,3.5,160,94,1177
102,백령도,2020-08-17 13:00,25.7,,3.7,160,95,1079
102,백령도,2020-08-17 14:00,26.7,,4.9,160,93,1327
102,백령도,2020-08-17 15:00,25.9,,5,160,95,1215
102,백령도,2020-08-17 16:00,26,,5.6,160,96,1134
102,백령도,2020-08-17 17:00,25.5,,5.6,160,98,864
102,백령도,2020-08-17 18:00,24.9,,5.4,160,100,556
102,백령도,2020-08-17 19:00,24.6,,4.6,160,100,142
102,백령도,2020-08-17 20:00,24.3,,4.6,140,100,94
102,백령도,2020-08-17 21:00,24.2,,4.7,160,100,54
102,백령도,2020-08-17 22:00,24.1,,5.2,160,100,60
102,백령도,2020-08-17 23:00,24.2,,5.1,160,100,56
102,백령도,2020-08-18 00:00,24.2,,5.2,160,100,237
102,백령도,2020-08-18 01:00,24.3,,4.1,160,100,380
102,백령도,2020-08-18 02:00,24,,2.1,180,100,420
102,백령도,2020-08-18 03:00,23.8,,1.6,200,100,434
102,백령도,2020-08-18 04:00,23.9,,2.7,160,100,348
102,백령도,2020-08-18 05:00,24,,2.7,160,100,283
102,백령도,2020-08-18 06:00,24,,3.6,160,100,316
102,백령도,2020-08-18 07:00,24.2,,4.4,160,100,366
102,백령도,2020-08-18 08:00,24.5,,4.6,160,100,393
102,백령도,2020-08-18 09:00,25,,4,160,98,613
102,백령도,2020-08-18 10:00,25.7,,4.2,160,95,792
102,백령도,2020-08-18 11:00,25.6,,4.1,160,96,743
102,백령도,2020-08-18 12:00,25.5,,5.7,160,95,748
102,백령도,2020-08-18 13:00,25.1,,5.3,160,98,647
102,백령도,2020-08-18 14:00,25.2,,6.3,160,97,580
102,백령도,2020-08-18 15:00,25.5,,6.4,160,96,686
102,백령도,2020-08-18 16:00,25.4,,7.3,160,95,660
102,백령도,2020-08-18 17:00,24.7,,7.1,160,98,410
102,백령도,2020-08-18 18:00,24.6,,5.7,160,99,392
102,백령도,2020-08-18 19:00,24.4,,4.8,160,100,354
102,백령도,2020-08-18 20:00,24.2,,4.7,160,100,276
102,백령도,2020-08-18 21:00,24.3,,4.8,160,100,271
102,백령도,2020-08-18 22:00,24.2,,5.3,160,100,282
102,백령도,2020-08-18 23:00,24.2,,5.9,160,100,257
102,백령도,2020-08-19 00:00,24,,2.9,180,100,150
102,백령도,2020-08-19 01:00,23.9,,2.1,160,100,55
102,백령도,2020-08-19 02:00,23.8,,1.4,160,100,27
102,백령도,2020-08-19 03:00,23.6,,0,0,100,25
102,백령도,2020-08-19 04:00,23.5,,2.9,180,100,29
102,백령도,2020-08-19 05:00,23.4,,3.8,160,100,26
102,백령도,2020-08-19 06:00,23.3,,2.9,160,100,36
102,백령도,2020-08-19 07:00,23.5,,6,160,100,43
102,백령도,2020-08-19 08:00,24.2,,5.2,180,100,287
102,백령도,2020-08-19 09:00,24.2,,4.4,180,100,343
102,백령도,2020-08-19 10:00,24.8,,5.7,160,100,487
102,백령도,2020-08-19 11:00,24.9,,4.6,160,100,425
102,백령도,2020-08-19 12:00,25.5,,2.3,160,97,538
102,백령도,2020-08-19 13:00,25.3,,4,160,97,508
102,백령도,2020-08-19 14:00,24.7,,3.1,180,100,364
102,백령도,2020-08-19 15:00,25.3,,4.3,160,99,479
102,백령도,2020-08-19 16:00,25.2,,3.1,160,99,426
102,백령도,2020-08-19 17:00,25.2,,2.7,180,98,454
102,백령도,2020-08-19 18:00,24.6,,2.5,200,100,347
102,백령도,2020-08-19 19:00,25.1,,3.4,180,100,384
102,백령도,2020-08-19 20:00,25.3,0,2.8,180,100,360
102,백령도,2020-08-19 21:00,24.9,0,2.9,160,100,335
102,백령도,2020-08-19 22:00,24.6,,2.8,160,100,263
102,백령도,2020-08-19 23:00,24.6,,1.9,200,100,339
102,백령도,2020-08-20 00:00,25,,3,200,100,373
102,백령도,2020-08-20 01:00,24.8,,3.4,180,100,272
102,백령도,2020-08-20 02:00,24.9,,4.1,200,100,383
102,백령도,2020-08-20 03:00,24.6,,3.7,200,100,332
102,백령도,2020-08-20 04:00,24.6,,2.2,230,100,356
102,백령도,2020-08-20 05:00,24.3,,1.1,180,100,117
102,백령도,2020-08-20 06:00,24.6,,1.7,160,100,110
102,백령도,2020-08-20 07:00,23.7,0,1.9,180,100,43
102,백령도,2020-08-20 08:00,24,0,1.5,200,100,28
102,백령도,2020-08-20 09:00,24.1,0,2.5,200,100,90
102,백령도,2020-08-20 10:00,24.8,0,1.7,180,100,330
102,백령도,2020-08-20 11:00,25.5,,3.2,180,100,393
102,백령도,2020-08-20 12:00,24.7,,3.6,180,100,350
102,백령도,2020-08-20 13:00,24.8,0,3,180,100,369
102,백령도,2020-08-20 14:00,23.9,0,1.2,70,100,264
102,백령도,2020-08-20 15:00,23.9,0,1.8,90,100,410
102,백령도,2020-08-20 16:00,24.3,,2.1,140,100,210
102,백령도,2020-08-20 17:00,23.9,2.8,5.7,230,100,250
102,백령도,2020-08-20 18:00,23.4,4.6,1.4,320,98,1049
102,백령도,2020-08-20 19:00,22.8,0,1.2,290,100,588
102,백령도,2020-08-20 20:00,22.3,,1.3,290,100,765
102,백령도,2020-08-20 21:00,22,,1.4,290,100,1428
102,백령도,2020-08-20 22:00,22,,1.9,320,100,2276
102,백령도,2020-08-20 23:00,21.8,,1,290,100,1764
102,백령도,2020-08-21 00:00,21.8,,.9,290,100,3304
102,백령도,2020-08-21 01:00,21.6,,.7,270,100,2772
102,백령도,2020-08-21 02:00,21.6,,1.2,320,100,2377
102,백령도,2020-08-21 03:00,21.8,,3.1,320,100,2374
102,백령도,2020-08-21 04:00,21.6,,3.1,320,100,2243
102,백령도,2020-08-21 05:00,21.8,,3.2,320,100,2195
102,백령도,2020-08-21 06:00,21.5,,2.3,320,100,1272
102,백령도,2020-08-21 07:00,21.7,,1.1,320,100,1011
102,백령도,2020-08-21 08:00,22.7,,1.9,290,99,1527
102,백령도,2020-08-21 09:00,22.3,,3.2,320,97,1485
102,백령도,2020-08-21 10:00,23.8,,3.1,340,93,2267
102,백령도,2020-08-21 11:00,24,,3,320,86,3100
102,백령도,2020-08-21 12:00,23.9,,4.2,320,88,2789
102,백령도,2020-08-21 13:00,23.4,,6,320,91,2585
102,백령도,2020-08-21 14:00,23.9,,4,340,90,2718
102,백령도,2020-08-21 15:00,24.1,,1.4,340,88,3046
102,백령도,2020-08-21 16:00,22.9,,3.5,320,93,2615
102,백령도,2020-08-21 17:00,22.2,,3.8,320,97,2056
102,백령도,2020-08-21 18:00,22.1,0,2.8,290,99,1536
102,백령도,2020-08-21 19:00,21.9,0,3.3,320,99,1498
102,백령도,2020-08-21 20:00,21.6,,3,320,100,1031
102,백령도,2020-08-21 21:00,21.6,0,2.2,320,100,980
102,백령도,2020-08-21 22:00,21.7,0,3.3,290,100,1173
102,백령도,2020-08-21 23:00,21.8,0,3.7,360,100,1303
102,백령도,2020-08-22 00:00,21.8,.5,3.3,360,99,1919
102,백령도,2020-08-22 01:00,21.9,,2.5,360,100,1563
102,백령도,2020-08-22 02:00,21.9,,.9,290,100,977
102,백령도,2020-08-22 03:00,21.7,,1.3,70,100,689
102,백령도,2020-08-22 04:00,21.8,,0,0,100,883
102,백령도,2020-08-22 05:00,21.6,.5,.9,290,100,438
102,백령도,2020-08-22 06:00,21.5,.4,1.5,320,100,351
102,백령도,2020-08-22 07:00,21.6,0,1.2,270,100,310
102,백령도,2020-08-22 08:00,22.4,,0,0,100,881
102,백령도,2020-08-22 09:00,24,,.9,90,93,2188
102,백령도,2020-08-22 10:00,24.9,,1.7,110,92,2092
102,백령도,2020-08-22 11:00,23.6,,1.9,360,94,1945
102,백령도,2020-08-22 12:00,22.7,,2.1,320,97,1582
102,백령도,2020-08-22 13:00,22.4,.2,2.9,320,97,755
102,백령도,2020-08-22 14:00,22.1,6,2.9,290,100,499
102,백령도,2020-08-22 15:00,21.9,0,2.5,340,100,1346
102,백령도,2020-08-22 16:00,23.5,0,1,360,95,2442
102,백령도,2020-08-22 17:00,22.4,,1.9,320,98,2339
102,백령도,2020-08-22 18:00,22.6,,1.4,290,97,2827
102,백령도,2020-08-22 19:00,22.2,,.8,250,96,2891
102,백령도,2020-08-22 20:00,21.8,,1.6,290,100,1847
102,백령도,2020-08-22 21:00,21.7,,2.7,290,100,1473
102,백령도,2020-08-22 22:00,21,,1.6,270,100,1207
102,백령도,2020-08-22 23:00,20.9,,1.2,290,100,1736
102,백령도,2020-08-23 00:00,20.6,,.8,180,100,644
102,백령도,2020-08-23 01:00,20.8,,0,0,100,1312
102,백령도,2020-08-23 02:00,20.9,,1.3,270,100,1015
102,백령도,2020-08-23 03:00,20.6,,1.3,290,100,1236
102,백령도,2020-08-23 04:00,20.7,,.9,290,100,1687
102,백령도,2020-08-23 05:00,20.3,,1.7,90,100,379
102,백령도,2020-08-23 06:00,20.7,,1.1,110,100,33
102,백령도,2020-08-23 07:00,20.9,,.4,0,100,508
102,백령도,2020-08-23 08:00,22.6,,0,0,100,1486
102,백령도,2020-08-23 09:00,22.4,,2.2,70,98,1367
102,백령도,2020-08-23 10:00,23,,2.8,90,96,1972
102,백령도,2020-08-23 11:00,24.6,,2.3,160,90,2738
102,백령도,2020-08-23 12:00,24.7,,2.8,140,88,2725
102,백령도,2020-08-23 13:00,24.9,,2.8,90,89,2958
102,백령도,2020-08-23 14:00,25.5,,3.2,180,86,2850
102,백령도,2020-08-23 15:00,25.8,,2.8,180,88,2936
102,백령도,2020-08-23 16:00,24.9,,3.2,180,84,2895
102,백령도,2020-08-23 17:00,24.6,,2.4,180,85,2794
102,백령도,2020-08-23 18:00,24.1,,1.5,180,88,2726
102,백령도,2020-08-23 19:00,23.4,,1,180,89,2243
102,백령도,2020-08-23 20:00,22.4,,.6,160,96,1666
102,백령도,2020-08-23 21:00,22.3,,1.2,180,97,1560
102,백령도,2020-08-23 22:00,22.7,,2.1,160,98,2027
102,백령도,2020-08-23 23:00,22.8,,2.4,160,100,528
102,백령도,2020-08-24 00:00,22.7,,1.9,140,100,612
102,백령도,2020-08-24 01:00,22.9,,3.1,160,100,819
102,백령도,2020-08-24 02:00,22,,1.9,90,100,388
102,백령도,2020-08-24 03:00,22.2,,1.8,110,100,584
102,백령도,2020-08-24 04:00,22.9,,2.5,110,100,741
102,백령도,2020-08-24 05:00,22.8,,4.1,140,100,736
102,백령도,2020-08-24 06:00,22.8,,3.7,140,100,385
102,백령도,2020-08-24 07:00,22.9,,4.2,140,100,751
102,백령도,2020-08-24 08:00,23,,3.6,140,100,528
102,백령도,2020-08-24 09:00,23.5,,3.6,140,100,632
102,백령도,2020-08-24 10:00,24.1,,5.9,160,98,668
102,백령도,2020-08-24 11:00,24.9,,6.2,160,96,885
102,백령도,2020-08-24 12:00,24.8,,6.4,160,95,944
102,백령도,2020-08-24 13:00,25.4,,5.8,160,95,979
102,백령도,2020-08-24 14:00,26,,6.5,160,95,1013
102,백령도,2020-08-24 15:00,25.6,,6.7,160,95,921
102,백령도,2020-08-24 16:00,25.4,,7.1,160,96,869
102,백령도,2020-08-24 17:00,25.1,,7.5,160,97,722
102,백령도,2020-08-24 18:00,24.8,,5.6,160,98,611
102,백령도,2020-08-24 19:00,24.7,,5.3,160,99,531
102,백령도,2020-08-24 20:00,24.8,,4.5,160,99,525
102,백령도,2020-08-24 21:00,24.8,,4.6,140,99,436
102,백령도,2020-08-24 22:00,24.9,,6.6,160,100,436
102,백령도,2020-08-24 23:00,25.2,,5.7,160,99,450
102,백령도,2020-08-25 00:00,24.8,,4.1,180,100,314
102,백령도,2020-08-25 01:00,25.5,,5.4,180,97,424
102,백령도,2020-08-25 02:00,25.7,,5.2,180,98,376
102,백령도,2020-08-25 03:00,26,,7.5,200,97,535
102,백령도,2020-08-25 04:00,25.6,,5,200,99,454
102,백령도,2020-08-25 05:00,25.7,,4.6,200,99,599
102,백령도,2020-08-25 06:00,25.9,,4.7,200,99,752
102,백령도,2020-08-25 07:00,25.9,,4,230,99,861
102,백령도,2020-08-25 08:00,26.3,,3.5,200,98,1069
102,백령도,2020-08-25 09:00,26.8,,4.6,180,96,1413
102,백령도,2020-08-25 10:00,26.9,,4.9,180,94,1346
102,백령도,2020-08-25 11:00,27.2,,6.2,180,92,1192
102,백령도,2020-08-25 12:00,26.3,,4.8,160,95,807
102,백령도,2020-08-25 13:00,27,0,6,180,95,768
102,백령도,2020-08-25 14:00,26.8,0,4.1,200,96,703
102,백령도,2020-08-25 15:00,27.5,,4.8,200,94,761
102,백령도,2020-08-25 16:00,26.5,,3.3,230,95,758
102,백령도,2020-08-25 17:00,26.7,,0,0,96,655
102,백령도,2020-08-25 18:00,25,,0,0,98,1098
102,백령도,2020-08-25 19:00,24.7,,0,0,99,1102
102,백령도,2020-08-25 20:00,24,,0,0,100,158
102,백령도,2020-08-25 21:00,24.4,,0,0,100,303
102,백령도,2020-08-25 22:00,23.8,,0,0,100,72
102,백령도,2020-08-25 23:00,24.3,,0,0,100,110
102,백령도,2020-08-26 00:00,24.5,,0,0,100,187
102,백령도,2020-08-26 01:00,24.3,,0,0,100,129
102,백령도,2020-08-26 02:00,24.8,,0,0,100,284
102,백령도,2020-08-26 03:00,24.4,,0,0,100,220
102,백령도,2020-08-26 04:00,24.1,,0,0,100,227
102,백령도,2020-08-26 05:00,24.1,,0,0,100,290
102,백령도,2020-08-26 06:00,23.9,,0,0,100,443
102,백령도,2020-08-26 07:00,24.8,,0,0,97,901
102,백령도,2020-08-26 08:00,26,,0,0,94,1172
102,백령도,2020-08-26 09:00,26.7,,0,0,89,1347
102,백령도,2020-08-26 10:00,27.6,,0,0,85,1537
102,백령도,2020-08-26 11:00,27.5,,0,0,87,1531
102,백령도,2020-08-26 12:00,28.8,,0,0,82,1525
102,백령도,2020-08-26 13:00,30.2,,0,0,77,1669
102,백령도,2020-08-26 14:00,28.8,,0,0,79,1633
102,백령도,2020-08-26 15:00,30.4,,3.9,110,73,1780
102,백령도,2020-08-26 16:00,28.4,,2.5,90,79,1386
102,백령도,2020-08-26 17:00,28.1,,3.3,90,83,1672
102,백령도,2020-08-26 18:00,28.3,,3.2,50,84,1710
102,백령도,2020-08-26 19:00,28.6,0,4.2,50,84,1923
102,백령도,2020-08-26 20:00,24.7,5.1,5,90,96,926
102,백령도,2020-08-26 21:00,24.5,.6,1.9,90,100,390
102,백령도,2020-08-26 22:00,24.3,1.6,3.3,70,100,489
102,백령도,2020-08-26 23:00,24.4,6.6,7.1,90,99,166
102,백령도,2020-08-27 00:00,23.9,3,6.9,70,100,389
102,백령도,2020-08-27 01:00,24,2.2,9.5,90,97,900
102,백령도,2020-08-27 02:00,23.9,2.5,10.4,90,97,500
102,백령도,2020-08-27 03:00,23.7,6.4,13,70,98,450
102,백령도,2020-08-27 04:00,23.5,8.5,16.1,70,100,300
102,백령도,2020-08-27 05:00,23.2,23.5,12.8,110,100,400
102,백령도,2020-08-27 06:00,23.3,1.4,4.2,230,100,400
102,백령도,2020-08-27 07:00,23.1,0,9.6,250,100,800
102,백령도,2020-08-27 08:00,23.6,0,7.4,230,98,1200
102,백령도,2020-08-27 09:00,24,,6.7,230,97,800
102,백령도,2020-08-27 10:00,24.1,0,6.7,230,98,550
102,백령도,2020-08-27 11:00,23.8,1.1,5.5,230,100,374
102,백령도,2020-08-27 12:00,24,.7,4.9,230,100,1021
102,백령도,2020-08-27 13:00,23.9,.7,5.3,230,100,965
102,백령도,2020-08-27 14:00,24.4,0,5.1,230,98,2580
102,백령도,2020-08-27 15:00,24.6,,4.1,200,98,2236
102,백령도,2020-08-27 16:00,25.4,,4.4,180,94,2032
102,백령도,2020-08-27 17:00,24.6,,5.9,180,97,1093
102,백령도,2020-08-27 18:00,24.4,,4.5,180,98,906
102,백령도,2020-08-27 19:00,23.7,,2.8,180,99,646
102,백령도,2020-08-27 20:00,23.6,,2.7,180,100,454
102,백령도,2020-08-27 21:00,23.3,,4.5,140,100,343
102,백령도,2020-08-27 22:00,23.3,,4.5,140,100,311
102,백령도,2020-08-27 23:00,23.1,,3.5,160,100,17
102,백령도,2020-08-28 00:00,22.8,,3.5,140,100,17
102,백령도,2020-08-28 01:00,22.8,0,4.2,140,100,25
102,백령도,2020-08-28 02:00,22.8,0,4.7,140,100,21
102,백령도,2020-08-28 03:00,22.5,0,4.7,140,100,21
102,백령도,2020-08-28 04:00,22.4,,4.6,160,100,27
102,백령도,2020-08-28 05:00,22.4,,3.7,160,100,117
102,백령도,2020-08-28 06:00,22.6,,4.3,160,100,67
102,백령도,2020-08-28 07:00,22.9,,4.1,160,100,84
102,백령도,2020-08-28 08:00,23.2,,2.7,180,100,90
102,백령도,2020-08-28 09:00,23.3,,3.7,180,100,151
102,백령도,2020-08-28 10:00,23.2,,4,160,100,342
102,백령도,2020-08-28 11:00,23.7,,2.8,180,100,535
102,백령도,2020-08-28 12:00,23.6,,4,160,100,329
102,백령도,2020-08-28 13:00,23.9,,3.5,160,100,652
102,백령도,2020-08-28 14:00,23.9,,3.4,180,97,883
102,백령도,2020-08-28 15:00,23.7,,3.7,180,99,488
102,백령도,2020-08-28 16:00,23.4,,2.5,180,100,458
102,백령도,2020-08-28 17:00,23.4,.4,1.3,180,100,237
102,백령도,2020-08-28 18:00,23.2,0,1.3,200,100,509
102,백령도,2020-08-28 19:00,23.1,.1,.3,0,100,240
102,백령도,2020-08-28 20:00,23.1,.1,0,0,100,143
102,백령도,2020-08-28 21:00,23.2,.6,1.5,160,100,131
102,백령도,2020-08-28 22:00,23.1,.5,1.6,140,100,162
102,백령도,2020-08-28 23:00,23.2,1.7,2,110,100,41
102,백령도,2020-08-29 00:00,23.4,.2,3.9,140,100,144
102,백령도,2020-08-29 01:00,23.6,1.3,3.3,140,100,198
102,백령도,2020-08-29 02:00,23.6,.2,4.7,140,100,23
102,백령도,2020-08-29 03:00,23.5,0,4.9,140,100,26
102,백령도,2020-08-29 04:00,23.6,,4.9,160,100,28
102,백령도,2020-08-29 05:00,23.4,,5.1,160,100,53
102,백령도,2020-08-29 06:00,23.1,,3.3,180,100,35
102,백령도,2020-08-29 07:00,23.2,8.2,2.6,200,100,330
102,백령도,2020-08-29 08:00,23.5,5.9,2.6,230,100,141
102,백령도,2020-08-29 09:00,23.4,24.7,.9,270,100,60
102,백령도,2020-08-29 10:00,23.7,11.3,.8,340,100,3716
102,백령도,2020-08-29 11:00,23.9,.1,.7,360,100,2134
102,백령도,2020-08-29 12:00,23.6,0,1.4,50,100,3766
102,백령도,2020-08-29 13:00,24,,.7,20,100,4780
102,백령도,2020-08-29 14:00,25.3,0,2.5,110,96,5000
102,백령도,2020-08-29 15:00,25.6,,2.8,110,95,4982
102,백령도,2020-08-29 16:00,26.4,,1,110,92,3669
102,백령도,2020-08-29 17:00,23.4,,1.8,320,100,4865
102,백령도,2020-08-29 18:00,23.2,,3.1,320,99,4349
102,백령도,2020-08-29 19:00,23.5,,2.1,340,100,2943
102,백령도,2020-08-29 20:00,23,,2.2,360,100,3051
102,백령도,2020-08-29 21:00,23.2,,0,0,100,3543
102,백령도,2020-08-29 22:00,22.4,,0,0,100,1499
102,백령도,2020-08-29 23:00,22.5,,0,0,100,1952
102,백령도,2020-08-30 00:00,22.2,,0,0,100,945
102,백령도,2020-08-30 01:00,22,,0,0,100,416
102,백령도,2020-08-30 02:00,22.2,,0,0,100,633
102,백령도,2020-08-30 03:00,22.2,,0,0,100,314
102,백령도,2020-08-30 04:00,22.8,,0,0,100,307
102,백령도,2020-08-30 05:00,22.7,,0,0,100,34
102,백령도,2020-08-30 06:00,22.6,,0,0,100,34
102,백령도,2020-08-30 07:00,22.8,,1.4,340,100,891
102,백령도,2020-08-30 08:00,23.5,,2.1,90,100,174
102,백령도,2020-08-30 09:00,24.5,,2.2,70,100,1818
102,백령도,2020-08-30 10:00,24.6,,1,110,99,1664
102,백령도,2020-08-30 11:00,25.6,,2.3,70,93,3206
102,백령도,2020-08-30 12:00,26.9,,1.8,110,91,4265
102,백령도,2020-08-30 13:00,27.8,,1.8,160,83,4039
102,백령도,2020-08-30 14:00,27.3,,3,180,87,3602
102,백령도,2020-08-30 15:00,26.5,,1.8,290,91,3018
102,백령도,2020-08-30 16:00,25.1,,2.5,340,93,1819
102,백령도,2020-08-30 17:00,26.7,,1.6,200,91,4693
102,백령도,2020-08-30 18:00,24.3,,2.3,320,99,1163
102,백령도,2020-08-30 19:00,23.2,,2,320,100,33
102,백령도,2020-08-30 20:00,23,,.1,0,100,90
102,백령도,2020-08-30 21:00,22.9,,0,0,100,43
102,백령도,2020-08-30 22:00,23.3,,0,0,100,48
102,백령도,2020-08-30 23:00,23.1,,0,0,100,176
102,백령도,2020-08-31 00:00,23,,0,0,100,877
102,백령도,2020-08-31 01:00,23,,0,0,100,1132
102,백령도,2020-08-31 02:00,23.1,,0,0,100,1181
102,백령도,2020-08-31 03:00,23.4,,0,0,100,1020
102,백령도,2020-08-31 04:00,23.6,,1.1,110,100,1237
102,백령도,2020-08-31 05:00,23.4,,2.7,110,100,680
102,백령도,2020-08-31 06:00,24.1,,3.7,110,100,4818
102,백령도,2020-08-31 07:00,24.2,,3,140,96,4845
102,백령도,2020-08-31 08:00,24.4,,4.2,140,94,4956
102,백령도,2020-08-31 09:00,24.5,,5.1,140,92,4737
102,백령도,2020-08-31 10:00,25.2,,4.1,140,91,4648
102,백령도,2020-08-31 11:00,25.4,,3.6,110,88,4833
102,백령도,2020-08-31 12:00,25.5,,4.4,140,86,4498
102,백령도,2020-08-31 13:00,26.2,,4.3,140,85,4486
102,백령도,2020-08-31 14:00,25.8,,5,160,86,4676
102,백령도,2020-08-31 15:00,26.2,,6.8,140,85,4006
102,백령도,2020-08-31 16:00,26,,4.9,140,89,2389
102,백령도,2020-08-31 17:00,26,,4.7,160,88,2298
102,백령도,2020-08-31 18:00,25.4,,3.7,160,91,1790
102,백령도,2020-08-31 19:00,24.8,,5.2,160,95,1203
102,백령도,2020-08-31 20:00,24.5,,4.8,160,98,510
102,백령도,2020-08-31 21:00,24.1,,5.3,180,100,205
102,백령도,2020-08-31 22:00,23.7,,3.7,180,100,27
102,백령도,2020-08-31 23:00,23.4,,4.3,160,100,34
102,백령도,2020-09-01 00:00,23.2,,3.4,160,100,211
102,백령도,2020-09-01 01:00,23.2,,4.2,140,100,39
102,백령도,2020-09-01 02:00,23.2,,3.1,160,100,44
102,백령도,2020-09-01 03:00,22.9,,3.8,160,100,61
102,백령도,2020-09-01 04:00,23,,4,160,100,95
102,백령도,2020-09-01 05:00,23.1,,2.8,160,100,53
102,백령도,2020-09-01 06:00,23.2,,3.3,140,100,141
102,백령도,2020-09-01 07:00,23.2,,2.6,160,100,139
102,백령도,2020-09-01 08:00,23.4,,4.2,160,100,60
102,백령도,2020-09-01 09:00,23.7,,4.1,160,100,369
102,백령도,2020-09-01 10:00,23.8,,4.1,160,100,570
102,백령도,2020-09-01 11:00,23.7,.1,2.6,180,100,244
102,백령도,2020-09-01 12:00,23.7,1.2,3.6,200,100,671
102,백령도,2020-09-01 13:00,23.4,10.5,2.7,180,100,373
102,백령도,2020-09-01 14:00,23.3,.2,1.4,200,100,1470
102,백령도,2020-09-01 15:00,23.1,1.5,4,180,100,536
102,백령도,2020-09-01 16:00,23.3,.5,1.6,180,100,1611
102,백령도,2020-09-01 17:00,23.2,,1.3,160,99,2325
102,백령도,2020-09-01 18:00,23.3,,1.5,250,99,2698
102,백령도,2020-09-01 19:00,22.7,,2,340,100,1579
102,백령도,2020-09-01 20:00,22.4,,1.8,360,100,1179
102,백령도,2020-09-01 21:00,22.5,,.5,50,100,747
102,백령도,2020-09-01 22:00,22.6,,0,0,100,990
102,백령도,2020-09-01 23:00,22.6,,1,160,100,841
102,백령도,2020-09-02 00:00,22.4,,0,0,100,156
102,백령도,2020-09-02 01:00,22.5,,1.1,90,100,1282
102,백령도,2020-09-02 02:00,22.2,,0,0,100,1100
102,백령도,2020-09-02 03:00,21.9,,.7,320,100,232
102,백령도,2020-09-02 04:00,21.7,,1.8,320,100,21
102,백령도,2020-09-02 05:00,22,,3.1,340,100,30
102,백령도,2020-09-02 06:00,21.8,,3.7,340,100,166
102,백령도,2020-09-02 07:00,21.8,,3.2,360,100,757
102,백령도,2020-09-02 08:00,22.3,,1.4,20,100,1372
102,백령도,2020-09-02 09:00,22.9,0,2.3,70,100,1189
102,백령도,2020-09-02 10:00,23.9,0,3.4,70,96,1806
102,백령도,2020-09-02 11:00,23.9,,2.7,90,95,1972
102,백령도,2020-09-02 12:00,24.1,,2.9,70,94,1870
102,백령도,2020-09-02 13:00,23.4,,1.1,360,97,1670
102,백령도,2020-09-02 14:00,24.1,,1.8,340,95,2213
102,백령도,2020-09-02 15:00,23.3,0,1.6,340,96,1603
102,백령도,2020-09-02 16:00,22.9,0,3.8,360,97,1064
102,백령도,2020-09-02 17:00,22.4,21.4,3.5,50,100,141
102,백령도,2020-09-02 18:00,22,31.4,2.7,360,100,392
102,백령도,2020-09-02 19:00,22.2,.4,.7,320,100,942
102,백령도,2020-09-02 20:00,21.3,2.9,2.9,50,98,274
102,백령도,2020-09-02 21:00,21.6,8,1.7,20,100,642
102,백령도,2020-09-02 22:00,22,2.1,3.8,50,100,544
102,백령도,2020-09-02 23:00,21.6,3.2,2.4,360,100,990
102,백령도,2020-09-03 00:00,21.6,2.2,.8,360,100,1326
102,백령도,2020-09-03 01:00,21.5,.9,3.4,340,100,1732
102,백령도,2020-09-03 02:00,21.3,1,4.9,340,100,1365
102,백령도,2020-09-03 03:00,21.2,.7,7.6,340,99,1010
102,백령도,2020-09-03 04:00,20.9,1.2,7.1,340,99,1625
102,백령도,2020-09-03 05:00,20.4,5.7,10.7,360,100,341
102,백령도,2020-09-03 06:00,20.7,2.2,8.4,360,97,1460
102,백령도,2020-09-03 07:00,20.6,.5,8.6,360,94,2481
102,백령도,2020-09-03 08:00,21,0,7.6,340,95,3379
102,백령도,2020-09-03 09:00,21.2,,5.3,340,91,4002
102,백령도,2020-09-03 10:00,22.4,,5.5,290,88,3581
102,백령도,2020-09-03 11:00,23,,6.6,290,87,3979
102,백령도,2020-09-03 12:00,23.7,,7.3,290,78,4921
102,백령도,2020-09-03 13:00,24.5,,6.6,270,74,4536
102,백령도,2020-09-03 14:00,24.3,,8.1,270,78,2254
102,백령도,2020-09-03 15:00,24.2,,8.2,270,77,3051
102,백령도,2020-09-03 16:00,23.4,,7.4,270,79,3117
102,백령도,2020-09-03 17:00,23.6,,6.1,290,82,3098
102,백령도,2020-09-03 18:00,22.6,,3.6,270,86,2683
102,백령도,2020-09-03 19:00,21.6,0,2.5,270,90,2202
102,백령도,2020-09-03 20:00,21.9,0,3.1,230,88,2504
102,백령도,2020-09-03 21:00,20.6,,6.1,270,87,2469
102,백령도,2020-09-03 22:00,19.7,,3.5,290,93,1783
102,백령도,2020-09-03 23:00,19.6,,2.7,250,87,2774
102,백령도,2020-09-04 00:00,19.3,,2,250,90,2640
102,백령도,2020-09-04 01:00,18.5,5.2,6,250,90,3437
102,백령도,2020-09-04 02:00,17.9,0,5.1,270,91,4172
102,백령도,2020-09-04 03:00,18,.1,3.3,250,96,2987
102,백령도,2020-09-04 04:00,18.2,,4,250,91,4276
102,백령도,2020-09-04 05:00,18.8,,3.7,230,90,4930
102,백령도,2020-09-04 06:00,19.3,,3,230,86,4954
102,백령도,2020-09-04 07:00,20.1,,3.1,230,86,4827
102,백령도,2020-09-04 08:00,21.2,,3.2,230,79,4890
102,백령도,2020-09-04 09:00,22.4,,3.7,250,72,4917
102,백령도,2020-09-04 10:00,23,0,4.3,180,73,4938
102,백령도,2020-09-04 11:00,23.9,,4.8,200,74,4625
102,백령도,2020-09-04 12:00,24.5,,4.6,230,73,3939
102,백령도,2020-09-04 13:00,24.2,,6,200,75,3718
102,백령도,2020-09-04 14:00,24.5,,5.3,200,74,3661
102,백령도,2020-09-04 15:00,24.7,,5.4,200,73,4158
102,백령도,2020-09-04 16:00,24.4,0,5,200,74,3737
102,백령도,2020-09-04 17:00,23.9,,4.2,200,73,3909
102,백령도,2020-09-04 18:00,23.1,,4.4,200,80,3550
102,백령도,2020-09-04 19:00,21.4,,3,200,93,2106
102,백령도,2020-09-04 20:00,21.3,,1.6,200,95,1794
102,백령도,2020-09-04 21:00,20.8,,1.9,200,95,1495
102,백령도,2020-09-04 22:00,21.4,,4,160,91,3006
102,백령도,2020-09-04 23:00,21.1,,4,160,94,2051
102,백령도,2020-09-05 00:00,21.1,,4.3,160,90,2908
102,백령도,2020-09-05 01:00,20.6,,3,140,95,2136
102,백령도,2020-09-05 02:00,20.4,,2.8,140,98,1445
102,백령도,2020-09-05 03:00,21,,3.3,140,97,1564
102,백령도,2020-09-05 04:00,21,,3,140,98,938
102,백령도,2020-09-05 05:00,20.8,,2.8,140,100,428
102,백령도,2020-09-05 06:00,21.1,,4.3,160,100,389
102,백령도,2020-09-05 07:00,20.9,,4.4,160,97,647
102,백령도,2020-09-05 08:00,21.4,,3.7,160,93,942
102,백령도,2020-09-05 09:00,22,,4.9,160,93,1011
102,백령도,2020-09-05 10:00,22.9,,3.9,160,90,1374
102,백령도,2020-09-05 11:00,22.9,,6.6,140,89,1310
102,백령도,2020-09-05 12:00,23.7,,5.7,160,87,1451
102,백령도,2020-09-05 13:00,23.3,,6.5,140,90,1349
102,백령도,2020-09-05 14:00,24.1,,5.8,140,87,1467
102,백령도,2020-09-05 15:00,23.8,,3.9,180,88,1328
102,백령도,2020-09-05 16:00,23.9,,3.2,180,89,1323
102,백령도,2020-09-05 17:00,23.5,,3.7,140,89,1405
102,백령도,2020-09-05 18:00,22.5,,4.1,140,94,980
102,백령도,2020-09-05 19:00,22.1,,4.9,140,93,960
102,백령도,2020-09-05 20:00,21.9,,4,160,94,718
102,백령도,2020-09-05 21:00,22.2,,4.8,160,91,972
102,백령도,2020-09-05 22:00,22,,4.9,160,94,716
102,백령도,2020-09-05 23:00,21.5,,3.1,160,98,369
102,백령도,2020-09-06 00:00,21.3,,3,140,98,412
102,백령도,2020-09-06 01:00,21.2,,2.9,140,99,281
102,백령도,2020-09-06 02:00,21.5,,3.5,140,99,299
102,백령도,2020-09-06 03:00,21.5,,3.5,140,94,661
102,백령도,2020-09-06 04:00,21,,2.4,140,99,331
102,백령도,2020-09-06 05:00,21,,1.4,110,100,170
102,백령도,2020-09-06 06:00,20.6,,1.9,110,100,221
102,백령도,2020-09-06 07:00,20.9,,2.2,140,99,478
102,백령도,2020-09-06 08:00,21.7,,2.9,110,93,1043
102,백령도,2020-09-06 09:00,22,,4.8,110,89,1466
102,백령도,2020-09-06 10:00,22.9,,4,110,89,1386
102,백령도,2020-09-06 11:00,23.8,,4,110,84,1888
102,백령도,2020-09-06 12:00,24.2,,2.6,110,77,1960
102,백령도,2020-09-06 13:00,24.6,,1.7,110,73,2591
102,백령도,2020-09-06 14:00,24.7,,1.6,70,70,2561
102,백령도,2020-09-06 15:00,23.6,,2.5,20,77,2335
102,백령도,2020-09-06 16:00,23.7,,2.1,320,83,2189
102,백령도,2020-09-06 17:00,23.8,,2.1,320,80,2209
102,백령도,2020-09-06 18:00,22.9,,3.3,360,85,2012
102,백령도,2020-09-06 19:00,22.3,,1.4,360,86,2125
102,백령도,2020-09-06 20:00,22.9,,1.8,20,82,2051
102,백령도,2020-09-06 21:00,22,,2.5,50,89,1845
102,백령도,2020-09-06 22:00,21.7,,2.1,50,88,2099
102,백령도,2020-09-06 23:00,21.6,,3.3,50,86,2312
102,백령도,2020-09-07 00:00,21.4,,3.2,50,83,2513
102,백령도,2020-09-07 01:00,21.6,,3.9,50,78,2952
102,백령도,2020-09-07 02:00,21.4,,3.5,50,78,2939
102,백령도,2020-09-07 03:00,20.9,0,2.6,50,81,2235
102,백령도,2020-09-07 04:00,19.9,.2,4.6,50,87,1373
102,백령도,2020-09-07 05:00,19.3,.7,2.7,50,94,1197
102,백령도,2020-09-07 06:00,19.4,.3,4.1,340,96,1506
102,백령도,2020-09-07 07:00,19.4,0,6,360,95,1453
102,백령도,2020-09-07 08:00,19.3,.4,6.8,360,96,1276
102,백령도,2020-09-07 09:00,19.5,1,7.4,360,97,669
102,백령도,2020-09-07 10:00,19.8,3.4,7.6,360,98,501
102,백령도,2020-09-07 11:00,20.2,1.3,4.9,360,95,1280
102,백령도,2020-09-07 12:00,20.2,.9,11.2,360,96,726
102,백령도,2020-09-07 13:00,20.2,1.3,12.7,340,98,725
102,백령도,2020-09-07 14:00,20.2,.6,9.6,340,98,850
102,백령도,2020-09-07 15:00,20.4,1.4,9.9,320,96,980
102,백령도,2020-09-07 16:00,20.6,0,12.2,320,95,1357
102,백령도,2020-09-07 17:00,20.7,0,12.7,320,93,1321
102,백령도,2020-09-07 18:00,20.3,.4,11.9,320,94,1100
102,백령도,2020-09-07 19:00,21,.7,11.9,320,91,1470
102,백령도,2020-09-07 20:00,20.9,0,10.9,320,90,1498
102,백령도,2020-09-07 21:00,21,0,10.9,320,89,1491
102,백령도,2020-09-07 22:00,20.7,0,8.9,320,87,2099
102,백령도,2020-09-07 23:00,20.7,0,11,320,82,2801
102,백령도,2020-09-08 00:00,20.6,0,10.3,320,82,3216
102,백령도,2020-09-08 01:00,20.5,,10,320,82,3303
102,백령도,2020-09-08 02:00,20.5,,9,290,84,2772
102,백령도,2020-09-08 03:00,20.9,0,6.9,290,87,2370
102,백령도,2020-09-08 04:00,21,0,10.2,290,84,2422
102,백령도,2020-09-08 05:00,20.6,,8.9,290,88,2393
102,백령도,2020-09-08 06:00,20.9,,9.4,290,88,2412
102,백령도,2020-09-08 07:00,20.9,0,8.8,290,89,2487
102,백령도,2020-09-08 08:00,21.6,,5.3,290,85,2586
102,백령도,2020-09-08 09:00,22.5,,5.2,290,79,3193
102,백령도,2020-09-08 10:00,22.4,,4.7,270,79,3213
102,백령도,2020-09-08 11:00,24.1,,5.1,250,77,2966
102,백령도,2020-09-08 12:00,24.7,,7.2,290,74,2689
102,백령도,2020-09-08 13:00,23.7,,6.3,250,81,2527
102,백령도,2020-09-08 14:00,23.5,,5.9,250,89,1537
102,백령도,2020-09-08 15:00,23.7,,6.5,250,71,3348
102,백령도,2020-09-08 16:00,23.6,,4.6,270,75,2925
102,백령도,2020-09-08 17:00,23.9,,4.8,290,87,1878
102,백령도,2020-09-08 18:00,22.9,,3,290,92,1581
102,백령도,2020-09-08 19:00,21.7,,1.6,250,95,1354
102,백령도,2020-09-08 20:00,21.4,,2.9,250,97,981
102,백령도,2020-09-08 21:00,21.2,,2.2,230,98,970
102,백령도,2020-09-08 22:00,21.1,,2,250,97,1069
102,백령도,2020-09-08 23:00,20.4,,1.8,200,100,544
102,백령도,2020-09-09 00:00,20.7,,2.9,230,100,551
102,백령도,2020-09-09 01:00,21,,2.6,250,98,1016
102,백령도,2020-09-09 02:00,20.5,,1.8,270,97,781
102,백령도,2020-09-09 03:00,20.6,,0,0,100,632
102,백령도,2020-09-09 04:00,20.2,,0,0,100,474
102,백령도,2020-09-09 05:00,19.8,,0,0,100,230
102,백령도,2020-09-09 06:00,19.1,,2.1,180,100,79
102,백령도,2020-09-09 07:00,19.7,,1.1,160,100,12
102,백령도,2020-09-09 08:00,18.5,0,3.7,320,99,280
102,백령도,2020-09-09 09:00,18,0,4.8,320,98,2025
102,백령도,2020-09-09 10:00,17.4,5.2,5.9,290,93,974
102,백령도,2020-09-09 11:00,19,5.5,4,250,91,922
102,백령도,2020-09-09 12:00,20.2,.2,4.4,230,86,2914
102,백령도,2020-09-09 13:00,20.2,,4.1,200,75,4998
102,백령도,2020-09-09 14:00,23.1,,3.2,200,67,3573
102,백령도,2020-09-09 15:00,23.5,,2.9,230,66,3921
102,백령도,2020-09-09 16:00,22.2,,3.9,180,73,4423
102,백령도,2020-09-09 17:00,21.5,,3.9,180,83,3960
102,백령도,2020-09-09 18:00,20.3,,3.2,180,91,2288
102,백령도,2020-09-09 19:00,19.9,,3.4,180,94,1781
102,백령도,2020-09-09 20:00,19.7,,2.5,180,97,1066
102,백령도,2020-09-09 21:00,19.3,,1.7,180,98,691
102,백령도,2020-09-09 22:00,19.7,,2.1,200,99,860
102,백령도,2020-09-09 23:00,20.2,,2.8,230,99,665
102,백령도,2020-09-10 00:00,20.3,,2.1,230,99,429
102,백령도,2020-09-10 01:00,20.3,,2.1,270,99,356
102,백령도,2020-09-10 02:00,20.6,,1.3,250,97,629
102,백령도,2020-09-10 03:00,19.7,,1.4,110,100,98
102,백령도,2020-09-10 04:00,19.4,,1,160,100,97
102,백령도,2020-09-10 05:00,19.2,,1.5,180,100,181
102,백령도,2020-09-10 06:00,19.2,,1.2,180,100,18
102,백령도,2020-09-10 07:00,19.6,,0,0,100,177
102,백령도,2020-09-10 08:00,19.9,,1.1,160,100,212
102,백령도,2020-09-10 09:00,21.3,,2,180,100,456
102,백령도,2020-09-10 10:00,23,,2.2,160,91,2792
102,백령도,2020-09-10 11:00,24.1,,2.7,160,80,4190
102,백령도,2020-09-10 12:00,24.1,,3.8,200,75,4716
102,백령도,2020-09-10 13:00,24.3,,3.4,200,80,4764
102,백령도,2020-09-10 14:00,24,,3.6,200,72,4961
102,백령도,2020-09-10 15:00,23,,4.1,200,83,4930
102,백령도,2020-09-10 16:00,23.6,,3.9,200,85,4811
102,백령도,2020-09-10 17:00,22.9,,3.7,160,87,2092
102,백령도,2020-09-10 18:00,22,,2.5,180,93,1104
102,백령도,2020-09-10 19:00,21.3,,2.5,160,97,643
102,백령도,2020-09-10 20:00,21.1,,3.7,160,98,312
102,백령도,2020-09-10 21:00,21,,3.1,160,99,213
102,백령도,2020-09-10 22:00,21,,3.3,160,99,172
102,백령도,2020-09-10 23:00,20.7,,2.6,140,99,137
102,백령도,2020-09-11 00:00,20.9,,1.6,110,99,115
102,백령도,2020-09-11 01:00,20.8,,2.5,110,99,109
102,백령도,2020-09-11 02:00,20.8,,3,110,99,162
102,백령도,2020-09-11 03:00,20.7,,2.7,90,99,176
102,백령도,2020-09-11 04:00,20.7,,3.7,110,99,231
102,백령도,2020-09-11 05:00,20.7,,3.7,110,99,254
102,백령도,2020-09-11 06:00,20.8,,3.4,110,99,272
102,백령도,2020-09-11 07:00,21.2,,3.3,140,99,319
102,백령도,2020-09-11 08:00,20.6,0,2.9,200,98,560
102,백령도,2020-09-11 09:00,20.4,0,1.1,230,94,1815
102,백령도,2020-09-11 10:00,20.6,.1,1.8,140,95,1076
102,백령도,2020-09-11 11:00,21,.1,1.9,140,94,1112
102,백령도,2020-09-11 12:00,21.2,.1,2,110,98,653
102,백령도,2020-09-11 13:00,20.9,.1,2.5,90,97,602
102,백령도,2020-09-11 14:00,21.2,0,1.5,90,98,543
102,백령도,2020-09-11 15:00,21.5,0,2.7,90,96,419
102,백령도,2020-09-11 16:00,21.4,0,2,70,95,561
102,백령도,2020-09-11 17:00,21.6,.1,1.2,50,94,768
102,백령도,2020-09-11 18:00,20.9,0,1.5,340,97,452
102,백령도,2020-09-11 19:00,20.3,.1,4.8,90,93,2780
102,백령도,2020-09-11 20:00,19.9,0,3.9,90,96,1351
102,백령도,2020-09-11 21:00,19.9,0,3.4,90,93,2051
102,백령도,2020-09-11 22:00,19.9,0,3.4,90,93,2414
102,백령도,2020-09-11 23:00,20.4,0,3.4,90,93,1968
102,백령도,2020-09-12 00:00,20.4,0,4.1,90,91,2490
102,백령도,2020-09-12 01:00,20.3,,3.6,90,88,2979
102,백령도,2020-09-12 02:00,20.3,,4,90,85,3451
102,백령도,2020-09-12 03:00,20.1,,3.1,90,86,3560
102,백령도,2020-09-12 04:00,19.9,,2.3,90,90,3009
102,백령도,2020-09-12 05:00,19.8,,2.1,70,88,2716
102,백령도,2020-09-12 06:00,19.5,,0,0,93,2096
102,백령도,2020-09-12 07:00,19.3,,.6,160,91,2474
102,백령도,2020-09-12 08:00,19.3,,1.1,110,90,1700
102,백령도,2020-09-12 09:00,19.9,,0,0,88,1600
102,백령도,2020-09-12 10:00,20.6,,1.4,290,86,1220
102,백령도,2020-09-12 11:00,21.1,,2,320,85,1398
102,백령도,2020-09-12 12:00,22,,1.6,340,76,920
102,백령도,2020-09-12 13:00,23,,2.3,50,72,2602
102,백령도,2020-09-12 14:00,22.4,,1,50,79,3462
102,백령도,2020-09-12 15:00,22.5,,1.9,50,81,4299
102,백령도,2020-09-12 16:00,21.8,0,1,290,84,3762
102,백령도,2020-09-12 17:00,19.6,.9,1.4,160,98,1835
102,백령도,2020-09-12 18:00,19.5,0,.9,200,97,2886
102,백령도,2020-09-12 19:00,19.5,0,1.5,360,96,3725
102,백령도,2020-09-12 20:00,20,,1.9,20,90,4530
102,백령도,2020-09-12 21:00,20.1,,2,360,91,4935
102,백령도,2020-09-12 22:00,20.1,,2.7,20,90,4751
102,백령도,2020-09-12 23:00,19.9,,3.3,50,89,4816
102,백령도,2020-09-13 00:00,19.9,,3.2,90,88,4727
102,백령도,2020-09-13 01:00,19.7,,3.9,90,79,5000
102,백령도,2020-09-13 02:00,19.6,,3.7,90,81,5000
102,백령도,2020-09-13 03:00,19.5,,2.8,90,80,5000
102,백령도,2020-09-13 04:00,19.4,,3.1,90,80,5000
102,백령도,2020-09-13 05:00,19.4,,2.2,90,81,5000
102,백령도,2020-09-13 06:00,19,,1.9,20,85,5000
102,백령도,2020-09-13 07:00,18.9,,1.9,20,83,5000
102,백령도,2020-09-13 08:00,20.5,,1.8,70,77,5000
102,백령도,2020-09-13 09:00,21,,0,0,72,4989
102,백령도,2020-09-13 10:00,22.4,,1.2,90,64,5000
102,백령도,2020-09-13 11:00,22.7,,1.9,360,59,5000
102,백령도,2020-09-13 12:00,22.1,,3.3,320,61,5000
102,백령도,2020-09-13 13:00,22.3,,3.7,320,71,4977
102,백령도,2020-09-13 14:00,22.1,,4.6,290,75,4959
102,백령도,2020-09-13 15:00,22.3,,4.4,290,78,4812
102,백령도,2020-09-13 16:00,22,,5,320,78,4959
102,백령도,2020-09-13 17:00,21.7,,4.8,320,75,4999
102,백령도,2020-09-13 18:00,21.3,,3.5,320,78,4999
102,백령도,2020-09-13 19:00,19.9,,2.8,290,87,4240
102,백령도,2020-09-13 20:00,19.1,,2,290,91,5000
102,백령도,2020-09-13 21:00,19.4,,.2,0,86,5000
102,백령도,2020-09-13 22:00,18.9,,1.5,290,91,5000
102,백령도,2020-09-13 23:00,18.7,,1.5,290,94,5000
102,백령도,2020-09-14 00:00,19,,2.2,270,95,4997
102,백령도,2020-09-14 01:00,19.5,,2.7,270,95,4877
102,백령도,2020-09-14 02:00,19.8,,2,270,94,3641
102,백령도,2020-09-14 03:00,20,,1.7,250,93,1690
102,백령도,2020-09-14 04:00,20.3,,2.4,270,94,1117
102,백령도,2020-09-14 05:00,20.1,,2.3,270,96,866
102,백령도,2020-09-14 06:00,20.2,,2.1,270,97,688
102,백령도,2020-09-14 07:00,20.3,,1.6,250,97,651
102,백령도,2020-09-14 08:00,21.3,,2.8,290,95,827
102,백령도,2020-09-14 09:00,22,,3.6,320,87,1087
102,백령도,2020-09-14 10:00,23,,2.9,320,86,1348
102,백령도,2020-09-14 11:00,22.9,,3.9,360,79,1995
102,백령도,2020-09-14 12:00,23.5,,3.2,360,75,2473
102,백령도,2020-09-14 13:00,23.5,,3.6,320,77,2378
102,백령도,2020-09-14 14:00,22.9,,3.7,320,80,2300
102,백령도,2020-09-14 15:00,23.2,,3.7,320,74,3046
102,백령도,2020-09-14 16:00,22.3,,3.7,320,81,2682
102,백령도,2020-09-14 17:00,22.4,,4.3,290,78,2798
102,백령도,2020-09-14 18:00,21.5,,3.2,290,83,2608
102,백령도,2020-09-14 19:00,20,,2,270,91,1580
102,백령도,2020-09-14 20:00,20,,1.5,270,91,1773
102,백령도,2020-09-14 21:00,19.8,,1.8,320,92,1854
102,백령도,2020-09-14 22:00,19.9,,1.4,340,93,1763
102,백령도,2020-09-14 23:00,19.6,,1.5,320,92,2538
102,백령도,2020-09-15 00:00,19.4,,1.5,320,93,2925
102,백령도,2020-09-15 01:00,19.1,,0,0,95,2909
102,백령도,2020-09-15 02:00,19.4,,0,0,94,2912
102,백령도,2020-09-15 03:00,19,,0,0,95,2163
102,백령도,2020-09-15 04:00,18.6,,0,0,97,1800
102,백령도,2020-09-15 05:00,18.2,,0,0,95,2128
102,백령도,2020-09-15 06:00,18.6,,0,0,99,1539
102,백령도,2020-09-15 07:00,18.7,,1.2,90,99,703
102,백령도,2020-09-15 08:00,20.3,,.4,0,95,1500
102,백령도,2020-09-15 09:00,21.2,,1.7,140,87,2915
102,백령도,2020-09-15 10:00,21.8,,2.3,110,80,3295
102,백령도,2020-09-15 11:00,22.1,,3.3,140,79,3199
102,백령도,2020-09-15 12:00,22.1,,3.1,110,81,2816
102,백령도,2020-09-15 13:00,23,,2.3,180,79,3131
102,백령도,2020-09-15 14:00,21.6,,3.4,180,85,2705
102,백령도,2020-09-15 15:00,22.4,,4,180,81,2999
102,백령도,2020-09-15 16:00,21.8,,3.1,200,80,4051
102,백령도,2020-09-15 17:00,21.4,,2.6,200,86,4085
102,백령도,2020-09-15 18:00,20.9,,1.6,180,89,3578
102,백령도,2020-09-15 19:00,20.5,,2.2,160,90,3181
102,백령도,2020-09-15 20:00,20.3,0,2.3,180,91,2931
102,백령도,2020-09-15 21:00,20,0,.7,180,92,2390
102,백령도,2020-09-15 22:00,20.5,0,4.6,160,94,1486
102,백령도,2020-09-15 23:00,20.6,0,4.8,160,94,1085
102,백령도,2020-09-16 00:00,20.5,,4.8,160,93,1309
102,백령도,2020-09-16 01:00,20.7,,5,160,94,1105
102,백령도,2020-09-16 02:00,20.8,,5.8,160,95,1136
102,백령도,2020-09-16 03:00,20.8,,5.9,160,94,1507
102,백령도,2020-09-16 04:00,20.9,,3.6,160,94,2204
102,백령도,2020-09-16 05:00,20.8,,2.9,180,90,3500
102,백령도,2020-09-16 06:00,21.1,0,4.5,200,94,3040
102,백령도,2020-09-16 07:00,21,0,4.3,200,94,3524
102,백령도,2020-09-16 08:00,21.3,0,4.3,200,95,2052
102,백령도,2020-09-16 09:00,18.2,20.8,2.2,270,100,49
102,백령도,2020-09-16 10:00,18.5,28.2,2.3,250,100,110
102,백령도,2020-09-16 11:00,17.6,21.8,.2,0,100,59
102,백령도,2020-09-16 12:00,18.8,32.5,2.2,110,100,90
102,백령도,2020-09-16 13:00,19.9,1.5,.9,110,100,609
102,백령도,2020-09-16 14:00,22.3,0,2.6,200,93,3706
102,백령도,2020-09-16 15:00,22.3,,3.3,200,94,2329
102,백령도,2020-09-16 16:00,22.5,,2.8,200,95,3142
102,백령도,2020-09-16 17:00,21.9,,3.6,230,97,3579
102,백령도,2020-09-16 18:00,21.5,,2.8,230,98,3242
102,백령도,2020-09-16 19:00,21.2,,1.7,200,99,1797
102,백령도,2020-09-16 20:00,20.8,,1.8,230,100,1360
102,백령도,2020-09-16 21:00,20.8,,2.8,200,100,645
102,백령도,2020-09-16 22:00,20.8,0,2.5,230,99,685
102,백령도,2020-09-16 23:00,20.2,0,3.5,290,85,2797
102,백령도,2020-09-17 00:00,19.4,,3.8,290,81,4026
102,백령도,2020-09-17 01:00,19.2,,2.8,270,80,4447
102,백령도,2020-09-17 02:00,18.9,,1.8,270,79,4526
102,백령도,2020-09-17 03:00,19,,2.4,270,73,4874
102,백령도,2020-09-17 04:00,18.5,,2.3,290,73,4888
102,백령도,2020-09-17 05:00,19.3,,2.8,270,73,4989
102,백령도,2020-09-17 06:00,19.7,,2.4,270,76,4957
102,백령도,2020-09-17 07:00,19.5,,1.9,250,74,4992
102,백령도,2020-09-17 08:00,20.3,,2.3,230,79,4886
102,백령도,2020-09-17 09:00,20.8,,2.5,230,79,4931
102,백령도,2020-09-17 10:00,22.5,,4.2,250,72,4879
102,백령도,2020-09-17 11:00,22.8,,4.3,230,68,4904
102,백령도,2020-09-17 12:00,23,,4.7,250,69,4784
102,백령도,2020-09-17 13:00,23,,5.6,250,69,4756
102,백령도,2020-09-17 14:00,23.8,,5.1,250,68,4826
102,백령도,2020-09-17 15:00,23.1,,4.8,250,73,4673
102,백령도,2020-09-17 16:00,23.7,,3.3,270,60,4837
102,백령도,2020-09-17 17:00,22.2,,2.2,270,72,4799
102,백령도,2020-09-17 18:00,21,,3,270,71,4860
102,백령도,2020-09-17 19:00,20.1,,3.1,270,73,4996
102,백령도,2020-09-17 20:00,19.6,,3,270,76,4831
102,백령도,2020-09-17 21:00,19.7,,2.5,270,68,4973
102,백령도,2020-09-17 22:00,19.7,,2.6,270,73,4971
102,백령도,2020-09-17 23:00,19.7,,3.1,270,71,4946
102,백령도,2020-09-18 00:00,19.6,,3.1,270,76,4132
102,백령도,2020-09-18 01:00,19.4,,3,290,77,4732
102,백령도,2020-09-18 02:00,18.4,,1.4,290,85,4703
102,백령도,2020-09-18 03:00,18.5,,1.7,270,83,4718
102,백령도,2020-09-18 04:00,18.3,,2,290,84,5000
102,백령도,2020-09-18 05:00,18.5,,1.2,250,82,4983
102,백령도,2020-09-18 06:00,18.8,,2.2,270,74,5000
102,백령도,2020-09-18 07:00,19.1,,2.4,230,82,4992
102,백령도,2020-09-18 08:00,20.7,,3,230,80,4918
102,백령도,2020-09-18 09:00,22.3,,4.1,250,73,4790
102,백령도,2020-09-18 10:00,23.1,,5.8,250,75,4677
102,백령도,2020-09-18 11:00,22.6,,6.6,270,78,3727
102,백령도,2020-09-18 12:00,23.5,,7.7,270,76,3656
102,백령도,2020-09-18 13:00,23.6,,5.8,270,71,4324
102,백령도,2020-09-18 14:00,23.5,,5.4,290,76,4302
102,백령도,2020-09-18 15:00,23.4,,5,290,71,4759
102,백령도,2020-09-18 16:00,23,,4.6,290,66,4880
102,백령도,2020-09-18 17:00,22.5,,3.9,290,67,4992
102,백령도,2020-09-18 18:00,21.8,,2.4,250,68,4999
102,백령도,2020-09-18 19:00,20.4,,3.3,250,76,4999
102,백령도,2020-09-18 20:00,19.9,,2.6,250,77,4997
102,백령도,2020-09-18 21:00,20.3,,2.8,270,67,5000
102,백령도,2020-09-18 22:00,20.5,,3.7,250,80,5000
102,백령도,2020-09-18 23:00,20.4,,3,250,82,4947
102,백령도,2020-09-19 00:00,20.1,,2.5,290,86,4659
102,백령도,2020-09-19 01:00,19.9,,1.4,270,91,3763
102,백령도,2020-09-19 02:00,19.8,,1.6,290,89,3905
102,백령도,2020-09-19 03:00,19.3,,1.6,290,88,4308
102,백령도,2020-09-19 04:00,18.6,,.9,270,92,3464
102,백령도,2020-09-19 05:00,18.4,,1.4,290,93,3648
102,백령도,2020-09-19 06:00,18.1,,0,0,92,3550
102,백령도,2020-09-19 07:00,18.7,,0,0,93,3412
102,백령도,2020-09-19 08:00,19.4,,1,180,97,2097
102,백령도,2020-09-19 09:00,21.2,,2.6,270,85,3196
102,백령도,2020-09-19 10:00,22,,3.9,320,81,2994
102,백령도,2020-09-19 11:00,22.7,,5.2,290,79,3975
102,백령도,2020-09-19 12:00,22.8,,5.3,290,74,4338
102,백령도,2020-09-19 13:00,23.1,,6,290,75,4628
102,백령도,2020-09-19 14:00,23.2,,6,320,72,4909
102,백령도,2020-09-19 15:00,22.9,,5.6,320,69,4999
102,백령도,2020-09-19 16:00,22.6,,4.9,290,68,4950
102,백령도,2020-09-19 17:00,21.9,,4.5,320,66,4992
102,백령도,2020-09-19 18:00,20.8,,2.6,290,73,4987
102,백령도,2020-09-19 19:00,19.1,,1.3,270,78,4999
102,백령도,2020-09-19 20:00,19.1,,0,0,75,4984
102,백령도,2020-09-19 21:00,18.8,,1.9,270,78,4998
102,백령도,2020-09-19 22:00,19.2,,2.8,250,79,5000
102,백령도,2020-09-19 23:00,19.1,,2.6,270,79,4981
102,백령도,2020-09-20 00:00,19.1,,2.4,270,86,4983
102,백령도,2020-09-20 01:00,19,,2.4,290,83,4998
102,백령도,2020-09-20 02:00,18.4,,2,270,86,4990
102,백령도,2020-09-20 03:00,18.7,,3,320,90,4959
102,백령도,2020-09-20 04:00,18.9,,3.8,320,87,4946
102,백령도,2020-09-20 05:00,18.6,,2.6,320,84,4892
102,백령도,2020-09-20 06:00,19.5,,3.6,360,76,4531
102,백령도,2020-09-20 07:00,18.9,,2.1,360,75,4913
102,백령도,2020-09-20 08:00,20,,1.7,50,76,4085
102,백령도,2020-09-20 09:00,20.7,,1.4,20,68,4485
102,백령도,2020-09-20 10:00,21.2,,2,70,67,3942
102,백령도,2020-09-20 11:00,21.8,,.2,0,60,4644
102,백령도,2020-09-20 12:00,21.9,,.8,20,48,4895
102,백령도,2020-09-20 13:00,22.3,,2.3,320,48,4833
102,백령도,2020-09-20 14:00,21.9,,3,340,55,4817
102,백령도,2020-09-20 15:00,21.9,,3.1,340,47,4875
102,백령도,2020-09-20 16:00,21.7,,3.3,340,50,4970
102,백령도,2020-09-20 17:00,20.8,,4.1,340,62,4963
102,백령도,2020-09-20 18:00,19.8,,2.7,340,66,4887
102,백령도,2020-09-20 19:00,18,,2,340,79,4956
102,백령도,2020-09-20 20:00,18,,1.9,340,78,4778
102,백령도,2020-09-20 21:00,16.5,,1.6,340,88,4395
102,백령도,2020-09-20 22:00,17.1,,1.1,320,85,4880
102,백령도,2020-09-20 23:00,16.9,,.8,320,86,4855
102,백령도,2020-09-21 00:00,16.3,,1.8,320,92,4434
102,백령도,2020-09-21 01:00,15.8,,0,0,95,3949
102,백령도,2020-09-21 02:00,16.7,,.1,0,90,4370
102,백령도,2020-09-21 03:00,16.6,,1.8,70,94,4058
102,백령도,2020-09-21 04:00,16.9,,1.8,70,88,3742
102,백령도,2020-09-21 05:00,17,,2.4,70,87,4127
102,백령도,2020-09-21 06:00,16.2,,2.1,90,87,3845
102,백령도,2020-09-21 07:00,16.3,,1.9,90,90,3423
102,백령도,2020-09-21 08:00,17.5,,0,0,86,4138
102,백령도,2020-09-21 09:00,19.2,,0,0,69,4395
102,백령도,2020-09-21 10:00,20,,1.4,160,69,4559
102,백령도,2020-09-21 11:00,21.3,,1.4,140,58,4764
102,백령도,2020-09-21 12:00,21.8,,1.6,110,49,4861
102,백령도,2020-09-21 13:00,22.2,,2,90,40,4908
102,백령도,2020-09-21 14:00,21.8,,2.8,200,42,4849
102,백령도,2020-09-21 15:00,21.7,,2.5,290,49,4973
102,백령도,2020-09-21 16:00,21.5,,2.4,320,47,4958
102,백령도,2020-09-21 17:00,20.4,,2.2,320,59,4976
102,백령도,2020-09-21 18:00,19.3,,1.2,320,75,4931
102,백령도,2020-09-21 19:00,17.4,,0,0,88,4071
102,백령도,2020-09-21 20:00,17.2,,0,0,83,3697
102,백령도,2020-09-21 21:00,17.2,,.8,290,71,4954
102,백령도,2020-09-21 22:00,17.2,,2,320,73,4967
102,백령도,2020-09-21 23:00,17,,1,290,76,4958
102,백령도,2020-09-22 00:00,17.6,,1.8,340,84,4845
102,백령도,2020-09-22 01:00,17.3,,2.1,360,92,4430
102,백령도,2020-09-22 02:00,17.5,,1.4,20,91,3906
102,백령도,2020-09-22 03:00,17.4,,1.8,50,90,3938
102,백령도,2020-09-22 04:00,17.3,,2.4,50,87,3793
102,백령도,2020-09-22 05:00,16.8,,2.3,50,92,2986
102,백령도,2020-09-22 06:00,16.6,,2.1,50,95,2263
102,백령도,2020-09-22 07:00,16.8,,1.9,90,96,1724
102,백령도,2020-09-22 08:00,18.1,,3.4,90,85,2533
102,백령도,2020-09-22 09:00,18.9,,3.2,110,82,2602
102,백령도,2020-09-22 10:00,19.5,,3.6,110,69,3017
102,백령도,2020-09-22 11:00,20.6,,4.1,140,70,3521
102,백령도,2020-09-22 12:00,20.8,,4.3,110,73,3156
102,백령도,2020-09-22 13:00,21.2,,3.5,110,70,3373
102,백령도,2020-09-22 14:00,21.5,,2,140,67,3544
102,백령도,2020-09-22 15:00,22.3,,1.1,140,63,3539
102,백령도,2020-09-22 16:00,21.9,,1.4,50,62,4230
102,백령도,2020-09-22 17:00,20.5,,2.5,340,76,3288
102,백령도,2020-09-22 18:00,19.7,,2.4,340,75,2954
102,백령도,2020-09-22 19:00,18.7,,2.2,320,85,2774
102,백령도,2020-09-22 20:00,18,,2.2,290,89,2600
102,백령도,2020-09-22 21:00,17.7,,3,320,93,2275
102,백령도,2020-09-22 22:00,18.7,,2,340,84,3073
102,백령도,2020-09-22 23:00,18.3,,2.9,360,84,2987
102,백령도,2020-09-23 00:00,18.7,,2.6,340,83,3035
102,백령도,2020-09-23 01:00,18.7,,.9,70,81,3190
102,백령도,2020-09-23 02:00,18.1,,2.9,70,77,3419
102,백령도,2020-09-23 03:00,17.5,,2.1,70,85,2888
102,백령도,2020-09-23 04:00,17.3,,1.7,90,85,2708
102,백령도,2020-09-23 05:00,17.7,,3.8,90,77,2496
102,백령도,2020-09-23 06:00,17.5,,3,90,82,2859
102,백령도,2020-09-23 07:00,17.5,,3.1,110,82,3229
102,백령도,2020-09-23 08:00,17.6,,2.1,110,80,4067
102,백령도,2020-09-23 09:00,18.4,,2.9,110,74,4575
102,백령도,2020-09-23 10:00,19.1,,3.3,110,72,4117
102,백령도,2020-09-23 11:00,19.7,,3.8,110,63,4277
102,백령도,2020-09-23 12:00,20.4,,4.8,110,53,4981
102,백령도,2020-09-23 13:00,21.5,,3.3,110,52,4977
102,백령도,2020-09-23 14:00,21.2,,3.4,90,50,4999
102,백령도,2020-09-23 15:00,21.1,,3.4,90,50,5000
102,백령도,2020-09-23 16:00,21.4,,1,70,54,4998
102,백령도,2020-09-23 17:00,20.1,,2,320,59,4999
102,백령도,2020-09-23 18:00,19.2,,2.4,320,70,4999
102,백령도,2020-09-23 19:00,17.8,,.8,320,86,4431
102,백령도,2020-09-23 20:00,17.1,,0,0,88,4923
102,백령도,2020-09-23 21:00,18.9,,1.4,50,68,4635
102,백령도,2020-09-23 22:00,18.3,,.1,0,81,3799
102,백령도,2020-09-23 23:00,18.1,,1.7,90,94,3545
102,백령도,2020-09-24 00:00,18.1,,2.8,70,88,4298
102,백령도,2020-09-24 01:00,17.7,,3.3,90,81,4997
102,백령도,2020-09-24 02:00,17.7,,3.2,90,77,4999
102,백령도,2020-09-24 03:00,17.6,,3.5,90,75,5000
102,백령도,2020-09-24 04:00,17.5,,3.4,90,73,5000
102,백령도,2020-09-24 05:00,17.5,,3.1,90,72,5000
102,백령도,2020-09-24 06:00,17.4,,3.7,90,75,4999
102,백령도,2020-09-24 07:00,17.4,,4.1,90,76,5000
102,백령도,2020-09-24 08:00,17.6,,3.8,90,74,5000
102,백령도,2020-09-24 09:00,19.1,,5.3,90,67,4801
102,백령도,2020-09-24 10:00,19.9,,4.2,90,68,4990
102,백령도,2020-09-24 11:00,20.6,,4,90,65,4891
102,백령도,2020-09-24 12:00,20.9,,3.4,70,64,4988
102,백령도,2020-09-24 13:00,21.8,,2.7,50,56,4981
102,백령도,2020-09-24 14:00,21.4,,3.4,360,57,4937
102,백령도,2020-09-24 15:00,21.1,,3.7,340,71,4990
102,백령도,2020-09-24 16:00,20,,4.7,340,70,4960
102,백령도,2020-09-24 17:00,20.9,,4.7,340,64,5000
102,백령도,2020-09-24 18:00,20.1,,5,340,66,4999
102,백령도,2020-09-24 19:00,19.5,,4,340,74,4964
102,백령도,2020-09-24 20:00,19.5,,3.7,360,82,4331
102,백령도,2020-09-24 21:00,19.9,,2.4,360,81,4388
102,백령도,2020-09-24 22:00,19.7,,2.7,70,80,4669
102,백령도,2020-09-24 23:00,19.2,,3.5,90,75,4930
102,백령도,2020-09-25 00:00,18.7,,3.8,90,76,4988
102,백령도,2020-09-25 01:00,17.7,,2.7,70,87,3879
102,백령도,2020-09-25 02:00,17.8,,3.1,90,76,4985
102,백령도,2020-09-25 03:00,17.8,,3.5,90,75,5000
102,백령도,2020-09-25 04:00,17.1,,1.9,50,84,4773
102,백령도,2020-09-25 05:00,17.3,,1.7,50,78,4947
102,백령도,2020-09-25 06:00,16.7,,2,50,82,4992
102,백령도,2020-09-25 07:00,16.9,,2,360,80,4860
102,백령도,2020-09-25 08:00,18.8,,2,20,70,4932
102,백령도,2020-09-25 09:00,19.5,,2.3,20,66,4838
102,백령도,2020-09-25 10:00,20.8,,3.1,70,64,4718
102,백령도,2020-09-25 11:00,21.4,,2.9,360,61,4911
102,백령도,2020-09-25 12:00,21.6,,2.7,340,58,5000
102,백령도,2020-09-25 13:00,22.3,,2.8,340,58,4984
102,백령도,2020-09-25 14:00,22,,4.8,340,61,4977
102,백령도,2020-09-25 15:00,22.2,,4.6,340,65,4911
102,백령도,2020-09-25 16:00,21.4,,5.8,340,71,4712
102,백령도,2020-09-25 17:00,20.4,,5.1,340,76,4553
102,백령도,2020-09-25 18:00,20,,4.8,360,80,4200
102,백령도,2020-09-25 19:00,19.5,,2.9,340,80,4442
102,백령도,2020-09-25 20:00,19.4,,.4,0,81,4367
102,백령도,2020-09-25 21:00,19,,1.8,360,81,4321
102,백령도,2020-09-25 22:00,18.8,,.1,0,84,3936
102,백령도,2020-09-25 23:00,18.6,,1.1,90,90,3601
102,백령도,2020-09-26 00:00,18.4,,0,0,92,3281
102,백령도,2020-09-26 01:00,18.2,,1.8,90,89,3804
102,백령도,2020-09-26 02:00,17.9,,2.4,90,85,4770
102,백령도,2020-09-26 03:00,17.3,,2.1,90,82,4676
102,백령도,2020-09-26 04:00,17.5,,2.1,110,82,4547
102,백령도,2020-09-26 05:00,17.2,,1.5,70,84,4534
102,백령도,2020-09-26 06:00,17.2,,1.2,50,84,4732
102,백령도,2020-09-26 07:00,17.2,,1.7,20,82,4810
102,백령도,2020-09-26 08:00,18.7,,1.6,20,75,4718
102,백령도,2020-09-26 09:00,20.2,,3,70,64,4933
102,백령도,2020-09-26 10:00,20.9,,2.3,50,62,4609
102,백령도,2020-09-26 11:00,20.3,,1.6,110,69,4596
102,백령도,2020-09-26 12:00,21.3,,1.6,110,59,4342
102,백령도,2020-09-26 13:00,22.3,,2,110,55,4503
102,백령도,2020-09-26 14:00,22.3,,1.6,360,56,4413
102,백령도,2020-09-26 15:00,22.1,,3.3,360,62,4402
102,백령도,2020-09-26 16:00,22,,2.6,340,71,4317
102,백령도,2020-09-26 17:00,21,,2.7,340,74,3084
102,백령도,2020-09-26 18:00,20,,3.2,290,83,2458
102,백령도,2020-09-26 19:00,19.4,,2.9,320,85,2658
102,백령도,2020-09-26 20:00,19.1,,2.4,290,90,2640
102,백령도,2020-09-26 21:00,19,,2.1,320,88,2717
102,백령도,2020-09-26 22:00,18.3,,1.9,50,89,2735
102,백령도,2020-09-26 23:00,18.2,,.3,0,91,2341
102,백령도,2020-09-27 00:00,17.8,,.5,50,92,2351
102,백령도,2020-09-27 01:00,17.5,,1.6,50,93,2667
102,백령도,2020-09-27 02:00,17.2,,1.1,50,92,2562
102,백령도,2020-09-27 03:00,17.8,,1.4,90,76,4311
102,백령도,2020-09-27 04:00,17.1,,.9,90,79,4244
102,백령도,2020-09-27 05:00,17.3,,2,90,78,4308
102,백령도,2020-09-27 06:00,16.6,,2.2,90,82,3932
102,백령도,2020-09-27 07:00,17,,2.3,110,83,3983
102,백령도,2020-09-27 08:00,18.5,,2.4,110,79,4122
102,백령도,2020-09-27 09:00,19.2,,2.5,110,73,4201
102,백령도,2020-09-27 10:00,19.6,,3.2,110,69,4030
102,백령도,2020-09-27 11:00,20.3,,2.7,90,67,3968
102,백령도,2020-09-27 12:00,21,,2.2,90,66,4186
102,백령도,2020-09-27 13:00,22.1,,1.9,140,55,4867
102,백령도,2020-09-27 14:00,21.5,,3.5,290,60,4568
102,백령도,2020-09-27 15:00,21.2,,3.7,290,60,4914
102,백령도,2020-09-27 16:00,21.2,,3.6,320,69,4735
102,백령도,2020-09-27 17:00,20.4,,4,320,69,4863
102,백령도,2020-09-27 18:00,19.3,,3.3,340,78,4925
102,백령도,2020-09-27 19:00,18.8,,4,320,84,4589
102,백령도,2020-09-27 20:00,18.4,,3.6,320,91,3595
102,백령도,2020-09-27 21:00,17.9,,2.9,340,93,3403
102,백령도,2020-09-27 22:00,17.1,,2.2,320,98,2393
102,백령도,2020-09-27 23:00,17,,1.4,290,99,2258
102,백령도,2020-09-28 00:00,17.6,,1.4,320,94,3247
102,백령도,2020-09-28 01:00,18,,0,0,90,3981
102,백령도,2020-09-28 02:00,16.9,,1.9,90,95,2870
102,백령도,2020-09-28 03:00,17,,1.6,70,98,1780
102,백령도,2020-09-28 04:00,16.6,,.3,0,100,1137
102,백령도,2020-09-28 05:00,16.8,,0,0,100,1230
102,백령도,2020-09-28 06:00,16.7,,1.4,90,100,1271
102,백령도,2020-09-28 07:00,16.5,,2.1,70,97,2138
102,백령도,2020-09-28 08:00,18.4,,1.2,110,95,1769
102,백령도,2020-09-28 09:00,19.3,,1.7,110,89,2876
102,백령도,2020-09-28 10:00,20.4,,1.8,90,77,3136
102,백령도,2020-09-28 11:00,21.5,,1.6,90,65,3451
102,백령도,2020-09-28 12:00,22,,1.8,140,65,3244
102,백령도,2020-09-28 13:00,21.6,,1.7,200,67,3309
102,백령도,2020-09-28 14:00,20.7,,.8,360,69,3503
102,백령도,2020-09-28 15:00,21.3,,2.5,320,68,3773
102,백령도,2020-09-28 16:00,21.4,,4.5,320,69,3629
102,백령도,2020-09-28 17:00,21.3,,1.5,320,69,3745
102,백령도,2020-09-28 18:00,19.8,,0,0,81,2991
102,백령도,2020-09-28 19:00,17.2,,1.4,290,95,1976
102,백령도,2020-09-28 20:00,17.2,,0,0,96,2115
102,백령도,2020-09-28 21:00,17.2,,1.7,320,95,1986
102,백령도,2020-09-28 22:00,17.1,,0,0,95,2246
102,백령도,2020-09-28 23:00,17,,0,0,93,2731
102,백령도,2020-09-29 00:00,17.3,,0,0,91,2775
102,백령도,2020-09-29 01:00,17.2,,0,0,90,2832
102,백령도,2020-09-29 02:00,17.2,,0,0,90,3090
102,백령도,2020-09-29 03:00,17.8,,0,0,89,3292
102,백령도,2020-09-29 04:00,17.1,,0,0,93,2903
102,백령도,2020-09-29 05:00,16.9,,0,0,93,2772
102,백령도,2020-09-29 06:00,17.5,,0,0,97,2412
102,백령도,2020-09-29 07:00,17.6,,0,0,96,1851
102,백령도,2020-09-29 08:00,17.6,,1.5,180,99,1247
102,백령도,2020-09-29 09:00,18.8,,.6,160,97,1428
102,백령도,2020-09-29 10:00,20.5,,.1,0,93,1639
102,백령도,2020-09-29 11:00,20.5,,.7,140,90,2376
102,백령도,2020-09-29 12:00,21.1,,2.4,290,83,4104
102,백령도,2020-09-29 13:00,20.9,,2.9,290,82,4181
102,백령도,2020-09-29 14:00,21.1,,3.1,320,82,4552
102,백령도,2020-09-29 15:00,21,,3.1,320,79,4878
102,백령도,2020-09-29 16:00,20.9,,2.5,290,85,4439
102,백령도,2020-09-29 17:00,20.3,,2.9,290,92,2960
102,백령도,2020-09-29 18:00,19.6,,1.6,340,92,1264
102,백령도,2020-09-29 19:00,19,,2.5,340,97,671
102,백령도,2020-09-29 20:00,18.6,,6.2,340,93,1390
102,백령도,2020-09-29 21:00,18.1,,4.8,340,90,2030
102,백령도,2020-09-29 22:00,17.9,,2.9,340,89,2470
102,백령도,2020-09-29 23:00,17.9,,5.1,340,87,3605
102,백령도,2020-09-30 00:00,17.9,,4.3,340,83,4519
102,백령도,2020-09-30 01:00,18,,6.5,340,77,4541
102,백령도,2020-09-30 02:00,17.9,,6.8,340,79,4253
102,백령도,2020-09-30 03:00,17.7,,7.3,340,76,3856
102,백령도,2020-09-30 04:00,17.4,,6.1,340,78,3207
102,백령도,2020-09-30 05:00,17.2,,5.9,340,77,3133
102,백령도,2020-09-30 06:00,17.1,,6.8,340,80,3022
102,백령도,2020-09-30 07:00,17.1,,5.8,340,76,3073
102,백령도,2020-09-30 08:00,16.8,,4.9,320,77,3391
102,백령도,2020-09-30 09:00,17.7,,6,340,75,3244
102,백령도,2020-09-30 10:00,18.4,,4.5,340,74,3134
102,백령도,2020-09-30 11:00,18.5,,5.7,340,72,3381
102,백령도,2020-09-30 12:00,19.4,,4.5,340,72,3515
102,백령도,2020-09-30 13:00,19.6,,4.7,340,72,2872
102,백령도,2020-09-30 14:00,19.2,,5.7,320,71,2963
102,백령도,2020-09-30 15:00,18.9,,5.2,320,69,2942
102,백령도,2020-09-30 16:00,18.6,,6.2,320,72,2853
102,백령도,2020-09-30 17:00,18.1,,6,320,72,3041
102,백령도,2020-09-30 18:00,17.4,,4.6,340,78,3175
102,백령도,2020-09-30 19:00,17.5,,6.2,340,78,3353
102,백령도,2020-09-30 20:00,17.5,,5.2,340,80,3261
102,백령도,2020-09-30 21:00,17.7,,4.4,340,80,3416
102,백령도,2020-09-30 22:00,17.6,,3.5,340,80,3404
102,백령도,2020-09-30 23:00,17.3,,2.9,360,85,2725
102,백령도,2020-10-01 00:00,17.1,,1.9,360,90,1727
102,백령도,2020-10-01 01:00,16.6,,0,0,91,1667
102,백령도,2020-10-01 02:00,16.7,,.9,320,92,1566
102,백령도,2020-10-01 03:00,16.6,,0,0,93,1626
102,백령도,2020-10-01 04:00,16.8,,.6,110,92,1483
102,백령도,2020-10-01 05:00,16.3,,1.8,90,95,1454
102,백령도,2020-10-01 06:00,16.5,,0,0,95,1413
102,백령도,2020-10-01 07:00,16.8,,0,0,93,1855
102,백령도,2020-10-01 08:00,17.1,,1.7,140,90,3212
102,백령도,2020-10-01 09:00,18.4,,2.5,110,84,3284
102,백령도,2020-10-01 10:00,19.3,,3.1,140,80,3050
102,백령도,2020-10-01 11:00,19.7,,3.1,140,81,3807
102,백령도,2020-10-01 12:00,20.2,,2.8,180,76,3089
102,백령도,2020-10-01 13:00,20.1,,2.7,180,75,3426
102,백령도,2020-10-01 14:00,20.3,,2.2,200,67,3811
102,백령도,2020-10-01 15:00,20,,2.6,200,73,3179
102,백령도,2020-10-01 16:00,19.9,,2.9,180,74,2790
102,백령도,2020-10-01 17:00,19.8,,2.6,250,72,2824
102,백령도,2020-10-01 18:00,18.8,,1.4,230,77,2379
102,백령도,2020-10-01 19:00,17.8,,1.1,200,82,2094
102,백령도,2020-10-01 20:00,18.1,,1.1,200,80,1986
102,백령도,2020-10-01 21:00,17.9,,1.8,180,78,2096
102,백령도,2020-10-01 22:00,18.6,,2.2,200,75,2039
102,백령도,2020-10-01 23:00,18.5,,2,200,76,2229
102,백령도,2020-10-02 00:00,18.9,,3.8,200,73,2833
102,백령도,2020-10-02 01:00,19,,3.9,200,75,3428
102,백령도,2020-10-02 02:00,19.3,,3.3,200,72,3904
102,백령도,2020-10-02 03:00,19.4,,4.1,200,82,3262
102,백령도,2020-10-02 04:00,19.6,,4.2,200,84,3038
102,백령도,2020-10-02 05:00,20.2,,5.9,230,82,2560
102,백령도,2020-10-02 06:00,20.4,,7.5,230,80,2881
102,백령도,2020-10-02 07:00,20.4,0,6.9,230,81,2580
102,백령도,2020-10-02 08:00,15.4,6.1,5.3,340,100,544
102,백령도,2020-10-02 09:00,16.6,.5,1.2,20,98,1169
102,백령도,2020-10-02 10:00,16.9,,1.7,140,92,1945
102,백령도,2020-10-02 11:00,18.4,,2.6,180,81,2606
102,백령도,2020-10-02 12:00,19.8,,2.8,160,81,2455
102,백령도,2020-10-02 13:00,20.1,,2.8,180,75,2158
102,백령도,2020-10-02 14:00,19.7,,2,20,81,2015
102,백령도,2020-10-02 15:00,19.7,,.7,70,80,1962
102,백령도,2020-10-02 16:00,19.8,,2.4,250,81,2203
102,백령도,2020-10-02 17:00,19.1,,1.9,230,84,2251
102,백령도,2020-10-02 18:00,18.6,,2,250,88,2038
102,백령도,2020-10-02 19:00,18.4,,0,0,90,1715
102,백령도,2020-10-02 20:00,18.4,,.2,0,91,1846
102,백령도,2020-10-02 21:00,18.3,,1.1,250,92,1789
102,백령도,2020-10-02 22:00,18.2,,0,0,92,1641
102,백령도,2020-10-02 23:00,17.3,,.6,290,97,1167
102,백령도,2020-10-03 00:00,17.4,,0,0,99,672
102,백령도,2020-10-03 01:00,17.1,,0,0,98,598
102,백령도,2020-10-03 02:00,17.6,,0,0,93,677
102,백령도,2020-10-03 03:00,16.8,,0,0,95,659
102,백령도,2020-10-03 04:00,17,,0,0,89,1072
102,백령도,2020-10-03 05:00,17.2,,.6,200,88,1079
102,백령도,2020-10-03 06:00,16.8,,0,0,86,1358
102,백령도,2020-10-03 07:00,16.5,,0,0,84,1557
102,백령도,2020-10-03 08:00,17.8,,.3,0,86,1724
102,백령도,2020-10-03 09:00,19.6,,.2,0,81,1410
102,백령도,2020-10-03 10:00,19.8,,1.1,70,75,1688
102,백령도,2020-10-03 11:00,18.6,,1.8,340,83,1519
102,백령도,2020-10-03 12:00,19.1,,2,340,79,1743
102,백령도,2020-10-03 13:00,19.5,,3,320,70,2398
102,백령도,2020-10-03 14:00,20.3,,3.5,320,61,3394
102,백령도,2020-10-03 15:00,20,,3.9,290,61,4788
102,백령도,2020-10-03 16:00,19.1,,3.9,290,67,4969
102,백령도,2020-10-03 17:00,18.3,,1.7,270,68,4986
102,백령도,2020-10-03 18:00,17.7,,1.2,250,72,4993
102,백령도,2020-10-03 19:00,15.9,,1.2,270,82,4697
102,백령도,2020-10-03 20:00,16.2,,1.7,270,73,4999
102,백령도,2020-10-03 21:00,16.3,,1.1,270,72,4954
102,백령도,2020-10-03 22:00,16.6,,1.2,290,72,4954
102,백령도,2020-10-03 23:00,16.5,,0,0,80,4516
102,백령도,2020-10-04 00:00,17.3,,2.1,320,77,3473
102,백령도,2020-10-04 01:00,16.3,,.6,320,80,3684
102,백령도,2020-10-04 02:00,15.6,,0,0,81,3525
102,백령도,2020-10-04 03:00,15,,1.1,290,81,4518
102,백령도,2020-10-04 04:00,16.2,,0,0,74,4830
102,백령도,2020-10-04 05:00,15.5,,0,0,76,4907
102,백령도,2020-10-04 06:00,15.4,,0,0,73,4957
102,백령도,2020-10-04 07:00,15.9,,1.6,250,71,5000
102,백령도,2020-10-04 08:00,16.6,,1.3,200,78,4997
102,백령도,2020-10-04 09:00,18.8,,0,0,70,4799
102,백령도,2020-10-04 10:00,19.4,,4.7,250,54,4990
102,백령도,2020-10-04 11:00,20.4,,5.1,270,57,4960
102,백령도,2020-10-04 12:00,20.1,,5.8,250,61,4698
102,백령도,2020-10-04 13:00,14.9,,11.5,340,82,2671
102,백령도,2020-10-04 14:00,13.2,0,8.6,340,89,1674
102,백령도,2020-10-04 15:00,14.7,0,8.2,320,66,3303
102,백령도,2020-10-04 16:00,14.2,,8.6,340,62,4098
102,백령도,2020-10-04 17:00,14.6,,8.1,320,54,4219
102,백령도,2020-10-04 18:00,14.1,,9.8,320,51,4654
102,백령도,2020-10-04 19:00,14,,8.9,340,51,4753
102,백령도,2020-10-04 20:00,14.2,,8.7,340,48,4820
102,백령도,2020-10-04 21:00,14.5,,8.5,340,48,4943
102,백령도,2020-10-04 22:00,14.6,,8.8,340,49,4780
102,백령도,2020-10-04 23:00,14.4,,10,340,46,4774
102,백령도,2020-10-05 00:00,14.7,,7.6,340,42,4978
102,백령도,2020-10-05 01:00,15,,8.3,340,43,4949
102,백령도,2020-10-05 02:00,14.7,,5.2,340,49,4881
102,백령도,2020-10-05 03:00,15.2,,5.2,340,47,4950
102,백령도,2020-10-05 04:00,15.5,,5.4,320,52,4839
102,백령도,2020-10-05 05:00,15.2,,6.2,340,49,4601
102,백령도,2020-10-05 06:00,15,,6.7,320,48,4547
102,백령도,2020-10-05 07:00,14.8,,7.5,340,50,4697
102,백령도,2020-10-05 08:00,15,,6.8,320,45,4581
102,백령도,2020-10-05 09:00,15.1,,7.8,340,48,4926
102,백령도,2020-10-05 10:00,15.6,,7.4,340,48,4857
102,백령도,2020-10-05 11:00,15.8,,7.2,340,47,4848
102,백령도,2020-10-05 12:00,15.4,,6.1,340,50,4746
102,백령도,2020-10-05 13:00,15.9,,7.7,340,50,4978
102,백령도,2020-10-05 14:00,14.8,,9,340,53,4878
102,백령도,2020-10-05 15:00,14.8,,7.9,340,57,4994
102,백령도,2020-10-05 16:00,14.5,,8.5,340,58,4967
102,백령도,2020-10-05 17:00,14.6,,7.1,340,63,4742
102,백령도,2020-10-05 18:00,14.4,,6.7,340,63,4617
102,백령도,2020-10-05 19:00,14.4,,5.7,340,63,4831
102,백령도,2020-10-05 20:00,14.5,,5.8,340,60,4921
102,백령도,2020-10-05 21:00,14.7,,6,340,61,4891
102,백령도,2020-10-05 22:00,14.9,,6.2,340,60,4874
102,백령도,2020-10-05 23:00,15.1,,5,340,56,4862
102,백령도,2020-10-06 00:00,15.2,,4.3,360,56,4925
102,백령도,2020-10-06 01:00,15.5,,5,340,54,4757
102,백령도,2020-10-06 02:00,15.5,,3.6,320,55,4646
102,백령도,2020-10-06 03:00,15.6,,3.7,360,57,4420
102,백령도,2020-10-06 04:00,15.1,,1.8,20,58,4029
102,백령도,2020-10-06 05:00,14,,2.6,50,65,4531
102,백령도,2020-10-06 06:00,13,,2.3,50,63,4793
102,백령도,2020-10-06 07:00,13.6,,2.9,50,55,4985
102,백령도,2020-10-06 08:00,14.8,,3.3,50,46,4983
102,백령도,2020-10-06 09:00,15.8,,2.5,70,44,4916
102,백령도,2020-10-06 10:00,16.5,,2.3,70,43,4865
102,백령도,2020-10-06 11:00,17.2,,1,20,45,4902
102,백령도,2020-10-06 12:00,17,,2.7,290,45,4918
102,백령도,2020-10-06 13:00,17.5,,3,320,47,4847
102,백령도,2020-10-06 14:00,17.7,,5.9,340,43,4957
102,백령도,2020-10-06 15:00,16.8,,5,340,40,4970
102,백령도,2020-10-06 16:00,17.4,,4.4,360,38,4922
102,백령도,2020-10-06 17:00,16.6,,3.6,360,38,4994
102,백령도,2020-10-06 18:00,15.5,,2.8,360,43,5000
102,백령도,2020-10-06 19:00,15.1,,1.4,360,48,5000
102,백령도,2020-10-06 20:00,15.1,,1.4,340,50,4999
102,백령도,2020-10-06 21:00,15.2,,1.2,360,54,4999
102,백령도,2020-10-06 22:00,14.9,,1,340,59,4995
102,백령도,2020-10-06 23:00,14.2,,0,0,62,4999
102,백령도,2020-10-07 00:00,14.1,,0,0,64,4999
102,백령도,2020-10-07 01:00,15.5,,0,0,58,4970
102,백령도,2020-10-07 02:00,14.2,,0,0,64,4997
102,백령도,2020-10-07 03:00,13.9,,0,0,64,4984
102,백령도,2020-10-07 04:00,14.7,,0,0,61,4999
102,백령도,2020-10-07 05:00,14.2,,0,0,71,4981
102,백령도,2020-10-07 06:00,15.3,,0,0,75,4974
102,백령도,2020-10-07 07:00,14.5,,1.7,110,79,4874
102,백령도,2020-10-07 08:00,16,,1.6,90,73,4807
102,백령도,2020-10-07 09:00,16.4,,2.4,90,70,4427
102,백령도,2020-10-07 10:00,17.9,,2.7,110,64,4271
102,백령도,2020-10-07 11:00,17,,3.7,90,60,4946
102,백령도,2020-10-07 12:00,18.7,,3.6,110,40,4885
102,백령도,2020-10-07 13:00,19.2,,2.4,140,35,4980
102,백령도,2020-10-07 14:00,19.1,,2.7,340,40,4946
102,백령도,2020-10-07 15:00,18.7,,3.2,320,53,4839
102,백령도,2020-10-07 16:00,18.8,,3.8,320,55,4959
102,백령도,2020-10-07 17:00,18.1,,5.5,340,59,4958
102,백령도,2020-10-07 18:00,17.3,,4.4,340,57,5000
102,백령도,2020-10-07 19:00,16.9,,3.7,360,57,4937
102,백령도,2020-10-07 20:00,16.7,,2.6,360,59,4923
102,백령도,2020-10-07 21:00,16.5,,2.5,360,64,4717
102,백령도,2020-10-07 22:00,16.5,,2,360,60,4731
102,백령도,2020-10-07 23:00,16.5,,1.7,20,57,4839
102,백령도,2020-10-08 00:00,16.1,,2.6,20,58,4908
102,백령도,2020-10-08 01:00,15.4,,2.3,70,70,4279
102,백령도,2020-10-08 02:00,14.8,,2.4,50,70,4096
102,백령도,2020-10-08 03:00,15,,2.2,50,65,4168
102,백령도,2020-10-08 04:00,14.4,,2.9,50,68,4234
102,백령도,2020-10-08 05:00,14.6,,2.8,50,66,4183
102,백령도,2020-10-08 06:00,14,,2.5,50,73,4421
102,백령도,2020-10-08 07:00,14.1,,2.2,50,70,4323
102,백령도,2020-10-08 08:00,15.8,,1.6,50,65,4606
102,백령도,2020-10-08 09:00,17.3,,1.7,360,57,3995
102,백령도,2020-10-08 10:00,18.5,,3.4,70,48,4172
102,백령도,2020-10-08 11:00,19,,2.4,90,50,3830
102,백령도,2020-10-08 12:00,19.8,,2,90,52,3327
102,백령도,2020-10-08 13:00,21,,2.6,70,38,4238
102,백령도,2020-10-08 14:00,20.6,,2.4,320,48,3786
102,백령도,2020-10-08 15:00,20.4,,4.8,340,51,4100
102,백령도,2020-10-08 16:00,20,,4.7,360,60,3162
102,백령도,2020-10-08 17:00,19.4,,4.2,360,62,3133
102,백령도,2020-10-08 18:00,18.3,,5.5,360,72,2767
102,백령도,2020-10-08 19:00,18,,2.8,360,69,2924
102,백령도,2020-10-08 20:00,18,,2.2,340,61,4043
102,백령도,2020-10-08 21:00,17.9,,1.9,340,64,3855
102,백령도,2020-10-08 22:00,17.4,,2.5,50,67,4001
102,백령도,2020-10-08 23:00,16.9,,2.8,70,73,2861
102,백령도,2020-10-09 00:00,16.5,,2.8,90,78,860
102,백령도,2020-10-09 01:00,16.3,,3.4,90,72,2541
102,백령도,2020-10-09 02:00,16.4,,3.7,70,62,3623
102,백령도,2020-10-09 03:00,15.6,,2.5,70,67,3718
102,백령도,2020-10-09 04:00,15.6,,2.4,70,67,3669
102,백령도,2020-10-09 05:00,15.7,,2.7,90,60,4765
102,백령도,2020-10-09 06:00,15.1,,2.1,110,62,4897
102,백령도,2020-10-09 07:00,15.5,,3.3,110,57,4898
102,백령도,2020-10-09 08:00,16.6,,2.5,110,53,4361
102,백령도,2020-10-09 09:00,17.7,,2.8,90,51,4343
102,백령도,2020-10-09 10:00,18.1,,3.8,90,49,4765
102,백령도,2020-10-09 11:00,18.5,,4.5,90,41,4935
102,백령도,2020-10-09 12:00,19.2,,4.3,90,39,4957
102,백령도,2020-10-09 13:00,19.9,,3.3,110,41,4939
102,백령도,2020-10-09 14:00,20.4,,2.3,90,42,4883
102,백령도,2020-10-09 15:00,20,,2.1,90,42,4967
102,백령도,2020-10-09 16:00,19.4,,1.5,140,47,4839
102,백령도,2020-10-09 17:00,18,,2.7,360,59,4966
102,백령도,2020-10-09 18:00,17.4,,3.4,340,58,4924
102,백령도,2020-10-09 19:00,17.5,,4.7,340,54,4995
102,백령도,2020-10-09 20:00,17.3,,3.2,320,62,4976
102,백령도,2020-10-09 21:00,17.1,,3.3,340,66,4983
102,백령도,2020-10-09 22:00,17.1,,2.9,340,69,4945
102,백령도,2020-10-09 23:00,17,,1.3,340,75,4840
102,백령도,2020-10-10 00:00,15.9,,2.3,90,76,3497
102,백령도,2020-10-10 01:00,15.5,,0,0,77,3946
102,백령도,2020-10-10 02:00,15.4,,0,0,77,3622
102,백령도,2020-10-10 03:00,14.7,,.9,90,81,3291
102,백령도,2020-10-10 04:00,14.6,,2,90,83,3316
102,백령도,2020-10-10 05:00,14.9,,2.4,110,73,4511
102,백령도,2020-10-10 06:00,14.5,,2.5,90,76,4542
102,백령도,2020-10-10 07:00,14.4,,2.3,110,80,4145
102,백령도,2020-10-10 08:00,15.7,,2.5,110,77,4647
102,백령도,2020-10-10 09:00,16.7,,2.9,90,71,4587
102,백령도,2020-10-10 10:00,16.7,,2.4,110,66,4402
102,백령도,2020-10-10 11:00,17.4,,1.7,110,63,4508
102,백령도,2020-10-10 12:00,18,,1.5,200,55,4789
102,백령도,2020-10-10 13:00,17.9,,1.8,200,60,4641
102,백령도,2020-10-10 14:00,17.7,,2.1,290,67,3980
102,백령도,2020-10-10 15:00,17.9,,2.7,290,64,4435
102,백령도,2020-10-10 16:00,17.2,,5,340,72,4507
102,백령도,2020-10-10 17:00,17,,4.5,360,73,4612
102,백령도,2020-10-10 18:00,16.6,,4.2,360,78,4486
102,백령도,2020-10-10 19:00,16,,2.2,340,81,4462
102,백령도,2020-10-10 20:00,15.7,,2.2,340,83,4248
102,백령도,2020-10-10 21:00,16.2,,1.2,20,82,4576
102,백령도,2020-10-10 22:00,15.6,,0,0,86,4294
102,백령도,2020-10-10 23:00,16.3,,4.1,70,80,4541
102,백령도,2020-10-11 00:00,16,,2.9,50,73,4725
102,백령도,2020-10-11 01:00,14.8,,1.2,180,78,4071
102,백령도,2020-10-11 02:00,15.1,,0,0,74,4646
102,백령도,2020-10-11 03:00,14.3,,1.2,50,85,3403
102,백령도,2020-10-11 04:00,14.3,,0,0,88,3144
102,백령도,2020-10-11 05:00,14.7,,0,0,88,3184
102,백령도,2020-10-11 06:00,14.8,,0,0,88,3203
102,백령도,2020-10-11 07:00,14.5,,0,0,89,2893
102,백령도,2020-10-11 08:00,15.1,,1.7,110,87,2147
102,백령도,2020-10-11 09:00,17.3,,1.8,140,69,3361
102,백령도,2020-10-11 10:00,17.2,,3.4,140,64,3666
102,백령도,2020-10-11 11:00,17.8,,3.7,140,71,3037
102,백령도,2020-10-11 12:00,17.8,,2.8,140,73,2889
102,백령도,2020-10-11 13:00,19.1,,1.9,160,73,3053
102,백령도,2020-10-11 14:00,17.6,,.4,0,79,2671
102,백령도,2020-10-11 15:00,18.2,,2.8,320,75,3209
102,백령도,2020-10-11 16:00,18.4,,2.4,320,73,3337
102,백령도,2020-10-11 17:00,17.9,,2.6,290,78,2919
102,백령도,2020-10-11 18:00,16.3,,2.1,320,91,2221
102,백령도,2020-10-11 19:00,16,,0,0,93,2159
102,백령도,2020-10-11 20:00,15.7,,0,0,93,1902
102,백령도,2020-10-11 21:00,14.9,,0,0,96,1691
102,백령도,2020-10-11 22:00,14.9,,2.5,290,93,2465
102,백령도,2020-10-11 23:00,15.7,,2,290,90,2931
102,백령도,2020-10-12 00:00,15.6,,2,290,94,3027
102,백령도,2020-10-12 01:00,16.1,,2,290,94,2930
102,백령도,2020-10-12 02:00,16.2,,1.8,320,94,2702
102,백령도,2020-10-12 03:00,16.1,,1,320,96,1793
102,백령도,2020-10-12 04:00,16.5,,.8,270,95,1664
102,백령도,2020-10-12 05:00,16.5,.1,4.9,360,87,1401
102,백령도,2020-10-12 06:00,15.9,0,6.4,340,81,1978
102,백령도,2020-10-12 07:00,15.6,,5.2,340,79,2234
102,백령도,2020-10-12 08:00,15.5,,6.4,340,79,2536
102,백령도,2020-10-12 09:00,15.6,,6.1,340,74,3419
102,백령도,2020-10-12 10:00,15.9,,5.7,340,68,3945
102,백령도,2020-10-12 11:00,15.7,,6.8,340,60,4691
102,백령도,2020-10-12 12:00,15.5,,8.3,340,53,4838
102,백령도,2020-10-12 13:00,15.4,,8.7,340,50,4899
102,백령도,2020-10-12 14:00,15.6,,8.3,340,50,4738
102,백령도,2020-10-12 15:00,15.4,,9,340,49,4918
102,백령도,2020-10-12 16:00,15.5,,8.3,340,47,4744
102,백령도,2020-10-12 17:00,15,,7.7,340,50,4599
102,백령도,2020-10-12 18:00,14.8,,9.3,340,44,4958
102,백령도,2020-10-12 19:00,14.6,,6.1,340,45,4988
102,백령도,2020-10-12 20:00,14.9,,6.1,340,42,4944
102,백령도,2020-10-12 21:00,14.9,,5.4,320,42,4993
102,백령도,2020-10-12 22:00,15.2,,6.5,320,37,4937
102,백령도,2020-10-12 23:00,15.3,,5.4,320,38,4941
102,백령도,2020-10-13 00:00,15.3,,5.1,340,42,4628
102,백령도,2020-10-13 01:00,15.2,,5.2,320,45,3954
102,백령도,2020-10-13 02:00,15.2,,7.1,340,41,3849
102,백령도,2020-10-13 03:00,14.9,,8.2,340,46,3393
102,백령도,2020-10-13 04:00,14.5,,5.6,340,48,3832
102,백령도,2020-10-13 05:00,14.7,,5.8,340,43,4701
102,백령도,2020-10-13 06:00,14.8,,6.1,340,41,4879
102,백령도,2020-10-13 07:00,14.8,,7.1,340,46,4866
102,백령도,2020-10-13 08:00,15.1,,5.8,340,43,4891
102,백령도,2020-10-13 09:00,16.1,,4.7,360,39,4960
102,백령도,2020-10-13 10:00,16.7,,5.1,360,35,4995
102,백령도,2020-10-13 11:00,17.5,,2.3,360,35,4997
102,백령도,2020-10-13 12:00,18.1,,2.3,360,34,4982
102,백령도,2020-10-13 13:00,17.9,,1.9,320,36,4974
102,백령도,2020-10-13 14:00,18.3,,3.9,320,37,4995
102,백령도,2020-10-13 15:00,18.2,,4.4,290,41,4959
102,백령도,2020-10-13 16:00,17.8,,3.7,290,46,4787
102,백령도,2020-10-13 17:00,17.5,,3,270,53,4900
102,백령도,2020-10-13 18:00,16.3,,3.5,290,55,4914
102,백령도,2020-10-13 19:00,15.8,,3,270,57,4999
102,백령도,2020-10-13 20:00,15.7,,8,340,77,4240
102,백령도,2020-10-13 21:00,14.7,,1.7,290,76,4369
102,백령도,2020-10-13 22:00,14.4,,2,250,83,3926
102,백령도,2020-10-13 23:00,14.6,,1.8,250,82,4223
102,백령도,2020-10-14 00:00,15.7,0,3.1,360,76,3886
102,백령도,2020-10-14 01:00,15.6,.1,5.3,360,63,3849
102,백령도,2020-10-14 02:00,15.7,,7.6,360,52,4129
102,백령도,2020-10-14 03:00,15.3,,5.8,360,44,4640
102,백령도,2020-10-14 04:00,14.9,,4.9,360,47,4869
102,백령도,2020-10-14 05:00,14.5,,5.6,360,52,4797
102,백령도,2020-10-14 06:00,13.6,,3,70,51,4808
102,백령도,2020-10-14 07:00,13.3,,3.7,360,50,4844
102,백령도,2020-10-14 08:00,13.3,,3.1,360,53,4714
102,백령도,2020-10-14 09:00,13,,3.9,360,54,4500
102,백령도,2020-10-14 10:00,13.2,,1.8,20,53,4680
102,백령도,2020-10-14 11:00,13.9,,5.7,360,45,4753
102,백령도,2020-10-14 12:00,12.7,,5.8,360,41,4945
102,백령도,2020-10-14 13:00,12.6,,6.2,360,40,4967
102,백령도,2020-10-14 14:00,12.8,,6.8,340,37,4990
102,백령도,2020-10-14 15:00,12.5,,7.7,340,31,5000
102,백령도,2020-10-14 16:00,12.1,,8.2,360,32,5000
102,백령도,2020-10-14 17:00,11.5,,7.8,340,39,5000
102,백령도,2020-10-14 18:00,11.1,,7.5,360,42,5000
102,백령도,2020-10-14 19:00,11.1,,6.8,340,44,5000
102,백령도,2020-10-14 20:00,11.2,,6.6,360,43,5000
102,백령도,2020-10-14 21:00,11.4,,6.6,360,46,5000
102,백령도,2020-10-14 22:00,11.5,,5.8,360,45,5000
102,백령도,2020-10-14 23:00,11.8,,6.1,360,42,5000
102,백령도,2020-10-15 00:00,12.3,,6.5,340,41,4999
102,백령도,2020-10-15 01:00,12.3,,5.8,360,44,4999
102,백령도,2020-10-15 02:00,12.3,,5.2,360,46,4996
102,백령도,2020-10-15 03:00,12.5,,5.2,340,46,4981
102,백령도,2020-10-15 04:00,12.4,,4.2,360,47,5000
102,백령도,2020-10-15 05:00,11.4,,2.8,50,53,5000
102,백령도,2020-10-15 06:00,10.8,,2.4,70,52,5000
102,백령도,2020-10-15 07:00,10.5,,1.8,70,52,4998
102,백령도,2020-10-15 08:00,11.1,,1.5,70,55,4981
102,백령도,2020-10-15 09:00,12.6,,2,90,51,4879
102,백령도,2020-10-15 10:00,13.7,,2.1,110,49,4915
102,백령도,2020-10-15 11:00,14.1,,1.5,160,45,4952
102,백령도,2020-10-15 12:00,15.1,,2.2,110,45,4847
102,백령도,2020-10-15 13:00,15.8,,.6,160,41,4813
102,백령도,2020-10-15 14:00,15.1,,2.8,180,44,4885
102,백령도,2020-10-15 15:00,15.3,,2.2,180,41,4772
102,백령도,2020-10-15 16:00,14.9,,2,230,48,4925
102,백령도,2020-10-15 17:00,14.4,,1.7,230,56,4754
102,백령도,2020-10-15 18:00,13.5,,0,0,61,4437
102,백령도,2020-10-15 19:00,12.8,,0,0,67,2626
102,백령도,2020-10-15 20:00,13.1,,2.5,200,66,4283
102,백령도,2020-10-15 21:00,13.5,,1.5,230,69,2781
102,백령도,2020-10-15 22:00,13.5,,1.4,230,71,3912
102,백령도,2020-10-15 23:00,13.5,,1.8,230,73,3657
102,백령도,2020-10-16 00:00,13.1,,2,200,75,3233
102,백령도,2020-10-16 01:00,12.5,,1.7,200,78,3503
102,백령도,2020-10-16 02:00,14,,1.8,250,75,3847
102,백령도,2020-10-16 03:00,14.4,,2.3,230,73,4201
102,백령도,2020-10-16 04:00,14.5,,2.2,200,75,3743
102,백령도,2020-10-16 05:00,14.9,,2.3,230,79,4108
102,백령도,2020-10-16 06:00,13.1,0,4.7,90,87,1989
102,백령도,2020-10-16 07:00,12.3,.1,4.2,90,89,2771
102,백령도,2020-10-16 08:00,11.3,4.6,3.4,70,98,446
102,백령도,2020-10-16 09:00,11.8,1,3.1,90,97,2770
102,백령도,2020-10-16 10:00,12.2,.5,3.7,110,96,3207
102,백령도,2020-10-16 11:00,11.9,1.2,1.5,110,97,432
102,백령도,2020-10-16 12:00,11.8,2.1,5.3,200,97,950
102,백령도,2020-10-16 13:00,12.8,.4,2.6,230,89,2941
102,백령도,2020-10-16 14:00,13.2,.1,3.1,230,91,3851
102,백령도,2020-10-16 15:00,13.4,0,2.4,250,91,3749
102,백령도,2020-10-16 16:00,12.5,1.4,4.5,290,95,718
102,백령도,2020-10-16 17:00,12.3,.4,2,200,97,1362
102,백령도,2020-10-16 18:00,12.5,,4.4,230,93,4144
102,백령도,2020-10-16 19:00,12.8,,3.3,230,92,4734
102,백령도,2020-10-16 20:00,12.8,,2.5,230,92,3877
102,백령도,2020-10-16 21:00,13.3,,3,230,92,3672
102,백령도,2020-10-16 22:00,13.2,,1.8,270,91,3469
102,백령도,2020-10-16 23:00,12.9,0,.9,270,89,3928
102,백령도,2020-10-17 00:00,13.4,0,0,0,90,2565
102,백령도,2020-10-17 01:00,12.8,,1.2,70,93,2355
102,백령도,2020-10-17 02:00,12.7,,0,0,96,2315
102,백령도,2020-10-17 03:00,13.2,,2.1,20,85,3154
102,백령도,2020-10-17 04:00,12.8,,1.6,20,80,3435
102,백령도,2020-10-17 05:00,12.5,,1.5,20,74,3229
102,백령도,2020-10-17 06:00,12.7,,2,20,68,3512
102,백령도,2020-10-17 07:00,11.2,,1.4,50,82,2935
102,백령도,2020-10-17 08:00,12.3,,.2,0,81,2570
102,백령도,2020-10-17 09:00,14.1,,1.2,140,75,2797
102,백령도,2020-10-17 10:00,15.4,,1.4,110,70,3793
102,백령도,2020-10-17 11:00,15.9,,.4,0,64,3385
102,백령도,2020-10-17 12:00,15.2,,2.4,290,57,4337
102,백령도,2020-10-17 13:00,16.2,,3.5,320,55,4102
102,백령도,2020-10-17 14:00,16.8,,3.6,320,53,4147
102,백령도,2020-10-17 15:00,16.8,,2.5,320,41,4312
102,백령도,2020-10-17 16:00,16.2,,2.8,320,45,3876
102,백령도,2020-10-17 17:00,15.8,,2.3,270,50,3755
102,백령도,2020-10-17 18:00,13.7,,1.5,250,57,4017
102,백령도,2020-10-17 19:00,12.7,,0,0,60,3457
102,백령도,2020-10-17 20:00,12.1,,1.3,200,64,3924
102,백령도,2020-10-17 21:00,12.7,,2.3,200,73,3053
102,백령도,2020-10-17 22:00,13.3,,2.6,200,65,4268
102,백령도,2020-10-17 23:00,13.5,,2.2,200,66,4606
102,백령도,2020-10-18 00:00,13.9,,2.5,200,62,4708
102,백령도,2020-10-18 01:00,12.7,,2,200,72,4174
102,백령도,2020-10-18 02:00,13.6,,3,230,69,4937
102,백령도,2020-10-18 03:00,14.2,,2.6,230,70,4967
102,백령도,2020-10-18 04:00,14.3,,2.6,230,69,4968
102,백령도,2020-10-18 05:00,14.3,,2.2,250,73,4804
102,백령도,2020-10-18 06:00,14.3,,1.8,250,74,4219
102,백령도,2020-10-18 07:00,13.8,,0,0,70,4342
102,백령도,2020-10-18 08:00,14.7,,0,0,67,3371
102,백령도,2020-10-18 09:00,16.9,,2.7,250,59,4279
102,백령도,2020-10-18 10:00,18,,3.2,270,52,3372
102,백령도,2020-10-18 11:00,18.5,,4.5,250,46,3012
102,백령도,2020-10-18 12:00,19.1,,4.7,290,46,2612
102,백령도,2020-10-18 13:00,19.1,,4.8,320,46,2440
102,백령도,2020-10-18 14:00,19.1,,4.4,320,55,1989
102,백령도,2020-10-18 15:00,18.5,,4.2,320,60,1606
102,백령도,2020-10-18 16:00,18,,3.8,290,65,1478
102,백령도,2020-10-18 17:00,17.3,,2.1,290,68,1471
102,백령도,2020-10-18 18:00,15.9,,1.2,250,72,1400
102,백령도,2020-10-18 19:00,15,,1.4,250,82,1141
102,백령도,2020-10-18 20:00,14.2,,1.9,200,89,484
102,백령도,2020-10-18 21:00,14.5,,1.7,230,89,866
102,백령도,2020-10-18 22:00,15.2,,2.6,250,86,715
102,백령도,2020-10-18 23:00,15.5,,2.6,250,87,586
102,백령도,2020-10-19 00:00,15,,1.9,250,89,493
102,백령도,2020-10-19 01:00,15.7,,2,270,84,520
102,백령도,2020-10-19 02:00,15.3,,2.2,270,84,465
102,백령도,2020-10-19 03:00,15,,1.2,290,88,467
102,백령도,2020-10-19 04:00,14.5,,1.8,320,96,418
102,백령도,2020-10-19 05:00,14.6,,2,320,92,697
102,백령도,2020-10-19 06:00,14.4,,1.6,20,98,268
102,백령도,2020-10-19 07:00,13.9,,1.5,90,100,69
102,백령도,2020-10-19 08:00,14.3,,1.7,110,100,132
102,백령도,2020-10-19 09:00,15.6,,1.4,110,98,369
102,백령도,2020-10-19 10:00,17.1,,1.6,110,86,686
102,백령도,2020-10-19 11:00,17.7,,2,140,84,837
102,백령도,2020-10-19 12:00,17.7,,1.4,360,78,907
102,백령도,2020-10-19 13:00,17.7,,3.3,320,85,1064
102,백령도,2020-10-19 14:00,18,,4.1,320,78,1621
102,백령도,2020-10-19 15:00,17.6,,4.4,320,79,1633
102,백령도,2020-10-19 16:00,17.3,,4,320,79,1764
102,백령도,2020-10-19 17:00,16.8,,2.7,320,85,1650
102,백령도,2020-10-19 18:00,15.3,,2.1,290,92,1245
102,백령도,2020-10-19 19:00,14.7,,.7,290,95,891
102,백령도,2020-10-19 20:00,14.3,,0,0,97,630
102,백령도,2020-10-19 21:00,13.8,,0,0,96,714
102,백령도,2020-10-19 22:00,14.7,,0,0,91,990
102,백령도,2020-10-19 23:00,14.7,,0,0,89,1140
102,백령도,2020-10-20 00:00,14.2,,0,0,90,884
102,백령도,2020-10-20 01:00,13.8,,0,0,92,539
102,백령도,2020-10-20 02:00,14,,0,0,92,719
102,백령도,2020-10-20 03:00,14.4,,0,0,91,682
102,백령도,2020-10-20 04:00,14.2,,0,0,95,427
102,백령도,2020-10-20 05:00,14,,1.7,90,99,121
102,백령도,2020-10-20 06:00,13.8,,1.6,110,100,67
102,백령도,2020-10-20 07:00,13.5,,1.9,90,100,163
102,백령도,2020-10-20 08:00,13.9,,2.1,90,100,258
102,백령도,2020-10-20 09:00,15.5,,2,110,99,318
102,백령도,2020-10-20 10:00,16.5,,1.5,90,94,508
102,백령도,2020-10-20 11:00,16.9,,2.7,90,90,807
102,백령도,2020-10-20 12:00,18.6,,2.1,110,79,960
102,백령도,2020-10-20 13:00,18.5,,2.5,180,68,931
102,백령도,2020-10-20 14:00,18.4,,3.2,180,63,913
102,백령도,2020-10-20 15:00,18.6,,1.4,20,63,950
102,백령도,2020-10-20 16:00,18.3,,1.9,160,67,936
102,백령도,2020-10-20 17:00,16.5,,1.8,200,80,752
102,백령도,2020-10-20 18:00,15.1,,1.6,250,88,560
102,백령도,2020-10-20 19:00,14.8,,1.9,230,92,452
102,백령도,2020-10-20 20:00,14.4,,1.2,200,94,363
102,백령도,2020-10-20 21:00,13.4,,0,0,98,209
102,백령도,2020-10-20 22:00,13.7,,0,0,98,176
102,백령도,2020-10-20 23:00,13.6,,0,0,95,289
102,백령도,2020-10-21 00:00,13.8,,0,0,98,126
102,백령도,2020-10-21 01:00,13.8,,0,0,94,326
102,백령도,2020-10-21 02:00,13.9,,1.5,140,97,268
102,백령도,2020-10-21 03:00,14,,1,110,95,278
102,백령도,2020-10-21 04:00,13.5,,2.4,160,95,286
102,백령도,2020-10-21 05:00,14.1,,2.1,160,97,204
102,백령도,2020-10-21 06:00,14.3,,2.7,140,94,336
102,백령도,2020-10-21 07:00,14.9,,2.8,140,87,562
102,백령도,2020-10-21 08:00,15.2,,4.1,140,83,895
102,백령도,2020-10-21 09:00,15.2,,4.5,140,94,440
102,백령도,2020-10-21 10:00,15.4,,3.4,160,93,510
102,백령도,2020-10-21 11:00,16.2,,6.5,160,91,736
102,백령도,2020-10-21 12:00,17,,4.9,160,82,1420
102,백령도,2020-10-21 13:00,17.3,,3.3,160,84,1466
102,백령도,2020-10-21 14:00,17.9,,4.8,180,79,1988
102,백령도,2020-10-21 15:00,18.5,,5.8,180,75,2559
102,백령도,2020-10-21 16:00,18.5,,5.2,180,76,2320
102,백령도,2020-10-21 17:00,17.6,,4.2,180,86,2071
102,백령도,2020-10-21 18:00,16.6,,2.9,180,91,1528
102,백령도,2020-10-21 19:00,17.2,,3.8,200,88,2994
102,백령도,2020-10-21 20:00,17,,4.9,230,89,2708
102,백령도,2020-10-21 21:00,17.2,,5.6,230,88,2626
102,백령도,2020-10-21 22:00,17.2,,4.6,230,90,2286
102,백령도,2020-10-21 23:00,14.5,3.7,1.7,250,96,313
102,백령도,2020-10-22 00:00,15.3,,4.4,290,90,384
102,백령도,2020-10-22 01:00,15.1,,4.2,290,82,1006
102,백령도,2020-10-22 02:00,15.3,,5.5,320,75,854
102,백령도,2020-10-22 03:00,15.3,,6.4,340,84,545
102,백령도,2020-10-22 04:00,14.8,,7.4,340,81,762
102,백령도,2020-10-22 05:00,13.7,,7.3,340,69,1391
102,백령도,2020-10-22 06:00,13.4,,6.5,340,63,1556
102,백령도,2020-10-22 07:00,13,,7.3,340,57,1972
102,백령도,2020-10-22 08:00,13.1,,7,340,50,2148
102,백령도,2020-10-22 09:00,13.4,,7.3,340,49,2577
102,백령도,2020-10-22 10:00,13.8,,5.9,340,48,4678
102,백령도,2020-10-22 11:00,13.6,,6.6,340,48,4754
102,백령도,2020-10-22 12:00,13.7,,7.6,340,42,4749
102,백령도,2020-10-22 13:00,13.5,,7,340,48,4008
102,백령도,2020-10-22 14:00,12.9,,8.5,320,42,4820
102,백령도,2020-10-22 15:00,12.3,,8.8,320,47,4648
102,백령도,2020-10-22 16:00,11.7,,9.2,320,44,4716
102,백령도,2020-10-22 17:00,11.6,,9.3,320,44,4799
102,백령도,2020-10-22 18:00,11.4,,10.9,320,43,4650
102,백령도,2020-10-22 19:00,11.4,,8.9,320,46,4806
102,백령도,2020-10-22 20:00,11.4,,10.1,320,42,4995
102,백령도,2020-10-22 21:00,11.2,,10.5,320,44,4673
102,백령도,2020-10-22 22:00,10.8,,11.3,340,50,4095
102,백령도,2020-10-22 23:00,10,,7.6,320,52,3936
102,백령도,2020-10-23 00:00,10.1,,11.8,340,55,3917
102,백령도,2020-10-23 01:00,9.8,,12.2,340,56,3868
102,백령도,2020-10-23 02:00,9.8,,12.3,340,54,3707
102,백령도,2020-10-23 03:00,9.3,,13.8,340,54,3604
102,백령도,2020-10-23 04:00,9.3,,12.5,340,58,3687
102,백령도,2020-10-23 05:00,9.5,,11,360,60,3684
102,백령도,2020-10-23 06:00,9.2,,12.7,340,56,4032
102,백령도,2020-10-23 07:00,9.2,,11.4,360,55,4207
102,백령도,2020-10-23 08:00,9.4,,10.9,340,52,4402
102,백령도,2020-10-23 09:00,10.1,,11.3,340,49,4761
102,백령도,2020-10-23 10:00,10.4,,11.4,340,44,4720
102,백령도,2020-10-23 11:00,10.6,,8.7,340,39,4761
102,백령도,2020-10-23 12:00,10.8,,10,340,38,4749
102,백령도,2020-10-23 13:00,10.9,,9.8,340,41,4490
102,백령도,2020-10-23 14:00,11,,9.5,340,40,4474
102,백령도,2020-10-23 15:00,10.4,,9,340,45,4370
102,백령도,2020-10-23 16:00,9.9,,8.4,340,48,4819
102,백령도,2020-10-23 17:00,9.6,,7.4,340,50,4767
102,백령도,2020-10-23 18:00,9.5,,8.2,340,48,4844
102,백령도,2020-10-23 19:00,10.1,,8.1,340,49,4781
102,백령도,2020-10-23 20:00,10.8,,9.1,340,47,4671
102,백령도,2020-10-23 21:00,10.9,,10.8,340,45,4434
102,백령도,2020-10-23 22:00,10.9,,9.6,340,47,4416
102,백령도,2020-10-23 23:00,10.4,,10.2,340,47,3679
102,백령도,2020-10-24 00:00,10.1,,10.6,340,44,3862
102,백령도,2020-10-24 01:00,9.9,,11.2,340,52,4092
102,백령도,2020-10-24 02:00,9.8,,12,340,42,4322
102,백령도,2020-10-24 03:00,9.7,,10.3,360,45,4525
102,백령도,2020-10-24 04:00,9.7,,9.2,360,45,4881
102,백령도,2020-10-24 05:00,9.8,,9.1,360,47,4846
102,백령도,2020-10-24 06:00,9.9,,9.1,340,45,4862
102,백령도,2020-10-24 07:00,10.5,,8.7,340,44,4992
102,백령도,2020-10-24 08:00,10.9,,8.2,360,40,4955
102,백령도,2020-10-24 09:00,11.6,,8.2,340,39,4923
102,백령도,2020-10-24 10:00,12.5,,7.8,340,39,4770
102,백령도,2020-10-24 11:00,13,,7.5,340,38,4528
102,백령도,2020-10-24 12:00,13.6,,6.8,340,38,4888
102,백령도,2020-10-24 13:00,14.6,,5.8,320,34,4958
102,백령도,2020-10-24 14:00,14.4,,6.6,320,41,4963
102,백령도,2020-10-24 15:00,14.6,,6.1,320,43,4753
102,백령도,2020-10-24 16:00,14.7,,4.2,290,50,4497
102,백령도,2020-10-24 17:00,13.9,,4.5,290,57,3948
102,백령도,2020-10-24 18:00,12.6,,2.6,270,69,3737
102,백령도,2020-10-24 19:00,12,,2.1,270,74,3868
102,백령도,2020-10-24 20:00,13.5,,5,290,62,4337
102,백령도,2020-10-24 21:00,13.9,,5.4,320,50,4671
102,백령도,2020-10-24 22:00,13.7,,3.7,290,57,4114
102,백령도,2020-10-24 23:00,14.2,,4.1,320,57,4129
102,백령도,2020-10-25 00:00,14.6,,4.6,320,57,4815
102,백령도,2020-10-25 01:00,14.9,,5.3,320,48,4895
102,백령도,2020-10-25 02:00,14.4,,4.5,320,52,4782
102,백령도,2020-10-25 03:00,13.9,,3.5,320,55,4905
102,백령도,2020-10-25 04:00,14.2,,4.9,320,50,4901
102,백령도,2020-10-25 05:00,14.1,,5.2,320,53,4963
102,백령도,2020-10-25 06:00,14.4,,4.8,320,49,4968
102,백령도,2020-10-25 07:00,13,,2.9,290,56,4902
102,백령도,2020-10-25 08:00,13.6,,2.2,270,65,4549
102,백령도,2020-10-25 09:00,15.4,,3,290,60,3755
102,백령도,2020-10-25 10:00,15.8,,2.6,320,63,2869
102,백령도,2020-10-25 11:00,16.8,,3.4,290,59,2554
102,백령도,2020-10-25 12:00,17.2,,2.8,270,59,2595
102,백령도,2020-10-25 13:00,17,,3.4,290,56,2374
102,백령도,2020-10-25 14:00,17.2,,4.3,290,53,2151
102,백령도,2020-10-25 15:00,16.6,,3.4,290,60,2258
102,백령도,2020-10-25 16:00,16.6,,2.9,290,60,2100
102,백령도,2020-10-25 17:00,15.6,,2.7,290,71,1685
102,백령도,2020-10-25 18:00,14.6,,1.2,250,74,1699
102,백령도,2020-10-25 19:00,14,,1.6,270,73,1499
102,백령도,2020-10-25 20:00,14,,1.3,270,70,1703
102,백령도,2020-10-25 21:00,12.9,,0,0,73,1693
102,백령도,2020-10-25 22:00,13.8,,0,0,64,1864
102,백령도,2020-10-25 23:00,12.2,,1.9,200,74,1388
102,백령도,2020-10-26 00:00,12.4,,0,0,77,1513
102,백령도,2020-10-26 01:00,12.8,,1.4,230,71,1619
102,백령도,2020-10-26 02:00,13.4,,0,0,62,2218
102,백령도,2020-10-26 03:00,12.9,,0,0,88,997
102,백령도,2020-10-26 04:00,12.3,,2,90,94,668
102,백령도,2020-10-26 05:00,12.4,,2,90,95,594
102,백령도,2020-10-26 06:00,12.2,,2,90,95,548
102,백령도,2020-10-26 07:00,12,,2.2,90,96,493
102,백령도,2020-10-26 08:00,12.8,,2,90,96,595
102,백령도,2020-10-26 09:00,14.6,,2,110,89,1066
102,백령도,2020-10-26 10:00,15.7,,2.9,160,67,1763
102,백령도,2020-10-26 11:00,16.2,,3.8,160,67,2049
102,백령도,2020-10-26 12:00,16.9,,3.5,180,68,1975
102,백령도,2020-10-26 13:00,16.6,,2.6,140,70,1973
102,백령도,2020-10-26 14:00,17.5,,2.1,110,69,2184
102,백령도,2020-10-26 15:00,17,,2.4,140,71,2100
102,백령도,2020-10-26 16:00,16.1,,2.6,180,76,1944
102,백령도,2020-10-26 17:00,15.5,,1.9,180,82,1590
102,백령도,2020-10-26 18:00,14.8,,1.5,230,85,1540
102,백령도,2020-10-26 19:00,12.7,,0,0,93,1020
102,백령도,2020-10-26 20:00,13.3,,.7,270,86,1547
102,백령도,2020-10-26 21:00,14,,.1,0,87,1497
102,백령도,2020-10-26 22:00,13.3,,1.4,290,91,1080
102,백령도,2020-10-26 23:00,13.7,,0,0,92,1079
102,백령도,2020-10-27 00:00,13.5,,2,230,91,921
102,백령도,2020-10-27 01:00,13.7,,0,0,95,734
102,백령도,2020-10-27 02:00,13.5,,0,0,96,569
102,백령도,2020-10-27 03:00,13.8,,0,0,97,606
102,백령도,2020-10-27 04:00,13.7,,0,0,99,172
102,백령도,2020-10-27 05:00,13.5,,0,0,100,166
102,백령도,2020-10-27 06:00,13.1,,0,0,100,398
102,백령도,2020-10-27 07:00,12.8,,.8,180,100,143
102,백령도,2020-10-27 08:00,13.8,,1.9,140,100,156
102,백령도,2020-10-27 09:00,14.8,,.8,110,100,247
102,백령도,2020-10-27 10:00,15.7,,1.6,110,97,557
102,백령도,2020-10-27 11:00,16.3,,2.7,140,93,850
102,백령도,2020-10-27 12:00,16.2,,2.9,110,91,958
102,백령도,2020-10-27 13:00,17.1,,2.7,180,87,2031
102,백령도,2020-10-27 14:00,17,,1.7,360,86,2087
102,백령도,2020-10-27 15:00,16.7,,0,0,87,2117
102,백령도,2020-10-27 16:00,17.6,,.6,160,82,1925
102,백령도,2020-10-27 17:00,16.1,,1.7,320,90,1324
102,백령도,2020-10-27 18:00,14.7,,1.7,290,97,664
102,백령도,2020-10-27 19:00,14.1,,1.9,290,99,280
102,백령도,2020-10-27 20:00,15,,3.5,320,97,696
102,백령도,2020-10-27 21:00,15.1,,4,340,92,493
102,백령도,2020-10-27 22:00,14.9,,3.7,340,87,608
102,백령도,2020-10-27 23:00,14.9,,3.7,340,74,1355
102,백령도,2020-10-28 00:00,14.9,,3.5,340,57,4099
102,백령도,2020-10-28 01:00,15,,4.8,320,60,3641
102,백령도,2020-10-28 02:00,14.7,,6,360,62,3778
102,백령도,2020-10-28 03:00,14,,7.4,340,51,3958
102,백령도,2020-10-28 04:00,13.8,,7.8,340,41,4890
102,백령도,2020-10-28 05:00,14,,7.4,360,39,4960
102,백령도,2020-10-28 06:00,13.9,,8.5,360,40,4947
102,백령도,2020-10-28 07:00,13.8,,7.3,360,41,4936
102,백령도,2020-10-28 08:00,13.5,,3.8,360,44,4750
102,백령도,2020-10-28 09:00,14.1,,7.1,360,36,4831
102,백령도,2020-10-28 10:00,14.5,,7,360,31,4967
102,백령도,2020-10-28 11:00,14.8,,8,340,28,4926
102,백령도,2020-10-28 12:00,14.7,,7.8,360,26,4917
102,백령도,2020-10-28 13:00,14.2,,8.5,360,28,4971
102,백령도,2020-10-28 14:00,14.6,,8.6,360,28,4869
102,백령도,2020-10-28 15:00,14.1,,7.4,360,32,4833
102,백령도,2020-10-28 16:00,13.7,,7.3,340,31,4999
102,백령도,2020-10-28 17:00,13.2,,7.6,340,30,4998
102,백령도,2020-10-28 18:00,12.7,,6.6,340,37,4984
102,백령도,2020-10-28 19:00,13,,7.5,340,35,4984
102,백령도,2020-10-28 20:00,13.2,,5.9,340,40,4995
102,백령도,2020-10-28 21:00,13,,5.8,340,40,4999
102,백령도,2020-10-28 22:00,13,,4.4,320,47,4592
102,백령도,2020-10-28 23:00,13.7,,5.8,340,48,4653
102,백령도,2020-10-29 00:00,13.9,,4.9,340,53,3839
102,백령도,2020-10-29 01:00,14.2,,6.6,340,35,4409
102,백령도,2020-10-29 02:00,13.4,,5.3,360,49,4218
102,백령도,2020-10-29 03:00,12.5,,3.5,360,46,4006
102,백령도,2020-10-29 04:00,12.3,,5.2,360,37,4071
102,백령도,2020-10-29 05:00,11.3,,2.4,50,43,4165
102,백령도,2020-10-29 06:00,10.7,,2.3,20,43,4446
102,백령도,2020-10-29 07:00,10.2,,2.2,360,44,4497
102,백령도,2020-10-29 08:00,10.9,,2.3,360,30,4680
102,백령도,2020-10-29 09:00,11.5,,2.5,360,21,4951
102,백령도,2020-10-29 10:00,12.5,,5,360,24,4704
102,백령도,2020-10-29 11:00,13.3,,6.6,360,28,4831
102,백령도,2020-10-29 12:00,14,,6.1,360,32,4879
102,백령도,2020-10-29 13:00,14.3,,7.1,360,32,4906
102,백령도,2020-10-29 14:00,13.9,,5.9,360,36,4972
102,백령도,2020-10-29 15:00,14.2,,6.9,360,36,4666
102,백령도,2020-10-29 16:00,13.7,,7.4,360,36,4875
102,백령도,2020-10-29 17:00,13.8,,7.8,360,39,4964
102,백령도,2020-10-29 18:00,13.5,,7.6,340,41,4998
102,백령도,2020-10-29 19:00,13.6,,7.9,340,46,4998
102,백령도,2020-10-29 20:00,13.8,,6.5,340,48,4884
102,백령도,2020-10-29 21:00,14.1,,7.1,340,52,4923
102,백령도,2020-10-29 22:00,14.5,,8.1,340,52,4367
102,백령도,2020-10-29 23:00,14.7,,7.6,340,50,4576
102,백령도,2020-10-30 00:00,14.7,,7.1,340,58,3413
102,백령도,2020-10-30 01:00,14.6,,6.3,340,56,3177
102,백령도,2020-10-30 02:00,14.6,,4.9,360,51,3999
102,백령도,2020-10-30 03:00,14.2,,2.7,360,53,3903
102,백령도,2020-10-30 04:00,13.7,,3.2,360,54,3953
102,백령도,2020-10-30 05:00,13,,2.3,20,49,4151
102,백령도,2020-10-30 06:00,12.6,,1.9,360,54,4564
102,백령도,2020-10-30 07:00,12.5,,2.5,20,50,4968
102,백령도,2020-10-30 08:00,12.7,,2.3,50,43,4808
102,백령도,2020-10-30 09:00,14,,2.7,50,34,4845
102,백령도,2020-10-30 10:00,14.8,,2.6,70,34,4945
102,백령도,2020-10-30 11:00,15.7,,2.1,20,32,4918
102,백령도,2020-10-30 12:00,15.8,,3,340,35,4667
102,백령도,2020-10-30 13:00,15.9,,3.9,340,32,4992
102,백령도,2020-10-30 14:00,16,,3.9,340,32,4990
102,백령도,2020-10-30 15:00,15.5,,4.9,340,37,4992
102,백령도,2020-10-30 16:00,15.4,,3.5,340,37,5000
102,백령도,2020-10-30 17:00,14.5,,2.9,340,43,4998
102,백령도,2020-10-30 18:00,13.2,,2.9,340,48,5000
102,백령도,2020-10-30 19:00,12.7,,2.1,320,53,5000
102,백령도,2020-10-30 20:00,11.3,,2.2,320,59,4999
102,백령도,2020-10-30 21:00,11.7,,0,0,61,4950
102,백령도,2020-10-30 22:00,11.4,,0,0,63,4993
102,백령도,2020-10-30 23:00,10.5,,0,0,68,5000
102,백령도,2020-10-31 00:00,11.6,,0,0,66,4973
102,백령도,2020-10-31 01:00,11.3,,0,0,75,4369
102,백령도,2020-10-31 02:00,11.3,,0,0,73,4032
102,백령도,2020-10-31 03:00,11.9,,0,0,67,4962
102,백령도,2020-10-31 04:00,11.1,,0,0,73,4937
102,백령도,2020-10-31 05:00,10.2,,0,0,79,4944
102,백령도,2020-10-31 06:00,10.3,,2.1,180,83,4623
102,백령도,2020-10-31 07:00,11.1,,1.8,160,78,4970
102,백령도,2020-10-31 08:00,12.3,,3.3,160,85,3042
102,백령도,2020-10-31 09:00,14.5,,2.1,160,70,4087
102,백령도,2020-10-31 10:00,14.8,,3.4,160,71,3367
102,백령도,2020-10-31 11:00,15.9,,4.5,180,53,4999
102,백령도,2020-10-31 12:00,15.8,,4.6,200,52,4903
102,백령도,2020-10-31 13:00,15.5,,5,200,57,4964
102,백령도,2020-10-31 14:00,15.7,,4.3,200,58,4466
102,백령도,2020-10-31 15:00,15.4,,4.2,200,61,5000
102,백령도,2020-10-31 16:00,15.2,,3.8,200,63,5000
102,백령도,2020-10-31 17:00,14.9,0,2.9,230,67,5000
102,백령도,2020-10-31 18:00,14.2,.1,3.3,230,76,4991
102,백령도,2020-10-31 19:00,14.5,0,3.1,200,79,4954
102,백령도,2020-10-31 20:00,14.7,,2.6,230,79,4719
102,백령도,2020-10-31 21:00,14.9,,2.5,200,80,4583
102,백령도,2020-10-31 22:00,15.1,,2.5,200,80,4054
102,백령도,2020-10-31 23:00,15.3,.1,3.1,230,79,4198
102,백령도,2020-11-01 00:00,15.5,0,2.6,230,79,4138
102,백령도,2020-11-01 01:00,15.3,,3.5,230,84,2917
102,백령도,2020-11-01 02:00,15.6,,3.1,230,82,3157
102,백령도,2020-11-01 03:00,15.5,.4,4,230,85,2868
102,백령도,2020-11-01 04:00,15.7,,3.3,230,84,2750
102,백령도,2020-11-01 05:00,16,,4.1,230,83,3048
102,백령도,2020-11-01 06:00,14.9,.8,5,250,90,885
102,백령도,2020-11-01 07:00,14.9,,3.7,270,88,670
102,백령도,2020-11-01 08:00,15,,3.2,290,91,368
102,백령도,2020-11-01 09:00,15.7,.1,3,290,91,298
102,백령도,2020-11-01 10:00,16.1,,4.4,320,78,501
102,백령도,2020-11-01 11:00,16.6,,4.6,320,73,621
102,백령도,2020-11-01 12:00,16.4,,6.6,340,62,912
102,백령도,2020-11-01 13:00,16.3,,6.1,340,42,2582
102,백령도,2020-11-01 14:00,15.9,,5.7,340,30,3902
102,백령도,2020-11-01 15:00,16.2,,4.5,340,33,3716
102,백령도,2020-11-01 16:00,15.2,,2.9,340,35,3320
102,백령도,2020-11-01 17:00,14.5,,2.8,340,36,3947
102,백령도,2020-11-01 18:00,13,,1.2,320,42,3255
102,백령도,2020-11-01 19:00,12.6,,1.5,270,43,3644
102,백령도,2020-11-01 20:00,12.1,,1.8,270,47,3404
102,백령도,2020-11-01 21:00,12.8,,1,250,49,3286
102,백령도,2020-11-01 22:00,12.8,,1.5,270,53,3267
102,백령도,2020-11-01 23:00,12.5,,2.2,250,57,3014
102,백령도,2020-11-02 00:00,12.3,,1.9,290,55,3033
102,백령도,2020-11-02 01:00,14,,7,340,33,4736
102,백령도,2020-11-02 02:00,13.6,,6.9,340,34,4574
102,백령도,2020-11-02 03:00,13.1,,5.1,360,35,4834
102,백령도,2020-11-02 04:00,12.8,,4.6,340,37,4999
102,백령도,2020-11-02 05:00,12.2,,2.1,20,39,4998
102,백령도,2020-11-02 06:00,11.4,,2.6,50,44,4952
102,백령도,2020-11-02 07:00,11.1,,2.1,50,45,4869
102,백령도,2020-11-02 08:00,11.5,,1.8,50,45,4773
102,백령도,2020-11-02 09:00,12.3,,2.7,70,43,4863
102,백령도,2020-11-02 10:00,13.1,,2.3,90,37,4572
102,백령도,2020-11-02 11:00,13.8,,2.7,360,38,4917
102,백령도,2020-11-02 12:00,13.7,,4.2,320,37,4955
102,백령도,2020-11-02 13:00,14.2,,2.5,290,35,4868
102,백령도,2020-11-02 14:00,14.2,,2.9,320,36,4983
102,백령도,2020-11-02 15:00,14.1,,3.4,290,31,4995
102,백령도,2020-11-02 16:00,13.3,,2.2,320,36,4973
102,백령도,2020-11-02 17:00,12.6,,1.3,290,43,4937
102,백령도,2020-11-02 18:00,11.7,0,5.3,320,49,4467
102,백령도,2020-11-02 19:00,9.9,,2.8,270,82,3345
102,백령도,2020-11-02 20:00,9.4,,2.3,270,89,2731
102,백령도,2020-11-02 21:00,10.3,1.4,8.9,340,79,3373
102,백령도,2020-11-02 22:00,9.6,,10.1,340,70,3343
102,백령도,2020-11-02 23:00,9.9,,12,340,47,4197
102,백령도,2020-11-03 00:00,9,0,12,340,36,4449
102,백령도,2020-11-03 01:00,8.3,,10.8,340,30,4927
102,백령도,2020-11-03 02:00,8.3,,10.4,340,32,4976
102,백령도,2020-11-03 03:00,8.3,,10.3,340,37,4990
102,백령도,2020-11-03 04:00,8.1,,11,340,35,4976
102,백령도,2020-11-03 05:00,7.8,,10.2,340,37,4880
102,백령도,2020-11-03 06:00,7.2,,7.5,340,38,4989
102,백령도,2020-11-03 07:00,6.8,,7.6,340,40,4903
102,백령도,2020-11-03 08:00,6.8,,8.4,340,43,4995
102,백령도,2020-11-03 09:00,6.9,,8,340,44,4995
102,백령도,2020-11-03 10:00,6.4,,8.4,340,44,4975
102,백령도,2020-11-03 11:00,7.8,,7.3,340,44,4992
102,백령도,2020-11-03 12:00,7.1,0,8.2,340,41,4998
102,백령도,2020-11-03 13:00,7,,10.3,340,43,4933
102,백령도,2020-11-03 14:00,7.6,,7.2,340,39,4998
102,백령도,2020-11-03 15:00,7.2,,7.6,320,42,4989
102,백령도,2020-11-03 16:00,7.7,,7,320,41,4976
102,백령도,2020-11-03 17:00,7,,8.2,320,44,4974
102,백령도,2020-11-03 18:00,7,,8.3,320,44,5000
102,백령도,2020-11-03 19:00,7.3,,6.7,320,45,4999
102,백령도,2020-11-03 20:00,7.5,,6.4,340,46,4989
102,백령도,2020-11-03 21:00,7.5,,6.1,320,42,4991
102,백령도,2020-11-03 22:00,7.6,,9.3,340,43,4984
102,백령도,2020-11-03 23:00,7.5,,8.5,340,39,4925
102,백령도,2020-11-04 00:00,6.8,,9.3,340,42,4876
102,백령도,2020-11-04 01:00,6.6,,9.3,340,40,4877
102,백령도,2020-11-04 02:00,6.7,,8.8,340,38,4969
102,백령도,2020-11-04 03:00,6.9,,7.6,340,39,4912
102,백령도,2020-11-04 04:00,7,,5.7,340,39,4998
102,백령도,2020-11-04 05:00,7.2,,5.8,320,38,4993
102,백령도,2020-11-04 06:00,7.6,,6.1,340,38,4999
102,백령도,2020-11-04 07:00,7.9,,5.7,320,39,4998
102,백령도,2020-11-04 08:00,8.6,,4.8,340,39,4980
102,백령도,2020-11-04 09:00,8.9,,2.9,90,49,4909
102,백령도,2020-11-04 10:00,9.2,,2.5,110,46,4506
102,백령도,2020-11-04 11:00,9.7,,2.2,90,50,4656
102,백령도,2020-11-04 12:00,10.6,,2,160,44,4688
102,백령도,2020-11-04 13:00,11.3,,3.1,160,45,4985
102,백령도,2020-11-04 14:00,11.9,,2.9,50,38,4903
102,백령도,2020-11-04 15:00,11.9,,3.9,290,35,5000
102,백령도,2020-11-04 16:00,11.4,,3.9,250,37,4981
102,백령도,2020-11-04 17:00,11.1,,3.7,230,42,5000
102,백령도,2020-11-04 18:00,10.1,,2.9,230,48,4999
102,백령도,2020-11-04 19:00,10.2,,2.9,230,52,4999
102,백령도,2020-11-04 20:00,10.3,,3.1,230,52,5000
102,백령도,2020-11-04 21:00,10.5,,4,230,55,5000
102,백령도,2020-11-04 22:00,11.1,,4.2,230,59,4996
102,백령도,2020-11-04 23:00,11.4,,5.2,230,60,4993
102,백령도,2020-11-05 00:00,11.4,,4.1,230,58,4996
102,백령도,2020-11-05 01:00,11.4,,3.4,230,58,4996
102,백령도,2020-11-05 02:00,11.7,,2.6,230,54,4999
102,백령도,2020-11-05 03:00,11.9,,3.1,230,59,4953
102,백령도,2020-11-05 04:00,12,,3,230,63,4883
102,백령도,2020-11-05 05:00,12.2,,3.3,230,66,4675
102,백령도,2020-11-05 06:00,12.1,,2.6,230,70,4742
102,백령도,2020-11-05 07:00,11.8,,2.3,200,74,2850
102,백령도,2020-11-05 08:00,12.8,,2.3,200,74,3742
102,백령도,2020-11-05 09:00,14.1,,2.8,200,68,3412
102,백령도,2020-11-05 10:00,14.5,,3.8,180,68,3463
102,백령도,2020-11-05 11:00,14.9,,5.6,180,69,3485
102,백령도,2020-11-05 12:00,15.5,,5.6,200,64,3884
102,백령도,2020-11-05 13:00,15.1,,5.5,180,67,3868
102,백령도,2020-11-05 14:00,14.8,,5.2,180,67,3787
102,백령도,2020-11-05 15:00,14.7,,5.2,200,67,3998
102,백령도,2020-11-05 16:00,14.3,,4.7,200,67,4743
102,백령도,2020-11-05 17:00,14.1,,4.2,200,71,4961
102,백령도,2020-11-05 18:00,13.7,,3.5,200,74,4979
102,백령도,2020-11-05 19:00,13.6,,4.7,200,73,4956
102,백령도,2020-11-05 20:00,13.3,,3,180,75,4221
102,백령도,2020-11-05 21:00,13.5,,4.6,180,76,4909
102,백령도,2020-11-05 22:00,13.4,,4.9,180,72,4982
102,백령도,2020-11-05 23:00,13.2,,5.1,160,79,4429
102,백령도,2020-11-06 00:00,13.1,,4.9,160,78,4120
102,백령도,2020-11-06 01:00,13,,6.3,180,76,4697
102,백령도,2020-11-06 02:00,13,,6,180,73,4976
102,백령도,2020-11-06 03:00,13,,5.1,160,68,4999
102,백령도,2020-11-06 04:00,12.9,,4.4,160,76,4876
102,백령도,2020-11-06 05:00,12.9,,2.3,140,82,3720
102,백령도,2020-11-06 06:00,12.8,,2.8,160,84,3372
102,백령도,2020-11-06 07:00,12.9,,3.5,140,85,2656
102,백령도,2020-11-06 08:00,12.5,,4,140,89,2117
102,백령도,2020-11-06 09:00,12.7,,3,140,91,1274
102,백령도,2020-11-06 10:00,13,,4.9,140,90,1285
102,백령도,2020-11-06 11:00,13.1,,5.6,140,90,1120
102,백령도,2020-11-06 12:00,14.7,0,4.4,160,79,2209
102,백령도,2020-11-06 13:00,15.3,,3.6,160,74,4284
102,백령도,2020-11-06 14:00,15.5,,4,180,75,4784
102,백령도,2020-11-06 15:00,15.4,,2.7,160,79,4545
102,백령도,2020-11-06 16:00,15.2,,3.8,160,84,4950
102,백령도,2020-11-06 17:00,14.6,,3.6,160,91,4381
102,백령도,2020-11-06 18:00,14.7,,2.9,180,93,2954
102,백령도,2020-11-06 19:00,15.3,,3.4,180,92,3091
102,백령도,2020-11-06 20:00,15.1,,2.3,200,95,2255
102,백령도,2020-11-06 21:00,15.7,,4.1,200,95,2683
102,백령도,2020-11-06 22:00,16,,4.1,230,95,1929
102,백령도,2020-11-06 23:00,15.8,,4.5,230,93,1444
102,백령도,2020-11-07 00:00,15.4,,3.8,270,95,973
102,백령도,2020-11-07 01:00,13.8,,2.2,270,90,1292
102,백령도,2020-11-07 02:00,13.7,,3.4,290,92,609
102,백령도,2020-11-07 03:00,13.4,,4.7,290,87,298
102,백령도,2020-11-07 04:00,12.9,,3.1,290,89,330
102,백령도,2020-11-07 05:00,12.4,,2.1,250,88,420
102,백령도,2020-11-07 06:00,12.6,,2.7,270,77,938
102,백령도,2020-11-07 07:00,12.8,,2.9,270,70,1485
102,백령도,2020-11-07 08:00,13.3,,2.7,250,68,1340
102,백령도,2020-11-07 09:00,14.6,,3.6,270,68,1258
102,백령도,2020-11-07 10:00,15.6,,5.7,270,59,1174
102,백령도,2020-11-07 11:00,16.4,,5.3,270,54,1296
102,백령도,2020-11-07 12:00,16.8,,6.1,270,49,1376
102,백령도,2020-11-07 13:00,16.9,,6.9,290,49,1305
102,백령도,2020-11-07 14:00,16.8,,6.2,270,57,1008
102,백령도,2020-11-07 15:00,17.1,,5.4,290,42,1562
102,백령도,2020-11-07 16:00,16.3,,4.4,270,52,1481
102,백령도,2020-11-07 17:00,15.2,,4.1,250,68,1311
102,백령도,2020-11-07 18:00,14.5,,4.1,270,71,1016
102,백령도,2020-11-07 19:00,14.1,,4.1,250,84,593
102,백령도,2020-11-07 20:00,14.4,,5.2,290,75,1938
102,백령도,2020-11-07 21:00,14.5,,5.7,290,72,1874
102,백령도,2020-11-07 22:00,14.8,,8.2,320,54,3033
102,백령도,2020-11-07 23:00,14.5,,7,320,55,3014
102,백령도,2020-11-08 00:00,13.8,,4.7,290,62,2907
102,백령도,2020-11-08 01:00,13.8,,4.7,290,67,2746
102,백령도,2020-11-08 02:00,13.4,,10.8,360,51,1867
102,백령도,2020-11-08 03:00,12.1,,11.4,360,38,2813
102,백령도,2020-11-08 04:00,11,,11,360,40,3186
102,백령도,2020-11-08 05:00,9.9,,10.2,360,42,3135
102,백령도,2020-11-08 06:00,9.3,,10.4,340,39,3904
102,백령도,2020-11-08 07:00,8.7,,10.8,340,45,4315
102,백령도,2020-11-08 08:00,8.3,,9.9,340,40,4792
102,백령도,2020-11-08 09:00,8.3,,9.8,340,43,4761
102,백령도,2020-11-08 10:00,8.4,,9.3,360,46,4331
102,백령도,2020-11-08 11:00,8.3,,10.2,340,46,4639
102,백령도,2020-11-08 12:00,8.5,,10.1,340,48,4768
102,백령도,2020-11-08 13:00,8.5,,9.7,340,48,4948
102,백령도,2020-11-08 14:00,8.8,,8.9,340,45,4963
102,백령도,2020-11-08 15:00,8.5,,8.5,340,45,4555
102,백령도,2020-11-08 16:00,8.2,,7.5,340,44,4614
102,백령도,2020-11-08 17:00,7.7,,7.5,340,43,4841
102,백령도,2020-11-08 18:00,7.7,,6.6,320,45,4771
102,백령도,2020-11-08 19:00,8,,7.5,340,34,4993
102,백령도,2020-11-08 20:00,8.5,,9.1,340,33,4999
102,백령도,2020-11-08 21:00,8.5,,8.9,340,31,4777
102,백령도,2020-11-08 22:00,8.7,,8.6,340,38,4827
102,백령도,2020-11-08 23:00,8.5,,8.8,340,35,4861
102,백령도,2020-11-09 00:00,8,,7.7,340,33,4982
102,백령도,2020-11-09 01:00,7.9,,7.8,360,31,4963
102,백령도,2020-11-09 02:00,7.9,,6.5,360,31,4978
102,백령도,2020-11-09 03:00,7.8,,6.8,360,33,4989
102,백령도,2020-11-09 04:00,7.7,,6.6,360,34,4942
102,백령도,2020-11-09 05:00,7.6,,5.6,340,35,4953
102,백령도,2020-11-09 06:00,7.6,,4.4,340,35,4997
102,백령도,2020-11-09 07:00,7.2,,2.8,340,38,5000
102,백령도,2020-11-09 08:00,7.8,,2.6,340,38,4966
102,백령도,2020-11-09 09:00,9.1,,1,320,35,4998
102,백령도,2020-11-09 10:00,9,,1.2,290,37,4999
102,백령도,2020-11-09 11:00,9.4,,1.4,160,40,2574
102,백령도,2020-11-09 12:00,10.4,,2.5,200,40,4906
102,백령도,2020-11-09 13:00,10.2,,3.1,270,57,3743
102,백령도,2020-11-09 14:00,9,,2.3,200,85,1383
102,백령도,2020-11-09 15:00,10.1,.4,3.8,180,84,3528
102,백령도,2020-11-09 16:00,10.8,,2.8,160,75,4402
102,백령도,2020-11-09 17:00,12.2,,6.3,290,49,2938
102,백령도,2020-11-09 18:00,11.3,,4.2,340,65,3590
102,백령도,2020-11-09 19:00,11,,4.9,340,50,4865
102,백령도,2020-11-09 20:00,9.9,,2,20,74,4298
102,백령도,2020-11-09 21:00,9.6,,1.9,20,68,4773
102,백령도,2020-11-09 22:00,9.1,,1.7,50,67,4959
102,백령도,2020-11-09 23:00,8.5,,2.1,50,68,4951
102,백령도,2020-11-10 00:00,8.8,,0,0,64,4979
102,백령도,2020-11-10 01:00,9,,0,0,64,4999
102,백령도,2020-11-10 02:00,8.4,,2.1,70,62,4976
102,백령도,2020-11-10 03:00,8.7,,1.6,70,56,4807
102,백령도,2020-11-10 04:00,8.2,,2,70,62,4804
102,백령도,2020-11-10 05:00,7.8,,1.5,90,69,4543
102,백령도,2020-11-10 06:00,8.5,,.3,0,64,4542
102,백령도,2020-11-10 07:00,7.5,,1,140,68,4416
102,백령도,2020-11-10 08:00,9.1,,0,0,60,4877
102,백령도,2020-11-10 09:00,10,,2.9,90,77,3547
102,백령도,2020-11-10 10:00,10.6,,2.3,110,65,3585
102,백령도,2020-11-10 11:00,11.6,,2.1,110,57,4147
102,백령도,2020-11-10 12:00,12.2,,1.6,110,52,3962
102,백령도,2020-11-10 13:00,12.6,,1.6,110,47,4289
102,백령도,2020-11-10 14:00,12.3,,.7,70,48,3838
102,백령도,2020-11-10 15:00,12.2,,1,90,50,3555
102,백령도,2020-11-10 16:00,11.6,,1.5,110,53,4431
102,백령도,2020-11-10 17:00,11.2,,.6,70,59,4661
102,백령도,2020-11-10 18:00,10.4,,0,0,66,2661
102,백령도,2020-11-10 19:00,10.6,,0,0,68,4791
102,백령도,2020-11-10 20:00,9.2,,0,0,69,4382
102,백령도,2020-11-10 21:00,11,,0,0,56,5000
102,백령도,2020-11-10 22:00,10.3,,0,0,58,4935
102,백령도,2020-11-10 23:00,10.7,,0,0,60,5000
102,백령도,2020-11-11 00:00,10.2,,0,0,66,4998
102,백령도,2020-11-11 01:00,9.8,,2,90,81,3992
102,백령도,2020-11-11 02:00,9.6,,0,0,90,2178
102,백령도,2020-11-11 03:00,9.7,,1.8,110,91,2331
102,백령도,2020-11-11 04:00,9.5,,1.8,90,90,2645
102,백령도,2020-11-11 05:00,9.4,,1.8,110,89,2768
102,백령도,2020-11-11 06:00,8.9,,2.2,90,90,2934
102,백령도,2020-11-11 07:00,9.2,,2.3,110,87,3550
102,백령도,2020-11-11 08:00,9.5,,2.3,110,85,3779
102,백령도,2020-11-11 09:00,11.4,,1.5,110,78,3267
102,백령도,2020-11-11 10:00,12.5,,3.2,110,72,4089
102,백령도,2020-11-11 11:00,14,,3.1,140,69,3594
102,백령도,2020-11-11 12:00,14.8,,2.7,160,63,4444
102,백령도,2020-11-11 13:00,14.9,,3.4,160,64,4323
102,백령도,2020-11-11 14:00,14.7,,3.5,180,65,4024
102,백령도,2020-11-11 15:00,14.8,,3.3,160,68,3744
102,백령도,2020-11-11 16:00,14.1,,3.3,160,72,3790
102,백령도,2020-11-11 17:00,13,,3.3,180,79,3243
102,백령도,2020-11-11 18:00,12.2,,3.5,160,86,2692
102,백령도,2020-11-11 19:00,11.7,,3.1,180,91,2157
102,백령도,2020-11-11 20:00,11.3,,2.5,180,93,1380
102,백령도,2020-11-11 21:00,11.3,,2.2,180,94,1687
102,백령도,2020-11-11 22:00,11.3,,2.4,180,95,1257
102,백령도,2020-11-11 23:00,11.6,,1.9,180,94,1255
102,백령도,2020-11-12 00:00,11.7,,1.3,160,94,1573
102,백령도,2020-11-12 01:00,11.4,,1.3,180,92,1811
102,백령도,2020-11-12 02:00,11.6,,1.2,160,90,3434
102,백령도,2020-11-12 03:00,11.8,,1.2,180,86,4045
102,백령도,2020-11-12 04:00,11.9,,1.3,180,87,4099
102,백령도,2020-11-12 05:00,12.2,,1.7,180,84,3882
102,백령도,2020-11-12 06:00,11.7,,1.4,180,84,4002
102,백령도,2020-11-12 07:00,11.6,,1.7,180,85,4083
102,백령도,2020-11-12 08:00,11.8,,1.7,180,88,3712
102,백령도,2020-11-12 09:00,13,,2.1,180,83,3552
102,백령도,2020-11-12 10:00,13.9,,3.6,180,75,3688
102,백령도,2020-11-12 11:00,14.7,,4.1,200,67,4495
102,백령도,2020-11-12 12:00,15.1,,4.7,200,64,4616
102,백령도,2020-11-12 13:00,15.7,,6.4,180,64,4511
102,백령도,2020-11-12 14:00,15.4,,5,200,64,4595
102,백령도,2020-11-12 15:00,15.4,,3.8,230,66,4519
102,백령도,2020-11-12 16:00,14.6,,4.5,180,74,3894
102,백령도,2020-11-12 17:00,14.3,,3.1,180,78,3333
102,백령도,2020-11-12 18:00,13.7,,1.8,200,82,3265
102,백령도,2020-11-12 19:00,13.7,,2.1,200,81,3627
102,백령도,2020-11-12 20:00,13.6,,2.1,200,84,3561
102,백령도,2020-11-12 21:00,13.3,,1.9,200,86,3173
102,백령도,2020-11-12 22:00,13.3,,1.5,200,88,2502
102,백령도,2020-11-12 23:00,13.2,,1.8,230,88,3268
102,백령도,2020-11-13 00:00,13.5,,1.6,200,89,3089
102,백령도,2020-11-13 01:00,13.9,,2.7,230,88,3747
102,백령도,2020-11-13 02:00,13.4,,2.3,230,91,3234
102,백령도,2020-11-13 03:00,13,,1.4,250,95,2276
102,백령도,2020-11-13 04:00,12.7,,1.5,290,96,1564
102,백령도,2020-11-13 05:00,13.4,,1.8,20,97,1423
102,백령도,2020-11-13 06:00,12.8,,.9,20,97,1032
102,백령도,2020-11-13 07:00,12.4,,1.8,70,99,505
102,백령도,2020-11-13 08:00,11.9,,1.6,50,100,431
102,백령도,2020-11-13 09:00,13.1,,.9,70,100,538
102,백령도,2020-11-13 10:00,13.9,,1.9,340,94,989
102,백령도,2020-11-13 11:00,14.7,,3.7,360,82,1265
102,백령도,2020-11-13 12:00,14.1,,6,340,82,1195
102,백령도,2020-11-13 13:00,14.3,,4.6,360,77,1327
102,백령도,2020-11-13 14:00,14.4,,4.4,340,75,1513
102,백령도,2020-11-13 15:00,14.3,,4.5,340,72,1518
102,백령도,2020-11-13 16:00,13.4,,5.8,340,71,1741
102,백령도,2020-11-13 17:00,12.4,,4.6,360,78,1557
102,백령도,2020-11-13 18:00,11.5,,2.4,360,73,2139
102,백령도,2020-11-13 19:00,11.5,,5,360,72,2673
102,백령도,2020-11-13 20:00,11.4,,3.4,360,70,3193
102,백령도,2020-11-13 21:00,10.9,,2.8,360,68,3226
102,백령도,2020-11-13 22:00,10.1,,2.4,340,68,3909
102,백령도,2020-11-13 23:00,10.9,,1.4,360,62,4401
102,백령도,2020-11-14 00:00,11,,1.4,50,64,4642
102,백령도,2020-11-14 01:00,10.5,,0,0,65,4420
102,백령도,2020-11-14 02:00,10.4,,1.7,70,68,1407
102,백령도,2020-11-14 03:00,9,,0,0,76,2375
102,백령도,2020-11-14 04:00,8.4,,0,0,80,2475
102,백령도,2020-11-14 05:00,10.1,,0,0,74,2588
102,백령도,2020-11-14 06:00,9.7,,0,0,76,1428
102,백령도,2020-11-14 07:00,8.7,,3,90,90,786
102,백령도,2020-11-14 08:00,9.7,,1,110,81,1709
102,백령도,2020-11-14 09:00,11.4,,1.5,90,69,3237
102,백령도,2020-11-14 10:00,12.7,,1.7,110,64,3137
102,백령도,2020-11-14 11:00,13.4,,2.1,180,49,3194
102,백령도,2020-11-14 12:00,14.4,,2.4,140,49,3138
102,백령도,2020-11-14 13:00,14.5,,2.6,180,42,3130
102,백령도,2020-11-14 14:00,13,,1.6,180,59,1479
102,백령도,2020-11-14 15:00,14.3,,.9,160,59,2097
102,백령도,2020-11-14 16:00,13.7,,2,160,58,2157
102,백령도,2020-11-14 17:00,12.5,,0,0,64,2403
102,백령도,2020-11-14 18:00,11.1,,0,0,74,1342
102,백령도,2020-11-14 19:00,10.5,,1.5,230,79,1947
102,백령도,2020-11-14 20:00,10.1,,.6,250,85,1687
102,백령도,2020-11-14 21:00,10.6,,0,0,83,1724
102,백령도,2020-11-14 22:00,10.3,,2,250,89,1037
102,백령도,2020-11-14 23:00,10.2,,0,0,92,634
102,백령도,2020-11-15 00:00,10.5,,0,0,95,663
102,백령도,2020-11-15 01:00,10.8,,0,0,95,668
102,백령도,2020-11-15 02:00,11.1,,0,0,93,611
102,백령도,2020-11-15 03:00,10.8,,1.1,160,90,848
102,백령도,2020-11-15 04:00,11.3,,.8,110,88,981
102,백령도,2020-11-15 05:00,10.8,,0,0,86,1415
102,백령도,2020-11-15 06:00,11.1,,0,0,86,1910
102,백령도,2020-11-15 07:00,10.6,,1.2,90,92,1157
102,백령도,2020-11-15 08:00,10.6,,2.1,110,98,232
102,백령도,2020-11-15 09:00,11.7,,1.3,90,96,354
102,백령도,2020-11-15 10:00,13.2,,2.2,90,88,743
102,백령도,2020-11-15 11:00,14,,3.1,200,71,3625
102,백령도,2020-11-15 12:00,14.8,,4,180,63,4606
102,백령도,2020-11-15 13:00,15.1,,3.8,180,61,4357
102,백령도,2020-11-15 14:00,15.2,,2.9,180,56,4872
102,백령도,2020-11-15 15:00,15.2,,2,200,60,4832
102,백령도,2020-11-15 16:00,14.2,,2.9,180,68,2723
102,백령도,2020-11-15 17:00,13.3,,1.5,200,73,3210
102,백령도,2020-11-15 18:00,12.5,,1,180,79,3001
102,백령도,2020-11-15 19:00,12,,0,0,83,3383
102,백령도,2020-11-15 20:00,11.2,,1.2,180,90,2444
102,백령도,2020-11-15 21:00,11.5,,1.3,180,93,1358
102,백령도,2020-11-15 22:00,11.5,,1,180,94,1108
102,백령도,2020-11-15 23:00,11.3,,0,0,95,902
102,백령도,2020-11-16 00:00,11,,0,0,95,774
102,백령도,2020-11-16 01:00,11.4,,.5,160,97,1113
102,백령도,2020-11-16 02:00,11.4,,.9,140,99,528
102,백령도,2020-11-16 03:00,11.1,,0,0,99,415
102,백령도,2020-11-16 04:00,10.9,,1.2,200,100,404
102,백령도,2020-11-16 05:00,11.2,,1.1,20,94,3134
102,백령도,2020-11-16 06:00,10.9,,0,0,96,1852
102,백령도,2020-11-16 07:00,11,,1.4,50,99,465
102,백령도,2020-11-16 08:00,10.8,,0,0,100,343
102,백령도,2020-11-16 09:00,11.1,,.8,320,100,171
102,백령도,2020-11-16 10:00,13.2,,1,320,99,943
102,백령도,2020-11-16 11:00,14.2,,1.8,340,84,3943
102,백령도,2020-11-16 12:00,15,,2.7,360,82,4676
102,백령도,2020-11-16 13:00,14.7,,3.8,320,83,4485
102,백령도,2020-11-16 14:00,15.6,,2.7,320,80,3390
102,백령도,2020-11-16 15:00,15,,3.6,290,85,3740
102,백령도,2020-11-16 16:00,14.5,,4,320,87,2429
102,백령도,2020-11-16 17:00,14,,2.7,340,91,1580
102,백령도,2020-11-16 18:00,13.2,,2.5,360,94,1123
102,백령도,2020-11-16 19:00,13,,2.3,360,96,845
102,백령도,2020-11-16 20:00,13.4,,2,20,92,936
102,백령도,2020-11-16 21:00,12,,.2,0,93,656
102,백령도,2020-11-16 22:00,12.5,,1.9,70,92,672
102,백령도,2020-11-16 23:00,11.9,,1.5,90,94,472
102,백령도,2020-11-17 00:00,12.1,,1.7,90,94,422
102,백령도,2020-11-17 01:00,11.8,,2.4,110,94,412
102,백령도,2020-11-17 02:00,11.7,,2.4,110,92,469
102,백령도,2020-11-17 03:00,12,,3,110,88,631
102,백령도,2020-11-17 04:00,11.8,,3.4,140,79,858
102,백령도,2020-11-17 05:00,12.4,,5.1,140,78,892
102,백령도,2020-11-17 06:00,12.6,,5.1,140,86,581
102,백령도,2020-11-17 07:00,12.4,,4,140,91,492
102,백령도,2020-11-17 08:00,13.1,,3.9,140,89,513
102,백령도,2020-11-17 09:00,13.3,,4.3,110,90,557
102,백령도,2020-11-17 10:00,13.7,,5.2,140,89,587
102,백령도,2020-11-17 11:00,14.6,,4.5,140,86,663
102,백령도,2020-11-17 12:00,15.3,,5,140,79,847
102,백령도,2020-11-17 13:00,15.6,,4.9,140,79,815
102,백령도,2020-11-17 14:00,16.2,,2.9,160,73,870
102,백령도,2020-11-17 15:00,15,,4,160,80,762
102,백령도,2020-11-17 16:00,15,,3.6,160,84,735
102,백령도,2020-11-17 17:00,14.7,,3.2,160,91,599
102,백령도,2020-11-17 18:00,14.8,,1.1,200,94,511
102,백령도,2020-11-17 19:00,15,,2.3,160,96,466
102,백령도,2020-11-17 20:00,14.5,,4.2,160,96,402
102,백령도,2020-11-17 21:00,14.7,,4.7,160,97,375
102,백령도,2020-11-17 22:00,14.4,,6.1,140,96,388
102,백령도,2020-11-17 23:00,14.5,,4,140,96,429
102,백령도,2020-11-18 00:00,14.3,0,3.8,110,95,416
102,백령도,2020-11-18 01:00,14.5,,3.4,110,97,416
102,백령도,2020-11-18 02:00,14.5,,4,110,97,366
102,백령도,2020-11-18 03:00,14.9,2.6,4.9,140,100,94
102,백령도,2020-11-18 04:00,14.8,,3.8,140,100,39
102,백령도,2020-11-18 05:00,15.8,,5,160,100,52
102,백령도,2020-11-18 06:00,15.9,.1,6.5,160,100,227
102,백령도,2020-11-18 07:00,16,,8.6,160,100,482
102,백령도,2020-11-18 08:00,16.1,,10.3,160,100,620
102,백령도,2020-11-18 09:00,16.2,.4,9.7,160,100,834
102,백령도,2020-11-18 10:00,16.3,,8.6,160,98,946
102,백령도,2020-11-18 11:00,16.1,,10,160,99,509
102,백령도,2020-11-18 12:00,15.8,4.2,10.1,160,99,338
102,백령도,2020-11-18 13:00,16.3,,10.5,160,99,306
102,백령도,2020-11-18 14:00,16.1,,8.9,160,100,508
102,백령도,2020-11-18 15:00,16.1,8.5,10,160,100,641
102,백령도,2020-11-18 16:00,16,,9.3,160,100,847
102,백령도,2020-11-18 17:00,16.2,,10,160,100,825
102,백령도,2020-11-18 18:00,16.6,.5,12.4,160,98,990
102,백령도,2020-11-18 19:00,16.9,,13.3,160,97,980
102,백령도,2020-11-18 20:00,16.5,,9.9,160,97,1104
102,백령도,2020-11-18 21:00,16.8,0,13.6,160,97,1323
102,백령도,2020-11-18 22:00,18.4,,15.5,160,96,1739
102,백령도,2020-11-18 23:00,18.5,,13.1,180,96,1494
102,백령도,2020-11-19 00:00,18.4,0,10.9,180,97,1302
102,백령도,2020-11-19 01:00,18.8,,13.6,200,98,238
102,백령도,2020-11-19 02:00,18.3,,10.7,200,99,824
102,백령도,2020-11-19 03:00,18.1,13.7,10.4,230,100,570
102,백령도,2020-11-19 04:00,17.6,,8.2,230,100,878
102,백령도,2020-11-19 05:00,16.9,,6.4,230,100,703
102,백령도,2020-11-19 06:00,14.7,4.3,4.1,270,99,563
102,백령도,2020-11-19 07:00,13.5,,5.6,290,98,558
102,백령도,2020-11-19 08:00,12.1,,6.9,290,99,991
102,백령도,2020-11-19 09:00,10.4,0,8.1,290,95,2997
102,백령도,2020-11-19 10:00,9.6,,8.3,290,93,2623
102,백령도,2020-11-19 11:00,9.1,,9.4,290,91,2943
102,백령도,2020-11-19 12:00,8.8,,8.5,290,89,3320
102,백령도,2020-11-19 13:00,8.6,,9.5,290,85,3437
102,백령도,2020-11-19 14:00,8,,8.7,290,85,3210
102,백령도,2020-11-19 15:00,7.8,,9.2,290,87,3007
102,백령도,2020-11-19 16:00,7,,9.5,320,83,3843
102,백령도,2020-11-19 17:00,6.7,,10.7,290,81,3883
102,백령도,2020-11-19 18:00,6.2,,9.2,320,84,3836
102,백령도,2020-11-19 19:00,5.1,,9.5,320,89,2836
102,백령도,2020-11-19 20:00,4.9,,8.9,290,85,3797
102,백령도,2020-11-19 21:00,4.7,,9.3,320,84,3719
102,백령도,2020-11-19 22:00,4,,8.8,320,81,3574
102,백령도,2020-11-19 23:00,4.2,,6.9,320,85,2989
102,백령도,2020-11-20 00:00,3.8,,7.8,320,78,3761
102,백령도,2020-11-20 01:00,3.6,,8.6,320,80,3650
102,백령도,2020-11-20 02:00,3.3,,8.1,320,81,3282
102,백령도,2020-11-20 03:00,3.2,,9.4,340,80,3386
102,백령도,2020-11-20 04:00,3.3,,7.9,320,79,3386
102,백령도,2020-11-20 05:00,3.4,,8.9,340,78,3426
102,백령도,2020-11-20 06:00,3.3,,7.9,320,77,3638
102,백령도,2020-11-20 07:00,3.4,,9.6,340,77,3748
102,백령도,2020-11-20 08:00,3.4,,8.2,340,79,3565
102,백령도,2020-11-20 09:00,3.3,,9.5,340,80,3147
102,백령도,2020-11-20 10:00,3.2,,9,340,79,3769
102,백령도,2020-11-20 11:00,3.3,,8.4,340,77,4122
102,백령도,2020-11-20 12:00,3.4,0,10.8,340,73,4386
102,백령도,2020-11-20 13:00,3.4,,10.3,340,76,4307
102,백령도,2020-11-20 14:00,3.6,,8.3,340,77,4308
102,백령도,2020-11-20 15:00,3.4,,10.1,340,78,3851
102,백령도,2020-11-20 16:00,3.6,,8.4,340,76,3674
102,백령도,2020-11-20 17:00,4.2,,8.9,340,77,3642
102,백령도,2020-11-20 18:00,4.4,,8.9,340,72,3977
102,백령도,2020-11-20 19:00,4.6,,7,360,72,4461
102,백령도,2020-11-20 20:00,4.4,,3,360,71,4635
102,백령도,2020-11-20 21:00,4.3,,3.8,360,72,4740
102,백령도,2020-11-20 22:00,4.5,,3.3,360,72,4926
102,백령도,2020-11-20 23:00,5.2,,4,340,74,4925
102,백령도,2020-11-21 00:00,4.8,,2,20,74,4865
102,백령도,2020-11-21 01:00,3.9,,2,70,80,4408
102,백령도,2020-11-21 02:00,4.2,,3.8,70,77,4639
102,백령도,2020-11-21 03:00,4,,4,70,78,4686
102,백령도,2020-11-21 04:00,3.4,,3.6,70,77,4418
102,백령도,2020-11-21 05:00,3.4,,3.3,70,79,4284
102,백령도,2020-11-21 06:00,2.9,,2,90,82,3999
102,백령도,2020-11-21 07:00,2.9,,2.9,110,79,4273
102,백령도,2020-11-21 08:00,3.2,,2.7,110,66,4420
102,백령도,2020-11-21 09:00,4.4,,2.1,110,68,4369
102,백령도,2020-11-21 10:00,5.6,,3.5,140,70,3297
102,백령도,2020-11-21 11:00,6,,4.2,110,66,3134
102,백령도,2020-11-21 12:00,6.7,,2.8,140,64,3427
102,백령도,2020-11-21 13:00,6.2,,.7,50,64,3278
102,백령도,2020-11-21 14:00,6,,2.2,90,66,3380
102,백령도,2020-11-21 15:00,6.5,,.8,200,69,3099
102,백령도,2020-11-21 16:00,6.7,,0,0,69,2977
102,백령도,2020-11-21 17:00,6.6,,0,0,74,2584
102,백령도,2020-11-21 18:00,6.1,,0,0,82,2041
102,백령도,2020-11-21 19:00,6.7,,2.1,230,80,2185
102,백령도,2020-11-21 20:00,6.6,,0,0,84,1814
102,백령도,2020-11-21 21:00,6.5,0,1.8,270,89,1963
102,백령도,2020-11-21 22:00,7,,1.3,250,77,3519
102,백령도,2020-11-21 23:00,7.1,,2.4,270,73,4399
102,백령도,2020-11-22 00:00,7.8,,3.4,320,72,4405
102,백령도,2020-11-22 01:00,8.2,,3,290,73,4238
102,백령도,2020-11-22 02:00,8.9,,5,320,78,4020
102,백령도,2020-11-22 03:00,8.3,,8.8,340,75,2707
102,백령도,2020-11-22 04:00,7.8,,6.1,340,71,2331
102,백령도,2020-11-22 05:00,7.3,,7.2,340,67,2340
102,백령도,2020-11-22 06:00,7.2,,4.1,320,69,2431
102,백령도,2020-11-22 07:00,6.9,,5.2,340,66,2383
102,백령도,2020-11-22 08:00,6.8,,6.8,320,69,2226
102,백령도,2020-11-22 09:00,6.3,,5.5,320,70,2288
102,백령도,2020-11-22 10:00,6,,7.7,320,73,2355
102,백령도,2020-11-22 11:00,5.9,,7.4,320,72,2795
102,백령도,2020-11-22 12:00,5.4,,7.9,320,74,3317
102,백령도,2020-11-22 13:00,5,,8.9,320,75,3686
102,백령도,2020-11-22 14:00,4.5,,8.4,320,69,3888
102,백령도,2020-11-22 15:00,4.2,,9.3,320,67,4065
102,백령도,2020-11-22 16:00,4.5,,8.5,320,61,3846
102,백령도,2020-11-22 17:00,3.8,,9.5,320,62,4080
102,백령도,2020-11-22 18:00,3.7,,8,340,62,4511
102,백령도,2020-11-22 19:00,3.5,,9.1,320,61,4131
102,백령도,2020-11-22 20:00,3.5,,8.3,340,65,3763
102,백령도,2020-11-22 21:00,3.1,,10.6,340,62,3497
102,백령도,2020-11-22 22:00,3.3,,8.1,340,62,3837
102,백령도,2020-11-22 23:00,3.3,,10.2,340,66,3473
102,백령도,2020-11-23 00:00,2.9,,10.9,340,63,3734
102,백령도,2020-11-23 01:00,2.9,,10.8,340,60,3888
102,백령도,2020-11-23 02:00,2.9,,9.5,340,64,3852
102,백령도,2020-11-23 03:00,3,,10.4,340,58,4311
102,백령도,2020-11-23 04:00,3.1,,11.2,340,55,4481
102,백령도,2020-11-23 05:00,3.1,,10,340,62,4328
102,백령도,2020-11-23 06:00,3,,9.9,340,56,4926
102,백령도,2020-11-23 07:00,2.7,,9.3,340,62,4875
102,백령도,2020-11-23 08:00,2.8,,8.6,360,59,4921
102,백령도,2020-11-23 09:00,3.5,,9,340,61,4813
102,백령도,2020-11-23 10:00,3.6,,9.8,340,55,4946
102,백령도,2020-11-23 11:00,4.1,,7.6,340,53,4959
102,백령도,2020-11-23 12:00,4.5,,6.7,340,52,4967
102,백령도,2020-11-23 13:00,4.7,,6,340,53,5000
102,백령도,2020-11-23 14:00,5.5,,5.5,320,50,4998
102,백령도,2020-11-23 15:00,5.3,,6.8,340,55,4977
102,백령도,2020-11-23 16:00,5.1,,5.6,340,54,5000
102,백령도,2020-11-23 17:00,4.6,,5.6,340,58,5000
102,백령도,2020-11-23 18:00,4.8,,3.1,320,62,4998
102,백령도,2020-11-23 19:00,5,,3.6,340,65,4992
102,백령도,2020-11-23 20:00,5.4,,3.5,320,60,5000
102,백령도,2020-11-23 21:00,5.5,,3.2,340,61,5000
102,백령도,2020-11-23 22:00,5.9,,2.9,340,60,4985
102,백령도,2020-11-23 23:00,6.2,,3.2,320,57,5000
102,백령도,2020-11-24 00:00,5.8,,.3,0,69,4858
102,백령도,2020-11-24 01:00,5.8,,1.9,20,69,4993
102,백령도,2020-11-24 02:00,5.2,,2.8,70,76,4944
102,백령도,2020-11-24 03:00,4.9,,3.2,50,72,4904
102,백령도,2020-11-24 04:00,4.4,,2,70,68,4845
102,백령도,2020-11-24 05:00,4.7,,2.6,70,66,4760
102,백령도,2020-11-24 06:00,4.8,,2,70,65,4666
102,백령도,2020-11-24 07:00,4.9,,0,0,65,4472
102,백령도,2020-11-24 08:00,5.2,,1.4,70,67,3822
102,백령도,2020-11-24 09:00,6.2,,1.5,70,62,1437
102,백령도,2020-11-24 10:00,6.8,,1.8,90,59,3923
102,백령도,2020-11-24 11:00,7.3,,1.1,110,59,4112
102,백령도,2020-11-24 12:00,7.5,,2.3,290,54,4295
102,백령도,2020-11-24 13:00,7.5,,1.1,250,54,4434
102,백령도,2020-11-24 14:00,7.8,,2.3,320,55,4496
102,백령도,2020-11-24 15:00,8.2,,2.2,340,53,3731
102,백령도,2020-11-24 16:00,7.6,,2.7,340,57,3860
102,백령도,2020-11-24 17:00,7.1,,2.6,360,63,3777
102,백령도,2020-11-24 18:00,6.2,,1.4,20,65,3997
102,백령도,2020-11-24 19:00,6,,1.3,50,67,4271
102,백령도,2020-11-24 20:00,5.9,,2.3,70,66,4324
102,백령도,2020-11-24 21:00,6,,1.6,70,64,4434
102,백령도,2020-11-24 22:00,5.6,,1.8,70,67,4121
102,백령도,2020-11-24 23:00,5.5,,0,0,66,3886
102,백령도,2020-11-25 00:00,5.6,,1.5,140,70,3563
102,백령도,2020-11-25 01:00,5.5,,2,140,70,3826
102,백령도,2020-11-25 02:00,5.5,,0,0,71,3772
102,백령도,2020-11-25 03:00,5.9,,1.9,140,71,3701
102,백령도,2020-11-25 04:00,6.1,,1.5,110,70,3689
102,백령도,2020-11-25 05:00,6.1,,2,140,73,3557
102,백령도,2020-11-25 06:00,5.5,,2.2,140,77,3092
102,백령도,2020-11-25 07:00,5.8,,2.2,160,81,2752
102,백령도,2020-11-25 08:00,7,,1.3,200,80,3025
102,백령도,2020-11-25 09:00,8.2,,1.4,180,72,2728
102,백령도,2020-11-25 10:00,10,,4.4,270,56,2514
102,백령도,2020-11-25 11:00,10.3,,5.5,270,53,2362
102,백령도,2020-11-25 12:00,10.5,,5.5,290,52,2576
102,백령도,2020-11-25 13:00,11.1,,5.4,290,52,2588
102,백령도,2020-11-25 14:00,10.3,,5.8,290,46,2921
102,백령도,2020-11-25 15:00,10.5,,5.1,320,51,1951
102,백령도,2020-11-25 16:00,10.2,,4.3,320,54,1295
102,백령도,2020-11-25 17:00,9.8,,5.1,340,64,1153
102,백령도,2020-11-25 18:00,8.7,,2.7,70,74,1686
102,백령도,2020-11-25 19:00,8.3,,1.5,70,74,1425
102,백령도,2020-11-25 20:00,8.3,,2.1,70,71,1551
102,백령도,2020-11-25 21:00,7.9,,2.2,70,77,1361
102,백령도,2020-11-25 22:00,7.4,,1.1,70,78,1358
102,백령도,2020-11-25 23:00,6.3,,.5,90,77,1268
102,백령도,2020-11-26 00:00,7.2,,0,0,76,1304
102,백령도,2020-11-26 01:00,7.8,,1.5,360,74,1268
102,백령도,2020-11-26 02:00,7.6,,3.1,360,65,1789
102,백령도,2020-11-26 03:00,7.1,,2.5,20,71,1445
102,백령도,2020-11-26 04:00,7.2,,2.8,360,68,1604
102,백령도,2020-11-26 05:00,7.1,,4.4,360,69,1461
102,백령도,2020-11-26 06:00,6.9,,5.4,360,65,1960
102,백령도,2020-11-26 07:00,6.7,,3.6,360,64,2231
102,백령도,2020-11-26 08:00,6.2,,2,50,67,1766
102,백령도,2020-11-26 09:00,6.8,,.9,50,65,1755
102,백령도,2020-11-26 10:00,7,,2.2,20,62,1934
102,백령도,2020-11-26 11:00,7.3,,2.2,20,61,1973
102,백령도,2020-11-26 12:00,7.8,,4.1,340,62,2210
102,백령도,2020-11-26 13:00,8,,5,340,64,2475
102,백령도,2020-11-26 14:00,7.9,,6.7,340,59,3227
102,백령도,2020-11-26 15:00,7.6,,7,340,60,3567
102,백령도,2020-11-26 16:00,7.4,,6.3,340,63,4085
102,백령도,2020-11-26 17:00,6.5,,5.5,340,65,3933
102,백령도,2020-11-26 18:00,6.1,,4.6,340,65,4385
102,백령도,2020-11-26 19:00,6.1,,5.7,340,62,4479
102,백령도,2020-11-26 20:00,6.3,,5.2,340,60,4374
102,백령도,2020-11-26 21:00,6.3,,5.2,340,60,4408
102,백령도,2020-11-26 22:00,6,,4.5,340,59,4540
102,백령도,2020-11-26 23:00,6.2,,3.3,320,57,4706
102,백령도,2020-11-27 00:00,6.7,,4.9,320,52,4842
102,백령도,2020-11-27 01:00,6.9,,4.9,320,48,4992
102,백령도,2020-11-27 02:00,6.8,,6.1,340,55,3145
102,백령도,2020-11-27 03:00,6.4,,5.7,340,57,3297
102,백령도,2020-11-27 04:00,6.1,,7.2,320,54,3811
102,백령도,2020-11-27 05:00,6.1,,6.9,320,57,3140
102,백령도,2020-11-27 06:00,5.8,,6.5,320,61,2475
102,백령도,2020-11-27 07:00,5.4,,7.7,320,59,2459
102,백령도,2020-11-27 08:00,5,,9.3,320,57,2654
102,백령도,2020-11-27 09:00,4.7,,8.4,320,58,2964
102,백령도,2020-11-27 10:00,4.7,,8.3,320,59,2535
102,백령도,2020-11-27 11:00,4.7,,8.4,340,57,2275
102,백령도,2020-11-27 12:00,4.6,,9.9,340,57,2471
102,백령도,2020-11-27 13:00,4.3,,9.8,320,52,2493
102,백령도,2020-11-27 14:00,4.5,,9.3,320,58,2459
102,백령도,2020-11-27 15:00,4.1,,9.9,320,55,2791
102,백령도,2020-11-27 16:00,3.8,,10.7,340,55,3113
102,백령도,2020-11-27 17:00,3.9,,10.1,340,53,3755
102,백령도,2020-11-27 18:00,3.7,,10.7,340,52,4104
102,백령도,2020-11-27 19:00,3.7,,10.2,340,54,3945
102,백령도,2020-11-27 20:00,3.5,,8.4,320,55,3638
102,백령도,2020-11-27 21:00,3.1,,8.3,340,53,3805
102,백령도,2020-11-27 22:00,2.7,,8.9,340,55,3752
102,백령도,2020-11-27 23:00,2.3,,10.9,340,57,3602
102,백령도,2020-11-28 00:00,2.1,,8.4,340,59,3619
102,백령도,2020-11-28 01:00,1.8,,11.4,340,52,3861
102,백령도,2020-11-28 02:00,1.9,,12.7,340,54,4260
102,백령도,2020-11-28 03:00,1.8,,14,340,61,4428
102,백령도,2020-11-28 04:00,2.1,,13.4,340,61,4123
102,백령도,2020-11-28 05:00,1.9,,11.9,340,53,4374
102,백령도,2020-11-28 06:00,1.8,,10.4,340,54,4940
102,백령도,2020-11-28 07:00,1.5,,9.8,340,58,4754
102,백령도,2020-11-28 08:00,1.5,,10,340,52,4881
102,백령도,2020-11-28 09:00,1.4,,9.3,340,53,4932
102,백령도,2020-11-28 10:00,1.4,,9.3,340,57,4834
102,백령도,2020-11-28 11:00,1.6,,9.2,340,56,4659
102,백령도,2020-11-28 12:00,1.1,,9.3,340,54,4711
102,백령도,2020-11-28 13:00,.9,,8.4,340,58,4777
102,백령도,2020-11-28 14:00,.9,,9.3,340,52,4965
102,백령도,2020-11-28 15:00,.7,0,7.4,340,56,4913
102,백령도,2020-11-28 16:00,1,,7.4,340,59,4800
102,백령도,2020-11-28 17:00,1.1,,6.4,340,57,4781
102,백령도,2020-11-28 18:00,1.5,,5.9,340,59,4754
102,백령도,2020-11-28 19:00,1.7,,7.1,340,57,4836
102,백령도,2020-11-28 20:00,2.1,,5.7,340,56,4933
102,백령도,2020-11-28 21:00,2.2,,6.3,340,56,4903
102,백령도,2020-11-28 22:00,2.4,,4.6,340,53,4893
102,백령도,2020-11-28 23:00,2.5,,3.5,320,55,4704
102,백령도,2020-11-29 00:00,2.7,,4,320,55,4630
102,백령도,2020-11-29 01:00,2.9,,3.5,320,55,4915
102,백령도,2020-11-29 02:00,2.9,,3.5,320,54,4964
102,백령도,2020-11-29 03:00,2.8,,3.8,270,48,4997
102,백령도,2020-11-29 04:00,3.1,,4.7,290,52,4947
102,백령도,2020-11-29 05:00,3,,3.8,290,53,4759
102,백령도,2020-11-29 06:00,3,0,6.5,320,62,3247
102,백령도,2020-11-29 07:00,2.6,,7,320,55,4482
102,백령도,2020-11-29 08:00,2.1,,7.5,290,57,4969
102,백령도,2020-11-29 09:00,2,0,7.6,320,55,4808
102,백령도,2020-11-29 10:00,2.4,,7.6,320,56,4795
102,백령도,2020-11-29 11:00,2.8,,7.9,320,53,4910
102,백령도,2020-11-29 12:00,2.6,,7.7,320,51,4942
102,백령도,2020-11-29 13:00,2.8,,7.1,320,52,4958
102,백령도,2020-11-29 14:00,2.5,,7.1,320,50,4870
102,백령도,2020-11-29 15:00,2.4,,7.5,340,54,5000
102,백령도,2020-11-29 16:00,2.6,,6,340,56,4991
102,백령도,2020-11-29 17:00,2.9,,6.8,320,48,4998
102,백령도,2020-11-29 18:00,3.2,,6.9,320,49,4987
102,백령도,2020-11-29 19:00,3.3,,6.1,320,48,4945
102,백령도,2020-11-29 20:00,3.7,,6.4,320,48,4689
102,백령도,2020-11-29 21:00,4,,7.3,320,47,4272
102,백령도,2020-11-29 22:00,3.7,,6.3,320,47,4972
102,백령도,2020-11-29 23:00,3.6,,6.5,320,49,4608
102,백령도,2020-11-30 00:00,3.6,,5.8,320,50,4539
102,백령도,2020-11-30 01:00,3.4,,6,320,52,4447
102,백령도,2020-11-30 02:00,3.6,,5.8,320,55,4070
102,백령도,2020-11-30 03:00,3.1,,5.6,340,55,2703
102,백령도,2020-11-30 04:00,2.6,,5.4,340,56,3279
102,백령도,2020-11-30 05:00,2.4,,5.9,320,56,3701
102,백령도,2020-11-30 06:00,2.3,,5.7,340,57,3684
102,백령도,2020-11-30 07:00,2.2,,4.8,340,58,4085
102,백령도,2020-11-30 08:00,2.2,,6,340,57,4242
102,백령도,2020-11-30 09:00,2.5,,6.1,340,56,4618
102,백령도,2020-11-30 10:00,2.7,,7.1,340,51,4932
102,백령도,2020-11-30 11:00,3.1,,6.3,340,52,4780
102,백령도,2020-11-30 12:00,4.2,,5.4,320,47,4876
102,백령도,2020-11-30 13:00,3.4,,7.4,340,50,4884
102,백령도,2020-11-30 14:00,3.6,,8,340,52,4664
102,백령도,2020-11-30 15:00,3,,7.9,340,52,4926
102,백령도,2020-11-30 16:00,2.6,,6.9,340,55,4760
102,백령도,2020-11-30 17:00,2.6,,6,340,53,4870
102,백령도,2020-11-30 18:00,2.5,,5.2,360,60,4793
102,백령도,2020-11-30 19:00,2.6,,5,360,59,4964
102,백령도,2020-11-30 20:00,2.8,,4.6,360,58,4983
102,백령도,2020-11-30 21:00,3,,4.9,360,58,4927
102,백령도,2020-11-30 22:00,3,,4.7,360,58,4784
102,백령도,2020-11-30 23:00,3.1,,4.9,360,56,4821
102,백령도,2020-12-01 00:00,2.9,,2,360,55,4763
102,백령도,2020-12-01 01:00,3.3,,4,360,55,4842
102,백령도,2020-12-01 02:00,3.5,,2.7,20,59,4354
102,백령도,2020-12-01 03:00,3.8,,4.8,340,55,4443
102,백령도,2020-12-01 04:00,3,,2.7,50,63,4024
102,백령도,2020-12-01 05:00,2.5,,2.7,50,64,3780
102,백령도,2020-12-01 06:00,2,,2.9,70,64,3733
102,백령도,2020-12-01 07:00,1.7,,2.7,50,64,3829
102,백령도,2020-12-01 08:00,1.9,,1.9,50,64,3768
102,백령도,2020-12-01 09:00,3.1,,2.6,70,59,3972
102,백령도,2020-12-01 10:00,3.8,,1.9,20,56,3871
102,백령도,2020-12-01 11:00,4.6,,1.5,340,57,4114
102,백령도,2020-12-01 12:00,4.9,,2.5,360,53,4241
102,백령도,2020-12-01 13:00,5.2,,2.4,360,52,3906
102,백령도,2020-12-01 14:00,4.4,,3.4,340,52,4468
102,백령도,2020-12-01 15:00,4.3,,3.2,340,57,4155
102,백령도,2020-12-01 16:00,3.9,,3.6,360,60,3886
102,백령도,2020-12-01 17:00,3.3,,3,360,64,3705
102,백령도,2020-12-01 18:00,3,,3,360,65,4088
102,백령도,2020-12-01 19:00,3,,3.6,360,65,4079
102,백령도,2020-12-01 20:00,3,,3.2,360,61,4577
102,백령도,2020-12-01 21:00,3.1,,2,360,64,4317
102,백령도,2020-12-01 22:00,3,,1.6,50,64,4584
102,백령도,2020-12-01 23:00,3.4,,1.9,50,61,4655
102,백령도,2020-12-02 00:00,3.5,,1.1,360,58,4931
102,백령도,2020-12-02 01:00,4,,3.6,360,56,4980
102,백령도,2020-12-02 02:00,3.7,,1.9,20,58,4779
102,백령도,2020-12-02 03:00,3.7,,2.2,50,58,4503
102,백령도,2020-12-02 04:00,3.3,,2.4,20,57,4574
102,백령도,2020-12-02 05:00,3.1,,2.9,50,57,4509
102,백령도,2020-12-02 06:00,2.9,,2.5,50,60,4118
102,백령도,2020-12-02 07:00,2.6,,2.8,50,56,4262
102,백령도,2020-12-02 08:00,2.7,,1.7,20,56,3775
102,백령도,2020-12-02 09:00,3.2,,2.2,50,58,3653
102,백령도,2020-12-02 10:00,3.9,,3,70,57,3361
102,백령도,2020-12-02 11:00,4.9,,2.3,20,53,3307
102,백령도,2020-12-02 12:00,5.1,,3.3,360,53,3110
102,백령도,2020-12-02 13:00,5.2,,5.7,340,48,3780
102,백령도,2020-12-02 14:00,5.4,,6.7,340,44,4592
102,백령도,2020-12-02 15:00,5.2,,6.3,340,46,4435
102,백령도,2020-12-02 16:00,5,,6.4,340,51,4007
102,백령도,2020-12-02 17:00,4.3,,5,360,55,4391
102,백령도,2020-12-02 18:00,3.9,,3.6,360,57,4357
102,백령도,2020-12-02 19:00,4.2,,3.8,360,58,3939
102,백령도,2020-12-02 20:00,4.4,,4,340,54,4131
102,백령도,2020-12-02 21:00,4.6,,4.1,340,52,3936
102,백령도,2020-12-02 22:00,4.6,,4.6,340,53,4247
102,백령도,2020-12-02 23:00,4.6,,5.2,340,55,3690
102,백령도,2020-12-03 00:00,4.7,,6,340,52,4384
102,백령도,2020-12-03 01:00,4.8,,6.6,340,52,3554
102,백령도,2020-12-03 02:00,4.9,,6.1,340,53,3254
102,백령도,2020-12-03 03:00,4.9,,7.2,340,58,2535
102,백령도,2020-12-03 04:00,3.8,,9.4,340,57,3317
102,백령도,2020-12-03 05:00,2.6,,8.9,340,57,3286
102,백령도,2020-12-03 06:00,2.3,,8.9,340,56,3594
102,백령도,2020-12-03 07:00,2.2,,8.8,340,59,3515
102,백령도,2020-12-03 08:00,2,,8.9,340,56,4591
102,백령도,2020-12-03 09:00,1.9,,8.1,340,53,4763
102,백령도,2020-12-03 10:00,2.3,,9.3,340,50,4690
102,백령도,2020-12-03 11:00,2,,9.2,340,57,4278
102,백령도,2020-12-03 12:00,2.2,,7.5,340,52,4446
102,백령도,2020-12-03 13:00,2.1,,8,340,56,4267
102,백령도,2020-12-03 14:00,1.7,,8.4,360,57,4597
102,백령도,2020-12-03 15:00,1.7,,8.5,340,58,4463
102,백령도,2020-12-03 16:00,1.6,,7.8,340,58,4618
102,백령도,2020-12-03 17:00,1.5,,6.9,340,61,4118
102,백령도,2020-12-03 18:00,1.7,,5.5,340,64,4177
102,백령도,2020-12-03 19:00,2,,4.6,340,63,4052
102,백령도,2020-12-03 20:00,2.1,,6.8,340,60,4176
102,백령도,2020-12-03 21:00,2.4,,6.5,320,58,4560
102,백령도,2020-12-03 22:00,2.5,,6.8,340,56,4688
102,백령도,2020-12-03 23:00,2.8,,7.7,340,54,4643
102,백령도,2020-12-04 00:00,2.9,,6.8,340,55,4530
102,백령도,2020-12-04 01:00,3.3,,6.6,340,58,4225
102,백령도,2020-12-04 02:00,3.2,,5.9,340,54,4033
102,백령도,2020-12-04 03:00,3.2,,5.8,360,58,3507
102,백령도,2020-12-04 04:00,3,,6.7,340,57,3199
102,백령도,2020-12-04 05:00,2.8,,6.3,340,57,3210
102,백령도,2020-12-04 06:00,2.7,,5.5,340,57,4336
102,백령도,2020-12-04 07:00,2.7,,3.6,340,54,3270
102,백령도,2020-12-04 08:00,2.6,,3.6,320,55,3542
102,백령도,2020-12-04 09:00,2.9,,4.4,320,50,3823
102,백령도,2020-12-04 10:00,3.9,,3.6,320,49,4324
102,백령도,2020-12-04 11:00,4,,4.2,320,46,4488
102,백령도,2020-12-04 12:00,3.9,,3.7,320,46,4697
102,백령도,2020-12-04 13:00,4.8,,3.6,320,45,4409
102,백령도,2020-12-04 14:00,5.1,,4.8,320,46,4418
102,백령도,2020-12-04 15:00,5,,3.8,290,43,4714
102,백령도,2020-12-04 16:00,4.2,,2.6,290,50,4833
102,백령도,2020-12-04 17:00,3.5,,2.2,270,61,4005
102,백령도,2020-12-04 18:00,3.2,0,.6,290,73,4142
102,백령도,2020-12-04 19:00,2.1,,.2,0,78,3588
102,백령도,2020-12-04 20:00,3.2,,2.3,270,70,4507
102,백령도,2020-12-04 21:00,4.3,0,2.9,290,65,4605
102,백령도,2020-12-04 22:00,4.2,,3.5,270,66,4637
102,백령도,2020-12-04 23:00,5.4,,5,320,51,4912
102,백령도,2020-12-05 00:00,4.5,.3,4.2,270,68,4372
102,백령도,2020-12-05 01:00,5.4,,4.9,290,52,4762
102,백령도,2020-12-05 02:00,5,,4.1,320,67,4266
102,백령도,2020-12-05 03:00,5.8,0,6.5,290,49,4772
102,백령도,2020-12-05 04:00,5.7,,5.9,320,50,4131
102,백령도,2020-12-05 05:00,5.3,,6.4,290,55,3627
102,백령도,2020-12-05 06:00,4.7,,5,290,49,4172
102,백령도,2020-12-05 07:00,4.5,,4.4,270,44,4426
102,백령도,2020-12-05 08:00,4.1,,5.1,290,54,3860
102,백령도,2020-12-05 09:00,4.9,,5.6,320,52,4088
102,백령도,2020-12-05 10:00,5.3,,5.8,320,53,3920
102,백령도,2020-12-05 11:00,6.2,,5.1,320,53,4073
102,백령도,2020-12-05 12:00,5.7,,4.9,290,56,4048
102,백령도,2020-12-05 13:00,6,,4.8,320,51,4253
102,백령도,2020-12-05 14:00,6.2,,4.1,320,54,4085
102,백령도,2020-12-05 15:00,5.6,,3.1,360,58,3764
102,백령도,2020-12-05 16:00,5.4,,1.9,320,58,4026
102,백령도,2020-12-05 17:00,5.6,,2.3,270,55,4400
102,백령도,2020-12-05 18:00,5.6,,2.2,250,57,4708
102,백령도,2020-12-05 19:00,5.6,,2.1,250,61,4673
102,백령도,2020-12-05 20:00,6,,4.5,270,52,4943
102,백령도,2020-12-05 21:00,5.9,0,4.2,290,45,4757
102,백령도,2020-12-05 22:00,6,,2.4,270,47,4785
102,백령도,2020-12-05 23:00,6,,2.2,270,52,4589
102,백령도,2020-12-06 00:00,6.3,,3.9,250,59,3776
102,백령도,2020-12-06 01:00,6,,3.8,250,52,3072
102,백령도,2020-12-06 02:00,5.7,,3.6,270,49,3242
102,백령도,2020-12-06 03:00,5.4,,1.9,250,49,2736
102,백령도,2020-12-06 04:00,5.6,,3.6,270,49,1654
102,백령도,2020-12-06 05:00,5.9,,3.1,250,54,1330
102,백령도,2020-12-06 06:00,5.8,,4.1,250,52,1476
102,백령도,2020-12-06 07:00,5.7,,3.9,250,51,1609
102,백령도,2020-12-06 08:00,5.1,,3.3,250,54,1372
102,백령도,2020-12-06 09:00,6.1,,3.5,250,53,1205
102,백령도,2020-12-06 10:00,7.1,,3.4,250,52,1083
102,백령도,2020-12-06 11:00,7.3,,4.1,250,52,930
102,백령도,2020-12-06 12:00,7.7,,4.7,250,53,829
102,백령도,2020-12-06 13:00,8.1,,5.9,250,51,705
102,백령도,2020-12-06 14:00,8.6,,5.8,250,41,1325
102,백령도,2020-12-06 15:00,8.3,,4.7,250,35,1906
102,백령도,2020-12-06 16:00,7.9,,5.6,270,50,1595
102,백령도,2020-12-06 17:00,7.5,,3.8,270,49,1453
102,백령도,2020-12-06 18:00,7.2,,4.8,270,46,1515
102,백령도,2020-12-06 19:00,7.2,,4,270,50,916
102,백령도,2020-12-06 20:00,7.6,,4.2,270,55,791
102,백령도,2020-12-06 21:00,7.9,0,4.6,290,62,646
102,백령도,2020-12-06 22:00,7.7,,6.2,320,74,829
102,백령도,2020-12-06 23:00,7.6,,6.5,320,71,740
102,백령도,2020-12-07 00:00,6.9,.1,4.4,320,60,1292
102,백령도,2020-12-07 01:00,6.8,,4.9,340,50,1686
102,백령도,2020-12-07 02:00,6.6,,7.2,340,53,1753
102,백령도,2020-12-07 03:00,6.4,,6.1,340,54,1720
102,백령도,2020-12-07 04:00,6.3,,6.9,340,55,1689
102,백령도,2020-12-07 05:00,5.8,,6.5,360,57,1478
102,백령도,2020-12-07 06:00,5.4,,5.4,360,55,1695
102,백령도,2020-12-07 07:00,4.6,,4.3,360,62,1387
102,백령도,2020-12-07 08:00,4.1,,4.3,360,60,1418
102,백령도,2020-12-07 09:00,4.3,,5.3,340,56,1493
102,백령도,2020-12-07 10:00,4.1,,4.9,360,56,1729
102,백령도,2020-12-07 11:00,5,,6.7,340,48,2584
102,백령도,2020-12-07 12:00,4.5,,6.7,340,54,2132
102,백령도,2020-12-07 13:00,4.2,,7.2,340,54,2815
102,백령도,2020-12-07 14:00,3.7,,8.1,340,54,2501
102,백령도,2020-12-07 15:00,3.7,,5.9,340,56,2526
102,백령도,2020-12-07 16:00,2.9,,5.8,340,62,2399
102,백령도,2020-12-07 17:00,2.8,,6.6,320,60,2402
102,백령도,2020-12-07 18:00,2.9,0,7.4,320,57,2478
102,백령도,2020-12-07 19:00,3,,7,320,54,2838
102,백령도,2020-12-07 20:00,2.9,,7.3,320,54,3583
102,백령도,2020-12-07 21:00,2.8,0,7.7,320,49,3640
102,백령도,2020-12-07 22:00,2.6,,6.8,340,48,4254
102,백령도,2020-12-07 23:00,2.3,,4.4,320,48,4919
102,백령도,2020-12-08 00:00,2.4,0,4.8,320,45,4792
102,백령도,2020-12-08 01:00,2.4,,4.3,320,50,4852
102,백령도,2020-12-08 02:00,2.2,,5.2,340,52,4456
102,백령도,2020-12-08 03:00,1.8,,6.6,340,55,4104
102,백령도,2020-12-08 04:00,1.4,,5.2,340,53,3846
102,백령도,2020-12-08 05:00,1.2,,4.5,340,54,3916
102,백령도,2020-12-08 06:00,1.3,,4.3,340,54,3899
102,백령도,2020-12-08 07:00,1.1,,5.5,340,54,4230
102,백령도,2020-12-08 08:00,1,,4.5,340,57,4654
102,백령도,2020-12-08 09:00,1.2,,5.5,360,54,4772
102,백령도,2020-12-08 10:00,2.2,,5.3,360,53,4524
102,백령도,2020-12-08 11:00,2.4,,5.3,360,52,4600
102,백령도,2020-12-08 12:00,2.6,,6.5,340,51,4693
102,백령도,2020-12-08 13:00,2.9,,5.7,360,47,4639
102,백령도,2020-12-08 14:00,2.5,,4.6,340,48,4855
102,백령도,2020-12-08 15:00,3.1,,4.6,340,47,4560
102,백령도,2020-12-08 16:00,3,,3.7,340,48,4844
102,백령도,2020-12-08 17:00,2.1,,4,340,53,4678
102,백령도,2020-12-08 18:00,1.5,,1.2,290,59,4452
102,백령도,2020-12-08 19:00,1.3,,1.1,290,60,4507
102,백령도,2020-12-08 20:00,1.4,,1.6,270,59,4769
102,백령도,2020-12-08 21:00,1.2,,.2,0,61,4754
102,백령도,2020-12-08 22:00,1.3,,0,0,62,4709
102,백령도,2020-12-08 23:00,.5,,0,0,64,4688
102,백령도,2020-12-09 00:00,1.2,,.6,200,62,4795
102,백령도,2020-12-09 01:00,1.8,,0,0,62,4740
102,백령도,2020-12-09 02:00,2.5,,0,0,61,4573
102,백령도,2020-12-09 03:00,3.5,,2.1,250,66,4461
102,백령도,2020-12-09 04:00,4.1,,2,230,63,4545
102,백령도,2020-12-09 05:00,4.8,,3.9,270,58,4566
102,백령도,2020-12-09 06:00,4.6,,3.1,250,61,3883
102,백령도,2020-12-09 07:00,4.6,,2.3,250,61,3447
102,백령도,2020-12-09 08:00,4.1,,2.6,230,58,2933
102,백령도,2020-12-09 09:00,4.9,,2.6,250,53,2814
102,백령도,2020-12-09 10:00,6.4,,3.3,250,49,2887
102,백령도,2020-12-09 11:00,6.5,,3.5,230,50,2781
102,백령도,2020-12-09 12:00,7.2,,3,180,53,2785
102,백령도,2020-12-09 13:00,6.7,,4.5,230,54,2967
102,백령도,2020-12-09 14:00,7,,3.6,230,56,3170
102,백령도,2020-12-09 15:00,7.1,,3.8,230,53,3719
102,백령도,2020-12-09 16:00,6.9,,3,230,57,3560
102,백령도,2020-12-09 17:00,6.8,,3,250,60,2879
102,백령도,2020-12-09 18:00,6.4,,1.8,270,59,2525
102,백령도,2020-12-09 19:00,6.6,,2.1,250,54,2133
102,백령도,2020-12-09 20:00,6.4,,2.1,270,50,1451
102,백령도,2020-12-09 21:00,6.8,,2.7,250,54,1771
102,백령도,2020-12-09 22:00,7,,3.5,250,58,1499
102,백령도,2020-12-09 23:00,7.1,,3.5,270,56,1286
102,백령도,2020-12-10 00:00,7.4,0,4,250,55,1186
102,백령도,2020-12-10 01:00,7,,2.9,270,65,670
102,백령도,2020-12-10 02:00,6.7,,3.1,250,74,460
102,백령도,2020-12-10 03:00,6.6,.2,2.7,250,79,376
102,백령도,2020-12-10 04:00,7,,3.5,250,75,402
102,백령도,2020-12-10 05:00,7.2,,3.9,250,72,723
102,백령도,2020-12-10 06:00,7.1,0,3.8,250,76,664
102,백령도,2020-12-10 07:00,7,,3.6,250,78,641
102,백령도,2020-12-10 08:00,7.6,,3.6,250,77,602
102,백령도,2020-12-10 09:00,7.1,.6,3,320,91,303
102,백령도,2020-12-10 10:00,7,,4.2,320,89,352
102,백령도,2020-12-10 11:00,7.9,,2.9,320,81,477
102,백령도,2020-12-10 12:00,8.3,.5,2.8,320,77,510
102,백령도,2020-12-10 13:00,8.2,,3.4,320,72,550
102,백령도,2020-12-10 14:00,8.7,,4.5,290,67,615
102,백령도,2020-12-10 15:00,8.5,,4.1,290,67,713
102,백령도,2020-12-10 16:00,8.4,,3.7,290,63,974
102,백령도,2020-12-10 17:00,7.8,,3.8,320,59,1125
102,백령도,2020-12-10 18:00,7,,1.5,250,63,980
102,백령도,2020-12-10 19:00,7,,2.5,270,59,1017
102,백령도,2020-12-10 20:00,7.3,,2.7,250,56,1109
102,백령도,2020-12-10 21:00,6.7,,2.5,270,55,1216
102,백령도,2020-12-10 22:00,6.9,,2.3,270,54,1488
102,백령도,2020-12-10 23:00,6.7,,2.5,270,56,1857
102,백령도,2020-12-11 00:00,6.8,,3.4,270,56,1797
102,백령도,2020-12-11 01:00,6.3,,3.1,270,53,2327
102,백령도,2020-12-11 02:00,6.5,,3.3,270,54,2090
102,백령도,2020-12-11 03:00,7,,2.6,270,57,1700
102,백령도,2020-12-11 04:00,7.6,,3.7,270,57,966
102,백령도,2020-12-11 05:00,7.5,,3.1,270,58,751
102,백령도,2020-12-11 06:00,7.7,,4.1,270,61,627
102,백령도,2020-12-11 07:00,7.5,,4.8,290,61,563
102,백령도,2020-12-11 08:00,7.1,,2.8,270,62,590
102,백령도,2020-12-11 09:00,7.9,,3.6,270,59,672
102,백령도,2020-12-11 10:00,7.9,,3.6,290,66,670
102,백령도,2020-12-11 11:00,8.2,,3.5,340,68,836
102,백령도,2020-12-11 12:00,8.3,0,2.9,360,66,959
102,백령도,2020-12-11 13:00,7.8,,3.3,340,66,1014
102,백령도,2020-12-11 14:00,7.5,,3.3,360,65,1099
102,백령도,2020-12-11 15:00,6.9,,4.3,340,71,819
102,백령도,2020-12-11 16:00,6.5,,5.4,340,66,1017
102,백령도,2020-12-11 17:00,5.7,,4.6,340,64,1009
102,백령도,2020-12-11 18:00,5.3,,4,340,56,1498
102,백령도,2020-12-11 19:00,5.2,,3.5,340,54,1554
102,백령도,2020-12-11 20:00,5,,3.9,340,53,1944
102,백령도,2020-12-11 21:00,5,,3.2,340,49,2192
102,백령도,2020-12-11 22:00,5,,3.8,320,48,2177
102,백령도,2020-12-11 23:00,5.2,,4.2,320,47,2341
102,백령도,2020-12-12 00:00,5.3,,4.7,320,46,2641
102,백령도,2020-12-12 01:00,5.8,,6,320,47,2500
102,백령도,2020-12-12 02:00,5.7,,5.7,320,48,2235
102,백령도,2020-12-12 03:00,5.7,,5.7,320,50,2165
102,백령도,2020-12-12 04:00,5.4,,7,320,48,2000
102,백령도,2020-12-12 05:00,5.1,,7.5,320,41,3331
102,백령도,2020-12-12 06:00,5,,7,340,44,3250
102,백령도,2020-12-12 07:00,4.5,,7.1,360,48,3428
102,백령도,2020-12-12 08:00,4.5,,7.1,340,43,3689
102,백령도,2020-12-12 09:00,4.7,,6,340,42,4055
102,백령도,2020-12-12 10:00,5,,5.6,360,42,3997
102,백령도,2020-12-12 11:00,5.4,,4.7,340,40,3632
102,백령도,2020-12-12 12:00,5.6,,4.4,360,41,3684
102,백령도,2020-12-12 13:00,5.5,,3.7,340,40,3603
102,백령도,2020-12-12 14:00,4.9,,2.7,320,43,3463
102,백령도,2020-12-12 15:00,5,,.4,0,47,3343
102,백령도,2020-12-12 16:00,5.3,,1.5,320,44,3302
102,백령도,2020-12-12 17:00,4.6,,0,0,49,3089
102,백령도,2020-12-12 18:00,4.1,,0,0,51,2435
102,백령도,2020-12-12 19:00,4.6,,0,0,53,2802
102,백령도,2020-12-12 20:00,3.7,,0,0,58,2720
102,백령도,2020-12-12 21:00,4.5,,0,0,55,2565
102,백령도,2020-12-12 22:00,4.4,,0,0,58,2130
102,백령도,2020-12-12 23:00,4.3,,0,0,60,2501
102,백령도,2020-12-13 00:00,4.6,,1.9,110,67,2531
102,백령도,2020-12-13 01:00,4.3,,2.7,160,84,1137
102,백령도,2020-12-13 02:00,3.9,,2.7,110,87,1859
102,백령도,2020-12-13 03:00,4.6,.2,3.3,90,86,2153
102,백령도,2020-12-13 04:00,4.4,,3.3,110,83,2373
102,백령도,2020-12-13 05:00,3.7,,4.3,110,80,1889
102,백령도,2020-12-13 06:00,3.1,,4.1,110,80,1803
102,백령도,2020-12-13 07:00,3.5,,4.2,110,88,1354
102,백령도,2020-12-13 08:00,4.6,,3.2,20,85,1249
102,백령도,2020-12-13 09:00,1.1,.1,5.9,360,90,2334
102,백령도,2020-12-13 10:00,.6,,5.9,360,86,1785
102,백령도,2020-12-13 11:00,.2,,6.1,360,88,430
102,백령도,2020-12-13 12:00,.7,.8,10.1,360,82,2129
102,백령도,2020-12-13 13:00,-.1,,11.2,340,76,2128
102,백령도,2020-12-13 14:00,-1,,12.1,340,66,3530
102,백령도,2020-12-13 15:00,-1.1,0,12.1,340,60,4854
102,백령도,2020-12-13 16:00,-1.6,,10.7,340,59,4783
102,백령도,2020-12-13 17:00,-1.9,,12,340,59,4982
102,백령도,2020-12-13 18:00,-2.2,,11.7,340,52,4951
102,백령도,2020-12-13 19:00,-2.2,,12.7,340,60,4886
102,백령도,2020-12-13 20:00,-2.4,,12.5,340,54,3567
102,백령도,2020-12-13 21:00,-2.9,0,13,340,54,4262
102,백령도,2020-12-13 22:00,-3.2,,13.3,340,61,4053
102,백령도,2020-12-13 23:00,-3.1,,11.6,340,64,4424
102,백령도,2020-12-14 00:00,-3.7,0,11.2,340,61,3956
102,백령도,2020-12-14 01:00,-3.5,,11.8,340,63,3472
102,백령도,2020-12-14 02:00,-4,,13.3,340,59,1427
102,백령도,2020-12-14 03:00,-4,0,12.4,340,59,4718
102,백령도,2020-12-14 04:00,-4.2,,12.2,340,58,4533
102,백령도,2020-12-14 05:00,-4.5,,10,340,70,1763
102,백령도,2020-12-14 06:00,-4.8,0,11.5,340,70,1200
102,백령도,2020-12-14 07:00,-4.3,,10.6,340,60,3835
102,백령도,2020-12-14 08:00,-4.3,,9.6,340,62,3242
102,백령도,2020-12-14 09:00,-4.1,0,11.1,340,59,3881
102,백령도,2020-12-14 10:00,-4,,8.2,340,58,4824
102,백령도,2020-12-14 11:00,-4,,9.9,340,50,4197
102,백령도,2020-12-14 12:00,-4,0,9.9,340,49,4999
102,백령도,2020-12-14 13:00,-4.3,,9.3,340,59,2573
102,백령도,2020-12-14 14:00,-3.7,,10,340,54,4996
102,백령도,2020-12-14 15:00,-3.6,0,8.6,340,55,4634
102,백령도,2020-12-14 16:00,-4.2,,6.5,340,78,472
102,백령도,2020-12-14 17:00,-3.7,,8.5,340,59,3585
102,백령도,2020-12-14 18:00,-3.3,0,9.2,340,51,4655
102,백령도,2020-12-14 19:00,-3,,7.1,320,50,5000
102,백령도,2020-12-14 20:00,-3.5,,9.5,320,59,2009
102,백령도,2020-12-14 21:00,-2.9,0,6.8,340,47,5000
102,백령도,2020-12-14 22:00,-3.8,,9.1,340,72,1080
102,백령도,2020-12-14 23:00,-3.8,,10.3,340,62,2348
102,백령도,2020-12-15 00:00,-3.8,0,9.6,360,52,4904
102,백령도,2020-12-15 01:00,-3.9,,9.5,340,52,4461
102,백령도,2020-12-15 02:00,-3.9,,7.5,340,57,4419
102,백령도,2020-12-15 03:00,-3.8,0,8.6,340,54,4804
102,백령도,2020-12-15 04:00,-3.7,,9.1,340,49,4717
102,백령도,2020-12-15 05:00,-3.7,,10.7,340,54,4564
102,백령도,2020-12-15 06:00,-3.9,0,9.3,360,57,4287
102,백령도,2020-12-15 07:00,-4.1,,8.9,340,65,3502
102,백령도,2020-12-15 08:00,-4.4,,8.1,360,64,3381
102,백령도,2020-12-15 09:00,-4.1,0,7.5,340,64,3313
102,백령도,2020-12-15 10:00,-3.9,,6.9,360,66,2841
102,백령도,2020-12-15 11:00,-3.7,,7.4,340,63,3884
102,백령도,2020-12-15 12:00,-3.8,0,7.3,340,57,3712
102,백령도,2020-12-15 13:00,-3.7,,7.1,340,59,3274
102,백령도,2020-12-15 14:00,-3.7,,7.1,340,59,4317
102,백령도,2020-12-15 15:00,-3.4,0,8.2,340,63,4849
102,백령도,2020-12-15 16:00,-3.7,,7.6,340,63,4155
102,백령도,2020-12-15 17:00,-3.4,,7.3,320,60,4573
102,백령도,2020-12-15 18:00,-3.1,0,8.4,320,56,4999
102,백령도,2020-12-15 19:00,-2.6,,7.4,320,58,4998
102,백령도,2020-12-15 20:00,-2.3,,7.7,320,51,4731
102,백령도,2020-12-15 21:00,-2,0,8.2,320,44,5000
102,백령도,2020-12-15 22:00,-1.8,,7.4,320,50,4718
102,백령도,2020-12-15 23:00,-2,,7.1,320,44,5000
102,백령도,2020-12-16 00:00,-2.1,0,6.4,340,56,4278
102,백령도,2020-12-16 01:00,-2.2,,7.5,340,51,4869
102,백령도,2020-12-16 02:00,-3.1,,10,340,59,3803
102,백령도,2020-12-16 03:00,-3.8,0,8.9,340,52,4994
102,백령도,2020-12-16 04:00,-3.5,,9.2,340,58,4933
102,백령도,2020-12-16 05:00,-3.6,,9.7,340,54,5000
102,백령도,2020-12-16 06:00,-3.9,,10.5,340,54,5000
102,백령도,2020-12-16 07:00,-3.7,,10.2,340,51,4999
102,백령도,2020-12-16 08:00,-3.4,,9.4,340,61,4900
102,백령도,2020-12-16 09:00,-3.6,0,10.5,340,62,4026
102,백령도,2020-12-16 10:00,-3.8,,8.3,340,63,3625
102,백령도,2020-12-16 11:00,-3.6,,9.9,340,62,3781
102,백령도,2020-12-16 12:00,-4,0,9.2,360,66,2490
102,백령도,2020-12-16 13:00,-3.6,,9.7,340,64,4111
102,백령도,2020-12-16 14:00,-3.5,,8.9,340,58,5000
102,백령도,2020-12-16 15:00,-3.6,0,8.9,340,56,4991
102,백령도,2020-12-16 16:00,-3.4,,8.4,340,57,4969
102,백령도,2020-12-16 17:00,-3.6,,7.8,340,58,5000
102,백령도,2020-12-16 18:00,-3.4,0,6.9,340,58,5000
102,백령도,2020-12-16 19:00,-2.8,,5.3,340,57,5000
102,백령도,2020-12-16 20:00,-2.5,,5,340,61,5000
102,백령도,2020-12-16 21:00,-2.4,0,5,340,57,4969
102,백령도,2020-12-16 22:00,-1.9,,3.9,340,55,4999
102,백령도,2020-12-16 23:00,-1.7,,4,340,56,4859
102,백령도,2020-12-17 00:00,-1.2,0,4,340,59,4831
102,백령도,2020-12-17 01:00,-1,,3.2,340,53,4846
102,백령도,2020-12-17 02:00,-.8,,2.8,320,53,4967
102,백령도,2020-12-17 03:00,-.5,0,2.8,340,51,4861
102,백령도,2020-12-17 04:00,-2.4,,2.3,110,78,3261
102,백령도,2020-12-17 05:00,-2.6,,3,90,77,3367
102,백령도,2020-12-17 06:00,-2.6,,2.1,110,77,3510
102,백령도,2020-12-17 07:00,-2.9,,1.8,90,78,3304
102,백령도,2020-12-17 08:00,-3.6,,1.9,90,77,3091
102,백령도,2020-12-17 09:00,-2,,2.1,140,74,2496
102,백령도,2020-12-17 10:00,-.9,,2.3,110,69,3253
102,백령도,2020-12-17 11:00,0,,2.5,160,64,3455
102,백령도,2020-12-17 12:00,1.3,0,3.5,140,64,3836
102,백령도,2020-12-17 13:00,1.7,,4.2,160,67,3491
102,백령도,2020-12-17 14:00,1.7,,2.9,270,64,2441
102,백령도,2020-12-17 15:00,2.2,0,2,250,69,2075
102,백령도,2020-12-17 16:00,2.6,,2.5,230,72,4352
102,백령도,2020-12-17 17:00,2.4,,2.5,230,78,3680
102,백령도,2020-12-17 18:00,1.8,0,2.6,230,89,2970
102,백령도,2020-12-17 19:00,1.7,,1.7,230,93,2252
102,백령도,2020-12-17 20:00,2.9,,.3,0,91,813
102,백령도,2020-12-17 21:00,4.7,.1,5.9,270,68,1163
102,백령도,2020-12-17 22:00,4.7,,5.5,270,64,1084
102,백령도,2020-12-17 23:00,4.8,,4.5,270,66,1123
102,백령도,2020-12-18 00:00,5.4,0,5.4,290,58,1936
102,백령도,2020-12-18 01:00,5.3,,6.2,320,53,2643
102,백령도,2020-12-18 02:00,4.8,,6.7,320,60,2047
102,백령도,2020-12-18 03:00,4.5,,8,320,59,2047
102,백령도,2020-12-18 04:00,4,,8,320,56,2368
102,백령도,2020-12-18 05:00,1.9,,4.4,360,81,1527
102,백령도,2020-12-18 06:00,.9,,3.6,360,79,1313
102,백령도,2020-12-18 07:00,.3,,3.2,360,77,1464
102,백령도,2020-12-18 08:00,1.1,,8.4,340,59,2723
102,백령도,2020-12-18 09:00,.9,,8.4,340,50,2628
102,백령도,2020-12-18 10:00,1.2,,8,340,53,3587
102,백령도,2020-12-18 11:00,1.1,,8.1,340,51,4306
102,백령도,2020-12-18 12:00,.5,,9.1,340,54,3582
102,백령도,2020-12-18 13:00,-.1,,10.3,340,50,3918
102,백령도,2020-12-18 14:00,-.5,,9.4,340,54,3695
102,백령도,2020-12-18 15:00,-1.1,,10.7,340,60,3769
102,백령도,2020-12-18 16:00,-1.7,,10.1,340,56,4758
102,백령도,2020-12-18 17:00,-2.1,,9.9,340,55,4984
102,백령도,2020-12-18 18:00,-2.1,,10.7,340,53,4964
102,백령도,2020-12-18 19:00,-2.2,,11,340,53,4762
102,백령도,2020-12-18 20:00,-1.8,,9.6,340,53,4984
102,백령도,2020-12-18 21:00,-1.7,,9.7,340,52,4899
102,백령도,2020-12-18 22:00,-1.7,,10.1,360,53,4730
102,백령도,2020-12-18 23:00,-1.8,,8.7,360,55,4449
102,백령도,2020-12-19 00:00,-2.1,,9.1,360,55,4502
102,백령도,2020-12-19 01:00,-2.3,,10.3,360,51,4655
102,백령도,2020-12-19 02:00,-2.6,,9,360,57,4604
102,백령도,2020-12-19 03:00,-2.7,,7.5,360,57,4726
102,백령도,2020-12-19 04:00,-2.8,,8.5,360,58,4759
102,백령도,2020-12-19 05:00,-3.1,,5.9,360,62,4584
102,백령도,2020-12-19 06:00,-3.2,,5,360,62,4786
102,백령도,2020-12-19 07:00,-3.5,,5.1,360,58,4921
102,백령도,2020-12-19 08:00,-3.7,,2.2,50,60,4941
102,백령도,2020-12-19 09:00,-2.7,,3,20,54,4448
102,백령도,2020-12-19 10:00,-1.9,,2.5,20,55,4178
102,백령도,2020-12-19 11:00,-1.6,,3.8,360,56,4327
102,백령도,2020-12-19 12:00,.2,0,5.3,320,50,4725
102,백령도,2020-12-19 13:00,1.4,,6.8,290,45,4752
102,백령도,2020-12-19 14:00,1.2,,6.5,290,52,4892
102,백령도,2020-12-19 15:00,.4,0,6.3,290,79,1331
102,백령도,2020-12-19 16:00,-.4,,3.8,360,92,240
102,백령도,2020-12-19 17:00,-1,,2.3,20,91,3887
102,백령도,2020-12-19 18:00,-1.3,.2,3.5,360,83,4546
102,백령도,2020-12-19 19:00,-1.4,,1.9,20,76,4738
102,백령도,2020-12-19 20:00,-1.6,,2.3,20,74,4167
102,백령도,2020-12-19 21:00,-2.5,0,3,50,71,4141
102,백령도,2020-12-19 22:00,-2.3,,2.2,20,74,4993
102,백령도,2020-12-19 23:00,-2,,2.7,50,71,4648
102,백령도,2020-12-20 00:00,-1.1,,1.8,50,71,4470
102,백령도,2020-12-20 01:00,-.7,,3.2,70,70,4721
102,백령도,2020-12-20 02:00,-.5,,2.3,50,66,4517
102,백령도,2020-12-20 03:00,-.8,0,2.2,70,65,4678
102,백령도,2020-12-20 04:00,-.7,,1.7,90,65,4524
102,백령도,2020-12-20 05:00,-1.4,,.6,140,68,4456
102,백령도,2020-12-20 06:00,-1.3,0,1.3,160,71,4348
102,백령도,2020-12-20 07:00,-.9,,0,0,68,4070
102,백령도,2020-12-20 08:00,-.7,,0,0,67,4067
102,백령도,2020-12-20 09:00,0,0,.9,140,68,3465
102,백령도,2020-12-20 10:00,.6,,2.1,110,65,3149
102,백령도,2020-12-20 11:00,1.4,,1.3,110,62,4152
102,백령도,2020-12-20 12:00,2,0,2.9,140,61,4100
102,백령도,2020-12-20 13:00,1.3,,2.2,90,60,3856
102,백령도,2020-12-20 14:00,2.1,,3.2,90,59,4056
102,백령도,2020-12-20 15:00,2.5,,1.3,90,60,4138
102,백령도,2020-12-20 16:00,1.9,,0,0,62,4129
102,백령도,2020-12-20 17:00,1.1,,.2,0,66,3760
102,백령도,2020-12-20 18:00,.8,,0,0,70,2213
102,백령도,2020-12-20 19:00,.8,,0,0,67,3835
102,백령도,2020-12-20 20:00,1.1,,0,0,64,4007
102,백령도,2020-12-20 21:00,1.4,,0,0,63,4079
102,백령도,2020-12-20 22:00,1.4,,.2,0,67,3710
102,백령도,2020-12-20 23:00,1.1,,2.8,90,80,2765
102,백령도,2020-12-21 00:00,.8,,3,90,79,2682
102,백령도,2020-12-21 01:00,.8,,2,90,79,2810
102,백령도,2020-12-21 02:00,.8,,2.2,110,76,3086
102,백령도,2020-12-21 03:00,.8,,2,110,78,2857
102,백령도,2020-12-21 04:00,1,,2.8,110,75,3192
102,백령도,2020-12-21 05:00,1.1,,3,90,74,2816
102,백령도,2020-12-21 06:00,.7,0,3.1,90,76,2787
102,백령도,2020-12-21 07:00,.7,,1.8,110,74,2752
102,백령도,2020-12-21 08:00,-.1,,1.4,140,76,1689
102,백령도,2020-12-21 09:00,1.4,0,1.8,110,70,2717
102,백령도,2020-12-21 10:00,2.2,,3.1,140,64,3204
102,백령도,2020-12-21 11:00,3,,2.8,140,63,3175
102,백령도,2020-12-21 12:00,2.6,,2.3,160,74,2676
102,백령도,2020-12-21 13:00,3.4,,2.1,180,83,2701
102,백령도,2020-12-21 14:00,3.4,,2.4,160,83,2043
102,백령도,2020-12-21 15:00,3.6,0,2.6,180,84,2514
102,백령도,2020-12-21 16:00,2.9,,2.4,200,87,2131
102,백령도,2020-12-21 17:00,2.9,,0,0,82,1876
102,백령도,2020-12-21 18:00,2.6,.1,.5,160,82,2944
102,백령도,2020-12-21 19:00,3.3,,1.3,180,76,1798
102,백령도,2020-12-21 20:00,3.7,,1.3,180,77,2513
102,백령도,2020-12-21 21:00,3.5,0,0,0,78,2582
102,백령도,2020-12-21 22:00,4.5,,3.5,250,62,1805
102,백령도,2020-12-21 23:00,4.1,,3.7,250,61,1923
102,백령도,2020-12-22 00:00,3.8,0,3.5,250,60,2017
102,백령도,2020-12-22 01:00,4.5,,3,250,55,2341
102,백령도,2020-12-22 02:00,4.7,,3.4,250,60,1821
102,백령도,2020-12-22 03:00,4.9,0,4,270,57,1643
102,백령도,2020-12-22 04:00,5,,4.4,250,52,1830
102,백령도,2020-12-22 05:00,4,,3.2,270,52,2011
102,백령도,2020-12-22 06:00,3.5,,2.9,250,50,1967
102,백령도,2020-12-22 07:00,3.4,,2.4,250,48,1898
102,백령도,2020-12-22 08:00,3.6,,2.4,250,48,1846
102,백령도,2020-12-22 09:00,4.3,,2,250,44,2052
102,백령도,2020-12-22 10:00,5.7,,3.2,250,39,2096
102,백령도,2020-12-22 11:00,6.6,,4.4,270,35,2226
102,백령도,2020-12-22 12:00,7.2,,4.8,250,35,2014
102,백령도,2020-12-22 13:00,7.7,,5.6,250,33,1811
102,백령도,2020-12-22 14:00,7.4,,6.1,250,39,1358
102,백령도,2020-12-22 15:00,7.4,,5.5,250,37,1013
102,백령도,2020-12-22 16:00,7,,5.5,250,41,921
102,백령도,2020-12-22 17:00,6.1,,3.1,270,47,851
102,백령도,2020-12-22 18:00,5.2,,2.6,250,52,681
102,백령도,2020-12-22 19:00,5.1,,2.5,250,55,651
102,백령도,2020-12-22 20:00,5,,1.7,250,56,741
102,백령도,2020-12-22 21:00,4.8,,1.8,250,57,786
102,백령도,2020-12-22 22:00,4.8,,1.2,250,55,909
102,백령도,2020-12-22 23:00,5.6,,2.1,230,47,1258
102,백령도,2020-12-23 00:00,6.2,,2.5,230,53,1094
102,백령도,2020-12-23 01:00,6.3,,3,230,61,779
102,백령도,2020-12-23 02:00,6.2,,2.7,230,62,777
102,백령도,2020-12-23 03:00,6.2,,2.5,250,66,646
102,백령도,2020-12-23 04:00,6.8,,3.9,250,63,813
102,백령도,2020-12-23 05:00,6.8,,2.8,250,65,848
102,백령도,2020-12-23 06:00,7.2,,3.3,230,65,990
102,백령도,2020-12-23 07:00,7.3,,3.8,230,63,1064
102,백령도,2020-12-23 08:00,7.6,,5,230,60,1303
102,백령도,2020-12-23 09:00,8.1,,5.4,250,59,1253
102,백령도,2020-12-23 10:00,8.7,,5.2,250,58,1130
102,백령도,2020-12-23 11:00,9,,5.9,250,57,1072
102,백령도,2020-12-23 12:00,9.6,,5.9,250,59,984
102,백령도,2020-12-23 13:00,9.3,,7.7,250,57,949
102,백령도,2020-12-23 14:00,9.2,,5.6,250,60,923
102,백령도,2020-12-23 15:00,9.2,,6.2,250,57,985
102,백령도,2020-12-23 16:00,8.9,,6,250,57,1054
102,백령도,2020-12-23 17:00,8.7,,6,250,56,1095
102,백령도,2020-12-23 18:00,7.8,,3.5,270,64,949
102,백령도,2020-12-23 19:00,7.6,,3.4,270,58,1015
102,백령도,2020-12-23 20:00,7.5,,3.5,270,60,862
102,백령도,2020-12-23 21:00,7.4,,4.4,250,61,722
102,백령도,2020-12-23 22:00,6.8,,3.8,270,65,668
102,백령도,2020-12-23 23:00,7,,5,270,66,489
102,백령도,2020-12-24 00:00,7.1,,6.1,290,60,980
102,백령도,2020-12-24 01:00,6.4,,5.5,290,60,970
102,백령도,2020-12-24 02:00,6.2,,6.3,290,51,2017
102,백령도,2020-12-24 03:00,5.9,,6.5,320,46,1472
102,백령도,2020-12-24 04:00,5.8,,6.2,320,44,1553
102,백령도,2020-12-24 05:00,5.3,,6.3,320,51,1422
102,백령도,2020-12-24 06:00,4.5,,6.4,340,48,2089
102,백령도,2020-12-24 07:00,4,,5,320,48,2596
102,백령도,2020-12-24 08:00,3.8,,6.3,320,46,3051
102,백령도,2020-12-24 09:00,3.5,,5.1,320,53,2800
102,백령도,2020-12-24 10:00,3.3,,6,340,50,2877
102,백령도,2020-12-24 11:00,3.6,,7.2,320,44,3496
102,백령도,2020-12-24 12:00,3.4,,6.6,320,45,3880
102,백령도,2020-12-24 13:00,3,,7,320,46,3972
102,백령도,2020-12-24 14:00,2.8,,6.6,320,49,4030
102,백령도,2020-12-24 15:00,2.2,,7.9,320,49,4392
102,백령도,2020-12-24 16:00,2.3,,7.1,320,47,4427
102,백령도,2020-12-24 17:00,1.7,,7.8,320,44,4700
102,백령도,2020-12-24 18:00,1.4,,7.1,320,49,4823
102,백령도,2020-12-24 19:00,1.5,,6.7,320,51,4315
102,백령도,2020-12-24 20:00,1.7,,7.4,320,48,3830
102,백령도,2020-12-24 21:00,1.9,,6.7,320,51,3873
102,백령도,2020-12-24 22:00,1.7,,8.1,320,54,3363
102,백령도,2020-12-24 23:00,1.5,,8,290,56,3628
102,백령도,2020-12-25 00:00,1.7,0,9.5,320,43,4459
102,백령도,2020-12-25 01:00,1.2,,8,320,42,4152
102,백령도,2020-12-25 02:00,1,,9.4,340,45,3912
102,백령도,2020-12-25 03:00,1.3,0,7.9,320,42,4500
102,백령도,2020-12-25 04:00,1.5,,6.1,340,39,4647
102,백령도,2020-12-25 05:00,2.3,,5.4,320,42,4548
102,백령도,2020-12-25 06:00,2.2,,8.5,320,35,4853
102,백령도,2020-12-25 07:00,2.1,,9.2,320,35,4899
102,백령도,2020-12-25 08:00,2,,8.7,320,34,4955
102,백령도,2020-12-25 09:00,2.4,,8.8,320,38,4967
102,백령도,2020-12-25 10:00,3,,6.3,320,38,4654
102,백령도,2020-12-25 11:00,3.3,,7.3,320,37,4509
102,백령도,2020-12-25 12:00,3.8,,5.4,320,36,4708
102,백령도,2020-12-25 13:00,3.9,,7.2,320,35,4448
102,백령도,2020-12-25 14:00,4.1,,5.4,320,36,4526
102,백령도,2020-12-25 15:00,4.2,,4.6,290,37,4221
102,백령도,2020-12-25 16:00,4.1,,3.2,320,40,4380
102,백령도,2020-12-25 17:00,3.4,,1.6,270,45,4200
102,백령도,2020-12-25 18:00,3.4,,.2,0,48,3978
102,백령도,2020-12-25 19:00,3.3,,1.4,200,56,3669
102,백령도,2020-12-25 20:00,4.2,,3.9,250,48,2639
102,백령도,2020-12-25 21:00,4.2,,3.5,250,44,3281
102,백령도,2020-12-25 22:00,4.3,,3.5,250,41,3367
102,백령도,2020-12-25 23:00,4.4,,3.4,250,40,3019
102,백령도,2020-12-26 00:00,5.4,,4.7,250,42,2526
102,백령도,2020-12-26 01:00,5.7,,5.1,270,40,2027
102,백령도,2020-12-26 02:00,6,,4.5,270,40,1965
102,백령도,2020-12-26 03:00,6,,5.3,320,58,1623
102,백령도,2020-12-26 04:00,5.6,,4.6,320,61,1440
102,백령도,2020-12-26 05:00,5.3,,4.7,320,62,1477
102,백령도,2020-12-26 06:00,4.5,,3.3,360,69,1951
102,백령도,2020-12-26 07:00,3.3,,3.3,360,72,1961
102,백령도,2020-12-26 08:00,2.8,,1.8,20,71,1981
102,백령도,2020-12-26 09:00,3.3,,0,0,70,1856
102,백령도,2020-12-26 10:00,4.3,,2,320,65,2060
102,백령도,2020-12-26 11:00,4.7,,1.7,290,61,2129
102,백령도,2020-12-26 12:00,5.6,,2,20,59,2321
102,백령도,2020-12-26 13:00,5.8,,1.5,340,58,2414
102,백령도,2020-12-26 14:00,6.2,,2.3,70,59,2342
102,백령도,2020-12-26 15:00,6.4,,2.7,110,62,2008
102,백령도,2020-12-26 16:00,5.5,,3.2,140,69,1832
102,백령도,2020-12-26 17:00,5.3,,3.2,160,76,1580
102,백령도,2020-12-26 18:00,5,,4,160,80,1443
102,백령도,2020-12-26 19:00,5.5,,3.7,160,82,1277
102,백령도,2020-12-26 20:00,5.8,,3.6,160,82,1143
102,백령도,2020-12-26 21:00,6.1,,4.2,140,86,1044
102,백령도,2020-12-26 22:00,6.7,,4.9,140,84,962
102,백령도,2020-12-26 23:00,7.3,,2.8,140,86,811
102,백령도,2020-12-27 00:00,8.3,,3.4,250,67,1895
102,백령도,2020-12-27 01:00,8.6,,3.1,230,66,2514
102,백령도,2020-12-27 02:00,8.8,,3.6,230,70,2492
102,백령도,2020-12-27 03:00,8.9,,3.9,230,71,2902
102,백령도,2020-12-27 04:00,8.9,,3.7,200,76,3104
102,백령도,2020-12-27 05:00,8.9,,5.1,200,76,3188
102,백령도,2020-12-27 06:00,8.5,,3.7,200,79,3058
102,백령도,2020-12-27 07:00,8.5,,3.6,200,80,2756
102,백령도,2020-12-27 08:00,7.8,,3.4,180,81,2711
102,백령도,2020-12-27 09:00,8.9,0,4.9,180,78,3236
102,백령도,2020-12-27 10:00,9.5,,6.7,160,75,3137
102,백령도,2020-12-27 11:00,9.7,,6.7,180,75,2695
102,백령도,2020-12-27 12:00,10,,5.8,180,74,2530
102,백령도,2020-12-27 13:00,9.5,,5.3,180,73,2705
102,백령도,2020-12-27 14:00,10.2,,5,180,78,2039
102,백령도,2020-12-27 15:00,9.3,0,4.7,200,83,2246
102,백령도,2020-12-27 16:00,8.4,,3.4,200,94,401
102,백령도,2020-12-27 17:00,8.6,,3.6,200,95,1099
102,백령도,2020-12-27 18:00,8.8,1.6,2.6,230,94,1292
102,백령도,2020-12-27 19:00,7.9,,2.6,320,96,1619
102,백령도,2020-12-27 20:00,7.2,,1.8,320,95,1446
102,백령도,2020-12-27 21:00,6.5,,.3,0,96,811
102,백령도,2020-12-27 22:00,6,,1.4,320,96,866
102,백령도,2020-12-27 23:00,5.9,,1.6,320,94,846
102,백령도,2020-12-28 00:00,6.1,,2.3,320,90,686
102,백령도,2020-12-28 01:00,6.2,,2.5,320,87,560
102,백령도,2020-12-28 02:00,7.1,,4.8,320,78,560
102,백령도,2020-12-28 03:00,6.2,,4.7,360,93,484
102,백령도,2020-12-28 04:00,5.5,,2.4,20,93,521
102,백령도,2020-12-28 05:00,4.9,,2.5,360,91,683
102,백령도,2020-12-28 06:00,4.7,,2.6,20,89,640
102,백령도,2020-12-28 07:00,4.4,,2.5,20,88,637
102,백령도,2020-12-28 08:00,3.7,,2.3,50,88,544
102,백령도,2020-12-28 09:00,4.2,,1.5,20,83,531
102,백령도,2020-12-28 10:00,5.3,,1.1,360,75,612
102,백령도,2020-12-28 11:00,5.8,,1.1,90,69,655
102,백령도,2020-12-28 12:00,6.5,,1.1,20,68,715
102,백령도,2020-12-28 13:00,6.9,,2.3,360,61,723
102,백령도,2020-12-28 14:00,6.9,,3,340,57,780
102,백령도,2020-12-28 15:00,6.7,,2.8,340,61,839
102,백령도,2020-12-28 16:00,5.8,,3.1,340,70,822
102,백령도,2020-12-28 17:00,5.5,,1,20,64,990
102,백령도,2020-12-28 18:00,4.9,,0,0,69,886
102,백령도,2020-12-28 19:00,4,,1.4,290,76,830
102,백령도,2020-12-28 20:00,4.3,,1.8,290,73,947
102,백령도,2020-12-28 21:00,4.7,,1.9,340,76,926
102,백령도,2020-12-28 22:00,4.9,,3.9,340,77,887
102,백령도,2020-12-28 23:00,4.9,,4.1,340,77,934
102,백령도,2020-12-29 00:00,4.6,,4,340,86,657
102,백령도,2020-12-29 01:00,4.5,,3.8,360,83,836
102,백령도,2020-12-29 02:00,4.7,,7.4,340,73,1159
102,백령도,2020-12-29 03:00,4.3,,7.6,360,73,773
102,백령도,2020-12-29 04:00,4,,6.2,360,71,775
102,백령도,2020-12-29 05:00,3.3,,8.3,360,71,1015
102,백령도,2020-12-29 06:00,2.4,,9.7,360,77,946
102,백령도,2020-12-29 07:00,1.5,,10.2,360,77,1145
102,백령도,2020-12-29 08:00,.5,,10,360,79,910
102,백령도,2020-12-29 09:00,.3,0,11.7,360,78,955
102,백령도,2020-12-29 10:00,-.2,,11.1,360,73,1582
102,백령도,2020-12-29 11:00,-.5,,12.1,340,70,2325
102,백령도,2020-12-29 12:00,-1,0,14.2,340,72,2423
102,백령도,2020-12-29 13:00,-1.7,,13.6,340,70,2788
102,백령도,2020-12-29 14:00,-1.9,,13.1,340,68,3157
102,백령도,2020-12-29 15:00,-2.7,,13.3,340,71,2602
102,백령도,2020-12-29 16:00,-3.2,,10.7,340,70,2866
102,백령도,2020-12-29 17:00,-4.2,,12.2,340,71,3140
102,백령도,2020-12-29 18:00,-4.8,,11.7,340,73,3009
102,백령도,2020-12-29 19:00,-5.2,,10.9,340,72,3473
102,백령도,2020-12-29 20:00,-5.9,,13.7,340,68,3316
102,백령도,2020-12-29 21:00,-6.2,0,13.5,340,70,2421
102,백령도,2020-12-29 22:00,-6.8,,14.4,340,74,854
102,백령도,2020-12-29 23:00,-7.3,,15.1,340,73,1413
102,백령도,2020-12-30 00:00,-7.6,0,15.6,340,80,178
102,백령도,2020-12-30 01:00,-8.2,,11.9,340,80,280
102,백령도,2020-12-30 02:00,-8.7,,12.9,340,75,1223
102,백령도,2020-12-30 03:00,-9,0,13.3,340,79,466
102,백령도,2020-12-30 04:00,-9.2,,12.9,340,81,207
102,백령도,2020-12-30 05:00,-9.4,,12.9,340,72,458
102,백령도,2020-12-30 06:00,-9.1,0,12.6,340,83,194
102,백령도,2020-12-30 07:00,-9.2,,9.2,340,71,1853
102,백령도,2020-12-30 08:00,-9.6,,13.5,340,69,639
102,백령도,2020-12-30 09:00,-9.5,0,11.7,340,77,347
102,백령도,2020-12-30 10:00,-9.7,,13.2,340,87,135
102,백령도,2020-12-30 11:00,-9.6,,13.8,340,80,162
102,백령도,2020-12-30 12:00,-9.5,.3,13.7,340,82,111
102,백령도,2020-12-30 13:00,-9.5,,11.9,340,82,200
102,백령도,2020-12-30 14:00,-9.3,,13.7,340,73,750
102,백령도,2020-12-30 15:00,-9,.3,11.9,340,77,507
102,백령도,2020-12-30 16:00,-8.3,,10.4,340,69,2662
102,백령도,2020-12-30 17:00,-8.1,,12,340,81,613
102,백령도,2020-12-30 18:00,-7.5,.1,10.5,340,82,166
102,백령도,2020-12-30 19:00,-6.6,,11.6,340,68,1310
102,백령도,2020-12-30 20:00,-6.6,,10,340,84,126
102,백령도,2020-12-30 21:00,-6,0,12.5,340,69,1702
102,백령도,2020-12-30 22:00,-5.9,,9.8,340,69,1844
102,백령도,2020-12-30 23:00,-6.3,,10.1,340,78,987
102,백령도,2020-12-31 00:00,-6,0,10,340,70,2136
