지점,지점명,일시,기온(°C),강수량(mm),풍속(m/s),풍향(16방위),습도(%),시정(10m)
102,백령도,2016-01-01 01:00,2.4,,3.3,270,62,2000
102,백령도,2016-01-01 02:00,2.3,,2.9,270,65,2000
102,백령도,2016-01-01 03:00,2.8,,2.5,270,64,2000
102,백령도,2016-01-01 04:00,3,,3.2,270,63,2000
102,백령도,2016-01-01 05:00,3.1,,3.8,270,64,2000
102,백령도,2016-01-01 06:00,3.2,,4.6,270,64,2000
102,백령도,2016-01-01 07:00,3.3,,3.3,250,64,1700
102,백령도,2016-01-01 08:00,3.3,,5,230,64,1700
102,백령도,2016-01-01 09:00,3.8,,6.8,200,65,1900
102,백령도,2016-01-01 10:00,4.4,,7.5,200,64,1700
102,백령도,2016-01-01 11:00,5.2,,6.4,230,63,1800
102,백령도,2016-01-01 12:00,5.2,,6.6,230,63,1800
102,백령도,2016-01-01 13:00,5.3,,8.1,200,65,1800
102,백령도,2016-01-01 14:00,5.9,,10.2,200,61,1900
102,백령도,2016-01-01 15:00,5.9,,10,200,65,1900
102,백령도,2016-01-01 16:00,5.7,,9,200,68,1900
102,백령도,2016-01-01 17:00,6,,10.7,200,69,2000
102,백령도,2016-01-01 18:00,6.2,,10.3,200,72,2000
102,백령도,2016-01-01 19:00,6.4,,9,230,73,2000
102,백령도,2016-01-01 20:00,6.5,,10.8,200,72,2000
102,백령도,2016-01-01 21:00,6.4,,11.8,200,76,2000
102,백령도,2016-01-01 22:00,6.5,,8.7,230,78,1900
102,백령도,2016-01-01 23:00,6.6,,8.2,230,78,1800
102,백령도,2016-01-02 00:00,6.6,,8.1,230,79,1600
102,백령도,2016-01-02 01:00,6.7,,8.2,230,80,1600
102,백령도,2016-01-02 02:00,6.8,,7.8,230,81,1500
102,백령도,2016-01-02 03:00,7,,6.5,250,82,1600
102,백령도,2016-01-02 04:00,7.1,,8.6,270,81,1500
102,백령도,2016-01-02 05:00,7,,7.8,250,81,1500
102,백령도,2016-01-02 06:00,7,,7.1,250,83,1400
102,백령도,2016-01-02 07:00,6.9,,7.2,250,83,1000
102,백령도,2016-01-02 08:00,6.9,,7.9,270,83,800
102,백령도,2016-01-02 09:00,6.9,,7.4,270,83,600
102,백령도,2016-01-02 10:00,7.3,,5.8,250,82,500
102,백령도,2016-01-02 11:00,7.5,,5.7,270,82,500
102,백령도,2016-01-02 12:00,7.8,,5.2,250,81,500
102,백령도,2016-01-02 13:00,8.1,,4.5,250,78,500
102,백령도,2016-01-02 14:00,8.2,,4.7,250,75,500
102,백령도,2016-01-02 15:00,7.8,,4.2,250,80,300
102,백령도,2016-01-02 16:00,7.7,,3.6,250,80,300
102,백령도,2016-01-02 17:00,7,,4.4,200,84,250
102,백령도,2016-01-02 18:00,6.6,,3.7,230,87,150
102,백령도,2016-01-02 19:00,6.3,,3.5,250,86,150
102,백령도,2016-01-02 20:00,6.3,,1.8,270,86,150
102,백령도,2016-01-02 21:00,6.3,,1.9,270,84,150
102,백령도,2016-01-02 22:00,6.3,,1.7,290,85,150
102,백령도,2016-01-02 23:00,6.2,,2,290,85,150
102,백령도,2016-01-03 00:00,6.4,,1.6,290,83,150
102,백령도,2016-01-03 01:00,6.3,,1.4,290,82,150
102,백령도,2016-01-03 02:00,6.4,,1.7,290,84,150
102,백령도,2016-01-03 03:00,6.3,,.7,320,85,150
102,백령도,2016-01-03 04:00,6,,1.2,290,83,150
102,백령도,2016-01-03 05:00,6.1,,1.6,320,82,150
102,백령도,2016-01-03 06:00,6,,.6,340,80,150
102,백령도,2016-01-03 07:00,6.1,,1.4,250,76,300
102,백령도,2016-01-03 08:00,5.8,,.9,200,78,200
102,백령도,2016-01-03 09:00,5.1,,1.8,180,83,150
102,백령도,2016-01-03 10:00,5.2,,2.9,140,90,60
102,백령도,2016-01-03 11:00,6.1,,1.3,160,91,160
102,백령도,2016-01-03 12:00,6.2,,1.2,140,90,150
102,백령도,2016-01-03 13:00,6.5,,1.5,160,88,200
102,백령도,2016-01-03 14:00,6.4,,1.3,140,87,200
102,백령도,2016-01-03 15:00,5.8,,2.8,110,90,150
102,백령도,2016-01-03 16:00,5.2,,2.8,140,91,150
102,백령도,2016-01-03 17:00,5.4,,1.6,140,91,150
102,백령도,2016-01-03 18:00,5.5,,2.1,140,90,150
102,백령도,2016-01-03 19:00,5,,3.6,140,91,150
102,백령도,2016-01-03 20:00,5.7,,3.9,290,89,150
102,백령도,2016-01-03 21:00,5.3,,5,290,85,150
102,백령도,2016-01-03 22:00,4.9,,6.3,290,75,300
102,백령도,2016-01-03 23:00,4.4,,5.2,290,77,300
102,백령도,2016-01-04 00:00,3.9,,6.7,290,75,500
102,백령도,2016-01-04 01:00,3.5,,3.8,290,73,600
102,백령도,2016-01-04 02:00,3.1,,3,290,70,700
102,백령도,2016-01-04 03:00,3.3,,2.2,320,72,600
102,백령도,2016-01-04 04:00,3.3,,3.4,290,70,600
102,백령도,2016-01-04 05:00,2.6,,3.3,290,62,2000
102,백령도,2016-01-04 06:00,2.3,,3.6,320,62,2000
102,백령도,2016-01-04 07:00,1.9,,3.5,320,64,2000
102,백령도,2016-01-04 08:00,1.3,,3.8,320,61,2000
102,백령도,2016-01-04 09:00,.9,,3,320,54,2000
102,백령도,2016-01-04 10:00,.9,,3.4,320,55,2000
102,백령도,2016-01-04 11:00,1.1,,3.4,320,55,2000
102,백령도,2016-01-04 12:00,.9,,2.7,320,55,2000
102,백령도,2016-01-04 13:00,.9,,2.4,340,53,2000
102,백령도,2016-01-04 14:00,1.2,,2.7,320,53,2000
102,백령도,2016-01-04 15:00,.5,,2.6,340,54,2000
102,백령도,2016-01-04 16:00,.3,,2.9,320,57,2000
102,백령도,2016-01-04 17:00,-.3,,2.9,290,54,2000
102,백령도,2016-01-04 18:00,-.8,,2.7,320,54,2000
102,백령도,2016-01-04 19:00,-.9,,2.8,320,49,2000
102,백령도,2016-01-04 20:00,-.9,,2.8,320,50,2000
102,백령도,2016-01-04 21:00,-.8,,2.6,320,49,2000
102,백령도,2016-01-04 22:00,-.9,,2.9,320,51,2000
102,백령도,2016-01-04 23:00,-.8,,2.3,320,55,2000
102,백령도,2016-01-05 00:00,-.7,,3.1,290,52,2000
102,백령도,2016-01-05 01:00,-.5,,2.3,320,51,2000
102,백령도,2016-01-05 02:00,-.8,,2,340,57,2000
102,백령도,2016-01-05 03:00,-1.2,,2.2,20,54,2000
102,백령도,2016-01-05 04:00,-1.6,,2.3,20,48,2000
102,백령도,2016-01-05 05:00,-1.6,,1.8,360,44,2000
102,백령도,2016-01-05 06:00,-1.9,,2.2,20,47,2000
102,백령도,2016-01-05 07:00,-1.9,,1.9,20,50,2000
102,백령도,2016-01-05 08:00,-1.9,,1.7,360,46,2000
102,백령도,2016-01-05 09:00,-1.8,,1,360,49,2000
102,백령도,2016-01-05 10:00,-1,,1.8,320,45,2000
102,백령도,2016-01-05 11:00,-.1,,2.4,320,44,2000
102,백령도,2016-01-05 12:00,.6,,2.2,320,44,2000
102,백령도,2016-01-05 13:00,.3,,1.8,290,47,2000
102,백령도,2016-01-05 14:00,1.2,,1.8,230,47,2000
102,백령도,2016-01-05 15:00,.8,,1.7,270,49,2000
102,백령도,2016-01-05 16:00,1,,1.7,270,51,2000
102,백령도,2016-01-05 17:00,-.8,,1.6,110,57,2000
102,백령도,2016-01-05 18:00,-1.3,,2.7,110,61,2000
102,백령도,2016-01-05 19:00,-1.2,,3.1,110,63,2000
102,백령도,2016-01-05 20:00,-.8,,3.8,110,64,2000
102,백령도,2016-01-05 21:00,-.6,,3.7,90,67,2000
102,백령도,2016-01-05 22:00,-.3,,2.8,90,68,2000
102,백령도,2016-01-05 23:00,.1,,2,110,68,2000
102,백령도,2016-01-06 00:00,.5,,2.1,290,61,2000
102,백령도,2016-01-06 01:00,1.4,,5.2,270,54,2000
102,백령도,2016-01-06 02:00,1.4,,7.7,290,52,2000
102,백령도,2016-01-06 03:00,1.5,,7.2,290,54,2000
102,백령도,2016-01-06 04:00,1.4,,7.1,290,53,2000
102,백령도,2016-01-06 05:00,1.5,,5.7,290,61,2000
102,백령도,2016-01-06 06:00,1.4,,7.4,290,58,2000
102,백령도,2016-01-06 07:00,1.3,,6.2,290,60,2000
102,백령도,2016-01-06 08:00,1.6,,5.7,290,58,2000
102,백령도,2016-01-06 09:00,1.6,,4.4,290,55,1900
102,백령도,2016-01-06 10:00,1.6,,4.2,290,57,1700
102,백령도,2016-01-06 11:00,1.7,,3.9,290,56,1700
102,백령도,2016-01-06 12:00,2,,6.1,290,50,1900
102,백령도,2016-01-06 13:00,1.8,,5.1,290,52,1900
102,백령도,2016-01-06 14:00,1.7,,5.4,290,53,1800
102,백령도,2016-01-06 15:00,1.5,,4.9,290,53,2000
102,백령도,2016-01-06 16:00,1.3,,5.8,290,53,1900
102,백령도,2016-01-06 17:00,.9,,5.7,290,54,2000
102,백령도,2016-01-06 18:00,.8,,1.6,340,67,2000
102,백령도,2016-01-06 19:00,.2,,2.1,320,66,1900
102,백령도,2016-01-06 20:00,-.3,,4,290,57,2000
102,백령도,2016-01-06 21:00,-.6,,3.5,320,59,2000
102,백령도,2016-01-06 22:00,-.7,,3.4,320,57,2000
102,백령도,2016-01-06 23:00,-.6,,3.4,290,55,2000
102,백령도,2016-01-07 00:00,-.6,,4.2,290,53,2000
102,백령도,2016-01-07 01:00,-1,,3.6,320,56,2000
102,백령도,2016-01-07 02:00,-1.3,,3.3,320,59,2000
102,백령도,2016-01-07 03:00,-1.7,,3.8,290,59,2000
102,백령도,2016-01-07 04:00,-1.8,,3.7,320,61,2000
102,백령도,2016-01-07 05:00,-2.1,,3.6,320,60,2000
102,백령도,2016-01-07 06:00,-2.1,,3.3,320,63,2000
102,백령도,2016-01-07 07:00,-2.1,,2.9,320,60,2000
102,백령도,2016-01-07 08:00,-2.1,,2.8,320,62,2000
102,백령도,2016-01-07 09:00,-1.9,,2.2,320,56,2000
102,백령도,2016-01-07 10:00,-1.6,,2.9,290,57,2000
102,백령도,2016-01-07 11:00,-1.8,,3.6,320,54,2000
102,백령도,2016-01-07 12:00,-1.3,,3.2,320,52,2000
102,백령도,2016-01-07 13:00,-1,,4.3,290,48,2000
102,백령도,2016-01-07 14:00,-1.1,,4,290,47,2000
102,백령도,2016-01-07 15:00,-1.7,,4.3,290,51,2000
102,백령도,2016-01-07 16:00,-1.8,,5.6,290,50,2000
102,백령도,2016-01-07 17:00,-1.7,,5.7,290,59,2000
102,백령도,2016-01-07 18:00,-1.5,0,6.9,290,51,2000
102,백령도,2016-01-07 19:00,-1.3,,7.3,290,56,2000
102,백령도,2016-01-07 20:00,-1.4,,6.5,290,54,2000
102,백령도,2016-01-07 21:00,-1.2,,4.9,290,57,2000
102,백령도,2016-01-07 22:00,-1.1,,5.3,290,53,2000
102,백령도,2016-01-07 23:00,-.9,,4.7,290,49,2000
102,백령도,2016-01-08 00:00,-.5,,5.5,290,48,2000
102,백령도,2016-01-08 01:00,-.5,,5.7,290,47,2000
102,백령도,2016-01-08 02:00,-.6,,5.3,290,46,2000
102,백령도,2016-01-08 03:00,-.7,,5.9,290,42,2000
102,백령도,2016-01-08 04:00,-.7,,6.5,290,44,2000
102,백령도,2016-01-08 05:00,-.8,,3.6,290,46,2000
102,백령도,2016-01-08 06:00,-1.1,,2.9,320,46,2000
102,백령도,2016-01-08 07:00,-1.2,,2.5,320,47,2000
102,백령도,2016-01-08 08:00,-1.1,,1.6,360,47,2000
102,백령도,2016-01-08 09:00,-.4,,1.1,290,45,2000
102,백령도,2016-01-08 10:00,.8,,2.5,290,42,2000
102,백령도,2016-01-08 11:00,.5,,3.9,290,48,2000
102,백령도,2016-01-08 12:00,.9,,5,290,49,2000
102,백령도,2016-01-08 13:00,1.8,,5.2,290,43,2000
102,백령도,2016-01-08 14:00,1.8,,6.1,290,40,2000
102,백령도,2016-01-08 15:00,.4,0,3.9,290,68,1500
102,백령도,2016-01-08 16:00,.2,,3.3,290,62,2000
102,백령도,2016-01-08 17:00,-.3,,4.2,290,61,2000
102,백령도,2016-01-08 18:00,-.8,0,5,290,56,2000
102,백령도,2016-01-08 19:00,-1,,5,290,55,2000
102,백령도,2016-01-08 20:00,-.8,,5.3,290,56,2000
102,백령도,2016-01-08 21:00,-.9,,5,290,54,2000
102,백령도,2016-01-08 22:00,-.7,,5,290,57,2000
102,백령도,2016-01-08 23:00,-1,,5.5,290,56,2000
102,백령도,2016-01-09 00:00,-.9,,4.5,290,56,2000
102,백령도,2016-01-09 01:00,-1,,6.2,290,50,2000
102,백령도,2016-01-09 02:00,-1.2,,3.6,290,53,2000
102,백령도,2016-01-09 03:00,-1.2,,3.7,290,52,2000
102,백령도,2016-01-09 04:00,-1.2,,3.7,290,53,2000
102,백령도,2016-01-09 05:00,-1.5,,3.6,290,57,2000
102,백령도,2016-01-09 06:00,-1.6,,3,290,56,2000
102,백령도,2016-01-09 07:00,-1.5,,2.4,320,54,2000
102,백령도,2016-01-09 08:00,-1.3,,3.4,290,54,2000
102,백령도,2016-01-09 09:00,-.9,,1.5,320,52,2000
102,백령도,2016-01-09 10:00,-.3,,1.8,290,47,2000
102,백령도,2016-01-09 11:00,.5,,1.8,290,46,2000
102,백령도,2016-01-09 12:00,.2,,3.9,290,47,2000
102,백령도,2016-01-09 13:00,.5,,3.6,250,48,2000
102,백령도,2016-01-09 14:00,.7,,4.4,270,50,2000
102,백령도,2016-01-09 15:00,1.1,,5.3,270,50,2000
102,백령도,2016-01-09 16:00,.9,,6.1,270,53,2000
102,백령도,2016-01-09 17:00,1,,6.7,270,61,2000
102,백령도,2016-01-09 18:00,.6,,6.4,270,54,2000
102,백령도,2016-01-09 19:00,.7,,5.9,270,58,2000
102,백령도,2016-01-09 20:00,1.4,,5.6,270,67,2000
102,백령도,2016-01-09 21:00,2.1,,6.7,270,64,1900
102,백령도,2016-01-09 22:00,2.9,,6.6,290,50,1800
102,백령도,2016-01-09 23:00,3,,7.5,290,54,1800
102,백령도,2016-01-10 00:00,2.9,,7.4,290,54,1800
102,백령도,2016-01-10 01:00,2.8,,7,270,52,1700
102,백령도,2016-01-10 02:00,3,,7.2,290,50,1600
102,백령도,2016-01-10 03:00,2.8,,8.1,290,54,1200
102,백령도,2016-01-10 04:00,2.7,,5.8,290,44,1200
102,백령도,2016-01-10 05:00,1.9,,3.8,290,57,700
102,백령도,2016-01-10 06:00,.7,,2,20,70,1100
102,백령도,2016-01-10 07:00,.4,,2.2,20,66,1500
102,백령도,2016-01-10 08:00,-.3,,3.5,50,65,1900
102,백령도,2016-01-10 09:00,.1,,2.6,50,65,1700
102,백령도,2016-01-10 10:00,.4,,2.9,50,61,1600
102,백령도,2016-01-10 11:00,1.2,,2.1,50,57,1500
102,백령도,2016-01-10 12:00,1.5,,1.7,360,49,1800
102,백령도,2016-01-10 13:00,1.4,,1.9,20,46,2000
102,백령도,2016-01-10 14:00,1.4,,1.9,50,42,2000
102,백령도,2016-01-10 15:00,.3,,2.4,20,47,2000
102,백령도,2016-01-10 16:00,.1,,1.7,360,49,2000
102,백령도,2016-01-10 17:00,-.7,,1.4,360,55,2000
102,백령도,2016-01-10 18:00,-1.3,,1.6,20,58,2000
102,백령도,2016-01-10 19:00,-1.2,,2.6,320,52,2000
102,백령도,2016-01-10 20:00,-1,,2.8,320,50,2000
102,백령도,2016-01-10 21:00,-.9,,3.4,290,51,2000
102,백령도,2016-01-10 22:00,-1.1,,3.9,290,54,2000
102,백령도,2016-01-10 23:00,-1.4,,3.6,290,56,2000
102,백령도,2016-01-11 00:00,-1.9,,3.9,320,55,2000
102,백령도,2016-01-11 01:00,-2.3,,3.3,320,55,2000
102,백령도,2016-01-11 02:00,-2.9,,2.8,320,57,2000
102,백령도,2016-01-11 03:00,-3.3,,3.1,320,58,2000
102,백령도,2016-01-11 04:00,-3.4,,2.4,340,62,2000
102,백령도,2016-01-11 05:00,-3.8,,2.4,320,61,2000
102,백령도,2016-01-11 06:00,-3.8,,2.3,340,58,2000
102,백령도,2016-01-11 07:00,-3.7,,1.7,340,59,2000
102,백령도,2016-01-11 08:00,-3.9,,2.2,320,59,2000
102,백령도,2016-01-11 09:00,-3.5,,2.6,320,56,2000
102,백령도,2016-01-11 10:00,-3.7,,3.5,320,54,2000
102,백령도,2016-01-11 11:00,-2.9,,2.7,340,53,2000
102,백령도,2016-01-11 12:00,-3,,2.7,320,55,2000
102,백령도,2016-01-11 13:00,-3.2,,2.3,340,53,2000
102,백령도,2016-01-11 14:00,-2.9,,3.5,320,53,2000
102,백령도,2016-01-11 15:00,-3.1,,2.2,360,56,2000
102,백령도,2016-01-11 16:00,-3.2,,2.3,320,58,2000
102,백령도,2016-01-11 17:00,-3.7,,2.2,340,60,2000
102,백령도,2016-01-11 18:00,-3.8,,2.6,340,60,2000
102,백령도,2016-01-11 19:00,-3.5,,2.2,340,59,2000
102,백령도,2016-01-11 20:00,-3.2,,2,340,54,2000
102,백령도,2016-01-11 21:00,-2.9,,1.9,340,54,2000
102,백령도,2016-01-11 22:00,-2.9,,1.9,340,54,2000
102,백령도,2016-01-11 23:00,-2.9,,2.4,360,54,2000
102,백령도,2016-01-12 00:00,-3.1,,2.4,320,58,2000
102,백령도,2016-01-12 01:00,-3.5,,2.6,320,62,2000
102,백령도,2016-01-12 02:00,-3.8,,2.2,340,64,2000
102,백령도,2016-01-12 03:00,-3.7,,2.4,340,65,2000
102,백령도,2016-01-12 04:00,-3.8,,2.5,340,64,2000
102,백령도,2016-01-12 05:00,-3.9,,2.4,360,60,2000
102,백령도,2016-01-12 06:00,-3.7,,2.4,360,63,2000
102,백령도,2016-01-12 07:00,-3.7,,2.3,340,62,2000
102,백령도,2016-01-12 08:00,-3.7,,2.6,320,62,2000
102,백령도,2016-01-12 09:00,-3.6,,3,320,62,2000
102,백령도,2016-01-12 10:00,-3.4,,3,320,61,2000
102,백령도,2016-01-12 11:00,-2.9,,3.5,320,60,2000
102,백령도,2016-01-12 12:00,-2.6,,3.6,320,53,2000
102,백령도,2016-01-12 13:00,-3.2,,4.7,290,51,2000
102,백령도,2016-01-12 14:00,-3.4,,4.9,290,54,2000
102,백령도,2016-01-12 15:00,-3.4,,4.9,290,52,2000
102,백령도,2016-01-12 16:00,-3.9,,5.9,290,60,2000
102,백령도,2016-01-12 17:00,-4.1,,4.3,290,65,1500
102,백령도,2016-01-12 18:00,-3.7,0,4,290,73,2000
102,백령도,2016-01-12 19:00,-3.5,,5.4,290,64,2000
102,백령도,2016-01-12 20:00,-3.5,,7.6,290,57,2000
102,백령도,2016-01-12 21:00,-3,,6.4,290,55,2000
102,백령도,2016-01-12 22:00,-2.6,,7.9,290,52,2000
102,백령도,2016-01-12 23:00,-2.5,,7.5,290,51,2000
102,백령도,2016-01-13 00:00,-2.7,,6.3,290,50,2000
102,백령도,2016-01-13 01:00,-2.9,,8.7,290,50,2000
102,백령도,2016-01-13 02:00,-3,,7,290,54,2000
102,백령도,2016-01-13 03:00,-3.2,,4.9,290,52,2000
102,백령도,2016-01-13 04:00,-3.1,,4.7,290,49,2000
102,백령도,2016-01-13 05:00,-2.9,,5.8,290,49,2000
102,백령도,2016-01-13 06:00,-2.2,,6.6,290,43,2000
102,백령도,2016-01-13 07:00,-1.7,,6.6,290,46,2000
102,백령도,2016-01-13 08:00,-1.8,,4.5,270,65,1500
102,백령도,2016-01-13 09:00,-1.5,0,4.1,290,70,1800
102,백령도,2016-01-13 10:00,-1.2,,5,290,72,450
102,백령도,2016-01-13 11:00,-.3,,5.9,290,57,2000
102,백령도,2016-01-13 12:00,-.2,0,6.1,290,70,2000
102,백령도,2016-01-13 13:00,-.2,,7.3,290,56,2000
102,백령도,2016-01-13 14:00,.5,,6.5,290,53,2000
102,백령도,2016-01-13 15:00,-.2,0,8.5,290,44,2000
102,백령도,2016-01-13 16:00,-1.5,,7.3,290,44,2000
102,백령도,2016-01-13 17:00,-2.2,,6.3,290,51,2000
102,백령도,2016-01-13 18:00,-2.8,,3.4,320,55,2000
102,백령도,2016-01-13 19:00,-2.8,,4.1,290,58,2000
102,백령도,2016-01-13 20:00,-2.6,,4.6,290,50,2000
102,백령도,2016-01-13 21:00,-2.3,,5,290,48,2000
102,백령도,2016-01-13 22:00,-2.2,,5,290,49,2000
102,백령도,2016-01-13 23:00,-1.9,,6.4,290,45,2000
102,백령도,2016-01-14 00:00,-2.3,,5.5,290,44,2000
102,백령도,2016-01-14 01:00,-2.6,,2.9,290,47,2000
102,백령도,2016-01-14 02:00,-3.2,,3.3,290,43,2000
102,백령도,2016-01-14 03:00,-3.5,,1.9,320,43,2000
102,백령도,2016-01-14 04:00,-3.6,,2.4,290,41,2000
102,백령도,2016-01-14 05:00,-3.3,,1.5,320,45,2000
102,백령도,2016-01-14 06:00,-3.3,,1,340,46,2000
102,백령도,2016-01-14 07:00,-3,,1.5,320,45,2000
102,백령도,2016-01-14 08:00,-3.7,,2.9,110,52,2000
102,백령도,2016-01-14 09:00,-3.8,,4,90,59,2000
102,백령도,2016-01-14 10:00,-3.3,,3.3,110,61,1500
102,백령도,2016-01-14 11:00,-3.9,,4.1,110,84,150
102,백령도,2016-01-14 12:00,-3.1,2.3,4.6,110,88,300
102,백령도,2016-01-14 13:00,-2.6,,1.6,110,89,150
102,백령도,2016-01-14 14:00,-1,,2.4,90,80,2000
102,백령도,2016-01-14 15:00,-1.2,.1,3.4,70,84,1300
102,백령도,2016-01-14 16:00,-1.2,,3.2,290,88,80
102,백령도,2016-01-14 17:00,-1.9,,3.6,50,90,600
102,백령도,2016-01-14 18:00,-1.9,.7,3.2,90,90,1600
102,백령도,2016-01-14 19:00,-1.8,,2.8,90,89,1700
102,백령도,2016-01-14 20:00,-1.5,,1.2,140,87,2000
102,백령도,2016-01-14 21:00,-.1,,4.8,290,62,2000
102,백령도,2016-01-14 22:00,.1,,4.4,290,53,2000
102,백령도,2016-01-14 23:00,-.1,,3.8,290,48,2000
102,백령도,2016-01-15 00:00,-.2,,2.5,290,51,2000
102,백령도,2016-01-15 01:00,0,,1.7,320,52,2000
102,백령도,2016-01-15 02:00,.1,,1.1,360,52,2000
102,백령도,2016-01-15 03:00,-1.1,,3.5,90,72,2000
102,백령도,2016-01-15 04:00,-1.3,,4,70,71,2000
102,백령도,2016-01-15 05:00,-1.8,,4.5,90,76,2000
102,백령도,2016-01-15 06:00,-2.1,,4.2,70,74,2000
102,백령도,2016-01-15 07:00,-2.5,,4.7,70,75,2000
102,백령도,2016-01-15 08:00,-2.8,,4.3,70,68,2000
102,백령도,2016-01-15 09:00,-1.7,,5.1,90,61,2000
102,백령도,2016-01-15 10:00,-.4,,4.9,90,62,2000
102,백령도,2016-01-15 11:00,.2,,5.1,110,62,2000
102,백령도,2016-01-15 12:00,.6,,5.7,90,62,2000
102,백령도,2016-01-15 13:00,.7,,5.9,90,62,2000
102,백령도,2016-01-15 14:00,.9,,5.9,90,61,2000
102,백령도,2016-01-15 15:00,1.9,,3.6,110,61,2000
102,백령도,2016-01-15 16:00,1.9,,3.1,140,65,2000
102,백령도,2016-01-15 17:00,1.2,,3.9,110,69,2000
102,백령도,2016-01-15 18:00,.8,,4.4,110,72,2000
102,백령도,2016-01-15 19:00,.8,,4.4,90,74,1900
102,백령도,2016-01-15 20:00,.6,,4.9,90,75,1800
102,백령도,2016-01-15 21:00,.6,,5,90,76,1700
102,백령도,2016-01-15 22:00,.7,,4.9,90,78,1400
102,백령도,2016-01-15 23:00,.9,,4.2,90,78,1400
102,백령도,2016-01-16 00:00,.7,,4.4,90,75,1600
102,백령도,2016-01-16 01:00,.3,,4.1,90,72,1700
102,백령도,2016-01-16 02:00,.3,,4.3,90,71,1700
102,백령도,2016-01-16 03:00,.5,,4.1,90,66,1700
102,백령도,2016-01-16 04:00,.4,,4.5,90,69,1500
102,백령도,2016-01-16 05:00,.5,,4.7,90,70,1300
102,백령도,2016-01-16 06:00,.4,,5,110,71,1200
102,백령도,2016-01-16 07:00,.9,,5.3,110,75,1000
102,백령도,2016-01-16 08:00,.9,,4.7,110,73,1000
102,백령도,2016-01-16 09:00,1,,6.5,90,69,1000
102,백령도,2016-01-16 10:00,1.4,,6.2,90,69,1100
102,백령도,2016-01-16 11:00,2.1,,5.7,90,72,1000
102,백령도,2016-01-16 12:00,2.3,,6.5,90,73,1000
102,백령도,2016-01-16 13:00,2.5,,5.3,90,74,1000
102,백령도,2016-01-16 14:00,2.6,,5.4,90,77,700
102,백령도,2016-01-16 15:00,2.7,,5.6,90,77,700
102,백령도,2016-01-16 16:00,2.6,,3.9,90,79,600
102,백령도,2016-01-16 17:00,2.4,,4.3,90,82,500
102,백령도,2016-01-16 18:00,2,,4.4,110,83,500
102,백령도,2016-01-16 19:00,2.1,,4.2,110,84,500
102,백령도,2016-01-16 20:00,2,,4.8,110,86,300
102,백령도,2016-01-16 21:00,1.9,,5.4,110,86,400
102,백령도,2016-01-16 22:00,1.7,,5.5,110,86,400
102,백령도,2016-01-16 23:00,1.8,,4.9,90,88,300
102,백령도,2016-01-17 00:00,1.9,,5.2,110,89,250
102,백령도,2016-01-17 01:00,1.8,,4.4,110,89,250
102,백령도,2016-01-17 02:00,1.9,,4.2,110,89,200
102,백령도,2016-01-17 03:00,1.9,,4.3,110,90,200
102,백령도,2016-01-17 04:00,1.8,,4.4,110,90,200
102,백령도,2016-01-17 05:00,1.5,,4.1,90,90,200
102,백령도,2016-01-17 06:00,1.5,,4.4,110,89,200
102,백령도,2016-01-17 07:00,1.6,,4.8,110,88,300
102,백령도,2016-01-17 08:00,1.5,,6.8,110,87,300
102,백령도,2016-01-17 09:00,1.7,,4.5,110,85,300
102,백령도,2016-01-17 10:00,2.1,,3.6,110,85,300
102,백령도,2016-01-17 11:00,2.6,,4.5,110,83,300
102,백령도,2016-01-17 12:00,2.6,,4.7,110,83,300
102,백령도,2016-01-17 13:00,3,,3.6,110,82,500
102,백령도,2016-01-17 14:00,3.8,,1.9,110,79,600
102,백령도,2016-01-17 15:00,3.8,0,.5,70,82,500
102,백령도,2016-01-17 16:00,3,,1.2,90,84,300
102,백령도,2016-01-17 17:00,2.8,,1.6,70,88,300
102,백령도,2016-01-17 18:00,1,0,2.5,290,90,300
102,백령도,2016-01-17 19:00,.6,,3.7,320,90,500
102,백령도,2016-01-17 20:00,.2,,2.7,320,90,300
102,백령도,2016-01-17 21:00,-.3,0,3,320,89,200
102,백령도,2016-01-17 22:00,-.8,,3.4,290,89,200
102,백령도,2016-01-17 23:00,-1.4,,4.7,290,85,700
102,백령도,2016-01-18 00:00,-2.2,0,4.9,290,78,800
102,백령도,2016-01-18 01:00,-3.1,,5.9,290,76,900
102,백령도,2016-01-18 02:00,-3.6,,5.7,290,75,1100
102,백령도,2016-01-18 03:00,-4.1,,8.7,290,71,1700
102,백령도,2016-01-18 04:00,-4.8,,6.8,290,72,1800
102,백령도,2016-01-18 05:00,-5.1,,6,290,69,2000
102,백령도,2016-01-18 06:00,-5.8,,5.6,290,59,2000
102,백령도,2016-01-18 07:00,-6.1,,5.7,290,62,2000
102,백령도,2016-01-18 08:00,-6.8,,6.4,290,61,2000
102,백령도,2016-01-18 09:00,-7.2,,7.1,290,56,2000
102,백령도,2016-01-18 10:00,-7.4,,6.7,290,63,1500
102,백령도,2016-01-18 11:00,-7.7,,6.9,290,66,1500
102,백령도,2016-01-18 12:00,-7.9,0,7.9,290,61,1700
102,백령도,2016-01-18 13:00,-8.7,,7.3,290,68,1200
102,백령도,2016-01-18 14:00,-8.9,,12.7,290,57,1800
102,백령도,2016-01-18 15:00,-9,0,10.8,290,64,1100
102,백령도,2016-01-18 16:00,-9.2,,9,290,73,700
102,백령도,2016-01-18 17:00,-9.1,,8.9,290,64,1500
102,백령도,2016-01-18 18:00,-9.2,0,9.5,290,70,500
102,백령도,2016-01-18 19:00,-9.2,,8.5,290,75,500
102,백령도,2016-01-18 20:00,-9.4,,8.7,290,68,900
102,백령도,2016-01-18 21:00,-9.8,0,6,290,75,700
102,백령도,2016-01-18 22:00,-10.5,,6.1,290,74,700
102,백령도,2016-01-18 23:00,-10.2,,6.1,290,75,700
102,백령도,2016-01-19 00:00,-10,0,7.2,290,70,800
102,백령도,2016-01-19 01:00,-10.4,,6.3,290,75,300
102,백령도,2016-01-19 02:00,-10.1,,6.9,320,74,300
102,백령도,2016-01-19 03:00,-10.1,0,7.1,290,77,300
102,백령도,2016-01-19 04:00,-10.3,,6.4,290,73,300
102,백령도,2016-01-19 05:00,-10.6,,5.9,320,78,300
102,백령도,2016-01-19 06:00,-10.5,0,6,320,70,800
102,백령도,2016-01-19 07:00,-10.6,,4.2,320,75,300
102,백령도,2016-01-19 08:00,-10.8,,5,320,77,300
102,백령도,2016-01-19 09:00,-10.7,0,5.6,320,69,1200
102,백령도,2016-01-19 10:00,-10.3,,5.3,320,69,800
102,백령도,2016-01-19 11:00,-10,,4.4,320,73,600
102,백령도,2016-01-19 12:00,-10.5,.2,4.9,320,79,110
102,백령도,2016-01-19 13:00,-9.6,,4.9,320,70,300
102,백령도,2016-01-19 14:00,-9.6,,6.6,290,77,1100
102,백령도,2016-01-19 15:00,-9,0,6,290,59,300
102,백령도,2016-01-19 16:00,-9.2,,5.3,320,79,80
102,백령도,2016-01-19 17:00,-8.8,,7.1,290,72,300
102,백령도,2016-01-19 18:00,-8.5,0,6.2,290,68,700
102,백령도,2016-01-19 19:00,-8.2,,4.2,320,64,700
102,백령도,2016-01-19 20:00,-7.8,,5.6,290,65,2000
102,백령도,2016-01-19 21:00,-7.9,0,3.4,320,66,2000
102,백령도,2016-01-19 22:00,-8,,4.6,320,66,2000
102,백령도,2016-01-19 23:00,-8.1,,1.9,340,69,1900
102,백령도,2016-01-20 00:00,-8.2,,3,360,70,2000
102,백령도,2016-01-20 01:00,-8.1,,3.1,340,72,2000
102,백령도,2016-01-20 02:00,-8.1,,3.7,320,75,1900
102,백령도,2016-01-20 03:00,-7.7,,3.8,290,76,1900
102,백령도,2016-01-20 04:00,-7.8,,3.4,320,73,1900
102,백령도,2016-01-20 05:00,-7.5,,3.7,320,74,2000
102,백령도,2016-01-20 06:00,-7.3,,2.5,340,75,2000
102,백령도,2016-01-20 07:00,-7.3,,2.5,340,72,2000
102,백령도,2016-01-20 08:00,-7,,3.2,320,73,2000
102,백령도,2016-01-20 09:00,-6.7,0,3.7,320,72,1900
102,백령도,2016-01-20 10:00,-6.3,,3,320,72,2000
102,백령도,2016-01-20 11:00,-5.9,,4.7,290,68,2000
102,백령도,2016-01-20 12:00,-5.9,0,3.7,320,67,2000
102,백령도,2016-01-20 13:00,-5.6,,3.5,320,66,2000
102,백령도,2016-01-20 14:00,-5.2,,1.9,340,66,2000
102,백령도,2016-01-20 15:00,-5.4,,2.6,320,69,2000
102,백령도,2016-01-20 16:00,-5.4,,3.4,290,67,2000
102,백령도,2016-01-20 17:00,-5.4,,3.3,320,64,2000
102,백령도,2016-01-20 18:00,-5.5,,3,290,64,2000
102,백령도,2016-01-20 19:00,-5.3,,3.5,320,60,2000
102,백령도,2016-01-20 20:00,-5.1,,3.6,320,60,2000
102,백령도,2016-01-20 21:00,-5,,3.1,320,58,2000
102,백령도,2016-01-20 22:00,-4.8,,1.9,360,59,2000
102,백령도,2016-01-20 23:00,-4.8,,1.9,340,58,2000
102,백령도,2016-01-21 00:00,-4.8,,2.3,340,58,2000
102,백령도,2016-01-21 01:00,-4.9,,2.2,320,61,2000
102,백령도,2016-01-21 02:00,-5,,3.4,290,61,2000
102,백령도,2016-01-21 03:00,-5.1,,3.1,320,61,2000
102,백령도,2016-01-21 04:00,-5.2,,2.9,320,63,2000
102,백령도,2016-01-21 05:00,-5.3,,2.9,320,62,2000
102,백령도,2016-01-21 06:00,-5.4,,3,320,62,2000
102,백령도,2016-01-21 07:00,-5.5,,2.9,320,64,2000
102,백령도,2016-01-21 08:00,-5.9,,3.1,320,62,2000
102,백령도,2016-01-21 09:00,-6,,3.1,290,63,2000
102,백령도,2016-01-21 10:00,-5.8,,2.3,320,62,2000
102,백령도,2016-01-21 11:00,-4.8,,2.6,320,60,2000
102,백령도,2016-01-21 12:00,-4.9,,3.2,320,61,2000
102,백령도,2016-01-21 13:00,-5.1,,2.7,320,62,2000
102,백령도,2016-01-21 14:00,-4.7,,3.6,320,62,2000
102,백령도,2016-01-21 15:00,-4,,3.4,320,57,2000
102,백령도,2016-01-21 16:00,-4.3,,2.3,340,60,2000
102,백령도,2016-01-21 17:00,-4.5,,1.6,360,61,2000
102,백령도,2016-01-21 18:00,-5,,2.5,340,59,2000
102,백령도,2016-01-21 19:00,-4.9,,2.5,340,60,2000
102,백령도,2016-01-21 20:00,-4.5,,2.1,320,59,2000
102,백령도,2016-01-21 21:00,-4.3,,1.8,340,57,2000
102,백령도,2016-01-21 22:00,-4.4,,2.2,320,55,2000
102,백령도,2016-01-21 23:00,-4.3,,2.5,340,54,2000
102,백령도,2016-01-22 00:00,-4.2,,2.4,320,54,2000
102,백령도,2016-01-22 01:00,-4.6,,2.8,320,56,2000
102,백령도,2016-01-22 02:00,-4.8,,2.5,320,58,2000
102,백령도,2016-01-22 03:00,-5.4,,2.8,340,60,2000
102,백령도,2016-01-22 04:00,-5.6,,2.4,320,62,2000
102,백령도,2016-01-22 05:00,-5.7,,3.2,320,59,2000
102,백령도,2016-01-22 06:00,-5.7,,3,340,58,2000
102,백령도,2016-01-22 07:00,-5.8,,2.5,340,55,2000
102,백령도,2016-01-22 08:00,-5.8,,2.4,340,54,2000
102,백령도,2016-01-22 09:00,-5.6,,2.2,360,53,2000
102,백령도,2016-01-22 10:00,-5.4,,2.3,340,53,2000
102,백령도,2016-01-22 11:00,-4.8,,2,340,52,2000
102,백령도,2016-01-22 12:00,-5.2,,2.1,340,53,2000
102,백령도,2016-01-22 13:00,-4.8,,2.3,360,56,2000
102,백령도,2016-01-22 14:00,-5,,1.7,320,56,2000
102,백령도,2016-01-22 15:00,-5.1,,2.7,320,53,2000
102,백령도,2016-01-22 16:00,-5.6,,4.3,320,54,2000
102,백령도,2016-01-22 17:00,-5.9,,3.2,320,53,2000
102,백령도,2016-01-22 18:00,-6,,3.3,320,54,2000
102,백령도,2016-01-22 19:00,-5.8,,3.7,290,57,2000
102,백령도,2016-01-22 20:00,-5.8,,4,290,56,2000
102,백령도,2016-01-22 21:00,-5.8,,4,290,52,2000
102,백령도,2016-01-22 22:00,-5.5,,5.7,290,56,2000
102,백령도,2016-01-22 23:00,-6.2,,4.8,320,68,700
102,백령도,2016-01-23 00:00,-7.6,0,4.6,320,76,500
102,백령도,2016-01-23 01:00,-8.2,,5.6,290,73,1100
102,백령도,2016-01-23 02:00,-9.3,,5.8,290,66,1200
102,백령도,2016-01-23 03:00,-9.6,0,5,290,66,1000
102,백령도,2016-01-23 04:00,-9.9,,5.8,290,54,2000
102,백령도,2016-01-23 05:00,-10.4,,6,290,62,500
102,백령도,2016-01-23 06:00,-10.8,0,6,290,56,1800
102,백령도,2016-01-23 07:00,-11.1,,5.6,290,66,600
102,백령도,2016-01-23 08:00,-11.4,,7.5,290,66,700
102,백령도,2016-01-23 09:00,-11.8,0,9,290,67,800
102,백령도,2016-01-23 10:00,-12,,8.1,290,63,700
102,백령도,2016-01-23 11:00,-11.9,,9.2,290,63,700
102,백령도,2016-01-23 12:00,-12.2,0,10.2,290,71,80
102,백령도,2016-01-23 13:00,-12.3,,11.5,290,64,190
102,백령도,2016-01-23 14:00,-12.1,,13,290,54,1700
102,백령도,2016-01-23 15:00,-12.3,.3,13.2,290,64,400
102,백령도,2016-01-23 16:00,-12.7,,13.6,290,68,110
102,백령도,2016-01-23 17:00,-12.5,,13.9,290,61,200
102,백령도,2016-01-23 18:00,-12.4,0,14,290,64,240
102,백령도,2016-01-23 19:00,-12.9,,11.9,290,65,150
102,백령도,2016-01-23 20:00,-12.9,,7.5,290,69,400
102,백령도,2016-01-23 21:00,-12.9,0,8.3,290,65,450
102,백령도,2016-01-23 22:00,-13.5,,6.3,290,77,250
102,백령도,2016-01-23 23:00,-13.7,,6.2,290,71,400
102,백령도,2016-01-24 00:00,-13.9,.1,5.6,290,73,150
102,백령도,2016-01-24 01:00,-14,,5,320,70,150
102,백령도,2016-01-24 02:00,-13.9,,4.5,320,75,70
102,백령도,2016-01-24 03:00,-13.6,0,5.2,290,75,300
102,백령도,2016-01-24 04:00,-13.7,,6.1,320,71,450
102,백령도,2016-01-24 05:00,-13.7,,6.2,290,72,600
102,백령도,2016-01-24 06:00,-13.3,.3,5.2,320,68,500
102,백령도,2016-01-24 07:00,-13.1,,6.4,290,74,200
102,백령도,2016-01-24 08:00,-12.8,,5.5,320,74,350
102,백령도,2016-01-24 09:00,-12.6,0,5,320,73,500
102,백령도,2016-01-24 10:00,-12.1,,5,320,77,150
102,백령도,2016-01-24 11:00,-11.3,,5.2,320,73,800
102,백령도,2016-01-24 12:00,-11.4,0,5.3,320,75,150
102,백령도,2016-01-24 13:00,-10.7,,4.9,320,72,1000
102,백령도,2016-01-24 14:00,-9.7,,6.2,290,77,500
102,백령도,2016-01-24 15:00,-9,0,6,290,72,600
102,백령도,2016-01-24 16:00,-9,,7,290,74,300
102,백령도,2016-01-24 17:00,-9,,6.7,290,71,500
102,백령도,2016-01-24 18:00,-8.9,0,5.1,290,81,80
102,백령도,2016-01-24 19:00,-8.2,,5.5,290,75,500
102,백령도,2016-01-24 20:00,-7.9,,5.9,290,81,120
102,백령도,2016-01-24 21:00,-7.4,.5,5.1,290,81,250
102,백령도,2016-01-24 22:00,-7.6,,4.8,290,76,1400
102,백령도,2016-01-24 23:00,-8.2,,4.3,320,71,380
102,백령도,2016-01-25 00:00,-8,1.2,4.2,320,65,1400
102,백령도,2016-01-25 01:00,-8,,3.7,320,65,1700
102,백령도,2016-01-25 02:00,-8,,3.2,320,64,1900
102,백령도,2016-01-25 03:00,-7.8,0,2.9,320,67,1500
102,백령도,2016-01-25 04:00,-7.7,,2.8,320,71,1000
102,백령도,2016-01-25 05:00,-7.5,,2.5,320,70,1400
102,백령도,2016-01-25 06:00,-7.3,0,2.2,320,71,1700
102,백령도,2016-01-25 07:00,-6.9,,3,290,70,1500
102,백령도,2016-01-25 08:00,-6.6,,1.9,320,69,1900
102,백령도,2016-01-25 09:00,-6.1,0,4.2,290,64,1900
102,백령도,2016-01-25 10:00,-5.4,,2.1,320,65,2000
102,백령도,2016-01-25 11:00,-4.9,,1.7,290,66,1800
102,백령도,2016-01-25 12:00,-4.8,0,1.7,290,67,1900
102,백령도,2016-01-25 13:00,-4.3,,2.5,290,65,1800
102,백령도,2016-01-25 14:00,-4.2,,2.9,290,65,1100
102,백령도,2016-01-25 15:00,-4.2,0,3.4,290,65,2000
102,백령도,2016-01-25 16:00,-4,,2.6,290,67,1700
102,백령도,2016-01-25 17:00,-3.9,,.5,20,72,2000
102,백령도,2016-01-25 18:00,-3.4,0,4.2,290,60,2000
102,백령도,2016-01-25 19:00,-3.4,,3.2,290,58,2000
102,백령도,2016-01-25 20:00,-3.2,,3.5,290,55,2000
102,백령도,2016-01-25 21:00,-2.7,,2.9,270,56,2000
102,백령도,2016-01-25 22:00,-2.4,,2.7,270,58,2000
102,백령도,2016-01-25 23:00,-1.9,,3,270,61,2000
102,백령도,2016-01-26 00:00,-1.7,0,2.6,270,73,1300
102,백령도,2016-01-26 01:00,-1.2,,4.3,270,66,2000
102,백령도,2016-01-26 02:00,-1.5,,4.2,270,60,2000
102,백령도,2016-01-26 03:00,-1.6,0,5.9,270,57,2000
102,백령도,2016-01-26 04:00,-1.7,,6.3,270,59,2000
102,백령도,2016-01-26 05:00,-1.6,,4.7,270,60,1800
102,백령도,2016-01-26 06:00,-1.6,,5.3,270,59,2000
102,백령도,2016-01-26 07:00,-1.6,,6.1,250,65,2000
102,백령도,2016-01-26 08:00,-1.5,,6.1,270,64,2000
102,백령도,2016-01-26 09:00,-1.1,,5.6,270,59,2000
102,백령도,2016-01-26 10:00,-.8,,5,250,53,2000
102,백령도,2016-01-26 11:00,-.2,,5.7,270,52,1500
102,백령도,2016-01-26 12:00,.4,,6.1,270,47,1500
102,백령도,2016-01-26 13:00,.9,,7.3,270,44,1400
102,백령도,2016-01-26 14:00,1.8,,7.7,270,39,1700
102,백령도,2016-01-26 15:00,1.8,,7.7,270,41,1600
102,백령도,2016-01-26 16:00,1.6,,7.6,270,37,2000
102,백령도,2016-01-26 17:00,.8,,7.4,270,54,1300
102,백령도,2016-01-26 18:00,.9,,6,270,55,1600
102,백령도,2016-01-26 19:00,.9,,6.7,290,55,2000
102,백령도,2016-01-26 20:00,.5,,6.7,290,62,1900
102,백령도,2016-01-26 21:00,-.2,,7.6,290,59,1700
102,백령도,2016-01-26 22:00,-.5,,6.9,290,58,1700
102,백령도,2016-01-26 23:00,-.6,,6.3,290,58,1600
102,백령도,2016-01-27 00:00,-.5,,5,290,55,1600
102,백령도,2016-01-27 01:00,-.2,,5.1,290,54,1500
102,백령도,2016-01-27 02:00,-.2,,5.6,290,50,1800
102,백령도,2016-01-27 03:00,-.9,,4.9,290,50,2000
102,백령도,2016-01-27 04:00,-1.1,,3.9,290,48,2000
102,백령도,2016-01-27 05:00,-1,,4,290,47,2000
102,백령도,2016-01-27 06:00,-1.1,,3.2,290,46,2000
102,백령도,2016-01-27 07:00,-1.1,,2.9,290,46,2000
102,백령도,2016-01-27 08:00,-1,,1.8,320,44,2000
102,백령도,2016-01-27 09:00,-.9,,2.2,90,57,2000
102,백령도,2016-01-27 10:00,.1,,2,90,54,2000
102,백령도,2016-01-27 11:00,1,,1.5,90,50,2500
102,백령도,2016-01-27 12:00,1.1,,2.3,290,41,2500
102,백령도,2016-01-27 13:00,1.8,,2.2,250,41,2500
102,백령도,2016-01-27 14:00,1.7,,2.9,270,39,2500
102,백령도,2016-01-27 15:00,1.9,,3,270,37,2500
102,백령도,2016-01-27 16:00,1.6,,2.8,250,38,2500
102,백령도,2016-01-27 17:00,1.5,,2.7,270,41,2500
102,백령도,2016-01-27 18:00,.2,,1.5,230,44,2500
102,백령도,2016-01-27 19:00,.1,,2,230,46,2000
102,백령도,2016-01-27 20:00,0,,1.3,200,44,2000
102,백령도,2016-01-27 21:00,.3,,.7,180,46,2000
102,백령도,2016-01-27 22:00,.3,,1.5,180,47,2000
102,백령도,2016-01-27 23:00,.1,,1.8,180,51,2000
102,백령도,2016-01-28 00:00,.4,,1.3,160,52,2000
102,백령도,2016-01-28 01:00,.3,,.9,90,51,2000
102,백령도,2016-01-28 02:00,-.6,,2.6,110,68,2000
102,백령도,2016-01-28 03:00,-.5,,2.7,110,70,2000
102,백령도,2016-01-28 04:00,-.3,,3.2,90,71,2000
102,백령도,2016-01-28 05:00,-.7,,3.1,90,79,2000
102,백령도,2016-01-28 06:00,-1,,2.9,70,82,2000
102,백령도,2016-01-28 07:00,-.9,,3.8,90,76,2000
102,백령도,2016-01-28 08:00,-.7,,4.5,110,71,2000
102,백령도,2016-01-28 09:00,-.2,,5.6,110,67,2000
102,백령도,2016-01-28 10:00,.3,,5.8,90,67,2000
102,백령도,2016-01-28 11:00,.8,,5.7,90,59,2000
102,백령도,2016-01-28 12:00,1.1,,5.6,90,56,2000
102,백령도,2016-01-28 13:00,1.3,,5.1,90,51,2000
102,백령도,2016-01-28 14:00,1.6,,2.9,90,58,2000
102,백령도,2016-01-28 15:00,1.7,,2.3,70,59,2000
102,백령도,2016-01-28 16:00,1.5,,2.6,70,58,2000
102,백령도,2016-01-28 17:00,1.5,,2.3,50,57,2000
102,백령도,2016-01-28 18:00,1,,1.3,20,62,2000
102,백령도,2016-01-28 19:00,.5,,1.9,50,61,2000
102,백령도,2016-01-28 20:00,.5,,2.1,70,63,2000
102,백령도,2016-01-28 21:00,.5,,1.3,50,57,2000
102,백령도,2016-01-28 22:00,.5,,2.7,50,59,1800
102,백령도,2016-01-28 23:00,.2,,2.1,20,58,2000
102,백령도,2016-01-29 00:00,0,,2.3,50,58,2000
102,백령도,2016-01-29 01:00,-.2,,2.1,20,46,1800
102,백령도,2016-01-29 02:00,-.7,,3.4,50,51,1800
102,백령도,2016-01-29 03:00,-.3,,3.2,50,58,1500
102,백령도,2016-01-29 04:00,-.3,,4,50,59,1500
102,백령도,2016-01-29 05:00,-.7,,4.6,50,54,1600
102,백령도,2016-01-29 06:00,-.9,,3.1,50,52,1500
102,백령도,2016-01-29 07:00,-1.3,,2.9,20,54,1500
102,백령도,2016-01-29 08:00,-1.4,,3.4,20,51,1500
102,백령도,2016-01-29 09:00,-.9,,3,20,55,1400
102,백령도,2016-01-29 10:00,-.5,,2.7,20,58,1600
102,백령도,2016-01-29 11:00,-.2,,2.5,20,59,1400
102,백령도,2016-01-29 12:00,-.1,,3,20,61,1300
102,백령도,2016-01-29 13:00,0,,2.8,20,61,1300
102,백령도,2016-01-29 14:00,-.4,,2.9,20,62,1300
102,백령도,2016-01-29 15:00,-.3,,2.4,20,62,1400
102,백령도,2016-01-29 16:00,-.6,,2.3,20,61,1500
102,백령도,2016-01-29 17:00,-1,,2.4,20,60,1500
102,백령도,2016-01-29 18:00,-1.5,,3,20,61,1600
102,백령도,2016-01-29 19:00,-1.4,,2.2,360,61,1700
102,백령도,2016-01-29 20:00,-1.2,,2.1,360,58,1800
102,백령도,2016-01-29 21:00,-1,,2,360,56,2000
102,백령도,2016-01-29 22:00,-1,,2.1,340,55,2000
102,백령도,2016-01-29 23:00,-1.2,,2.3,340,54,2000
102,백령도,2016-01-30 00:00,-1.2,,2,340,59,2000
102,백령도,2016-01-30 01:00,-1.3,,2.3,360,61,2000
102,백령도,2016-01-30 02:00,-1.6,,2.5,320,61,2000
102,백령도,2016-01-30 03:00,-2,,2.5,320,67,2000
102,백령도,2016-01-30 04:00,-2.5,,2.6,320,66,2000
102,백령도,2016-01-30 05:00,-3.1,,2.5,340,66,2000
102,백령도,2016-01-30 06:00,-3.3,,2.4,360,68,2000
102,백령도,2016-01-30 07:00,-3.5,,3.1,340,68,2000
102,백령도,2016-01-30 08:00,-3.7,,2.4,340,68,2000
102,백령도,2016-01-30 09:00,-3.6,,2.8,320,67,2000
102,백령도,2016-01-30 10:00,-3.3,,3.1,320,67,2000
102,백령도,2016-01-30 11:00,-2.7,,2.4,340,65,2000
102,백령도,2016-01-30 12:00,-2.3,,2.4,340,62,2000
102,백령도,2016-01-30 13:00,-2.4,,3.4,320,62,2000
102,백령도,2016-01-30 14:00,-3.2,,3.6,340,64,2000
102,백령도,2016-01-30 15:00,-3.1,,2.8,340,66,2000
102,백령도,2016-01-30 16:00,-3.2,,2.8,340,61,2000
102,백령도,2016-01-30 17:00,-3,,3.1,320,58,2000
102,백령도,2016-01-30 18:00,-3.4,,2.9,320,57,2000
102,백령도,2016-01-30 19:00,-3.3,,3.4,320,54,2000
102,백령도,2016-01-30 20:00,-3.2,,3.9,290,53,2000
102,백령도,2016-01-30 21:00,-3.4,,3.6,320,52,2000
102,백령도,2016-01-30 22:00,-3.3,,4.8,290,52,2000
102,백령도,2016-01-30 23:00,-3.5,,5,290,52,2000
102,백령도,2016-01-31 00:00,-3.7,,4.2,290,53,2000
102,백령도,2016-01-31 01:00,-4,,5.1,290,56,2000
102,백령도,2016-01-31 02:00,-4.4,,4.7,290,59,2000
102,백령도,2016-01-31 03:00,-4.9,,4.4,290,59,2000
102,백령도,2016-01-31 04:00,-5.3,,4.5,290,60,2000
102,백령도,2016-01-31 05:00,-5.5,,3.9,290,61,2000
102,백령도,2016-01-31 06:00,-5.9,,4.6,290,58,2000
102,백령도,2016-01-31 07:00,-6,,4.4,290,52,2000
102,백령도,2016-01-31 08:00,-6.1,,3.9,320,50,2000
102,백령도,2016-01-31 09:00,-5.7,,4.2,320,51,2500
102,백령도,2016-01-31 10:00,-5.4,,3.9,320,51,2500
102,백령도,2016-01-31 11:00,-4.7,,4.3,320,45,2500
102,백령도,2016-01-31 12:00,-3.7,,4.2,320,43,2500
102,백령도,2016-01-31 13:00,-4.1,,4.6,320,45,2500
102,백령도,2016-01-31 14:00,-4.4,,4.2,320,50,2500
102,백령도,2016-01-31 15:00,-4.3,,4,320,44,2500
102,백령도,2016-01-31 16:00,-4.5,,4.5,290,51,2500
102,백령도,2016-01-31 17:00,-4.6,,3.8,320,52,2500
102,백령도,2016-01-31 18:00,-5.4,,4.1,290,56,2500
102,백령도,2016-01-31 19:00,-5.5,,3.8,320,56,2000
102,백령도,2016-01-31 20:00,-5,,4.1,320,55,2000
102,백령도,2016-01-31 21:00,-4.9,,3.4,320,56,2000
102,백령도,2016-01-31 22:00,-4.7,,3.6,320,53,2000
102,백령도,2016-01-31 23:00,-4.8,,3.8,320,51,2000
102,백령도,2016-02-01 00:00,-4.7,,3.4,320,52,2000
102,백령도,2016-02-01 01:00,-5.3,,4.4,320,52,2000
102,백령도,2016-02-01 02:00,-5.8,,3.6,320,55,2000
102,백령도,2016-02-01 03:00,-5.8,,2.8,320,58,2000
102,백령도,2016-02-01 04:00,-6.2,,2.8,320,58,2000
102,백령도,2016-02-01 05:00,-6.6,,3.2,320,59,2000
102,백령도,2016-02-01 06:00,-6.7,,3.3,320,57,2000
102,백령도,2016-02-01 07:00,-6.3,,4.1,320,57,2000
102,백령도,2016-02-01 08:00,-6.3,,3.8,320,52,2000
102,백령도,2016-02-01 09:00,-5.8,,3.5,340,48,2000
102,백령도,2016-02-01 10:00,-5.3,,3.2,320,46,2000
102,백령도,2016-02-01 11:00,-4.6,,3.6,320,46,2000
102,백령도,2016-02-01 12:00,-3.8,,3.7,320,48,2000
102,백령도,2016-02-01 13:00,-3.9,,4,320,46,2000
102,백령도,2016-02-01 14:00,-3.4,,4.3,320,47,2000
102,백령도,2016-02-01 15:00,-3.1,,3.6,320,46,2000
102,백령도,2016-02-01 16:00,-3.3,,4.9,290,46,2000
102,백령도,2016-02-01 17:00,-3.8,,3.9,290,49,2000
102,백령도,2016-02-01 18:00,-4.2,,4,320,53,2000
102,백령도,2016-02-01 19:00,-4.4,,2.9,320,54,2000
102,백령도,2016-02-01 20:00,-4.3,,3.2,320,53,2000
102,백령도,2016-02-01 21:00,-4,,2,320,51,2000
102,백령도,2016-02-01 22:00,-3.7,,2.8,320,52,2000
102,백령도,2016-02-01 23:00,-3.5,,3,320,51,2000
102,백령도,2016-02-02 00:00,-3.3,,2.2,320,48,2000
102,백령도,2016-02-02 01:00,-3,,2.4,290,48,2000
102,백령도,2016-02-02 02:00,-2.6,,2.5,320,48,2000
102,백령도,2016-02-02 03:00,-3.1,,3.7,290,52,2000
102,백령도,2016-02-02 04:00,-3.8,,2.7,320,42,2000
102,백령도,2016-02-02 05:00,-3.9,,2.4,360,47,2000
102,백령도,2016-02-02 06:00,-4.1,,2.1,340,46,2000
102,백령도,2016-02-02 07:00,-4,,2.5,360,45,2000
102,백령도,2016-02-02 08:00,-3.7,,2.8,340,46,2000
102,백령도,2016-02-02 09:00,-2.9,,1.9,340,43,2000
102,백령도,2016-02-02 10:00,-2.4,,2,340,44,2000
102,백령도,2016-02-02 11:00,-1.1,,1.6,360,42,2000
102,백령도,2016-02-02 12:00,-.5,,1.7,360,34,2000
102,백령도,2016-02-02 13:00,-.5,,2.1,320,36,2000
102,백령도,2016-02-02 14:00,-.1,,2.3,320,32,2000
102,백령도,2016-02-02 15:00,-.1,,3.7,290,34,2000
102,백령도,2016-02-02 16:00,.1,,3.1,290,36,2000
102,백령도,2016-02-02 17:00,-.3,,2.6,290,40,2000
102,백령도,2016-02-02 18:00,-1.3,,3,290,49,2000
102,백령도,2016-02-02 19:00,-.9,,4,290,44,2000
102,백령도,2016-02-02 20:00,-.6,,4.8,290,42,2000
102,백령도,2016-02-02 21:00,-.5,,4,290,42,2000
102,백령도,2016-02-02 22:00,-.4,,4,290,44,2000
102,백령도,2016-02-02 23:00,-.4,,3.8,290,45,2000
102,백령도,2016-02-03 00:00,-.3,,3.7,290,44,2000
102,백령도,2016-02-03 01:00,-.1,,3,290,45,2000
102,백령도,2016-02-03 02:00,.4,,2.7,290,49,2000
102,백령도,2016-02-03 03:00,.3,,4.7,290,49,2000
102,백령도,2016-02-03 04:00,-.3,,4.5,290,47,2000
102,백령도,2016-02-03 05:00,-.1,,2.1,290,48,2000
102,백령도,2016-02-03 06:00,.1,,4,270,53,2000
102,백령도,2016-02-03 07:00,.1,,3.2,270,54,2000
102,백령도,2016-02-03 08:00,0,,3,270,52,2000
102,백령도,2016-02-03 09:00,0,,.5,50,62,1500
102,백령도,2016-02-03 10:00,.1,,1.9,70,69,1500
102,백령도,2016-02-03 11:00,1.2,,2.2,250,52,1300
102,백령도,2016-02-03 12:00,1.7,,3.7,270,48,1500
102,백령도,2016-02-03 13:00,1.7,,4.6,290,50,1500
102,백령도,2016-02-03 14:00,1.4,,3.6,290,50,2000
102,백령도,2016-02-03 15:00,1.9,,3.7,290,51,2000
102,백령도,2016-02-03 16:00,1.8,,3.4,270,49,2000
102,백령도,2016-02-03 17:00,1.2,,3.8,290,54,2000
102,백령도,2016-02-03 18:00,.5,,3.1,270,56,2000
102,백령도,2016-02-03 19:00,0,,2.5,270,59,2000
102,백령도,2016-02-03 20:00,0,,3.7,270,59,2000
102,백령도,2016-02-03 21:00,.5,,5.1,270,57,2000
102,백령도,2016-02-03 22:00,.7,,5.9,270,58,2000
102,백령도,2016-02-03 23:00,1.4,,4.9,270,49,2000
102,백령도,2016-02-04 00:00,1.9,,6.9,290,54,2000
102,백령도,2016-02-04 01:00,1.6,,7.7,290,44,2000
102,백령도,2016-02-04 02:00,.9,,7.2,290,48,2000
102,백령도,2016-02-04 03:00,.8,,6,290,61,1300
102,백령도,2016-02-04 04:00,1,,3.9,320,64,1600
102,백령도,2016-02-04 05:00,.6,,2.6,320,61,1600
102,백령도,2016-02-04 06:00,0,,2.1,320,67,1500
102,백령도,2016-02-04 07:00,-.5,,2,320,66,1400
102,백령도,2016-02-04 08:00,-.7,,2.2,320,69,1500
102,백령도,2016-02-04 09:00,-.1,,2.1,340,63,1400
102,백령도,2016-02-04 10:00,.8,,1.2,340,50,1800
102,백령도,2016-02-04 11:00,1.5,,1.3,320,43,2000
102,백령도,2016-02-04 12:00,1.4,,2.3,320,51,1700
102,백령도,2016-02-04 13:00,1.5,,2.1,320,48,1900
102,백령도,2016-02-04 14:00,.8,,2,360,52,1900
102,백령도,2016-02-04 15:00,-.3,,2,340,49,2000
102,백령도,2016-02-04 16:00,-.6,,2,320,46,2000
102,백령도,2016-02-04 17:00,-.9,,3.4,290,50,2000
102,백령도,2016-02-04 18:00,-1.4,,5.1,290,49,2000
102,백령도,2016-02-04 19:00,-1.2,,6.5,290,43,2000
102,백령도,2016-02-04 20:00,-1.3,,5.1,290,49,2000
102,백령도,2016-02-04 21:00,-.8,,6.2,290,42,2000
102,백령도,2016-02-04 22:00,-.8,,5.3,290,43,2000
102,백령도,2016-02-04 23:00,-.5,,4.7,290,40,2000
102,백령도,2016-02-05 00:00,-.3,,4.9,290,40,2000
102,백령도,2016-02-05 01:00,-.1,,4.6,290,44,2000
102,백령도,2016-02-05 02:00,-.2,,4,290,49,2000
102,백령도,2016-02-05 03:00,-.4,,2.7,320,42,2000
102,백령도,2016-02-05 04:00,-.6,,2.1,320,51,2000
102,백령도,2016-02-05 05:00,-1.2,,2.1,320,40,2000
102,백령도,2016-02-05 06:00,-1.3,,1.1,360,42,2000
102,백령도,2016-02-05 07:00,-1.3,,1.4,340,40,2000
102,백령도,2016-02-05 08:00,-1.4,,1.2,20,49,2000
102,백령도,2016-02-05 09:00,-1.4,,1.5,70,50,2000
102,백령도,2016-02-05 10:00,.3,,.9,70,46,2000
102,백령도,2016-02-05 11:00,.3,,1.8,290,42,2000
102,백령도,2016-02-05 12:00,1.6,,3.7,290,38,2000
102,백령도,2016-02-05 13:00,1.3,,5.5,290,41,2000
102,백령도,2016-02-05 14:00,1.5,,5,290,48,2000
102,백령도,2016-02-05 15:00,1.3,,3.7,290,51,2000
102,백령도,2016-02-05 16:00,1,,4.6,290,62,2000
102,백령도,2016-02-05 17:00,.8,,3.2,290,61,2000
102,백령도,2016-02-05 18:00,-.3,,1.2,360,66,1900
102,백령도,2016-02-05 19:00,-.8,,2.7,290,69,2000
102,백령도,2016-02-05 20:00,-1.5,,3.7,290,51,2000
102,백령도,2016-02-05 21:00,-1.7,,3.6,290,44,2000
102,백령도,2016-02-05 22:00,-1.3,,4.4,290,43,2000
102,백령도,2016-02-05 23:00,-1,,3.6,290,43,2000
102,백령도,2016-02-06 00:00,-1.4,,3.6,320,52,2000
102,백령도,2016-02-06 01:00,-2.2,,4.3,290,51,2000
102,백령도,2016-02-06 02:00,-2.8,,3.2,320,50,2000
102,백령도,2016-02-06 03:00,-3,,3.3,320,49,2000
102,백령도,2016-02-06 04:00,-3.2,,2.7,320,52,2000
102,백령도,2016-02-06 05:00,-3.3,,3,340,53,2000
102,백령도,2016-02-06 06:00,-3.2,,3.3,320,52,2000
102,백령도,2016-02-06 07:00,-3.2,,3.2,340,48,2000
102,백령도,2016-02-06 08:00,-3.2,,3,320,47,2000
102,백령도,2016-02-06 09:00,-3,,2.2,340,44,2500
102,백령도,2016-02-06 10:00,-2.4,,3.2,340,44,2500
102,백령도,2016-02-06 11:00,-2.1,,3.2,320,45,2200
102,백령도,2016-02-06 12:00,-1.3,,3.2,320,45,2200
102,백령도,2016-02-06 13:00,-1.5,,4.1,320,42,2200
102,백령도,2016-02-06 14:00,-1.3,,3.4,320,42,2200
102,백령도,2016-02-06 15:00,-1.1,,4,290,43,2200
102,백령도,2016-02-06 16:00,-.9,,4,290,44,2200
102,백령도,2016-02-06 17:00,-1.4,,4.5,290,40,2300
102,백령도,2016-02-06 18:00,-2.3,,3.6,290,40,2300
102,백령도,2016-02-06 19:00,-2.5,,3.4,320,43,2000
102,백령도,2016-02-06 20:00,-2.5,,2.2,320,43,2000
102,백령도,2016-02-06 21:00,-2.5,,2.4,320,46,2000
102,백령도,2016-02-06 22:00,-2.4,,1.7,340,45,2000
102,백령도,2016-02-06 23:00,-2.3,,2.7,320,47,2000
102,백령도,2016-02-07 00:00,-2.3,,2.6,320,47,2000
102,백령도,2016-02-07 01:00,-2.1,,2,320,44,2000
102,백령도,2016-02-07 02:00,-2.1,,1.9,320,44,2000
102,백령도,2016-02-07 03:00,-2.1,,1.5,340,45,2000
102,백령도,2016-02-07 04:00,-1.9,,.7,340,45,2000
102,백령도,2016-02-07 05:00,-2.5,,2.8,110,50,2000
102,백령도,2016-02-07 06:00,-2.5,,3.2,140,50,2000
102,백령도,2016-02-07 07:00,-2.6,,2.9,110,53,2000
102,백령도,2016-02-07 08:00,-2.2,,3.3,110,54,2000
102,백령도,2016-02-07 09:00,-1.6,,3,110,52,2000
102,백령도,2016-02-07 10:00,-.9,,2.9,110,52,2000
102,백령도,2016-02-07 11:00,-.7,,4.1,110,54,2000
102,백령도,2016-02-07 12:00,.5,,2.4,250,50,2000
102,백령도,2016-02-07 13:00,.6,,4.8,270,48,2000
102,백령도,2016-02-07 14:00,1.2,,5,270,46,2000
102,백령도,2016-02-07 15:00,1.3,,4.2,250,46,2000
102,백령도,2016-02-07 16:00,1.3,,4.3,270,44,2000
102,백령도,2016-02-07 17:00,.6,,3.9,250,44,2000
102,백령도,2016-02-07 18:00,0,,2.8,250,48,2000
102,백령도,2016-02-07 19:00,-.7,,3.3,230,52,2000
102,백령도,2016-02-07 20:00,-.8,,2.9,230,56,2000
102,백령도,2016-02-07 21:00,-.8,,5.2,230,59,2000
102,백령도,2016-02-07 22:00,-.4,,5.5,200,62,2000
102,백령도,2016-02-07 23:00,0,,5.9,230,62,2000
102,백령도,2016-02-08 00:00,.4,,7.5,200,56,2000
102,백령도,2016-02-08 01:00,1.2,,7.2,200,60,2000
102,백령도,2016-02-08 02:00,1.9,,6.6,230,63,2000
102,백령도,2016-02-08 03:00,2.4,,6.4,270,58,2000
102,백령도,2016-02-08 04:00,2.6,,7.9,270,58,1700
102,백령도,2016-02-08 05:00,2.7,,7.5,250,58,1400
102,백령도,2016-02-08 06:00,2.9,,8.1,250,58,1400
102,백령도,2016-02-08 07:00,3,,11.9,270,57,1600
102,백령도,2016-02-08 08:00,2.8,,9.8,270,68,1100
102,백령도,2016-02-08 09:00,3.4,,10.2,270,64,1200
102,백령도,2016-02-08 10:00,3.8,,10.2,270,55,1300
102,백령도,2016-02-08 11:00,4,,9.9,270,55,1200
102,백령도,2016-02-08 12:00,4.8,,8.7,270,55,1300
102,백령도,2016-02-08 13:00,4.5,,8.2,270,59,1100
102,백령도,2016-02-08 14:00,4.5,,6.7,270,55,1200
102,백령도,2016-02-08 15:00,4.9,,6.9,270,54,1200
102,백령도,2016-02-08 16:00,4.8,,8.5,250,58,1000
102,백령도,2016-02-08 17:00,4.9,,8.9,250,62,1000
102,백령도,2016-02-08 18:00,4.1,,9.4,290,57,1000
102,백령도,2016-02-08 19:00,3.7,,10.1,290,66,600
102,백령도,2016-02-08 20:00,3.1,,7.9,290,64,700
102,백령도,2016-02-08 21:00,1,,2.4,320,69,1400
102,백령도,2016-02-08 22:00,1.1,,3.5,290,60,2000
102,백령도,2016-02-08 23:00,1.3,,4.7,290,58,1800
102,백령도,2016-02-09 00:00,1.4,,4.1,320,50,2000
102,백령도,2016-02-09 01:00,1.2,,3.2,290,47,2000
102,백령도,2016-02-09 02:00,1.2,,2.9,320,46,2000
102,백령도,2016-02-09 03:00,1.1,,2.7,290,49,2000
102,백령도,2016-02-09 04:00,1.1,,3,290,49,2000
102,백령도,2016-02-09 05:00,1.3,,3.9,290,48,2000
102,백령도,2016-02-09 06:00,1.6,,3.9,290,46,2000
102,백령도,2016-02-09 07:00,1.7,,4.3,290,42,2000
102,백령도,2016-02-09 08:00,2,,5.3,290,45,2000
102,백령도,2016-02-09 09:00,2.5,,5.2,290,43,2000
102,백령도,2016-02-09 10:00,2.8,,6.2,290,47,2000
102,백령도,2016-02-09 11:00,3.2,,5.9,290,42,2000
102,백령도,2016-02-09 12:00,3.5,,6.6,290,38,2000
102,백령도,2016-02-09 13:00,3.9,,4.1,290,52,2000
102,백령도,2016-02-09 14:00,3.7,,5,290,49,2000
102,백령도,2016-02-09 15:00,3.5,,5,290,44,2000
102,백령도,2016-02-09 16:00,3.6,,4.3,290,42,2000
102,백령도,2016-02-09 17:00,3,,3.6,290,46,2000
102,백령도,2016-02-09 18:00,1.8,,1.1,320,59,2000
102,백령도,2016-02-09 19:00,1.3,,2.9,290,50,2000
102,백령도,2016-02-09 20:00,1.3,,3.2,290,50,2000
102,백령도,2016-02-09 21:00,1.2,,2.5,290,49,2000
102,백령도,2016-02-09 22:00,1.2,,2.4,290,47,2000
102,백령도,2016-02-09 23:00,1.4,,2.1,320,49,2000
102,백령도,2016-02-10 00:00,1.3,,1.5,320,49,2000
102,백령도,2016-02-10 01:00,1,,1.2,90,56,2000
102,백령도,2016-02-10 02:00,.5,,2.5,110,64,2000
102,백령도,2016-02-10 03:00,.4,,3.3,110,71,2000
102,백령도,2016-02-10 04:00,.1,,3.5,110,73,2000
102,백령도,2016-02-10 05:00,.1,,3.8,90,71,2000
102,백령도,2016-02-10 06:00,-.4,,4.2,90,71,2000
102,백령도,2016-02-10 07:00,-.6,,3.5,90,71,2000
102,백령도,2016-02-10 08:00,-.5,,4.7,90,69,2000
102,백령도,2016-02-10 09:00,.8,,5.8,110,68,2000
102,백령도,2016-02-10 10:00,1.8,,6.3,110,61,2000
102,백령도,2016-02-10 11:00,2.6,,5.1,110,56,2000
102,백령도,2016-02-10 12:00,2.9,,5.8,140,55,2000
102,백령도,2016-02-10 13:00,3.5,,5.5,140,56,2000
102,백령도,2016-02-10 14:00,3.3,,4.9,140,60,2000
102,백령도,2016-02-10 15:00,3.1,,5.3,110,66,2000
102,백령도,2016-02-10 16:00,2.8,,6.3,140,72,2000
102,백령도,2016-02-10 17:00,2.6,,6,140,74,2000
102,백령도,2016-02-10 18:00,1.9,,4.9,110,77,2000
102,백령도,2016-02-10 19:00,1.9,,6.2,110,79,2000
102,백령도,2016-02-10 20:00,2.1,,6.6,110,79,2000
102,백령도,2016-02-10 21:00,2.1,,8.1,90,77,2000
102,백령도,2016-02-10 22:00,1.8,,7.6,90,72,2000
102,백령도,2016-02-10 23:00,2,,7.6,90,55,2000
102,백령도,2016-02-11 00:00,2.5,,7.5,90,51,2000
102,백령도,2016-02-11 01:00,3.5,,7,90,53,2000
102,백령도,2016-02-11 02:00,4,,7.8,90,49,2000
102,백령도,2016-02-11 03:00,3.8,,7.5,90,54,2000
102,백령도,2016-02-11 04:00,3.6,,8.1,90,54,2000
102,백령도,2016-02-11 05:00,4,,8.2,90,49,2000
102,백령도,2016-02-11 06:00,4,,8.9,90,47,2000
102,백령도,2016-02-11 07:00,3.7,,9,90,50,2000
102,백령도,2016-02-11 08:00,3.7,,9.4,90,51,2000
102,백령도,2016-02-11 09:00,4.1,,10.6,110,48,2000
102,백령도,2016-02-11 10:00,5.3,,10.5,90,41,2000
102,백령도,2016-02-11 11:00,5.8,,11,90,40,2000
102,백령도,2016-02-11 12:00,6,,11.4,110,45,2000
102,백령도,2016-02-11 13:00,7.3,,9.9,110,44,2000
102,백령도,2016-02-11 14:00,7.5,,8.1,110,49,2000
102,백령도,2016-02-11 15:00,6.6,0,8,110,60,2000
102,백령도,2016-02-11 16:00,7.9,,9.5,110,55,2000
102,백령도,2016-02-11 17:00,7.2,,8.4,110,70,1800
102,백령도,2016-02-11 18:00,7.2,.7,9.5,110,68,1400
102,백령도,2016-02-11 19:00,6.4,,11.5,110,83,500
102,백령도,2016-02-11 20:00,5.8,,9.7,110,85,600
102,백령도,2016-02-11 21:00,5.7,6.1,12.4,110,85,500
102,백령도,2016-02-11 22:00,5.4,,11.3,110,89,200
102,백령도,2016-02-11 23:00,5.4,,11.4,110,93,150
102,백령도,2016-02-12 00:00,6.6,20.8,11.4,110,94,150
102,백령도,2016-02-12 01:00,6.6,,11,110,94,150
102,백령도,2016-02-12 02:00,6.6,,6.7,140,95,150
102,백령도,2016-02-12 03:00,6.3,9.4,8.7,110,95,300
102,백령도,2016-02-12 04:00,5.7,,8.3,110,95,300
102,백령도,2016-02-12 05:00,5.1,,8.1,110,95,30
102,백령도,2016-02-12 06:00,4.9,2.2,8.9,110,95,10
102,백령도,2016-02-12 07:00,5.6,,7.6,110,96,10
102,백령도,2016-02-12 08:00,5.2,,7,110,96,10
102,백령도,2016-02-12 09:00,5,.6,5.6,110,96,10
102,백령도,2016-02-12 10:00,4.9,,6,110,96,10
102,백령도,2016-02-12 11:00,5.4,,6.8,110,96,10
102,백령도,2016-02-12 12:00,5.9,0,5.6,110,97,10
102,백령도,2016-02-12 13:00,6.2,,5.3,110,97,10
102,백령도,2016-02-12 14:00,6.6,,4.5,90,97,10
102,백령도,2016-02-12 15:00,6.5,,4.4,90,97,10
102,백령도,2016-02-12 16:00,6.9,,4.3,90,97,10
102,백령도,2016-02-12 17:00,7.2,,3.7,90,97,10
102,백령도,2016-02-12 18:00,6.9,,2.6,70,97,10
102,백령도,2016-02-12 19:00,7.2,,2.3,90,97,10
102,백령도,2016-02-12 20:00,7.2,,2.6,70,97,10
102,백령도,2016-02-12 21:00,7.7,,3.1,70,97,10
102,백령도,2016-02-12 22:00,7.3,,2.7,70,97,10
102,백령도,2016-02-12 23:00,7.5,,2,50,97,10
102,백령도,2016-02-13 00:00,7.6,,2.4,70,97,10
102,백령도,2016-02-13 01:00,7.6,,.9,70,97,10
102,백령도,2016-02-13 02:00,7.4,,2.2,50,97,10
102,백령도,2016-02-13 03:00,7.5,,3.5,50,97,10
102,백령도,2016-02-13 04:00,7.9,,3.1,70,97,10
102,백령도,2016-02-13 05:00,7.6,,3.1,70,97,10
102,백령도,2016-02-13 06:00,7.5,,3.9,50,97,10
102,백령도,2016-02-13 07:00,8,,4.7,50,97,10
102,백령도,2016-02-13 08:00,7.9,,3.9,50,97,10
102,백령도,2016-02-13 09:00,7.8,.2,4.5,50,97,10
102,백령도,2016-02-13 10:00,8.9,,5.3,70,97,10
102,백령도,2016-02-13 11:00,9,,4.7,70,97,10
102,백령도,2016-02-13 12:00,8.8,0,3.8,70,97,10
102,백령도,2016-02-13 13:00,7.4,,3.5,50,97,10
102,백령도,2016-02-13 14:00,7.7,,4.2,50,97,10
102,백령도,2016-02-13 15:00,2.9,13,3.8,320,97,10
102,백령도,2016-02-13 16:00,2.5,,3.2,360,97,10
102,백령도,2016-02-13 17:00,2.8,,3,340,97,15
102,백령도,2016-02-13 18:00,2.1,10.7,3.5,320,97,15
102,백령도,2016-02-13 19:00,1.6,,4.8,320,97,80
102,백령도,2016-02-13 20:00,.8,,6.6,320,97,600
102,백령도,2016-02-13 21:00,.4,.3,6.3,290,96,900
102,백령도,2016-02-13 22:00,-.3,,7.6,290,96,1100
102,백령도,2016-02-13 23:00,-.8,,7,290,96,1300
102,백령도,2016-02-14 00:00,-1.1,,7.5,290,94,1600
102,백령도,2016-02-14 01:00,-1.6,,7.7,290,84,1700
102,백령도,2016-02-14 02:00,-2,,7.2,290,77,1700
102,백령도,2016-02-14 03:00,-2.3,,7.4,290,74,1800
102,백령도,2016-02-14 04:00,-2.8,,7.3,290,70,2000
102,백령도,2016-02-14 05:00,-3.2,,7.5,290,68,2000
102,백령도,2016-02-14 06:00,-3.5,,7.4,290,67,2000
102,백령도,2016-02-14 07:00,-3.8,,8.2,290,69,2000
102,백령도,2016-02-14 08:00,-4.2,,8.1,290,68,2000
102,백령도,2016-02-14 09:00,-4.4,,7,290,66,1800
102,백령도,2016-02-14 10:00,-4.5,,8.8,290,67,1800
102,백령도,2016-02-14 11:00,-4.7,,7.5,290,65,1700
102,백령도,2016-02-14 12:00,-4.7,0,7.6,290,65,1700
102,백령도,2016-02-14 13:00,-4.3,,7.1,290,60,1800
102,백령도,2016-02-14 14:00,-4.3,,6.7,320,58,1800
102,백령도,2016-02-14 15:00,-4.2,0,6.8,290,55,2000
102,백령도,2016-02-14 16:00,-4.8,,8.4,290,52,2000
102,백령도,2016-02-14 17:00,-4.4,,7.2,290,55,2000
102,백령도,2016-02-14 18:00,-5.2,,7.7,290,54,2000
102,백령도,2016-02-14 19:00,-5.9,,7.7,290,53,2000
102,백령도,2016-02-14 20:00,-6.2,,7.3,290,54,2000
102,백령도,2016-02-14 21:00,-6.3,,5.8,290,52,2000
102,백령도,2016-02-14 22:00,-6.4,,6.1,320,51,2000
102,백령도,2016-02-14 23:00,-6.5,,5.7,290,56,2000
102,백령도,2016-02-15 00:00,-6.7,,6,290,57,2000
102,백령도,2016-02-15 01:00,-6.9,,4.9,320,53,2000
102,백령도,2016-02-15 02:00,-6.9,,3.3,320,50,2000
102,백령도,2016-02-15 03:00,-6.8,,3.7,320,52,2000
102,백령도,2016-02-15 04:00,-6.8,,3.9,320,47,2000
102,백령도,2016-02-15 05:00,-6.6,,4,290,50,2000
102,백령도,2016-02-15 06:00,-6.2,,3.7,290,47,2000
102,백령도,2016-02-15 07:00,-5.9,,3.8,290,48,2000
102,백령도,2016-02-15 08:00,-5.7,,4,290,45,2000
102,백령도,2016-02-15 09:00,-5,,4.9,290,44,2000
102,백령도,2016-02-15 10:00,-4.4,,3.8,290,40,2000
102,백령도,2016-02-15 11:00,-3.9,,2.7,290,39,2000
102,백령도,2016-02-15 12:00,-3.9,,4,270,44,2000
102,백령도,2016-02-15 13:00,-3.2,,3.2,270,47,2000
102,백령도,2016-02-15 14:00,-3.3,,2.9,270,51,1900
102,백령도,2016-02-15 15:00,-4.2,0,2.8,290,71,600
102,백령도,2016-02-15 16:00,-3.8,,3.5,290,80,900
102,백령도,2016-02-15 17:00,-3.3,,6.2,290,79,1900
102,백령도,2016-02-15 18:00,-3.3,.3,6.8,290,73,1400
102,백령도,2016-02-15 19:00,-3.1,,8.6,290,53,2000
102,백령도,2016-02-15 20:00,-3.1,,7.6,290,56,2000
102,백령도,2016-02-15 21:00,-2.5,0,8.1,290,56,2000
102,백령도,2016-02-15 22:00,-2.3,,8,290,50,2000
102,백령도,2016-02-15 23:00,-2,,7.2,290,53,2000
102,백령도,2016-02-16 00:00,-1.9,,6.2,290,51,2000
102,백령도,2016-02-16 01:00,-1.5,,5.1,290,52,2000
102,백령도,2016-02-16 02:00,-1.4,,5.1,290,50,2000
102,백령도,2016-02-16 03:00,-1.3,,4.3,290,48,2000
102,백령도,2016-02-16 04:00,-1.2,,3.5,270,50,2000
102,백령도,2016-02-16 05:00,-.6,,4.6,270,55,2000
102,백령도,2016-02-16 06:00,-1.3,.1,6,270,90,120
102,백령도,2016-02-16 07:00,-.1,,10.5,270,71,1800
102,백령도,2016-02-16 08:00,0,,9.9,270,77,1800
102,백령도,2016-02-16 09:00,.7,0,8.4,290,49,2000
102,백령도,2016-02-16 10:00,.5,,7.5,290,49,2000
102,백령도,2016-02-16 11:00,.7,,8.4,290,50,2000
102,백령도,2016-02-16 12:00,.4,,9.2,290,48,2000
102,백령도,2016-02-16 13:00,.4,,10,290,44,2000
102,백령도,2016-02-16 14:00,.5,,9.1,290,46,2000
102,백령도,2016-02-16 15:00,.8,,8.7,290,44,2000
102,백령도,2016-02-16 16:00,1,,7.2,290,40,2000
102,백령도,2016-02-16 17:00,.9,,5.9,290,42,2000
102,백령도,2016-02-16 18:00,.6,,5.5,290,45,2000
102,백령도,2016-02-16 19:00,.4,,5.6,290,48,2000
102,백령도,2016-02-16 20:00,.6,,4.8,290,53,2000
102,백령도,2016-02-16 21:00,1,,3.9,290,48,2000
102,백령도,2016-02-16 22:00,.7,,3.2,290,44,2000
102,백령도,2016-02-16 23:00,.7,,3,290,47,2000
102,백령도,2016-02-17 00:00,.7,,3.2,290,39,2000
102,백령도,2016-02-17 01:00,.7,,4.1,290,40,2000
102,백령도,2016-02-17 02:00,.8,,3.8,290,39,2000
102,백령도,2016-02-17 03:00,1.2,,4.1,290,41,2000
102,백령도,2016-02-17 04:00,1.5,,4.8,290,40,2000
102,백령도,2016-02-17 05:00,1.3,,5.7,290,38,2000
102,백령도,2016-02-17 06:00,1.1,,6,290,35,2000
102,백령도,2016-02-17 07:00,.9,,5.5,290,39,2000
102,백령도,2016-02-17 08:00,1,,5.3,290,41,2000
102,백령도,2016-02-17 09:00,1.2,,4.4,290,45,2000
102,백령도,2016-02-17 10:00,1.7,,3.9,290,43,2000
102,백령도,2016-02-17 11:00,2.2,,4.2,290,39,2000
102,백령도,2016-02-17 12:00,2.6,,5.4,290,35,2000
102,백령도,2016-02-17 13:00,3.1,,4.5,270,38,2000
102,백령도,2016-02-17 14:00,3.6,,5.3,270,41,2000
102,백령도,2016-02-17 15:00,4.1,,5.8,250,52,2000
102,백령도,2016-02-17 16:00,3.9,,5.6,270,46,2000
102,백령도,2016-02-17 17:00,3.8,,4.4,250,43,2000
102,백령도,2016-02-17 18:00,2.9,,3.6,250,54,2000
102,백령도,2016-02-17 19:00,2.2,,5.5,200,60,2000
102,백령도,2016-02-17 20:00,2.3,,6.8,200,62,2000
102,백령도,2016-02-17 21:00,2.7,,6.3,200,58,2000
102,백령도,2016-02-17 22:00,2.7,,6.7,230,58,2000
102,백령도,2016-02-17 23:00,2.8,,6.6,230,59,2000
102,백령도,2016-02-18 00:00,2.8,,5.4,230,61,2000
102,백령도,2016-02-18 01:00,2.8,,4.9,230,71,1800
102,백령도,2016-02-18 02:00,3.3,,5.7,230,69,1900
102,백령도,2016-02-18 03:00,3.2,,4.9,200,73,1900
102,백령도,2016-02-18 04:00,3.4,,6,200,77,1800
102,백령도,2016-02-18 05:00,3.8,,7.2,200,78,1900
102,백령도,2016-02-18 06:00,4.1,,6.6,200,75,2000
102,백령도,2016-02-18 07:00,4.2,,7.1,230,77,1600
102,백령도,2016-02-18 08:00,4.3,,6.7,230,80,1200
102,백령도,2016-02-18 09:00,4.7,,6.1,230,80,1300
102,백령도,2016-02-18 10:00,5.1,,7.2,230,74,1400
102,백령도,2016-02-18 11:00,5.6,,6.9,250,72,1300
102,백령도,2016-02-18 12:00,6.1,,6.5,250,71,1200
102,백령도,2016-02-18 13:00,6.1,,6.5,250,74,1100
102,백령도,2016-02-18 14:00,6.3,,5.8,250,72,1000
102,백령도,2016-02-18 15:00,6.1,,6.7,250,74,800
102,백령도,2016-02-18 16:00,5.4,,8.7,270,78,600
102,백령도,2016-02-18 17:00,4.9,,6.4,250,81,500
102,백령도,2016-02-18 18:00,4.3,,6.9,270,78,600
102,백령도,2016-02-18 19:00,3.6,,9.1,250,75,600
102,백령도,2016-02-18 20:00,3.3,,8,270,79,600
102,백령도,2016-02-18 21:00,3.3,,7.6,290,79,800
102,백령도,2016-02-18 22:00,3.6,,7.9,290,73,1000
102,백령도,2016-02-18 23:00,3.3,,8.7,290,53,2000
102,백령도,2016-02-19 00:00,3,,8.4,290,61,2000
102,백령도,2016-02-19 01:00,2.3,,2.9,290,69,1300
102,백령도,2016-02-19 02:00,1.9,,2.4,290,57,2000
102,백령도,2016-02-19 03:00,1.6,,1.4,320,55,2000
102,백령도,2016-02-19 04:00,1.5,,1.2,340,53,2000
102,백령도,2016-02-19 05:00,1.4,,1.5,360,51,2000
102,백령도,2016-02-19 06:00,1.6,,.8,340,48,2000
102,백령도,2016-02-19 07:00,1.1,,1.1,70,53,2000
102,백령도,2016-02-19 08:00,1.6,,1.6,110,48,2000
102,백령도,2016-02-19 09:00,1.5,,2,110,47,2000
102,백령도,2016-02-19 10:00,2.2,,1.4,140,45,2000
102,백령도,2016-02-19 11:00,3,,.9,110,44,2000
102,백령도,2016-02-19 12:00,3.2,,1.4,90,38,2000
102,백령도,2016-02-19 13:00,4.4,,1.6,250,30,2000
102,백령도,2016-02-19 14:00,3.9,,1.8,110,35,2000
102,백령도,2016-02-19 15:00,3.2,,3,90,33,2000
102,백령도,2016-02-19 16:00,3.4,,2.2,110,37,2000
102,백령도,2016-02-19 17:00,3.1,,2.5,110,41,2000
102,백령도,2016-02-19 18:00,2.5,,2.8,140,48,2000
102,백령도,2016-02-19 19:00,2.1,,1.9,110,52,2000
102,백령도,2016-02-19 20:00,2,,2.3,140,55,2000
102,백령도,2016-02-19 21:00,2.1,,1.2,50,56,2000
102,백령도,2016-02-19 22:00,2.1,,1.3,70,57,2000
102,백령도,2016-02-19 23:00,1.7,,1.7,70,57,2000
102,백령도,2016-02-20 00:00,1.2,,2.3,50,60,2000
102,백령도,2016-02-20 01:00,.9,,2.9,70,49,2000
102,백령도,2016-02-20 02:00,1.5,,3,110,44,2000
102,백령도,2016-02-20 03:00,1.4,,2.2,90,48,2000
102,백령도,2016-02-20 04:00,1.3,,1.6,20,49,2000
102,백령도,2016-02-20 05:00,.8,,1.1,340,65,2000
102,백령도,2016-02-20 06:00,-.2,,1.8,20,67,2000
102,백령도,2016-02-20 07:00,-.7,,2,50,64,2000
102,백령도,2016-02-20 08:00,-.9,,3.2,70,63,2000
102,백령도,2016-02-20 09:00,.1,,2.7,70,60,2000
102,백령도,2016-02-20 10:00,1,,1.5,50,50,2000
102,백령도,2016-02-20 11:00,1.8,,1.3,360,46,2000
102,백령도,2016-02-20 12:00,2,,1.8,320,49,2000
102,백령도,2016-02-20 13:00,2.2,,2.2,320,47,2000
102,백령도,2016-02-20 14:00,2,,3,320,36,2000
102,백령도,2016-02-20 15:00,1.8,,2.3,320,29,2000
102,백령도,2016-02-20 16:00,1.5,,2.4,320,38,2000
102,백령도,2016-02-20 17:00,.9,,3,320,39,2000
102,백령도,2016-02-20 18:00,-.4,,4.3,290,45,2000
102,백령도,2016-02-20 19:00,-1,,3.8,290,32,2000
102,백령도,2016-02-20 20:00,-.7,,6.2,290,32,2000
102,백령도,2016-02-20 21:00,-.5,,7.9,290,25,2000
102,백령도,2016-02-20 22:00,-.7,,7.4,290,34,2000
102,백령도,2016-02-20 23:00,-.6,,7.9,290,35,2000
102,백령도,2016-02-21 00:00,-.5,,7.5,290,44,2000
102,백령도,2016-02-21 01:00,-.5,,6.8,290,41,2000
102,백령도,2016-02-21 02:00,-1.1,,4.4,290,36,2000
102,백령도,2016-02-21 03:00,-1.1,,3.4,290,41,2000
102,백령도,2016-02-21 04:00,-.9,,4.7,290,40,2000
102,백령도,2016-02-21 05:00,-.7,,4.8,290,35,2000
102,백령도,2016-02-21 06:00,-.4,,4.9,290,33,2000
102,백령도,2016-02-21 07:00,0,,4.8,290,29,2000
102,백령도,2016-02-21 08:00,.1,,5.7,290,35,2000
102,백령도,2016-02-21 09:00,0,,2.1,320,57,2000
102,백령도,2016-02-21 10:00,-.3,,1.7,340,55,2000
102,백령도,2016-02-21 11:00,0,,1.3,20,42,2000
102,백령도,2016-02-21 12:00,.3,,2,20,36,2000
102,백령도,2016-02-21 13:00,.3,,1.8,50,33,2000
102,백령도,2016-02-21 14:00,.1,,2,70,34,2000
102,백령도,2016-02-21 15:00,.1,,1.4,340,34,2000
102,백령도,2016-02-21 16:00,-.6,,1.4,50,38,2000
102,백령도,2016-02-21 17:00,-1.3,,.8,270,37,2000
102,백령도,2016-02-21 18:00,-1.4,,.7,290,40,2300
102,백령도,2016-02-21 19:00,-2,,1.6,50,44,2000
102,백령도,2016-02-21 20:00,-1.5,,0,0,42,2000
102,백령도,2016-02-21 21:00,-1.6,,3.4,230,44,2000
102,백령도,2016-02-21 22:00,-.8,,3.4,230,44,2000
102,백령도,2016-02-21 23:00,-.5,,3.5,230,45,2000
102,백령도,2016-02-22 00:00,-.2,,2.3,200,46,2000
102,백령도,2016-02-22 01:00,.4,,4.2,230,47,2000
102,백령도,2016-02-22 02:00,.8,,4,230,52,2000
102,백령도,2016-02-22 03:00,1.1,,2.7,160,56,2000
102,백령도,2016-02-22 04:00,.7,,3.4,140,60,2000
102,백령도,2016-02-22 05:00,1,,3.6,160,62,2000
102,백령도,2016-02-22 06:00,1.2,,3.6,160,62,2000
102,백령도,2016-02-22 07:00,1.5,,5.8,160,61,2000
102,백령도,2016-02-22 08:00,1.7,,5,160,63,2000
102,백령도,2016-02-22 09:00,2,,7,160,62,2000
102,백령도,2016-02-22 10:00,2.2,,7.2,160,62,2000
102,백령도,2016-02-22 11:00,2.3,,6.7,160,60,2000
102,백령도,2016-02-22 12:00,2.5,,5.9,160,57,2000
102,백령도,2016-02-22 13:00,2.2,,5.4,160,62,1800
102,백령도,2016-02-22 14:00,2.4,,5.9,160,67,1800
102,백령도,2016-02-22 15:00,1.2,.2,5.9,160,82,700
102,백령도,2016-02-22 16:00,.9,,4.4,160,90,100
102,백령도,2016-02-22 17:00,.5,,4,110,93,60
102,백령도,2016-02-22 18:00,3,1.4,4.1,250,94,300
102,백령도,2016-02-22 19:00,3.1,,3.9,270,92,300
102,백령도,2016-02-22 20:00,1.9,,1.8,50,91,300
102,백령도,2016-02-22 21:00,2.7,.3,2,290,85,500
102,백령도,2016-02-22 22:00,2.6,,1.8,250,85,600
102,백령도,2016-02-22 23:00,2.6,,3.7,270,90,300
102,백령도,2016-02-23 00:00,3.1,,5.7,290,90,300
102,백령도,2016-02-23 01:00,2.9,,5.8,290,87,220
102,백령도,2016-02-23 02:00,2.1,,2.3,290,89,260
102,백령도,2016-02-23 03:00,.6,,1.5,340,90,600
102,백령도,2016-02-23 04:00,-.1,,2.1,20,87,800
102,백령도,2016-02-23 05:00,-.3,,1.3,340,79,900
102,백령도,2016-02-23 06:00,-1.1,,1.7,360,76,800
102,백령도,2016-02-23 07:00,-1.3,,1.3,360,71,1500
102,백령도,2016-02-23 08:00,-1.5,,1.9,360,68,2000
102,백령도,2016-02-23 09:00,-1.2,,2,340,65,2000
102,백령도,2016-02-23 10:00,-1.2,,2.2,340,60,2000
102,백령도,2016-02-23 11:00,-1.1,,3.4,320,58,2000
102,백령도,2016-02-23 12:00,-.8,,3,320,54,2000
102,백령도,2016-02-23 13:00,-.9,,3.3,320,50,2000
102,백령도,2016-02-23 14:00,-.8,,2.7,320,50,2000
102,백령도,2016-02-23 15:00,-1.6,,3.3,320,47,2000
102,백령도,2016-02-23 16:00,-1.8,,3.1,320,49,2000
102,백령도,2016-02-23 17:00,-2.1,,3.7,320,49,2000
102,백령도,2016-02-23 18:00,-3.1,,3.5,290,48,2000
102,백령도,2016-02-23 19:00,-3.1,,4.1,290,44,2000
102,백령도,2016-02-23 20:00,-3.1,,2.9,320,47,2000
102,백령도,2016-02-23 21:00,-3.1,,3.2,320,46,2000
102,백령도,2016-02-23 22:00,-3.3,,3.4,320,47,2000
102,백령도,2016-02-23 23:00,-3.6,,2.2,320,47,2000
102,백령도,2016-02-24 00:00,-3.8,,2.8,340,50,2000
102,백령도,2016-02-24 01:00,-4.3,,2.8,320,51,2000
102,백령도,2016-02-24 02:00,-4.8,,3.1,320,51,2000
102,백령도,2016-02-24 03:00,-4.7,,2,340,55,2000
102,백령도,2016-02-24 04:00,-5.1,,1.9,340,50,2000
102,백령도,2016-02-24 05:00,-5.2,,2.2,20,53,2000
102,백령도,2016-02-24 06:00,-5.2,,1.9,360,53,2000
102,백령도,2016-02-24 07:00,-5.3,,2,340,52,2000
102,백령도,2016-02-24 08:00,-4.8,,2.2,340,47,2000
102,백령도,2016-02-24 09:00,-4.4,,2.1,340,48,2000
102,백령도,2016-02-24 10:00,-3.7,,2.6,320,47,2000
102,백령도,2016-02-24 11:00,-3.1,,3.6,320,46,2000
102,백령도,2016-02-24 12:00,-2.4,,3.6,320,44,2000
102,백령도,2016-02-24 13:00,-2,,4.7,290,41,2000
102,백령도,2016-02-24 14:00,-1.1,,4,290,40,2000
102,백령도,2016-02-24 15:00,-.9,,4.5,290,41,2000
102,백령도,2016-02-24 16:00,-1.5,,5,290,44,2000
102,백령도,2016-02-24 17:00,-1.4,,4.7,290,44,2000
102,백령도,2016-02-24 18:00,-2.1,,3.8,270,46,2000
102,백령도,2016-02-24 19:00,-2.1,,4.2,270,58,1900
102,백령도,2016-02-24 20:00,-3.1,,2.1,290,83,2000
102,백령도,2016-02-24 21:00,-.9,.2,5.8,290,53,2000
102,백령도,2016-02-24 22:00,-.6,,5.4,290,52,2000
102,백령도,2016-02-24 23:00,0,,7.8,290,48,2000
102,백령도,2016-02-25 00:00,-.3,,8.3,290,35,2000
102,백령도,2016-02-25 01:00,-.3,,4.2,290,38,2000
102,백령도,2016-02-25 02:00,-.1,,3.8,320,41,2000
102,백령도,2016-02-25 03:00,-.1,,2.7,290,44,2000
102,백령도,2016-02-25 04:00,.3,,3.7,290,43,2000
102,백령도,2016-02-25 05:00,.2,,4.9,270,46,2000
102,백령도,2016-02-25 06:00,.5,,6.2,270,51,2000
102,백령도,2016-02-25 07:00,.7,,7.9,270,52,2000
102,백령도,2016-02-25 08:00,1.3,,7.3,270,48,2000
102,백령도,2016-02-25 09:00,1.8,,8,270,51,2000
102,백령도,2016-02-25 10:00,2.2,,7.2,270,53,1500
102,백령도,2016-02-25 11:00,3,,6.1,270,55,1500
102,백령도,2016-02-25 12:00,3.2,,6.6,270,55,1300
102,백령도,2016-02-25 13:00,3.5,,7,270,57,1300
102,백령도,2016-02-25 14:00,3.8,,6,270,60,1100
102,백령도,2016-02-25 15:00,3.3,,5.9,290,65,1200
102,백령도,2016-02-25 16:00,3.3,,5.2,270,64,1300
102,백령도,2016-02-25 17:00,2.4,,5.4,290,63,1600
102,백령도,2016-02-25 18:00,1.3,,5.1,290,52,2000
102,백령도,2016-02-25 19:00,.7,,4.8,290,55,2000
102,백령도,2016-02-25 20:00,.4,,4.1,290,53,2000
102,백령도,2016-02-25 21:00,.4,,3.8,290,48,2000
102,백령도,2016-02-25 22:00,.2,,3.8,270,52,2000
102,백령도,2016-02-25 23:00,.7,,5.1,290,46,2000
102,백령도,2016-02-26 00:00,.5,,3.9,290,43,2000
102,백령도,2016-02-26 01:00,.3,,3.9,290,46,2000
102,백령도,2016-02-26 02:00,.3,,3.7,290,44,2000
102,백령도,2016-02-26 03:00,-.1,,2.4,290,42,2000
102,백령도,2016-02-26 04:00,-.3,,1.7,320,40,2000
102,백령도,2016-02-26 05:00,-.2,,1.9,360,38,2000
102,백령도,2016-02-26 06:00,-1,,2.2,50,46,2000
102,백령도,2016-02-26 07:00,-1.9,,1.9,70,59,2000
102,백령도,2016-02-26 08:00,-1.2,,2.5,70,59,2000
102,백령도,2016-02-26 09:00,.1,,2.5,90,49,2000
102,백령도,2016-02-26 10:00,1.6,,2.6,110,41,2000
102,백령도,2016-02-26 11:00,2.4,,2.7,140,38,2000
102,백령도,2016-02-26 12:00,3,,3,200,45,2000
102,백령도,2016-02-26 13:00,3,,2.9,200,49,2000
102,백령도,2016-02-26 14:00,4.5,,4.8,200,47,2000
102,백령도,2016-02-26 15:00,4.5,,3.1,200,51,2000
102,백령도,2016-02-26 16:00,3.7,,2.5,180,58,1800
102,백령도,2016-02-26 17:00,3,,2.2,160,65,1800
102,백령도,2016-02-26 18:00,2.1,,2.7,160,73,1700
102,백령도,2016-02-26 19:00,1.6,,4.1,140,82,1500
102,백령도,2016-02-26 20:00,1.4,,4.7,110,86,900
102,백령도,2016-02-26 21:00,1.2,,4,90,89,700
102,백령도,2016-02-26 22:00,1.6,,3.7,110,88,700
102,백령도,2016-02-26 23:00,1.3,,2.4,90,87,900
102,백령도,2016-02-27 00:00,.8,,3.2,110,84,1000
102,백령도,2016-02-27 01:00,.8,,2.2,70,86,700
102,백령도,2016-02-27 02:00,1.2,,1.5,110,89,400
102,백령도,2016-02-27 03:00,1.1,,2.1,90,91,250
102,백령도,2016-02-27 04:00,1.4,,.4,0,91,300
102,백령도,2016-02-27 05:00,1.3,,2.2,270,89,350
102,백령도,2016-02-27 06:00,1.5,,1.1,290,91,300
102,백령도,2016-02-27 07:00,1.4,,1.3,270,91,250
102,백령도,2016-02-27 08:00,1.3,,1.3,180,93,150
102,백령도,2016-02-27 09:00,2.2,,.8,200,92,300
102,백령도,2016-02-27 10:00,4.1,,1.2,70,78,800
102,백령도,2016-02-27 11:00,4.3,,1,90,75,900
102,백령도,2016-02-27 12:00,4.7,,1.3,290,55,1200
102,백령도,2016-02-27 13:00,5.1,,2.4,270,58,1200
102,백령도,2016-02-27 14:00,4.4,,2.6,270,66,1200
102,백령도,2016-02-27 15:00,5.7,,2.6,200,72,1100
102,백령도,2016-02-27 16:00,6.1,,2.6,200,68,1100
102,백령도,2016-02-27 17:00,4.9,,2,250,65,1400
102,백령도,2016-02-27 18:00,3.2,,1.8,290,55,2000
102,백령도,2016-02-27 19:00,2.7,,.9,290,55,2000
102,백령도,2016-02-27 20:00,2.6,,1.3,250,54,2000
102,백령도,2016-02-27 21:00,2.6,,1.2,200,47,2000
102,백령도,2016-02-27 22:00,2.9,,0,0,45,2000
102,백령도,2016-02-27 23:00,2.7,,.8,20,43,2000
102,백령도,2016-02-28 00:00,2.2,,1.6,70,50,2000
102,백령도,2016-02-28 01:00,2,,.8,50,86,1100
102,백령도,2016-02-28 02:00,2.2,,1,290,67,1700
102,백령도,2016-02-28 03:00,2.1,,1,340,78,1200
102,백령도,2016-02-28 04:00,1.8,,1.4,340,77,1500
102,백령도,2016-02-28 05:00,1.6,,1.1,20,81,1600
102,백령도,2016-02-28 06:00,1.1,,2,50,78,1500
102,백령도,2016-02-28 07:00,.9,,2.8,50,73,1900
102,백령도,2016-02-28 08:00,1.2,,2.3,50,66,2000
102,백령도,2016-02-28 09:00,1.4,,1.2,340,63,2000
102,백령도,2016-02-28 10:00,1.7,,1,340,72,1500
102,백령도,2016-02-28 11:00,1.1,,1.5,20,74,1500
102,백령도,2016-02-28 12:00,1.8,,1.2,360,69,1800
102,백령도,2016-02-28 13:00,1.3,,2.2,20,69,1500
102,백령도,2016-02-28 14:00,1.8,,1.5,360,58,1800
102,백령도,2016-02-28 15:00,2.8,,1.9,360,37,2000
102,백령도,2016-02-28 16:00,2.4,,2.5,320,42,2000
102,백령도,2016-02-28 17:00,1.9,,2.7,290,41,2000
102,백령도,2016-02-28 18:00,.9,,3.3,320,46,2000
102,백령도,2016-02-28 19:00,.5,,4,290,40,2000
102,백령도,2016-02-28 20:00,.4,,5.9,290,44,2000
102,백령도,2016-02-28 21:00,1.1,,9.9,290,46,1700
102,백령도,2016-02-28 22:00,-1,,3.2,320,67,1400
102,백령도,2016-02-28 23:00,-.4,,5.8,290,40,2000
102,백령도,2016-02-29 00:00,-.9,,6,290,31,2000
102,백령도,2016-02-29 01:00,-1.5,,5.6,290,40,2000
102,백령도,2016-02-29 02:00,-2.2,,6.1,290,41,2000
102,백령도,2016-02-29 03:00,-2.4,,7,290,44,2000
102,백령도,2016-02-29 04:00,-3,,6.2,290,39,2000
102,백령도,2016-02-29 05:00,-3.3,,7.5,290,44,2000
102,백령도,2016-02-29 06:00,-3.4,,7,290,50,2000
102,백령도,2016-02-29 07:00,-4.1,,6,290,57,1600
102,백령도,2016-02-29 08:00,-3.7,,6.2,290,49,2000
102,백령도,2016-02-29 09:00,-3.8,0,5.1,290,51,1500
102,백령도,2016-02-29 10:00,-3.5,,4.6,320,48,1700
102,백령도,2016-02-29 11:00,-3.4,,5.3,320,49,1800
102,백령도,2016-02-29 12:00,-3.5,0,5.7,290,47,1800
102,백령도,2016-02-29 13:00,-3.4,,5.5,320,46,2000
102,백령도,2016-02-29 14:00,-2.7,,5.3,320,39,2000
102,백령도,2016-02-29 15:00,-1.8,,5.9,290,38,2000
102,백령도,2016-02-29 16:00,-2.2,,5.4,320,35,2000
102,백령도,2016-02-29 17:00,-2.6,,5,320,41,2000
102,백령도,2016-02-29 18:00,-3.6,,5.4,320,40,2000
102,백령도,2016-02-29 19:00,-3.7,,5.3,290,42,2000
102,백령도,2016-02-29 20:00,-3.6,,3.9,320,40,2000
102,백령도,2016-02-29 21:00,-3.6,,3.7,320,38,2000
102,백령도,2016-02-29 22:00,-3.5,,3.4,320,39,2000
102,백령도,2016-02-29 23:00,-3.4,,2.7,320,42,2000
102,백령도,2016-03-01 00:00,-3.6,,2.7,290,42,2000
102,백령도,2016-03-01 01:00,-3.7,,3.3,290,42,2000
102,백령도,2016-03-01 02:00,-3.6,,4.8,290,44,2000
102,백령도,2016-03-01 03:00,-3.7,,3.4,290,46,2000
102,백령도,2016-03-01 04:00,-3.7,,3.7,290,46,2000
102,백령도,2016-03-01 05:00,-3.7,,4.1,290,49,2000
102,백령도,2016-03-01 06:00,-3.5,,3.8,290,51,2000
102,백령도,2016-03-01 07:00,-3.7,,2.2,290,53,2000
102,백령도,2016-03-01 08:00,-3,,2.6,290,51,2000
102,백령도,2016-03-01 09:00,-2.3,,3.4,250,49,2000
102,백령도,2016-03-01 10:00,-1.3,,4.4,250,49,2000
102,백령도,2016-03-01 11:00,-.8,,4.8,270,48,2000
102,백령도,2016-03-01 12:00,-.1,,6.4,250,43,2300
102,백령도,2016-03-01 13:00,.6,,6.8,250,45,2300
102,백령도,2016-03-01 14:00,.9,,8,250,52,2300
102,백령도,2016-03-01 15:00,1.6,,7.9,250,47,2300
102,백령도,2016-03-01 16:00,2.1,,6.3,250,39,2300
102,백령도,2016-03-01 17:00,2.4,,6,250,47,2300
102,백령도,2016-03-01 18:00,1.7,,5.4,230,55,2000
102,백령도,2016-03-01 19:00,1,,6.1,230,73,2000
102,백령도,2016-03-01 20:00,1.3,,6.5,230,78,2000
102,백령도,2016-03-01 21:00,1.9,,6.9,230,79,1900
102,백령도,2016-03-01 22:00,2.3,,6.4,250,80,1700
102,백령도,2016-03-01 23:00,2.4,,8.7,270,81,1700
102,백령도,2016-03-02 00:00,2.4,,8.6,270,82,1600
102,백령도,2016-03-02 01:00,2.4,,6.2,250,84,1400
102,백령도,2016-03-02 02:00,2.5,,7.4,230,79,1500
102,백령도,2016-03-02 03:00,2.7,,6.9,230,75,1600
102,백령도,2016-03-02 04:00,2.9,,7.1,230,75,1400
102,백령도,2016-03-02 05:00,2.9,,7.5,230,78,1200
102,백령도,2016-03-02 06:00,2.9,,6.4,230,81,1100
102,백령도,2016-03-02 07:00,3.1,,7.6,230,83,1100
102,백령도,2016-03-02 08:00,3.3,,7.5,230,83,1100
102,백령도,2016-03-02 09:00,3.9,,7.3,230,82,1100
102,백령도,2016-03-02 10:00,4.3,,8.5,250,80,1100
102,백령도,2016-03-02 11:00,5.1,,7.9,230,76,1300
102,백령도,2016-03-02 12:00,5.6,,8.6,230,74,1500
102,백령도,2016-03-02 13:00,6.3,,8.2,230,71,1600
102,백령도,2016-03-02 14:00,6.8,,8.2,230,71,1600
102,백령도,2016-03-02 15:00,6.7,,9.2,230,74,1400
102,백령도,2016-03-02 16:00,6.5,,9.2,200,75,1300
102,백령도,2016-03-02 17:00,6.1,,7.9,230,77,1100
102,백령도,2016-03-02 18:00,5.3,,9.6,200,83,1100
102,백령도,2016-03-02 19:00,4.6,,9.5,200,87,1200
102,백령도,2016-03-02 20:00,4.4,,9.1,200,89,1100
102,백령도,2016-03-02 21:00,4.4,,8.5,200,90,1300
102,백령도,2016-03-02 22:00,4.5,,8.5,200,92,1000
102,백령도,2016-03-02 23:00,5,,8.4,200,94,500
102,백령도,2016-03-03 00:00,5.2,,8,230,94,300
102,백령도,2016-03-03 01:00,5.2,,7.4,230,95,110
102,백령도,2016-03-03 02:00,5.1,,7.3,230,95,280
102,백령도,2016-03-03 03:00,4.9,,5.1,230,95,250
102,백령도,2016-03-03 04:00,4.4,,5.6,200,95,150
102,백령도,2016-03-03 05:00,4.3,,4.6,200,95,180
102,백령도,2016-03-03 06:00,4.9,,2.5,200,94,500
102,백령도,2016-03-03 07:00,5.1,,5.5,160,91,600
102,백령도,2016-03-03 08:00,5.3,,5.9,160,88,600
102,백령도,2016-03-03 09:00,5.3,,3.7,140,90,600
102,백령도,2016-03-03 10:00,5.9,,5.6,140,85,900
102,백령도,2016-03-03 11:00,6.6,,5.4,140,83,1200
102,백령도,2016-03-03 12:00,6.2,,5,140,87,1100
102,백령도,2016-03-03 13:00,6.2,,4.7,140,86,1500
102,백령도,2016-03-03 14:00,6.6,,4.3,140,84,1500
102,백령도,2016-03-03 15:00,6.2,,4.9,140,85,1500
102,백령도,2016-03-03 16:00,6.1,,4.7,140,87,1200
102,백령도,2016-03-03 17:00,6.1,,5.3,140,87,1300
102,백령도,2016-03-03 18:00,6.1,,5.1,140,87,1300
102,백령도,2016-03-03 19:00,6.2,,6.1,140,88,1200
102,백령도,2016-03-03 20:00,6.5,,5.4,140,88,1400
102,백령도,2016-03-03 21:00,6.7,,6,140,87,1500
102,백령도,2016-03-03 22:00,6.4,,5.7,140,89,1300
102,백령도,2016-03-03 23:00,6.6,,4.6,140,91,1000
102,백령도,2016-03-04 00:00,6.3,,4.5,140,94,110
102,백령도,2016-03-04 01:00,6.1,,3.9,140,95,18
102,백령도,2016-03-04 02:00,6,,5.4,140,96,15
102,백령도,2016-03-04 03:00,6.1,,5.1,140,97,15
102,백령도,2016-03-04 04:00,6.1,,3.6,110,97,15
102,백령도,2016-03-04 05:00,6.1,,6.8,140,97,15
102,백령도,2016-03-04 06:00,6.4,,4.9,140,97,10
102,백령도,2016-03-04 07:00,6.3,,4.2,140,97,8
102,백령도,2016-03-04 08:00,6.4,,4.6,110,97,8
102,백령도,2016-03-04 09:00,6.4,,5,110,96,150
102,백령도,2016-03-04 10:00,6.9,,6.6,110,95,150
102,백령도,2016-03-04 11:00,8,,5.7,110,89,150
102,백령도,2016-03-04 12:00,9.8,,8.3,110,77,300
102,백령도,2016-03-04 13:00,10.8,,7.5,110,73,900
102,백령도,2016-03-04 14:00,11.9,,5.6,110,73,1100
102,백령도,2016-03-04 15:00,11.6,,6.9,110,77,1200
102,백령도,2016-03-04 16:00,11.2,,6.3,110,80,1100
102,백령도,2016-03-04 17:00,11.1,,5.4,110,84,1200
102,백령도,2016-03-04 18:00,10.5,,6.1,110,87,1100
102,백령도,2016-03-04 19:00,10.1,,7.6,110,95,30
102,백령도,2016-03-04 20:00,10.3,,7.8,110,97,10
102,백령도,2016-03-04 21:00,9.7,,6.3,110,97,10
102,백령도,2016-03-04 22:00,9.2,,6.7,110,97,9
102,백령도,2016-03-04 23:00,8.7,,5.6,110,97,9
102,백령도,2016-03-05 00:00,8.3,,5.3,140,97,9
102,백령도,2016-03-05 01:00,8.5,,4.6,140,97,10
102,백령도,2016-03-05 02:00,8.5,,5.2,140,97,20
102,백령도,2016-03-05 03:00,8.5,0,5.1,140,97,90
102,백령도,2016-03-05 04:00,8.9,,4.6,140,97,600
102,백령도,2016-03-05 05:00,9.3,,8.5,160,97,170
102,백령도,2016-03-05 06:00,10.6,14.2,9.9,160,97,300
102,백령도,2016-03-05 07:00,8.5,,7.8,230,97,50
102,백령도,2016-03-05 08:00,7.7,,7.2,200,97,10
102,백령도,2016-03-05 09:00,8.1,16.2,7.4,200,97,10
102,백령도,2016-03-05 10:00,8.5,,7.5,200,97,10
102,백령도,2016-03-05 11:00,8.3,,7.4,230,97,10
102,백령도,2016-03-05 12:00,7.5,1.3,9,230,97,10
102,백령도,2016-03-05 13:00,8,,7,270,97,10
102,백령도,2016-03-05 14:00,7.5,,6.4,250,97,10
102,백령도,2016-03-05 15:00,6,3.5,7.6,250,97,10
102,백령도,2016-03-05 16:00,5.1,,8.1,290,97,10
102,백령도,2016-03-05 17:00,4.5,,7.3,290,97,10
102,백령도,2016-03-05 18:00,4.4,.1,4.8,290,97,10
102,백령도,2016-03-05 19:00,4.2,,4.3,290,97,10
102,백령도,2016-03-05 20:00,3.4,,4.1,290,97,90
102,백령도,2016-03-05 21:00,3.4,,3.2,320,97,500
102,백령도,2016-03-05 22:00,3.6,,2.9,320,96,900
102,백령도,2016-03-05 23:00,3.8,,4.4,290,96,600
102,백령도,2016-03-06 00:00,3.9,,4.9,290,96,800
102,백령도,2016-03-06 01:00,3.4,,2.1,360,94,800
102,백령도,2016-03-06 02:00,2.8,,2.2,360,78,600
102,백령도,2016-03-06 03:00,2.7,,2,340,73,500
102,백령도,2016-03-06 04:00,2.5,,2.2,320,74,600
102,백령도,2016-03-06 05:00,2.5,,3.3,290,72,600
102,백령도,2016-03-06 06:00,2.4,,2.2,320,76,700
102,백령도,2016-03-06 07:00,2.2,,1.5,340,80,600
102,백령도,2016-03-06 08:00,2.5,,1.2,360,81,600
102,백령도,2016-03-06 09:00,3.9,,1.2,70,77,700
102,백령도,2016-03-06 10:00,5.5,,1.4,70,64,800
102,백령도,2016-03-06 11:00,5.3,,1.6,50,61,700
102,백령도,2016-03-06 12:00,7,,2.6,50,48,1100
102,백령도,2016-03-06 13:00,7.6,,1.8,70,37,1500
102,백령도,2016-03-06 14:00,7.1,,1.2,50,40,1200
102,백령도,2016-03-06 15:00,6.5,,1.9,20,51,1000
102,백령도,2016-03-06 16:00,7,,1,20,37,1200
102,백령도,2016-03-06 17:00,6.3,,.1,0,47,1200
102,백령도,2016-03-06 18:00,6.2,,.4,0,45,1400
102,백령도,2016-03-06 19:00,5.7,,.2,0,29,1800
102,백령도,2016-03-06 20:00,4.7,,1.4,70,33,1700
102,백령도,2016-03-06 21:00,4.9,,2.4,50,31,1800
102,백령도,2016-03-06 22:00,4.4,,2.8,70,37,1800
102,백령도,2016-03-06 23:00,5.3,,3.8,90,35,1900
102,백령도,2016-03-07 00:00,5.4,,4.4,90,34,1900
102,백령도,2016-03-07 01:00,4.4,,2.7,50,50,1700
102,백령도,2016-03-07 02:00,4.3,,2.6,50,62,1400
102,백령도,2016-03-07 03:00,5,,2.6,360,52,1700
102,백령도,2016-03-07 04:00,4.6,,3.1,50,54,1800
102,백령도,2016-03-07 05:00,5.2,,3,50,45,2000
102,백령도,2016-03-07 06:00,6.1,,3.8,70,30,2000
102,백령도,2016-03-07 07:00,7.2,,3.2,90,19,2000
102,백령도,2016-03-07 08:00,5.3,,1.6,290,42,2000
102,백령도,2016-03-07 09:00,6.3,,1.9,90,31,2000
102,백령도,2016-03-07 10:00,7.2,,1.6,20,22,2000
102,백령도,2016-03-07 11:00,5.4,,1,50,57,1500
102,백령도,2016-03-07 12:00,6.8,0,1.7,70,34,1500
102,백령도,2016-03-07 13:00,9.9,,1,70,21,2000
102,백령도,2016-03-07 14:00,10.5,,1.1,320,17,2000
102,백령도,2016-03-07 15:00,9.7,,3.6,290,16,2000
102,백령도,2016-03-07 16:00,7.9,,2.7,290,39,2000
102,백령도,2016-03-07 17:00,7.3,,2.7,290,35,2000
102,백령도,2016-03-07 18:00,6.3,,3.5,290,44,2000
102,백령도,2016-03-07 19:00,6.4,,4.3,290,40,2000
102,백령도,2016-03-07 20:00,4.7,,4.7,290,68,2000
102,백령도,2016-03-07 21:00,4.1,,3.4,320,81,1700
102,백령도,2016-03-07 22:00,3.5,,2,360,76,1000
102,백령도,2016-03-07 23:00,3.1,,2.5,20,63,1600
102,백령도,2016-03-08 00:00,2.5,,2.1,20,62,1700
102,백령도,2016-03-08 01:00,2,,1.8,50,65,1600
102,백령도,2016-03-08 02:00,1.7,,1.8,50,56,2000
102,백령도,2016-03-08 03:00,1.7,,2.2,20,66,2000
102,백령도,2016-03-08 04:00,1.3,,2.7,20,60,2000
102,백령도,2016-03-08 05:00,1,,3.9,20,52,2000
102,백령도,2016-03-08 06:00,.3,,3.3,20,63,2000
102,백령도,2016-03-08 07:00,-.2,,2.4,360,65,1900
102,백령도,2016-03-08 08:00,-.3,,2.7,360,59,2000
102,백령도,2016-03-08 09:00,-.3,,1.5,340,61,2000
102,백령도,2016-03-08 10:00,-.5,,2.6,360,52,1900
102,백령도,2016-03-08 11:00,-.7,,1.7,340,42,2000
102,백령도,2016-03-08 12:00,-.5,,2.3,340,41,2000
102,백령도,2016-03-08 13:00,-.7,,2.8,320,41,2000
102,백령도,2016-03-08 14:00,-1.1,,2.7,320,43,2200
102,백령도,2016-03-08 15:00,-1.2,,2.7,360,47,2200
102,백령도,2016-03-08 16:00,-1.5,,2.4,360,47,2200
102,백령도,2016-03-08 17:00,-1.7,,2.2,320,46,2000
102,백령도,2016-03-08 18:00,-1.8,,2.1,360,49,2000
102,백령도,2016-03-08 19:00,-1.7,,2,340,47,2000
102,백령도,2016-03-08 20:00,-1.4,,2.9,320,41,2000
102,백령도,2016-03-08 21:00,-1.1,,3.2,320,43,2000
102,백령도,2016-03-08 22:00,-1,,2.8,340,43,2000
102,백령도,2016-03-08 23:00,-1.1,,2.3,340,46,2000
102,백령도,2016-03-09 00:00,-1.4,,2.5,340,42,2000
102,백령도,2016-03-09 01:00,-1.8,,3.5,20,45,2000
102,백령도,2016-03-09 02:00,-2,,3.7,20,48,2000
102,백령도,2016-03-09 03:00,-2.1,,3.3,20,45,2000
102,백령도,2016-03-09 04:00,-2.2,,3.4,20,48,2000
102,백령도,2016-03-09 05:00,-2.3,,3.7,360,45,2000
102,백령도,2016-03-09 06:00,-2.4,,3.4,360,42,2000
102,백령도,2016-03-09 07:00,-2.5,,3.8,20,41,2000
102,백령도,2016-03-09 08:00,-2.2,,3,360,41,2000
102,백령도,2016-03-09 09:00,-1.4,,2.6,360,40,2000
102,백령도,2016-03-09 10:00,-.8,,3.1,20,39,2000
102,백령도,2016-03-09 11:00,-.8,,2.3,360,42,2000
102,백령도,2016-03-09 12:00,-.3,,2.2,360,38,2000
102,백령도,2016-03-09 13:00,-.6,,2.1,360,34,2000
102,백령도,2016-03-09 14:00,0,,3.9,320,40,2000
102,백령도,2016-03-09 15:00,-.6,,4.6,320,42,2000
102,백령도,2016-03-09 16:00,-.6,,4.6,290,40,2000
102,백령도,2016-03-09 17:00,-1.5,,4.8,320,39,2000
102,백령도,2016-03-09 18:00,-2,,4.3,290,46,2000
102,백령도,2016-03-09 19:00,-2.3,,4.5,290,45,2000
102,백령도,2016-03-09 20:00,-1.9,,3.7,290,44,2000
102,백령도,2016-03-09 21:00,-1.6,,4.3,290,42,2000
102,백령도,2016-03-09 22:00,-1.3,,3,290,41,2000
102,백령도,2016-03-09 23:00,-1.2,,2.4,320,37,2000
102,백령도,2016-03-10 00:00,-1.4,,2.1,340,44,2000
102,백령도,2016-03-10 01:00,-1.7,,2.5,320,42,2000
102,백령도,2016-03-10 02:00,-2.1,,3.2,320,38,2000
102,백령도,2016-03-10 03:00,-2.2,,2.9,340,43,2000
102,백령도,2016-03-10 04:00,-2.3,,3.4,320,44,2000
102,백령도,2016-03-10 05:00,-2.5,,3.5,340,43,2000
102,백령도,2016-03-10 06:00,-2.6,,2.7,320,38,2000
102,백령도,2016-03-10 07:00,-2.6,,2.5,340,40,2000
102,백령도,2016-03-10 08:00,-2,,1.9,340,39,3000
102,백령도,2016-03-10 09:00,-1.2,,1.7,340,36,3000
102,백령도,2016-03-10 10:00,-.2,,1.4,340,34,3000
102,백령도,2016-03-10 11:00,.5,,1.9,320,30,3000
102,백령도,2016-03-10 12:00,1,,2.7,320,30,3000
102,백령도,2016-03-10 13:00,.8,,4.2,290,29,3000
102,백령도,2016-03-10 14:00,.9,,5.3,290,29,3000
102,백령도,2016-03-10 15:00,.6,,3.8,290,31,2000
102,백령도,2016-03-10 16:00,.2,,4.2,290,37,2500
102,백령도,2016-03-10 17:00,-.8,,4.6,290,52,2000
102,백령도,2016-03-10 18:00,-.7,0,3.7,270,62,2000
102,백령도,2016-03-10 19:00,-1.6,,3.1,290,70,1700
102,백령도,2016-03-10 20:00,-1.3,,4.6,290,44,2000
102,백령도,2016-03-10 21:00,-1.1,0,6.9,290,38,2000
102,백령도,2016-03-10 22:00,-1,,5.8,290,41,2000
102,백령도,2016-03-10 23:00,-.9,,2.9,290,44,2000
102,백령도,2016-03-11 00:00,-.8,0,4.9,290,47,2000
102,백령도,2016-03-11 01:00,-1.2,,5.8,290,43,2000
102,백령도,2016-03-11 02:00,-1.5,,1.9,320,43,2000
102,백령도,2016-03-11 03:00,-1.2,,2.2,320,45,2000
102,백령도,2016-03-11 04:00,-1.4,,2.5,320,48,2000
102,백령도,2016-03-11 05:00,-1.6,,1.8,320,45,2000
102,백령도,2016-03-11 06:00,-1.7,,1.9,340,48,2000
102,백령도,2016-03-11 07:00,-1.8,,1.8,20,45,2000
102,백령도,2016-03-11 08:00,-1.3,,1.5,20,42,2000
102,백령도,2016-03-11 09:00,-.3,,2.6,50,39,2500
102,백령도,2016-03-11 10:00,.9,,3.6,70,36,2500
102,백령도,2016-03-11 11:00,1.1,,2.5,70,29,2500
102,백령도,2016-03-11 12:00,.5,,1.4,290,29,2500
102,백령도,2016-03-11 13:00,1.4,,1.7,320,26,2500
102,백령도,2016-03-11 14:00,1,,2.6,270,26,2500
102,백령도,2016-03-11 15:00,1.7,,4,270,31,2500
102,백령도,2016-03-11 16:00,1.2,,4,250,37,2500
102,백령도,2016-03-11 17:00,2.5,,2.9,200,37,2500
102,백령도,2016-03-11 18:00,1.5,,3.4,230,42,2500
102,백령도,2016-03-11 19:00,.2,,3.8,230,51,2000
102,백령도,2016-03-11 20:00,.6,,5.5,200,55,2000
102,백령도,2016-03-11 21:00,1.1,,4.1,250,50,2000
102,백령도,2016-03-11 22:00,1.4,,4.9,230,57,2000
102,백령도,2016-03-11 23:00,1.6,,4.5,250,60,2000
102,백령도,2016-03-12 00:00,1.9,,6.9,270,61,2000
102,백령도,2016-03-12 01:00,2.2,,7.8,270,59,2000
102,백령도,2016-03-12 02:00,2.1,,7.9,270,60,2000
102,백령도,2016-03-12 03:00,2.4,,8.1,250,60,2000
102,백령도,2016-03-12 04:00,2.2,,8.1,250,63,2000
102,백령도,2016-03-12 05:00,2.3,,8.3,250,63,2000
102,백령도,2016-03-12 06:00,2.2,,7.4,270,65,2000
102,백령도,2016-03-12 07:00,2.3,,6.7,250,66,2000
102,백령도,2016-03-12 08:00,2.6,,5.6,270,68,1800
102,백령도,2016-03-12 09:00,3.1,,4,250,68,2000
102,백령도,2016-03-12 10:00,3.7,,4,250,66,2000
102,백령도,2016-03-12 11:00,4.2,,4.2,200,71,2000
102,백령도,2016-03-12 12:00,4.1,,2.1,180,71,2000
102,백령도,2016-03-12 13:00,5.4,,3.1,230,69,1700
102,백령도,2016-03-12 14:00,5.2,,5.7,250,76,700
102,백령도,2016-03-12 15:00,5.5,,4.7,230,77,700
102,백령도,2016-03-12 16:00,4.7,,6,230,82,500
102,백령도,2016-03-12 17:00,4.7,,5.3,230,84,500
102,백령도,2016-03-12 18:00,4.2,,5.2,200,86,300
102,백령도,2016-03-12 19:00,4.2,,5.8,230,86,400
102,백령도,2016-03-12 20:00,4.1,,6.5,200,88,300
102,백령도,2016-03-12 21:00,4.2,,7.3,230,89,300
102,백령도,2016-03-12 22:00,4.3,,6.8,230,87,400
102,백령도,2016-03-12 23:00,4.3,,5.3,230,83,400
102,백령도,2016-03-13 00:00,4.2,,5.3,230,87,300
102,백령도,2016-03-13 01:00,4.1,,4.9,250,89,300
102,백령도,2016-03-13 02:00,4.1,,4.3,250,90,250
102,백령도,2016-03-13 03:00,4.2,,5.4,270,89,400
102,백령도,2016-03-13 04:00,4.2,,4.8,270,89,400
102,백령도,2016-03-13 05:00,4.1,,4.3,270,86,500
102,백령도,2016-03-13 06:00,3.2,0,8,270,80,1100
102,백령도,2016-03-13 07:00,2.8,,6.4,250,81,900
102,백령도,2016-03-13 08:00,2.4,,3.6,250,85,700
102,백령도,2016-03-13 09:00,2.3,0,3.7,250,88,500
102,백령도,2016-03-13 10:00,2.7,,3.9,200,87,800
102,백령도,2016-03-13 11:00,2.8,,2.4,270,87,900
102,백령도,2016-03-13 12:00,4.4,0,2.1,230,81,1700
102,백령도,2016-03-13 13:00,4.2,,3.8,270,77,1400
102,백령도,2016-03-13 14:00,4.1,,2.6,250,79,1200
102,백령도,2016-03-13 15:00,4.6,0,2.4,270,73,1600
102,백령도,2016-03-13 16:00,4.2,,3.4,250,78,1100
102,백령도,2016-03-13 17:00,3.4,,4.3,270,83,800
102,백령도,2016-03-13 18:00,3.2,,5.3,270,82,800
102,백령도,2016-03-13 19:00,3.1,,3.7,270,85,700
102,백령도,2016-03-13 20:00,3,,3.2,270,87,600
102,백령도,2016-03-13 21:00,2.8,,3,270,86,1100
102,백령도,2016-03-13 22:00,2.9,,4.1,290,85,1200
102,백령도,2016-03-13 23:00,2.8,,3.7,290,82,1200
102,백령도,2016-03-14 00:00,2.6,,4.3,290,85,900
102,백령도,2016-03-14 01:00,2.6,,4.8,290,88,700
102,백령도,2016-03-14 02:00,2.7,,4.6,290,90,440
102,백령도,2016-03-14 03:00,2.3,,3.1,290,79,600
102,백령도,2016-03-14 04:00,2.2,,4.6,290,80,500
102,백령도,2016-03-14 05:00,2.1,,3.4,290,73,900
102,백령도,2016-03-14 06:00,1.6,,2,320,80,700
102,백령도,2016-03-14 07:00,.3,,1.9,320,87,200
102,백령도,2016-03-14 08:00,0,,1.6,340,88,300
102,백령도,2016-03-14 09:00,1.4,,2,20,78,600
102,백령도,2016-03-14 10:00,2.6,,1.7,360,65,800
102,백령도,2016-03-14 11:00,3.3,,1.8,320,67,800
102,백령도,2016-03-14 12:00,3.3,,3.2,290,65,800
102,백령도,2016-03-14 13:00,3.8,,4.2,290,60,1500
102,백령도,2016-03-14 14:00,5,,3,290,53,1800
102,백령도,2016-03-14 15:00,4.7,,4.7,290,51,2000
102,백령도,2016-03-14 16:00,4.9,,4.3,270,41,2000
102,백령도,2016-03-14 17:00,5,,3.9,290,46,2000
102,백령도,2016-03-14 18:00,4,,3,290,48,2000
102,백령도,2016-03-14 19:00,2.6,,2.9,290,56,2000
102,백령도,2016-03-14 20:00,2.4,,2.3,290,55,2000
102,백령도,2016-03-14 21:00,2.3,,3.1,290,55,2000
102,백령도,2016-03-14 22:00,1.9,,4.3,270,71,2000
102,백령도,2016-03-14 23:00,2.1,,5.5,250,76,2000
102,백령도,2016-03-15 00:00,2.4,,7,250,78,2000
102,백령도,2016-03-15 01:00,2.7,,6,250,62,2000
102,백령도,2016-03-15 02:00,2.7,,5.3,250,70,2000
102,백령도,2016-03-15 03:00,2.9,,5.1,250,68,2000
102,백령도,2016-03-15 04:00,2.8,,5.1,230,73,2000
102,백령도,2016-03-15 05:00,3,,5.5,230,69,2000
102,백령도,2016-03-15 06:00,2.9,,3.2,200,70,2000
102,백령도,2016-03-15 07:00,2.8,,1.7,160,73,2000
102,백령도,2016-03-15 08:00,3.8,,1.1,140,73,2000
102,백령도,2016-03-15 09:00,4.9,,1.2,180,69,2000
102,백령도,2016-03-15 10:00,6.1,,1.1,160,64,2000
102,백령도,2016-03-15 11:00,7.7,,1.8,200,58,1500
102,백령도,2016-03-15 12:00,8.3,,1.5,200,58,1500
102,백령도,2016-03-15 13:00,8.7,,2.3,200,60,1500
102,백령도,2016-03-15 14:00,7.8,,4.5,200,58,1500
102,백령도,2016-03-15 15:00,8.2,,3.2,200,54,1500
102,백령도,2016-03-15 16:00,7.6,,3,200,46,1500
102,백령도,2016-03-15 17:00,6.5,,3.8,200,66,1200
102,백령도,2016-03-15 18:00,5.3,,4.3,200,81,900
102,백령도,2016-03-15 19:00,4.6,,4.1,200,82,900
102,백령도,2016-03-15 20:00,4.4,,5.3,200,86,900
102,백령도,2016-03-15 21:00,4.4,,5.2,200,85,900
102,백령도,2016-03-15 22:00,4.4,,6,230,80,1200
102,백령도,2016-03-15 23:00,4.2,,5.8,230,80,1400
102,백령도,2016-03-16 00:00,4.5,,5.8,230,70,2000
102,백령도,2016-03-16 01:00,5,,6.5,230,59,2000
102,백령도,2016-03-16 02:00,4.7,,5.2,230,60,2000
102,백령도,2016-03-16 03:00,4.6,,6.2,230,65,2000
102,백령도,2016-03-16 04:00,5.3,,4.6,270,45,2000
102,백령도,2016-03-16 05:00,5.2,,3.9,250,49,2000
102,백령도,2016-03-16 06:00,4.6,,3.2,200,68,2000
102,백령도,2016-03-16 07:00,4.5,,2.7,200,73,2000
102,백령도,2016-03-16 08:00,5,,2.8,180,74,2000
102,백령도,2016-03-16 09:00,5.8,,2.7,200,76,1700
102,백령도,2016-03-16 10:00,6.6,,2.5,200,76,1600
102,백령도,2016-03-16 11:00,7.8,,2.9,200,70,1600
102,백령도,2016-03-16 12:00,8,,4.2,200,72,1500
102,백령도,2016-03-16 13:00,8.3,,5.4,200,70,1800
102,백령도,2016-03-16 14:00,9.5,,4.9,200,40,1800
102,백령도,2016-03-16 15:00,10.1,,3.4,230,28,1800
102,백령도,2016-03-16 16:00,9.8,,5.2,200,25,1800
102,백령도,2016-03-16 17:00,9.3,,3,230,16,1800
102,백령도,2016-03-16 18:00,7.6,,1.5,200,23,1800
102,백령도,2016-03-16 19:00,5.7,,1.9,180,41,2000
102,백령도,2016-03-16 20:00,5.1,,3.1,200,50,2000
102,백령도,2016-03-16 21:00,5,,2.6,180,59,2000
102,백령도,2016-03-16 22:00,4.6,,3.4,180,66,2000
102,백령도,2016-03-16 23:00,4.5,,3,180,71,2000
102,백령도,2016-03-17 00:00,5.2,,4,160,67,2000
102,백령도,2016-03-17 01:00,5.4,,4.5,160,63,2000
102,백령도,2016-03-17 02:00,5.6,,4.1,160,55,2000
102,백령도,2016-03-17 03:00,5.4,,4.7,140,60,2000
102,백령도,2016-03-17 04:00,4.5,,4.8,140,79,2000
102,백령도,2016-03-17 05:00,3.7,,5.3,110,87,1700
102,백령도,2016-03-17 06:00,3.6,,6.4,110,78,2000
102,백령도,2016-03-17 07:00,3.7,,6.4,110,67,2000
102,백령도,2016-03-17 08:00,4.2,,5,110,69,2000
102,백령도,2016-03-17 09:00,5.6,,5.2,110,67,1700
102,백령도,2016-03-17 10:00,6.9,,5.1,90,61,1700
102,백령도,2016-03-17 11:00,7.4,,5.5,110,46,1700
102,백령도,2016-03-17 12:00,7.4,,6,110,41,1700
102,백령도,2016-03-17 13:00,7.6,,4.3,110,40,1500
102,백령도,2016-03-17 14:00,8,,3.7,110,50,1500
102,백령도,2016-03-17 15:00,7.9,,3.3,140,59,1500
102,백령도,2016-03-17 16:00,7.3,,3.3,160,66,1300
102,백령도,2016-03-17 17:00,7.4,,5.7,160,71,1300
102,백령도,2016-03-17 18:00,7.8,,5.8,160,72,1200
102,백령도,2016-03-17 19:00,7.8,,5.5,160,72,1400
102,백령도,2016-03-17 20:00,8.3,,4.7,160,70,1700
102,백령도,2016-03-17 21:00,7.1,,3.9,140,72,1400
102,백령도,2016-03-17 22:00,6.2,,4.6,140,77,1100
102,백령도,2016-03-17 23:00,7.3,,5.7,160,69,1500
102,백령도,2016-03-18 00:00,6.8,,5.2,140,71,1400
102,백령도,2016-03-18 01:00,7.6,,5.4,160,68,1500
102,백령도,2016-03-18 02:00,6.4,,4.7,140,73,1200
102,백령도,2016-03-18 03:00,6.9,,5.4,140,72,1300
102,백령도,2016-03-18 04:00,6.7,,4.1,110,71,1400
102,백령도,2016-03-18 05:00,7.2,,5.8,140,68,1500
102,백령도,2016-03-18 06:00,7.2,,5.5,110,69,1600
102,백령도,2016-03-18 07:00,7.6,,4.8,90,68,1700
102,백령도,2016-03-18 08:00,8.3,,5.1,110,65,1900
102,백령도,2016-03-18 09:00,8.8,,5.2,110,64,1700
102,백령도,2016-03-18 10:00,10.6,,5.7,110,59,1700
102,백령도,2016-03-18 11:00,11.7,,3.8,140,53,1200
102,백령도,2016-03-18 12:00,14.3,,2.2,200,44,1800
102,백령도,2016-03-18 13:00,15.5,,1.7,200,40,2000
102,백령도,2016-03-18 14:00,15,,3.3,200,42,1700
102,백령도,2016-03-18 15:00,14,,3.1,230,50,1300
102,백령도,2016-03-18 16:00,13.3,,3.9,230,54,1300
102,백령도,2016-03-18 17:00,12.7,,3.4,270,57,1300
102,백령도,2016-03-18 18:00,9.1,,3.3,290,71,1300
102,백령도,2016-03-18 19:00,6.8,,3.2,290,83,700
102,백령도,2016-03-18 20:00,6,,2,340,87,440
102,백령도,2016-03-18 21:00,6,,1.7,20,86,600
102,백령도,2016-03-18 22:00,5.9,,2.1,360,93,100
102,백령도,2016-03-18 23:00,5.9,,2.1,340,92,380
102,백령도,2016-03-19 00:00,5.3,,1.3,340,93,120
102,백령도,2016-03-19 01:00,4.4,,1.9,340,94,40
102,백령도,2016-03-19 02:00,2.8,,2,320,96,7
102,백령도,2016-03-19 03:00,2.7,,1.4,360,96,7
102,백령도,2016-03-19 04:00,2.7,,2,320,97,7
102,백령도,2016-03-19 05:00,2.9,,1.3,340,97,8
102,백령도,2016-03-19 06:00,3.2,,2.5,320,97,8
102,백령도,2016-03-19 07:00,3.4,,1.9,320,97,8
102,백령도,2016-03-19 08:00,3.1,,2,320,97,120
102,백령도,2016-03-19 09:00,4.1,,1.8,340,96,800
102,백령도,2016-03-19 10:00,4.9,,1.5,340,94,900
102,백령도,2016-03-19 11:00,6.8,,1.5,340,73,1200
102,백령도,2016-03-19 12:00,7.6,,2.1,320,67,1600
102,백령도,2016-03-19 13:00,7.6,,4.2,320,63,1700
102,백령도,2016-03-19 14:00,8.2,,3.3,320,58,1700
102,백령도,2016-03-19 15:00,8.1,,4.1,320,58,1500
102,백령도,2016-03-19 16:00,8.1,,4.4,320,54,1700
102,백령도,2016-03-19 17:00,8.1,,4.4,290,53,1700
102,백령도,2016-03-19 18:00,7.3,,4.4,290,53,1700
102,백령도,2016-03-19 19:00,6.2,,4.1,290,61,1800
102,백령도,2016-03-19 20:00,6.1,,5.5,290,63,1700
102,백령도,2016-03-19 21:00,6,,5.9,290,66,1700
102,백령도,2016-03-19 22:00,5.9,,7.2,290,68,1500
102,백령도,2016-03-19 23:00,6.2,,6.4,290,66,1500
102,백령도,2016-03-20 00:00,5.6,,4.6,290,71,1400
102,백령도,2016-03-20 01:00,4.4,,2.1,340,80,1300
102,백령도,2016-03-20 02:00,4.1,,2.3,360,80,1300
102,백령도,2016-03-20 03:00,3.8,,1.9,340,77,1500
102,백령도,2016-03-20 04:00,3.5,,2.2,360,76,1500
102,백령도,2016-03-20 05:00,3.5,,2.4,360,77,1600
102,백령도,2016-03-20 06:00,3.4,,2.2,360,79,1500
102,백령도,2016-03-20 07:00,3,,2.1,20,82,1500
102,백령도,2016-03-20 08:00,4.1,,1.8,20,76,1800
102,백령도,2016-03-20 09:00,5.2,,1.6,50,70,2000
102,백령도,2016-03-20 10:00,5.2,,1.9,340,72,1800
102,백령도,2016-03-20 11:00,5.1,,3,340,69,1800
102,백령도,2016-03-20 12:00,5.6,,2.7,320,68,1800
102,백령도,2016-03-20 13:00,6.6,,3.6,290,64,1800
102,백령도,2016-03-20 14:00,6.9,,3.3,320,54,1800
102,백령도,2016-03-20 15:00,7.3,,3.1,320,55,1800
102,백령도,2016-03-20 16:00,7.3,,3.3,290,57,1800
102,백령도,2016-03-20 17:00,7,,3.2,320,52,2000
102,백령도,2016-03-20 18:00,6.8,,2.3,320,58,2000
102,백령도,2016-03-20 19:00,4.4,,2.3,320,69,2000
102,백령도,2016-03-20 20:00,4.5,,2.6,340,67,2000
102,백령도,2016-03-20 21:00,4.4,,2.4,320,69,1800
102,백령도,2016-03-20 22:00,4.6,,2.5,340,71,1700
102,백령도,2016-03-20 23:00,4.5,,3.2,290,68,1600
102,백령도,2016-03-21 00:00,4.5,,1.4,320,67,1700
102,백령도,2016-03-21 01:00,5.3,,3.4,340,59,1700
102,백령도,2016-03-21 02:00,4.9,,2.2,340,63,1500
102,백령도,2016-03-21 03:00,4.4,,1.8,360,64,1500
102,백령도,2016-03-21 04:00,4.5,,2.2,360,62,1500
102,백령도,2016-03-21 05:00,4,,1.5,20,64,1600
102,백령도,2016-03-21 06:00,7.5,,2.4,360,28,2000
102,백령도,2016-03-21 07:00,7.7,,2.6,360,25,2000
102,백령도,2016-03-21 08:00,8.5,,.3,0,36,2000
102,백령도,2016-03-21 09:00,8.9,,2.3,90,48,2000
102,백령도,2016-03-21 10:00,9.8,,2.3,70,35,2000
102,백령도,2016-03-21 11:00,9.6,,1.3,320,51,1800
102,백령도,2016-03-21 12:00,12.4,,1.8,180,24,2000
102,백령도,2016-03-21 13:00,11.6,,3.3,230,19,2000
102,백령도,2016-03-21 14:00,10.9,,4.2,270,20,2000
102,백령도,2016-03-21 15:00,10.5,,3.1,270,26,2000
102,백령도,2016-03-21 16:00,11.9,,3.2,270,18,2000
102,백령도,2016-03-21 17:00,10.5,,4.8,270,21,2000
102,백령도,2016-03-21 18:00,9.5,,4.4,270,23,2000
102,백령도,2016-03-21 19:00,7.6,,4.2,290,24,2000
102,백령도,2016-03-21 20:00,6.5,,3.7,270,41,1800
102,백령도,2016-03-21 21:00,5.5,,3,270,61,1400
102,백령도,2016-03-21 22:00,4.9,,3.6,250,79,800
102,백령도,2016-03-21 23:00,4.6,,4,250,83,600
102,백령도,2016-03-22 00:00,6.7,,5.4,250,36,1600
102,백령도,2016-03-22 01:00,5.3,,5.8,230,60,1200
102,백령도,2016-03-22 02:00,4.7,,6.3,230,86,400
102,백령도,2016-03-22 03:00,5.6,,6.5,250,61,1300
102,백령도,2016-03-22 04:00,5.6,,6.1,250,60,1300
102,백령도,2016-03-22 05:00,5.6,,6.6,250,67,900
102,백령도,2016-03-22 06:00,6.2,,8.2,250,57,900
102,백령도,2016-03-22 07:00,5.2,,7.8,230,75,900
102,백령도,2016-03-22 08:00,5.6,,5.3,230,75,900
102,백령도,2016-03-22 09:00,6.4,,6.6,270,68,1100
102,백령도,2016-03-22 10:00,6.9,,5.5,270,65,1100
102,백령도,2016-03-22 11:00,7.7,,5.3,270,60,1100
102,백령도,2016-03-22 12:00,8.4,,4.2,290,56,1100
102,백령도,2016-03-22 13:00,8.4,,3.1,290,59,1100
102,백령도,2016-03-22 14:00,8.9,,2.1,290,62,900
102,백령도,2016-03-22 15:00,8.2,,3,290,66,900
102,백령도,2016-03-22 16:00,7.3,,2.3,320,60,900
102,백령도,2016-03-22 17:00,7.3,,1.7,320,63,900
102,백령도,2016-03-22 18:00,6.2,,2.3,320,64,800
102,백령도,2016-03-22 19:00,5.3,,4.2,290,70,800
102,백령도,2016-03-22 20:00,5.6,,4.3,290,75,800
102,백령도,2016-03-22 21:00,6.5,,4.2,290,62,1500
102,백령도,2016-03-22 22:00,6.4,,3.5,320,61,2000
102,백령도,2016-03-22 23:00,6.2,,2.1,340,59,2000
102,백령도,2016-03-23 00:00,5.5,,2.5,20,65,2000
102,백령도,2016-03-23 01:00,5.3,,2.7,360,60,2000
102,백령도,2016-03-23 02:00,4.4,,3.1,20,66,1900
102,백령도,2016-03-23 03:00,4.3,,2.6,20,64,2000
102,백령도,2016-03-23 04:00,4,,2.5,20,66,1900
102,백령도,2016-03-23 05:00,3.6,,2.7,20,73,1700
102,백령도,2016-03-23 06:00,3.2,,2,20,77,1500
102,백령도,2016-03-23 07:00,3.6,,3,20,67,1800
102,백령도,2016-03-23 08:00,4.4,,2.6,20,61,1800
102,백령도,2016-03-23 09:00,5.2,,2.5,360,54,2000
102,백령도,2016-03-23 10:00,5.7,,1.9,320,50,2000
102,백령도,2016-03-23 11:00,6.3,,1.9,320,48,2000
102,백령도,2016-03-23 12:00,6.2,,2,320,47,2000
102,백령도,2016-03-23 13:00,6.3,,2.4,340,45,2000
102,백령도,2016-03-23 14:00,6.5,,3.2,340,45,2000
102,백령도,2016-03-23 15:00,6.8,,4.7,320,44,2000
102,백령도,2016-03-23 16:00,6.9,,4.5,290,46,2000
102,백령도,2016-03-23 17:00,6.1,,5.4,290,52,2000
102,백령도,2016-03-23 18:00,5.7,,4.7,290,51,2000
102,백령도,2016-03-23 19:00,4.4,,3.9,320,54,2000
102,백령도,2016-03-23 20:00,4.2,,3.9,320,59,2000
102,백령도,2016-03-23 21:00,4.1,,3.7,320,59,2000
102,백령도,2016-03-23 22:00,4.1,,3.2,340,57,2000
102,백령도,2016-03-23 23:00,3.8,,2.9,340,63,2000
102,백령도,2016-03-24 00:00,3.7,,2.2,340,58,2000
102,백령도,2016-03-24 01:00,3.5,,2.7,360,58,2000
102,백령도,2016-03-24 02:00,3,,3.2,20,63,2000
102,백령도,2016-03-24 03:00,3,,3.4,20,62,2000
102,백령도,2016-03-24 04:00,3,,3.2,20,57,2000
102,백령도,2016-03-24 05:00,2.9,,2.8,20,54,2000
102,백령도,2016-03-24 06:00,2.9,,3.1,360,55,2000
102,백령도,2016-03-24 07:00,2.9,,2.5,360,54,2000
102,백령도,2016-03-24 08:00,3.7,,2.1,340,52,2000
102,백령도,2016-03-24 09:00,4.4,,2,340,47,2000
102,백령도,2016-03-24 10:00,5.4,,2,340,45,2000
102,백령도,2016-03-24 11:00,6.1,,2.3,360,43,2000
102,백령도,2016-03-24 12:00,6.1,,2.2,320,42,2000
102,백령도,2016-03-24 13:00,6.8,,3.2,320,40,2000
102,백령도,2016-03-24 14:00,6.8,,3.8,320,41,2000
102,백령도,2016-03-24 15:00,6.6,,3,320,38,1800
102,백령도,2016-03-24 16:00,6.1,,3.7,320,39,1800
102,백령도,2016-03-24 17:00,5.9,,3.2,320,44,1800
102,백령도,2016-03-24 18:00,5.1,,2.8,290,47,1800
102,백령도,2016-03-24 19:00,3.7,,3.6,290,58,2000
102,백령도,2016-03-24 20:00,4,,6.3,290,50,2000
102,백령도,2016-03-24 21:00,3.8,,6.6,290,61,2000
102,백령도,2016-03-24 22:00,3.7,,6.1,290,66,2000
102,백령도,2016-03-24 23:00,4,,6.8,290,70,1700
102,백령도,2016-03-25 00:00,4.3,,4.7,290,68,2000
102,백령도,2016-03-25 01:00,3.9,,1.5,340,67,1900
102,백령도,2016-03-25 02:00,3.4,,1.1,320,67,1900
102,백령도,2016-03-25 03:00,3,,1.1,320,74,1600
102,백령도,2016-03-25 04:00,3.1,,2.4,20,72,1700
102,백령도,2016-03-25 05:00,2.6,,2.2,340,77,1600
102,백령도,2016-03-25 06:00,2.9,,2.2,360,74,1900
102,백령도,2016-03-25 07:00,3,,2.2,360,72,2000
102,백령도,2016-03-25 08:00,3.6,,2.1,340,73,2000
102,백령도,2016-03-25 09:00,4.2,,2.2,340,70,2000
102,백령도,2016-03-25 10:00,4.9,,2.5,320,62,2000
102,백령도,2016-03-25 11:00,5.4,,2.7,320,57,1800
102,백령도,2016-03-25 12:00,6,,3.1,290,56,1700
102,백령도,2016-03-25 13:00,6.4,,2.7,290,56,1700
102,백령도,2016-03-25 14:00,5.7,,4.1,290,57,1700
102,백령도,2016-03-25 15:00,6.4,,5.4,270,56,1700
102,백령도,2016-03-25 16:00,6.3,,5.5,290,53,1700
102,백령도,2016-03-25 17:00,5.4,,6.1,290,48,1700
102,백령도,2016-03-25 18:00,4.6,,4.7,290,53,1700
102,백령도,2016-03-25 19:00,3.3,,2.7,290,59,2000
102,백령도,2016-03-25 20:00,3.2,,2.6,290,64,1900
102,백령도,2016-03-25 21:00,2.9,,3.2,290,75,1300
102,백령도,2016-03-25 22:00,2.9,,2.6,290,69,1900
102,백령도,2016-03-25 23:00,3.2,,2.1,340,63,2000
102,백령도,2016-03-26 00:00,3.4,,2.5,320,69,1800
102,백령도,2016-03-26 01:00,3.4,,2.1,320,76,1700
102,백령도,2016-03-26 02:00,4.2,,2.3,320,55,2000
102,백령도,2016-03-26 03:00,5,,2,340,37,2000
102,백령도,2016-03-26 04:00,4.6,,2.4,340,33,2000
102,백령도,2016-03-26 05:00,3.3,,2,320,73,2000
102,백령도,2016-03-26 06:00,3.5,,2.3,290,79,2000
102,백령도,2016-03-26 07:00,3.2,,2.3,290,86,1300
102,백령도,2016-03-26 08:00,4.4,,1.6,320,76,1400
102,백령도,2016-03-26 09:00,4.9,,1,270,76,1100
102,백령도,2016-03-26 10:00,7.9,,.6,180,57,1500
102,백령도,2016-03-26 11:00,8.8,,1.3,270,50,1700
102,백령도,2016-03-26 12:00,8,,2.3,270,57,1600
102,백령도,2016-03-26 13:00,8.9,,3.5,270,34,1500
102,백령도,2016-03-26 14:00,9.1,,3.2,270,43,1500
102,백령도,2016-03-26 15:00,7.9,,3.9,270,54,1500
102,백령도,2016-03-26 16:00,7.3,,4.3,270,53,1500
102,백령도,2016-03-26 17:00,6.7,,4.4,290,63,1500
102,백령도,2016-03-26 18:00,5.8,,4.6,290,68,1500
102,백령도,2016-03-26 19:00,4.4,,4.2,290,73,2000
102,백령도,2016-03-26 20:00,4.2,,4.6,290,72,2000
102,백령도,2016-03-26 21:00,4.3,,4.6,290,69,1800
102,백령도,2016-03-26 22:00,4.9,,4.6,270,37,2000
102,백령도,2016-03-26 23:00,3.7,,6.2,250,75,2000
102,백령도,2016-03-27 00:00,4.5,,7.4,250,45,2000
102,백령도,2016-03-27 01:00,4.2,,6.5,270,64,2000
102,백령도,2016-03-27 02:00,4.4,,6.6,290,56,2000
102,백령도,2016-03-27 03:00,4,,6.8,270,63,1800
102,백령도,2016-03-27 04:00,4.1,,6.1,270,63,1800
102,백령도,2016-03-27 05:00,4.1,,4.7,270,71,1700
102,백령도,2016-03-27 06:00,5,,3.6,250,52,1800
102,백령도,2016-03-27 07:00,4.2,,4.1,270,74,1000
102,백령도,2016-03-27 08:00,5.1,,3.7,250,64,900
102,백령도,2016-03-27 09:00,6.1,,1.7,230,61,1100
102,백령도,2016-03-27 10:00,5.9,,5.2,230,77,1100
102,백령도,2016-03-27 11:00,6.5,,4.2,250,76,900
102,백령도,2016-03-27 12:00,8.2,,4.7,250,57,1500
102,백령도,2016-03-27 13:00,7.3,,5.9,250,66,1400
102,백령도,2016-03-27 14:00,8.5,,6.8,270,47,1500
102,백령도,2016-03-27 15:00,8.8,,5.7,270,50,1500
102,백령도,2016-03-27 16:00,8.4,,5.1,250,68,1700
102,백령도,2016-03-27 17:00,7.4,,5.9,250,73,1500
102,백령도,2016-03-27 18:00,7.1,,5.5,250,79,1300
102,백령도,2016-03-27 19:00,5.6,,6,230,87,800
102,백령도,2016-03-27 20:00,5.5,,6.7,230,89,800
102,백령도,2016-03-27 21:00,5.5,,7.3,230,87,800
102,백령도,2016-03-27 22:00,5.5,,6.8,230,84,1000
102,백령도,2016-03-27 23:00,5.5,,7.7,230,87,800
102,백령도,2016-03-28 00:00,5.5,,6.7,230,90,500
102,백령도,2016-03-28 01:00,5.3,,5.4,200,92,250
102,백령도,2016-03-28 02:00,6.2,,3.3,180,76,800
102,백령도,2016-03-28 03:00,4.3,,3.4,140,88,450
102,백령도,2016-03-28 04:00,3.2,,2.9,110,90,130
102,백령도,2016-03-28 05:00,3.9,,5.3,110,95,8
102,백령도,2016-03-28 06:00,3.6,,5.8,140,96,7
102,백령도,2016-03-28 07:00,3.8,,5.8,110,96,7
102,백령도,2016-03-28 08:00,3.7,,7.9,110,96,9
102,백령도,2016-03-28 09:00,3.8,,8.4,110,97,9
102,백령도,2016-03-28 10:00,3.8,,8.7,110,96,40
102,백령도,2016-03-28 11:00,4.5,,8.1,110,96,200
102,백령도,2016-03-28 12:00,6.7,,5.7,110,95,300
102,백령도,2016-03-28 13:00,7.7,,5.5,140,78,800
102,백령도,2016-03-28 14:00,8.7,,4.5,110,76,800
102,백령도,2016-03-28 15:00,8.6,,5.3,110,78,900
102,백령도,2016-03-28 16:00,9.3,,5,160,69,800
102,백령도,2016-03-28 17:00,9.4,,5.3,160,64,800
102,백령도,2016-03-28 18:00,8.1,,4.4,140,71,800
102,백령도,2016-03-28 19:00,7.4,,4.6,140,74,800
102,백령도,2016-03-28 20:00,8,,4,180,72,700
102,백령도,2016-03-28 21:00,8.4,,5.3,200,72,800
102,백령도,2016-03-28 22:00,8.7,,8.3,200,70,800
102,백령도,2016-03-28 23:00,9.1,,6.5,230,65,900
102,백령도,2016-03-29 00:00,8.9,,7.4,200,67,800
102,백령도,2016-03-29 01:00,8.3,,7.5,200,76,500
102,백령도,2016-03-29 02:00,7.9,,8.6,200,77,500
102,백령도,2016-03-29 03:00,7.7,,9,200,76,700
102,백령도,2016-03-29 04:00,7.3,,9.7,200,78,600
102,백령도,2016-03-29 05:00,7.3,,9.9,200,79,700
102,백령도,2016-03-29 06:00,7.3,,8.9,200,81,700
102,백령도,2016-03-29 07:00,7.8,,5.3,180,81,700
102,백령도,2016-03-29 08:00,7.9,,5.2,180,81,700
102,백령도,2016-03-29 09:00,8.2,,8.3,200,81,700
102,백령도,2016-03-29 10:00,9,,6.8,200,79,700
102,백령도,2016-03-29 11:00,9.4,,6.9,200,78,800
102,백령도,2016-03-29 12:00,9.9,,7.3,230,74,800
102,백령도,2016-03-29 13:00,9.8,,7.9,230,75,700
102,백령도,2016-03-29 14:00,9.5,,5.1,250,76,600
102,백령도,2016-03-29 15:00,9.7,,3.7,250,73,600
102,백령도,2016-03-29 16:00,7.9,,3.9,290,78,500
102,백령도,2016-03-29 17:00,8.8,,2,320,76,600
102,백령도,2016-03-29 18:00,7.2,,2.3,290,81,500
102,백령도,2016-03-29 19:00,5.6,,4.6,290,89,220
102,백령도,2016-03-29 20:00,5.9,,4.3,290,90,250
102,백령도,2016-03-29 21:00,6.8,,4.7,270,72,700
102,백령도,2016-03-29 22:00,7.7,,5.4,270,63,1100
102,백령도,2016-03-29 23:00,7.4,,4.8,270,61,1400
102,백령도,2016-03-30 00:00,6.7,,5.3,250,67,1200
102,백령도,2016-03-30 01:00,6,,4.8,250,75,1100
102,백령도,2016-03-30 02:00,6.8,,3.9,270,65,1600
102,백령도,2016-03-30 03:00,6.9,,2.9,290,60,2000
102,백령도,2016-03-30 04:00,5.2,,3.3,250,81,1200
102,백령도,2016-03-30 05:00,7.9,,1.5,50,53,2000
102,백령도,2016-03-30 06:00,6.1,,1.7,270,73,2000
102,백령도,2016-03-30 07:00,7.4,,.1,0,59,2000
102,백령도,2016-03-30 08:00,7.6,,1.1,230,58,2000
102,백령도,2016-03-30 09:00,7.5,,5.2,200,61,1100
102,백령도,2016-03-30 10:00,8.9,,2.5,200,56,1100
102,백령도,2016-03-30 11:00,10.9,,2.3,200,46,1100
102,백령도,2016-03-30 12:00,10.7,,2.4,230,52,1100
102,백령도,2016-03-30 13:00,11.4,,4.4,270,45,1100
102,백령도,2016-03-30 14:00,12.7,,5.4,230,40,1100
102,백령도,2016-03-30 15:00,11.5,,5.7,250,45,1100
102,백령도,2016-03-30 16:00,11.5,,6.2,230,50,1100
102,백령도,2016-03-30 17:00,10.9,,6.5,200,53,1100
102,백령도,2016-03-30 18:00,9.1,,7.1,230,65,1200
102,백령도,2016-03-30 19:00,7.6,,8.2,230,74,1000
102,백령도,2016-03-30 20:00,7.2,,6.8,200,80,800
102,백령도,2016-03-30 21:00,8.4,,7.3,230,64,1200
102,백령도,2016-03-30 22:00,8.4,,6.7,200,62,1600
102,백령도,2016-03-30 23:00,8.3,,6.5,200,59,2000
102,백령도,2016-03-31 00:00,8.4,,6.4,200,56,2000
102,백령도,2016-03-31 01:00,7.3,,5.2,180,61,2000
102,백령도,2016-03-31 02:00,7.2,,4.9,180,59,2000
102,백령도,2016-03-31 03:00,7.6,,5.5,160,57,2000
102,백령도,2016-03-31 04:00,6,,4.8,160,67,2000
102,백령도,2016-03-31 05:00,5.7,,5.8,160,72,1800
102,백령도,2016-03-31 06:00,5.5,,6,140,77,1600
102,백령도,2016-03-31 07:00,5.9,,6.5,140,69,1800
102,백령도,2016-03-31 08:00,8,,6.7,140,52,1800
102,백령도,2016-03-31 09:00,8.1,,5.7,140,58,1500
102,백령도,2016-03-31 10:00,10.8,,4.8,160,45,1500
102,백령도,2016-03-31 11:00,12.7,,5,160,32,1500
102,백령도,2016-03-31 12:00,13,,4.4,180,28,2000
102,백령도,2016-03-31 13:00,13.3,,4.3,160,30,2000
102,백령도,2016-03-31 14:00,14.4,,3.2,200,28,2000
102,백령도,2016-03-31 15:00,15.3,,5.9,230,16,2000
102,백령도,2016-03-31 16:00,15.5,,6.7,200,14,2000
102,백령도,2016-03-31 17:00,15.2,,6.6,200,17,2000
102,백령도,2016-03-31 18:00,14.1,,5.2,200,16,2000
102,백령도,2016-03-31 19:00,11.8,,5.5,200,23,2000
102,백령도,2016-03-31 20:00,11.6,,4.6,180,25,2000
102,백령도,2016-03-31 21:00,11.9,,5.5,200,21,2000
102,백령도,2016-03-31 22:00,11.7,,4.8,180,24,2000
102,백령도,2016-03-31 23:00,12.3,,4.9,200,19,2000
102,백령도,2016-04-01 00:00,12.5,,3.8,160,22,2000
102,백령도,2016-04-01 01:00,12.5,,3.7,160,21,2000
102,백령도,2016-04-01 02:00,12.8,,3.9,180,18,2000
102,백령도,2016-04-01 03:00,13.2,,4.4,160,17,2000
102,백령도,2016-04-01 04:00,10.9,,5.2,140,20,2000
102,백령도,2016-04-01 05:00,10.5,,6,160,24,2000
102,백령도,2016-04-01 06:00,9.4,,3.5,160,33,2000
102,백령도,2016-04-01 07:00,9.3,,4.7,160,35,2000
102,백령도,2016-04-01 08:00,9.9,,4.4,140,38,2000
102,백령도,2016-04-01 09:00,12.2,,5.5,160,28,2000
102,백령도,2016-04-01 10:00,13.5,,4.6,160,27,2000
102,백령도,2016-04-01 11:00,14.9,,4,180,23,1700
102,백령도,2016-04-01 12:00,13.7,,3.6,200,43,1500
102,백령도,2016-04-01 13:00,13.4,,4.1,230,59,1100
102,백령도,2016-04-01 14:00,13.8,,4,230,68,600
102,백령도,2016-04-01 15:00,11.3,,7.3,230,81,500
102,백령도,2016-04-01 16:00,13.4,,5,230,78,500
102,백령도,2016-04-01 17:00,14,,2.4,230,74,600
102,백령도,2016-04-01 18:00,13.2,,3,200,77,600
102,백령도,2016-04-01 19:00,11.1,,4.2,160,82,600
102,백령도,2016-04-01 20:00,11,,3.9,200,81,600
102,백령도,2016-04-01 21:00,11.3,,5.2,200,82,600
102,백령도,2016-04-01 22:00,10.8,,7.4,200,84,400
102,백령도,2016-04-01 23:00,10.9,,7.7,200,85,420
102,백령도,2016-04-02 00:00,11,,8.3,200,86,500
102,백령도,2016-04-02 01:00,11,,9.1,200,75,1100
102,백령도,2016-04-02 02:00,10.6,,9,200,76,1900
102,백령도,2016-04-02 03:00,9.5,,8.1,200,84,1700
102,백령도,2016-04-02 04:00,10,,6.7,200,82,1900
102,백령도,2016-04-02 05:00,9.3,,6.4,160,83,1500
102,백령도,2016-04-02 06:00,8.8,,6.6,160,86,1200
102,백령도,2016-04-02 07:00,8.9,,5.5,160,89,1200
102,백령도,2016-04-02 08:00,10.5,,4.4,200,81,1500
102,백령도,2016-04-02 09:00,11.5,,3.5,200,77,1800
102,백령도,2016-04-02 10:00,11.3,,4.1,200,78,1800
102,백령도,2016-04-02 11:00,10.9,,7.7,200,79,1800
102,백령도,2016-04-02 12:00,10.8,,8.8,200,80,1700
102,백령도,2016-04-02 13:00,9.8,,8.1,230,82,1600
102,백령도,2016-04-02 14:00,6.8,,4.3,290,93,30
102,백령도,2016-04-02 15:00,5.9,,2.1,20,94,700
102,백령도,2016-04-02 16:00,6.5,,3.2,50,90,1100
102,백령도,2016-04-02 17:00,6.1,,1.8,360,90,300
102,백령도,2016-04-02 18:00,6.4,,2.9,50,94,600
102,백령도,2016-04-02 19:00,7.8,0,1.7,50,89,1700
102,백령도,2016-04-02 20:00,9.4,0,2.6,70,81,2000
102,백령도,2016-04-02 21:00,5.3,0,2.4,340,93,1600
102,백령도,2016-04-02 22:00,5.3,,2.5,20,93,2000
102,백령도,2016-04-02 23:00,6,,2.5,340,93,2000
102,백령도,2016-04-03 00:00,6.7,,2.7,50,90,2000
102,백령도,2016-04-03 01:00,7.1,,2.6,50,87,2000
102,백령도,2016-04-03 02:00,7.3,,2.1,20,80,2000
102,백령도,2016-04-03 03:00,6.9,,2.4,360,81,2000
102,백령도,2016-04-03 04:00,5.5,,2.3,360,87,2000
102,백령도,2016-04-03 05:00,5.8,,2.2,20,85,2000
102,백령도,2016-04-03 06:00,6.4,,2.9,20,75,2000
102,백령도,2016-04-03 07:00,6.9,.1,1.8,360,67,1600
102,백령도,2016-04-03 08:00,6.9,0,2.8,20,65,2000
102,백령도,2016-04-03 09:00,7.1,,2.8,20,65,2000
102,백령도,2016-04-03 10:00,7.2,,3.7,50,65,2000
102,백령도,2016-04-03 11:00,7,,1.8,20,66,2000
102,백령도,2016-04-03 12:00,8.3,0,2.4,20,52,2000
102,백령도,2016-04-03 13:00,8.5,0,2.4,20,55,2000
102,백령도,2016-04-03 14:00,9,,1.8,320,58,2000
102,백령도,2016-04-03 15:00,9.2,,1.9,340,52,2000
102,백령도,2016-04-03 16:00,8.7,,1.7,290,54,2000
102,백령도,2016-04-03 17:00,7.7,,1.6,340,57,2000
102,백령도,2016-04-03 18:00,6.6,,2.5,320,54,2000
102,백령도,2016-04-03 19:00,5.9,,2.4,340,51,2000
102,백령도,2016-04-03 20:00,6.1,,2.6,360,41,2000
102,백령도,2016-04-03 21:00,6.4,,3,360,32,2000
102,백령도,2016-04-03 22:00,6.1,,2.5,20,35,2000
102,백령도,2016-04-03 23:00,6.2,,2.7,360,35,2000
102,백령도,2016-04-04 00:00,4.9,,1.7,320,55,2000
102,백령도,2016-04-04 01:00,5.1,,1.7,320,48,2000
102,백령도,2016-04-04 02:00,5.2,,1.8,20,51,2000
102,백령도,2016-04-04 03:00,5.2,,1.9,360,51,2000
102,백령도,2016-04-04 04:00,5.5,,2.1,20,48,2000
102,백령도,2016-04-04 05:00,5.7,,2.1,20,41,2000
102,백령도,2016-04-04 06:00,5.6,,2.4,20,44,2000
102,백령도,2016-04-04 07:00,6.1,,1.9,360,47,2000
102,백령도,2016-04-04 08:00,6.9,,1.3,360,45,2000
102,백령도,2016-04-04 09:00,9,,2.1,70,39,2500
102,백령도,2016-04-04 10:00,11.2,,.9,20,31,2500
102,백령도,2016-04-04 11:00,9.8,,1.2,290,37,2500
102,백령도,2016-04-04 12:00,12.4,,1.8,290,23,2500
102,백령도,2016-04-04 13:00,14.4,,1.7,50,11,2500
102,백령도,2016-04-04 14:00,14.2,,2.2,290,17,2500
102,백령도,2016-04-04 15:00,9.6,,4.2,290,51,2300
102,백령도,2016-04-04 16:00,9.6,,5.3,290,37,2300
102,백령도,2016-04-04 17:00,9.7,,5.2,290,31,2300
102,백령도,2016-04-04 18:00,8.9,,5.4,290,34,2300
102,백령도,2016-04-04 19:00,8.3,,5.4,290,37,2000
102,백령도,2016-04-04 20:00,8.6,,6.4,290,37,2000
102,백령도,2016-04-04 21:00,8.3,,5.8,290,44,2000
102,백령도,2016-04-04 22:00,8.8,,6.3,290,38,2000
102,백령도,2016-04-04 23:00,9,,7.2,270,23,2000
102,백령도,2016-04-05 00:00,9.6,,7.4,290,16,2000
102,백령도,2016-04-05 01:00,8.7,,8.6,270,26,2000
102,백령도,2016-04-05 02:00,7.9,,8.1,250,44,2000
102,백령도,2016-04-05 03:00,7.7,,8.4,270,47,2000
102,백령도,2016-04-05 04:00,7.9,,8,270,48,2000
102,백령도,2016-04-05 05:00,7.9,,7.9,270,53,2000
102,백령도,2016-04-05 06:00,7.6,,8.5,250,60,2000
102,백령도,2016-04-05 07:00,7.9,,8.2,250,57,2000
102,백령도,2016-04-05 08:00,8.4,,3.9,270,58,1800
102,백령도,2016-04-05 09:00,9.3,,4.1,250,54,1800
102,백령도,2016-04-05 10:00,11.9,,3.5,270,40,1900
102,백령도,2016-04-05 11:00,13.2,,2.4,270,38,1900
102,백령도,2016-04-05 12:00,12.5,,4.9,270,43,1700
102,백령도,2016-04-05 13:00,13,,5.3,250,42,1800
102,백령도,2016-04-05 14:00,12.4,,6.1,270,46,1600
102,백령도,2016-04-05 15:00,12.5,,6.3,270,52,1800
102,백령도,2016-04-05 16:00,10.7,,7.7,250,63,1900
102,백령도,2016-04-05 17:00,11.6,,5.9,270,55,1400
102,백령도,2016-04-05 18:00,10.7,,7.1,250,59,1300
102,백령도,2016-04-05 19:00,9.1,,3.8,270,67,1300
102,백령도,2016-04-05 20:00,8.7,,5.4,250,71,1200
102,백령도,2016-04-05 21:00,8.6,,5.5,230,71,1300
102,백령도,2016-04-05 22:00,8,,4,230,79,1500
102,백령도,2016-04-05 23:00,9.1,,5.7,250,66,1400
102,백령도,2016-04-06 00:00,8.8,,4.6,250,64,1500
102,백령도,2016-04-06 01:00,9.5,,6.2,250,57,1400
102,백령도,2016-04-06 02:00,8.7,,4.5,230,64,1800
102,백령도,2016-04-06 03:00,9,,2.4,270,63,1300
102,백령도,2016-04-06 04:00,8.1,,4,230,65,2000
102,백령도,2016-04-06 05:00,10.1,,1.1,230,49,1600
102,백령도,2016-04-06 06:00,7.2,,2.9,110,74,2000
102,백령도,2016-04-06 07:00,7.1,,5.7,140,76,2000
102,백령도,2016-04-06 08:00,7.3,,5.5,140,80,2000
102,백령도,2016-04-06 09:00,8.4,,6.2,110,80,1900
102,백령도,2016-04-06 10:00,9.3,,7,110,78,1800
102,백령도,2016-04-06 11:00,10.2,,7,110,70,1600
102,백령도,2016-04-06 12:00,11.9,,5,110,59,2000
102,백령도,2016-04-06 13:00,13.3,,4.3,90,43,2000
102,백령도,2016-04-06 14:00,13,,4.2,90,44,2000
102,백령도,2016-04-06 15:00,12.8,,5,90,44,1200
102,백령도,2016-04-06 16:00,13.7,,5,90,41,1100
102,백령도,2016-04-06 17:00,14.6,,6.1,110,34,1300
102,백령도,2016-04-06 18:00,13.1,,3.9,140,37,1300
102,백령도,2016-04-06 19:00,12.7,,3.9,160,36,1300
102,백령도,2016-04-06 20:00,11.3,,4.6,230,36,1800
102,백령도,2016-04-06 21:00,10.6,,5.4,230,46,2000
102,백령도,2016-04-06 22:00,9.6,,6.5,230,61,2000
102,백령도,2016-04-06 23:00,9.7,,2.1,180,75,2000
102,백령도,2016-04-07 00:00,8.5,,2.2,50,69,2000
102,백령도,2016-04-07 01:00,9.2,,3.1,90,74,2000
102,백령도,2016-04-07 02:00,9.1,,1.9,70,72,2000
102,백령도,2016-04-07 03:00,9.4,,3.7,90,72,2000
102,백령도,2016-04-07 04:00,9.5,,3.1,90,73,2000
102,백령도,2016-04-07 05:00,8.5,,1.5,50,76,1900
102,백령도,2016-04-07 06:00,8.6,,2.2,360,73,2000
102,백령도,2016-04-07 07:00,8.1,,3.3,360,83,2000
102,백령도,2016-04-07 08:00,7.9,,2.2,320,84,2000
102,백령도,2016-04-07 09:00,8,,2.6,340,84,2000
102,백령도,2016-04-07 10:00,9.1,,2.4,340,78,2000
102,백령도,2016-04-07 11:00,10.1,,2.5,340,76,2000
102,백령도,2016-04-07 12:00,11.7,,3,290,73,2000
102,백령도,2016-04-07 13:00,11.9,,3.5,290,73,2000
102,백령도,2016-04-07 14:00,12.7,,4.7,290,75,2000
102,백령도,2016-04-07 15:00,12.5,,5.2,290,77,2000
102,백령도,2016-04-07 16:00,12.1,,3.4,290,76,2000
102,백령도,2016-04-07 17:00,11,,3.9,290,79,2000
102,백령도,2016-04-07 18:00,10.4,,2.9,270,80,2000
102,백령도,2016-04-07 19:00,8.3,,3.2,270,89,1300
102,백령도,2016-04-07 20:00,7.6,,4.1,270,93,600
102,백령도,2016-04-07 21:00,8.7,,5.4,270,80,1400
102,백령도,2016-04-07 22:00,10.5,,6,270,71,1300
102,백령도,2016-04-07 23:00,9.4,,6.7,270,65,1600
102,백령도,2016-04-08 00:00,8.5,,4.3,270,84,800
102,백령도,2016-04-08 01:00,8.4,,6.3,250,90,490
102,백령도,2016-04-08 02:00,9,,5,270,88,600
102,백령도,2016-04-08 03:00,9,,5,270,87,500
102,백령도,2016-04-08 04:00,10.1,,3.5,270,83,400
102,백령도,2016-04-08 05:00,8.6,,2.2,270,90,300
102,백령도,2016-04-08 06:00,8.6,,3,270,92,300
102,백령도,2016-04-08 07:00,9.2,,3.3,270,93,300
102,백령도,2016-04-08 08:00,6.5,,2.2,230,87,200
102,백령도,2016-04-08 09:00,5.8,,2,230,95,30
102,백령도,2016-04-08 10:00,6.4,,2,230,93,80
102,백령도,2016-04-08 11:00,7.4,,1.6,200,88,80
102,백령도,2016-04-08 12:00,10.8,,.9,360,76,600
102,백령도,2016-04-08 13:00,13,,1.4,230,65,600
102,백령도,2016-04-08 14:00,13.6,,1.4,270,65,600
102,백령도,2016-04-08 15:00,14.7,,1.9,250,59,600
102,백령도,2016-04-08 16:00,11.6,,2.5,250,68,300
102,백령도,2016-04-08 17:00,11.2,,4.6,250,67,300
102,백령도,2016-04-08 18:00,12.4,,4.9,250,51,300
102,백령도,2016-04-08 19:00,8.9,,6,230,77,900
102,백령도,2016-04-08 20:00,7.8,,7.5,200,90,280
102,백령도,2016-04-08 21:00,9.2,,5.6,230,75,1200
102,백령도,2016-04-08 22:00,8.7,,6.5,200,76,1100
102,백령도,2016-04-08 23:00,8.5,,5.9,180,71,1600
102,백령도,2016-04-09 00:00,8.2,,4.8,200,73,1500
102,백령도,2016-04-09 01:00,8.1,,4.1,160,75,1600
102,백령도,2016-04-09 02:00,6.3,,7.1,180,85,1000
102,백령도,2016-04-09 03:00,5.8,,5.4,160,91,300
102,백령도,2016-04-09 04:00,6.1,,6.4,160,94,30
102,백령도,2016-04-09 05:00,6.4,,4.1,110,95,20
102,백령도,2016-04-09 06:00,7.3,,4.7,160,96,10
102,백령도,2016-04-09 07:00,8,,3.7,180,97,10
102,백령도,2016-04-09 08:00,8,,3.5,160,97,10
102,백령도,2016-04-09 09:00,7.4,,3.9,140,97,10
102,백령도,2016-04-09 10:00,8.8,,2.8,160,97,10
102,백령도,2016-04-09 11:00,9.5,,3.2,200,97,10
102,백령도,2016-04-09 12:00,9.9,,2.8,200,97,10
102,백령도,2016-04-09 13:00,10.2,,2.2,200,97,10
102,백령도,2016-04-09 14:00,10.1,,2,180,97,10
102,백령도,2016-04-09 15:00,10,,2,140,97,70
102,백령도,2016-04-09 16:00,10.3,,2.7,160,96,80
102,백령도,2016-04-09 17:00,9.5,,1.5,140,93,120
102,백령도,2016-04-09 18:00,8.1,,2.3,160,95,10
102,백령도,2016-04-09 19:00,7.8,,2.3,90,97,10
102,백령도,2016-04-09 20:00,7.5,,4.9,110,97,10
102,백령도,2016-04-09 21:00,7.4,,3.6,110,97,10
102,백령도,2016-04-09 22:00,7.2,,3.9,110,97,8
102,백령도,2016-04-09 23:00,7.1,,4.4,110,97,8
102,백령도,2016-04-10 00:00,6.9,,4.3,110,97,10
102,백령도,2016-04-10 01:00,6.7,,3.8,90,97,8
102,백령도,2016-04-10 02:00,6.6,,3.6,90,97,8
102,백령도,2016-04-10 03:00,6.4,,3.9,70,97,10
102,백령도,2016-04-10 04:00,6.5,,2.8,50,97,10
102,백령도,2016-04-10 05:00,6.4,,3.3,50,97,10
102,백령도,2016-04-10 06:00,6.4,,4,70,97,10
102,백령도,2016-04-10 07:00,6.5,,3.3,70,97,30
102,백령도,2016-04-10 08:00,7.1,,3.4,90,97,30
102,백령도,2016-04-10 09:00,6,,2.5,50,97,10
102,백령도,2016-04-10 10:00,8.7,,2.3,70,97,300
102,백령도,2016-04-10 11:00,11.3,,1.9,110,97,800
102,백령도,2016-04-10 12:00,10.5,,2,250,79,700
102,백령도,2016-04-10 13:00,6.7,,2.4,290,92,80
102,백령도,2016-04-10 14:00,6,,3,320,92,40
102,백령도,2016-04-10 15:00,5.9,,2.7,340,93,30
102,백령도,2016-04-10 16:00,8.7,,2.3,360,68,900
102,백령도,2016-04-10 17:00,8.6,,1.7,340,52,2000
102,백령도,2016-04-10 18:00,8,,2.7,20,51,2000
102,백령도,2016-04-10 19:00,7.9,,1.9,360,48,2000
102,백령도,2016-04-10 20:00,7.5,,2,360,53,2000
102,백령도,2016-04-10 21:00,6.7,,2,20,61,2000
102,백령도,2016-04-10 22:00,6.9,,2,340,58,2000
102,백령도,2016-04-10 23:00,6.3,,2.6,20,63,2000
102,백령도,2016-04-11 00:00,6.3,,2.3,20,59,2000
102,백령도,2016-04-11 01:00,5.4,,2.4,20,69,2000
102,백령도,2016-04-11 02:00,5.2,,2.2,20,66,2000
102,백령도,2016-04-11 03:00,5,,2.4,20,65,2000
102,백령도,2016-04-11 04:00,5,,2,50,66,2000
102,백령도,2016-04-11 05:00,4.7,,3.6,70,66,2000
102,백령도,2016-04-11 06:00,4.7,,2.5,50,64,2000
102,백령도,2016-04-11 07:00,5.2,,2.6,70,60,2000
102,백령도,2016-04-11 08:00,7.1,,3.3,70,57,2000
102,백령도,2016-04-11 09:00,8.4,,3.2,70,48,2000
102,백령도,2016-04-11 10:00,9.1,,3.1,70,43,2000
102,백령도,2016-04-11 11:00,9.3,,2.8,70,43,2000
102,백령도,2016-04-11 12:00,11.5,,.6,200,40,2000
102,백령도,2016-04-11 13:00,10.7,,2,270,43,2000
102,백령도,2016-04-11 14:00,10.4,,1.4,320,51,2000
102,백령도,2016-04-11 15:00,11,,2,290,47,2000
102,백령도,2016-04-11 16:00,10.5,,1.6,290,46,2000
102,백령도,2016-04-11 17:00,10.2,,2,270,43,2000
102,백령도,2016-04-11 18:00,7.6,,1.2,360,45,2000
102,백령도,2016-04-11 19:00,8.3,,0,0,40,2000
102,백령도,2016-04-11 20:00,9.1,,.9,140,37,2000
102,백령도,2016-04-11 21:00,9,,1.9,180,36,2000
102,백령도,2016-04-11 22:00,9,,1.8,180,32,2000
102,백령도,2016-04-11 23:00,8.2,,4,160,42,2000
102,백령도,2016-04-12 00:00,7.6,,4.5,200,53,2000
102,백령도,2016-04-12 01:00,7.5,,2.6,200,67,2000
102,백령도,2016-04-12 02:00,7.5,,3.5,140,67,2000
102,백령도,2016-04-12 03:00,8.2,,5.3,160,76,1500
102,백령도,2016-04-12 04:00,8.9,,3,200,90,700
102,백령도,2016-04-12 05:00,9,,4.4,180,91,900
102,백령도,2016-04-12 06:00,9,,5.4,180,90,1100
102,백령도,2016-04-12 07:00,8.8,,5.2,160,90,1100
102,백령도,2016-04-12 08:00,9,,8.2,160,88,1500
102,백령도,2016-04-12 09:00,9.5,,4.2,180,82,1800
102,백령도,2016-04-12 10:00,10.8,,4.7,180,74,2000
102,백령도,2016-04-12 11:00,10.6,,4.8,180,68,1600
102,백령도,2016-04-12 12:00,9.8,,3.9,180,71,1600
102,백령도,2016-04-12 13:00,10.3,,4.3,160,68,1500
102,백령도,2016-04-12 14:00,11.4,,5,140,63,2000
102,백령도,2016-04-12 15:00,12,,3.8,160,59,2000
102,백령도,2016-04-12 16:00,11.9,,4.1,160,63,2000
102,백령도,2016-04-12 17:00,10.7,,4.4,160,72,1900
102,백령도,2016-04-12 18:00,10.2,,3.6,180,78,1500
102,백령도,2016-04-12 19:00,9.4,,4.1,160,83,1900
102,백령도,2016-04-12 20:00,9.9,,4.1,160,83,2000
102,백령도,2016-04-12 21:00,9.8,,4.2,160,83,2000
102,백령도,2016-04-12 22:00,9.4,,5.4,160,84,1700
102,백령도,2016-04-12 23:00,10,0,3,200,84,2000
102,백령도,2016-04-13 00:00,9.9,0,3,200,89,1500
102,백령도,2016-04-13 01:00,9.7,,4.1,200,90,1400
102,백령도,2016-04-13 02:00,9.9,,5.5,200,92,1200
102,백령도,2016-04-13 03:00,9.4,,7.3,200,93,1200
102,백령도,2016-04-13 04:00,9.2,,6,230,93,800
102,백령도,2016-04-13 05:00,9.3,,5.8,230,95,300
102,백령도,2016-04-13 06:00,9.1,,3.9,230,97,30
102,백령도,2016-04-13 07:00,9,,1.5,230,97,10
102,백령도,2016-04-13 08:00,8.8,,0,0,97,10
102,백령도,2016-04-13 09:00,9.8,,.6,110,97,30
102,백령도,2016-04-13 10:00,9.5,,.9,270,97,30
102,백령도,2016-04-13 11:00,10.3,,.6,250,97,40
102,백령도,2016-04-13 12:00,11.8,,1.3,70,95,300
102,백령도,2016-04-13 13:00,12.8,,.8,270,78,800
102,백령도,2016-04-13 14:00,11.6,,1.2,70,83,800
102,백령도,2016-04-13 15:00,12.8,,2.2,230,75,300
102,백령도,2016-04-13 16:00,11,,1,180,75,600
102,백령도,2016-04-13 17:00,14.6,,1.5,160,69,1500
102,백령도,2016-04-13 18:00,9.5,,4.4,200,83,300
102,백령도,2016-04-13 19:00,7.7,,7.2,200,94,90
102,백령도,2016-04-13 20:00,7.5,,5.3,200,95,20
102,백령도,2016-04-13 21:00,6.3,,4.3,200,96,20
102,백령도,2016-04-13 22:00,6,,5.7,230,97,20
102,백령도,2016-04-13 23:00,6.1,,9.1,230,97,10
102,백령도,2016-04-14 00:00,6.2,,7.6,230,97,10
102,백령도,2016-04-14 01:00,6.4,,2.7,270,97,10
102,백령도,2016-04-14 02:00,6.6,,2,270,97,10
102,백령도,2016-04-14 03:00,7.2,,2.5,270,97,10
102,백령도,2016-04-14 04:00,7.2,,1.7,290,97,10
102,백령도,2016-04-14 05:00,6.8,,.6,320,97,10
102,백령도,2016-04-14 06:00,6.4,,1.3,360,97,10
102,백령도,2016-04-14 07:00,6,,.6,290,97,10
102,백령도,2016-04-14 08:00,5.9,,2.9,290,97,10
102,백령도,2016-04-14 09:00,6.2,,1.8,360,97,10
102,백령도,2016-04-14 10:00,6.2,,1.6,360,97,10
102,백령도,2016-04-14 11:00,6.4,,2,360,97,30
102,백령도,2016-04-14 12:00,6.6,,1.2,20,97,30
102,백령도,2016-04-14 13:00,8.2,,1.5,70,95,30
102,백령도,2016-04-14 14:00,8.7,,1.7,340,83,40
102,백령도,2016-04-14 15:00,8.7,,1.2,20,81,300
102,백령도,2016-04-14 16:00,10.2,,2.3,320,72,500
102,백령도,2016-04-14 17:00,9.2,,1.9,340,70,1200
102,백령도,2016-04-14 18:00,10.5,,2.1,340,55,1300
102,백령도,2016-04-14 19:00,6.9,,2.6,290,73,1600
102,백령도,2016-04-14 20:00,8.5,,3.2,320,66,1400
102,백령도,2016-04-14 21:00,10.3,,2.5,320,51,1600
102,백령도,2016-04-14 22:00,9.8,,2.8,320,53,1900
102,백령도,2016-04-14 23:00,9.1,,2.4,320,63,1500
102,백령도,2016-04-15 00:00,8.8,,2.4,320,69,1100
102,백령도,2016-04-15 01:00,8.6,,2.9,320,71,1100
102,백령도,2016-04-15 02:00,10.1,,3.8,360,54,1600
102,백령도,2016-04-15 03:00,11.1,,2.5,360,42,2000
102,백령도,2016-04-15 04:00,10.4,,3.2,360,47,1900
102,백령도,2016-04-15 05:00,10.8,,2.5,70,40,2000
102,백령도,2016-04-15 06:00,10.8,,3,90,41,2000
102,백령도,2016-04-15 07:00,11.5,,4.7,90,40,2000
102,백령도,2016-04-15 08:00,12.4,,4.5,110,42,2000
102,백령도,2016-04-15 09:00,13.3,,4,110,45,2000
102,백령도,2016-04-15 10:00,14.6,,3.8,110,43,1500
102,백령도,2016-04-15 11:00,14.6,,5.1,140,42,1500
102,백령도,2016-04-15 12:00,14.4,,4.6,140,47,1500
102,백령도,2016-04-15 13:00,13.8,,3.9,140,53,1500
102,백령도,2016-04-15 14:00,14.5,,5.4,160,43,1500
102,백령도,2016-04-15 15:00,14.7,,3.6,180,42,1500
102,백령도,2016-04-15 16:00,14,,3.6,180,47,1800
102,백령도,2016-04-15 17:00,14.2,,3.5,230,36,2000
102,백령도,2016-04-15 18:00,12.6,,2.5,200,41,2000
102,백령도,2016-04-15 19:00,10.1,,6,200,69,1900
102,백령도,2016-04-15 20:00,10,,5.2,200,82,1600
102,백령도,2016-04-15 21:00,10.1,,4,200,89,1300
102,백령도,2016-04-15 22:00,10,,5.7,160,90,1200
102,백령도,2016-04-15 23:00,10.4,,3.5,180,90,1200
102,백령도,2016-04-16 00:00,10.7,,5.7,230,90,1200
102,백령도,2016-04-16 01:00,10.9,,3.6,180,88,1400
102,백령도,2016-04-16 02:00,7.9,,5.8,140,92,500
102,백령도,2016-04-16 03:00,7.9,,4.1,110,96,900
102,백령도,2016-04-16 04:00,8.8,,4.8,110,83,2000
102,백령도,2016-04-16 05:00,8.5,,6.9,110,89,1400
102,백령도,2016-04-16 06:00,7.6,,6.3,90,94,600
102,백령도,2016-04-16 07:00,8.7,,7.7,90,90,1200
102,백령도,2016-04-16 08:00,9.3,,7.5,110,86,1300
102,백령도,2016-04-16 09:00,9.4,,7.9,90,82,1300
102,백령도,2016-04-16 10:00,11.1,,7.4,90,74,1500
102,백령도,2016-04-16 11:00,11.6,,8.1,110,69,1600
102,백령도,2016-04-16 12:00,12,0,7.3,90,61,1600
102,백령도,2016-04-16 13:00,12.3,0,6.5,90,57,1700
102,백령도,2016-04-16 14:00,10,1.1,7.8,90,85,1100
102,백령도,2016-04-16 15:00,10,1.4,6.7,70,93,300
102,백령도,2016-04-16 16:00,10.7,.9,6.9,90,95,300
102,백령도,2016-04-16 17:00,11.3,2.5,8.4,70,96,300
102,백령도,2016-04-16 18:00,11.4,5.4,8.7,70,97,150
102,백령도,2016-04-16 19:00,11.3,7.3,10.2,70,97,30
102,백령도,2016-04-16 20:00,11.1,9.5,9,50,97,10
102,백령도,2016-04-16 21:00,11.6,7.9,10.2,70,97,10
102,백령도,2016-04-16 22:00,10.7,3.5,6.7,50,97,40
102,백령도,2016-04-16 23:00,10.3,1.2,2.9,50,97,40
102,백령도,2016-04-17 00:00,7,6.9,2.3,340,97,9
102,백령도,2016-04-17 01:00,7,3.8,3.7,340,97,80
102,백령도,2016-04-17 02:00,7,2.4,6.5,320,97,250
102,백령도,2016-04-17 03:00,6.9,1.2,11.5,290,97,150
102,백령도,2016-04-17 04:00,7.1,.2,10.9,290,97,1200
102,백령도,2016-04-17 05:00,7.3,,14.8,290,96,1200
102,백령도,2016-04-17 06:00,7.2,,13.6,290,96,300
102,백령도,2016-04-17 07:00,7.4,,12.9,290,91,700
102,백령도,2016-04-17 08:00,7.3,,12,290,89,800
102,백령도,2016-04-17 09:00,7.8,,10.7,290,88,800
102,백령도,2016-04-17 10:00,8.6,,10.7,290,80,1100
102,백령도,2016-04-17 11:00,9.2,,11.1,290,72,1500
102,백령도,2016-04-17 12:00,9.4,,9.5,270,76,1700
102,백령도,2016-04-17 13:00,9.1,,8.9,270,82,800
102,백령도,2016-04-17 14:00,9.8,,9.5,270,70,1100
102,백령도,2016-04-17 15:00,10.2,,8.8,270,61,1800
102,백령도,2016-04-17 16:00,10.5,,9.5,270,62,2000
102,백령도,2016-04-17 17:00,9.5,,8.9,270,64,2000
102,백령도,2016-04-17 18:00,9,,8,270,65,2000
102,백령도,2016-04-17 19:00,8.9,,7.8,290,56,2000
102,백령도,2016-04-17 20:00,8.6,,7.3,290,60,2000
102,백령도,2016-04-17 21:00,8,,7.4,290,68,2000
102,백령도,2016-04-17 22:00,8,,7.6,290,71,2000
102,백령도,2016-04-17 23:00,7.3,,4.2,290,78,2000
102,백령도,2016-04-18 00:00,7.6,,3.7,290,76,2000
102,백령도,2016-04-18 01:00,6.4,,4.2,270,85,1900
102,백령도,2016-04-18 02:00,6.5,,5.4,250,85,2000
102,백령도,2016-04-18 03:00,7,,5.9,250,79,2000
102,백령도,2016-04-18 04:00,7.8,,4.5,250,67,2000
102,백령도,2016-04-18 05:00,7.1,,2.3,270,72,2000
102,백령도,2016-04-18 06:00,8.3,,2.2,250,61,2000
102,백령도,2016-04-18 07:00,8.7,,1.5,70,60,2000
102,백령도,2016-04-18 08:00,10.1,,2.7,110,59,2000
102,백령도,2016-04-18 09:00,9.9,,4.6,110,67,2000
102,백령도,2016-04-18 10:00,10.1,,5.9,110,63,2000
102,백령도,2016-04-18 11:00,11.2,,4.9,140,51,2000
102,백령도,2016-04-18 12:00,11.5,,4.1,160,58,2000
102,백령도,2016-04-18 13:00,9.8,0,3.1,110,75,1800
102,백령도,2016-04-18 14:00,7.7,2.9,1.6,70,92,250
102,백령도,2016-04-18 15:00,8.1,.9,4.3,230,96,150
102,백령도,2016-04-18 16:00,7.9,0,7.2,250,96,120
102,백령도,2016-04-18 17:00,9.3,,7.3,270,92,600
102,백령도,2016-04-18 18:00,8.8,,8.9,290,80,1100
102,백령도,2016-04-18 19:00,8.2,,9.6,290,76,1800
102,백령도,2016-04-18 20:00,6.6,,7.7,290,88,1100
102,백령도,2016-04-18 21:00,5.4,,5.9,290,94,600
102,백령도,2016-04-18 22:00,5.1,,5.2,290,95,490
102,백령도,2016-04-18 23:00,5,,5.3,290,95,1400
102,백령도,2016-04-19 00:00,4.6,,2.3,320,95,1600
102,백령도,2016-04-19 01:00,4.7,,2.8,290,95,1500
102,백령도,2016-04-19 02:00,4.6,,4,290,95,1300
102,백령도,2016-04-19 03:00,4.9,,3.4,290,94,1800
102,백령도,2016-04-19 04:00,5,,1.8,290,90,2000
102,백령도,2016-04-19 05:00,5.1,,2.1,340,88,2000
102,백령도,2016-04-19 06:00,4.9,,1.1,270,88,2000
102,백령도,2016-04-19 07:00,5.2,,1.4,230,93,2000
102,백령도,2016-04-19 08:00,7.9,,.8,70,75,2000
102,백령도,2016-04-19 09:00,9.2,,.8,160,66,2000
102,백령도,2016-04-19 10:00,9.6,,.9,90,69,2000
102,백령도,2016-04-19 11:00,9.1,,2.7,70,73,2000
102,백령도,2016-04-19 12:00,12.1,,1.2,200,57,2000
102,백령도,2016-04-19 13:00,11.2,,2.4,200,60,2000
102,백령도,2016-04-19 14:00,11.4,,4.8,200,58,2000
102,백령도,2016-04-19 15:00,13,,3.4,230,50,2000
102,백령도,2016-04-19 16:00,10.3,,4.5,230,60,2000
102,백령도,2016-04-19 17:00,10.3,,2.9,200,58,2000
102,백령도,2016-04-19 18:00,9.1,,3.8,200,64,2000
102,백령도,2016-04-19 19:00,8.5,,2.7,140,66,2000
102,백령도,2016-04-19 20:00,8.4,,3.8,140,65,2000
102,백령도,2016-04-19 21:00,7,,3.9,110,88,1800
102,백령도,2016-04-19 22:00,7.2,,4.4,110,89,2000
102,백령도,2016-04-19 23:00,7.3,,4.4,140,89,2000
102,백령도,2016-04-20 00:00,8.1,,4.8,160,74,2000
102,백령도,2016-04-20 01:00,7.4,,3.8,140,83,2000
102,백령도,2016-04-20 02:00,8.5,,4.8,160,70,2000
102,백령도,2016-04-20 03:00,8.4,,4.6,140,71,2000
102,백령도,2016-04-20 04:00,7.7,,4.4,140,80,2000
102,백령도,2016-04-20 05:00,7.6,,6.1,110,82,2000
102,백령도,2016-04-20 06:00,7.7,,4.5,110,80,2000
102,백령도,2016-04-20 07:00,8,,3,110,83,2000
102,백령도,2016-04-20 08:00,8.9,,5,140,77,2000
102,백령도,2016-04-20 09:00,9.5,,4.6,110,75,2000
102,백령도,2016-04-20 10:00,11.9,,4.3,140,64,2000
102,백령도,2016-04-20 11:00,12.3,,4.6,140,60,2000
102,백령도,2016-04-20 12:00,13.9,,3.8,140,54,2000
102,백령도,2016-04-20 13:00,12.7,,4.2,160,57,2000
102,백령도,2016-04-20 14:00,12.1,,9.1,160,60,2000
102,백령도,2016-04-20 15:00,10.2,0,6.4,180,85,1000
102,백령도,2016-04-20 16:00,10.3,.2,8.3,160,90,1100
102,백령도,2016-04-20 17:00,11.2,,6.8,160,89,900
102,백령도,2016-04-20 18:00,10.2,0,4.5,160,94,500
102,백령도,2016-04-20 19:00,9.9,.1,4.3,140,97,10
102,백령도,2016-04-20 20:00,8.9,.9,4.6,110,97,7
102,백령도,2016-04-20 21:00,9.6,.8,4,110,97,7
102,백령도,2016-04-20 22:00,9.4,.3,4.5,110,97,6
102,백령도,2016-04-20 23:00,9.7,.8,6.4,110,97,8
102,백령도,2016-04-21 00:00,9.9,.8,5.8,110,97,9
102,백령도,2016-04-21 01:00,10.1,.4,6.3,110,97,9
102,백령도,2016-04-21 02:00,9.6,.1,8.7,110,97,8
102,백령도,2016-04-21 03:00,9.4,0,8.3,90,97,7
102,백령도,2016-04-21 04:00,9.2,.1,9,90,97,8
102,백령도,2016-04-21 05:00,9.6,.1,6.9,90,97,9
102,백령도,2016-04-21 06:00,9.9,.6,6.9,70,97,9
102,백령도,2016-04-21 07:00,10.2,.2,6.1,70,97,9
102,백령도,2016-04-21 08:00,10.4,.2,5.3,90,97,9
102,백령도,2016-04-21 09:00,10.7,.1,4.2,70,97,10
102,백령도,2016-04-21 10:00,10.4,,3.1,70,97,10
102,백령도,2016-04-21 11:00,10.5,,.9,70,97,10
102,백령도,2016-04-21 12:00,11.3,,.9,340,98,30
102,백령도,2016-04-21 13:00,12.1,,.4,0,98,300
102,백령도,2016-04-21 14:00,13.8,,.9,320,97,1200
102,백령도,2016-04-21 15:00,11.8,,3.4,290,95,900
102,백령도,2016-04-21 16:00,11.5,,3.6,290,96,1200
102,백령도,2016-04-21 17:00,11.8,,2.2,290,93,800
102,백령도,2016-04-21 18:00,10.9,,2.4,290,95,800
102,백령도,2016-04-21 19:00,10.6,,.4,0,97,300
102,백령도,2016-04-21 20:00,10.4,,1.9,200,96,1300
102,백령도,2016-04-21 21:00,10.1,,2,180,97,500
102,백령도,2016-04-21 22:00,9,,4.9,200,96,20
102,백령도,2016-04-21 23:00,8.3,,10.1,200,97,9
102,백령도,2016-04-22 00:00,7.5,,8.7,200,97,10
102,백령도,2016-04-22 01:00,8,,6.4,200,97,30
102,백령도,2016-04-22 02:00,8.1,,6.2,180,97,90
102,백령도,2016-04-22 03:00,8.3,,7.3,160,97,90
102,백령도,2016-04-22 04:00,7.7,,6.6,160,97,30
102,백령도,2016-04-22 05:00,7.7,,5.6,160,97,20
102,백령도,2016-04-22 06:00,8.9,,5.3,160,98,10
102,백령도,2016-04-22 07:00,7.2,,4.9,140,97,10
102,백령도,2016-04-22 08:00,7.5,,3.1,140,97,8
102,백령도,2016-04-22 09:00,7.6,,4.7,140,97,8
102,백령도,2016-04-22 10:00,7.9,,2.8,140,97,8
102,백령도,2016-04-22 11:00,8.3,,2.9,110,97,8
102,백령도,2016-04-22 12:00,9.3,,3,70,98,12
102,백령도,2016-04-22 13:00,9.5,,2.7,50,98,17
102,백령도,2016-04-22 14:00,10.8,,2.1,70,97,300
102,백령도,2016-04-22 15:00,12.9,,1.2,50,94,1200
102,백령도,2016-04-22 16:00,16.4,,.8,290,63,1300
102,백령도,2016-04-22 17:00,15.2,,1.6,360,58,1500
102,백령도,2016-04-22 18:00,12.6,,1.3,270,69,1500
102,백령도,2016-04-22 19:00,6,,3.6,250,94,13
102,백령도,2016-04-22 20:00,5.8,,4.6,270,97,10
102,백령도,2016-04-22 21:00,7.3,,4.3,290,97,400
102,백령도,2016-04-22 22:00,8,,3.2,290,95,600
102,백령도,2016-04-22 23:00,9.1,,4.5,290,90,800
102,백령도,2016-04-23 00:00,8.7,,2.4,290,81,800
102,백령도,2016-04-23 01:00,6.7,,3.3,250,85,800
102,백령도,2016-04-23 02:00,9.5,,3.7,250,61,800
102,백령도,2016-04-23 03:00,10.7,,3.1,270,37,600
102,백령도,2016-04-23 04:00,11.5,,3.5,290,22,600
102,백령도,2016-04-23 05:00,10.1,,3.4,320,37,700
102,백령도,2016-04-23 06:00,8.9,,3.1,320,52,800
102,백령도,2016-04-23 07:00,8.3,,1.3,320,64,900
102,백령도,2016-04-23 08:00,9.5,,1.8,70,61,1000
102,백령도,2016-04-23 09:00,7.4,,2.3,90,81,1100
102,백령도,2016-04-23 10:00,8.9,,2.4,90,76,1100
102,백령도,2016-04-23 11:00,11.6,,1.9,90,63,1100
102,백령도,2016-04-23 12:00,11.6,,1.6,70,62,1200
102,백령도,2016-04-23 13:00,12.7,,.7,70,62,1100
102,백령도,2016-04-23 14:00,14.1,,1.2,270,62,1100
102,백령도,2016-04-23 15:00,11,,1.9,250,59,1000
102,백령도,2016-04-23 16:00,12.4,,2.5,250,34,800
102,백령도,2016-04-23 17:00,11.2,,3.8,270,37,700
102,백령도,2016-04-23 18:00,9.7,,2.1,290,61,900
102,백령도,2016-04-23 19:00,10,,2.6,290,49,800
102,백령도,2016-04-23 20:00,10.9,,2.6,270,33,700
102,백령도,2016-04-23 21:00,10.3,,2.2,290,40,800
102,백령도,2016-04-23 22:00,9.6,,3.3,290,52,900
102,백령도,2016-04-23 23:00,9.8,,3.6,290,41,800
102,백령도,2016-04-24 00:00,9.3,,3.7,290,47,900
102,백령도,2016-04-24 01:00,9.3,,2.6,290,45,900
102,백령도,2016-04-24 02:00,9.6,,3.7,340,40,1000
102,백령도,2016-04-24 03:00,10.5,,3.4,360,33,1200
102,백령도,2016-04-24 04:00,11.4,,4,340,21,1600
102,백령도,2016-04-24 05:00,11.2,,2.8,360,24,1900
102,백령도,2016-04-24 06:00,10.7,,2.3,50,25,2000
102,백령도,2016-04-24 07:00,11.6,,3,50,26,2000
102,백령도,2016-04-24 08:00,14,,2.5,70,19,2000
102,백령도,2016-04-24 09:00,15.5,,1.6,70,23,2000
102,백령도,2016-04-24 10:00,14.8,,2,70,22,2000
102,백령도,2016-04-24 11:00,16,,1.8,70,20,2000
102,백령도,2016-04-24 12:00,16.7,,1.9,70,22,2000
102,백령도,2016-04-24 13:00,18.7,,2.2,250,12,2000
102,백령도,2016-04-24 14:00,18.2,,3.2,250,12,2000
102,백령도,2016-04-24 15:00,16.3,,4.1,200,17,2000
102,백령도,2016-04-24 16:00,17.1,,4.8,200,17,2000
102,백령도,2016-04-24 17:00,16.2,,3.9,230,16,2000
102,백령도,2016-04-24 18:00,16,,3.3,230,14,2000
102,백령도,2016-04-24 19:00,13.7,,4.4,250,14,2000
102,백령도,2016-04-24 20:00,11.9,,4.8,230,22,2000
102,백령도,2016-04-24 21:00,12.6,,6.1,250,19,2000
102,백령도,2016-04-24 22:00,12.4,,6.3,230,18,2000
102,백령도,2016-04-24 23:00,12.6,,6.6,230,25,2000
102,백령도,2016-04-25 00:00,11.4,,7.2,230,48,2000
102,백령도,2016-04-25 01:00,12,,7.1,230,47,2000
102,백령도,2016-04-25 02:00,12.1,,6.4,230,41,2000
102,백령도,2016-04-25 03:00,12.5,,6.2,230,36,2000
102,백령도,2016-04-25 04:00,12.9,,7,250,29,2000
102,백령도,2016-04-25 05:00,12.4,,6.6,230,32,2000
102,백령도,2016-04-25 06:00,11.3,,6.5,200,45,1900
102,백령도,2016-04-25 07:00,11.6,,5.1,200,44,1700
102,백령도,2016-04-25 08:00,14.2,,4.4,230,21,1800
102,백령도,2016-04-25 09:00,17,,2.1,230,9,2000
102,백령도,2016-04-25 10:00,17.9,,3.5,200,13,2000
102,백령도,2016-04-25 11:00,15.8,,7.6,200,27,1800
102,백령도,2016-04-25 12:00,16.2,,7.8,230,30,1500
102,백령도,2016-04-25 13:00,18.1,,6.4,200,14,1800
102,백령도,2016-04-25 14:00,18.7,,4.4,200,19,1700
102,백령도,2016-04-25 15:00,17.6,,5.1,230,15,1800
102,백령도,2016-04-25 16:00,17.5,,4.9,230,15,2000
102,백령도,2016-04-25 17:00,16.7,,3.2,250,18,2000
102,백령도,2016-04-25 18:00,14.4,,4.8,250,29,2000
102,백령도,2016-04-25 19:00,13.2,,6.7,250,31,2000
102,백령도,2016-04-25 20:00,13.3,,5.9,250,27,2000
102,백령도,2016-04-25 21:00,13.1,,6.4,250,28,2000
102,백령도,2016-04-25 22:00,13.5,,4.4,270,24,2000
102,백령도,2016-04-25 23:00,13.7,,3.8,270,21,2000
102,백령도,2016-04-26 00:00,14.4,,1.9,290,16,2000
102,백령도,2016-04-26 01:00,13.5,,4.2,270,26,2000
102,백령도,2016-04-26 02:00,13.2,,3.1,320,32,2000
102,백령도,2016-04-26 03:00,13.7,,3.7,360,25,2000
102,백령도,2016-04-26 04:00,16.7,,2.4,340,27,2000
102,백령도,2016-04-26 05:00,14.6,,3.3,360,22,2000
102,백령도,2016-04-26 06:00,13.9,,3.8,50,26,2000
102,백령도,2016-04-26 07:00,14.4,,3,70,37,2000
102,백령도,2016-04-26 08:00,16.8,,2.8,70,35,2000
102,백령도,2016-04-26 09:00,17.8,,3.7,70,40,1500
102,백령도,2016-04-26 10:00,20,,3.1,50,40,1700
102,백령도,2016-04-26 11:00,21.3,,3.1,70,36,1800
102,백령도,2016-04-26 12:00,21.5,,1,90,37,1700
102,백령도,2016-04-26 13:00,20.1,,3.7,270,39,1600
102,백령도,2016-04-26 14:00,18.8,,2.1,290,44,1700
102,백령도,2016-04-26 15:00,15.2,,1.9,320,46,1300
102,백령도,2016-04-26 16:00,14.4,,3.1,320,46,1300
102,백령도,2016-04-26 17:00,14.9,,3.1,340,40,1600
102,백령도,2016-04-26 18:00,13.8,,2.5,340,56,1100
102,백령도,2016-04-26 19:00,13.8,,3.8,340,62,900
102,백령도,2016-04-26 20:00,13.3,,4.9,340,65,800
102,백령도,2016-04-26 21:00,15.3,,3.7,20,57,1200
102,백령도,2016-04-26 22:00,15.5,,3.9,50,53,1400
102,백령도,2016-04-26 23:00,16.9,,4.2,50,49,1500
102,백령도,2016-04-27 00:00,17,,2.6,50,47,1200
102,백령도,2016-04-27 01:00,17.4,,4.1,90,55,1400
102,백령도,2016-04-27 02:00,16.1,,4,70,57,1700
102,백령도,2016-04-27 03:00,14.8,,3.8,50,66,1200
102,백령도,2016-04-27 04:00,15.1,,4.6,70,60,1500
102,백령도,2016-04-27 05:00,15,,4.9,70,53,2000
102,백령도,2016-04-27 06:00,14.4,,3.6,70,50,2000
102,백령도,2016-04-27 07:00,14.9,,3.8,70,46,2000
102,백령도,2016-04-27 08:00,14.6,,5.3,50,49,2000
102,백령도,2016-04-27 09:00,15.7,,3.8,50,47,2000
102,백령도,2016-04-27 10:00,16.2,,3.5,50,46,2000
102,백령도,2016-04-27 11:00,17.3,,3.7,70,43,2000
102,백령도,2016-04-27 12:00,17.7,,3.4,70,41,2000
102,백령도,2016-04-27 13:00,17.1,,3.2,70,42,1800
102,백령도,2016-04-27 14:00,17.2,,2.5,50,44,1800
102,백령도,2016-04-27 15:00,17.8,,.8,90,45,1800
102,백령도,2016-04-27 16:00,15.4,,.6,270,48,1800
102,백령도,2016-04-27 17:00,15,,1.8,340,47,1800
102,백령도,2016-04-27 18:00,15.4,,2.4,360,44,1800
102,백령도,2016-04-27 19:00,15.2,,2.5,340,44,2000
102,백령도,2016-04-27 20:00,15,,2.3,340,43,2000
102,백령도,2016-04-27 21:00,15,,2.5,340,43,2000
102,백령도,2016-04-27 22:00,14.5,,2.6,320,45,2000
102,백령도,2016-04-27 23:00,14.2,,3.4,320,46,2000
102,백령도,2016-04-28 00:00,13.4,,3.4,340,48,2000
102,백령도,2016-04-28 01:00,13.1,,3.9,360,49,2000
102,백령도,2016-04-28 02:00,13.6,,3.1,360,47,2000
102,백령도,2016-04-28 03:00,13.6,,3.3,360,47,2000
102,백령도,2016-04-28 04:00,13.4,,3.3,360,47,2000
102,백령도,2016-04-28 05:00,11.6,,3.3,340,50,2000
102,백령도,2016-04-28 06:00,11.6,,4,360,49,2000
102,백령도,2016-04-28 07:00,11.2,,3.7,340,53,2000
102,백령도,2016-04-28 08:00,10.6,,4.4,360,61,2000
102,백령도,2016-04-28 09:00,11.6,,2.4,360,58,1800
102,백령도,2016-04-28 10:00,12.1,,2.1,340,63,1600
102,백령도,2016-04-28 11:00,13.1,,2.2,320,60,1800
102,백령도,2016-04-28 12:00,13.4,,2.3,340,62,1600
102,백령도,2016-04-28 13:00,14.1,,2.1,340,53,1800
102,백령도,2016-04-28 14:00,14,,2.8,340,48,1800
102,백령도,2016-04-28 15:00,14.7,,3.5,320,44,1800
102,백령도,2016-04-28 16:00,15.6,,4.9,290,36,1800
102,백령도,2016-04-28 17:00,14.2,,7.1,290,39,1800
102,백령도,2016-04-28 18:00,14.5,,7.4,290,33,2000
102,백령도,2016-04-28 19:00,14.6,,8.2,290,28,2000
102,백령도,2016-04-28 20:00,14.1,,9.2,290,28,2000
102,백령도,2016-04-28 21:00,14.5,,7.5,290,31,2000
102,백령도,2016-04-28 22:00,12.5,,5.9,290,45,2000
102,백령도,2016-04-28 23:00,10.6,,3.2,340,57,2000
102,백령도,2016-04-29 00:00,10.7,,3,340,55,2000
102,백령도,2016-04-29 01:00,10.3,,2.3,340,57,2000
102,백령도,2016-04-29 02:00,10.7,,2.1,340,54,2000
102,백령도,2016-04-29 03:00,10.7,,2.2,340,53,2000
102,백령도,2016-04-29 04:00,10.2,,2.4,360,55,2000
102,백령도,2016-04-29 05:00,9.1,,3,320,65,2000
102,백령도,2016-04-29 06:00,9.7,,2.6,20,62,2000
102,백령도,2016-04-29 07:00,11.2,,3.5,20,58,2000
102,백령도,2016-04-29 08:00,13.3,,2.3,70,53,2000
102,백령도,2016-04-29 09:00,14,,2.2,70,52,2000
102,백령도,2016-04-29 10:00,15.7,,.9,320,47,2000
102,백령도,2016-04-29 11:00,17.1,,1.8,250,38,2000
102,백령도,2016-04-29 12:00,15.6,,3.7,270,41,2000
102,백령도,2016-04-29 13:00,17.9,,2.8,270,29,2000
102,백령도,2016-04-29 14:00,17.4,,3.3,290,30,1900
102,백령도,2016-04-29 15:00,17.5,,4.4,290,28,2000
102,백령도,2016-04-29 16:00,16.3,,3.3,270,27,2000
102,백령도,2016-04-29 17:00,15,,2.9,250,27,2000
102,백령도,2016-04-29 18:00,12.3,,4.8,270,44,2000
102,백령도,2016-04-29 19:00,13.5,,4.4,230,33,2000
102,백령도,2016-04-29 20:00,12.3,,7.4,230,39,2000
102,백령도,2016-04-29 21:00,12.4,,7.9,200,36,2000
102,백령도,2016-04-29 22:00,12.4,,7.8,200,38,2000
102,백령도,2016-04-29 23:00,12.6,,7.2,200,40,2000
102,백령도,2016-04-30 00:00,11.9,,9,200,52,2000
102,백령도,2016-04-30 01:00,12.5,,9.4,200,45,2000
102,백령도,2016-04-30 02:00,12.3,,10,200,52,2000
102,백령도,2016-04-30 03:00,11.1,,11.4,200,65,2000
102,백령도,2016-04-30 04:00,10.5,,11,200,74,2000
102,백령도,2016-04-30 05:00,10.3,,11.1,200,80,1600
102,백령도,2016-04-30 06:00,10.7,,13.2,230,81,1200
102,백령도,2016-04-30 07:00,10.6,,11.2,230,83,1100
102,백령도,2016-04-30 08:00,11.2,,10.8,230,81,1100
102,백령도,2016-04-30 09:00,11.5,,9.2,230,80,1100
102,백령도,2016-04-30 10:00,11.5,,11,200,81,1100
102,백령도,2016-04-30 11:00,12.5,,9.5,230,79,900
102,백령도,2016-04-30 12:00,13.2,,11.9,230,77,900
102,백령도,2016-04-30 13:00,13.6,,11,230,75,800
102,백령도,2016-04-30 14:00,13.1,,8.9,230,79,700
102,백령도,2016-04-30 15:00,13,,9.9,230,79,600
102,백령도,2016-04-30 16:00,13.3,,10.3,230,78,500
102,백령도,2016-04-30 17:00,12.5,,10.7,200,81,600
102,백령도,2016-04-30 18:00,13.1,,9.1,200,77,800
102,백령도,2016-04-30 19:00,12.4,,7.8,200,80,1100
102,백령도,2016-04-30 20:00,12,,7.1,200,82,1100
102,백령도,2016-04-30 21:00,12.5,,5.3,180,79,1300
102,백령도,2016-04-30 22:00,13,,5.5,180,78,1300
102,백령도,2016-04-30 23:00,13.3,,4.9,180,78,1300
102,백령도,2016-05-01 00:00,13,,6.4,200,78,1300
102,백령도,2016-05-01 01:00,13.1,,7.3,200,74,1500
102,백령도,2016-05-01 02:00,13.3,,6.8,200,72,1700
102,백령도,2016-05-01 03:00,13.4,,6.8,200,70,1800
102,백령도,2016-05-01 04:00,13.3,,5.8,160,70,1900
102,백령도,2016-05-01 05:00,12.1,,6.3,160,74,1700
102,백령도,2016-05-01 06:00,10.6,,6.1,110,84,1300
102,백령도,2016-05-01 07:00,11.4,,6.8,140,79,1500
102,백령도,2016-05-01 08:00,13.4,,5.8,140,74,1800
102,백령도,2016-05-01 09:00,14.4,,6.3,140,71,1800
102,백령도,2016-05-01 10:00,15,,6.3,160,69,1800
102,백령도,2016-05-01 11:00,15.6,,5.2,140,67,1700
102,백령도,2016-05-01 12:00,16.3,,6.8,140,67,1700
102,백령도,2016-05-01 13:00,16.2,,4.6,140,68,1700
102,백령도,2016-05-01 14:00,15.9,,8.5,160,71,1800
102,백령도,2016-05-01 15:00,14.9,,5.8,180,78,1800
102,백령도,2016-05-01 16:00,15.2,,5.2,200,77,1700
102,백령도,2016-05-01 17:00,14.6,,5.3,200,78,1800
102,백령도,2016-05-01 18:00,15.3,,4.4,180,74,1900
102,백령도,2016-05-01 19:00,13.8,,6.8,160,81,1800
102,백령도,2016-05-01 20:00,11.9,,6.5,140,90,1200
102,백령도,2016-05-01 21:00,10.8,,6.3,140,93,500
102,백령도,2016-05-01 22:00,10.7,,5.3,110,96,400
102,백령도,2016-05-01 23:00,11.6,,5.4,140,94,900
102,백령도,2016-05-02 00:00,12.8,,6.5,160,95,800
102,백령도,2016-05-02 01:00,13.2,,8.4,230,92,1500
102,백령도,2016-05-02 02:00,14.1,,9,230,88,1800
102,백령도,2016-05-02 03:00,14.9,,9.8,230,85,1900
102,백령도,2016-05-02 04:00,15.3,,4.9,200,84,1800
102,백령도,2016-05-02 05:00,16.1,,4.1,200,85,1700
102,백령도,2016-05-02 06:00,14.6,,7.9,160,89,1300
102,백령도,2016-05-02 07:00,15.2,,6.9,160,88,1500
102,백령도,2016-05-02 08:00,14.9,,5.2,140,87,1500
102,백령도,2016-05-02 09:00,15.3,,7.1,140,81,1800
102,백령도,2016-05-02 10:00,16.6,,6.7,140,77,1900
102,백령도,2016-05-02 11:00,16.1,,6.8,140,79,1900
102,백령도,2016-05-02 12:00,16.2,,7.6,140,75,2000
102,백령도,2016-05-02 13:00,15.1,.2,7.2,140,88,1600
102,백령도,2016-05-02 14:00,17.2,.5,12.1,160,85,1900
102,백령도,2016-05-02 15:00,16.2,0,13.1,160,88,1500
102,백령도,2016-05-02 16:00,16.2,.4,14.2,160,96,800
102,백령도,2016-05-02 17:00,16,.3,14.4,160,96,600
102,백령도,2016-05-02 18:00,16.1,5.1,15.4,160,97,600
102,백령도,2016-05-02 19:00,15.6,2.4,13.3,160,97,1200
102,백령도,2016-05-02 20:00,15.5,4.1,9,140,97,1200
102,백령도,2016-05-02 21:00,14.5,1.7,9,140,97,300
102,백령도,2016-05-02 22:00,14.5,1.6,8.8,140,97,200
102,백령도,2016-05-02 23:00,14,.6,9.5,140,97,30
102,백령도,2016-05-03 00:00,14,5.1,7.7,140,97,30
102,백령도,2016-05-03 01:00,13.6,4.9,8.1,160,97,30
102,백령도,2016-05-03 02:00,13.1,3.1,11.3,160,97,30
102,백령도,2016-05-03 03:00,13.5,.5,7,180,98,30
102,백령도,2016-05-03 04:00,13.6,.6,8.4,160,97,30
102,백령도,2016-05-03 05:00,13.6,3.6,11.8,160,98,70
102,백령도,2016-05-03 06:00,13.2,8.3,6.8,180,97,60
102,백령도,2016-05-03 07:00,11.2,7.4,8.5,230,97,20
102,백령도,2016-05-03 08:00,10.2,1.7,8.4,230,97,20
102,백령도,2016-05-03 09:00,9.2,.3,9.7,230,97,15
102,백령도,2016-05-03 10:00,9.3,0,10,250,97,8
102,백령도,2016-05-03 11:00,9.2,,14.9,270,97,700
102,백령도,2016-05-03 12:00,8.9,,15.6,250,97,1300
102,백령도,2016-05-03 13:00,8.6,,15.5,250,96,1700
102,백령도,2016-05-03 14:00,8.8,,16.8,250,88,1800
102,백령도,2016-05-03 15:00,8.7,,15.2,250,86,1800
102,백령도,2016-05-03 16:00,8.4,,16.3,270,87,1800
102,백령도,2016-05-03 17:00,8.3,0,16.8,270,89,1100
102,백령도,2016-05-03 18:00,8.4,0,14.4,270,88,1700
102,백령도,2016-05-03 19:00,8.6,,16.4,270,86,1700
102,백령도,2016-05-03 20:00,8.7,.1,14.9,290,85,1800
102,백령도,2016-05-03 21:00,9.2,,19.4,270,80,1900
102,백령도,2016-05-03 22:00,9.6,,18,290,76,1900
102,백령도,2016-05-03 23:00,9.9,,18.6,290,74,2000
102,백령도,2016-05-04 00:00,10.4,,19,290,70,2000
102,백령도,2016-05-04 01:00,10.6,,17.8,290,66,2000
102,백령도,2016-05-04 02:00,11.1,,15.3,290,62,2000
102,백령도,2016-05-04 03:00,10.7,,13.1,270,64,2000
102,백령도,2016-05-04 04:00,10.8,,14.4,270,63,2000
102,백령도,2016-05-04 05:00,10.4,,12.6,270,66,2000
102,백령도,2016-05-04 06:00,11,,13.9,270,62,2000
102,백령도,2016-05-04 07:00,12,,14.3,270,56,2000
102,백령도,2016-05-04 08:00,13.2,,13.6,270,48,2000
102,백령도,2016-05-04 09:00,13.3,,12.5,270,50,2000
102,백령도,2016-05-04 10:00,13.9,,12.2,270,51,2000
102,백령도,2016-05-04 11:00,13.9,,12.5,270,57,2000
102,백령도,2016-05-04 12:00,14,,12.5,290,51,2000
102,백령도,2016-05-04 13:00,14.7,,11.9,290,48,2000
102,백령도,2016-05-04 14:00,15,,12.6,290,45,2000
102,백령도,2016-05-04 15:00,16.2,,10.9,290,35,2000
102,백령도,2016-05-04 16:00,15.3,,7.6,290,42,2000
102,백령도,2016-05-04 17:00,15.6,,8.5,290,42,2000
102,백령도,2016-05-04 18:00,14.1,,7.9,290,48,2000
102,백령도,2016-05-04 19:00,15.3,,10.1,290,34,2000
102,백령도,2016-05-04 20:00,14.5,,8.3,290,36,2000
102,백령도,2016-05-04 21:00,15.5,,5.9,290,30,2000
102,백령도,2016-05-04 22:00,15.2,,5.9,290,32,2000
102,백령도,2016-05-04 23:00,14.8,,4.6,270,32,2000
102,백령도,2016-05-05 00:00,13,,3.5,250,44,2000
102,백령도,2016-05-05 01:00,14.3,,6.4,270,35,2000
102,백령도,2016-05-05 02:00,15,,6.6,250,27,2000
102,백령도,2016-05-05 03:00,15,,6.9,230,29,2000
102,백령도,2016-05-05 04:00,14.3,,6.8,230,31,2000
102,백령도,2016-05-05 05:00,14.1,,1.6,270,35,2000
102,백령도,2016-05-05 06:00,14,,2.2,90,33,2000
102,백령도,2016-05-05 07:00,14.3,,5.3,140,40,2000
102,백령도,2016-05-05 08:00,15.4,,5,110,36,2000
102,백령도,2016-05-05 09:00,16.7,,5.1,90,33,2000
102,백령도,2016-05-05 10:00,16.4,,4.9,110,47,2000
102,백령도,2016-05-05 11:00,16.2,,6.6,110,40,2000
102,백령도,2016-05-05 12:00,16.3,,5.7,110,49,2000
102,백령도,2016-05-05 13:00,15.3,,6.9,110,60,1800
102,백령도,2016-05-05 14:00,15.4,,9.7,110,50,1800
102,백령도,2016-05-05 15:00,14.4,,8.1,90,49,2000
102,백령도,2016-05-05 16:00,14.7,0,9.4,110,47,2000
102,백령도,2016-05-05 17:00,15.3,0,8.1,110,43,2000
102,백령도,2016-05-05 18:00,10.6,9.3,7.5,90,87,700
102,백령도,2016-05-05 19:00,13.1,2.5,10.6,160,91,500
102,백령도,2016-05-05 20:00,15.3,1.1,7.2,160,87,1600
102,백령도,2016-05-05 21:00,12.1,7,6.9,230,97,7
102,백령도,2016-05-05 22:00,12.3,.1,6.9,230,97,40
102,백령도,2016-05-05 23:00,11.9,,8.2,230,97,7
102,백령도,2016-05-06 00:00,11.5,,9.7,230,97,7
102,백령도,2016-05-06 01:00,11,,10.2,230,97,7
102,백령도,2016-05-06 02:00,10.8,.1,11.4,230,97,7
102,백령도,2016-05-06 03:00,10.5,,11.7,230,97,7
102,백령도,2016-05-06 04:00,10.5,.6,10.9,230,97,8
102,백령도,2016-05-06 05:00,10.8,.1,10.5,230,97,8
102,백령도,2016-05-06 06:00,11,7.3,10.2,230,97,8
102,백령도,2016-05-06 07:00,10.8,.6,7.8,230,97,8
102,백령도,2016-05-06 08:00,11.2,0,7.3,230,97,9
102,백령도,2016-05-06 09:00,11.2,0,5.9,250,98,10
102,백령도,2016-05-06 10:00,11,,6.1,270,97,10
102,백령도,2016-05-06 11:00,9.8,,3.3,290,97,10
102,백령도,2016-05-06 12:00,9.2,,3.4,290,97,10
102,백령도,2016-05-06 13:00,9.3,,3.2,320,97,20
102,백령도,2016-05-06 14:00,10.3,,2.8,290,97,30
102,백령도,2016-05-06 15:00,9.1,,5.4,290,97,30
102,백령도,2016-05-06 16:00,9.4,,6,290,97,300
102,백령도,2016-05-06 17:00,10.4,,6.7,290,97,700
102,백령도,2016-05-06 18:00,10.9,,7.1,290,79,1100
102,백령도,2016-05-06 19:00,10.5,,8.7,290,78,1100
102,백령도,2016-05-06 20:00,10.2,,8.8,290,72,1500
102,백령도,2016-05-06 21:00,11.1,,11,290,60,1800
102,백령도,2016-05-06 22:00,10.2,,9.8,290,68,1700
102,백령도,2016-05-06 23:00,9.8,,8.1,290,72,1600
102,백령도,2016-05-07 00:00,10.2,,5.3,290,68,1800
102,백령도,2016-05-07 01:00,11.6,,8.8,290,58,2000
102,백령도,2016-05-07 02:00,12.5,,7.9,290,53,2000
102,백령도,2016-05-07 03:00,12.8,,6.9,290,52,2000
102,백령도,2016-05-07 04:00,11,,7.4,290,66,2000
102,백령도,2016-05-07 05:00,10.6,,7.3,290,68,2000
102,백령도,2016-05-07 06:00,12,,6.4,290,59,2000
102,백령도,2016-05-07 07:00,12,,5.3,290,60,2000
102,백령도,2016-05-07 08:00,12.7,,2.2,360,61,2000
102,백령도,2016-05-07 09:00,12.9,,1.6,360,62,2000
102,백령도,2016-05-07 10:00,14.1,,2.7,320,54,2000
102,백령도,2016-05-07 11:00,14.6,,2.7,320,52,2000
102,백령도,2016-05-07 12:00,14.8,,2.1,320,49,2000
102,백령도,2016-05-07 13:00,14.6,,2.2,290,53,2000
102,백령도,2016-05-07 14:00,15.6,,2.9,290,46,2000
102,백령도,2016-05-07 15:00,15.3,,2.5,290,52,2000
102,백령도,2016-05-07 16:00,15.4,,2.2,320,49,2000
102,백령도,2016-05-07 17:00,15.7,,3,290,43,2000
102,백령도,2016-05-07 18:00,15,,4.3,290,41,2000
102,백령도,2016-05-07 19:00,15,,4.1,290,36,2000
102,백령도,2016-05-07 20:00,14,,4.9,290,35,2000
102,백령도,2016-05-07 21:00,12.9,,4.2,290,41,2000
102,백령도,2016-05-07 22:00,13.1,,4.8,290,38,2000
102,백령도,2016-05-07 23:00,14.6,,4.6,290,27,2000
102,백령도,2016-05-08 00:00,14.2,,4.2,290,30,2000
102,백령도,2016-05-08 01:00,14.2,,3.4,290,31,2000
102,백령도,2016-05-08 02:00,13.6,,2.9,320,37,2000
102,백령도,2016-05-08 03:00,15.4,,3.6,360,27,2000
102,백령도,2016-05-08 04:00,15.6,,2.4,360,28,2000
102,백령도,2016-05-08 05:00,15.9,,2.4,50,25,2000
102,백령도,2016-05-08 06:00,15.8,,2.8,70,28,2000
102,백령도,2016-05-08 07:00,18,,2.6,70,27,2500
102,백령도,2016-05-08 08:00,17.1,,3.9,110,27,2500
102,백령도,2016-05-08 09:00,18,,2.6,140,37,2500
102,백령도,2016-05-08 10:00,19,,2.8,140,39,2500
102,백령도,2016-05-08 11:00,18.4,,2.7,70,42,2500
102,백령도,2016-05-08 12:00,19.4,,1.5,70,40,2500
102,백령도,2016-05-08 13:00,20.5,,1.1,140,40,2500
102,백령도,2016-05-08 14:00,19.5,,1.1,110,43,2500
102,백령도,2016-05-08 15:00,19.8,,2.4,250,44,2000
102,백령도,2016-05-08 16:00,19.6,,3.3,200,47,2000
102,백령도,2016-05-08 17:00,17,,3.8,230,54,2000
102,백령도,2016-05-08 18:00,16.2,,3.2,250,55,2000
102,백령도,2016-05-08 19:00,14.8,,3.5,230,61,2000
102,백령도,2016-05-08 20:00,13.7,,3.2,230,65,2000
102,백령도,2016-05-08 21:00,13.4,,1.8,250,68,2000
102,백령도,2016-05-08 22:00,14.3,,1.4,270,58,2000
102,백령도,2016-05-08 23:00,15.2,,.5,270,58,2000
102,백령도,2016-05-09 00:00,15.6,,.8,360,55,2000
102,백령도,2016-05-09 01:00,15.8,,1.2,320,53,2000
102,백령도,2016-05-09 02:00,15.8,,.8,290,53,2000
102,백령도,2016-05-09 03:00,15.6,,1.3,340,54,2000
102,백령도,2016-05-09 04:00,15.8,,.9,70,53,2000
102,백령도,2016-05-09 05:00,15.9,,1.3,50,49,2000
102,백령도,2016-05-09 06:00,16.2,,1.2,360,42,2000
102,백령도,2016-05-09 07:00,15.3,0,.9,360,49,2000
102,백령도,2016-05-09 08:00,16,,.4,0,49,2000
102,백령도,2016-05-09 09:00,13.6,0,.9,50,69,2000
102,백령도,2016-05-09 10:00,13.5,0,.7,50,67,2000
102,백령도,2016-05-09 11:00,15.8,0,1.2,90,55,2000
102,백령도,2016-05-09 12:00,15,0,.7,290,58,2000
102,백령도,2016-05-09 13:00,15.1,.2,1.6,320,51,2000
102,백령도,2016-05-09 14:00,16.1,0,1.9,340,47,2000
102,백령도,2016-05-09 15:00,14,0,1.8,320,44,2000
102,백령도,2016-05-09 16:00,12.4,0,3.7,290,57,2000
102,백령도,2016-05-09 17:00,11.8,0,4.4,290,61,2000
102,백령도,2016-05-09 18:00,12.8,0,2.5,320,65,2000
102,백령도,2016-05-09 19:00,11.9,0,2.6,320,60,2000
102,백령도,2016-05-09 20:00,11.9,0,3.4,320,56,2000
102,백령도,2016-05-09 21:00,10.9,0,2.6,320,68,2000
102,백령도,2016-05-09 22:00,11.5,0,3.5,360,71,2000
102,백령도,2016-05-09 23:00,11,0,2.2,320,77,2000
102,백령도,2016-05-10 00:00,11.2,0,2.8,320,75,2000
102,백령도,2016-05-10 01:00,11.2,0,2.9,320,76,2000
102,백령도,2016-05-10 02:00,10.4,.4,3.8,290,85,1600
102,백령도,2016-05-10 03:00,10.3,.1,3.6,270,88,1500
102,백령도,2016-05-10 04:00,10.6,0,4.3,290,93,1200
102,백령도,2016-05-10 05:00,10.4,0,5.1,290,94,700
102,백령도,2016-05-10 06:00,9.9,,4.3,290,95,600
102,백령도,2016-05-10 07:00,10.1,,2.3,320,95,800
102,백령도,2016-05-10 08:00,10,,.6,50,94,900
102,백령도,2016-05-10 09:00,10.7,,.7,20,93,1100
102,백령도,2016-05-10 10:00,11.7,,1.3,290,89,1600
102,백령도,2016-05-10 11:00,11.9,,1.4,290,87,1600
102,백령도,2016-05-10 12:00,12.9,,2,70,83,1900
102,백령도,2016-05-10 13:00,14.4,,1.3,70,74,1900
102,백령도,2016-05-10 14:00,14.7,,1.3,70,71,2000
102,백령도,2016-05-10 15:00,15.8,,.8,50,71,2000
102,백령도,2016-05-10 16:00,14.9,,1.4,70,68,2000
102,백령도,2016-05-10 17:00,14.2,,.7,20,74,2000
102,백령도,2016-05-10 18:00,13.7,,1.2,290,71,2000
102,백령도,2016-05-10 19:00,12.7,,2,320,77,2000
102,백령도,2016-05-10 20:00,12.5,,2,320,73,2000
102,백령도,2016-05-10 21:00,14.2,,1.1,360,71,2000
102,백령도,2016-05-10 22:00,12.3,,2.4,320,75,2000
102,백령도,2016-05-10 23:00,12.4,,2.2,320,73,2000
102,백령도,2016-05-11 00:00,11.7,,3,320,77,1600
102,백령도,2016-05-11 01:00,13.2,,2.4,340,73,1800
102,백령도,2016-05-11 02:00,13.1,,2.3,360,73,1700
102,백령도,2016-05-11 03:00,12.9,,2.6,360,73,1700
102,백령도,2016-05-11 04:00,13.3,,2.3,340,74,2000
102,백령도,2016-05-11 05:00,13.8,,1.9,340,76,2000
102,백령도,2016-05-11 06:00,13.7,,0,0,75,1800
102,백령도,2016-05-11 07:00,15.2,,1.8,110,73,1800
102,백령도,2016-05-11 08:00,15.4,,1.1,180,72,2000
102,백령도,2016-05-11 09:00,15.9,,2.5,230,71,2000
102,백령도,2016-05-11 10:00,16,,2.7,200,70,2000
102,백령도,2016-05-11 11:00,16.5,,2,230,66,2000
102,백령도,2016-05-11 12:00,17.6,,3.1,230,63,2000
102,백령도,2016-05-11 13:00,17.6,,4.1,230,64,2000
102,백령도,2016-05-11 14:00,17.3,,4.4,230,63,2000
102,백령도,2016-05-11 15:00,17.1,,5.5,200,65,2000
102,백령도,2016-05-11 16:00,15.9,,7.9,200,67,2000
102,백령도,2016-05-11 17:00,15.8,,8.7,200,69,2000
102,백령도,2016-05-11 18:00,15.8,,7.1,200,69,2000
102,백령도,2016-05-11 19:00,14.2,,2.9,200,75,2000
102,백령도,2016-05-11 20:00,13.5,,2,180,74,2000
102,백령도,2016-05-11 21:00,13.5,,2.4,180,77,2000
102,백령도,2016-05-11 22:00,13.3,,2,200,78,2000
102,백령도,2016-05-11 23:00,13.2,,4.8,180,80,2000
102,백령도,2016-05-12 00:00,13.1,,6.9,160,84,2000
102,백령도,2016-05-12 01:00,12.8,,6.7,160,86,2000
102,백령도,2016-05-12 02:00,13.1,,4.9,160,84,2000
102,백령도,2016-05-12 03:00,12.8,,3.4,200,87,2000
102,백령도,2016-05-12 04:00,12.5,,5.5,230,91,1600
102,백령도,2016-05-12 05:00,13,,5.7,230,88,1700
102,백령도,2016-05-12 06:00,12.9,,5,230,86,1800
102,백령도,2016-05-12 07:00,13.3,,6.4,230,80,1900
102,백령도,2016-05-12 08:00,13.8,,5.4,230,78,1200
102,백령도,2016-05-12 09:00,14.7,,6,230,76,1100
102,백령도,2016-05-12 10:00,15,,4.6,230,76,1100
102,백령도,2016-05-12 11:00,14.9,,4.5,200,77,900
102,백령도,2016-05-12 12:00,14.8,,5.7,230,77,800
102,백령도,2016-05-12 13:00,15.6,,5.4,200,74,800
102,백령도,2016-05-12 14:00,15.9,,6.3,180,70,900
102,백령도,2016-05-12 15:00,15.7,,5.8,230,75,800
102,백령도,2016-05-12 16:00,15.2,,6.1,230,77,800
102,백령도,2016-05-12 17:00,14.8,,4.6,180,78,900
102,백령도,2016-05-12 18:00,14,,5.1,200,79,900
102,백령도,2016-05-12 19:00,9.9,,9.5,200,95,10
102,백령도,2016-05-12 20:00,10.1,,7.1,230,97,10
102,백령도,2016-05-12 21:00,10.5,,8.7,270,97,10
102,백령도,2016-05-12 22:00,9.4,,6,290,97,1200
102,백령도,2016-05-12 23:00,9.3,,4.5,290,95,1500
102,백령도,2016-05-13 00:00,9.2,,2.9,320,93,1500
102,백령도,2016-05-13 01:00,8.7,,3.6,290,90,2000
102,백령도,2016-05-13 02:00,8.3,,5.1,290,94,2000
102,백령도,2016-05-13 03:00,8.6,,3.9,320,91,2000
102,백령도,2016-05-13 04:00,8.2,,2.2,340,92,2000
102,백령도,2016-05-13 05:00,7.8,,1.3,340,93,2000
102,백령도,2016-05-13 06:00,7.9,,3.2,320,94,2000
102,백령도,2016-05-13 07:00,8.7,,2.6,340,87,2000
102,백령도,2016-05-13 08:00,9.2,,2.5,340,85,2000
102,백령도,2016-05-13 09:00,10,,2.4,290,81,2000
102,백령도,2016-05-13 10:00,10.7,,3.1,290,76,2000
102,백령도,2016-05-13 11:00,11.8,,2.7,340,72,2000
102,백령도,2016-05-13 12:00,12.7,,1.9,340,69,2000
102,백령도,2016-05-13 13:00,13.3,,2.3,360,64,2000
102,백령도,2016-05-13 14:00,13.9,,1.8,320,61,2000
102,백령도,2016-05-13 15:00,13.7,,1.9,320,59,2000
102,백령도,2016-05-13 16:00,13.5,,2.5,320,58,2000
102,백령도,2016-05-13 17:00,13.1,,3,320,61,2000
102,백령도,2016-05-13 18:00,12.2,,2.4,320,67,2000
102,백령도,2016-05-13 19:00,12.2,,2.1,360,51,2000
102,백령도,2016-05-13 20:00,12.2,,2.4,20,38,2000
102,백령도,2016-05-13 21:00,12.9,,2.2,20,29,2000
102,백령도,2016-05-13 22:00,13.4,,3.2,20,22,2000
102,백령도,2016-05-13 23:00,14.4,,2.8,20,14,2000
102,백령도,2016-05-14 00:00,14.2,,3.5,70,11,2000
102,백령도,2016-05-14 01:00,14.4,,3.9,70,13,2000
102,백령도,2016-05-14 02:00,14.4,,3.1,70,21,2000
102,백령도,2016-05-14 03:00,15,,3.3,70,21,2000
102,백령도,2016-05-14 04:00,15.2,,2.7,70,29,2000
102,백령도,2016-05-14 05:00,14.6,,5.2,90,31,2000
102,백령도,2016-05-14 06:00,15,,5.8,110,34,2000
102,백령도,2016-05-14 07:00,15.4,,5.2,110,43,2000
102,백령도,2016-05-14 08:00,16.1,,5.9,110,53,2000
102,백령도,2016-05-14 09:00,16.4,,4.4,110,61,2000
102,백령도,2016-05-14 10:00,18.1,,3,200,56,2000
102,백령도,2016-05-14 11:00,17.7,,4.1,230,62,1600
102,백령도,2016-05-14 12:00,18.1,,5,160,60,1400
102,백령도,2016-05-14 13:00,17.3,,5.9,140,65,1400
102,백령도,2016-05-14 14:00,17.7,,6.1,160,64,1500
102,백령도,2016-05-14 15:00,17.6,,6.8,160,66,1500
102,백령도,2016-05-14 16:00,16.8,,4.4,200,70,1500
102,백령도,2016-05-14 17:00,15.8,,4.5,230,77,1500
102,백령도,2016-05-14 18:00,14.9,,6.5,230,76,1500
102,백령도,2016-05-14 19:00,14.2,,3.8,230,81,1500
102,백령도,2016-05-14 20:00,13.8,,3.4,200,86,1700
102,백령도,2016-05-14 21:00,13.3,,4.4,230,89,1400
102,백령도,2016-05-14 22:00,13.3,,5.1,200,90,1300
102,백령도,2016-05-14 23:00,13.4,,4.7,200,91,1300
102,백령도,2016-05-15 00:00,13.3,,5.7,200,92,1300
102,백령도,2016-05-15 01:00,13.1,0,3.8,200,92,1100
102,백령도,2016-05-15 02:00,13.3,0,2.9,200,92,1200
102,백령도,2016-05-15 03:00,13.3,0,3.4,180,92,1300
102,백령도,2016-05-15 04:00,13.2,0,6.6,160,92,1300
102,백령도,2016-05-15 05:00,13.4,0,7,160,92,1300
102,백령도,2016-05-15 06:00,13.2,0,6.2,160,94,900
102,백령도,2016-05-15 07:00,13.4,0,7.6,160,96,700
102,백령도,2016-05-15 08:00,13.2,0,5.8,160,97,500
102,백령도,2016-05-15 09:00,12.4,0,3.8,230,96,60
102,백령도,2016-05-15 10:00,11.7,1.3,3.6,270,97,30
102,백령도,2016-05-15 11:00,12.4,1.3,1.4,230,97,30
102,백령도,2016-05-15 12:00,12.5,4.6,1.8,200,97,30
102,백령도,2016-05-15 13:00,12.5,5.3,1.7,200,97,40
102,백령도,2016-05-15 14:00,12.1,5.7,4.8,270,97,30
102,백령도,2016-05-15 15:00,9.3,2.5,2.6,320,97,30
102,백령도,2016-05-15 16:00,9.4,.2,3.5,320,97,20
102,백령도,2016-05-15 17:00,9.2,.8,5,290,97,30
102,백령도,2016-05-15 18:00,9.2,1.2,6.5,290,97,30
102,백령도,2016-05-15 19:00,9.4,.1,6.4,320,97,1200
102,백령도,2016-05-15 20:00,9.7,,6.7,320,97,600
102,백령도,2016-05-15 21:00,10.1,,6.4,290,97,1100
102,백령도,2016-05-15 22:00,9.6,,7,290,97,200
102,백령도,2016-05-15 23:00,10.6,,9.2,290,96,1300
102,백령도,2016-05-16 00:00,10.9,,7.4,290,85,1100
102,백령도,2016-05-16 01:00,10.9,,8.1,290,80,1300
102,백령도,2016-05-16 02:00,11,,10.7,290,73,2000
102,백령도,2016-05-16 03:00,11.8,,11.6,290,58,2000
102,백령도,2016-05-16 04:00,11.9,,10.8,290,62,2000
102,백령도,2016-05-16 05:00,10.8,,10.6,290,75,1400
102,백령도,2016-05-16 06:00,11,,10.6,290,71,1400
102,백령도,2016-05-16 07:00,11.2,,10.9,290,71,1400
102,백령도,2016-05-16 08:00,11.9,,11.1,290,70,1300
102,백령도,2016-05-16 09:00,12.6,,11.5,290,66,1300
102,백령도,2016-05-16 10:00,13.3,,10.8,290,65,1700
102,백령도,2016-05-16 11:00,14.1,,9.3,290,63,1900
102,백령도,2016-05-16 12:00,14.5,,9.6,270,62,1800
102,백령도,2016-05-16 13:00,14.4,,10.1,270,62,1800
102,백령도,2016-05-16 14:00,15.1,,10.7,270,55,1800
102,백령도,2016-05-16 15:00,16.1,,10.8,270,53,1800
102,백령도,2016-05-16 16:00,15,,10.8,270,59,1800
102,백령도,2016-05-16 17:00,15.1,,9.9,270,62,1500
102,백령도,2016-05-16 18:00,14.3,,9.7,250,67,1400
102,백령도,2016-05-16 19:00,13.5,,8.5,250,72,1200
102,백령도,2016-05-16 20:00,12,,8.9,250,79,1100
102,백령도,2016-05-16 21:00,11.7,,5.9,270,81,1100
102,백령도,2016-05-16 22:00,11.6,,2.4,230,81,900
102,백령도,2016-05-16 23:00,11.2,,3.5,200,82,900
102,백령도,2016-05-17 00:00,11.8,,2.8,230,79,900
102,백령도,2016-05-17 01:00,13.1,,1.6,200,70,1200
102,백령도,2016-05-17 02:00,12.8,,2.7,230,72,1100
102,백령도,2016-05-17 03:00,12.6,,3.1,230,74,1100
102,백령도,2016-05-17 04:00,13.5,,2,160,67,1200
102,백령도,2016-05-17 05:00,13,,1.6,140,69,1100
102,백령도,2016-05-17 06:00,11.3,,3,90,82,1100
102,백령도,2016-05-17 07:00,11.4,,6.1,140,90,600
102,백령도,2016-05-17 08:00,12.8,,6.4,140,82,800
102,백령도,2016-05-17 09:00,14.1,,6.1,140,79,1100
102,백령도,2016-05-17 10:00,15.3,,6,140,74,1100
102,백령도,2016-05-17 11:00,16.6,,6.2,140,71,1100
102,백령도,2016-05-17 12:00,16,,5.9,90,72,1000
102,백령도,2016-05-17 13:00,15.8,,6.8,110,76,800
102,백령도,2016-05-17 14:00,17.5,,4,140,71,900
102,백령도,2016-05-17 15:00,18.1,,3.2,140,69,800
102,백령도,2016-05-17 16:00,18.4,,2.5,140,68,900
102,백령도,2016-05-17 17:00,18.8,,4.3,160,62,1300
102,백령도,2016-05-17 18:00,19.4,,3.5,160,57,1800
102,백령도,2016-05-17 19:00,17.6,,4.2,180,61,1600
102,백령도,2016-05-17 20:00,15.9,,6.6,200,71,1600
102,백령도,2016-05-17 21:00,16.7,,6.1,200,63,1800
102,백령도,2016-05-17 22:00,16.5,,6.2,200,65,1600
102,백령도,2016-05-17 23:00,16.5,,5.8,200,66,1300
102,백령도,2016-05-18 00:00,16.9,,5.2,200,62,1700
102,백령도,2016-05-18 01:00,17.5,,4.6,230,58,1800
102,백령도,2016-05-18 02:00,17,,5,230,59,1800
102,백령도,2016-05-18 03:00,16.9,,4.1,230,57,2000
102,백령도,2016-05-18 04:00,17.3,,3.6,230,54,2000
102,백령도,2016-05-18 05:00,16.7,,3.9,230,58,2000
102,백령도,2016-05-18 06:00,15.7,,3.6,250,65,1500
102,백령도,2016-05-18 07:00,17.1,,3.1,250,57,1900
102,백령도,2016-05-18 08:00,18.5,,1.9,270,54,2000
102,백령도,2016-05-18 09:00,19.8,,1.4,230,56,1500
102,백령도,2016-05-18 10:00,21.1,,2.8,250,44,2000
102,백령도,2016-05-18 11:00,21.5,,3.1,270,36,2000
102,백령도,2016-05-18 12:00,23,,3.6,230,27,2000
102,백령도,2016-05-18 13:00,25,,2.1,200,14,2000
102,백령도,2016-05-18 14:00,26.3,,1.9,230,15,2000
102,백령도,2016-05-18 15:00,25,,3.1,250,11,2000
102,백령도,2016-05-18 16:00,23.8,,3.7,270,11,2000
102,백령도,2016-05-18 17:00,22.7,,3.8,270,25,2000
102,백령도,2016-05-18 18:00,22.5,,2.9,270,17,2000
102,백령도,2016-05-18 19:00,21.2,,2,290,16,2000
102,백령도,2016-05-18 20:00,20.7,,.6,290,13,2000
102,백령도,2016-05-18 21:00,21.4,,.6,90,10,2000
102,백령도,2016-05-18 22:00,21.1,,1.5,200,7,2000
102,백령도,2016-05-18 23:00,21,,0,0,10,2000
102,백령도,2016-05-19 00:00,22,,.7,70,9,2000
102,백령도,2016-05-19 01:00,21.1,,0,0,10,2000
102,백령도,2016-05-19 02:00,19,,1.2,340,17,2000
102,백령도,2016-05-19 03:00,20.3,,1.9,340,13,2000
102,백령도,2016-05-19 04:00,18.4,,3.1,20,19,2000
102,백령도,2016-05-19 05:00,19.1,,2.8,50,15,2000
102,백령도,2016-05-19 06:00,18.1,,3.9,70,20,2000
102,백령도,2016-05-19 07:00,18.9,,4.3,70,25,2000
102,백령도,2016-05-19 08:00,21.1,,3.4,70,26,2000
102,백령도,2016-05-19 09:00,22,,4,70,27,2000
102,백령도,2016-05-19 10:00,23.2,,1.8,70,27,2500
102,백령도,2016-05-19 11:00,23.4,,2.1,90,25,2500
102,백령도,2016-05-19 12:00,24.6,,1.5,70,24,2500
102,백령도,2016-05-19 13:00,25.6,,.9,140,21,2500
102,백령도,2016-05-19 14:00,24.4,,.7,50,29,2500
102,백령도,2016-05-19 15:00,24.5,,1.9,290,22,2500
102,백령도,2016-05-19 16:00,24.5,,2.2,290,24,2500
102,백령도,2016-05-19 17:00,23.6,,1.6,320,21,2500
102,백령도,2016-05-19 18:00,23.6,,1,290,22,2500
102,백령도,2016-05-19 19:00,21.9,,3.1,340,20,2000
102,백령도,2016-05-19 20:00,21.8,,3.7,360,16,2000
102,백령도,2016-05-19 21:00,21.4,,3.3,20,15,2500
102,백령도,2016-05-19 22:00,21.2,,4.1,50,17,2000
102,백령도,2016-05-19 23:00,21.7,,3.7,20,14,2000
102,백령도,2016-05-20 00:00,21.8,,2.3,20,13,2500
102,백령도,2016-05-20 01:00,21.1,,3.8,50,14,2000
102,백령도,2016-05-20 02:00,21.5,,3.5,50,12,2000
102,백령도,2016-05-20 03:00,21.5,,4.1,50,10,2500
102,백령도,2016-05-20 04:00,21,,3,70,10,2500
102,백령도,2016-05-20 05:00,18.8,,4.9,90,29,2500
102,백령도,2016-05-20 06:00,18.8,,2.9,90,26,2500
102,백령도,2016-05-20 07:00,20.3,,2.4,70,27,2500
102,백령도,2016-05-20 08:00,20.7,,1.8,70,30,2500
102,백령도,2016-05-20 09:00,23,,.7,90,19,2200
102,백령도,2016-05-20 10:00,23.4,,1.6,90,15,2200
102,백령도,2016-05-20 11:00,24.2,,1.4,90,23,2200
102,백령도,2016-05-20 12:00,22.1,,1.3,290,29,2200
102,백령도,2016-05-20 13:00,22.3,,1.3,320,27,2000
102,백령도,2016-05-20 14:00,23.8,,1.4,290,26,2000
102,백령도,2016-05-20 15:00,25.5,,1.1,70,22,2000
102,백령도,2016-05-20 16:00,25.2,,2.1,70,17,2000
102,백령도,2016-05-20 17:00,23.7,,2.3,50,16,2000
102,백령도,2016-05-20 18:00,22.2,,2.8,50,14,2000
102,백령도,2016-05-20 19:00,21.4,,3.5,50,15,2000
102,백령도,2016-05-20 20:00,21.1,,4.1,50,14,2000
102,백령도,2016-05-20 21:00,21.4,,4,50,13,2000
102,백령도,2016-05-20 22:00,21.8,,4.3,50,12,2000
102,백령도,2016-05-20 23:00,22,,4,50,12,2000
102,백령도,2016-05-21 00:00,21.6,,3.6,70,12,2000
102,백령도,2016-05-21 01:00,22.6,,2.6,50,10,2000
102,백령도,2016-05-21 02:00,21.7,,3.2,70,12,2000
102,백령도,2016-05-21 03:00,22.5,,3.1,50,11,2000
102,백령도,2016-05-21 04:00,22,,3.4,50,12,2000
102,백령도,2016-05-21 05:00,21.8,,3,50,12,2000
102,백령도,2016-05-21 06:00,21.4,,2.8,70,13,2000
102,백령도,2016-05-21 07:00,21.6,,2.2,70,21,2000
102,백령도,2016-05-21 08:00,22.8,,3.5,70,20,2000
102,백령도,2016-05-21 09:00,23.3,,3.6,90,29,2000
102,백령도,2016-05-21 10:00,22.8,,3.6,90,33,1700
102,백령도,2016-05-21 11:00,24.1,,3.1,70,32,1700
102,백령도,2016-05-21 12:00,24.4,,4.3,90,23,1800
102,백령도,2016-05-21 13:00,23.4,,2.5,90,32,2000
102,백령도,2016-05-21 14:00,23.8,,.8,320,28,2000
102,백령도,2016-05-21 15:00,23.7,,1.2,290,26,2000
102,백령도,2016-05-21 16:00,22.5,,.4,0,31,2000
102,백령도,2016-05-21 17:00,23.2,,1.8,290,27,2000
102,백령도,2016-05-21 18:00,21.7,,2,270,32,2000
102,백령도,2016-05-21 19:00,20.8,,2.6,270,29,2000
102,백령도,2016-05-21 20:00,20.8,,2.1,290,27,2000
102,백령도,2016-05-21 21:00,21.9,,1,320,25,2000
102,백령도,2016-05-21 22:00,22.1,,2.1,290,23,2000
102,백령도,2016-05-21 23:00,22.6,,1.5,320,24,2000
102,백령도,2016-05-22 00:00,22.3,,1.4,320,23,2000
102,백령도,2016-05-22 01:00,20.7,,3.1,360,30,2000
102,백령도,2016-05-22 02:00,20.5,,3.7,360,31,2000
102,백령도,2016-05-22 03:00,20.6,,3.3,20,30,2000
102,백령도,2016-05-22 04:00,21.1,,2.7,70,26,2000
102,백령도,2016-05-22 05:00,21.1,,2.6,70,25,2000
102,백령도,2016-05-22 06:00,20,,3.2,70,31,2000
102,백령도,2016-05-22 07:00,22.3,,3.6,70,25,2000
102,백령도,2016-05-22 08:00,24.1,,2.2,90,28,2000
102,백령도,2016-05-22 09:00,22.5,,5,110,34,2000
102,백령도,2016-05-22 10:00,24.1,,5.1,110,37,2000
102,백령도,2016-05-22 11:00,25.7,,2.9,140,34,2000
102,백령도,2016-05-22 12:00,25.3,,3.1,140,37,1600
102,백령도,2016-05-22 13:00,24.8,,3.1,90,37,1300
102,백령도,2016-05-22 14:00,23.4,,2.2,160,38,1200
102,백령도,2016-05-22 15:00,24.6,,1.7,180,38,1400
102,백령도,2016-05-22 16:00,22.7,,4.6,200,35,1700
102,백령도,2016-05-22 17:00,22.6,,4.7,230,34,1900
102,백령도,2016-05-22 18:00,20.1,,3.6,250,41,1800
102,백령도,2016-05-22 19:00,19.5,,2.1,290,50,1800
102,백령도,2016-05-22 20:00,19,,1.9,290,49,1300
102,백령도,2016-05-22 21:00,20.8,,2,110,35,1600
102,백령도,2016-05-22 22:00,20.2,,2.4,340,38,1500
102,백령도,2016-05-22 23:00,20.1,,2,50,39,1500
102,백령도,2016-05-23 00:00,20.1,,3.1,160,40,1600
102,백령도,2016-05-23 01:00,21.9,,3.6,140,28,1900
102,백령도,2016-05-23 02:00,21.8,,3.2,140,27,2000
102,백령도,2016-05-23 03:00,21.3,,3.3,160,32,1800
102,백령도,2016-05-23 04:00,20.4,,3.8,180,34,1500
102,백령도,2016-05-23 05:00,20.4,,3.2,180,35,1300
102,백령도,2016-05-23 06:00,20,,2.1,200,36,1500
102,백령도,2016-05-23 07:00,18.7,,4.1,200,45,1100
102,백령도,2016-05-23 08:00,17.9,,6,230,70,1000
102,백령도,2016-05-23 09:00,19,,4.3,200,55,1900
102,백령도,2016-05-23 10:00,19.7,,2.1,230,50,1900
102,백령도,2016-05-23 11:00,15.4,0,2.8,50,72,1000
102,백령도,2016-05-23 12:00,19.9,0,1.9,200,54,2000
102,백령도,2016-05-23 13:00,19.1,0,2.4,140,55,1800
102,백령도,2016-05-23 14:00,20.4,0,1.4,70,57,1800
102,백령도,2016-05-23 15:00,18.9,,2.2,90,59,1900
102,백령도,2016-05-23 16:00,18.7,,4.4,140,60,1900
102,백령도,2016-05-23 17:00,16.4,0,4.8,180,80,1800
102,백령도,2016-05-23 18:00,14.3,.3,6.6,140,91,1100
102,백령도,2016-05-23 19:00,13.6,2.4,5.8,110,97,20
102,백령도,2016-05-23 20:00,13.6,.9,7.3,110,97,10
102,백령도,2016-05-23 21:00,13.7,.2,5.7,110,97,15
102,백령도,2016-05-23 22:00,14.1,1,5.5,140,97,15
102,백령도,2016-05-23 23:00,15.6,3.5,7,160,98,20
102,백령도,2016-05-24 00:00,15.7,7.8,5.5,230,98,10
102,백령도,2016-05-24 01:00,14.5,5.4,9.5,230,98,8
102,백령도,2016-05-24 02:00,14.2,1.4,7.6,230,98,8
102,백령도,2016-05-24 03:00,13.6,.2,7.2,250,98,10
102,백령도,2016-05-24 04:00,13.2,0,7.1,270,98,10
102,백령도,2016-05-24 05:00,13.2,,8,290,98,8
102,백령도,2016-05-24 06:00,12.8,,7.1,290,98,10
102,백령도,2016-05-24 07:00,13,,6.7,290,98,10
102,백령도,2016-05-24 08:00,12.6,,6.9,290,98,300
102,백령도,2016-05-24 09:00,12.8,,6.5,290,97,300
102,백령도,2016-05-24 10:00,13.3,,5.4,270,97,300
102,백령도,2016-05-24 11:00,13.8,,5.3,270,97,500
102,백령도,2016-05-24 12:00,15.6,,4.2,250,86,900
102,백령도,2016-05-24 13:00,15.9,,5.6,230,85,600
102,백령도,2016-05-24 14:00,17.8,,5.4,200,73,1500
102,백령도,2016-05-24 15:00,17.6,,5.1,200,75,1200
102,백령도,2016-05-24 16:00,15.8,,5.2,230,87,600
102,백령도,2016-05-24 17:00,14.2,,6.8,200,95,80
102,백령도,2016-05-24 18:00,13.9,,5.8,230,97,10
102,백령도,2016-05-24 19:00,13.8,,6.5,230,97,9
102,백령도,2016-05-24 20:00,13.4,,6.6,230,97,7
102,백령도,2016-05-24 21:00,13.4,,6.5,200,98,7
102,백령도,2016-05-24 22:00,13.2,,6.6,200,98,7
102,백령도,2016-05-24 23:00,13,,4.6,180,98,7
102,백령도,2016-05-25 00:00,12.9,,4.3,160,98,7
102,백령도,2016-05-25 01:00,13.1,,4.3,180,98,7
102,백령도,2016-05-25 02:00,13.1,,3.5,180,98,7
102,백령도,2016-05-25 03:00,13.1,,3.8,140,98,7
102,백령도,2016-05-25 04:00,12.7,,5.7,140,98,7
102,백령도,2016-05-25 05:00,12.8,,4.9,140,98,10
102,백령도,2016-05-25 06:00,12.7,,5.2,140,98,10
102,백령도,2016-05-25 07:00,12.6,,4.9,140,98,7
102,백령도,2016-05-25 08:00,13.6,,5.1,160,98,80
102,백령도,2016-05-25 09:00,14.3,,4.5,110,98,30
102,백령도,2016-05-25 10:00,15.5,,3.7,110,98,150
102,백령도,2016-05-25 11:00,16.6,,4.8,160,97,300
102,백령도,2016-05-25 12:00,15.9,,5.8,180,93,300
102,백령도,2016-05-25 13:00,16,,3.6,160,95,300
102,백령도,2016-05-25 14:00,17,,2.8,180,89,300
102,백령도,2016-05-25 15:00,16.9,,2.3,110,86,300
102,백령도,2016-05-25 16:00,18.4,,3.2,200,86,300
102,백령도,2016-05-25 17:00,17.9,,4.3,200,89,300
102,백령도,2016-05-25 18:00,17.2,,4.4,180,89,300
102,백령도,2016-05-25 19:00,16.7,,2.2,200,92,250
102,백령도,2016-05-25 20:00,15.7,,3.4,180,96,180
102,백령도,2016-05-25 21:00,15.2,,5,200,97,100
102,백령도,2016-05-25 22:00,14.9,,4.8,180,97,80
102,백령도,2016-05-25 23:00,14.8,,4.9,180,97,40
102,백령도,2016-05-26 00:00,14.6,,2.8,230,97,30
102,백령도,2016-05-26 01:00,13.9,,1.1,140,97,10
102,백령도,2016-05-26 02:00,13.9,,2.5,160,98,10
102,백령도,2016-05-26 03:00,13.8,,2.5,200,98,10
102,백령도,2016-05-26 04:00,14.1,,4.3,200,98,30
102,백령도,2016-05-26 05:00,15.5,,5.4,250,83,500
102,백령도,2016-05-26 06:00,14.9,0,3.3,200,87,300
102,백령도,2016-05-26 07:00,14.6,0,4.3,200,97,20
102,백령도,2016-05-26 08:00,15.1,,1.5,230,98,9
102,백령도,2016-05-26 09:00,14.8,0,3.2,230,98,10
102,백령도,2016-05-26 10:00,14.7,0,2.4,230,98,10
102,백령도,2016-05-26 11:00,14.8,,3.1,250,98,10
102,백령도,2016-05-26 12:00,14.6,,4.1,230,98,10
102,백령도,2016-05-26 13:00,15.3,,2.3,230,98,10
102,백령도,2016-05-26 14:00,17.7,,.8,230,98,80
102,백령도,2016-05-26 15:00,18.5,,.2,0,80,150
102,백령도,2016-05-26 16:00,20.1,,1.9,250,61,150
102,백령도,2016-05-26 17:00,20.9,,2.8,250,57,150
102,백령도,2016-05-26 18:00,19.9,,3.7,230,64,300
102,백령도,2016-05-26 19:00,17.9,,4.3,230,51,1100
102,백령도,2016-05-26 20:00,16.3,,4.7,230,67,2000
102,백령도,2016-05-26 21:00,15.7,,2.5,270,74,1300
102,백령도,2016-05-26 22:00,15.2,,3.9,270,77,1200
102,백령도,2016-05-26 23:00,15.2,,3.2,270,78,1000
102,백령도,2016-05-27 00:00,14.8,,2,270,84,1100
102,백령도,2016-05-27 01:00,15.4,,1.4,290,81,1000
102,백령도,2016-05-27 02:00,16.3,,.2,0,73,1200
102,백령도,2016-05-27 03:00,16.6,,1.5,70,68,1300
102,백령도,2016-05-27 04:00,17.6,,1.1,70,68,1100
102,백령도,2016-05-27 05:00,15.7,,1.2,70,71,1100
102,백령도,2016-05-27 06:00,15.5,,1.3,70,74,1200
102,백령도,2016-05-27 07:00,17,,1.7,70,72,1300
102,백령도,2016-05-27 08:00,19.4,,1.1,90,63,1700
102,백령도,2016-05-27 09:00,19.2,,.6,90,68,1900
102,백령도,2016-05-27 10:00,19.8,,1.1,70,67,1700
102,백령도,2016-05-27 11:00,19.1,,.9,70,68,1800
102,백령도,2016-05-27 12:00,20.5,,.7,290,64,1800
102,백령도,2016-05-27 13:00,21,,.2,0,60,1800
102,백령도,2016-05-27 14:00,20.2,,.9,320,63,2000
102,백령도,2016-05-27 15:00,19.4,,.6,320,66,1800
102,백령도,2016-05-27 16:00,18.6,,1.5,250,73,1800
102,백령도,2016-05-27 17:00,17.6,,.7,250,78,1500
102,백령도,2016-05-27 18:00,18.9,,1.4,290,64,1300
102,백령도,2016-05-27 19:00,14.8,,3.7,230,86,1200
102,백령도,2016-05-27 20:00,15.3,,1.3,270,74,1400
102,백령도,2016-05-27 21:00,16.5,,2.6,270,66,1500
102,백령도,2016-05-27 22:00,19.3,,1.7,320,55,2000
102,백령도,2016-05-27 23:00,15.9,,1.7,290,64,1600
102,백령도,2016-05-28 00:00,17,,3,270,65,1400
102,백령도,2016-05-28 01:00,17.8,,3.5,270,59,1900
102,백령도,2016-05-28 02:00,15.7,,7.1,250,73,1500
102,백령도,2016-05-28 03:00,15.6,,4.3,270,73,1300
102,백령도,2016-05-28 04:00,15.6,,3.8,270,68,1500
102,백령도,2016-05-28 05:00,17.1,,2.4,290,56,1400
102,백령도,2016-05-28 06:00,17.5,,2.2,290,53,1700
102,백령도,2016-05-28 07:00,18.2,,1,320,49,1600
102,백령도,2016-05-28 08:00,18.1,,.7,290,58,1600
102,백령도,2016-05-28 09:00,18.7,,.8,200,65,1500
102,백령도,2016-05-28 10:00,19.3,,1.5,200,66,1500
102,백령도,2016-05-28 11:00,18.6,,1.1,70,66,1300
102,백령도,2016-05-28 12:00,21.1,,.8,340,66,1500
102,백령도,2016-05-28 13:00,21.8,,.7,20,64,1400
102,백령도,2016-05-28 14:00,23.3,,2.2,250,50,1800
102,백령도,2016-05-28 15:00,20.4,,3.1,250,49,2000
102,백령도,2016-05-28 16:00,21.8,,2,270,44,2000
102,백령도,2016-05-28 17:00,22.1,,2.3,270,48,1600
102,백령도,2016-05-28 18:00,21.5,,3,270,47,1800
102,백령도,2016-05-28 19:00,19.8,,3.6,270,54,1600
102,백령도,2016-05-28 20:00,16.3,,4,250,91,600
102,백령도,2016-05-28 21:00,15.9,,4.4,270,89,600
102,백령도,2016-05-28 22:00,16,,3.5,270,84,600
102,백령도,2016-05-28 23:00,16.5,,3,290,77,600
102,백령도,2016-05-29 00:00,18.3,,2.1,320,63,600
102,백령도,2016-05-29 01:00,17.2,,3.3,290,65,1100
102,백령도,2016-05-29 02:00,17.6,,3.6,290,63,700
102,백령도,2016-05-29 03:00,17.2,,3,270,68,800
102,백령도,2016-05-29 04:00,17.7,,1.3,360,70,400
102,백령도,2016-05-29 05:00,17.2,,2.7,360,78,300
102,백령도,2016-05-29 06:00,17.6,,2.3,360,77,300
102,백령도,2016-05-29 07:00,18.4,,1.6,340,69,400
102,백령도,2016-05-29 08:00,18.3,,1.3,50,69,500
102,백령도,2016-05-29 09:00,18.1,,1.5,20,66,700
102,백령도,2016-05-29 10:00,20.5,,1.1,50,64,700
102,백령도,2016-05-29 11:00,22.8,,1.4,70,53,900
102,백령도,2016-05-29 12:00,23.2,,1.2,340,50,1500
102,백령도,2016-05-29 13:00,22.6,,3.3,290,53,1200
102,백령도,2016-05-29 14:00,21.2,,3.9,290,58,900
102,백령도,2016-05-29 15:00,20.8,,4.8,290,62,900
102,백령도,2016-05-29 16:00,20.3,,5.4,290,69,700
102,백령도,2016-05-29 17:00,19.8,,5.6,290,73,600
102,백령도,2016-05-29 18:00,19.4,,5.7,290,74,700
102,백령도,2016-05-29 19:00,19.1,,6.5,290,74,700
102,백령도,2016-05-29 20:00,18.6,,6.5,290,76,700
102,백령도,2016-05-29 21:00,17.5,,6.1,290,87,350
102,백령도,2016-05-29 22:00,17.6,,5.8,290,85,380
102,백령도,2016-05-29 23:00,18.2,,6.7,290,81,440
102,백령도,2016-05-30 00:00,17.8,,8.3,290,83,400
102,백령도,2016-05-30 01:00,17.5,,8.7,290,84,500
102,백령도,2016-05-30 02:00,17.1,,7.5,290,86,390
102,백령도,2016-05-30 03:00,16.8,,6.2,290,85,450
102,백령도,2016-05-30 04:00,16.5,,5.3,290,89,300
102,백령도,2016-05-30 05:00,16.2,,5.3,290,92,230
102,백령도,2016-05-30 06:00,16,,3.3,290,94,210
102,백령도,2016-05-30 07:00,16.9,,2.3,290,88,350
102,백령도,2016-05-30 08:00,18.7,,1,320,71,700
102,백령도,2016-05-30 09:00,19.7,,1.5,290,67,900
102,백령도,2016-05-30 10:00,20.7,,1.3,200,70,900
102,백령도,2016-05-30 11:00,22.5,,1.6,270,46,1300
102,백령도,2016-05-30 12:00,22.3,,3,270,41,1300
102,백령도,2016-05-30 13:00,22,,3.3,270,50,1300
102,백령도,2016-05-30 14:00,21.8,,4.6,270,63,600
102,백령도,2016-05-30 15:00,23,,4.8,230,65,600
102,백령도,2016-05-30 16:00,22.7,,3.9,250,70,300
102,백령도,2016-05-30 17:00,21.5,,4.3,230,74,300
102,백령도,2016-05-30 18:00,20.6,,6.3,200,74,700
102,백령도,2016-05-30 19:00,17.8,,7,230,90,700
102,백령도,2016-05-30 20:00,16.9,,7,230,97,350
102,백령도,2016-05-30 21:00,16.9,,7.5,230,97,230
102,백령도,2016-05-30 22:00,16.8,,7.3,230,97,300
102,백령도,2016-05-30 23:00,16.8,,8.1,230,97,400
102,백령도,2016-05-31 00:00,16.7,,8.2,200,96,600
102,백령도,2016-05-31 01:00,16.3,,8.7,200,96,600
102,백령도,2016-05-31 02:00,16.2,,5.2,200,93,900
102,백령도,2016-05-31 03:00,16.4,,5.7,230,94,1200
102,백령도,2016-05-31 04:00,16.4,,4.6,200,94,1300
102,백령도,2016-05-31 05:00,16.5,,1.8,250,94,1500
102,백령도,2016-05-31 06:00,15.8,,2.1,200,96,1100
102,백령도,2016-05-31 07:00,16.7,,.5,230,95,1300
102,백령도,2016-05-31 08:00,17.6,,1.2,50,89,1500
102,백령도,2016-05-31 09:00,15.3,,3.3,50,92,300
102,백령도,2016-05-31 10:00,18.3,,4.8,70,84,1400
102,백령도,2016-05-31 11:00,22.1,,3.6,70,66,1500
102,백령도,2016-05-31 12:00,21.6,,.9,320,71,1700
102,백령도,2016-05-31 13:00,21.6,,.8,320,70,1400
102,백령도,2016-05-31 14:00,18.2,,2,320,74,1100
102,백령도,2016-05-31 15:00,19.3,,1.4,20,58,1900
102,백령도,2016-05-31 16:00,18.2,,2.6,360,55,2000
102,백령도,2016-05-31 17:00,16,,3,340,54,2000
102,백령도,2016-05-31 18:00,15.8,,3,360,57,2000
102,백령도,2016-05-31 19:00,15.9,,2.9,360,51,2000
102,백령도,2016-05-31 20:00,15.7,,2.4,360,51,2000
102,백령도,2016-05-31 21:00,15.3,,2,20,55,2000
102,백령도,2016-05-31 22:00,16.5,,2.4,50,47,2000
102,백령도,2016-05-31 23:00,15.9,,1.8,20,55,2000
102,백령도,2016-06-01 00:00,15.8,,2.2,20,57,2000
102,백령도,2016-06-01 01:00,15.8,,1.9,20,57,2000
102,백령도,2016-06-01 02:00,16.1,,2.2,20,58,2000
102,백령도,2016-06-01 03:00,16.7,,3.3,50,56,2000
102,백령도,2016-06-01 04:00,16.3,,3.3,50,60,2000
102,백령도,2016-06-01 05:00,15.7,,3,50,66,2000
102,백령도,2016-06-01 06:00,15.6,,2,50,71,2000
102,백령도,2016-06-01 07:00,16.7,,1.8,50,70,2000
102,백령도,2016-06-01 08:00,18.9,,3,70,56,2000
102,백령도,2016-06-01 09:00,20.7,,3,70,52,2000
102,백령도,2016-06-01 10:00,21.1,,4,70,48,2000
102,백령도,2016-06-01 11:00,21.5,,2.5,70,49,2000
102,백령도,2016-06-01 12:00,21.7,,1.7,50,54,2000
102,백령도,2016-06-01 13:00,21.7,,1.6,360,48,2000
102,백령도,2016-06-01 14:00,21.6,,1.3,360,45,2000
102,백령도,2016-06-01 15:00,20.7,,1.8,360,44,2000
102,백령도,2016-06-01 16:00,21.1,,1.7,340,41,2000
102,백령도,2016-06-01 17:00,19.3,,1.8,340,48,2000
102,백령도,2016-06-01 18:00,19.2,,2,360,45,2000
102,백령도,2016-06-01 19:00,19.9,,2.4,360,40,2000
102,백령도,2016-06-01 20:00,19.3,,3.8,360,39,2000
102,백령도,2016-06-01 21:00,18.9,,2.3,340,42,2000
102,백령도,2016-06-01 22:00,20.3,,2.9,360,36,2000
102,백령도,2016-06-01 23:00,19.6,,2.4,20,39,2000
102,백령도,2016-06-02 00:00,18.1,,1.9,360,45,2000
102,백령도,2016-06-02 01:00,18.2,,2.2,20,47,2000
102,백령도,2016-06-02 02:00,18.6,,1.7,360,46,2000
102,백령도,2016-06-02 03:00,19.2,,2.1,20,43,2000
102,백령도,2016-06-02 04:00,18.7,,2,50,44,2000
102,백령도,2016-06-02 05:00,19,,2,20,42,2000
102,백령도,2016-06-02 06:00,19.6,,1.7,360,40,2000
102,백령도,2016-06-02 07:00,20.9,,1.4,20,38,2500
102,백령도,2016-06-02 08:00,23.4,,1.6,90,39,2500
102,백령도,2016-06-02 09:00,21.1,,2.1,90,50,2500
102,백령도,2016-06-02 10:00,23.8,,2.9,90,39,3000
102,백령도,2016-06-02 11:00,23.5,,1.1,290,44,3000
102,백령도,2016-06-02 12:00,24.2,,1.8,200,36,3000
102,백령도,2016-06-02 13:00,24.8,,1.3,200,33,3000
102,백령도,2016-06-02 14:00,26,,2.2,250,32,3000
102,백령도,2016-06-02 15:00,26.1,,2.4,230,31,3000
102,백령도,2016-06-02 16:00,24.9,,3.3,250,38,3000
102,백령도,2016-06-02 17:00,22.1,,5.1,250,59,3000
102,백령도,2016-06-02 18:00,21.6,,5.2,270,53,3000
102,백령도,2016-06-02 19:00,21.6,,4.8,270,41,2000
102,백령도,2016-06-02 20:00,18.2,,6.2,230,84,2000
102,백령도,2016-06-02 21:00,17.6,,6.6,230,91,1300
102,백령도,2016-06-02 22:00,17.8,,7,250,83,1700
102,백령도,2016-06-02 23:00,18.2,,7.8,270,66,2000
102,백령도,2016-06-03 00:00,18.5,,7.8,250,64,2000
102,백령도,2016-06-03 01:00,18.5,,6,250,61,2000
102,백령도,2016-06-03 02:00,17.6,,6.4,230,75,2000
102,백령도,2016-06-03 03:00,18.3,,5.8,250,65,2000
102,백령도,2016-06-03 04:00,18.3,,6.6,250,63,2000
102,백령도,2016-06-03 05:00,17.1,,4.8,250,75,2000
102,백령도,2016-06-03 06:00,17,,4.4,230,84,2000
102,백령도,2016-06-03 07:00,17,,4.3,230,89,1900
102,백령도,2016-06-03 08:00,17.5,,4.6,230,92,1700
102,백령도,2016-06-03 09:00,18.7,,2.8,200,87,1900
102,백령도,2016-06-03 10:00,20.3,,2.9,230,78,2000
102,백령도,2016-06-03 11:00,20.9,,2.2,250,71,2000
102,백령도,2016-06-03 12:00,21.3,,2.6,230,71,2000
102,백령도,2016-06-03 13:00,23,,1.8,250,60,2000
102,백령도,2016-06-03 14:00,21.8,,2.8,230,72,2000
102,백령도,2016-06-03 15:00,21.7,,4.4,200,72,2000
102,백령도,2016-06-03 16:00,19.6,,3.9,230,82,2000
102,백령도,2016-06-03 17:00,19.3,,3.5,200,79,1500
102,백령도,2016-06-03 18:00,18.7,,4.6,200,88,2000
102,백령도,2016-06-03 19:00,17.8,,4.7,200,92,1700
102,백령도,2016-06-03 20:00,17.4,,4.6,200,93,1400
102,백령도,2016-06-03 21:00,18.5,,2.5,180,66,2000
102,백령도,2016-06-03 22:00,18.3,,2.6,230,60,2000
102,백령도,2016-06-03 23:00,18.3,,2.1,180,58,2000
102,백령도,2016-06-04 00:00,18.2,,1.5,110,60,2000
102,백령도,2016-06-04 01:00,19.2,,1.5,160,49,2000
102,백령도,2016-06-04 02:00,18.7,,1.3,110,51,2000
102,백령도,2016-06-04 03:00,18.9,,1.4,160,49,2000
102,백령도,2016-06-04 04:00,19.1,,1.2,230,50,2000
102,백령도,2016-06-04 05:00,18.8,,2,230,51,2000
102,백령도,2016-06-04 06:00,18.4,,1.6,180,53,2000
102,백령도,2016-06-04 07:00,18.1,,3.7,200,59,2000
102,백령도,2016-06-04 08:00,18.6,,1.1,200,61,2000
102,백령도,2016-06-04 09:00,19.2,,1.8,230,68,2000
102,백령도,2016-06-04 10:00,19,,1.9,290,65,2000
102,백령도,2016-06-04 11:00,19.3,,2.7,290,71,2000
102,백령도,2016-06-04 12:00,19,,3.9,270,82,2000
102,백령도,2016-06-04 13:00,18.1,,4,290,88,2000
102,백령도,2016-06-04 14:00,17.5,,2.4,320,83,2000
102,백령도,2016-06-04 15:00,17.2,0,5,290,85,2000
102,백령도,2016-06-04 16:00,17.1,,2.8,320,87,1800
102,백령도,2016-06-04 17:00,17.4,,1.9,340,85,1700
102,백령도,2016-06-04 18:00,16.6,,1.7,340,91,1300
102,백령도,2016-06-04 19:00,16,,1.8,340,90,1300
102,백령도,2016-06-04 20:00,15.8,,2.2,340,93,900
102,백령도,2016-06-04 21:00,16,,2.4,340,92,1400
102,백령도,2016-06-04 22:00,15.7,,3.3,360,95,900
102,백령도,2016-06-04 23:00,15.3,,2.8,360,96,900
102,백령도,2016-06-05 00:00,15.4,,2.9,360,95,1500
102,백령도,2016-06-05 01:00,15.3,,2.5,360,96,1600
102,백령도,2016-06-05 02:00,15.4,,2.8,360,96,1600
102,백령도,2016-06-05 03:00,15.2,,2.5,360,95,1500
102,백령도,2016-06-05 04:00,15.5,,2.5,360,93,2000
102,백령도,2016-06-05 05:00,15.6,,2.6,360,90,2000
102,백령도,2016-06-05 06:00,15.6,,2.3,360,90,2000
102,백령도,2016-06-05 07:00,16.5,,1.8,360,85,2000
102,백령도,2016-06-05 08:00,17.6,,1.4,360,80,2000
102,백령도,2016-06-05 09:00,17.9,,2.4,340,78,2000
102,백령도,2016-06-05 10:00,19,,1.9,340,74,2000
102,백령도,2016-06-05 11:00,20.3,,1.8,340,70,1800
102,백령도,2016-06-05 12:00,20.5,,2.1,340,71,1700
102,백령도,2016-06-05 13:00,20.6,,3,290,71,1600
102,백령도,2016-06-05 14:00,21.8,,1.3,290,65,1700
102,백령도,2016-06-05 15:00,22.7,,1.5,290,58,1800
102,백령도,2016-06-05 16:00,22.3,,2.7,290,51,2000
102,백령도,2016-06-05 17:00,20.7,,2.6,290,63,1800
102,백령도,2016-06-05 18:00,19,,1.2,320,75,1500
102,백령도,2016-06-05 19:00,19,,2.3,360,75,1500
102,백령도,2016-06-05 20:00,18.8,,2.8,340,75,1500
102,백령도,2016-06-05 21:00,18.8,,2.6,340,74,1700
102,백령도,2016-06-05 22:00,18.7,,2.5,340,74,1700
102,백령도,2016-06-05 23:00,17.2,,2.8,320,88,1100
102,백령도,2016-06-06 00:00,18.4,,2.8,360,76,1600
102,백령도,2016-06-06 01:00,18.4,,2.9,360,73,1800
102,백령도,2016-06-06 02:00,19.9,,3.8,20,67,2000
102,백령도,2016-06-06 03:00,20.5,,2.1,50,62,2000
102,백령도,2016-06-06 04:00,20.1,,3.2,70,65,2000
102,백령도,2016-06-06 05:00,19.4,,5.2,110,71,2000
102,백령도,2016-06-06 06:00,19.8,,4.3,110,69,2000
102,백령도,2016-06-06 07:00,18.5,,4.1,140,77,1800
102,백령도,2016-06-06 08:00,18.2,,2.4,160,81,1400
102,백령도,2016-06-06 09:00,18.6,,1.3,70,79,1400
102,백령도,2016-06-06 10:00,19.8,,1.2,160,72,1600
102,백령도,2016-06-06 11:00,21.7,0,.6,270,68,1600
102,백령도,2016-06-06 12:00,20.9,,1,110,70,1400
102,백령도,2016-06-06 13:00,20.3,,1.3,110,72,1200
102,백령도,2016-06-06 14:00,19.9,,1.3,200,72,1200
102,백령도,2016-06-06 15:00,18.4,0,1.9,270,81,1200
102,백령도,2016-06-06 16:00,19.1,0,2.4,290,75,1400
102,백령도,2016-06-06 17:00,18.3,0,1.8,290,71,1400
102,백령도,2016-06-06 18:00,18.6,0,1.3,320,72,1600
102,백령도,2016-06-06 19:00,17.9,,1.9,320,85,2000
102,백령도,2016-06-06 20:00,19.1,,.1,0,62,2000
102,백령도,2016-06-06 21:00,18.9,,.9,160,62,2000
102,백령도,2016-06-06 22:00,19.1,,.6,270,69,1900
102,백령도,2016-06-06 23:00,17.7,0,1.9,70,81,2000
102,백령도,2016-06-07 00:00,17.5,,2.5,250,82,1800
102,백령도,2016-06-07 01:00,17.1,,3.3,290,81,1900
102,백령도,2016-06-07 02:00,17.1,,3.3,290,93,1300
102,백령도,2016-06-07 03:00,17.3,,2.9,290,90,1600
102,백령도,2016-06-07 04:00,17,,3.1,320,91,1600
102,백령도,2016-06-07 05:00,16.9,,3.1,290,95,1000
102,백령도,2016-06-07 06:00,17,,3.8,290,96,1000
102,백령도,2016-06-07 07:00,17.3,,2.3,320,96,1200
102,백령도,2016-06-07 08:00,18.1,,2.6,290,94,1400
102,백령도,2016-06-07 09:00,18.7,,2.6,290,90,1400
102,백령도,2016-06-07 10:00,20,,1.7,290,84,1600
102,백령도,2016-06-07 11:00,20.7,,.7,320,78,1800
102,백령도,2016-06-07 12:00,21.5,,.8,270,70,1800
102,백령도,2016-06-07 13:00,19.4,,4.9,250,87,1400
102,백령도,2016-06-07 14:00,20.6,,6.1,270,84,1200
102,백령도,2016-06-07 15:00,19.7,,6.1,270,88,1200
102,백령도,2016-06-07 16:00,19,,5.7,270,90,1200
102,백령도,2016-06-07 17:00,19.7,,4.4,290,89,1400
102,백령도,2016-06-07 18:00,20.1,,3.1,290,81,1600
102,백령도,2016-06-07 19:00,19.5,,2,290,82,1900
102,백령도,2016-06-07 20:00,17.2,,3.1,290,93,1000
102,백령도,2016-06-07 21:00,17,,2.5,290,97,600
102,백령도,2016-06-07 22:00,16.8,,2,270,97,300
102,백령도,2016-06-07 23:00,16.8,,2.6,270,97,180
102,백령도,2016-06-08 00:00,17,,3.3,290,97,180
102,백령도,2016-06-08 01:00,17.1,,3.2,270,97,230
102,백령도,2016-06-08 02:00,16.9,,3.2,270,97,250
102,백령도,2016-06-08 03:00,16.7,,3.1,270,97,350
102,백령도,2016-06-08 04:00,16.8,,1.8,270,98,130
102,백령도,2016-06-08 05:00,16.8,,2.5,230,98,60
102,백령도,2016-06-08 06:00,16.7,,2.1,230,98,15
102,백령도,2016-06-08 07:00,17,,.6,250,98,15
102,백령도,2016-06-08 08:00,17.2,,1.5,160,98,60
102,백령도,2016-06-08 09:00,19,,1.7,230,98,300
102,백령도,2016-06-08 10:00,20.3,,1.6,270,89,1400
102,백령도,2016-06-08 11:00,20.6,,.5,180,76,1500
102,백령도,2016-06-08 12:00,23.9,,1.1,250,74,1500
102,백령도,2016-06-08 13:00,21.6,,2.9,270,81,1500
102,백령도,2016-06-08 14:00,21.5,,3.3,270,83,1500
102,백령도,2016-06-08 15:00,22,,3.7,250,79,1400
102,백령도,2016-06-08 16:00,22.6,,3.9,270,75,1700
102,백령도,2016-06-08 17:00,22.2,,4.5,270,81,1400
102,백령도,2016-06-08 18:00,21.1,,4.1,290,85,1500
102,백령도,2016-06-08 19:00,19.8,,4.3,290,88,1700
102,백령도,2016-06-08 20:00,18.4,,3.5,290,91,1300
102,백령도,2016-06-08 21:00,18,,4,290,96,700
102,백령도,2016-06-08 22:00,18.1,,3,290,97,300
102,백령도,2016-06-08 23:00,18.3,,2.5,320,97,500
102,백령도,2016-06-09 00:00,18.8,,2.3,340,83,1100
102,백령도,2016-06-09 01:00,17.5,,1.7,340,97,80
102,백령도,2016-06-09 02:00,17.4,,2.9,290,98,15
102,백령도,2016-06-09 03:00,17.6,,1.9,290,98,15
102,백령도,2016-06-09 04:00,17.8,,1.3,290,98,9
102,백령도,2016-06-09 05:00,17.7,,1.5,320,98,40
102,백령도,2016-06-09 06:00,17.2,,1.7,290,98,7
102,백령도,2016-06-09 07:00,17.9,,1.2,340,98,60
102,백령도,2016-06-09 08:00,18,,.4,0,98,90
102,백령도,2016-06-09 09:00,21,,1.3,70,76,1300
102,백령도,2016-06-09 10:00,22.5,,1.5,70,64,1600
102,백령도,2016-06-09 11:00,24.2,,1.2,160,65,1300
102,백령도,2016-06-09 12:00,21.8,,1.2,90,69,1500
102,백령도,2016-06-09 13:00,24.5,,1.5,180,62,1700
102,백령도,2016-06-09 14:00,25.2,,2.4,250,60,1600
102,백령도,2016-06-09 15:00,24.3,,3.2,250,64,1600
102,백령도,2016-06-09 16:00,23.8,,3.1,270,74,1700
102,백령도,2016-06-09 17:00,23.3,,3.1,270,74,1700
102,백령도,2016-06-09 18:00,23.2,,2.2,230,75,1600
102,백령도,2016-06-09 19:00,21.2,,4.6,250,85,1500
102,백령도,2016-06-09 20:00,19.6,,3.4,250,89,1200
102,백령도,2016-06-09 21:00,18.9,,3.9,250,95,800
102,백령도,2016-06-09 22:00,18.6,,5.1,250,97,400
102,백령도,2016-06-09 23:00,18.6,,4.6,250,98,150
102,백령도,2016-06-10 00:00,18.4,,5,250,98,500
102,백령도,2016-06-10 01:00,18.3,,2.9,270,97,600
102,백령도,2016-06-10 02:00,18.4,,3.4,230,98,300
102,백령도,2016-06-10 03:00,18.1,,3.8,230,98,70
102,백령도,2016-06-10 04:00,17.5,,3.9,160,98,30
102,백령도,2016-06-10 05:00,16.9,,2,160,98,20
102,백령도,2016-06-10 06:00,17.4,,3.2,200,98,70
102,백령도,2016-06-10 07:00,17.9,,2.4,200,98,150
102,백령도,2016-06-10 08:00,18.2,,2.3,160,98,250
102,백령도,2016-06-10 09:00,18.3,,2.6,160,96,300
102,백령도,2016-06-10 10:00,18.7,,3,140,95,300
102,백령도,2016-06-10 11:00,20,,2.8,110,86,800
102,백령도,2016-06-10 12:00,21.5,,2.1,110,83,800
102,백령도,2016-06-10 13:00,22,,2.7,180,78,1100
102,백령도,2016-06-10 14:00,21.8,,2.5,180,84,1100
102,백령도,2016-06-10 15:00,21.6,,3.5,180,82,1200
102,백령도,2016-06-10 16:00,20.3,,5.2,160,89,900
102,백령도,2016-06-10 17:00,19,,3.3,160,94,700
102,백령도,2016-06-10 18:00,19.7,,5.6,160,92,700
102,백령도,2016-06-10 19:00,18.7,,4.6,160,96,800
102,백령도,2016-06-10 20:00,18.5,,4.3,160,97,600
102,백령도,2016-06-10 21:00,18.5,,3.9,160,97,600
102,백령도,2016-06-10 22:00,18.8,,2,180,95,700
102,백령도,2016-06-10 23:00,19.1,,2,230,93,1000
102,백령도,2016-06-11 00:00,19.1,,5.2,230,94,1300
102,백령도,2016-06-11 01:00,19,,4.8,230,93,1400
102,백령도,2016-06-11 02:00,18.8,,3.2,180,92,1500
102,백령도,2016-06-11 03:00,18.4,,3.5,160,95,1200
102,백령도,2016-06-11 04:00,18.4,,2.4,160,95,1100
102,백령도,2016-06-11 05:00,17.6,0,4.5,160,97,130
102,백령도,2016-06-11 06:00,17.7,0,4.3,140,98,30
102,백령도,2016-06-11 07:00,18.1,0,5.6,160,98,20
102,백령도,2016-06-11 08:00,18.5,0,5.4,160,98,30
102,백령도,2016-06-11 09:00,18.7,0,5.3,160,98,250
102,백령도,2016-06-11 10:00,18.6,0,6.2,160,98,30
102,백령도,2016-06-11 11:00,18.8,0,7.1,160,98,10
102,백령도,2016-06-11 12:00,19,0,5.3,160,98,10
102,백령도,2016-06-11 13:00,19.4,0,2.3,180,98,10
102,백령도,2016-06-11 14:00,19.8,0,3.1,230,98,10
102,백령도,2016-06-11 15:00,19.8,0,5.2,230,98,10
102,백령도,2016-06-11 16:00,19.8,0,6.2,230,99,10
102,백령도,2016-06-11 17:00,20,0,5.2,230,99,10
102,백령도,2016-06-11 18:00,19.5,0,6.4,200,99,10
102,백령도,2016-06-11 19:00,19.8,0,5.2,200,99,10
102,백령도,2016-06-11 20:00,19.7,0,5.4,200,99,10
102,백령도,2016-06-11 21:00,19.6,0,3.8,200,99,10
102,백령도,2016-06-11 22:00,19.5,0,4.1,230,99,10
102,백령도,2016-06-11 23:00,19.4,,5.4,230,99,10
102,백령도,2016-06-12 00:00,18.8,,5,230,99,10
102,백령도,2016-06-12 01:00,18.8,,5,230,99,10
102,백령도,2016-06-12 02:00,18.8,,4.5,230,99,10
102,백령도,2016-06-12 03:00,18.6,,3.7,270,99,10
102,백령도,2016-06-12 04:00,17.9,0,3.2,290,99,10
102,백령도,2016-06-12 05:00,17.7,0,0,0,99,10
102,백령도,2016-06-12 06:00,17.6,0,0,0,99,10
102,백령도,2016-06-12 07:00,17.3,,2.1,200,99,10
102,백령도,2016-06-12 08:00,17.1,,2.2,250,99,10
102,백령도,2016-06-12 09:00,17,,2.5,270,99,10
102,백령도,2016-06-12 10:00,17.4,,1.4,250,99,250
102,백령도,2016-06-12 11:00,17.8,,2.4,270,99,300
102,백령도,2016-06-12 12:00,18.5,,1.8,270,99,500
102,백령도,2016-06-12 13:00,18.9,,2.7,290,95,500
102,백령도,2016-06-12 14:00,17.8,,.9,20,98,70
102,백령도,2016-06-12 15:00,20.1,,1.5,50,87,1500
102,백령도,2016-06-12 16:00,20.7,,1.5,340,89,2000
102,백령도,2016-06-12 17:00,17.7,,2.4,290,96,60
102,백령도,2016-06-12 18:00,15.7,,2.7,290,98,15
102,백령도,2016-06-12 19:00,15,,2,320,98,15
102,백령도,2016-06-12 20:00,15.5,,2.5,320,99,15
102,백령도,2016-06-12 21:00,15.5,,2.9,320,98,15
102,백령도,2016-06-12 22:00,15.7,,2.3,340,99,10
102,백령도,2016-06-12 23:00,16,,2.9,320,99,30
102,백령도,2016-06-13 00:00,16.1,,3.2,320,99,10
102,백령도,2016-06-13 01:00,15.9,,4,340,99,15
102,백령도,2016-06-13 02:00,16,,3.2,360,99,15
102,백령도,2016-06-13 03:00,16,,2.3,360,99,700
102,백령도,2016-06-13 04:00,16.8,,2.5,20,98,1200
102,백령도,2016-06-13 05:00,17,,3.4,50,92,1300
102,백령도,2016-06-13 06:00,18.4,,2.4,50,77,1500
102,백령도,2016-06-13 07:00,19.8,,1.7,50,69,2000
102,백령도,2016-06-13 08:00,21.5,,1,50,63,2000
102,백령도,2016-06-13 09:00,22.9,,2,70,58,2200
102,백령도,2016-06-13 10:00,24.3,,1.4,90,55,2200
102,백령도,2016-06-13 11:00,24.9,,.8,70,49,2200
102,백령도,2016-06-13 12:00,22.5,,2.1,290,65,2000
102,백령도,2016-06-13 13:00,23.4,,2.9,290,62,2000
102,백령도,2016-06-13 14:00,22.1,,4.2,290,76,1800
102,백령도,2016-06-13 15:00,22.4,,5.1,290,77,1500
102,백령도,2016-06-13 16:00,21.4,,5.7,290,85,1300
102,백령도,2016-06-13 17:00,20.9,,5.1,290,85,1200
102,백령도,2016-06-13 18:00,21.2,,4.2,290,83,1600
102,백령도,2016-06-13 19:00,21.8,,2.4,290,74,1900
102,백령도,2016-06-13 20:00,20.2,,2.8,290,74,2000
102,백령도,2016-06-13 21:00,20.2,,4.1,290,75,1900
102,백령도,2016-06-13 22:00,20.2,,3.6,290,72,2000
102,백령도,2016-06-13 23:00,21.2,,3.8,340,46,2000
102,백령도,2016-06-14 00:00,20.8,,3.6,360,47,2000
102,백령도,2016-06-14 01:00,22.2,,4.5,360,34,2000
102,백령도,2016-06-14 02:00,21.5,,3.8,20,38,2000
102,백령도,2016-06-14 03:00,21.1,,2.9,50,41,2000
102,백령도,2016-06-14 04:00,21.3,,2.5,70,49,2000
102,백령도,2016-06-14 05:00,20.7,,3.9,110,57,2000
102,백령도,2016-06-14 06:00,18.7,,5.1,200,64,2000
102,백령도,2016-06-14 07:00,20.1,,1.9,230,66,2000
102,백령도,2016-06-14 08:00,21.1,,.2,0,62,2000
102,백령도,2016-06-14 09:00,21.8,,1.7,230,66,2000
102,백령도,2016-06-14 10:00,21.5,,.6,110,58,2000
102,백령도,2016-06-14 11:00,23.1,,.8,230,53,2000
102,백령도,2016-06-14 12:00,22.5,,.7,200,50,2000
102,백령도,2016-06-14 13:00,21.8,,.4,0,58,2000
102,백령도,2016-06-14 14:00,20.6,,2.2,140,67,2000
102,백령도,2016-06-14 15:00,20,,2.4,140,70,2000
102,백령도,2016-06-14 16:00,20,,3.1,140,67,2000
102,백령도,2016-06-14 17:00,18.7,.2,2.6,230,92,800
102,백령도,2016-06-14 18:00,18.8,.1,2.6,140,97,300
102,백령도,2016-06-14 19:00,18.3,0,2.3,110,97,150
102,백령도,2016-06-14 20:00,18,.3,3,140,98,40
102,백령도,2016-06-14 21:00,18,0,3,140,96,700
102,백령도,2016-06-14 22:00,18.1,,2.3,110,98,350
102,백령도,2016-06-14 23:00,18,,3,90,98,12
102,백령도,2016-06-15 00:00,17.7,,4.9,110,98,12
102,백령도,2016-06-15 01:00,17.9,,5,110,98,30
102,백령도,2016-06-15 02:00,17.6,0,4.2,110,99,12
102,백령도,2016-06-15 03:00,17.5,.1,4.3,110,99,12
102,백령도,2016-06-15 04:00,17,.6,4.7,110,99,7
102,백령도,2016-06-15 05:00,18.3,2.6,6.4,160,99,60
102,백령도,2016-06-15 06:00,17.5,.3,7.2,110,99,7
102,백령도,2016-06-15 07:00,17.7,0,5.7,140,99,12
102,백령도,2016-06-15 08:00,17.4,.2,6.2,140,99,90
102,백령도,2016-06-15 09:00,17.3,.5,9,140,99,20
102,백령도,2016-06-15 10:00,17.2,.3,8.8,140,99,30
102,백령도,2016-06-15 11:00,17.7,6,6.8,160,99,90
102,백령도,2016-06-15 12:00,19,10.9,8.2,230,99,15
102,백령도,2016-06-15 13:00,19.5,,6.1,250,99,600
102,백령도,2016-06-15 14:00,20.2,,8.5,270,98,1600
102,백령도,2016-06-15 15:00,19.1,,10,270,97,1200
102,백령도,2016-06-15 16:00,20.4,,8.8,270,94,2000
102,백령도,2016-06-15 17:00,18.9,,7.3,290,96,1500
102,백령도,2016-06-15 18:00,17.6,,6.7,290,97,1500
102,백령도,2016-06-15 19:00,17.2,,5.5,290,98,1300
102,백령도,2016-06-15 20:00,16.9,,4.6,290,98,370
102,백령도,2016-06-15 21:00,16.5,,1.8,290,98,40
102,백령도,2016-06-15 22:00,16.7,0,1.7,290,98,80
102,백령도,2016-06-15 23:00,16.8,0,1.8,290,98,250
102,백령도,2016-06-16 00:00,17.2,,4.4,290,99,70
102,백령도,2016-06-16 01:00,17.2,,5.4,290,98,400
102,백령도,2016-06-16 02:00,17.1,,5.1,290,98,470
102,백령도,2016-06-16 03:00,17.4,,5.9,290,98,1200
102,백령도,2016-06-16 04:00,17.4,,6.4,290,98,1200
102,백령도,2016-06-16 05:00,17.8,,5.7,290,98,450
102,백령도,2016-06-16 06:00,17.8,,5.6,290,98,200
102,백령도,2016-06-16 07:00,18.2,,5.2,290,98,180
102,백령도,2016-06-16 08:00,18.5,,5.7,290,96,350
102,백령도,2016-06-16 09:00,18.8,,4.6,290,90,600
102,백령도,2016-06-16 10:00,18.9,,6.4,290,90,800
102,백령도,2016-06-16 11:00,19.3,,5.4,290,87,1100
102,백령도,2016-06-16 12:00,19.9,,5.4,290,86,1100
102,백령도,2016-06-16 13:00,20.8,,6.2,290,84,1300
102,백령도,2016-06-16 14:00,21,,6,290,81,1200
102,백령도,2016-06-16 15:00,21,,6.3,290,81,1100
102,백령도,2016-06-16 16:00,22.1,,5.1,290,75,1500
102,백령도,2016-06-16 17:00,22.4,,4.1,290,71,1700
102,백령도,2016-06-16 18:00,22,,4.6,270,73,1600
102,백령도,2016-06-16 19:00,19.4,,5.4,250,94,500
102,백령도,2016-06-16 20:00,18.7,,7.6,270,97,300
102,백령도,2016-06-16 21:00,18.8,,7.3,250,95,500
102,백령도,2016-06-16 22:00,18.8,,7.1,230,95,600
102,백령도,2016-06-16 23:00,18.8,,6.6,250,92,800
102,백령도,2016-06-17 00:00,18.9,,7.9,230,91,900
102,백령도,2016-06-17 01:00,18.8,,8,230,93,900
102,백령도,2016-06-17 02:00,19,,8.1,230,91,900
102,백령도,2016-06-17 03:00,19.2,,8.6,230,90,1200
102,백령도,2016-06-17 04:00,19.3,,8.9,200,90,1100
102,백령도,2016-06-17 05:00,19.2,,8.8,200,91,900
102,백령도,2016-06-17 06:00,19.3,,6.8,200,93,600
102,백령도,2016-06-17 07:00,20.2,,5.1,200,90,600
102,백령도,2016-06-17 08:00,20.6,,5.8,180,88,600
102,백령도,2016-06-17 09:00,20.6,,6.1,160,90,500
102,백령도,2016-06-17 10:00,21.4,,4.7,160,88,600
102,백령도,2016-06-17 11:00,22.4,,4.7,160,86,600
102,백령도,2016-06-17 12:00,22.9,,6.1,180,83,600
102,백령도,2016-06-17 13:00,22.5,,5,160,83,600
102,백령도,2016-06-17 14:00,23.4,,5.1,160,81,600
102,백령도,2016-06-17 15:00,23.2,,6,180,82,600
102,백령도,2016-06-17 16:00,23,,5.7,180,82,500
102,백령도,2016-06-17 17:00,22.6,,4,160,83,600
102,백령도,2016-06-17 18:00,22.3,,5.6,160,82,600
102,백령도,2016-06-17 19:00,21.5,,5,160,86,470
102,백령도,2016-06-17 20:00,21.1,,5.5,180,89,400
102,백령도,2016-06-17 21:00,21.1,,5.1,200,89,300
102,백령도,2016-06-17 22:00,21.1,,5.6,200,88,300
102,백령도,2016-06-17 23:00,21,,6,230,90,300
102,백령도,2016-06-18 00:00,20.9,,7.5,200,90,250
102,백령도,2016-06-18 01:00,20.8,,5.9,230,92,200
102,백령도,2016-06-18 02:00,20.4,,8.7,200,94,210
102,백령도,2016-06-18 03:00,20.1,,7.4,230,97,150
102,백령도,2016-06-18 04:00,19.2,,5.3,230,97,120
102,백령도,2016-06-18 05:00,18.2,,6.9,230,98,10
102,백령도,2016-06-18 06:00,18.3,,5.1,230,98,15
102,백령도,2016-06-18 07:00,18.4,,4.3,230,98,80
102,백령도,2016-06-18 08:00,18.8,,3.2,230,98,80
102,백령도,2016-06-18 09:00,20,,4.4,160,92,300
102,백령도,2016-06-18 10:00,20.4,,7,160,89,250
102,백령도,2016-06-18 11:00,20.9,,6.9,160,86,280
102,백령도,2016-06-18 12:00,20.6,,6,160,87,300
102,백령도,2016-06-18 13:00,19.6,,3,140,91,300
102,백령도,2016-06-18 14:00,19.6,,3.6,110,92,300
102,백령도,2016-06-18 15:00,20.2,,4,140,89,300
102,백령도,2016-06-18 16:00,20.3,,4.1,140,89,500
102,백령도,2016-06-18 17:00,19,,4,110,94,300
102,백령도,2016-06-18 18:00,18.5,,4.9,140,95,300
102,백령도,2016-06-18 19:00,18.3,,4.7,140,97,290
102,백령도,2016-06-18 20:00,17.8,,4.9,140,98,150
102,백령도,2016-06-18 21:00,18.1,,4,140,98,80
102,백령도,2016-06-18 22:00,18.3,,3.7,140,98,30
102,백령도,2016-06-18 23:00,18.7,,3.6,160,98,130
102,백령도,2016-06-19 00:00,18.4,,3.3,160,98,30
102,백령도,2016-06-19 01:00,19,,2.6,160,99,30
102,백령도,2016-06-19 02:00,17.9,,3.1,110,99,10
102,백령도,2016-06-19 03:00,18.2,,3.3,140,99,30
102,백령도,2016-06-19 04:00,17.7,,3.9,110,99,20
102,백령도,2016-06-19 05:00,18.1,,2.2,140,99,30
102,백령도,2016-06-19 06:00,18.1,,2.7,110,99,20
102,백령도,2016-06-19 07:00,17.9,,2.8,110,99,20
102,백령도,2016-06-19 08:00,17.9,.2,5.9,110,99,10
102,백령도,2016-06-19 09:00,19.2,0,2,200,99,10
102,백령도,2016-06-19 10:00,20.2,,2.3,230,99,300
102,백령도,2016-06-19 11:00,21.6,,5.5,230,97,500
102,백령도,2016-06-19 12:00,22.2,,4.5,230,92,900
102,백령도,2016-06-19 13:00,22.3,,5.4,200,90,800
102,백령도,2016-06-19 14:00,21.9,,5.7,200,91,1100
102,백령도,2016-06-19 15:00,21.8,,7.1,200,93,900
102,백령도,2016-06-19 16:00,21.5,,5.6,230,95,800
102,백령도,2016-06-19 17:00,22.7,,6.5,200,87,900
102,백령도,2016-06-19 18:00,21.3,,6.6,200,96,800
102,백령도,2016-06-19 19:00,21,,6,200,96,700
102,백령도,2016-06-19 20:00,19.7,,.7,70,98,390
102,백령도,2016-06-19 21:00,19.3,,2.5,200,98,300
102,백령도,2016-06-19 22:00,19.1,,3.4,180,98,130
102,백령도,2016-06-19 23:00,19.5,,5.6,200,98,200
102,백령도,2016-06-20 00:00,19.6,,7.3,230,99,30
102,백령도,2016-06-20 01:00,19.4,,4.7,230,99,260
102,백령도,2016-06-20 02:00,19.4,,1.4,180,98,230
102,백령도,2016-06-20 03:00,19.2,,3.6,180,99,80
102,백령도,2016-06-20 04:00,19.4,,2.3,200,99,70
102,백령도,2016-06-20 05:00,18.4,,3.2,110,99,10
102,백령도,2016-06-20 06:00,18.7,,3.1,160,99,10
102,백령도,2016-06-20 07:00,18.5,,2.3,140,99,10
102,백령도,2016-06-20 08:00,19.5,,2.9,140,99,200
102,백령도,2016-06-20 09:00,20.6,,3.4,140,98,450
102,백령도,2016-06-20 10:00,20.7,,3.4,160,95,600
102,백령도,2016-06-20 11:00,21.2,,2.8,160,88,700
102,백령도,2016-06-20 12:00,21.4,,3.9,140,87,900
102,백령도,2016-06-20 13:00,21.9,,4.5,110,85,900
102,백령도,2016-06-20 14:00,21.5,,4,110,86,800
102,백령도,2016-06-20 15:00,21.8,,3.6,90,87,800
102,백령도,2016-06-20 16:00,22.7,,2.9,110,83,800
102,백령도,2016-06-20 17:00,21.9,,3.6,90,86,900
102,백령도,2016-06-20 18:00,21.7,,5.2,90,86,800
102,백령도,2016-06-20 19:00,21.4,,2.2,110,88,900
102,백령도,2016-06-20 20:00,22,,2.7,110,87,1000
102,백령도,2016-06-20 21:00,21.5,,1.2,140,88,900
102,백령도,2016-06-20 22:00,21.2,,1.4,160,89,900
102,백령도,2016-06-20 23:00,20.7,,1.8,180,88,900
102,백령도,2016-06-21 00:00,19.6,,4.2,250,93,900
102,백령도,2016-06-21 01:00,19.1,,5.4,270,98,290
102,백령도,2016-06-21 02:00,19.3,,3.1,290,98,230
102,백령도,2016-06-21 03:00,19.6,,1.9,290,98,500
102,백령도,2016-06-21 04:00,20.5,,.9,250,96,1100
102,백령도,2016-06-21 05:00,20.5,,1.7,270,90,600
102,백령도,2016-06-21 06:00,18.1,,1.7,290,99,10
102,백령도,2016-06-21 07:00,18.4,,1.1,270,99,10
102,백령도,2016-06-21 08:00,19.2,,1,250,99,10
102,백령도,2016-06-21 09:00,19.7,,1.7,110,99,80
102,백령도,2016-06-21 10:00,20.5,,2.5,180,98,450
102,백령도,2016-06-21 11:00,20.4,,5.5,200,96,150
102,백령도,2016-06-21 12:00,21.4,,3.9,200,93,400
102,백령도,2016-06-21 13:00,21.1,,3.2,180,96,300
102,백령도,2016-06-21 14:00,23.1,,3.1,140,90,600
102,백령도,2016-06-21 15:00,21.8,,3,180,92,600
102,백령도,2016-06-21 16:00,20.5,,4.6,200,98,18
102,백령도,2016-06-21 17:00,20.6,,5.4,200,99,15
102,백령도,2016-06-21 18:00,20.2,,4.8,200,99,30
102,백령도,2016-06-21 19:00,20.5,,3.4,180,98,270
102,백령도,2016-06-21 20:00,20,,3.5,140,98,160
102,백령도,2016-06-21 21:00,19.4,,3.1,140,98,10
102,백령도,2016-06-21 22:00,19.3,,3.5,140,99,9
102,백령도,2016-06-21 23:00,19.4,,3.6,110,99,10
102,백령도,2016-06-22 00:00,19.5,,4.3,110,99,10
102,백령도,2016-06-22 01:00,19.6,,2.4,200,99,120
102,백령도,2016-06-22 02:00,20,,3.4,160,99,50
102,백령도,2016-06-22 03:00,19.3,,2.6,140,99,10
102,백령도,2016-06-22 04:00,19.9,,1.8,160,99,10
102,백령도,2016-06-22 05:00,19.1,0,3.4,140,99,10
102,백령도,2016-06-22 06:00,18.7,0,1.7,110,99,10
102,백령도,2016-06-22 07:00,18.9,0,2.5,90,99,10
102,백령도,2016-06-22 08:00,19.4,0,2.2,70,99,10
102,백령도,2016-06-22 09:00,19.3,0,2.7,70,99,10
102,백령도,2016-06-22 10:00,20,0,2.6,50,99,10
102,백령도,2016-06-22 11:00,20.3,0,3.2,70,99,60
102,백령도,2016-06-22 12:00,20.2,.2,5.9,90,99,80
102,백령도,2016-06-22 13:00,20.3,.6,6.5,90,99,80
102,백령도,2016-06-22 14:00,20.7,.3,5.9,90,99,200
102,백령도,2016-06-22 15:00,23.1,0,5.8,90,99,600
102,백령도,2016-06-22 16:00,24.2,,2.8,110,91,900
102,백령도,2016-06-22 17:00,24.6,,1.2,110,85,1200
102,백령도,2016-06-22 18:00,24.3,,.7,140,85,1200
102,백령도,2016-06-22 19:00,20.6,,.4,0,91,600
102,백령도,2016-06-22 20:00,19.1,,2.8,340,97,500
102,백령도,2016-06-22 21:00,20.1,,2.7,340,97,600
102,백령도,2016-06-22 22:00,22.2,,0,0,93,1100
102,백령도,2016-06-22 23:00,22.3,,.4,0,90,1400
102,백령도,2016-06-23 00:00,21.9,,2,270,89,1700
102,백령도,2016-06-23 01:00,21.4,,2.7,250,93,1000
102,백령도,2016-06-23 02:00,21.2,,2,290,95,800
102,백령도,2016-06-23 03:00,21.2,,1.5,270,95,800
102,백령도,2016-06-23 04:00,20.5,,3.7,230,97,500
102,백령도,2016-06-23 05:00,20.4,,3.6,230,98,250
102,백령도,2016-06-23 06:00,20.5,,1.9,270,98,250
102,백령도,2016-06-23 07:00,20.6,,.4,0,98,300
102,백령도,2016-06-23 08:00,21.7,,2.3,230,97,500
102,백령도,2016-06-23 09:00,22,,2.8,250,95,600
102,백령도,2016-06-23 10:00,22.4,,1.7,200,94,600
102,백령도,2016-06-23 11:00,22,,4.1,180,93,400
102,백령도,2016-06-23 12:00,22.4,,2.8,140,89,700
102,백령도,2016-06-23 13:00,23.1,,1.4,270,87,1300
102,백령도,2016-06-23 14:00,21.4,,3.1,290,96,400
102,백령도,2016-06-23 15:00,20.6,0,.5,320,98,200
102,백령도,2016-06-23 16:00,21.8,0,4.3,160,95,500
102,백령도,2016-06-23 17:00,21.4,,5,230,96,900
102,백령도,2016-06-23 18:00,21.6,,1.8,200,96,800
102,백령도,2016-06-23 19:00,21.3,,2.6,230,97,900
102,백령도,2016-06-23 20:00,21.1,0,1.8,180,97,450
102,백령도,2016-06-23 21:00,20.9,,3.9,200,98,600
102,백령도,2016-06-23 22:00,20.6,.5,4.3,200,98,300
102,백령도,2016-06-23 23:00,20.6,.5,3.6,200,99,150
102,백령도,2016-06-24 00:00,20.4,.2,1.8,200,99,120
102,백령도,2016-06-24 01:00,20.5,.1,2.9,230,99,130
102,백령도,2016-06-24 02:00,20.5,.2,4.2,230,99,120
102,백령도,2016-06-24 03:00,20.5,.1,4.4,230,99,30
102,백령도,2016-06-24 04:00,20.5,,4.1,290,99,110
102,백령도,2016-06-24 05:00,20.2,,2.9,320,99,10
102,백령도,2016-06-24 06:00,18.4,,1.9,20,99,10
102,백령도,2016-06-24 07:00,18.2,,2.7,50,99,10
102,백령도,2016-06-24 08:00,17.1,,3.6,50,99,15
102,백령도,2016-06-24 09:00,16.8,,1.9,360,99,1300
102,백령도,2016-06-24 10:00,18,,2.4,360,99,2000
102,백령도,2016-06-24 11:00,19.2,,.4,0,87,2500
102,백령도,2016-06-24 12:00,19,,3.5,320,93,2000
102,백령도,2016-06-24 13:00,20.5,,3,340,84,2300
102,백령도,2016-06-24 14:00,20.1,,3.1,320,89,500
102,백령도,2016-06-24 15:00,20.5,,3.1,320,94,800
102,백령도,2016-06-24 16:00,20.5,,3.4,290,94,600
102,백령도,2016-06-24 17:00,20.8,,4.7,290,96,600
102,백령도,2016-06-24 18:00,20.9,,5.3,290,95,800
102,백령도,2016-06-24 19:00,20.3,,6.4,290,90,1800
102,백령도,2016-06-24 20:00,19.9,,8.1,290,84,2000
102,백령도,2016-06-24 21:00,20.3,,8.2,290,86,1400
102,백령도,2016-06-24 22:00,20.2,,6.5,290,84,2000
102,백령도,2016-06-24 23:00,20.5,,7.4,290,76,2000
102,백령도,2016-06-25 00:00,20.1,,10.3,290,81,2000
102,백령도,2016-06-25 01:00,19.3,,9.8,290,89,2000
102,백령도,2016-06-25 02:00,19.6,,9.3,290,89,2000
102,백령도,2016-06-25 03:00,19.6,,9.1,290,83,2000
102,백령도,2016-06-25 04:00,19,,7.2,290,92,2000
102,백령도,2016-06-25 05:00,19.1,,8,290,95,1200
102,백령도,2016-06-25 06:00,19.5,,8.7,290,94,1300
102,백령도,2016-06-25 07:00,19.6,,7.8,290,90,1600
102,백령도,2016-06-25 08:00,20.5,,7.3,290,86,1600
102,백령도,2016-06-25 09:00,20.9,,6.9,290,82,2000
102,백령도,2016-06-25 10:00,21.2,,7.7,290,80,1900
102,백령도,2016-06-25 11:00,21.7,,7.7,290,80,2000
102,백령도,2016-06-25 12:00,22.1,,6.9,290,72,2000
102,백령도,2016-06-25 13:00,22.7,,4,290,73,2000
102,백령도,2016-06-25 14:00,22.5,,3.2,320,71,2000
102,백령도,2016-06-25 15:00,23.4,,2.8,320,66,2000
102,백령도,2016-06-25 16:00,23.3,,3,320,67,2000
102,백령도,2016-06-25 17:00,23.2,,3.1,290,72,2000
102,백령도,2016-06-25 18:00,22.3,,3.3,290,79,1800
102,백령도,2016-06-25 19:00,21.4,,3.5,290,81,1900
102,백령도,2016-06-25 20:00,20.3,,4.4,290,80,1900
102,백령도,2016-06-25 21:00,19.9,,4.5,290,85,2000
102,백령도,2016-06-25 22:00,20.5,,5,290,80,2000
102,백령도,2016-06-25 23:00,20.9,,5.7,290,80,2000
102,백령도,2016-06-26 00:00,21.3,,5.3,290,79,2000
102,백령도,2016-06-26 01:00,21.5,,6.3,290,76,2000
102,백령도,2016-06-26 02:00,21.9,,5,290,70,2000
102,백령도,2016-06-26 03:00,21.2,,5.4,290,80,2000
102,백령도,2016-06-26 04:00,20.2,,2,290,87,2000
102,백령도,2016-06-26 05:00,20.2,,3.1,290,88,2000
102,백령도,2016-06-26 06:00,20.4,,2.9,320,87,2000
102,백령도,2016-06-26 07:00,21.6,,2.3,340,77,2000
102,백령도,2016-06-26 08:00,23.5,,.8,360,69,2000
102,백령도,2016-06-26 09:00,24.5,,1.5,340,60,2000
102,백령도,2016-06-26 10:00,25.7,,.9,340,54,2000
102,백령도,2016-06-26 11:00,25.7,,2.2,290,57,2000
102,백령도,2016-06-26 12:00,26.6,,1.9,270,58,2000
102,백령도,2016-06-26 13:00,25.7,,2.3,270,63,2000
102,백령도,2016-06-26 14:00,26.1,,4.2,250,60,2000
102,백령도,2016-06-26 15:00,25.1,,5.9,270,64,2000
102,백령도,2016-06-26 16:00,24.2,,6.2,270,62,2000
102,백령도,2016-06-26 17:00,26.2,,4.5,250,46,2000
102,백령도,2016-06-26 18:00,25.2,,4.7,230,54,2000
102,백령도,2016-06-26 19:00,24.1,,5.8,200,55,2000
102,백령도,2016-06-26 20:00,23.1,,6,200,64,2000
102,백령도,2016-06-26 21:00,22.6,,6,230,74,2000
102,백령도,2016-06-26 22:00,22,,6.9,230,85,1900
102,백령도,2016-06-26 23:00,21.9,,7.1,230,89,1600
102,백령도,2016-06-27 00:00,21.9,,7.4,230,90,1100
102,백령도,2016-06-27 01:00,22,,6.1,200,91,600
102,백령도,2016-06-27 02:00,21.5,,5.6,200,97,260
102,백령도,2016-06-27 03:00,21.1,,5.7,200,98,300
102,백령도,2016-06-27 04:00,20.7,,5.6,200,99,30
102,백령도,2016-06-27 05:00,20.5,,4.7,200,99,30
102,백령도,2016-06-27 06:00,20.5,,3.8,180,99,30
102,백령도,2016-06-27 07:00,21.1,,6,200,99,30
102,백령도,2016-06-27 08:00,21,,4.2,200,99,60
102,백령도,2016-06-27 09:00,21.7,,3.5,200,98,80
102,백령도,2016-06-27 10:00,21.8,,4.1,230,97,150
102,백령도,2016-06-27 11:00,22.7,,3.4,180,97,150
102,백령도,2016-06-27 12:00,22.4,,3,180,97,150
102,백령도,2016-06-27 13:00,22.7,,4.3,160,95,150
102,백령도,2016-06-27 14:00,23.4,,2.8,160,89,300
102,백령도,2016-06-27 15:00,23.5,,3.3,200,91,300
102,백령도,2016-06-27 16:00,23.1,,3.6,200,95,250
102,백령도,2016-06-27 17:00,24.1,,3.8,200,90,300
102,백령도,2016-06-27 18:00,23.2,,3.3,200,94,300
102,백령도,2016-06-27 19:00,22,,2.1,200,97,170
102,백령도,2016-06-27 20:00,20.9,,2.6,180,99,30
102,백령도,2016-06-27 21:00,20.9,,4.4,200,99,80
102,백령도,2016-06-27 22:00,20.6,,2.7,200,99,90
102,백령도,2016-06-27 23:00,20.3,,2.8,200,99,60
102,백령도,2016-06-28 00:00,19.1,,1.7,160,99,30
102,백령도,2016-06-28 01:00,19.4,,4.2,160,99,30
102,백령도,2016-06-28 02:00,18.9,,2.9,180,99,20
102,백령도,2016-06-28 03:00,19.5,,3.6,200,99,10
102,백령도,2016-06-28 04:00,19.4,,2,200,99,10
102,백령도,2016-06-28 05:00,19.6,,1.1,200,99,10
102,백령도,2016-06-28 06:00,18.3,,1.4,110,99,10
102,백령도,2016-06-28 07:00,18.7,,1.6,160,99,500
102,백령도,2016-06-28 08:00,20.9,,1.3,160,99,400
102,백령도,2016-06-28 09:00,19.9,,1.2,160,98,30
102,백령도,2016-06-28 10:00,22.3,,1.4,180,91,500
102,백령도,2016-06-28 11:00,21.9,,3.1,200,93,250
102,백령도,2016-06-28 12:00,24.1,,1.2,270,78,1300
102,백령도,2016-06-28 13:00,23.4,,2.9,230,86,450
102,백령도,2016-06-28 14:00,23.5,,2.6,230,86,800
102,백령도,2016-06-28 15:00,24.7,,2.9,250,83,1500
102,백령도,2016-06-28 16:00,24.1,,3,270,80,1800
102,백령도,2016-06-28 17:00,24.3,,3.8,250,80,1800
102,백령도,2016-06-28 18:00,23.1,,3.1,250,90,1000
102,백령도,2016-06-28 19:00,22.3,,3.2,230,96,900
102,백령도,2016-06-28 20:00,21.2,,.9,270,97,800
102,백령도,2016-06-28 21:00,20.4,,2.5,200,98,300
102,백령도,2016-06-28 22:00,20.4,,3,200,99,70
102,백령도,2016-06-28 23:00,20.2,,2.7,200,99,300
102,백령도,2016-06-29 00:00,21.1,,2.2,180,92,1500
102,백령도,2016-06-29 01:00,20.8,,2,180,92,1400
102,백령도,2016-06-29 02:00,20.8,,3,180,94,1000
102,백령도,2016-06-29 03:00,20.5,,4,140,96,500
102,백령도,2016-06-29 04:00,19.7,,2.7,160,97,300
102,백령도,2016-06-29 05:00,18,,4.4,140,99,10
102,백령도,2016-06-29 06:00,18.3,,4.8,110,99,10
102,백령도,2016-06-29 07:00,18.2,,4.9,90,99,10
102,백령도,2016-06-29 08:00,18.9,,5.5,110,99,10
102,백령도,2016-06-29 09:00,19.4,,5.3,110,99,450
102,백령도,2016-06-29 10:00,21.6,,5.2,110,91,1100
102,백령도,2016-06-29 11:00,22.4,,4.2,140,85,800
102,백령도,2016-06-29 12:00,22.7,,4,160,82,900
102,백령도,2016-06-29 13:00,23.6,,2.7,160,85,700
102,백령도,2016-06-29 14:00,22.8,,4.1,160,83,800
102,백령도,2016-06-29 15:00,22.8,0,2.5,160,82,1100
102,백령도,2016-06-29 16:00,22.1,.2,2.6,160,92,800
102,백령도,2016-06-29 17:00,22.1,0,2.4,140,93,700
102,백령도,2016-06-29 18:00,21.4,,2.8,140,96,700
102,백령도,2016-06-29 19:00,20.8,,4.2,140,98,410
102,백령도,2016-06-29 20:00,20.3,,4.2,140,98,410
102,백령도,2016-06-29 21:00,20.5,,2.9,140,99,300
102,백령도,2016-06-29 22:00,20.9,,3.4,160,99,410
102,백령도,2016-06-29 23:00,21,,3.5,160,99,430
102,백령도,2016-06-30 00:00,20.6,,3.3,140,99,30
102,백령도,2016-06-30 01:00,20.6,,2.2,160,99,30
102,백령도,2016-06-30 02:00,21.1,,2,250,99,300
102,백령도,2016-06-30 03:00,21.2,,2,230,99,300
102,백령도,2016-06-30 04:00,21.1,,1.7,200,99,110
102,백령도,2016-06-30 05:00,21,,6.3,230,99,70
102,백령도,2016-06-30 06:00,21.1,,5.2,200,99,300
102,백령도,2016-06-30 07:00,21.7,,5.9,160,98,900
102,백령도,2016-06-30 08:00,21.3,0,5,140,99,300
102,백령도,2016-06-30 09:00,22.2,0,4.4,140,99,300
102,백령도,2016-06-30 10:00,21.9,,3.7,160,98,500
102,백령도,2016-06-30 11:00,22.6,,4,110,98,300
102,백령도,2016-06-30 12:00,22.9,,3.2,180,96,700
102,백령도,2016-06-30 13:00,22.7,,3,160,98,300
102,백령도,2016-06-30 14:00,23.1,0,3.8,160,97,500
102,백령도,2016-06-30 15:00,23.1,0,3.4,160,98,600
102,백령도,2016-06-30 16:00,23.3,,2.4,230,98,500
102,백령도,2016-06-30 17:00,22.8,,3.6,200,99,90
102,백령도,2016-06-30 18:00,22.4,0,6.6,160,99,40
102,백령도,2016-06-30 19:00,21.7,0,5.6,140,99,10
102,백령도,2016-06-30 20:00,22.3,,7.2,160,99,30
102,백령도,2016-06-30 21:00,22.5,,3.5,200,99,7
102,백령도,2016-06-30 22:00,22.6,,2.6,230,99,7
102,백령도,2016-06-30 23:00,22.5,,4,230,99,6
102,백령도,2016-07-01 00:00,22.6,0,3.8,230,99,5
102,백령도,2016-07-01 01:00,22.6,,3.5,200,99,6
102,백령도,2016-07-01 02:00,22.5,,3.4,200,99,6
102,백령도,2016-07-01 03:00,22.2,,3.8,180,99,6
102,백령도,2016-07-01 04:00,22,,4.8,180,99,8
102,백령도,2016-07-01 05:00,21.9,,4.6,140,99,7
102,백령도,2016-07-01 06:00,22.1,,3.4,160,99,18
102,백령도,2016-07-01 07:00,22,,2.9,180,99,110
102,백령도,2016-07-01 08:00,21.9,,3.4,180,99,300
102,백령도,2016-07-01 09:00,21.9,.6,4.2,180,99,300
102,백령도,2016-07-01 10:00,21.6,.1,3.1,230,99,500
102,백령도,2016-07-01 11:00,21.5,2.9,2.9,180,99,700
102,백령도,2016-07-01 12:00,21.6,.4,2.3,140,99,300
102,백령도,2016-07-01 13:00,21.2,.9,2.3,90,99,30
102,백령도,2016-07-01 14:00,21,0,5.1,70,99,10
102,백령도,2016-07-01 15:00,21.6,0,5.2,90,99,90
102,백령도,2016-07-01 16:00,21.2,0,5.3,90,99,900
102,백령도,2016-07-01 17:00,20.7,1.8,3.2,70,99,200
102,백령도,2016-07-01 18:00,20.8,6.9,4.2,90,99,80
102,백령도,2016-07-01 19:00,20.6,2.8,4.7,50,99,10
102,백령도,2016-07-01 20:00,20,0,3.8,50,99,9
102,백령도,2016-07-01 21:00,19.5,,3.1,50,99,700
102,백령도,2016-07-01 22:00,20,,1.2,20,99,2000
102,백령도,2016-07-01 23:00,19.6,,1.5,320,99,1800
102,백령도,2016-07-02 00:00,19.4,,1.4,320,99,120
102,백령도,2016-07-02 01:00,19.4,,3.1,320,99,15
102,백령도,2016-07-02 02:00,19,,4.4,290,99,12
102,백령도,2016-07-02 03:00,18.9,,1.6,340,99,13
102,백령도,2016-07-02 04:00,19.1,,1.8,360,99,2000
102,백령도,2016-07-02 05:00,19.4,,1.9,50,99,40
102,백령도,2016-07-02 06:00,19.6,,1.7,290,99,30
102,백령도,2016-07-02 07:00,19.9,,2.5,290,99,15
102,백령도,2016-07-02 08:00,20.5,,2.1,290,99,60
102,백령도,2016-07-02 09:00,21.6,,2.9,290,99,1700
102,백령도,2016-07-02 10:00,23.1,,3.1,290,96,2000
102,백령도,2016-07-02 11:00,23.2,,2.8,270,94,2000
102,백령도,2016-07-02 12:00,24.8,,2.8,250,89,1700
102,백령도,2016-07-02 13:00,24.6,,2.7,270,92,1700
102,백령도,2016-07-02 14:00,23.8,,3.1,270,87,1800
102,백령도,2016-07-02 15:00,24.1,,3.4,270,84,1600
102,백령도,2016-07-02 16:00,25.1,,3.7,250,86,1100
102,백령도,2016-07-02 17:00,22.4,,4.8,290,96,300
102,백령도,2016-07-02 18:00,22.3,,4.6,270,97,300
102,백령도,2016-07-02 19:00,22,,4.1,270,97,240
102,백령도,2016-07-02 20:00,21.4,,4.3,270,99,80
102,백령도,2016-07-02 21:00,21.2,,5.1,270,99,80
102,백령도,2016-07-02 22:00,21.1,,5.1,270,99,40
102,백령도,2016-07-02 23:00,21.1,,4.3,270,99,40
102,백령도,2016-07-03 00:00,20.9,,4.9,250,99,15
102,백령도,2016-07-03 01:00,20.8,,4.8,250,99,30
102,백령도,2016-07-03 02:00,20.8,,5.7,250,99,90
102,백령도,2016-07-03 03:00,20.8,,5.3,250,98,200
102,백령도,2016-07-03 04:00,20.6,,6.1,270,99,70
102,백령도,2016-07-03 05:00,20.2,,4.4,270,99,70
102,백령도,2016-07-03 06:00,20.9,,3.3,290,94,500
102,백령도,2016-07-03 07:00,21.2,,2.4,270,95,500
102,백령도,2016-07-03 08:00,22.1,,.8,290,89,500
102,백령도,2016-07-03 09:00,21.2,,1.4,140,93,500
102,백령도,2016-07-03 10:00,22.7,,2.1,180,90,800
102,백령도,2016-07-03 11:00,24.7,,1,270,78,800
102,백령도,2016-07-03 12:00,23.3,,1.8,160,88,900
102,백령도,2016-07-03 13:00,24.6,,1.3,180,86,900
102,백령도,2016-07-03 14:00,24.8,,.8,180,85,800
102,백령도,2016-07-03 15:00,26.2,,2,200,74,1100
102,백령도,2016-07-03 16:00,23.8,,1.6,70,85,1100
102,백령도,2016-07-03 17:00,26,,3.6,200,69,1300
102,백령도,2016-07-03 18:00,23,,.5,140,85,1100
102,백령도,2016-07-03 19:00,23.8,,1,230,81,1100
102,백령도,2016-07-03 20:00,21.1,,.4,0,97,400
102,백령도,2016-07-03 21:00,20.5,,3,180,98,600
102,백령도,2016-07-03 22:00,19.2,,1.4,110,86,600
102,백령도,2016-07-03 23:00,20.6,,1.5,160,97,600
102,백령도,2016-07-04 00:00,20.5,,1.1,50,93,800
102,백령도,2016-07-04 01:00,20.2,,1.6,70,98,600
102,백령도,2016-07-04 02:00,19.4,,2.2,50,98,400
102,백령도,2016-07-04 03:00,19.4,,2.3,50,98,400
102,백령도,2016-07-04 04:00,18.4,,2.6,70,98,200
102,백령도,2016-07-04 05:00,18.9,,3.2,50,97,300
102,백령도,2016-07-04 06:00,18.7,,2.8,70,98,200
102,백령도,2016-07-04 07:00,20.3,,3.4,50,97,400
102,백령도,2016-07-04 08:00,22.6,,3.5,70,90,600
102,백령도,2016-07-04 09:00,23.2,,2.8,70,83,500
102,백령도,2016-07-04 10:00,24.2,,2.5,70,79,600
102,백령도,2016-07-04 11:00,24.3,,2.5,70,81,600
102,백령도,2016-07-04 12:00,23.5,,.9,90,80,900
102,백령도,2016-07-04 13:00,23.2,,.2,0,83,1000
102,백령도,2016-07-04 14:00,23.4,,.5,20,85,900
102,백령도,2016-07-04 15:00,23.6,,1.4,200,85,800
102,백령도,2016-07-04 16:00,22.2,,3.1,140,89,800
102,백령도,2016-07-04 17:00,21.1,,4.2,90,97,800
102,백령도,2016-07-04 18:00,20.8,0,5.3,90,98,800
102,백령도,2016-07-04 19:00,20.1,0,3.9,50,99,150
102,백령도,2016-07-04 20:00,20.3,.6,6.1,70,99,470
102,백령도,2016-07-04 21:00,20.2,.4,7.1,70,98,1200
102,백령도,2016-07-04 22:00,19.6,1.4,6.8,70,99,300
102,백령도,2016-07-04 23:00,19.4,3.2,7.1,70,99,30
102,백령도,2016-07-05 00:00,19.5,3.7,7.9,70,99,150
102,백령도,2016-07-05 01:00,18.4,2.4,5.7,50,99,10
102,백령도,2016-07-05 02:00,19.2,8.3,5.1,50,99,10
102,백령도,2016-07-05 03:00,18.1,3.6,4.6,50,99,30
102,백령도,2016-07-05 04:00,18.2,1.4,5.1,70,99,40
102,백령도,2016-07-05 05:00,18.1,.4,3.9,50,99,300
102,백령도,2016-07-05 06:00,18,.3,3.2,70,99,200
102,백령도,2016-07-05 07:00,18.6,.7,2.5,50,99,400
102,백령도,2016-07-05 08:00,18.1,.4,.7,340,99,10
102,백령도,2016-07-05 09:00,18.3,,1.5,20,99,60
102,백령도,2016-07-05 10:00,21.1,,0,0,99,1200
102,백령도,2016-07-05 11:00,20.8,,4.3,230,99,1200
102,백령도,2016-07-05 12:00,18.7,,5.7,200,98,150
102,백령도,2016-07-05 13:00,18.9,,4.9,230,99,800
102,백령도,2016-07-05 14:00,18.6,,4.4,250,99,800
102,백령도,2016-07-05 15:00,19.3,,3.2,200,98,800
102,백령도,2016-07-05 16:00,19.6,,5.7,200,97,2000
102,백령도,2016-07-05 17:00,18.8,,6.6,230,97,2000
102,백령도,2016-07-05 18:00,19.1,,7.4,230,97,2000
102,백령도,2016-07-05 19:00,18,,9.8,270,98,2000
102,백령도,2016-07-05 20:00,17.5,,7.5,290,99,800
102,백령도,2016-07-05 21:00,17.2,,5.8,290,99,30
102,백령도,2016-07-05 22:00,17.1,,6.1,290,99,20
102,백령도,2016-07-05 23:00,17.2,,7.4,290,99,20
102,백령도,2016-07-06 00:00,17,,4.8,290,99,10
102,백령도,2016-07-06 01:00,17.1,,3.5,290,99,20
102,백령도,2016-07-06 02:00,17.1,,3.7,290,99,20
102,백령도,2016-07-06 03:00,16.7,,4.8,290,99,20
102,백령도,2016-07-06 04:00,16.7,,3.9,290,99,10
102,백령도,2016-07-06 05:00,16.5,,2.6,290,99,20
102,백령도,2016-07-06 06:00,16.3,,.3,0,99,20
102,백령도,2016-07-06 07:00,16.3,,0,0,99,30
102,백령도,2016-07-06 08:00,16.5,,0,0,99,20
102,백령도,2016-07-06 09:00,16.9,,2.1,290,99,600
102,백령도,2016-07-06 10:00,17.3,,2,290,99,250
102,백령도,2016-07-06 11:00,18.2,,1.9,290,99,1200
102,백령도,2016-07-06 12:00,20.9,,1,20,92,1500
102,백령도,2016-07-06 13:00,20.5,,1.1,360,90,2500
102,백령도,2016-07-06 14:00,20.2,,2.3,290,93,2500
102,백령도,2016-07-06 15:00,20.1,,1.2,290,95,1800
102,백령도,2016-07-06 16:00,20.3,,2.4,270,92,2500
102,백령도,2016-07-06 17:00,20.6,,1.7,290,88,2500
102,백령도,2016-07-06 18:00,20,,1.1,290,91,2500
102,백령도,2016-07-06 19:00,18.5,,1,340,97,1400
102,백령도,2016-07-06 20:00,18.8,,1.8,340,95,2000
102,백령도,2016-07-06 21:00,18.3,,1.9,340,97,2000
102,백령도,2016-07-06 22:00,18,,1.6,20,97,2000
102,백령도,2016-07-06 23:00,19.4,,.8,360,92,2000
102,백령도,2016-07-07 00:00,17.9,,1.2,180,97,2000
102,백령도,2016-07-07 01:00,18.8,,1.1,90,93,2000
102,백령도,2016-07-07 02:00,19.1,,1.6,180,94,2000
102,백령도,2016-07-07 03:00,18.9,,2.3,160,96,2000
102,백령도,2016-07-07 04:00,18,,2.6,140,98,2000
102,백령도,2016-07-07 05:00,18.8,,2.2,140,96,2000
102,백령도,2016-07-07 06:00,19.1,,1.8,160,96,2000
102,백령도,2016-07-07 07:00,18.7,,2.1,200,97,2000
102,백령도,2016-07-07 08:00,19.8,,1,70,97,1900
102,백령도,2016-07-07 09:00,20.2,,3.2,70,93,2200
102,백령도,2016-07-07 10:00,21.9,,2.4,70,89,2500
102,백령도,2016-07-07 11:00,22.7,,2.3,70,85,2500
102,백령도,2016-07-07 12:00,24.1,,1.5,140,81,2500
102,백령도,2016-07-07 13:00,23,,5.1,200,86,2500
102,백령도,2016-07-07 14:00,22.4,,1.8,160,78,2500
102,백령도,2016-07-07 15:00,20.7,,3,70,92,2000
102,백령도,2016-07-07 16:00,24.4,,.6,180,78,2200
102,백령도,2016-07-07 17:00,24.5,,1.8,200,79,2500
102,백령도,2016-07-07 18:00,23.5,,3,200,80,2200
102,백령도,2016-07-07 19:00,21.6,,2.1,180,88,2000
102,백령도,2016-07-07 20:00,21,,2.7,200,95,2000
102,백령도,2016-07-07 21:00,21.2,,1.3,230,97,2000
102,백령도,2016-07-07 22:00,21.2,,1.2,160,94,2000
102,백령도,2016-07-07 23:00,20.9,,1.9,180,96,2000
102,백령도,2016-07-08 00:00,20.8,,2.3,160,98,2000
102,백령도,2016-07-08 01:00,21,,2.5,180,96,2000
102,백령도,2016-07-08 02:00,22.1,,2.2,160,81,1900
102,백령도,2016-07-08 03:00,20.6,,1.3,160,95,1900
102,백령도,2016-07-08 04:00,20.1,,1.6,50,99,1200
102,백령도,2016-07-08 05:00,20.3,,1.9,50,99,1200
102,백령도,2016-07-08 06:00,21.6,,1.6,70,81,2000
102,백령도,2016-07-08 07:00,22,,1.4,70,75,2000
102,백령도,2016-07-08 08:00,22.4,,1.4,70,78,2000
102,백령도,2016-07-08 09:00,23,,.7,290,78,2000
102,백령도,2016-07-08 10:00,24.3,,.5,340,71,1800
102,백령도,2016-07-08 11:00,24.5,,.9,250,78,1800
102,백령도,2016-07-08 12:00,24.2,,1.9,290,81,1800
102,백령도,2016-07-08 13:00,24.5,,2.9,290,76,1600
102,백령도,2016-07-08 14:00,24.9,,2.6,290,75,1600
102,백령도,2016-07-08 15:00,25.4,,2.6,290,79,1600
102,백령도,2016-07-08 16:00,24.5,,1.3,340,85,1600
102,백령도,2016-07-08 17:00,24.4,,1.8,340,85,2000
102,백령도,2016-07-08 18:00,24.1,,2,340,86,2000
102,백령도,2016-07-08 19:00,22.2,,2.9,360,94,2000
102,백령도,2016-07-08 20:00,22,,2.8,360,90,2000
102,백령도,2016-07-08 21:00,22.6,,2.7,360,87,2000
102,백령도,2016-07-08 22:00,22.6,,2.9,360,84,2000
102,백령도,2016-07-08 23:00,24,,2.2,360,81,2000
102,백령도,2016-07-09 00:00,23.4,,2.6,50,82,2000
102,백령도,2016-07-09 01:00,23.5,,2.8,20,82,2000
102,백령도,2016-07-09 02:00,24.1,,2.6,360,80,2000
102,백령도,2016-07-09 03:00,23.5,,2.1,360,81,2000
102,백령도,2016-07-09 04:00,22.9,,2.9,20,86,2000
102,백령도,2016-07-09 05:00,22,,2.7,20,90,2000
102,백령도,2016-07-09 06:00,22.5,,2.1,360,89,2300
102,백령도,2016-07-09 07:00,21.5,,3.6,360,96,2000
102,백령도,2016-07-09 08:00,21.5,,2,360,94,2000
102,백령도,2016-07-09 09:00,22.1,,2.1,20,92,2000
102,백령도,2016-07-09 10:00,19.4,,3.1,340,97,150
102,백령도,2016-07-09 11:00,20.9,,2.6,360,95,150
102,백령도,2016-07-09 12:00,21.1,,3,360,97,500
102,백령도,2016-07-09 13:00,20.8,,3,340,95,800
102,백령도,2016-07-09 14:00,21.7,,2.7,340,93,500
102,백령도,2016-07-09 15:00,20.9,,3,360,96,500
102,백령도,2016-07-09 16:00,22.3,,2.2,360,90,500
102,백령도,2016-07-09 17:00,21.2,,2.4,340,97,500
102,백령도,2016-07-09 18:00,19.1,,2.1,290,98,150
102,백령도,2016-07-09 19:00,19.6,,1.6,340,99,500
102,백령도,2016-07-09 20:00,21.4,,3.6,360,95,2000
102,백령도,2016-07-09 21:00,21,,3.1,360,98,2000
102,백령도,2016-07-09 22:00,20.9,,2.1,340,97,2000
102,백령도,2016-07-09 23:00,19.3,,1.8,270,99,290
102,백령도,2016-07-10 00:00,20.5,,1.6,320,99,900
102,백령도,2016-07-10 01:00,20.4,,2.3,360,99,100
102,백령도,2016-07-10 02:00,20.2,,2.2,360,99,10
102,백령도,2016-07-10 03:00,20.5,,2.4,360,99,7
102,백령도,2016-07-10 04:00,20.5,,2.7,340,99,30
102,백령도,2016-07-10 05:00,20.6,,1.8,360,99,15
102,백령도,2016-07-10 06:00,20,,2.9,50,99,600
102,백령도,2016-07-10 07:00,21.2,,2.6,20,99,2000
102,백령도,2016-07-10 08:00,23,,2.4,50,96,1800
102,백령도,2016-07-10 09:00,23.1,,1.9,70,88,1900
102,백령도,2016-07-10 10:00,23.8,,1.8,70,91,1400
102,백령도,2016-07-10 11:00,25.1,,2.5,70,85,1500
102,백령도,2016-07-10 12:00,25.1,,1.1,50,84,1900
102,백령도,2016-07-10 13:00,25.1,,1.6,320,81,2000
102,백령도,2016-07-10 14:00,25,,1.9,340,77,1200
102,백령도,2016-07-10 15:00,24.9,,2.2,290,83,1200
102,백령도,2016-07-10 16:00,24.8,,2.3,290,82,1200
102,백령도,2016-07-10 17:00,25,,2.4,290,83,1200
102,백령도,2016-07-10 18:00,23.3,,1.8,290,88,1200
102,백령도,2016-07-10 19:00,23.1,,2.2,290,83,2000
102,백령도,2016-07-10 20:00,22.7,,3,340,80,2000
102,백령도,2016-07-10 21:00,23.4,,3.4,360,74,2000
102,백령도,2016-07-10 22:00,22.4,,2.9,20,83,2000
102,백령도,2016-07-10 23:00,23.3,,2,320,88,2000
102,백령도,2016-07-11 00:00,23.7,,2.6,360,88,2000
102,백령도,2016-07-11 01:00,23,,1.7,50,89,1900
102,백령도,2016-07-11 02:00,23.2,,2.8,70,90,1900
102,백령도,2016-07-11 03:00,23.1,,1.6,50,90,2000
102,백령도,2016-07-11 04:00,23.9,,.2,0,87,1800
102,백령도,2016-07-11 05:00,23.2,,1.3,250,89,1700
102,백령도,2016-07-11 06:00,21.8,,2.2,270,96,1300
102,백령도,2016-07-11 07:00,22,,.9,290,96,1500
102,백령도,2016-07-11 08:00,22.6,,1.7,320,94,1800
102,백령도,2016-07-11 09:00,25.6,,1.3,90,85,1800
102,백령도,2016-07-11 10:00,24.3,,.8,90,86,1600
102,백령도,2016-07-11 11:00,25,,2.7,70,86,1100
102,백령도,2016-07-11 12:00,26,,.8,70,80,1000
102,백령도,2016-07-11 13:00,26.8,,1.6,290,76,1200
102,백령도,2016-07-11 14:00,27.5,,1.6,90,71,1300
102,백령도,2016-07-11 15:00,26.9,,1.8,200,76,1100
102,백령도,2016-07-11 16:00,25,,2.8,200,83,900
102,백령도,2016-07-11 17:00,24.1,,2.9,270,93,1500
102,백령도,2016-07-11 18:00,24.2,,1.6,250,92,2000
102,백령도,2016-07-11 19:00,23.5,,1.7,290,93,1900
102,백령도,2016-07-11 20:00,23.4,,.9,290,95,1000
102,백령도,2016-07-11 21:00,23.1,,1.3,360,93,1100
102,백령도,2016-07-11 22:00,22.5,,1.2,50,97,900
102,백령도,2016-07-11 23:00,23,,.1,0,96,900
102,백령도,2016-07-12 00:00,22.3,,2.4,250,97,800
102,백령도,2016-07-12 01:00,22.2,,2.9,270,97,600
102,백령도,2016-07-12 02:00,22.3,,1.8,230,99,300
102,백령도,2016-07-12 03:00,22.2,,3.6,230,99,600
102,백령도,2016-07-12 04:00,22.2,,2.3,200,99,80
102,백령도,2016-07-12 05:00,22.7,,.5,230,99,80
102,백령도,2016-07-12 06:00,21.8,,1.9,180,99,30
102,백령도,2016-07-12 07:00,21.5,,2.8,160,99,60
102,백령도,2016-07-12 08:00,22.3,,1.5,90,99,150
102,백령도,2016-07-12 09:00,23.2,,1.2,160,98,300
102,백령도,2016-07-12 10:00,24.1,,2.9,140,97,300
102,백령도,2016-07-12 11:00,25.9,,2.4,180,88,1500
102,백령도,2016-07-12 12:00,24.6,,2.3,110,92,1800
102,백령도,2016-07-12 13:00,27,,2.7,230,80,1600
102,백령도,2016-07-12 14:00,27.6,,3.2,230,76,1800
102,백령도,2016-07-12 15:00,26.9,,4.1,230,84,1800
102,백령도,2016-07-12 16:00,25.9,,3.5,230,90,1800
102,백령도,2016-07-12 17:00,27.9,,3.3,200,84,2000
102,백령도,2016-07-12 18:00,27.6,,2.3,230,81,2000
102,백령도,2016-07-12 19:00,26.3,,2.3,200,85,2000
102,백령도,2016-07-12 20:00,24.2,,1.5,230,95,2000
102,백령도,2016-07-12 21:00,23.5,,1.3,270,97,2000
102,백령도,2016-07-12 22:00,23.2,,1.3,200,98,1100
102,백령도,2016-07-12 23:00,23.2,,2.7,180,99,1000
102,백령도,2016-07-13 00:00,22.7,,1.3,160,99,500
102,백령도,2016-07-13 01:00,22.8,,.8,160,99,450
102,백령도,2016-07-13 02:00,22.9,,2.6,250,99,450
102,백령도,2016-07-13 03:00,23,,0,0,99,700
102,백령도,2016-07-13 04:00,22.6,,0,0,99,60
102,백령도,2016-07-13 05:00,22.7,,1,290,99,15
102,백령도,2016-07-13 06:00,22.6,,1.7,270,99,15
102,백령도,2016-07-13 07:00,22.8,,1.5,290,99,30
102,백령도,2016-07-13 08:00,22.9,0,1.4,290,99,60
102,백령도,2016-07-13 09:00,23.1,.4,.2,0,99,150
102,백령도,2016-07-13 10:00,23.6,0,2,270,99,300
102,백령도,2016-07-13 11:00,24,,2.7,290,99,300
102,백령도,2016-07-13 12:00,24.8,,2.7,270,98,300
102,백령도,2016-07-13 13:00,25.3,,3.2,270,96,300
102,백령도,2016-07-13 14:00,25.5,,3.2,290,97,600
102,백령도,2016-07-13 15:00,25.9,,4,290,96,800
102,백령도,2016-07-13 16:00,25.1,,4.2,290,97,1200
102,백령도,2016-07-13 17:00,25.6,,3.9,290,97,1200
102,백령도,2016-07-13 18:00,25.2,,3.9,290,98,1200
102,백령도,2016-07-13 19:00,22.6,,2.4,360,99,300
102,백령도,2016-07-13 20:00,21.5,,2,340,99,15
102,백령도,2016-07-13 21:00,21.1,,1.9,360,99,15
102,백령도,2016-07-13 22:00,21,,3,360,99,500
102,백령도,2016-07-13 23:00,21.2,,2.4,320,98,500
102,백령도,2016-07-14 00:00,21.1,,4,290,98,700
102,백령도,2016-07-14 01:00,20.6,,2.2,360,98,1300
102,백령도,2016-07-14 02:00,20.8,,2,20,91,2000
102,백령도,2016-07-14 03:00,20.1,,3.4,290,88,2000
102,백령도,2016-07-14 04:00,20.7,,3.6,320,93,2000
102,백령도,2016-07-14 05:00,20.7,,4,320,93,2000
102,백령도,2016-07-14 06:00,19.5,,2.8,340,92,2000
102,백령도,2016-07-14 07:00,20.1,,2,360,86,2500
102,백령도,2016-07-14 08:00,20.4,,1.7,340,86,2500
102,백령도,2016-07-14 09:00,20.3,,2.1,320,85,2200
102,백령도,2016-07-14 10:00,20.7,,2.6,320,85,2000
102,백령도,2016-07-14 11:00,21.2,,3.1,320,83,2000
102,백령도,2016-07-14 12:00,22.1,,3.3,50,80,2000
102,백령도,2016-07-14 13:00,22.7,,2.6,20,79,2000
102,백령도,2016-07-14 14:00,23.3,,2.1,340,76,2000
102,백령도,2016-07-14 15:00,23.9,,3.1,20,76,2000
102,백령도,2016-07-14 16:00,24.8,,2,360,72,2300
102,백령도,2016-07-14 17:00,23.1,,2.4,340,76,2300
102,백령도,2016-07-14 18:00,23.8,,2.2,320,75,2300
102,백령도,2016-07-14 19:00,23.5,,3.1,360,75,2000
102,백령도,2016-07-14 20:00,25.8,,2.4,360,61,2000
102,백령도,2016-07-14 21:00,25.3,,2.2,20,62,2000
102,백령도,2016-07-14 22:00,25.4,,2.8,50,61,2000
102,백령도,2016-07-14 23:00,25.5,,3,50,61,2000
102,백령도,2016-07-15 00:00,26.6,,2.5,70,58,2000
102,백령도,2016-07-15 01:00,26,,2.4,70,59,2000
102,백령도,2016-07-15 02:00,25.2,,3.2,110,66,2000
102,백령도,2016-07-15 03:00,24.9,,2.2,180,70,2000
102,백령도,2016-07-15 04:00,24,,2.8,200,70,2000
102,백령도,2016-07-15 05:00,24.4,,2.2,160,70,2000
102,백령도,2016-07-15 06:00,23.1,,4.2,110,77,2000
102,백령도,2016-07-15 07:00,22.6,,6.3,90,89,2000
102,백령도,2016-07-15 08:00,23.6,,8.3,110,79,2000
102,백령도,2016-07-15 09:00,23.6,,8.7,110,78,2000
102,백령도,2016-07-15 10:00,23.2,,8.7,110,82,2000
102,백령도,2016-07-15 11:00,23.1,,7.4,110,78,2000
102,백령도,2016-07-15 12:00,23.1,,6.5,110,79,2000
102,백령도,2016-07-15 13:00,23.1,,5.4,110,82,2000
102,백령도,2016-07-15 14:00,23.2,,4.4,140,84,2000
102,백령도,2016-07-15 15:00,22.8,0,4.9,110,86,2000
102,백령도,2016-07-15 16:00,21.3,0,4.8,110,97,1200
102,백령도,2016-07-15 17:00,21.1,.3,6.7,90,94,1800
102,백령도,2016-07-15 18:00,20,1.2,5.2,90,98,500
102,백령도,2016-07-15 19:00,19.9,3.1,5.8,110,98,300
102,백령도,2016-07-15 20:00,19.8,3,4.3,70,99,500
102,백령도,2016-07-15 21:00,19.3,.1,4.2,50,99,30
102,백령도,2016-07-15 22:00,19.2,.2,2.9,50,99,1100
102,백령도,2016-07-15 23:00,19.6,2.2,4.7,70,99,800
102,백령도,2016-07-16 00:00,20.1,2.9,7,70,99,450
102,백령도,2016-07-16 01:00,20.1,4.5,6,50,99,10
102,백령도,2016-07-16 02:00,20.4,11.4,6,90,99,30
102,백령도,2016-07-16 03:00,20.1,10,9.4,70,99,20
102,백령도,2016-07-16 04:00,19.4,9.3,6.8,70,99,70
102,백령도,2016-07-16 05:00,18.8,10.8,9.2,70,99,40
102,백령도,2016-07-16 06:00,18.7,3.5,10.2,70,99,30
102,백령도,2016-07-16 07:00,18.7,1,10.2,70,99,40
102,백령도,2016-07-16 08:00,18.4,.6,10.5,70,99,150
102,백령도,2016-07-16 09:00,18.5,.2,10.9,70,99,700
102,백령도,2016-07-16 10:00,18.6,.1,10.7,70,99,600
102,백령도,2016-07-16 11:00,18.9,0,10.2,70,99,800
102,백령도,2016-07-16 12:00,19.1,0,10.7,70,99,800
102,백령도,2016-07-16 13:00,20,0,8.5,50,99,1200
102,백령도,2016-07-16 14:00,19.1,0,6,50,99,1200
102,백령도,2016-07-16 15:00,18.4,0,4.9,50,99,60
102,백령도,2016-07-16 16:00,18,.5,2.8,20,99,60
102,백령도,2016-07-16 17:00,17.9,.3,2.4,360,99,60
102,백령도,2016-07-16 18:00,17.5,.2,3.3,360,99,60
102,백령도,2016-07-16 19:00,17.6,.2,2.2,20,99,12
102,백령도,2016-07-16 20:00,17.6,.1,2.3,20,99,12
102,백령도,2016-07-16 21:00,17.7,0,2.2,50,99,12
102,백령도,2016-07-16 22:00,18,0,3.6,50,99,20
102,백령도,2016-07-16 23:00,17.9,,2.8,360,99,30
102,백령도,2016-07-17 00:00,18.2,,1.9,20,99,90
102,백령도,2016-07-17 01:00,17.6,,3,360,99,10
102,백령도,2016-07-17 02:00,17.6,,1.6,340,99,10
102,백령도,2016-07-17 03:00,17.4,,1.4,320,99,10
102,백령도,2016-07-17 04:00,17.3,,2.1,290,99,10
102,백령도,2016-07-17 05:00,17.2,,1.6,320,99,10
102,백령도,2016-07-17 06:00,17.3,,.7,340,99,10
102,백령도,2016-07-17 07:00,17.3,,1.3,290,99,10
102,백령도,2016-07-17 08:00,17.5,,1.8,320,99,15
102,백령도,2016-07-17 09:00,17.8,,1.3,320,99,15
102,백령도,2016-07-17 10:00,18.5,,1.5,320,99,1500
102,백령도,2016-07-17 11:00,18.5,,2.7,320,99,700
102,백령도,2016-07-17 12:00,20.2,,2.4,320,99,2500
102,백령도,2016-07-17 13:00,21,,2.2,50,92,3000
102,백령도,2016-07-17 14:00,20.8,,4.1,290,93,3000
102,백령도,2016-07-17 15:00,21.5,,2.9,290,87,3000
102,백령도,2016-07-17 16:00,22.6,,2.1,290,81,3000
102,백령도,2016-07-17 17:00,22.5,,2.7,270,79,3000
102,백령도,2016-07-17 18:00,22.8,,2.1,290,77,3000
102,백령도,2016-07-17 19:00,21.7,,2,290,82,2000
102,백령도,2016-07-17 20:00,20.1,,3,270,93,2000
102,백령도,2016-07-17 21:00,20,,3.2,270,93,3000
102,백령도,2016-07-17 22:00,20.4,,4.5,270,92,2000
102,백령도,2016-07-17 23:00,20.3,,3.6,270,97,2000
102,백령도,2016-07-18 00:00,20,,3.1,270,98,3000
102,백령도,2016-07-18 01:00,20.5,,3.7,270,98,2000
102,백령도,2016-07-18 02:00,20.8,,4.5,250,99,1900
102,백령도,2016-07-18 03:00,20.6,,2.3,250,99,1200
102,백령도,2016-07-18 04:00,20.5,,2.5,230,99,800
102,백령도,2016-07-18 05:00,20.8,,1.8,270,99,1200
102,백령도,2016-07-18 06:00,20.9,,0,0,99,1200
102,백령도,2016-07-18 07:00,20.9,,0,0,99,1100
102,백령도,2016-07-18 08:00,22.4,,1,180,97,1200
102,백령도,2016-07-18 09:00,22.9,,1.8,160,95,2000
102,백령도,2016-07-18 10:00,24,,1.4,230,92,2000
102,백령도,2016-07-18 11:00,22.8,,.9,290,96,2000
102,백령도,2016-07-18 12:00,23.7,,2.5,200,90,2000
102,백령도,2016-07-18 13:00,24.7,,2.2,270,82,2000
102,백령도,2016-07-18 14:00,25.1,,3.6,250,85,2500
102,백령도,2016-07-18 15:00,25.1,,4.8,230,88,2500
102,백령도,2016-07-18 16:00,24.9,,5.1,200,84,2500
102,백령도,2016-07-18 17:00,25,,3.7,230,84,2500
102,백령도,2016-07-18 18:00,24.6,,2.6,230,82,2500
102,백령도,2016-07-18 19:00,23.7,,.7,270,83,2000
102,백령도,2016-07-18 20:00,21.5,,1.4,230,97,2000
102,백령도,2016-07-18 21:00,22.9,,1.4,90,71,2500
102,백령도,2016-07-18 22:00,22.5,,.1,0,83,2000
102,백령도,2016-07-18 23:00,22.7,,.1,0,74,2000
102,백령도,2016-07-19 00:00,22.6,,1,110,75,2500
102,백령도,2016-07-19 01:00,21.1,,2.4,70,90,2000
102,백령도,2016-07-19 02:00,20.9,,3.2,50,90,2000
102,백령도,2016-07-19 03:00,21,,1.7,160,87,2000
102,백령도,2016-07-19 04:00,21.2,,2.5,70,90,2000
102,백령도,2016-07-19 05:00,21.9,,1.8,110,89,2000
102,백령도,2016-07-19 06:00,20.6,,3.4,90,98,1500
102,백령도,2016-07-19 07:00,21.4,,3.2,90,97,1700
102,백령도,2016-07-19 08:00,22.2,,2.8,90,95,1600
102,백령도,2016-07-19 09:00,23.2,,4,70,92,1500
102,백령도,2016-07-19 10:00,24.4,,3.8,90,89,1500
102,백령도,2016-07-19 11:00,24.4,,5,90,90,1200
102,백령도,2016-07-19 12:00,26.3,,3.7,140,78,1500
102,백령도,2016-07-19 13:00,27,,2.8,140,75,1500
102,백령도,2016-07-19 14:00,26.6,,3.1,140,73,1500
102,백령도,2016-07-19 15:00,25.3,,2.3,90,78,1500
102,백령도,2016-07-19 16:00,24.6,,1.2,110,85,1700
102,백령도,2016-07-19 17:00,26,,1.9,290,80,1700
102,백령도,2016-07-19 18:00,26.8,,1.2,250,74,1500
102,백령도,2016-07-19 19:00,23.7,,.1,0,85,1600
102,백령도,2016-07-19 20:00,22.7,,2.7,50,88,1500
102,백령도,2016-07-19 21:00,22.8,,2.4,70,85,1100
102,백령도,2016-07-19 22:00,23.8,,3.6,90,78,1500
102,백령도,2016-07-19 23:00,23.4,,3.6,140,82,1100
102,백령도,2016-07-20 00:00,23.2,,3.1,140,84,1100
102,백령도,2016-07-20 01:00,23.2,,3.4,160,83,1100
102,백령도,2016-07-20 02:00,22,,3.9,110,91,700
102,백령도,2016-07-20 03:00,21.7,,4.6,110,97,500
102,백령도,2016-07-20 04:00,22.1,,4.5,110,93,600
102,백령도,2016-07-20 05:00,22.3,,4.7,90,90,700
102,백령도,2016-07-20 06:00,21.9,,5.7,90,95,600
102,백령도,2016-07-20 07:00,22.4,,5.4,90,93,600
102,백령도,2016-07-20 08:00,23.5,,4.2,90,92,700
102,백령도,2016-07-20 09:00,25.2,,4.4,110,80,1300
102,백령도,2016-07-20 10:00,25.9,,4.8,110,82,1100
102,백령도,2016-07-20 11:00,26,,7.1,90,85,1000
102,백령도,2016-07-20 12:00,26.1,,5.5,110,83,1200
102,백령도,2016-07-20 13:00,25.6,,5,110,86,1000
102,백령도,2016-07-20 14:00,27,,6.8,110,75,1300
102,백령도,2016-07-20 15:00,26.8,,6,110,76,1300
102,백령도,2016-07-20 16:00,26.4,,5.9,110,78,1000
102,백령도,2016-07-20 17:00,25.8,,5.5,110,81,1000
102,백령도,2016-07-20 18:00,25.4,,4.9,110,78,1500
102,백령도,2016-07-20 19:00,24.8,,4.5,110,84,1100
102,백령도,2016-07-20 20:00,24.5,,4.3,140,86,1200
102,백령도,2016-07-20 21:00,24.7,,5,140,83,1200
102,백령도,2016-07-20 22:00,23.5,,4.9,110,89,1200
102,백령도,2016-07-20 23:00,23.5,,5,110,88,1100
102,백령도,2016-07-21 00:00,23,,2.9,90,84,1200
102,백령도,2016-07-21 01:00,24.2,,4.5,110,82,1500
102,백령도,2016-07-21 02:00,24.3,,6.1,110,82,1800
102,백령도,2016-07-21 03:00,23.8,,5.3,140,85,1500
102,백령도,2016-07-21 04:00,23.6,,5.7,140,87,1700
102,백령도,2016-07-21 05:00,23.8,,6.6,110,89,1300
102,백령도,2016-07-21 06:00,23.2,,5,140,92,1200
102,백령도,2016-07-21 07:00,23.4,0,5.4,140,90,1300
102,백령도,2016-07-21 08:00,24.3,,5.7,110,90,1200
102,백령도,2016-07-21 09:00,23.6,,6.6,140,93,1600
102,백령도,2016-07-21 10:00,23.6,,7,110,95,1500
102,백령도,2016-07-21 11:00,23.2,,7.1,110,97,900
102,백령도,2016-07-21 12:00,24.9,,7.9,110,91,900
102,백령도,2016-07-21 13:00,24.5,,7.9,110,89,900
102,백령도,2016-07-21 14:00,25.5,,7.6,140,84,900
102,백령도,2016-07-21 15:00,24.9,,5.5,160,86,900
102,백령도,2016-07-21 16:00,25,,5.3,140,86,900
102,백령도,2016-07-21 17:00,24.9,,4.9,140,86,1500
102,백령도,2016-07-21 18:00,24.9,,4.7,140,86,1500
102,백령도,2016-07-21 19:00,24.8,,8.8,160,87,1800
102,백령도,2016-07-21 20:00,24.4,,9.2,160,89,1800
102,백령도,2016-07-21 21:00,24.3,,5.7,160,91,1700
102,백령도,2016-07-21 22:00,24.2,,6.6,160,94,1500
102,백령도,2016-07-21 23:00,24.9,,9,160,92,2000
102,백령도,2016-07-22 00:00,24.8,,6.6,160,94,2000
102,백령도,2016-07-22 01:00,24.4,,8,160,96,2000
102,백령도,2016-07-22 02:00,24.1,,9.3,160,97,1600
102,백령도,2016-07-22 03:00,23.8,,8.5,160,97,1800
102,백령도,2016-07-22 04:00,22.7,,4.5,140,98,1400
102,백령도,2016-07-22 05:00,22.3,,4.7,110,98,1200
102,백령도,2016-07-22 06:00,22.3,,4.7,140,98,1300
102,백령도,2016-07-22 07:00,22.4,,5.5,140,98,1300
102,백령도,2016-07-22 08:00,22.8,,5.5,140,97,1600
102,백령도,2016-07-22 09:00,23.1,,5.2,140,97,1300
102,백령도,2016-07-22 10:00,23.6,,6.3,140,97,1400
102,백령도,2016-07-22 11:00,23.8,,5.3,160,95,1400
102,백령도,2016-07-22 12:00,24.3,,9,160,97,1400
102,백령도,2016-07-22 13:00,24.8,,10.4,160,96,1500
102,백령도,2016-07-22 14:00,24.9,,9.3,160,95,1400
102,백령도,2016-07-22 15:00,24.9,,7.5,180,95,1500
102,백령도,2016-07-22 16:00,25.3,,4.7,180,95,1400
102,백령도,2016-07-22 17:00,24.1,,5.1,160,97,1200
102,백령도,2016-07-22 18:00,23.9,,7.4,160,98,1200
102,백령도,2016-07-22 19:00,23.8,,7,160,98,900
102,백령도,2016-07-22 20:00,23.5,,8.7,160,99,600
102,백령도,2016-07-22 21:00,23.4,,8,160,99,150
102,백령도,2016-07-22 22:00,23.3,,4.5,180,99,10
102,백령도,2016-07-22 23:00,23.4,,3.8,180,99,9
102,백령도,2016-07-23 00:00,23.4,,4.4,230,99,10
102,백령도,2016-07-23 01:00,23.4,,3.9,200,99,7
102,백령도,2016-07-23 02:00,23.4,,4.3,230,99,7
102,백령도,2016-07-23 03:00,23.2,,4.2,230,99,7
102,백령도,2016-07-23 04:00,23.2,0,4.5,230,99,7
102,백령도,2016-07-23 05:00,23,0,5.7,230,99,10
102,백령도,2016-07-23 06:00,23.3,0,5.1,230,99,7
102,백령도,2016-07-23 07:00,23.3,0,3.8,200,99,90
102,백령도,2016-07-23 08:00,23.3,,4.6,180,99,300
102,백령도,2016-07-23 09:00,23.3,,3.2,180,99,200
102,백령도,2016-07-23 10:00,23.4,,4.4,230,99,300
102,백령도,2016-07-23 11:00,23.7,0,5.3,200,99,170
102,백령도,2016-07-23 12:00,23.5,0,5.9,230,99,30
102,백령도,2016-07-23 13:00,23.6,,4.7,230,99,15
102,백령도,2016-07-23 14:00,23.7,,5.1,230,99,30
102,백령도,2016-07-23 15:00,23.5,,4.7,230,99,15
102,백령도,2016-07-23 16:00,23.5,,2.7,200,99,15
102,백령도,2016-07-23 17:00,23.7,,4.2,200,99,8
102,백령도,2016-07-23 18:00,23.8,,3.2,180,99,8
102,백령도,2016-07-23 19:00,23.8,,5.2,200,99,8
102,백령도,2016-07-23 20:00,23.8,0,6.8,200,99,7
102,백령도,2016-07-23 21:00,24,0,4.9,200,99,7
102,백령도,2016-07-23 22:00,24,0,4.9,230,99,7
102,백령도,2016-07-23 23:00,24,0,3.2,200,99,6
102,백령도,2016-07-24 00:00,24,0,3.3,200,99,6
102,백령도,2016-07-24 01:00,23.9,0,5,200,99,7
102,백령도,2016-07-24 02:00,24.1,0,3.7,230,99,6
102,백령도,2016-07-24 03:00,23.9,0,6.1,200,99,6
102,백령도,2016-07-24 04:00,23.8,0,6.3,200,99,6
102,백령도,2016-07-24 05:00,23.6,0,6.7,200,99,6
102,백령도,2016-07-24 06:00,23.5,0,8.2,200,99,6
102,백령도,2016-07-24 07:00,23.5,0,8.9,230,99,5
102,백령도,2016-07-24 08:00,23.7,1.2,4.1,230,99,7
102,백령도,2016-07-24 09:00,24,37.8,5.2,230,99,80
102,백령도,2016-07-24 10:00,24,2.1,3.6,200,99,8
102,백령도,2016-07-24 11:00,24.4,0,3,180,99,60
102,백령도,2016-07-24 12:00,23.9,6,5.5,160,99,15
102,백령도,2016-07-24 13:00,24.2,1.7,3.5,180,99,350
102,백령도,2016-07-24 14:00,25.5,.2,3.7,180,99,1200
102,백령도,2016-07-24 15:00,26.5,,5.1,160,99,1500
102,백령도,2016-07-24 16:00,26.4,,5.7,180,97,1000
102,백령도,2016-07-24 17:00,25,,5.8,180,99,30
102,백령도,2016-07-24 18:00,24.7,,5.3,180,99,15
102,백령도,2016-07-24 19:00,24.4,,4.7,160,99,10
102,백령도,2016-07-24 20:00,24,,3.5,160,99,10
102,백령도,2016-07-24 21:00,23.9,0,4.5,160,99,10
102,백령도,2016-07-24 22:00,23.8,0,5.5,160,99,10
102,백령도,2016-07-24 23:00,23,0,3.5,110,99,10
102,백령도,2016-07-25 00:00,22.9,0,4.2,140,99,10
102,백령도,2016-07-25 01:00,22.8,,3.8,140,99,10
102,백령도,2016-07-25 02:00,22.8,,3,110,99,10
102,백령도,2016-07-25 03:00,22.4,,3.9,140,99,10
102,백령도,2016-07-25 04:00,23,0,5.5,160,99,10
102,백령도,2016-07-25 05:00,23.4,0,4.9,160,99,7
102,백령도,2016-07-25 06:00,23.1,0,4.7,160,99,7
102,백령도,2016-07-25 07:00,22.9,.5,4.8,160,99,7
102,백령도,2016-07-25 08:00,23.2,0,4.8,160,99,7
102,백령도,2016-07-25 09:00,23.3,0,5.2,160,99,8
102,백령도,2016-07-25 10:00,24,0,5,160,99,8
102,백령도,2016-07-25 11:00,24.2,,5.8,160,99,9
102,백령도,2016-07-25 12:00,24.5,,5.8,160,99,15
102,백령도,2016-07-25 13:00,24.7,,3.7,160,99,80
102,백령도,2016-07-25 14:00,24.4,,5.4,160,99,90
102,백령도,2016-07-25 15:00,24.7,,4.9,160,99,70
102,백령도,2016-07-25 16:00,24.7,,5.2,160,99,250
102,백령도,2016-07-25 17:00,24.9,,3,180,99,500
102,백령도,2016-07-25 18:00,24.5,,3.5,180,99,300
102,백령도,2016-07-25 19:00,24.2,,4.3,180,99,60
102,백령도,2016-07-25 20:00,24.1,,2.9,200,99,10
102,백령도,2016-07-25 21:00,24.1,,3.6,200,99,10
102,백령도,2016-07-25 22:00,24.4,,3.6,180,99,200
102,백령도,2016-07-25 23:00,24.3,,4.3,180,99,280
102,백령도,2016-07-26 00:00,24.1,,3.4,200,99,200
102,백령도,2016-07-26 01:00,24,,6.2,230,99,30
102,백령도,2016-07-26 02:00,24.2,,6.2,230,99,15
102,백령도,2016-07-26 03:00,24.2,,6.9,230,99,15
102,백령도,2016-07-26 04:00,23.9,,7.2,230,99,12
102,백령도,2016-07-26 05:00,24.1,,8.8,200,99,12
102,백령도,2016-07-26 06:00,24.4,,5.4,230,99,30
102,백령도,2016-07-26 07:00,24.5,,5.9,230,99,150
102,백령도,2016-07-26 08:00,24.4,,7.9,230,99,150
102,백령도,2016-07-26 09:00,24.4,.9,7.4,230,99,30
102,백령도,2016-07-26 10:00,24.5,.5,5.2,230,99,90
102,백령도,2016-07-26 11:00,24,,6.8,200,99,15
102,백령도,2016-07-26 12:00,24.8,0,3.2,230,99,300
102,백령도,2016-07-26 13:00,25.1,0,3.4,180,99,450
102,백령도,2016-07-26 14:00,24.8,,4.2,230,99,300
102,백령도,2016-07-26 15:00,24.6,0,3.2,230,99,150
102,백령도,2016-07-26 16:00,24.3,,2.3,230,99,17
102,백령도,2016-07-26 17:00,24.5,,4.8,200,99,30
102,백령도,2016-07-26 18:00,24.5,,5.6,230,99,30
102,백령도,2016-07-26 19:00,24.5,,5.1,230,99,20
102,백령도,2016-07-26 20:00,23.9,0,6.8,200,99,9
102,백령도,2016-07-26 21:00,24.4,2.2,5.5,200,99,90
102,백령도,2016-07-26 22:00,24.5,3.7,4.5,200,99,9
102,백령도,2016-07-26 23:00,24.6,2.7,2.3,200,99,30
102,백령도,2016-07-27 00:00,24.5,2,2.2,230,99,30
102,백령도,2016-07-27 01:00,24.5,1.9,3,230,99,30
102,백령도,2016-07-27 02:00,24.3,1,7.7,200,99,30
102,백령도,2016-07-27 03:00,24.2,0,7,200,99,15
102,백령도,2016-07-27 04:00,24.1,,7,200,99,15
102,백령도,2016-07-27 05:00,24.3,.1,6.9,200,99,15
102,백령도,2016-07-27 06:00,24.3,,6.4,200,99,12
102,백령도,2016-07-27 07:00,24.1,,6.6,200,99,15
102,백령도,2016-07-27 08:00,24.2,,6.3,200,99,8
102,백령도,2016-07-27 09:00,24.1,,6.3,200,99,8
102,백령도,2016-07-27 10:00,24.2,.3,4.5,200,99,8
102,백령도,2016-07-27 11:00,24.5,0,4.5,200,99,8
102,백령도,2016-07-27 12:00,24.5,0,4.8,200,99,8
102,백령도,2016-07-27 13:00,24.4,,3.6,200,99,9
102,백령도,2016-07-27 14:00,24.1,.1,3.6,230,99,9
102,백령도,2016-07-27 15:00,24.3,.2,1.5,290,99,9
102,백령도,2016-07-27 16:00,24.4,0,1.8,270,99,90
102,백령도,2016-07-27 17:00,24,,2.3,290,99,40
102,백령도,2016-07-27 18:00,23.9,,1.9,290,99,30
102,백령도,2016-07-27 19:00,23.9,,2.6,250,99,9
102,백령도,2016-07-27 20:00,23.7,,2,290,99,15
102,백령도,2016-07-27 21:00,23.6,,1.3,270,99,15
102,백령도,2016-07-27 22:00,23.3,,1.4,270,99,15
102,백령도,2016-07-27 23:00,23.1,,1.1,290,99,15
102,백령도,2016-07-28 00:00,22.9,,2.1,270,99,7
102,백령도,2016-07-28 01:00,22.6,,3.4,270,99,15
102,백령도,2016-07-28 02:00,22.1,,2.9,270,99,45
102,백령도,2016-07-28 03:00,22,,4.1,270,99,120
102,백령도,2016-07-28 04:00,22,,3.8,270,99,150
102,백령도,2016-07-28 05:00,22.1,,4,270,99,140
102,백령도,2016-07-28 06:00,22.2,,4.3,250,99,160
102,백령도,2016-07-28 07:00,22.6,,2.3,250,99,120
102,백령도,2016-07-28 08:00,22.7,,2.3,230,99,120
102,백령도,2016-07-28 09:00,23.7,,2.4,230,99,300
102,백령도,2016-07-28 10:00,24,,3.1,230,99,300
102,백령도,2016-07-28 11:00,24.8,,2.7,200,99,300
102,백령도,2016-07-28 12:00,25.1,,3.7,200,98,300
102,백령도,2016-07-28 13:00,24.8,,3.6,200,98,300
102,백령도,2016-07-28 14:00,25.1,,3.1,230,98,300
102,백령도,2016-07-28 15:00,24.5,,2.1,230,99,150
102,백령도,2016-07-28 16:00,24.2,,2.6,180,99,150
102,백령도,2016-07-28 17:00,24.9,,1.3,180,99,160
102,백령도,2016-07-28 18:00,24.6,,1.7,160,99,250
102,백령도,2016-07-28 19:00,24,,2.9,160,99,150
102,백령도,2016-07-28 20:00,24,,4.4,160,99,250
102,백령도,2016-07-28 21:00,24,,3,160,98,300
102,백령도,2016-07-28 22:00,24.6,,4.5,160,94,300
102,백령도,2016-07-28 23:00,22.9,,3.9,140,99,150
102,백령도,2016-07-29 00:00,23.4,,4.5,160,99,150
102,백령도,2016-07-29 01:00,22.5,0,4.6,160,97,300
102,백령도,2016-07-29 02:00,21.7,.1,4.5,110,99,300
102,백령도,2016-07-29 03:00,21.2,1.1,2.8,70,99,200
102,백령도,2016-07-29 04:00,21.7,.1,6.4,90,99,300
102,백령도,2016-07-29 05:00,21.7,.9,6.8,110,99,300
102,백령도,2016-07-29 06:00,21.4,.1,7.9,110,99,200
102,백령도,2016-07-29 07:00,21.2,0,7.1,110,99,300
102,백령도,2016-07-29 08:00,22.1,,5.4,90,99,300
102,백령도,2016-07-29 09:00,22.2,0,7.2,110,99,350
102,백령도,2016-07-29 10:00,23,,6.4,90,99,600
102,백령도,2016-07-29 11:00,23.7,,6.2,90,98,700
102,백령도,2016-07-29 12:00,23.9,,5.3,110,98,700
102,백령도,2016-07-29 13:00,24.6,,4.6,110,98,600
102,백령도,2016-07-29 14:00,25.1,,4,110,98,950
102,백령도,2016-07-29 15:00,26.2,,3.4,110,96,1300
102,백령도,2016-07-29 16:00,26.9,,3.4,160,89,1953
102,백령도,2016-07-29 17:00,26.6,,3.7,160,94,1392
102,백령도,2016-07-29 18:00,26,,2.7,160,97,1203
102,백령도,2016-07-29 19:00,24.4,,3.3,140,99,681
102,백령도,2016-07-29 20:00,24,,3.9,140,99,733
102,백령도,2016-07-29 21:00,23.7,,4.6,110,99,87
102,백령도,2016-07-29 22:00,24.2,,4.9,110,99,10
102,백령도,2016-07-29 23:00,23.4,,4.8,110,99,7
102,백령도,2016-07-30 00:00,23.5,,4.2,140,99,8
102,백령도,2016-07-30 01:00,24.3,,4.5,140,99,9
102,백령도,2016-07-30 02:00,24.2,,4.1,110,99,6
102,백령도,2016-07-30 03:00,24.1,,4.5,90,99,6
102,백령도,2016-07-30 04:00,24.1,,3.8,90,99,7
102,백령도,2016-07-30 05:00,24.2,,3.7,110,99,7
102,백령도,2016-07-30 06:00,24.6,,3.8,110,99,8
102,백령도,2016-07-30 07:00,24.8,,2.7,90,99,7
102,백령도,2016-07-30 08:00,24.9,,5.1,110,99,7
102,백령도,2016-07-30 09:00,25,,4.4,110,99,8
102,백령도,2016-07-30 10:00,25.4,,3.3,140,99,97
102,백령도,2016-07-30 11:00,25.8,,2.2,140,99,363
102,백령도,2016-07-30 12:00,26.1,,5,160,99,1270
102,백령도,2016-07-30 13:00,26.3,,3.3,230,99,681
102,백령도,2016-07-30 14:00,25.8,,2.4,180,99,301
102,백령도,2016-07-30 15:00,26.2,,1.5,180,99,255
102,백령도,2016-07-30 16:00,25.6,,2.7,160,99,117
102,백령도,2016-07-30 17:00,25,,2.3,110,99,26
102,백령도,2016-07-30 18:00,24.6,0,2.6,110,99,11
102,백령도,2016-07-30 19:00,23.6,0,3.3,90,99,10
102,백령도,2016-07-30 20:00,24.2,0,2.8,110,99,10
102,백령도,2016-07-30 21:00,25,,4.2,160,99,7
102,백령도,2016-07-30 22:00,25.7,,3.2,230,99,12
102,백령도,2016-07-30 23:00,25.7,,3.7,230,99,9
102,백령도,2016-07-31 00:00,25.7,,4.3,230,99,8
102,백령도,2016-07-31 01:00,25.6,,4.5,200,99,7
102,백령도,2016-07-31 02:00,25.4,,4.8,200,99,7
102,백령도,2016-07-31 03:00,25.4,,3.4,200,99,8
102,백령도,2016-07-31 04:00,25.4,,2.4,230,99,10
102,백령도,2016-07-31 05:00,25.4,,1.8,230,99,10
102,백령도,2016-07-31 06:00,25.4,,1.9,200,99,10
102,백령도,2016-07-31 07:00,25.3,.3,1.5,230,99,10
102,백령도,2016-07-31 08:00,25.1,.2,3.7,180,99,10
102,백령도,2016-07-31 09:00,25,,3.2,160,99,372
102,백령도,2016-07-31 10:00,25.2,.2,4.9,160,99,253
102,백령도,2016-07-31 11:00,25.5,,4.3,230,99,40
102,백령도,2016-07-31 12:00,25.5,,6.8,200,99,30
102,백령도,2016-07-31 13:00,25.3,,5.8,200,99,10
102,백령도,2016-07-31 14:00,25.4,,5.5,200,99,10
102,백령도,2016-07-31 15:00,25.4,,4.6,200,99,10
102,백령도,2016-07-31 16:00,25.6,,4.2,200,99,10
102,백령도,2016-07-31 17:00,25.8,,4.1,200,99,10
102,백령도,2016-07-31 18:00,25.5,,3.6,200,99,10
102,백령도,2016-07-31 19:00,25.4,,3.4,200,99,10
102,백령도,2016-07-31 20:00,25.4,,.6,200,99,10
102,백령도,2016-07-31 21:00,25.2,,1.2,140,99,10
102,백령도,2016-07-31 22:00,25,,1.9,160,99,10
102,백령도,2016-07-31 23:00,25,,.5,180,99,20
102,백령도,2016-08-01 00:00,24.8,,1,180,99,20
102,백령도,2016-08-01 01:00,25.1,,1.4,230,99,20
102,백령도,2016-08-01 02:00,25.1,,2.9,200,99,10
102,백령도,2016-08-01 03:00,24.8,,4.5,200,99,10
102,백령도,2016-08-01 04:00,24.9,,3.2,200,99,10
102,백령도,2016-08-01 05:00,24.7,,2.3,230,99,10
102,백령도,2016-08-01 06:00,24.9,,1.4,200,99,10
102,백령도,2016-08-01 07:00,24.9,,2.1,180,99,12
102,백령도,2016-08-01 08:00,24.9,,.1,0,99,20
102,백령도,2016-08-01 09:00,23,.5,3.3,140,99,759
102,백령도,2016-08-01 10:00,22.1,.1,3.2,50,99,97
102,백령도,2016-08-01 11:00,23,2.4,4.2,70,99,600
102,백령도,2016-08-01 12:00,26.6,.1,4.4,160,95,1963
102,백령도,2016-08-01 13:00,26.7,,3.5,160,90,2000
102,백령도,2016-08-01 14:00,26.5,,2.7,160,92,1971
102,백령도,2016-08-01 15:00,26,,4.1,230,99,792
102,백령도,2016-08-01 16:00,26.8,,5.3,200,99,293
102,백령도,2016-08-01 17:00,26.3,,2.8,230,99,80
102,백령도,2016-08-01 18:00,25.6,,3.7,200,99,47
102,백령도,2016-08-01 19:00,25.5,,3.4,230,99,30
102,백령도,2016-08-01 20:00,25.5,,3.3,230,99,14
102,백령도,2016-08-01 21:00,25.5,,3,230,99,15
102,백령도,2016-08-01 22:00,25.4,,2.5,200,99,17
102,백령도,2016-08-01 23:00,25.2,,2.2,180,99,15
102,백령도,2016-08-02 00:00,24.9,,1.4,180,99,15
102,백령도,2016-08-02 01:00,24.8,,1.7,180,99,15
102,백령도,2016-08-02 02:00,25,0,2.9,200,99,13
102,백령도,2016-08-02 03:00,25.2,2,3.3,250,99,19
102,백령도,2016-08-02 04:00,22.6,18.3,4.8,270,99,463
102,백령도,2016-08-02 05:00,22.6,.7,4.6,230,99,145
102,백령도,2016-08-02 06:00,22,.3,5,230,99,359
102,백령도,2016-08-02 07:00,22.4,.1,5.8,230,99,354
102,백령도,2016-08-02 08:00,22.9,,2.1,230,99,1665
102,백령도,2016-08-02 09:00,22.7,,2,70,99,386
102,백령도,2016-08-02 10:00,23.4,,1.3,160,99,1839
102,백령도,2016-08-02 11:00,23.4,.1,1.8,70,99,1464
102,백령도,2016-08-02 12:00,24.6,,1.1,180,97,2000
102,백령도,2016-08-02 13:00,24.4,0,1.3,70,97,2000
102,백령도,2016-08-02 14:00,25.1,0,.5,180,94,1993
102,백령도,2016-08-02 15:00,25.2,0,1.1,200,86,2000
102,백령도,2016-08-02 16:00,23.9,0,3.5,250,97,2000
102,백령도,2016-08-02 17:00,24,,1.6,250,97,1995
102,백령도,2016-08-02 18:00,24.4,,.2,0,97,1977
102,백령도,2016-08-02 19:00,24.2,,1.8,200,95,2000
102,백령도,2016-08-02 20:00,21.9,,2.4,50,99,1041
102,백령도,2016-08-02 21:00,23.1,,2.5,20,97,2000
102,백령도,2016-08-02 22:00,23.3,,1.7,360,92,2000
102,백령도,2016-08-02 23:00,22.9,,2.6,50,96,2000
102,백령도,2016-08-03 00:00,23.9,,2.7,50,89,2000
102,백령도,2016-08-03 01:00,22.8,,2.2,50,93,2000
102,백령도,2016-08-03 02:00,22.9,0,3,50,95,2000
102,백령도,2016-08-03 03:00,22.6,0,2.8,70,97,2000
102,백령도,2016-08-03 04:00,23.9,,3.3,90,94,1821
102,백령도,2016-08-03 05:00,23.4,,1.6,50,96,2000
102,백령도,2016-08-03 06:00,23.1,,2.4,50,98,2000
102,백령도,2016-08-03 07:00,24.1,,1.7,20,94,2000
102,백령도,2016-08-03 08:00,24.3,,.4,0,93,2000
102,백령도,2016-08-03 09:00,25.1,,1.3,70,87,2000
102,백령도,2016-08-03 10:00,25.7,,2.2,50,88,2000
102,백령도,2016-08-03 11:00,27.4,,2.9,70,80,2000
102,백령도,2016-08-03 12:00,28.5,,2,70,73,2000
102,백령도,2016-08-03 13:00,28.4,,1.4,70,72,2000
102,백령도,2016-08-03 14:00,27,,1.4,70,82,2000
102,백령도,2016-08-03 15:00,28.4,,.8,50,77,2000
102,백령도,2016-08-03 16:00,26.8,,1.2,50,77,2000
102,백령도,2016-08-03 17:00,26.2,,2.1,360,71,2000
102,백령도,2016-08-03 18:00,26,,2.7,20,72,2000
102,백령도,2016-08-03 19:00,25,,3.3,360,74,2000
102,백령도,2016-08-03 20:00,25.3,,3.2,20,72,2000
102,백령도,2016-08-03 21:00,26,,2.6,20,72,2000
102,백령도,2016-08-03 22:00,25.5,,2.8,20,73,2000
102,백령도,2016-08-03 23:00,25.8,,2.6,50,74,2000
102,백령도,2016-08-04 00:00,25.3,,3,50,76,2000
102,백령도,2016-08-04 01:00,26.1,,2.3,50,74,2000
102,백령도,2016-08-04 02:00,25.6,,2,20,77,2000
102,백령도,2016-08-04 03:00,25,,3.5,20,79,2000
102,백령도,2016-08-04 04:00,25,,2.4,20,75,2000
102,백령도,2016-08-04 05:00,26.2,,2.5,50,71,2000
102,백령도,2016-08-04 06:00,25.2,,2.1,20,75,2000
102,백령도,2016-08-04 07:00,26.7,,2.1,50,74,2000
102,백령도,2016-08-04 08:00,26.6,,1.5,70,74,2000
102,백령도,2016-08-04 09:00,27.5,,2.4,70,75,2000
102,백령도,2016-08-04 10:00,28.6,,2.1,70,71,2000
102,백령도,2016-08-04 11:00,28.7,,1.9,90,70,2000
102,백령도,2016-08-04 12:00,29,,2.1,70,70,2000
102,백령도,2016-08-04 13:00,29.7,,.9,90,69,2000
102,백령도,2016-08-04 14:00,28,,1.1,70,73,2000
102,백령도,2016-08-04 15:00,28.1,,1.1,290,75,2000
102,백령도,2016-08-04 16:00,27.6,,1.3,360,81,2000
102,백령도,2016-08-04 17:00,28.3,,.9,290,81,2000
102,백령도,2016-08-04 18:00,26.9,,1.1,320,87,1908
102,백령도,2016-08-04 19:00,25.3,,2.7,340,93,1604
102,백령도,2016-08-04 20:00,25.5,,2.8,340,91,1924
102,백령도,2016-08-04 21:00,25.5,,4.1,360,89,1869
102,백령도,2016-08-04 22:00,25.2,,3.8,360,86,2000
102,백령도,2016-08-04 23:00,25.2,,3.4,360,92,1997
102,백령도,2016-08-05 00:00,24.5,,3.6,20,92,2000
102,백령도,2016-08-05 01:00,24.7,,3.3,50,96,1696
102,백령도,2016-08-05 02:00,26.2,,2.3,20,87,1924
102,백령도,2016-08-05 03:00,25.2,,4,20,94,1615
102,백령도,2016-08-05 04:00,25.5,,3.4,20,90,1876
102,백령도,2016-08-05 05:00,25.5,,3,20,88,1960
102,백령도,2016-08-05 06:00,27.7,,.9,50,79,1933
102,백령도,2016-08-05 07:00,27.3,,1.9,50,84,1911
102,백령도,2016-08-05 08:00,27.4,,1,70,84,1861
102,백령도,2016-08-05 09:00,28.1,,1.6,70,82,1853
102,백령도,2016-08-05 10:00,28.9,,2,70,79,1878
102,백령도,2016-08-05 11:00,29.8,,.6,20,79,1821
102,백령도,2016-08-05 12:00,28.5,,.4,0,83,1668
102,백령도,2016-08-05 13:00,29.2,,.3,0,76,1949
102,백령도,2016-08-05 14:00,29,,1.5,290,73,1996
102,백령도,2016-08-05 15:00,28.4,,1.8,290,72,2000
102,백령도,2016-08-05 16:00,28.6,,1.3,340,68,2000
102,백령도,2016-08-05 17:00,28.2,,1.6,320,67,2000
102,백령도,2016-08-05 18:00,28,,1.2,320,81,2000
102,백령도,2016-08-05 19:00,26.1,,1.7,340,90,2000
102,백령도,2016-08-05 20:00,25.8,,2.6,360,91,2000
102,백령도,2016-08-05 21:00,26.4,,3,360,75,2000
102,백령도,2016-08-05 22:00,26.1,,2.9,340,75,2000
102,백령도,2016-08-05 23:00,27.5,,1.1,340,71,2000
102,백령도,2016-08-06 00:00,26.1,,1.8,320,69,2000
102,백령도,2016-08-06 01:00,26.9,,1.9,320,70,2000
102,백령도,2016-08-06 02:00,27,,1.2,360,70,1987
102,백령도,2016-08-06 03:00,27.3,,1.4,340,67,2000
102,백령도,2016-08-06 04:00,26.8,,.4,0,71,2000
102,백령도,2016-08-06 05:00,26.4,,.7,290,74,1928
102,백령도,2016-08-06 06:00,26.1,,2.5,20,74,2000
102,백령도,2016-08-06 07:00,26,,1.9,320,73,2000
102,백령도,2016-08-06 08:00,26.3,,1.5,340,77,2000
102,백령도,2016-08-06 09:00,27.8,,1.3,70,75,1983
102,백령도,2016-08-06 10:00,28.5,,1.4,90,74,1967
102,백령도,2016-08-06 11:00,27.9,,2.1,290,72,1988
102,백령도,2016-08-06 12:00,28.5,,1.3,320,65,2000
102,백령도,2016-08-06 13:00,28.7,,2.1,270,66,2000
102,백령도,2016-08-06 14:00,29,,2.1,290,66,2000
102,백령도,2016-08-06 15:00,29,,2.3,270,67,1998
102,백령도,2016-08-06 16:00,28.6,,1.7,270,68,1990
102,백령도,2016-08-06 17:00,28.4,,2.2,270,70,2000
102,백령도,2016-08-06 18:00,27.9,,1.8,290,71,1996
102,백령도,2016-08-06 19:00,26.3,,1.1,320,78,2000
102,백령도,2016-08-06 20:00,24.7,,1.7,340,88,1972
102,백령도,2016-08-06 21:00,26.2,,2.1,360,70,2000
102,백령도,2016-08-06 22:00,26.6,,1.5,320,69,2000
102,백령도,2016-08-06 23:00,26,,2.2,290,81,2000
102,백령도,2016-08-07 00:00,26,,1.7,290,86,2000
102,백령도,2016-08-07 01:00,25.5,,2.2,290,91,2000
102,백령도,2016-08-07 02:00,25.4,,2.4,290,93,1999
102,백령도,2016-08-07 03:00,25.7,,1.6,290,94,2000
102,백령도,2016-08-07 04:00,26.2,,.8,290,87,2000
102,백령도,2016-08-07 05:00,26.2,,0,0,90,2000
102,백령도,2016-08-07 06:00,26,,1,290,93,2000
102,백령도,2016-08-07 07:00,26.1,,1.1,250,93,1978
102,백령도,2016-08-07 08:00,26.6,,0,0,92,1910
102,백령도,2016-08-07 09:00,27.7,,0,0,89,1950
102,백령도,2016-08-07 10:00,28.8,,.2,0,82,1975
102,백령도,2016-08-07 11:00,28.9,,.6,250,83,1993
102,백령도,2016-08-07 12:00,29.5,,1.2,250,78,1971
102,백령도,2016-08-07 13:00,29.7,,.9,290,78,1911
102,백령도,2016-08-07 14:00,30,,.9,290,78,1997
102,백령도,2016-08-07 15:00,29.9,,2.3,270,77,1923
102,백령도,2016-08-07 16:00,30.1,,2,250,77,1882
102,백령도,2016-08-07 17:00,30.4,,1.7,270,70,1908
102,백령도,2016-08-07 18:00,28.1,,1.8,270,83,2000
102,백령도,2016-08-07 19:00,25.5,,1,20,97,1557
102,백령도,2016-08-07 20:00,26.3,,2.4,20,72,2000
102,백령도,2016-08-07 21:00,26.4,,2,360,77,1993
102,백령도,2016-08-07 22:00,26,,1.4,20,77,2000
102,백령도,2016-08-07 23:00,26.6,,1.1,320,71,2000
102,백령도,2016-08-08 00:00,27.4,,1.8,340,69,2000
102,백령도,2016-08-08 01:00,27.1,,1.1,360,71,2000
102,백령도,2016-08-08 02:00,25.2,,2,340,86,1757
102,백령도,2016-08-08 03:00,25.6,,1.8,20,79,1970
102,백령도,2016-08-08 04:00,25.5,,2.2,20,82,1857
102,백령도,2016-08-08 05:00,24.6,,1.9,360,96,1119
102,백령도,2016-08-08 06:00,24.9,,2.2,50,91,1413
102,백령도,2016-08-08 07:00,26.3,,2.4,70,85,1606
102,백령도,2016-08-08 08:00,26.8,,1.6,50,86,1533
102,백령도,2016-08-08 09:00,26.6,,.2,0,85,1504
102,백령도,2016-08-08 10:00,26.2,,.2,0,88,1406
102,백령도,2016-08-08 11:00,26.4,,.3,0,91,1576
102,백령도,2016-08-08 12:00,25.8,,1.3,340,94,1191
102,백령도,2016-08-08 13:00,26.5,,.5,320,79,2000
102,백령도,2016-08-08 14:00,26.6,0,1.3,320,83,1991
102,백령도,2016-08-08 15:00,27.5,,.7,20,79,1997
102,백령도,2016-08-08 16:00,26.9,,.6,340,81,1993
102,백령도,2016-08-08 17:00,25.4,,1.1,360,82,2000
102,백령도,2016-08-08 18:00,25,,2.3,360,87,2000
102,백령도,2016-08-08 19:00,24.9,,2.2,360,87,2000
102,백령도,2016-08-08 20:00,24.7,,2.4,360,88,1739
102,백령도,2016-08-08 21:00,25.6,,2.6,360,77,2000
102,백령도,2016-08-08 22:00,24.8,,2.8,340,86,2000
102,백령도,2016-08-08 23:00,24.7,,3.2,360,89,2000
102,백령도,2016-08-09 00:00,25,,3.2,360,85,2000
102,백령도,2016-08-09 01:00,24.6,,2.8,20,87,2000
102,백령도,2016-08-09 02:00,24.2,,3.5,340,89,2000
102,백령도,2016-08-09 03:00,23.9,,2.8,360,91,2000
102,백령도,2016-08-09 04:00,24,,2.5,50,90,2000
102,백령도,2016-08-09 05:00,23.7,,3.2,20,94,1852
102,백령도,2016-08-09 06:00,23.9,,2.9,20,91,2000
102,백령도,2016-08-09 07:00,25,,2.2,50,89,1976
102,백령도,2016-08-09 08:00,26.1,,2.7,70,86,1974
102,백령도,2016-08-09 09:00,27.6,,1.8,90,83,1881
102,백령도,2016-08-09 10:00,28.5,,2.1,90,83,1668
102,백령도,2016-08-09 11:00,29.2,,.7,200,80,1752
102,백령도,2016-08-09 12:00,27.1,,1.1,90,81,1641
102,백령도,2016-08-09 13:00,28.1,,3.2,290,82,1840
102,백령도,2016-08-09 14:00,28.3,,3.6,290,82,1956
102,백령도,2016-08-09 15:00,27.9,,2.8,290,87,1818
102,백령도,2016-08-09 16:00,27.9,,3.3,290,81,1947
102,백령도,2016-08-09 17:00,28.2,,2.7,270,73,2000
102,백령도,2016-08-09 18:00,27.1,,1,340,73,2000
102,백령도,2016-08-09 19:00,26,,1.2,360,79,2000
102,백령도,2016-08-09 20:00,25.3,,2.1,360,96,2000
102,백령도,2016-08-09 21:00,25.5,,2.7,360,97,2000
102,백령도,2016-08-09 22:00,25.2,,2.4,360,97,2000
102,백령도,2016-08-09 23:00,25.3,,2.5,360,97,2000
102,백령도,2016-08-10 00:00,26.2,,2.1,360,86,2000
102,백령도,2016-08-10 01:00,25.4,,1.9,290,93,2000
102,백령도,2016-08-10 02:00,24.6,,2.5,290,98,2000
102,백령도,2016-08-10 03:00,25,,2.7,290,97,2000
102,백령도,2016-08-10 04:00,24.8,,2.4,290,98,1699
102,백령도,2016-08-10 05:00,24.9,,2,290,99,864
102,백령도,2016-08-10 06:00,25.2,,1.5,270,99,539
102,백령도,2016-08-10 07:00,25.4,,.1,0,99,510
102,백령도,2016-08-10 08:00,26.3,,1.8,290,98,1052
102,백령도,2016-08-10 09:00,26.1,,1.3,340,97,1175
102,백령도,2016-08-10 10:00,27.7,,1.5,290,93,2000
102,백령도,2016-08-10 11:00,27.8,,1.2,290,92,1629
102,백령도,2016-08-10 12:00,28.5,,1.6,290,84,1794
102,백령도,2016-08-10 13:00,28.4,,2.3,320,85,1753
102,백령도,2016-08-10 14:00,29.6,,2,270,83,1977
102,백령도,2016-08-10 15:00,29.3,,2.6,290,83,1982
102,백령도,2016-08-10 16:00,29.6,,3.4,250,83,1980
102,백령도,2016-08-10 17:00,29.7,,2.9,250,82,1994
102,백령도,2016-08-10 18:00,29,,3.4,250,84,2000
102,백령도,2016-08-10 19:00,28.1,,3.2,250,86,2000
102,백령도,2016-08-10 20:00,26.7,,3.9,250,93,2000
102,백령도,2016-08-10 21:00,26.5,,4.4,250,97,2000
102,백령도,2016-08-10 22:00,26.5,,2.6,250,95,2000
102,백령도,2016-08-10 23:00,26.4,,2.5,250,93,2000
102,백령도,2016-08-11 00:00,26.8,,1.3,250,92,2000
102,백령도,2016-08-11 01:00,26.2,,1.3,180,95,2000
102,백령도,2016-08-11 02:00,25.8,,2.4,230,97,1917
102,백령도,2016-08-11 03:00,25.7,,2.9,200,98,1788
102,백령도,2016-08-11 04:00,25.9,,2.7,250,98,1817
102,백령도,2016-08-11 05:00,25.9,,2.9,250,99,1139
102,백령도,2016-08-11 06:00,25.8,,2.8,250,99,816
102,백령도,2016-08-11 07:00,26.2,,2.5,250,99,680
102,백령도,2016-08-11 08:00,27.1,,.4,0,98,774
102,백령도,2016-08-11 09:00,27.5,,1.2,250,97,1100
102,백령도,2016-08-11 10:00,28.1,,1.5,200,96,1398
102,백령도,2016-08-11 11:00,29.5,,1.8,200,90,1507
102,백령도,2016-08-11 12:00,28.6,,3,270,92,1552
102,백령도,2016-08-11 13:00,29.8,,2.9,230,87,1618
102,백령도,2016-08-11 14:00,30.4,,2.9,230,85,1603
102,백령도,2016-08-11 15:00,30.3,,2.7,250,80,1851
102,백령도,2016-08-11 16:00,30.2,,2.6,270,76,1905
102,백령도,2016-08-11 17:00,30.2,,3.2,250,79,1755
102,백령도,2016-08-11 18:00,29.4,,2.5,270,83,1692
102,백령도,2016-08-11 19:00,28.3,,2.4,250,87,1711
102,백령도,2016-08-11 20:00,27.3,,2.5,250,92,1183
102,백령도,2016-08-11 21:00,26.8,,3.2,250,93,1156
102,백령도,2016-08-11 22:00,26.7,,3.1,250,93,1057
102,백령도,2016-08-11 23:00,26.7,,3.8,250,94,937
102,백령도,2016-08-12 00:00,26.8,,3.5,250,93,1317
102,백령도,2016-08-12 01:00,26.7,,3.4,270,94,1116
102,백령도,2016-08-12 02:00,26.6,,2.9,270,94,862
102,백령도,2016-08-12 03:00,26.5,,3.4,270,95,452
102,백령도,2016-08-12 04:00,26.3,,3.3,270,96,326
102,백령도,2016-08-12 05:00,26.4,,3.1,270,96,417
102,백령도,2016-08-12 06:00,26.2,,3.2,270,96,382
102,백령도,2016-08-12 07:00,26.7,,2.7,250,95,607
102,백령도,2016-08-12 08:00,27.3,,2.7,270,94,1284
102,백령도,2016-08-12 09:00,27.8,,2.4,250,93,1637
102,백령도,2016-08-12 10:00,28.2,,2.9,250,92,1586
102,백령도,2016-08-12 11:00,29.5,,2.3,230,85,1854
102,백령도,2016-08-12 12:00,29.6,,3.6,200,84,1818
102,백령도,2016-08-12 13:00,30,,3.3,230,84,1937
102,백령도,2016-08-12 14:00,30.7,,3.6,200,82,1842
102,백령도,2016-08-12 15:00,30.5,,3.4,200,82,1812
102,백령도,2016-08-12 16:00,30.7,,3.2,230,79,1981
102,백령도,2016-08-12 17:00,30.1,,4.1,250,81,1997
102,백령도,2016-08-12 18:00,29.5,,3.8,230,82,1963
102,백령도,2016-08-12 19:00,28.4,,3.7,250,87,1991
102,백령도,2016-08-12 20:00,27,,3.6,250,93,1446
102,백령도,2016-08-12 21:00,26.9,,3.3,250,93,1588
102,백령도,2016-08-12 22:00,26.9,,3,230,93,1522
102,백령도,2016-08-12 23:00,26.9,,3.6,230,93,1292
102,백령도,2016-08-13 00:00,26.8,,4.3,270,93,1537
102,백령도,2016-08-13 01:00,26.7,,3.6,250,94,935
102,백령도,2016-08-13 02:00,26.5,,3.5,230,95,594
102,백령도,2016-08-13 03:00,26.6,,4.3,250,95,518
102,백령도,2016-08-13 04:00,26.4,,3.3,250,95,488
102,백령도,2016-08-13 05:00,26.3,,3.3,250,95,629
102,백령도,2016-08-13 06:00,26.4,,3.2,250,95,556
102,백령도,2016-08-13 07:00,26.6,,2.7,250,95,473
102,백령도,2016-08-13 08:00,27.1,,2.9,230,94,607
102,백령도,2016-08-13 09:00,27.9,,4.3,230,92,908
102,백령도,2016-08-13 10:00,28.2,,5.9,270,91,1068
102,백령도,2016-08-13 11:00,28.2,,5.8,250,92,1180
102,백령도,2016-08-13 12:00,28.5,,7,270,92,1148
102,백령도,2016-08-13 13:00,29.1,,5.7,270,89,1072
102,백령도,2016-08-13 14:00,29.4,,5.2,250,87,1372
102,백령도,2016-08-13 15:00,29.6,,5.2,270,85,1561
102,백령도,2016-08-13 16:00,30,,5.6,250,84,1553
102,백령도,2016-08-13 17:00,29.6,,4.4,270,84,1369
102,백령도,2016-08-13 18:00,28.5,,4.1,270,89,1315
102,백령도,2016-08-13 19:00,27.7,,2.3,250,92,1061
102,백령도,2016-08-13 20:00,27.3,,2.4,230,93,973
102,백령도,2016-08-13 21:00,26.9,,2.9,250,93,985
102,백령도,2016-08-13 22:00,26.9,,3.3,250,94,889
102,백령도,2016-08-13 23:00,27.1,,4.2,270,94,919
102,백령도,2016-08-14 00:00,27.1,,5,270,95,633
102,백령도,2016-08-14 01:00,27,,5,250,94,722
102,백령도,2016-08-14 02:00,27,,5.5,270,94,889
102,백령도,2016-08-14 03:00,26.8,,4.9,270,95,733
102,백령도,2016-08-14 04:00,26.6,,4.6,250,95,590
102,백령도,2016-08-14 05:00,26.5,,4.9,270,95,604
102,백령도,2016-08-14 06:00,26.5,,5.2,250,95,736
102,백령도,2016-08-14 07:00,26.7,,5.4,250,95,864
102,백령도,2016-08-14 08:00,27.4,,4.4,270,94,1210
102,백령도,2016-08-14 09:00,27.7,,4.3,270,94,1235
102,백령도,2016-08-14 10:00,27.4,0,5.1,270,94,1085
102,백령도,2016-08-14 11:00,23.6,5.2,4,50,96,15
102,백령도,2016-08-14 12:00,23.5,3.1,1.8,320,95,604
102,백령도,2016-08-14 13:00,27.8,.6,1,290,86,1941
102,백령도,2016-08-14 14:00,28.2,,.7,70,78,1972
102,백령도,2016-08-14 15:00,28.7,,2.8,290,75,1958
102,백령도,2016-08-14 16:00,27.5,,2.4,290,82,1967
102,백령도,2016-08-14 17:00,26.5,,.9,340,88,1930
102,백령도,2016-08-14 18:00,26.1,,1.2,320,88,1935
102,백령도,2016-08-14 19:00,25.2,,1.7,340,93,1393
102,백령도,2016-08-14 20:00,24.8,,1.8,320,95,474
102,백령도,2016-08-14 21:00,24.4,,1.6,340,96,282
102,백령도,2016-08-14 22:00,24.2,,1.8,340,95,1465
102,백령도,2016-08-14 23:00,24.3,,2.2,320,95,1617
102,백령도,2016-08-15 00:00,24.9,,2.5,340,93,1383
102,백령도,2016-08-15 01:00,24.5,,2.2,320,95,631
102,백령도,2016-08-15 02:00,24.9,,4.1,290,95,362
102,백령도,2016-08-15 03:00,25.3,,3.6,290,95,512
102,백령도,2016-08-15 04:00,24.8,,2,340,79,2000
102,백령도,2016-08-15 05:00,24,,1.8,320,84,2000
102,백령도,2016-08-15 06:00,24.1,,3,360,80,2000
102,백령도,2016-08-15 07:00,24.1,,1.7,320,82,2000
102,백령도,2016-08-15 08:00,23.5,,3,290,88,2000
102,백령도,2016-08-15 09:00,24.9,,2.5,320,81,2000
102,백령도,2016-08-15 10:00,25.2,,3.1,320,80,2000
102,백령도,2016-08-15 11:00,25.1,,2.4,320,82,2000
102,백령도,2016-08-15 12:00,25.3,,2.4,320,83,1989
102,백령도,2016-08-15 13:00,24.9,,2.6,320,82,2000
102,백령도,2016-08-15 14:00,24.2,,2.3,320,84,2000
102,백령도,2016-08-15 15:00,24.1,,2.5,320,87,2000
102,백령도,2016-08-15 16:00,23.5,,1.5,360,87,2000
102,백령도,2016-08-15 17:00,23.1,,3.4,290,92,2000
102,백령도,2016-08-15 18:00,22.8,,2.6,340,92,2000
102,백령도,2016-08-15 19:00,22.7,,2.8,320,93,2000
102,백령도,2016-08-15 20:00,23.2,0,1.3,340,91,1888
102,백령도,2016-08-15 21:00,23.3,,1.7,340,90,2000
102,백령도,2016-08-15 22:00,23.4,,2.2,320,92,2000
102,백령도,2016-08-15 23:00,23.6,,2,320,88,2000
102,백령도,2016-08-16 00:00,23,,1.9,340,91,2000
102,백령도,2016-08-16 01:00,22.9,,1.8,360,91,2000
102,백령도,2016-08-16 02:00,22.2,,2,340,93,2000
102,백령도,2016-08-16 03:00,22.1,,2.8,320,94,1948
102,백령도,2016-08-16 04:00,22.2,,2.3,290,93,1952
102,백령도,2016-08-16 05:00,21.9,,2.8,290,94,1703
102,백령도,2016-08-16 06:00,21.5,,2.3,360,95,831
102,백령도,2016-08-16 07:00,22.5,,1.7,50,93,2000
102,백령도,2016-08-16 08:00,24.1,,1.1,50,90,1985
102,백령도,2016-08-16 09:00,24.3,,.6,20,87,2000
102,백령도,2016-08-16 10:00,24.1,,1.2,340,89,2000
102,백령도,2016-08-16 11:00,23.9,,2.3,320,86,2000
102,백령도,2016-08-16 12:00,24.7,,2.5,320,85,2000
102,백령도,2016-08-16 13:00,25.5,,2.6,320,80,2000
102,백령도,2016-08-16 14:00,25.9,,2.7,320,78,2000
102,백령도,2016-08-16 15:00,26,,2.7,320,73,2000
102,백령도,2016-08-16 16:00,25.7,,1.5,320,78,2000
102,백령도,2016-08-16 17:00,25.4,,1.7,320,71,2000
102,백령도,2016-08-16 18:00,24.4,,1.7,360,70,2000
102,백령도,2016-08-16 19:00,24.6,,1.9,360,68,2000
102,백령도,2016-08-16 20:00,23.6,,1.7,360,80,2000
102,백령도,2016-08-16 21:00,22.9,,1.7,360,87,2000
102,백령도,2016-08-16 22:00,23.1,,2.1,360,86,2000
102,백령도,2016-08-16 23:00,23.3,,1.7,360,88,2000
102,백령도,2016-08-17 00:00,23.5,,3.3,340,86,2000
102,백령도,2016-08-17 01:00,23.4,,2.1,360,82,2000
102,백령도,2016-08-17 02:00,23.7,,1.9,360,80,2000
102,백령도,2016-08-17 03:00,23.6,,2.6,340,74,2000
102,백령도,2016-08-17 04:00,24.2,,2.6,340,69,2000
102,백령도,2016-08-17 05:00,22.6,,1.9,340,88,2000
102,백령도,2016-08-17 06:00,23.2,,2.1,360,85,2000
102,백령도,2016-08-17 07:00,24.8,,2.1,360,72,2000
102,백령도,2016-08-17 08:00,25.2,,1.3,360,72,2000
102,백령도,2016-08-17 09:00,24.7,,1.1,70,82,2000
102,백령도,2016-08-17 10:00,26.8,,.9,70,67,2000
102,백령도,2016-08-17 11:00,28.3,,1,90,65,2000
102,백령도,2016-08-17 12:00,26.9,,.5,90,71,2000
102,백령도,2016-08-17 13:00,26.6,,1,70,68,2000
102,백령도,2016-08-17 14:00,29.4,,1.3,50,56,2000
102,백령도,2016-08-17 15:00,27.8,,1.3,20,57,2000
102,백령도,2016-08-17 16:00,26.8,,.7,290,62,2000
102,백령도,2016-08-17 17:00,26.2,,1.9,340,59,2000
102,백령도,2016-08-17 18:00,27.1,,1.7,360,51,2000
102,백령도,2016-08-17 19:00,27.1,,2,360,49,2000
102,백령도,2016-08-17 20:00,26.8,,2.4,20,53,2000
102,백령도,2016-08-17 21:00,26.3,,3.1,20,54,2000
102,백령도,2016-08-17 22:00,26.9,,2,50,59,2000
102,백령도,2016-08-17 23:00,27.3,,2.2,50,59,2000
102,백령도,2016-08-18 00:00,28,,2.1,90,57,2000
102,백령도,2016-08-18 01:00,26.3,,.7,160,65,2000
102,백령도,2016-08-18 02:00,27.5,,2,180,63,2000
102,백령도,2016-08-18 03:00,27.6,,1.3,180,60,2000
102,백령도,2016-08-18 04:00,25,,2.7,70,70,2000
102,백령도,2016-08-18 05:00,25,,4,110,75,2000
102,백령도,2016-08-18 06:00,25.6,,3.6,110,73,2000
102,백령도,2016-08-18 07:00,24.9,,3.8,110,81,2000
102,백령도,2016-08-18 08:00,24.9,,3.8,110,81,2000
102,백령도,2016-08-18 09:00,25.5,,3.4,160,73,1939
102,백령도,2016-08-18 10:00,25.9,0,1.5,140,75,2000
102,백령도,2016-08-18 11:00,25.8,,1.8,110,85,2000
102,백령도,2016-08-18 12:00,26.2,0,1.9,110,81,2000
102,백령도,2016-08-18 13:00,26.5,,2.2,110,84,2000
102,백령도,2016-08-18 14:00,26.1,,1.9,90,87,2000
102,백령도,2016-08-18 15:00,25.5,,2.7,90,90,1996
102,백령도,2016-08-18 16:00,25.6,,3,110,88,1967
102,백령도,2016-08-18 17:00,26.3,,2.3,140,87,1982
102,백령도,2016-08-18 18:00,25.5,,2.3,90,91,1822
102,백령도,2016-08-18 19:00,25.5,,2.2,160,92,1652
102,백령도,2016-08-18 20:00,25.4,,2.6,140,92,1643
102,백령도,2016-08-18 21:00,26.7,,3.2,160,85,1892
102,백령도,2016-08-18 22:00,25.7,,3.8,160,90,1580
102,백령도,2016-08-18 23:00,25,,3.6,140,93,1179
102,백령도,2016-08-19 00:00,25.3,,3.8,140,93,1234
102,백령도,2016-08-19 01:00,25.2,,4.2,140,93,1070
102,백령도,2016-08-19 02:00,25.1,,4.6,140,93,1066
102,백령도,2016-08-19 03:00,24.9,,3.8,140,93,970
102,백령도,2016-08-19 04:00,24.8,,3.2,140,94,571
102,백령도,2016-08-19 05:00,24.6,,3.7,140,95,382
102,백령도,2016-08-19 06:00,24.2,,3.6,140,95,80
102,백령도,2016-08-19 07:00,23.9,,3.5,140,95,132
102,백령도,2016-08-19 08:00,23.8,,3.6,110,95,203
102,백령도,2016-08-19 09:00,25.1,,3.5,110,95,593
102,백령도,2016-08-19 10:00,26.1,,2.5,110,93,1068
102,백령도,2016-08-19 11:00,27.3,,2.4,140,89,1764
102,백령도,2016-08-19 12:00,27.8,,2.1,180,88,1944
102,백령도,2016-08-19 13:00,27.5,,2,140,89,1589
102,백령도,2016-08-19 14:00,26.7,,1.9,140,92,825
102,백령도,2016-08-19 15:00,25.5,0,3.2,90,94,370
102,백령도,2016-08-19 16:00,24.7,.2,2.8,90,96,110
102,백령도,2016-08-19 17:00,24.5,0,3.3,110,96,120
102,백령도,2016-08-19 18:00,24.5,0,3.8,110,96,157
102,백령도,2016-08-19 19:00,24.6,0,5.2,110,95,336
102,백령도,2016-08-19 20:00,24.8,,3.5,140,95,356
102,백령도,2016-08-19 21:00,25.5,,3.5,140,94,797
102,백령도,2016-08-19 22:00,24.9,,4.9,110,94,780
102,백령도,2016-08-19 23:00,25,,3.3,110,93,1077
102,백령도,2016-08-20 00:00,24.8,,2.8,90,93,1263
102,백령도,2016-08-20 01:00,25.4,,4.1,160,91,1681
102,백령도,2016-08-20 02:00,25.6,,3.8,140,89,1783
102,백령도,2016-08-20 03:00,24.9,,3.6,140,92,1442
102,백령도,2016-08-20 04:00,25.1,,4.7,140,90,1692
102,백령도,2016-08-20 05:00,25.2,,4,140,87,1887
102,백령도,2016-08-20 06:00,24.9,0,3.9,110,87,1972
102,백령도,2016-08-20 07:00,24.7,0,4.3,110,92,1550
102,백령도,2016-08-20 08:00,24.4,0,4.3,110,95,383
102,백령도,2016-08-20 09:00,24.5,0,4.9,110,95,425
102,백령도,2016-08-20 10:00,25.1,0,5.1,90,94,625
102,백령도,2016-08-20 11:00,25.4,0,4.4,90,93,726
102,백령도,2016-08-20 12:00,26.3,0,3.8,90,91,1005
102,백령도,2016-08-20 13:00,26.9,0,2.9,110,87,1240
102,백령도,2016-08-20 14:00,26.4,0,3.1,110,89,1110
102,백령도,2016-08-20 15:00,26.5,0,2,140,93,855
102,백령도,2016-08-20 16:00,26.2,.1,2,140,94,609
102,백령도,2016-08-20 17:00,24.4,7,3.4,200,95,111
102,백령도,2016-08-20 18:00,23.7,10.8,3.4,270,96,305
102,백령도,2016-08-20 19:00,23.6,1.9,2.7,270,96,399
102,백령도,2016-08-20 20:00,24.6,.2,2.6,340,92,2000
102,백령도,2016-08-20 21:00,27,,.6,250,72,2000
102,백령도,2016-08-20 22:00,24.6,,3,50,84,2000
102,백령도,2016-08-20 23:00,24.8,,2.7,50,87,2000
102,백령도,2016-08-21 00:00,24.9,,2.9,70,85,2000
102,백령도,2016-08-21 01:00,25.1,,2.8,70,93,2000
102,백령도,2016-08-21 02:00,25.6,,2.4,70,91,2000
102,백령도,2016-08-21 03:00,25.8,,1.1,90,89,2000
102,백령도,2016-08-21 04:00,26.2,,1.3,360,86,2000
102,백령도,2016-08-21 05:00,26.5,,1.5,20,85,2000
102,백령도,2016-08-21 06:00,26.9,,1.1,360,82,1721
102,백령도,2016-08-21 07:00,26.1,,1.1,50,88,1417
102,백령도,2016-08-21 08:00,26.5,,.7,340,85,1864
102,백령도,2016-08-21 09:00,25.9,,.7,50,93,1052
102,백령도,2016-08-21 10:00,26.4,,0,0,92,1541
102,백령도,2016-08-21 11:00,28.1,,.4,0,88,1537
102,백령도,2016-08-21 12:00,26,,.8,70,92,609
102,백령도,2016-08-21 13:00,26.4,,1.3,320,91,828
102,백령도,2016-08-21 14:00,25.4,,2.1,340,93,902
102,백령도,2016-08-21 15:00,26.1,,2.1,20,92,1136
102,백령도,2016-08-21 16:00,27.3,,1.8,340,85,1170
102,백령도,2016-08-21 17:00,28.1,,1.8,290,81,1595
102,백령도,2016-08-21 18:00,24.7,,1.9,340,92,1089
102,백령도,2016-08-21 19:00,23.6,,1.7,340,93,1589
102,백령도,2016-08-21 20:00,23.4,,2.2,340,94,1576
102,백령도,2016-08-21 21:00,23.5,,2.2,340,93,2000
102,백령도,2016-08-21 22:00,23.2,,3,360,94,1028
102,백령도,2016-08-21 23:00,23,,2.6,360,96,38
102,백령도,2016-08-22 00:00,22.6,,1.9,340,96,14
102,백령도,2016-08-22 01:00,23.3,,2.4,340,96,9
102,백령도,2016-08-22 02:00,23.4,,1.8,340,96,11
102,백령도,2016-08-22 03:00,22.9,,2.1,340,96,17
102,백령도,2016-08-22 04:00,23.6,,2.3,20,96,1967
102,백령도,2016-08-22 05:00,23.5,,2.6,360,92,2000
102,백령도,2016-08-22 06:00,24.4,,2.4,360,83,2000
102,백령도,2016-08-22 07:00,23.6,,2.8,360,90,2000
102,백령도,2016-08-22 08:00,23.4,,1.5,20,92,1986
102,백령도,2016-08-22 09:00,23.8,,1.1,360,92,2000
102,백령도,2016-08-22 10:00,23.4,,2,340,92,1911
102,백령도,2016-08-22 11:00,24.1,,2.4,360,84,2000
102,백령도,2016-08-22 12:00,24.6,,1.9,360,80,1996
102,백령도,2016-08-22 13:00,24.4,,1.7,340,81,1990
102,백령도,2016-08-22 14:00,24.3,,2.4,340,82,1970
102,백령도,2016-08-22 15:00,23.3,,2.5,360,84,1968
102,백령도,2016-08-22 16:00,24.6,,1.4,340,80,2000
102,백령도,2016-08-22 17:00,24.6,,1.7,320,77,2000
102,백령도,2016-08-22 18:00,24.4,,1.7,320,78,2000
102,백령도,2016-08-22 19:00,22.7,,2.4,360,84,2000
102,백령도,2016-08-22 20:00,22.3,,2.2,20,85,2000
102,백령도,2016-08-22 21:00,23.4,,2.2,20,76,2000
102,백령도,2016-08-22 22:00,22.7,,1.9,20,81,2000
102,백령도,2016-08-22 23:00,23.3,,2.6,50,77,2000
102,백령도,2016-08-23 00:00,23.4,,1.7,360,75,2000
102,백령도,2016-08-23 01:00,23.8,,2.7,360,74,2000
102,백령도,2016-08-23 02:00,22.2,,3.5,340,86,2000
102,백령도,2016-08-23 03:00,21.9,,4,360,87,2000
102,백령도,2016-08-23 04:00,22.1,,3.3,360,83,2000
102,백령도,2016-08-23 05:00,23.7,,3.6,20,74,2000
102,백령도,2016-08-23 06:00,23.3,,3.2,20,76,2000
102,백령도,2016-08-23 07:00,23.7,,2.4,50,77,2000
102,백령도,2016-08-23 08:00,24.5,,1.8,70,77,2000
102,백령도,2016-08-23 09:00,24.7,,1.1,70,78,2000
102,백령도,2016-08-23 10:00,25.8,,1.3,90,62,2000
102,백령도,2016-08-23 11:00,27.1,,.5,270,70,1993
102,백령도,2016-08-23 12:00,27.2,,.4,0,69,1996
102,백령도,2016-08-23 13:00,27.6,,.4,0,72,2000
102,백령도,2016-08-23 14:00,28.7,,1.2,270,69,2000
102,백령도,2016-08-23 15:00,27.9,,1.7,270,67,1992
102,백령도,2016-08-23 16:00,26.5,,2.5,270,67,1977
102,백령도,2016-08-23 17:00,25.5,,2,290,74,1999
102,백령도,2016-08-23 18:00,24,,1.3,360,74,2000
102,백령도,2016-08-23 19:00,25.1,,2.6,360,61,2000
102,백령도,2016-08-23 20:00,25.2,,2.5,360,64,2000
102,백령도,2016-08-23 21:00,25.9,,1.7,20,63,2000
102,백령도,2016-08-23 22:00,24.7,,1.5,50,74,2000
102,백령도,2016-08-23 23:00,25.2,,1.2,20,70,2000
102,백령도,2016-08-24 00:00,25.6,,1.4,20,67,2000
102,백령도,2016-08-24 01:00,25.7,,0,0,75,1944
102,백령도,2016-08-24 02:00,25.1,,1.7,110,80,1698
102,백령도,2016-08-24 03:00,24.3,,1.1,230,82,1938
102,백령도,2016-08-24 04:00,23.1,,2.4,180,83,2000
102,백령도,2016-08-24 05:00,23.5,,2.7,180,91,1899
102,백령도,2016-08-24 06:00,23.8,,1.6,180,92,1536
102,백령도,2016-08-24 07:00,23.7,,1.5,160,93,1170
102,백령도,2016-08-24 08:00,23.8,,1.6,140,90,1892
102,백령도,2016-08-24 09:00,25.1,,.9,160,89,1801
102,백령도,2016-08-24 10:00,26.6,,.6,200,85,1921
102,백령도,2016-08-24 11:00,27.3,,2.8,230,75,1961
102,백령도,2016-08-24 12:00,28,,3.3,200,58,2000
102,백령도,2016-08-24 13:00,29,,3.5,200,66,1986
102,백령도,2016-08-24 14:00,29.5,,2.7,200,69,2000
102,백령도,2016-08-24 15:00,29.1,,3.2,200,72,2000
102,백령도,2016-08-24 16:00,29,,3.8,200,72,2000
102,백령도,2016-08-24 17:00,28.8,,2.9,200,75,2000
102,백령도,2016-08-24 18:00,28.2,,2.5,200,77,2000
102,백령도,2016-08-24 19:00,25.1,,0,0,86,2000
102,백령도,2016-08-24 20:00,25.1,,1.4,140,91,2000
102,백령도,2016-08-24 21:00,24.6,,2.4,140,93,1893
102,백령도,2016-08-24 22:00,24.6,,2.5,200,92,2000
102,백령도,2016-08-24 23:00,24.6,,2.2,200,90,2000
102,백령도,2016-08-25 00:00,25.1,,2.1,200,84,2000
102,백령도,2016-08-25 01:00,24.6,,2.5,160,85,2000
102,백령도,2016-08-25 02:00,24.8,,2.4,180,84,2000
102,백령도,2016-08-25 03:00,24.6,,2,180,87,2000
102,백령도,2016-08-25 04:00,24.2,,2.7,160,92,2000
102,백령도,2016-08-25 05:00,24.9,,3.8,230,92,2000
102,백령도,2016-08-25 06:00,25,,3.7,230,93,2000
102,백령도,2016-08-25 07:00,25.3,,4.5,230,93,2000
102,백령도,2016-08-25 08:00,25.4,,2.8,230,94,2000
102,백령도,2016-08-25 09:00,25.7,0,1.9,200,93,2000
102,백령도,2016-08-25 10:00,24.8,.1,2.2,180,95,928
102,백령도,2016-08-25 11:00,24.9,0,1.1,320,94,1473
102,백령도,2016-08-25 12:00,24.4,,1.9,90,96,368
102,백령도,2016-08-25 13:00,25.2,,.6,360,94,583
102,백령도,2016-08-25 14:00,21.6,0,3.5,360,95,73
102,백령도,2016-08-25 15:00,22.7,0,2.6,360,93,1899
102,백령도,2016-08-25 16:00,22.7,0,1.6,270,76,2000
102,백령도,2016-08-25 17:00,21.8,0,4,290,87,2000
102,백령도,2016-08-25 18:00,20.5,0,2.5,360,94,1011
102,백령도,2016-08-25 19:00,20,0,1.8,20,95,17
102,백령도,2016-08-25 20:00,20.1,,2.1,20,93,2000
102,백령도,2016-08-25 21:00,20.2,,2.5,360,93,2000
102,백령도,2016-08-25 22:00,19.6,,2.3,320,93,2000
102,백령도,2016-08-25 23:00,19.5,,2.8,320,91,2000
102,백령도,2016-08-26 00:00,19.4,,2,340,91,2000
102,백령도,2016-08-26 01:00,19.3,,2.1,340,90,2000
102,백령도,2016-08-26 02:00,19.2,,2.7,20,85,2000
102,백령도,2016-08-26 03:00,19.1,,3.1,360,84,2000
102,백령도,2016-08-26 04:00,18.8,,2.6,360,85,2000
102,백령도,2016-08-26 05:00,19.1,,2.9,360,76,2000
102,백령도,2016-08-26 06:00,19.3,,2.7,20,75,2000
102,백령도,2016-08-26 07:00,19,,2.7,50,76,2000
102,백령도,2016-08-26 08:00,20.1,,2.7,50,72,2000
102,백령도,2016-08-26 09:00,21.3,,3.1,50,71,2000
102,백령도,2016-08-26 10:00,22.4,,4.9,70,74,1976
102,백령도,2016-08-26 11:00,24,,4.5,70,70,2000
102,백령도,2016-08-26 12:00,23.6,,2.8,70,68,2000
102,백령도,2016-08-26 13:00,23.9,,1.6,290,75,2000
102,백령도,2016-08-26 14:00,23.7,,2.4,320,75,2000
102,백령도,2016-08-26 15:00,23.8,,2.3,320,75,2000
102,백령도,2016-08-26 16:00,22.4,,1.5,20,79,2000
102,백령도,2016-08-26 17:00,22.5,,1.8,340,79,2000
102,백령도,2016-08-26 18:00,21.5,,1.9,320,82,2000
102,백령도,2016-08-26 19:00,20.4,,2.3,340,88,2000
102,백령도,2016-08-26 20:00,20.8,,2.8,360,81,2000
102,백령도,2016-08-26 21:00,21.9,,4.6,50,73,2000
102,백령도,2016-08-26 22:00,21.5,,2.9,70,78,2000
102,백령도,2016-08-26 23:00,21.4,,3.3,50,75,2000
102,백령도,2016-08-27 00:00,21,,4.3,50,71,2000
102,백령도,2016-08-27 01:00,21,,5.2,90,56,2000
102,백령도,2016-08-27 02:00,20.8,,5,90,53,2000
102,백령도,2016-08-27 03:00,19.9,,4.5,70,61,2000
102,백령도,2016-08-27 04:00,18.8,,4.5,70,65,2000
102,백령도,2016-08-27 05:00,18.3,,4,70,62,2000
102,백령도,2016-08-27 06:00,18.4,,4.4,70,53,2000
102,백령도,2016-08-27 07:00,19.3,,4.6,70,51,2000
102,백령도,2016-08-27 08:00,20.8,,5,70,46,2000
102,백령도,2016-08-27 09:00,21.9,,6.1,70,37,2000
102,백령도,2016-08-27 10:00,22.4,,5.9,90,35,2000
102,백령도,2016-08-27 11:00,22.1,,3.8,70,45,2000
102,백령도,2016-08-27 12:00,22.3,,2.7,70,44,2000
102,백령도,2016-08-27 13:00,23.4,,2.5,70,38,2000
102,백령도,2016-08-27 14:00,23.9,,1.5,320,45,2000
102,백령도,2016-08-27 15:00,24,,2.2,320,44,2000
102,백령도,2016-08-27 16:00,23.1,,2.2,320,58,2000
102,백령도,2016-08-27 17:00,23,,2.2,290,59,2000
102,백령도,2016-08-27 18:00,21.9,,2.3,290,67,2000
102,백령도,2016-08-27 19:00,20.1,,2,320,80,2000
102,백령도,2016-08-27 20:00,19.2,,1.5,340,89,2000
102,백령도,2016-08-27 21:00,19,,1.8,320,92,2000
102,백령도,2016-08-27 22:00,19,,1.5,320,90,2000
102,백령도,2016-08-27 23:00,19.2,,1.5,360,91,2000
102,백령도,2016-08-28 00:00,19.9,,1.9,360,85,2000
102,백령도,2016-08-28 01:00,19,,2.2,20,92,2000
102,백령도,2016-08-28 02:00,19.1,,2.7,50,90,2000
102,백령도,2016-08-28 03:00,18.7,,3.6,50,82,2000
102,백령도,2016-08-28 04:00,18.6,,3,50,76,2000
102,백령도,2016-08-28 05:00,18.5,,3,50,74,2000
102,백령도,2016-08-28 06:00,18.1,,2.8,50,75,2000
102,백령도,2016-08-28 07:00,19.1,,3.5,70,72,2000
102,백령도,2016-08-28 08:00,20.7,,3.9,70,67,2000
102,백령도,2016-08-28 09:00,21.8,,2.5,70,62,2000
102,백령도,2016-08-28 10:00,22.1,,2.2,70,60,2000
102,백령도,2016-08-28 11:00,22.4,,1.1,360,63,1986
102,백령도,2016-08-28 12:00,23.3,,1.6,340,67,2000
102,백령도,2016-08-28 13:00,23.1,,1.7,320,66,2000
102,백령도,2016-08-28 14:00,23.1,,2.4,320,67,2000
102,백령도,2016-08-28 15:00,22.9,,2,340,67,2000
102,백령도,2016-08-28 16:00,22.3,,1.8,320,70,2000
102,백령도,2016-08-28 17:00,21.6,,1.4,360,73,2000
102,백령도,2016-08-28 18:00,21.9,,1.6,290,68,2000
102,백령도,2016-08-28 19:00,20.4,,.7,270,78,2000
102,백령도,2016-08-28 20:00,19.2,,1.3,360,82,2000
102,백령도,2016-08-28 21:00,19.2,,1.5,360,85,2000
102,백령도,2016-08-28 22:00,19.3,,2.3,20,87,2000
102,백령도,2016-08-28 23:00,19.4,,1.9,20,86,2000
102,백령도,2016-08-29 00:00,19.6,,2.3,340,88,2000
102,백령도,2016-08-29 01:00,19.9,,2.4,360,82,2000
102,백령도,2016-08-29 02:00,19.4,,2.5,340,91,2000
102,백령도,2016-08-29 03:00,19.5,,2.5,50,91,2000
102,백령도,2016-08-29 04:00,19.4,,2.2,50,93,2000
102,백령도,2016-08-29 05:00,19.9,,1.8,360,85,2000
102,백령도,2016-08-29 06:00,19,,1.7,340,92,2000
102,백령도,2016-08-29 07:00,19.2,,1.5,340,94,1938
102,백령도,2016-08-29 08:00,19.9,,2.1,340,91,2000
102,백령도,2016-08-29 09:00,20.6,,1.4,340,89,2000
102,백령도,2016-08-29 10:00,21.7,,1.2,320,84,2000
102,백령도,2016-08-29 11:00,21.5,,2.6,320,80,2000
102,백령도,2016-08-29 12:00,22.1,,3.3,320,80,2000
102,백령도,2016-08-29 13:00,22.2,,3.5,320,78,2000
102,백령도,2016-08-29 14:00,23,,3,320,74,2000
102,백령도,2016-08-29 15:00,23.5,,3.5,320,71,2000
102,백령도,2016-08-29 16:00,23,,4.1,320,70,1987
102,백령도,2016-08-29 17:00,23.4,,4.9,290,65,2000
102,백령도,2016-08-29 18:00,23,,5.7,290,66,2000
102,백령도,2016-08-29 19:00,22.4,,4.4,290,64,2000
102,백령도,2016-08-29 20:00,21.2,,3.1,320,76,2000
102,백령도,2016-08-29 21:00,20.8,,2.3,320,79,2000
102,백령도,2016-08-29 22:00,21,,2.8,320,75,2000
102,백령도,2016-08-29 23:00,20.9,,3.9,320,74,2000
102,백령도,2016-08-30 00:00,20.9,,5.2,320,73,2000
102,백령도,2016-08-30 01:00,20.5,,4.8,320,74,2000
102,백령도,2016-08-30 02:00,20.2,,4.8,320,77,2000
102,백령도,2016-08-30 03:00,20.1,,4.8,320,76,2000
102,백령도,2016-08-30 04:00,20,,5.4,320,77,2000
102,백령도,2016-08-30 05:00,19.8,,6,290,77,2000
102,백령도,2016-08-30 06:00,19.6,,6.2,290,77,2000
102,백령도,2016-08-30 07:00,19.9,,7.1,290,75,2000
102,백령도,2016-08-30 08:00,20.2,,6.3,320,73,1879
102,백령도,2016-08-30 09:00,20.4,,6.1,290,72,1874
102,백령도,2016-08-30 10:00,20.6,,5.7,320,68,1823
102,백령도,2016-08-30 11:00,20.9,,5.9,320,68,1932
102,백령도,2016-08-30 12:00,21.2,,5.7,320,68,1954
102,백령도,2016-08-30 13:00,21.4,,6.4,290,63,1951
102,백령도,2016-08-30 14:00,21.5,,7.2,290,62,1994
102,백령도,2016-08-30 15:00,21.6,,7.6,290,65,2000
102,백령도,2016-08-30 16:00,21.6,,8.5,290,67,2000
102,백령도,2016-08-30 17:00,20.6,,7.4,290,68,2000
102,백령도,2016-08-30 18:00,20,,7.2,290,69,2000
102,백령도,2016-08-30 19:00,20,,7.9,290,71,2000
102,백령도,2016-08-30 20:00,19.9,,7.2,290,72,2000
102,백령도,2016-08-30 21:00,19.4,,6.5,290,74,2000
102,백령도,2016-08-30 22:00,19.1,,5.3,290,76,2000
102,백령도,2016-08-30 23:00,18.9,,5.8,290,76,2000
102,백령도,2016-08-31 00:00,18.5,0,6.2,290,76,1892
102,백령도,2016-08-31 01:00,18.4,0,6.6,290,75,2000
102,백령도,2016-08-31 02:00,18.4,,8,290,74,2000
102,백령도,2016-08-31 03:00,17.4,0,7.6,290,78,2000
102,백령도,2016-08-31 04:00,16.5,0,8.2,290,87,1511
102,백령도,2016-08-31 05:00,16,0,11.9,290,93,646
102,백령도,2016-08-31 06:00,15.7,0,8.6,290,94,563
102,백령도,2016-08-31 07:00,16.1,.5,11.2,290,93,651
102,백령도,2016-08-31 08:00,16.2,.1,11.2,290,93,764
102,백령도,2016-08-31 09:00,17.9,0,13.9,290,83,1372
102,백령도,2016-08-31 10:00,18.8,0,14.8,290,73,2000
102,백령도,2016-08-31 11:00,19,,15.5,290,74,2000
102,백령도,2016-08-31 12:00,18.8,,14.8,290,75,1999
102,백령도,2016-08-31 13:00,18.6,,15.2,290,76,1263
102,백령도,2016-08-31 14:00,18.9,0,13.8,290,71,2000
102,백령도,2016-08-31 15:00,19,0,10.1,290,74,2000
102,백령도,2016-08-31 16:00,19.2,,9.2,290,74,2000
102,백령도,2016-08-31 17:00,19,,7,290,78,2000
102,백령도,2016-08-31 18:00,18.5,,6.1,290,80,2000
102,백령도,2016-08-31 19:00,18.4,,10.1,290,73,2000
102,백령도,2016-08-31 20:00,18.1,,8.5,290,74,2000
102,백령도,2016-08-31 21:00,17.8,,5.5,290,80,2000
102,백령도,2016-08-31 22:00,17.9,,7.1,290,78,2000
102,백령도,2016-08-31 23:00,17.4,,5.8,290,83,2000
102,백령도,2016-09-01 00:00,17,,3.9,290,84,2000
102,백령도,2016-09-01 01:00,17.1,,3.5,270,88,2000
102,백령도,2016-09-01 02:00,16.7,,3.6,270,88,2000
102,백령도,2016-09-01 03:00,16.5,,5.1,200,92,2000
102,백령도,2016-09-01 04:00,16.9,,4.6,200,89,2000
102,백령도,2016-09-01 05:00,17.2,,3.9,160,89,2000
102,백령도,2016-09-01 06:00,16.5,,4.9,110,90,2000
102,백령도,2016-09-01 07:00,17.5,,4.8,110,93,2000
102,백령도,2016-09-01 08:00,19.4,,6,110,86,2000
102,백령도,2016-09-01 09:00,19.9,,4.8,110,91,2000
102,백령도,2016-09-01 10:00,22,,10.3,200,94,250
102,백령도,2016-09-01 11:00,22.6,,9.2,230,93,366
102,백령도,2016-09-01 12:00,23.4,,7.5,230,93,436
102,백령도,2016-09-01 13:00,23.7,,6.4,230,92,415
102,백령도,2016-09-01 14:00,23.3,,7.3,230,94,294
102,백령도,2016-09-01 15:00,21.9,,5.7,250,94,123
102,백령도,2016-09-01 16:00,22.7,0,1.5,250,74,1019
102,백령도,2016-09-01 17:00,20.8,.4,4.1,230,87,1000
102,백령도,2016-09-01 18:00,20.5,0,4.4,250,90,519
102,백령도,2016-09-01 19:00,18.2,3,6.8,270,93,413
102,백령도,2016-09-01 20:00,20.3,3.3,4.5,140,76,1928
102,백령도,2016-09-01 21:00,21.7,,4.7,160,73,2000
102,백령도,2016-09-01 22:00,18.9,2.7,1.9,110,77,750
102,백령도,2016-09-01 23:00,18.5,2.1,2.8,360,94,526
102,백령도,2016-09-02 00:00,19.2,6.4,6.4,110,93,816
102,백령도,2016-09-02 01:00,19.2,0,6.8,90,93,879
102,백령도,2016-09-02 02:00,19.6,.6,4.3,110,94,644
102,백령도,2016-09-02 03:00,17.9,7.8,5.2,270,93,1388
102,백령도,2016-09-02 04:00,17.8,.2,2.8,70,94,789
102,백령도,2016-09-02 05:00,19.3,,5,110,86,1676
102,백령도,2016-09-02 06:00,19.4,,4.1,90,93,574
102,백령도,2016-09-02 07:00,20.3,,4.8,140,87,1358
102,백령도,2016-09-02 08:00,21,,4.2,140,89,1387
102,백령도,2016-09-02 09:00,22.1,,4.4,160,92,885
102,백령도,2016-09-02 10:00,22.1,,8.2,160,93,878
102,백령도,2016-09-02 11:00,22.4,,8.5,160,92,1197
102,백령도,2016-09-02 12:00,23.5,,4.5,160,86,1729
102,백령도,2016-09-02 13:00,22.4,,5.7,140,87,1882
102,백령도,2016-09-02 14:00,22.3,,5.3,140,88,1510
102,백령도,2016-09-02 15:00,21.6,,3.5,160,88,1728
102,백령도,2016-09-02 16:00,22.1,,3.9,140,85,1883
102,백령도,2016-09-02 17:00,22,,3.7,140,86,2000
102,백령도,2016-09-02 18:00,21.3,,3.5,160,90,1931
102,백령도,2016-09-02 19:00,21.5,,3.6,160,92,1969
102,백령도,2016-09-02 20:00,21,,1.9,200,93,1238
102,백령도,2016-09-02 21:00,20.8,,3.7,110,94,947
102,백령도,2016-09-02 22:00,21.1,,4.6,110,93,1082
102,백령도,2016-09-02 23:00,20.2,,6.4,90,95,757
102,백령도,2016-09-03 00:00,20.9,,5.6,110,92,1895
102,백령도,2016-09-03 01:00,21,,6.6,110,93,1608
102,백령도,2016-09-03 02:00,20.8,,6.4,110,94,920
102,백령도,2016-09-03 03:00,20.6,,4.2,90,94,893
102,백령도,2016-09-03 04:00,20.6,,5.2,110,94,1256
102,백령도,2016-09-03 05:00,20.3,,4.9,110,94,1133
102,백령도,2016-09-03 06:00,20.5,,5.5,110,93,1201
102,백령도,2016-09-03 07:00,20.4,,7.2,90,94,815
102,백령도,2016-09-03 08:00,21.9,,5.3,90,89,1906
102,백령도,2016-09-03 09:00,21.3,,5.3,90,92,1570
102,백령도,2016-09-03 10:00,22.4,,5.2,110,88,1763
102,백령도,2016-09-03 11:00,22.9,,7.3,110,87,1825
102,백령도,2016-09-03 12:00,22.4,,5.7,110,89,1933
102,백령도,2016-09-03 13:00,23.8,,4.6,110,82,1977
102,백령도,2016-09-03 14:00,24.6,,3.7,140,74,1984
102,백령도,2016-09-03 15:00,24.2,,2.9,140,71,2000
102,백령도,2016-09-03 16:00,24,,2.5,110,75,2000
102,백령도,2016-09-03 17:00,23.8,,2.1,160,80,2000
102,백령도,2016-09-03 18:00,22.3,,1.7,140,90,1993
102,백령도,2016-09-03 19:00,21.3,,1.9,110,93,1118
102,백령도,2016-09-03 20:00,21.6,,3.3,160,95,700
102,백령도,2016-09-03 21:00,20.6,,3.2,110,95,135
102,백령도,2016-09-03 22:00,20.7,,2.5,110,96,25
102,백령도,2016-09-03 23:00,21.3,,3.2,160,96,359
102,백령도,2016-09-04 00:00,21.2,,3.3,160,96,51
102,백령도,2016-09-04 01:00,20.9,,1.6,200,95,258
102,백령도,2016-09-04 02:00,21.2,,3,160,95,632
102,백령도,2016-09-04 03:00,20.9,,2.8,160,95,401
102,백령도,2016-09-04 04:00,20.4,,2,140,96,12
102,백령도,2016-09-04 05:00,20.4,,3,140,96,48
102,백령도,2016-09-04 06:00,20.2,,2.9,140,96,13
102,백령도,2016-09-04 07:00,20.3,,2.6,140,96,9
102,백령도,2016-09-04 08:00,20.7,,2.1,140,96,10
102,백령도,2016-09-04 09:00,21.1,,2.2,140,96,331
102,백령도,2016-09-04 10:00,21.9,,2.1,90,96,45
102,백령도,2016-09-04 11:00,21.6,,2.7,110,96,357
102,백령도,2016-09-04 12:00,22.4,,1.5,50,92,810
102,백령도,2016-09-04 13:00,23,,2,70,92,845
102,백령도,2016-09-04 14:00,23,,1,70,92,779
102,백령도,2016-09-04 15:00,22.8,,.1,0,89,847
102,백령도,2016-09-04 16:00,22.9,,.5,290,90,914
102,백령도,2016-09-04 17:00,22.6,,.1,0,91,906
102,백령도,2016-09-04 18:00,21.3,,.5,320,93,671
102,백령도,2016-09-04 19:00,20.8,,1.9,340,94,462
102,백령도,2016-09-04 20:00,21.1,,2.2,360,94,488
102,백령도,2016-09-04 21:00,20.5,,2.8,340,94,416
102,백령도,2016-09-04 22:00,20.8,,2.3,360,93,540
102,백령도,2016-09-04 23:00,21.1,,3.3,360,92,644
102,백령도,2016-09-05 00:00,20.7,,2.4,360,92,645
102,백령도,2016-09-05 01:00,21,,2.5,20,89,866
102,백령도,2016-09-05 02:00,21.5,,2.7,20,87,920
102,백령도,2016-09-05 03:00,21.9,,.9,70,83,1260
102,백령도,2016-09-05 04:00,20.4,,.6,340,92,737
102,백령도,2016-09-05 05:00,19,,1.9,340,96,13
102,백령도,2016-09-05 06:00,19,,2.7,360,96,16
102,백령도,2016-09-05 07:00,17.8,,2.3,320,96,7
102,백령도,2016-09-05 08:00,18.4,,2.6,360,96,8
102,백령도,2016-09-05 09:00,18.7,,1.9,20,96,17
102,백령도,2016-09-05 10:00,19.4,,1.5,70,96,665
102,백령도,2016-09-05 11:00,21.1,,1.2,110,96,1711
102,백령도,2016-09-05 12:00,24.2,,1.9,200,81,1966
102,백령도,2016-09-05 13:00,22.4,,2.3,50,87,1792
102,백령도,2016-09-05 14:00,22.4,0,.4,0,87,1853
102,백령도,2016-09-05 15:00,21.7,,2.8,90,83,1619
102,백령도,2016-09-05 16:00,26.4,,1.8,180,56,2000
102,백령도,2016-09-05 17:00,25.8,,1.3,200,64,1961
102,백령도,2016-09-05 18:00,23.7,,3.8,230,69,2000
102,백령도,2016-09-05 19:00,21.2,,5.8,270,84,1293
102,백령도,2016-09-05 20:00,21,,5.3,270,94,721
102,백령도,2016-09-05 21:00,21.5,,3.7,270,94,519
102,백령도,2016-09-05 22:00,21.7,,3.5,250,95,353
102,백령도,2016-09-05 23:00,21.9,,4.8,230,95,308
102,백령도,2016-09-06 00:00,22.2,,5,230,95,503
102,백령도,2016-09-06 01:00,22.5,,3.9,230,90,811
102,백령도,2016-09-06 02:00,21.8,,4.5,230,95,172
102,백령도,2016-09-06 03:00,21.7,,4.7,230,96,21
102,백령도,2016-09-06 04:00,21.9,,3.3,230,96,12
102,백령도,2016-09-06 05:00,22,,2.7,230,96,13
102,백령도,2016-09-06 06:00,21.9,,2.6,250,96,19
102,백령도,2016-09-06 07:00,21.6,,2.3,270,96,11
102,백령도,2016-09-06 08:00,21.2,,2.1,290,96,46
102,백령도,2016-09-06 09:00,22.2,,.1,0,96,244
102,백령도,2016-09-06 10:00,21.7,,1.3,250,95,77
102,백령도,2016-09-06 11:00,23,,1.6,270,93,447
102,백령도,2016-09-06 12:00,24,,1.4,290,89,696
102,백령도,2016-09-06 13:00,23.4,,2.2,290,88,661
102,백령도,2016-09-06 14:00,21.5,,2.4,270,94,53
102,백령도,2016-09-06 15:00,21.6,,1.8,270,93,617
102,백령도,2016-09-06 16:00,22.3,,1.6,270,91,944
102,백령도,2016-09-06 17:00,21.8,,2.6,290,78,1637
102,백령도,2016-09-06 18:00,21.1,,1.8,320,84,1803
102,백령도,2016-09-06 19:00,20.3,,3.5,320,89,1170
102,백령도,2016-09-06 20:00,20.6,,4,290,88,993
102,백령도,2016-09-06 21:00,20.9,,4.5,290,94,465
102,백령도,2016-09-06 22:00,20.6,,4,290,95,74
102,백령도,2016-09-06 23:00,20.9,,3.6,290,96,8
102,백령도,2016-09-07 00:00,20.4,,1.7,320,96,5
102,백령도,2016-09-07 01:00,20.1,,1.6,340,96,13
102,백령도,2016-09-07 02:00,19.3,,1.7,50,96,15
102,백령도,2016-09-07 03:00,18.9,,2.6,50,96,80
102,백령도,2016-09-07 04:00,18.9,,3.1,50,96,250
102,백령도,2016-09-07 05:00,19,,1.5,270,96,350
102,백령도,2016-09-07 06:00,19.3,,1.7,290,95,366
102,백령도,2016-09-07 07:00,20.1,,1.6,340,94,721
102,백령도,2016-09-07 08:00,19.2,,2.3,70,95,138
102,백령도,2016-09-07 09:00,21.9,,1.1,160,89,910
102,백령도,2016-09-07 10:00,21.9,,1.9,90,86,978
102,백령도,2016-09-07 11:00,23.2,,1,340,84,1039
102,백령도,2016-09-07 12:00,23.5,,1.1,270,80,1241
102,백령도,2016-09-07 13:00,24.9,,.6,90,74,1188
102,백령도,2016-09-07 14:00,24.3,,2.4,230,74,1257
102,백령도,2016-09-07 15:00,25.2,,2.1,250,60,1869
102,백령도,2016-09-07 16:00,25.1,,2.4,200,78,810
102,백령도,2016-09-07 17:00,23.6,,5.2,200,89,598
102,백령도,2016-09-07 18:00,22.3,,4,230,94,273
102,백령도,2016-09-07 19:00,22,,4.4,270,95,175
102,백령도,2016-09-07 20:00,22.1,,1.6,270,96,143
102,백령도,2016-09-07 21:00,22.1,,.6,290,96,120
102,백령도,2016-09-07 22:00,21.9,,1.2,360,96,15
102,백령도,2016-09-07 23:00,21.3,,.9,340,96,15
102,백령도,2016-09-08 00:00,20.9,,.5,50,96,35
102,백령도,2016-09-08 01:00,21.2,,1.1,360,96,230
102,백령도,2016-09-08 02:00,20.4,,1.3,320,96,12
102,백령도,2016-09-08 03:00,19.6,,1.7,50,96,6
102,백령도,2016-09-08 04:00,20,,.9,360,96,12
102,백령도,2016-09-08 05:00,20,,1.8,360,96,15
102,백령도,2016-09-08 06:00,19.8,0,2.1,70,96,27
102,백령도,2016-09-08 07:00,19.9,,1,20,96,35
102,백령도,2016-09-08 08:00,19.3,,0,0,96,7
102,백령도,2016-09-08 09:00,19.6,,.1,0,96,9
102,백령도,2016-09-08 10:00,20,0,.2,0,97,9
102,백령도,2016-09-08 11:00,20.1,,.2,0,96,85
102,백령도,2016-09-08 12:00,21.7,,1.8,70,96,420
102,백령도,2016-09-08 13:00,22.2,,1,90,92,490
102,백령도,2016-09-08 14:00,21.5,,2.7,290,92,519
102,백령도,2016-09-08 15:00,21.8,,2.1,290,92,921
102,백령도,2016-09-08 16:00,22.6,,2.1,320,77,1445
102,백령도,2016-09-08 17:00,21.4,,2,320,82,1606
102,백령도,2016-09-08 18:00,20.4,,1.6,340,86,1719
102,백령도,2016-09-08 19:00,18.7,,2.2,340,94,1040
102,백령도,2016-09-08 20:00,18.7,,1.9,320,95,752
102,백령도,2016-09-08 21:00,19.2,,1.6,340,92,1486
102,백령도,2016-09-08 22:00,19.1,,2.2,340,93,1158
102,백령도,2016-09-08 23:00,19.5,,2.1,360,91,1442
102,백령도,2016-09-09 00:00,19,,1.6,320,92,1129
102,백령도,2016-09-09 01:00,19,,2.7,320,87,1367
102,백령도,2016-09-09 02:00,19.2,,3,290,92,1142
102,백령도,2016-09-09 03:00,19.3,,2.3,290,93,995
102,백령도,2016-09-09 04:00,19.2,,1.6,360,94,623
102,백령도,2016-09-09 05:00,19.1,,2.2,360,95,546
102,백령도,2016-09-09 06:00,19.2,,1.5,340,95,518
102,백령도,2016-09-09 07:00,19.3,,2.1,320,95,398
102,백령도,2016-09-09 08:00,20.1,,1.7,340,94,689
102,백령도,2016-09-09 09:00,20.6,,1.8,340,93,773
102,백령도,2016-09-09 10:00,21.9,,1.1,340,88,1203
102,백령도,2016-09-09 11:00,22.4,,1.3,340,86,1335
102,백령도,2016-09-09 12:00,23,,1.5,20,78,1507
102,백령도,2016-09-09 13:00,23.9,,1.7,270,69,1902
102,백령도,2016-09-09 14:00,23.4,,3.6,290,75,1650
102,백령도,2016-09-09 15:00,23.6,,3.4,290,75,1904
102,백령도,2016-09-09 16:00,23.4,,3.5,290,77,1754
102,백령도,2016-09-09 17:00,22.2,,2.6,290,84,1459
102,백령도,2016-09-09 18:00,22.4,,2.9,290,80,1583
102,백령도,2016-09-09 19:00,20.7,,2.9,290,90,1049
102,백령도,2016-09-09 20:00,20.4,,1.9,290,93,835
102,백령도,2016-09-09 21:00,20.6,,2.2,290,94,609
102,백령도,2016-09-09 22:00,20.5,,2,290,94,562
102,백령도,2016-09-09 23:00,20.7,,2,320,94,615
102,백령도,2016-09-10 00:00,21.2,,1.1,320,92,704
102,백령도,2016-09-10 01:00,20.3,,1.4,50,88,886
102,백령도,2016-09-10 02:00,20.2,,1.9,50,89,898
102,백령도,2016-09-10 03:00,20.5,,1.8,50,85,936
102,백령도,2016-09-10 04:00,19.6,,2,70,86,984
102,백령도,2016-09-10 05:00,19.6,,2.6,90,86,1185
102,백령도,2016-09-10 06:00,19.9,,2.7,140,86,1450
102,백령도,2016-09-10 07:00,19.9,,2.9,140,85,1828
102,백령도,2016-09-10 08:00,20.1,,3.9,140,82,1676
102,백령도,2016-09-10 09:00,20.2,,3.4,90,89,1533
102,백령도,2016-09-10 10:00,21.3,,4.5,110,85,1472
102,백령도,2016-09-10 11:00,22.9,,2.6,140,81,1725
102,백령도,2016-09-10 12:00,24,,4,160,73,1598
102,백령도,2016-09-10 13:00,24.7,,3.6,230,63,1990
102,백령도,2016-09-10 14:00,24.1,,4.4,230,75,1913
102,백령도,2016-09-10 15:00,25.1,,2.3,230,66,1774
102,백령도,2016-09-10 16:00,24.1,,1,200,65,1986
102,백령도,2016-09-10 17:00,23.7,,1.4,180,64,2000
102,백령도,2016-09-10 18:00,21.8,,2.9,110,90,1197
102,백령도,2016-09-10 19:00,21.2,,2.8,140,93,980
102,백령도,2016-09-10 20:00,21.2,,2.5,160,91,1044
102,백령도,2016-09-10 21:00,21.2,,1.9,230,88,1266
102,백령도,2016-09-10 22:00,18.7,,3.1,320,93,1171
102,백령도,2016-09-10 23:00,19.1,0,2.3,360,93,1268
102,백령도,2016-09-11 00:00,19,.7,3.2,70,94,717
102,백령도,2016-09-11 01:00,19.6,1.2,4.4,140,94,910
102,백령도,2016-09-11 02:00,19.9,0,6.5,140,62,2000
102,백령도,2016-09-11 03:00,20.3,0,2.3,160,58,2000
102,백령도,2016-09-11 04:00,21.5,,4.7,160,52,2000
102,백령도,2016-09-11 05:00,19.7,,.5,20,65,2000
102,백령도,2016-09-11 06:00,18.9,,3.4,70,83,2000
102,백령도,2016-09-11 07:00,20.1,,3,70,70,2000
102,백령도,2016-09-11 08:00,21.6,,2,90,69,2000
102,백령도,2016-09-11 09:00,21.9,,1.8,90,81,1733
102,백령도,2016-09-11 10:00,22,,2,70,82,1594
102,백령도,2016-09-11 11:00,24.6,,1.1,230,69,1906
102,백령도,2016-09-11 12:00,24,,1,290,68,1972
102,백령도,2016-09-11 13:00,24.1,,1.1,270,71,1884
102,백령도,2016-09-11 14:00,24.2,,2.6,250,70,1995
102,백령도,2016-09-11 15:00,24.8,,3.1,250,70,2000
102,백령도,2016-09-11 16:00,24.1,,2.7,270,72,1886
102,백령도,2016-09-11 17:00,24.3,,1.2,270,72,1988
102,백령도,2016-09-11 18:00,22.3,,.7,50,80,1968
102,백령도,2016-09-11 19:00,21.4,,0,0,86,1805
102,백령도,2016-09-11 20:00,21.5,,0,0,80,1926
102,백령도,2016-09-11 21:00,21.1,,1.4,270,84,1977
102,백령도,2016-09-11 22:00,21.4,,0,0,85,1881
102,백령도,2016-09-11 23:00,21.3,,0,0,84,1774
102,백령도,2016-09-12 00:00,21.3,,1.3,360,82,1763
102,백령도,2016-09-12 01:00,20.6,,1.8,70,83,1517
102,백령도,2016-09-12 02:00,20,,1.8,70,86,1464
102,백령도,2016-09-12 03:00,20.5,,2.3,90,84,1635
102,백령도,2016-09-12 04:00,20.2,,2.3,110,88,1420
102,백령도,2016-09-12 05:00,20.3,,3.3,140,90,1431
102,백령도,2016-09-12 06:00,19.9,,2.5,110,93,1058
102,백령도,2016-09-12 07:00,19.5,,2.4,90,94,811
102,백령도,2016-09-12 08:00,20.6,,2.6,90,93,757
102,백령도,2016-09-12 09:00,20.6,,1.8,70,93,725
102,백령도,2016-09-12 10:00,21.9,,1.8,90,87,1080
102,백령도,2016-09-12 11:00,22.8,,1.4,70,81,1195
102,백령도,2016-09-12 12:00,24,,.7,360,71,1684
102,백령도,2016-09-12 13:00,24.3,,.8,340,69,1761
102,백령도,2016-09-12 14:00,24.8,,1.6,290,66,1855
102,백령도,2016-09-12 15:00,23.3,,4,290,75,1898
102,백령도,2016-09-12 16:00,23.5,,2.9,290,79,1382
102,백령도,2016-09-12 17:00,23.1,,2.1,290,83,1287
102,백령도,2016-09-12 18:00,22,,1.8,320,90,1092
102,백령도,2016-09-12 19:00,20.6,,1.9,340,93,829
102,백령도,2016-09-12 20:00,20.1,,2,340,95,391
102,백령도,2016-09-12 21:00,19.9,,1.9,320,95,282
102,백령도,2016-09-12 22:00,19.8,,2.3,360,95,991
102,백령도,2016-09-12 23:00,19.3,,2.5,20,95,136
102,백령도,2016-09-13 00:00,19.6,,3,50,96,510
102,백령도,2016-09-13 01:00,20.5,,2.9,20,94,1233
102,백령도,2016-09-13 02:00,20.2,,2.7,20,94,1398
102,백령도,2016-09-13 03:00,20.2,,.7,20,93,1382
102,백령도,2016-09-13 04:00,19.8,,2.3,90,94,1058
102,백령도,2016-09-13 05:00,19.9,,2,90,94,740
102,백령도,2016-09-13 06:00,19.4,,2.1,70,95,615
102,백령도,2016-09-13 07:00,19.4,,2.9,90,93,1831
102,백령도,2016-09-13 08:00,20.3,,2.1,70,90,2000
102,백령도,2016-09-13 09:00,21.6,,2.8,70,80,2000
102,백령도,2016-09-13 10:00,22.4,,2.2,90,80,1975
102,백령도,2016-09-13 11:00,23.1,,2.9,90,73,2000
102,백령도,2016-09-13 12:00,25.1,,1,50,69,2000
102,백령도,2016-09-13 13:00,24.1,,1,360,72,2000
102,백령도,2016-09-13 14:00,24,,2.7,250,76,2000
102,백령도,2016-09-13 15:00,24.2,,3.5,250,76,2000
102,백령도,2016-09-13 16:00,24.4,,2.4,250,77,2000
102,백령도,2016-09-13 17:00,22.7,,3.1,270,86,2000
102,백령도,2016-09-13 18:00,21.5,,1.5,290,90,2000
102,백령도,2016-09-13 19:00,20.8,,1.1,340,93,2000
102,백령도,2016-09-13 20:00,20.5,,1.3,340,94,2000
102,백령도,2016-09-13 21:00,20.3,,1.5,340,94,2000
102,백령도,2016-09-13 22:00,20.2,,2.1,360,94,2000
102,백령도,2016-09-13 23:00,20.2,,1.8,20,94,1366
102,백령도,2016-09-14 00:00,20.1,,1.1,340,93,1264
102,백령도,2016-09-14 01:00,20.1,,1,320,93,1127
102,백령도,2016-09-14 02:00,19.8,,2.3,360,94,819
102,백령도,2016-09-14 03:00,19.8,,2.1,360,95,670
102,백령도,2016-09-14 04:00,19.8,,2.6,360,94,844
102,백령도,2016-09-14 05:00,19.3,,1.5,20,95,367
102,백령도,2016-09-14 06:00,19.1,,1.5,360,96,36
102,백령도,2016-09-14 07:00,19.2,,1.5,340,96,15
102,백령도,2016-09-14 08:00,20.2,,1.5,20,96,88
102,백령도,2016-09-14 09:00,21.4,,1.7,70,93,1032
102,백령도,2016-09-14 10:00,22.4,,1.5,70,83,1581
102,백령도,2016-09-14 11:00,23.6,,1.5,70,77,1741
102,백령도,2016-09-14 12:00,23.1,,1.4,320,82,1227
102,백령도,2016-09-14 13:00,23.9,,2,320,77,1674
102,백령도,2016-09-14 14:00,24.2,,2.3,290,69,1939
102,백령도,2016-09-14 15:00,23.8,,3.3,290,66,1954
102,백령도,2016-09-14 16:00,23.8,,3.1,290,67,1929
102,백령도,2016-09-14 17:00,22.9,,3.4,290,79,1560
102,백령도,2016-09-14 18:00,21.3,,1.7,340,88,1078
102,백령도,2016-09-14 19:00,20.1,,1.9,360,93,771
102,백령도,2016-09-14 20:00,20.2,,1.9,360,91,1124
102,백령도,2016-09-14 21:00,20.7,,1.6,360,74,1623
102,백령도,2016-09-14 22:00,20,,1.6,320,81,1354
102,백령도,2016-09-14 23:00,19.9,,1.7,340,86,1180
102,백령도,2016-09-15 00:00,19.8,,1.6,340,92,828
102,백령도,2016-09-15 01:00,20,,2.3,360,92,842
102,백령도,2016-09-15 02:00,20.6,,1.8,360,80,1497
102,백령도,2016-09-15 03:00,20.3,,1.3,360,91,975
102,백령도,2016-09-15 04:00,20.1,,1.7,20,92,947
102,백령도,2016-09-15 05:00,19.9,,1.9,50,86,1119
102,백령도,2016-09-15 06:00,20.2,,1.7,20,86,1164
102,백령도,2016-09-15 07:00,20.5,,1.3,250,77,1485
102,백령도,2016-09-15 08:00,21.8,,.1,0,74,1532
102,백령도,2016-09-15 09:00,23.1,,.2,0,74,1477
102,백령도,2016-09-15 10:00,23.6,,.7,50,70,1746
102,백령도,2016-09-15 11:00,23.3,,1.7,70,75,1383
102,백령도,2016-09-15 12:00,24.1,,.2,0,71,1464
102,백령도,2016-09-15 13:00,24.1,,1.3,270,77,1314
102,백령도,2016-09-15 14:00,24.8,,2.2,270,77,1206
102,백령도,2016-09-15 15:00,24.2,,2.3,270,79,1255
102,백령도,2016-09-15 16:00,23.6,,2.7,250,84,1118
102,백령도,2016-09-15 17:00,23.3,,2.6,230,87,1101
102,백령도,2016-09-15 18:00,22.1,,4.3,230,93,738
102,백령도,2016-09-15 19:00,21.5,,3.9,250,94,524
102,백령도,2016-09-15 20:00,21.8,,2.7,270,94,575
102,백령도,2016-09-15 21:00,21.7,,2.2,290,94,495
102,백령도,2016-09-15 22:00,21.4,,1.9,270,94,497
102,백령도,2016-09-15 23:00,21.5,,2.1,250,94,477
102,백령도,2016-09-16 00:00,21.5,,1.7,270,94,444
102,백령도,2016-09-16 01:00,21.3,,2,250,95,400
102,백령도,2016-09-16 02:00,21.1,,1.8,270,95,259
102,백령도,2016-09-16 03:00,21,,1.9,250,95,203
102,백령도,2016-09-16 04:00,21.3,,1,290,95,268
102,백령도,2016-09-16 05:00,21.4,,1.2,360,94,387
102,백령도,2016-09-16 06:00,20.6,,1.6,70,96,12
102,백령도,2016-09-16 07:00,20.5,,1.6,70,96,31
102,백령도,2016-09-16 08:00,20.8,,1.4,70,96,186
102,백령도,2016-09-16 09:00,21.9,,1.2,70,94,389
102,백령도,2016-09-16 10:00,22.3,,.9,90,91,529
102,백령도,2016-09-16 11:00,21.8,,.9,70,93,430
102,백령도,2016-09-16 12:00,23.3,,1.2,70,84,730
102,백령도,2016-09-16 13:00,23.9,,.5,20,79,808
102,백령도,2016-09-16 14:00,23,,1.4,70,78,945
102,백령도,2016-09-16 15:00,22.5,,1.3,70,77,989
102,백령도,2016-09-16 16:00,23.9,,1.1,270,77,926
102,백령도,2016-09-16 17:00,22.6,,.5,290,81,918
102,백령도,2016-09-16 18:00,21.8,,.9,340,85,755
102,백령도,2016-09-16 19:00,20.8,,1.9,20,91,589
102,백령도,2016-09-16 20:00,21.2,,2.2,20,86,757
102,백령도,2016-09-16 21:00,20.9,,1.7,70,88,713
102,백령도,2016-09-16 22:00,21.8,,1.5,90,78,980
102,백령도,2016-09-16 23:00,21.7,,1.3,90,75,1056
102,백령도,2016-09-17 00:00,21,,2.2,90,81,887
102,백령도,2016-09-17 01:00,18.7,,2.6,50,94,201
102,백령도,2016-09-17 02:00,19.3,,2.6,50,93,414
102,백령도,2016-09-17 03:00,19.5,,3.1,50,94,412
102,백령도,2016-09-17 04:00,19.3,,3.5,50,95,145
102,백령도,2016-09-17 05:00,19.5,,4.2,70,93,430
102,백령도,2016-09-17 06:00,19.4,,4.3,70,94,318
102,백령도,2016-09-17 07:00,19.6,,4.2,70,93,300
102,백령도,2016-09-17 08:00,20.8,,3,70,93,297
102,백령도,2016-09-17 09:00,22.3,,2.5,70,85,378
102,백령도,2016-09-17 10:00,22.9,,1.4,50,80,510
102,백령도,2016-09-17 11:00,22.6,,1.8,360,88,382
102,백령도,2016-09-17 12:00,22.2,,2.3,50,90,315
102,백령도,2016-09-17 13:00,22.4,,1.1,340,90,410
102,백령도,2016-09-17 14:00,21.9,,2.2,320,91,372
102,백령도,2016-09-17 15:00,21.8,,2,320,90,676
102,백령도,2016-09-17 16:00,22.3,,1.9,290,85,1228
102,백령도,2016-09-17 17:00,21.6,,1.1,290,82,1964
102,백령도,2016-09-17 18:00,20.8,,1.1,290,84,2000
102,백령도,2016-09-17 19:00,20.5,,1.7,340,83,2000
102,백령도,2016-09-17 20:00,20.4,,1.3,360,82,2000
102,백령도,2016-09-17 21:00,20.3,,1.8,360,84,2000
102,백령도,2016-09-17 22:00,20.3,,2.3,50,86,2000
102,백령도,2016-09-17 23:00,20,,2.6,20,89,2000
102,백령도,2016-09-18 00:00,20.4,,2.7,20,88,2000
102,백령도,2016-09-18 01:00,20.5,,3,70,86,2000
102,백령도,2016-09-18 02:00,20.7,,3.9,70,80,1991
102,백령도,2016-09-18 03:00,20.9,,2.9,70,72,2000
102,백령도,2016-09-18 04:00,19.3,,3.3,50,89,1755
102,백령도,2016-09-18 05:00,18.9,,3.7,70,87,1855
102,백령도,2016-09-18 06:00,18.9,,3.6,70,86,1846
102,백령도,2016-09-18 07:00,19.1,,2.6,70,84,1880
102,백령도,2016-09-18 08:00,20.5,,2.5,70,79,1993
102,백령도,2016-09-18 09:00,21.7,,3,70,73,2000
102,백령도,2016-09-18 10:00,22.1,,3,70,71,2000
102,백령도,2016-09-18 11:00,22.2,,2.2,70,71,1873
102,백령도,2016-09-18 12:00,22.3,,1.4,20,72,1968
102,백령도,2016-09-18 13:00,21,,2.7,320,77,1984
102,백령도,2016-09-18 14:00,21.6,,2.2,320,76,1953
102,백령도,2016-09-18 15:00,22,,2,320,72,1985
102,백령도,2016-09-18 16:00,20.7,,1.3,360,76,2000
102,백령도,2016-09-18 17:00,20.9,,1.4,340,79,2000
102,백령도,2016-09-18 18:00,19.5,,1.5,360,87,2000
102,백령도,2016-09-18 19:00,18.8,,1.8,340,92,1992
102,백령도,2016-09-18 20:00,18.9,,2.1,360,92,2000
102,백령도,2016-09-18 21:00,18.7,,1.4,360,92,2000
102,백령도,2016-09-18 22:00,19.1,,1.7,360,89,2000
102,백령도,2016-09-18 23:00,18.8,,1.7,360,91,2000
102,백령도,2016-09-19 00:00,18.8,,2.1,360,92,2000
102,백령도,2016-09-19 01:00,18.4,,2,360,94,1389
102,백령도,2016-09-19 02:00,18.7,,3.3,20,94,1508
102,백령도,2016-09-19 03:00,18.4,,3.1,70,90,2000
102,백령도,2016-09-19 04:00,18.1,,1.9,50,92,2000
102,백령도,2016-09-19 05:00,18,,2.7,50,88,2000
102,백령도,2016-09-19 06:00,17.3,,3,70,89,2000
102,백령도,2016-09-19 07:00,17.8,,2.8,50,86,2000
102,백령도,2016-09-19 08:00,19.2,,3.3,70,83,2000
102,백령도,2016-09-19 09:00,20.8,,3.5,70,72,2000
102,백령도,2016-09-19 10:00,21.1,,2.9,70,67,2000
102,백령도,2016-09-19 11:00,21,,1.3,20,75,1933
102,백령도,2016-09-19 12:00,21.4,,1.9,320,75,2000
102,백령도,2016-09-19 13:00,21.8,,1.5,290,73,2000
102,백령도,2016-09-19 14:00,21.4,,1.6,320,75,1987
102,백령도,2016-09-19 15:00,21.2,,1.3,340,75,2000
102,백령도,2016-09-19 16:00,20.7,,1.4,340,77,2000
102,백령도,2016-09-19 17:00,20.2,,2,340,78,2000
102,백령도,2016-09-19 18:00,18.9,,1.7,360,86,2000
102,백령도,2016-09-19 19:00,18.7,,2,360,85,2000
102,백령도,2016-09-19 20:00,18.7,,2.2,20,84,2000
102,백령도,2016-09-19 21:00,18.9,,1.8,20,86,2000
102,백령도,2016-09-19 22:00,18.7,,3.2,70,92,2000
102,백령도,2016-09-19 23:00,18.5,,3.5,50,82,2000
102,백령도,2016-09-20 00:00,17.4,,3.9,70,88,2000
102,백령도,2016-09-20 01:00,17.1,,4.1,70,83,2000
102,백령도,2016-09-20 02:00,17.1,,4.8,70,75,2000
102,백령도,2016-09-20 03:00,17,,4.8,70,74,2000
102,백령도,2016-09-20 04:00,16.8,,4,70,75,2000
102,백령도,2016-09-20 05:00,16.3,,4,70,78,2000
102,백령도,2016-09-20 06:00,16.2,,3.5,70,79,2000
102,백령도,2016-09-20 07:00,16.4,,3.7,70,72,2000
102,백령도,2016-09-20 08:00,17.7,,3.9,70,70,2000
102,백령도,2016-09-20 09:00,19.4,,4.1,70,61,2000
102,백령도,2016-09-20 10:00,20.3,,5.1,70,61,2000
102,백령도,2016-09-20 11:00,20.6,,4,70,55,2000
102,백령도,2016-09-20 12:00,21.2,,3.1,70,50,2000
102,백령도,2016-09-20 13:00,20.9,,2.6,320,68,2000
102,백령도,2016-09-20 14:00,21,,3,290,68,2000
102,백령도,2016-09-20 15:00,21,,2.7,320,69,1976
102,백령도,2016-09-20 16:00,20.8,,2.3,320,69,2000
102,백령도,2016-09-20 17:00,19.9,,2.5,320,70,2000
102,백령도,2016-09-20 18:00,18.6,,1.5,320,78,2000
102,백령도,2016-09-20 19:00,17.9,,2,360,81,2000
102,백령도,2016-09-20 20:00,17.9,,2.4,360,87,2000
102,백령도,2016-09-20 21:00,17.6,,2.3,50,90,2000
102,백령도,2016-09-20 22:00,17.7,,2.8,50,88,2000
102,백령도,2016-09-20 23:00,17.6,,3.6,50,86,2000
102,백령도,2016-09-21 00:00,17.9,,2.6,50,78,2000
102,백령도,2016-09-21 01:00,17.2,,3.1,70,84,2000
102,백령도,2016-09-21 02:00,17.9,,4.1,70,63,2000
102,백령도,2016-09-21 03:00,17.8,,5.3,90,63,2000
102,백령도,2016-09-21 04:00,17.4,,5.3,90,61,1993
102,백령도,2016-09-21 05:00,17.1,,5.4,90,60,1991
102,백령도,2016-09-21 06:00,16.9,,5.5,90,60,1841
102,백령도,2016-09-21 07:00,17.1,,6.5,90,56,1791
102,백령도,2016-09-21 08:00,17.7,,6.7,90,55,1662
102,백령도,2016-09-21 09:00,18.7,,7,110,54,1633
102,백령도,2016-09-21 10:00,19.5,,6.7,110,54,1698
102,백령도,2016-09-21 11:00,20.2,,6.1,90,59,1745
102,백령도,2016-09-21 12:00,20.1,,6.4,90,61,1596
102,백령도,2016-09-21 13:00,20.4,,3.7,110,63,1522
102,백령도,2016-09-21 14:00,20.3,,4.3,110,62,1694
102,백령도,2016-09-21 15:00,21.4,,2.4,160,58,1420
102,백령도,2016-09-21 16:00,20.4,,3,180,57,1561
102,백령도,2016-09-21 17:00,19.9,,2.1,180,62,1551
102,백령도,2016-09-21 18:00,19.4,,1.5,160,65,1581
102,백령도,2016-09-21 19:00,18.5,,1,70,71,1512
102,백령도,2016-09-21 20:00,18.8,,.6,90,68,1520
102,백령도,2016-09-21 21:00,17.9,,1.3,70,79,1408
102,백령도,2016-09-21 22:00,17.6,,2.1,70,78,1437
102,백령도,2016-09-21 23:00,17.7,,2.2,70,75,1414
102,백령도,2016-09-22 00:00,17.5,,2.4,70,77,1442
102,백령도,2016-09-22 01:00,17.7,,2.8,70,64,1565
102,백령도,2016-09-22 02:00,17.8,,2.4,90,61,1567
102,백령도,2016-09-22 03:00,17.1,,2.6,70,82,1339
102,백령도,2016-09-22 04:00,16.8,,2.7,70,88,1227
102,백령도,2016-09-22 05:00,17,,2.7,70,77,1531
102,백령도,2016-09-22 06:00,17,,2.7,70,80,1431
102,백령도,2016-09-22 07:00,17.4,,2.8,70,68,1524
102,백령도,2016-09-22 08:00,18.1,,2.2,90,69,1541
102,백령도,2016-09-22 09:00,19.7,,1.9,90,64,1552
102,백령도,2016-09-22 10:00,20.5,,2.7,110,56,1729
102,백령도,2016-09-22 11:00,21.2,,2.1,70,55,1571
102,백령도,2016-09-22 12:00,21.3,,1.3,70,63,1502
102,백령도,2016-09-22 13:00,22.2,,1.9,290,47,1875
102,백령도,2016-09-22 14:00,22.1,,2.6,290,49,1773
102,백령도,2016-09-22 15:00,22.4,,3.2,290,50,1741
102,백령도,2016-09-22 16:00,22.1,,3,290,52,1849
102,백령도,2016-09-22 17:00,21.4,,2.6,290,57,1772
102,백령도,2016-09-22 18:00,19.9,,2.3,290,67,1718
102,백령도,2016-09-22 19:00,18.9,,1.5,360,74,1557
102,백령도,2016-09-22 20:00,18.2,,1.9,20,77,1488
102,백령도,2016-09-22 21:00,18.4,,2.2,20,69,1653
102,백령도,2016-09-22 22:00,19.1,,1.7,360,64,1855
102,백령도,2016-09-22 23:00,19.9,,.9,50,37,1653
102,백령도,2016-09-23 00:00,20.1,,1.9,90,29,1461
102,백령도,2016-09-23 01:00,20,,.8,180,31,1972
102,백령도,2016-09-23 02:00,19.6,,1.7,250,37,1968
102,백령도,2016-09-23 03:00,18.9,,1.5,200,42,1881
102,백령도,2016-09-23 04:00,18.7,,1.3,230,65,1811
102,백령도,2016-09-23 05:00,18.5,,0,0,62,1835
102,백령도,2016-09-23 06:00,18.7,,.7,110,65,1769
102,백령도,2016-09-23 07:00,18.6,,1.4,160,68,1818
102,백령도,2016-09-23 08:00,18.8,,3.1,140,72,1606
102,백령도,2016-09-23 09:00,20.1,,1.7,160,67,1807
102,백령도,2016-09-23 10:00,22.4,,.6,160,61,1852
102,백령도,2016-09-23 11:00,22.3,,2.3,230,55,1992
102,백령도,2016-09-23 12:00,22.8,,3.2,230,56,2000
102,백령도,2016-09-23 13:00,23.5,,3.3,230,54,1900
102,백령도,2016-09-23 14:00,23.8,,3.7,230,56,1859
102,백령도,2016-09-23 15:00,23.3,,3.7,230,58,1844
102,백령도,2016-09-23 16:00,23.2,,3.9,200,59,1874
102,백령도,2016-09-23 17:00,22.1,,4.6,200,65,1880
102,백령도,2016-09-23 18:00,20.3,,4.3,230,74,1877
102,백령도,2016-09-23 19:00,19.5,,4.5,230,78,1857
102,백령도,2016-09-23 20:00,19.6,,4.1,160,77,1730
102,백령도,2016-09-23 21:00,19.5,,4,160,79,1647
102,백령도,2016-09-23 22:00,19.5,,3.4,160,78,1688
102,백령도,2016-09-23 23:00,19.4,,3,200,77,1972
102,백령도,2016-09-24 00:00,19.3,,3.3,160,80,1652
102,백령도,2016-09-24 01:00,19.4,,4.2,160,79,1747
102,백령도,2016-09-24 02:00,19.1,,3,160,82,1644
102,백령도,2016-09-24 03:00,19.3,,3.1,160,81,1784
102,백령도,2016-09-24 04:00,19.3,,2.7,160,81,1710
102,백령도,2016-09-24 05:00,19.9,,2.9,160,77,1943
102,백령도,2016-09-24 06:00,18.4,,3.1,140,93,984
102,백령도,2016-09-24 07:00,18.1,,3.8,110,95,344
102,백령도,2016-09-24 08:00,18.6,,2.8,110,94,652
102,백령도,2016-09-24 09:00,20.2,,3.1,110,91,1144
102,백령도,2016-09-24 10:00,21.9,,2.3,140,74,1810
102,백령도,2016-09-24 11:00,22.4,,2.8,160,71,1831
102,백령도,2016-09-24 12:00,22.4,,1.7,160,68,1936
102,백령도,2016-09-24 13:00,22.4,,2.5,180,67,1868
102,백령도,2016-09-24 14:00,23.9,,3.4,200,65,1956
102,백령도,2016-09-24 15:00,23.5,,3.2,230,65,1931
102,백령도,2016-09-24 16:00,23.1,,4.5,230,66,2000
102,백령도,2016-09-24 17:00,21.8,,1.4,200,69,1993
102,백령도,2016-09-24 18:00,20.7,,3.1,160,74,1986
102,백령도,2016-09-24 19:00,19.8,,3,160,81,1846
102,백령도,2016-09-24 20:00,19.8,,1.5,180,82,1814
102,백령도,2016-09-24 21:00,19.8,,2.4,200,87,1992
102,백령도,2016-09-24 22:00,20.1,,3.2,230,89,1973
102,백령도,2016-09-24 23:00,20.3,,4.6,230,87,2000
102,백령도,2016-09-25 00:00,20.3,,5.3,230,89,1997
102,백령도,2016-09-25 01:00,20.1,,5.6,230,91,1983
102,백령도,2016-09-25 02:00,19.9,,3.2,230,91,1906
102,백령도,2016-09-25 03:00,19.9,,3.3,200,90,2000
102,백령도,2016-09-25 04:00,19.9,,2.2,180,87,2000
102,백령도,2016-09-25 05:00,19.9,,2.7,200,86,2000
102,백령도,2016-09-25 06:00,20.2,,1.8,180,86,2000
102,백령도,2016-09-25 07:00,19.9,,1.5,140,86,2000
102,백령도,2016-09-25 08:00,19,,3.8,110,94,656
102,백령도,2016-09-25 09:00,20.6,,2.6,110,90,1368
102,백령도,2016-09-25 10:00,22.8,,2,110,81,1839
102,백령도,2016-09-25 11:00,22.4,,2.6,200,74,2000
102,백령도,2016-09-25 12:00,23.2,,2.4,200,70,2000
102,백령도,2016-09-25 13:00,24.9,,2.2,230,65,2000
102,백령도,2016-09-25 14:00,23.6,,2,200,69,2000
102,백령도,2016-09-25 15:00,22.8,,.8,90,73,1960
102,백령도,2016-09-25 16:00,24.1,,1.8,230,70,2000
102,백령도,2016-09-25 17:00,22.4,,1.8,200,81,1989
102,백령도,2016-09-25 18:00,21.5,,1.4,200,86,1982
102,백령도,2016-09-25 19:00,20.8,,.8,90,90,1933
102,백령도,2016-09-25 20:00,20.4,,.8,90,90,1994
102,백령도,2016-09-25 21:00,20.2,,1.2,90,90,2000
102,백령도,2016-09-25 22:00,20,,1.4,50,90,1992
102,백령도,2016-09-25 23:00,20.4,,1.1,20,90,2000
102,백령도,2016-09-26 00:00,19.2,,2.2,50,92,1806
102,백령도,2016-09-26 01:00,19.5,,1.9,20,92,2000
102,백령도,2016-09-26 02:00,20.6,,1.5,360,78,2000
102,백령도,2016-09-26 03:00,21.2,,1.6,110,71,2000
102,백령도,2016-09-26 04:00,19.4,,1.8,70,85,2000
102,백령도,2016-09-26 05:00,19.5,,1.4,50,82,2000
102,백령도,2016-09-26 06:00,19.6,,2,70,78,2000
102,백령도,2016-09-26 07:00,20.2,0,1,90,76,2000
102,백령도,2016-09-26 08:00,19.9,,2.2,90,83,1885
102,백령도,2016-09-26 09:00,20.1,0,.7,140,85,1881
102,백령도,2016-09-26 10:00,20.8,,3.6,70,86,1770
102,백령도,2016-09-26 11:00,21.9,,2.9,110,83,1640
102,백령도,2016-09-26 12:00,24.2,,.9,110,75,1695
102,백령도,2016-09-26 13:00,24.9,,2.7,230,68,1920
102,백령도,2016-09-26 14:00,25.5,,3.1,200,59,1993
102,백령도,2016-09-26 15:00,24,,2,250,60,1971
102,백령도,2016-09-26 16:00,21.4,,1.2,90,83,1476
102,백령도,2016-09-26 17:00,25,,2.1,230,52,2000
102,백령도,2016-09-26 18:00,21.1,,1,90,82,1764
102,백령도,2016-09-26 19:00,20.6,,1,230,88,1692
102,백령도,2016-09-26 20:00,21.5,,2.9,180,64,2000
102,백령도,2016-09-26 21:00,21,,.6,20,69,1953
102,백령도,2016-09-26 22:00,21.2,,.3,0,75,1994
102,백령도,2016-09-26 23:00,21.2,,2.3,200,70,2000
102,백령도,2016-09-27 00:00,20.9,,1.7,110,73,2000
102,백령도,2016-09-27 01:00,19.5,,.9,70,94,287
102,백령도,2016-09-27 02:00,20.8,0,3.4,200,85,869
102,백령도,2016-09-27 03:00,20.4,0,3.4,160,93,378
102,백령도,2016-09-27 04:00,20.9,0,2.6,180,94,247
102,백령도,2016-09-27 05:00,20.9,0,3.7,200,95,180
102,백령도,2016-09-27 06:00,20.9,0,2.6,250,95,158
102,백령도,2016-09-27 07:00,19.6,0,1.8,50,96,88
102,백령도,2016-09-27 08:00,20,1,1.4,70,95,148
102,백령도,2016-09-27 09:00,19.8,1.1,1.7,110,93,441
102,백령도,2016-09-27 10:00,20.7,0,1.4,90,92,753
102,백령도,2016-09-27 11:00,21.3,,1.3,110,91,653
102,백령도,2016-09-27 12:00,20.5,0,1.3,90,93,487
102,백령도,2016-09-27 13:00,21.2,,2.4,140,76,1911
102,백령도,2016-09-27 14:00,21.4,0,1.8,160,78,1994
102,백령도,2016-09-27 15:00,21.4,0,2,180,76,2000
102,백령도,2016-09-27 16:00,20.2,0,3.6,200,90,1941
102,백령도,2016-09-27 17:00,19.6,0,3.6,200,92,1553
102,백령도,2016-09-27 18:00,19.1,0,4,200,93,1400
102,백령도,2016-09-27 19:00,19.2,,4.4,230,93,1487
102,백령도,2016-09-27 20:00,19.5,,3.7,230,94,955
102,백령도,2016-09-27 21:00,20.4,,4,270,93,1417
102,백령도,2016-09-27 22:00,17.8,,1.4,290,93,967
102,백령도,2016-09-27 23:00,16.6,.2,2.1,340,92,1084
102,백령도,2016-09-28 00:00,16.3,0,2.9,360,87,1722
102,백령도,2016-09-28 01:00,15.9,0,3,340,87,1458
102,백령도,2016-09-28 02:00,15.5,,2.7,340,86,1809
102,백령도,2016-09-28 03:00,15.2,,2.9,340,87,1978
102,백령도,2016-09-28 04:00,14.8,,3.2,320,87,2000
102,백령도,2016-09-28 05:00,14.7,,2.6,340,86,2000
102,백령도,2016-09-28 06:00,14.5,,3.5,340,85,2000
102,백령도,2016-09-28 07:00,14.1,,4.1,320,82,2000
102,백령도,2016-09-28 08:00,14.1,,3.3,340,79,2000
102,백령도,2016-09-28 09:00,14.6,,3.2,340,79,2000
102,백령도,2016-09-28 10:00,14.5,,4.1,320,80,2000
102,백령도,2016-09-28 11:00,15,,3.9,320,80,2000
102,백령도,2016-09-28 12:00,15.6,0,2.9,340,79,2000
102,백령도,2016-09-28 13:00,15.2,0,2.5,340,80,2000
102,백령도,2016-09-28 14:00,15.3,0,3.5,340,79,2000
102,백령도,2016-09-28 15:00,16.1,0,2.1,340,75,2000
102,백령도,2016-09-28 16:00,16.4,,2,360,73,1999
102,백령도,2016-09-28 17:00,15.8,,2.4,360,76,2000
102,백령도,2016-09-28 18:00,15.7,,2.4,340,73,2000
102,백령도,2016-09-28 19:00,15.9,,2.6,20,71,2000
102,백령도,2016-09-28 20:00,16.1,,2.2,20,71,2000
102,백령도,2016-09-28 21:00,16.5,,2.1,360,71,2000
102,백령도,2016-09-28 22:00,16.6,,2.1,20,70,2000
102,백령도,2016-09-28 23:00,17,,1.9,360,70,2000
102,백령도,2016-09-29 00:00,16.7,,2,340,73,2000
102,백령도,2016-09-29 01:00,16.7,,1.5,340,80,2000
102,백령도,2016-09-29 02:00,16.8,,2.2,20,78,2000
102,백령도,2016-09-29 03:00,16.6,,1.8,360,81,2000
102,백령도,2016-09-29 04:00,16.6,,1.4,340,81,2000
102,백령도,2016-09-29 05:00,16.2,,1.6,50,86,2000
102,백령도,2016-09-29 06:00,15.8,,2.2,50,90,2000
102,백령도,2016-09-29 07:00,15.7,,2.5,50,92,2000
102,백령도,2016-09-29 08:00,16.6,,3.1,70,88,1993
102,백령도,2016-09-29 09:00,18.4,,3.7,70,76,2000
102,백령도,2016-09-29 10:00,18.8,,4.1,70,69,2000
102,백령도,2016-09-29 11:00,19.7,,3,70,66,1999
102,백령도,2016-09-29 12:00,19.7,,2.3,70,67,2000
102,백령도,2016-09-29 13:00,18.9,,1.2,290,73,2000
102,백령도,2016-09-29 14:00,19,,2.8,290,72,1999
102,백령도,2016-09-29 15:00,19.6,,2.9,290,70,2000
102,백령도,2016-09-29 16:00,19.2,,2.7,290,71,2000
102,백령도,2016-09-29 17:00,18.3,,1.4,320,80,2000
102,백령도,2016-09-29 18:00,17.3,,1,360,81,2000
102,백령도,2016-09-29 19:00,17.1,,1.7,360,92,2000
102,백령도,2016-09-29 20:00,16.8,,1.9,360,91,2000
102,백령도,2016-09-29 21:00,17.1,,2.4,360,90,2000
102,백령도,2016-09-29 22:00,17,,2.1,360,91,2000
102,백령도,2016-09-29 23:00,16.8,,1.9,360,92,2000
102,백령도,2016-09-30 00:00,16.8,,2.2,360,92,2000
102,백령도,2016-09-30 01:00,16.6,,2,360,93,2000
102,백령도,2016-09-30 02:00,16.4,,2.2,360,93,2000
102,백령도,2016-09-30 03:00,16.2,,1.7,340,93,2000
102,백령도,2016-09-30 04:00,16.1,,1.7,360,93,2000
102,백령도,2016-09-30 05:00,16.1,,1.8,340,93,2000
102,백령도,2016-09-30 06:00,16.2,,2.2,360,91,2000
102,백령도,2016-09-30 07:00,16.1,,1.8,340,91,2000
102,백령도,2016-09-30 08:00,16.6,,1.9,360,88,2000
102,백령도,2016-09-30 09:00,17.6,,1.6,360,84,1999
102,백령도,2016-09-30 10:00,17.9,,2.3,50,83,2000
102,백령도,2016-09-30 11:00,18.2,,1.8,50,83,2000
102,백령도,2016-09-30 12:00,19.3,,1.4,20,77,2000
102,백령도,2016-09-30 13:00,18.9,,1.6,340,72,2000
102,백령도,2016-09-30 14:00,20,,1.4,340,69,2000
102,백령도,2016-09-30 15:00,18.4,,1.5,320,74,2000
102,백령도,2016-09-30 16:00,18.3,,1.4,340,78,2000
102,백령도,2016-09-30 17:00,17.9,,1.2,340,83,2000
102,백령도,2016-09-30 18:00,17.4,,1.4,340,85,1979
102,백령도,2016-09-30 19:00,17,,2.2,360,89,1990
102,백령도,2016-09-30 20:00,17.1,,2.2,360,89,1982
102,백령도,2016-09-30 21:00,17.1,,2.2,360,91,1951
102,백령도,2016-09-30 22:00,16.7,,2.3,20,92,1785
102,백령도,2016-09-30 23:00,16.8,,2,360,92,1775
102,백령도,2016-10-01 00:00,17,,1.5,50,92,1726
102,백령도,2016-10-01 01:00,16.9,,2.1,50,93,1534
102,백령도,2016-10-01 02:00,16.8,,2.4,20,93,1554
102,백령도,2016-10-01 03:00,16.8,,3,50,93,1563
102,백령도,2016-10-01 04:00,17,,2.8,70,92,1852
102,백령도,2016-10-01 05:00,17.2,,2.1,70,80,2000
102,백령도,2016-10-01 06:00,16.7,,3.1,70,87,1808
102,백령도,2016-10-01 07:00,16.7,,2.9,70,92,1424
102,백령도,2016-10-01 08:00,17.7,,2.5,90,92,1337
102,백령도,2016-10-01 09:00,19.5,,2.5,140,80,1889
102,백령도,2016-10-01 10:00,20,,1.6,70,82,1763
102,백령도,2016-10-01 11:00,20.6,,3.6,110,73,1929
102,백령도,2016-10-01 12:00,21.1,,3.5,110,72,1897
102,백령도,2016-10-01 13:00,22,,4.4,110,68,1754
102,백령도,2016-10-01 14:00,21.8,,4.2,110,66,1824
102,백령도,2016-10-01 15:00,22.3,,2.7,160,65,1918
102,백령도,2016-10-01 16:00,21.1,,4,180,77,1508
102,백령도,2016-10-01 17:00,20.7,,2.3,230,78,1523
102,백령도,2016-10-01 18:00,20.3,,2.5,200,83,1546
102,백령도,2016-10-01 19:00,19.4,,2.7,200,91,1317
102,백령도,2016-10-01 20:00,19.5,,2.3,180,89,1918
102,백령도,2016-10-01 21:00,19.3,,1.5,180,92,1671
102,백령도,2016-10-01 22:00,19.5,,1.6,160,92,1578
102,백령도,2016-10-01 23:00,19.5,,2.7,160,90,1233
102,백령도,2016-10-02 00:00,19.1,,2.6,140,94,633
102,백령도,2016-10-02 01:00,18.8,,3.3,110,95,257
102,백령도,2016-10-02 02:00,18.6,,3.4,110,95,36
102,백령도,2016-10-02 03:00,18.4,,2.8,90,96,12
102,백령도,2016-10-02 04:00,18.1,,2.4,70,96,18
102,백령도,2016-10-02 05:00,18,,2.7,90,96,95
102,백령도,2016-10-02 06:00,18,,3.8,90,95,221
102,백령도,2016-10-02 07:00,18,,3.8,90,94,382
102,백령도,2016-10-02 08:00,18.1,,4.8,90,94,344
102,백령도,2016-10-02 09:00,18.4,,5.1,90,93,447
102,백령도,2016-10-02 10:00,18.8,0,7,90,88,568
102,백령도,2016-10-02 11:00,19.5,0,5.4,90,89,481
102,백령도,2016-10-02 12:00,19.9,0,5.6,90,91,355
102,백령도,2016-10-02 13:00,19.5,0,3.2,70,92,417
102,백령도,2016-10-02 14:00,18.6,.1,6.8,70,92,723
102,백령도,2016-10-02 15:00,16.3,.2,10.3,90,94,521
102,백령도,2016-10-02 16:00,16.1,5.9,6.9,70,95,140
102,백령도,2016-10-02 17:00,15.6,8.3,6.7,70,96,150
102,백령도,2016-10-02 18:00,16,10.9,4.1,70,96,140
102,백령도,2016-10-02 19:00,15.9,9.5,6.1,70,96,150
102,백령도,2016-10-02 20:00,15.9,8.4,8.3,70,96,150
102,백령도,2016-10-02 21:00,16,2.4,6.4,50,96,130
102,백령도,2016-10-02 22:00,15.8,.1,7.4,70,96,813
102,백령도,2016-10-02 23:00,16.5,.2,4,50,95,2000
102,백령도,2016-10-03 00:00,16.3,0,1.6,50,95,1994
102,백령도,2016-10-03 01:00,16.4,,3.3,50,95,2000
102,백령도,2016-10-03 02:00,16.4,,1.5,50,95,2000
102,백령도,2016-10-03 03:00,16.4,,.6,20,95,877
102,백령도,2016-10-03 04:00,16.4,,1.4,20,95,1444
102,백령도,2016-10-03 05:00,16.4,,2,360,94,2000
102,백령도,2016-10-03 06:00,16.5,,1.9,20,94,2000
102,백령도,2016-10-03 07:00,16.3,,3.4,50,94,2000
102,백령도,2016-10-03 08:00,17.6,,1.6,50,93,2000
102,백령도,2016-10-03 09:00,18.7,,3.9,70,90,2000
102,백령도,2016-10-03 10:00,19.7,,1.4,90,83,2000
102,백령도,2016-10-03 11:00,20,,2.5,320,81,2000
102,백령도,2016-10-03 12:00,20.1,,2.9,320,89,1985
102,백령도,2016-10-03 13:00,20.7,,2,360,86,1024
102,백령도,2016-10-03 14:00,20.9,,2.4,340,84,1032
102,백령도,2016-10-03 15:00,20.1,,3.2,320,83,1128
102,백령도,2016-10-03 16:00,19.8,,2.7,320,84,1313
102,백령도,2016-10-03 17:00,19.3,,1.7,340,78,1950
102,백령도,2016-10-03 18:00,18.2,,2.1,320,80,1994
102,백령도,2016-10-03 19:00,18,,2.2,340,81,1995
102,백령도,2016-10-03 20:00,18.2,,2,360,87,1954
102,백령도,2016-10-03 21:00,17.9,,1.9,290,92,1353
102,백령도,2016-10-03 22:00,17.7,,2.3,320,94,1144
102,백령도,2016-10-03 23:00,18,,1.8,320,94,987
102,백령도,2016-10-04 00:00,17.8,,1.8,340,94,940
102,백령도,2016-10-04 01:00,17.7,,2.6,360,94,839
102,백령도,2016-10-04 02:00,17.3,,2.7,360,94,675
102,백령도,2016-10-04 03:00,17,,3.2,50,93,1156
102,백령도,2016-10-04 04:00,17,,3.6,50,93,1190
102,백령도,2016-10-04 05:00,16.4,,3.2,70,95,675
102,백령도,2016-10-04 06:00,16.4,,3.2,70,94,915
102,백령도,2016-10-04 07:00,16.8,,2.5,70,94,1016
102,백령도,2016-10-04 08:00,17.9,,1.6,70,92,1164
102,백령도,2016-10-04 09:00,18.3,,1.3,90,93,1500
102,백령도,2016-10-04 10:00,19.4,,2.3,70,86,1499
102,백령도,2016-10-04 11:00,20.2,,2.2,70,69,1886
102,백령도,2016-10-04 12:00,21.4,,1.2,90,72,1913
102,백령도,2016-10-04 13:00,20.5,,1.9,50,80,1150
102,백령도,2016-10-04 14:00,21,,1.4,70,75,1533
102,백령도,2016-10-04 15:00,19.9,,2.1,20,81,1170
102,백령도,2016-10-04 16:00,20.7,,.5,20,74,2000
102,백령도,2016-10-04 17:00,21.1,,.1,0,70,1967
102,백령도,2016-10-04 18:00,20.9,,2.9,110,71,2000
102,백령도,2016-10-04 19:00,21.2,,3.7,90,56,2000
102,백령도,2016-10-04 20:00,22.5,,5.8,90,53,2000
102,백령도,2016-10-04 21:00,21.9,,3.4,70,53,2000
102,백령도,2016-10-04 22:00,19.4,,3.2,50,68,2000
102,백령도,2016-10-04 23:00,20.5,,3.7,70,62,2000
102,백령도,2016-10-05 00:00,20.3,,4.5,70,65,2000
102,백령도,2016-10-05 01:00,20.1,,4.9,70,70,2000
102,백령도,2016-10-05 02:00,19.5,,7.1,90,72,2000
102,백령도,2016-10-05 03:00,18.8,,7.1,90,79,2000
102,백령도,2016-10-05 04:00,18.4,,5.9,90,79,2000
102,백령도,2016-10-05 05:00,17.9,,4.7,70,83,2000
102,백령도,2016-10-05 06:00,17.2,,4,50,92,1975
102,백령도,2016-10-05 07:00,17.3,,2.4,20,92,1931
102,백령도,2016-10-05 08:00,18.5,,2.8,70,84,1998
102,백령도,2016-10-05 09:00,20.8,,.6,50,67,2000
102,백령도,2016-10-05 10:00,20.8,,1.7,320,69,1985
102,백령도,2016-10-05 11:00,19.9,,3.9,290,76,1983
102,백령도,2016-10-05 12:00,20.2,,5.1,290,84,1926
102,백령도,2016-10-05 13:00,19.8,,4.7,290,91,1585
102,백령도,2016-10-05 14:00,19.6,,3.9,320,87,1844
102,백령도,2016-10-05 15:00,19.2,,4.5,320,82,1499
102,백령도,2016-10-05 16:00,18.3,,4,320,80,1086
102,백령도,2016-10-05 17:00,17.6,,4.4,290,79,1085
102,백령도,2016-10-05 18:00,16.6,,4.5,290,80,1428
102,백령도,2016-10-05 19:00,16.4,,3.8,320,78,1995
102,백령도,2016-10-05 20:00,16.3,,4.5,320,77,1958
102,백령도,2016-10-05 21:00,15.7,,5.3,320,81,1326
102,백령도,2016-10-05 22:00,15.1,,3.8,320,78,1474
102,백령도,2016-10-05 23:00,14.9,,4.4,320,76,1823
102,백령도,2016-10-06 00:00,14.7,,3.4,320,79,1795
102,백령도,2016-10-06 01:00,14.5,,2.3,320,79,1736
102,백령도,2016-10-06 02:00,14.3,,3.4,320,78,1905
102,백령도,2016-10-06 03:00,14.1,,4.1,320,79,1933
102,백령도,2016-10-06 04:00,13.8,,2.5,320,79,1992
102,백령도,2016-10-06 05:00,13.9,,3.2,320,77,2000
102,백령도,2016-10-06 06:00,13.7,,3.4,320,77,2000
102,백령도,2016-10-06 07:00,13.8,,4.3,320,77,2000
102,백령도,2016-10-06 08:00,13.8,,3.8,340,78,1979
102,백령도,2016-10-06 09:00,15.2,,2.2,340,72,1994
102,백령도,2016-10-06 10:00,16.3,,1.8,20,68,2000
102,백령도,2016-10-06 11:00,17.1,,1.6,360,63,2000
102,백령도,2016-10-06 12:00,17.2,,2,340,61,2000
102,백령도,2016-10-06 13:00,17.4,,2.1,340,60,2000
102,백령도,2016-10-06 14:00,17.5,,3.1,320,60,2000
102,백령도,2016-10-06 15:00,16.7,,1.9,340,60,2000
102,백령도,2016-10-06 16:00,16.3,,2,320,61,2000
102,백령도,2016-10-06 17:00,15.8,,1.8,320,61,2000
102,백령도,2016-10-06 18:00,15.1,,1.6,340,56,2000
102,백령도,2016-10-06 19:00,15.3,,1.7,360,58,2000
102,백령도,2016-10-06 20:00,15.8,,2.6,20,57,2000
102,백령도,2016-10-06 21:00,16.2,,1.7,20,57,2000
102,백령도,2016-10-06 22:00,16.7,,2.4,20,56,2000
102,백령도,2016-10-06 23:00,16.8,,2.1,50,56,2000
102,백령도,2016-10-07 00:00,16.5,,5,70,54,2000
102,백령도,2016-10-07 01:00,15.6,,3.8,70,48,2000
102,백령도,2016-10-07 02:00,15.6,,3,70,56,2000
102,백령도,2016-10-07 03:00,15.9,,2.8,70,57,2000
102,백령도,2016-10-07 04:00,16.4,,3,70,45,2000
102,백령도,2016-10-07 05:00,15.9,,3.3,50,58,2000
102,백령도,2016-10-07 06:00,16.4,,3.9,90,48,2000
102,백령도,2016-10-07 07:00,16.2,,4.6,70,51,2000
102,백령도,2016-10-07 08:00,16.5,,5.2,90,61,2000
102,백령도,2016-10-07 09:00,16.5,,4.4,90,66,2000
102,백령도,2016-10-07 10:00,17.1,,4.4,90,75,2000
102,백령도,2016-10-07 11:00,17.6,,2.4,70,80,1908
102,백령도,2016-10-07 12:00,17.6,,3,70,81,1846
102,백령도,2016-10-07 13:00,18.9,,3.8,90,86,1139
102,백령도,2016-10-07 14:00,19.6,,4.4,140,77,1372
102,백령도,2016-10-07 15:00,19.9,,4.6,110,87,1186
102,백령도,2016-10-07 16:00,19.9,,3.5,140,90,1257
102,백령도,2016-10-07 17:00,19.6,,2.9,140,90,1302
102,백령도,2016-10-07 18:00,19,,4.3,160,88,1744
102,백령도,2016-10-07 19:00,19,,6.2,160,88,1934
102,백령도,2016-10-07 20:00,18.3,0,3.4,200,93,1350
102,백령도,2016-10-07 21:00,16.3,.6,8.3,230,94,1489
102,백령도,2016-10-07 22:00,16.7,.1,5.1,230,94,1522
102,백령도,2016-10-07 23:00,16.8,0,9.2,230,95,712
102,백령도,2016-10-08 00:00,16.8,2.4,8,230,96,550
102,백령도,2016-10-08 01:00,16.9,2.6,5,230,96,252
102,백령도,2016-10-08 02:00,16.8,.2,2.7,230,96,154
102,백령도,2016-10-08 03:00,16.7,0,3.8,270,95,815
102,백령도,2016-10-08 04:00,17,,5.1,290,95,693
102,백령도,2016-10-08 05:00,16.7,,5.6,290,92,1896
102,백령도,2016-10-08 06:00,16,,3,320,95,1300
102,백령도,2016-10-08 07:00,15.8,,3.2,320,93,1795
102,백령도,2016-10-08 08:00,15.7,,3.4,290,92,1982
102,백령도,2016-10-08 09:00,16.5,,5.8,290,80,2000
102,백령도,2016-10-08 10:00,17.2,,7.8,290,66,2000
102,백령도,2016-10-08 11:00,17.8,,8.8,290,57,1977
102,백령도,2016-10-08 12:00,16.9,,8,290,61,1815
102,백령도,2016-10-08 13:00,16.8,,5.7,290,61,1950
102,백령도,2016-10-08 14:00,16.3,,6.6,290,56,2000
102,백령도,2016-10-08 15:00,16.1,,7,290,55,2000
102,백령도,2016-10-08 16:00,15,,8.1,290,53,2000
102,백령도,2016-10-08 17:00,14.3,,8.2,290,52,2000
102,백령도,2016-10-08 18:00,13.8,,5.1,290,58,2000
102,백령도,2016-10-08 19:00,13.1,,4.5,320,58,2000
102,백령도,2016-10-08 20:00,11.9,,4.6,320,57,2000
102,백령도,2016-10-08 21:00,11.8,,4.9,320,57,2000
102,백령도,2016-10-08 22:00,11.7,,4.8,320,54,2000
102,백령도,2016-10-08 23:00,11.2,,5.3,320,50,2000
102,백령도,2016-10-09 00:00,11,,4.9,320,52,2000
102,백령도,2016-10-09 01:00,10.8,,5.9,320,52,2000
102,백령도,2016-10-09 02:00,10.5,,5.1,320,52,2000
102,백령도,2016-10-09 03:00,10.4,,5.1,320,52,2000
102,백령도,2016-10-09 04:00,10.1,,3.7,320,52,2000
102,백령도,2016-10-09 05:00,9.9,,2.9,340,54,2000
102,백령도,2016-10-09 06:00,9.9,,2.8,360,56,2000
102,백령도,2016-10-09 07:00,9.9,,2.7,340,55,2000
102,백령도,2016-10-09 08:00,10.4,,2.3,360,52,2000
102,백령도,2016-10-09 09:00,11.5,,2.9,20,53,2000
102,백령도,2016-10-09 10:00,11.8,,2.2,360,47,2000
102,백령도,2016-10-09 11:00,12.5,,2.5,20,44,2000
102,백령도,2016-10-09 12:00,13.4,,2.7,50,44,2000
102,백령도,2016-10-09 13:00,13.3,,2.4,340,42,2000
102,백령도,2016-10-09 14:00,13.1,,2.7,320,42,2000
102,백령도,2016-10-09 15:00,13,,2.2,320,48,2000
102,백령도,2016-10-09 16:00,11.5,,2.2,320,52,2000
102,백령도,2016-10-09 17:00,11.2,,3,320,55,2000
102,백령도,2016-10-09 18:00,10.9,,3.8,290,54,2000
102,백령도,2016-10-09 19:00,11,,3.6,290,56,2000
102,백령도,2016-10-09 20:00,11.5,,3.5,320,52,2000
102,백령도,2016-10-09 21:00,11.6,,3.3,290,52,2000
102,백령도,2016-10-09 22:00,11.7,,2.5,320,49,2000
102,백령도,2016-10-09 23:00,11.9,,3.1,320,46,2000
102,백령도,2016-10-10 00:00,11.9,,3.4,320,49,2000
102,백령도,2016-10-10 01:00,12,,2,320,50,2000
102,백령도,2016-10-10 02:00,12.5,,1.9,360,50,2000
102,백령도,2016-10-10 03:00,12.7,,1.8,20,49,2000
102,백령도,2016-10-10 04:00,12.6,,1.6,20,51,2000
102,백령도,2016-10-10 05:00,12.1,,3.5,50,54,2000
102,백령도,2016-10-10 06:00,11.4,,4,70,53,2000
102,백령도,2016-10-10 07:00,11.2,,2.1,50,53,2000
102,백령도,2016-10-10 08:00,12.1,,2.4,70,49,2000
102,백령도,2016-10-10 09:00,13.4,,1.6,70,50,2000
102,백령도,2016-10-10 10:00,14.2,,2.4,90,32,2000
102,백령도,2016-10-10 11:00,14.9,,2.2,70,29,2000
102,백령도,2016-10-10 12:00,15.6,,1.9,70,26,2000
102,백령도,2016-10-10 13:00,16.1,,1.5,290,29,2000
102,백령도,2016-10-10 14:00,15.9,,2.7,270,33,2000
102,백령도,2016-10-10 15:00,16.3,,1.9,290,36,2000
102,백령도,2016-10-10 16:00,16.4,,2.4,290,38,2000
102,백령도,2016-10-10 17:00,15.3,,2.7,290,43,2000
102,백령도,2016-10-10 18:00,13.7,,2.4,290,45,2000
102,백령도,2016-10-10 19:00,13.6,,2.6,290,45,2000
102,백령도,2016-10-10 20:00,14.6,,0,0,30,2000
102,백령도,2016-10-10 21:00,14.1,,1.1,180,41,2000
102,백령도,2016-10-10 22:00,14.8,,1.4,160,34,2000
102,백령도,2016-10-10 23:00,14.6,,3.7,140,41,2000
102,백령도,2016-10-11 00:00,13.8,,2.9,200,51,2000
102,백령도,2016-10-11 01:00,13.8,,3.5,230,59,2000
102,백령도,2016-10-11 02:00,14.5,,3.6,250,53,2000
102,백령도,2016-10-11 03:00,14.9,,4.9,250,53,2000
102,백령도,2016-10-11 04:00,15,,3.7,270,59,2000
102,백령도,2016-10-11 05:00,15.1,,4.2,270,65,2000
102,백령도,2016-10-11 06:00,15.3,,3.8,270,73,2000
102,백령도,2016-10-11 07:00,15.3,,4,270,85,1988
102,백령도,2016-10-11 08:00,16.4,,4.6,270,77,1933
102,백령도,2016-10-11 09:00,17,,5,270,75,1958
102,백령도,2016-10-11 10:00,17.5,,4.6,270,75,1860
102,백령도,2016-10-11 11:00,18.2,,5.3,270,75,1690
102,백령도,2016-10-11 12:00,18.7,,4.1,270,76,1387
102,백령도,2016-10-11 13:00,18.6,,5,290,76,1004
102,백령도,2016-10-11 14:00,18.7,,5.1,290,76,798
102,백령도,2016-10-11 15:00,18.2,,5.1,290,82,681
102,백령도,2016-10-11 16:00,18.1,,4,290,87,505
102,백령도,2016-10-11 17:00,16.9,,1.3,320,90,643
102,백령도,2016-10-11 18:00,15.8,,1.4,320,88,667
102,백령도,2016-10-11 19:00,15.3,,1.2,320,90,704
102,백령도,2016-10-11 20:00,15.1,,1.2,320,85,1146
102,백령도,2016-10-11 21:00,15.4,,1.9,340,72,2000
102,백령도,2016-10-11 22:00,15.4,,1.9,320,68,1963
102,백령도,2016-10-11 23:00,15.2,,2.1,320,67,1906
102,백령도,2016-10-12 00:00,15.3,,1.6,360,58,2000
102,백령도,2016-10-12 01:00,14.6,,1.7,360,56,2000
102,백령도,2016-10-12 02:00,14.5,,1.3,340,52,2000
102,백령도,2016-10-12 03:00,14.1,,2.3,20,59,2000
102,백령도,2016-10-12 04:00,13.4,,2.5,50,60,2000
102,백령도,2016-10-12 05:00,12.7,,2.9,50,57,2000
102,백령도,2016-10-12 06:00,12.4,,2.9,50,55,2000
102,백령도,2016-10-12 07:00,12.3,,3.6,50,51,2000
102,백령도,2016-10-12 08:00,12.1,,2.5,50,48,2000
102,백령도,2016-10-12 09:00,13.4,,3,50,42,2000
102,백령도,2016-10-12 10:00,13.5,,5.9,70,39,2000
102,백령도,2016-10-12 11:00,14.6,,3.2,50,38,1970
102,백령도,2016-10-12 12:00,15,,4.1,50,37,2000
102,백령도,2016-10-12 13:00,16,,3.1,50,35,2000
102,백령도,2016-10-12 14:00,15.4,,2.1,20,36,2000
102,백령도,2016-10-12 15:00,14.7,,2.1,50,41,2000
102,백령도,2016-10-12 16:00,14.2,,2.3,20,43,2000
102,백령도,2016-10-12 17:00,14.2,,2.1,20,45,2000
102,백령도,2016-10-12 18:00,13.7,,1.5,360,45,2000
102,백령도,2016-10-12 19:00,13.5,,1.5,360,47,2000
102,백령도,2016-10-12 20:00,13.4,,1.6,360,49,2000
102,백령도,2016-10-12 21:00,13.3,,1.3,340,51,2000
102,백령도,2016-10-12 22:00,13.5,,2.7,320,50,2000
102,백령도,2016-10-12 23:00,13.3,,1.5,320,52,2000
102,백령도,2016-10-13 00:00,13.2,,1.3,320,53,2000
102,백령도,2016-10-13 01:00,13.7,,1.6,360,51,2000
102,백령도,2016-10-13 02:00,13.6,,1.2,320,55,2000
102,백령도,2016-10-13 03:00,13.7,,2.5,320,55,2000
102,백령도,2016-10-13 04:00,13.8,,1.8,360,54,2000
102,백령도,2016-10-13 05:00,13.4,,2.7,50,60,2000
102,백령도,2016-10-13 06:00,13.5,,1.1,70,64,2000
102,백령도,2016-10-13 07:00,14,,.6,70,62,2000
102,백령도,2016-10-13 08:00,14.2,,2.3,110,63,2000
102,백령도,2016-10-13 09:00,14.8,,3,90,62,2000
102,백령도,2016-10-13 10:00,15.3,,3.2,110,58,2000
102,백령도,2016-10-13 11:00,16.2,,2.5,90,54,2000
102,백령도,2016-10-13 12:00,17.6,,1.2,140,48,2000
102,백령도,2016-10-13 13:00,17.1,,2.4,230,51,2000
102,백령도,2016-10-13 14:00,17.6,,1.3,230,53,2000
102,백령도,2016-10-13 15:00,17.3,,2.2,200,55,2000
102,백령도,2016-10-13 16:00,17,,1.9,200,58,2000
102,백령도,2016-10-13 17:00,15.8,,3.7,180,63,2000
102,백령도,2016-10-13 18:00,15.3,,1.9,200,70,2000
102,백령도,2016-10-13 19:00,15.4,,2.9,200,76,2000
102,백령도,2016-10-13 20:00,15.4,,4.6,200,79,2000
102,백령도,2016-10-13 21:00,15.7,,5.5,230,81,2000
102,백령도,2016-10-13 22:00,15.8,,5.2,200,81,2000
102,백령도,2016-10-13 23:00,16,,5.9,230,85,1960
102,백령도,2016-10-14 00:00,16,,5.3,230,87,1813
102,백령도,2016-10-14 01:00,16.1,,5.6,230,88,1900
102,백령도,2016-10-14 02:00,16.2,,5.2,230,89,1932
102,백령도,2016-10-14 03:00,16.4,,5.3,230,89,1993
102,백령도,2016-10-14 04:00,16.3,,5.3,230,91,1996
102,백령도,2016-10-14 05:00,16.4,,5.6,230,91,2000
102,백령도,2016-10-14 06:00,16.4,,5,200,90,2000
102,백령도,2016-10-14 07:00,16.4,,4.9,200,90,2000
102,백령도,2016-10-14 08:00,16.9,,4.7,200,88,2000
102,백령도,2016-10-14 09:00,17.7,,4.5,200,84,2000
102,백령도,2016-10-14 10:00,18.3,,5.2,230,82,2000
102,백령도,2016-10-14 11:00,18.3,,4.9,230,82,2000
102,백령도,2016-10-14 12:00,19.4,,5.5,230,80,2000
102,백령도,2016-10-14 13:00,20.1,,5.1,230,78,2000
102,백령도,2016-10-14 14:00,20.2,,3.2,230,79,2000
102,백령도,2016-10-14 15:00,20.5,,3.3,230,79,1980
102,백령도,2016-10-14 16:00,19.8,,3.7,230,80,2000
102,백령도,2016-10-14 17:00,18.4,,3.8,200,88,1993
102,백령도,2016-10-14 18:00,17.4,,3.7,200,93,1940
102,백령도,2016-10-14 19:00,16.9,,3.4,200,93,1397
102,백령도,2016-10-14 20:00,17,,2.9,200,94,1248
102,백령도,2016-10-14 21:00,16.8,,3.4,200,94,1049
102,백령도,2016-10-14 22:00,16.6,,3.4,200,95,609
102,백령도,2016-10-14 23:00,16.7,,2,180,95,531
102,백령도,2016-10-15 00:00,16.8,,2,200,95,533
102,백령도,2016-10-15 01:00,16.8,,2.4,200,95,574
102,백령도,2016-10-15 02:00,16.8,,1,180,95,457
102,백령도,2016-10-15 03:00,16.5,,2.3,200,95,267
102,백령도,2016-10-15 04:00,16.4,,1.7,90,95,443
102,백령도,2016-10-15 05:00,15.8,,1.9,110,95,163
102,백령도,2016-10-15 06:00,15.2,,1.9,90,95,43
102,백령도,2016-10-15 07:00,15.3,,2.2,90,96,8
102,백령도,2016-10-15 08:00,15.3,,2.7,90,96,7
102,백령도,2016-10-15 09:00,16,,3.6,90,96,9
102,백령도,2016-10-15 10:00,16.8,,3.4,90,96,518
102,백령도,2016-10-15 11:00,18.6,,2.7,90,88,858
102,백령도,2016-10-15 12:00,19.9,,3.1,90,70,904
102,백령도,2016-10-15 13:00,20.3,,2.7,110,64,954
102,백령도,2016-10-15 14:00,20.2,,2.4,110,72,977
102,백령도,2016-10-15 15:00,20,,2.3,90,66,999
102,백령도,2016-10-15 16:00,18.9,,2.3,70,81,821
102,백령도,2016-10-15 17:00,17.6,,1.9,90,88,639
102,백령도,2016-10-15 18:00,17.6,,2.3,110,85,883
102,백령도,2016-10-15 19:00,18,,3.1,110,79,1082
102,백령도,2016-10-15 20:00,18.7,,2.3,140,60,1940
102,백령도,2016-10-15 21:00,17.9,,2.3,110,80,984
102,백령도,2016-10-15 22:00,18,,2.6,90,75,1269
102,백령도,2016-10-15 23:00,18.2,,2.4,70,67,1708
102,백령도,2016-10-16 00:00,17.4,,2.8,70,82,905
102,백령도,2016-10-16 01:00,18.5,,3.3,70,68,1618
102,백령도,2016-10-16 02:00,18.6,,3.4,90,65,1871
102,백령도,2016-10-16 03:00,17.7,,2.9,70,68,1873
102,백령도,2016-10-16 04:00,18.1,,2.6,70,64,1994
102,백령도,2016-10-16 05:00,17.8,,2.1,70,65,1979
102,백령도,2016-10-16 06:00,16.4,,2.6,70,85,1066
102,백령도,2016-10-16 07:00,17.5,,2.9,90,65,1970
102,백령도,2016-10-16 08:00,17,0,4.1,90,73,1620
102,백령도,2016-10-16 09:00,16.3,0,3.4,90,86,994
102,백령도,2016-10-16 10:00,16.6,0,4.6,110,90,711
102,백령도,2016-10-16 11:00,17.1,0,3,110,92,531
102,백령도,2016-10-16 12:00,17.3,0,2.3,140,93,360
102,백령도,2016-10-16 13:00,19.1,0,2.5,230,88,709
102,백령도,2016-10-16 14:00,18.6,,3.2,250,88,715
102,백령도,2016-10-16 15:00,18.2,0,5.2,200,90,441
102,백령도,2016-10-16 16:00,17.2,0,3.5,230,85,607
102,백령도,2016-10-16 17:00,16.4,0,1.9,180,80,888
102,백령도,2016-10-16 18:00,16,0,3.4,160,76,1436
102,백령도,2016-10-16 19:00,15.5,0,2.3,200,85,1193
102,백령도,2016-10-16 20:00,15.4,,2.7,200,92,923
102,백령도,2016-10-16 21:00,14.7,,2.7,200,93,935
102,백령도,2016-10-16 22:00,15,,4.2,180,93,791
102,백령도,2016-10-16 23:00,14.9,,2,200,92,1156
102,백령도,2016-10-17 00:00,14.9,,2.6,270,94,662
102,백령도,2016-10-17 01:00,15.5,,2.2,270,93,1052
102,백령도,2016-10-17 02:00,15.7,,3.3,290,93,1479
102,백령도,2016-10-17 03:00,15.7,,2.8,290,93,1047
102,백령도,2016-10-17 04:00,15.8,0,3.2,320,94,499
102,백령도,2016-10-17 05:00,15.9,,2.4,320,94,413
102,백령도,2016-10-17 06:00,15.8,,1.7,320,95,252
102,백령도,2016-10-17 07:00,15.8,,2.1,320,95,488
102,백령도,2016-10-17 08:00,16.1,,2.5,290,94,596
102,백령도,2016-10-17 09:00,16.1,,3.3,290,94,1003
102,백령도,2016-10-17 10:00,17.4,,2.3,320,91,1882
102,백령도,2016-10-17 11:00,17.7,,3.1,290,90,1684
102,백령도,2016-10-17 12:00,17.7,,3.6,290,91,959
102,백령도,2016-10-17 13:00,18.2,,2.5,320,88,504
102,백령도,2016-10-17 14:00,19.1,,1.6,340,79,911
102,백령도,2016-10-17 15:00,18.8,,1.6,340,72,1071
102,백령도,2016-10-17 16:00,17.9,,1.4,360,62,1814
102,백령도,2016-10-17 17:00,16.9,,.2,0,68,1998
102,백령도,2016-10-17 18:00,15.7,,1.3,340,63,2000
102,백령도,2016-10-17 19:00,15.3,,2,320,64,2000
102,백령도,2016-10-17 20:00,14.9,,3.4,290,64,2000
102,백령도,2016-10-17 21:00,14.4,,3.5,290,68,2000
102,백령도,2016-10-17 22:00,15,,3.6,290,55,2000
102,백령도,2016-10-17 23:00,14.7,,5.2,290,66,2000
102,백령도,2016-10-18 00:00,15.1,,5.6,290,63,2000
102,백령도,2016-10-18 01:00,15.1,,4.7,290,66,2000
102,백령도,2016-10-18 02:00,15.1,,3.1,320,62,2000
102,백령도,2016-10-18 03:00,14.8,,2.5,320,64,2000
102,백령도,2016-10-18 04:00,14.6,,1.7,340,68,2000
102,백령도,2016-10-18 05:00,14.7,,1.8,360,62,2000
102,백령도,2016-10-18 06:00,15,,1.7,360,61,2000
102,백령도,2016-10-18 07:00,15.4,,1.8,360,53,2000
102,백령도,2016-10-18 08:00,15.6,,.7,360,54,2000
102,백령도,2016-10-18 09:00,17.1,,1.4,90,53,2000
102,백령도,2016-10-18 10:00,17.2,,1,320,51,2000
102,백령도,2016-10-18 11:00,17.5,,1,360,58,2000
102,백령도,2016-10-18 12:00,17.4,,2.2,290,64,2000
102,백령도,2016-10-18 13:00,17.8,,2.3,290,65,2000
102,백령도,2016-10-18 14:00,17.6,,2.9,290,65,2000
102,백령도,2016-10-18 15:00,17.1,,3.8,290,67,2000
102,백령도,2016-10-18 16:00,16.8,,3.6,290,67,1964
102,백령도,2016-10-18 17:00,16.6,,1.9,290,73,2000
102,백령도,2016-10-18 18:00,14.9,,2.2,290,83,2000
102,백령도,2016-10-18 19:00,14.7,,1.4,340,89,2000
102,백령도,2016-10-18 20:00,15.1,,2.2,360,86,2000
102,백령도,2016-10-18 21:00,15.4,,2.7,360,83,2000
102,백령도,2016-10-18 22:00,15,,2,20,87,2000
102,백령도,2016-10-18 23:00,15.5,,2.2,360,81,2000
102,백령도,2016-10-19 00:00,15.3,,1.5,360,78,2000
102,백령도,2016-10-19 01:00,15.2,,2.3,50,80,2000
102,백령도,2016-10-19 02:00,16.8,,.7,20,44,2000
102,백령도,2016-10-19 03:00,15.6,,1.1,90,67,2000
102,백령도,2016-10-19 04:00,16.2,,1.7,70,48,2000
102,백령도,2016-10-19 05:00,16,,1.8,50,48,2000
102,백령도,2016-10-19 06:00,15.6,,1.1,110,57,2000
102,백령도,2016-10-19 07:00,15.3,,.2,0,69,2000
102,백령도,2016-10-19 08:00,15.3,,.8,160,77,2000
102,백령도,2016-10-19 09:00,16.7,,.9,160,63,2000
102,백령도,2016-10-19 10:00,17.5,,.3,0,70,2000
102,백령도,2016-10-19 11:00,17.9,,.3,0,74,2000
102,백령도,2016-10-19 12:00,18.9,,1.2,250,51,2000
102,백령도,2016-10-19 13:00,18.6,,3.9,250,52,2000
102,백령도,2016-10-19 14:00,18.5,,3.9,250,57,2000
102,백령도,2016-10-19 15:00,18.9,,3.1,250,57,2000
102,백령도,2016-10-19 16:00,18.1,,4.2,250,65,2000
102,백령도,2016-10-19 17:00,17.8,,3.5,270,61,2000
102,백령도,2016-10-19 18:00,16.3,,3.1,270,74,2000
102,백령도,2016-10-19 19:00,16.5,,4,270,82,1998
102,백령도,2016-10-19 20:00,16.5,,3.2,290,86,1302
102,백령도,2016-10-19 21:00,16.3,,2.5,290,88,1046
102,백령도,2016-10-19 22:00,16.3,,1.9,320,92,430
102,백령도,2016-10-19 23:00,16.5,,1.8,320,94,256
102,백령도,2016-10-20 00:00,17.4,,1.9,340,74,585
102,백령도,2016-10-20 01:00,16.9,,1.8,360,85,426
102,백령도,2016-10-20 02:00,15.9,,2,290,94,223
102,백령도,2016-10-20 03:00,15.9,,3.4,290,95,117
102,백령도,2016-10-20 04:00,15.7,,2.4,290,95,128
102,백령도,2016-10-20 05:00,15.8,,2.5,290,94,249
102,백령도,2016-10-20 06:00,15.7,,1.3,20,95,75
102,백령도,2016-10-20 07:00,16,,1.4,50,95,15
102,백령도,2016-10-20 08:00,16.4,,1,340,96,34
102,백령도,2016-10-20 09:00,17,,1.6,20,95,131
102,백령도,2016-10-20 10:00,17.9,,1.5,50,89,428
102,백령도,2016-10-20 11:00,18.9,,1.7,50,76,610
102,백령도,2016-10-20 12:00,19.1,,2.3,20,68,975
102,백령도,2016-10-20 13:00,19.4,,1.8,340,63,1228
102,백령도,2016-10-20 14:00,19,,2.4,320,61,1876
102,백령도,2016-10-20 15:00,18.3,,2.1,340,59,1977
102,백령도,2016-10-20 16:00,17.5,,1.9,360,64,1987
102,백령도,2016-10-20 17:00,16.7,,1.7,360,68,1913
102,백령도,2016-10-20 18:00,16.3,,3.5,50,60,2000
102,백령도,2016-10-20 19:00,16.4,,4,50,68,2000
102,백령도,2016-10-20 20:00,16.3,,3,50,75,1960
102,백령도,2016-10-20 21:00,17.1,,3.5,70,57,1991
102,백령도,2016-10-20 22:00,17.1,,3.1,50,57,1996
102,백령도,2016-10-20 23:00,17.5,,4.1,70,53,1925
102,백령도,2016-10-21 00:00,17.6,,6.4,70,57,1467
102,백령도,2016-10-21 01:00,16.8,,5.5,90,70,1169
102,백령도,2016-10-21 02:00,16.5,,7.9,90,76,1502
102,백령도,2016-10-21 03:00,15.7,0,8.6,90,82,1850
102,백령도,2016-10-21 04:00,15.7,0,8.6,90,84,1957
102,백령도,2016-10-21 05:00,15.5,0,7.2,90,87,1920
102,백령도,2016-10-21 06:00,15.7,0,7.1,90,88,1926
102,백령도,2016-10-21 07:00,15.9,,7.1,110,87,1986
102,백령도,2016-10-21 08:00,15.8,,7.2,110,89,1977
102,백령도,2016-10-21 09:00,16.3,,6.3,110,88,1944
102,백령도,2016-10-21 10:00,16.4,,5.3,110,88,1957
102,백령도,2016-10-21 11:00,17.1,,5.2,110,88,1896
102,백령도,2016-10-21 12:00,17.6,,3.9,110,89,1449
102,백령도,2016-10-21 13:00,17.2,0,4.8,140,88,1380
102,백령도,2016-10-21 14:00,17.2,,2.7,140,92,1166
102,백령도,2016-10-21 15:00,16.5,0,2,90,93,508
102,백령도,2016-10-21 16:00,16.6,0,3.2,110,92,1025
102,백령도,2016-10-21 17:00,16.5,,4,110,92,1130
102,백령도,2016-10-21 18:00,16.2,,3.8,90,93,860
102,백령도,2016-10-21 19:00,16.3,,3.8,110,92,1024
102,백령도,2016-10-21 20:00,16.4,,3.2,140,92,1083
102,백령도,2016-10-21 21:00,16.4,,2.5,140,92,1032
102,백령도,2016-10-21 22:00,16.2,,2.5,110,93,913
102,백령도,2016-10-21 23:00,16.1,,2.4,110,94,676
102,백령도,2016-10-22 00:00,16.2,,2.1,140,94,778
102,백령도,2016-10-22 01:00,16,,1.5,250,94,784
102,백령도,2016-10-22 02:00,16,,.3,0,94,695
102,백령도,2016-10-22 03:00,15.7,,2.3,70,95,19
102,백령도,2016-10-22 04:00,16.1,,1.7,160,95,659
102,백령도,2016-10-22 05:00,15.8,,1.8,90,95,461
102,백령도,2016-10-22 06:00,15.9,0,2,90,94,854
102,백령도,2016-10-22 07:00,15.6,0,1.9,70,94,638
102,백령도,2016-10-22 08:00,15.4,0,1.4,70,94,645
102,백령도,2016-10-22 09:00,15.6,,1.7,50,93,916
102,백령도,2016-10-22 10:00,15.5,.3,2.7,70,95,172
102,백령도,2016-10-22 11:00,15,0,2.9,50,95,143
102,백령도,2016-10-22 12:00,14.6,.2,1.6,50,95,38
102,백령도,2016-10-22 13:00,15.1,.2,.4,0,95,45
102,백령도,2016-10-22 14:00,15.6,0,1.4,340,95,1374
102,백령도,2016-10-22 15:00,14.9,,1.5,320,95,278
102,백령도,2016-10-22 16:00,14.4,,2.6,360,94,465
102,백령도,2016-10-22 17:00,14.6,,2.7,20,94,852
102,백령도,2016-10-22 18:00,15,,2,20,93,1444
102,백령도,2016-10-22 19:00,15.3,,1.5,20,93,1568
102,백령도,2016-10-22 20:00,15.4,,1.5,20,92,1768
102,백령도,2016-10-22 21:00,15.3,,2.6,20,90,1675
102,백령도,2016-10-22 22:00,14.8,,2,20,91,1559
102,백령도,2016-10-22 23:00,14.6,,1.9,360,85,1449
102,백령도,2016-10-23 00:00,14,,2.2,20,89,1330
102,백령도,2016-10-23 01:00,13.9,,2.2,20,89,1437
102,백령도,2016-10-23 02:00,13.9,,2.4,20,86,1524
102,백령도,2016-10-23 03:00,13.8,0,2,20,89,1295
102,백령도,2016-10-23 04:00,13.8,0,2.4,50,92,1078
102,백령도,2016-10-23 05:00,13.8,,2.2,50,91,1169
102,백령도,2016-10-23 06:00,14.2,,3.9,50,87,1267
102,백령도,2016-10-23 07:00,14,,3.4,70,88,1061
102,백령도,2016-10-23 08:00,14.5,,3.7,70,89,1337
102,백령도,2016-10-23 09:00,14.9,,5.5,70,79,2000
102,백령도,2016-10-23 10:00,15.5,,5.9,70,75,1996
102,백령도,2016-10-23 11:00,15.1,,5,70,75,2000
102,백령도,2016-10-23 12:00,15.2,,5.5,70,72,2000
102,백령도,2016-10-23 13:00,15.5,,5.4,70,69,2000
102,백령도,2016-10-23 14:00,15.1,,4.8,70,68,2000
102,백령도,2016-10-23 15:00,14.4,,4.6,70,69,2000
102,백령도,2016-10-23 16:00,14.5,,4.2,50,71,2000
102,백령도,2016-10-23 17:00,13.8,,3.2,70,72,2000
102,백령도,2016-10-23 18:00,13,,3.9,70,76,2000
102,백령도,2016-10-23 19:00,12.7,,4.9,90,74,2000
102,백령도,2016-10-23 20:00,12.3,,4.2,90,74,2000
102,백령도,2016-10-23 21:00,12,,5.3,90,69,2000
102,백령도,2016-10-23 22:00,11.7,,6.2,90,67,2000
102,백령도,2016-10-23 23:00,11,,4.6,70,70,2000
102,백령도,2016-10-24 00:00,10.9,,3.8,90,70,2000
102,백령도,2016-10-24 01:00,11.1,,3.6,70,71,2000
102,백령도,2016-10-24 02:00,10.5,,3.4,70,74,2000
102,백령도,2016-10-24 03:00,10.6,,3.3,70,74,2000
102,백령도,2016-10-24 04:00,10.4,,4.3,90,78,2000
102,백령도,2016-10-24 05:00,10.2,,3.5,90,81,2000
102,백령도,2016-10-24 06:00,10.1,,4,90,80,2000
102,백령도,2016-10-24 07:00,10.1,,5.3,90,79,2000
102,백령도,2016-10-24 08:00,10.8,,2.9,70,78,2000
102,백령도,2016-10-24 09:00,11.4,,3.8,70,75,2000
102,백령도,2016-10-24 10:00,13.2,,4.3,70,70,2000
102,백령도,2016-10-24 11:00,13.7,,3.7,90,69,2000
102,백령도,2016-10-24 12:00,14.1,,3.7,90,70,2000
102,백령도,2016-10-24 13:00,14.7,,5.1,90,67,2000
102,백령도,2016-10-24 14:00,14.3,,4.9,110,69,2000
102,백령도,2016-10-24 15:00,15,,3.5,140,66,2000
102,백령도,2016-10-24 16:00,14,,5.8,110,74,2000
102,백령도,2016-10-24 17:00,14.1,,6.5,110,76,2000
102,백령도,2016-10-24 18:00,14.1,,6.9,110,79,2000
102,백령도,2016-10-24 19:00,14.1,0,6,110,83,2000
102,백령도,2016-10-24 20:00,14.3,0,5.8,110,87,2000
102,백령도,2016-10-24 21:00,14.1,0,8,110,93,1356
102,백령도,2016-10-24 22:00,14.3,1.2,6.5,110,95,291
102,백령도,2016-10-24 23:00,14.4,3.1,7.3,110,95,57
102,백령도,2016-10-25 00:00,14.9,2.2,7.6,140,96,326
102,백령도,2016-10-25 01:00,14.5,4.9,7.9,140,96,173
102,백령도,2016-10-25 02:00,16.5,9.3,7.4,230,96,350
102,백령도,2016-10-25 03:00,16.5,7.1,11,230,96,750
102,백령도,2016-10-25 04:00,16.1,7.1,10.6,270,96,119
102,백령도,2016-10-25 05:00,12.9,2.1,2.1,340,95,520
102,백령도,2016-10-25 06:00,12.7,1.1,3,360,95,1829
102,백령도,2016-10-25 07:00,12.5,0,3.1,20,95,1759
102,백령도,2016-10-25 08:00,12.6,0,2.2,20,94,1985
102,백령도,2016-10-25 09:00,13.1,,3.2,320,93,2000
102,백령도,2016-10-25 10:00,14.7,,2.1,340,86,2000
102,백령도,2016-10-25 11:00,14.4,,4.6,320,85,2000
102,백령도,2016-10-25 12:00,14.4,,4.9,320,77,2000
102,백령도,2016-10-25 13:00,15.2,,4.2,320,72,2000
102,백령도,2016-10-25 14:00,15.8,,3.3,320,71,2000
102,백령도,2016-10-25 15:00,15.6,,3.6,320,68,2000
102,백령도,2016-10-25 16:00,15.2,,5,290,69,2000
102,백령도,2016-10-25 17:00,14.1,,5.5,290,78,2000
102,백령도,2016-10-25 18:00,13.5,,3.5,290,76,1940
102,백령도,2016-10-25 19:00,13.8,,2.9,290,67,1757
102,백령도,2016-10-25 20:00,13.7,,2.2,290,67,1968
102,백령도,2016-10-25 21:00,13.7,,2.6,270,61,1947
102,백령도,2016-10-25 22:00,13.9,,6.6,270,80,1288
102,백령도,2016-10-25 23:00,14.4,,6.8,270,83,998
102,백령도,2016-10-26 00:00,14.6,,5.2,290,86,818
102,백령도,2016-10-26 01:00,14.7,,5.7,290,87,497
102,백령도,2016-10-26 02:00,14.7,,5.2,290,90,438
102,백령도,2016-10-26 03:00,14.7,,3.2,290,87,535
102,백령도,2016-10-26 04:00,14.5,,3.3,320,89,552
102,백령도,2016-10-26 05:00,14.4,,1.6,320,90,648
102,백령도,2016-10-26 06:00,14.4,,1.9,320,92,661
102,백령도,2016-10-26 07:00,14.3,,1.7,340,93,728
102,백령도,2016-10-26 08:00,14.5,,1.9,320,93,824
102,백령도,2016-10-26 09:00,15.2,,1,290,90,710
102,백령도,2016-10-26 10:00,15.7,,1.8,320,85,824
102,백령도,2016-10-26 11:00,15.1,,2.5,360,87,642
102,백령도,2016-10-26 12:00,15,,2.9,20,80,913
102,백령도,2016-10-26 13:00,14.4,,2.4,20,78,990
102,백령도,2016-10-26 14:00,14.4,,2.6,20,68,1463
102,백령도,2016-10-26 15:00,14.4,,2.5,20,59,2000
102,백령도,2016-10-26 16:00,13.4,,2.3,20,53,2000
102,백령도,2016-10-26 17:00,13.1,,2.3,360,51,2000
102,백령도,2016-10-26 18:00,12.5,,2.5,360,50,2000
102,백령도,2016-10-26 19:00,12.5,,1.5,360,46,2000
102,백령도,2016-10-26 20:00,12.4,,1.7,20,51,2000
102,백령도,2016-10-26 21:00,12.5,,2.3,20,46,2000
102,백령도,2016-10-26 22:00,12.5,,1.8,340,46,2000
102,백령도,2016-10-26 23:00,12.4,,2.1,360,47,2000
102,백령도,2016-10-27 00:00,12.5,,2.2,340,46,2000
102,백령도,2016-10-27 01:00,12.4,,2.2,360,47,2000
102,백령도,2016-10-27 02:00,12.5,,2.2,360,49,2000
102,백령도,2016-10-27 03:00,11.3,,2.5,50,53,2000
102,백령도,2016-10-27 04:00,10.6,,3.1,50,52,2000
102,백령도,2016-10-27 05:00,10.7,,2.1,20,53,2000
102,백령도,2016-10-27 06:00,11.2,,2.7,50,53,2000
102,백령도,2016-10-27 07:00,10.6,,3.9,50,46,2000
102,백령도,2016-10-27 08:00,11.2,,4.6,50,36,2000
102,백령도,2016-10-27 09:00,12.8,,1.6,70,34,2000
102,백령도,2016-10-27 10:00,13.4,,2.6,70,31,2000
102,백령도,2016-10-27 11:00,14.3,,3.4,70,32,2000
102,백령도,2016-10-27 12:00,14.9,,3.5,70,24,2000
102,백령도,2016-10-27 13:00,15.2,,3.1,70,29,1994
102,백령도,2016-10-27 14:00,15.1,,1.6,70,30,2000
102,백령도,2016-10-27 15:00,16.1,,.6,340,38,2000
102,백령도,2016-10-27 16:00,14.3,,1.2,290,51,2000
102,백령도,2016-10-27 17:00,13.7,,1.7,50,61,2000
102,백령도,2016-10-27 18:00,13.9,,3.6,50,59,2000
102,백령도,2016-10-27 19:00,13.9,,3.3,70,61,2000
102,백령도,2016-10-27 20:00,14,,2.7,70,62,2000
102,백령도,2016-10-27 21:00,14.6,,1.5,50,65,2000
102,백령도,2016-10-27 22:00,14.5,,2.1,50,68,2000
102,백령도,2016-10-27 23:00,14.5,,1.7,20,69,1978
102,백령도,2016-10-28 00:00,14.5,,1.9,360,76,2000
102,백령도,2016-10-28 01:00,14.6,,2.6,70,73,2000
102,백령도,2016-10-28 02:00,14.6,,2.2,50,73,1995
102,백령도,2016-10-28 03:00,14.4,0,1.7,20,68,1924
102,백령도,2016-10-28 04:00,14.3,0,1.7,50,71,1908
102,백령도,2016-10-28 05:00,13.9,0,1.9,50,74,1986
102,백령도,2016-10-28 06:00,14.2,0,3.3,50,64,2000
102,백령도,2016-10-28 07:00,14.5,0,2.2,20,56,2000
102,백령도,2016-10-28 08:00,14.8,,1.5,340,54,2000
102,백령도,2016-10-28 09:00,14.4,,3.1,320,61,1909
102,백령도,2016-10-28 10:00,13.5,,2.9,320,57,1431
102,백령도,2016-10-28 11:00,14.8,,3.1,320,58,1993
102,백령도,2016-10-28 12:00,14.6,,2.9,320,62,1853
102,백령도,2016-10-28 13:00,14.9,,2,320,63,1815
102,백령도,2016-10-28 14:00,13.5,,4.7,290,69,1605
102,백령도,2016-10-28 15:00,12.9,,4.5,320,66,2000
102,백령도,2016-10-28 16:00,11.9,,3.9,320,58,2000
102,백령도,2016-10-28 17:00,12,,5,320,53,2000
102,백령도,2016-10-28 18:00,11.4,,5,320,52,2000
102,백령도,2016-10-28 19:00,11.5,,3,320,37,2000
102,백령도,2016-10-28 20:00,11,,3.6,320,39,2000
102,백령도,2016-10-28 21:00,10.5,,3.6,320,44,2000
102,백령도,2016-10-28 22:00,10.1,,3.9,340,42,2000
102,백령도,2016-10-28 23:00,9.7,,3.1,340,39,2000
102,백령도,2016-10-29 00:00,9.2,,3.3,360,32,2000
102,백령도,2016-10-29 01:00,8.8,,3.3,320,34,2000
102,백령도,2016-10-29 02:00,8.4,,3.2,340,39,2000
102,백령도,2016-10-29 03:00,8,,3.3,320,37,2000
102,백령도,2016-10-29 04:00,7.8,,3.3,20,46,2000
102,백령도,2016-10-29 05:00,7.3,,3.9,360,30,2000
102,백령도,2016-10-29 06:00,7.3,,3.5,360,33,2000
102,백령도,2016-10-29 07:00,7.3,,3.6,360,30,2000
102,백령도,2016-10-29 08:00,7.3,,3.5,20,36,2000
102,백령도,2016-10-29 09:00,7.6,,3.3,20,35,2000
102,백령도,2016-10-29 10:00,7.7,,3.9,20,33,2000
102,백령도,2016-10-29 11:00,7.8,,3.9,20,34,2000
102,백령도,2016-10-29 12:00,8.1,,3.1,360,36,2000
102,백령도,2016-10-29 13:00,8.5,,3.1,20,30,2000
102,백령도,2016-10-29 14:00,8.8,,3.1,320,30,2000
102,백령도,2016-10-29 15:00,7.9,,3.1,340,31,2000
102,백령도,2016-10-29 16:00,7.8,,3,320,34,2000
102,백령도,2016-10-29 17:00,7.6,,3.6,320,38,2000
102,백령도,2016-10-29 18:00,6.9,,3.5,320,40,2000
102,백령도,2016-10-29 19:00,7.1,,3,320,35,2000
102,백령도,2016-10-29 20:00,7.2,,4,290,36,2000
102,백령도,2016-10-29 21:00,7.3,,2.5,320,35,2000
102,백령도,2016-10-29 22:00,7.4,,2.2,320,33,2000
102,백령도,2016-10-29 23:00,7.4,,2.3,320,33,2000
102,백령도,2016-10-30 00:00,7.8,,3.4,290,31,2000
102,백령도,2016-10-30 01:00,7.9,,4.3,290,32,2000
102,백령도,2016-10-30 02:00,8.1,,3,290,37,2000
102,백령도,2016-10-30 03:00,8.1,,3.4,290,38,2000
102,백령도,2016-10-30 04:00,8.4,,4.4,290,36,2000
102,백령도,2016-10-30 05:00,8.8,,2.7,290,34,2000
102,백령도,2016-10-30 06:00,8.8,,3,290,31,2000
102,백령도,2016-10-30 07:00,8.6,,.9,290,32,2000
102,백령도,2016-10-30 08:00,8.9,,3.2,110,44,2000
102,백령도,2016-10-30 09:00,10.7,,2.2,110,39,2000
102,백령도,2016-10-30 10:00,10.9,,2.6,200,35,2000
102,백령도,2016-10-30 11:00,11.5,,3.2,230,37,2000
102,백령도,2016-10-30 12:00,12.6,,4.6,230,39,2000
102,백령도,2016-10-30 13:00,12.7,,5.1,230,39,2000
102,백령도,2016-10-30 14:00,13.3,,8.3,200,40,2000
102,백령도,2016-10-30 15:00,13.5,,7.9,200,43,2000
102,백령도,2016-10-30 16:00,13.3,,6.3,230,43,2000
102,백령도,2016-10-30 17:00,12.3,,7.5,230,47,2000
102,백령도,2016-10-30 18:00,11.3,,9.5,200,54,2000
102,백령도,2016-10-30 19:00,11.5,,10.1,200,57,2000
102,백령도,2016-10-30 20:00,11.6,,9.8,200,57,2000
102,백령도,2016-10-30 21:00,11.9,,9.3,230,58,2000
102,백령도,2016-10-30 22:00,12.4,,9,200,61,2000
102,백령도,2016-10-30 23:00,12.7,,8.4,230,65,2000
102,백령도,2016-10-31 00:00,13.1,,9,230,70,2000
102,백령도,2016-10-31 01:00,13.5,,9.8,270,75,2000
102,백령도,2016-10-31 02:00,9.1,0,2.6,340,82,1918
102,백령도,2016-10-31 03:00,8.2,0,3.1,360,77,2000
102,백령도,2016-10-31 04:00,8,,3.1,360,67,2000
102,백령도,2016-10-31 05:00,7.9,,3.3,340,60,2000
102,백령도,2016-10-31 06:00,7,,3.7,360,60,2000
102,백령도,2016-10-31 07:00,6.6,,3.7,360,50,2000
102,백령도,2016-10-31 08:00,6.6,,2.9,360,56,2000
102,백령도,2016-10-31 09:00,6.4,,2.7,360,57,2000
102,백령도,2016-10-31 10:00,6,,2.7,340,54,2000
102,백령도,2016-10-31 11:00,5.6,,2.3,340,60,2000
102,백령도,2016-10-31 12:00,4.9,,2.6,340,54,2000
102,백령도,2016-10-31 13:00,5.4,,2.9,320,51,2000
102,백령도,2016-10-31 14:00,4.2,,2.4,320,51,2000
102,백령도,2016-10-31 15:00,3.9,,3,340,49,2000
102,백령도,2016-10-31 16:00,3.9,,4.8,320,53,2000
102,백령도,2016-10-31 17:00,3.6,,4.8,290,54,2000
102,백령도,2016-10-31 18:00,3.3,,4.3,290,58,2000
102,백령도,2016-10-31 19:00,3.5,,5.2,290,55,2000
102,백령도,2016-10-31 20:00,3.5,,5.6,290,48,2000
102,백령도,2016-10-31 21:00,3.7,,5.6,320,49,2000
102,백령도,2016-10-31 22:00,3.4,,5.4,320,51,2000
102,백령도,2016-10-31 23:00,3,,5.1,320,53,2000
102,백령도,2016-11-01 00:00,2.2,,5.5,320,50,2000
102,백령도,2016-11-01 01:00,1.8,,4.8,320,54,2000
102,백령도,2016-11-01 02:00,1.9,,3.5,340,55,2000
102,백령도,2016-11-01 03:00,1.8,,4.5,320,54,2000
102,백령도,2016-11-01 04:00,1.7,,3.8,340,54,2000
102,백령도,2016-11-01 05:00,1.6,,5.1,320,52,2000
102,백령도,2016-11-01 06:00,1.9,,2.8,340,58,2000
102,백령도,2016-11-01 07:00,1.9,,2.8,320,52,2000
102,백령도,2016-11-01 08:00,2,,3,340,52,2000
102,백령도,2016-11-01 09:00,2.4,,2.2,340,57,2000
102,백령도,2016-11-01 10:00,2.5,,2.7,360,50,2000
102,백령도,2016-11-01 11:00,3.6,,2.4,20,50,2000
102,백령도,2016-11-01 12:00,3.6,,2.7,340,46,2000
102,백령도,2016-11-01 13:00,4.2,,2.4,360,48,2000
102,백령도,2016-11-01 14:00,5.3,,2.9,320,42,2000
102,백령도,2016-11-01 15:00,5.3,,3.3,290,39,2000
102,백령도,2016-11-01 16:00,4.6,,2.4,340,40,2000
102,백령도,2016-11-01 17:00,4.4,,2.7,320,42,2000
102,백령도,2016-11-01 18:00,3.4,,2.9,320,45,2000
102,백령도,2016-11-01 19:00,3.6,,2.9,320,48,2000
102,백령도,2016-11-01 20:00,4,,3.7,290,50,2000
102,백령도,2016-11-01 21:00,4.3,,4.7,290,48,2000
102,백령도,2016-11-01 22:00,4.9,,5.3,290,46,2000
102,백령도,2016-11-01 23:00,5.4,,4.3,290,43,2000
102,백령도,2016-11-02 00:00,5.5,,4.1,290,46,2000
102,백령도,2016-11-02 01:00,5.7,,2.9,320,50,2000
102,백령도,2016-11-02 02:00,6.1,,2.9,290,50,2000
102,백령도,2016-11-02 03:00,6.1,0,1.5,290,52,2000
102,백령도,2016-11-02 04:00,5.9,,1.2,270,57,2000
102,백령도,2016-11-02 05:00,4.6,,3.4,90,65,2000
102,백령도,2016-11-02 06:00,4.1,0,4.2,90,58,2000
102,백령도,2016-11-02 07:00,4.7,,5.5,110,63,2000
102,백령도,2016-11-02 08:00,5.5,,4.2,110,64,2000
102,백령도,2016-11-02 09:00,6.3,0,2.2,110,66,2000
102,백령도,2016-11-02 10:00,7.5,,2.7,200,61,2000
102,백령도,2016-11-02 11:00,8.1,,4.5,200,61,2000
102,백령도,2016-11-02 12:00,7.6,0,3.8,230,68,2000
102,백령도,2016-11-02 13:00,6.6,,3.7,230,87,1868
102,백령도,2016-11-02 14:00,6.2,,2.6,290,90,1790
102,백령도,2016-11-02 15:00,7.2,.9,3.4,290,87,1934
102,백령도,2016-11-02 16:00,7.1,,6.5,290,84,1460
102,백령도,2016-11-02 17:00,8.1,,4.3,290,75,1607
102,백령도,2016-11-02 18:00,8.3,.1,5.8,270,76,1417
102,백령도,2016-11-02 19:00,8.2,,3.1,270,81,1452
102,백령도,2016-11-02 20:00,8.9,,4,270,72,1691
102,백령도,2016-11-02 21:00,9.4,.1,8,270,59,1397
102,백령도,2016-11-02 22:00,7.1,,4.5,270,80,1544
102,백령도,2016-11-02 23:00,8.5,,2,340,84,1499
102,백령도,2016-11-03 00:00,6.6,1.8,3.7,320,90,1511
102,백령도,2016-11-03 01:00,8.5,,4.3,290,74,1485
102,백령도,2016-11-03 02:00,9.3,,7.7,290,72,1179
102,백령도,2016-11-03 03:00,10.2,.2,7,290,54,1311
102,백령도,2016-11-03 04:00,10.2,,6.5,290,56,1174
102,백령도,2016-11-03 05:00,9.9,,6.7,290,43,1922
102,백령도,2016-11-03 06:00,9.6,,4.6,290,45,1780
102,백령도,2016-11-03 07:00,9.9,,3.8,290,42,2000
102,백령도,2016-11-03 08:00,10.2,,5.1,290,40,2000
102,백령도,2016-11-03 09:00,10.9,,4.6,290,42,2000
102,백령도,2016-11-03 10:00,11.8,,4.8,290,39,2000
102,백령도,2016-11-03 11:00,12.2,,4.7,290,45,1691
102,백령도,2016-11-03 12:00,12.9,,4.8,290,46,1341
102,백령도,2016-11-03 13:00,13.1,,6.2,270,48,1520
102,백령도,2016-11-03 14:00,12.5,,6.7,270,58,1430
102,백령도,2016-11-03 15:00,12.6,,9.4,250,68,587
102,백령도,2016-11-03 16:00,12.7,,8,270,62,792
102,백령도,2016-11-03 17:00,12.1,,8.1,270,58,1308
102,백령도,2016-11-03 18:00,12,,7.4,270,56,1837
102,백령도,2016-11-03 19:00,11.9,,5.7,230,51,2000
102,백령도,2016-11-03 20:00,12.1,,6.7,230,56,1894
102,백령도,2016-11-03 21:00,12.4,,6.8,230,66,1189
102,백령도,2016-11-03 22:00,12.5,,7.2,230,70,937
102,백령도,2016-11-03 23:00,12.6,,7.3,230,78,880
102,백령도,2016-11-04 00:00,12.8,,7,230,83,1059
102,백령도,2016-11-04 01:00,13,,6.2,230,88,798
102,백령도,2016-11-04 02:00,13,,6.3,230,87,830
102,백령도,2016-11-04 03:00,13.1,,6.7,230,87,764
102,백령도,2016-11-04 04:00,13.4,,5.4,230,87,986
102,백령도,2016-11-04 05:00,13.4,,5.8,230,92,647
102,백령도,2016-11-04 06:00,13.2,,5.2,230,93,430
102,백령도,2016-11-04 07:00,13.5,,7.5,200,93,483
102,백령도,2016-11-04 08:00,13.6,,7.9,200,93,517
102,백령도,2016-11-04 09:00,13.9,,6.5,200,93,494
102,백령도,2016-11-04 10:00,14.4,,5.1,230,88,644
102,백령도,2016-11-04 11:00,15.2,,6.5,200,86,616
102,백령도,2016-11-04 12:00,15.5,,8.9,200,87,750
102,백령도,2016-11-04 13:00,16.1,,7.8,200,84,779
102,백령도,2016-11-04 14:00,16.1,,9.8,200,85,781
102,백령도,2016-11-04 15:00,15.2,,8.9,200,87,887
102,백령도,2016-11-04 16:00,15.6,,7.4,230,85,872
102,백령도,2016-11-04 17:00,14.8,,7.2,230,90,716
102,백령도,2016-11-04 18:00,14.2,,8.2,230,93,605
102,백령도,2016-11-04 19:00,14.1,,7.6,230,93,557
102,백령도,2016-11-04 20:00,13.9,,7.8,230,94,348
102,백령도,2016-11-04 21:00,13.9,,8.6,230,93,480
102,백령도,2016-11-04 22:00,13.7,,8.7,230,93,546
102,백령도,2016-11-04 23:00,13.7,,10.4,200,93,594
102,백령도,2016-11-05 00:00,13.7,,9.8,200,93,556
102,백령도,2016-11-05 01:00,13.7,,8.9,200,94,463
102,백령도,2016-11-05 02:00,14,,6.7,230,94,436
102,백령도,2016-11-05 03:00,14.1,,5.9,230,94,404
102,백령도,2016-11-05 04:00,13.9,,7.2,200,94,448
102,백령도,2016-11-05 05:00,13.9,,7.7,200,94,364
102,백령도,2016-11-05 06:00,14,,8.8,200,95,174
102,백령도,2016-11-05 07:00,13.9,,7.5,200,95,67
102,백령도,2016-11-05 08:00,14,,6.4,200,95,51
102,백령도,2016-11-05 09:00,14.3,,5.7,230,95,92
102,백령도,2016-11-05 10:00,14.8,,5.8,230,95,209
102,백령도,2016-11-05 11:00,15.1,,6,270,95,247
102,백령도,2016-11-05 12:00,16.1,,4.6,270,90,567
102,백령도,2016-11-05 13:00,16.2,,5,270,84,678
102,백령도,2016-11-05 14:00,15.7,,6.8,290,82,538
102,백령도,2016-11-05 15:00,15.1,,7.2,290,89,319
102,백령도,2016-11-05 16:00,14.8,,3.6,290,84,232
102,백령도,2016-11-05 17:00,13.8,,2.9,320,90,233
102,백령도,2016-11-05 18:00,13.3,,1.8,340,92,259
102,백령도,2016-11-05 19:00,13.3,,2.6,340,88,252
102,백령도,2016-11-05 20:00,13.2,,2,340,80,292
102,백령도,2016-11-05 21:00,12.5,,2.4,360,78,336
102,백령도,2016-11-05 22:00,12.8,,2.7,20,84,331
102,백령도,2016-11-05 23:00,11.7,,3.7,50,70,809
102,백령도,2016-11-06 00:00,11.2,,2.8,20,69,968
102,백령도,2016-11-06 01:00,11,,3.1,50,69,1189
102,백령도,2016-11-06 02:00,10.6,,2.8,20,70,1446
102,백령도,2016-11-06 03:00,10.4,,2.6,20,72,1688
102,백령도,2016-11-06 04:00,10.1,,3.1,50,72,1710
102,백령도,2016-11-06 05:00,10,,3,50,75,1593
102,백령도,2016-11-06 06:00,10.1,,2.3,50,80,1269
102,백령도,2016-11-06 07:00,10.6,,2.8,70,78,887
102,백령도,2016-11-06 08:00,11.2,,2.7,70,79,620
102,백령도,2016-11-06 09:00,12,,2.2,70,79,555
102,백령도,2016-11-06 10:00,12.7,,2.8,70,82,528
102,백령도,2016-11-06 11:00,12.7,,4.5,70,85,509
102,백령도,2016-11-06 12:00,12.9,,6.6,90,80,1540
102,백령도,2016-11-06 13:00,13.3,,6.6,90,78,1951
102,백령도,2016-11-06 14:00,13.3,,7.3,90,78,2000
102,백령도,2016-11-06 15:00,13.5,,6.2,90,78,2000
102,백령도,2016-11-06 16:00,13.7,,6.5,90,77,2000
102,백령도,2016-11-06 17:00,13.7,,5.7,90,76,2000
102,백령도,2016-11-06 18:00,13.5,,4.6,90,77,2000
102,백령도,2016-11-06 19:00,13.4,,4.8,110,75,2000
102,백령도,2016-11-06 20:00,13.4,,5.1,110,78,2000
102,백령도,2016-11-06 21:00,13.1,,5.5,110,80,2000
102,백령도,2016-11-06 22:00,12.7,,5.5,110,78,2000
102,백령도,2016-11-06 23:00,12.5,,4.7,110,80,2000
102,백령도,2016-11-07 00:00,12.5,,4.7,110,81,2000
102,백령도,2016-11-07 01:00,13,,3.8,140,88,1424
102,백령도,2016-11-07 02:00,13.3,,2.6,230,93,261
102,백령도,2016-11-07 03:00,12.8,,3,230,94,160
102,백령도,2016-11-07 04:00,12.9,,4.8,230,94,273
102,백령도,2016-11-07 05:00,13,,5.1,250,93,384
102,백령도,2016-11-07 06:00,12.4,,4.5,270,93,477
102,백령도,2016-11-07 07:00,11.9,,3.3,250,92,713
102,백령도,2016-11-07 08:00,11.8,,3.7,270,87,1273
102,백령도,2016-11-07 09:00,11.9,,3.4,270,78,1924
102,백령도,2016-11-07 10:00,12.4,,3.8,290,75,1841
102,백령도,2016-11-07 11:00,12.5,,4.6,290,71,1512
102,백령도,2016-11-07 12:00,12.4,,4,270,72,1393
102,백령도,2016-11-07 13:00,11.1,,4.5,270,87,1001
102,백령도,2016-11-07 14:00,11.4,,4.7,290,78,1306
102,백령도,2016-11-07 15:00,10.9,.2,7.1,290,77,553
102,백령도,2016-11-07 16:00,9.6,,5,290,58,888
102,백령도,2016-11-07 17:00,9.2,,4.7,290,73,595
102,백령도,2016-11-07 18:00,8.1,0,4.9,290,80,648
102,백령도,2016-11-07 19:00,7.1,,5.4,290,92,444
102,백령도,2016-11-07 20:00,6.6,,5.9,290,93,223
102,백령도,2016-11-07 21:00,5.7,2.1,5.5,290,91,285
102,백령도,2016-11-07 22:00,5.1,,5.1,290,82,528
102,백령도,2016-11-07 23:00,4.6,,5.8,320,79,747
102,백령도,2016-11-08 00:00,4.2,0,6.1,290,77,831
102,백령도,2016-11-08 01:00,4,,5.9,320,77,754
102,백령도,2016-11-08 02:00,3.8,,6.1,320,79,745
102,백령도,2016-11-08 03:00,3.7,,4.2,320,77,828
102,백령도,2016-11-08 04:00,3.4,,5.2,320,74,957
102,백령도,2016-11-08 05:00,3.1,,4.9,320,73,892
102,백령도,2016-11-08 06:00,2.9,,4.1,320,68,1147
102,백령도,2016-11-08 07:00,3,,3.3,340,71,1181
102,백령도,2016-11-08 08:00,3,,3.8,340,69,1275
102,백령도,2016-11-08 09:00,3.4,,3.1,340,66,1330
102,백령도,2016-11-08 10:00,3.3,,3,360,65,1527
102,백령도,2016-11-08 11:00,3.7,,3.2,360,63,1460
102,백령도,2016-11-08 12:00,4.4,,3.3,340,59,1602
102,백령도,2016-11-08 13:00,4.7,,3.5,340,55,1677
102,백령도,2016-11-08 14:00,4.7,,4.7,320,52,1917
102,백령도,2016-11-08 15:00,4.4,,3.9,340,50,1725
102,백령도,2016-11-08 16:00,3.7,,3.6,340,57,1931
102,백령도,2016-11-08 17:00,3.5,,3.6,320,52,2000
102,백령도,2016-11-08 18:00,3.4,,4.3,320,53,2000
102,백령도,2016-11-08 19:00,3.7,,3.7,320,53,1994
102,백령도,2016-11-08 20:00,3.8,,4.1,320,49,2000
102,백령도,2016-11-08 21:00,3.6,,3.6,320,45,2000
102,백령도,2016-11-08 22:00,3.4,,3.1,340,47,2000
102,백령도,2016-11-08 23:00,3.1,,3.6,340,53,2000
102,백령도,2016-11-09 00:00,2.8,,3.1,360,49,2000
102,백령도,2016-11-09 01:00,2.7,,2.5,360,52,2000
102,백령도,2016-11-09 02:00,2.6,,3.1,360,57,2000
102,백령도,2016-11-09 03:00,2,,3.2,50,62,1996
102,백령도,2016-11-09 04:00,2.1,,2.8,360,61,2000
102,백령도,2016-11-09 05:00,1.4,,4,50,66,1983
102,백령도,2016-11-09 06:00,.8,,3.6,50,67,1983
102,백령도,2016-11-09 07:00,.9,,2.1,20,68,1994
102,백령도,2016-11-09 08:00,1.2,,2.3,20,68,1984
102,백령도,2016-11-09 09:00,2.1,,3.8,70,65,1954
102,백령도,2016-11-09 10:00,3,,2.1,50,60,1980
102,백령도,2016-11-09 11:00,4.3,,2.3,20,50,2000
102,백령도,2016-11-09 12:00,5.1,,2.3,20,50,2000
102,백령도,2016-11-09 13:00,5.2,,2.4,20,47,2000
102,백령도,2016-11-09 14:00,4.8,,2.6,20,45,2000
102,백령도,2016-11-09 15:00,5,,2.4,20,47,2000
102,백령도,2016-11-09 16:00,4.9,,2.2,360,47,2000
102,백령도,2016-11-09 17:00,3.8,,2.7,50,48,2000
102,백령도,2016-11-09 18:00,3.4,,2.1,20,50,2000
102,백령도,2016-11-09 19:00,3.5,,1.8,20,51,2000
102,백령도,2016-11-09 20:00,3.9,,1.8,340,53,2000
102,백령도,2016-11-09 21:00,4.2,,1.5,340,53,2000
102,백령도,2016-11-09 22:00,4.6,,1.9,340,53,2000
102,백령도,2016-11-09 23:00,5.3,,2.5,360,51,2000
102,백령도,2016-11-10 00:00,4.4,,2.9,50,64,2000
102,백령도,2016-11-10 01:00,4.5,,2.7,50,59,2000
102,백령도,2016-11-10 02:00,4.4,,4.6,50,60,2000
102,백령도,2016-11-10 03:00,3.5,,3.7,70,50,2000
102,백령도,2016-11-10 04:00,3.4,,5.2,90,58,2000
102,백령도,2016-11-10 05:00,2.7,,3.9,70,56,2000
102,백령도,2016-11-10 06:00,2.8,,4.1,70,52,2000
102,백령도,2016-11-10 07:00,3.1,,2.8,90,39,2000
102,백령도,2016-11-10 08:00,3.9,,2.7,110,43,2000
102,백령도,2016-11-10 09:00,4.9,,2.4,110,40,2000
102,백령도,2016-11-10 10:00,6.3,,1.3,160,38,2000
102,백령도,2016-11-10 11:00,6.3,,1.8,140,50,1992
102,백령도,2016-11-10 12:00,6.1,,2.3,90,56,1888
102,백령도,2016-11-10 13:00,6.3,,3.4,90,60,1954
102,백령도,2016-11-10 14:00,7.2,,2.1,140,52,2000
102,백령도,2016-11-10 15:00,7.2,,4.6,110,54,1996
102,백령도,2016-11-10 16:00,6.8,,5.9,110,58,1968
102,백령도,2016-11-10 17:00,7.2,,4.1,160,61,2000
102,백령도,2016-11-10 18:00,7.3,0,4.1,140,63,2000
102,백령도,2016-11-10 19:00,7.2,,5,140,79,1760
102,백령도,2016-11-10 20:00,6.8,,5.9,160,73,1922
102,백령도,2016-11-10 21:00,7,1.4,5.5,160,81,1748
102,백령도,2016-11-10 22:00,7.3,,5.8,160,89,1726
102,백령도,2016-11-10 23:00,7.5,,3.8,200,93,2000
102,백령도,2016-11-11 00:00,8.4,5.5,5.5,200,92,2000
102,백령도,2016-11-11 01:00,9.7,,6.3,270,87,1848
102,백령도,2016-11-11 02:00,8.7,,11.3,290,81,1256
102,백령도,2016-11-11 03:00,9.4,,7.2,290,73,1324
102,백령도,2016-11-11 04:00,10,,11.6,290,60,1030
102,백령도,2016-11-11 05:00,9.8,,7.9,290,62,1092
102,백령도,2016-11-11 06:00,9.9,,8.6,290,54,990
102,백령도,2016-11-11 07:00,9.9,,8.2,290,57,894
102,백령도,2016-11-11 08:00,10,,8.2,290,51,1195
102,백령도,2016-11-11 09:00,10.3,,7.7,290,48,1363
102,백령도,2016-11-11 10:00,10.5,,7.9,290,43,1336
102,백령도,2016-11-11 11:00,10.8,,6.2,290,48,1627
102,백령도,2016-11-11 12:00,11,,5,290,44,1932
102,백령도,2016-11-11 13:00,10.9,,4.6,290,43,2000
102,백령도,2016-11-11 14:00,11.2,,4.1,290,39,1985
102,백령도,2016-11-11 15:00,11.9,,2,270,39,1997
102,백령도,2016-11-11 16:00,11.6,,1.6,230,36,2000
102,백령도,2016-11-11 17:00,9.9,,2.3,140,44,2000
102,백령도,2016-11-11 18:00,9.3,,4.2,110,50,1960
102,백령도,2016-11-11 19:00,9.5,,4.6,110,55,1893
102,백령도,2016-11-11 20:00,10.2,,5.2,140,61,1413
102,백령도,2016-11-11 21:00,10.8,,6.4,160,68,1074
102,백령도,2016-11-11 22:00,11.6,,7.8,160,71,1018
102,백령도,2016-11-11 23:00,12.4,,6.3,160,72,1145
102,백령도,2016-11-12 00:00,12.5,,4.2,230,86,910
102,백령도,2016-11-12 01:00,12.9,,7.7,230,88,893
102,백령도,2016-11-12 02:00,12.8,,7.3,230,89,793
102,백령도,2016-11-12 03:00,12.7,,5.5,230,91,653
102,백령도,2016-11-12 04:00,12.7,,4.7,230,92,558
102,백령도,2016-11-12 05:00,12.8,,5.9,230,93,480
102,백령도,2016-11-12 06:00,12.8,,7.1,230,94,431
102,백령도,2016-11-12 07:00,12.9,,6.7,230,94,457
102,백령도,2016-11-12 08:00,13,,5.2,230,93,568
102,백령도,2016-11-12 09:00,13.3,,7.6,230,94,524
102,백령도,2016-11-12 10:00,13.7,,9.4,200,93,647
102,백령도,2016-11-12 11:00,14.3,,10.1,200,92,711
102,백령도,2016-11-12 12:00,14.3,,9.4,200,93,669
102,백령도,2016-11-12 13:00,14.3,,9,200,92,671
102,백령도,2016-11-12 14:00,14.2,,8.1,200,93,548
102,백령도,2016-11-12 15:00,14.4,,6.8,200,93,578
102,백령도,2016-11-12 16:00,13.8,,6.8,200,94,407
102,백령도,2016-11-12 17:00,13.6,,5.8,230,94,366
102,백령도,2016-11-12 18:00,13,,2.1,230,95,132
102,백령도,2016-11-12 19:00,13.2,,2.7,250,92,590
102,백령도,2016-11-12 20:00,11.6,,2.3,50,94,214
102,백령도,2016-11-12 21:00,11.7,,3.1,50,94,367
102,백령도,2016-11-12 22:00,12.1,,2.5,50,93,412
102,백령도,2016-11-12 23:00,11.7,,2.1,20,93,343
102,백령도,2016-11-13 00:00,11.7,,2.9,50,94,276
102,백령도,2016-11-13 01:00,11.3,,2.7,70,94,278
102,백령도,2016-11-13 02:00,11.2,,3.1,70,94,148
102,백령도,2016-11-13 03:00,10.9,,2.6,70,95,204
102,백령도,2016-11-13 04:00,11.1,,2.4,70,95,108
102,백령도,2016-11-13 05:00,10.7,,3.3,70,95,156
102,백령도,2016-11-13 06:00,10.5,,3.7,70,94,223
102,백령도,2016-11-13 07:00,10.6,,5.3,90,94,213
102,백령도,2016-11-13 08:00,10.7,,6.1,110,95,8
102,백령도,2016-11-13 09:00,10.9,,5.6,110,95,7
102,백령도,2016-11-13 10:00,11.2,,5.4,90,95,8
102,백령도,2016-11-13 11:00,11.2,,5.6,90,95,8
102,백령도,2016-11-13 12:00,11.8,,6.7,90,95,302
102,백령도,2016-11-13 13:00,12.1,,5.9,90,95,319
102,백령도,2016-11-13 14:00,13,,6.1,90,95,535
102,백령도,2016-11-13 15:00,13.7,,5.9,140,94,600
102,백령도,2016-11-13 16:00,13.3,,3,140,95,134
102,백령도,2016-11-13 17:00,13.4,,2.3,110,95,134
102,백령도,2016-11-13 18:00,13.3,,3.8,110,95,16
102,백령도,2016-11-13 19:00,13,,4.1,110,95,242
102,백령도,2016-11-13 20:00,13.4,,5.7,110,95,291
102,백령도,2016-11-13 21:00,13.7,,4.3,140,95,377
102,백령도,2016-11-13 22:00,14.5,,6.3,160,95,670
102,백령도,2016-11-13 23:00,14.3,,4.5,160,94,800
102,백령도,2016-11-14 00:00,14.5,,3.5,230,95,645
102,백령도,2016-11-14 01:00,14.5,,3.5,250,94,714
102,백령도,2016-11-14 02:00,14.2,,6.2,230,95,321
102,백령도,2016-11-14 03:00,13.9,,5.8,200,95,17
102,백령도,2016-11-14 04:00,13.8,,3.8,250,95,9
102,백령도,2016-11-14 05:00,13.7,,2.8,270,96,26
102,백령도,2016-11-14 06:00,13.7,,4.1,200,96,20
102,백령도,2016-11-14 07:00,13.6,,2.5,270,96,41
102,백령도,2016-11-14 08:00,13.3,,1.5,290,96,209
102,백령도,2016-11-14 09:00,13.2,,2.7,230,96,167
102,백령도,2016-11-14 10:00,13.4,,2.2,270,96,143
102,백령도,2016-11-14 11:00,14.4,,3.9,290,92,818
102,백령도,2016-11-14 12:00,13.9,,6.1,290,92,871
102,백령도,2016-11-14 13:00,14.5,,2.8,290,89,981
102,백령도,2016-11-14 14:00,14.4,,3.7,290,88,948
102,백령도,2016-11-14 15:00,14.3,,3.3,290,90,675
102,백령도,2016-11-14 16:00,13.7,,3.1,290,89,351
102,백령도,2016-11-14 17:00,12.8,,3,290,91,208
102,백령도,2016-11-14 18:00,12.1,,1.9,340,74,793
102,백령도,2016-11-14 19:00,12,,3.3,320,47,1907
102,백령도,2016-11-14 20:00,11.4,,2.4,320,43,2000
102,백령도,2016-11-14 21:00,10.7,,3.4,320,42,2000
102,백령도,2016-11-14 22:00,9.4,,3.7,320,50,2000
102,백령도,2016-11-14 23:00,8.2,,4.3,320,49,2000
102,백령도,2016-11-15 00:00,7.1,,3.9,320,54,2000
102,백령도,2016-11-15 01:00,6.6,,4.7,320,58,2000
102,백령도,2016-11-15 02:00,5.8,,3.3,340,56,2000
102,백령도,2016-11-15 03:00,5.3,,3.9,320,53,2000
102,백령도,2016-11-15 04:00,4.9,,3.6,320,59,2000
102,백령도,2016-11-15 05:00,4.5,,3.9,340,58,2000
102,백령도,2016-11-15 06:00,4,,3.5,340,57,2000
102,백령도,2016-11-15 07:00,3.7,,3,340,55,2000
102,백령도,2016-11-15 08:00,3.9,,3.1,340,56,2000
102,백령도,2016-11-15 09:00,4.9,,2.2,360,55,2000
102,백령도,2016-11-15 10:00,5.2,,2.4,360,54,2000
102,백령도,2016-11-15 11:00,5.9,,2.5,360,50,2000
102,백령도,2016-11-15 12:00,6.1,,2.5,360,49,2000
102,백령도,2016-11-15 13:00,6.1,,2.3,340,47,2000
102,백령도,2016-11-15 14:00,6.3,,2.3,340,49,2000
102,백령도,2016-11-15 15:00,6.2,,2.7,340,51,2000
102,백령도,2016-11-15 16:00,5.8,,2.3,340,51,2000
102,백령도,2016-11-15 17:00,5.7,,2.8,320,50,2000
102,백령도,2016-11-15 18:00,4.9,,2.2,320,53,2000
102,백령도,2016-11-15 19:00,5.1,,2.4,320,45,2000
102,백령도,2016-11-15 20:00,5.3,,2.4,340,47,2000
102,백령도,2016-11-15 21:00,5.3,,2.2,340,52,2000
102,백령도,2016-11-15 22:00,5.3,,1.4,340,51,2000
102,백령도,2016-11-15 23:00,5.5,,1.8,320,51,2000
102,백령도,2016-11-16 00:00,5.7,,2.1,320,46,2000
102,백령도,2016-11-16 01:00,5.8,,1.7,320,46,2000
102,백령도,2016-11-16 02:00,5.9,,2.4,290,49,2000
102,백령도,2016-11-16 03:00,5.9,,2.7,290,54,2000
102,백령도,2016-11-16 04:00,6,,2.2,320,50,2000
102,백령도,2016-11-16 05:00,6.3,,2.3,290,47,2000
102,백령도,2016-11-16 06:00,6.6,,2.3,290,47,2000
102,백령도,2016-11-16 07:00,6.6,,2,270,49,2000
102,백령도,2016-11-16 08:00,7.1,,1,270,48,2000
102,백령도,2016-11-16 09:00,7.8,,.6,180,49,2000
102,백령도,2016-11-16 10:00,8,,2.4,110,54,2000
102,백령도,2016-11-16 11:00,8.9,,3.3,270,46,2000
102,백령도,2016-11-16 12:00,10.1,,2.6,200,46,2000
102,백령도,2016-11-16 13:00,10.4,,3,200,44,2000
102,백령도,2016-11-16 14:00,10.7,,2.8,230,44,2000
102,백령도,2016-11-16 15:00,10.7,,4,200,45,2000
102,백령도,2016-11-16 16:00,9.9,,2.5,270,49,2000
102,백령도,2016-11-16 17:00,9.1,,2.8,200,53,2000
102,백령도,2016-11-16 18:00,8.5,,2.5,200,57,2000
102,백령도,2016-11-16 19:00,8.5,,2.3,200,60,2000
102,백령도,2016-11-16 20:00,8.6,,2.1,200,62,2000
102,백령도,2016-11-16 21:00,8.9,,2.6,230,62,2000
102,백령도,2016-11-16 22:00,9.1,,1.6,180,62,2000
102,백령도,2016-11-16 23:00,9.1,,2.9,140,65,2000
102,백령도,2016-11-17 00:00,9.2,,3.2,160,65,2000
102,백령도,2016-11-17 01:00,9.2,,3.6,160,65,2000
102,백령도,2016-11-17 02:00,9.1,,4.2,200,71,2000
102,백령도,2016-11-17 03:00,9.6,,4.5,230,71,2000
102,백령도,2016-11-17 04:00,9.9,,3.4,230,72,2000
102,백령도,2016-11-17 05:00,9.9,,2.7,200,74,2000
102,백령도,2016-11-17 06:00,10,,1.8,230,75,2000
102,백령도,2016-11-17 07:00,9.8,,1.3,200,76,2000
102,백령도,2016-11-17 08:00,9.7,,2.1,180,77,2000
102,백령도,2016-11-17 09:00,10.3,,1.8,200,76,2000
102,백령도,2016-11-17 10:00,10.8,,2,160,70,2000
102,백령도,2016-11-17 11:00,11.4,,4.6,200,71,2000
102,백령도,2016-11-17 12:00,12.1,,3.3,200,66,1995
102,백령도,2016-11-17 13:00,12.7,,3.4,230,64,2000
102,백령도,2016-11-17 14:00,13.3,,2.9,230,63,2000
102,백령도,2016-11-17 15:00,13.4,,1.5,200,63,2000
102,백령도,2016-11-17 16:00,11.2,,1.1,110,67,2000
102,백령도,2016-11-17 17:00,10.4,,1.2,160,75,2000
102,백령도,2016-11-17 18:00,10,,2.4,160,78,2000
102,백령도,2016-11-17 19:00,10.2,,3,160,78,1964
102,백령도,2016-11-17 20:00,10,,2.4,180,79,1908
102,백령도,2016-11-17 21:00,9.6,,2.9,200,80,1659
102,백령도,2016-11-17 22:00,9.9,,2.5,180,84,1505
102,백령도,2016-11-17 23:00,9.9,,2.4,180,84,1330
102,백령도,2016-11-18 00:00,10.3,,2.7,160,84,1365
102,백령도,2016-11-18 01:00,9.8,,3.4,140,85,1349
102,백령도,2016-11-18 02:00,9.8,,3.4,160,87,1202
102,백령도,2016-11-18 03:00,10,,3.2,140,86,1279
102,백령도,2016-11-18 04:00,9.6,,3.6,110,90,1131
102,백령도,2016-11-18 05:00,9.3,,4.4,90,94,638
102,백령도,2016-11-18 06:00,9.2,,5.6,110,92,1221
102,백령도,2016-11-18 07:00,9.3,,6.7,110,91,1163
102,백령도,2016-11-18 08:00,9.3,,5.1,90,93,674
102,백령도,2016-11-18 09:00,9.7,,6.1,90,93,612
102,백령도,2016-11-18 10:00,9.9,,5.7,90,93,551
102,백령도,2016-11-18 11:00,10.4,,6.3,110,93,429
102,백령도,2016-11-18 12:00,11.5,,6.1,110,89,494
102,백령도,2016-11-18 13:00,12.1,,6.4,110,86,423
102,백령도,2016-11-18 14:00,12,,6.3,90,83,401
102,백령도,2016-11-18 15:00,11.6,,7.2,110,86,370
102,백령도,2016-11-18 16:00,11.6,,4.8,110,85,428
102,백령도,2016-11-18 17:00,11.2,,5.1,90,87,400
102,백령도,2016-11-18 18:00,11.3,,6.8,90,85,451
102,백령도,2016-11-18 19:00,11.2,,5.8,90,85,439
102,백령도,2016-11-18 20:00,11.3,,6.6,110,86,475
102,백령도,2016-11-18 21:00,10.8,0,7.7,110,88,430
102,백령도,2016-11-18 22:00,10.7,,5.7,90,87,395
102,백령도,2016-11-18 23:00,10.7,,4.8,70,84,456
102,백령도,2016-11-19 00:00,10.6,.2,4.3,90,83,461
102,백령도,2016-11-19 01:00,10.6,,3.9,90,81,515
102,백령도,2016-11-19 02:00,10.7,,4.4,110,83,453
102,백령도,2016-11-19 03:00,10.9,0,3.8,90,81,462
102,백령도,2016-11-19 04:00,10.9,,3.6,110,78,553
102,백령도,2016-11-19 05:00,11,,1.6,90,79,559
102,백령도,2016-11-19 06:00,11.1,0,3.7,140,80,569
102,백령도,2016-11-19 07:00,11.2,,2.8,140,80,564
102,백령도,2016-11-19 08:00,11.2,,3.2,140,80,563
102,백령도,2016-11-19 09:00,11.3,0,1.9,110,86,436
102,백령도,2016-11-19 10:00,11.6,,1.6,140,88,479
102,백령도,2016-11-19 11:00,12.4,,1.9,180,86,557
102,백령도,2016-11-19 12:00,11.9,0,4.9,200,92,465
102,백령도,2016-11-19 13:00,11.8,,4.4,230,94,464
102,백령도,2016-11-19 14:00,11.8,,4.2,250,95,17
102,백령도,2016-11-19 15:00,12.7,0,5.4,270,95,16
102,백령도,2016-11-19 16:00,11.2,,6.3,290,95,18
102,백령도,2016-11-19 17:00,9.5,,3.3,320,95,1205
102,백령도,2016-11-19 18:00,10,0,1.8,360,94,1287
102,백령도,2016-11-19 19:00,10.3,,2.2,340,90,1900
102,백령도,2016-11-19 20:00,9.4,,3.2,320,87,1607
102,백령도,2016-11-19 21:00,7.8,,2.9,320,83,1662
102,백령도,2016-11-19 22:00,7.3,,3.5,320,83,1898
102,백령도,2016-11-19 23:00,6.7,,3.3,320,77,1979
102,백령도,2016-11-20 00:00,6.4,,3.5,320,74,1968
102,백령도,2016-11-20 01:00,6.9,,2.5,340,60,2000
102,백령도,2016-11-20 02:00,6.8,,2.7,360,57,2000
102,백령도,2016-11-20 03:00,7.1,,2.5,360,58,2000
102,백령도,2016-11-20 04:00,7.1,,3.2,360,54,2000
102,백령도,2016-11-20 05:00,7,,2.7,20,57,2000
102,백령도,2016-11-20 06:00,6.6,,4,20,57,2000
102,백령도,2016-11-20 07:00,6.3,,3,20,52,2000
102,백령도,2016-11-20 08:00,6.4,,3.2,20,52,2000
102,백령도,2016-11-20 09:00,6.5,,2.6,50,55,2000
102,백령도,2016-11-20 10:00,7.3,,2.5,20,50,2000
102,백령도,2016-11-20 11:00,8.2,,2.8,20,49,2000
102,백령도,2016-11-20 12:00,9,,3.1,20,44,2000
102,백령도,2016-11-20 13:00,8.4,,3.3,50,29,2000
102,백령도,2016-11-20 14:00,7.7,,6.6,70,28,2000
102,백령도,2016-11-20 15:00,8.2,,3.3,70,25,2000
102,백령도,2016-11-20 16:00,7.5,,3.5,70,26,2000
102,백령도,2016-11-20 17:00,7.3,,2.2,50,25,2000
102,백령도,2016-11-20 18:00,6.9,,1.4,50,34,2000
102,백령도,2016-11-20 19:00,6.4,,1.7,50,47,2000
102,백령도,2016-11-20 20:00,6.2,,3.5,50,45,2000
102,백령도,2016-11-20 21:00,5.8,,3.8,50,50,2000
102,백령도,2016-11-20 22:00,5.7,,4.3,70,47,2000
102,백령도,2016-11-20 23:00,5.8,,4.6,70,44,2000
102,백령도,2016-11-21 00:00,5.5,,2.8,50,51,2000
102,백령도,2016-11-21 01:00,5.8,,3.5,50,57,2000
102,백령도,2016-11-21 02:00,5.8,,3.5,50,60,2000
102,백령도,2016-11-21 03:00,5.9,,3.9,50,54,2000
102,백령도,2016-11-21 04:00,5.4,,5.4,50,40,2000
102,백령도,2016-11-21 05:00,5,,3.6,70,49,2000
102,백령도,2016-11-21 06:00,5.4,,3.1,50,50,2000
102,백령도,2016-11-21 07:00,5.9,,2.6,50,37,2000
102,백령도,2016-11-21 08:00,6.6,,4.5,70,36,2000
102,백령도,2016-11-21 09:00,6.9,,4.2,70,36,2000
102,백령도,2016-11-21 10:00,8.3,,1.8,50,33,2000
102,백령도,2016-11-21 11:00,8.7,,1.2,20,34,2000
102,백령도,2016-11-21 12:00,8.8,,1.7,20,49,2000
102,백령도,2016-11-21 13:00,8.6,,1.5,360,52,2000
102,백령도,2016-11-21 14:00,7.3,,2.2,340,61,2000
102,백령도,2016-11-21 15:00,6.3,,2.8,340,65,2000
102,백령도,2016-11-21 16:00,5.5,,3.2,360,71,2000
102,백령도,2016-11-21 17:00,5.5,,4.1,20,63,2000
102,백령도,2016-11-21 18:00,5.5,,3.2,360,77,2000
102,백령도,2016-11-21 19:00,4.9,,3.1,20,79,1974
102,백령도,2016-11-21 20:00,5.3,,2.3,20,80,1950
102,백령도,2016-11-21 21:00,4.4,0,2.7,360,75,2000
102,백령도,2016-11-21 22:00,3.7,,2.9,340,80,2000
102,백령도,2016-11-21 23:00,3.1,,2.7,340,77,2000
102,백령도,2016-11-22 00:00,2.5,0,3.1,320,79,2000
102,백령도,2016-11-22 01:00,2,,3.2,320,76,2000
102,백령도,2016-11-22 02:00,1.2,,3.8,340,76,2000
102,백령도,2016-11-22 03:00,.7,0,5.1,320,70,2000
102,백령도,2016-11-22 04:00,.1,,3.9,320,67,2000
102,백령도,2016-11-22 05:00,-.2,,3.8,320,70,2000
102,백령도,2016-11-22 06:00,-.2,,3.6,340,68,2000
102,백령도,2016-11-22 07:00,-.5,,3.5,340,68,2000
102,백령도,2016-11-22 08:00,-.6,,4,340,74,2000
102,백령도,2016-11-22 09:00,-1.1,,4.3,320,71,2000
102,백령도,2016-11-22 10:00,-1.2,,4.3,320,74,2000
102,백령도,2016-11-22 11:00,-1.4,,3.6,320,73,2000
102,백령도,2016-11-22 12:00,-.9,,3.6,320,60,2000
102,백령도,2016-11-22 13:00,-.8,,4.4,320,67,2000
102,백령도,2016-11-22 14:00,-.7,,3.6,320,59,2000
102,백령도,2016-11-22 15:00,-.9,,4.6,320,59,2000
102,백령도,2016-11-22 16:00,-.9,,3.7,320,61,2000
102,백령도,2016-11-22 17:00,-1.1,,3.4,320,64,2000
102,백령도,2016-11-22 18:00,-.9,,4,320,62,2000
102,백령도,2016-11-22 19:00,-.8,,2.4,340,58,2000
102,백령도,2016-11-22 20:00,-.7,,3.3,340,55,2000
102,백령도,2016-11-22 21:00,-.5,,2.7,340,61,2000
102,백령도,2016-11-22 22:00,-.5,,2.5,340,61,2000
102,백령도,2016-11-22 23:00,-.3,,2.8,340,62,2000
102,백령도,2016-11-23 00:00,-.4,,3,20,58,2000
102,백령도,2016-11-23 01:00,-.4,,2.5,20,64,2000
102,백령도,2016-11-23 02:00,-.7,,2.6,340,59,2000
102,백령도,2016-11-23 03:00,-.9,,3.1,360,61,2000
102,백령도,2016-11-23 04:00,-1,,2.8,360,62,2000
102,백령도,2016-11-23 05:00,-1.2,,2.6,360,61,2000
102,백령도,2016-11-23 06:00,-1,,2.4,360,61,2000
102,백령도,2016-11-23 07:00,-1.3,,2.7,360,61,2000
102,백령도,2016-11-23 08:00,-1,,3,20,60,2000
102,백령도,2016-11-23 09:00,-.5,,2.5,20,57,2000
102,백령도,2016-11-23 10:00,-.2,,1.8,360,57,2000
102,백령도,2016-11-23 11:00,.2,,2.5,340,56,2000
102,백령도,2016-11-23 12:00,.4,,2.5,340,58,2000
102,백령도,2016-11-23 13:00,0,,2.6,320,57,2000
102,백령도,2016-11-23 14:00,.1,,3.3,320,57,2000
102,백령도,2016-11-23 15:00,-.1,,3.2,320,56,2000
102,백령도,2016-11-23 16:00,-.2,,4,290,55,2000
102,백령도,2016-11-23 17:00,-.5,,3.6,320,56,2000
102,백령도,2016-11-23 18:00,-.3,,4.5,290,54,2000
102,백령도,2016-11-23 19:00,-.3,,4.3,290,51,2000
102,백령도,2016-11-23 20:00,-.1,,4.8,290,51,2000
102,백령도,2016-11-23 21:00,.2,,6.1,290,44,2000
102,백령도,2016-11-23 22:00,.8,,4.9,290,46,2000
102,백령도,2016-11-23 23:00,1.1,,4.8,290,48,2000
102,백령도,2016-11-24 00:00,1.1,0,6.8,290,42,2000
102,백령도,2016-11-24 01:00,.9,,3.7,320,51,2000
102,백령도,2016-11-24 02:00,0,,3.2,320,45,2000
102,백령도,2016-11-24 03:00,-.3,0,4.2,320,45,2000
102,백령도,2016-11-24 04:00,-.1,,2.9,320,50,2000
102,백령도,2016-11-24 05:00,-.1,,3.4,320,49,2000
102,백령도,2016-11-24 06:00,.1,0,2.9,320,49,2000
102,백령도,2016-11-24 07:00,.2,,3.7,320,48,2000
102,백령도,2016-11-24 08:00,.4,,3.3,320,47,2000
102,백령도,2016-11-24 09:00,.6,0,3,320,50,2000
102,백령도,2016-11-24 10:00,.6,,2.8,320,44,2000
102,백령도,2016-11-24 11:00,1,,2.2,320,44,2000
102,백령도,2016-11-24 12:00,1.9,0,2.8,290,43,2000
102,백령도,2016-11-24 13:00,1.5,,3.4,290,42,2000
102,백령도,2016-11-24 14:00,2.8,,3.4,290,39,1988
102,백령도,2016-11-24 15:00,2.4,,4.4,290,38,2000
102,백령도,2016-11-24 16:00,2.6,,4.1,290,39,2000
102,백령도,2016-11-24 17:00,1.8,,3.6,290,46,2000
102,백령도,2016-11-24 18:00,1.7,,2.9,290,47,2000
102,백령도,2016-11-24 19:00,2.3,,3.2,290,48,2000
102,백령도,2016-11-24 20:00,2.5,,2.5,290,49,2000
102,백령도,2016-11-24 21:00,2.9,,2,290,50,2000
102,백령도,2016-11-24 22:00,3.1,,2,290,52,2000
102,백령도,2016-11-24 23:00,1.4,,3,90,61,2000
102,백령도,2016-11-25 00:00,1.5,0,3.7,90,62,2000
102,백령도,2016-11-25 01:00,1.4,,3.9,90,62,2000
102,백령도,2016-11-25 02:00,1.4,,3.1,70,65,2000
102,백령도,2016-11-25 03:00,1.3,0,3.3,70,68,2000
102,백령도,2016-11-25 04:00,1,,3.4,70,72,1965
102,백령도,2016-11-25 05:00,1,,2.3,110,75,2000
102,백령도,2016-11-25 06:00,1.2,0,3.1,140,73,2000
102,백령도,2016-11-25 07:00,1.4,,2.8,70,75,2000
102,백령도,2016-11-25 08:00,2.5,,3.2,110,73,2000
102,백령도,2016-11-25 09:00,3.2,,2.5,110,72,2000
102,백령도,2016-11-25 10:00,3.5,,2.3,70,73,2000
102,백령도,2016-11-25 11:00,3.6,,3.4,90,77,2000
102,백령도,2016-11-25 12:00,4.6,0,2.9,90,72,2000
102,백령도,2016-11-25 13:00,4.5,,3.8,90,76,2000
102,백령도,2016-11-25 14:00,4.2,,4.7,90,79,2000
102,백령도,2016-11-25 15:00,6,0,.9,160,69,2000
102,백령도,2016-11-25 16:00,6.1,,3.3,250,60,1999
102,백령도,2016-11-25 17:00,5.5,,3.6,250,64,2000
102,백령도,2016-11-25 18:00,5.1,,3.1,250,67,1992
102,백령도,2016-11-25 19:00,5.1,,1.8,200,70,1852
102,백령도,2016-11-25 20:00,5.3,,2.6,230,69,1411
102,백령도,2016-11-25 21:00,5.7,,3.5,270,68,1364
102,백령도,2016-11-25 22:00,5.6,,4.1,270,64,1271
102,백령도,2016-11-25 23:00,5.8,,2.6,230,63,1226
102,백령도,2016-11-26 00:00,5.9,,3.2,200,67,1087
102,백령도,2016-11-26 01:00,6.6,,3.5,270,62,1224
102,백령도,2016-11-26 02:00,6.5,,3,270,60,1304
102,백령도,2016-11-26 03:00,6.3,,3.1,230,61,1385
102,백령도,2016-11-26 04:00,6.3,,3.1,230,60,1394
102,백령도,2016-11-26 05:00,6.4,,4.9,230,58,1605
102,백령도,2016-11-26 06:00,6.6,,4.3,230,55,1966
102,백령도,2016-11-26 07:00,6.8,,6.9,230,57,2000
102,백령도,2016-11-26 08:00,7,,7.2,200,55,2000
102,백령도,2016-11-26 09:00,7.1,0,4.7,250,59,1973
102,백령도,2016-11-26 10:00,5.2,,5.5,270,79,1700
102,백령도,2016-11-26 11:00,3.8,,3.7,270,92,1100
102,백령도,2016-11-26 12:00,4.9,2.1,4.1,250,85,1885
102,백령도,2016-11-26 13:00,5.7,,3.8,250,81,2000
102,백령도,2016-11-26 14:00,6.3,,3.9,250,76,2000
102,백령도,2016-11-26 15:00,5.6,.1,6,270,87,1988
102,백령도,2016-11-26 16:00,5.4,,4.8,270,89,2000
102,백령도,2016-11-26 17:00,5.4,,3.9,270,88,2000
102,백령도,2016-11-26 18:00,6,.1,3.7,270,86,2000
102,백령도,2016-11-26 19:00,6.3,,4.4,270,74,2000
102,백령도,2016-11-26 20:00,6.4,,5.1,270,73,2000
102,백령도,2016-11-26 21:00,6.2,0,4,270,66,2000
102,백령도,2016-11-26 22:00,6.1,,4.5,270,67,2000
102,백령도,2016-11-26 23:00,6.2,,4.3,270,69,2000
102,백령도,2016-11-27 00:00,6.6,,4.2,270,68,2000
102,백령도,2016-11-27 01:00,7,,5,270,66,1959
102,백령도,2016-11-27 02:00,7.2,,5.2,270,64,1539
102,백령도,2016-11-27 03:00,6.7,,4.9,270,63,1391
102,백령도,2016-11-27 04:00,7.1,,5.5,270,61,1377
102,백령도,2016-11-27 05:00,7.3,,3.9,270,59,1192
102,백령도,2016-11-27 06:00,7.7,,4.8,290,55,701
102,백령도,2016-11-27 07:00,7.3,,5.3,290,56,761
102,백령도,2016-11-27 08:00,7.1,,5.4,290,52,1159
102,백령도,2016-11-27 09:00,7.3,,4.7,290,53,1045
102,백령도,2016-11-27 10:00,7.6,,2.6,290,54,984
102,백령도,2016-11-27 11:00,8.3,,2.6,320,42,793
102,백령도,2016-11-27 12:00,8.9,,4,290,44,823
102,백령도,2016-11-27 13:00,8.7,,5.4,290,34,981
102,백령도,2016-11-27 14:00,9,,4.3,290,40,828
102,백령도,2016-11-27 15:00,8.6,,4.3,290,46,825
102,백령도,2016-11-27 16:00,6,,7.8,290,70,534
102,백령도,2016-11-27 17:00,7.1,,5.6,290,73,995
102,백령도,2016-11-27 18:00,6.9,.2,4.9,290,71,772
102,백령도,2016-11-27 19:00,6.1,,6.7,290,63,543
102,백령도,2016-11-27 20:00,5.6,,3.9,320,73,520
102,백령도,2016-11-27 21:00,4.9,0,2.6,320,61,700
102,백령도,2016-11-27 22:00,4.1,,4.5,320,61,1074
102,백령도,2016-11-27 23:00,3.3,,4.4,320,55,1981
102,백령도,2016-11-28 00:00,2.3,0,2.8,320,57,2000
102,백령도,2016-11-28 01:00,2,,3.6,320,61,2000
102,백령도,2016-11-28 02:00,1.8,,4,320,60,2000
102,백령도,2016-11-28 03:00,1.6,,2.9,340,62,2000
102,백령도,2016-11-28 04:00,1.6,,2.3,340,67,2000
102,백령도,2016-11-28 05:00,1.8,,2.7,340,63,2000
102,백령도,2016-11-28 06:00,1.6,,2.8,340,61,2000
102,백령도,2016-11-28 07:00,1.7,,2,340,63,2000
102,백령도,2016-11-28 08:00,1.9,,4,320,60,2000
102,백령도,2016-11-28 09:00,2.2,,3.1,320,55,2000
102,백령도,2016-11-28 10:00,2.8,,3.1,320,51,2000
102,백령도,2016-11-28 11:00,3.3,,3.9,320,47,2000
102,백령도,2016-11-28 12:00,3.8,,3.7,320,47,2000
102,백령도,2016-11-28 13:00,4,,3.7,320,47,2000
102,백령도,2016-11-28 14:00,4.1,,4.1,290,46,2000
102,백령도,2016-11-28 15:00,3.7,,3.9,320,47,2000
102,백령도,2016-11-28 16:00,3.9,,3.1,320,46,2000
102,백령도,2016-11-28 17:00,3.2,,3.2,320,47,2000
102,백령도,2016-11-28 18:00,3,,2.3,320,46,2000
102,백령도,2016-11-28 19:00,3.2,,2.1,320,50,2000
102,백령도,2016-11-28 20:00,3.8,,3.7,290,49,2000
102,백령도,2016-11-28 21:00,4.1,,3.1,290,50,2000
102,백령도,2016-11-28 22:00,4.4,,2.7,320,55,2000
102,백령도,2016-11-28 23:00,4.9,,2.1,290,58,2000
102,백령도,2016-11-29 00:00,5.2,,2.9,290,59,2000
102,백령도,2016-11-29 01:00,5.6,,2.8,320,57,2000
102,백령도,2016-11-29 02:00,5.8,,2.2,320,56,2000
102,백령도,2016-11-29 03:00,5.8,,1.7,340,53,2000
102,백령도,2016-11-29 04:00,6.2,,1.7,320,56,1952
102,백령도,2016-11-29 05:00,5,,2,50,67,2000
102,백령도,2016-11-29 06:00,4.4,,2.8,50,68,2000
102,백령도,2016-11-29 07:00,3.8,,4.3,50,65,2000
102,백령도,2016-11-29 08:00,4,,3,50,61,2000
102,백령도,2016-11-29 09:00,5.1,,2.5,70,55,2000
102,백령도,2016-11-29 10:00,6,,2.1,70,50,2000
102,백령도,2016-11-29 11:00,6.5,,2.2,70,48,1956
102,백령도,2016-11-29 12:00,6.6,,1.8,50,44,2000
102,백령도,2016-11-29 13:00,6.7,,1.4,360,45,2000
102,백령도,2016-11-29 14:00,5.9,,1.5,20,50,2000
102,백령도,2016-11-29 15:00,6.7,,2,320,50,1998
102,백령도,2016-11-29 16:00,6.2,,2.1,320,44,2000
102,백령도,2016-11-29 17:00,4.6,,1.6,360,49,2000
102,백령도,2016-11-29 18:00,4,,1.8,50,62,2000
102,백령도,2016-11-29 19:00,3.7,,2.2,50,68,2000
102,백령도,2016-11-29 20:00,3.3,,2.4,70,69,2000
102,백령도,2016-11-29 21:00,3,,2.2,70,66,2000
102,백령도,2016-11-29 22:00,3.3,,3,70,56,2000
102,백령도,2016-11-29 23:00,3.5,,2.6,90,50,2000
102,백령도,2016-11-30 00:00,3.9,,2.3,90,49,2000
102,백령도,2016-11-30 01:00,4.1,,2.5,110,54,2000
102,백령도,2016-11-30 02:00,4.2,,3.8,90,59,2000
102,백령도,2016-11-30 03:00,4.9,,3.5,110,60,2000
102,백령도,2016-11-30 04:00,4.7,,3.7,110,63,2000
102,백령도,2016-11-30 05:00,4.5,,4.8,110,65,2000
102,백령도,2016-11-30 06:00,5.1,,2.8,140,66,2000
102,백령도,2016-11-30 07:00,5.4,,2.3,140,61,2000
102,백령도,2016-11-30 08:00,5.6,,3,140,63,2000
102,백령도,2016-11-30 09:00,6.1,,2.9,140,65,2000
102,백령도,2016-11-30 10:00,7,,2.8,160,58,2000
102,백령도,2016-11-30 11:00,7.4,,2.4,230,58,2000
102,백령도,2016-11-30 12:00,7.6,,2.6,160,59,2000
102,백령도,2016-11-30 13:00,7.9,,2.5,200,63,2000
102,백령도,2016-11-30 14:00,7.8,,4.6,230,68,2000
102,백령도,2016-11-30 15:00,7,.2,8,200,77,1980
102,백령도,2016-11-30 16:00,7.2,,9.8,200,92,837
102,백령도,2016-11-30 17:00,7.4,,4.3,290,89,2000
102,백령도,2016-11-30 18:00,7.7,1.9,5.9,290,82,1468
102,백령도,2016-11-30 19:00,7.7,,5.7,270,77,1177
102,백령도,2016-11-30 20:00,8,,6.9,290,70,861
102,백령도,2016-11-30 21:00,8.3,,9.5,270,67,687
102,백령도,2016-11-30 22:00,8.3,,8.9,270,64,598
102,백령도,2016-11-30 23:00,8.5,,10.7,270,60,643
102,백령도,2016-12-01 00:00,8.2,,10.2,290,56,987
102,백령도,2016-12-01 01:00,8.1,,11.3,290,52,922
102,백령도,2016-12-01 02:00,7.8,,11.5,290,48,1075
102,백령도,2016-12-01 03:00,7.6,,8.9,290,49,1107
102,백령도,2016-12-01 04:00,7.4,,10.2,290,53,1032
102,백령도,2016-12-01 05:00,6.6,,8.5,290,53,1501
102,백령도,2016-12-01 06:00,5.8,,5.4,290,57,1772
102,백령도,2016-12-01 07:00,4.5,,4.1,320,57,2000
102,백령도,2016-12-01 08:00,4,,3.3,320,56,2000
102,백령도,2016-12-01 09:00,4.4,,3.3,320,46,2000
102,백령도,2016-12-01 10:00,5.3,,4.3,290,40,2000
102,백령도,2016-12-01 11:00,5.8,,6,290,36,2000
102,백령도,2016-12-01 12:00,6.6,,5.9,290,38,2000
102,백령도,2016-12-01 13:00,6,,7.6,290,40,2000
102,백령도,2016-12-01 14:00,5.6,,7,290,40,2000
102,백령도,2016-12-01 15:00,5.4,,5.4,290,36,2000
102,백령도,2016-12-01 16:00,4.7,,5.6,290,33,2000
102,백령도,2016-12-01 17:00,4,,4.9,290,39,2000
102,백령도,2016-12-01 18:00,3.6,,3.9,320,43,2000
102,백령도,2016-12-01 19:00,3.6,,4.2,290,46,2000
102,백령도,2016-12-01 20:00,3.5,,3.6,320,45,2000
102,백령도,2016-12-01 21:00,3.5,,2.7,320,47,2000
102,백령도,2016-12-01 22:00,3.1,,2.1,340,51,2000
102,백령도,2016-12-01 23:00,3.3,,2.2,340,53,2000
102,백령도,2016-12-02 00:00,3.1,,1.8,320,53,2000
102,백령도,2016-12-02 01:00,2.8,,2,320,55,2000
102,백령도,2016-12-02 02:00,3,,2.1,320,56,2000
102,백령도,2016-12-02 03:00,2.9,,1.9,320,57,2000
102,백령도,2016-12-02 04:00,3.1,,2.6,320,57,2000
102,백령도,2016-12-02 05:00,3.5,,2.5,290,55,2000
102,백령도,2016-12-02 06:00,3.4,,3.5,290,54,2000
102,백령도,2016-12-02 07:00,3.6,,3.9,290,54,2000
102,백령도,2016-12-02 08:00,4.1,,3.3,290,51,2000
102,백령도,2016-12-02 09:00,4.9,,3.7,290,50,2000
102,백령도,2016-12-02 10:00,5.9,,4,290,45,2000
102,백령도,2016-12-02 11:00,6.5,,4.1,290,47,2000
102,백령도,2016-12-02 12:00,7,,4.5,290,44,2000
102,백령도,2016-12-02 13:00,7.9,,4.3,270,50,2000
102,백령도,2016-12-02 14:00,7.7,,4.5,290,55,2000
102,백령도,2016-12-02 15:00,8.9,,4.7,270,54,2000
102,백령도,2016-12-02 16:00,8,,4.6,270,58,2000
102,백령도,2016-12-02 17:00,7,,5.3,270,64,2000
102,백령도,2016-12-02 18:00,6.7,,5,270,67,2000
102,백령도,2016-12-02 19:00,6.8,,4.3,270,72,2000
102,백령도,2016-12-02 20:00,6.7,,3.8,250,72,2000
102,백령도,2016-12-02 21:00,6.4,,2.6,250,72,2000
102,백령도,2016-12-02 22:00,6.3,,2.2,230,72,2000
102,백령도,2016-12-02 23:00,6,,2.4,200,72,2000
102,백령도,2016-12-03 00:00,5.6,,2.7,200,74,2000
102,백령도,2016-12-03 01:00,5.7,,4.5,200,72,2000
102,백령도,2016-12-03 02:00,5.7,,3.8,230,70,2000
102,백령도,2016-12-03 03:00,6,,2.9,200,68,2000
102,백령도,2016-12-03 04:00,6,,2.3,180,66,2000
102,백령도,2016-12-03 05:00,5.8,,3.1,200,68,2000
102,백령도,2016-12-03 06:00,6,,3.1,200,65,2000
102,백령도,2016-12-03 07:00,5.9,,3.2,200,64,2000
102,백령도,2016-12-03 08:00,6.3,,2.5,200,63,2000
102,백령도,2016-12-03 09:00,7.2,,2.1,180,60,2000
102,백령도,2016-12-03 10:00,7.9,,3.1,180,56,2000
102,백령도,2016-12-03 11:00,8.4,,3.8,200,57,2000
102,백령도,2016-12-03 12:00,9,,3.6,230,56,2000
102,백령도,2016-12-03 13:00,9.4,,3.5,200,57,2000
102,백령도,2016-12-03 14:00,9.4,,6.2,230,57,2000
102,백령도,2016-12-03 15:00,9,,4.4,230,61,2000
102,백령도,2016-12-03 16:00,8.4,,4,230,66,2000
102,백령도,2016-12-03 17:00,8.1,,3.3,230,71,2000
102,백령도,2016-12-03 18:00,7.6,,1.9,200,75,2000
102,백령도,2016-12-03 19:00,7.7,,2.5,200,76,1987
102,백령도,2016-12-03 20:00,7.8,,2.4,160,76,1983
102,백령도,2016-12-03 21:00,7.9,,2.3,200,76,2000
102,백령도,2016-12-03 22:00,7.8,,3.3,140,76,2000
102,백령도,2016-12-03 23:00,8.2,,3,180,76,2000
102,백령도,2016-12-04 00:00,8.5,,2.8,230,81,1930
102,백령도,2016-12-04 01:00,8.6,,2.9,230,84,1743
102,백령도,2016-12-04 02:00,8.7,,3.8,230,87,1405
102,백령도,2016-12-04 03:00,9,,5.1,230,88,1427
102,백령도,2016-12-04 04:00,9.1,,4.6,230,88,1518
102,백령도,2016-12-04 05:00,9.3,,5.2,230,89,1394
102,백령도,2016-12-04 06:00,9.3,,6.6,200,89,1686
102,백령도,2016-12-04 07:00,9.4,,5.1,230,88,1874
102,백령도,2016-12-04 08:00,9.3,,5.9,230,85,2000
102,백령도,2016-12-04 09:00,9.5,,6.3,230,85,2000
102,백령도,2016-12-04 10:00,9.6,,4.2,230,86,2000
102,백령도,2016-12-04 11:00,10.2,,4.8,230,83,2000
102,백령도,2016-12-04 12:00,9.9,,4.9,230,86,2000
102,백령도,2016-12-04 13:00,10,,6.3,230,86,2000
102,백령도,2016-12-04 14:00,10.4,,8,200,84,2000
102,백령도,2016-12-04 15:00,11.2,,4.3,230,86,2000
102,백령도,2016-12-04 16:00,10.3,,5.9,230,90,2000
102,백령도,2016-12-04 17:00,9.9,,2.4,230,92,2000
102,백령도,2016-12-04 18:00,9.8,,1.4,180,93,1612
102,백령도,2016-12-04 19:00,9.8,,2.1,230,94,1156
102,백령도,2016-12-04 20:00,9.9,,1.9,180,94,1055
102,백령도,2016-12-04 21:00,9.9,,2,230,94,1153
102,백령도,2016-12-04 22:00,10,,1,180,94,671
102,백령도,2016-12-04 23:00,10,,3.2,230,94,108
102,백령도,2016-12-05 00:00,9.9,,4,250,95,346
102,백령도,2016-12-05 01:00,9.5,,5,270,94,364
102,백령도,2016-12-05 02:00,9.6,,5.9,270,94,407
102,백령도,2016-12-05 03:00,9.6,,6,270,93,282
102,백령도,2016-12-05 04:00,9.5,,6.7,290,91,672
102,백령도,2016-12-05 05:00,9.3,,7.2,290,83,561
102,백령도,2016-12-05 06:00,8.9,,6,290,86,388
102,백령도,2016-12-05 07:00,8.2,,3.6,290,88,359
102,백령도,2016-12-05 08:00,7.6,,4.5,290,84,512
102,백령도,2016-12-05 09:00,7.6,,3.2,290,85,604
102,백령도,2016-12-05 10:00,7.6,,5.7,290,80,561
102,백령도,2016-12-05 11:00,7,,5.2,290,79,738
102,백령도,2016-12-05 12:00,6.3,,6.6,290,75,1031
102,백령도,2016-12-05 13:00,6.2,,7.1,290,65,1694
102,백령도,2016-12-05 14:00,5.9,,5.1,290,64,1743
102,백령도,2016-12-05 15:00,5.4,,5.3,290,57,2000
102,백령도,2016-12-05 16:00,4.1,,6.5,290,49,2000
102,백령도,2016-12-05 17:00,3.3,,6.8,290,47,2000
102,백령도,2016-12-05 18:00,2.9,,7,290,49,2000
102,백령도,2016-12-05 19:00,2.5,,7,290,47,2000
102,백령도,2016-12-05 20:00,2.4,,7.1,290,52,2000
102,백령도,2016-12-05 21:00,1.9,,7.3,290,49,2000
102,백령도,2016-12-05 22:00,1.2,,7.5,290,54,2000
102,백령도,2016-12-05 23:00,.4,,6.5,320,52,2000
102,백령도,2016-12-06 00:00,.1,,6.1,320,48,2000
102,백령도,2016-12-06 01:00,-.5,,6.1,320,50,2000
102,백령도,2016-12-06 02:00,-.5,,4.7,320,49,2000
102,백령도,2016-12-06 03:00,-.5,,4.4,320,45,2000
102,백령도,2016-12-06 04:00,-.5,,3.7,340,48,2000
102,백령도,2016-12-06 05:00,-.4,,3.5,320,45,2000
102,백령도,2016-12-06 06:00,-.4,,3.3,320,45,2000
102,백령도,2016-12-06 07:00,-.3,,2.2,340,46,2000
102,백령도,2016-12-06 08:00,0,,1.5,360,41,2000
102,백령도,2016-12-06 09:00,.7,,2.4,320,37,2000
102,백령도,2016-12-06 10:00,1.8,,1.8,320,38,2000
102,백령도,2016-12-06 11:00,2,,1.7,290,37,2000
102,백령도,2016-12-06 12:00,3.7,,1.9,200,37,2000
102,백령도,2016-12-06 13:00,3.8,,2.8,230,39,2000
102,백령도,2016-12-06 14:00,4.3,,4.1,250,38,2000
102,백령도,2016-12-06 15:00,4.9,,4.2,230,38,2000
102,백령도,2016-12-06 16:00,4.4,,6.1,230,44,2000
102,백령도,2016-12-06 17:00,3.8,,6.6,200,51,2000
102,백령도,2016-12-06 18:00,4.1,,6.8,230,59,2000
102,백령도,2016-12-06 19:00,4.9,,9.5,200,61,2000
102,백령도,2016-12-06 20:00,5.4,,6.6,230,53,2000
102,백령도,2016-12-06 21:00,5.7,,7.8,270,45,2000
102,백령도,2016-12-06 22:00,6,,7.2,250,46,2000
102,백령도,2016-12-06 23:00,6.3,,7.9,270,52,2000
102,백령도,2016-12-07 00:00,6.9,,8,270,55,2000
102,백령도,2016-12-07 01:00,7.3,,7.2,270,59,2000
102,백령도,2016-12-07 02:00,7,,6.1,270,57,1795
102,백령도,2016-12-07 03:00,6.8,,5.6,290,54,1492
102,백령도,2016-12-07 04:00,6.8,,4.2,290,48,1372
102,백령도,2016-12-07 05:00,6.9,,3.8,290,51,1237
102,백령도,2016-12-07 06:00,7,,4.9,290,53,1240
102,백령도,2016-12-07 07:00,7.2,,4.8,290,56,1016
102,백령도,2016-12-07 08:00,6.1,,3.9,70,77,1052
102,백령도,2016-12-07 09:00,5.1,,2.5,70,82,1212
102,백령도,2016-12-07 10:00,6.2,,3.8,70,73,1341
102,백령도,2016-12-07 11:00,6.5,,2.8,70,69,1080
102,백령도,2016-12-07 12:00,7.3,0,2.7,50,70,1109
102,백령도,2016-12-07 13:00,5.2,,1.7,360,74,829
102,백령도,2016-12-07 14:00,6.6,,3.1,320,62,1021
102,백령도,2016-12-07 15:00,6.1,0,3.2,290,58,1624
102,백령도,2016-12-07 16:00,5.2,,4,290,54,2000
102,백령도,2016-12-07 17:00,3.9,,4.5,290,59,2000
102,백령도,2016-12-07 18:00,3.2,,4.5,290,54,2000
102,백령도,2016-12-07 19:00,3.3,,4.6,290,53,2000
102,백령도,2016-12-07 20:00,3.2,,3.9,290,46,2000
102,백령도,2016-12-07 21:00,3.4,,3.4,290,47,2000
102,백령도,2016-12-07 22:00,3.4,,2.1,340,44,2000
102,백령도,2016-12-07 23:00,3.4,,2.6,320,40,2000
102,백령도,2016-12-08 00:00,3.5,,2.5,320,39,2000
102,백령도,2016-12-08 01:00,3.3,,1.7,290,43,2000
102,백령도,2016-12-08 02:00,3.6,,1.8,290,41,2000
102,백령도,2016-12-08 03:00,3.5,,1.7,270,43,2000
102,백령도,2016-12-08 04:00,3.3,,2.2,270,49,2000
102,백령도,2016-12-08 05:00,3.1,,2.9,270,57,2000
102,백령도,2016-12-08 06:00,3.1,,3.5,270,58,2000
102,백령도,2016-12-08 07:00,3.5,,1.2,250,57,2000
102,백령도,2016-12-08 08:00,3.5,,2.4,230,56,2000
102,백령도,2016-12-08 09:00,4.6,,3.3,230,51,2000
102,백령도,2016-12-08 10:00,5.5,,4.6,230,49,1987
102,백령도,2016-12-08 11:00,6.1,,4.9,270,48,2000
102,백령도,2016-12-08 12:00,6.2,,3.4,250,54,1989
102,백령도,2016-12-08 13:00,6.5,,4.7,200,57,1977
102,백령도,2016-12-08 14:00,6.8,,5.3,230,60,2000
102,백령도,2016-12-08 15:00,6.8,,2.4,180,63,2000
102,백령도,2016-12-08 16:00,6.9,,5.4,160,68,2000
102,백령도,2016-12-08 17:00,7.1,,5.8,160,73,2000
102,백령도,2016-12-08 18:00,6.9,.3,4.5,230,86,1210
102,백령도,2016-12-08 19:00,5.5,,4,230,92,752
102,백령도,2016-12-08 20:00,6.6,,3,200,87,1098
102,백령도,2016-12-08 21:00,8.9,2.8,8.3,270,70,728
102,백령도,2016-12-08 22:00,8.3,,10.1,290,72,363
102,백령도,2016-12-08 23:00,6.5,,7.3,290,82,541
102,백령도,2016-12-09 00:00,5.7,0,6.7,290,78,725
102,백령도,2016-12-09 01:00,5.4,,7.7,290,75,1605
102,백령도,2016-12-09 02:00,4.2,,6.4,290,72,1637
102,백령도,2016-12-09 03:00,3.6,,5.5,320,72,1689
102,백령도,2016-12-09 04:00,3,,5.3,320,72,1272
102,백령도,2016-12-09 05:00,2.4,,5,320,69,1247
102,백령도,2016-12-09 06:00,2,,3.6,320,68,1569
102,백령도,2016-12-09 07:00,1.4,,4.6,320,55,2000
102,백령도,2016-12-09 08:00,.9,,5.1,320,59,2000
102,백령도,2016-12-09 09:00,.9,,4.6,320,60,1982
102,백령도,2016-12-09 10:00,.7,,4.7,320,58,2000
102,백령도,2016-12-09 11:00,1.2,,3.3,340,57,2000
102,백령도,2016-12-09 12:00,1.4,,2.6,340,57,2000
102,백령도,2016-12-09 13:00,1.4,,4,340,53,2000
102,백령도,2016-12-09 14:00,1.2,,2.8,340,55,1984
102,백령도,2016-12-09 15:00,1.4,,3.4,320,58,2000
102,백령도,2016-12-09 16:00,1,,2.7,340,58,2000
102,백령도,2016-12-09 17:00,.2,,4.1,320,61,2000
102,백령도,2016-12-09 18:00,.2,,2.7,340,60,2000
102,백령도,2016-12-09 19:00,.1,,3.6,320,57,2000
102,백령도,2016-12-09 20:00,.3,,3,340,56,2000
102,백령도,2016-12-09 21:00,.4,,2.4,360,55,2000
102,백령도,2016-12-09 22:00,.4,,2.7,340,57,2000
102,백령도,2016-12-09 23:00,.6,,2.4,360,57,2000
102,백령도,2016-12-10 00:00,.6,,2.7,360,54,2000
102,백령도,2016-12-10 01:00,.4,,2.3,360,57,2000
102,백령도,2016-12-10 02:00,0,,1.9,20,58,2000
102,백령도,2016-12-10 03:00,0,,1.8,360,58,2000
102,백령도,2016-12-10 04:00,-.1,,2.2,340,55,2000
102,백령도,2016-12-10 05:00,0,,2.3,360,52,2000
102,백령도,2016-12-10 06:00,0,,2,360,50,2000
102,백령도,2016-12-10 07:00,.1,,2.4,360,48,2000
102,백령도,2016-12-10 08:00,.2,,2.1,360,49,2000
102,백령도,2016-12-10 09:00,.9,,2,360,46,2000
102,백령도,2016-12-10 10:00,1.6,,1.8,20,51,2000
102,백령도,2016-12-10 11:00,2.3,,1.9,340,44,2000
102,백령도,2016-12-10 12:00,2.3,,2.1,360,50,2000
102,백령도,2016-12-10 13:00,2.4,,2.6,340,43,2000
102,백령도,2016-12-10 14:00,2.3,,2.6,360,41,2000
102,백령도,2016-12-10 15:00,2.2,,2.5,20,41,2000
102,백령도,2016-12-10 16:00,2,,2.1,360,42,2000
102,백령도,2016-12-10 17:00,1.7,,2.1,340,47,2000
102,백령도,2016-12-10 18:00,1.7,,2.7,320,51,2000
102,백령도,2016-12-10 19:00,1.9,,2.6,320,54,2000
102,백령도,2016-12-10 20:00,2,,2.3,340,58,2000
102,백령도,2016-12-10 21:00,2.4,,2.6,320,56,2000
102,백령도,2016-12-10 22:00,2.4,,2.3,340,55,2000
102,백령도,2016-12-10 23:00,2.7,,3.1,320,54,2000
102,백령도,2016-12-11 00:00,2.7,,2.1,320,57,2000
102,백령도,2016-12-11 01:00,2.4,,1.9,340,59,2000
102,백령도,2016-12-11 02:00,1.7,,2.3,50,69,1982
102,백령도,2016-12-11 03:00,.8,,3.2,70,70,1945
102,백령도,2016-12-11 04:00,.1,,2.6,70,68,2000
102,백령도,2016-12-11 05:00,-.1,,3.4,70,65,2000
102,백령도,2016-12-11 06:00,0,,2.6,70,61,2000
102,백령도,2016-12-11 07:00,-.6,,3.8,70,58,2000
102,백령도,2016-12-11 08:00,.3,,4,50,57,2000
102,백령도,2016-12-11 09:00,.6,,1.8,70,55,2000
102,백령도,2016-12-11 10:00,2.2,,3.8,70,49,2000
102,백령도,2016-12-11 11:00,2.9,,2.3,110,46,2000
102,백령도,2016-12-11 12:00,3.8,,2.2,180,46,2000
102,백령도,2016-12-11 13:00,4.3,,1.9,160,48,1988
102,백령도,2016-12-11 14:00,4.1,,1.7,140,50,2000
102,백령도,2016-12-11 15:00,5.6,,1.1,160,48,2000
102,백령도,2016-12-11 16:00,4.4,,1.6,160,55,2000
102,백령도,2016-12-11 17:00,3.3,,4,140,62,2000
102,백령도,2016-12-11 18:00,3.1,,3.1,140,65,2000
102,백령도,2016-12-11 19:00,3.6,,3.4,140,65,2000
102,백령도,2016-12-11 20:00,3.5,,3.7,140,68,2000
102,백령도,2016-12-11 21:00,3.4,,3.9,140,72,2000
102,백령도,2016-12-11 22:00,4,,3.2,140,71,2000
102,백령도,2016-12-11 23:00,4.7,,3,230,65,2000
102,백령도,2016-12-12 00:00,4.9,,4.5,230,68,2000
102,백령도,2016-12-12 01:00,4.9,,1.7,160,69,2000
102,백령도,2016-12-12 02:00,2.7,,5.9,110,67,2000
102,백령도,2016-12-12 03:00,3.4,,4.4,110,72,2000
102,백령도,2016-12-12 04:00,4.1,,3.9,110,74,2000
102,백령도,2016-12-12 05:00,4.4,,3.6,110,75,2000
102,백령도,2016-12-12 06:00,4.4,,2.8,160,75,2000
102,백령도,2016-12-12 07:00,4.3,,2.9,140,74,2000
102,백령도,2016-12-12 08:00,4.2,,2.6,160,72,2000
102,백령도,2016-12-12 09:00,4.1,,3.6,110,74,1981
102,백령도,2016-12-12 10:00,4.2,,6.1,110,77,1956
102,백령도,2016-12-12 11:00,5,,4.7,110,71,1981
102,백령도,2016-12-12 12:00,5.6,,4.3,140,66,1984
102,백령도,2016-12-12 13:00,5.9,,2.2,140,68,1954
102,백령도,2016-12-12 14:00,6,,2.3,110,64,1989
102,백령도,2016-12-12 15:00,7.1,,2.4,180,62,1992
102,백령도,2016-12-12 16:00,6,,3.1,180,64,2000
102,백령도,2016-12-12 17:00,5.5,,2.7,160,68,2000
102,백령도,2016-12-12 18:00,5.3,,2.4,200,68,2000
102,백령도,2016-12-12 19:00,5.4,,2.4,200,68,2000
102,백령도,2016-12-12 20:00,5.5,,3.4,200,67,2000
102,백령도,2016-12-12 21:00,5.7,,5.5,200,67,2000
102,백령도,2016-12-12 22:00,6.1,,3.7,230,69,2000
102,백령도,2016-12-12 23:00,6.4,,4.8,270,71,2000
102,백령도,2016-12-13 00:00,6.7,0,3.8,270,76,2000
102,백령도,2016-12-13 01:00,5.5,,2.5,20,92,1096
102,백령도,2016-12-13 02:00,5,,2.3,360,90,720
102,백령도,2016-12-13 03:00,4.4,0,2.1,360,87,501
102,백령도,2016-12-13 04:00,3.9,,2.4,340,83,748
102,백령도,2016-12-13 05:00,3.2,,2.7,360,79,1214
102,백령도,2016-12-13 06:00,3,,2.7,360,80,1216
102,백령도,2016-12-13 07:00,3.1,,2.7,20,76,1576
102,백령도,2016-12-13 08:00,2.6,,2.9,20,75,1812
102,백령도,2016-12-13 09:00,2.6,,3.4,20,61,2000
102,백령도,2016-12-13 10:00,2.8,,2.9,20,58,2000
102,백령도,2016-12-13 11:00,2.4,,2.6,20,55,2000
102,백령도,2016-12-13 12:00,2.5,,2.5,20,54,2000
102,백령도,2016-12-13 13:00,1.8,,3,20,55,2000
102,백령도,2016-12-13 14:00,2.8,,2.8,20,52,2000
102,백령도,2016-12-13 15:00,2.1,,2.2,360,55,2000
102,백령도,2016-12-13 16:00,1.2,,2.4,320,57,2000
102,백령도,2016-12-13 17:00,1.2,,3.7,320,57,2000
102,백령도,2016-12-13 18:00,1.2,,2.5,340,54,2000
102,백령도,2016-12-13 19:00,1.3,,3.8,320,51,2000
102,백령도,2016-12-13 20:00,1.2,,3.8,320,53,2000
102,백령도,2016-12-13 21:00,1,,3.2,360,55,2000
102,백령도,2016-12-13 22:00,.7,,3.7,340,59,2000
102,백령도,2016-12-13 23:00,.1,,3.7,360,62,1992
102,백령도,2016-12-14 00:00,-.4,,3.6,340,64,1971
102,백령도,2016-12-14 01:00,-.8,,4.1,320,64,1995
102,백령도,2016-12-14 02:00,-1,,3.8,340,66,2000
102,백령도,2016-12-14 03:00,-1.7,,3.4,340,65,2000
102,백령도,2016-12-14 04:00,-1.8,,3.8,340,66,2000
102,백령도,2016-12-14 05:00,-2.1,,3.5,320,68,1995
102,백령도,2016-12-14 06:00,-2.4,,4,340,67,2000
102,백령도,2016-12-14 07:00,-2.5,,3.4,340,67,2000
102,백령도,2016-12-14 08:00,-2.8,,3.7,320,70,1991
102,백령도,2016-12-14 09:00,-2.9,,3.4,320,67,1957
102,백령도,2016-12-14 10:00,-2.3,,3.7,320,66,1974
102,백령도,2016-12-14 11:00,-1.9,,3.6,340,64,1945
102,백령도,2016-12-14 12:00,-1.6,,3.9,320,63,1906
102,백령도,2016-12-14 13:00,-1.4,,3.2,340,62,1990
102,백령도,2016-12-14 14:00,-.7,,3.1,340,57,1954
102,백령도,2016-12-14 15:00,-.9,,3.5,360,60,2000
102,백령도,2016-12-14 16:00,-.9,,3.2,340,57,2000
102,백령도,2016-12-14 17:00,-1.3,,2.7,340,57,2000
102,백령도,2016-12-14 18:00,-1.1,,3.2,360,60,2000
102,백령도,2016-12-14 19:00,-1.1,,3.1,340,56,2000
102,백령도,2016-12-14 20:00,-1.3,,3,340,53,2000
102,백령도,2016-12-14 21:00,-1.2,,3.2,320,53,2000
102,백령도,2016-12-14 22:00,-1.4,,4,320,53,2000
102,백령도,2016-12-14 23:00,-1.4,,4.6,290,57,2000
102,백령도,2016-12-15 00:00,-1.4,,3.7,290,60,2000
102,백령도,2016-12-15 01:00,-1.9,,4.5,320,59,2000
102,백령도,2016-12-15 02:00,-2.3,,4.1,320,59,2000
102,백령도,2016-12-15 03:00,-2.4,,4.1,320,56,2000
102,백령도,2016-12-15 04:00,-2.6,,3.3,320,54,2000
102,백령도,2016-12-15 05:00,-2.9,,4.2,320,55,2000
102,백령도,2016-12-15 06:00,-3.2,,5.1,320,53,2000
102,백령도,2016-12-15 07:00,-3.3,,4.3,340,53,2000
102,백령도,2016-12-15 08:00,-2.8,,4.3,320,60,2000
102,백령도,2016-12-15 09:00,-3,,4.9,320,55,2000
102,백령도,2016-12-15 10:00,-2.6,,4.1,320,53,2000
102,백령도,2016-12-15 11:00,-2.3,,2.8,340,54,2000
102,백령도,2016-12-15 12:00,-2.2,,3.6,320,51,2000
102,백령도,2016-12-15 13:00,-2,,3.8,320,47,1985
102,백령도,2016-12-15 14:00,-2.6,,4.5,320,49,2000
102,백령도,2016-12-15 15:00,-2.7,,4.7,320,54,2000
102,백령도,2016-12-15 16:00,-3,,5,320,56,2000
102,백령도,2016-12-15 17:00,-3.2,,4,320,54,2000
102,백령도,2016-12-15 18:00,-3.1,0,5.3,320,55,2000
102,백령도,2016-12-15 19:00,-2.8,,2.9,360,54,2000
102,백령도,2016-12-15 20:00,-2.6,,3.4,340,52,2000
102,백령도,2016-12-15 21:00,-2.5,,3.2,340,53,2000
102,백령도,2016-12-15 22:00,-2.5,,2.3,320,53,2000
102,백령도,2016-12-15 23:00,-3,,3.4,340,52,2000
102,백령도,2016-12-16 00:00,-2.9,,3.5,320,57,2000
102,백령도,2016-12-16 01:00,-3,,3.5,320,58,2000
102,백령도,2016-12-16 02:00,-3.2,,3.4,320,58,2000
102,백령도,2016-12-16 03:00,-3.3,,3.1,320,56,2000
102,백령도,2016-12-16 04:00,-3.2,,3,340,57,2000
102,백령도,2016-12-16 05:00,-3,,3.1,320,54,2000
102,백령도,2016-12-16 06:00,-3,,3.4,320,57,2000
102,백령도,2016-12-16 07:00,-3.1,,4.2,290,56,2000
102,백령도,2016-12-16 08:00,-2.8,,4.5,290,56,2000
102,백령도,2016-12-16 09:00,-1.9,,3.6,320,54,2000
102,백령도,2016-12-16 10:00,-1.1,,2.9,290,50,2000
102,백령도,2016-12-16 11:00,-.5,,4.3,290,49,2000
102,백령도,2016-12-16 12:00,.6,,3.3,290,44,2000
102,백령도,2016-12-16 13:00,1,,5.8,290,47,2000
102,백령도,2016-12-16 14:00,1.2,,4.9,290,57,2000
102,백령도,2016-12-16 15:00,2.3,,4.9,270,67,2000
102,백령도,2016-12-16 16:00,2.9,,3.9,270,71,2000
102,백령도,2016-12-16 17:00,2.7,,4.2,290,68,2000
102,백령도,2016-12-16 18:00,3.3,,5.4,290,60,2000
102,백령도,2016-12-16 19:00,4.5,,6.2,290,57,1980
102,백령도,2016-12-16 20:00,4.7,,8.1,270,70,1380
102,백령도,2016-12-16 21:00,4.2,,7.7,270,64,1489
102,백령도,2016-12-16 22:00,4.3,,9.3,270,59,1480
102,백령도,2016-12-16 23:00,4.2,,10.4,270,59,1617
102,백령도,2016-12-17 00:00,4.5,,9.6,270,57,1662
102,백령도,2016-12-17 01:00,5.1,,9.4,270,59,1977
102,백령도,2016-12-17 02:00,5.5,,8.1,270,59,2000
102,백령도,2016-12-17 03:00,6,,9.9,270,62,2000
102,백령도,2016-12-17 04:00,6.1,,10.3,270,66,1957
102,백령도,2016-12-17 05:00,6.1,,8.1,270,63,1404
102,백령도,2016-12-17 06:00,6,,6.4,270,61,1335
102,백령도,2016-12-17 07:00,6.1,,4.6,290,54,1190
102,백령도,2016-12-17 08:00,5.7,,4.8,290,55,865
102,백령도,2016-12-17 09:00,6,,3.7,270,58,764
102,백령도,2016-12-17 10:00,6.6,,3.3,270,56,737
102,백령도,2016-12-17 11:00,7.3,,4.2,270,55,680
102,백령도,2016-12-17 12:00,7.8,,4.3,250,51,650
102,백령도,2016-12-17 13:00,8.7,,3.3,230,47,654
102,백령도,2016-12-17 14:00,9.1,,4.1,230,53,689
102,백령도,2016-12-17 15:00,9.2,,4.7,230,51,785
102,백령도,2016-12-17 16:00,8.5,,5.8,200,54,834
102,백령도,2016-12-17 17:00,7.5,,5.8,230,64,824
102,백령도,2016-12-17 18:00,7.2,,5.3,230,71,789
102,백령도,2016-12-17 19:00,7.4,,4.9,230,75,792
102,백령도,2016-12-17 20:00,7.5,,5,230,79,782
102,백령도,2016-12-17 21:00,7.4,,4.4,200,84,718
102,백령도,2016-12-17 22:00,7.1,,3.2,230,85,702
102,백령도,2016-12-17 23:00,7.9,,7.3,200,74,1372
102,백령도,2016-12-18 00:00,7.9,,8.4,200,73,1538
102,백령도,2016-12-18 01:00,7.7,,6.5,230,79,1415
102,백령도,2016-12-18 02:00,7.7,,6.5,230,79,1304
102,백령도,2016-12-18 03:00,7.5,,4,230,81,979
102,백령도,2016-12-18 04:00,7.7,,3.7,230,83,772
102,백령도,2016-12-18 05:00,7.8,,3.2,200,84,522
102,백령도,2016-12-18 06:00,7.9,,2.8,230,87,424
102,백령도,2016-12-18 07:00,7.9,,3,200,88,399
102,백령도,2016-12-18 08:00,8.1,,2.3,230,86,477
102,백령도,2016-12-18 09:00,8.5,,2.7,200,85,661
102,백령도,2016-12-18 10:00,9,,2.4,250,87,788
102,백령도,2016-12-18 11:00,9.6,,3.2,230,86,1121
102,백령도,2016-12-18 12:00,9.7,,5.1,230,83,1419
102,백령도,2016-12-18 13:00,9.5,,6.1,230,84,1714
102,백령도,2016-12-18 14:00,9.2,,3.9,230,86,1991
102,백령도,2016-12-18 15:00,9.2,0,3.4,160,84,2000
102,백령도,2016-12-18 16:00,9.2,,4,160,85,2000
102,백령도,2016-12-18 17:00,9,,4,180,87,2000
102,백령도,2016-12-18 18:00,8.8,0,4.5,160,90,2000
102,백령도,2016-12-18 19:00,8.9,,4.1,160,89,2000
102,백령도,2016-12-18 20:00,8.8,,4.3,180,89,2000
102,백령도,2016-12-18 21:00,8.7,0,3.5,160,89,2000
102,백령도,2016-12-18 22:00,8.4,,4.9,160,90,2000
102,백령도,2016-12-18 23:00,8.1,,3,140,92,1850
102,백령도,2016-12-19 00:00,7.8,,5,110,93,1114
102,백령도,2016-12-19 01:00,6.6,,6.7,110,93,424
102,백령도,2016-12-19 02:00,6.7,,7,90,92,618
102,백령도,2016-12-19 03:00,6.4,.1,6.4,90,92,393
102,백령도,2016-12-19 04:00,5.8,,6.1,90,94,34
102,백령도,2016-12-19 05:00,5.7,,5.2,90,94,60
102,백령도,2016-12-19 06:00,5.8,1.4,6.4,90,94,27
102,백령도,2016-12-19 07:00,5.6,,6.8,90,94,93
102,백령도,2016-12-19 08:00,5.8,,5.4,90,94,76
102,백령도,2016-12-19 09:00,5.7,,7,90,94,247
102,백령도,2016-12-19 10:00,6.1,,6.7,90,94,449
102,백령도,2016-12-19 11:00,6.9,,7,110,93,702
102,백령도,2016-12-19 12:00,7.2,,5.9,110,88,779
102,백령도,2016-12-19 13:00,8,,3.3,110,85,866
102,백령도,2016-12-19 14:00,8.1,,3.1,90,86,840
102,백령도,2016-12-19 15:00,8.3,,2,110,86,934
102,백령도,2016-12-19 16:00,8.3,,.8,110,85,970
102,백령도,2016-12-19 17:00,7.8,,.1,0,88,911
102,백령도,2016-12-19 18:00,8.2,,1.2,360,89,952
102,백령도,2016-12-19 19:00,7.8,,1,340,90,877
102,백령도,2016-12-19 20:00,7.8,,.9,290,92,612
102,백령도,2016-12-19 21:00,7.6,,2.4,290,93,440
102,백령도,2016-12-19 22:00,7.8,,1.4,360,93,520
102,백령도,2016-12-19 23:00,7.5,,1.6,20,94,469
102,백령도,2016-12-20 00:00,7.6,,1.2,360,93,778
102,백령도,2016-12-20 01:00,6.9,,1.9,70,93,843
102,백령도,2016-12-20 02:00,7.2,,1.4,290,93,783
102,백령도,2016-12-20 03:00,7.4,,1.1,320,94,407
102,백령도,2016-12-20 04:00,6.9,,2.5,70,94,275
102,백령도,2016-12-20 05:00,6.1,,1.2,20,94,69
102,백령도,2016-12-20 06:00,6,,1.2,360,94,658
102,백령도,2016-12-20 07:00,5.4,,2.6,70,94,505
102,백령도,2016-12-20 08:00,5.1,,2.9,50,94,547
102,백령도,2016-12-20 09:00,5.7,,1,20,93,965
102,백령도,2016-12-20 10:00,6.4,,1.3,50,87,1306
102,백령도,2016-12-20 11:00,6.9,,2.1,70,82,1204
102,백령도,2016-12-20 12:00,7.1,,4.2,70,76,1277
102,백령도,2016-12-20 13:00,8,,2.6,70,72,1190
102,백령도,2016-12-20 14:00,7.4,,1.2,20,73,1043
102,백령도,2016-12-20 15:00,7.2,,2,50,74,1081
102,백령도,2016-12-20 16:00,6.6,,2.1,50,79,930
102,백령도,2016-12-20 17:00,5.7,,4.2,70,81,881
102,백령도,2016-12-20 18:00,4.9,,4,70,86,726
102,백령도,2016-12-20 19:00,5.3,,3.8,70,91,546
102,백령도,2016-12-20 20:00,5.3,,1.7,50,92,514
102,백령도,2016-12-20 21:00,5.2,,1.6,140,91,572
102,백령도,2016-12-20 22:00,5.1,,1,160,92,469
102,백령도,2016-12-20 23:00,5,,1.9,50,92,482
102,백령도,2016-12-21 00:00,5.2,,1.7,20,92,436
102,백령도,2016-12-21 01:00,4.1,,2,20,93,338
102,백령도,2016-12-21 02:00,3.9,,3.2,70,93,369
102,백령도,2016-12-21 03:00,4.6,,3,50,90,604
102,백령도,2016-12-21 04:00,4.1,,2.6,70,84,819
102,백령도,2016-12-21 05:00,3.6,,2.3,70,81,932
102,백령도,2016-12-21 06:00,3.7,,3.4,70,91,617
102,백령도,2016-12-21 07:00,4.6,,5.8,90,77,1358
102,백령도,2016-12-21 08:00,4.9,,4.1,90,81,1068
102,백령도,2016-12-21 09:00,5.4,,3.9,90,85,873
102,백령도,2016-12-21 10:00,5.8,,5.2,90,87,655
102,백령도,2016-12-21 11:00,6.5,,4.8,90,88,614
102,백령도,2016-12-21 12:00,7,,4.3,90,86,639
102,백령도,2016-12-21 13:00,7,,3.8,90,90,564
102,백령도,2016-12-21 14:00,6.8,,1.7,50,93,217
102,백령도,2016-12-21 15:00,6.6,2.2,3.2,50,94,110
102,백령도,2016-12-21 16:00,6.7,,4,70,94,76
102,백령도,2016-12-21 17:00,6.1,,5.7,50,94,45
102,백령도,2016-12-21 18:00,6.5,9.3,7.1,50,94,89
102,백령도,2016-12-21 19:00,6.8,,7.5,70,95,39
102,백령도,2016-12-21 20:00,7,,5,70,95,268
102,백령도,2016-12-21 21:00,6.7,9.7,5.2,70,95,110
102,백령도,2016-12-21 22:00,6.5,,2.4,50,95,29
102,백령도,2016-12-21 23:00,6.5,,2.7,50,95,302
102,백령도,2016-12-22 00:00,6.4,9,2.5,20,95,14
102,백령도,2016-12-22 01:00,6.2,,3,20,95,364
102,백령도,2016-12-22 02:00,6.2,,3,360,95,811
102,백령도,2016-12-22 03:00,6,1.7,2,320,94,940
102,백령도,2016-12-22 04:00,6.1,,3.5,320,94,476
102,백령도,2016-12-22 05:00,5.7,,4.6,320,94,903
102,백령도,2016-12-22 06:00,5.7,.2,4.7,290,94,830
102,백령도,2016-12-22 07:00,5.5,,6.8,290,93,650
102,백령도,2016-12-22 08:00,4.5,,5.2,290,92,502
102,백령도,2016-12-22 09:00,4.3,.5,5,290,93,332
102,백령도,2016-12-22 10:00,4.4,,6.9,290,91,537
102,백령도,2016-12-22 11:00,4,,9.3,290,90,499
102,백령도,2016-12-22 12:00,3.5,0,9.2,290,89,364
102,백령도,2016-12-22 13:00,3,,8.5,290,90,361
102,백령도,2016-12-22 14:00,2.5,,8.8,290,90,387
102,백령도,2016-12-22 15:00,1.7,0,9.9,290,84,521
102,백령도,2016-12-22 16:00,.9,,10.3,290,82,696
102,백령도,2016-12-22 17:00,.9,,10.2,290,80,828
102,백령도,2016-12-22 18:00,.8,,9.4,290,80,864
102,백령도,2016-12-22 19:00,.3,,10.2,290,77,1109
102,백령도,2016-12-22 20:00,0,,10,290,78,1061
102,백령도,2016-12-22 21:00,-.7,,11,290,78,1149
102,백령도,2016-12-22 22:00,-1.1,,9.3,290,79,1272
102,백령도,2016-12-22 23:00,-1.2,,9.1,290,79,1212
102,백령도,2016-12-23 00:00,-1.5,,10.4,290,79,1360
102,백령도,2016-12-23 01:00,-1.7,,10,290,77,1691
102,백령도,2016-12-23 02:00,-1.9,,9.9,290,80,1436
102,백령도,2016-12-23 03:00,-1.9,0,10.6,290,78,1641
102,백령도,2016-12-23 04:00,-2.1,,10.3,290,78,1602
102,백령도,2016-12-23 05:00,-2.4,,10.3,290,79,1506
102,백령도,2016-12-23 06:00,-2.8,0,8,290,81,1027
102,백령도,2016-12-23 07:00,-2.9,,4.8,290,77,1652
102,백령도,2016-12-23 08:00,-3.1,,5.4,290,79,1368
102,백령도,2016-12-23 09:00,-3.5,0,5.5,290,79,862
102,백령도,2016-12-23 10:00,-3.5,,5.9,290,77,796
102,백령도,2016-12-23 11:00,-3.4,,5.1,290,81,753
102,백령도,2016-12-23 12:00,-3.2,0,6.2,290,76,1344
102,백령도,2016-12-23 13:00,-3.2,,5.6,290,76,1279
102,백령도,2016-12-23 14:00,-3,,5.9,290,74,1880
102,백령도,2016-12-23 15:00,-2.5,0,5.2,320,74,1978
102,백령도,2016-12-23 16:00,-2.1,,5.9,290,71,1724
102,백령도,2016-12-23 17:00,-1.6,,4.1,290,70,2000
102,백령도,2016-12-23 18:00,-1.4,,5.4,290,69,2000
102,백령도,2016-12-23 19:00,-1.3,,4.4,320,64,2000
102,백령도,2016-12-23 20:00,-1.3,,4.2,290,64,2000
102,백령도,2016-12-23 21:00,-1.4,,3.7,320,65,2000
102,백령도,2016-12-23 22:00,-1.4,,2.6,320,65,2000
102,백령도,2016-12-23 23:00,-1.4,,2.8,290,65,2000
102,백령도,2016-12-24 00:00,-1.4,,2.7,320,66,2000
102,백령도,2016-12-24 01:00,-1.6,,3.1,320,67,2000
102,백령도,2016-12-24 02:00,-1.5,,2.7,320,70,2000
102,백령도,2016-12-24 03:00,-1.5,,2.4,340,71,2000
102,백령도,2016-12-24 04:00,-1.5,,2.2,340,72,2000
102,백령도,2016-12-24 05:00,-1.6,,1.7,320,71,2000
102,백령도,2016-12-24 06:00,-1.4,,1.5,340,72,2000
102,백령도,2016-12-24 07:00,-1.4,,1.3,340,73,1999
102,백령도,2016-12-24 08:00,-1.6,,1.6,20,74,2000
102,백령도,2016-12-24 09:00,-1.4,,1.5,20,74,1966
102,백령도,2016-12-24 10:00,-.7,,2.1,70,73,1888
102,백령도,2016-12-24 11:00,-.4,,1.5,70,72,1897
102,백령도,2016-12-24 12:00,-.2,,2.3,70,70,1965
102,백령도,2016-12-24 13:00,-.4,,2,70,69,1894
102,백령도,2016-12-24 14:00,.6,,1,20,65,1824
102,백령도,2016-12-24 15:00,0,,1.2,50,65,1965
102,백령도,2016-12-24 16:00,-.5,,1,50,62,1996
102,백령도,2016-12-24 17:00,-.4,,1.3,20,68,1995
102,백령도,2016-12-24 18:00,-.6,,1.6,20,73,1922
102,백령도,2016-12-24 19:00,-.2,,1.3,360,67,2000
102,백령도,2016-12-24 20:00,.1,,1.4,360,65,2000
102,백령도,2016-12-24 21:00,-.2,,1.3,20,63,2000
102,백령도,2016-12-24 22:00,-.5,,2.2,50,66,1700
102,백령도,2016-12-24 23:00,-1.4,,2.2,70,73,1387
102,백령도,2016-12-25 00:00,-1.4,,2.4,90,66,1545
102,백령도,2016-12-25 01:00,-1.4,,2.8,70,69,1447
102,백령도,2016-12-25 02:00,-1.1,,3.1,90,78,1161
102,백령도,2016-12-25 03:00,-1.2,,2.9,110,77,1091
102,백령도,2016-12-25 04:00,-1.7,,3.2,70,78,1120
102,백령도,2016-12-25 05:00,-1.6,,3.5,70,79,1170
102,백령도,2016-12-25 06:00,-1.6,,3.3,90,75,1197
102,백령도,2016-12-25 07:00,-1.6,,3.1,70,67,1426
102,백령도,2016-12-25 08:00,-1.2,,2.7,110,78,1131
102,백령도,2016-12-25 09:00,0,,2.2,110,69,1269
102,백령도,2016-12-25 10:00,.8,,2.3,70,67,1440
102,백령도,2016-12-25 11:00,1.6,,3.5,90,65,1580
102,백령도,2016-12-25 12:00,2.2,,2.4,90,64,1486
102,백령도,2016-12-25 13:00,2.2,,1.7,110,57,1730
102,백령도,2016-12-25 14:00,2.5,,.8,70,40,2000
102,백령도,2016-12-25 15:00,2.2,,1.3,70,59,1927
102,백령도,2016-12-25 16:00,2.2,,1.6,70,55,2000
102,백령도,2016-12-25 17:00,2,,2.4,70,59,2000
102,백령도,2016-12-25 18:00,2.2,,3.5,50,57,1982
102,백령도,2016-12-25 19:00,2.3,,2,70,43,2000
102,백령도,2016-12-25 20:00,2.7,,1.3,320,53,2000
102,백령도,2016-12-25 21:00,2.7,,.8,340,57,1956
102,백령도,2016-12-25 22:00,2.5,,1.8,70,52,2000
102,백령도,2016-12-25 23:00,3.2,,.4,0,47,2000
102,백령도,2016-12-26 00:00,3.2,,.9,90,45,2000
102,백령도,2016-12-26 01:00,3.1,,1.1,90,41,2000
102,백령도,2016-12-26 02:00,3.1,,1.7,50,53,2000
102,백령도,2016-12-26 03:00,3.2,,1.5,360,46,2000
102,백령도,2016-12-26 04:00,3.1,,2.6,50,59,1997
102,백령도,2016-12-26 05:00,2.6,,3.7,70,50,2000
102,백령도,2016-12-26 06:00,3.1,,2.9,50,38,2000
102,백령도,2016-12-26 07:00,3,,4.7,70,47,1974
102,백령도,2016-12-26 08:00,3.2,,2.8,50,62,2000
102,백령도,2016-12-26 09:00,3.2,,3.6,70,67,2000
102,백령도,2016-12-26 10:00,3.5,,2.1,20,68,2000
102,백령도,2016-12-26 11:00,3.8,,2,20,69,1982
102,백령도,2016-12-26 12:00,3.9,,1.8,20,70,1985
102,백령도,2016-12-26 13:00,3.9,,1.9,20,72,1951
102,백령도,2016-12-26 14:00,3.4,,2.3,20,79,1375
102,백령도,2016-12-26 15:00,3.2,0,2.9,20,83,1209
102,백령도,2016-12-26 16:00,2.9,,2.1,20,84,1125
102,백령도,2016-12-26 17:00,2.6,,2.1,360,83,1182
102,백령도,2016-12-26 18:00,2.3,0,3.1,290,82,991
102,백령도,2016-12-26 19:00,2.2,,4.4,320,82,883
102,백령도,2016-12-26 20:00,2,,4.1,320,83,1080
102,백령도,2016-12-26 21:00,1.7,0,3.7,320,81,1230
102,백령도,2016-12-26 22:00,1,,2.9,340,79,1336
102,백령도,2016-12-26 23:00,.6,,3.3,320,77,1553
102,백령도,2016-12-27 00:00,.2,0,3.6,320,78,1570
102,백령도,2016-12-27 01:00,-.3,,4.6,320,76,1388
102,백령도,2016-12-27 02:00,-1.1,,5,320,72,1442
102,백령도,2016-12-27 03:00,-1.5,0,4.7,320,69,1701
102,백령도,2016-12-27 04:00,-2,,5,320,69,1718
102,백령도,2016-12-27 05:00,-2.4,,6,320,69,1781
102,백령도,2016-12-27 06:00,-2.4,0,6.1,320,67,1974
102,백령도,2016-12-27 07:00,-2.9,,5.4,320,59,2000
102,백령도,2016-12-27 08:00,-3.2,,5.8,320,55,2000
102,백령도,2016-12-27 09:00,-3.3,0,6.1,290,57,1970
102,백령도,2016-12-27 10:00,-3.2,,5.4,320,55,1980
102,백령도,2016-12-27 11:00,-3,,5.9,320,49,2000
102,백령도,2016-12-27 12:00,-3.1,,5.9,320,50,2000
102,백령도,2016-12-27 13:00,-3,,6.1,290,53,2000
102,백령도,2016-12-27 14:00,-3.2,,5.9,290,54,1984
102,백령도,2016-12-27 15:00,-2.9,,4.1,320,52,2000
102,백령도,2016-12-27 16:00,-3.6,,5.2,320,55,2000
102,백령도,2016-12-27 17:00,-3.8,,5.2,320,57,2000
102,백령도,2016-12-27 18:00,-3.7,,3.5,340,58,2000
102,백령도,2016-12-27 19:00,-3.6,,3.4,340,51,2000
102,백령도,2016-12-27 20:00,-3.5,,3,360,57,2000
102,백령도,2016-12-27 21:00,-3.4,,2.6,360,55,2000
102,백령도,2016-12-27 22:00,-3.4,,2.9,360,54,2000
102,백령도,2016-12-27 23:00,-3.6,,3.4,20,54,2000
102,백령도,2016-12-28 00:00,-3.9,,3,20,54,2000
102,백령도,2016-12-28 01:00,-3.9,,2.4,20,57,2000
102,백령도,2016-12-28 02:00,-3.8,,2.1,320,58,2000
102,백령도,2016-12-28 03:00,-3.5,,2.6,340,59,2000
102,백령도,2016-12-28 04:00,-3.4,,2.5,320,64,2000
102,백령도,2016-12-28 05:00,-3.1,,2.5,320,67,2000
102,백령도,2016-12-28 06:00,-3,,1.9,340,71,2000
102,백령도,2016-12-28 07:00,-2.8,,1.9,20,71,2000
102,백령도,2016-12-28 08:00,-3,,1,50,74,2000
102,백령도,2016-12-28 09:00,-2.5,,.6,20,72,2000
102,백령도,2016-12-28 10:00,-1.8,,2.1,70,68,2000
102,백령도,2016-12-28 11:00,-1.7,,1.4,90,67,2000
102,백령도,2016-12-28 12:00,-1.5,,1.4,70,68,2000
102,백령도,2016-12-28 13:00,-1.5,,1.5,290,64,2000
102,백령도,2016-12-28 14:00,-.3,,2.2,290,64,2000
102,백령도,2016-12-28 15:00,0,,2.8,290,64,2000
102,백령도,2016-12-28 16:00,.6,,4.1,290,56,2000
102,백령도,2016-12-28 17:00,.1,,3.8,290,56,2000
102,백령도,2016-12-28 18:00,0,,3.3,270,53,2000
102,백령도,2016-12-28 19:00,.1,,3.7,270,54,2000
102,백령도,2016-12-28 20:00,.4,,5.8,270,56,2000
102,백령도,2016-12-28 21:00,1,0,6,270,61,1930
102,백령도,2016-12-28 22:00,.4,,6,270,91,702
102,백령도,2016-12-28 23:00,.5,,4,290,92,424
102,백령도,2016-12-29 00:00,1.2,1,6.1,290,75,811
102,백령도,2016-12-29 01:00,.1,,2.8,340,78,1129
102,백령도,2016-12-29 02:00,-.8,,2.7,360,73,1354
102,백령도,2016-12-29 03:00,-1.7,0,3,320,59,1969
102,백령도,2016-12-29 04:00,-2.1,,4,320,55,2000
102,백령도,2016-12-29 05:00,-2.6,,3.3,320,51,2000
102,백령도,2016-12-29 06:00,-2.8,,5,320,47,2000
102,백령도,2016-12-29 07:00,-3.2,,4.5,320,52,2000
102,백령도,2016-12-29 08:00,-3.3,,4.7,320,49,2000
102,백령도,2016-12-29 09:00,-3.1,,3.1,320,53,2000
102,백령도,2016-12-29 10:00,-3.2,,5,320,49,2000
102,백령도,2016-12-29 11:00,-2.6,,4.2,320,49,1975
102,백령도,2016-12-29 12:00,-2.4,,4.7,320,51,2000
102,백령도,2016-12-29 13:00,-2.2,,4.4,320,50,2000
102,백령도,2016-12-29 14:00,-2.2,,3.4,320,49,1994
102,백령도,2016-12-29 15:00,-2.5,,3.6,320,51,2000
102,백령도,2016-12-29 16:00,-2.4,,3.5,290,55,2000
102,백령도,2016-12-29 17:00,-2.8,,3.5,320,54,2000
102,백령도,2016-12-29 18:00,-3,,3.5,290,58,2000
102,백령도,2016-12-29 19:00,-2.7,,2.5,320,55,2000
102,백령도,2016-12-29 20:00,-2.4,,2.8,320,56,2000
102,백령도,2016-12-29 21:00,-1.9,,3,290,57,2000
102,백령도,2016-12-29 22:00,-1.8,,2.4,320,56,2000
102,백령도,2016-12-29 23:00,-1.4,,3.2,290,50,2000
102,백령도,2016-12-30 00:00,-1,,4.3,290,49,2000
102,백령도,2016-12-30 01:00,-.5,,3.9,290,51,2000
102,백령도,2016-12-30 02:00,-.3,,4.8,290,47,2000
102,백령도,2016-12-30 03:00,0,,3.1,320,50,2000
102,백령도,2016-12-30 04:00,-2,,3.8,110,71,2000
102,백령도,2016-12-30 05:00,-1.9,,4,110,73,2000
102,백령도,2016-12-30 06:00,-1.9,,5.5,110,77,2000
102,백령도,2016-12-30 07:00,-1.3,,4.4,110,79,2000
102,백령도,2016-12-30 08:00,-1.1,,3.7,110,81,2000
102,백령도,2016-12-30 09:00,-1.2,0,3.1,90,86,1936
102,백령도,2016-12-30 10:00,-.9,,3.3,70,90,703
102,백령도,2016-12-30 11:00,-.8,,2.8,70,92,1420
102,백령도,2016-12-30 12:00,-.5,0,4.4,110,92,730
102,백령도,2016-12-30 13:00,0,,4.6,110,93,994
102,백령도,2016-12-30 14:00,1,,3.2,110,92,1829
102,백령도,2016-12-30 15:00,2.9,,5.7,270,52,2000
102,백령도,2016-12-30 16:00,2.5,,4.3,270,47,2000
102,백령도,2016-12-30 17:00,2.4,,4.1,270,54,2000
102,백령도,2016-12-30 18:00,2,,4.8,270,50,2000
102,백령도,2016-12-30 19:00,2.2,,5.5,270,44,2000
102,백령도,2016-12-30 20:00,2.5,,4.8,270,39,2000
102,백령도,2016-12-30 21:00,2.4,,6,270,49,2000
102,백령도,2016-12-30 22:00,2.9,,5.5,270,58,1745
102,백령도,2016-12-30 23:00,3.4,,8.3,270,59,1725
102,백령도,2016-12-31 00:00,3.2,,6.1,270,63,1533
