지점,지점명,일시,기온(°C),강수량(mm),풍속(m/s),풍향(16방위),습도(%),시정(10m)
102,백령도,2025-01-01 01:00,4.2,,3.1,250,63,3320
102,백령도,2025-01-01 02:00,5,,3.6,270,34,3332
102,백령도,2025-01-01 03:00,5.2,,3.8,270,34,2874
102,백령도,2025-01-01 04:00,4.9,,3.6,270,37,3081
102,백령도,2025-01-01 05:00,5.9,,4.8,270,37,2749
102,백령도,2025-01-01 06:00,6.1,,4.3,290,39,2251
102,백령도,2025-01-01 07:00,6.5,,5.4,320,38,1980
102,백령도,2025-01-01 08:00,6,,4.8,320,41,1744
102,백령도,2025-01-01 09:00,5.8,,4,320,40,1680
102,백령도,2025-01-01 10:00,6.4,,3.4,340,35,1592
102,백령도,2025-01-01 11:00,6.8,,3.3,320,20,1719
102,백령도,2025-01-01 12:00,7.2,,3.8,340,16,1733
102,백령도,2025-01-01 13:00,6.5,,4.1,360,15,1708
102,백령도,2025-01-01 14:00,5.8,,4.4,360,24,1788
102,백령도,2025-01-01 15:00,4.3,,5.5,340,40,1400
102,백령도,2025-01-01 16:00,3.5,,5.1,340,52,1821
102,백령도,2025-01-01 17:00,2.7,,4.9,340,58,2639
102,백령도,2025-01-01 18:00,2.2,,5.2,360,57,3146
102,백령도,2025-01-01 19:00,2.4,,4.7,360,56,3500
102,백령도,2025-01-01 20:00,2.6,,4.9,360,53,4431
102,백령도,2025-01-01 21:00,2.8,,5,340,26,4066
102,백령도,2025-01-01 22:00,2.8,,6.1,360,28,4510
102,백령도,2025-01-01 23:00,2.5,,4.3,360,28,4823
102,백령도,2025-01-02 00:00,2.4,,4.8,360,23,4025
102,백령도,2025-01-02 01:00,2.2,,4.4,360,21,4052
102,백령도,2025-01-02 02:00,2,,4.1,360,19,4703
102,백령도,2025-01-02 03:00,1.6,,2.9,20,18,4575
102,백령도,2025-01-02 04:00,1.6,,3.2,20,18,4588
102,백령도,2025-01-02 05:00,1.2,,2.2,20,18,4359
102,백령도,2025-01-02 06:00,1.3,,1.9,20,19,3627
102,백령도,2025-01-02 07:00,.9,,1.9,50,15,4401
102,백령도,2025-01-02 08:00,1,,2.3,360,14,4904
102,백령도,2025-01-02 09:00,2.1,,2.2,20,18,4904
102,백령도,2025-01-02 10:00,2.5,,1.9,360,26,4837
102,백령도,2025-01-02 11:00,3.4,,2.4,340,21,4695
102,백령도,2025-01-02 12:00,3.5,,4.7,360,22,4901
102,백령도,2025-01-02 13:00,3.7,,4.4,360,29,4678
102,백령도,2025-01-02 14:00,3.4,,4.6,360,38,4552
102,백령도,2025-01-02 15:00,3.2,,5.5,340,41,3560
102,백령도,2025-01-02 16:00,2.1,,5,360,27,2833
102,백령도,2025-01-02 17:00,1.7,,5.2,340,16,4125
102,백령도,2025-01-02 18:00,1,,5.2,340,38,4889
102,백령도,2025-01-02 19:00,.8,,5.7,340,22,4958
102,백령도,2025-01-02 20:00,.5,,4.6,340,17,4973
102,백령도,2025-01-02 21:00,.8,,5.6,340,14,5000
102,백령도,2025-01-02 22:00,.9,,5.8,320,12,4934
102,백령도,2025-01-02 23:00,1.3,,4.2,320,12,4968
102,백령도,2025-01-03 00:00,1.5,,6.9,320,12,4960
102,백령도,2025-01-03 01:00,1.3,,6.6,340,12,4332
102,백령도,2025-01-03 02:00,.6,,7.7,340,9,4398
102,백령도,2025-01-03 03:00,.5,,6.2,360,10,4922
102,백령도,2025-01-03 04:00,.1,,3.8,360,7,4971
102,백령도,2025-01-03 05:00,-.3,,2.4,20,9,4683
102,백령도,2025-01-03 06:00,-1.3,,2,70,10,4473
102,백령도,2025-01-03 07:00,-1.3,,1.9,110,11,4771
102,백령도,2025-01-03 08:00,-.6,,1.8,140,11,4506
102,백령도,2025-01-03 09:00,-.4,,4,110,20,4798
102,백령도,2025-01-03 10:00,0,,3.4,110,36,4053
102,백령도,2025-01-03 11:00,-.6,,4.1,110,65,1907
102,백령도,2025-01-03 12:00,1.3,0,3.7,140,51,4076
102,백령도,2025-01-03 13:00,2.3,,1.4,340,23,4200
102,백령도,2025-01-03 14:00,3.1,,7.4,320,29,4282
102,백령도,2025-01-03 15:00,2.2,,6.7,320,28,4493
102,백령도,2025-01-03 16:00,1.5,,7.4,320,20,4218
102,백령도,2025-01-03 17:00,.6,,6.6,320,34,4527
102,백령도,2025-01-03 18:00,.2,,6.1,320,31,4826
102,백령도,2025-01-03 19:00,.3,,4.6,320,29,4853
102,백령도,2025-01-03 20:00,.5,,5.5,320,24,4796
102,백령도,2025-01-03 21:00,1,,5,340,21,4682
102,백령도,2025-01-03 22:00,1.6,,5.8,320,22,4878
102,백령도,2025-01-03 23:00,2,,4.4,320,25,4727
102,백령도,2025-01-04 00:00,2.3,,4.9,320,20,4932
102,백령도,2025-01-04 01:00,1.9,,4.5,340,12,4953
102,백령도,2025-01-04 02:00,.3,,2.8,90,24,4908
102,백령도,2025-01-04 03:00,0,,2.5,90,31,4814
102,백령도,2025-01-04 04:00,-.7,,1.7,140,29,4698
102,백령도,2025-01-04 05:00,-1.5,,1.8,140,18,4701
102,백령도,2025-01-04 06:00,-.9,,2,140,12,4211
102,백령도,2025-01-04 07:00,-.9,,2.5,140,10,3870
102,백령도,2025-01-04 08:00,-.9,,1.9,140,12,3733
102,백령도,2025-01-04 09:00,1,,2.4,140,50,3656
102,백령도,2025-01-04 10:00,2.5,,3.4,140,58,3379
102,백령도,2025-01-04 11:00,3.8,,4.2,180,54,4460
102,백령도,2025-01-04 12:00,4.1,,4.8,180,56,4383
102,백령도,2025-01-04 13:00,4.6,,4.1,180,59,3750
102,백령도,2025-01-04 14:00,5.5,,3.9,200,31,3416
102,백령도,2025-01-04 15:00,5.9,,4.8,270,8,3546
102,백령도,2025-01-04 16:00,5.6,,4.4,270,9,3356
102,백령도,2025-01-04 17:00,5,,2.6,230,11,2786
102,백령도,2025-01-04 18:00,4.1,,2.1,230,27,2579
102,백령도,2025-01-04 19:00,3.8,,1.7,230,27,2583
102,백령도,2025-01-04 20:00,4,,1.7,200,24,2468
102,백령도,2025-01-04 21:00,4.8,,2.6,230,27,1965
102,백령도,2025-01-04 22:00,5.5,,3.1,230,43,1378
102,백령도,2025-01-04 23:00,5.8,,3.8,250,37,1392
102,백령도,2025-01-05 00:00,6.1,,4.6,250,45,1739
102,백령도,2025-01-05 01:00,6.4,,5.2,250,49,1834
102,백령도,2025-01-05 02:00,6.5,,5.9,250,52,1855
102,백령도,2025-01-05 03:00,6.5,,4.7,230,53,2288
102,백령도,2025-01-05 04:00,6.7,,4.5,250,54,2558
102,백령도,2025-01-05 05:00,3.6,,2.8,270,76,692
102,백령도,2025-01-05 06:00,4.2,1,2.4,230,65,776
102,백령도,2025-01-05 07:00,4.3,,1.3,200,67,611
102,백령도,2025-01-05 08:00,4.9,,2,270,54,575
102,백령도,2025-01-05 09:00,4.9,0,2.3,270,48,463
102,백령도,2025-01-05 10:00,5.9,,1.3,90,73,518
102,백령도,2025-01-05 11:00,6.8,,1.7,160,47,479
102,백령도,2025-01-05 12:00,7.7,,3,290,28,403
102,백령도,2025-01-05 13:00,7.7,,1.7,290,10,446
102,백령도,2025-01-05 14:00,8,,3.8,200,20,391
102,백령도,2025-01-05 15:00,7.8,,2.9,230,18,370
102,백령도,2025-01-05 16:00,7.5,,2.6,230,18,355
102,백령도,2025-01-05 17:00,6.9,,1.7,250,26,342
102,백령도,2025-01-05 18:00,6,,1.4,200,35,309
102,백령도,2025-01-05 19:00,6,,1.5,230,28,319
102,백령도,2025-01-05 20:00,5.4,,.7,230,27,312
102,백령도,2025-01-05 21:00,5.8,,0,0,27,315
102,백령도,2025-01-05 22:00,4.9,,1.7,110,30,266
102,백령도,2025-01-05 23:00,4.9,,2.4,90,35,199
102,백령도,2025-01-06 00:00,4.2,,2.5,90,30,149
102,백령도,2025-01-06 01:00,3.4,,1.6,90,36,121
102,백령도,2025-01-06 02:00,4.9,,7.8,340,43,401
102,백령도,2025-01-06 03:00,4.5,.3,7.5,340,38,483
102,백령도,2025-01-06 04:00,3.7,,8.6,340,28,336
102,백령도,2025-01-06 05:00,2.9,,9.1,340,36,453
102,백령도,2025-01-06 06:00,2,0,7.8,340,30,560
102,백령도,2025-01-06 07:00,1.4,,6.7,340,26,678
102,백령도,2025-01-06 08:00,1.1,,8.8,340,25,718
102,백령도,2025-01-06 09:00,1.2,,9.7,340,22,928
102,백령도,2025-01-06 10:00,.8,,8.5,340,25,1531
102,백령도,2025-01-06 11:00,.9,,8.4,340,43,2291
102,백령도,2025-01-06 12:00,1.3,,8.4,320,23,3745
102,백령도,2025-01-06 13:00,1.6,,8.5,340,17,3447
102,백령도,2025-01-06 14:00,.7,,12,320,39,3307
102,백령도,2025-01-06 15:00,.2,,9.1,340,43,3237
102,백령도,2025-01-06 16:00,0,,9,340,49,3747
102,백령도,2025-01-06 17:00,.1,,8.3,320,51,3798
102,백령도,2025-01-06 18:00,.2,,8.7,340,48,3877
102,백령도,2025-01-06 19:00,.5,,7.8,340,47,4362
102,백령도,2025-01-06 20:00,.6,,8.9,340,42,4438
102,백령도,2025-01-06 21:00,.8,,8.2,340,41,4374
102,백령도,2025-01-06 22:00,.7,,11.4,340,39,4909
102,백령도,2025-01-06 23:00,.6,,10.7,340,42,4720
102,백령도,2025-01-07 00:00,.5,,9.8,360,39,4216
102,백령도,2025-01-07 01:00,.5,,7,340,43,3795
102,백령도,2025-01-07 02:00,.7,,9.9,340,41,4204
102,백령도,2025-01-07 03:00,.2,0,7.2,320,50,3123
102,백령도,2025-01-07 04:00,.3,,8.8,340,48,4076
102,백령도,2025-01-07 05:00,-.2,,9.1,320,52,2261
102,백령도,2025-01-07 06:00,1,0,6.5,340,36,4829
102,백령도,2025-01-07 07:00,1.1,,5.7,340,40,4658
102,백령도,2025-01-07 08:00,1,,7.1,340,42,4806
102,백령도,2025-01-07 09:00,.9,,6.8,320,37,4811
102,백령도,2025-01-07 10:00,.8,,7.7,320,39,4932
102,백령도,2025-01-07 11:00,1.3,,9.2,320,36,4866
102,백령도,2025-01-07 12:00,1.2,,6.5,320,,4557
102,백령도,2025-01-07 13:00,1.3,,8.8,320,,4813
102,백령도,2025-01-07 14:00,1.2,,7.7,320,,5000
102,백령도,2025-01-07 15:00,.3,0,7.9,320,,3871
102,백령도,2025-01-07 16:00,.6,,8.2,320,,4916
102,백령도,2025-01-07 17:00,.2,,8.4,320,,4753
102,백령도,2025-01-07 18:00,-.3,0,9.2,320,,2478
102,백령도,2025-01-07 19:00,.5,,6.9,320,,4105
102,백령도,2025-01-07 20:00,.6,,3.8,340,,3944
102,백령도,2025-01-07 21:00,1.4,0,6,320,,4983
102,백령도,2025-01-07 22:00,1.5,,8.6,320,,4999
102,백령도,2025-01-07 23:00,1.2,,4.9,340,,4741
102,백령도,2025-01-08 00:00,1.3,0,7.9,320,,4973
102,백령도,2025-01-08 01:00,1.2,,6.7,340,,4990
102,백령도,2025-01-08 02:00,1.1,,4.5,320,,4974
102,백령도,2025-01-08 03:00,.8,,4.4,340,,4872
102,백령도,2025-01-08 04:00,.8,,3.9,340,,4934
102,백령도,2025-01-08 05:00,.6,,5.9,360,,4237
102,백령도,2025-01-08 06:00,-.1,,5.1,340,,4112
102,백령도,2025-01-08 07:00,-.1,,4.3,340,,3926
102,백령도,2025-01-08 08:00,-.6,,5,340,,2688
102,백령도,2025-01-08 09:00,-.9,0,7.4,360,,1095
102,백령도,2025-01-08 10:00,-.6,,7.6,340,,3530
102,백령도,2025-01-08 11:00,-.9,,8.8,360,,4897
102,백령도,2025-01-08 12:00,-.9,0,7.8,340,,4354
102,백령도,2025-01-08 13:00,-1.5,,7.9,340,,4422
102,백령도,2025-01-08 14:00,-2.9,,7.6,320,,789
102,백령도,2025-01-08 15:00,-1.9,0,10.3,320,,4232
102,백령도,2025-01-08 16:00,-2.7,,9.3,320,,3294
102,백령도,2025-01-08 17:00,-3.8,,8,320,,500
102,백령도,2025-01-08 18:00,-4.5,0,9.3,340,,105
102,백령도,2025-01-08 19:00,-4.3,,9.8,340,,1562
102,백령도,2025-01-08 20:00,-4.3,,10.1,340,,2299
102,백령도,2025-01-08 21:00,-5.1,.3,14.4,340,,2027
102,백령도,2025-01-08 22:00,-5,,13.8,360,,3304
102,백령도,2025-01-08 23:00,-5.2,,12.8,360,,4177
102,백령도,2025-01-09 00:00,-5.2,.3,11.4,340,,2927
102,백령도,2025-01-09 01:00,-5.7,,11.8,340,,1002
102,백령도,2025-01-09 02:00,-5.4,,10.5,340,,2933
102,백령도,2025-01-09 03:00,-5.5,0,10.6,360,,1662
102,백령도,2025-01-09 04:00,-5.7,,12,340,,3198
102,백령도,2025-01-09 05:00,-6.5,,12.8,340,,251
102,백령도,2025-01-09 06:00,-6.8,0,13.7,340,,328
102,백령도,2025-01-09 07:00,-7.5,,13.4,340,,536
102,백령도,2025-01-09 08:00,-7.1,,12.2,340,,2116
102,백령도,2025-01-09 09:00,-8.3,0,13.5,360,,945
102,백령도,2025-01-09 10:00,-8.5,,11.8,360,,988
102,백령도,2025-01-09 11:00,-9.1,,13.5,360,,343
102,백령도,2025-01-09 12:00,-9,0,13.8,360,,423
102,백령도,2025-01-09 13:00,-9.2,,12.6,360,,389
102,백령도,2025-01-09 14:00,-8.9,,13.2,340,,318
102,백령도,2025-01-09 15:00,-8.9,0,11.7,340,,103
102,백령도,2025-01-09 16:00,-7.9,,13,340,,1104
102,백령도,2025-01-09 17:00,-7.2,,13,340,,1759
102,백령도,2025-01-09 18:00,-6.4,0,11.9,360,,2187
102,백령도,2025-01-09 19:00,-6.1,,12.1,340,,2351
102,백령도,2025-01-09 20:00,-5.5,,10.9,360,,2625
102,백령도,2025-01-09 21:00,-5.4,0,11.5,360,,2871
102,백령도,2025-01-09 22:00,-5.4,,10.5,360,,2430
102,백령도,2025-01-09 23:00,-5.4,,11.3,360,,2239
102,백령도,2025-01-10 00:00,-5.2,0,10.7,360,,2281
102,백령도,2025-01-10 01:00,-5.1,,9.7,360,,2675
102,백령도,2025-01-10 02:00,-4.9,,11.2,340,,2999
102,백령도,2025-01-10 03:00,-4.4,0,10.3,360,,3461
102,백령도,2025-01-10 04:00,-4.2,,10.9,360,,4573
102,백령도,2025-01-10 05:00,-3.8,,10.8,360,,4832
102,백령도,2025-01-10 06:00,-3.6,0,10.2,360,,4192
102,백령도,2025-01-10 07:00,-3.6,,7.7,340,,4512
102,백령도,2025-01-10 08:00,-3.5,,7.4,360,,3895
102,백령도,2025-01-10 09:00,-3.4,0,7.7,340,,4265
102,백령도,2025-01-10 10:00,-3.3,,7.8,340,,3100
102,백령도,2025-01-10 11:00,-3.4,,6.3,360,,3201
102,백령도,2025-01-10 12:00,-3.3,0,5.9,360,,2527
102,백령도,2025-01-10 13:00,-3.2,,5.9,340,,2834
102,백령도,2025-01-10 14:00,-3.1,,6.3,360,,3569
102,백령도,2025-01-10 15:00,-2.9,0,5,340,,3689
102,백령도,2025-01-10 16:00,-3.1,,6.1,360,,3396
102,백령도,2025-01-10 17:00,-3.2,,6.4,340,,4546
102,백령도,2025-01-10 18:00,-3.1,0,4.6,340,,4528
102,백령도,2025-01-10 19:00,-2.8,,5.2,340,,4831
102,백령도,2025-01-10 20:00,-2.7,,7.5,340,,4211
102,백령도,2025-01-10 21:00,-2.4,0,7.7,360,,3631
102,백령도,2025-01-10 22:00,-2.6,,6.1,340,,2942
102,백령도,2025-01-10 23:00,-2.2,,6.6,340,,3745
102,백령도,2025-01-11 00:00,-2.3,0,5,360,,3520
102,백령도,2025-01-11 01:00,-2.9,,1.5,20,,3470
102,백령도,2025-01-11 02:00,-2.8,,1,50,,3374
102,백령도,2025-01-11 03:00,-2.8,0,1.3,200,,3653
102,백령도,2025-01-11 04:00,-1.9,,2.7,360,,2587
102,백령도,2025-01-11 05:00,-2.6,,3.1,70,,3182
102,백령도,2025-01-11 06:00,-1.9,0,5.1,360,,2595
102,백령도,2025-01-11 07:00,-2.7,,1.8,70,,3114
102,백령도,2025-01-11 08:00,-2.7,,.7,50,,3144
102,백령도,2025-01-11 09:00,-2.4,0,.4,0,,3052
102,백령도,2025-01-11 10:00,-2.3,,.4,0,,2694
102,백령도,2025-01-11 11:00,-1.8,,1.6,140,,2648
102,백령도,2025-01-11 12:00,-1.6,0,2.6,90,,2486
102,백령도,2025-01-11 13:00,-.2,,3.1,340,,4095
102,백령도,2025-01-11 14:00,-.4,,3.5,320,,3682
102,백령도,2025-01-11 15:00,-.2,0,4.6,320,,3379
102,백령도,2025-01-11 16:00,-.4,,4.4,320,,3790
102,백령도,2025-01-11 17:00,-1,,4.5,320,,3585
102,백령도,2025-01-11 18:00,-1.4,,2.8,340,,4025
102,백령도,2025-01-11 19:00,-1.4,,3.1,340,,3529
102,백령도,2025-01-11 20:00,-1.2,,3.7,340,,3441
102,백령도,2025-01-11 21:00,-.9,,3.3,320,,3381
102,백령도,2025-01-11 22:00,-.5,,3.5,320,,3596
102,백령도,2025-01-11 23:00,.1,,4,320,,3814
102,백령도,2025-01-12 00:00,0,0,3.1,320,,3196
102,백령도,2025-01-12 01:00,.1,,3.1,320,,3624
102,백령도,2025-01-12 02:00,-.5,,1.3,50,,2931
102,백령도,2025-01-12 03:00,-1.5,0,2,90,,2855
102,백령도,2025-01-12 04:00,-1.1,,3,90,,2618
102,백령도,2025-01-12 05:00,-1.2,,2.1,90,,1607
102,백령도,2025-01-12 06:00,-1.6,0,2.5,90,,1833
102,백령도,2025-01-12 07:00,-1.7,,1.9,110,,1915
102,백령도,2025-01-12 08:00,-2.3,,3,110,,1734
102,백령도,2025-01-12 09:00,-2.3,.2,3.4,90,,198
102,백령도,2025-01-12 10:00,-1.7,,3.1,90,,321
102,백령도,2025-01-12 11:00,-1.5,,2.6,90,,1832
102,백령도,2025-01-12 12:00,-1.2,.1,2.4,90,,1798
102,백령도,2025-01-12 13:00,-.1,,1.9,110,,2031
102,백령도,2025-01-12 14:00,.6,,1.3,110,,2513
102,백령도,2025-01-12 15:00,1,0,2.9,290,,3061
102,백령도,2025-01-12 16:00,.4,,2.3,340,,2720
102,백령도,2025-01-12 17:00,.3,,1.3,360,,2830
102,백령도,2025-01-12 18:00,.1,,3.6,320,,2427
102,백령도,2025-01-12 19:00,.1,,2.8,290,,2913
102,백령도,2025-01-12 20:00,.5,,4.8,320,,2717
102,백령도,2025-01-12 21:00,.1,,3.8,320,,3710
102,백령도,2025-01-12 22:00,.1,,3.4,320,,4320
102,백령도,2025-01-12 23:00,-.1,,2.5,290,,3681
102,백령도,2025-01-13 00:00,.7,,2.5,270,,2513
102,백령도,2025-01-13 01:00,.9,,1.4,250,,2171
102,백령도,2025-01-13 02:00,1.2,,1.6,250,,2082
102,백령도,2025-01-13 03:00,.6,0,1,140,,1866
102,백령도,2025-01-13 04:00,1.2,,1.1,70,,1610
102,백령도,2025-01-13 05:00,.8,,2.4,90,,1419
102,백령도,2025-01-13 06:00,1.2,0,.6,90,,1363
102,백령도,2025-01-13 07:00,2.5,,3.8,250,,1722
102,백령도,2025-01-13 08:00,2.5,,3.6,270,,1779
102,백령도,2025-01-13 09:00,3,,3.5,270,,1864
102,백령도,2025-01-13 10:00,4.3,,3.9,250,,1574
102,백령도,2025-01-13 11:00,4.8,,4.6,250,,1436
102,백령도,2025-01-13 12:00,5.6,,4.5,250,,1200
102,백령도,2025-01-13 13:00,6.7,,6.7,270,,1095
102,백령도,2025-01-13 14:00,6.8,,6.1,250,,999
102,백령도,2025-01-13 15:00,6,,6.4,270,,979
102,백령도,2025-01-13 16:00,5.9,,5.1,270,,1034
102,백령도,2025-01-13 17:00,5.3,,3.9,270,,1197
102,백령도,2025-01-13 18:00,4.6,,3.7,250,,961
102,백령도,2025-01-13 19:00,4.5,,2.8,250,,769
102,백령도,2025-01-13 20:00,4.8,,3.8,250,,722
102,백령도,2025-01-13 21:00,4.4,,3.2,250,,672
102,백령도,2025-01-13 22:00,5.2,,3.7,270,,729
102,백령도,2025-01-13 23:00,5.4,,4.3,270,,756
102,백령도,2025-01-14 00:00,5.4,,3.6,270,,775
102,백령도,2025-01-14 01:00,4.8,,2.8,270,,712
102,백령도,2025-01-14 02:00,4.6,,2.2,270,,688
102,백령도,2025-01-14 03:00,4.4,,1.5,270,,654
102,백령도,2025-01-14 04:00,4.1,,2.1,290,,613
102,백령도,2025-01-14 05:00,4.4,,6.9,360,,676
102,백령도,2025-01-14 06:00,3.8,,3.8,360,,721
102,백령도,2025-01-14 07:00,3.4,,2.6,360,,674
102,백령도,2025-01-14 08:00,2.8,,2.5,20,,536
102,백령도,2025-01-14 09:00,3,,1.7,360,,487
102,백령도,2025-01-14 10:00,3.5,,2.7,360,,559
102,백령도,2025-01-14 11:00,3.9,,3.1,360,,568
102,백령도,2025-01-14 12:00,4.1,,3.8,360,,523
102,백령도,2025-01-14 13:00,3.7,,3.7,360,,485
102,백령도,2025-01-14 14:00,3.1,,6.9,340,,767
102,백령도,2025-01-14 15:00,3,,6.5,340,,1117
102,백령도,2025-01-14 16:00,2.5,,6,360,,2267
102,백령도,2025-01-14 17:00,1.8,,6.3,340,,3058
102,백령도,2025-01-14 18:00,1.9,,5,340,,2814
102,백령도,2025-01-14 19:00,1.5,,5,340,,3416
102,백령도,2025-01-14 20:00,1.1,,7,340,,2801
102,백령도,2025-01-14 21:00,1.2,,6.4,340,,3613
102,백령도,2025-01-14 22:00,.8,,10.7,340,,3650
102,백령도,2025-01-14 23:00,.5,,10,340,,3951
102,백령도,2025-01-15 00:00,.1,,9.7,360,,3311
102,백령도,2025-01-15 01:00,-.4,,10.4,340,,3269
102,백령도,2025-01-15 02:00,-.4,,9.5,340,,3507
102,백령도,2025-01-15 03:00,-.8,,10.4,340,,3566
102,백령도,2025-01-15 04:00,-1.1,,9.9,340,,3372
102,백령도,2025-01-15 05:00,-1.3,,10,340,,3171
102,백령도,2025-01-15 06:00,-2,,9.5,340,,3643
102,백령도,2025-01-15 07:00,-2.3,,10.4,340,,3460
102,백령도,2025-01-15 08:00,-2.6,,6.6,340,,3953
102,백령도,2025-01-15 09:00,-2.9,,8.3,340,,4671
102,백령도,2025-01-15 10:00,-2.7,,8.1,340,,4543
102,백령도,2025-01-15 11:00,-2.5,,8.1,340,,4290
102,백령도,2025-01-15 12:00,-2.4,0,6.7,340,,4565
102,백령도,2025-01-15 13:00,-2,,6.7,340,,4692
102,백령도,2025-01-15 14:00,-1.9,,7,340,,4385
102,백령도,2025-01-15 15:00,-2.9,0,5.1,320,,3223
102,백령도,2025-01-15 16:00,-2.9,,6.7,340,,2773
102,백령도,2025-01-15 17:00,-2.4,,4.5,340,,4691
102,백령도,2025-01-15 18:00,-1.8,0,3.9,320,,4997
102,백령도,2025-01-15 19:00,-.9,,3.8,290,,5000
102,백령도,2025-01-15 20:00,-.1,,5.5,290,,4750
102,백령도,2025-01-15 21:00,.2,0,4,270,,4939
102,백령도,2025-01-15 22:00,1.3,,4.7,290,,4982
102,백령도,2025-01-15 23:00,1.6,,5.3,320,,4802
102,백령도,2025-01-16 00:00,1.8,0,6.8,320,,4638
102,백령도,2025-01-16 01:00,2.1,,7,290,,4414
102,백령도,2025-01-16 02:00,2.2,,5.9,290,,3457
102,백령도,2025-01-16 03:00,2.3,,5,290,,3656
102,백령도,2025-01-16 04:00,2.2,,3.7,270,,3242
102,백령도,2025-01-16 05:00,1.9,,4.5,270,,2735
102,백령도,2025-01-16 06:00,1.6,,5.5,250,,2463
102,백령도,2025-01-16 07:00,1.7,,4.7,250,,2598
102,백령도,2025-01-16 08:00,1.9,,5.3,250,,2387
102,백령도,2025-01-16 09:00,2.1,,4.8,250,,2348
102,백령도,2025-01-16 10:00,3.2,,5.3,250,,2166
102,백령도,2025-01-16 11:00,3.5,,5.6,250,,2074
102,백령도,2025-01-16 12:00,3.6,,6.1,250,,1780
102,백령도,2025-01-16 13:00,4.7,,4.2,270,,1807
102,백령도,2025-01-16 14:00,3.3,,8.4,360,,1843
102,백령도,2025-01-16 15:00,3.4,,5.7,360,,1813
102,백령도,2025-01-16 16:00,1.5,,8.3,360,,2454
102,백령도,2025-01-16 17:00,1.2,,6.6,360,,2816
102,백령도,2025-01-16 18:00,.8,,6.9,360,,3822
102,백령도,2025-01-16 19:00,1.1,,6.7,360,,3377
102,백령도,2025-01-16 20:00,1.2,,5.8,360,,3523
102,백령도,2025-01-16 21:00,1,,2.8,50,,2961
102,백령도,2025-01-16 22:00,1.3,,1.8,20,,3107
102,백령도,2025-01-16 23:00,1.9,,2.1,360,,3680
102,백령도,2025-01-17 00:00,2,,4.5,360,,3708
102,백령도,2025-01-17 01:00,1.9,,3.9,360,,3360
102,백령도,2025-01-17 02:00,1.7,,3.7,360,,3376
102,백령도,2025-01-17 03:00,1.2,,3.1,20,,4068
102,백령도,2025-01-17 04:00,.5,,2.5,20,,3275
102,백령도,2025-01-17 05:00,.3,,3.2,360,,4051
102,백령도,2025-01-17 06:00,0,,1.7,20,,4605
102,백령도,2025-01-17 07:00,0,,1.2,50,,4792
102,백령도,2025-01-17 08:00,-.7,,1.4,50,,4422
102,백령도,2025-01-17 09:00,.2,,1.2,360,,4650
102,백령도,2025-01-17 10:00,2.8,,1,20,,4509
102,백령도,2025-01-17 11:00,3.7,,1.4,20,,4799
102,백령도,2025-01-17 12:00,3.9,,1.9,140,,4689
102,백령도,2025-01-17 13:00,4.8,,1.5,140,,4313
102,백령도,2025-01-17 14:00,4.5,,2.6,360,,4606
102,백령도,2025-01-17 15:00,4.2,,4,320,,4635
102,백령도,2025-01-17 16:00,4.4,,2.9,340,,4935
102,백령도,2025-01-17 17:00,3.7,,2,320,,4974
102,백령도,2025-01-17 18:00,2.5,,1.2,230,,5000
102,백령도,2025-01-17 19:00,2,,1.6,230,,4983
102,백령도,2025-01-17 20:00,1.9,,1.4,230,,4924
102,백령도,2025-01-17 21:00,2,,1.6,250,,4986
102,백령도,2025-01-17 22:00,2.1,,1.7,250,,4940
102,백령도,2025-01-17 23:00,2.2,,1.6,230,,4678
102,백령도,2025-01-18 00:00,2.1,,1.9,230,,4724
102,백령도,2025-01-18 01:00,2.4,,1.8,230,,4498
102,백령도,2025-01-18 02:00,2.7,,2,230,,4301
102,백령도,2025-01-18 03:00,2.6,,.8,180,,4924
102,백령도,2025-01-18 04:00,2.8,,1.1,200,,4850
102,백령도,2025-01-18 05:00,2.8,,1.4,200,,4673
102,백령도,2025-01-18 06:00,2.9,,1.1,200,,4494
102,백령도,2025-01-18 07:00,3,,.9,200,,4466
102,백령도,2025-01-18 08:00,2.5,,1.8,180,,3470
102,백령도,2025-01-18 09:00,3.5,,1.7,200,,3557
102,백령도,2025-01-18 10:00,4.9,,3.2,200,,3427
102,백령도,2025-01-18 11:00,5.7,,3.1,230,,2983
102,백령도,2025-01-18 12:00,6,,4.6,180,,3970
102,백령도,2025-01-18 13:00,6.1,,4.1,200,,4504
102,백령도,2025-01-18 14:00,6.1,,4.5,180,,4077
102,백령도,2025-01-18 15:00,6.2,,5.1,180,,3664
102,백령도,2025-01-18 16:00,6.2,,4.2,200,,4746
102,백령도,2025-01-18 17:00,6,,3.9,200,,4906
102,백령도,2025-01-18 18:00,5.4,,2.4,200,,4921
102,백령도,2025-01-18 19:00,5,,1.7,200,,4610
102,백령도,2025-01-18 20:00,5.4,,2.8,200,,2913
102,백령도,2025-01-18 21:00,5.4,,2.8,200,,2954
102,백령도,2025-01-18 22:00,5.4,,2.1,200,,2590
102,백령도,2025-01-18 23:00,5.6,,2.7,230,,1630
102,백령도,2025-01-19 00:00,5.6,,2.4,230,,1060
102,백령도,2025-01-19 01:00,5.8,,2.9,230,,988
102,백령도,2025-01-19 02:00,6,,3,230,,875
102,백령도,2025-01-19 03:00,5.7,,2.9,230,,808
102,백령도,2025-01-19 04:00,6.1,,3.3,230,,816
102,백령도,2025-01-19 05:00,5.9,,3.2,230,,849
102,백령도,2025-01-19 06:00,5.7,,2.4,230,,816
102,백령도,2025-01-19 07:00,5.2,,1.2,200,,681
102,백령도,2025-01-19 08:00,5.5,,2.2,230,,599
102,백령도,2025-01-19 09:00,5.5,,1.9,230,,538
102,백령도,2025-01-19 10:00,6.4,,1.3,180,,525
102,백령도,2025-01-19 11:00,7,,2.6,230,,551
102,백령도,2025-01-19 12:00,7.5,,2,340,,619
102,백령도,2025-01-19 13:00,8.1,,3,200,,598
102,백령도,2025-01-19 14:00,7.9,,2.9,180,,571
102,백령도,2025-01-19 15:00,8,,2.2,180,,584
102,백령도,2025-01-19 16:00,6.7,,2.6,160,,527
102,백령도,2025-01-19 17:00,6.2,,1.4,180,,471
102,백령도,2025-01-19 18:00,5.5,,1.6,270,,373
102,백령도,2025-01-19 19:00,4.6,,.9,270,,309
102,백령도,2025-01-19 20:00,5.3,,3,340,,246
102,백령도,2025-01-19 21:00,4.4,,3.4,320,,237
102,백령도,2025-01-19 22:00,4.3,,2.9,320,,236
102,백령도,2025-01-19 23:00,4.1,,1.9,20,,192
102,백령도,2025-01-20 00:00,3.3,,1.7,320,,214
102,백령도,2025-01-20 01:00,2.6,,1.5,290,,190
102,백령도,2025-01-20 02:00,2.9,,1.2,290,,264
102,백령도,2025-01-20 03:00,3.3,,2.1,340,,135
102,백령도,2025-01-20 04:00,3.4,,3.7,360,,181
102,백령도,2025-01-20 05:00,3.5,,5.8,360,,305
102,백령도,2025-01-20 06:00,3.4,,4.9,360,,294
102,백령도,2025-01-20 07:00,3.6,,4.5,360,,310
102,백령도,2025-01-20 08:00,3.3,,3.5,360,,360
102,백령도,2025-01-20 09:00,3.6,,3.5,340,,344
102,백령도,2025-01-20 10:00,4.2,,3.9,340,,391
102,백령도,2025-01-20 11:00,5,,3.4,360,,470
102,백령도,2025-01-20 12:00,5.5,,3.7,340,,597
102,백령도,2025-01-20 13:00,6.4,,3.4,340,,686
102,백령도,2025-01-20 14:00,5.9,,4.4,360,,729
102,백령도,2025-01-20 15:00,5.7,,4.2,360,,751
102,백령도,2025-01-20 16:00,5.5,,3.6,320,,776
102,백령도,2025-01-20 17:00,4.5,,2.9,340,,829
102,백령도,2025-01-20 18:00,3.7,,2.7,320,,795
102,백령도,2025-01-20 19:00,3.4,,2.8,320,,800
102,백령도,2025-01-20 20:00,2.6,,1.6,290,,681
102,백령도,2025-01-20 21:00,2.3,,1.9,270,,648
102,백령도,2025-01-20 22:00,2.3,,1.3,270,,734
102,백령도,2025-01-20 23:00,2.2,,1.1,270,,938
102,백령도,2025-01-21 00:00,2.3,,1.4,270,,951
102,백령도,2025-01-21 01:00,2.5,,1.1,270,,1337
102,백령도,2025-01-21 02:00,2.3,,1.6,290,,2398
102,백령도,2025-01-21 03:00,2.5,,1.3,270,,3017
102,백령도,2025-01-21 04:00,2.8,,.5,250,,2907
102,백령도,2025-01-21 05:00,2.9,,.3,0,,2136
102,백령도,2025-01-21 06:00,2.6,,.6,180,,2597
102,백령도,2025-01-21 07:00,3,,1.1,160,,1760
102,백령도,2025-01-21 08:00,3.1,,1.6,140,,1079
102,백령도,2025-01-21 09:00,3.9,,1.6,180,,1273
102,백령도,2025-01-21 10:00,5.6,,2.5,180,,2024
102,백령도,2025-01-21 11:00,7.1,,2.8,200,,1825
102,백령도,2025-01-21 12:00,7.5,,4.7,200,,1722
102,백령도,2025-01-21 13:00,7.8,,5.8,230,,2406
102,백령도,2025-01-21 14:00,7.6,,5.6,230,,2106
102,백령도,2025-01-21 15:00,7.6,,5.2,250,,2101
102,백령도,2025-01-21 16:00,7.2,,4.6,250,,2329
102,백령도,2025-01-21 17:00,6.8,,3.6,230,,2012
102,백령도,2025-01-21 18:00,6.5,,3.4,250,,1795
102,백령도,2025-01-21 19:00,5.2,,2.1,250,,1212
102,백령도,2025-01-21 20:00,4.9,,1.6,270,,955
102,백령도,2025-01-21 21:00,4.1,,2.1,270,,878
102,백령도,2025-01-21 22:00,4,,2.3,290,,549
102,백령도,2025-01-21 23:00,4.9,,4.7,320,,458
102,백령도,2025-01-22 00:00,4.3,,4.4,320,,506
102,백령도,2025-01-22 01:00,3.8,,5.4,340,,481
102,백령도,2025-01-22 02:00,3.6,,4.4,360,,600
102,백령도,2025-01-22 03:00,3.4,,4,360,,639
102,백령도,2025-01-22 04:00,3.3,,3.9,360,,663
102,백령도,2025-01-22 05:00,2.9,,2.2,360,,648
102,백령도,2025-01-22 06:00,2.5,,3,360,,1001
102,백령도,2025-01-22 07:00,2.3,,2.8,360,,1218
102,백령도,2025-01-22 08:00,2,,2.9,360,,1191
102,백령도,2025-01-22 09:00,2.4,,4,360,,1582
102,백령도,2025-01-22 10:00,3.1,,5.7,340,,2330
102,백령도,2025-01-22 11:00,3.6,,5.3,340,,2361
102,백령도,2025-01-22 12:00,3.9,,4.8,340,,2331
102,백령도,2025-01-22 13:00,4.2,,4.4,340,,2476
102,백령도,2025-01-22 14:00,3.9,,4.9,340,,3076
102,백령도,2025-01-22 15:00,2.9,,4.8,340,,2712
102,백령도,2025-01-22 16:00,2.9,,5.2,340,,3681
102,백령도,2025-01-22 17:00,2.8,,3.9,360,,3530
102,백령도,2025-01-22 18:00,2,,3.3,340,,3536
102,백령도,2025-01-22 19:00,1.8,,3,340,,3237
102,백령도,2025-01-22 20:00,2,,4,340,,3428
102,백령도,2025-01-22 21:00,2.1,,3.3,340,,4022
102,백령도,2025-01-22 22:00,2.3,,3.1,320,,4994
102,백령도,2025-01-22 23:00,2.7,,4.1,340,,4997
102,백령도,2025-01-23 00:00,3.1,,4.6,340,,4490
102,백령도,2025-01-23 01:00,3.1,,5.7,340,,4296
102,백령도,2025-01-23 02:00,3.1,,5.5,340,,3868
102,백령도,2025-01-23 03:00,3.2,,5.7,340,,4272
102,백령도,2025-01-23 04:00,3.2,,4,340,,4872
102,백령도,2025-01-23 05:00,2,,2.7,360,,2041
102,백령도,2025-01-23 06:00,1.4,,1.9,20,,2135
102,백령도,2025-01-23 07:00,1.4,,2.8,360,,2345
102,백령도,2025-01-23 08:00,1,,2.3,50,,2090
102,백령도,2025-01-23 09:00,1.9,,2.5,360,,2505
102,백령도,2025-01-23 10:00,3,,2.8,360,,2996
102,백령도,2025-01-23 11:00,3.5,,3.4,360,,2880
102,백령도,2025-01-23 12:00,4.1,,3.5,360,,3050
102,백령도,2025-01-23 13:00,4.5,,4.1,360,,4014
102,백령도,2025-01-23 14:00,4.3,,4.4,360,,3917
102,백령도,2025-01-23 15:00,3.9,,4.6,340,,3860
102,백령도,2025-01-23 16:00,3.6,,5.1,360,,4160
102,백령도,2025-01-23 17:00,3,,4.7,340,,4548
102,백령도,2025-01-23 18:00,2.2,,4.3,340,,4709
102,백령도,2025-01-23 19:00,1.9,,2.8,340,,4738
102,백령도,2025-01-23 20:00,1.7,,3.9,360,,4572
102,백령도,2025-01-23 21:00,1.5,,3.9,360,,3149
102,백령도,2025-01-23 22:00,1.2,,4.1,340,,2768
102,백령도,2025-01-23 23:00,1.7,,4.3,360,,3079
102,백령도,2025-01-24 00:00,1.5,,1.7,360,48,3670
102,백령도,2025-01-24 01:00,1.9,,3.9,360,,4261
102,백령도,2025-01-24 02:00,2,,2.2,20,,4325
102,백령도,2025-01-24 03:00,1.7,,3.5,50,,2858
102,백령도,2025-01-24 04:00,1.5,,2.1,20,,3004
102,백령도,2025-01-24 05:00,.8,,2.8,20,,3137
102,백령도,2025-01-24 06:00,1.6,,2.1,20,,3138
102,백령도,2025-01-24 07:00,1.2,,1.9,20,,3026
102,백령도,2025-01-24 08:00,1.6,,2.1,20,,3343
102,백령도,2025-01-24 09:00,2.5,,1.8,90,,2375
102,백령도,2025-01-24 10:00,3.7,,2,70,,3833
102,백령도,2025-01-24 11:00,4.4,,1.9,340,,3911
102,백령도,2025-01-24 12:00,5.4,,3.4,360,,4057
102,백령도,2025-01-24 13:00,5.7,,4.6,340,,4384
102,백령도,2025-01-24 14:00,5.6,,4.7,340,,4140
102,백령도,2025-01-24 15:00,5.6,,5,360,,3989
102,백령도,2025-01-24 16:00,5.3,,5.2,360,,3878
102,백령도,2025-01-24 17:00,4.4,,5.1,360,,3535
102,백령도,2025-01-24 18:00,3.5,,4.6,360,,2865
102,백령도,2025-01-24 19:00,3.4,,5.1,360,,2096
102,백령도,2025-01-24 20:00,3.5,,4.3,360,,2038
102,백령도,2025-01-24 21:00,3.2,,4.6,360,,1638
102,백령도,2025-01-24 22:00,3,,2.3,360,,1504
102,백령도,2025-01-24 23:00,3.5,,4.3,360,,1767
102,백령도,2025-01-25 00:00,3.6,,4.8,360,,1732
102,백령도,2025-01-25 01:00,3.3,,3.8,360,,1647
102,백령도,2025-01-25 02:00,3.7,,4,360,,2099
102,백령도,2025-01-25 03:00,3.5,,1.8,20,,1967
102,백령도,2025-01-25 04:00,2.5,,2.4,50,,2098
102,백령도,2025-01-25 05:00,1.9,,1.4,50,,1969
102,백령도,2025-01-25 06:00,1.8,,2.6,360,,2153
102,백령도,2025-01-25 07:00,1.3,,.4,0,,2252
102,백령도,2025-01-25 08:00,1,,2.3,320,,2144
102,백령도,2025-01-25 09:00,3.3,,2.4,360,,2051
102,백령도,2025-01-25 10:00,4.5,,2.7,50,,2246
102,백령도,2025-01-25 11:00,4.9,,3.3,90,,1866
102,백령도,2025-01-25 12:00,5.1,,2.8,110,,1815
102,백령도,2025-01-25 13:00,6,,1.9,90,,1978
102,백령도,2025-01-25 14:00,7.2,,1.5,140,,3172
102,백령도,2025-01-25 15:00,6.6,,1.4,70,,2910
102,백령도,2025-01-25 16:00,6.3,,1.8,340,,3351
102,백령도,2025-01-25 17:00,5.3,,1.8,340,,2560
102,백령도,2025-01-25 18:00,3.8,,1,270,,1996
102,백령도,2025-01-25 19:00,2.4,,1.6,320,,1625
102,백령도,2025-01-25 20:00,2.5,,2,320,,1399
102,백령도,2025-01-25 21:00,2.6,,1.6,320,,1450
102,백령도,2025-01-25 22:00,2.8,,2.1,320,,1557
102,백령도,2025-01-25 23:00,3.1,,1.9,320,,1486
102,백령도,2025-01-26 00:00,3.2,,1.2,20,,1516
102,백령도,2025-01-26 01:00,3.3,,2.7,90,,1685
102,백령도,2025-01-26 02:00,3.6,,3.6,110,,1880
102,백령도,2025-01-26 03:00,3,,4.4,90,,1504
102,백령도,2025-01-26 04:00,2.7,,4,110,,2415
102,백령도,2025-01-26 05:00,3,,4.1,110,,4708
102,백령도,2025-01-26 06:00,2.9,,4.4,110,,4931
102,백령도,2025-01-26 07:00,3.2,,4.4,110,,4891
102,백령도,2025-01-26 08:00,3.1,,4.9,110,,4878
102,백령도,2025-01-26 09:00,3.6,,6.3,140,,4673
102,백령도,2025-01-26 10:00,3.6,,6.1,110,,4310
102,백령도,2025-01-26 11:00,4,,4.6,140,,4189
102,백령도,2025-01-26 12:00,4.4,,5.3,140,,4592
102,백령도,2025-01-26 13:00,4.5,,5.7,140,,4297
102,백령도,2025-01-26 14:00,4.3,,4.7,140,,4079
102,백령도,2025-01-26 15:00,4.5,,6.7,140,,4069
102,백령도,2025-01-26 16:00,4.4,,6.8,140,,4063
102,백령도,2025-01-26 17:00,3.7,,6.2,160,,1592
102,백령도,2025-01-26 18:00,1.3,1.3,3,200,,433
102,백령도,2025-01-26 19:00,2.5,,5.1,160,,728
102,백령도,2025-01-26 20:00,2.3,,5,180,,1096
102,백령도,2025-01-26 21:00,2.4,3.4,2.4,180,,639
102,백령도,2025-01-26 22:00,2,,1.7,230,,783
102,백령도,2025-01-26 23:00,1,,2.6,250,,809
102,백령도,2025-01-27 00:00,1.4,3.6,3.3,270,,714
102,백령도,2025-01-27 01:00,.8,,3,250,,225
102,백령도,2025-01-27 02:00,.6,,1.4,270,,157
102,백령도,2025-01-27 03:00,.6,2.7,4.9,270,,125
102,백령도,2025-01-27 04:00,1,,6.1,270,,1067
102,백령도,2025-01-27 05:00,.9,,6.5,270,,1484
102,백령도,2025-01-27 06:00,-.6,.4,5.3,270,,951
102,백령도,2025-01-27 07:00,-1.1,,6.2,250,,1824
102,백령도,2025-01-27 08:00,-2.1,,6.4,250,,1492
102,백령도,2025-01-27 09:00,-1.6,0,5.8,250,,1356
102,백령도,2025-01-27 10:00,-.4,,7.3,250,,1692
102,백령도,2025-01-27 11:00,-1.8,,8,250,,40
102,백령도,2025-01-27 12:00,-.5,.5,10.3,270,,1231
102,백령도,2025-01-27 13:00,-1.5,,10.1,270,,1003
102,백령도,2025-01-27 14:00,-1.3,,11.4,270,,1561
102,백령도,2025-01-27 15:00,-1.7,0,11.2,290,,1590
102,백령도,2025-01-27 16:00,-1.8,,10.7,290,,1828
102,백령도,2025-01-27 17:00,-1.8,,11.2,290,,2312
102,백령도,2025-01-27 18:00,-2.1,0,11.1,290,,2214
102,백령도,2025-01-27 19:00,-2.2,,11.6,290,,1696
102,백령도,2025-01-27 20:00,-2.4,,11.1,290,,2052
102,백령도,2025-01-27 21:00,-2.8,0,11.3,290,,1574
102,백령도,2025-01-27 22:00,-3.2,,11.6,320,,371
102,백령도,2025-01-27 23:00,-3.2,,10.4,320,,994
102,백령도,2025-01-28 00:00,-3.5,0,10.8,320,,444
102,백령도,2025-01-28 01:00,-3.3,,11.1,320,,627
102,백령도,2025-01-28 02:00,-3.5,,10.7,320,,392
102,백령도,2025-01-28 03:00,-3.3,0,12.7,290,,824
102,백령도,2025-01-28 04:00,-3.4,,12.9,320,,472
102,백령도,2025-01-28 05:00,-3.2,,12.1,320,,1173
102,백령도,2025-01-28 06:00,-3.6,0,11.5,320,,248
102,백령도,2025-01-28 07:00,-3.1,,12.5,320,,760
102,백령도,2025-01-28 08:00,-3,,12.1,320,,434
102,백령도,2025-01-28 09:00,-3.2,0,11.8,320,,449
102,백령도,2025-01-28 10:00,-3.4,,11.1,320,,231
102,백령도,2025-01-28 11:00,-3.1,,9.5,320,,615
102,백령도,2025-01-28 12:00,-3.3,0,10.8,320,,174
102,백령도,2025-01-28 13:00,-2.9,,10.9,320,,418
102,백령도,2025-01-28 14:00,-2.9,,10.1,320,,551
102,백령도,2025-01-28 15:00,-2.8,0,11.2,320,,776
102,백령도,2025-01-28 16:00,-2.6,,11.3,320,,1440
102,백령도,2025-01-28 17:00,-2.7,,10.7,320,,340
102,백령도,2025-01-28 18:00,-2.3,0,10,320,,1075
102,백령도,2025-01-28 19:00,-2.2,,10.8,320,,2318
102,백령도,2025-01-28 20:00,-2.3,,9.3,320,,1966
102,백령도,2025-01-28 21:00,-2.4,0,10,320,,1151
102,백령도,2025-01-28 22:00,-2.5,,8.8,320,,1875
102,백령도,2025-01-28 23:00,-2.9,,8.3,340,,841
102,백령도,2025-01-29 00:00,-3.1,0,8.1,340,,1972
102,백령도,2025-01-29 01:00,-3.5,,7.7,340,,281
102,백령도,2025-01-29 02:00,-3.5,,7.2,340,,391
102,백령도,2025-01-29 03:00,-3.7,0,7.8,340,,365
102,백령도,2025-01-29 04:00,-3.5,,9.5,340,,1010
102,백령도,2025-01-29 05:00,-3.4,,8.1,340,,2742
102,백령도,2025-01-29 06:00,-3.4,0,7.7,340,,2319
102,백령도,2025-01-29 07:00,-3.5,,6.4,340,,2435
102,백령도,2025-01-29 08:00,-3.7,,9.1,340,,1333
102,백령도,2025-01-29 09:00,-3.8,0,7,340,,1912
102,백령도,2025-01-29 10:00,-3.3,,6,340,,2729
102,백령도,2025-01-29 11:00,-2.9,,6.8,340,,3956
102,백령도,2025-01-29 12:00,-2.8,0,7.2,340,,3983
102,백령도,2025-01-29 13:00,-2.6,,7.9,320,,3644
102,백령도,2025-01-29 14:00,-2.1,,8,320,,4569
102,백령도,2025-01-29 15:00,-1.7,,6.7,320,,4718
102,백령도,2025-01-29 16:00,-1.7,,5.8,340,,4299
102,백령도,2025-01-29 17:00,-2.1,,5,340,,4839
102,백령도,2025-01-29 18:00,-2.6,,6.4,320,,4894
102,백령도,2025-01-29 19:00,-2.3,,4.5,320,,4633
102,백령도,2025-01-29 20:00,-2.2,,5.7,320,,3634
102,백령도,2025-01-29 21:00,-1.9,0,3.8,320,,3367
102,백령도,2025-01-29 22:00,-1.8,,5.2,320,,2933
102,백령도,2025-01-29 23:00,-1.5,,5.7,320,,2707
102,백령도,2025-01-30 00:00,-1.5,0,5.8,320,,2679
102,백령도,2025-01-30 01:00,-2.1,,7,340,,4340
102,백령도,2025-01-30 02:00,-3,,6.6,360,,4445
102,백령도,2025-01-30 03:00,-3.5,,5.8,360,,4957
102,백령도,2025-01-30 04:00,-3.9,,6.4,360,,4922
102,백령도,2025-01-30 05:00,-4.2,,4.7,360,,4968
102,백령도,2025-01-30 06:00,-4.9,,2.6,20,,4968
102,백령도,2025-01-30 07:00,-5.4,,2.6,50,,5000
102,백령도,2025-01-30 08:00,-5.5,,2.4,20,,4938
102,백령도,2025-01-30 09:00,-5,,3.1,50,,4634
102,백령도,2025-01-30 10:00,-4.6,,2.7,20,,4336
102,백령도,2025-01-30 11:00,-3.7,,3,70,,4624
102,백령도,2025-01-30 12:00,-4,,2.5,50,,4794
102,백령도,2025-01-30 13:00,-3.6,,2.5,360,,4460
102,백령도,2025-01-30 14:00,-3.5,,1.4,110,,4589
102,백령도,2025-01-30 15:00,-3.1,,2.1,20,,4874
102,백령도,2025-01-30 16:00,-3,,1.9,90,,4570
102,백령도,2025-01-30 17:00,-3.1,,1.7,90,,4565
102,백령도,2025-01-30 18:00,-3.2,,2.4,90,,4751
102,백령도,2025-01-30 19:00,-3,,2.4,90,,4769
102,백령도,2025-01-30 20:00,-2.9,,2.1,70,,4561
102,백령도,2025-01-30 21:00,-2.9,,3.5,90,,4400
102,백령도,2025-01-30 22:00,-2.8,,3.6,90,,3557
102,백령도,2025-01-30 23:00,-2.4,,3,90,,3451
102,백령도,2025-01-31 00:00,-2.5,0,3.4,90,,3676
102,백령도,2025-01-31 01:00,-2.3,,2.6,90,,2662
102,백령도,2025-01-31 02:00,-2.9,,2.8,70,,1010
102,백령도,2025-01-31 03:00,-3.4,.3,3,70,,433
102,백령도,2025-01-31 04:00,-3.5,,3.1,70,,1729
102,백령도,2025-01-31 05:00,-2.7,,2.7,70,,2109
102,백령도,2025-01-31 06:00,-2.6,.1,3.5,90,,1832
102,백령도,2025-01-31 07:00,-2.5,,3.9,90,,525
102,백령도,2025-01-31 08:00,-2.4,,3.7,90,,241
102,백령도,2025-01-31 09:00,-2.5,.9,3.7,90,,645
102,백령도,2025-01-31 10:00,-2.3,,3.9,90,,658
102,백령도,2025-01-31 11:00,-2.1,,3.8,90,,250
102,백령도,2025-01-31 12:00,-1.4,.8,3.3,90,,624
102,백령도,2025-01-31 13:00,-.6,,2.1,90,,1135
102,백령도,2025-01-31 14:00,-.2,,1.9,70,,1132
102,백령도,2025-01-31 15:00,0,.1,2.9,70,,1886
102,백령도,2025-01-31 16:00,.5,,1.6,50,,1745
102,백령도,2025-01-31 17:00,.3,,2,50,,2154
102,백령도,2025-01-31 18:00,.2,,2.1,360,,2195
102,백령도,2025-01-31 19:00,.2,,1.9,20,,1960
102,백령도,2025-01-31 20:00,-.2,,3.5,360,,1702
102,백령도,2025-01-31 21:00,-.7,,3.2,360,,2220
102,백령도,2025-01-31 22:00,-.9,,2.3,20,,2824
102,백령도,2025-01-31 23:00,-1.2,,2.2,20,,2842
102,백령도,2025-02-01 00:00,-1.4,,3.9,20,,3391
102,백령도,2025-02-01 01:00,-1.4,,3.3,20,,4735
102,백령도,2025-02-01 02:00,-1.5,,3.3,50,,4769
102,백령도,2025-02-01 03:00,-1.8,,2.2,360,,4977
102,백령도,2025-02-01 04:00,-1.5,,3.7,360,,4956
102,백령도,2025-02-01 05:00,-1.6,,3.9,360,,4890
102,백령도,2025-02-01 06:00,-1.6,,4.6,360,,4842
102,백령도,2025-02-01 07:00,-1.5,,4.4,360,,4837
102,백령도,2025-02-01 08:00,-1.7,,4,20,,4803
102,백령도,2025-02-01 09:00,-1.4,,1.8,20,,4812
102,백령도,2025-02-01 10:00,.2,,1.4,50,,4677
102,백령도,2025-02-01 11:00,1,,1.7,360,,4776
102,백령도,2025-02-01 12:00,1.3,,4,360,,3590
102,백령도,2025-02-01 13:00,1.5,,5.6,360,,3640
102,백령도,2025-02-01 14:00,1.8,,5.8,360,,3247
102,백령도,2025-02-01 15:00,1.5,,7.5,360,,3493
102,백령도,2025-02-01 16:00,1,,6.8,360,,2468
102,백령도,2025-02-01 17:00,.8,,5.8,360,,2673
102,백령도,2025-02-01 18:00,0,,6.1,360,,1936
102,백령도,2025-02-01 19:00,-.1,,3.7,360,,2614
102,백령도,2025-02-01 20:00,-.5,,1.9,50,,3963
102,백령도,2025-02-01 21:00,-1.9,,.5,360,,3884
102,백령도,2025-02-01 22:00,-.8,,2.4,340,,4469
102,백령도,2025-02-01 23:00,-.3,,3.9,320,,4116
102,백령도,2025-02-02 00:00,.6,,4.6,340,,4607
102,백령도,2025-02-02 01:00,1,,5.2,340,,4968
102,백령도,2025-02-02 02:00,1.4,,6.1,340,,4170
102,백령도,2025-02-02 03:00,1.2,,4.4,360,,4126
102,백령도,2025-02-02 04:00,.9,,4,340,,4341
102,백령도,2025-02-02 05:00,.7,,2.7,360,,4524
102,백령도,2025-02-02 06:00,.4,,2.4,20,,4313
102,백령도,2025-02-02 07:00,.5,,1.4,50,,4401
102,백령도,2025-02-02 08:00,.6,,1.5,20,,4468
102,백령도,2025-02-02 09:00,1.1,,.2,0,,3942
102,백령도,2025-02-02 10:00,1.8,,.9,290,,4316
102,백령도,2025-02-02 11:00,2.2,,4.2,320,,815
102,백령도,2025-02-02 12:00,1.7,,4.2,320,,791
102,백령도,2025-02-02 13:00,1.7,,5,320,,778
102,백령도,2025-02-02 14:00,1.8,,4.3,320,,692
102,백령도,2025-02-02 15:00,1.7,,5.9,320,,606
102,백령도,2025-02-02 16:00,1.8,,5.9,320,,694
102,백령도,2025-02-02 17:00,1.7,,5.8,320,,708
102,백령도,2025-02-02 18:00,1.3,,5.1,320,,1092
102,백령도,2025-02-02 19:00,1.7,,5.2,320,,1328
102,백령도,2025-02-02 20:00,1.7,,7.8,340,,1217
102,백령도,2025-02-02 21:00,1.3,0,7.7,340,,1019
102,백령도,2025-02-02 22:00,1.4,,7.9,340,,1769
102,백령도,2025-02-02 23:00,1.3,,9.2,340,,965
102,백령도,2025-02-03 00:00,-.2,,11.3,340,,1531
102,백령도,2025-02-03 01:00,-1,,10.2,340,,2936
102,백령도,2025-02-03 02:00,-1.5,,12.1,340,,2871
102,백령도,2025-02-03 03:00,-1.9,,12,340,,4056
102,백령도,2025-02-03 04:00,-2.5,,10.1,340,,4370
102,백령도,2025-02-03 05:00,-2.8,,11.9,340,,4601
102,백령도,2025-02-03 06:00,-3.3,,13.3,340,,4808
102,백령도,2025-02-03 07:00,-3.6,,12.5,340,,4784
102,백령도,2025-02-03 08:00,-3.8,,11.5,340,,4526
102,백령도,2025-02-03 09:00,-3.9,,10.4,340,,3748
102,백령도,2025-02-03 10:00,-3.8,,9.5,340,,4072
102,백령도,2025-02-03 11:00,-4,,10.3,360,,3558
102,백령도,2025-02-03 12:00,-4.2,0,10.3,340,,4064
102,백령도,2025-02-03 13:00,-4.2,,9.7,340,,3279
102,백령도,2025-02-03 14:00,-4.8,,10.7,340,,4016
102,백령도,2025-02-03 15:00,-5.1,0,9.8,340,,3915
102,백령도,2025-02-03 16:00,-5,,8.7,340,,4421
102,백령도,2025-02-03 17:00,-4.8,,8.2,340,,4302
102,백령도,2025-02-03 18:00,-4.8,0,8.5,340,,2039
102,백령도,2025-02-03 19:00,-5,,8.8,360,,482
102,백령도,2025-02-03 20:00,-4.7,,8.7,340,,3116
102,백령도,2025-02-03 21:00,-5.1,0,11.1,340,,3665
102,백령도,2025-02-03 22:00,-5,,11.5,340,,3205
102,백령도,2025-02-03 23:00,-5.8,,12.1,360,,1934
102,백령도,2025-02-04 00:00,-6.7,0,12.9,340,,261
102,백령도,2025-02-04 01:00,-6.6,,11.8,360,,1074
102,백령도,2025-02-04 02:00,-6.8,,12.8,340,,2247
102,백령도,2025-02-04 03:00,-6.7,0,12.9,340,,2250
102,백령도,2025-02-04 04:00,-7.2,,11.5,360,,3113
102,백령도,2025-02-04 05:00,-7.3,,12.8,340,,4292
102,백령도,2025-02-04 06:00,-7.6,0,12.3,340,,2484
102,백령도,2025-02-04 07:00,-7.9,,11.5,360,,2539
102,백령도,2025-02-04 08:00,-8.1,,11.4,340,,1391
102,백령도,2025-02-04 09:00,-7.8,0,9.6,360,,1985
102,백령도,2025-02-04 10:00,-7.7,,8.9,340,,2502
102,백령도,2025-02-04 11:00,-7.5,,10.6,340,,2020
102,백령도,2025-02-04 12:00,-7.3,0,10,340,,960
102,백령도,2025-02-04 13:00,-6.9,,8.7,320,,912
102,백령도,2025-02-04 14:00,-6.8,,7.6,340,,1502
102,백령도,2025-02-04 15:00,-6.8,0,8.9,340,,678
102,백령도,2025-02-04 16:00,-6.6,,7.9,360,,1112
102,백령도,2025-02-04 17:00,-6.8,,6.3,360,,338
102,백령도,2025-02-04 18:00,-6.5,.2,6.6,360,,378
102,백령도,2025-02-04 19:00,-5.9,,6.5,340,,703
102,백령도,2025-02-04 20:00,-5.9,,8.5,340,,1006
102,백령도,2025-02-04 21:00,-5.4,.1,8.8,340,,4570
102,백령도,2025-02-04 22:00,-5.8,,8.6,340,,1787
102,백령도,2025-02-04 23:00,-5.6,,8.3,340,,4999
102,백령도,2025-02-05 00:00,-5.2,0,7.4,340,,4964
102,백령도,2025-02-05 01:00,-5.1,,7.9,340,,4913
102,백령도,2025-02-05 02:00,-5.3,,8.7,340,,4589
102,백령도,2025-02-05 03:00,-5.6,,8,360,,4610
102,백령도,2025-02-05 04:00,-5.9,,7.4,340,,4486
102,백령도,2025-02-05 05:00,-6.2,,3.5,360,,4537
102,백령도,2025-02-05 06:00,-6.9,,3.9,20,,4819
102,백령도,2025-02-05 07:00,-7.3,,4,360,,4335
102,백령도,2025-02-05 08:00,-8.3,,3.9,70,,383
102,백령도,2025-02-05 09:00,-8.1,.3,3.5,70,,250
102,백령도,2025-02-05 10:00,-7.1,,1.7,70,,416
102,백령도,2025-02-05 11:00,-6,,5.7,360,,1159
102,백령도,2025-02-05 12:00,-6,.3,4.4,340,,409
102,백령도,2025-02-05 13:00,-6,,6.6,340,,295
102,백령도,2025-02-05 14:00,-4.7,,6.3,320,,2978
102,백령도,2025-02-05 15:00,-5.5,.7,9.6,320,,3555
102,백령도,2025-02-05 16:00,-5.8,,8.1,320,,4596
102,백령도,2025-02-05 17:00,-5.9,,8.9,320,,4209
102,백령도,2025-02-05 18:00,-6.1,,8.8,320,,4403
102,백령도,2025-02-05 19:00,-5.3,,7.9,320,,4888
102,백령도,2025-02-05 20:00,-4.6,,6.9,340,,4954
102,백령도,2025-02-05 21:00,-5.1,0,6.8,340,,1041
102,백령도,2025-02-05 22:00,-4.1,,6.8,340,,4421
102,백령도,2025-02-05 23:00,-3.6,,6.5,340,,4832
102,백령도,2025-02-06 00:00,-3.8,0,7.6,340,,3967
102,백령도,2025-02-06 01:00,-4.2,,8.3,340,,4464
102,백령도,2025-02-06 02:00,-4.3,,6.3,340,,4736
102,백령도,2025-02-06 03:00,-4.5,,5.1,340,,4983
102,백령도,2025-02-06 04:00,-5.2,,3,340,,4719
102,백령도,2025-02-06 05:00,-5.9,,1,270,,4747
102,백령도,2025-02-06 06:00,-6.7,,1.9,160,,4262
102,백령도,2025-02-06 07:00,-6.7,,1.9,180,,3838
102,백령도,2025-02-06 08:00,-6,,2.1,180,,3667
102,백령도,2025-02-06 09:00,-3.4,,1.8,180,,4018
102,백령도,2025-02-06 10:00,-1.3,,3.2,230,,4017
102,백령도,2025-02-06 11:00,-.8,,4.4,250,,3797
102,백령도,2025-02-06 12:00,.9,0,7.6,270,,4029
102,백령도,2025-02-06 13:00,-.4,,7,290,,3477
102,백령도,2025-02-06 14:00,.1,,8.3,270,,3398
102,백령도,2025-02-06 15:00,.9,0,7.6,320,,4462
102,백령도,2025-02-06 16:00,.4,,7.1,320,,4261
102,백령도,2025-02-06 17:00,-.2,,5.9,320,,4665
102,백령도,2025-02-06 18:00,-.5,,5.4,320,,4775
102,백령도,2025-02-06 19:00,-.4,,5.4,320,,4838
102,백령도,2025-02-06 20:00,-.3,,4.8,320,,4943
102,백령도,2025-02-06 21:00,-.3,,4.1,340,,4924
102,백령도,2025-02-06 22:00,-1.1,,2.7,90,,4271
102,백령도,2025-02-06 23:00,-1.8,,4.4,70,,725
102,백령도,2025-02-07 00:00,-3.5,.6,3.3,70,,128
102,백령도,2025-02-07 01:00,-4.1,,2.6,20,,87
102,백령도,2025-02-07 02:00,-5.8,,3.9,50,,1341
102,백령도,2025-02-07 03:00,-5.9,1.7,6.1,360,,436
102,백령도,2025-02-07 04:00,-5.8,,10.2,340,,512
102,백령도,2025-02-07 05:00,-6,,8.8,340,,1379
102,백령도,2025-02-07 06:00,-6.5,.5,10.2,340,,327
102,백령도,2025-02-07 07:00,-6.1,,12.8,320,,478
102,백령도,2025-02-07 08:00,-7.2,,12.1,340,,1216
102,백령도,2025-02-07 09:00,-7.6,0,13.1,320,,542
102,백령도,2025-02-07 10:00,-8.8,,11.8,340,,41
102,백령도,2025-02-07 11:00,-9,,10.1,340,,358
102,백령도,2025-02-07 12:00,-8.3,.5,12.8,340,,897
102,백령도,2025-02-07 13:00,-8.5,,13,340,,168
102,백령도,2025-02-07 14:00,-8.4,,12.5,340,,224
102,백령도,2025-02-07 15:00,-7.6,0,12.2,340,,1802
102,백령도,2025-02-07 16:00,-7.5,,13.8,340,,760
102,백령도,2025-02-07 17:00,-7.2,,12.4,340,,1463
102,백령도,2025-02-07 18:00,-7,0,12.3,340,,1356
102,백령도,2025-02-07 19:00,-7,,13.2,340,,1851
102,백령도,2025-02-07 20:00,-7,,13.3,360,,1139
102,백령도,2025-02-07 21:00,-6.7,0,11.7,360,,2901
102,백령도,2025-02-07 22:00,-6.6,,12,340,,1852
102,백령도,2025-02-07 23:00,-6.6,,12.8,340,,2262
102,백령도,2025-02-08 00:00,-6.6,0,12.4,340,,3318
102,백령도,2025-02-08 01:00,-6.5,,12.1,360,,2807
102,백령도,2025-02-08 02:00,-6.6,,12.8,360,,1603
102,백령도,2025-02-08 03:00,-6.3,0,10.6,360,,2150
102,백령도,2025-02-08 04:00,-6.4,,12.2,360,,2075
102,백령도,2025-02-08 05:00,-6.1,,11.3,340,,3337
102,백령도,2025-02-08 06:00,-6.5,0,10.8,360,,536
102,백령도,2025-02-08 07:00,-6.3,,11,340,,2310
102,백령도,2025-02-08 08:00,-6.1,,10.1,340,,2903
102,백령도,2025-02-08 09:00,-6.1,0,9.3,360,,2427
102,백령도,2025-02-08 10:00,-6.1,,10.2,340,,1940
102,백령도,2025-02-08 11:00,-5.7,,9.8,360,,1124
102,백령도,2025-02-08 12:00,-5.8,0,10.7,340,,1741
102,백령도,2025-02-08 13:00,-5.4,,9.5,360,,4378
102,백령도,2025-02-08 14:00,-5.1,,8.2,360,,3467
102,백령도,2025-02-08 15:00,-5,0,7,360,,3924
102,백령도,2025-02-08 16:00,-4.1,,6.9,340,,4383
102,백령도,2025-02-08 17:00,-3.8,,7.9,360,,4460
102,백령도,2025-02-08 18:00,-3.6,0,7.2,340,,4603
102,백령도,2025-02-08 19:00,-3.5,,9,340,,4649
102,백령도,2025-02-08 20:00,-3.1,,9.1,340,,4776
102,백령도,2025-02-08 21:00,-3,0,6.8,340,,4665
102,백령도,2025-02-08 22:00,-2.7,,7,340,,4840
102,백령도,2025-02-08 23:00,-2.6,,8.4,340,,4627
102,백령도,2025-02-09 00:00,-2.6,,8,340,,4376
102,백령도,2025-02-09 01:00,-2.7,,7.7,340,,3618
102,백령도,2025-02-09 02:00,-2.8,,7.8,340,,3621
102,백령도,2025-02-09 03:00,-2.8,,8,340,,3718
102,백령도,2025-02-09 04:00,-2.9,,4.5,340,,3800
102,백령도,2025-02-09 05:00,-3.1,,6.4,340,,3687
102,백령도,2025-02-09 06:00,-3.1,,5.1,340,,3858
102,백령도,2025-02-09 07:00,-3,,4.5,340,,4336
102,백령도,2025-02-09 08:00,-2.8,,4.4,340,,4311
102,백령도,2025-02-09 09:00,-2.6,0,5.6,320,,4514
102,백령도,2025-02-09 10:00,-2.3,,4.8,320,,4447
102,백령도,2025-02-09 11:00,-2.3,,6,340,,4482
102,백령도,2025-02-09 12:00,-2.3,0,5,340,,3972
102,백령도,2025-02-09 13:00,-1.5,,5.6,320,,3768
102,백령도,2025-02-09 14:00,-2.5,,6.4,340,,4672
102,백령도,2025-02-09 15:00,-2.2,0,6.4,340,,3978
102,백령도,2025-02-09 16:00,-2,,5.6,340,,4151
102,백령도,2025-02-09 17:00,-2.5,,5.9,340,,4269
102,백령도,2025-02-09 18:00,-2.8,,4.5,340,,4951
102,백령도,2025-02-09 19:00,-3,,3.4,340,,4935
102,백령도,2025-02-09 20:00,-2.9,,2.6,340,,4990
102,백령도,2025-02-09 21:00,-2.3,,3.1,320,,5000
102,백령도,2025-02-09 22:00,-2,,3.1,360,,4998
102,백령도,2025-02-09 23:00,-1.4,,2.9,290,,4631
102,백령도,2025-02-10 00:00,-1.9,0,2.7,320,,3515
102,백령도,2025-02-10 01:00,-2.9,,1,320,,1653
102,백령도,2025-02-10 02:00,-2.9,,1,250,,1742
102,백령도,2025-02-10 03:00,-1.4,.6,3.3,290,,3746
102,백령도,2025-02-10 04:00,-1.2,,5.1,320,,1412
102,백령도,2025-02-10 05:00,-1.6,,3,360,,2808
102,백령도,2025-02-10 06:00,-2.8,.2,2.1,50,,2815
102,백령도,2025-02-10 07:00,-2.7,,1.3,290,,2826
102,백령도,2025-02-10 08:00,-1,,5.2,290,,3994
102,백령도,2025-02-10 09:00,-.4,,6.4,290,,3883
102,백령도,2025-02-10 10:00,.1,,6.9,320,,3700
102,백령도,2025-02-10 11:00,.7,,6.3,320,,3485
102,백령도,2025-02-10 12:00,1.1,,6.6,320,,3188
102,백령도,2025-02-10 13:00,1.5,,6.2,320,,4058
102,백령도,2025-02-10 14:00,1.7,,4.8,320,,3998
102,백령도,2025-02-10 15:00,1.7,,4.7,320,,4256
102,백령도,2025-02-10 16:00,1.3,,4.4,320,,4158
102,백령도,2025-02-10 17:00,1.2,,2.9,290,,4361
102,백령도,2025-02-10 18:00,.3,,1.3,290,,4761
102,백령도,2025-02-10 19:00,-.4,,.6,180,,4102
102,백령도,2025-02-10 20:00,-.5,,.4,0,44,4565
102,백령도,2025-02-10 21:00,-.2,,1.1,160,51,3720
102,백령도,2025-02-10 22:00,.2,,.7,160,54,3681
102,백령도,2025-02-10 23:00,.4,,1.3,180,52,3535
102,백령도,2025-02-11 00:00,.6,,1,180,50,3568
102,백령도,2025-02-11 01:00,.8,,1.1,200,39,4244
102,백령도,2025-02-11 02:00,.8,,1.4,160,45,3179
102,백령도,2025-02-11 03:00,1.3,,1.3,160,55,2561
102,백령도,2025-02-11 04:00,2.1,,1.3,200,53,2043
102,백령도,2025-02-11 05:00,1.2,,1.7,90,67,2004
102,백령도,2025-02-11 06:00,1,,2.1,110,79,1660
102,백령도,2025-02-11 07:00,1.4,,2.1,110,76,1953
102,백령도,2025-02-11 08:00,2.2,,1.7,180,64,2297
102,백령도,2025-02-11 09:00,3.8,,3.6,180,58,2383
102,백령도,2025-02-11 10:00,4.4,,5.3,180,9,2366
102,백령도,2025-02-11 11:00,4.5,,5.4,180,42,2213
102,백령도,2025-02-11 12:00,4.4,,7,180,47,2388
102,백령도,2025-02-11 13:00,5,,5.9,180,47,2509
102,백령도,2025-02-11 14:00,4.4,,7.4,180,60,2217
102,백령도,2025-02-11 15:00,4,,7.3,180,49,2487
102,백령도,2025-02-11 16:00,3.9,,6.2,180,55,2348
102,백령도,2025-02-11 17:00,3.3,,5.9,180,74,2045
102,백령도,2025-02-11 18:00,2.9,,5.1,180,45,1598
102,백령도,2025-02-11 19:00,2.3,,3.1,160,67,2662
102,백령도,2025-02-11 20:00,2.1,,3.9,140,62,2852
102,백령도,2025-02-11 21:00,2.1,,4.1,140,66,2627
102,백령도,2025-02-11 22:00,1.6,,3.9,140,80,1026
102,백령도,2025-02-11 23:00,1.6,,3.6,110,69,1564
102,백령도,2025-02-12 00:00,2,,4.1,140,60,2094
102,백령도,2025-02-12 01:00,2.2,,2.9,140,64,1725
102,백령도,2025-02-12 02:00,.1,,3.7,140,94,56
102,백령도,2025-02-12 03:00,.6,2.5,3.8,140,96,116
102,백령도,2025-02-12 04:00,.6,,4.5,110,96,101
102,백령도,2025-02-12 05:00,.5,,4.7,110,97,68
102,백령도,2025-02-12 06:00,.6,2.6,4,140,97,72
102,백령도,2025-02-12 07:00,.8,,4,110,97,85
102,백령도,2025-02-12 08:00,1,,3.8,110,97,120
102,백령도,2025-02-12 09:00,.8,2.4,3.8,110,97,130
102,백령도,2025-02-12 10:00,1.7,,3.8,140,97,463
102,백령도,2025-02-12 11:00,1.4,,3.2,20,97,161
102,백령도,2025-02-12 12:00,1.9,1,1.6,110,96,221
102,백령도,2025-02-12 13:00,1.1,,11.3,340,92,1309
102,백령도,2025-02-12 14:00,.8,,12.1,340,83,2823
102,백령도,2025-02-12 15:00,.4,0,12.4,340,77,3084
102,백령도,2025-02-12 16:00,.8,,12,340,,4069
102,백령도,2025-02-12 17:00,.3,,12.2,340,,3154
102,백령도,2025-02-12 18:00,.2,,8.2,340,,4468
102,백령도,2025-02-12 19:00,.3,,8.3,340,,3724
102,백령도,2025-02-12 20:00,.5,,8.7,340,,4717
102,백령도,2025-02-12 21:00,.2,,13.1,340,,4723
102,백령도,2025-02-12 22:00,.2,,11,340,,4789
102,백령도,2025-02-12 23:00,.4,,8.4,340,,4706
102,백령도,2025-02-13 00:00,.7,,6.4,320,,4604
102,백령도,2025-02-13 01:00,.9,,6.6,320,,4598
102,백령도,2025-02-13 02:00,1,,5.9,320,,4944
102,백령도,2025-02-13 03:00,1.6,,8.5,320,,4727
102,백령도,2025-02-13 04:00,1.7,,7.1,320,,4848
102,백령도,2025-02-13 05:00,1.5,,5.3,320,,4858
102,백령도,2025-02-13 06:00,1.6,,4.1,320,,4958
102,백령도,2025-02-13 07:00,.8,,2.2,270,,4963
102,백령도,2025-02-13 08:00,1,,2.3,270,,4925
102,백령도,2025-02-13 09:00,2.7,,2.8,270,,4503
102,백령도,2025-02-13 10:00,3.7,,4.2,290,,4297
102,백령도,2025-02-13 11:00,4.3,,4.6,290,,4288
102,백령도,2025-02-13 12:00,5.2,,4.7,270,,4688
102,백령도,2025-02-13 13:00,5,,6,250,,3368
102,백령도,2025-02-13 14:00,4.7,,7.9,250,,3592
102,백령도,2025-02-13 15:00,5,,7.2,250,,3777
102,백령도,2025-02-13 16:00,5.6,,5.9,250,,3445
102,백령도,2025-02-13 17:00,5.2,,7.1,250,,2913
102,백령도,2025-02-13 18:00,4.6,,6.2,250,,2396
102,백령도,2025-02-13 19:00,4.3,,6.2,250,,2411
102,백령도,2025-02-13 20:00,4.2,,5.5,250,,2448
102,백령도,2025-02-13 21:00,4.7,,6.2,250,,2675
102,백령도,2025-02-13 22:00,4.5,,6.5,250,,2369
102,백령도,2025-02-13 23:00,4.3,,5.4,250,,2079
102,백령도,2025-02-14 00:00,4.2,,4.6,250,,1863
102,백령도,2025-02-14 01:00,4,,3.1,270,,1743
102,백령도,2025-02-14 02:00,3.9,,3.4,270,,1965
102,백령도,2025-02-14 03:00,3.6,,3,270,,1228
102,백령도,2025-02-14 04:00,3.4,,2.6,270,,1527
102,백령도,2025-02-14 05:00,3.7,,.8,320,,1428
102,백령도,2025-02-14 06:00,3.4,,1,140,,1387
102,백령도,2025-02-14 07:00,2.6,,1.6,290,,1469
102,백령도,2025-02-14 08:00,3.7,,1.7,270,,1547
102,백령도,2025-02-14 09:00,4.8,,.6,250,,1686
102,백령도,2025-02-14 10:00,6.1,,1.5,290,,1428
102,백령도,2025-02-14 11:00,6.8,,3.3,290,,1671
102,백령도,2025-02-14 12:00,7.8,,3.3,290,,1910
102,백령도,2025-02-14 13:00,8.2,,3.1,340,,1712
102,백령도,2025-02-14 14:00,8.5,,4,320,,1846
102,백령도,2025-02-14 15:00,8.6,,3.8,250,,1940
102,백령도,2025-02-14 16:00,8.7,,3.5,270,,2000
102,백령도,2025-02-14 17:00,6.9,,2.5,200,,1254
102,백령도,2025-02-14 18:00,5.6,,2.4,200,,827
102,백령도,2025-02-14 19:00,4.6,,2.3,230,,668
102,백령도,2025-02-14 20:00,3.9,,1.8,200,,478
102,백령도,2025-02-14 21:00,4.7,,2.2,230,,818
102,백령도,2025-02-14 22:00,4.3,,3.3,230,,778
102,백령도,2025-02-14 23:00,4.4,,3,230,,773
102,백령도,2025-02-15 00:00,4.7,,3.2,230,,1034
102,백령도,2025-02-15 01:00,4.6,,2.5,250,,1327
102,백령도,2025-02-15 02:00,3.4,,1.5,200,,1186
102,백령도,2025-02-15 03:00,3.8,,1.4,180,,985
102,백령도,2025-02-15 04:00,1.9,,2.6,140,,30
102,백령도,2025-02-15 05:00,1.8,,1.3,160,,15
102,백령도,2025-02-15 06:00,1.8,,2.1,140,,19
102,백령도,2025-02-15 07:00,2.2,,2,140,,153
102,백령도,2025-02-15 08:00,2.7,,2.7,140,,231
102,백령도,2025-02-15 09:00,3.1,,4.4,140,,308
102,백령도,2025-02-15 10:00,3.8,,3.5,140,,489
102,백령도,2025-02-15 11:00,4.4,,3.2,140,,610
102,백령도,2025-02-15 12:00,6.8,,5.3,180,,1298
102,백령도,2025-02-15 13:00,7.4,,5.5,200,,1391
102,백령도,2025-02-15 14:00,7.9,,5.4,200,,1559
102,백령도,2025-02-15 15:00,7.7,,5.2,200,,1340
102,백령도,2025-02-15 16:00,7.8,,5,180,,1339
102,백령도,2025-02-15 17:00,6.5,,4.3,180,,1091
102,백령도,2025-02-15 18:00,5.3,,2.6,180,,733
102,백령도,2025-02-15 19:00,4.6,,1.7,180,,525
102,백령도,2025-02-15 20:00,4.2,,2.2,180,,343
102,백령도,2025-02-15 21:00,4.4,,2.2,200,,419
102,백령도,2025-02-15 22:00,4.9,,2.7,200,,509
102,백령도,2025-02-15 23:00,5.2,,3.8,200,,533
102,백령도,2025-02-16 00:00,5.2,,3.5,200,,455
102,백령도,2025-02-16 01:00,4.4,,1.9,180,,295
102,백령도,2025-02-16 02:00,4.3,,1,160,,375
102,백령도,2025-02-16 03:00,4.1,,1.2,90,,336
102,백령도,2025-02-16 04:00,3.9,,1.6,180,,242
102,백령도,2025-02-16 05:00,4.1,,2.4,180,,82
102,백령도,2025-02-16 06:00,4,,1.1,110,,52
102,백령도,2025-02-16 07:00,4.2,,1.4,140,,82
102,백령도,2025-02-16 08:00,4.1,,1.2,140,,37
102,백령도,2025-02-16 09:00,4.9,,0,0,,133
102,백령도,2025-02-16 10:00,5.6,,1.1,70,,149
102,백령도,2025-02-16 11:00,5.7,,1.3,50,,203
102,백령도,2025-02-16 12:00,5.7,,2.3,340,,283
102,백령도,2025-02-16 13:00,5.4,,6.8,320,,399
102,백령도,2025-02-16 14:00,3.6,,8.5,340,,268
102,백령도,2025-02-16 15:00,3.9,,9.2,340,,316
102,백령도,2025-02-16 16:00,3.4,,9.4,340,,731
102,백령도,2025-02-16 17:00,3,,10.7,340,,1407
102,백령도,2025-02-16 18:00,2.7,,9.2,340,,3552
102,백령도,2025-02-16 19:00,2.6,,11.9,340,,4718
102,백령도,2025-02-16 20:00,2.7,,12.2,340,,4780
102,백령도,2025-02-16 21:00,2.6,,12,340,,4780
102,백령도,2025-02-16 22:00,2.4,,12.5,340,,4215
102,백령도,2025-02-16 23:00,2.2,,12.9,340,,4171
102,백령도,2025-02-17 00:00,1.9,,9.6,360,,4168
102,백령도,2025-02-17 01:00,1.9,,10,340,,4026
102,백령도,2025-02-17 02:00,1.8,,9.3,360,,3512
102,백령도,2025-02-17 03:00,2.1,,8.9,340,,3307
102,백령도,2025-02-17 04:00,1.9,,8.2,320,,3376
102,백령도,2025-02-17 05:00,1.6,,6.6,340,,3417
102,백령도,2025-02-17 06:00,1.4,,10.3,340,,3393
102,백령도,2025-02-17 07:00,.5,,9.9,340,,3579
102,백령도,2025-02-17 08:00,.1,,9.4,340,,3865
102,백령도,2025-02-17 09:00,-.3,,10.5,340,,4135
102,백령도,2025-02-17 10:00,-.3,,8.8,360,,4461
102,백령도,2025-02-17 11:00,-.2,,8.6,360,,3529
102,백령도,2025-02-17 12:00,-.3,,9.3,360,,3943
102,백령도,2025-02-17 13:00,-.4,,9,340,,4552
102,백령도,2025-02-17 14:00,-.3,,9.2,340,,4210
102,백령도,2025-02-17 15:00,-.4,,7.5,340,,4251
102,백령도,2025-02-17 16:00,-.8,,7.9,340,,4476
102,백령도,2025-02-17 17:00,-.9,,7,340,,4703
102,백령도,2025-02-17 18:00,-1,,4.8,340,,4704
102,백령도,2025-02-17 19:00,-.8,,5.8,340,,4586
102,백령도,2025-02-17 20:00,-.6,,6.9,340,,4884
102,백령도,2025-02-17 21:00,-.2,,7.1,340,,4981
102,백령도,2025-02-17 22:00,-.3,,8.3,360,,4959
102,백령도,2025-02-17 23:00,-.2,,9.4,340,,4831
102,백령도,2025-02-18 00:00,-.5,,10.8,340,,4735
102,백령도,2025-02-18 01:00,-.7,,9.9,360,,4382
102,백령도,2025-02-18 02:00,-.7,,9.4,340,,4209
102,백령도,2025-02-18 03:00,-.7,,8.5,360,,4635
102,백령도,2025-02-18 04:00,-.7,,9.2,360,,4896
102,백령도,2025-02-18 05:00,-.4,,9.6,340,,4888
102,백령도,2025-02-18 06:00,-.4,,8.3,340,,4860
102,백령도,2025-02-18 07:00,-.3,,7.6,340,,4886
102,백령도,2025-02-18 08:00,-.1,,6.9,340,,4378
102,백령도,2025-02-18 09:00,.3,,7.3,340,,4571
102,백령도,2025-02-18 10:00,.5,,8.4,340,,4248
102,백령도,2025-02-18 11:00,-.2,,10.2,340,,4154
102,백령도,2025-02-18 12:00,-.3,,9.8,340,,4110
102,백령도,2025-02-18 13:00,-.5,,9.6,340,,3628
102,백령도,2025-02-18 14:00,-.6,,8.4,340,,3994
102,백령도,2025-02-18 15:00,-.7,,9.9,340,,4356
102,백령도,2025-02-18 16:00,-.6,,7,340,,4367
102,백령도,2025-02-18 17:00,-1.2,,8.8,340,,4458
102,백령도,2025-02-18 18:00,-1.3,,7.2,340,,4796
102,백령도,2025-02-18 19:00,-1.4,,6.6,340,,4911
102,백령도,2025-02-18 20:00,-.8,,7.1,340,,4584
102,백령도,2025-02-18 21:00,-.7,,8.6,340,,4866
102,백령도,2025-02-18 22:00,-.7,,8.9,340,,4825
102,백령도,2025-02-18 23:00,-.9,,8.9,340,,4849
102,백령도,2025-02-19 00:00,-1.3,,9.3,340,,4323
102,백령도,2025-02-19 01:00,-1.9,,8.8,340,,4338
102,백령도,2025-02-19 02:00,-2.1,,9.3,340,,4373
102,백령도,2025-02-19 03:00,-2.4,,9.3,360,,3901
102,백령도,2025-02-19 04:00,-2.5,,10.2,360,,4274
102,백령도,2025-02-19 05:00,-2.9,,10.2,360,,4393
102,백령도,2025-02-19 06:00,-2.8,,9.3,360,,4733
102,백령도,2025-02-19 07:00,-3,,10.8,340,,4706
102,백령도,2025-02-19 08:00,-2.7,,8.9,340,,4442
102,백령도,2025-02-19 09:00,-2,,10.2,340,,4694
102,백령도,2025-02-19 10:00,-1.3,,8.8,340,,4441
102,백령도,2025-02-19 11:00,-1.2,,10.4,340,,4960
102,백령도,2025-02-19 12:00,-1.1,,10.4,340,,4312
102,백령도,2025-02-19 13:00,-1.1,,9.9,340,,4604
102,백령도,2025-02-19 14:00,-1.1,,10.2,340,,4488
102,백령도,2025-02-19 15:00,-.7,,8.4,340,,4189
102,백령도,2025-02-19 16:00,-.8,,8.7,360,,4572
102,백령도,2025-02-19 17:00,-.6,,6.5,340,,4804
102,백령도,2025-02-19 18:00,-.8,,6.5,340,,4382
102,백령도,2025-02-19 19:00,-.7,,5.6,340,,4530
102,백령도,2025-02-19 20:00,-.2,,7.1,320,,4609
102,백령도,2025-02-19 21:00,0,,6.1,340,,4772
102,백령도,2025-02-19 22:00,-.1,,4.5,340,,4910
102,백령도,2025-02-19 23:00,-.7,,7.2,360,,4499
102,백령도,2025-02-20 00:00,-1.1,,8.9,340,,4460
102,백령도,2025-02-20 01:00,-1.7,,8.3,340,,4063
102,백령도,2025-02-20 02:00,-1.9,,8.7,360,,4444
102,백령도,2025-02-20 03:00,-2.3,,7.1,360,,3881
102,백령도,2025-02-20 04:00,-2.4,,7.5,340,,3512
102,백령도,2025-02-20 05:00,-2.5,,9.6,340,,3702
102,백령도,2025-02-20 06:00,-2.5,,8.3,360,,4461
102,백령도,2025-02-20 07:00,-2.6,,7.2,360,,4749
102,백령도,2025-02-20 08:00,-2.5,,8.2,340,,4942
102,백령도,2025-02-20 09:00,-2.1,,8.2,340,,4495
102,백령도,2025-02-20 10:00,-1.4,,7.5,340,,4229
102,백령도,2025-02-20 11:00,-.9,,8.4,340,,4597
102,백령도,2025-02-20 12:00,-.8,,8.9,340,,4144
102,백령도,2025-02-20 13:00,-.5,,8.8,360,,4503
102,백령도,2025-02-20 14:00,-.4,,7.8,340,,4793
102,백령도,2025-02-20 15:00,-.5,,6.8,340,,4466
102,백령도,2025-02-20 16:00,-.9,,7.9,340,,4129
102,백령도,2025-02-20 17:00,-1.2,,7.5,340,,3799
102,백령도,2025-02-20 18:00,-1.9,,7.7,340,,4572
102,백령도,2025-02-20 19:00,-2.2,,7.9,340,,4610
102,백령도,2025-02-20 20:00,-1.7,,6.5,340,,4356
102,백령도,2025-02-20 21:00,-1.3,,5.5,340,,4530
102,백령도,2025-02-20 22:00,-1.3,,5.6,360,,4618
102,백령도,2025-02-20 23:00,-1.4,,6.3,360,,4764
102,백령도,2025-02-21 00:00,-1.5,,7.4,360,,4152
102,백령도,2025-02-21 01:00,-1.7,,7.9,340,,3930
102,백령도,2025-02-21 02:00,-2.2,,6.6,340,,3459
102,백령도,2025-02-21 03:00,-2.4,,6.9,340,,3195
102,백령도,2025-02-21 04:00,-2.6,,5.7,340,,3265
102,백령도,2025-02-21 05:00,-2.5,,6.9,340,,3574
102,백령도,2025-02-21 06:00,-2.6,,6.5,340,,3531
102,백령도,2025-02-21 07:00,-2.9,,6.1,340,,3372
102,백령도,2025-02-21 08:00,-2.8,,7.2,340,,3478
102,백령도,2025-02-21 09:00,-2.3,,7.4,340,,3084
102,백령도,2025-02-21 10:00,-1.6,,6.1,360,,3007
102,백령도,2025-02-21 11:00,-1,,6.4,360,,3101
102,백령도,2025-02-21 12:00,-.9,,7.9,360,,3449
102,백령도,2025-02-21 13:00,-.8,,7.6,360,,3542
102,백령도,2025-02-21 14:00,-.7,,6.5,360,,3987
102,백령도,2025-02-21 15:00,-.6,,6,360,,4429
102,백령도,2025-02-21 16:00,-.7,,5.7,340,,4516
102,백령도,2025-02-21 17:00,-1.2,,6.1,320,,4820
102,백령도,2025-02-21 18:00,-1.5,,4.4,320,,4929
102,백령도,2025-02-21 19:00,-1.2,,6.2,320,,4907
102,백령도,2025-02-21 20:00,-.9,,7.6,320,,3423
102,백령도,2025-02-21 21:00,-1,0,7.8,320,,2820
102,백령도,2025-02-21 22:00,-1.2,,8.9,320,,4744
102,백령도,2025-02-21 23:00,-1.6,,7.6,320,,4964
102,백령도,2025-02-22 00:00,-1.4,0,8.4,360,,3614
102,백령도,2025-02-22 01:00,-2.1,,7.1,340,,3517
102,백령도,2025-02-22 02:00,-2.5,,8.5,340,,3374
102,백령도,2025-02-22 03:00,-2.7,,8.3,340,,3182
102,백령도,2025-02-22 04:00,-2.9,,7.9,340,,3158
102,백령도,2025-02-22 05:00,-3,,8,340,,3365
102,백령도,2025-02-22 06:00,-3.1,,7.1,360,,3094
102,백령도,2025-02-22 07:00,-3.1,,7.4,360,,2795
102,백령도,2025-02-22 08:00,-3,,7.1,360,,2702
102,백령도,2025-02-22 09:00,-2.6,,6.2,360,,2514
102,백령도,2025-02-22 10:00,-2,,5.9,360,,2617
102,백령도,2025-02-22 11:00,-1.7,,7.2,360,,3362
102,백령도,2025-02-22 12:00,-1.4,,6.8,360,,3671
102,백령도,2025-02-22 13:00,-1.4,,7.6,360,,3960
102,백령도,2025-02-22 14:00,-1.6,,7.8,340,,4013
102,백령도,2025-02-22 15:00,-1.4,,8.6,360,,4410
102,백령도,2025-02-22 16:00,-1.3,,8.2,340,,4507
102,백령도,2025-02-22 17:00,-1.7,,6.8,340,,4397
102,백령도,2025-02-22 18:00,-1.9,,5.3,340,,4854
102,백령도,2025-02-22 19:00,-2.1,,6.3,340,,4551
102,백령도,2025-02-22 20:00,-1.9,,5.7,340,,4468
102,백령도,2025-02-22 21:00,-1.4,,7.2,340,,4922
102,백령도,2025-02-22 22:00,-1,,6.8,320,,4839
102,백령도,2025-02-22 23:00,-.8,,8.1,320,,4999
102,백령도,2025-02-23 00:00,-1.3,,8.6,360,,4170
102,백령도,2025-02-23 01:00,-1.8,,7.7,340,,3318
102,백령도,2025-02-23 02:00,-2.1,,10.9,340,,3389
102,백령도,2025-02-23 03:00,-2.4,,9.7,340,,3462
102,백령도,2025-02-23 04:00,-2.4,,9.3,340,,3869
102,백령도,2025-02-23 05:00,-2.3,,10,340,,2988
102,백령도,2025-02-23 06:00,-2.2,,6.4,340,,3723
102,백령도,2025-02-23 07:00,-2.8,,8.9,340,,3699
102,백령도,2025-02-23 08:00,-3.5,,7.9,340,,3633
102,백령도,2025-02-23 09:00,-3.3,,9.4,340,,3994
102,백령도,2025-02-23 10:00,-3.2,,9,340,,3494
102,백령도,2025-02-23 11:00,-2.6,,8.9,340,,3410
102,백령도,2025-02-23 12:00,-2.4,,9.6,340,,3723
102,백령도,2025-02-23 13:00,-2.5,,9.8,340,,3370
102,백령도,2025-02-23 14:00,-2.2,,7.7,340,,3366
102,백령도,2025-02-23 15:00,-2.4,,6.7,340,,4488
102,백령도,2025-02-23 16:00,-1.7,,7.4,320,,4165
102,백령도,2025-02-23 17:00,-1.9,,8.4,320,,4752
102,백령도,2025-02-23 18:00,-2.4,,8.5,320,,4368
102,백령도,2025-02-23 19:00,-2.2,,7.5,320,,4553
102,백령도,2025-02-23 20:00,-1.9,,7.6,320,,4481
102,백령도,2025-02-23 21:00,-1.7,,7.5,320,,4773
102,백령도,2025-02-23 22:00,-1.4,,6.1,340,,4743
102,백령도,2025-02-23 23:00,-1.3,,8.8,340,,4458
102,백령도,2025-02-24 00:00,-1.5,,8,340,,3866
102,백령도,2025-02-24 01:00,-1.7,,9,340,,3871
102,백령도,2025-02-24 02:00,-1.8,,9.1,340,,3547
102,백령도,2025-02-24 03:00,-1.9,,8.9,340,,3384
102,백령도,2025-02-24 04:00,-1.9,,9.1,340,,3547
102,백령도,2025-02-24 05:00,-1.7,,8.1,340,,4159
102,백령도,2025-02-24 06:00,-1.3,,8.9,340,,3961
102,백령도,2025-02-24 07:00,-1.2,,8.7,340,,3420
102,백령도,2025-02-24 08:00,-.6,,9.6,340,,3662
102,백령도,2025-02-24 09:00,.3,,8.3,340,,4438
102,백령도,2025-02-24 10:00,1.3,,7.4,340,,4571
102,백령도,2025-02-24 11:00,2.5,,5.8,340,,4539
102,백령도,2025-02-24 12:00,2.8,,5.3,360,,4351
102,백령도,2025-02-24 13:00,3.1,,3.3,360,,4034
102,백령도,2025-02-24 14:00,3.6,,2.6,340,,4150
102,백령도,2025-02-24 15:00,3.8,,3.4,320,,3963
102,백령도,2025-02-24 16:00,4.4,,6.3,290,,3693
102,백령도,2025-02-24 17:00,3.1,,5.5,290,,2606
102,백령도,2025-02-24 18:00,2.5,,4.2,290,,2248
102,백령도,2025-02-24 19:00,1.6,,2.2,250,,2330
102,백령도,2025-02-24 20:00,1.9,,3.5,270,,3140
102,백령도,2025-02-24 21:00,1.8,,2.9,270,,4275
102,백령도,2025-02-24 22:00,1.7,,2.4,270,,4262
102,백령도,2025-02-24 23:00,2,,3,250,,3908
102,백령도,2025-02-25 00:00,1.7,,2.9,250,,4380
102,백령도,2025-02-25 01:00,2.1,,3,230,,3978
102,백령도,2025-02-25 02:00,2.4,,4.2,250,,3829
102,백령도,2025-02-25 03:00,2.5,,4.4,230,,3457
102,백령도,2025-02-25 04:00,2.4,,3.2,250,,3293
102,백령도,2025-02-25 05:00,2.3,,3.5,230,,3362
102,백령도,2025-02-25 06:00,2.4,,3.8,250,,3181
102,백령도,2025-02-25 07:00,2.7,,4.1,230,,3328
102,백령도,2025-02-25 08:00,3.3,,5.5,230,,3897
102,백령도,2025-02-25 09:00,3.8,,5.6,230,,3873
102,백령도,2025-02-25 10:00,4.3,,5,230,,3344
102,백령도,2025-02-25 11:00,4.8,,5,230,,1802
102,백령도,2025-02-25 12:00,5.2,,5.5,250,,1317
102,백령도,2025-02-25 13:00,5.4,,7.5,250,,1313
102,백령도,2025-02-25 14:00,5.7,,6.7,250,,1387
102,백령도,2025-02-25 15:00,6,,6.7,230,,1297
102,백령도,2025-02-25 16:00,6.2,,6.2,250,,1199
102,백령도,2025-02-25 17:00,5.6,,5.8,270,,1060
102,백령도,2025-02-25 18:00,5,,4.7,250,,1040
102,백령도,2025-02-25 19:00,4.4,,4.2,250,,886
102,백령도,2025-02-25 20:00,4.2,,4,250,,833
102,백령도,2025-02-25 21:00,4.3,,4.1,270,,613
102,백령도,2025-02-25 22:00,3.8,,3,270,,938
102,백령도,2025-02-25 23:00,3.5,,4.2,290,,889
102,백령도,2025-02-26 00:00,4,,7.7,320,,1534
102,백령도,2025-02-26 01:00,2.8,,8.6,340,,1220
102,백령도,2025-02-26 02:00,2.1,,6.8,360,,1340
102,백령도,2025-02-26 03:00,1.6,,4.8,360,,1938
102,백령도,2025-02-26 04:00,1.3,,5,360,,2964
102,백령도,2025-02-26 05:00,1.3,,5.7,360,,2927
102,백령도,2025-02-26 06:00,.9,,3.8,360,,3254
102,백령도,2025-02-26 07:00,.8,,4,360,,3023
102,백령도,2025-02-26 08:00,1,,3.5,360,,3155
102,백령도,2025-02-26 09:00,2,,3.2,360,,3425
102,백령도,2025-02-26 10:00,2.6,,2.9,340,,3416
102,백령도,2025-02-26 11:00,3.5,,2.3,360,,3486
102,백령도,2025-02-26 12:00,4.6,,1.7,20,,4004
102,백령도,2025-02-26 13:00,4.9,,1.6,140,,3863
102,백령도,2025-02-26 14:00,5.4,,2.1,180,,3643
102,백령도,2025-02-26 15:00,5.6,,1.9,340,,3868
102,백령도,2025-02-26 16:00,5,,3.3,200,,4106
102,백령도,2025-02-26 17:00,4.5,,3.1,200,,4523
102,백령도,2025-02-26 18:00,3.7,,3.7,200,,4392
102,백령도,2025-02-26 19:00,3.4,,3.9,200,32,4007
102,백령도,2025-02-26 20:00,3.7,,3.8,200,31,3201
102,백령도,2025-02-26 21:00,4.1,,4.2,200,69,3304
102,백령도,2025-02-26 22:00,4.4,,3.5,200,72,2822
102,백령도,2025-02-26 23:00,4.7,,3.9,200,78,1895
102,백령도,2025-02-27 00:00,4.5,,3.3,200,84,833
102,백령도,2025-02-27 01:00,4.2,,3.2,180,85,590
102,백령도,2025-02-27 02:00,4.6,,3.7,160,84,599
102,백령도,2025-02-27 03:00,4.1,,2.7,160,88,473
102,백령도,2025-02-27 04:00,3.3,,2,180,91,262
102,백령도,2025-02-27 05:00,4.3,,1.7,180,92,293
102,백령도,2025-02-27 06:00,5,,3.1,160,90,336
102,백령도,2025-02-27 07:00,3.7,,4.1,140,93,399
102,백령도,2025-02-27 08:00,3.8,,3.7,140,93,319
102,백령도,2025-02-27 09:00,4.3,,4.5,160,94,407
102,백령도,2025-02-27 10:00,5.2,,5.2,160,,492
102,백령도,2025-02-27 11:00,5.6,,4.5,140,,681
102,백령도,2025-02-27 12:00,4.9,,5.6,140,,399
102,백령도,2025-02-27 13:00,5.4,,4.8,140,,425
102,백령도,2025-02-27 14:00,5.6,,4.1,140,,387
102,백령도,2025-02-27 15:00,4.8,,4.1,160,,343
102,백령도,2025-02-27 16:00,4.6,,3.6,140,,340
102,백령도,2025-02-27 17:00,4.1,,4.8,140,,215
102,백령도,2025-02-27 18:00,3.9,,5.2,140,,192
102,백령도,2025-02-27 19:00,4,,4.4,160,,224
102,백령도,2025-02-27 20:00,3.6,,4.4,160,,232
102,백령도,2025-02-27 21:00,3.3,,3.2,140,,281
102,백령도,2025-02-27 22:00,2.7,,2.2,140,,319
102,백령도,2025-02-27 23:00,2.7,,1.7,140,,381
102,백령도,2025-02-28 00:00,2.3,,1.9,110,,357
102,백령도,2025-02-28 01:00,2.6,,1.9,140,,370
102,백령도,2025-02-28 02:00,3.4,,1.6,110,,458
102,백령도,2025-02-28 03:00,3.9,,1.5,140,,495
102,백령도,2025-02-28 04:00,4.2,,2.3,110,,579
102,백령도,2025-02-28 05:00,4.1,,1.3,110,,590
102,백령도,2025-02-28 06:00,4.7,,2.8,180,,799
102,백령도,2025-02-28 07:00,4.9,,3.7,180,,531
102,백령도,2025-02-28 08:00,4.7,,2.8,180,,192
102,백령도,2025-02-28 09:00,4.9,,2.3,160,,97
102,백령도,2025-02-28 10:00,5.1,,2.4,140,,51
102,백령도,2025-02-28 11:00,5.1,,2.8,110,,34
102,백령도,2025-02-28 12:00,5.5,,2.1,110,,57
102,백령도,2025-02-28 13:00,7.4,,2.1,160,,687
102,백령도,2025-02-28 14:00,7.7,,2.8,140,,966
102,백령도,2025-02-28 15:00,7.3,,3.2,140,,1309
102,백령도,2025-02-28 16:00,5.9,,3.3,140,,1308
102,백령도,2025-02-28 17:00,5.9,,3.9,140,,730
102,백령도,2025-02-28 18:00,5.4,,4.6,140,,56
102,백령도,2025-02-28 19:00,5.4,,3.6,160,,125
102,백령도,2025-02-28 20:00,5.4,,3.4,160,,86
102,백령도,2025-02-28 21:00,5.1,,4.6,180,,90
102,백령도,2025-02-28 22:00,5,,3.5,180,,97
102,백령도,2025-02-28 23:00,5.1,,4.4,160,,59
102,백령도,2025-03-01 00:00,5.2,,3.8,180,,38
102,백령도,2025-03-01 01:00,5.2,,2.5,160,,66
102,백령도,2025-03-01 02:00,4.6,,1.6,110,,23
102,백령도,2025-03-01 03:00,4.5,.2,2.3,110,,26
102,백령도,2025-03-01 04:00,4.4,,2.5,140,,35
102,백령도,2025-03-01 05:00,4.1,,3.8,140,,34
102,백령도,2025-03-01 06:00,4,.2,3.2,160,,324
102,백령도,2025-03-01 07:00,3.8,,4,140,,90
102,백령도,2025-03-01 08:00,3.9,,3.6,140,,34
102,백령도,2025-03-01 09:00,4,.2,2.5,140,,28
102,백령도,2025-03-01 10:00,3.8,,4.4,140,,35
102,백령도,2025-03-01 11:00,4,,4.3,140,,90
102,백령도,2025-03-01 12:00,4.4,0,3,140,,240
102,백령도,2025-03-01 13:00,4.7,,3.6,110,,337
102,백령도,2025-03-01 14:00,7,,3.8,140,,503
102,백령도,2025-03-01 15:00,8,,2.9,140,,613
102,백령도,2025-03-01 16:00,8.9,,2.4,140,,749
102,백령도,2025-03-01 17:00,9.2,,1.6,160,,865
102,백령도,2025-03-01 18:00,8.6,,1,70,,771
102,백령도,2025-03-01 19:00,5,,1.9,290,,641
102,백령도,2025-03-01 20:00,3.8,,1.9,320,,586
102,백령도,2025-03-01 21:00,3.5,,2.1,320,,612
102,백령도,2025-03-01 22:00,4.7,,1.8,50,,654
102,백령도,2025-03-01 23:00,4.7,,2.4,90,,550
102,백령도,2025-03-02 00:00,4.6,,1.9,90,,414
102,백령도,2025-03-02 01:00,4.3,,2.1,110,,364
102,백령도,2025-03-02 02:00,4.2,,4.5,320,,433
102,백령도,2025-03-02 03:00,3.8,,4.6,320,,391
102,백령도,2025-03-02 04:00,3.4,,2.1,340,,323
102,백령도,2025-03-02 05:00,3.3,,1.3,290,,390
102,백령도,2025-03-02 06:00,3,,1.4,320,,340
102,백령도,2025-03-02 07:00,2.4,,2,290,,281
102,백령도,2025-03-02 08:00,3.1,,3.6,340,,240
102,백령도,2025-03-02 09:00,5.5,,3.4,360,,617
102,백령도,2025-03-02 10:00,7.4,,1.7,20,,811
102,백령도,2025-03-02 11:00,9.1,,3.8,50,,858
102,백령도,2025-03-02 12:00,5.3,,3.6,320,,975
102,백령도,2025-03-02 13:00,5.8,,5,340,,1232
102,백령도,2025-03-02 14:00,4.9,,7.5,340,,797
102,백령도,2025-03-02 15:00,4.8,0,6.7,340,,436
102,백령도,2025-03-02 16:00,4.8,,5.4,340,,448
102,백령도,2025-03-02 17:00,6.6,,2.7,360,,538
102,백령도,2025-03-02 18:00,8.5,0,6,50,,551
102,백령도,2025-03-02 19:00,8.4,,5.7,50,,516
102,백령도,2025-03-02 20:00,6.7,,6.2,70,,316
102,백령도,2025-03-02 21:00,5.2,5.4,4.8,90,,439
102,백령도,2025-03-02 22:00,4.4,,3.8,90,,731
102,백령도,2025-03-02 23:00,4.2,,3.8,90,,912
102,백령도,2025-03-03 00:00,4,2.8,3.3,70,,661
102,백령도,2025-03-03 01:00,3.5,,4.1,50,,1403
102,백령도,2025-03-03 02:00,3.5,,5,50,,2473
102,백령도,2025-03-03 03:00,3.3,.2,5.3,50,,2677
102,백령도,2025-03-03 04:00,3.3,,5.2,50,,3566
102,백령도,2025-03-03 05:00,3.3,,3.5,50,,4866
102,백령도,2025-03-03 06:00,3.1,,5.2,70,,4612
102,백령도,2025-03-03 07:00,2.8,,5.2,70,,3738
102,백령도,2025-03-03 08:00,2.9,,5.3,70,,4000
102,백령도,2025-03-03 09:00,3.9,,4.8,70,,4258
102,백령도,2025-03-03 10:00,4.6,,5.7,90,,4401
102,백령도,2025-03-03 11:00,5.3,,5.4,90,,4183
102,백령도,2025-03-03 12:00,5.7,,5.4,90,,3976
102,백령도,2025-03-03 13:00,6.1,,3.8,70,,4489
102,백령도,2025-03-03 14:00,6.4,,3.7,70,,4300
102,백령도,2025-03-03 15:00,6.4,,5.4,90,,4001
102,백령도,2025-03-03 16:00,6.2,,4.7,110,,3990
102,백령도,2025-03-03 17:00,5.9,,4.9,90,,4602
102,백령도,2025-03-03 18:00,4.9,,4.6,90,,4060
102,백령도,2025-03-03 19:00,4,,5.7,90,,4001
102,백령도,2025-03-03 20:00,3.5,,5.8,90,,3703
102,백령도,2025-03-03 21:00,2.5,,6.9,90,,4102
102,백령도,2025-03-03 22:00,2,,7.1,90,,4372
102,백령도,2025-03-03 23:00,1.9,,5.4,90,,4666
102,백령도,2025-03-04 00:00,1.9,,5.1,90,,4903
102,백령도,2025-03-04 01:00,1.9,,6.7,90,,4985
102,백령도,2025-03-04 02:00,1.7,,7,90,,4983
102,백령도,2025-03-04 03:00,1.7,,7.2,90,,4929
102,백령도,2025-03-04 04:00,1.6,,6.4,90,,4975
102,백령도,2025-03-04 05:00,1.6,,6.7,90,,4983
102,백령도,2025-03-04 06:00,1.8,,7.6,110,,4962
102,백령도,2025-03-04 07:00,2.1,,5.7,90,,4920
102,백령도,2025-03-04 08:00,2.1,,5.5,90,,4938
102,백령도,2025-03-04 09:00,2.4,,5.8,90,,4883
102,백령도,2025-03-04 10:00,2.7,,5.1,110,,4859
102,백령도,2025-03-04 11:00,.4,,6,110,,180
102,백령도,2025-03-04 12:00,.7,.8,7.4,90,,533
102,백령도,2025-03-04 13:00,.9,,5.2,90,,758
102,백령도,2025-03-04 14:00,1.1,,6.2,90,,617
102,백령도,2025-03-04 15:00,1.3,.7,6.1,90,,751
102,백령도,2025-03-04 16:00,1.5,,7.1,70,,3977
102,백령도,2025-03-04 17:00,2,,5.3,70,,4869
102,백령도,2025-03-04 18:00,1.8,.2,5.2,70,,4328
102,백령도,2025-03-04 19:00,1.5,,5.2,50,,4169
102,백령도,2025-03-04 20:00,1.6,,5.5,70,,4417
102,백령도,2025-03-04 21:00,1.7,0,5.3,70,,4654
102,백령도,2025-03-04 22:00,1.7,,5,70,,4208
102,백령도,2025-03-04 23:00,1.8,,3.9,50,,4902
102,백령도,2025-03-05 00:00,2,0,4.4,50,,4970
102,백령도,2025-03-05 01:00,2,,5,70,,5000
102,백령도,2025-03-05 02:00,2.1,,3.7,50,,4924
102,백령도,2025-03-05 03:00,2,,2.7,50,,4999
102,백령도,2025-03-05 04:00,1.8,,1.6,20,,5000
102,백령도,2025-03-05 05:00,1.9,,1.7,20,,5000
102,백령도,2025-03-05 06:00,1.9,,2,20,,4984
102,백령도,2025-03-05 07:00,1.8,,2.5,360,,4895
102,백령도,2025-03-05 08:00,2.1,,2.4,50,,4807
102,백령도,2025-03-05 09:00,3,,1.3,360,,4953
102,백령도,2025-03-05 10:00,2.6,,3,360,,3917
102,백령도,2025-03-05 11:00,3.6,,2.9,360,,4826
102,백령도,2025-03-05 12:00,3.8,,4.7,360,,3959
102,백령도,2025-03-05 13:00,4.7,,5.8,360,,4566
102,백령도,2025-03-05 14:00,4.4,,5.8,340,,4147
102,백령도,2025-03-05 15:00,4,,7.7,340,,4680
102,백령도,2025-03-05 16:00,4,,6.2,340,,4746
102,백령도,2025-03-05 17:00,3.6,,8.4,340,,4492
102,백령도,2025-03-05 18:00,3.1,,8.7,340,,3752
102,백령도,2025-03-05 19:00,2.9,,6.3,340,,4187
102,백령도,2025-03-05 20:00,2.9,,5,340,,4082
102,백령도,2025-03-05 21:00,2.8,,3.5,340,73,1932
102,백령도,2025-03-05 22:00,3,,3.9,340,72,2625
102,백령도,2025-03-05 23:00,3.4,,5.4,320,75,1809
102,백령도,2025-03-06 00:00,3.5,,4.6,320,79,1610
102,백령도,2025-03-06 01:00,3.3,,3.4,320,81,1203
102,백령도,2025-03-06 02:00,3.7,,5.9,340,68,1189
102,백령도,2025-03-06 03:00,3.3,,5.7,340,67,1151
102,백령도,2025-03-06 04:00,2.9,,5.5,340,71,963
102,백령도,2025-03-06 05:00,2.6,,5,360,71,870
102,백령도,2025-03-06 06:00,2.6,,5.8,360,67,892
102,백령도,2025-03-06 07:00,2.5,,6.7,360,67,914
102,백령도,2025-03-06 08:00,2.9,,6.2,360,60,1132
102,백령도,2025-03-06 09:00,4,,6.8,360,46,1736
102,백령도,2025-03-06 10:00,4.4,,8.9,340,42,2206
102,백령도,2025-03-06 11:00,4.9,,8.2,340,44,1617
102,백령도,2025-03-06 12:00,5.2,,8.4,360,41,2079
102,백령도,2025-03-06 13:00,5.1,,9.3,340,41,1714
102,백령도,2025-03-06 14:00,4.9,,9.5,340,40,1929
102,백령도,2025-03-06 15:00,4.7,,8.5,340,42,1963
102,백령도,2025-03-06 16:00,4.7,,8.7,340,42,1822
102,백령도,2025-03-06 17:00,4.7,,7.6,340,51,1706
102,백령도,2025-03-06 18:00,4.4,,6.6,340,54,1770
102,백령도,2025-03-06 19:00,3.9,,4.4,320,63,1480
102,백령도,2025-03-06 20:00,3.8,,4.7,320,65,1668
102,백령도,2025-03-06 21:00,4,,5.2,320,63,2319
102,백령도,2025-03-06 22:00,4.2,,6,320,64,2673
102,백령도,2025-03-06 23:00,4.2,,5.3,320,62,2417
102,백령도,2025-03-07 00:00,4.2,,4.3,340,64,2213
102,백령도,2025-03-07 01:00,4.1,,6.3,360,56,1687
102,백령도,2025-03-07 02:00,3.6,,4.9,340,58,1471
102,백령도,2025-03-07 03:00,3.1,,4.7,360,62,1473
102,백령도,2025-03-07 04:00,1.7,,.8,340,68,1291
102,백령도,2025-03-07 05:00,.7,,.9,270,75,1248
102,백령도,2025-03-07 06:00,.7,,1.9,340,76,1178
102,백령도,2025-03-07 07:00,.5,,1.2,320,77,1330
102,백령도,2025-03-07 08:00,1.9,,.9,290,72,1495
102,백령도,2025-03-07 09:00,3.6,,.5,110,68,1903
102,백령도,2025-03-07 10:00,4.9,,1.9,90,70,1771
102,백령도,2025-03-07 11:00,5.8,,1.6,160,31,2743
102,백령도,2025-03-07 12:00,6.7,,1.8,200,43,3546
102,백령도,2025-03-07 13:00,6.5,,2.3,320,45,3407
102,백령도,2025-03-07 14:00,6.7,,3.6,320,35,2823
102,백령도,2025-03-07 15:00,6.4,,3.6,290,39,3981
102,백령도,2025-03-07 16:00,5.2,,3.8,320,50,3038
102,백령도,2025-03-07 17:00,4.7,,3,320,52,3173
102,백령도,2025-03-07 18:00,4,,1.6,320,62,3019
102,백령도,2025-03-07 19:00,3.2,,.8,290,67,2668
102,백령도,2025-03-07 20:00,3.8,,.6,160,45,3619
102,백령도,2025-03-07 21:00,3.3,,1.5,140,49,3083
102,백령도,2025-03-07 22:00,3.2,,1.9,140,58,3429
102,백령도,2025-03-07 23:00,3.2,,1.7,180,55,3525
102,백령도,2025-03-08 00:00,2.8,,1.9,180,70,3363
102,백령도,2025-03-08 01:00,3.2,,1.7,160,80,1865
102,백령도,2025-03-08 02:00,4,,1,200,71,2403
102,백령도,2025-03-08 03:00,4.2,,1.2,200,72,2313
102,백령도,2025-03-08 04:00,4.3,,1.4,230,73,2398
102,백령도,2025-03-08 05:00,4.1,,1,230,76,2112
102,백령도,2025-03-08 06:00,3.9,,.9,180,80,1815
102,백령도,2025-03-08 07:00,3.2,,2,90,90,1053
102,백령도,2025-03-08 08:00,3.6,,2.7,90,92,829
102,백령도,2025-03-08 09:00,5,,3,110,82,1641
102,백령도,2025-03-08 10:00,5.7,,3.3,110,79,1439
102,백령도,2025-03-08 11:00,6.1,,4.5,140,75,2001
102,백령도,2025-03-08 12:00,7.1,,3.9,180,68,2081
102,백령도,2025-03-08 13:00,7.5,,3.3,180,49,2989
102,백령도,2025-03-08 14:00,6.9,,3.5,180,59,2687
102,백령도,2025-03-08 15:00,6.1,,3.1,200,65,2154
102,백령도,2025-03-08 16:00,6.5,,2,200,64,1560
102,백령도,2025-03-08 17:00,6,,2.4,180,72,1033
102,백령도,2025-03-08 18:00,5.7,,1.3,200,75,1309
102,백령도,2025-03-08 19:00,5.4,,.7,180,77,1285
102,백령도,2025-03-08 20:00,4.4,,1.3,110,81,1038
102,백령도,2025-03-08 21:00,4,,1.2,140,88,764
102,백령도,2025-03-08 22:00,3.7,,1.3,110,89,841
102,백령도,2025-03-08 23:00,3.3,,1.3,110,92,470
102,백령도,2025-03-09 00:00,3.7,,.7,110,93,578
102,백령도,2025-03-09 01:00,3.2,,1.6,110,94,393
102,백령도,2025-03-09 02:00,2.7,,2.5,90,95,167
102,백령도,2025-03-09 03:00,2.6,,2.1,110,95,121
102,백령도,2025-03-09 04:00,2.4,,2,110,95,170
102,백령도,2025-03-09 05:00,3.3,,2.1,110,96,51
102,백령도,2025-03-09 06:00,3.4,,1.9,110,96,14
102,백령도,2025-03-09 07:00,3.1,,2.5,110,97,15
102,백령도,2025-03-09 08:00,3.2,,3.4,110,97,14
102,백령도,2025-03-09 09:00,3.4,,3.6,140,97,18
102,백령도,2025-03-09 10:00,3.9,,3.2,140,97,29
102,백령도,2025-03-09 11:00,6.1,,3.4,140,85,717
102,백령도,2025-03-09 12:00,6.7,,3.5,180,79,892
102,백령도,2025-03-09 13:00,8.2,,3.6,160,75,1170
102,백령도,2025-03-09 14:00,7.5,,3.4,160,77,858
102,백령도,2025-03-09 15:00,5.1,,2.8,180,85,362
102,백령도,2025-03-09 16:00,5.3,,2.8,160,86,640
102,백령도,2025-03-09 17:00,4.5,,1.5,180,89,402
102,백령도,2025-03-09 18:00,3.3,,2.5,180,95,25
102,백령도,2025-03-09 19:00,2.9,,3.5,180,96,23
102,백령도,2025-03-09 20:00,3.1,,1.4,140,97,14
102,백령도,2025-03-09 21:00,3.9,,2.6,160,97,14
102,백령도,2025-03-09 22:00,4.5,,2.3,160,97,67
102,백령도,2025-03-09 23:00,4.5,,2,160,97,65
102,백령도,2025-03-10 00:00,4.3,,2.3,140,97,54
102,백령도,2025-03-10 01:00,3.9,,1.8,140,97,26
102,백령도,2025-03-10 02:00,4,,1.5,140,97,12
102,백령도,2025-03-10 03:00,3.8,,2,140,97,8
102,백령도,2025-03-10 04:00,3.4,,2.4,110,97,8
102,백령도,2025-03-10 05:00,3.3,,2.3,140,97,9
102,백령도,2025-03-10 06:00,2.9,,3.6,160,97,11
102,백령도,2025-03-10 07:00,2.6,,4.6,160,97,11
102,백령도,2025-03-10 08:00,2.4,,3.9,140,97,12
102,백령도,2025-03-10 09:00,2.3,,4.1,140,97,12
102,백령도,2025-03-10 10:00,2.4,,2.6,160,97,18
102,백령도,2025-03-10 11:00,2.6,,4,160,97,80
102,백령도,2025-03-10 12:00,3.2,,5.1,160,97,312
102,백령도,2025-03-10 13:00,4.3,,3.9,160,90,468
102,백령도,2025-03-10 14:00,6.2,,3.2,180,75,739
102,백령도,2025-03-10 15:00,5.9,,4,180,74,763
102,백령도,2025-03-10 16:00,6.4,,4.3,200,70,623
102,백령도,2025-03-10 17:00,3.9,,3.5,180,88,375
102,백령도,2025-03-10 18:00,2.9,,4.6,160,95,67
102,백령도,2025-03-10 19:00,2.4,,5.6,180,96,25
102,백령도,2025-03-10 20:00,2.5,,1.3,160,96,18
102,백령도,2025-03-10 21:00,2.5,,3.5,140,97,19
102,백령도,2025-03-10 22:00,2.3,,3.1,140,97,21
102,백령도,2025-03-10 23:00,2,,3.1,140,97,19
102,백령도,2025-03-11 00:00,1.9,,2.4,140,97,21
102,백령도,2025-03-11 01:00,2.2,,2.8,160,97,16
102,백령도,2025-03-11 02:00,3,,2.6,140,97,16
102,백령도,2025-03-11 03:00,3,,1.9,140,97,15
102,백령도,2025-03-11 04:00,2.9,,2.8,140,97,15
102,백령도,2025-03-11 05:00,2.7,,3.1,140,97,15
102,백령도,2025-03-11 06:00,2.4,,3.5,140,97,13
102,백령도,2025-03-11 07:00,2.4,,3.3,160,97,16
102,백령도,2025-03-11 08:00,2.6,,2.6,140,97,15
102,백령도,2025-03-11 09:00,3.5,,3.7,160,97,18
102,백령도,2025-03-11 10:00,4.8,,3.6,160,97,172
102,백령도,2025-03-11 11:00,6.9,,4.4,160,94,683
102,백령도,2025-03-11 12:00,8,,3.7,180,73,984
102,백령도,2025-03-11 13:00,9,,3.7,180,69,1159
102,백령도,2025-03-11 14:00,8.3,,3.4,180,71,989
102,백령도,2025-03-11 15:00,10.1,,3.4,180,65,1289
102,백령도,2025-03-11 16:00,9,,3,160,69,1328
102,백령도,2025-03-11 17:00,7.1,,3.2,200,78,865
102,백령도,2025-03-11 18:00,7.4,,4.5,200,75,1242
102,백령도,2025-03-11 19:00,7.3,,3.3,200,77,1131
102,백령도,2025-03-11 20:00,7,,3.6,200,82,926
102,백령도,2025-03-11 21:00,6.7,,1.7,160,81,802
102,백령도,2025-03-11 22:00,6.3,,2.4,180,82,851
102,백령도,2025-03-11 23:00,5.8,,2.8,180,89,482
102,백령도,2025-03-12 00:00,5.6,,1.8,140,91,411
102,백령도,2025-03-12 01:00,5.4,,1.6,180,90,387
102,백령도,2025-03-12 02:00,6.6,,2.8,200,74,1417
102,백령도,2025-03-12 03:00,6.6,,3.5,200,75,1109
102,백령도,2025-03-12 04:00,7.4,,3.6,200,72,1270
102,백령도,2025-03-12 05:00,5.9,,1.7,160,81,822
102,백령도,2025-03-12 06:00,8,,2.8,230,79,1111
102,백령도,2025-03-12 07:00,7.5,,3.5,230,84,812
102,백령도,2025-03-12 08:00,7.6,,4.9,200,90,489
102,백령도,2025-03-12 09:00,8.1,,2.4,230,94,365
102,백령도,2025-03-12 10:00,8,,3.4,230,94,451
102,백령도,2025-03-12 11:00,8.5,,3.7,250,91,1179
102,백령도,2025-03-12 12:00,8.7,,3.8,250,84,1104
102,백령도,2025-03-12 13:00,9.6,,5.2,290,79,624
102,백령도,2025-03-12 14:00,8.8,,5.9,320,80,508
102,백령도,2025-03-12 15:00,8.5,,5.3,320,80,417
102,백령도,2025-03-12 16:00,8.5,,3.7,320,77,449
102,백령도,2025-03-12 17:00,8.1,,4.4,290,72,430
102,백령도,2025-03-12 18:00,7.8,,3.4,290,68,508
102,백령도,2025-03-12 19:00,6.4,,3.8,290,67,593
102,백령도,2025-03-12 20:00,6.4,,3.4,290,61,983
102,백령도,2025-03-12 21:00,6.3,,3.7,290,62,1068
102,백령도,2025-03-12 22:00,5.7,,3.1,320,71,769
102,백령도,2025-03-12 23:00,5.5,,2.5,290,67,1312
102,백령도,2025-03-13 00:00,5.4,,1.8,320,65,1882
102,백령도,2025-03-13 01:00,5.6,,2.3,290,62,2528
102,백령도,2025-03-13 02:00,4.7,,2.4,290,70,2259
102,백령도,2025-03-13 03:00,5.2,,1.8,290,67,2950
102,백령도,2025-03-13 04:00,4.7,,2.5,290,71,3409
102,백령도,2025-03-13 05:00,5.2,,2.2,320,65,3484
102,백령도,2025-03-13 06:00,5.4,,1.8,340,56,3234
102,백령도,2025-03-13 07:00,5,,1.3,320,58,3433
102,백령도,2025-03-13 08:00,5.7,,1.3,290,51,2742
102,백령도,2025-03-13 09:00,8.4,,1.9,340,33,3051
102,백령도,2025-03-13 10:00,9.5,,2.7,360,23,2910
102,백령도,2025-03-13 11:00,9.4,,2.8,290,33,3074
102,백령도,2025-03-13 12:00,10,,3.4,320,30,2894
102,백령도,2025-03-13 13:00,10.3,,3.9,320,25,3485
102,백령도,2025-03-13 14:00,11.5,,3.8,360,16,3743
102,백령도,2025-03-13 15:00,11.1,,3.4,290,23,3286
102,백령도,2025-03-13 16:00,9.7,,3.3,320,27,3495
102,백령도,2025-03-13 17:00,8.7,,3,320,29,3862
102,백령도,2025-03-13 18:00,7.2,,2.8,320,37,4304
102,백령도,2025-03-13 19:00,6,,3.4,320,41,4219
102,백령도,2025-03-13 20:00,5.5,,3.1,340,50,4195
102,백령도,2025-03-13 21:00,5.3,,3.1,320,49,4428
102,백령도,2025-03-13 22:00,5.4,,1.9,340,44,4719
102,백령도,2025-03-13 23:00,5.3,,2.1,320,42,4748
102,백령도,2025-03-14 00:00,6.3,,2,340,31,4968
102,백령도,2025-03-14 01:00,7,,3.3,340,29,4947
102,백령도,2025-03-14 02:00,7.4,,2.2,360,27,5000
102,백령도,2025-03-14 03:00,6.5,,2,340,32,4939
102,백령도,2025-03-14 04:00,7.3,,2.8,20,26,4789
102,백령도,2025-03-14 05:00,6.7,,2.5,50,27,4734
102,백령도,2025-03-14 06:00,6.2,,2.7,70,38,4808
102,백령도,2025-03-14 07:00,4.9,,1.5,50,43,4137
102,백령도,2025-03-14 08:00,5.4,,.7,20,45,4432
102,백령도,2025-03-14 09:00,8.2,,2.4,360,35,4591
102,백령도,2025-03-14 10:00,10.7,,2.4,50,25,4003
102,백령도,2025-03-14 11:00,11.5,,2.2,50,26,3886
102,백령도,2025-03-14 12:00,11.4,,2.5,340,26,4023
102,백령도,2025-03-14 13:00,9.8,,6.2,360,34,3904
102,백령도,2025-03-14 14:00,11,,4.9,340,30,3848
102,백령도,2025-03-14 15:00,10.3,,5.6,340,26,4581
102,백령도,2025-03-14 16:00,10.2,,4.8,340,26,4127
102,백령도,2025-03-14 17:00,8.4,,6,340,32,4053
102,백령도,2025-03-14 18:00,8.2,,4,360,35,4724
102,백령도,2025-03-14 19:00,7.4,,5.8,360,38,4950
102,백령도,2025-03-14 20:00,6.9,,4.5,340,44,4869
102,백령도,2025-03-14 21:00,7.4,,4.6,360,38,4878
102,백령도,2025-03-14 22:00,7.8,,6.4,360,34,4983
102,백령도,2025-03-14 23:00,8,,5.5,360,33,4996
102,백령도,2025-03-15 00:00,8,,5,360,29,4927
102,백령도,2025-03-15 01:00,8,,3.3,340,31,4934
102,백령도,2025-03-15 02:00,8,,4.5,360,28,4878
102,백령도,2025-03-15 03:00,7.3,,5.4,340,36,4850
102,백령도,2025-03-15 04:00,6.9,,1.9,360,38,4871
102,백령도,2025-03-15 05:00,7,,4.1,360,35,4681
102,백령도,2025-03-15 06:00,6.7,,2.9,360,35,4815
102,백령도,2025-03-15 07:00,5.8,,4.6,360,50,4610
102,백령도,2025-03-15 08:00,5.7,,4.5,360,58,4331
102,백령도,2025-03-15 09:00,8.7,,2.1,20,38,4526
102,백령도,2025-03-15 10:00,10.9,,2.6,50,24,3824
102,백령도,2025-03-15 11:00,8.9,,2.3,290,45,4048
102,백령도,2025-03-15 12:00,11.3,,2.1,160,39,3103
102,백령도,2025-03-15 13:00,12,,3.3,200,29,3984
102,백령도,2025-03-15 14:00,7,,6.4,320,58,3490
102,백령도,2025-03-15 15:00,6.8,,6.7,320,56,2601
102,백령도,2025-03-15 16:00,7.2,,6,340,45,3517
102,백령도,2025-03-15 17:00,6.5,,6.6,340,45,3745
102,백령도,2025-03-15 18:00,5.5,,3.1,340,63,2253
102,백령도,2025-03-15 19:00,5.2,,4.6,340,64,2166
102,백령도,2025-03-15 20:00,5.1,,3.5,320,68,2328
102,백령도,2025-03-15 21:00,5.4,,5.8,320,63,2450
102,백령도,2025-03-15 22:00,5.7,,6.6,320,62,2150
102,백령도,2025-03-15 23:00,5.3,,4.9,340,62,1585
102,백령도,2025-03-16 00:00,4.9,,6.1,340,60,1900
102,백령도,2025-03-16 01:00,4.7,,6.2,340,64,1845
102,백령도,2025-03-16 02:00,4.4,,6.9,340,66,1843
102,백령도,2025-03-16 03:00,4,,7.2,360,65,3095
102,백령도,2025-03-16 04:00,3.7,,6.5,360,65,2485
102,백령도,2025-03-16 05:00,3.1,,10.2,360,60,2092
102,백령도,2025-03-16 06:00,2.4,,10.1,360,59,2259
102,백령도,2025-03-16 07:00,2,,10.6,360,57,2059
102,백령도,2025-03-16 08:00,1.9,,12.1,340,47,2472
102,백령도,2025-03-16 09:00,2,,14.2,340,39,3389
102,백령도,2025-03-16 10:00,2.2,,14,340,34,4020
102,백령도,2025-03-16 11:00,2.4,,15,340,34,3555
102,백령도,2025-03-16 12:00,3,,10.1,340,31,3661
102,백령도,2025-03-16 13:00,2.8,,10.4,340,29,3835
102,백령도,2025-03-16 14:00,3,,9.2,340,34,3263
102,백령도,2025-03-16 15:00,2.7,,11.6,320,31,3903
102,백령도,2025-03-16 16:00,2.5,,12,320,33,3904
102,백령도,2025-03-16 17:00,2.4,,10.5,320,30,4236
102,백령도,2025-03-16 18:00,2.2,,12.3,320,35,3723
102,백령도,2025-03-16 19:00,2.3,,11.4,320,35,3292
102,백령도,2025-03-16 20:00,2.4,,8.8,340,35,2621
102,백령도,2025-03-16 21:00,2.6,,10.2,340,40,2525
102,백령도,2025-03-16 22:00,2.4,,11.9,340,35,2238
102,백령도,2025-03-16 23:00,2.2,,12,340,36,2391
102,백령도,2025-03-17 00:00,1.9,,12.1,340,38,2357
102,백령도,2025-03-17 01:00,1.6,,11.2,340,38,2309
102,백령도,2025-03-17 02:00,1.3,,9.4,340,39,2347
102,백령도,2025-03-17 03:00,1.2,,9.6,340,40,2449
102,백령도,2025-03-17 04:00,1.1,,8.9,340,39,2369
102,백령도,2025-03-17 05:00,.9,,8.4,340,40,2165
102,백령도,2025-03-17 06:00,.8,,5.5,340,40,2519
102,백령도,2025-03-17 07:00,.8,,4.5,340,43,2497
102,백령도,2025-03-17 08:00,1.5,,5.2,340,38,3001
102,백령도,2025-03-17 09:00,2.3,,4.7,320,38,3414
102,백령도,2025-03-17 10:00,3.5,,3.5,360,36,4019
102,백령도,2025-03-17 11:00,3.8,,3.2,320,35,4103
102,백령도,2025-03-17 12:00,4.6,,2.8,320,36,3830
102,백령도,2025-03-17 13:00,4.5,,5.4,180,36,4123
102,백령도,2025-03-17 14:00,4.8,,5.2,180,41,4422
102,백령도,2025-03-17 15:00,5.3,,5.2,180,48,3667
102,백령도,2025-03-17 16:00,4.9,,4.7,180,55,2461
102,백령도,2025-03-17 17:00,5.3,,5.3,250,43,3706
102,백령도,2025-03-17 18:00,4.6,0,.9,250,51,3390
102,백령도,2025-03-17 19:00,4.1,,6.3,250,58,3196
102,백령도,2025-03-17 20:00,2.3,,2.6,160,89,651
102,백령도,2025-03-17 21:00,2.9,1.3,1,270,83,990
102,백령도,2025-03-17 22:00,2.4,,3.3,70,92,657
102,백령도,2025-03-17 23:00,2.1,,1.5,50,91,697
102,백령도,2025-03-18 00:00,-.6,1.1,12,360,94,82
102,백령도,2025-03-18 01:00,-.4,,11.7,360,94,99
102,백령도,2025-03-18 02:00,-.3,,11.7,340,90,199
102,백령도,2025-03-18 03:00,.3,1.5,12.1,360,69,862
102,백령도,2025-03-18 04:00,1.2,,11.2,360,52,2091
102,백령도,2025-03-18 05:00,1.4,,8.5,360,51,2204
102,백령도,2025-03-18 06:00,1.3,,11.3,360,52,1885
102,백령도,2025-03-18 07:00,1.1,,9.7,360,58,1695
102,백령도,2025-03-18 08:00,.9,,10.9,360,51,1815
102,백령도,2025-03-18 09:00,1.2,,10.8,360,48,1683
102,백령도,2025-03-18 10:00,1.5,,11.3,360,50,1465
102,백령도,2025-03-18 11:00,1.4,,11,360,49,1515
102,백령도,2025-03-18 12:00,1.7,,11.9,340,51,1603
102,백령도,2025-03-18 13:00,1.8,,12.8,340,45,1541
102,백령도,2025-03-18 14:00,2.1,,12.3,340,44,1598
102,백령도,2025-03-18 15:00,2.2,,12.4,340,37,2678
102,백령도,2025-03-18 16:00,2.4,,11.1,340,36,3189
102,백령도,2025-03-18 17:00,2.5,,10.8,340,37,2453
102,백령도,2025-03-18 18:00,2.5,,7.1,340,39,2128
102,백령도,2025-03-18 19:00,2.1,,9.9,320,42,2307
102,백령도,2025-03-18 20:00,2.4,,7.8,320,45,2156
102,백령도,2025-03-18 21:00,2.5,,8.3,320,48,2228
102,백령도,2025-03-18 22:00,2.7,,7.9,320,43,2394
102,백령도,2025-03-18 23:00,2.9,,8.6,340,40,1802
102,백령도,2025-03-19 00:00,2.6,,9,340,40,1928
102,백령도,2025-03-19 01:00,2.2,,6.9,360,41,2010
102,백령도,2025-03-19 02:00,2,,6.5,360,42,2034
102,백령도,2025-03-19 03:00,1.8,,6.3,360,43,1943
102,백령도,2025-03-19 04:00,1.7,,6.2,340,44,1997
102,백령도,2025-03-19 05:00,1.6,,5.6,340,45,1866
102,백령도,2025-03-19 06:00,1.4,,4.7,340,46,1911
102,백령도,2025-03-19 07:00,1.4,,3.9,340,43,1899
102,백령도,2025-03-19 08:00,2,,3.7,340,42,1997
102,백령도,2025-03-19 09:00,2.9,,4.2,360,42,1764
102,백령도,2025-03-19 10:00,3.5,,2.8,290,41,2122
102,백령도,2025-03-19 11:00,4.2,,2.7,360,38,2016
102,백령도,2025-03-19 12:00,4.6,,2.3,320,37,2058
102,백령도,2025-03-19 13:00,5.3,,5,340,40,2369
102,백령도,2025-03-19 14:00,6,,3.4,270,32,2732
102,백령도,2025-03-19 15:00,5.3,,4.6,200,39,3702
102,백령도,2025-03-19 16:00,5.6,,4.7,180,44,3401
102,백령도,2025-03-19 17:00,5.3,,4.3,200,51,3831
102,백령도,2025-03-19 18:00,5.1,,4.1,180,58,3178
102,백령도,2025-03-19 19:00,4.5,,4.1,160,66,3176
102,백령도,2025-03-19 20:00,4.9,,5,160,70,2913
102,백령도,2025-03-19 21:00,4.7,,3.1,180,80,2176
102,백령도,2025-03-19 22:00,4.7,,1.9,200,85,1222
102,백령도,2025-03-19 23:00,4.4,,3,180,89,584
102,백령도,2025-03-20 00:00,4.6,,2.2,180,87,642
102,백령도,2025-03-20 01:00,4.4,,1.8,110,92,572
102,백령도,2025-03-20 02:00,3.9,,2.1,110,94,363
102,백령도,2025-03-20 03:00,4,,2,140,95,338
102,백령도,2025-03-20 04:00,3.8,,1.5,110,95,317
102,백령도,2025-03-20 05:00,4.2,,1.2,140,96,322
102,백령도,2025-03-20 06:00,3.9,,1.8,110,96,157
102,백령도,2025-03-20 07:00,4.3,,3.7,140,96,186
102,백령도,2025-03-20 08:00,5.5,,3,140,96,294
102,백령도,2025-03-20 09:00,7,,2.7,160,89,473
102,백령도,2025-03-20 10:00,8.1,,4.7,160,80,715
102,백령도,2025-03-20 11:00,8.9,,4.4,160,75,877
102,백령도,2025-03-20 12:00,10.3,,3.1,160,66,991
102,백령도,2025-03-20 13:00,11.4,,3.5,180,57,1154
102,백령도,2025-03-20 14:00,12.3,,4.3,180,51,1167
102,백령도,2025-03-20 15:00,13.3,,6.5,230,44,1174
102,백령도,2025-03-20 16:00,12.3,,6.5,230,47,1027
102,백령도,2025-03-20 17:00,10.7,,6.2,250,58,790
102,백령도,2025-03-20 18:00,9.8,,4.4,250,63,744
102,백령도,2025-03-20 19:00,7.8,,2.7,250,75,574
102,백령도,2025-03-20 20:00,6.8,,1.3,250,79,477
102,백령도,2025-03-20 21:00,6.2,,2.2,270,78,476
102,백령도,2025-03-20 22:00,5.4,,1.8,200,89,222
102,백령도,2025-03-20 23:00,5.1,,.5,180,91,177
102,백령도,2025-03-21 00:00,5.2,,1.9,200,93,116
102,백령도,2025-03-21 01:00,5.3,,1.4,180,93,112
102,백령도,2025-03-21 02:00,4.6,,1.7,110,94,90
102,백령도,2025-03-21 03:00,4.4,,2.8,90,96,8
102,백령도,2025-03-21 04:00,3.3,,3.1,90,96,5
102,백령도,2025-03-21 05:00,3.4,,2.8,110,97,6
102,백령도,2025-03-21 06:00,3.2,,3.2,140,97,6
102,백령도,2025-03-21 07:00,3.7,,3.2,140,97,6
102,백령도,2025-03-21 08:00,3.9,,3.2,140,97,7
102,백령도,2025-03-21 09:00,4.4,,3,140,97,9
102,백령도,2025-03-21 10:00,5,,4,140,97,22
102,백령도,2025-03-21 11:00,5.3,,4.4,140,97,125
102,백령도,2025-03-21 12:00,7.3,,2.3,200,91,269
102,백령도,2025-03-21 13:00,8.8,,2.7,180,75,419
102,백령도,2025-03-21 14:00,9,,3.4,180,68,557
102,백령도,2025-03-21 15:00,8.9,,2.7,200,72,578
102,백령도,2025-03-21 16:00,13.7,,5.1,250,39,1932
102,백령도,2025-03-21 17:00,13,,4.4,250,41,2553
102,백령도,2025-03-21 18:00,12.2,,3.3,270,44,2264
102,백령도,2025-03-21 19:00,10.5,,2.4,270,50,1975
102,백령도,2025-03-21 20:00,8.8,,1.9,290,58,1688
102,백령도,2025-03-21 21:00,10.7,,5.1,290,49,1688
102,백령도,2025-03-21 22:00,10.9,,2.6,290,45,1861
102,백령도,2025-03-21 23:00,9.2,,1,340,56,1512
102,백령도,2025-03-22 00:00,12.2,,2.6,290,42,2612
102,백령도,2025-03-22 01:00,12.7,,2,270,42,2096
102,백령도,2025-03-22 02:00,14,,3.6,270,38,1879
102,백령도,2025-03-22 03:00,13.6,,2.7,270,41,1810
102,백령도,2025-03-22 04:00,7.1,,3.7,90,76,863
102,백령도,2025-03-22 05:00,12.1,,1.5,250,48,1729
102,백령도,2025-03-22 06:00,10.9,,3.9,340,53,1834
102,백령도,2025-03-22 07:00,11.9,,5.2,290,47,2057
102,백령도,2025-03-22 08:00,13.4,,7.5,290,40,2066
102,백령도,2025-03-22 09:00,13.1,,5.9,320,43,2113
102,백령도,2025-03-22 10:00,15,,5.7,320,35,2047
102,백령도,2025-03-22 11:00,15.2,,7.6,290,35,1842
102,백령도,2025-03-22 12:00,14.5,,5,290,41,1590
102,백령도,2025-03-22 13:00,16.5,,6.6,290,31,1421
102,백령도,2025-03-22 14:00,17,,5.7,290,28,1408
102,백령도,2025-03-22 15:00,16.7,,4.6,270,30,1202
102,백령도,2025-03-22 16:00,17,,3.8,270,28,1255
102,백령도,2025-03-22 17:00,15.2,,4.3,250,35,1308
102,백령도,2025-03-22 18:00,14.2,,4.8,290,34,1404
102,백령도,2025-03-22 19:00,11.5,,1.2,230,47,1280
102,백령도,2025-03-22 20:00,10.6,,1.7,250,48,1349
102,백령도,2025-03-22 21:00,11.2,,2.4,270,43,1392
102,백령도,2025-03-22 22:00,12.4,,2.9,290,35,1426
102,백령도,2025-03-22 23:00,8.8,,1.2,140,57,1134
102,백령도,2025-03-23 00:00,8.7,,1.8,180,62,1005
102,백령도,2025-03-23 01:00,8.4,,1.7,160,63,980
102,백령도,2025-03-23 02:00,7,,1.2,160,73,770
102,백령도,2025-03-23 03:00,6.2,,2.3,140,81,562
102,백령도,2025-03-23 04:00,7.1,,3.4,140,81,510
102,백령도,2025-03-23 05:00,6.1,,3.7,140,88,273
102,백령도,2025-03-23 06:00,6,,3.8,140,88,287
102,백령도,2025-03-23 07:00,5.9,,3.5,140,90,240
102,백령도,2025-03-23 08:00,6.9,,4.5,140,86,335
102,백령도,2025-03-23 09:00,7.9,,4.2,140,81,420
102,백령도,2025-03-23 10:00,8.7,,5.4,140,78,498
102,백령도,2025-03-23 11:00,11.3,,4.7,140,70,622
102,백령도,2025-03-23 12:00,11.7,,5.2,160,64,698
102,백령도,2025-03-23 13:00,12.7,,5.1,160,60,711
102,백령도,2025-03-23 14:00,11.7,,4.9,160,62,733
102,백령도,2025-03-23 15:00,10.6,,5.5,160,66,726
102,백령도,2025-03-23 16:00,10.4,,5.9,160,68,772
102,백령도,2025-03-23 17:00,9.7,,5.6,160,72,814
102,백령도,2025-03-23 18:00,9,,5.7,160,75,850
102,백령도,2025-03-23 19:00,8.5,,6.7,160,79,754
102,백령도,2025-03-23 20:00,8.2,,5.5,160,81,612
102,백령도,2025-03-23 21:00,8,,4.7,140,83,515
102,백령도,2025-03-23 22:00,8.2,,5.5,160,81,537
102,백령도,2025-03-23 23:00,8.1,,5.1,160,80,571
102,백령도,2025-03-24 00:00,8.2,,6.3,160,80,583
102,백령도,2025-03-24 01:00,7.9,,5.2,140,81,596
102,백령도,2025-03-24 02:00,7.6,,4.7,110,83,638
102,백령도,2025-03-24 03:00,7.3,,3.3,110,85,602
102,백령도,2025-03-24 04:00,7.6,,6,140,83,622
102,백령도,2025-03-24 05:00,7.5,,4,110,83,638
102,백령도,2025-03-24 06:00,6.7,0,3.7,110,88,422
102,백령도,2025-03-24 07:00,7.3,,3.1,140,84,521
102,백령도,2025-03-24 08:00,7.4,,4.3,110,85,513
102,백령도,2025-03-24 09:00,9.2,,3.3,140,76,742
102,백령도,2025-03-24 10:00,11.1,,3.7,110,66,984
102,백령도,2025-03-24 11:00,12.5,,2.8,160,63,999
102,백령도,2025-03-24 12:00,13.4,,2.9,140,61,915
102,백령도,2025-03-24 13:00,12.7,,3,200,64,882
102,백령도,2025-03-24 14:00,12,,2.6,200,66,819
102,백령도,2025-03-24 15:00,12.9,,1.9,200,62,812
102,백령도,2025-03-24 16:00,12.6,,.9,200,64,743
102,백령도,2025-03-24 17:00,10.1,,3.6,320,73,620
102,백령도,2025-03-24 18:00,7.6,,3.9,320,80,629
102,백령도,2025-03-24 19:00,7,,2.4,320,82,646
102,백령도,2025-03-24 20:00,7.1,,4.9,290,83,372
102,백령도,2025-03-24 21:00,7.3,,4,290,78,500
102,백령도,2025-03-24 22:00,6.9,,3.8,290,79,549
102,백령도,2025-03-24 23:00,6.9,,3.2,320,75,737
102,백령도,2025-03-25 00:00,6.9,,4.7,290,73,936
102,백령도,2025-03-25 01:00,6.1,,2,270,74,960
102,백령도,2025-03-25 02:00,6.3,,1.6,270,70,1494
102,백령도,2025-03-25 03:00,5,,2.7,180,77,1027
102,백령도,2025-03-25 04:00,5.3,,2.6,160,80,793
102,백령도,2025-03-25 05:00,5.4,,2.3,160,92,251
102,백령도,2025-03-25 06:00,4.7,,5.7,140,95,21
102,백령도,2025-03-25 07:00,4.9,,7.2,140,96,21
102,백령도,2025-03-25 08:00,5.4,,6.1,140,96,201
102,백령도,2025-03-25 09:00,6.4,,7.1,140,88,461
102,백령도,2025-03-25 10:00,7.2,,8.1,140,85,374
102,백령도,2025-03-25 11:00,6.7,,7.1,140,87,409
102,백령도,2025-03-25 12:00,9.2,,5.8,180,73,622
102,백령도,2025-03-25 13:00,11.3,,5.8,200,68,543
102,백령도,2025-03-25 14:00,13,,7.8,270,51,783
102,백령도,2025-03-25 15:00,11.1,,7.8,290,53,1410
102,백령도,2025-03-25 16:00,10.8,,8.8,290,52,1653
102,백령도,2025-03-25 17:00,10.3,,9.3,290,56,1571
102,백령도,2025-03-25 18:00,9.5,,8.2,290,60,1337
102,백령도,2025-03-25 19:00,8.3,,7.5,290,66,1239
102,백령도,2025-03-25 20:00,8.1,,6.7,290,66,1124
102,백령도,2025-03-25 21:00,7.7,,6.6,290,66,1004
102,백령도,2025-03-25 22:00,7.1,,7.1,320,69,934
102,백령도,2025-03-25 23:00,6.3,,5,320,78,917
102,백령도,2025-03-26 00:00,6.1,,4.5,340,75,808
102,백령도,2025-03-26 01:00,5.7,,3.8,340,77,698
102,백령도,2025-03-26 02:00,5,,1.8,320,76,710
102,백령도,2025-03-26 03:00,4.6,,2,360,79,666
102,백령도,2025-03-26 04:00,2.9,,1.5,340,86,500
102,백령도,2025-03-26 05:00,4.1,,2.9,360,84,483
102,백령도,2025-03-26 06:00,2.7,,2.3,180,88,327
102,백령도,2025-03-26 07:00,2.9,,1.9,110,85,435
102,백령도,2025-03-26 08:00,5.9,,3.2,110,83,459
102,백령도,2025-03-26 09:00,6.9,,6.1,140,74,820
102,백령도,2025-03-26 10:00,7.8,,7,160,71,871
102,백령도,2025-03-26 11:00,8.4,,9.1,140,72,1153
102,백령도,2025-03-26 12:00,9.6,,7.9,160,62,1303
102,백령도,2025-03-26 13:00,9.4,,7.8,140,61,1229
102,백령도,2025-03-26 14:00,11.3,,7.9,140,48,1234
102,백령도,2025-03-26 15:00,11.7,,8,140,50,1609
102,백령도,2025-03-26 16:00,11.7,,8.3,140,45,1951
102,백령도,2025-03-26 17:00,11.9,,6.9,140,42,2404
102,백령도,2025-03-26 18:00,12.5,,7.1,140,40,2586
102,백령도,2025-03-26 19:00,12.1,,6.6,160,47,2127
102,백령도,2025-03-26 20:00,10.3,,6,160,74,1591
102,백령도,2025-03-26 21:00,9.8,,5.4,200,90,917
102,백령도,2025-03-26 22:00,9,,2.5,160,95,228
102,백령도,2025-03-26 23:00,8.8,,4.1,160,96,146
102,백령도,2025-03-27 00:00,8.7,,1.2,160,96,34
102,백령도,2025-03-27 01:00,7.9,,.5,110,97,18
102,백령도,2025-03-27 02:00,8.2,,1.7,90,97,18
102,백령도,2025-03-27 03:00,8.2,,.9,340,97,17
102,백령도,2025-03-27 04:00,8.1,.1,1,340,97,21
102,백령도,2025-03-27 05:00,7.3,.1,3.8,320,97,23
102,백령도,2025-03-27 06:00,6,,5.5,340,97,385
102,백령도,2025-03-27 07:00,7.7,,5.8,360,88,1215
102,백령도,2025-03-27 08:00,8.1,,7.1,360,65,1307
102,백령도,2025-03-27 09:00,9.1,,8.3,360,50,1626
102,백령도,2025-03-27 10:00,9.8,,8.9,360,43,2288
102,백령도,2025-03-27 11:00,8.8,,12.7,340,48,2472
102,백령도,2025-03-27 12:00,7.4,,13,340,56,2335
102,백령도,2025-03-27 13:00,7,,12,340,57,2634
102,백령도,2025-03-27 14:00,7.5,,10.2,340,55,2490
102,백령도,2025-03-27 15:00,6.9,,13,340,55,1846
102,백령도,2025-03-27 16:00,6,,11.1,340,57,1367
102,백령도,2025-03-27 17:00,5.3,,13.1,340,63,1274
102,백령도,2025-03-27 18:00,5.1,,12.8,340,62,1132
102,백령도,2025-03-27 19:00,5.1,,14,340,61,1410
102,백령도,2025-03-27 20:00,5.3,,12.2,340,59,1676
102,백령도,2025-03-27 21:00,5.5,,12.2,340,55,2111
102,백령도,2025-03-27 22:00,5.6,,12.2,360,51,2706
102,백령도,2025-03-27 23:00,5.4,,12.6,360,47,3307
102,백령도,2025-03-28 00:00,5.2,,12.5,340,49,3457
102,백령도,2025-03-28 01:00,4.9,,10.9,360,49,3874
102,백령도,2025-03-28 02:00,4.7,,12.3,360,46,3803
102,백령도,2025-03-28 03:00,4.5,,10.9,360,48,4157
102,백령도,2025-03-28 04:00,4.5,,10.9,360,46,4015
102,백령도,2025-03-28 05:00,4.4,,12.2,360,44,4267
102,백령도,2025-03-28 06:00,4.1,,11.9,360,44,3943
102,백령도,2025-03-28 07:00,3.8,,11.5,340,45,3496
102,백령도,2025-03-28 08:00,3.9,,12.8,340,40,3991
102,백령도,2025-03-28 09:00,3.9,,13.9,340,33,4103
102,백령도,2025-03-28 10:00,4.1,,12.5,340,33,4541
102,백령도,2025-03-28 11:00,4.1,,12.7,340,31,4743
102,백령도,2025-03-28 12:00,4.2,,11.5,340,31,4892
102,백령도,2025-03-28 13:00,4.1,,11.1,340,32,4582
102,백령도,2025-03-28 14:00,4.4,,8.9,340,34,4225
102,백령도,2025-03-28 15:00,4.5,,9.1,340,33,4301
102,백령도,2025-03-28 16:00,4.8,,6.2,340,30,4739
102,백령도,2025-03-28 17:00,5,,5.5,340,34,4977
102,백령도,2025-03-28 18:00,3.9,,6.3,320,35,4748
102,백령도,2025-03-28 19:00,3.1,,5.8,320,41,4947
102,백령도,2025-03-28 20:00,3.2,,5.9,320,40,4967
102,백령도,2025-03-28 21:00,3.6,,5.4,320,45,4961
102,백령도,2025-03-28 22:00,3.7,,6.2,320,50,4899
102,백령도,2025-03-28 23:00,3.5,,4.9,290,52,4680
102,백령도,2025-03-29 00:00,3.5,,4.6,290,54,4723
102,백령도,2025-03-29 01:00,3.4,,3.7,290,58,4977
102,백령도,2025-03-29 02:00,3.2,,2.9,270,56,4806
102,백령도,2025-03-29 03:00,3.2,,3.4,290,57,4976
102,백령도,2025-03-29 04:00,3.3,,4.1,270,56,4969
102,백령도,2025-03-29 05:00,3.4,,4.3,270,54,4904
102,백령도,2025-03-29 06:00,4,,5.4,290,58,4103
102,백령도,2025-03-29 07:00,1.3,,7.3,360,88,828
102,백령도,2025-03-29 08:00,1.3,,6,360,80,1759
102,백령도,2025-03-29 09:00,.8,.5,4.6,360,84,3325
102,백령도,2025-03-29 10:00,2.7,,5,360,62,4522
102,백령도,2025-03-29 11:00,3.9,,6.2,340,34,4688
102,백령도,2025-03-29 12:00,4.2,,6.6,340,33,4711
102,백령도,2025-03-29 13:00,3.9,,7.8,340,34,4892
102,백령도,2025-03-29 14:00,4,,8.2,320,27,4833
102,백령도,2025-03-29 15:00,3.4,,8.4,320,29,4682
102,백령도,2025-03-29 16:00,3.3,,6.5,320,32,4864
102,백령도,2025-03-29 17:00,2.9,,6.9,320,33,4750
102,백령도,2025-03-29 18:00,2.4,,7,340,38,4442
102,백령도,2025-03-29 19:00,1.9,,7.2,340,41,4725
102,백령도,2025-03-29 20:00,.4,,5,290,74,4216
102,백령도,2025-03-29 21:00,1,0,5.3,340,68,4151
102,백령도,2025-03-29 22:00,.3,,1.3,270,72,3706
102,백령도,2025-03-29 23:00,.2,,2.3,270,60,4904
102,백령도,2025-03-30 00:00,.4,,1.5,270,53,4902
102,백령도,2025-03-30 01:00,.1,,1.6,250,55,4915
102,백령도,2025-03-30 02:00,.4,,.8,270,50,4997
102,백령도,2025-03-30 03:00,-.5,,1.1,200,53,4984
102,백령도,2025-03-30 04:00,.4,,2.5,200,50,4993
102,백령도,2025-03-30 05:00,1.2,,2.4,250,46,4970
102,백령도,2025-03-30 06:00,1.7,,3.1,250,57,4803
102,백령도,2025-03-30 07:00,2.7,,3.3,250,63,4251
102,백령도,2025-03-30 08:00,4.3,,3.3,250,60,4435
102,백령도,2025-03-30 09:00,4.9,,5.8,290,50,4743
102,백령도,2025-03-30 10:00,5.6,,5.1,320,43,4536
102,백령도,2025-03-30 11:00,6.2,,6.6,320,40,4826
102,백령도,2025-03-30 12:00,6.2,,6.2,320,42,4087
102,백령도,2025-03-30 13:00,6.5,,4.8,360,47,3826
102,백령도,2025-03-30 14:00,6,,4.2,360,41,4314
102,백령도,2025-03-30 15:00,6.8,,2.9,320,40,4208
102,백령도,2025-03-30 16:00,6.2,,3.1,320,38,4515
102,백령도,2025-03-30 17:00,6.1,,2.8,340,45,4680
102,백령도,2025-03-30 18:00,4.8,,1.4,340,50,4452
102,백령도,2025-03-30 19:00,4.3,,1.5,90,55,4488
102,백령도,2025-03-30 20:00,3.7,,1.1,180,58,4395
102,백령도,2025-03-30 21:00,3.2,,.9,180,62,4427
102,백령도,2025-03-30 22:00,3.1,,0,0,61,2841
102,백령도,2025-03-30 23:00,3.1,,1.2,180,62,4773
102,백령도,2025-03-31 00:00,2.8,,1.5,180,60,4829
102,백령도,2025-03-31 01:00,3.9,,.8,160,47,4865
102,백령도,2025-03-31 02:00,3.3,,1.2,160,51,4987
102,백령도,2025-03-31 03:00,2.5,,2.5,160,58,4995
102,백령도,2025-03-31 04:00,3.2,,2.9,160,61,4856
102,백령도,2025-03-31 05:00,3.7,,4,180,58,4979
102,백령도,2025-03-31 06:00,4,,4,160,64,4858
102,백령도,2025-03-31 07:00,4.2,,3.3,160,71,4161
102,백령도,2025-03-31 08:00,5.3,,5.8,160,67,4404
102,백령도,2025-03-31 09:00,6.2,,5,160,69,2941
102,백령도,2025-03-31 10:00,7.1,,5.7,180,66,4174
102,백령도,2025-03-31 11:00,7.4,,6.7,180,68,3265
102,백령도,2025-03-31 12:00,8.3,,6.3,160,61,2547
102,백령도,2025-03-31 13:00,8.6,,6.4,160,64,2838
102,백령도,2025-03-31 14:00,8.8,,5.9,160,66,2459
102,백령도,2025-03-31 15:00,8.8,,6.3,180,72,1660
102,백령도,2025-03-31 16:00,9.1,,5.5,180,71,997
102,백령도,2025-03-31 17:00,9.2,,5,180,71,942
102,백령도,2025-03-31 18:00,8,,4.7,180,76,758
102,백령도,2025-03-31 19:00,7.2,,3.7,180,82,679
102,백령도,2025-03-31 20:00,6.7,,3.5,200,88,427
102,백령도,2025-03-31 21:00,6.9,,4.1,230,88,410
102,백령도,2025-03-31 22:00,6.9,,4.8,180,85,462
102,백령도,2025-03-31 23:00,6.6,,3.7,200,87,375
102,백령도,2025-04-01 00:00,6.9,,3.9,200,87,321
102,백령도,2025-04-01 01:00,6.6,,3,200,87,312
102,백령도,2025-04-01 02:00,6.5,,3.1,180,87,306
102,백령도,2025-04-01 03:00,6.5,,3.1,160,87,312
102,백령도,2025-04-01 04:00,6.3,,2.8,160,88,314
102,백령도,2025-04-01 05:00,6.8,,3.4,160,82,736
102,백령도,2025-04-01 06:00,5.9,,2.4,110,89,469
102,백령도,2025-04-01 07:00,6.1,,1.9,140,87,638
102,백령도,2025-04-01 08:00,8.1,,3.7,160,73,1581
102,백령도,2025-04-01 09:00,9,,4.9,160,67,2287
102,백령도,2025-04-01 10:00,10,,6.3,180,62,2890
102,백령도,2025-04-01 11:00,10.7,,6.4,200,59,3126
102,백령도,2025-04-01 12:00,11,,7.1,180,57,3721
102,백령도,2025-04-01 13:00,11,,7.9,180,58,2930
102,백령도,2025-04-01 14:00,10.9,,5.8,180,58,2781
102,백령도,2025-04-01 15:00,9.9,,5.8,180,66,2601
102,백령도,2025-04-01 16:00,9.7,,5.9,160,69,2617
102,백령도,2025-04-01 17:00,8.7,,6.9,160,72,2080
102,백령도,2025-04-01 18:00,8,,5.8,160,78,2401
102,백령도,2025-04-01 19:00,7.6,,6,180,76,2258
102,백령도,2025-04-01 20:00,7.1,,3.5,200,79,1919
102,백령도,2025-04-01 21:00,7.1,,2.3,200,75,2040
102,백령도,2025-04-01 22:00,7.7,,4.6,200,71,2505
102,백령도,2025-04-01 23:00,6.8,,2.2,200,77,2134
102,백령도,2025-04-02 00:00,7.3,,3.6,180,70,2231
102,백령도,2025-04-02 01:00,7.2,,2.6,180,61,2997
102,백령도,2025-04-02 02:00,6.1,,2.6,140,86,1457
102,백령도,2025-04-02 03:00,6.3,,3.5,160,84,1493
102,백령도,2025-04-02 04:00,6.6,0,3.9,140,81,1786
102,백령도,2025-04-02 05:00,6.5,1.3,4.4,160,81,511
102,백령도,2025-04-02 06:00,6.8,.1,6.1,160,76,1099
102,백령도,2025-04-02 07:00,6.7,0,2.2,140,83,898
102,백령도,2025-04-02 08:00,6.8,.3,6.5,180,82,608
102,백령도,2025-04-02 09:00,6.1,1.1,5.3,180,86,345
102,백령도,2025-04-02 10:00,5.8,2.6,4.6,180,91,224
102,백령도,2025-04-02 11:00,6.7,.7,5.9,180,92,272
102,백령도,2025-04-02 12:00,6.7,0,4.1,230,92,408
102,백령도,2025-04-02 13:00,6.1,0,4.3,250,90,398
102,백령도,2025-04-02 14:00,6.1,0,1.8,270,89,558
102,백령도,2025-04-02 15:00,6.4,,3.6,290,88,601
102,백령도,2025-04-02 16:00,6.2,,3.4,290,88,540
102,백령도,2025-04-02 17:00,5.8,,2.7,320,91,363
102,백령도,2025-04-02 18:00,5.6,,1.2,320,94,105
102,백령도,2025-04-02 19:00,5.4,,1.9,360,96,142
102,백령도,2025-04-02 20:00,5.7,,2.1,50,93,430
102,백령도,2025-04-02 21:00,5.6,,2.1,360,94,283
102,백령도,2025-04-02 22:00,6,,1.3,50,88,999
102,백령도,2025-04-02 23:00,5.7,,2.6,360,88,1117
102,백령도,2025-04-03 00:00,5.8,,2.3,360,88,1514
102,백령도,2025-04-03 01:00,5.2,,2,320,89,1092
102,백령도,2025-04-03 02:00,5.1,,2.7,340,90,469
102,백령도,2025-04-03 03:00,5.4,,2.4,340,87,596
102,백령도,2025-04-03 04:00,5.2,,2.6,340,88,553
102,백령도,2025-04-03 05:00,5.6,,1.9,340,85,649
102,백령도,2025-04-03 06:00,5.4,,2.4,360,89,478
102,백령도,2025-04-03 07:00,5.1,,.9,340,90,467
102,백령도,2025-04-03 08:00,7.3,,.9,50,75,1233
102,백령도,2025-04-03 09:00,8.2,,.7,340,69,1179
102,백령도,2025-04-03 10:00,9.2,,1.4,140,64,1422
102,백령도,2025-04-03 11:00,10.2,,1.8,50,56,1580
102,백령도,2025-04-03 12:00,9.5,,2.9,340,70,993
102,백령도,2025-04-03 13:00,8.1,,5.3,320,74,673
102,백령도,2025-04-03 14:00,9,,4.9,290,70,695
102,백령도,2025-04-03 15:00,8.2,,5.3,320,77,605
102,백령도,2025-04-03 16:00,8.2,,4.3,320,71,711
102,백령도,2025-04-03 17:00,8,,4,290,72,721
102,백령도,2025-04-03 18:00,7.1,,2.7,320,78,738
102,백령도,2025-04-03 19:00,5.7,,2,290,80,785
102,백령도,2025-04-03 20:00,5.4,,3.9,320,90,391
102,백령도,2025-04-03 21:00,5.1,,1.7,320,91,350
102,백령도,2025-04-03 22:00,5.1,,2.1,320,89,493
102,백령도,2025-04-03 23:00,4.6,,2.6,290,88,528
102,백령도,2025-04-04 00:00,4.4,,2,290,89,481
102,백령도,2025-04-04 01:00,4.6,,2,290,84,796
102,백령도,2025-04-04 02:00,4.9,,1.8,270,70,1367
102,백령도,2025-04-04 03:00,4.7,,.9,200,85,580
102,백령도,2025-04-04 04:00,3.9,,1.6,200,87,404
102,백령도,2025-04-04 05:00,4.7,,.1,0,89,449
102,백령도,2025-04-04 06:00,4.1,,2.1,110,88,365
102,백령도,2025-04-04 07:00,4.4,,1.7,180,92,223
102,백령도,2025-04-04 08:00,6.4,,1.9,110,91,291
102,백령도,2025-04-04 09:00,7.6,,3.6,180,84,527
102,백령도,2025-04-04 10:00,8.3,,5.4,180,80,653
102,백령도,2025-04-04 11:00,9.5,,5.4,160,72,868
102,백령도,2025-04-04 12:00,9.6,,6.1,160,73,964
102,백령도,2025-04-04 13:00,9.5,,5.8,160,67,976
102,백령도,2025-04-04 14:00,8.7,,6.6,180,78,739
102,백령도,2025-04-04 15:00,9.2,,5.8,160,78,743
102,백령도,2025-04-04 16:00,8.8,,6,160,79,815
102,백령도,2025-04-04 17:00,7.7,,5.2,160,84,732
102,백령도,2025-04-04 18:00,7.1,,5.7,160,88,466
102,백령도,2025-04-04 19:00,6.7,,5,160,91,337
102,백령도,2025-04-04 20:00,5.7,,5.9,160,93,177
102,백령도,2025-04-04 21:00,6.1,,4.5,140,95,216
102,백령도,2025-04-04 22:00,6.4,0,2.2,160,94,192
102,백령도,2025-04-04 23:00,6.4,.3,3.5,140,95,126
102,백령도,2025-04-05 00:00,6.6,1.9,4.1,160,94,184
102,백령도,2025-04-05 01:00,6.8,0,4.9,140,90,366
102,백령도,2025-04-05 02:00,6.5,0,5.6,160,89,535
102,백령도,2025-04-05 03:00,6.4,0,6.2,140,93,229
102,백령도,2025-04-05 04:00,6.5,.8,6.5,160,94,169
102,백령도,2025-04-05 05:00,6.8,.3,5.1,160,92,304
102,백령도,2025-04-05 06:00,6.5,.3,6.1,140,93,199
102,백령도,2025-04-05 07:00,6.6,.3,6.6,140,93,304
102,백령도,2025-04-05 08:00,6.7,.1,5.1,160,93,294
102,백령도,2025-04-05 09:00,6.7,,5.1,160,87,706
102,백령도,2025-04-05 10:00,6.7,,4.8,160,86,933
102,백령도,2025-04-05 11:00,7.2,,4.9,160,86,1068
102,백령도,2025-04-05 12:00,7.4,,5.2,160,87,1001
102,백령도,2025-04-05 13:00,7.1,0,3.9,160,92,509
102,백령도,2025-04-05 14:00,7.2,.3,3.5,160,94,132
102,백령도,2025-04-05 15:00,7.2,.2,2.6,180,96,47
102,백령도,2025-04-05 16:00,7.3,.2,3,320,96,84
102,백령도,2025-04-05 17:00,6.2,,6,320,95,173
102,백령도,2025-04-05 18:00,5.9,.1,6.1,320,95,284
102,백령도,2025-04-05 19:00,5.9,.1,5.7,320,95,345
102,백령도,2025-04-05 20:00,5.5,0,6.7,320,95,190
102,백령도,2025-04-05 21:00,5.4,.2,5.9,320,96,31
102,백령도,2025-04-05 22:00,5.7,0,3.6,340,96,451
102,백령도,2025-04-05 23:00,5,,3.4,320,96,21
102,백령도,2025-04-06 00:00,4.6,,3.1,290,97,21
102,백령도,2025-04-06 01:00,4.3,.1,3.1,290,97,20
102,백령도,2025-04-06 02:00,4,0,.9,250,97,17
102,백령도,2025-04-06 03:00,3.1,0,.5,90,97,14
102,백령도,2025-04-06 04:00,2.1,,2,180,97,22
102,백령도,2025-04-06 05:00,1.6,,1.2,200,97,21
102,백령도,2025-04-06 06:00,1.9,,2.6,110,97,12
102,백령도,2025-04-06 07:00,1.8,,2,140,97,15
102,백령도,2025-04-06 08:00,3.3,,1.4,160,97,18
102,백령도,2025-04-06 09:00,5,,2.3,180,97,61
102,백령도,2025-04-06 10:00,6.6,,2.9,90,97,563
102,백령도,2025-04-06 11:00,8.8,,2.4,70,91,2246
102,백령도,2025-04-06 12:00,11.7,,5,290,42,3386
102,백령도,2025-04-06 13:00,11.9,,5.1,320,44,3365
102,백령도,2025-04-06 14:00,12.2,,5.3,320,45,2729
102,백령도,2025-04-06 15:00,12.3,,5.2,290,45,2245
102,백령도,2025-04-06 16:00,12.5,,4.2,320,43,2362
102,백령도,2025-04-06 17:00,12.2,,5.1,320,39,2700
102,백령도,2025-04-06 18:00,11.5,,2.7,290,43,2055
102,백령도,2025-04-06 19:00,9.8,,2.2,250,47,2371
102,백령도,2025-04-06 20:00,8.3,,1.8,200,62,2025
102,백령도,2025-04-06 21:00,8.1,,.7,200,64,2041
102,백령도,2025-04-06 22:00,9.1,,1,290,56,2238
102,백령도,2025-04-06 23:00,8.2,,.8,160,63,2034
102,백령도,2025-04-07 00:00,8.2,,.5,110,69,1535
102,백령도,2025-04-07 01:00,6.5,,1.3,160,77,1381
102,백령도,2025-04-07 02:00,5.6,,2.2,110,90,600
102,백령도,2025-04-07 03:00,5.6,,1.9,110,93,317
102,백령도,2025-04-07 04:00,5.7,,1.9,110,95,196
102,백령도,2025-04-07 05:00,6.2,,3.1,140,94,316
102,백령도,2025-04-07 06:00,6.6,,3.9,140,92,477
102,백령도,2025-04-07 07:00,6.8,,4.6,140,91,528
102,백령도,2025-04-07 08:00,6.3,,6.4,140,95,251
102,백령도,2025-04-07 09:00,8,,6,140,91,516
102,백령도,2025-04-07 10:00,9.7,,7.2,140,77,1164
102,백령도,2025-04-07 11:00,10.3,,7.8,160,73,1220
102,백령도,2025-04-07 12:00,10,,9,160,76,1218
102,백령도,2025-04-07 13:00,10.5,,7.9,160,73,1269
102,백령도,2025-04-07 14:00,10.9,,5.6,160,74,1295
102,백령도,2025-04-07 15:00,10.7,,6,160,73,1423
102,백령도,2025-04-07 16:00,9.9,,5.8,140,78,1268
102,백령도,2025-04-07 17:00,9.7,,5.3,140,80,1140
102,백령도,2025-04-07 18:00,9.6,,4.2,160,82,1008
102,백령도,2025-04-07 19:00,8.9,,3.1,140,85,807
102,백령도,2025-04-07 20:00,8.6,,3.6,140,87,745
102,백령도,2025-04-07 21:00,8.5,,2.2,140,88,674
102,백령도,2025-04-07 22:00,7.6,,1,70,91,559
102,백령도,2025-04-07 23:00,7,,2.2,110,93,392
102,백령도,2025-04-08 00:00,7.1,,.5,50,93,399
102,백령도,2025-04-08 01:00,6.2,,.8,340,95,213
102,백령도,2025-04-08 02:00,7.1,,2.1,320,95,403
102,백령도,2025-04-08 03:00,6.8,,3.3,320,95,180
102,백령도,2025-04-08 04:00,6.1,,4,320,96,10
102,백령도,2025-04-08 05:00,5.9,,3.4,320,96,10
102,백령도,2025-04-08 06:00,6.3,,3.8,320,97,13
102,백령도,2025-04-08 07:00,5.6,,2.7,320,97,10
102,백령도,2025-04-08 08:00,5.7,,2.4,290,97,22
102,백령도,2025-04-08 09:00,8.8,,3.9,290,82,1078
102,백령도,2025-04-08 10:00,10.6,,4.9,320,59,1881
102,백령도,2025-04-08 11:00,10.6,,5.6,320,59,1380
102,백령도,2025-04-08 12:00,10.9,,5.3,320,55,1706
102,백령도,2025-04-08 13:00,11,,5.3,320,55,1645
102,백령도,2025-04-08 14:00,11.3,,4.2,340,52,2777
102,백령도,2025-04-08 15:00,11.8,,4.5,340,48,3355
102,백령도,2025-04-08 16:00,11.4,,4.2,320,52,4185
102,백령도,2025-04-08 17:00,10.7,,4.7,320,52,3531
102,백령도,2025-04-08 18:00,10,,4.1,320,49,3532
102,백령도,2025-04-08 19:00,9.1,,3.7,320,50,3844
102,백령도,2025-04-08 20:00,7.9,,3.2,320,59,4031
102,백령도,2025-04-08 21:00,7.8,,3,320,53,4110
102,백령도,2025-04-08 22:00,8.9,,4.3,320,45,4541
102,백령도,2025-04-08 23:00,8.1,,3.3,360,61,4003
102,백령도,2025-04-09 00:00,7.4,,3,290,62,3586
102,백령도,2025-04-09 01:00,7.6,,2.9,320,63,3337
102,백령도,2025-04-09 02:00,8.1,,1.6,320,54,3716
102,백령도,2025-04-09 03:00,8.7,,.9,90,46,3745
102,백령도,2025-04-09 04:00,9.3,,1.1,140,41,3943
102,백령도,2025-04-09 05:00,8.4,,1.6,110,65,2432
102,백령도,2025-04-09 06:00,7.3,,.9,70,61,2494
102,백령도,2025-04-09 07:00,7.6,,2.7,90,77,1750
102,백령도,2025-04-09 08:00,8.9,,1.2,140,66,1769
102,백령도,2025-04-09 09:00,9.9,,2.1,140,59,1859
102,백령도,2025-04-09 10:00,8.8,,3.3,140,67,1811
102,백령도,2025-04-09 11:00,10,,2.9,110,71,1570
102,백령도,2025-04-09 12:00,9.9,,4.3,140,68,2086
102,백령도,2025-04-09 13:00,9,,3.2,180,71,2420
102,백령도,2025-04-09 14:00,10.2,,2.6,180,63,2615
102,백령도,2025-04-09 15:00,9,,2.8,110,73,2421
102,백령도,2025-04-09 16:00,8.4,,3,160,74,2916
102,백령도,2025-04-09 17:00,9.7,,3.5,160,62,3081
102,백령도,2025-04-09 18:00,8.6,,2.5,160,65,2713
102,백령도,2025-04-09 19:00,8.1,,2,140,71,2321
102,백령도,2025-04-09 20:00,8,,3.5,160,71,2551
102,백령도,2025-04-09 21:00,7.5,,1.6,180,79,1676
102,백령도,2025-04-09 22:00,7.4,0,1.2,200,78,1644
102,백령도,2025-04-09 23:00,7,,0,0,82,1444
102,백령도,2025-04-10 00:00,6.3,,1.6,110,89,795
102,백령도,2025-04-10 01:00,6.5,,.7,50,81,1308
102,백령도,2025-04-10 02:00,4.6,,2,320,88,1517
102,백령도,2025-04-10 03:00,6,,1.7,340,78,1595
102,백령도,2025-04-10 04:00,6.1,,2.6,340,74,1604
102,백령도,2025-04-10 05:00,5.8,,2.3,340,72,1805
102,백령도,2025-04-10 06:00,5.4,,3.7,320,79,1451
102,백령도,2025-04-10 07:00,6.2,,4,320,91,367
102,백령도,2025-04-10 08:00,6.7,,3.7,320,95,135
102,백령도,2025-04-10 09:00,7,,4,320,95,100
102,백령도,2025-04-10 10:00,9.2,,2.6,320,82,429
102,백령도,2025-04-10 11:00,9.6,,3.4,290,78,620
102,백령도,2025-04-10 12:00,11.1,,4.2,320,70,999
102,백령도,2025-04-10 13:00,11.2,,4.6,320,71,999
102,백령도,2025-04-10 14:00,10.6,,5.6,320,70,1109
102,백령도,2025-04-10 15:00,11.2,,4.4,320,67,1375
102,백령도,2025-04-10 16:00,10.7,,4.7,320,67,1811
102,백령도,2025-04-10 17:00,9.7,,4.6,320,72,1367
102,백령도,2025-04-10 18:00,9.4,,2.7,320,74,1279
102,백령도,2025-04-10 19:00,7.6,,3,320,85,755
102,백령도,2025-04-10 20:00,6.8,,2.7,290,92,353
102,백령도,2025-04-10 21:00,6.5,,1.9,230,90,463
102,백령도,2025-04-10 22:00,6.7,,2.1,320,85,891
102,백령도,2025-04-10 23:00,7.2,,3.1,290,79,1304
102,백령도,2025-04-11 00:00,8.1,,1.2,270,71,1511
102,백령도,2025-04-11 01:00,7.7,,1.7,230,73,1294
102,백령도,2025-04-11 02:00,7.7,,2.4,270,76,1318
102,백령도,2025-04-11 03:00,7.8,,.5,200,75,1425
102,백령도,2025-04-11 04:00,6.1,,1.1,110,86,985
102,백령도,2025-04-11 05:00,5.9,,2.3,90,92,559
102,백령도,2025-04-11 06:00,5.7,,2.6,110,91,508
102,백령도,2025-04-11 07:00,7,,2,110,88,570
102,백령도,2025-04-11 08:00,9.7,,.3,0,70,1141
102,백령도,2025-04-11 09:00,11.3,,2,90,70,1441
102,백령도,2025-04-11 10:00,14.2,,2.7,140,50,1871
102,백령도,2025-04-11 11:00,13.6,,3.4,160,51,2020
102,백령도,2025-04-11 12:00,12.9,,5,180,52,2145
102,백령도,2025-04-11 13:00,14.5,,4.8,180,45,2463
102,백령도,2025-04-11 14:00,13.1,,5.7,180,49,2918
102,백령도,2025-04-11 15:00,14.4,,4.9,180,42,3328
102,백령도,2025-04-11 16:00,14.5,,3.7,160,41,2839
102,백령도,2025-04-11 17:00,14.1,,4.2,160,41,2010
102,백령도,2025-04-11 18:00,10.5,,4.3,180,65,2099
102,백령도,2025-04-11 19:00,10.2,,3.4,180,62,1843
102,백령도,2025-04-11 20:00,9.9,,2.3,180,66,1695
102,백령도,2025-04-11 21:00,8.9,,3.4,140,81,1245
102,백령도,2025-04-11 22:00,9.6,,4.8,160,72,1782
102,백령도,2025-04-11 23:00,9.1,,4.1,180,77,1570
102,백령도,2025-04-12 00:00,9.3,,3.2,180,77,1584
102,백령도,2025-04-12 01:00,11.1,,10.2,160,65,1546
102,백령도,2025-04-12 02:00,10.7,,7.1,140,64,1624
102,백령도,2025-04-12 03:00,9.4,,4.6,160,75,1267
102,백령도,2025-04-12 04:00,9,0,4.8,140,78,1008
102,백령도,2025-04-12 05:00,9.6,,8.1,140,79,1037
102,백령도,2025-04-12 06:00,10,.2,6.9,140,81,900
102,백령도,2025-04-12 07:00,9.9,.6,6.5,140,82,399
102,백령도,2025-04-12 08:00,9.6,1.4,7.4,140,84,384
102,백령도,2025-04-12 09:00,11.1,.2,5.1,160,72,783
102,백령도,2025-04-12 10:00,10.6,.3,7.4,140,71,869
102,백령도,2025-04-12 11:00,9.1,1.7,6.2,160,82,319
102,백령도,2025-04-12 12:00,9.8,7.4,8.8,160,93,227
102,백령도,2025-04-12 13:00,8.6,5.2,5,290,82,850
102,백령도,2025-04-12 14:00,5.5,.9,9.8,290,86,708
102,백령도,2025-04-12 15:00,4.9,1.3,7.8,290,90,727
102,백령도,2025-04-12 16:00,4.4,2.2,7.2,320,89,866
102,백령도,2025-04-12 17:00,2.9,2.3,7.4,320,90,785
102,백령도,2025-04-12 18:00,2.7,2.7,5.7,290,91,802
102,백령도,2025-04-12 19:00,2.3,3.2,1,230,92,465
102,백령도,2025-04-12 20:00,3.6,1.3,2.8,270,86,1941
102,백령도,2025-04-12 21:00,3.4,.5,3.7,110,88,2793
102,백령도,2025-04-12 22:00,3.6,0,1.7,140,87,3089
102,백령도,2025-04-12 23:00,3.8,0,3.3,160,88,3336
102,백령도,2025-04-13 00:00,4,,1.6,160,88,3110
102,백령도,2025-04-13 01:00,5,,1.5,320,85,1826
102,백령도,2025-04-13 02:00,5.1,,1.8,290,88,1628
102,백령도,2025-04-13 03:00,5.6,,4.6,270,77,2048
102,백령도,2025-04-13 04:00,5.6,,6,270,64,2854
102,백령도,2025-04-13 05:00,5.7,,5.6,270,55,3303
102,백령도,2025-04-13 06:00,5.6,,6,270,53,3002
102,백령도,2025-04-13 07:00,5.7,,5.6,270,49,3491
102,백령도,2025-04-13 08:00,5.1,,6.2,250,63,2801
102,백령도,2025-04-13 09:00,5.2,0,8.6,270,61,2478
102,백령도,2025-04-13 10:00,4.2,.5,5.3,290,83,3413
102,백령도,2025-04-13 11:00,5.8,,5.6,290,63,3752
102,백령도,2025-04-13 12:00,5.4,,5.8,270,63,4262
102,백령도,2025-04-13 13:00,5.6,0,8.4,320,63,4776
102,백령도,2025-04-13 14:00,6.7,,7.1,290,51,4145
102,백령도,2025-04-13 15:00,6.9,,6.6,270,59,4381
102,백령도,2025-04-13 16:00,7.5,,6.4,250,50,3944
102,백령도,2025-04-13 17:00,5.4,.1,4.5,290,75,3697
102,백령도,2025-04-13 18:00,5.9,,5,290,62,4203
102,백령도,2025-04-13 19:00,6.1,,3.8,250,56,4288
102,백령도,2025-04-13 20:00,6.1,,4,250,53,4189
102,백령도,2025-04-13 21:00,6.5,,3.6,250,54,3835
102,백령도,2025-04-13 22:00,6.6,,4.4,250,55,3051
102,백령도,2025-04-13 23:00,6.1,,4.5,270,66,2525
102,백령도,2025-04-14 00:00,5.6,,3.9,270,57,3732
102,백령도,2025-04-14 01:00,5,,3.3,250,63,3860
102,백령도,2025-04-14 02:00,5,,3,270,65,4129
102,백령도,2025-04-14 03:00,5.5,,3.2,250,65,4088
102,백령도,2025-04-14 04:00,5.1,,2.4,250,68,4503
102,백령도,2025-04-14 05:00,5.9,,3.5,250,65,4758
102,백령도,2025-04-14 06:00,4.5,.1,5.4,270,79,2117
102,백령도,2025-04-14 07:00,4,.9,4.4,230,85,2838
102,백령도,2025-04-14 08:00,4.6,0,3.9,200,82,4634
102,백령도,2025-04-14 09:00,4.8,.3,3.9,200,81,1292
102,백령도,2025-04-14 10:00,4,2.5,3.5,180,90,942
102,백령도,2025-04-14 11:00,4.9,.7,3.1,160,89,3601
102,백령도,2025-04-14 12:00,5.2,1,4.1,90,89,3258
102,백령도,2025-04-14 13:00,5.5,.6,6.7,90,90,2603
102,백령도,2025-04-14 14:00,5.6,.1,6.9,70,85,4227
102,백령도,2025-04-14 15:00,5.6,.1,3.4,360,86,2602
102,백령도,2025-04-14 16:00,6.1,.1,6.3,360,82,3720
102,백령도,2025-04-14 17:00,6.8,0,6.7,360,76,1978
102,백령도,2025-04-14 18:00,6.8,,7.2,360,70,3024
102,백령도,2025-04-14 19:00,6,,7,340,76,2734
102,백령도,2025-04-14 20:00,5.7,,4.1,340,81,2861
102,백령도,2025-04-14 21:00,6,,4.5,320,80,2556
102,백령도,2025-04-14 22:00,6,,4.3,320,81,2904
102,백령도,2025-04-14 23:00,6,,4,290,79,3364
102,백령도,2025-04-15 00:00,6,,6,320,83,2073
102,백령도,2025-04-15 01:00,6.3,,5.8,320,82,1476
102,백령도,2025-04-15 02:00,6.6,,6.1,320,79,1331
102,백령도,2025-04-15 03:00,6.3,,3.9,320,80,1082
102,백령도,2025-04-15 04:00,6.1,,2.9,290,79,1139
102,백령도,2025-04-15 05:00,5.5,,2.5,320,87,774
102,백령도,2025-04-15 06:00,5.4,,3.3,290,87,675
102,백령도,2025-04-15 07:00,5.9,,3.4,320,87,741
102,백령도,2025-04-15 08:00,7.2,,3.2,290,80,1058
102,백령도,2025-04-15 09:00,8,,4.1,320,75,1223
102,백령도,2025-04-15 10:00,8.4,,4.3,320,72,1424
102,백령도,2025-04-15 11:00,8.9,,4.3,320,67,1543
102,백령도,2025-04-15 12:00,9.3,,3.9,320,58,1714
102,백령도,2025-04-15 13:00,10.1,,3.7,340,55,1670
102,백령도,2025-04-15 14:00,10.2,,3.5,340,55,2009
102,백령도,2025-04-15 15:00,9.9,,4.4,320,61,1618
102,백령도,2025-04-15 16:00,10.5,,2.6,320,63,1674
102,백령도,2025-04-15 17:00,9.5,,2.9,250,62,1883
102,백령도,2025-04-15 18:00,9.3,,3.6,270,60,2531
102,백령도,2025-04-15 19:00,7.4,,1.6,320,83,917
102,백령도,2025-04-15 20:00,7.5,,1,180,81,766
102,백령도,2025-04-15 21:00,7.5,,3.3,200,82,874
102,백령도,2025-04-15 22:00,7.4,,2.5,180,89,531
102,백령도,2025-04-15 23:00,7.1,,1.4,140,83,999
102,백령도,2025-04-16 00:00,6.4,,1,140,90,655
102,백령도,2025-04-16 01:00,6.9,,2.5,140,91,552
102,백령도,2025-04-16 02:00,7,,2.9,110,93,527
102,백령도,2025-04-16 03:00,7,,3.3,110,93,434
102,백령도,2025-04-16 04:00,7.3,,5.7,160,92,589
102,백령도,2025-04-16 05:00,7.5,,4.7,140,88,921
102,백령도,2025-04-16 06:00,7.5,,6.2,140,89,802
102,백령도,2025-04-16 07:00,7.8,,7.1,110,89,976
102,백령도,2025-04-16 08:00,8.6,,7.5,140,86,1401
102,백령도,2025-04-16 09:00,9.3,,8.9,140,85,1459
102,백령도,2025-04-16 10:00,10.4,,8.5,140,79,1437
102,백령도,2025-04-16 11:00,10.7,,10,140,73,1253
102,백령도,2025-04-16 12:00,11.2,,9.5,140,71,1235
102,백령도,2025-04-16 13:00,10.8,,9.6,140,73,1069
102,백령도,2025-04-16 14:00,11,,9.8,140,75,1002
102,백령도,2025-04-16 15:00,11.4,,8.6,140,74,1035
102,백령도,2025-04-16 16:00,12.3,,6,140,68,1475
102,백령도,2025-04-16 17:00,11.6,,6.4,140,70,1464
102,백령도,2025-04-16 18:00,11.5,,5.5,140,70,1715
102,백령도,2025-04-16 19:00,10.7,,5.4,140,73,1677
102,백령도,2025-04-16 20:00,10.5,,4.2,140,75,1641
102,백령도,2025-04-16 21:00,10.1,,6.9,140,78,1557
102,백령도,2025-04-16 22:00,10.2,,5.5,140,80,1595
102,백령도,2025-04-16 23:00,9.8,,6.3,140,86,1078
102,백령도,2025-04-17 00:00,9.6,,5.9,140,88,891
102,백령도,2025-04-17 01:00,10.1,,6.9,160,90,878
102,백령도,2025-04-17 02:00,10,,7.4,160,91,746
102,백령도,2025-04-17 03:00,9.6,,5,140,93,452
102,백령도,2025-04-17 04:00,9.6,,4.9,140,95,256
102,백령도,2025-04-17 05:00,9.3,,6.5,140,95,123
102,백령도,2025-04-17 06:00,9.4,,5,140,96,38
102,백령도,2025-04-17 07:00,9.2,,6.6,140,96,29
102,백령도,2025-04-17 08:00,9.2,,6.8,140,96,31
102,백령도,2025-04-17 09:00,9.3,,6.3,140,97,58
102,백령도,2025-04-17 10:00,8.9,,7.1,140,97,69
102,백령도,2025-04-17 11:00,9.1,,6.9,140,97,121
102,백령도,2025-04-17 12:00,8.9,,7.1,140,96,110
102,백령도,2025-04-17 13:00,9.3,,8.2,140,94,349
102,백령도,2025-04-17 14:00,9.4,,6.7,140,94,279
102,백령도,2025-04-17 15:00,9.2,,6.1,140,94,349
102,백령도,2025-04-17 16:00,9.1,,9.8,160,95,306
102,백령도,2025-04-17 17:00,9.4,,8.9,160,93,858
102,백령도,2025-04-17 18:00,9.9,,6.7,180,91,915
102,백령도,2025-04-17 19:00,9.8,0,8.2,160,91,788
102,백령도,2025-04-17 20:00,9.7,,5.7,160,92,765
102,백령도,2025-04-17 21:00,9.2,,4.4,140,92,605
102,백령도,2025-04-17 22:00,9.2,,5.6,140,92,571
102,백령도,2025-04-17 23:00,9.4,,6,140,91,624
102,백령도,2025-04-18 00:00,9.3,,1.4,140,90,590
102,백령도,2025-04-18 01:00,8.1,,2.5,90,93,316
102,백령도,2025-04-18 02:00,7.7,,1.4,70,95,183
102,백령도,2025-04-18 03:00,7.6,,2.2,90,96,133
102,백령도,2025-04-18 04:00,8.7,,3.3,70,96,189
102,백령도,2025-04-18 05:00,9.6,,1.8,50,95,252
102,백령도,2025-04-18 06:00,9.2,,4.2,340,95,239
102,백령도,2025-04-18 07:00,9.3,,3.5,360,94,370
102,백령도,2025-04-18 08:00,9.5,,3.3,320,92,375
102,백령도,2025-04-18 09:00,11.1,,3.7,340,85,755
102,백령도,2025-04-18 10:00,12.3,,4.3,360,72,948
102,백령도,2025-04-18 11:00,12.4,,3.6,340,55,2780
102,백령도,2025-04-18 12:00,13.2,,6.6,360,52,3053
102,백령도,2025-04-18 13:00,13.4,,3.7,360,49,2907
102,백령도,2025-04-18 14:00,14,,5.2,360,47,3477
102,백령도,2025-04-18 15:00,13.5,,3.3,320,50,2731
102,백령도,2025-04-18 16:00,12.5,,3.1,320,55,2416
102,백령도,2025-04-18 17:00,12.2,,3.7,320,55,2493
102,백령도,2025-04-18 18:00,10.9,,2.5,290,65,2138
102,백령도,2025-04-18 19:00,10.3,,2.3,320,65,2013
102,백령도,2025-04-18 20:00,10.9,,.6,200,59,2692
102,백령도,2025-04-18 21:00,11,,2.6,140,66,2271
102,백령도,2025-04-18 22:00,11.1,,2.1,320,61,2588
102,백령도,2025-04-18 23:00,10.9,,2.3,110,61,2535
102,백령도,2025-04-19 00:00,10.7,,1.4,110,63,2021
102,백령도,2025-04-19 01:00,10.4,,1.8,110,65,2175
102,백령도,2025-04-19 02:00,10.6,,2.7,180,77,1147
102,백령도,2025-04-19 03:00,9.2,,5.8,160,89,727
102,백령도,2025-04-19 04:00,8.5,,4.7,160,95,157
102,백령도,2025-04-19 05:00,8.4,,4.5,160,95,114
102,백령도,2025-04-19 06:00,8.4,,5.7,160,96,33
102,백령도,2025-04-19 07:00,8.6,,5,160,96,138
102,백령도,2025-04-19 08:00,8.6,.2,1.9,160,97,96
102,백령도,2025-04-19 09:00,9.5,.3,3.5,180,97,242
102,백령도,2025-04-19 10:00,9.1,3.6,1,160,97,67
102,백령도,2025-04-19 11:00,9.7,.1,1.6,250,97,33
102,백령도,2025-04-19 12:00,10.2,.1,2.5,270,97,889
102,백령도,2025-04-19 13:00,8.7,.1,4.4,290,97,79
102,백령도,2025-04-19 14:00,9.3,,5,320,96,591
102,백령도,2025-04-19 15:00,9.2,,6.2,340,95,273
102,백령도,2025-04-19 16:00,9.1,,6.3,340,91,1666
102,백령도,2025-04-19 17:00,9.1,,5.8,340,86,1031
102,백령도,2025-04-19 18:00,9.3,,5.3,340,82,1549
102,백령도,2025-04-19 19:00,8.8,,5.1,340,87,1145
102,백령도,2025-04-19 20:00,8.3,,2.7,340,87,1320
102,백령도,2025-04-19 21:00,8.1,,2.7,340,84,1551
102,백령도,2025-04-19 22:00,7.3,,2.8,320,88,1022
102,백령도,2025-04-19 23:00,7.6,,3.3,320,87,1114
102,백령도,2025-04-20 00:00,7.2,,2.7,320,90,779
102,백령도,2025-04-20 01:00,7.2,,2.6,320,90,817
102,백령도,2025-04-20 02:00,7.4,,2.6,320,89,842
102,백령도,2025-04-20 03:00,7.2,,2,320,92,636
102,백령도,2025-04-20 04:00,7.3,,2.5,320,91,669
102,백령도,2025-04-20 05:00,7.4,,2.2,290,91,677
102,백령도,2025-04-20 06:00,6.6,,2.3,320,93,467
102,백령도,2025-04-20 07:00,7.7,,2.9,320,92,586
102,백령도,2025-04-20 08:00,10.2,,4.3,360,79,1236
102,백령도,2025-04-20 09:00,12.1,,4.1,360,72,1808
102,백령도,2025-04-20 10:00,13.7,,2.9,360,66,3437
102,백령도,2025-04-20 11:00,14.1,,4.3,360,63,2797
102,백령도,2025-04-20 12:00,15.4,,4.5,360,57,3690
102,백령도,2025-04-20 13:00,15.9,,4,360,55,3990
102,백령도,2025-04-20 14:00,14.5,,4.3,320,59,2244
102,백령도,2025-04-20 15:00,14.6,,3.1,290,60,2944
102,백령도,2025-04-20 16:00,13.6,,4,290,61,2815
102,백령도,2025-04-20 17:00,14.5,,4,320,53,3332
102,백령도,2025-04-20 18:00,11.8,,5.5,320,63,4017
102,백령도,2025-04-20 19:00,10,,4.1,320,75,3044
102,백령도,2025-04-20 20:00,9.3,,4.7,320,81,1915
102,백령도,2025-04-20 21:00,10.5,,6.1,340,66,4189
102,백령도,2025-04-20 22:00,11.3,,3.1,360,54,4998
102,백령도,2025-04-20 23:00,13.2,,1.7,70,44,4957
102,백령도,2025-04-21 00:00,11.7,,2.3,90,54,4754
102,백령도,2025-04-21 01:00,11.3,,1.6,90,67,3084
102,백령도,2025-04-21 02:00,12.3,,1.9,110,66,2977
102,백령도,2025-04-21 03:00,12.3,,2.2,140,61,3260
102,백령도,2025-04-21 04:00,11,,1.9,140,71,2704
102,백령도,2025-04-21 05:00,13.4,,4.6,160,65,2619
102,백령도,2025-04-21 06:00,11.4,,3.9,160,75,2241
102,백령도,2025-04-21 07:00,11.8,,4.8,160,77,1610
102,백령도,2025-04-21 08:00,12.3,,5.3,140,72,2195
102,백령도,2025-04-21 09:00,12.8,,5.5,160,70,2572
102,백령도,2025-04-21 10:00,13.4,,5,140,66,2503
102,백령도,2025-04-21 11:00,14.2,,3.6,160,64,2460
102,백령도,2025-04-21 12:00,12.6,,3.2,160,75,1751
102,백령도,2025-04-21 13:00,11.2,,5.9,160,85,1102
102,백령도,2025-04-21 14:00,11.8,,5.7,140,93,136
102,백령도,2025-04-21 15:00,12,0,5.7,160,95,82
102,백령도,2025-04-21 16:00,12.8,.2,4.1,140,96,85
102,백령도,2025-04-21 17:00,12.6,.2,4.2,140,96,48
102,백령도,2025-04-21 18:00,13.5,.3,4.9,160,97,111
102,백령도,2025-04-21 19:00,13.6,.3,5,160,97,136
102,백령도,2025-04-21 20:00,13.1,0,6.3,160,96,140
102,백령도,2025-04-21 21:00,12.2,.1,3,180,96,34
102,백령도,2025-04-21 22:00,15,.2,4,200,97,267
102,백령도,2025-04-21 23:00,14.8,.4,6.5,230,95,999
102,백령도,2025-04-22 00:00,14.4,0,5.3,230,95,645
102,백령도,2025-04-22 01:00,14.8,0,5,230,94,1523
102,백령도,2025-04-22 02:00,14,,4.6,230,95,111
102,백령도,2025-04-22 03:00,12.7,.3,2.6,160,96,152
102,백령도,2025-04-22 04:00,11.2,13.5,1.7,360,96,230
102,백령도,2025-04-22 05:00,11.4,3.8,.9,360,97,888
102,백령도,2025-04-22 06:00,11.6,1.9,.5,140,97,325
102,백령도,2025-04-22 07:00,12.3,1.9,1.5,70,97,593
102,백령도,2025-04-22 08:00,11.3,2.1,4.8,340,97,272
102,백령도,2025-04-22 09:00,10.9,.5,3.8,340,96,1344
102,백령도,2025-04-22 10:00,11.1,.3,3.5,360,95,792
102,백령도,2025-04-22 11:00,13.8,.5,2.7,50,88,4457
102,백령도,2025-04-22 12:00,10.4,0,5,340,95,976
102,백령도,2025-04-22 13:00,11.5,,4.3,360,90,870
102,백령도,2025-04-22 14:00,12.4,,4.8,340,83,2149
102,백령도,2025-04-22 15:00,11.2,,6.1,320,83,1085
102,백령도,2025-04-22 16:00,11.8,,4.5,320,78,1855
102,백령도,2025-04-22 17:00,12,,5,320,76,1555
102,백령도,2025-04-22 18:00,11.6,,4,340,74,1568
102,백령도,2025-04-22 19:00,10.1,,4,340,80,1407
102,백령도,2025-04-22 20:00,11.5,,6.4,340,68,2161
102,백령도,2025-04-22 21:00,11.2,,3.8,320,68,2557
102,백령도,2025-04-22 22:00,11.2,,4.5,340,67,2721
102,백령도,2025-04-22 23:00,11.1,,4.2,290,67,2906
102,백령도,2025-04-23 00:00,10.7,,4.8,320,69,2111
102,백령도,2025-04-23 01:00,10.6,,5,320,72,2130
102,백령도,2025-04-23 02:00,10.3,,5.3,320,74,1769
102,백령도,2025-04-23 03:00,10.2,,5.6,320,76,1464
102,백령도,2025-04-23 04:00,9.5,,3.8,320,80,1123
102,백령도,2025-04-23 05:00,9.2,,.4,0,82,1054
102,백령도,2025-04-23 06:00,9.1,,1.5,70,88,862
102,백령도,2025-04-23 07:00,10,,0,0,86,955
102,백령도,2025-04-23 08:00,12.6,,1.8,180,76,1776
102,백령도,2025-04-23 09:00,14.5,,3.4,140,63,4086
102,백령도,2025-04-23 10:00,15.3,,2.6,160,62,4682
102,백령도,2025-04-23 11:00,15.1,,3.5,180,61,4763
102,백령도,2025-04-23 12:00,15.6,,3.8,180,61,4786
102,백령도,2025-04-23 13:00,16.4,,4,200,59,4142
102,백령도,2025-04-23 14:00,16.1,,2.3,360,60,4140
102,백령도,2025-04-23 15:00,16.2,,2.4,70,62,4184
102,백령도,2025-04-23 16:00,16.4,,1.7,160,57,2640
102,백령도,2025-04-23 17:00,16.2,,2,340,59,4136
102,백령도,2025-04-23 18:00,15.7,,1,320,59,3819
102,백령도,2025-04-23 19:00,13.7,,1.4,180,72,2726
102,백령도,2025-04-23 20:00,12.2,,1.2,250,71,2280
102,백령도,2025-04-23 21:00,10.8,,.8,140,81,1481
102,백령도,2025-04-23 22:00,11,,.6,160,69,1448
102,백령도,2025-04-23 23:00,11.2,,1.1,250,64,1526
102,백령도,2025-04-24 00:00,10.3,,.5,90,67,1506
102,백령도,2025-04-24 01:00,11.1,,.9,340,59,1612
102,백령도,2025-04-24 02:00,9.8,,.7,110,69,1568
102,백령도,2025-04-24 03:00,11,,2.2,200,60,1765
102,백령도,2025-04-24 04:00,11.3,,2,230,55,2678
102,백령도,2025-04-24 05:00,10.3,,3.5,320,70,1965
102,백령도,2025-04-24 06:00,9.7,,3.1,320,75,1715
102,백령도,2025-04-24 07:00,10.9,,4.7,340,66,1939
102,백령도,2025-04-24 08:00,12.1,,7.4,360,54,3051
102,백령도,2025-04-24 09:00,11.8,,7.6,360,51,3126
102,백령도,2025-04-24 10:00,12,,8.8,340,40,3621
102,백령도,2025-04-24 11:00,12.2,,9.5,340,39,3224
102,백령도,2025-04-24 12:00,12,,6.1,340,44,3869
102,백령도,2025-04-24 13:00,12.3,,5.4,340,43,4103
102,백령도,2025-04-24 14:00,12.5,,6.1,320,39,3101
102,백령도,2025-04-24 15:00,11.8,,7.7,320,48,3989
102,백령도,2025-04-24 16:00,11.3,,6.2,290,53,3387
102,백령도,2025-04-24 17:00,10.9,,5.9,290,58,2544
102,백령도,2025-04-24 18:00,10.4,,6.3,290,58,2074
102,백령도,2025-04-24 19:00,10,,6.3,290,59,2695
102,백령도,2025-04-24 20:00,9.8,,6.5,290,57,3179
102,백령도,2025-04-24 21:00,9.4,,6.4,290,64,2856
102,백령도,2025-04-24 22:00,9.8,,7.7,320,57,3742
102,백령도,2025-04-24 23:00,9.2,,5.3,290,61,3656
102,백령도,2025-04-25 00:00,9.3,,6.2,320,58,3899
102,백령도,2025-04-25 01:00,8.6,,4.2,320,65,3905
102,백령도,2025-04-25 02:00,8.3,,4,290,68,3678
102,백령도,2025-04-25 03:00,8,,3.8,290,71,4009
102,백령도,2025-04-25 04:00,7.9,,3.7,290,69,4240
102,백령도,2025-04-25 05:00,8.1,,3.9,290,63,4907
102,백령도,2025-04-25 06:00,8.2,,4.2,290,66,4779
102,백령도,2025-04-25 07:00,9.4,,4.7,290,58,4524
102,백령도,2025-04-25 08:00,10.5,,4.5,320,56,4369
102,백령도,2025-04-25 09:00,11,,4.3,320,58,4467
102,백령도,2025-04-25 10:00,10.8,,5,320,62,4035
102,백령도,2025-04-25 11:00,11.6,,5.4,320,52,4001
102,백령도,2025-04-25 12:00,12.1,,4.7,320,56,4390
102,백령도,2025-04-25 13:00,12.1,,5.6,290,53,3880
102,백령도,2025-04-25 14:00,13.2,,4.4,320,41,3833
102,백령도,2025-04-25 15:00,14.3,,4.1,290,34,4228
102,백령도,2025-04-25 16:00,14.2,,4.1,320,33,4489
102,백령도,2025-04-25 17:00,14.8,,2.9,320,28,3921
102,백령도,2025-04-25 18:00,13.9,,3.7,250,19,4557
102,백령도,2025-04-25 19:00,12.2,,2.8,230,32,4593
102,백령도,2025-04-25 20:00,10.5,,3.6,230,46,4788
102,백령도,2025-04-25 21:00,10.6,,3.9,230,45,4685
102,백령도,2025-04-25 22:00,10.3,,2.7,200,48,3652
102,백령도,2025-04-25 23:00,9.9,,4.5,200,66,3248
102,백령도,2025-04-26 00:00,11.1,,6.3,230,56,4118
102,백령도,2025-04-26 01:00,11.4,,7.1,250,54,4589
102,백령도,2025-04-26 02:00,11.1,,6.4,230,60,3873
102,백령도,2025-04-26 03:00,10.7,,7.6,230,70,3595
102,백령도,2025-04-26 04:00,10.2,,.9,70,71,3318
102,백령도,2025-04-26 05:00,10.2,,.6,270,73,3084
102,백령도,2025-04-26 06:00,9,,1.7,110,82,2653
102,백령도,2025-04-26 07:00,10.8,,2,180,74,2880
102,백령도,2025-04-26 08:00,11.8,,2,140,73,3137
102,백령도,2025-04-26 09:00,12.3,,2.5,160,69,3067
102,백령도,2025-04-26 10:00,13.3,,3.1,180,69,3012
102,백령도,2025-04-26 11:00,14.8,,3,180,63,3317
102,백령도,2025-04-26 12:00,15.9,,2.4,70,60,2545
102,백령도,2025-04-26 13:00,15.6,,2.5,90,62,3087
102,백령도,2025-04-26 14:00,15.1,,3.6,180,63,2662
102,백령도,2025-04-26 15:00,17.3,,2.1,200,57,2623
102,백령도,2025-04-26 16:00,14.6,,3.7,180,65,2444
102,백령도,2025-04-26 17:00,14.8,,3.1,180,64,2158
102,백령도,2025-04-26 18:00,13.7,,3.4,180,66,1896
102,백령도,2025-04-26 19:00,11.3,,2.6,160,78,1802
102,백령도,2025-04-26 20:00,11,,4.9,180,80,1750
102,백령도,2025-04-26 21:00,10.4,,4.2,160,82,1793
102,백령도,2025-04-26 22:00,9.9,,3.2,140,83,1742
102,백령도,2025-04-26 23:00,12.1,,4.3,180,66,3062
102,백령도,2025-04-27 00:00,13.1,,5,200,60,3163
102,백령도,2025-04-27 01:00,12.2,,4.4,200,67,2860
102,백령도,2025-04-27 02:00,12.4,,3.3,200,64,2542
102,백령도,2025-04-27 03:00,13.3,,7.8,230,59,2820
102,백령도,2025-04-27 04:00,13.1,,10.3,230,61,2610
102,백령도,2025-04-27 05:00,13,,10.4,230,62,2584
102,백령도,2025-04-27 06:00,12.8,,10.4,230,65,2647
102,백령도,2025-04-27 07:00,12.7,,8.9,230,67,2516
102,백령도,2025-04-27 08:00,12.8,,3,200,69,2039
102,백령도,2025-04-27 09:00,14.2,,1.9,200,66,1801
102,백령도,2025-04-27 10:00,16,,2.2,270,57,2157
102,백령도,2025-04-27 11:00,14.8,,4.5,320,59,2003
102,백령도,2025-04-27 12:00,15,,3.1,320,61,1840
102,백령도,2025-04-27 13:00,16.7,,1.7,340,57,2119
102,백령도,2025-04-27 14:00,17,,1.5,140,57,1900
102,백령도,2025-04-27 15:00,16,,2.4,180,59,1454
102,백령도,2025-04-27 16:00,16.2,,2.9,180,56,1980
102,백령도,2025-04-27 17:00,14.9,,3.6,200,61,2006
102,백령도,2025-04-27 18:00,11.4,,5.9,340,75,1531
102,백령도,2025-04-27 19:00,11.5,,2.1,360,76,939
102,백령도,2025-04-27 20:00,10.7,,1.9,340,76,1101
102,백령도,2025-04-27 21:00,10.4,,2.8,320,75,1324
102,백령도,2025-04-27 22:00,10.8,,1.8,320,70,1471
102,백령도,2025-04-27 23:00,11.1,,3.3,320,67,1637
102,백령도,2025-04-28 00:00,9.7,,1.1,290,73,1214
102,백령도,2025-04-28 01:00,9,,1.9,320,74,1161
102,백령도,2025-04-28 02:00,8.4,,4.3,290,83,692
102,백령도,2025-04-28 03:00,8,,4.3,320,88,503
102,백령도,2025-04-28 04:00,8.3,,4.8,290,89,487
102,백령도,2025-04-28 05:00,8.3,,4.3,290,88,650
102,백령도,2025-04-28 06:00,8.4,,4.2,290,80,1226
102,백령도,2025-04-28 07:00,9.4,,4.2,290,77,1683
102,백령도,2025-04-28 08:00,10.2,,5.5,320,70,2255
102,백령도,2025-04-28 09:00,11.1,,4.7,340,65,3154
102,백령도,2025-04-28 10:00,12,,6.2,340,53,3182
102,백령도,2025-04-28 11:00,12.9,,7.1,360,40,3763
102,백령도,2025-04-28 12:00,12.6,,7.6,360,39,3133
102,백령도,2025-04-28 13:00,12.6,,8.5,340,37,3362
102,백령도,2025-04-28 14:00,12.1,,6,340,49,3649
102,백령도,2025-04-28 15:00,12,,5.3,320,52,3016
102,백령도,2025-04-28 16:00,12.1,,5.7,340,42,2550
102,백령도,2025-04-28 17:00,11.5,,4.9,320,51,2847
102,백령도,2025-04-28 18:00,11,,3.2,320,51,2623
102,백령도,2025-04-28 19:00,9.5,,4.9,290,60,2827
102,백령도,2025-04-28 20:00,8.4,,4.1,320,66,2841
102,백령도,2025-04-28 21:00,8.6,,4.3,290,66,3008
102,백령도,2025-04-28 22:00,9,,5.3,290,59,3385
102,백령도,2025-04-28 23:00,8.2,,4,290,68,2731
102,백령도,2025-04-29 00:00,8.8,,3,290,62,2831
102,백령도,2025-04-29 01:00,9.1,,3.6,290,58,2902
102,백령도,2025-04-29 02:00,9.4,,4,290,60,3156
102,백령도,2025-04-29 03:00,9.4,,4.7,320,68,2682
102,백령도,2025-04-29 04:00,9.3,,3.7,320,65,2641
102,백령도,2025-04-29 05:00,8.7,,3.6,290,64,2855
102,백령도,2025-04-29 06:00,8.8,,3,290,66,2664
102,백령도,2025-04-29 07:00,10.4,,1.6,250,59,2652
102,백령도,2025-04-29 08:00,12.4,,2,250,47,3024
102,백령도,2025-04-29 09:00,14.2,,3.2,180,43,3735
102,백령도,2025-04-29 10:00,14.2,,4,180,40,3095
102,백령도,2025-04-29 11:00,13.6,,4.2,180,45,3884
102,백령도,2025-04-29 12:00,13.4,,5.1,180,56,2983
102,백령도,2025-04-29 13:00,13.7,,5.3,180,55,2689
102,백령도,2025-04-29 14:00,13.8,,5.8,180,54,2837
102,백령도,2025-04-29 15:00,14.1,,7.3,180,49,3334
102,백령도,2025-04-29 16:00,13.7,,10.6,180,44,1922
102,백령도,2025-04-29 17:00,13.4,,8.3,180,47,2751
102,백령도,2025-04-29 18:00,12.3,,8.3,180,56,2937
102,백령도,2025-04-29 19:00,10.7,,7.6,160,70,2373
102,백령도,2025-04-29 20:00,10.1,,7.2,160,74,2152
102,백령도,2025-04-29 21:00,9.9,,7.2,160,78,2030
102,백령도,2025-04-29 22:00,9.7,,5.8,160,80,1769
102,백령도,2025-04-29 23:00,10.5,,8,160,77,2298
102,백령도,2025-04-30 00:00,10.4,,7.2,160,79,2081
102,백령도,2025-04-30 01:00,10.7,,6.8,160,78,2675
102,백령도,2025-04-30 02:00,10.8,,6.8,160,77,1957
102,백령도,2025-04-30 03:00,10.7,,6,160,79,1892
102,백령도,2025-04-30 04:00,10.9,,6,160,77,2035
102,백령도,2025-04-30 05:00,11.1,,5.6,160,75,2060
102,백령도,2025-04-30 06:00,11,,5.3,140,76,1854
102,백령도,2025-04-30 07:00,11.8,,5.3,140,72,2126
102,백령도,2025-04-30 08:00,12.5,,5,140,70,2053
102,백령도,2025-04-30 09:00,13.3,,5,140,67,2079
102,백령도,2025-04-30 10:00,13.7,,6.1,140,65,2132
102,백령도,2025-04-30 11:00,14.1,,6.5,160,65,2300
102,백령도,2025-04-30 12:00,14.8,,5.5,160,63,2012
102,백령도,2025-04-30 13:00,14.6,,6,160,62,2474
102,백령도,2025-04-30 14:00,15.2,,5.9,160,60,2455
102,백령도,2025-04-30 15:00,15.5,,7.2,180,54,2431
102,백령도,2025-04-30 16:00,15.9,,8.2,180,50,2989
102,백령도,2025-04-30 17:00,15.9,,7.9,180,48,2922
102,백령도,2025-04-30 18:00,14.7,,7.4,180,51,2902
102,백령도,2025-04-30 19:00,13.6,,7.7,180,57,2668
102,백령도,2025-04-30 20:00,13.6,,7.2,180,57,2714
102,백령도,2025-04-30 21:00,14,,7.9,180,51,2798
102,백령도,2025-04-30 22:00,14,,11.7,160,48,2338
102,백령도,2025-04-30 23:00,15.1,,12.3,180,41,2376
102,백령도,2025-05-01 00:00,14.9,,10,180,41,2745
102,백령도,2025-05-01 01:00,13.8,,12,180,50,2493
102,백령도,2025-05-01 02:00,12.9,,9.3,160,58,2354
102,백령도,2025-05-01 03:00,12.9,,6.5,200,64,2083
102,백령도,2025-05-01 04:00,11.8,,5.7,160,75,1656
102,백령도,2025-05-01 05:00,11.3,3.4,5.8,180,86,683
102,백령도,2025-05-01 06:00,11,3,5.4,200,88,745
102,백령도,2025-05-01 07:00,11.2,.8,4.6,180,87,599
102,백령도,2025-05-01 08:00,11.2,1.8,4.4,180,91,563
102,백령도,2025-05-01 09:00,10.9,1.2,5.6,180,92,468
102,백령도,2025-05-01 10:00,11.9,.5,7.6,230,92,669
102,백령도,2025-05-01 11:00,11.6,0,7.7,230,92,563
102,백령도,2025-05-01 12:00,13.5,,4.5,250,88,495
102,백령도,2025-05-01 13:00,13.8,,5.8,320,83,854
102,백령도,2025-05-01 14:00,13,,6.4,320,82,978
102,백령도,2025-05-01 15:00,12.2,,5.5,320,86,599
102,백령도,2025-05-01 16:00,9.8,,5.7,320,93,58
102,백령도,2025-05-01 17:00,11.7,,5.1,290,82,465
102,백령도,2025-05-01 18:00,11.5,,7.1,290,65,2137
102,백령도,2025-05-01 19:00,10.4,,6.5,320,67,3366
102,백령도,2025-05-01 20:00,10,,5.6,290,67,3909
102,백령도,2025-05-01 21:00,9.9,,6.4,320,70,3405
102,백령도,2025-05-01 22:00,8.8,,3,320,80,2617
102,백령도,2025-05-01 23:00,9.5,,4.3,290,74,3631
102,백령도,2025-05-02 00:00,9.2,,5.2,320,77,3510
102,백령도,2025-05-02 01:00,9.2,,5.3,320,76,3787
102,백령도,2025-05-02 02:00,9.7,,7,320,70,4096
102,백령도,2025-05-02 03:00,8.5,,3.2,320,78,4014
102,백령도,2025-05-02 04:00,8.2,,3.6,290,83,3328
102,백령도,2025-05-02 05:00,8.5,,3.8,320,81,3985
102,백령도,2025-05-02 06:00,8,,3.2,320,83,3458
102,백령도,2025-05-02 07:00,9.1,,2.8,320,77,4328
102,백령도,2025-05-02 08:00,11.1,,3,360,64,4064
102,백령도,2025-05-02 09:00,11.6,,3.1,290,63,4153
102,백령도,2025-05-02 10:00,13.1,,3.2,360,51,4440
102,백령도,2025-05-02 11:00,14.2,,2.1,320,49,4540
102,백령도,2025-05-02 12:00,15,,2.7,320,37,4185
102,백령도,2025-05-02 13:00,15.7,,2.5,290,36,4508
102,백령도,2025-05-02 14:00,14.9,,3.3,290,38,4470
102,백령도,2025-05-02 15:00,14.2,,2.4,320,37,4517
102,백령도,2025-05-02 16:00,13.9,,2.1,290,51,4558
102,백령도,2025-05-02 17:00,12.3,,2.6,270,49,4768
102,백령도,2025-05-02 18:00,11.3,.3,1,340,62,3130
102,백령도,2025-05-02 19:00,10.4,0,2.1,250,65,4306
102,백령도,2025-05-02 20:00,10.3,0,.6,250,61,4345
102,백령도,2025-05-02 21:00,10.8,0,.8,90,63,4854
102,백령도,2025-05-02 22:00,9.6,0,.5,250,83,1748
102,백령도,2025-05-02 23:00,8.8,.3,1.4,320,83,1936
102,백령도,2025-05-03 00:00,8.9,.3,.6,70,77,4967
102,백령도,2025-05-03 01:00,8.2,.3,.1,0,91,801
102,백령도,2025-05-03 02:00,8.1,1.2,0,0,93,285
102,백령도,2025-05-03 03:00,8,1.3,.7,230,91,504
102,백령도,2025-05-03 04:00,7.7,1.8,.8,270,94,330
102,백령도,2025-05-03 05:00,7.7,1.6,1,230,92,1132
102,백령도,2025-05-03 06:00,7.7,.2,.8,90,94,392
102,백령도,2025-05-03 07:00,7.6,.4,.1,0,94,277
102,백령도,2025-05-03 08:00,7.8,.4,.5,90,94,311
102,백령도,2025-05-03 09:00,8.8,.4,1.5,290,92,1546
102,백령도,2025-05-03 10:00,8.6,0,3,320,92,830
102,백령도,2025-05-03 11:00,9.3,,2,290,91,951
102,백령도,2025-05-03 12:00,11.7,,4.4,320,77,1690
102,백령도,2025-05-03 13:00,13.1,,5.6,270,69,3263
102,백령도,2025-05-03 14:00,12.9,,8.9,290,61,3450
102,백령도,2025-05-03 15:00,13,,8.6,290,65,2978
102,백령도,2025-05-03 16:00,12.9,,7.1,290,67,2811
102,백령도,2025-05-03 17:00,13,,6.3,290,65,3653
102,백령도,2025-05-03 18:00,12.3,,6.5,290,62,3610
102,백령도,2025-05-03 19:00,12,,6.8,290,59,3695
102,백령도,2025-05-03 20:00,11.3,,7.5,290,63,3820
102,백령도,2025-05-03 21:00,10.4,,6,290,74,2425
102,백령도,2025-05-03 22:00,10.3,,6.1,290,73,2475
102,백령도,2025-05-03 23:00,9.9,,4.1,290,72,2780
102,백령도,2025-05-04 00:00,11.1,,5.3,290,58,3538
102,백령도,2025-05-04 01:00,10.3,,5.4,290,67,2722
102,백령도,2025-05-04 02:00,10.6,,6.6,290,62,3234
102,백령도,2025-05-04 03:00,10.6,,6.4,290,63,3392
102,백령도,2025-05-04 04:00,10.7,,6.5,290,61,3564
102,백령도,2025-05-04 05:00,12.3,,6.6,290,43,4260
102,백령도,2025-05-04 06:00,13.7,,5.4,290,30,4971
102,백령도,2025-05-04 07:00,13.9,,6.5,290,37,4670
102,백령도,2025-05-04 08:00,16.5,,6.4,270,23,5000
102,백령도,2025-05-04 09:00,16.7,,6.5,270,28,4615
102,백령도,2025-05-04 10:00,16.6,,8.7,250,28,4510
102,백령도,2025-05-04 11:00,17.1,,9.1,250,28,4515
102,백령도,2025-05-04 12:00,18,,9.7,290,22,4412
102,백령도,2025-05-04 13:00,17.7,,9.3,290,25,4146
102,백령도,2025-05-04 14:00,16.3,,8.9,290,36,4205
102,백령도,2025-05-04 15:00,15.1,,7.5,290,46,3386
102,백령도,2025-05-04 16:00,14.4,,6.7,290,54,3256
102,백령도,2025-05-04 17:00,13.8,,5.4,290,58,2550
102,백령도,2025-05-04 18:00,12.2,,3.6,320,69,2012
102,백령도,2025-05-04 19:00,11.4,,2,320,71,2135
102,백령도,2025-05-04 20:00,10.6,,1.6,290,71,2145
102,백령도,2025-05-04 21:00,10,,1.3,230,74,2467
102,백령도,2025-05-04 22:00,10.6,,2.2,230,67,2546
102,백령도,2025-05-04 23:00,12.2,,1.2,250,51,2946
102,백령도,2025-05-05 00:00,12,,.4,0,52,3079
102,백령도,2025-05-05 01:00,8.8,,3,90,86,1206
102,백령도,2025-05-05 02:00,8.7,,2.2,140,82,1132
102,백령도,2025-05-05 03:00,9.1,,1.4,110,84,1170
102,백령도,2025-05-05 04:00,9.1,,1.8,160,83,1124
102,백령도,2025-05-05 05:00,9.2,,1.4,160,85,922
102,백령도,2025-05-05 06:00,9.4,,2.5,140,88,809
102,백령도,2025-05-05 07:00,10.1,,2.4,180,88,803
102,백령도,2025-05-05 08:00,9.9,,2.6,140,89,818
102,백령도,2025-05-05 09:00,10.2,,2.7,90,87,1145
102,백령도,2025-05-05 10:00,10.5,,3.8,140,84,1364
102,백령도,2025-05-05 11:00,11.8,.1,1.9,140,79,1724
102,백령도,2025-05-05 12:00,11,0,5.1,160,81,1868
102,백령도,2025-05-05 13:00,11.9,,3.3,160,62,4143
102,백령도,2025-05-05 14:00,11.8,,3.9,160,55,4939
102,백령도,2025-05-05 15:00,11.6,,3.2,160,62,4696
102,백령도,2025-05-05 16:00,12,,2.8,110,60,3831
102,백령도,2025-05-05 17:00,11.4,,3.1,110,71,4616
102,백령도,2025-05-05 18:00,11.3,,2.5,110,72,4148
102,백령도,2025-05-05 19:00,11.4,,2.8,110,67,4577
102,백령도,2025-05-05 20:00,10.3,,2.5,110,73,4391
102,백령도,2025-05-05 21:00,10.3,,3.3,110,71,4369
102,백령도,2025-05-05 22:00,9.9,,2.4,110,72,4114
102,백령도,2025-05-05 23:00,9.2,,2,140,76,3955
102,백령도,2025-05-06 00:00,9,,2.1,140,75,4399
102,백령도,2025-05-06 01:00,9.1,,1.9,110,83,2867
102,백령도,2025-05-06 02:00,9,,2.3,110,81,2804
102,백령도,2025-05-06 03:00,8.5,,2.3,110,84,2781
102,백령도,2025-05-06 04:00,8.4,,1.8,90,79,2728
102,백령도,2025-05-06 05:00,8.4,,1.9,90,76,2389
102,백령도,2025-05-06 06:00,9.8,,2.9,70,65,3848
102,백령도,2025-05-06 07:00,11.3,,2.5,50,59,4180
102,백령도,2025-05-06 08:00,12.3,,1.5,20,57,3924
102,백령도,2025-05-06 09:00,12.6,,2,340,53,3480
102,백령도,2025-05-06 10:00,12.9,,2.4,290,55,3789
102,백령도,2025-05-06 11:00,13.2,,3.3,320,56,3645
102,백령도,2025-05-06 12:00,12,,3.7,290,64,3897
102,백령도,2025-05-06 13:00,11.7,,3.5,320,68,3478
102,백령도,2025-05-06 14:00,12.2,,4.1,320,64,2802
102,백령도,2025-05-06 15:00,12.9,,4.2,320,65,2278
102,백령도,2025-05-06 16:00,12.2,,3.5,320,72,1914
102,백령도,2025-05-06 17:00,11.6,,4.7,320,71,2629
102,백령도,2025-05-06 18:00,10.8,,3.8,320,75,2962
102,백령도,2025-05-06 19:00,10.1,,3.6,320,79,2291
102,백령도,2025-05-06 20:00,9.1,,3.3,320,86,1490
102,백령도,2025-05-06 21:00,9.2,,3.3,290,85,1446
102,백령도,2025-05-06 22:00,9.1,,3.2,340,82,1883
102,백령도,2025-05-06 23:00,8.7,,3.5,320,85,1806
102,백령도,2025-05-07 00:00,8.7,,2.6,320,84,1693
102,백령도,2025-05-07 01:00,8.8,,3.4,320,82,1859
102,백령도,2025-05-07 02:00,8.7,,3,290,84,1944
102,백령도,2025-05-07 03:00,8.6,,2.8,290,89,1349
102,백령도,2025-05-07 04:00,8.8,,2.8,290,86,1538
102,백령도,2025-05-07 05:00,9.3,,3.2,290,82,1886
102,백령도,2025-05-07 06:00,9.8,,3.7,290,78,2323
102,백령도,2025-05-07 07:00,11.1,,3.4,290,64,3356
102,백령도,2025-05-07 08:00,12.5,,3.1,320,60,3061
102,백령도,2025-05-07 09:00,12.9,,3.9,320,62,3238
102,백령도,2025-05-07 10:00,13.9,,3.5,290,61,2259
102,백령도,2025-05-07 11:00,14.6,,4.1,320,55,2222
102,백령도,2025-05-07 12:00,14.7,,3.9,320,58,2721
102,백령도,2025-05-07 13:00,14.7,,4.3,320,53,2918
102,백령도,2025-05-07 14:00,15.2,,3.9,250,51,2501
102,백령도,2025-05-07 15:00,16.7,,2.2,320,47,3611
102,백령도,2025-05-07 16:00,16.3,,1.9,320,51,3008
102,백령도,2025-05-07 17:00,16.2,,1.9,230,44,4435
102,백령도,2025-05-07 18:00,14.7,,3.3,200,50,4330
102,백령도,2025-05-07 19:00,12.5,,3.6,200,82,1667
102,백령도,2025-05-07 20:00,11.8,,4,230,89,702
102,백령도,2025-05-07 21:00,11.3,,.9,230,86,1396
102,백령도,2025-05-07 22:00,11.2,,1.9,200,92,457
102,백령도,2025-05-07 23:00,11.4,,2.1,200,93,404
102,백령도,2025-05-08 00:00,11.3,,.2,0,94,429
102,백령도,2025-05-08 01:00,9.7,,.9,110,94,403
102,백령도,2025-05-08 02:00,9.1,,2.1,110,95,152
102,백령도,2025-05-08 03:00,9,,1.9,110,96,18
102,백령도,2025-05-08 04:00,9.1,,2.7,160,96,32
102,백령도,2025-05-08 05:00,9.2,,2.5,140,96,23
102,백령도,2025-05-08 06:00,9.2,,2.5,140,96,18
102,백령도,2025-05-08 07:00,9.5,,4.4,160,96,99
102,백령도,2025-05-08 08:00,10,,4.8,140,96,33
102,백령도,2025-05-08 09:00,10.3,,4.7,140,96,647
102,백령도,2025-05-08 10:00,10.7,,5.4,140,95,1861
102,백령도,2025-05-08 11:00,10.8,,4.8,160,89,1932
102,백령도,2025-05-08 12:00,12,,5.1,160,84,2619
102,백령도,2025-05-08 13:00,11.9,,6.6,160,78,3969
102,백령도,2025-05-08 14:00,13.2,,4.7,160,72,2582
102,백령도,2025-05-08 15:00,14.6,,4.3,140,60,3178
102,백령도,2025-05-08 16:00,14.3,,4.6,180,57,3335
102,백령도,2025-05-08 17:00,14.1,,4,160,55,2764
102,백령도,2025-05-08 18:00,13.8,,3.4,160,55,2815
102,백령도,2025-05-08 19:00,12.7,,2.9,160,62,2720
102,백령도,2025-05-08 20:00,12.4,0,1.9,200,66,2093
102,백령도,2025-05-08 21:00,12.5,0,2.5,160,63,2911
102,백령도,2025-05-08 22:00,12.4,,2.8,180,63,2819
102,백령도,2025-05-08 23:00,12.6,,2.1,140,61,3300
102,백령도,2025-05-09 00:00,13,,2.4,140,57,4162
102,백령도,2025-05-09 01:00,11.2,,2.2,90,72,3170
102,백령도,2025-05-09 02:00,12.1,,.6,110,66,3629
102,백령도,2025-05-09 03:00,12.2,,1.2,110,70,3459
102,백령도,2025-05-09 04:00,13.1,,2,140,70,2592
102,백령도,2025-05-09 05:00,12.6,,2.2,110,73,1945
102,백령도,2025-05-09 06:00,12.8,0,2.8,140,65,3052
102,백령도,2025-05-09 07:00,13.3,0,1.9,110,64,3289
102,백령도,2025-05-09 08:00,11.8,.1,1.3,110,83,1514
102,백령도,2025-05-09 09:00,11.5,.9,2,70,82,1005
102,백령도,2025-05-09 10:00,11.9,1.7,4.1,50,80,1514
102,백령도,2025-05-09 11:00,11.9,.9,2.7,70,89,887
102,백령도,2025-05-09 12:00,11.9,1.7,3.4,70,91,601
102,백령도,2025-05-09 13:00,11.7,3,5,70,92,464
102,백령도,2025-05-09 14:00,11.3,1.9,5.2,50,93,501
102,백령도,2025-05-09 15:00,11.9,2.8,5.6,70,94,380
102,백령도,2025-05-09 16:00,12,3.4,5.5,70,95,275
102,백령도,2025-05-09 17:00,12.3,2.5,5.7,70,95,338
102,백령도,2025-05-09 18:00,12.4,.9,5.2,70,95,412
102,백령도,2025-05-09 19:00,12.3,.4,3.9,70,95,1007
102,백령도,2025-05-09 20:00,12.7,.2,2.2,20,94,1860
102,백령도,2025-05-09 21:00,11.5,.2,4.5,360,94,540
102,백령도,2025-05-09 22:00,11.2,1.2,5.2,360,95,255
102,백령도,2025-05-09 23:00,11.1,.4,6.2,360,95,441
102,백령도,2025-05-10 00:00,10.7,0,5.9,340,95,960
102,백령도,2025-05-10 01:00,10.5,,5.9,340,95,811
102,백령도,2025-05-10 02:00,10.1,,4.9,320,95,319
102,백령도,2025-05-10 03:00,9.9,,6.4,320,96,208
102,백령도,2025-05-10 04:00,9.9,0,7.1,320,96,340
102,백령도,2025-05-10 05:00,10,.1,5.4,320,96,177
102,백령도,2025-05-10 06:00,10,.1,5.4,290,96,109
102,백령도,2025-05-10 07:00,9.9,0,4.5,290,96,47
102,백령도,2025-05-10 08:00,10,.2,6.3,290,96,89
102,백령도,2025-05-10 09:00,10.3,.5,6,320,96,94
102,백령도,2025-05-10 10:00,10.4,.2,7.3,290,96,143
102,백령도,2025-05-10 11:00,10,.1,7.9,320,95,143
102,백령도,2025-05-10 12:00,10.1,0,8.6,320,95,186
102,백령도,2025-05-10 13:00,10.5,0,6.6,320,95,192
102,백령도,2025-05-10 14:00,11,0,6.5,290,90,367
102,백령도,2025-05-10 15:00,12.5,,7.6,320,81,699
102,백령도,2025-05-10 16:00,13.7,,6.5,320,74,942
102,백령도,2025-05-10 17:00,13.7,,6,290,71,1075
102,백령도,2025-05-10 18:00,13.1,,6.7,320,72,1313
102,백령도,2025-05-10 19:00,12.7,,5.8,320,73,1470
102,백령도,2025-05-10 20:00,12.7,,4.2,290,73,1747
102,백령도,2025-05-10 21:00,12.7,,3.9,290,71,1844
102,백령도,2025-05-10 22:00,12.2,,3.8,290,74,1756
102,백령도,2025-05-10 23:00,12.8,,4.4,290,68,2110
102,백령도,2025-05-11 00:00,12.5,,4.3,290,67,2412
102,백령도,2025-05-11 01:00,13.2,,4.3,320,61,2975
102,백령도,2025-05-11 02:00,13.3,,3.3,320,60,2896
102,백령도,2025-05-11 03:00,12.9,,2.8,290,62,2949
102,백령도,2025-05-11 04:00,13.5,,1.9,320,61,3529
102,백령도,2025-05-11 05:00,11.3,,1.6,340,73,2400
102,백령도,2025-05-11 06:00,11.1,,1.9,320,76,2072
102,백령도,2025-05-11 07:00,11.5,,2,320,78,1664
102,백령도,2025-05-11 08:00,12.9,,2.2,320,74,1536
102,백령도,2025-05-11 09:00,13.1,,.6,360,74,1580
102,백령도,2025-05-11 10:00,13.2,,2.1,180,76,1558
102,백령도,2025-05-11 11:00,13.3,,4,180,74,1684
102,백령도,2025-05-11 12:00,14.2,,5.1,180,71,2231
102,백령도,2025-05-11 13:00,15.7,,3.8,180,62,3312
102,백령도,2025-05-11 14:00,16.2,,2.5,140,62,2034
102,백령도,2025-05-11 15:00,14.8,,2.9,230,67,2161
102,백령도,2025-05-11 16:00,15.3,,2.5,200,65,1709
102,백령도,2025-05-11 17:00,15.7,,2.9,180,64,1522
102,백령도,2025-05-11 18:00,15.1,,2.7,200,65,1007
102,백령도,2025-05-11 19:00,14,,1.6,180,70,803
102,백령도,2025-05-11 20:00,13,,1.9,200,71,844
102,백령도,2025-05-11 21:00,12.7,,1.4,200,68,1169
102,백령도,2025-05-11 22:00,12.1,,2.9,200,72,943
102,백령도,2025-05-11 23:00,10.9,,2,110,82,665
102,백령도,2025-05-12 00:00,10.3,,2.2,90,83,711
102,백령도,2025-05-12 01:00,10.7,,1.9,110,83,865
102,백령도,2025-05-12 02:00,10.6,,1.8,110,83,711
102,백령도,2025-05-12 03:00,9.7,,2.3,110,90,323
102,백령도,2025-05-12 04:00,9.3,,2.2,110,92,194
102,백령도,2025-05-12 05:00,10.6,,3.6,160,90,228
102,백령도,2025-05-12 06:00,10.6,,4.9,140,92,208
102,백령도,2025-05-12 07:00,11.3,,4.7,140,90,260
102,백령도,2025-05-12 08:00,12,,5.9,160,86,400
102,백령도,2025-05-12 09:00,12.6,,7,160,84,454
102,백령도,2025-05-12 10:00,13.7,,7.1,140,79,553
102,백령도,2025-05-12 11:00,15,,6.6,140,73,726
102,백령도,2025-05-12 12:00,14.9,,8.1,160,73,787
102,백령도,2025-05-12 13:00,14.6,,8.1,140,75,756
102,백령도,2025-05-12 14:00,12.8,,7.3,160,82,709
102,백령도,2025-05-12 15:00,12.3,,8,160,86,665
102,백령도,2025-05-12 16:00,12.2,,7.2,160,87,605
102,백령도,2025-05-12 17:00,12.3,,8,140,87,573
102,백령도,2025-05-12 18:00,12.3,,8.3,140,87,514
102,백령도,2025-05-12 19:00,12.1,,7.1,140,90,405
102,백령도,2025-05-12 20:00,11.9,,7,140,91,364
102,백령도,2025-05-12 21:00,11.6,,6.2,140,93,299
102,백령도,2025-05-12 22:00,11.8,,6.4,140,92,384
102,백령도,2025-05-12 23:00,11.6,,5.9,140,92,367
102,백령도,2025-05-13 00:00,11.6,,6.6,140,91,389
102,백령도,2025-05-13 01:00,11.7,,5.7,140,90,441
102,백령도,2025-05-13 02:00,12.3,,4.9,160,87,571
102,백령도,2025-05-13 03:00,13.7,,4.4,180,78,883
102,백령도,2025-05-13 04:00,13.6,,4,140,75,1011
102,백령도,2025-05-13 05:00,13.2,,4.3,140,77,950
102,백령도,2025-05-13 06:00,16.3,,6,180,60,1673
102,백령도,2025-05-13 07:00,13.4,,3.1,140,77,1096
102,백령도,2025-05-13 08:00,14.3,,4.2,140,72,1464
102,백령도,2025-05-13 09:00,15.6,,4.6,140,68,1661
102,백령도,2025-05-13 10:00,16.7,,4,140,64,2065
102,백령도,2025-05-13 11:00,17.9,,3.5,160,60,1790
102,백령도,2025-05-13 12:00,16.7,,4.1,160,64,2139
102,백령도,2025-05-13 13:00,15.4,,4.6,160,66,1894
102,백령도,2025-05-13 14:00,16.3,,4.7,160,64,1838
102,백령도,2025-05-13 15:00,17.2,,4.1,140,61,1904
102,백령도,2025-05-13 16:00,16.9,,4,160,60,2107
102,백령도,2025-05-13 17:00,16.3,,4.4,140,62,2120
102,백령도,2025-05-13 18:00,15,,4.3,140,65,1953
102,백령도,2025-05-13 19:00,16.8,,5.3,180,54,1877
102,백령도,2025-05-13 20:00,13,,4.6,140,78,1436
102,백령도,2025-05-13 21:00,12.3,,5.8,140,85,1163
102,백령도,2025-05-13 22:00,12.9,,7.5,160,86,1132
102,백령도,2025-05-13 23:00,12.8,,6.3,160,87,967
102,백령도,2025-05-14 00:00,13.8,,6.1,160,87,1091
102,백령도,2025-05-14 01:00,13.2,,5.9,160,87,1034
102,백령도,2025-05-14 02:00,12.7,,5.9,160,90,826
102,백령도,2025-05-14 03:00,13.4,,7.6,160,86,1219
102,백령도,2025-05-14 04:00,13.8,,6.5,180,83,1405
102,백령도,2025-05-14 05:00,14,,6.2,160,80,1609
102,백령도,2025-05-14 06:00,12.7,,6.2,160,84,1253
102,백령도,2025-05-14 07:00,13.1,,4.4,160,82,1527
102,백령도,2025-05-14 08:00,13.7,,5.2,140,81,1496
102,백령도,2025-05-14 09:00,14.8,,4.8,160,75,1658
102,백령도,2025-05-14 10:00,15.5,,5.8,160,71,1918
102,백령도,2025-05-14 11:00,16.2,,6.2,160,69,1725
102,백령도,2025-05-14 12:00,15.7,,6.8,160,71,1927
102,백령도,2025-05-14 13:00,15.8,,8.4,160,71,1620
102,백령도,2025-05-14 14:00,15.4,,8.2,160,72,1619
102,백령도,2025-05-14 15:00,14.4,,7.1,160,78,1447
102,백령도,2025-05-14 16:00,14.5,,7.8,160,78,1495
102,백령도,2025-05-14 17:00,15.1,,9.4,160,78,1655
102,백령도,2025-05-14 18:00,14.7,,6.3,160,83,1373
102,백령도,2025-05-14 19:00,14.4,,2.3,160,87,1037
102,백령도,2025-05-14 20:00,14.1,,3.6,200,90,556
102,백령도,2025-05-14 21:00,13.5,,2.8,180,90,678
102,백령도,2025-05-14 22:00,13.3,.4,3.7,180,95,45
102,백령도,2025-05-14 23:00,13,2.8,1,180,95,94
102,백령도,2025-05-15 00:00,13.9,6,3.3,250,95,488
102,백령도,2025-05-15 01:00,13.7,5.3,1.4,230,95,572
102,백령도,2025-05-15 02:00,13.1,.9,2.7,200,95,25
102,백령도,2025-05-15 03:00,11.8,0,3.7,320,96,14
102,백령도,2025-05-15 04:00,11.7,,.9,320,96,14
102,백령도,2025-05-15 05:00,12.3,,1.1,290,96,21
102,백령도,2025-05-15 06:00,13,,1.1,290,96,55
102,백령도,2025-05-15 07:00,13.5,,1.2,290,96,368
102,백령도,2025-05-15 08:00,13.6,,4,320,96,530
102,백령도,2025-05-15 09:00,11.4,,5.1,340,96,26
102,백령도,2025-05-15 10:00,11.1,,5.3,320,96,26
102,백령도,2025-05-15 11:00,11.3,,2.6,290,95,273
102,백령도,2025-05-15 12:00,14.1,,2.8,320,85,2233
102,백령도,2025-05-15 13:00,15.1,,3.1,290,84,1943
102,백령도,2025-05-15 14:00,15.9,,3,320,80,2021
102,백령도,2025-05-15 15:00,12.7,,4.3,320,86,603
102,백령도,2025-05-15 16:00,11.9,,4.2,320,92,102
102,백령도,2025-05-15 17:00,13.9,,2.5,320,81,1789
102,백령도,2025-05-15 18:00,12.6,,2.1,290,84,1442
102,백령도,2025-05-15 19:00,10.3,,.8,320,95,28
102,백령도,2025-05-15 20:00,9.8,,.2,0,96,31
102,백령도,2025-05-15 21:00,10,,.8,180,96,17
102,백령도,2025-05-15 22:00,9,,2,140,96,23
102,백령도,2025-05-15 23:00,8.9,,2.9,160,96,32
102,백령도,2025-05-16 00:00,10.2,,3.1,140,96,23
102,백령도,2025-05-16 01:00,10.9,,3.2,160,97,31
102,백령도,2025-05-16 02:00,11.1,,2.7,140,97,21
102,백령도,2025-05-16 03:00,12.2,,2.4,110,97,20
102,백령도,2025-05-16 04:00,12.7,,3.8,110,96,20
102,백령도,2025-05-16 05:00,12.7,,4.2,110,96,20
102,백령도,2025-05-16 06:00,13,,3.3,110,96,27
102,백령도,2025-05-16 07:00,13.7,.1,3.2,110,96,19
102,백령도,2025-05-16 08:00,14.3,.1,3.8,110,96,16
102,백령도,2025-05-16 09:00,15.7,.2,4.4,140,96,30
102,백령도,2025-05-16 10:00,15,.1,7.3,140,96,34
102,백령도,2025-05-16 11:00,15.2,.1,5.1,160,96,60
102,백령도,2025-05-16 12:00,14,0,4.2,160,96,56
102,백령도,2025-05-16 13:00,13.8,0,2.2,160,96,39
102,백령도,2025-05-16 14:00,13.7,0,2.8,140,96,52
102,백령도,2025-05-16 15:00,15.1,0,3,180,96,113
102,백령도,2025-05-16 16:00,16.1,,3.5,180,96,1988
102,백령도,2025-05-16 17:00,14.2,,4.3,160,96,1170
102,백령도,2025-05-16 18:00,15.2,,2.9,180,92,2137
102,백령도,2025-05-16 19:00,14.6,,1.5,110,90,1562
102,백령도,2025-05-16 20:00,14.4,,2.3,110,95,959
102,백령도,2025-05-16 21:00,15.5,,5.1,140,88,3579
102,백령도,2025-05-16 22:00,15.3,,2.6,140,89,3351
102,백령도,2025-05-16 23:00,15.2,,2.6,140,93,1474
102,백령도,2025-05-17 00:00,15.4,,2.9,160,93,1536
102,백령도,2025-05-17 01:00,14.3,,2.9,200,92,1060
102,백령도,2025-05-17 02:00,14.9,,2.1,180,95,419
102,백령도,2025-05-17 03:00,15.2,,2,200,95,923
102,백령도,2025-05-17 04:00,14.9,,2.4,230,96,21
102,백령도,2025-05-17 05:00,13.5,,2.7,200,96,24
102,백령도,2025-05-17 06:00,13.9,,2.1,200,96,218
102,백령도,2025-05-17 07:00,12.7,,3.3,180,96,41
102,백령도,2025-05-17 08:00,11.8,,3.8,180,96,48
102,백령도,2025-05-17 09:00,12.9,,4,200,96,250
102,백령도,2025-05-17 10:00,14.8,,4.4,180,89,3032
102,백령도,2025-05-17 11:00,15.7,,5.5,200,88,3558
102,백령도,2025-05-17 12:00,14.5,,6.1,180,93,1709
102,백령도,2025-05-17 13:00,15.1,,4,200,93,3232
102,백령도,2025-05-17 14:00,14.4,,6.9,230,93,1465
102,백령도,2025-05-17 15:00,14.6,,7.7,270,90,816
102,백령도,2025-05-17 16:00,13.8,,7.7,320,89,490
102,백령도,2025-05-17 17:00,13.3,,5.1,320,84,1169
102,백령도,2025-05-17 18:00,12.6,,5.5,320,81,1604
102,백령도,2025-05-17 19:00,11.7,,5.5,320,87,1001
102,백령도,2025-05-17 20:00,11.3,,6.8,320,83,1676
102,백령도,2025-05-17 21:00,10.9,,5.9,340,79,1918
102,백령도,2025-05-17 22:00,10.5,,5.5,320,80,1758
102,백령도,2025-05-17 23:00,10.3,,4.4,320,80,2137
102,백령도,2025-05-18 00:00,10.3,,3.5,340,79,2382
102,백령도,2025-05-18 01:00,10.3,,5,340,76,2379
102,백령도,2025-05-18 02:00,10.7,,5.6,340,72,2638
102,백령도,2025-05-18 03:00,10.6,,3.7,320,70,2724
102,백령도,2025-05-18 04:00,9.5,,3.3,290,82,2321
102,백령도,2025-05-18 05:00,9.1,,3.9,320,84,1960
102,백령도,2025-05-18 06:00,9.6,,3,290,87,1708
102,백령도,2025-05-18 07:00,11.2,,1.7,290,82,2532
102,백령도,2025-05-18 08:00,13.1,,1.1,270,68,2760
102,백령도,2025-05-18 09:00,15.1,,2.6,290,55,2525
102,백령도,2025-05-18 10:00,16.3,,4.3,320,41,2263
102,백령도,2025-05-18 11:00,17.3,,4.8,250,36,3490
102,백령도,2025-05-18 12:00,17.7,,6.2,250,35,3699
102,백령도,2025-05-18 13:00,18,,6.2,270,36,3717
102,백령도,2025-05-18 14:00,19.1,,4.5,290,31,3730
102,백령도,2025-05-18 15:00,17.9,,5.1,270,39,3189
102,백령도,2025-05-18 16:00,17.3,,5.3,270,43,3187
102,백령도,2025-05-18 17:00,17.2,,4,250,45,2745
102,백령도,2025-05-18 18:00,14.6,,4.3,200,67,2058
102,백령도,2025-05-18 19:00,14.1,,2.6,230,64,2606
102,백령도,2025-05-18 20:00,12.8,,3.7,200,77,1910
102,백령도,2025-05-18 21:00,13,,4.2,230,75,2271
102,백령도,2025-05-18 22:00,13.1,,3.7,230,79,1969
102,백령도,2025-05-18 23:00,13.1,,4.1,230,77,2480
102,백령도,2025-05-19 00:00,13.4,,2.8,230,70,3047
102,백령도,2025-05-19 01:00,12.8,,2.3,180,65,3182
102,백령도,2025-05-19 02:00,11.9,,2.7,140,82,2123
102,백령도,2025-05-19 03:00,12,,3.6,140,78,2790
102,백령도,2025-05-19 04:00,12,,3.7,140,77,2967
102,백령도,2025-05-19 05:00,12.3,,6,160,72,2609
102,백령도,2025-05-19 06:00,11.5,,4.8,140,85,1935
102,백령도,2025-05-19 07:00,11.5,,6.5,140,90,1150
102,백령도,2025-05-19 08:00,12.2,,6.9,140,80,1941
102,백령도,2025-05-19 09:00,13.6,,6.8,160,68,2663
102,백령도,2025-05-19 10:00,13.8,,8,160,66,3089
102,백령도,2025-05-19 11:00,13.7,,8.2,180,68,2694
102,백령도,2025-05-19 12:00,13.6,,7.4,160,74,2556
102,백령도,2025-05-19 13:00,13.5,,5.8,160,79,2161
102,백령도,2025-05-19 14:00,13.4,,6.3,160,88,1126
102,백령도,2025-05-19 15:00,13.1,,5.3,160,94,122
102,백령도,2025-05-19 16:00,13.1,,6.5,160,95,66
102,백령도,2025-05-19 17:00,12.9,,6.8,160,96,71
102,백령도,2025-05-19 18:00,12.7,,4.9,160,96,46
102,백령도,2025-05-19 19:00,12.6,0,6.4,160,96,52
102,백령도,2025-05-19 20:00,12.4,0,2.3,110,96,26
102,백령도,2025-05-19 21:00,12.2,.2,3,140,96,25
102,백령도,2025-05-19 22:00,12.2,.1,2.7,110,96,21
102,백령도,2025-05-19 23:00,12.7,0,5,140,96,21
102,백령도,2025-05-20 00:00,13,0,4.8,140,96,24
102,백령도,2025-05-20 01:00,12.9,0,4.7,140,96,21
102,백령도,2025-05-20 02:00,12.7,0,4.9,140,96,23
102,백령도,2025-05-20 03:00,13,0,6,140,96,24
102,백령도,2025-05-20 04:00,12.7,0,5.6,140,96,22
102,백령도,2025-05-20 05:00,12.8,0,4.1,140,96,21
102,백령도,2025-05-20 06:00,13,0,3.9,140,96,21
102,백령도,2025-05-20 07:00,13.1,0,4.5,140,96,25
102,백령도,2025-05-20 08:00,12.7,0,5.5,140,96,26
102,백령도,2025-05-20 09:00,13.1,,6.4,140,96,56
102,백령도,2025-05-20 10:00,13,,6.8,140,96,92
102,백령도,2025-05-20 11:00,13.8,,5.9,140,96,92
102,백령도,2025-05-20 12:00,14.2,,6.2,140,96,305
102,백령도,2025-05-20 13:00,15.6,,6.1,160,95,999
102,백령도,2025-05-20 14:00,15.6,,6.2,160,90,1594
102,백령도,2025-05-20 15:00,15.2,,5.6,160,91,832
102,백령도,2025-05-20 16:00,14.7,,6.3,160,92,357
102,백령도,2025-05-20 17:00,14.3,,4.8,160,93,433
102,백령도,2025-05-20 18:00,14.2,,6.4,160,94,224
102,백령도,2025-05-20 19:00,13.7,,5.9,160,96,90
102,백령도,2025-05-20 20:00,13.7,,7.3,160,96,74
102,백령도,2025-05-20 21:00,14.3,,5.6,160,96,84
102,백령도,2025-05-20 22:00,14.4,,4.9,140,96,46
102,백령도,2025-05-20 23:00,15.4,0,6.2,160,96,97
102,백령도,2025-05-21 00:00,15.2,.2,4.1,140,96,41
102,백령도,2025-05-21 01:00,16.2,.2,5.2,160,96,175
102,백령도,2025-05-21 02:00,16.5,.3,7.1,180,96,120
102,백령도,2025-05-21 03:00,14.3,0,2.8,140,96,26
102,백령도,2025-05-21 04:00,14.5,0,5.1,160,96,46
102,백령도,2025-05-21 05:00,14.2,0,4.4,160,96,30
102,백령도,2025-05-21 06:00,14,0,5.1,140,96,33
102,백령도,2025-05-21 07:00,14.7,0,3.5,160,96,49
102,백령도,2025-05-21 08:00,14.5,.1,2.7,110,96,26
102,백령도,2025-05-21 09:00,15.6,.3,3.7,140,96,33
102,백령도,2025-05-21 10:00,16.2,.2,3.4,140,97,169
102,백령도,2025-05-21 11:00,15.8,0,3.9,140,97,100
102,백령도,2025-05-21 12:00,16.3,0,3.4,160,97,147
102,백령도,2025-05-21 13:00,16.7,0,3.1,160,97,144
102,백령도,2025-05-21 14:00,16.9,0,2.4,160,97,160
102,백령도,2025-05-21 15:00,16.6,0,3.4,160,97,100
102,백령도,2025-05-21 16:00,17,0,5.7,160,97,150
102,백령도,2025-05-21 17:00,16.6,0,.7,180,97,100
102,백령도,2025-05-21 18:00,17.2,0,1.4,250,97,34
102,백령도,2025-05-21 19:00,17.8,0,1.7,270,97,70
102,백령도,2025-05-21 20:00,16.1,0,1.8,320,97,47
102,백령도,2025-05-21 21:00,15.6,0,2.3,320,97,43
102,백령도,2025-05-21 22:00,16,,1.6,320,97,605
102,백령도,2025-05-21 23:00,14.8,,.9,290,97,49
102,백령도,2025-05-22 00:00,15.9,,.8,270,97,2029
102,백령도,2025-05-22 01:00,13,,6,320,97,26
102,백령도,2025-05-22 02:00,13.7,,3.7,320,97,30
102,백령도,2025-05-22 03:00,14.3,,5.6,340,97,26
102,백령도,2025-05-22 04:00,14.7,,3.6,340,97,40
102,백령도,2025-05-22 05:00,14.4,,4.5,340,97,24
102,백령도,2025-05-22 06:00,13.8,,5.3,340,97,189
102,백령도,2025-05-22 07:00,14.5,,3.8,340,96,2307
102,백령도,2025-05-22 08:00,14.9,,5,340,87,2670
102,백령도,2025-05-22 09:00,16.2,,5.9,360,70,1705
102,백령도,2025-05-22 10:00,17.4,,5.2,360,58,1468
102,백령도,2025-05-22 11:00,17.8,,7.2,360,52,1561
102,백령도,2025-05-22 12:00,18,,6.9,360,52,1886
102,백령도,2025-05-22 13:00,18.6,,5.6,360,53,1692
102,백령도,2025-05-22 14:00,18.5,,6.5,360,48,2092
102,백령도,2025-05-22 15:00,19.3,,5.9,340,43,2652
102,백령도,2025-05-22 16:00,17.7,,4.6,340,50,1962
102,백령도,2025-05-22 17:00,17.7,,6.5,340,45,2344
102,백령도,2025-05-22 18:00,16.9,,4.7,360,49,2409
102,백령도,2025-05-22 19:00,16.4,,2.9,360,49,2197
102,백령도,2025-05-22 20:00,17.8,,3.3,360,41,2203
102,백령도,2025-05-22 21:00,16,,2.8,340,49,2107
102,백령도,2025-05-22 22:00,16.7,,4.2,360,43,2200
102,백령도,2025-05-22 23:00,16.7,,3.5,340,42,2073
102,백령도,2025-05-23 00:00,16.4,,3,320,44,2033
102,백령도,2025-05-23 01:00,16,,2,320,46,1858
102,백령도,2025-05-23 02:00,15.9,,1.4,320,47,1743
102,백령도,2025-05-23 03:00,17.3,,.7,50,41,1752
102,백령도,2025-05-23 04:00,14.2,,2,290,62,1583
102,백령도,2025-05-23 05:00,16.1,,1.9,90,50,1754
102,백령도,2025-05-23 06:00,15.9,,3.2,110,63,1689
102,백령도,2025-05-23 07:00,15.9,,6.1,110,85,1660
102,백령도,2025-05-23 08:00,16,,5.5,110,80,1976
102,백령도,2025-05-23 09:00,16.4,0,5.1,110,75,2455
102,백령도,2025-05-23 10:00,17.1,0,6.5,140,70,3379
102,백령도,2025-05-23 11:00,15.8,,5.7,160,81,2310
102,백령도,2025-05-23 12:00,14.4,0,4.4,110,93,578
102,백령도,2025-05-23 13:00,14.1,.3,3.7,110,95,128
102,백령도,2025-05-23 14:00,14.1,.5,3.2,110,96,59
102,백령도,2025-05-23 15:00,12.8,7.4,4.1,70,96,314
102,백령도,2025-05-23 16:00,12.7,4.8,3,70,95,533
102,백령도,2025-05-23 17:00,13,4.7,1.7,20,94,477
102,백령도,2025-05-23 18:00,12.2,2.5,4.6,50,93,775
102,백령도,2025-05-23 19:00,12.2,1.1,4,50,92,579
102,백령도,2025-05-23 20:00,12,1.1,4.7,50,93,1290
102,백령도,2025-05-23 21:00,11.9,.2,2.2,20,93,1000
102,백령도,2025-05-23 22:00,12,0,2.5,70,92,1442
102,백령도,2025-05-23 23:00,11.8,0,2.4,90,93,867
102,백령도,2025-05-24 00:00,12.1,,2.2,90,91,1344
102,백령도,2025-05-24 01:00,12.5,,1.9,20,90,1704
102,백령도,2025-05-24 02:00,12,,2.3,320,93,948
102,백령도,2025-05-24 03:00,11.9,,2.2,340,93,910
102,백령도,2025-05-24 04:00,12.4,,1.3,360,89,1994
102,백령도,2025-05-24 05:00,11.7,0,3.3,50,93,434
102,백령도,2025-05-24 06:00,11.4,.2,4.5,50,96,227
102,백령도,2025-05-24 07:00,11.5,0,3.6,50,96,266
102,백령도,2025-05-24 08:00,11.8,.2,4.1,70,94,893
102,백령도,2025-05-24 09:00,12.2,,3.4,70,92,1299
102,백령도,2025-05-24 10:00,12.4,,2.2,360,90,1498
102,백령도,2025-05-24 11:00,13,,2.6,50,86,1989
102,백령도,2025-05-24 12:00,13.2,0,2.4,50,90,962
102,백령도,2025-05-24 13:00,13.4,.2,1.8,340,90,2233
102,백령도,2025-05-24 14:00,14.8,0,3.1,360,84,2055
102,백령도,2025-05-24 15:00,15.3,,2.7,360,76,2602
102,백령도,2025-05-24 16:00,15.8,,3.8,340,74,2764
102,백령도,2025-05-24 17:00,14.9,,3.4,340,76,2367
102,백령도,2025-05-24 18:00,13.2,,3.7,290,80,2401
102,백령도,2025-05-24 19:00,13,,4.7,340,80,2155
102,백령도,2025-05-24 20:00,11.6,,3.4,320,85,1959
102,백령도,2025-05-24 21:00,11.5,,2.9,340,83,2787
102,백령도,2025-05-24 22:00,11.2,,3.9,320,86,1829
102,백령도,2025-05-24 23:00,11.1,,3.8,320,90,1157
102,백령도,2025-05-25 00:00,11,,3,320,93,878
102,백령도,2025-05-25 01:00,11.3,,2,320,91,1174
102,백령도,2025-05-25 02:00,11.4,,2.8,320,87,1842
102,백령도,2025-05-25 03:00,11.6,,1.3,320,90,1361
102,백령도,2025-05-25 04:00,12.3,,1.2,270,92,1168
102,백령도,2025-05-25 05:00,11.5,,0,0,92,1044
102,백령도,2025-05-25 06:00,10.5,,1.6,180,94,283
102,백령도,2025-05-25 07:00,12,,1.6,180,91,763
102,백령도,2025-05-25 08:00,14,,.8,200,78,2562
102,백령도,2025-05-25 09:00,14.9,,2.6,180,80,1813
102,백령도,2025-05-25 10:00,16,,3,200,73,1852
102,백령도,2025-05-25 11:00,17.2,,2.7,180,69,1693
102,백령도,2025-05-25 12:00,17.9,,2.8,200,69,1583
102,백령도,2025-05-25 13:00,18.6,,1.5,110,70,1635
102,백령도,2025-05-25 14:00,18,,2.2,200,70,1207
102,백령도,2025-05-25 15:00,18.1,,2.7,180,69,1169
102,백령도,2025-05-25 16:00,19,,1.6,200,63,1455
102,백령도,2025-05-25 17:00,18.6,,1.7,340,67,1641
102,백령도,2025-05-25 18:00,18.3,,1.1,270,69,1156
102,백령도,2025-05-25 19:00,16.4,,.7,110,74,1178
102,백령도,2025-05-25 20:00,13.9,,1,180,88,413
102,백령도,2025-05-25 21:00,12.9,,.6,90,91,348
102,백령도,2025-05-25 22:00,12.9,,.8,230,91,389
102,백령도,2025-05-25 23:00,12.2,,.7,50,91,429
102,백령도,2025-05-26 00:00,9.7,,1.3,90,96,10
102,백령도,2025-05-26 01:00,9.8,,2.2,110,97,21
102,백령도,2025-05-26 02:00,10.9,,2.2,110,97,21
102,백령도,2025-05-26 03:00,10.8,,1.8,110,97,11
102,백령도,2025-05-26 04:00,11,,2.3,140,97,14
102,백령도,2025-05-26 05:00,10.8,,2.5,110,97,14
102,백령도,2025-05-26 06:00,11.7,,3.4,140,97,15
102,백령도,2025-05-26 07:00,12.3,,2.8,140,97,15
102,백령도,2025-05-26 08:00,12.7,,3.1,140,97,21
102,백령도,2025-05-26 09:00,13.1,,2.3,140,97,206
102,백령도,2025-05-26 10:00,14.1,,5.1,140,96,596
102,백령도,2025-05-26 11:00,16.8,,5.1,140,79,1357
102,백령도,2025-05-26 12:00,18.3,,5.2,140,73,1766
102,백령도,2025-05-26 13:00,18.4,,5.3,160,71,2406
102,백령도,2025-05-26 14:00,18.1,,5.1,180,71,2729
102,백령도,2025-05-26 15:00,16.7,,5.8,180,76,1753
102,백령도,2025-05-26 16:00,17,,6.7,160,77,1821
102,백령도,2025-05-26 17:00,16.5,,4.7,180,78,1042
102,백령도,2025-05-26 18:00,16.1,,3.5,180,79,1031
102,백령도,2025-05-26 19:00,14.7,,1.8,200,87,601
102,백령도,2025-05-26 20:00,13.9,,3.2,160,92,254
102,백령도,2025-05-26 21:00,13.3,,1,140,95,169
102,백령도,2025-05-26 22:00,13.1,,2,140,95,121
102,백령도,2025-05-26 23:00,12.6,,1.6,110,96,102
102,백령도,2025-05-27 00:00,13.1,,1.1,200,96,92
102,백령도,2025-05-27 01:00,12.4,,2,180,97,11
102,백령도,2025-05-27 02:00,12.3,,2.5,140,97,13
102,백령도,2025-05-27 03:00,12.4,,1.7,160,97,19
102,백령도,2025-05-27 04:00,12.5,,2.4,140,97,11
102,백령도,2025-05-27 05:00,10.8,,2.1,140,97,23
102,백령도,2025-05-27 06:00,12.1,,4.4,140,97,13
102,백령도,2025-05-27 07:00,12.5,,3.6,140,97,12
102,백령도,2025-05-27 08:00,12.8,,3.5,140,97,14
102,백령도,2025-05-27 09:00,12.9,,3.5,160,97,23
102,백령도,2025-05-27 10:00,14.3,,4.6,140,97,284
102,백령도,2025-05-27 11:00,15.4,,4.2,140,94,772
102,백령도,2025-05-27 12:00,15.2,0,4.5,140,92,582
102,백령도,2025-05-27 13:00,17.1,,2.6,180,80,1333
102,백령도,2025-05-27 14:00,14.9,,4.6,340,79,1161
102,백령도,2025-05-27 15:00,19,,.4,0,66,1489
102,백령도,2025-05-27 16:00,14.9,,4.2,180,84,1650
102,백령도,2025-05-27 17:00,15.2,0,2.8,180,83,1319
102,백령도,2025-05-27 18:00,14.6,,2.8,180,86,1772
102,백령도,2025-05-27 19:00,15.4,,1.6,320,86,870
102,백령도,2025-05-27 20:00,13.1,,2,320,90,909
102,백령도,2025-05-27 21:00,13.6,,1,230,92,791
102,백령도,2025-05-27 22:00,13.9,,.3,0,90,533
102,백령도,2025-05-27 23:00,14.7,,1.5,160,83,901
102,백령도,2025-05-28 00:00,12.6,,1.9,70,93,573
102,백령도,2025-05-28 01:00,13.2,,1.9,90,93,497
102,백령도,2025-05-28 02:00,13.7,,1,140,90,480
102,백령도,2025-05-28 03:00,14.2,,.4,0,88,690
102,백령도,2025-05-28 04:00,14.8,,1.5,90,85,725
102,백령도,2025-05-28 05:00,14.9,,1.1,90,89,661
102,백령도,2025-05-28 06:00,15.4,,.2,0,85,803
102,백령도,2025-05-28 07:00,14.8,,2,90,87,898
102,백령도,2025-05-28 08:00,16.1,,1.8,110,85,982
102,백령도,2025-05-28 09:00,18,,2.1,140,70,1531
102,백령도,2025-05-28 10:00,19.1,,2.4,160,64,2271
102,백령도,2025-05-28 11:00,18,,2.8,180,71,1534
102,백령도,2025-05-28 12:00,19.1,,4.6,200,66,1310
102,백령도,2025-05-28 13:00,20.3,,4.3,200,54,2922
102,백령도,2025-05-28 14:00,21.1,,3.3,180,51,3317
102,백령도,2025-05-28 15:00,21.2,,2.9,250,54,3921
102,백령도,2025-05-28 16:00,19.6,,1.8,90,61,2661
102,백령도,2025-05-28 17:00,21.5,,1,320,51,3019
102,백령도,2025-05-28 18:00,20.2,,1.7,200,51,3358
102,백령도,2025-05-28 19:00,19.2,,1,230,54,3214
102,백령도,2025-05-28 20:00,16.1,,1,180,72,2533
102,백령도,2025-05-28 21:00,14.7,,.4,0,77,2537
102,백령도,2025-05-28 22:00,15.4,,1.3,200,75,2398
102,백령도,2025-05-28 23:00,14.9,,1,180,75,1984
102,백령도,2025-05-29 00:00,14.5,,1.1,110,75,2697
102,백령도,2025-05-29 01:00,13.3,,1.7,90,83,1977
102,백령도,2025-05-29 02:00,13.5,,2,110,80,2035
102,백령도,2025-05-29 03:00,14.1,,2.1,90,79,1995
102,백령도,2025-05-29 04:00,13.7,,2.3,90,87,1385
102,백령도,2025-05-29 05:00,13.6,,2.2,90,87,1276
102,백령도,2025-05-29 06:00,13.2,,2,90,82,1603
102,백령도,2025-05-29 07:00,14.4,,1.4,140,81,1859
102,백령도,2025-05-29 08:00,17.6,,1,110,70,2159
102,백령도,2025-05-29 09:00,19,,1.7,180,55,2624
102,백령도,2025-05-29 10:00,20.8,,1.7,180,39,3665
102,백령도,2025-05-29 11:00,22.4,,1.3,200,36,3258
102,백령도,2025-05-29 12:00,22.4,,1.8,200,39,4503
102,백령도,2025-05-29 13:00,22.7,,1.6,70,33,4012
102,백령도,2025-05-29 14:00,23,,1.2,340,29,4697
102,백령도,2025-05-29 15:00,22.5,,1.6,70,32,4309
102,백령도,2025-05-29 16:00,21.5,,1.8,340,34,3869
102,백령도,2025-05-29 17:00,21.1,,2.6,320,34,4276
102,백령도,2025-05-29 18:00,20.3,,1.4,320,37,4096
102,백령도,2025-05-29 19:00,19,,1.1,290,42,4125
102,백령도,2025-05-29 20:00,17.6,,.7,180,46,3660
102,백령도,2025-05-29 21:00,16.2,,1.2,290,50,2983
102,백령도,2025-05-29 22:00,16.3,,.3,0,48,3033
102,백령도,2025-05-29 23:00,15.5,,1.6,290,49,2965
102,백령도,2025-05-30 00:00,15.8,,.6,320,56,2834
102,백령도,2025-05-30 01:00,15.7,,.7,70,64,2471
102,백령도,2025-05-30 02:00,14.8,,.3,0,61,2138
102,백령도,2025-05-30 03:00,13.4,,1.6,70,65,2540
102,백령도,2025-05-30 04:00,13,,1.2,270,69,2675
102,백령도,2025-05-30 05:00,14.5,,2,320,76,2044
102,백령도,2025-05-30 06:00,13.9,,2.2,320,81,1495
102,백령도,2025-05-30 07:00,15.4,,1.8,320,85,1001
102,백령도,2025-05-30 08:00,17,,2,320,76,1432
102,백령도,2025-05-30 09:00,20,,1,320,52,3564
102,백령도,2025-05-30 10:00,22.2,,1.3,90,36,3086
102,백령도,2025-05-30 11:00,23.4,,2,90,33,3589
102,백령도,2025-05-30 12:00,23.9,,1.5,90,31,3245
102,백령도,2025-05-30 13:00,22.3,,1.7,320,41,3284
102,백령도,2025-05-30 14:00,22.5,,2.2,290,39,3158
102,백령도,2025-05-30 15:00,24.4,,1.1,70,38,2672
102,백령도,2025-05-30 16:00,24.1,,2.2,320,32,3569
102,백령도,2025-05-30 17:00,19.6,,3.4,320,44,2592
102,백령도,2025-05-30 18:00,18.2,,2.3,320,57,2432
102,백령도,2025-05-30 19:00,17.8,,1.7,320,60,2534
102,백령도,2025-05-30 20:00,15.9,,2.4,320,71,1740
102,백령도,2025-05-30 21:00,16,,0,0,78,1698
102,백령도,2025-05-30 22:00,15.8,,1.5,290,71,1887
102,백령도,2025-05-30 23:00,17.9,,0,0,54,2435
102,백령도,2025-05-31 00:00,17.2,,1.5,290,50,2747
102,백령도,2025-05-31 01:00,15.8,,.3,0,62,2217
102,백령도,2025-05-31 02:00,16.6,,.1,0,61,1890
102,백령도,2025-05-31 03:00,16,,.5,290,63,2299
102,백령도,2025-05-31 04:00,15.5,,1.6,90,70,1025
102,백령도,2025-05-31 05:00,15.7,,.7,230,65,2190
102,백령도,2025-05-31 06:00,16.6,,.2,0,66,1415
102,백령도,2025-05-31 07:00,16.3,,1.1,140,73,1595
102,백령도,2025-05-31 08:00,16.9,,1.2,140,75,1284
102,백령도,2025-05-31 09:00,17.3,,1.3,180,65,1370
102,백령도,2025-05-31 10:00,18.1,,1.3,140,65,1815
102,백령도,2025-05-31 11:00,19.3,,1.7,160,59,1842
102,백령도,2025-05-31 12:00,20.1,,2.1,160,51,2137
102,백령도,2025-05-31 13:00,20.3,,2.9,160,57,1644
102,백령도,2025-05-31 14:00,20.2,,3,200,63,1736
102,백령도,2025-05-31 15:00,22.2,,1,360,59,2308
102,백령도,2025-05-31 16:00,19.9,,3,70,65,1785
102,백령도,2025-05-31 17:00,20.1,,2.2,90,68,1896
102,백령도,2025-05-31 18:00,19.8,,2.9,250,49,2147
102,백령도,2025-05-31 19:00,18.9,,.5,110,64,2157
102,백령도,2025-05-31 20:00,17.4,,1.3,290,63,2412
102,백령도,2025-05-31 21:00,15.9,,1.2,270,69,1886
102,백령도,2025-05-31 22:00,16.9,,1.3,230,58,2617
102,백령도,2025-05-31 23:00,16.6,,1.7,90,61,2457
102,백령도,2025-06-01 00:00,15.5,,2,90,68,1855
102,백령도,2025-06-01 01:00,16.2,,1.3,270,60,2395
102,백령도,2025-06-01 02:00,16.8,,1.8,270,69,2194
102,백령도,2025-06-01 03:00,16,,1.6,290,80,1304
102,백령도,2025-06-01 04:00,14.6,,1.5,340,89,801
102,백령도,2025-06-01 05:00,15.1,,1.6,290,90,504
102,백령도,2025-06-01 06:00,16,,2,290,72,1351
102,백령도,2025-06-01 07:00,17.2,,1.6,290,67,1526
102,백령도,2025-06-01 08:00,18.7,,2.8,320,64,1409
102,백령도,2025-06-01 09:00,20.1,,2.3,320,51,1895
102,백령도,2025-06-01 10:00,22,,1.8,110,49,2083
102,백령도,2025-06-01 11:00,22.2,,1.9,340,42,2880
102,백령도,2025-06-01 12:00,23.1,,1.6,340,34,3046
102,백령도,2025-06-01 13:00,22.2,,2.5,320,48,2379
102,백령도,2025-06-01 14:00,21,,4.6,320,61,1906
102,백령도,2025-06-01 15:00,22.4,,3.7,320,57,2217
102,백령도,2025-06-01 16:00,21.1,,3.9,320,51,2384
102,백령도,2025-06-01 17:00,19.4,,2.6,290,59,2005
102,백령도,2025-06-01 18:00,19.1,,2.4,320,67,1744
102,백령도,2025-06-01 19:00,17.8,,2.7,320,86,1110
102,백령도,2025-06-01 20:00,17.3,,.7,320,86,819
102,백령도,2025-06-01 21:00,16.4,,2.1,290,77,1441
102,백령도,2025-06-01 22:00,16.3,,1.6,320,79,1280
102,백령도,2025-06-01 23:00,17.1,,1,270,67,1963
102,백령도,2025-06-02 00:00,16.2,,.8,230,65,2300
102,백령도,2025-06-02 01:00,16.5,,1.3,320,46,3055
102,백령도,2025-06-02 02:00,16.8,,1.4,340,47,2739
102,백령도,2025-06-02 03:00,15,,1.6,340,63,2561
102,백령도,2025-06-02 04:00,16.2,,1.5,290,51,2678
102,백령도,2025-06-02 05:00,16.8,,.3,0,49,2676
102,백령도,2025-06-02 06:00,17,,1.8,320,45,2599
102,백령도,2025-06-02 07:00,16.5,,1.6,290,55,2582
102,백령도,2025-06-02 08:00,17.2,,.2,0,59,2169
102,백령도,2025-06-02 09:00,18.4,,.8,180,62,1934
102,백령도,2025-06-02 10:00,19,0,.4,0,60,2546
102,백령도,2025-06-02 11:00,20,0,1.6,360,61,2267
102,백령도,2025-06-02 12:00,19.8,0,3.4,290,60,2794
102,백령도,2025-06-02 13:00,20.7,,4.4,320,62,2470
102,백령도,2025-06-02 14:00,20.4,,4.8,320,71,1658
102,백령도,2025-06-02 15:00,20.2,,5.2,320,66,1380
102,백령도,2025-06-02 16:00,20.3,,3.9,320,66,1350
102,백령도,2025-06-02 17:00,19.2,,3,320,63,2101
102,백령도,2025-06-02 18:00,18.5,,3.1,320,70,1663
102,백령도,2025-06-02 19:00,17.8,,2.8,290,72,1873
102,백령도,2025-06-02 20:00,17.5,,2.8,320,69,2588
102,백령도,2025-06-02 21:00,16.4,,3.4,320,74,2333
102,백령도,2025-06-02 22:00,16.4,,4.2,320,84,1903
102,백령도,2025-06-02 23:00,16,,3.1,320,85,1423
102,백령도,2025-06-03 00:00,15.9,,2.2,290,85,1469
102,백령도,2025-06-03 01:00,16.1,,2.2,290,80,2519
102,백령도,2025-06-03 02:00,16.5,,2.3,290,72,3588
102,백령도,2025-06-03 03:00,16.2,,2.6,290,73,3401
102,백령도,2025-06-03 04:00,16.7,,4.5,270,78,2976
102,백령도,2025-06-03 05:00,16,,1.2,230,85,2167
102,백령도,2025-06-03 06:00,14.2,,1.6,140,91,739
102,백령도,2025-06-03 07:00,15.2,,1.8,140,89,1014
102,백령도,2025-06-03 08:00,16.5,,2.6,180,85,1647
102,백령도,2025-06-03 09:00,19.1,,4.6,290,74,1742
102,백령도,2025-06-03 10:00,19.6,,4,290,73,1436
102,백령도,2025-06-03 11:00,19.6,,4.5,320,74,1154
102,백령도,2025-06-03 12:00,19.6,,5.8,320,73,1146
102,백령도,2025-06-03 13:00,19.9,,6.1,320,65,1236
102,백령도,2025-06-03 14:00,22.1,,4.1,290,44,3522
102,백령도,2025-06-03 15:00,23.1,,4.4,290,31,4428
102,백령도,2025-06-03 16:00,21,,7.2,250,47,3923
102,백령도,2025-06-03 17:00,20.6,,6.2,250,53,4359
102,백령도,2025-06-03 18:00,20.8,,5.9,270,42,4715
102,백령도,2025-06-03 19:00,18.8,,5.4,250,59,4457
102,백령도,2025-06-03 20:00,17.8,,5.3,250,61,4357
102,백령도,2025-06-03 21:00,18.1,,3.8,270,51,4656
102,백령도,2025-06-03 22:00,17.2,,5.4,250,68,3856
102,백령도,2025-06-03 23:00,17.5,,5.3,270,64,4225
102,백령도,2025-06-04 00:00,18,,6.1,250,58,4431
102,백령도,2025-06-04 01:00,19.4,,5.2,270,42,4868
102,백령도,2025-06-04 02:00,17.9,,5.1,250,58,4817
102,백령도,2025-06-04 03:00,18.1,,4.9,270,57,4800
102,백령도,2025-06-04 04:00,18,,4.4,270,57,4880
102,백령도,2025-06-04 05:00,17.5,,4.1,290,62,4723
102,백령도,2025-06-04 06:00,16.8,,2.5,270,64,4802
102,백령도,2025-06-04 07:00,18.7,,5.7,290,61,4125
102,백령도,2025-06-04 08:00,18.6,,4.8,290,70,4145
102,백령도,2025-06-04 09:00,18.2,,6.5,290,68,3904
102,백령도,2025-06-04 10:00,20.1,,5.9,320,53,4388
102,백령도,2025-06-04 11:00,19.8,,7.4,290,55,4085
102,백령도,2025-06-04 12:00,19.5,,6.8,320,55,4604
102,백령도,2025-06-04 13:00,18.2,,5.2,320,64,4222
102,백령도,2025-06-04 14:00,19.5,,6.3,290,61,4893
102,백령도,2025-06-04 15:00,20.4,,6.5,290,54,4444
102,백령도,2025-06-04 16:00,20.9,,5.9,290,54,4559
102,백령도,2025-06-04 17:00,20.4,,5.5,290,52,4500
102,백령도,2025-06-04 18:00,20.4,,4.8,290,47,4612
102,백령도,2025-06-04 19:00,19.3,,4.7,290,59,4881
102,백령도,2025-06-04 20:00,17.8,,3.3,290,68,4636
102,백령도,2025-06-04 21:00,17.2,,2.7,290,72,4180
102,백령도,2025-06-04 22:00,16.4,,2.3,290,79,3779
102,백령도,2025-06-04 23:00,15.5,,1.5,250,78,3774
102,백령도,2025-06-05 00:00,16.1,,2.2,290,71,4629
102,백령도,2025-06-05 01:00,16.8,,2.5,290,69,4924
102,백령도,2025-06-05 02:00,16.8,,1.5,320,65,4910
102,백령도,2025-06-05 03:00,15,,2.1,200,78,3109
102,백령도,2025-06-05 04:00,15.2,,2,230,82,3526
102,백령도,2025-06-05 05:00,13.6,,1.8,90,86,2652
102,백령도,2025-06-05 06:00,12.9,,1.9,110,94,776
102,백령도,2025-06-05 07:00,15.9,,1.7,110,83,2233
102,백령도,2025-06-05 08:00,18,,2.1,160,69,4002
102,백령도,2025-06-05 09:00,20.3,,2.7,180,62,4168
102,백령도,2025-06-05 10:00,21.3,,3,180,54,4497
102,백령도,2025-06-05 11:00,22.7,,3.8,180,47,4619
102,백령도,2025-06-05 12:00,22.6,,5.2,180,40,4721
102,백령도,2025-06-05 13:00,22.7,,5.4,200,37,4438
102,백령도,2025-06-05 14:00,22.8,,6.7,200,31,4411
102,백령도,2025-06-05 15:00,22.9,,5.9,200,31,4544
102,백령도,2025-06-05 16:00,22.5,,7.5,180,33,4308
102,백령도,2025-06-05 17:00,20.4,,4.8,180,48,4460
102,백령도,2025-06-05 18:00,21.1,,4.8,200,42,4863
102,백령도,2025-06-05 19:00,18.7,,5.4,180,62,4266
102,백령도,2025-06-05 20:00,18.9,,5.9,180,56,4788
102,백령도,2025-06-05 21:00,17.7,,5.3,180,67,4117
102,백령도,2025-06-05 22:00,17.2,,3.6,180,69,4036
102,백령도,2025-06-05 23:00,17.7,,4.2,180,69,3322
102,백령도,2025-06-06 00:00,17.5,,4.1,180,73,2646
102,백령도,2025-06-06 01:00,17.1,,4.2,160,79,2530
102,백령도,2025-06-06 02:00,15.4,,3.1,140,86,2023
102,백령도,2025-06-06 03:00,16.5,,4.1,140,85,1798
102,백령도,2025-06-06 04:00,16.5,,5.3,140,84,1677
102,백령도,2025-06-06 05:00,16.6,,6.1,140,84,1622
102,백령도,2025-06-06 06:00,17.1,,5.3,140,83,1669
102,백령도,2025-06-06 07:00,17.2,,6.2,140,80,1867
102,백령도,2025-06-06 08:00,18.6,,7.5,160,76,1941
102,백령도,2025-06-06 09:00,19.2,,6.1,160,73,2238
102,백령도,2025-06-06 10:00,19.5,,7.9,160,72,2117
102,백령도,2025-06-06 11:00,20.4,,3.6,160,69,2173
102,백령도,2025-06-06 12:00,20.5,,7.6,180,71,2432
102,백령도,2025-06-06 13:00,21.3,,5.2,180,69,2740
102,백령도,2025-06-06 14:00,21.3,,4.9,180,68,2547
102,백령도,2025-06-06 15:00,21.1,,5.4,200,71,2136
102,백령도,2025-06-06 16:00,21.1,,5.5,180,70,2054
102,백령도,2025-06-06 17:00,21.5,,4,200,68,1892
102,백령도,2025-06-06 18:00,20.6,,4.2,200,68,2137
102,백령도,2025-06-06 19:00,19.5,,3.7,180,78,1869
102,백령도,2025-06-06 20:00,18.4,,3.1,160,83,1777
102,백령도,2025-06-06 21:00,16.5,,3,140,90,1075
102,백령도,2025-06-06 22:00,17.1,,3.3,160,91,972
102,백령도,2025-06-06 23:00,17.8,,3.9,180,89,1298
102,백령도,2025-06-07 00:00,17.6,,3.3,180,89,1348
102,백령도,2025-06-07 01:00,18.3,,4.5,180,89,1388
102,백령도,2025-06-07 02:00,18.6,,3.7,160,89,1214
102,백령도,2025-06-07 03:00,18.7,,4.3,180,89,845
102,백령도,2025-06-07 04:00,18.3,,3.4,160,92,590
102,백령도,2025-06-07 05:00,18.3,,3.6,180,94,277
102,백령도,2025-06-07 06:00,17.9,,3.6,180,95,61
102,백령도,2025-06-07 07:00,16.4,0,2.9,110,96,33
102,백령도,2025-06-07 08:00,17.1,0,4.2,140,96,80
102,백령도,2025-06-07 09:00,17,0,4.1,160,96,85
102,백령도,2025-06-07 10:00,17,0,5.1,160,96,74
102,백령도,2025-06-07 11:00,16.4,0,4,160,96,83
102,백령도,2025-06-07 12:00,16.1,0,2.1,140,96,107
102,백령도,2025-06-07 13:00,16.1,0,2,110,96,79
102,백령도,2025-06-07 14:00,16.7,0,2.5,110,96,165
102,백령도,2025-06-07 15:00,17.8,0,1.6,110,94,570
102,백령도,2025-06-07 16:00,17.6,0,1.9,180,94,244
102,백령도,2025-06-07 17:00,17.3,0,1.8,180,95,171
102,백령도,2025-06-07 18:00,17.2,0,1,180,95,241
102,백령도,2025-06-07 19:00,17.5,0,1.7,160,94,712
102,백령도,2025-06-07 20:00,16.5,,1.1,200,95,329
102,백령도,2025-06-07 21:00,15.9,,1.6,110,96,67
102,백령도,2025-06-07 22:00,16.1,,1.6,110,97,23
102,백령도,2025-06-07 23:00,16.4,,1.5,110,97,19
102,백령도,2025-06-08 00:00,16.5,,1,110,97,22
102,백령도,2025-06-08 01:00,16.9,,.8,140,97,20
102,백령도,2025-06-08 02:00,17.1,,.3,0,97,26
102,백령도,2025-06-08 03:00,17.5,,1,20,97,38
102,백령도,2025-06-08 04:00,16.6,,.6,50,97,22
102,백령도,2025-06-08 05:00,17.1,,1.8,70,97,78
102,백령도,2025-06-08 06:00,16.9,,1.2,20,97,88
102,백령도,2025-06-08 07:00,18.1,,1.3,70,97,733
102,백령도,2025-06-08 08:00,19.4,,2,90,95,1057
102,백령도,2025-06-08 09:00,20.8,,2.1,70,80,1604
102,백령도,2025-06-08 10:00,22,,2.7,110,75,2385
102,백령도,2025-06-08 11:00,21.4,,2.5,200,76,1808
102,백령도,2025-06-08 12:00,22.6,,2.4,200,70,1419
102,백령도,2025-06-08 13:00,17.9,,4.4,320,84,1208
102,백령도,2025-06-08 14:00,17.9,,4.2,320,82,1515
102,백령도,2025-06-08 15:00,18.7,,4.5,320,81,2443
102,백령도,2025-06-08 16:00,19,,3.1,290,80,2870
102,백령도,2025-06-08 17:00,19,,3.3,320,79,2551
102,백령도,2025-06-08 18:00,17.4,,2.7,320,82,3402
102,백령도,2025-06-08 19:00,18.1,,1.9,320,84,2595
102,백령도,2025-06-08 20:00,15.9,,1.1,290,89,2406
102,백령도,2025-06-08 21:00,14.2,,2.6,320,93,1430
102,백령도,2025-06-08 22:00,13.4,,2.6,320,95,984
102,백령도,2025-06-08 23:00,13.3,,1.9,290,96,497
102,백령도,2025-06-09 00:00,13.1,,1.4,270,96,1000
102,백령도,2025-06-09 01:00,14.5,,2.1,270,96,27
102,백령도,2025-06-09 02:00,15,,.8,290,97,17
102,백령도,2025-06-09 03:00,14,,.8,90,97,28
102,백령도,2025-06-09 04:00,14.3,,.6,110,97,69
102,백령도,2025-06-09 05:00,13.9,,1.9,90,97,48
102,백령도,2025-06-09 06:00,14.4,,2.1,110,97,32
102,백령도,2025-06-09 07:00,15.4,,1.6,140,97,28
102,백령도,2025-06-09 08:00,15.8,,2,110,97,37
102,백령도,2025-06-09 09:00,16.8,,1.9,160,97,504
102,백령도,2025-06-09 10:00,17.4,,3.8,140,96,2560
102,백령도,2025-06-09 11:00,18.8,,4.5,140,82,4106
102,백령도,2025-06-09 12:00,20.2,,4.5,160,72,4328
102,백령도,2025-06-09 13:00,20.3,,4.4,180,70,4631
102,백령도,2025-06-09 14:00,20.7,,3.9,160,69,4598
102,백령도,2025-06-09 15:00,19.7,,4.7,180,70,4572
102,백령도,2025-06-09 16:00,20,,5.2,160,71,3375
102,백령도,2025-06-09 17:00,19.4,,3.3,180,79,3275
102,백령도,2025-06-09 18:00,19,,3.6,160,83,2158
102,백령도,2025-06-09 19:00,18,,4.3,160,89,1536
102,백령도,2025-06-09 20:00,17.7,,6.3,160,94,367
102,백령도,2025-06-09 21:00,17.6,,4,180,95,482
102,백령도,2025-06-09 22:00,17.7,,2.9,180,93,961
102,백령도,2025-06-09 23:00,18.6,,2.3,250,92,1332
102,백령도,2025-06-10 00:00,18.9,0,2.7,250,94,948
102,백령도,2025-06-10 01:00,18.9,0,2.2,200,91,995
102,백령도,2025-06-10 02:00,18.5,,1.1,160,92,773
102,백령도,2025-06-10 03:00,16.9,,2.7,160,95,183
102,백령도,2025-06-10 04:00,16.3,0,1.3,200,96,99
102,백령도,2025-06-10 05:00,16.3,0,3.8,180,96,40
102,백령도,2025-06-10 06:00,16.9,0,.7,250,97,49
102,백령도,2025-06-10 07:00,17.2,0,1.7,340,97,28
102,백령도,2025-06-10 08:00,17.6,.5,2.9,320,97,891
102,백령도,2025-06-10 09:00,18.3,,4.8,320,96,2699
102,백령도,2025-06-10 10:00,18.5,,4.7,320,83,4083
102,백령도,2025-06-10 11:00,19.2,,5.6,320,81,1507
102,백령도,2025-06-10 12:00,19.7,,4.9,320,77,1132
102,백령도,2025-06-10 13:00,20.2,,4.9,290,75,1099
102,백령도,2025-06-10 14:00,20.1,,5.3,320,73,1456
102,백령도,2025-06-10 15:00,21.1,,4,320,62,2051
102,백령도,2025-06-10 16:00,20.1,,5.5,290,71,1708
102,백령도,2025-06-10 17:00,20.2,,5.2,290,65,2860
102,백령도,2025-06-10 18:00,19.8,,4.9,290,73,2169
102,백령도,2025-06-10 19:00,18.3,,5.2,290,82,980
102,백령도,2025-06-10 20:00,17.5,,3.9,290,80,1203
102,백령도,2025-06-10 21:00,17.5,,3.6,290,73,3192
102,백령도,2025-06-10 22:00,16.9,,3.7,290,88,1165
102,백령도,2025-06-10 23:00,17,,4,290,88,1084
102,백령도,2025-06-11 00:00,17.2,,4.3,290,90,834
102,백령도,2025-06-11 01:00,17,,3.5,290,90,786
102,백령도,2025-06-11 02:00,17,,3.4,290,87,1120
102,백령도,2025-06-11 03:00,16.8,,2.4,290,84,1406
102,백령도,2025-06-11 04:00,17.1,,3.1,320,81,1782
102,백령도,2025-06-11 05:00,16,,2.2,290,86,1722
102,백령도,2025-06-11 06:00,16.8,,2,290,83,1969
102,백령도,2025-06-11 07:00,19.1,,1.8,270,71,3209
102,백령도,2025-06-11 08:00,21,,2.2,290,57,4737
102,백령도,2025-06-11 09:00,22.6,,2.2,270,51,4103
102,백령도,2025-06-11 10:00,22.1,,4,320,54,4556
102,백령도,2025-06-11 11:00,22.2,,4.9,320,57,2873
102,백령도,2025-06-11 12:00,22.4,,4.9,290,57,2752
102,백령도,2025-06-11 13:00,23.3,,5.6,320,48,3719
102,백령도,2025-06-11 14:00,23.5,,5,320,44,3771
102,백령도,2025-06-11 15:00,25,,3.9,290,40,4632
102,백령도,2025-06-11 16:00,24.2,,4.3,290,43,3781
102,백령도,2025-06-11 17:00,23.7,,4.3,320,48,3865
102,백령도,2025-06-11 18:00,22.9,,3.3,320,51,4150
102,백령도,2025-06-11 19:00,21.5,,2.7,320,56,3202
102,백령도,2025-06-11 20:00,19.8,,1.7,290,62,4018
102,백령도,2025-06-11 21:00,19.2,,.9,270,66,3104
102,백령도,2025-06-11 22:00,19.1,,2.4,270,59,4539
102,백령도,2025-06-11 23:00,19.3,,2,270,57,4996
102,백령도,2025-06-12 00:00,20,,2.7,270,61,4930
102,백령도,2025-06-12 01:00,16.3,,1.4,160,81,2069
102,백령도,2025-06-12 02:00,16.5,,1.3,110,84,1339
102,백령도,2025-06-12 03:00,16.3,,2.5,90,86,1338
102,백령도,2025-06-12 04:00,15.7,,1.4,160,87,981
102,백령도,2025-06-12 05:00,16.2,,2.1,110,82,1494
102,백령도,2025-06-12 06:00,15.9,,2.5,90,83,1637
102,백령도,2025-06-12 07:00,18,,1.9,90,80,1765
102,백령도,2025-06-12 08:00,19.9,,1.6,110,74,2212
102,백령도,2025-06-12 09:00,22.8,,1.3,110,60,3036
102,백령도,2025-06-12 10:00,25.3,,2,110,36,4352
102,백령도,2025-06-12 11:00,22.5,,3.6,180,49,3887
102,백령도,2025-06-12 12:00,23,,5.3,180,54,4371
102,백령도,2025-06-12 13:00,23.5,,5,180,57,2919
102,백령도,2025-06-12 14:00,25.3,,3.8,180,40,4355
102,백령도,2025-06-12 15:00,25.4,,3.9,180,40,4456
102,백령도,2025-06-12 16:00,25.1,,1.4,320,47,3772
102,백령도,2025-06-12 17:00,24.8,,1.2,320,47,4243
102,백령도,2025-06-12 18:00,22.9,,1.2,320,51,4158
102,백령도,2025-06-12 19:00,22.3,,1,140,53,2517
102,백령도,2025-06-12 20:00,20.5,,1,180,55,4111
102,백령도,2025-06-12 21:00,19.7,,.4,0,61,3717
102,백령도,2025-06-12 22:00,17.8,,1.3,140,69,2628
102,백령도,2025-06-12 23:00,17.1,,1.3,180,77,2355
102,백령도,2025-06-13 00:00,18,,.4,0,73,2346
102,백령도,2025-06-13 01:00,17.2,,1.6,90,69,2926
102,백령도,2025-06-13 02:00,16.9,,2,110,74,2532
102,백령도,2025-06-13 03:00,15.8,,2,180,79,2113
102,백령도,2025-06-13 04:00,16.7,,2.3,110,72,2977
102,백령도,2025-06-13 05:00,16,,2.3,180,75,2379
102,백령도,2025-06-13 06:00,17,,1.3,180,70,2953
102,백령도,2025-06-13 07:00,18.3,,4.4,160,86,1461
102,백령도,2025-06-13 08:00,18.8,,4.9,160,81,1790
102,백령도,2025-06-13 09:00,19.5,,3.6,160,82,1778
102,백령도,2025-06-13 10:00,18.3,,4.1,180,90,562
102,백령도,2025-06-13 11:00,18.5,,2.4,180,88,910
102,백령도,2025-06-13 12:00,19.7,,2.6,160,84,2205
102,백령도,2025-06-13 13:00,19,,4.3,160,82,3660
102,백령도,2025-06-13 14:00,18.5,,3.2,140,83,3406
102,백령도,2025-06-13 15:00,18,,4.2,140,85,3790
102,백령도,2025-06-13 16:00,18.9,,4.7,140,79,4271
102,백령도,2025-06-13 17:00,18.4,,4.1,140,79,4308
102,백령도,2025-06-13 18:00,17.8,,4,160,82,4383
102,백령도,2025-06-13 19:00,17,,2.4,140,88,2925
102,백령도,2025-06-13 20:00,18.4,,2,140,84,2396
102,백령도,2025-06-13 21:00,18.1,,4.1,140,87,1719
102,백령도,2025-06-13 22:00,17.9,,2.8,140,87,1604
102,백령도,2025-06-13 23:00,17.9,,2.8,160,87,1229
102,백령도,2025-06-14 00:00,17.2,,1.3,110,92,619
102,백령도,2025-06-14 01:00,17.8,,1.9,140,91,764
102,백령도,2025-06-14 02:00,17.9,,2.1,90,90,757
102,백령도,2025-06-14 03:00,18.2,,1.9,140,89,817
102,백령도,2025-06-14 04:00,17.3,0,1.5,110,92,428
102,백령도,2025-06-14 05:00,17.6,0,1.4,90,95,72
102,백령도,2025-06-14 06:00,17.8,.2,2.3,70,96,23
102,백령도,2025-06-14 07:00,18.7,.1,.3,0,96,114
102,백령도,2025-06-14 08:00,19.7,.4,1.5,340,96,566
102,백령도,2025-06-14 09:00,19,0,2.8,320,94,403
102,백령도,2025-06-14 10:00,20.8,,2.8,290,81,2038
102,백령도,2025-06-14 11:00,21.1,,4.1,320,77,2033
102,백령도,2025-06-14 12:00,21.3,,4.4,320,74,2722
102,백령도,2025-06-14 13:00,22.2,,4.1,320,68,3359
102,백령도,2025-06-14 14:00,20.6,,5,320,76,2622
102,백령도,2025-06-14 15:00,20.1,,5.7,320,78,2289
102,백령도,2025-06-14 16:00,20.6,,5.9,320,75,3296
102,백령도,2025-06-14 17:00,20.2,,6.6,340,78,3374
102,백령도,2025-06-14 18:00,19.6,,5.8,320,81,3738
102,백령도,2025-06-14 19:00,18.5,,6.1,320,86,4013
102,백령도,2025-06-14 20:00,17.3,,5.4,320,95,43
102,백령도,2025-06-14 21:00,17.6,,2.8,320,96,221
102,백령도,2025-06-14 22:00,17.8,,3.5,320,96,766
102,백령도,2025-06-14 23:00,17.7,,1.4,340,96,915
102,백령도,2025-06-15 00:00,18,,2.5,320,96,1178
102,백령도,2025-06-15 01:00,17.7,,1.7,290,95,799
102,백령도,2025-06-15 02:00,18.1,,1.2,200,95,1006
102,백령도,2025-06-15 03:00,17.6,,1,230,95,553
102,백령도,2025-06-15 04:00,17.3,,1.2,200,96,345
102,백령도,2025-06-15 05:00,18.1,,1.7,230,96,101
102,백령도,2025-06-15 06:00,18.1,,4.2,180,96,74
102,백령도,2025-06-15 07:00,18,,6.1,160,97,34
102,백령도,2025-06-15 08:00,17.9,,5,160,97,253
102,백령도,2025-06-15 09:00,17.4,,6.3,160,96,78
102,백령도,2025-06-15 10:00,17.5,,7.9,140,96,69
102,백령도,2025-06-15 11:00,17,,7.9,140,96,68
102,백령도,2025-06-15 12:00,17.2,,7.8,140,96,176
102,백령도,2025-06-15 13:00,16.9,,8,140,94,537
102,백령도,2025-06-15 14:00,16.7,0,7.7,140,94,785
102,백령도,2025-06-15 15:00,17.4,0,6.2,140,94,704
102,백령도,2025-06-15 16:00,17.7,0,4.3,160,96,91
102,백령도,2025-06-15 17:00,18.9,0,4.4,200,96,31
102,백령도,2025-06-15 18:00,20.1,.3,5.2,200,96,79
102,백령도,2025-06-15 19:00,20.1,.2,4.6,230,97,38
102,백령도,2025-06-15 20:00,20.4,.7,5.3,230,97,128
102,백령도,2025-06-15 21:00,20.1,.1,3.6,200,97,26
102,백령도,2025-06-15 22:00,20.2,0,5.6,200,97,23
102,백령도,2025-06-15 23:00,20.8,,4.9,250,97,34
102,백령도,2025-06-16 00:00,20.4,,2.2,230,97,20
102,백령도,2025-06-16 01:00,20.1,,1.2,200,97,15
102,백령도,2025-06-16 02:00,20.1,,1.6,250,97,17
102,백령도,2025-06-16 03:00,19.9,,2.1,180,97,19
102,백령도,2025-06-16 04:00,19.8,,1.4,270,97,19
102,백령도,2025-06-16 05:00,18.2,,1.8,140,97,17
102,백령도,2025-06-16 06:00,18.6,,.2,0,97,18
102,백령도,2025-06-16 07:00,18.1,,1.2,110,97,20
102,백령도,2025-06-16 08:00,18.5,,2.7,140,97,34
102,백령도,2025-06-16 09:00,19.1,,2,160,97,114
102,백령도,2025-06-16 10:00,19.7,,2,110,97,479
102,백령도,2025-06-16 11:00,19.7,,4.1,140,97,110
102,백령도,2025-06-16 12:00,19.3,,5,160,97,84
102,백령도,2025-06-16 13:00,19.6,,4.6,160,95,184
102,백령도,2025-06-16 14:00,19.6,,3.6,140,92,927
102,백령도,2025-06-16 15:00,18.9,,5.3,140,94,101
102,백령도,2025-06-16 16:00,17.7,,3.6,180,95,49
102,백령도,2025-06-16 17:00,21.5,,5.2,200,86,587
102,백령도,2025-06-16 18:00,21.2,,7.6,250,82,848
102,백령도,2025-06-16 19:00,20.8,,2.9,250,85,592
102,백령도,2025-06-16 20:00,18.4,,.9,270,90,1460
102,백령도,2025-06-16 21:00,18.8,,1.7,230,89,773
102,백령도,2025-06-16 22:00,16,,1.6,340,95,172
102,백령도,2025-06-16 23:00,15.4,,1.6,160,96,153
102,백령도,2025-06-17 00:00,17.5,,2.1,200,96,349
102,백령도,2025-06-17 01:00,18.3,,3.4,200,91,371
102,백령도,2025-06-17 02:00,18.2,,2.5,200,91,317
102,백령도,2025-06-17 03:00,17.8,,.7,200,90,812
102,백령도,2025-06-17 04:00,15.8,,2,90,93,288
102,백령도,2025-06-17 05:00,16.1,,2.5,110,95,232
102,백령도,2025-06-17 06:00,16.4,,3.1,110,96,167
102,백령도,2025-06-17 07:00,16.2,,2.9,140,96,24
102,백령도,2025-06-17 08:00,16.9,,2.7,110,97,36
102,백령도,2025-06-17 09:00,17.9,,2.9,110,97,34
102,백령도,2025-06-17 10:00,19.2,,1.7,110,93,391
102,백령도,2025-06-17 11:00,19.9,,3.5,160,81,1761
102,백령도,2025-06-17 12:00,21.2,,3.1,180,77,2436
102,백령도,2025-06-17 13:00,21.7,,3.7,180,78,2935
102,백령도,2025-06-17 14:00,21.7,,3,200,77,2643
102,백령도,2025-06-17 15:00,21.6,,3.9,180,75,2467
102,백령도,2025-06-17 16:00,21.8,,2.9,180,75,2604
102,백령도,2025-06-17 17:00,21.3,,3.6,180,79,2536
102,백령도,2025-06-17 18:00,19.1,,4.1,180,87,4493
102,백령도,2025-06-17 19:00,18.1,,1.8,200,93,452
102,백령도,2025-06-17 20:00,16.7,,.6,320,90,1710
102,백령도,2025-06-17 21:00,15.5,,2.3,90,96,30
102,백령도,2025-06-17 22:00,15.4,,1.5,110,97,14
102,백령도,2025-06-17 23:00,15.9,,1.6,160,97,19
102,백령도,2025-06-18 00:00,15.4,,1.7,180,97,31
102,백령도,2025-06-18 01:00,15,,1.5,180,97,26
102,백령도,2025-06-18 02:00,14.4,,2.1,110,97,38
102,백령도,2025-06-18 03:00,14.7,,1.9,160,97,29
102,백령도,2025-06-18 04:00,14.7,,1.6,140,97,15
102,백령도,2025-06-18 05:00,15.1,,1.7,140,97,19
102,백령도,2025-06-18 06:00,16.3,,1.6,160,97,27
102,백령도,2025-06-18 07:00,16.2,,2.9,140,97,127
102,백령도,2025-06-18 08:00,15.6,,3.2,140,97,138
102,백령도,2025-06-18 09:00,16.7,,2.8,140,97,500
102,백령도,2025-06-18 10:00,16.8,,5.6,160,94,400
102,백령도,2025-06-18 11:00,18,,6.2,160,86,900
102,백령도,2025-06-18 12:00,18.3,,6.2,160,83,600
102,백령도,2025-06-18 13:00,18.2,,6,160,87,400
102,백령도,2025-06-18 14:00,18.9,,6.2,160,88,150
102,백령도,2025-06-18 15:00,18.7,,6.9,160,88,150
102,백령도,2025-06-18 16:00,19.4,,5.6,160,85,500
102,백령도,2025-06-18 17:00,20.2,,5.5,160,81,1063
102,백령도,2025-06-18 18:00,20,,5.8,160,81,1126
102,백령도,2025-06-18 19:00,19.4,,5.5,160,84,1049
102,백령도,2025-06-18 20:00,18.9,,6.2,160,85,904
102,백령도,2025-06-18 21:00,18.8,,6.2,160,84,1110
102,백령도,2025-06-18 22:00,18.5,,4.7,160,87,913
102,백령도,2025-06-18 23:00,18.6,,4.2,160,88,920
102,백령도,2025-06-19 00:00,18.4,,5.5,160,86,1045
102,백령도,2025-06-19 01:00,18.2,,5.1,140,87,908
102,백령도,2025-06-19 02:00,19,,5.7,160,86,1107
102,백령도,2025-06-19 03:00,19,,5.6,160,90,703
102,백령도,2025-06-19 04:00,18.2,,6.3,180,95,140
102,백령도,2025-06-19 05:00,18.6,,6.7,160,95,316
102,백령도,2025-06-19 06:00,18,,5.4,140,96,59
102,백령도,2025-06-19 07:00,18.7,0,5.6,140,96,65
102,백령도,2025-06-19 08:00,18.2,0,4.3,140,97,40
102,백령도,2025-06-19 09:00,19.2,0,5.7,140,97,336
102,백령도,2025-06-19 10:00,18.7,0,5.2,140,95,242
102,백령도,2025-06-19 11:00,19.8,,5.3,110,91,1421
102,백령도,2025-06-19 12:00,20.8,,5.5,140,90,4247
102,백령도,2025-06-19 13:00,21.8,0,4,140,89,3416
102,백령도,2025-06-19 14:00,21.5,0,5,140,88,3302
102,백령도,2025-06-19 15:00,22.5,0,3.7,140,83,3330
102,백령도,2025-06-19 16:00,22.5,,4.9,140,80,2585
102,백령도,2025-06-19 17:00,21.6,0,5.4,140,87,844
102,백령도,2025-06-19 18:00,20.8,.3,5,140,91,255
102,백령도,2025-06-19 19:00,19.5,0,6,160,95,132
102,백령도,2025-06-19 20:00,19.6,0,5.4,160,96,37
102,백령도,2025-06-19 21:00,20.5,0,6.9,160,96,78
102,백령도,2025-06-19 22:00,20,0,5.5,160,96,51
102,백령도,2025-06-19 23:00,19.9,0,5.4,160,97,51
102,백령도,2025-06-20 00:00,20.3,5.5,3.8,180,97,90
102,백령도,2025-06-20 01:00,20.8,1,4.5,200,97,98
102,백령도,2025-06-20 02:00,20.1,1.7,4.4,180,97,43
102,백령도,2025-06-20 03:00,20.6,9.2,5.4,180,97,156
102,백령도,2025-06-20 04:00,20.1,6.1,6.8,160,96,510
102,백령도,2025-06-20 05:00,20,7.4,4.3,180,96,457
102,백령도,2025-06-20 06:00,20.2,3.2,5.5,180,96,324
102,백령도,2025-06-20 07:00,20.8,9.7,6,180,96,224
102,백령도,2025-06-20 08:00,20.7,6.1,4.5,180,95,265
102,백령도,2025-06-20 09:00,20.6,17.1,5.7,180,96,173
102,백령도,2025-06-20 10:00,21.1,9.8,6.8,200,95,264
102,백령도,2025-06-20 11:00,21.4,5.2,7,200,95,746
102,백령도,2025-06-20 12:00,21.3,.6,6,200,96,674
102,백령도,2025-06-20 13:00,21.2,.6,6.9,230,96,483
102,백령도,2025-06-20 14:00,21,0,5.5,230,96,76
102,백령도,2025-06-20 15:00,20.7,,3.1,230,96,114
102,백령도,2025-06-20 16:00,23.1,,2.4,320,90,3228
102,백령도,2025-06-20 17:00,21.2,,1.8,340,93,2522
102,백령도,2025-06-20 18:00,18.2,,3.3,340,96,28
102,백령도,2025-06-20 19:00,18.4,,3.4,320,96,82
102,백령도,2025-06-20 20:00,17.8,,4.2,320,97,21
102,백령도,2025-06-20 21:00,17.7,,3.5,340,97,342
102,백령도,2025-06-20 22:00,18.3,,3.3,320,96,752
102,백령도,2025-06-20 23:00,17.9,,4.7,320,96,413
102,백령도,2025-06-21 00:00,18.4,,2.7,320,96,854
102,백령도,2025-06-21 01:00,18.5,,3.2,320,96,389
102,백령도,2025-06-21 02:00,19.1,,1.8,340,84,2143
102,백령도,2025-06-21 03:00,17.8,,2,320,91,1457
102,백령도,2025-06-21 04:00,17.1,,3,320,89,1353
102,백령도,2025-06-21 05:00,17.4,,4.7,320,83,2774
102,백령도,2025-06-21 06:00,18.2,,4.4,320,77,3825
102,백령도,2025-06-21 07:00,18.2,,3.6,360,72,4342
102,백령도,2025-06-21 08:00,18.7,,3.5,360,68,4982
102,백령도,2025-06-21 09:00,20.2,,3,360,60,4658
102,백령도,2025-06-21 10:00,21.1,,.7,340,59,4795
102,백령도,2025-06-21 11:00,21.1,,1.1,290,61,4565
102,백령도,2025-06-21 12:00,22.5,,2.5,320,54,4262
102,백령도,2025-06-21 13:00,24.1,,2.3,290,52,4365
102,백령도,2025-06-21 14:00,25.4,,2.9,340,39,4820
102,백령도,2025-06-21 15:00,25.2,,2.7,320,46,4894
102,백령도,2025-06-21 16:00,23.7,,2.4,320,47,4765
102,백령도,2025-06-21 17:00,22.6,,2.2,290,53,4369
102,백령도,2025-06-21 18:00,21.6,,1.5,290,63,4752
102,백령도,2025-06-21 19:00,21.8,,1.4,320,70,3343
102,백령도,2025-06-21 20:00,20.3,,2,290,73,4185
102,백령도,2025-06-21 21:00,20.2,,2,270,65,4928
102,백령도,2025-06-21 22:00,19.3,,1,270,72,4935
102,백령도,2025-06-21 23:00,19.5,,2,270,66,4993
102,백령도,2025-06-22 00:00,19.4,,1.5,250,73,3132
102,백령도,2025-06-22 01:00,18.3,,1.1,180,80,2467
102,백령도,2025-06-22 02:00,19,,.8,290,79,1466
102,백령도,2025-06-22 03:00,18.3,,1,200,86,699
102,백령도,2025-06-22 04:00,17.3,,1.6,200,93,155
102,백령도,2025-06-22 05:00,17.5,,.7,200,91,353
102,백령도,2025-06-22 06:00,17.6,,1,180,92,319
102,백령도,2025-06-22 07:00,19.1,,.6,200,89,496
102,백령도,2025-06-22 08:00,20.9,,1,320,84,571
102,백령도,2025-06-22 09:00,23.7,,.9,290,70,1245
102,백령도,2025-06-22 10:00,24.4,,1,90,65,2414
102,백령도,2025-06-22 11:00,26.8,,1.2,360,45,3609
102,백령도,2025-06-22 12:00,27.2,,1.3,320,39,3595
102,백령도,2025-06-22 13:00,27.3,,1.6,320,42,4523
102,백령도,2025-06-22 14:00,27.7,,3,320,34,4295
102,백령도,2025-06-22 15:00,27.4,,4.2,320,36,4737
102,백령도,2025-06-22 16:00,26.4,,4.7,290,33,4609
102,백령도,2025-06-22 17:00,27.6,,3.6,250,37,4685
102,백령도,2025-06-22 18:00,25.5,,3.2,270,45,4306
102,백령도,2025-06-22 19:00,24.3,,2.9,230,44,4126
102,백령도,2025-06-22 20:00,22.4,,1.7,290,50,4892
102,백령도,2025-06-22 21:00,22,,1.7,270,57,4525
102,백령도,2025-06-22 22:00,21.5,,1.9,270,52,4972
102,백령도,2025-06-22 23:00,21.3,,.1,0,56,4889
102,백령도,2025-06-23 00:00,21.3,,2.5,270,62,4677
102,백령도,2025-06-23 01:00,22.2,,3.8,270,64,3850
102,백령도,2025-06-23 02:00,21.2,,3.1,270,67,3810
102,백령도,2025-06-23 03:00,20.5,,2.6,320,61,4629
102,백령도,2025-06-23 04:00,17.2,,2,90,84,1290
102,백령도,2025-06-23 05:00,17.6,,2.1,110,84,1006
102,백령도,2025-06-23 06:00,17.4,,1.4,160,86,943
102,백령도,2025-06-23 07:00,19.6,,1.2,140,80,1372
102,백령도,2025-06-23 08:00,21.5,,1.4,160,72,2141
102,백령도,2025-06-23 09:00,22.3,,1.9,180,67,2502
102,백령도,2025-06-23 10:00,22.4,,3.3,180,68,2314
102,백령도,2025-06-23 11:00,23.2,,3.1,200,66,2421
102,백령도,2025-06-23 12:00,22.7,,3.8,180,75,1819
102,백령도,2025-06-23 13:00,22.7,,3.2,200,70,2457
102,백령도,2025-06-23 14:00,24.3,,2.3,200,64,3893
102,백령도,2025-06-23 15:00,26.2,,2.2,180,56,3268
102,백령도,2025-06-23 16:00,26.1,,1.8,340,55,4170
102,백령도,2025-06-23 17:00,26.1,,1.2,200,55,3803
102,백령도,2025-06-23 18:00,24.8,,1.5,320,61,3736
102,백령도,2025-06-23 19:00,23.7,,2.3,320,55,4107
102,백령도,2025-06-23 20:00,21,,2.2,320,82,1095
102,백령도,2025-06-23 21:00,20.3,,2,320,86,601
102,백령도,2025-06-23 22:00,20,,2.3,320,92,279
102,백령도,2025-06-23 23:00,20.3,,2,320,78,1161
102,백령도,2025-06-24 00:00,22,,1.8,320,50,4842
102,백령도,2025-06-24 01:00,22.2,,.2,0,46,4986
102,백령도,2025-06-24 02:00,21.7,,1,90,51,4902
102,백령도,2025-06-24 03:00,21.2,,1.3,90,62,3998
102,백령도,2025-06-24 04:00,22.6,,.1,0,64,3499
102,백령도,2025-06-24 05:00,21.4,,1.3,70,68,2928
102,백령도,2025-06-24 06:00,21.9,,.6,70,64,2992
102,백령도,2025-06-24 07:00,22.7,,.5,180,61,3301
102,백령도,2025-06-24 08:00,23.3,,1.2,90,61,2636
102,백령도,2025-06-24 09:00,24,,1.3,110,61,2560
102,백령도,2025-06-24 10:00,23.7,,.9,90,66,2237
102,백령도,2025-06-24 11:00,23.1,,1.1,340,61,2243
102,백령도,2025-06-24 12:00,23.1,,.8,290,67,2865
102,백령도,2025-06-24 13:00,24.4,,1,200,66,2614
102,백령도,2025-06-24 14:00,26.8,,3,70,60,1965
102,백령도,2025-06-24 15:00,26.6,,1.6,110,62,1637
102,백령도,2025-06-24 16:00,25.4,,2.3,70,67,1636
102,백령도,2025-06-24 17:00,24.4,,1.4,90,69,1666
102,백령도,2025-06-24 18:00,26.4,,1.6,70,58,2406
102,백령도,2025-06-24 19:00,24.5,,1.5,360,65,2294
102,백령도,2025-06-24 20:00,21.5,,1.4,360,77,1720
102,백령도,2025-06-24 21:00,23,,.9,360,61,2695
102,백령도,2025-06-24 22:00,24.1,,1.8,50,56,3149
102,백령도,2025-06-24 23:00,23.6,,2.6,50,61,2672
102,백령도,2025-06-25 00:00,21,0,.9,360,76,1979
102,백령도,2025-06-25 01:00,20.8,0,1.3,140,83,1346
102,백령도,2025-06-25 02:00,19.3,2,4.5,160,90,520
102,백령도,2025-06-25 03:00,18.8,.8,2.5,160,93,555
102,백령도,2025-06-25 04:00,18,.3,.6,110,95,344
102,백령도,2025-06-25 05:00,17.8,2.6,2.2,20,94,518
102,백령도,2025-06-25 06:00,17.5,3.4,3.2,50,96,370
102,백령도,2025-06-25 07:00,17.6,.7,2.7,360,96,579
102,백령도,2025-06-25 08:00,17.3,0,1.8,340,96,794
102,백령도,2025-06-25 09:00,17.7,.3,1.9,340,96,371
102,백령도,2025-06-25 10:00,17.6,.5,3.2,360,96,468
102,백령도,2025-06-25 11:00,18.4,1.3,2,360,96,756
102,백령도,2025-06-25 12:00,18.5,0,1.6,320,95,654
102,백령도,2025-06-25 13:00,19.4,.1,2.4,50,93,751
102,백령도,2025-06-25 14:00,20.4,0,1.1,20,90,1475
102,백령도,2025-06-25 15:00,20,,2.2,360,84,2555
102,백령도,2025-06-25 16:00,20.5,,1.7,320,85,2155
102,백령도,2025-06-25 17:00,19.2,0,2,340,88,1237
102,백령도,2025-06-25 18:00,19.6,0,.9,290,89,1628
102,백령도,2025-06-25 19:00,20.3,,1.1,320,85,3151
102,백령도,2025-06-25 20:00,19.8,,.9,320,89,2089
102,백령도,2025-06-25 21:00,18.9,,1,320,93,1096
102,백령도,2025-06-25 22:00,18.6,,1.3,320,92,1082
102,백령도,2025-06-25 23:00,18.2,,1.5,320,91,1143
102,백령도,2025-06-26 00:00,17.9,,1.8,290,95,390
102,백령도,2025-06-26 01:00,17.9,,1.8,320,95,322
102,백령도,2025-06-26 02:00,17.8,,1.2,320,94,453
102,백령도,2025-06-26 03:00,18.5,,1,290,91,801
102,백령도,2025-06-26 04:00,18.5,,1,320,91,676
102,백령도,2025-06-26 05:00,18.6,,.8,200,92,536
102,백령도,2025-06-26 06:00,19.3,,1.4,90,91,899
102,백령도,2025-06-26 07:00,19.8,,1.2,160,88,1284
102,백령도,2025-06-26 08:00,21.1,,.4,0,80,2568
102,백령도,2025-06-26 09:00,21.9,,2,90,82,2539
102,백령도,2025-06-26 10:00,23.2,,1.4,90,74,3066
102,백령도,2025-06-26 11:00,22,,3.2,200,74,3546
102,백령도,2025-06-26 12:00,23.1,,1.5,230,72,4312
102,백령도,2025-06-26 13:00,22.9,,1.7,250,71,3771
102,백령도,2025-06-26 14:00,23.7,,2.6,180,73,4152
102,백령도,2025-06-26 15:00,22.9,,2.8,50,75,3930
102,백령도,2025-06-26 16:00,23.4,,1.6,70,72,3699
102,백령도,2025-06-26 17:00,23.3,,1.3,70,71,4040
102,백령도,2025-06-26 18:00,22.5,,1.4,180,73,4261
102,백령도,2025-06-26 19:00,21.7,,2.1,180,77,4449
102,백령도,2025-06-26 20:00,20.5,,1.1,180,84,1916
102,백령도,2025-06-26 21:00,20.1,,1.8,140,87,1795
102,백령도,2025-06-26 22:00,19.6,,1.9,160,90,972
102,백령도,2025-06-26 23:00,19.8,,2.4,160,90,1323
102,백령도,2025-06-27 00:00,19.3,0,3.2,200,92,1040
102,백령도,2025-06-27 01:00,19.7,0,1.3,200,92,1252
102,백령도,2025-06-27 02:00,17.7,0,.9,110,94,336
102,백령도,2025-06-27 03:00,17.8,,1.2,110,96,273
102,백령도,2025-06-27 04:00,18.4,,1.8,110,96,196
102,백령도,2025-06-27 05:00,18.9,,1.5,110,95,648
102,백령도,2025-06-27 06:00,18.9,0,2,140,95,383
102,백령도,2025-06-27 07:00,19,.3,2.2,140,94,467
102,백령도,2025-06-27 08:00,19,2.1,2.4,140,96,212
102,백령도,2025-06-27 09:00,19.6,0,2.4,140,95,347
102,백령도,2025-06-27 10:00,19.6,.5,3.5,140,95,349
102,백령도,2025-06-27 11:00,19.9,0,3.3,140,91,598
102,백령도,2025-06-27 12:00,20.1,,4.4,140,89,924
102,백령도,2025-06-27 13:00,20.4,,4.6,140,85,1898
102,백령도,2025-06-27 14:00,20.4,0,4.7,140,89,783
102,백령도,2025-06-27 15:00,21.2,0,6.6,140,85,838
102,백령도,2025-06-27 16:00,20.4,,6.6,140,89,329
102,백령도,2025-06-27 17:00,20.1,,6.4,140,89,293
102,백령도,2025-06-27 18:00,21.2,,6.1,140,87,399
102,백령도,2025-06-27 19:00,21,,4.2,140,85,521
102,백령도,2025-06-27 20:00,20.6,,5.7,140,86,478
102,백령도,2025-06-27 21:00,20.5,,5.2,140,85,654
102,백령도,2025-06-27 22:00,20.6,,4.9,140,85,812
102,백령도,2025-06-27 23:00,19.4,0,3.9,160,94,136
102,백령도,2025-06-28 00:00,18.9,0,3.5,160,96,22
102,백령도,2025-06-28 01:00,19.3,0,2.8,180,96,21
102,백령도,2025-06-28 02:00,19.4,.1,2.4,180,97,21
102,백령도,2025-06-28 03:00,19.4,0,2.6,180,97,22
102,백령도,2025-06-28 04:00,19,0,4.3,200,97,23
102,백령도,2025-06-28 05:00,18.4,0,2.8,180,97,21
102,백령도,2025-06-28 06:00,19.1,0,3.3,180,97,21
102,백령도,2025-06-28 07:00,19.1,,2.4,180,97,22
102,백령도,2025-06-28 08:00,20,,2.8,180,97,42
102,백령도,2025-06-28 09:00,20.5,,3.2,180,97,126
102,백령도,2025-06-28 10:00,21.7,,3.5,180,97,448
102,백령도,2025-06-28 11:00,23,,3.1,180,89,1123
102,백령도,2025-06-28 12:00,23.1,,3.4,180,86,1029
102,백령도,2025-06-28 13:00,24.3,,3.1,200,83,1166
102,백령도,2025-06-28 14:00,24.8,,2.9,180,80,781
102,백령도,2025-06-28 15:00,24.6,,3,180,78,943
102,백령도,2025-06-28 16:00,24.8,,2.8,200,74,1081
102,백령도,2025-06-28 17:00,23.9,,1.8,200,80,1213
102,백령도,2025-06-28 18:00,21.9,,2.3,180,87,1331
102,백령도,2025-06-28 19:00,20.5,,1.7,180,93,1005
102,백령도,2025-06-28 20:00,20.1,,2.2,140,95,218
102,백령도,2025-06-28 21:00,20.6,,2.4,180,96,440
102,백령도,2025-06-28 22:00,20,,3.2,140,96,40
102,백령도,2025-06-28 23:00,21,,4.5,160,97,21
102,백령도,2025-06-29 00:00,20.4,,4.1,140,97,35
102,백령도,2025-06-29 01:00,20.4,,4.7,160,97,26
102,백령도,2025-06-29 02:00,20.2,,3.7,160,97,28
102,백령도,2025-06-29 03:00,20,,2.9,160,97,26
102,백령도,2025-06-29 04:00,19.6,0,1.1,110,97,22
102,백령도,2025-06-29 05:00,19.6,0,2.3,110,97,21
102,백령도,2025-06-29 06:00,19.9,0,2.4,110,97,21
102,백령도,2025-06-29 07:00,20.3,0,3.9,160,97,35
102,백령도,2025-06-29 08:00,20.4,,3.7,160,97,33
102,백령도,2025-06-29 09:00,20.7,,5.2,160,97,73
102,백령도,2025-06-29 10:00,20.9,,5,160,97,133
102,백령도,2025-06-29 11:00,21.4,,6.1,160,97,165
102,백령도,2025-06-29 12:00,21.7,,6,160,97,289
102,백령도,2025-06-29 13:00,21.7,,4.8,160,95,452
102,백령도,2025-06-29 14:00,21.8,,3.4,140,94,228
102,백령도,2025-06-29 15:00,21.1,,4.8,160,94,81
102,백령도,2025-06-29 16:00,20.7,,4.2,160,95,56
102,백령도,2025-06-29 17:00,20.3,,4.1,140,96,37
102,백령도,2025-06-29 18:00,20.6,,3.3,140,96,28
102,백령도,2025-06-29 19:00,20.2,,4.1,140,97,27
102,백령도,2025-06-29 20:00,21.2,0,4.8,140,97,38
102,백령도,2025-06-29 21:00,21.4,0,4.6,160,97,36
102,백령도,2025-06-29 22:00,21.5,0,6.3,160,97,31
102,백령도,2025-06-29 23:00,21.2,0,5.1,160,97,32
102,백령도,2025-06-30 00:00,21.3,0,5.9,160,97,43
102,백령도,2025-06-30 01:00,21.4,.1,4.9,160,97,47
102,백령도,2025-06-30 02:00,20.4,0,4.3,140,97,21
102,백령도,2025-06-30 03:00,21,0,4,160,97,26
102,백령도,2025-06-30 04:00,21,0,4.9,160,97,34
102,백령도,2025-06-30 05:00,20.8,0,5,160,97,32
102,백령도,2025-06-30 06:00,19.9,0,6.1,160,97,33
102,백령도,2025-06-30 07:00,20.1,0,6.5,160,97,35
102,백령도,2025-06-30 08:00,20.2,0,4.9,160,97,31
102,백령도,2025-06-30 09:00,20.3,.1,6.2,160,97,44
102,백령도,2025-06-30 10:00,21.4,0,3.6,180,97,119
102,백령도,2025-06-30 11:00,21.7,,3.6,180,97,53
102,백령도,2025-06-30 12:00,21.6,,2.5,200,97,47
102,백령도,2025-06-30 13:00,21.9,,2.3,180,97,58
102,백령도,2025-06-30 14:00,22.1,,4.8,160,97,54
102,백령도,2025-06-30 15:00,21.5,,3.3,160,97,38
102,백령도,2025-06-30 16:00,21.2,,5,160,97,49
102,백령도,2025-06-30 17:00,20.7,0,4.8,160,97,38
102,백령도,2025-06-30 18:00,20.7,0,3.8,160,97,25
102,백령도,2025-06-30 19:00,21.1,0,2.1,200,97,22
102,백령도,2025-06-30 20:00,22.4,.3,2.7,180,97,60
102,백령도,2025-06-30 21:00,21.6,0,4.1,160,97,58
102,백령도,2025-06-30 22:00,21.6,0,1.8,200,97,21
102,백령도,2025-06-30 23:00,22.2,0,4.6,180,97,28
102,백령도,2025-07-01 00:00,22.9,.2,4.5,180,97,207
102,백령도,2025-07-01 01:00,22.2,0,5.5,180,97,51
102,백령도,2025-07-01 02:00,23.2,,4.5,200,97,46
102,백령도,2025-07-01 03:00,23,.1,3.9,200,97,36
102,백령도,2025-07-01 04:00,22.8,0,2.8,230,97,28
102,백령도,2025-07-01 05:00,22.7,.1,2.8,200,97,31
102,백령도,2025-07-01 06:00,22,0,3.4,200,97,17
102,백령도,2025-07-01 07:00,21.8,0,3.4,230,97,19
102,백령도,2025-07-01 08:00,22.3,0,3.9,200,97,23
102,백령도,2025-07-01 09:00,22.6,0,3.6,200,97,216
102,백령도,2025-07-01 10:00,22.4,,2.5,200,97,76
102,백령도,2025-07-01 11:00,23,,2.9,200,97,172
102,백령도,2025-07-01 12:00,22.8,,2.4,160,97,432
102,백령도,2025-07-01 13:00,22.7,,2,200,97,363
102,백령도,2025-07-01 14:00,22.8,,2.6,200,96,345
102,백령도,2025-07-01 15:00,23.4,,2.9,200,95,551
102,백령도,2025-07-01 16:00,22.5,,3.4,180,95,217
102,백령도,2025-07-01 17:00,22.5,,5.6,160,95,111
102,백령도,2025-07-01 18:00,21.1,,2.9,200,96,54
102,백령도,2025-07-01 19:00,21.2,,3.6,160,97,37
102,백령도,2025-07-01 20:00,21.1,,5.1,160,97,33
102,백령도,2025-07-01 21:00,20.8,,3.5,160,97,24
102,백령도,2025-07-01 22:00,21.2,,5.7,160,97,27
102,백령도,2025-07-01 23:00,20.7,,3.3,200,97,22
102,백령도,2025-07-02 00:00,21.1,,3.1,180,97,23
102,백령도,2025-07-02 01:00,21.1,,2.9,200,97,22
102,백령도,2025-07-02 02:00,20.7,,2.7,180,97,26
102,백령도,2025-07-02 03:00,21.9,,3.1,180,97,27
102,백령도,2025-07-02 04:00,21.7,,3.5,180,97,24
102,백령도,2025-07-02 05:00,21.6,,4.1,180,97,25
102,백령도,2025-07-02 06:00,21.8,,3.6,180,97,35
102,백령도,2025-07-02 07:00,22.1,,3.7,180,97,84
102,백령도,2025-07-02 08:00,22.3,,4.6,180,97,310
102,백령도,2025-07-02 09:00,22.2,,3.3,180,97,153
102,백령도,2025-07-02 10:00,20.7,.3,3,140,97,36
102,백령도,2025-07-02 11:00,20.1,18.8,2.3,90,97,197
102,백령도,2025-07-02 12:00,21.6,.9,.7,140,97,590
102,백령도,2025-07-02 13:00,22,0,2.1,160,97,649
102,백령도,2025-07-02 14:00,24.1,,2.5,180,95,1958
102,백령도,2025-07-02 15:00,23.1,0,.6,360,91,2346
102,백령도,2025-07-02 16:00,21.1,0,4.4,140,96,141
102,백령도,2025-07-02 17:00,22.4,,4.7,160,93,695
102,백령도,2025-07-02 18:00,21.6,,4.3,160,96,35
102,백령도,2025-07-02 19:00,21.1,,2.1,180,96,21
102,백령도,2025-07-02 20:00,22,,3.1,180,97,27
102,백령도,2025-07-02 21:00,20.2,,1.1,140,97,23
102,백령도,2025-07-02 22:00,21.9,,3.3,180,97,19
102,백령도,2025-07-02 23:00,21.5,,2.1,200,97,15
102,백령도,2025-07-03 00:00,21.3,,4,200,97,14
102,백령도,2025-07-03 01:00,21.8,,2.3,200,97,14
102,백령도,2025-07-03 02:00,22.2,.1,3.9,200,97,14
102,백령도,2025-07-03 03:00,22.8,0,4.1,180,97,147
102,백령도,2025-07-03 04:00,21.8,.1,3,160,97,31
102,백령도,2025-07-03 05:00,21.5,0,3.5,180,97,23
102,백령도,2025-07-03 06:00,21.2,0,2.4,160,97,21
102,백령도,2025-07-03 07:00,21.2,0,2,180,97,23
102,백령도,2025-07-03 08:00,21.4,0,3.1,160,97,24
102,백령도,2025-07-03 09:00,21.7,,3.6,160,97,44
102,백령도,2025-07-03 10:00,22.8,,6.3,160,97,435
102,백령도,2025-07-03 11:00,22.9,,6.6,160,97,647
102,백령도,2025-07-03 12:00,23.4,,8.3,160,94,875
102,백령도,2025-07-03 13:00,23.1,,7,160,93,433
102,백령도,2025-07-03 14:00,23,,6.3,160,94,479
102,백령도,2025-07-03 15:00,22.9,,4.2,180,94,508
102,백령도,2025-07-03 16:00,22.6,,3.8,180,95,322
102,백령도,2025-07-03 17:00,23.6,,4.1,180,94,351
102,백령도,2025-07-03 18:00,23.9,,3.4,180,92,450
102,백령도,2025-07-03 19:00,23.5,,3,180,94,427
102,백령도,2025-07-03 20:00,22.9,,3.8,180,94,273
102,백령도,2025-07-03 21:00,23.2,,3.6,200,94,480
102,백령도,2025-07-03 22:00,23,,4.3,200,95,292
102,백령도,2025-07-03 23:00,23.1,,5.4,180,94,484
102,백령도,2025-07-04 00:00,22.8,,4.6,180,95,250
102,백령도,2025-07-04 01:00,23.3,,5.4,200,94,390
102,백령도,2025-07-04 02:00,23,,5.8,180,94,332
102,백령도,2025-07-04 03:00,23.4,,5.2,180,94,345
102,백령도,2025-07-04 04:00,23.2,,4.8,180,94,363
102,백령도,2025-07-04 05:00,22.7,,4,200,94,344
102,백령도,2025-07-04 06:00,22.8,,3.8,200,94,325
102,백령도,2025-07-04 07:00,23.4,,6,180,93,436
102,백령도,2025-07-04 08:00,23.4,,5,180,93,514
102,백령도,2025-07-04 09:00,23.3,,5.4,180,93,556
102,백령도,2025-07-04 10:00,24.2,,3.3,230,91,859
102,백령도,2025-07-04 11:00,24.2,,2.2,180,91,705
102,백령도,2025-07-04 12:00,24.7,,3,200,89,880
102,백령도,2025-07-04 13:00,25,,4.4,180,87,1021
102,백령도,2025-07-04 14:00,25.2,,3.1,180,87,1003
102,백령도,2025-07-04 15:00,24.1,,2,140,88,880
102,백령도,2025-07-04 16:00,22.4,,2.6,110,89,699
102,백령도,2025-07-04 17:00,23.8,,3,140,91,737
102,백령도,2025-07-04 18:00,23.1,,4.2,180,92,576
102,백령도,2025-07-04 19:00,22.5,,2.7,180,94,425
102,백령도,2025-07-04 20:00,22.5,,4.3,180,95,241
102,백령도,2025-07-04 21:00,22.1,,3.8,180,96,143
102,백령도,2025-07-04 22:00,21.5,,3.3,180,96,102
102,백령도,2025-07-04 23:00,21.7,,2.8,180,97,48
102,백령도,2025-07-05 00:00,22.2,,3.5,160,97,43
102,백령도,2025-07-05 01:00,22.8,,4.4,160,97,95
102,백령도,2025-07-05 02:00,22.7,,5.3,160,97,83
102,백령도,2025-07-05 03:00,22.7,,5.2,160,97,48
102,백령도,2025-07-05 04:00,22.6,,6.6,160,97,35
102,백령도,2025-07-05 05:00,22.3,,6.5,160,97,32
102,백령도,2025-07-05 06:00,22.3,,6.4,160,97,70
102,백령도,2025-07-05 07:00,22.5,,7.2,160,97,161
102,백령도,2025-07-05 08:00,22.5,,6.4,180,97,373
102,백령도,2025-07-05 09:00,23.1,,4.3,180,94,695
102,백령도,2025-07-05 10:00,23.8,,5.6,160,90,1126
102,백령도,2025-07-05 11:00,23.7,,4.1,140,88,1235
102,백령도,2025-07-05 12:00,24.6,,5,160,86,1266
102,백령도,2025-07-05 13:00,24.3,,6.6,160,88,1144
102,백령도,2025-07-05 14:00,23.6,,5.1,160,90,793
102,백령도,2025-07-05 15:00,23.2,,5.9,160,92,338
102,백령도,2025-07-05 16:00,23.7,,6.4,160,94,318
102,백령도,2025-07-05 17:00,23.6,,6,160,94,293
102,백령도,2025-07-05 18:00,23.1,,5.9,160,94,190
102,백령도,2025-07-05 19:00,22.4,,4.7,160,96,82
102,백령도,2025-07-05 20:00,22.3,,4.2,160,96,42
102,백령도,2025-07-05 21:00,22,,3.5,160,97,28
102,백령도,2025-07-05 22:00,22.3,,3.8,160,97,23
102,백령도,2025-07-05 23:00,22.1,,3.6,160,97,21
102,백령도,2025-07-06 00:00,22.2,,4,180,97,22
102,백령도,2025-07-06 01:00,22,,2.2,160,97,26
102,백령도,2025-07-06 02:00,21.9,,4.2,160,97,21
102,백령도,2025-07-06 03:00,22.4,,3.2,180,97,22
102,백령도,2025-07-06 04:00,21.7,,3,180,97,21
102,백령도,2025-07-06 05:00,21.7,,3.4,140,97,16
102,백령도,2025-07-06 06:00,22,,4.9,180,97,18
102,백령도,2025-07-06 07:00,22.6,,5.2,160,97,117
102,백령도,2025-07-06 08:00,22.8,,4.9,160,97,177
102,백령도,2025-07-06 09:00,22.9,,4.4,160,97,210
102,백령도,2025-07-06 10:00,22.7,,2.5,180,97,137
102,백령도,2025-07-06 11:00,24.1,,2.4,180,93,584
102,백령도,2025-07-06 12:00,24.4,,2.7,160,91,663
102,백령도,2025-07-06 13:00,25.7,,4.4,180,86,884
102,백령도,2025-07-06 14:00,26.2,,3.4,180,84,968
102,백령도,2025-07-06 15:00,26,,2,180,86,1138
102,백령도,2025-07-06 16:00,25.6,,1.8,180,87,1001
102,백령도,2025-07-06 17:00,25.2,,1.7,110,86,886
102,백령도,2025-07-06 18:00,24.4,,2.1,140,91,612
102,백령도,2025-07-06 19:00,23.6,,2.3,140,94,111
102,백령도,2025-07-06 20:00,21.4,,1.5,90,95,35
102,백령도,2025-07-06 21:00,22.5,,1.5,140,97,29
102,백령도,2025-07-06 22:00,22.8,,2.2,140,97,23
102,백령도,2025-07-06 23:00,22.6,,2.2,140,97,23
102,백령도,2025-07-07 00:00,22.9,,3.1,140,97,24
102,백령도,2025-07-07 01:00,22.5,,1.8,110,97,21
102,백령도,2025-07-07 02:00,22.4,,1.9,110,97,16
102,백령도,2025-07-07 03:00,22.8,,1.4,110,97,16
102,백령도,2025-07-07 04:00,22.8,,1.1,140,97,17
102,백령도,2025-07-07 05:00,22.6,,1,110,97,18
102,백령도,2025-07-07 06:00,22.7,,.8,110,97,18
102,백령도,2025-07-07 07:00,22.7,,1.7,110,97,22
102,백령도,2025-07-07 08:00,23.4,,2.3,110,97,42
102,백령도,2025-07-07 09:00,23.3,,3,140,97,70
102,백령도,2025-07-07 10:00,23.2,,2.7,140,97,121
102,백령도,2025-07-07 11:00,24.1,,3.5,140,97,263
102,백령도,2025-07-07 12:00,25.2,,3.3,140,90,803
102,백령도,2025-07-07 13:00,25.6,,2.6,140,86,1615
102,백령도,2025-07-07 14:00,25.9,,3,160,86,2159
102,백령도,2025-07-07 15:00,26.1,,2.3,160,84,3046
102,백령도,2025-07-07 16:00,24.9,,2.6,180,90,726
102,백령도,2025-07-07 17:00,24.4,,2.9,160,92,806
102,백령도,2025-07-07 18:00,24.4,,1.9,160,94,417
102,백령도,2025-07-07 19:00,23.4,,2.5,160,95,95
102,백령도,2025-07-07 20:00,23.1,,1.9,140,96,156
102,백령도,2025-07-07 21:00,23.2,,1.5,110,96,54
102,백령도,2025-07-07 22:00,23.7,,2.1,180,97,31
102,백령도,2025-07-07 23:00,23.3,,1.3,110,97,157
102,백령도,2025-07-08 00:00,23.3,,.9,140,97,170
102,백령도,2025-07-08 01:00,23.1,,.9,110,97,75
102,백령도,2025-07-08 02:00,23.2,,1.3,140,97,11
102,백령도,2025-07-08 03:00,23,,.5,140,97,58
102,백령도,2025-07-08 04:00,22.6,,1.5,110,97,12
102,백령도,2025-07-08 05:00,22.5,,1.3,110,97,24
102,백령도,2025-07-08 06:00,23.2,,1.3,110,97,25
102,백령도,2025-07-08 07:00,22.9,,1.1,160,97,17
102,백령도,2025-07-08 08:00,24.1,,1.8,90,97,11
102,백령도,2025-07-08 09:00,24.1,,1.5,110,97,45
102,백령도,2025-07-08 10:00,26.9,,2.2,110,95,600
102,백령도,2025-07-08 11:00,26.4,,2,110,86,427
102,백령도,2025-07-08 12:00,28.2,,1.4,230,78,688
102,백령도,2025-07-08 13:00,28.7,,2.3,320,77,1713
102,백령도,2025-07-08 14:00,28,,2.7,320,77,872
102,백령도,2025-07-08 15:00,24.4,,4.4,320,89,290
102,백령도,2025-07-08 16:00,27,,3.7,320,81,990
102,백령도,2025-07-08 17:00,26.6,,4.4,320,82,716
102,백령도,2025-07-08 18:00,23.4,,4.3,320,89,463
102,백령도,2025-07-08 19:00,24.6,,2.5,320,88,563
102,백령도,2025-07-08 20:00,24,,2.6,320,89,480
102,백령도,2025-07-08 21:00,24.7,,2.8,320,86,470
102,백령도,2025-07-08 22:00,24.6,,2.3,340,87,439
102,백령도,2025-07-08 23:00,24,,1.7,320,90,413
102,백령도,2025-07-09 00:00,23.9,,2.5,290,90,332
102,백령도,2025-07-09 01:00,23.7,,1.8,290,93,271
102,백령도,2025-07-09 02:00,26,,1.4,50,86,722
102,백령도,2025-07-09 03:00,25.2,,1,50,89,623
102,백령도,2025-07-09 04:00,25.3,,.7,50,89,588
102,백령도,2025-07-09 05:00,25.3,,.5,90,88,541
102,백령도,2025-07-09 06:00,25.1,,1.6,90,91,438
102,백령도,2025-07-09 07:00,26.1,,1.2,90,89,458
102,백령도,2025-07-09 08:00,27.7,,1.7,90,83,757
102,백령도,2025-07-09 09:00,28.2,,1.8,90,79,867
102,백령도,2025-07-09 10:00,29.3,,2.2,90,77,1026
102,백령도,2025-07-09 11:00,29.7,,2.9,140,70,1393
102,백령도,2025-07-09 12:00,30.5,,2.9,140,65,1608
102,백령도,2025-07-09 13:00,30.4,,3.2,160,62,2191
102,백령도,2025-07-09 14:00,30,,3.5,180,59,2212
102,백령도,2025-07-09 15:00,29.8,,4.7,180,57,2936
102,백령도,2025-07-09 16:00,29.5,,2.5,200,61,2203
102,백령도,2025-07-09 17:00,29.4,,1.9,200,61,2147
102,백령도,2025-07-09 18:00,27.5,,2.3,290,69,1876
102,백령도,2025-07-09 19:00,26.7,,1.9,320,77,1213
102,백령도,2025-07-09 20:00,25.2,,2.2,320,86,778
102,백령도,2025-07-09 21:00,24.3,,2.8,320,88,633
102,백령도,2025-07-09 22:00,24.6,,2.1,320,86,831
102,백령도,2025-07-09 23:00,25.1,,1.6,290,85,911
102,백령도,2025-07-10 00:00,25.1,,.8,290,85,1047
102,백령도,2025-07-10 01:00,25.1,,.7,320,85,1090
102,백령도,2025-07-10 02:00,26,,1.8,70,81,1292
102,백령도,2025-07-10 03:00,24.7,,1.4,90,88,663
102,백령도,2025-07-10 04:00,24.5,,1,110,92,344
102,백령도,2025-07-10 05:00,23.9,,1.6,110,93,293
102,백령도,2025-07-10 06:00,24.2,,2.4,110,94,241
102,백령도,2025-07-10 07:00,25.3,,2.2,110,84,1105
102,백령도,2025-07-10 08:00,26.6,,2.3,110,70,2747
102,백령도,2025-07-10 09:00,27.6,,3,140,64,2685
102,백령도,2025-07-10 10:00,28.8,,3.9,140,59,3495
102,백령도,2025-07-10 11:00,30.1,,3.4,140,55,3153
102,백령도,2025-07-10 12:00,29.5,,5.6,140,56,3029
102,백령도,2025-07-10 13:00,30.1,,3.7,160,55,3127
102,백령도,2025-07-10 14:00,31.3,,4.6,140,42,4069
102,백령도,2025-07-10 15:00,32,,3.3,140,39,4619
102,백령도,2025-07-10 16:00,31.9,,2.9,160,36,4589
102,백령도,2025-07-10 17:00,29.4,,3,320,52,3677
102,백령도,2025-07-10 18:00,28.7,,3.2,360,57,3443
102,백령도,2025-07-10 19:00,27.6,,3.2,360,59,3992
102,백령도,2025-07-10 20:00,26.1,,2.5,340,69,2930
102,백령도,2025-07-10 21:00,25.2,,2.1,320,74,2650
102,백령도,2025-07-10 22:00,26.5,,.1,0,70,2747
102,백령도,2025-07-10 23:00,26,,1.6,90,75,2437
102,백령도,2025-07-11 00:00,24.8,,1,110,81,1843
102,백령도,2025-07-11 01:00,24.3,,2.2,90,85,1606
102,백령도,2025-07-11 02:00,23.7,,2.9,90,80,2342
102,백령도,2025-07-11 03:00,23.5,,3.7,90,73,3100
102,백령도,2025-07-11 04:00,22.9,,3.9,110,74,3174
102,백령도,2025-07-11 05:00,22.1,,3.4,110,76,3267
102,백령도,2025-07-11 06:00,23.2,,4,110,67,3668
102,백령도,2025-07-11 07:00,23.6,,3.9,110,68,3965
102,백령도,2025-07-11 08:00,24.5,,4.5,110,62,3348
102,백령도,2025-07-11 09:00,25.6,,4,110,59,3669
102,백령도,2025-07-11 10:00,26.7,,3.2,110,55,3883
102,백령도,2025-07-11 11:00,28.6,,3.1,110,49,3693
102,백령도,2025-07-11 12:00,28.6,,3.7,140,48,3507
102,백령도,2025-07-11 13:00,28.1,,3.3,110,51,4181
102,백령도,2025-07-11 14:00,30.8,,2.3,70,38,4252
102,백령도,2025-07-11 15:00,29.2,,2.6,320,50,3965
102,백령도,2025-07-11 16:00,27.4,,4.2,320,53,4240
102,백령도,2025-07-11 17:00,27.7,,3.1,320,55,4205
102,백령도,2025-07-11 18:00,27.8,,2.4,340,55,4256
102,백령도,2025-07-11 19:00,27,,3.3,340,53,4566
102,백령도,2025-07-11 20:00,24.6,,1.6,320,65,3863
102,백령도,2025-07-11 21:00,25.1,,.4,0,66,3618
102,백령도,2025-07-11 22:00,24.5,,0,0,69,3246
102,백령도,2025-07-11 23:00,25.3,,.5,50,68,3206
102,백령도,2025-07-12 00:00,25.6,,1.4,70,68,3298
102,백령도,2025-07-12 01:00,25.1,,1.2,90,69,3389
102,백령도,2025-07-12 02:00,24.3,,.4,0,73,2866
102,백령도,2025-07-12 03:00,24.3,,1.3,90,74,2745
102,백령도,2025-07-12 04:00,23.7,,2.1,90,75,2568
102,백령도,2025-07-12 05:00,23,,2.6,90,79,2314
102,백령도,2025-07-12 06:00,23,,2.7,110,79,2636
102,백령도,2025-07-12 07:00,24.6,,3,110,73,2818
102,백령도,2025-07-12 08:00,25.6,,2.9,110,68,2788
102,백령도,2025-07-12 09:00,26.6,,2.5,140,60,3697
102,백령도,2025-07-12 10:00,27.2,,2.9,90,57,3851
102,백령도,2025-07-12 11:00,27.8,,3,140,55,4000
102,백령도,2025-07-12 12:00,28.5,,2.2,160,54,3780
102,백령도,2025-07-12 13:00,28.9,,3,200,52,3958
102,백령도,2025-07-12 14:00,26.6,,2.9,340,61,2741
102,백령도,2025-07-12 15:00,27.6,,2.6,320,58,3607
102,백령도,2025-07-12 16:00,26,,3.9,320,62,4339
102,백령도,2025-07-12 17:00,26.5,,3.6,320,67,3737
102,백령도,2025-07-12 18:00,25.6,,3.1,320,69,3588
102,백령도,2025-07-12 19:00,24,,3.9,320,75,2781
102,백령도,2025-07-12 20:00,23.1,,2.8,320,79,2419
102,백령도,2025-07-12 21:00,22.7,,2.5,320,81,2667
102,백령도,2025-07-12 22:00,24,,3.4,340,69,3898
102,백령도,2025-07-12 23:00,22.7,,2,320,76,3185
102,백령도,2025-07-13 00:00,22.9,,2.2,320,69,4539
102,백령도,2025-07-13 01:00,22.7,,1.5,320,68,4820
102,백령도,2025-07-13 02:00,23.2,,1.3,320,63,4856
102,백령도,2025-07-13 03:00,23.8,,.6,180,58,4972
102,백령도,2025-07-13 04:00,23.5,,.3,0,60,4892
102,백령도,2025-07-13 05:00,22.1,,.2,0,74,3201
102,백령도,2025-07-13 06:00,22.1,,1.3,140,77,3149
102,백령도,2025-07-13 07:00,24,,1.1,290,70,3416
102,백령도,2025-07-13 08:00,26.3,,0,0,60,3953
102,백령도,2025-07-13 09:00,25.4,,1.4,340,59,4648
102,백령도,2025-07-13 10:00,24.1,,2.5,320,60,4161
102,백령도,2025-07-13 11:00,24.6,,1.7,320,64,4311
102,백령도,2025-07-13 12:00,26,,1.5,320,59,4434
102,백령도,2025-07-13 13:00,26.7,,2.9,320,52,4573
102,백령도,2025-07-13 14:00,27.2,,2.2,320,50,4412
102,백령도,2025-07-13 15:00,24.9,,3.5,320,53,4754
102,백령도,2025-07-13 16:00,25.8,,2.8,320,53,4479
102,백령도,2025-07-13 17:00,25.8,,3.3,320,60,4628
102,백령도,2025-07-13 18:00,25.6,,4,320,67,4549
102,백령도,2025-07-13 19:00,24.4,,3.1,320,78,4018
102,백령도,2025-07-13 20:00,23,,3.8,320,86,3209
102,백령도,2025-07-13 21:00,22.6,,1.9,340,89,2097
102,백령도,2025-07-13 22:00,23,,1.5,340,79,3784
102,백령도,2025-07-13 23:00,22.4,,2.3,320,83,3368
102,백령도,2025-07-14 00:00,22.2,,2.9,290,94,499
102,백령도,2025-07-14 01:00,22.6,,5.2,320,96,28
102,백령도,2025-07-14 02:00,21.4,,3.8,340,84,3420
102,백령도,2025-07-14 03:00,21.6,,4.5,340,80,3346
102,백령도,2025-07-14 04:00,21.2,,4.4,340,84,2538
102,백령도,2025-07-14 05:00,20.6,,3.6,360,84,2456
102,백령도,2025-07-14 06:00,20.6,,6.1,360,82,2733
102,백령도,2025-07-14 07:00,21.4,,7.2,360,78,2911
102,백령도,2025-07-14 08:00,21.7,,5.1,360,77,3029
102,백령도,2025-07-14 09:00,22.3,,4.4,340,75,2762
102,백령도,2025-07-14 10:00,23.2,,4.3,360,72,3875
102,백령도,2025-07-14 11:00,23.8,,5,340,69,3256
102,백령도,2025-07-14 12:00,23.8,,5.8,340,69,3552
102,백령도,2025-07-14 13:00,24.1,,4.6,320,69,3004
102,백령도,2025-07-14 14:00,23.7,,4.9,290,70,3264
102,백령도,2025-07-14 15:00,24.8,,2.6,320,67,3627
102,백령도,2025-07-14 16:00,25.9,,3.6,340,65,4186
102,백령도,2025-07-14 17:00,25.7,,3.4,340,63,4644
102,백령도,2025-07-14 18:00,25.6,,2.2,320,64,4164
102,백령도,2025-07-14 19:00,26.1,0,1.8,360,59,4679
102,백령도,2025-07-14 20:00,23.5,0,1.5,140,77,3374
102,백령도,2025-07-14 21:00,23,,.9,270,76,3821
102,백령도,2025-07-14 22:00,22.9,,1.2,250,79,3211
102,백령도,2025-07-14 23:00,22.8,,1.3,270,78,3777
102,백령도,2025-07-15 00:00,21.3,,2,110,84,2842
102,백령도,2025-07-15 01:00,21.1,,.5,140,89,2113
102,백령도,2025-07-15 02:00,22.2,,5.3,160,83,3687
102,백령도,2025-07-15 03:00,21.2,,2.7,180,88,3132
102,백령도,2025-07-15 04:00,21.2,,2.1,200,88,2894
102,백령도,2025-07-15 05:00,19.7,,2.6,110,94,1524
102,백령도,2025-07-15 06:00,20.7,,1.6,140,91,3028
102,백령도,2025-07-15 07:00,21.4,,2.6,110,88,4255
102,백령도,2025-07-15 08:00,22.9,,2.9,180,78,4974
102,백령도,2025-07-15 09:00,23.2,,4,160,79,4748
102,백령도,2025-07-15 10:00,24,,3.2,180,78,4670
102,백령도,2025-07-15 11:00,24.6,,2.9,160,77,4902
102,백령도,2025-07-15 12:00,22.7,,3.4,110,83,4921
102,백령도,2025-07-15 13:00,25.9,,3.6,140,74,4749
102,백령도,2025-07-15 14:00,25.8,,3.6,180,75,4733
102,백령도,2025-07-15 15:00,26.8,,1.4,250,74,4665
102,백령도,2025-07-15 16:00,26.5,,2.6,340,69,4291
102,백령도,2025-07-15 17:00,25.6,,2.2,360,70,4528
102,백령도,2025-07-15 18:00,24.9,,2.1,290,74,4337
102,백령도,2025-07-15 19:00,23.3,,1.3,70,82,3942
102,백령도,2025-07-15 20:00,22.9,,.1,0,84,3764
102,백령도,2025-07-15 21:00,22.4,,.5,180,88,2737
102,백령도,2025-07-15 22:00,22.3,,1.1,160,86,2931
102,백령도,2025-07-15 23:00,21.8,,2.2,180,88,1878
102,백령도,2025-07-16 00:00,22.9,,2.7,200,87,2218
102,백령도,2025-07-16 01:00,23,0,2.3,200,91,927
102,백령도,2025-07-16 02:00,23.6,0,5.2,250,83,2287
102,백령도,2025-07-16 03:00,20.7,.6,6.9,270,91,1215
102,백령도,2025-07-16 04:00,20.6,0,3.9,250,90,2518
102,백령도,2025-07-16 05:00,21.2,,1.7,230,82,4069
102,백령도,2025-07-16 06:00,21.3,,4.2,180,79,3760
102,백령도,2025-07-16 07:00,21.9,0,2.8,160,78,3802
102,백령도,2025-07-16 08:00,19.8,0,1.9,110,93,659
102,백령도,2025-07-16 09:00,20.5,1,2.7,110,93,1362
102,백령도,2025-07-16 10:00,21.1,0,4.1,140,86,2134
102,백령도,2025-07-16 11:00,20.4,0,5,110,94,516
102,백령도,2025-07-16 12:00,20.8,2.1,3.7,140,96,132
102,백령도,2025-07-16 13:00,20.3,.2,4.2,140,96,248
102,백령도,2025-07-16 14:00,20.4,3.7,3.7,110,96,407
102,백령도,2025-07-16 15:00,20.8,18.6,6.4,90,96,111
102,백령도,2025-07-16 16:00,21.7,33.1,6.3,140,96,161
102,백령도,2025-07-16 17:00,21.2,8.8,7,140,96,458
102,백령도,2025-07-16 18:00,21,0,6.6,140,95,455
102,백령도,2025-07-16 19:00,20.9,0,6.3,140,95,462
102,백령도,2025-07-16 20:00,21.3,,4.7,140,94,1158
102,백령도,2025-07-16 21:00,21.7,,5,140,95,892
102,백령도,2025-07-16 22:00,21.5,,4.1,110,95,874
102,백령도,2025-07-16 23:00,21.5,,3.9,110,95,779
102,백령도,2025-07-17 00:00,21.6,,4.2,110,96,133
102,백령도,2025-07-17 01:00,21.7,,3.8,140,96,298
102,백령도,2025-07-17 02:00,21.8,,2.1,110,96,137
102,백령도,2025-07-17 03:00,21.9,,2.2,110,96,26
102,백령도,2025-07-17 04:00,21.8,,.6,110,97,21
102,백령도,2025-07-17 05:00,21.7,,.6,90,97,21
102,백령도,2025-07-17 06:00,21.8,,1.7,110,97,22
102,백령도,2025-07-17 07:00,22.4,,.5,160,97,30
102,백령도,2025-07-17 08:00,22.9,,2.4,160,97,61
102,백령도,2025-07-17 09:00,22.8,,1.5,140,97,522
102,백령도,2025-07-17 10:00,25.5,,2.5,200,92,2174
102,백령도,2025-07-17 11:00,25.2,,1.6,340,84,1910
102,백령도,2025-07-17 12:00,25.3,,1.7,110,83,1959
102,백령도,2025-07-17 13:00,24.6,,4.9,320,83,2225
102,백령도,2025-07-17 14:00,25.5,,4.1,320,79,3926
102,백령도,2025-07-17 15:00,24.5,,3.8,320,84,4296
102,백령도,2025-07-17 16:00,23.8,,3.7,320,87,3041
102,백령도,2025-07-17 17:00,24.4,,2.8,360,82,2629
102,백령도,2025-07-17 18:00,23.9,,1.4,340,81,3264
102,백령도,2025-07-17 19:00,23.4,,1.5,290,87,1969
102,백령도,2025-07-17 20:00,22.1,,.9,290,92,1039
102,백령도,2025-07-17 21:00,22,,.1,0,94,778
102,백령도,2025-07-17 22:00,21.3,,0,0,93,1232
102,백령도,2025-07-17 23:00,21.2,,0,0,93,1857
102,백령도,2025-07-18 00:00,20.9,,1.1,290,93,1461
102,백령도,2025-07-18 01:00,20.3,,1.2,110,94,834
102,백령도,2025-07-18 02:00,19.9,,.8,180,95,478
102,백령도,2025-07-18 03:00,21,,0,0,94,1737
102,백령도,2025-07-18 04:00,20.9,,1.3,110,94,970
102,백령도,2025-07-18 05:00,20.2,,0,0,95,662
102,백령도,2025-07-18 06:00,20,,.3,0,96,101
102,백령도,2025-07-18 07:00,21.6,,.6,90,96,604
102,백령도,2025-07-18 08:00,22.9,,.7,110,94,534
102,백령도,2025-07-18 09:00,24.7,,1.1,90,78,3740
102,백령도,2025-07-18 10:00,25.1,,2,90,77,4739
102,백령도,2025-07-18 11:00,25.4,,2.5,140,72,4172
102,백령도,2025-07-18 12:00,26.8,,1.4,90,68,4441
102,백령도,2025-07-18 13:00,27.1,,2.8,140,70,4208
102,백령도,2025-07-18 14:00,26.6,,3.5,180,75,3436
102,백령도,2025-07-18 15:00,24.1,,4.2,160,86,2374
102,백령도,2025-07-18 16:00,24.4,,3.4,140,85,3515
102,백령도,2025-07-18 17:00,23.2,,2.6,140,89,2632
102,백령도,2025-07-18 18:00,23.1,,3.1,140,87,3671
102,백령도,2025-07-18 19:00,22.9,,1.9,110,86,3601
102,백령도,2025-07-18 20:00,22.5,,1.5,140,88,3382
102,백령도,2025-07-18 21:00,22.4,,2.1,140,92,2671
102,백령도,2025-07-18 22:00,22.1,0,1.5,110,96,372
102,백령도,2025-07-18 23:00,22.3,0,.5,110,96,822
102,백령도,2025-07-19 00:00,21.8,0,.8,70,96,41
102,백령도,2025-07-19 01:00,21.7,.3,1.7,90,97,36
102,백령도,2025-07-19 02:00,21.9,.1,.3,0,97,21
102,백령도,2025-07-19 03:00,22.3,0,1.2,70,97,37
102,백령도,2025-07-19 04:00,21.8,.8,2.3,90,97,27
102,백령도,2025-07-19 05:00,21.6,.1,2.5,90,97,22
102,백령도,2025-07-19 06:00,21.5,.2,2.4,90,97,31
102,백령도,2025-07-19 07:00,21.8,1,1.9,110,97,49
102,백령도,2025-07-19 08:00,22.2,.3,1.3,140,97,63
102,백령도,2025-07-19 09:00,21.9,.5,2,110,97,51
102,백령도,2025-07-19 10:00,22.3,0,3.1,110,97,57
102,백령도,2025-07-19 11:00,22.6,0,4.5,110,97,802
102,백령도,2025-07-19 12:00,23.7,,5.3,110,92,1942
102,백령도,2025-07-19 13:00,23.8,,4.2,110,90,1017
102,백령도,2025-07-19 14:00,24.3,,3.7,110,90,1004
102,백령도,2025-07-19 15:00,26.1,,2.2,110,85,2503
102,백령도,2025-07-19 16:00,24.5,,3.4,160,90,3286
102,백령도,2025-07-19 17:00,24,,4.1,140,94,985
102,백령도,2025-07-19 18:00,24.4,,2.9,180,89,1324
102,백령도,2025-07-19 19:00,24.6,,3.8,230,89,2047
102,백령도,2025-07-19 20:00,24.3,,2.9,230,87,4047
102,백령도,2025-07-19 21:00,23.5,,2.2,200,90,2423
102,백령도,2025-07-19 22:00,22.4,,2.5,180,93,1098
102,백령도,2025-07-19 23:00,22.7,,2.1,160,95,473
102,백령도,2025-07-20 00:00,22.7,,.8,180,96,397
102,백령도,2025-07-20 01:00,22.8,,2,160,96,43
102,백령도,2025-07-20 02:00,22.4,1,1.4,110,96,46
102,백령도,2025-07-20 03:00,22.9,.4,2.4,160,97,295
102,백령도,2025-07-20 04:00,22.9,1,1.8,140,97,163
102,백령도,2025-07-20 05:00,25.3,0,4.2,230,97,609
102,백령도,2025-07-20 06:00,25.5,.2,4.2,230,94,1161
102,백령도,2025-07-20 07:00,25.6,,4.2,200,94,730
102,백령도,2025-07-20 08:00,26.2,.1,4.9,200,92,986
102,백령도,2025-07-20 09:00,26.3,,5.5,200,91,1141
102,백령도,2025-07-20 10:00,26.3,,6.2,200,90,1144
102,백령도,2025-07-20 11:00,27.8,,6,200,84,1779
102,백령도,2025-07-20 12:00,26.9,,5.9,200,86,1525
102,백령도,2025-07-20 13:00,26.9,,6.2,180,87,1533
102,백령도,2025-07-20 14:00,26.7,,6.4,200,87,1552
102,백령도,2025-07-20 15:00,27,,6.3,200,86,1634
102,백령도,2025-07-20 16:00,26.8,,7.2,200,86,1555
102,백령도,2025-07-20 17:00,26.8,,6.9,200,85,1870
102,백령도,2025-07-20 18:00,26.5,,5.2,200,87,1684
102,백령도,2025-07-20 19:00,25.3,,4.9,180,89,1179
102,백령도,2025-07-20 20:00,24.5,,2.9,160,93,950
102,백령도,2025-07-20 21:00,25,,4.1,180,92,1101
102,백령도,2025-07-20 22:00,25.2,,4.4,180,92,909
102,백령도,2025-07-20 23:00,25.7,,5.2,200,90,1291
102,백령도,2025-07-21 00:00,24.7,,5.7,180,90,1201
102,백령도,2025-07-21 01:00,24.9,,4,180,90,1213
102,백령도,2025-07-21 02:00,24.6,,4.2,180,91,1041
102,백령도,2025-07-21 03:00,25.1,,4.1,180,90,1111
102,백령도,2025-07-21 04:00,25.1,,4.4,180,90,1168
102,백령도,2025-07-21 05:00,25.3,,4.1,180,90,1210
102,백령도,2025-07-21 06:00,24.7,,3.2,180,90,1445
102,백령도,2025-07-21 07:00,25.1,,4,180,90,1581
102,백령도,2025-07-21 08:00,24.5,,2.8,160,90,1339
102,백령도,2025-07-21 09:00,24,,1.9,200,93,707
102,백령도,2025-07-21 10:00,25.1,,2.5,230,90,1294
102,백령도,2025-07-21 11:00,26.5,,4.3,180,86,1730
102,백령도,2025-07-21 12:00,26.3,,4.1,180,87,1910
102,백령도,2025-07-21 13:00,26.6,,5.2,180,86,1961
102,백령도,2025-07-21 14:00,28.2,,5.2,200,84,2106
102,백령도,2025-07-21 15:00,27.8,,5.9,180,83,1966
102,백령도,2025-07-21 16:00,27.8,,5.4,200,84,2500
102,백령도,2025-07-21 17:00,27.4,,5.1,200,86,2171
102,백령도,2025-07-21 18:00,27.4,,5.3,200,86,2579
102,백령도,2025-07-21 19:00,26.5,,4.9,200,90,1792
102,백령도,2025-07-21 20:00,26.3,,3.8,200,91,1566
102,백령도,2025-07-21 21:00,26.2,,4,230,92,1561
102,백령도,2025-07-21 22:00,26.2,,4.1,230,92,1557
102,백령도,2025-07-21 23:00,26.1,,4.2,230,93,1173
102,백령도,2025-07-22 00:00,26.1,,3.2,230,93,1255
102,백령도,2025-07-22 01:00,26.3,,4.3,230,92,1640
102,백령도,2025-07-22 02:00,26.2,,3.2,230,92,1581
102,백령도,2025-07-22 03:00,25.8,,3.3,200,93,1384
102,백령도,2025-07-22 04:00,26.1,,3.1,230,92,1655
102,백령도,2025-07-22 05:00,25.9,,3.2,200,94,1366
102,백령도,2025-07-22 06:00,25.8,,3.1,200,94,1056
102,백령도,2025-07-22 07:00,25.9,0,2.7,230,94,1303
102,백령도,2025-07-22 08:00,26.6,,3.1,200,89,1828
102,백령도,2025-07-22 09:00,26.6,,3.3,200,87,2034
102,백령도,2025-07-22 10:00,27.2,,3.4,180,85,2007
102,백령도,2025-07-22 11:00,27.4,,4,200,85,1919
102,백령도,2025-07-22 12:00,27.1,,4.6,180,85,1978
102,백령도,2025-07-22 13:00,27.9,,4.9,180,82,2852
102,백령도,2025-07-22 14:00,28.5,,4,180,81,2661
102,백령도,2025-07-22 15:00,27.2,,3.5,180,84,1979
102,백령도,2025-07-22 16:00,27.9,,3.1,200,82,2619
102,백령도,2025-07-22 17:00,27.3,,2.9,180,85,2188
102,백령도,2025-07-22 18:00,23.6,,4.3,50,83,4797
102,백령도,2025-07-22 19:00,23,0,3.9,70,92,2389
102,백령도,2025-07-22 20:00,23.3,0,3.2,110,91,3730
102,백령도,2025-07-22 21:00,24.5,0,5.4,140,86,4897
102,백령도,2025-07-22 22:00,24.4,,4.5,160,93,1197
102,백령도,2025-07-22 23:00,24.4,,3.4,180,96,79
102,백령도,2025-07-23 00:00,24.3,,1,200,96,43
102,백령도,2025-07-23 01:00,22.3,,2.4,90,96,22
102,백령도,2025-07-23 02:00,22.5,,1.4,90,97,165
102,백령도,2025-07-23 03:00,22.7,,2,110,97,21
102,백령도,2025-07-23 04:00,23.4,,1.1,110,97,26
102,백령도,2025-07-23 05:00,23.6,,1.5,140,97,21
102,백령도,2025-07-23 06:00,23.8,,1.5,160,97,6
102,백령도,2025-07-23 07:00,23.9,,1.8,180,97,6
102,백령도,2025-07-23 08:00,24.5,,2.9,160,97,131
102,백령도,2025-07-23 09:00,24.8,,3.8,160,97,262
102,백령도,2025-07-23 10:00,25.6,,2.6,160,96,786
102,백령도,2025-07-23 11:00,25.1,,3.7,160,94,486
102,백령도,2025-07-23 12:00,25.1,,4.3,180,91,990
102,백령도,2025-07-23 13:00,25.7,,4.4,180,91,735
102,백령도,2025-07-23 14:00,26,,4.4,180,88,1803
102,백령도,2025-07-23 15:00,26.2,,3.7,180,87,2350
102,백령도,2025-07-23 16:00,26.5,,3.3,180,84,2371
102,백령도,2025-07-23 17:00,25.6,,2.7,200,89,1900
102,백령도,2025-07-23 18:00,25.3,,2.8,200,89,1593
102,백령도,2025-07-23 19:00,25.4,,2.4,200,89,1825
102,백령도,2025-07-23 20:00,23.9,,1.5,180,95,113
102,백령도,2025-07-23 21:00,22.3,,1.9,110,96,27
102,백령도,2025-07-23 22:00,22.2,,2.1,90,97,16
102,백령도,2025-07-23 23:00,22.7,,1.3,110,97,11
102,백령도,2025-07-24 00:00,22.7,,1.7,90,97,15
102,백령도,2025-07-24 01:00,22.7,,1.6,110,97,30
102,백령도,2025-07-24 02:00,23.2,,1.3,110,97,21
102,백령도,2025-07-24 03:00,23.4,,.9,160,97,17
102,백령도,2025-07-24 04:00,23,,1.4,110,97,21
102,백령도,2025-07-24 05:00,22.2,,1.9,90,97,18
102,백령도,2025-07-24 06:00,22.9,,1.7,90,97,9
102,백령도,2025-07-24 07:00,23.5,,1.8,110,97,18
102,백령도,2025-07-24 08:00,24.1,,1.5,110,97,28
102,백령도,2025-07-24 09:00,24.7,,1.6,140,96,229
102,백령도,2025-07-24 10:00,25.5,,1.4,180,95,1542
102,백령도,2025-07-24 11:00,27.1,,2.1,160,84,2217
102,백령도,2025-07-24 12:00,27.5,,2.9,200,76,3264
102,백령도,2025-07-24 13:00,27,,1.6,200,81,3172
102,백령도,2025-07-24 14:00,28.4,,2.4,200,78,2819
102,백령도,2025-07-24 15:00,27.9,,1.3,360,76,3501
102,백령도,2025-07-24 16:00,28.3,,1.3,90,77,2993
102,백령도,2025-07-24 17:00,28.7,,.6,110,72,2913
102,백령도,2025-07-24 18:00,27.8,,1.9,340,72,3364
102,백령도,2025-07-24 19:00,26.8,,2.3,320,77,3496
102,백령도,2025-07-24 20:00,25.4,,0,0,86,1929
102,백령도,2025-07-24 21:00,24.6,,0,0,89,1319
102,백령도,2025-07-24 22:00,23.9,,.5,340,90,1333
102,백령도,2025-07-24 23:00,23.3,,1.5,320,94,438
102,백령도,2025-07-25 00:00,23.4,,1.8,320,94,615
102,백령도,2025-07-25 01:00,23.2,,1.9,320,92,1157
102,백령도,2025-07-25 02:00,23.2,,1.9,340,90,1690
102,백령도,2025-07-25 03:00,23.1,,1.3,290,90,1630
102,백령도,2025-07-25 04:00,22.8,,1.2,290,90,1393
102,백령도,2025-07-25 05:00,23.1,,0,0,88,2062
102,백령도,2025-07-25 06:00,22.6,,1,110,90,1187
102,백령도,2025-07-25 07:00,24.1,,1.4,90,89,1132
102,백령도,2025-07-25 08:00,25.5,,2.3,90,86,1363
102,백령도,2025-07-25 09:00,26.4,,2.3,90,82,1595
102,백령도,2025-07-25 10:00,27.4,,1.9,110,75,2141
102,백령도,2025-07-25 11:00,28.2,,2.1,90,75,2313
102,백령도,2025-07-25 12:00,27.4,,1.8,320,76,2134
102,백령도,2025-07-25 13:00,29,,1,70,65,3341
102,백령도,2025-07-25 14:00,30,,1.5,110,64,3357
102,백령도,2025-07-25 15:00,27.3,,2.9,320,78,2405
102,백령도,2025-07-25 16:00,27.4,,3.1,290,73,2652
102,백령도,2025-07-25 17:00,27.6,,2.7,290,73,2952
102,백령도,2025-07-25 18:00,26.2,,2.8,290,75,2634
102,백령도,2025-07-25 19:00,26.1,,1.4,320,78,2024
102,백령도,2025-07-25 20:00,25.1,,.6,270,83,1887
102,백령도,2025-07-25 21:00,24.2,,1.2,200,87,1021
102,백령도,2025-07-25 22:00,24.1,,1,340,81,1972
102,백령도,2025-07-25 23:00,23.6,,.2,0,85,2018
102,백령도,2025-07-26 00:00,23.9,,.1,0,85,1625
102,백령도,2025-07-26 01:00,23.7,,1.4,70,88,1262
102,백령도,2025-07-26 02:00,23.4,,1.4,70,89,1050
102,백령도,2025-07-26 03:00,23,,1.2,110,87,1715
102,백령도,2025-07-26 04:00,21.3,,.3,0,91,1137
102,백령도,2025-07-26 05:00,23.9,,1,110,86,1372
102,백령도,2025-07-26 06:00,23.3,,1.4,110,81,1986
102,백령도,2025-07-26 07:00,24.2,,1,70,80,2527
102,백령도,2025-07-26 08:00,26.2,,.3,0,77,2191
102,백령도,2025-07-26 09:00,27.8,,.3,0,73,2082
102,백령도,2025-07-26 10:00,27.1,,1.3,340,70,2551
102,백령도,2025-07-26 11:00,30.6,,1,360,45,4794
102,백령도,2025-07-26 12:00,30.3,,2.3,360,43,4933
102,백령도,2025-07-26 13:00,30.8,,1.8,320,51,3663
102,백령도,2025-07-26 14:00,31.1,,2.4,290,50,3207
102,백령도,2025-07-26 15:00,28.5,,2.9,320,61,3353
102,백령도,2025-07-26 16:00,25.5,,3.3,320,78,3221
102,백령도,2025-07-26 17:00,27.8,,3.2,320,61,4096
102,백령도,2025-07-26 18:00,25.8,,3,320,68,3657
102,백령도,2025-07-26 19:00,25.7,,1.9,320,61,4564
102,백령도,2025-07-26 20:00,24.5,,2.1,320,60,4958
102,백령도,2025-07-26 21:00,24.3,,2.3,320,55,4541
102,백령도,2025-07-26 22:00,24.2,,1.9,290,55,4954
102,백령도,2025-07-26 23:00,24.7,,1,320,50,5000
102,백령도,2025-07-27 00:00,24.3,,1.9,320,52,4982
102,백령도,2025-07-27 01:00,22.9,,1.7,290,64,4904
102,백령도,2025-07-27 02:00,23.9,,1.5,290,59,4860
102,백령도,2025-07-27 03:00,24.8,,1,290,53,4993
102,백령도,2025-07-27 04:00,24.3,,1.2,320,58,4854
102,백령도,2025-07-27 05:00,26.4,,.4,0,53,4845
102,백령도,2025-07-27 06:00,25.6,,.6,50,62,3758
102,백령도,2025-07-27 07:00,25.1,,1.7,90,72,3045
102,백령도,2025-07-27 08:00,26.7,,2,90,75,1883
102,백령도,2025-07-27 09:00,27.6,,2.3,140,72,1571
102,백령도,2025-07-27 10:00,26.6,,2.1,340,74,1539
102,백령도,2025-07-27 11:00,27.4,,2.4,290,70,1874
102,백령도,2025-07-27 12:00,28.1,,3.2,320,69,1990
102,백령도,2025-07-27 13:00,30.1,,2.4,290,62,2165
102,백령도,2025-07-27 14:00,31.1,,2.7,290,57,2807
102,백령도,2025-07-27 15:00,28.5,,3.3,320,61,3023
102,백령도,2025-07-27 16:00,28.9,,2.9,320,58,2785
102,백령도,2025-07-27 17:00,28.2,,2.4,290,58,3000
102,백령도,2025-07-27 18:00,28.6,,2.5,320,54,3549
102,백령도,2025-07-27 19:00,26.5,,2.2,320,41,4818
102,백령도,2025-07-27 20:00,25.3,,2.7,320,47,4999
102,백령도,2025-07-27 21:00,25.2,,2.4,320,46,4931
102,백령도,2025-07-27 22:00,25.1,,1.7,290,48,4886
102,백령도,2025-07-27 23:00,25.5,,1.3,290,44,4938
102,백령도,2025-07-28 00:00,24.6,,1.9,320,52,4694
102,백령도,2025-07-28 01:00,24.7,,2,320,49,4907
102,백령도,2025-07-28 02:00,25.3,,1.1,320,45,5000
102,백령도,2025-07-28 03:00,26.2,,1.7,50,44,4950
102,백령도,2025-07-28 04:00,23.7,,1.5,140,58,4678
102,백령도,2025-07-28 05:00,24.3,,.4,0,56,4945
102,백령도,2025-07-28 06:00,23.8,,1,160,62,4739
102,백령도,2025-07-28 07:00,24.6,,1.7,200,68,4582
102,백령도,2025-07-28 08:00,27.5,,.7,20,62,3853
102,백령도,2025-07-28 09:00,26.3,,2.4,340,57,4580
102,백령도,2025-07-28 10:00,29.1,,1.9,320,46,4530
102,백령도,2025-07-28 11:00,30.2,,1.6,340,53,3789
102,백령도,2025-07-28 12:00,30.4,,2.5,320,52,4281
102,백령도,2025-07-28 13:00,28.8,,3.4,320,56,4296
102,백령도,2025-07-28 14:00,28.9,,3.1,320,56,4235
102,백령도,2025-07-28 15:00,28.5,,3.9,320,60,4019
102,백령도,2025-07-28 16:00,28.2,,3.7,320,65,2512
102,백령도,2025-07-28 17:00,27.5,,4.2,320,69,2976
102,백령도,2025-07-28 18:00,27.4,,3.7,320,71,2652
102,백령도,2025-07-28 19:00,26.9,,2.2,320,75,2416
102,백령도,2025-07-28 20:00,25.2,,1.8,320,84,1918
102,백령도,2025-07-28 21:00,24.7,,1.7,320,86,1608
102,백령도,2025-07-28 22:00,24.4,,1.6,320,88,1396
102,백령도,2025-07-28 23:00,24.6,,1.8,320,90,958
102,백령도,2025-07-29 00:00,24.2,,1.6,290,92,710
102,백령도,2025-07-29 01:00,24.8,,.4,0,91,675
102,백령도,2025-07-29 02:00,24.9,,0,0,89,990
102,백령도,2025-07-29 03:00,23.8,,.9,340,89,663
102,백령도,2025-07-29 04:00,23.6,,1.4,290,93,491
102,백령도,2025-07-29 05:00,23.6,,.4,0,93,556
102,백령도,2025-07-29 06:00,23.8,,0,0,93,557
102,백령도,2025-07-29 07:00,25.5,,0,0,87,1339
102,백령도,2025-07-29 08:00,26.9,,1,90,79,1662
102,백령도,2025-07-29 09:00,27.6,,1.8,110,73,1940
102,백령도,2025-07-29 10:00,29,,2.1,110,70,2588
102,백령도,2025-07-29 11:00,29.3,,2.8,140,67,2583
102,백령도,2025-07-29 12:00,28.7,,2.9,200,67,2270
102,백령도,2025-07-29 13:00,30.1,,2.5,200,56,3678
102,백령도,2025-07-29 14:00,30.1,,1.7,340,63,2606
102,백령도,2025-07-29 15:00,29.7,,1.3,360,62,2581
102,백령도,2025-07-29 16:00,29.6,,3,200,61,2691
102,백령도,2025-07-29 17:00,29.2,,1.9,200,64,2435
102,백령도,2025-07-29 18:00,29.6,,1.5,200,56,2943
102,백령도,2025-07-29 19:00,27.5,,.8,290,72,2045
102,백령도,2025-07-29 20:00,25.9,,0,0,78,1666
102,백령도,2025-07-29 21:00,25,,.2,0,80,1639
102,백령도,2025-07-29 22:00,24.2,,.3,0,81,1804
102,백령도,2025-07-29 23:00,24.3,,0,0,83,1404
102,백령도,2025-07-30 00:00,23.9,,1.5,140,85,1159
102,백령도,2025-07-30 01:00,22.7,,1.1,160,88,1207
102,백령도,2025-07-30 02:00,22.7,,1.6,180,90,585
102,백령도,2025-07-30 03:00,23,,2.3,200,88,613
102,백령도,2025-07-30 04:00,24.3,,.3,0,84,1843
102,백령도,2025-07-30 05:00,23,,1.8,90,88,960
102,백령도,2025-07-30 06:00,23,,2.4,90,88,966
102,백령도,2025-07-30 07:00,23.7,,1.8,110,88,1047
102,백령도,2025-07-30 08:00,23.7,,1.9,90,86,1215
102,백령도,2025-07-30 09:00,25.1,,1.2,110,86,1257
102,백령도,2025-07-30 10:00,26.1,,1.4,110,81,1437
102,백령도,2025-07-30 11:00,27,,1.2,110,79,1560
102,백령도,2025-07-30 12:00,27.4,,1.1,90,77,2013
102,백령도,2025-07-30 13:00,28.1,,1.6,90,72,3048
102,백령도,2025-07-30 14:00,28.7,,1.3,70,66,3769
102,백령도,2025-07-30 15:00,29.7,,1.2,70,59,4260
102,백령도,2025-07-30 16:00,26.7,,1.9,290,68,4157
102,백령도,2025-07-30 17:00,26.6,,.8,290,77,2438
102,백령도,2025-07-30 18:00,26,,2.3,320,80,2228
102,백령도,2025-07-30 19:00,25.1,,2.8,320,88,1456
102,백령도,2025-07-30 20:00,24.5,,2.4,340,90,1069
102,백령도,2025-07-30 21:00,24.5,,4.1,360,86,2886
102,백령도,2025-07-30 22:00,24.4,,3.6,360,89,2776
102,백령도,2025-07-30 23:00,24.1,,1,290,88,2509
102,백령도,2025-07-31 00:00,24.2,,2,320,86,2979
102,백령도,2025-07-31 01:00,24.1,0,1.1,360,84,3850
102,백령도,2025-07-31 02:00,25.6,,0,0,76,4365
102,백령도,2025-07-31 03:00,24.6,,.5,320,82,3783
102,백령도,2025-07-31 04:00,24.7,,.5,340,80,4051
102,백령도,2025-07-31 05:00,24.3,,.7,320,83,3644
102,백령도,2025-07-31 06:00,25.3,,0,0,79,3098
102,백령도,2025-07-31 07:00,25.4,,0,0,82,2595
102,백령도,2025-07-31 08:00,26.4,,1.7,90,79,2305
102,백령도,2025-07-31 09:00,26.4,,2,110,80,2003
102,백령도,2025-07-31 10:00,26,,1.5,90,82,1727
102,백령도,2025-07-31 11:00,27.2,,2.6,160,81,1747
102,백령도,2025-07-31 12:00,28.1,,2.5,160,78,1835
102,백령도,2025-07-31 13:00,27.6,,2.7,140,82,1389
102,백령도,2025-07-31 14:00,27.8,,2.8,180,81,1692
102,백령도,2025-07-31 15:00,27.2,,2,200,83,1777
102,백령도,2025-07-31 16:00,26.6,,1.4,180,86,1594
102,백령도,2025-07-31 17:00,26.5,0,.9,180,87,1331
102,백령도,2025-07-31 18:00,26.3,,1.2,180,86,1612
102,백령도,2025-07-31 19:00,25.7,,1.2,180,87,1381
102,백령도,2025-07-31 20:00,25.1,,1.2,180,87,1171
102,백령도,2025-07-31 21:00,25,,1.7,180,89,881
102,백령도,2025-07-31 22:00,24.9,,1.4,200,87,1423
102,백령도,2025-07-31 23:00,25.1,,1,180,87,1167
102,백령도,2025-08-01 00:00,25.1,,.5,160,86,1659
102,백령도,2025-08-01 01:00,24.5,,.9,110,89,1373
102,백령도,2025-08-01 02:00,24,,1.6,140,92,702
102,백령도,2025-08-01 03:00,24.6,0,1.2,90,88,1261
102,백령도,2025-08-01 04:00,24.1,0,0,0,92,905
102,백령도,2025-08-01 05:00,24,,0,0,92,931
102,백령도,2025-08-01 06:00,25.2,,,,87,1810
102,백령도,2025-08-01 07:00,24.6,,,,87,1607
102,백령도,2025-08-01 08:00,25.4,,,,87,1328
102,백령도,2025-08-01 09:00,26.6,,,,83,1462
102,백령도,2025-08-01 10:00,26,,2.4,90,85,672
102,백령도,2025-08-01 11:00,25.7,0,2,110,86,667
102,백령도,2025-08-01 12:00,26.1,0,2.1,140,86,661
102,백령도,2025-08-01 13:00,26.7,0,2.1,200,79,1364
102,백령도,2025-08-01 14:00,27.4,0,1.4,340,76,1328
102,백령도,2025-08-01 15:00,26.1,0,2.9,50,78,1503
102,백령도,2025-08-01 16:00,28.3,0,.4,0,67,1903
102,백령도,2025-08-01 17:00,28.1,,1.6,90,69,2102
102,백령도,2025-08-01 18:00,28,,1.3,200,66,2259
102,백령도,2025-08-01 19:00,25.6,,.9,360,76,2037
102,백령도,2025-08-01 20:00,24.2,,1.1,290,83,1330
102,백령도,2025-08-01 21:00,24,,1.4,320,82,2080
102,백령도,2025-08-01 22:00,24.1,,1.1,320,83,2057
102,백령도,2025-08-01 23:00,24.5,,.8,320,78,3272
102,백령도,2025-08-02 00:00,24.7,,.9,360,79,2786
102,백령도,2025-08-02 01:00,24.5,,.7,50,81,2262
102,백령도,2025-08-02 02:00,24.1,,.8,160,84,1754
102,백령도,2025-08-02 03:00,24.6,,1.1,90,82,1814
102,백령도,2025-08-02 04:00,23.8,,1.6,90,87,1147
102,백령도,2025-08-02 05:00,23.6,,1.4,90,88,932
102,백령도,2025-08-02 06:00,23.9,,.4,0,90,806
102,백령도,2025-08-02 07:00,24.8,,.8,160,87,797
102,백령도,2025-08-02 08:00,26.8,,.8,110,80,1333
102,백령도,2025-08-02 09:00,27.6,,1.3,90,76,1536
102,백령도,2025-08-02 10:00,28.5,,2.1,90,70,1983
102,백령도,2025-08-02 11:00,30.4,,1.2,50,63,3266
102,백령도,2025-08-02 12:00,30.6,,2,110,59,3519
102,백령도,2025-08-02 13:00,30.7,,2.6,200,58,3688
102,백령도,2025-08-02 14:00,30.5,,2.1,230,60,3698
102,백령도,2025-08-02 15:00,29.9,,2,360,62,4113
102,백령도,2025-08-02 16:00,30.3,,1.2,90,60,3662
102,백령도,2025-08-02 17:00,29.5,,1.4,50,62,3632
102,백령도,2025-08-02 18:00,29.5,,.8,110,59,2931
102,백령도,2025-08-02 19:00,27.6,,1.8,200,71,2734
102,백령도,2025-08-02 20:00,26.8,,.3,0,74,1902
102,백령도,2025-08-02 21:00,24,,1.9,90,86,1250
102,백령도,2025-08-02 22:00,24.4,,1.6,110,89,790
102,백령도,2025-08-02 23:00,24,,1.4,110,90,700
102,백령도,2025-08-03 00:00,24.5,,1,110,89,660
102,백령도,2025-08-03 01:00,24.3,,1.8,90,89,746
102,백령도,2025-08-03 02:00,24.6,,2.1,110,87,778
102,백령도,2025-08-03 03:00,24.7,,1.9,110,87,804
102,백령도,2025-08-03 04:00,24.7,,1.3,90,90,526
102,백령도,2025-08-03 05:00,24.8,,2.5,140,90,407
102,백령도,2025-08-03 06:00,25.2,,1.6,110,87,644
102,백령도,2025-08-03 07:00,24.3,.6,1.8,140,93,203
102,백령도,2025-08-03 08:00,25,0,2.7,140,90,364
102,백령도,2025-08-03 09:00,26.5,,3.9,160,85,742
102,백령도,2025-08-03 10:00,27.4,,2.7,160,80,1204
102,백령도,2025-08-03 11:00,26.1,0,3.1,180,86,626
102,백령도,2025-08-03 12:00,28.1,,3.9,160,79,1201
102,백령도,2025-08-03 13:00,29.2,,2.8,160,71,1984
102,백령도,2025-08-03 14:00,27.3,,2.9,180,73,2331
102,백령도,2025-08-03 15:00,28,,3.9,140,68,2741
102,백령도,2025-08-03 16:00,28.5,,4.8,140,67,2785
102,백령도,2025-08-03 17:00,27.8,,3.8,160,72,2168
102,백령도,2025-08-03 18:00,26.7,,3,160,78,1625
102,백령도,2025-08-03 19:00,25.3,,3.5,140,72,2879
102,백령도,2025-08-03 20:00,24.8,,2.8,140,72,2600
102,백령도,2025-08-03 21:00,24.3,,2.5,90,70,1984
102,백령도,2025-08-03 22:00,23.5,,2.4,110,74,359
102,백령도,2025-08-03 23:00,23.6,,1.9,70,73,1092
102,백령도,2025-08-04 00:00,24.3,,2.8,360,66,4765
102,백령도,2025-08-04 01:00,23.9,,3.1,360,70,4501
102,백령도,2025-08-04 02:00,24.8,,3.4,20,64,4596
102,백령도,2025-08-04 03:00,24,,2.2,360,67,4227
102,백령도,2025-08-04 04:00,24.1,,1.7,320,72,4035
102,백령도,2025-08-04 05:00,23.6,,2,70,78,1000
102,백령도,2025-08-04 06:00,23.3,,.8,140,80,1752
102,백령도,2025-08-04 07:00,23.2,,3.4,320,82,2941
102,백령도,2025-08-04 08:00,24.5,,3.9,320,84,2159
102,백령도,2025-08-04 09:00,25.2,,4,320,77,2997
102,백령도,2025-08-04 10:00,25,,4.1,320,78,3519
102,백령도,2025-08-04 11:00,26.2,,3.2,320,73,4300
102,백령도,2025-08-04 12:00,25.6,,4.8,320,77,3957
102,백령도,2025-08-04 13:00,26.4,,4.6,340,77,3732
102,백령도,2025-08-04 14:00,26.6,,3.9,340,70,4504
102,백령도,2025-08-04 15:00,25.9,,4.8,340,72,4587
102,백령도,2025-08-04 16:00,25.2,,6,340,74,4928
102,백령도,2025-08-04 17:00,24.6,,3,320,79,4101
102,백령도,2025-08-04 18:00,24.9,,3.9,340,81,2586
102,백령도,2025-08-04 19:00,24.6,,2,290,83,2048
102,백령도,2025-08-04 20:00,23.9,,1.7,290,87,1609
102,백령도,2025-08-04 21:00,23.7,,2,320,89,1201
102,백령도,2025-08-04 22:00,23.4,,1.3,290,89,1077
102,백령도,2025-08-04 23:00,23.7,,1.6,320,91,878
102,백령도,2025-08-05 00:00,23.1,,1.5,290,92,808
102,백령도,2025-08-05 01:00,23.1,,2.3,290,92,751
102,백령도,2025-08-05 02:00,23.2,,2,290,93,690
102,백령도,2025-08-05 03:00,23.3,,1.7,290,92,722
102,백령도,2025-08-05 04:00,23.2,,.6,320,93,831
102,백령도,2025-08-05 05:00,23.2,,0,0,93,540
102,백령도,2025-08-05 06:00,22.6,,.6,160,95,376
102,백령도,2025-08-05 07:00,23.2,,.9,160,93,507
102,백령도,2025-08-05 08:00,25.1,,1.4,180,84,1171
102,백령도,2025-08-05 09:00,26,,2.2,140,80,1644
102,백령도,2025-08-05 10:00,27,,3.3,160,76,2507
102,백령도,2025-08-05 11:00,27.7,,3.8,180,70,4048
102,백령도,2025-08-05 12:00,27.9,,5.1,180,73,3457
102,백령도,2025-08-05 13:00,28.8,,3.4,180,64,3247
102,백령도,2025-08-05 14:00,29.2,,4.2,180,64,3929
102,백령도,2025-08-05 15:00,27.4,,2.8,180,74,3281
102,백령도,2025-08-05 16:00,27.2,,3.6,160,77,2778
102,백령도,2025-08-05 17:00,26.9,,3.4,160,81,2895
102,백령도,2025-08-05 18:00,26.9,,2.7,180,81,2147
102,백령도,2025-08-05 19:00,26.3,,3.7,160,86,1769
102,백령도,2025-08-05 20:00,25.9,,3.4,160,89,1207
102,백령도,2025-08-05 21:00,25.8,,3.4,160,91,1094
102,백령도,2025-08-05 22:00,25.7,,3.2,160,91,980
102,백령도,2025-08-05 23:00,25.6,,4,160,90,1132
102,백령도,2025-08-06 00:00,25.7,,4.9,160,89,1291
102,백령도,2025-08-06 01:00,25.3,,2.6,200,90,1191
102,백령도,2025-08-06 02:00,26.6,,2.5,200,88,2143
102,백령도,2025-08-06 03:00,27.1,,3.9,230,85,2665
102,백령도,2025-08-06 04:00,26.9,0,4.9,250,87,2146
102,백령도,2025-08-06 05:00,27.2,0,5.7,250,86,2498
102,백령도,2025-08-06 06:00,27.2,,4.8,250,87,2369
102,백령도,2025-08-06 07:00,26.9,,4.1,250,89,1802
102,백령도,2025-08-06 08:00,27,,4.6,250,87,2193
102,백령도,2025-08-06 09:00,26.8,0,4.8,250,89,1901
102,백령도,2025-08-06 10:00,26.8,.2,2.6,270,91,1399
102,백령도,2025-08-06 11:00,27.5,0,3.1,270,89,1386
102,백령도,2025-08-06 12:00,26.7,0,2.3,340,85,1813
102,백령도,2025-08-06 13:00,27.3,,1.7,270,80,2235
102,백령도,2025-08-06 14:00,26,,2.6,290,87,1989
102,백령도,2025-08-06 15:00,27.8,,3.8,270,75,3685
102,백령도,2025-08-06 16:00,28,,3,320,76,3904
102,백령도,2025-08-06 17:00,26.7,,2,340,73,4689
102,백령도,2025-08-06 18:00,26,,2.8,320,73,4988
102,백령도,2025-08-06 19:00,25.2,,2.1,290,80,4891
102,백령도,2025-08-06 20:00,23.9,,1.3,320,84,4989
102,백령도,2025-08-06 21:00,23.4,,.9,270,88,4905
102,백령도,2025-08-06 22:00,23.6,,1.5,290,92,4156
102,백령도,2025-08-06 23:00,24.2,,1.7,270,92,3024
102,백령도,2025-08-07 00:00,24.9,,2,290,93,1105
102,백령도,2025-08-07 01:00,25.2,,3,290,92,517
102,백령도,2025-08-07 02:00,24.4,,4.3,320,89,765
102,백령도,2025-08-07 03:00,23.6,,2.3,340,85,1816
102,백령도,2025-08-07 04:00,22.6,,2.3,340,86,1691
102,백령도,2025-08-07 05:00,22.1,,2.4,340,84,2123
102,백령도,2025-08-07 06:00,22.4,,3.1,340,87,1678
102,백령도,2025-08-07 07:00,22.8,,3,340,88,1834
102,백령도,2025-08-07 08:00,23.9,,3,340,82,2703
102,백령도,2025-08-07 09:00,24.4,,3.8,340,78,2867
102,백령도,2025-08-07 10:00,25,,3.3,340,75,3669
102,백령도,2025-08-07 11:00,25.6,,3.8,340,73,4000
102,백령도,2025-08-07 12:00,25.2,,6.2,340,73,3200
102,백령도,2025-08-07 13:00,26.1,,4,340,69,4133
102,백령도,2025-08-07 14:00,25.9,,3.5,340,69,4076
102,백령도,2025-08-07 15:00,25.9,,3.9,340,69,3594
102,백령도,2025-08-07 16:00,25.6,,4,340,71,3905
102,백령도,2025-08-07 17:00,25.5,,4.5,340,69,3891
102,백령도,2025-08-07 18:00,25.2,,4.1,340,72,4615
102,백령도,2025-08-07 19:00,23.8,,3.9,320,80,3814
102,백령도,2025-08-07 20:00,22.7,,3.4,320,86,2985
102,백령도,2025-08-07 21:00,23.2,,3.2,320,86,3862
102,백령도,2025-08-07 22:00,23.1,,2,290,86,3752
102,백령도,2025-08-07 23:00,23.2,,1.2,320,85,3861
102,백령도,2025-08-08 00:00,23.2,,2.7,320,87,4038
102,백령도,2025-08-08 01:00,23,,1.7,340,87,3481
102,백령도,2025-08-08 02:00,22.5,,.5,270,90,2895
102,백령도,2025-08-08 03:00,23.2,,1.5,290,89,2780
102,백령도,2025-08-08 04:00,22.6,,1.3,200,93,750
102,백령도,2025-08-08 05:00,23.4,,.6,270,93,1012
102,백령도,2025-08-08 06:00,23.3,,1.3,70,93,739
102,백령도,2025-08-08 07:00,23.7,,1,110,90,1124
102,백령도,2025-08-08 08:00,24.4,,.9,110,89,1514
102,백령도,2025-08-08 09:00,25.4,,1.4,90,83,1984
102,백령도,2025-08-08 10:00,26.1,,1.5,90,81,2711
102,백령도,2025-08-08 11:00,27.2,,1.6,180,75,2483
102,백령도,2025-08-08 12:00,26.9,,2.5,180,79,2133
102,백령도,2025-08-08 13:00,27.2,,3,200,77,2415
102,백령도,2025-08-08 14:00,27.4,,2.6,180,78,2475
102,백령도,2025-08-08 15:00,27.3,,2.5,200,80,2098
102,백령도,2025-08-08 16:00,27.3,,2.6,200,78,2554
102,백령도,2025-08-08 17:00,27.8,,2.9,230,76,2558
102,백령도,2025-08-08 18:00,26.7,,2.9,230,76,3560
102,백령도,2025-08-08 19:00,25.9,,1.6,230,80,3393
102,백령도,2025-08-08 20:00,25,,.6,200,85,2460
102,백령도,2025-08-08 21:00,24.6,,.7,200,87,1647
102,백령도,2025-08-08 22:00,24.5,,0,0,87,2127
102,백령도,2025-08-08 23:00,23.8,,1.8,200,93,779
102,백령도,2025-08-09 00:00,24,0,1.1,200,94,555
102,백령도,2025-08-09 01:00,24,0,.7,110,92,1174
102,백령도,2025-08-09 02:00,23.2,,1.7,180,95,632
102,백령도,2025-08-09 03:00,23.2,0,1.6,160,96,349
102,백령도,2025-08-09 04:00,23.2,0,1.9,200,95,395
102,백령도,2025-08-09 05:00,23.7,0,1.5,230,89,1821
102,백령도,2025-08-09 06:00,23.2,0,.7,230,87,2820
102,백령도,2025-08-09 07:00,23.8,0,.4,0,83,4253
102,백령도,2025-08-09 08:00,23.8,0,.6,180,85,2790
102,백령도,2025-08-09 09:00,23.8,.1,.9,200,83,2505
102,백령도,2025-08-09 10:00,24.6,0,.3,0,83,4089
102,백령도,2025-08-09 11:00,23.5,0,1.1,360,84,3962
102,백령도,2025-08-09 12:00,24.5,0,1,200,81,3303
102,백령도,2025-08-09 13:00,24.7,0,.8,90,84,3344
102,백령도,2025-08-09 14:00,23.7,0,.9,110,84,4060
102,백령도,2025-08-09 15:00,25.3,0,1,90,74,4142
102,백령도,2025-08-09 16:00,26.9,,1.8,70,58,4373
102,백령도,2025-08-09 17:00,25.8,,1.8,90,64,4495
102,백령도,2025-08-09 18:00,25.7,,1.6,180,50,4957
102,백령도,2025-08-09 19:00,24.5,,1.3,320,70,4944
102,백령도,2025-08-09 20:00,22.2,,1.1,290,78,4689
102,백령도,2025-08-09 21:00,21.9,,1,340,79,4987
102,백령도,2025-08-09 22:00,22,,2.4,340,86,3479
102,백령도,2025-08-09 23:00,20.9,,1.8,340,89,3312
102,백령도,2025-08-10 00:00,21,,.8,290,90,2772
102,백령도,2025-08-10 01:00,20.9,,1.3,320,90,2766
102,백령도,2025-08-10 02:00,21.4,,1.4,360,87,3542
102,백령도,2025-08-10 03:00,21.5,,1.6,360,85,4202
102,백령도,2025-08-10 04:00,21.6,,2.5,20,85,4558
102,백령도,2025-08-10 05:00,21.6,,2.6,360,86,4733
102,백령도,2025-08-10 06:00,21.7,,2.4,360,87,4546
102,백령도,2025-08-10 07:00,22.6,,.9,360,85,4692
102,백령도,2025-08-10 08:00,23.3,,3.4,360,81,4445
102,백령도,2025-08-10 09:00,24,,4.3,340,80,4627
102,백령도,2025-08-10 10:00,25.1,,3.7,360,74,4478
102,백령도,2025-08-10 11:00,25.4,,3.6,340,75,4603
102,백령도,2025-08-10 12:00,25.8,,4.4,320,77,4137
102,백령도,2025-08-10 13:00,25.9,,4,320,80,3170
102,백령도,2025-08-10 14:00,25.7,,5.1,340,76,2768
102,백령도,2025-08-10 15:00,25.3,,6.2,340,75,2976
102,백령도,2025-08-10 16:00,25.3,,4.7,340,74,2569
102,백령도,2025-08-10 17:00,25.8,,2.6,320,66,3361
102,백령도,2025-08-10 18:00,25,,4.3,320,67,3679
102,백령도,2025-08-10 19:00,23.5,,4.1,320,80,3057
102,백령도,2025-08-10 20:00,22.1,,2.2,340,90,1296
102,백령도,2025-08-10 21:00,22.2,,2.5,340,91,894
102,백령도,2025-08-10 22:00,22.8,,3.4,320,90,1101
102,백령도,2025-08-10 23:00,22.7,,2.7,320,90,1102
102,백령도,2025-08-11 00:00,23,,1.9,340,86,1682
102,백령도,2025-08-11 01:00,22.8,,1.7,340,87,1919
102,백령도,2025-08-11 02:00,22.4,,1.8,320,90,1314
102,백령도,2025-08-11 03:00,22.8,,1.9,340,91,1337
102,백령도,2025-08-11 04:00,22.8,,2,360,90,1457
102,백령도,2025-08-11 05:00,23.2,,1.7,340,87,1846
102,백령도,2025-08-11 06:00,23,,1.7,340,89,1664
102,백령도,2025-08-11 07:00,22.9,,.7,20,88,1584
102,백령도,2025-08-11 08:00,23.5,,1.1,360,87,1972
102,백령도,2025-08-11 09:00,25.8,,1.4,90,75,2793
102,백령도,2025-08-11 10:00,25.9,,1.4,110,72,2963
102,백령도,2025-08-11 11:00,27.4,,3.2,110,61,3723
102,백령도,2025-08-11 12:00,27.7,,2.9,160,61,3780
102,백령도,2025-08-11 13:00,28.8,,2.1,180,58,2797
102,백령도,2025-08-11 14:00,28.8,,2.7,110,60,2793
102,백령도,2025-08-11 15:00,28.7,,2.1,180,59,2605
102,백령도,2025-08-11 16:00,28.3,,2.6,200,64,2869
102,백령도,2025-08-11 17:00,27.3,,3,180,71,2487
102,백령도,2025-08-11 18:00,26.4,,1.5,180,78,2038
102,백령도,2025-08-11 19:00,25.7,,.2,0,83,1667
102,백령도,2025-08-11 20:00,22.8,,.6,360,90,907
102,백령도,2025-08-11 21:00,22.6,,1.3,140,95,341
102,백령도,2025-08-11 22:00,23.1,,1.4,180,95,277
102,백령도,2025-08-11 23:00,23.1,,.9,110,96,285
102,백령도,2025-08-12 00:00,22.9,,1.6,110,97,68
102,백령도,2025-08-12 01:00,23.1,,2.2,160,97,198
102,백령도,2025-08-12 02:00,23.1,,1.9,160,97,84
102,백령도,2025-08-12 03:00,22.5,,1.3,140,97,21
102,백령도,2025-08-12 04:00,22.1,,.9,110,97,18
102,백령도,2025-08-12 05:00,22.3,,1.5,140,97,21
102,백령도,2025-08-12 06:00,22.7,,1.3,140,97,16
102,백령도,2025-08-12 07:00,22.6,,2,110,97,18
102,백령도,2025-08-12 08:00,23.1,,1.7,140,97,257
102,백령도,2025-08-12 09:00,24.3,,2.7,110,97,535
102,백령도,2025-08-12 10:00,25.2,,2.7,110,87,1016
102,백령도,2025-08-12 11:00,26.6,,4.3,140,78,4253
102,백령도,2025-08-12 12:00,27.7,,4.1,140,72,3866
102,백령도,2025-08-12 13:00,27.8,,3.7,160,63,4155
102,백령도,2025-08-12 14:00,27.2,,4,180,67,3902
102,백령도,2025-08-12 15:00,27.9,,4.4,180,58,4104
102,백령도,2025-08-12 16:00,27.7,,2.7,200,58,3755
102,백령도,2025-08-12 17:00,26.6,,2.7,290,64,3822
102,백령도,2025-08-12 18:00,25.4,,1.3,340,69,3869
102,백령도,2025-08-12 19:00,24.6,,0,0,75,3398
102,백령도,2025-08-12 20:00,23.1,,.2,0,80,3521
102,백령도,2025-08-12 21:00,23.3,,.6,50,76,2913
102,백령도,2025-08-12 22:00,24,,.6,70,73,2768
102,백령도,2025-08-12 23:00,23.7,,1.2,110,75,3086
102,백령도,2025-08-13 00:00,23.4,,1.8,110,77,2744
102,백령도,2025-08-13 01:00,23.1,,1.8,110,83,2227
102,백령도,2025-08-13 02:00,22.8,,2.3,110,91,881
102,백령도,2025-08-13 03:00,22.7,,2.5,90,93,480
102,백령도,2025-08-13 04:00,23,,3.2,110,92,698
102,백령도,2025-08-13 05:00,23.3,0,3.1,110,92,705
102,백령도,2025-08-13 06:00,23.3,.2,3.9,110,92,524
102,백령도,2025-08-13 07:00,23.1,.6,3.8,110,96,431
102,백령도,2025-08-13 08:00,23.7,.3,5.2,140,96,1020
102,백령도,2025-08-13 09:00,24.3,0,4.7,140,94,707
102,백령도,2025-08-13 10:00,24.5,0,5.3,140,92,1894
102,백령도,2025-08-13 11:00,23.9,.6,4.9,140,95,1215
102,백령도,2025-08-13 12:00,24.2,1.3,4.8,200,94,434
102,백령도,2025-08-13 13:00,23.5,8.3,3,200,96,229
102,백령도,2025-08-13 14:00,23.9,19.9,.5,320,96,142
102,백령도,2025-08-13 15:00,23.3,29.5,3.2,360,97,152
102,백령도,2025-08-13 16:00,24.2,.1,1.7,270,94,1705
102,백령도,2025-08-13 17:00,25,,.8,200,91,4349
102,백령도,2025-08-13 18:00,24.3,0,1.5,160,93,2096
102,백령도,2025-08-13 19:00,24,0,1.3,110,92,2240
102,백령도,2025-08-13 20:00,23.1,,3.5,180,95,554
102,백령도,2025-08-13 21:00,24.4,,3.4,200,94,1521
102,백령도,2025-08-13 22:00,24.6,,2.6,200,94,869
102,백령도,2025-08-13 23:00,24.8,,2.4,230,95,647
102,백령도,2025-08-14 00:00,24.5,,1.9,180,95,178
102,백령도,2025-08-14 01:00,24.6,,.1,0,95,429
102,백령도,2025-08-14 02:00,24.5,,.1,0,95,301
102,백령도,2025-08-14 03:00,23.5,,1.1,320,97,92
102,백령도,2025-08-14 04:00,23.5,,.1,0,97,23
102,백령도,2025-08-14 05:00,23.4,,1.2,110,97,18
102,백령도,2025-08-14 06:00,23.7,,1,70,97,164
102,백령도,2025-08-14 07:00,23.4,,1.2,90,97,27
102,백령도,2025-08-14 08:00,24,,.9,70,97,479
102,백령도,2025-08-14 09:00,25.8,,1.9,70,86,2735
102,백령도,2025-08-14 10:00,26.8,,1.9,360,81,3530
102,백령도,2025-08-14 11:00,27.9,,1.4,90,71,3479
102,백령도,2025-08-14 12:00,27.8,,.8,140,70,4187
102,백령도,2025-08-14 13:00,25.6,,2.4,320,80,4114
102,백령도,2025-08-14 14:00,25.4,,2.1,320,83,3952
102,백령도,2025-08-14 15:00,25.1,,1.4,320,83,4662
102,백령도,2025-08-14 16:00,25.9,,1.7,340,80,4743
102,백령도,2025-08-14 17:00,25.2,,1.6,320,81,5000
102,백령도,2025-08-14 18:00,25.9,,1.3,270,78,4648
102,백령도,2025-08-14 19:00,24.4,,1.5,200,85,2764
102,백령도,2025-08-14 20:00,23.7,,.5,250,89,1988
102,백령도,2025-08-14 21:00,23.1,,.6,270,92,1964
102,백령도,2025-08-14 22:00,22.4,,1.5,320,94,1404
102,백령도,2025-08-14 23:00,22.3,,.1,0,96,1090
102,백령도,2025-08-15 00:00,21.9,,1.2,160,97,405
102,백령도,2025-08-15 01:00,22.5,,2,160,97,249
102,백령도,2025-08-15 02:00,22.6,,1.1,160,97,118
102,백령도,2025-08-15 03:00,22.6,,2.1,110,97,33
102,백령도,2025-08-15 04:00,22.6,,1,110,97,21
102,백령도,2025-08-15 05:00,22.7,,1.4,140,97,22
102,백령도,2025-08-15 06:00,22.7,,1.6,110,97,23
102,백령도,2025-08-15 07:00,22.7,,1.6,90,97,21
102,백령도,2025-08-15 08:00,22.9,,2.1,110,97,120
102,백령도,2025-08-15 09:00,24,,3,110,97,626
102,백령도,2025-08-15 10:00,25.5,,1.9,140,90,1152
102,백령도,2025-08-15 11:00,26.4,,3.3,160,84,2263
102,백령도,2025-08-15 12:00,25.7,,4.1,160,86,2861
102,백령도,2025-08-15 13:00,25.8,,3.1,160,86,2593
102,백령도,2025-08-15 14:00,26.8,,2.5,180,85,2200
102,백령도,2025-08-15 15:00,27,,2.4,160,86,1936
102,백령도,2025-08-15 16:00,26.5,,3.4,180,88,1890
102,백령도,2025-08-15 17:00,27.1,,3,180,85,2179
102,백령도,2025-08-15 18:00,25.6,,2.4,180,91,1439
102,백령도,2025-08-15 19:00,24.5,,1.6,180,96,78
102,백령도,2025-08-15 20:00,24.2,,2.3,180,97,51
102,백령도,2025-08-15 21:00,24.7,,2,180,97,43
102,백령도,2025-08-15 22:00,24.7,,2.2,180,97,95
102,백령도,2025-08-15 23:00,25.2,,2.6,180,97,381
102,백령도,2025-08-16 00:00,24.8,,2.3,180,97,376
102,백령도,2025-08-16 01:00,25.3,,2.2,200,96,1195
102,백령도,2025-08-16 02:00,25.6,,1.8,200,95,983
102,백령도,2025-08-16 03:00,25.1,,2.8,200,95,990
102,백령도,2025-08-16 04:00,25.4,,2.3,200,95,1007
102,백령도,2025-08-16 05:00,25.1,,1.9,180,95,688
102,백령도,2025-08-16 06:00,24.4,,2.6,200,95,860
102,백령도,2025-08-16 07:00,24.1,,1.6,200,96,327
102,백령도,2025-08-16 08:00,25.5,,3.3,200,92,2091
102,백령도,2025-08-16 09:00,26.1,,4.5,180,89,2566
102,백령도,2025-08-16 10:00,28.1,,4.7,180,82,3090
102,백령도,2025-08-16 11:00,28.1,,6.8,180,79,3307
102,백령도,2025-08-16 12:00,28.6,,5.3,200,77,3881
102,백령도,2025-08-16 13:00,29.2,,5.4,200,78,3921
102,백령도,2025-08-16 14:00,28.2,,4.5,200,80,3597
102,백령도,2025-08-16 15:00,28.4,,5.6,200,80,3523
102,백령도,2025-08-16 16:00,28.1,,4.8,200,80,3575
102,백령도,2025-08-16 17:00,28.3,,4.6,200,80,3087
102,백령도,2025-08-16 18:00,26.9,,3.9,180,85,2637
102,백령도,2025-08-16 19:00,26.2,,3.1,200,88,2096
102,백령도,2025-08-16 20:00,26.2,,3.2,200,89,1847
102,백령도,2025-08-16 21:00,25.8,,3.3,200,90,1888
102,백령도,2025-08-16 22:00,24.8,,2,200,94,1206
102,백령도,2025-08-16 23:00,25.2,,3.1,200,95,1185
102,백령도,2025-08-17 00:00,26.1,,2.6,230,92,2271
102,백령도,2025-08-17 01:00,25.8,,2.3,230,94,1676
102,백령도,2025-08-17 02:00,25.6,,1.7,200,94,1114
102,백령도,2025-08-17 03:00,25.2,,2.2,200,95,733
102,백령도,2025-08-17 04:00,25.3,,2.2,200,95,528
102,백령도,2025-08-17 05:00,25,,1.6,180,95,486
102,백령도,2025-08-17 06:00,24.8,,1.8,200,94,547
102,백령도,2025-08-17 07:00,25.5,,2.6,230,93,965
102,백령도,2025-08-17 08:00,26,,3.1,200,91,1214
102,백령도,2025-08-17 09:00,26.6,,3.1,200,88,1389
102,백령도,2025-08-17 10:00,26.5,,3.3,200,88,1193
102,백령도,2025-08-17 11:00,27.1,,3.1,180,86,1323
102,백령도,2025-08-17 12:00,26.3,,2.6,180,88,1463
102,백령도,2025-08-17 13:00,26,0,2.9,180,89,1197
102,백령도,2025-08-17 14:00,26.6,0,2.9,180,89,1189
102,백령도,2025-08-17 15:00,25.8,0,2.6,200,90,759
102,백령도,2025-08-17 16:00,27,0,4.5,180,86,999
102,백령도,2025-08-17 17:00,26.6,0,4.2,200,87,887
102,백령도,2025-08-17 18:00,27.1,,4.5,200,88,810
102,백령도,2025-08-17 19:00,26.5,,3.9,180,90,627
102,백령도,2025-08-17 20:00,26.4,,2.9,200,92,473
102,백령도,2025-08-17 21:00,26.6,0,3.9,200,91,549
102,백령도,2025-08-17 22:00,26.6,,2.5,200,91,547
102,백령도,2025-08-17 23:00,26.4,,3.4,180,92,532
102,백령도,2025-08-18 00:00,26.4,,3.3,200,93,570
102,백령도,2025-08-18 01:00,26.4,,3.4,200,92,662
102,백령도,2025-08-18 02:00,26.4,,3.9,200,92,624
102,백령도,2025-08-18 03:00,26.3,,4,230,93,570
102,백령도,2025-08-18 04:00,26.3,,2.6,200,92,478
102,백령도,2025-08-18 05:00,26.1,,3.1,200,93,423
102,백령도,2025-08-18 06:00,26.3,,3.6,230,92,494
102,백령도,2025-08-18 07:00,26.5,,4.4,230,91,500
102,백령도,2025-08-18 08:00,26.9,,4.1,230,90,733
102,백령도,2025-08-18 09:00,27.1,,5.1,230,89,877
102,백령도,2025-08-18 10:00,27.6,,4.4,230,86,976
102,백령도,2025-08-18 11:00,27.7,,5.2,200,86,824
102,백령도,2025-08-18 12:00,27.8,,5.6,230,86,664
102,백령도,2025-08-18 13:00,26.6,0,4.2,230,92,287
102,백령도,2025-08-18 14:00,26.8,0,3.4,200,91,352
102,백령도,2025-08-18 15:00,27.1,0,3.9,230,89,475
102,백령도,2025-08-18 16:00,27.3,,4.7,200,86,715
102,백령도,2025-08-18 17:00,26.8,.3,5.2,230,88,665
102,백령도,2025-08-18 18:00,26.8,0,3.4,230,88,1031
102,백령도,2025-08-18 19:00,26.7,,4.1,230,88,1172
102,백령도,2025-08-18 20:00,26.7,,5.7,230,89,1424
102,백령도,2025-08-18 21:00,26.7,,5.5,230,88,1785
102,백령도,2025-08-18 22:00,26.6,,4.7,230,90,1851
102,백령도,2025-08-18 23:00,26.1,,3.8,200,93,1252
102,백령도,2025-08-19 00:00,26.6,,5.3,230,90,2241
102,백령도,2025-08-19 01:00,26.5,,4.6,250,91,2155
102,백령도,2025-08-19 02:00,26.3,,3.7,230,91,2325
102,백령도,2025-08-19 03:00,25.6,,3,200,94,903
102,백령도,2025-08-19 04:00,25.6,,2.7,200,95,1031
102,백령도,2025-08-19 05:00,26,,2.5,230,94,1685
102,백령도,2025-08-19 06:00,26.3,,3.8,230,89,2923
102,백령도,2025-08-19 07:00,26.3,,2.7,230,89,2811
102,백령도,2025-08-19 08:00,26.2,,2.6,180,90,2000
102,백령도,2025-08-19 09:00,27.3,,4,200,86,3189
102,백령도,2025-08-19 10:00,28.2,,5.4,230,80,4197
102,백령도,2025-08-19 11:00,29,,5.8,200,78,2865
102,백령도,2025-08-19 12:00,28.2,,5.6,230,80,3328
102,백령도,2025-08-19 13:00,28,,3.5,200,82,2911
102,백령도,2025-08-19 14:00,28.1,,4.4,230,83,3042
102,백령도,2025-08-19 15:00,28,,5.2,180,84,2730
102,백령도,2025-08-19 16:00,28.4,,5,180,81,3011
102,백령도,2025-08-19 17:00,28.3,,3.7,200,83,3060
102,백령도,2025-08-19 18:00,27.8,,3.9,200,85,3401
102,백령도,2025-08-19 19:00,27.2,,3.6,200,89,2531
102,백령도,2025-08-19 20:00,26.8,,3.6,200,91,1857
102,백령도,2025-08-19 21:00,26.9,,4,200,90,2259
102,백령도,2025-08-19 22:00,26.8,,3.5,200,90,2633
102,백령도,2025-08-19 23:00,26.6,,3.1,200,91,2421
102,백령도,2025-08-20 00:00,26.7,,3.7,200,91,2529
102,백령도,2025-08-20 01:00,26.4,,3.1,200,92,2175
102,백령도,2025-08-20 02:00,26.4,,3.1,200,92,2141
102,백령도,2025-08-20 03:00,26.4,,3.3,200,92,2213
102,백령도,2025-08-20 04:00,26.6,,2.9,230,90,2617
102,백령도,2025-08-20 05:00,26.4,,3.7,200,92,2143
102,백령도,2025-08-20 06:00,26.5,,3.3,230,91,2506
102,백령도,2025-08-20 07:00,26.2,,2.4,200,91,2095
102,백령도,2025-08-20 08:00,26.8,,2.9,200,88,2048
102,백령도,2025-08-20 09:00,27,,3.8,180,87,2051
102,백령도,2025-08-20 10:00,27.9,,4.8,180,82,2746
102,백령도,2025-08-20 11:00,28.4,,4.1,180,81,2967
102,백령도,2025-08-20 12:00,27.4,,4.3,180,84,2808
102,백령도,2025-08-20 13:00,27.5,,5.5,180,82,2718
102,백령도,2025-08-20 14:00,26.9,,3.6,180,86,3002
102,백령도,2025-08-20 15:00,26.7,,3.4,160,88,2676
102,백령도,2025-08-20 16:00,25.6,9.2,1.5,250,94,102
102,백령도,2025-08-20 17:00,23.5,25.7,6.2,200,91,350
102,백령도,2025-08-20 18:00,24.2,.2,4,200,86,1845
102,백령도,2025-08-20 19:00,24.9,0,3.5,230,84,2892
102,백령도,2025-08-20 20:00,23.9,,4.6,200,86,1803
102,백령도,2025-08-20 21:00,25.1,,4.9,200,82,2690
102,백령도,2025-08-20 22:00,24.6,,1.3,140,88,2550
102,백령도,2025-08-20 23:00,23.5,,2,110,90,1700
102,백령도,2025-08-21 00:00,23.7,,1.6,180,92,1250
102,백령도,2025-08-21 01:00,23.3,,1.6,90,93,1193
102,백령도,2025-08-21 02:00,23.5,,1.7,110,94,1361
102,백령도,2025-08-21 03:00,23.7,,2.1,90,94,918
102,백령도,2025-08-21 04:00,24.5,,2.5,180,95,275
102,백령도,2025-08-21 05:00,24.6,,2.3,180,96,47
102,백령도,2025-08-21 06:00,24.9,,2.4,180,96,77
102,백령도,2025-08-21 07:00,25.4,,2.9,200,96,542
102,백령도,2025-08-21 08:00,26.7,,3.3,230,94,1694
102,백령도,2025-08-21 09:00,27.1,,3.8,180,90,1872
102,백령도,2025-08-21 10:00,27.8,,5.2,180,86,2698
102,백령도,2025-08-21 11:00,28.2,,4.6,200,83,3689
102,백령도,2025-08-21 12:00,28.5,,5,200,83,4465
102,백령도,2025-08-21 13:00,28.6,,4.6,200,83,4275
102,백령도,2025-08-21 14:00,28.3,,4.1,200,84,3449
102,백령도,2025-08-21 15:00,28.4,,5.2,200,85,3712
102,백령도,2025-08-21 16:00,28,,5.2,180,85,3413
102,백령도,2025-08-21 17:00,28.3,,4,200,83,3793
102,백령도,2025-08-21 18:00,27.9,,3.1,200,84,3522
102,백령도,2025-08-21 19:00,26.7,,3.9,180,88,2888
102,백령도,2025-08-21 20:00,25.9,,2.3,180,91,1750
102,백령도,2025-08-21 21:00,25.4,,.8,200,93,1072
102,백령도,2025-08-21 22:00,25.6,,1.5,200,93,1445
102,백령도,2025-08-21 23:00,25.5,,3,200,93,842
102,백령도,2025-08-22 00:00,25.8,,2.9,200,92,584
102,백령도,2025-08-22 01:00,26.4,,3,230,91,1543
102,백령도,2025-08-22 02:00,26.2,,2.4,230,92,1404
102,백령도,2025-08-22 03:00,25.6,,1.5,200,93,1270
102,백령도,2025-08-22 04:00,25,,2.3,180,93,1039
102,백령도,2025-08-22 05:00,24.2,,1.6,180,95,613
102,백령도,2025-08-22 06:00,24.1,,1.8,180,95,439
102,백령도,2025-08-22 07:00,24.8,,1.6,180,95,950
102,백령도,2025-08-22 08:00,26.6,,3.1,200,87,2444
102,백령도,2025-08-22 09:00,27.4,,4.4,180,82,3559
102,백령도,2025-08-22 10:00,28.6,,4.9,200,77,3979
102,백령도,2025-08-22 11:00,28.1,,5.3,200,79,4050
102,백령도,2025-08-22 12:00,28.7,,5.5,180,78,3973
102,백령도,2025-08-22 13:00,28.4,,6.3,180,78,3956
102,백령도,2025-08-22 14:00,28.3,,5.1,200,80,3876
102,백령도,2025-08-22 15:00,28.6,,4.4,200,80,3503
102,백령도,2025-08-22 16:00,28.5,,4.2,200,79,3285
102,백령도,2025-08-22 17:00,28.1,,4,200,83,2911
102,백령도,2025-08-22 18:00,28.3,,2.9,200,84,2560
102,백령도,2025-08-22 19:00,27,,3.5,200,88,1663
102,백령도,2025-08-22 20:00,25.7,,2.6,180,92,819
102,백령도,2025-08-22 21:00,25.2,,2.3,180,94,405
102,백령도,2025-08-22 22:00,25.4,,2.4,180,95,286
102,백령도,2025-08-22 23:00,25.8,,2.4,200,94,385
102,백령도,2025-08-23 00:00,25.6,,3.6,200,94,502
102,백령도,2025-08-23 01:00,26.8,,4,200,93,770
102,백령도,2025-08-23 02:00,26.8,,4,230,93,700
102,백령도,2025-08-23 03:00,26.4,,4,200,93,553
102,백령도,2025-08-23 04:00,26.1,,3.3,200,94,407
102,백령도,2025-08-23 05:00,25.9,,2.3,200,94,366
102,백령도,2025-08-23 06:00,24.7,,1.3,110,94,140
102,백령도,2025-08-23 07:00,25.2,,1.4,110,95,213
102,백령도,2025-08-23 08:00,26.3,,1.5,160,94,532
102,백령도,2025-08-23 09:00,26.8,,1.1,180,90,961
102,백령도,2025-08-23 10:00,28,,3.7,180,86,1739
102,백령도,2025-08-23 11:00,28.9,,3.6,180,82,2572
102,백령도,2025-08-23 12:00,29.1,,4.3,180,79,2453
102,백령도,2025-08-23 13:00,29.5,,4,180,79,2724
102,백령도,2025-08-23 14:00,29,,4.2,180,80,2759
102,백령도,2025-08-23 15:00,29.3,,5,180,79,2626
102,백령도,2025-08-23 16:00,28.8,,3.7,180,81,2475
102,백령도,2025-08-23 17:00,28.2,,3.6,180,82,2650
102,백령도,2025-08-23 18:00,27.8,,2.7,180,85,2506
102,백령도,2025-08-23 19:00,26.7,,1.9,200,88,1913
102,백령도,2025-08-23 20:00,26.2,,2.5,160,94,636
102,백령도,2025-08-23 21:00,26.4,,2.9,160,93,738
102,백령도,2025-08-23 22:00,26.4,,3.7,160,92,968
102,백령도,2025-08-23 23:00,26.3,,3.4,160,91,1183
102,백령도,2025-08-24 00:00,25.5,,2.8,180,92,616
102,백령도,2025-08-24 01:00,25.4,,1.6,200,95,211
102,백령도,2025-08-24 02:00,25.5,,3.4,160,95,97
102,백령도,2025-08-24 03:00,25,,1.2,140,96,22
102,백령도,2025-08-24 04:00,25.1,,2.7,160,96,23
102,백령도,2025-08-24 05:00,25,,2.4,160,96,20
102,백령도,2025-08-24 06:00,24.8,,1.2,180,96,33
102,백령도,2025-08-24 07:00,25.2,,2,160,96,23
102,백령도,2025-08-24 08:00,25.8,,2.1,160,96,148
102,백령도,2025-08-24 09:00,26.8,,2.2,140,91,1520
102,백령도,2025-08-24 10:00,27.8,,3.6,140,85,2201
102,백령도,2025-08-24 11:00,28.8,,3.4,140,80,3029
102,백령도,2025-08-24 12:00,29.2,,3,140,77,2744
102,백령도,2025-08-24 13:00,28.5,,3.6,140,80,3614
102,백령도,2025-08-24 14:00,29.4,,4.2,140,78,3841
102,백령도,2025-08-24 15:00,28.4,,3.3,140,79,3336
102,백령도,2025-08-24 16:00,27.6,,5.6,160,83,2728
102,백령도,2025-08-24 17:00,27.5,,4.2,140,85,2586
102,백령도,2025-08-24 18:00,26.2,,5.8,140,91,1645
102,백령도,2025-08-24 19:00,26.4,,5.3,160,92,1576
102,백령도,2025-08-24 20:00,26.3,,4.8,160,93,929
102,백령도,2025-08-24 21:00,26.1,,5.6,140,93,784
102,백령도,2025-08-24 22:00,26.1,,4.7,160,94,875
102,백령도,2025-08-24 23:00,26.2,,2.8,160,94,812
102,백령도,2025-08-25 00:00,25.8,,3.4,160,94,450
102,백령도,2025-08-25 01:00,25.6,,4.7,140,95,142
102,백령도,2025-08-25 02:00,25.4,,2.2,140,95,63
102,백령도,2025-08-25 03:00,25.5,,3,160,96,259
102,백령도,2025-08-25 04:00,25.2,,2.5,160,95,226
102,백령도,2025-08-25 05:00,25.5,,2.7,160,96,181
102,백령도,2025-08-25 06:00,24.9,1.2,3,200,91,783
102,백령도,2025-08-25 07:00,25,0,2.3,160,88,1121
102,백령도,2025-08-25 08:00,26.1,,1.6,140,89,975
102,백령도,2025-08-25 09:00,27.4,,1.5,180,90,628
102,백령도,2025-08-25 10:00,27.9,,3.1,180,87,813
102,백령도,2025-08-25 11:00,28.4,,5.8,160,86,1137
102,백령도,2025-08-25 12:00,28.3,,4.4,180,86,1462
102,백령도,2025-08-25 13:00,28.1,,5.9,180,83,1777
102,백령도,2025-08-25 14:00,28.6,,6.5,200,86,2187
102,백령도,2025-08-25 15:00,28.2,0,4.7,230,83,1884
102,백령도,2025-08-25 16:00,28.7,0,4.8,230,84,1822
102,백령도,2025-08-25 17:00,28.8,,4.3,250,82,1942
102,백령도,2025-08-25 18:00,26.5,1,5.7,270,87,1235
102,백령도,2025-08-25 19:00,23.6,9.8,4.2,360,92,1548
102,백령도,2025-08-25 20:00,23.5,0,1,290,91,2100
102,백령도,2025-08-25 21:00,23.3,,1.4,180,94,407
102,백령도,2025-08-25 22:00,23.6,,2.2,200,93,614
102,백령도,2025-08-25 23:00,22.8,,1.8,320,93,1455
102,백령도,2025-08-26 00:00,23.5,,3.7,320,91,2180
102,백령도,2025-08-26 01:00,23.3,.1,1.5,320,90,2420
102,백령도,2025-08-26 02:00,23.4,0,3,340,92,2336
102,백령도,2025-08-26 03:00,23.4,,1.2,320,89,3194
102,백령도,2025-08-26 04:00,23,,.7,320,91,3101
102,백령도,2025-08-26 05:00,22.5,,1.1,340,92,2357
102,백령도,2025-08-26 06:00,22.5,,1.1,290,91,3898
102,백령도,2025-08-26 07:00,23.3,,1.5,290,89,3904
102,백령도,2025-08-26 08:00,24.6,,1.6,340,87,3812
102,백령도,2025-08-26 09:00,26.6,,1.3,360,81,4102
102,백령도,2025-08-26 10:00,26.5,,2.3,290,79,4145
102,백령도,2025-08-26 11:00,26.3,,3.4,320,82,3633
102,백령도,2025-08-26 12:00,25.9,,4.6,360,77,4177
102,백령도,2025-08-26 13:00,25.6,,6.8,340,76,4129
102,백령도,2025-08-26 14:00,25.4,,7.4,340,75,4042
102,백령도,2025-08-26 15:00,25,,6.9,340,74,4263
102,백령도,2025-08-26 16:00,25.5,,5.3,340,72,4560
102,백령도,2025-08-26 17:00,24.7,,5.4,340,74,3920
102,백령도,2025-08-26 18:00,24.5,,3.1,340,79,3418
102,백령도,2025-08-26 19:00,23.8,,2.6,340,80,2777
102,백령도,2025-08-26 20:00,23.6,,3.3,340,80,2722
102,백령도,2025-08-26 21:00,23.9,,4.2,320,81,2634
102,백령도,2025-08-26 22:00,23.6,,3.7,320,84,2289
102,백령도,2025-08-26 23:00,24.4,,3.8,340,80,2832
102,백령도,2025-08-27 00:00,24,,4.3,340,83,2710
102,백령도,2025-08-27 01:00,23.6,,3.3,320,86,2479
102,백령도,2025-08-27 02:00,23.6,,3,340,84,2290
102,백령도,2025-08-27 03:00,23.4,,2.3,340,79,2851
102,백령도,2025-08-27 04:00,22.5,,2,360,83,2228
102,백령도,2025-08-27 05:00,21.4,,1.4,200,89,1249
102,백령도,2025-08-27 06:00,21.2,,1.4,290,88,2023
102,백령도,2025-08-27 07:00,22.1,,1.3,320,86,1480
102,백령도,2025-08-27 08:00,24.6,,.7,250,79,2832
102,백령도,2025-08-27 09:00,25.1,,1.4,340,73,3296
102,백령도,2025-08-27 10:00,26.6,,.9,290,67,4012
102,백령도,2025-08-27 11:00,26.7,,2.2,290,64,3785
102,백령도,2025-08-27 12:00,26.1,,1.6,340,69,4078
102,백령도,2025-08-27 13:00,25.7,,3.6,320,68,3982
102,백령도,2025-08-27 14:00,25.5,,2,320,68,4404
102,백령도,2025-08-27 15:00,25.1,,1.9,290,71,4689
102,백령도,2025-08-27 16:00,25.7,,1.8,360,64,4915
102,백령도,2025-08-27 17:00,25.8,,.4,0,63,4792
102,백령도,2025-08-27 18:00,25,,1.2,320,71,4481
102,백령도,2025-08-27 19:00,24,,.7,250,73,4744
102,백령도,2025-08-27 20:00,23.1,,1.2,320,77,4252
102,백령도,2025-08-27 21:00,23,,0,0,78,2891
102,백령도,2025-08-27 22:00,22.7,,1,180,77,3692
102,백령도,2025-08-27 23:00,22.3,,1.1,180,80,3608
102,백령도,2025-08-28 00:00,23.5,,.4,0,69,4319
102,백령도,2025-08-28 01:00,23,,.6,160,77,3949
102,백령도,2025-08-28 02:00,22.4,,1.9,90,85,1887
102,백령도,2025-08-28 03:00,22.9,,1.7,110,90,1908
102,백령도,2025-08-28 04:00,23.5,,3.3,140,86,1987
102,백령도,2025-08-28 05:00,23.8,,4.4,140,85,3037
102,백령도,2025-08-28 06:00,24,,4.1,160,84,3559
102,백령도,2025-08-28 07:00,24.1,,4.1,140,85,3454
102,백령도,2025-08-28 08:00,24.6,,4,160,87,2490
102,백령도,2025-08-28 09:00,25.5,,4.2,160,82,3667
102,백령도,2025-08-28 10:00,25.9,,4.2,160,81,4005
102,백령도,2025-08-28 11:00,26,,4.7,140,84,2790
102,백령도,2025-08-28 12:00,27.3,,6.2,160,82,3050
102,백령도,2025-08-28 13:00,28.2,,6.1,180,80,2866
102,백령도,2025-08-28 14:00,29.5,,5.8,200,77,3645
102,백령도,2025-08-28 15:00,29,,5.6,200,79,4088
102,백령도,2025-08-28 16:00,28.3,,5.1,200,81,2885
102,백령도,2025-08-28 17:00,28.3,,5.6,230,82,3083
102,백령도,2025-08-28 18:00,27.9,,5.1,230,83,3086
102,백령도,2025-08-28 19:00,27.1,,4.9,200,86,2457
102,백령도,2025-08-28 20:00,27,,5.8,230,87,2375
102,백령도,2025-08-28 21:00,27,,4.6,230,87,2457
102,백령도,2025-08-28 22:00,27.5,,5.9,230,85,2794
102,백령도,2025-08-28 23:00,27.5,,5.6,230,86,2830
102,백령도,2025-08-29 00:00,27.5,,5.1,250,86,2761
102,백령도,2025-08-29 01:00,27.4,,4.7,230,86,2683
102,백령도,2025-08-29 02:00,27.2,,5,250,86,2707
102,백령도,2025-08-29 03:00,27.1,,4.6,230,86,2992
102,백령도,2025-08-29 04:00,26.9,,3.7,230,88,2552
102,백령도,2025-08-29 05:00,26.9,,3.2,250,90,1906
102,백령도,2025-08-29 06:00,25.4,,2,320,91,831
102,백령도,2025-08-29 07:00,24.8,,2.5,320,90,1063
102,백령도,2025-08-29 08:00,25.6,,2,320,86,1640
102,백령도,2025-08-29 09:00,25.5,,2.3,320,86,1598
102,백령도,2025-08-29 10:00,25.3,,2.8,320,82,1785
102,백령도,2025-08-29 11:00,26.1,,3.8,320,79,3295
102,백령도,2025-08-29 12:00,26.3,,2.9,320,76,3506
102,백령도,2025-08-29 13:00,26,,3.6,320,76,2250
102,백령도,2025-08-29 14:00,25.8,,3.7,320,76,2405
102,백령도,2025-08-29 15:00,25.5,,3.8,320,76,3133
102,백령도,2025-08-29 16:00,25.3,,3.7,320,78,2550
102,백령도,2025-08-29 17:00,25.5,,3.8,320,78,3093
102,백령도,2025-08-29 18:00,25,,2,340,78,2636
102,백령도,2025-08-29 19:00,23.3,,2.5,320,85,2124
102,백령도,2025-08-29 20:00,22.6,,1.5,320,88,1765
102,백령도,2025-08-29 21:00,22.5,,2.2,320,87,1712
102,백령도,2025-08-29 22:00,22.7,,2.8,340,88,1054
102,백령도,2025-08-29 23:00,22.5,,.9,230,89,1448
102,백령도,2025-08-30 00:00,22,,.8,250,90,1416
102,백령도,2025-08-30 01:00,22.3,,.5,230,89,1668
102,백령도,2025-08-30 02:00,22.7,,1.4,320,89,1909
102,백령도,2025-08-30 03:00,22.5,,.4,0,91,1548
102,백령도,2025-08-30 04:00,22.6,,.8,70,90,1282
102,백령도,2025-08-30 05:00,22.7,,1.8,90,91,1303
102,백령도,2025-08-30 06:00,22.6,0,2.1,90,85,2968
102,백령도,2025-08-30 07:00,22.7,1.7,1.7,20,93,714
102,백령도,2025-08-30 08:00,21.7,0,3,70,93,488
102,백령도,2025-08-30 09:00,21.9,.3,2.1,110,92,868
102,백령도,2025-08-30 10:00,24.7,,2.1,90,79,2484
102,백령도,2025-08-30 11:00,25.3,,3.1,90,76,3940
102,백령도,2025-08-30 12:00,26.5,,2.5,90,76,3375
102,백령도,2025-08-30 13:00,24.8,,3.3,360,80,3720
102,백령도,2025-08-30 14:00,26.2,,1.9,70,73,3559
102,백령도,2025-08-30 15:00,27.7,,1.9,140,73,3818
102,백령도,2025-08-30 16:00,27.8,,1.7,110,71,3629
102,백령도,2025-08-30 17:00,27.6,,2.8,140,77,3169
102,백령도,2025-08-30 18:00,26.6,,2.4,180,83,3609
102,백령도,2025-08-30 19:00,26.2,,2.4,180,85,3527
102,백령도,2025-08-30 20:00,25.7,,1.8,180,88,3151
102,백령도,2025-08-30 21:00,25.7,,3.3,160,90,2641
102,백령도,2025-08-30 22:00,26.1,,3.8,160,91,2144
102,백령도,2025-08-30 23:00,26.2,,4,160,89,2397
102,백령도,2025-08-31 00:00,25.7,,2.2,200,91,1934
102,백령도,2025-08-31 01:00,25.5,,1.5,180,92,779
102,백령도,2025-08-31 02:00,25.4,1.9,2.5,180,92,204
102,백령도,2025-08-31 03:00,25.7,1.6,1.1,180,92,391
102,백령도,2025-08-31 04:00,24.5,.5,2.3,200,84,731
102,백령도,2025-08-31 05:00,24,,1.2,160,89,868
102,백령도,2025-08-31 06:00,24.2,,1.3,140,91,699
102,백령도,2025-08-31 07:00,24.5,1.5,4,180,87,749
102,백령도,2025-08-31 08:00,23.9,4.4,1.3,200,91,650
102,백령도,2025-08-31 09:00,25.6,,1.6,160,87,1347
102,백령도,2025-08-31 10:00,24.4,4.5,3.5,140,90,1046
102,백령도,2025-08-31 11:00,25.5,0,1.5,140,91,808
102,백령도,2025-08-31 12:00,27.3,0,3.1,180,77,2411
102,백령도,2025-08-31 13:00,27,,4.2,140,83,1307
102,백령도,2025-08-31 14:00,26.3,0,3.9,140,87,1101
102,백령도,2025-08-31 15:00,26.9,0,5.7,160,86,1102
102,백령도,2025-08-31 16:00,27.5,0,4.3,200,83,2160
102,백령도,2025-08-31 17:00,27.1,.1,7,180,83,3119
102,백령도,2025-08-31 18:00,27.2,2.8,5.6,230,85,2834
102,백령도,2025-08-31 19:00,27,,5.5,250,83,3078
102,백령도,2025-08-31 20:00,26.2,,2,270,88,1988
102,백령도,2025-08-31 21:00,26.1,,1.3,250,88,2045
102,백령도,2025-08-31 22:00,25.7,1.5,2.1,230,89,818
102,백령도,2025-08-31 23:00,24.8,0,.9,340,93,780
102,백령도,2025-09-01 00:00,24.3,0,.7,20,95,781
102,백령도,2025-09-01 01:00,24.5,5.3,2.5,200,93,398
102,백령도,2025-09-01 02:00,24.2,1.2,2.1,200,93,900
102,백령도,2025-09-01 03:00,23.9,1.1,.4,0,95,504
102,백령도,2025-09-01 04:00,23.8,1.3,.8,110,95,564
102,백령도,2025-09-01 05:00,23.8,.2,1.4,200,95,980
102,백령도,2025-09-01 06:00,22.2,1.4,2.5,360,92,2790
102,백령도,2025-09-01 07:00,22.1,0,3,50,91,4246
102,백령도,2025-09-01 08:00,22.5,.4,.9,70,93,4672
102,백령도,2025-09-01 09:00,22.8,,1.7,360,91,4965
102,백령도,2025-09-01 10:00,22.8,,4.6,340,89,4990
102,백령도,2025-09-01 11:00,23.2,,5,360,85,4935
102,백령도,2025-09-01 12:00,23.5,,5.8,340,79,4993
102,백령도,2025-09-01 13:00,24.4,,6.9,340,76,4827
102,백령도,2025-09-01 14:00,24.5,,6.2,340,77,4318
102,백령도,2025-09-01 15:00,24.4,,5.6,340,76,4908
102,백령도,2025-09-01 16:00,24.4,,4.9,360,78,4578
102,백령도,2025-09-01 17:00,24.4,,3.9,340,77,4874
102,백령도,2025-09-01 18:00,23.8,,2.9,340,81,4593
102,백령도,2025-09-01 19:00,22.7,,2.4,320,86,4510
102,백령도,2025-09-01 20:00,21.8,,1.2,290,92,2918
102,백령도,2025-09-01 21:00,21.6,,.9,320,91,1880
102,백령도,2025-09-01 22:00,21.4,,1.5,290,93,775
102,백령도,2025-09-01 23:00,21.8,,2,320,92,561
102,백령도,2025-09-02 00:00,21.9,,1.3,290,92,542
102,백령도,2025-09-02 01:00,22.1,,1.3,290,92,554
102,백령도,2025-09-02 02:00,22.1,,1.1,360,94,349
102,백령도,2025-09-02 03:00,22,,.9,270,94,292
102,백령도,2025-09-02 04:00,22.9,,0,0,93,402
102,백령도,2025-09-02 05:00,22.5,,1.2,340,95,206
102,백령도,2025-09-02 06:00,22.7,,1.8,340,95,211
102,백령도,2025-09-02 07:00,23,,1.9,360,94,230
102,백령도,2025-09-02 08:00,24.2,,2.2,360,91,330
102,백령도,2025-09-02 09:00,25,,1.5,140,87,476
102,백령도,2025-09-02 10:00,25.4,,1.9,160,80,717
102,백령도,2025-09-02 11:00,26.4,,1.4,70,78,753
102,백령도,2025-09-02 12:00,26.9,,1.7,90,79,976
102,백령도,2025-09-02 13:00,27.4,,1.3,140,77,1137
102,백령도,2025-09-02 14:00,26.9,,2,250,75,1457
102,백령도,2025-09-02 15:00,27.1,,2,320,73,1644
102,백령도,2025-09-02 16:00,26.9,,2.2,340,74,1203
102,백령도,2025-09-02 17:00,26.8,,1.8,320,68,1563
102,백령도,2025-09-02 18:00,25.7,,2.4,320,83,684
102,백령도,2025-09-02 19:00,24.2,,1.3,290,89,389
102,백령도,2025-09-02 20:00,23.5,,1.1,290,92,242
102,백령도,2025-09-02 21:00,23.1,,1.1,290,93,217
102,백령도,2025-09-02 22:00,22.5,,1.4,340,94,126
102,백령도,2025-09-02 23:00,22.8,,.7,250,92,225
102,백령도,2025-09-03 00:00,22.7,,.7,320,94,232
102,백령도,2025-09-03 01:00,22.9,,.4,0,92,327
102,백령도,2025-09-03 02:00,22.3,,.4,0,91,293
102,백령도,2025-09-03 03:00,22.8,,1,90,93,204
102,백령도,2025-09-03 04:00,22.6,,1.7,110,95,139
102,백령도,2025-09-03 05:00,22.7,,1,90,94,405
102,백령도,2025-09-03 06:00,22.8,,1.4,90,94,357
102,백령도,2025-09-03 07:00,23,,1.4,90,94,335
102,백령도,2025-09-03 08:00,23.7,,2.4,70,89,748
102,백령도,2025-09-03 09:00,25.3,,2.3,90,83,1117
102,백령도,2025-09-03 10:00,26,,3.1,140,79,1717
102,백령도,2025-09-03 11:00,26.7,,3.7,140,75,1877
102,백령도,2025-09-03 12:00,27.7,,3.2,140,65,2217
102,백령도,2025-09-03 13:00,26.7,,3.3,160,72,2159
102,백령도,2025-09-03 14:00,26.9,,3.3,180,67,2416
102,백령도,2025-09-03 15:00,26.4,,2.8,180,73,2401
102,백령도,2025-09-03 16:00,26.2,,2.4,180,77,2016
102,백령도,2025-09-03 17:00,26,,1.6,160,78,1689
102,백령도,2025-09-03 18:00,25.5,,1.7,160,80,1449
102,백령도,2025-09-03 19:00,24.7,,1.2,340,84,1384
102,백령도,2025-09-03 20:00,24.3,0,3.4,20,87,1074
102,백령도,2025-09-03 21:00,24.1,0,2.1,20,86,1327
102,백령도,2025-09-03 22:00,24.2,0,2.6,50,81,1560
102,백령도,2025-09-03 23:00,23.5,0,1.8,70,88,1020
102,백령도,2025-09-04 00:00,23.5,0,1.5,90,89,806
102,백령도,2025-09-04 01:00,23.9,.1,3.1,110,87,936
102,백령도,2025-09-04 02:00,23,0,.8,70,85,2032
102,백령도,2025-09-04 03:00,22.9,0,1,140,82,2044
102,백령도,2025-09-04 04:00,22.1,0,1.1,160,88,1596
102,백령도,2025-09-04 05:00,22.4,.2,2.5,110,81,2613
102,백령도,2025-09-04 06:00,22.6,.6,2.3,90,90,1195
102,백령도,2025-09-04 07:00,22.9,.1,2.7,90,90,1624
102,백령도,2025-09-04 08:00,23.2,0,2.2,90,89,1285
102,백령도,2025-09-04 09:00,23.8,,3.7,90,88,1100
102,백령도,2025-09-04 10:00,24.2,,2.8,110,86,1300
102,백령도,2025-09-04 11:00,24.4,0,2.9,110,87,1037
102,백령도,2025-09-04 12:00,25.5,0,2.7,110,79,4433
102,백령도,2025-09-04 13:00,25.5,,2.7,110,78,4386
102,백령도,2025-09-04 14:00,25.8,,3.7,110,77,4590
102,백령도,2025-09-04 15:00,25.8,,3.3,110,80,4171
102,백령도,2025-09-04 16:00,26.1,,3.4,140,77,4014
102,백령도,2025-09-04 17:00,27.3,,1.5,110,78,3978
102,백령도,2025-09-04 18:00,26.5,,1.6,70,78,4414
102,백령도,2025-09-04 19:00,24.7,,1.2,320,85,2503
102,백령도,2025-09-04 20:00,24,,1.5,320,88,1783
102,백령도,2025-09-04 21:00,23.8,,1.8,360,89,1799
102,백령도,2025-09-04 22:00,23.4,,1.3,360,91,1454
102,백령도,2025-09-04 23:00,24.4,,2.2,20,85,3503
102,백령도,2025-09-05 00:00,24.3,,1.9,50,85,3888
102,백령도,2025-09-05 01:00,23.8,,1.6,70,88,3283
102,백령도,2025-09-05 02:00,23.8,,1.2,70,86,3896
102,백령도,2025-09-05 03:00,23.3,,1.2,140,90,3230
102,백령도,2025-09-05 04:00,23.5,,1.1,90,92,2217
102,백령도,2025-09-05 05:00,23.9,,1.9,110,91,2242
102,백령도,2025-09-05 06:00,23.9,,2.1,110,89,2969
102,백령도,2025-09-05 07:00,24.1,,2.2,90,88,3350
102,백령도,2025-09-05 08:00,24.5,,2.9,110,85,3210
102,백령도,2025-09-05 09:00,25,,3.1,140,82,3981
102,백령도,2025-09-05 10:00,26,,4.2,110,78,4221
102,백령도,2025-09-05 11:00,26.7,,4.5,140,76,3950
102,백령도,2025-09-05 12:00,27.6,,5.2,140,74,3932
102,백령도,2025-09-05 13:00,27.3,,5,160,75,4047
102,백령도,2025-09-05 14:00,27.6,,4.2,140,76,3284
102,백령도,2025-09-05 15:00,27.8,,4.2,140,77,3059
102,백령도,2025-09-05 16:00,27.7,,3.6,140,78,2523
102,백령도,2025-09-05 17:00,27.1,,3.7,140,81,2583
102,백령도,2025-09-05 18:00,26.4,,3.2,160,87,1489
102,백령도,2025-09-05 19:00,26,,3.6,160,90,1113
102,백령도,2025-09-05 20:00,26.4,,3.3,160,90,2142
102,백령도,2025-09-05 21:00,26.3,0,2.7,180,87,1794
102,백령도,2025-09-05 22:00,26,.3,1.9,180,90,753
102,백령도,2025-09-05 23:00,26.2,,2.8,230,88,1587
102,백령도,2025-09-06 00:00,26.2,,3,230,87,1699
102,백령도,2025-09-06 01:00,26.1,,2.9,200,87,1943
102,백령도,2025-09-06 02:00,26.2,,3.4,230,85,2552
102,백령도,2025-09-06 03:00,26.2,,3.3,230,84,2353
102,백령도,2025-09-06 04:00,26.2,,2.9,230,86,2239
102,백령도,2025-09-06 05:00,26.3,,1.8,230,87,1910
102,백령도,2025-09-06 06:00,26.5,,2.7,230,87,1825
102,백령도,2025-09-06 07:00,26.6,,3.8,250,85,2286
102,백령도,2025-09-06 08:00,27,,3.5,250,83,2536
102,백령도,2025-09-06 09:00,27.4,,4.2,250,83,2843
102,백령도,2025-09-06 10:00,27.8,,4.8,250,81,3453
102,백령도,2025-09-06 11:00,28,,4.3,250,79,3964
102,백령도,2025-09-06 12:00,26.4,,1,340,81,3398
102,백령도,2025-09-06 13:00,25.8,5.2,3.3,200,90,1102
102,백령도,2025-09-06 14:00,26.1,2.8,6.7,290,87,3097
102,백령도,2025-09-06 15:00,24.4,0,3.7,320,89,1979
102,백령도,2025-09-06 16:00,24,0,2,290,91,2890
102,백령도,2025-09-06 17:00,24,0,3.1,340,92,2454
102,백령도,2025-09-06 18:00,23.2,,3.4,320,91,2858
102,백령도,2025-09-06 19:00,22.8,,2.2,320,93,2349
102,백령도,2025-09-06 20:00,23,,2.4,320,92,3964
102,백령도,2025-09-06 21:00,22.8,,1.4,320,93,3185
102,백령도,2025-09-06 22:00,23,,3.6,340,90,3705
102,백령도,2025-09-06 23:00,23,,3.7,340,91,3657
102,백령도,2025-09-07 00:00,22.8,,2.5,340,88,3796
102,백령도,2025-09-07 01:00,22.7,,2.6,320,89,2795
102,백령도,2025-09-07 02:00,22,,1.7,320,91,2093
102,백령도,2025-09-07 03:00,22.2,,2.2,340,88,2956
102,백령도,2025-09-07 04:00,22.3,,2.2,320,89,3204
102,백령도,2025-09-07 05:00,22.6,,2.5,320,84,4070
102,백령도,2025-09-07 06:00,21.5,,2,320,90,3037
102,백령도,2025-09-07 07:00,22.2,,1.9,340,85,3527
102,백령도,2025-09-07 08:00,23.2,,2.4,360,81,4050
102,백령도,2025-09-07 09:00,23.6,,1.8,360,78,4365
102,백령도,2025-09-07 10:00,25.2,,.9,360,73,3775
102,백령도,2025-09-07 11:00,25.8,,2.1,360,71,3605
102,백령도,2025-09-07 12:00,26.3,,2.2,360,61,3115
102,백령도,2025-09-07 13:00,26.5,,3.1,320,59,3321
102,백령도,2025-09-07 14:00,26.9,,2.8,360,58,3239
102,백령도,2025-09-07 15:00,26.7,,2.9,290,55,3654
102,백령도,2025-09-07 16:00,26.2,,2.8,320,60,3696
102,백령도,2025-09-07 17:00,26.2,,2.2,290,58,3881
102,백령도,2025-09-07 18:00,25.7,,1.4,320,61,3812
102,백령도,2025-09-07 19:00,23.5,,.2,0,70,3111
102,백령도,2025-09-07 20:00,23.2,,1.4,250,64,4152
102,백령도,2025-09-07 21:00,22.3,,1.5,270,68,4156
102,백령도,2025-09-07 22:00,23,,1.7,270,59,4860
102,백령도,2025-09-07 23:00,22.8,,1,250,59,4867
102,백령도,2025-09-08 00:00,23.1,,1,250,57,4816
102,백령도,2025-09-08 01:00,23,,.7,250,65,4691
102,백령도,2025-09-08 02:00,22.6,,1.7,90,68,4655
102,백령도,2025-09-08 03:00,21.7,,.3,0,86,2466
102,백령도,2025-09-08 04:00,21.5,,1.5,140,92,1721
102,백령도,2025-09-08 05:00,21.9,,1.7,110,93,875
102,백령도,2025-09-08 06:00,21.9,,1,110,91,1210
102,백령도,2025-09-08 07:00,22.9,,1.1,140,77,3876
102,백령도,2025-09-08 08:00,22.7,,1.5,200,81,2454
102,백령도,2025-09-08 09:00,23.4,,1,160,82,3149
102,백령도,2025-09-08 10:00,24.2,,.7,160,75,3732
102,백령도,2025-09-08 11:00,25,,1.7,160,70,3815
102,백령도,2025-09-08 12:00,25.8,,1.4,180,59,4490
102,백령도,2025-09-08 13:00,25.3,,1.3,180,63,4498
102,백령도,2025-09-08 14:00,25,,1.1,200,68,4564
102,백령도,2025-09-08 15:00,24.9,,2.9,160,66,4173
102,백령도,2025-09-08 16:00,24.2,,2,320,74,4438
102,백령도,2025-09-08 17:00,24.8,,1.4,200,69,3817
102,백령도,2025-09-08 18:00,23.8,,.5,180,75,3924
102,백령도,2025-09-08 19:00,23,,.2,0,79,3317
102,백령도,2025-09-08 20:00,22.9,,1.5,200,78,2798
102,백령도,2025-09-08 21:00,22.7,,1.3,200,80,3390
102,백령도,2025-09-08 22:00,22.1,,1.4,200,83,2539
102,백령도,2025-09-08 23:00,22.7,,1.6,200,79,2869
102,백령도,2025-09-09 00:00,22.3,,2,200,80,2596
102,백령도,2025-09-09 01:00,22.9,,1.2,200,73,3933
102,백령도,2025-09-09 02:00,22.3,,1.2,90,86,3089
102,백령도,2025-09-09 03:00,22.5,,1.2,90,90,2046
102,백령도,2025-09-09 04:00,22.4,,1.1,110,91,1741
102,백령도,2025-09-09 05:00,22,,1.3,110,93,903
102,백령도,2025-09-09 06:00,21.6,,1.4,90,94,665
102,백령도,2025-09-09 07:00,21.9,,1.9,70,94,809
102,백령도,2025-09-09 08:00,23.6,,2.3,90,89,1709
102,백령도,2025-09-09 09:00,24.5,,2,70,81,2713
102,백령도,2025-09-09 10:00,24.9,,1.7,90,78,2154
102,백령도,2025-09-09 11:00,26.2,,1.5,70,72,2986
102,백령도,2025-09-09 12:00,25.5,,3.2,360,68,2891
102,백령도,2025-09-09 13:00,27.2,,1.7,360,58,3050
102,백령도,2025-09-09 14:00,26.4,,2.4,340,55,2951
102,백령도,2025-09-09 15:00,26.7,,2,290,43,4407
102,백령도,2025-09-09 16:00,26.8,,1.9,290,39,4634
102,백령도,2025-09-09 17:00,26.1,,1.8,320,44,4767
102,백령도,2025-09-09 18:00,24.4,,2,320,62,4225
102,백령도,2025-09-09 19:00,21.8,,1.5,320,73,4567
102,백령도,2025-09-09 20:00,21.2,,1.2,290,64,4346
102,백령도,2025-09-09 21:00,22.8,,1.1,90,54,4982
102,백령도,2025-09-09 22:00,22.7,,0,0,59,4946
102,백령도,2025-09-09 23:00,22,,1.1,70,64,4871
102,백령도,2025-09-10 00:00,21.1,,.7,320,75,4707
102,백령도,2025-09-10 01:00,21.1,,.6,320,75,4537
102,백령도,2025-09-10 02:00,20.3,,.9,290,79,4452
102,백령도,2025-09-10 03:00,20.8,,.3,0,73,4732
102,백령도,2025-09-10 04:00,20.3,,1.2,320,74,4363
102,백령도,2025-09-10 05:00,20.5,,1.4,340,66,4525
102,백령도,2025-09-10 06:00,20,,1.9,320,76,4089
102,백령도,2025-09-10 07:00,20.7,,1.5,340,77,3544
102,백령도,2025-09-10 08:00,23,,2,360,59,4400
102,백령도,2025-09-10 09:00,24.6,,1.8,70,56,4506
102,백령도,2025-09-10 10:00,25.5,,1.5,90,47,4349
102,백령도,2025-09-10 11:00,26.9,,2,70,37,4485
102,백령도,2025-09-10 12:00,26.7,,1.5,320,36,4158
102,백령도,2025-09-10 13:00,28.3,,1.4,340,29,4619
102,백령도,2025-09-10 14:00,26.1,,3.3,320,50,3251
102,백령도,2025-09-10 15:00,26.4,,3.6,320,43,4387
102,백령도,2025-09-10 16:00,25.7,,4.1,340,44,4438
102,백령도,2025-09-10 17:00,25.1,,3.8,320,53,4724
102,백령도,2025-09-10 18:00,24.5,,3.5,320,57,4480
102,백령도,2025-09-10 19:00,22.9,,2,340,67,4514
102,백령도,2025-09-10 20:00,22.5,,2.7,360,74,4038
102,백령도,2025-09-10 21:00,22,,2.5,320,77,3639
102,백령도,2025-09-10 22:00,21.4,,2.6,320,82,3034
102,백령도,2025-09-10 23:00,22,,2,340,79,3210
102,백령도,2025-09-11 00:00,21.2,,1.9,340,81,2984
102,백령도,2025-09-11 01:00,21.3,,2.1,340,79,2484
102,백령도,2025-09-11 02:00,20.9,,1.2,320,80,2349
102,백령도,2025-09-11 03:00,20.7,,1.4,340,82,2049
102,백령도,2025-09-11 04:00,21.9,,2.1,360,72,2075
102,백령도,2025-09-11 05:00,22.4,,1.7,70,67,2220
102,백령도,2025-09-11 06:00,21,,2.7,70,83,1402
102,백령도,2025-09-11 07:00,21.4,,2,70,84,1172
102,백령도,2025-09-11 08:00,22.9,,1.7,110,76,1654
102,백령도,2025-09-11 09:00,24,,1.9,90,69,1712
102,백령도,2025-09-11 10:00,25.4,,2.4,110,66,2093
102,백령도,2025-09-11 11:00,26.4,,2.2,110,63,2054
102,백령도,2025-09-11 12:00,27,,3,140,63,2045
102,백령도,2025-09-11 13:00,26.8,,3.4,160,60,2271
102,백령도,2025-09-11 14:00,26.8,,3.7,160,61,3726
102,백령도,2025-09-11 15:00,26.2,,3.5,180,64,3227
102,백령도,2025-09-11 16:00,27.1,,2.9,160,53,3982
102,백령도,2025-09-11 17:00,26,,1.1,200,62,3579
102,백령도,2025-09-11 18:00,25.2,,.8,270,71,3669
102,백령도,2025-09-11 19:00,22.3,,1.3,340,83,2632
102,백령도,2025-09-11 20:00,21.5,,1.5,290,86,2279
102,백령도,2025-09-11 21:00,22.2,,.3,0,77,2867
102,백령도,2025-09-11 22:00,22.9,,.5,70,71,3289
102,백령도,2025-09-11 23:00,22.6,,1.3,20,75,1565
102,백령도,2025-09-12 00:00,21.7,,.7,320,83,2127
102,백령도,2025-09-12 01:00,22.9,,1.4,90,80,2091
102,백령도,2025-09-12 02:00,22.2,,1.2,110,85,1375
102,백령도,2025-09-12 03:00,22.4,,2.2,110,90,954
102,백령도,2025-09-12 04:00,22.4,,2.4,110,87,1282
102,백령도,2025-09-12 05:00,22.2,,2.9,110,84,1935
102,백령도,2025-09-12 06:00,22.3,,4.9,90,77,2962
102,백령도,2025-09-12 07:00,22.6,,4.4,110,72,3174
102,백령도,2025-09-12 08:00,22.7,,4.9,140,68,3460
102,백령도,2025-09-12 09:00,23,,3.4,110,67,4204
102,백령도,2025-09-12 10:00,24.8,,5,140,59,3814
102,백령도,2025-09-12 11:00,25,,5.9,140,64,4111
102,백령도,2025-09-12 12:00,25.1,,4.7,140,59,4556
102,백령도,2025-09-12 13:00,24.6,,5.2,140,64,4219
102,백령도,2025-09-12 14:00,24.7,,4.6,140,66,3576
102,백령도,2025-09-12 15:00,24.2,,4.2,110,69,4011
102,백령도,2025-09-12 16:00,24.4,,3.9,140,67,3964
102,백령도,2025-09-12 17:00,24.1,0,3,110,74,3259
102,백령도,2025-09-12 18:00,23.5,0,3.3,140,78,2702
102,백령도,2025-09-12 19:00,22.9,0,4,140,84,2541
102,백령도,2025-09-12 20:00,21.9,.2,5.6,160,83,1156
102,백령도,2025-09-12 21:00,20.6,1.7,5.3,160,89,618
102,백령도,2025-09-12 22:00,20.4,2.4,3.4,110,92,564
102,백령도,2025-09-12 23:00,20.4,1.4,3.1,90,93,880
102,백령도,2025-09-13 00:00,20,2.2,4.9,90,92,1171
102,백령도,2025-09-13 01:00,20,.9,3.6,90,92,892
102,백령도,2025-09-13 02:00,19.9,1.9,3.6,70,91,1691
102,백령도,2025-09-13 03:00,19.8,.1,3.4,50,91,2617
102,백령도,2025-09-13 04:00,20,.1,2.7,20,89,3421
102,백령도,2025-09-13 05:00,20.2,0,2.9,360,86,4927
102,백령도,2025-09-13 06:00,21,0,4.9,360,84,4527
102,백령도,2025-09-13 07:00,21.3,,2.7,360,88,2268
102,백령도,2025-09-13 08:00,21.3,,3.2,360,84,4403
102,백령도,2025-09-13 09:00,21.6,,2.6,70,78,4720
102,백령도,2025-09-13 10:00,22.8,,2.6,70,79,4623
102,백령도,2025-09-13 11:00,23.6,,3.9,360,75,4274
102,백령도,2025-09-13 12:00,24.5,,3.4,360,75,4745
102,백령도,2025-09-13 13:00,23.9,,4.3,340,76,4061
102,백령도,2025-09-13 14:00,23.8,,5.8,340,74,3927
102,백령도,2025-09-13 15:00,23.8,,4.5,340,75,3657
102,백령도,2025-09-13 16:00,24.1,,3.6,340,70,4263
102,백령도,2025-09-13 17:00,23.9,,4.3,340,70,4089
102,백령도,2025-09-13 18:00,23.7,,2.5,320,72,4537
102,백령도,2025-09-13 19:00,22.4,,1.7,340,74,4296
102,백령도,2025-09-13 20:00,21.5,,1,320,82,3040
102,백령도,2025-09-13 21:00,21.5,,.7,320,87,1814
102,백령도,2025-09-13 22:00,21,,1,320,89,1471
102,백령도,2025-09-13 23:00,20.7,,1.4,270,85,2167
102,백령도,2025-09-14 00:00,21.4,,0,0,77,3596
102,백령도,2025-09-14 01:00,20.8,,2,290,78,4179
102,백령도,2025-09-14 02:00,20.2,,1.8,340,82,3012
102,백령도,2025-09-14 03:00,20.7,,.8,360,80,2952
102,백령도,2025-09-14 04:00,20.5,,.8,140,82,2679
102,백령도,2025-09-14 05:00,19.9,,1.1,200,82,2682
102,백령도,2025-09-14 06:00,21.3,,.4,0,87,2086
102,백령도,2025-09-14 07:00,20.4,,1.7,110,93,1015
102,백령도,2025-09-14 08:00,22,,1.2,160,84,2164
102,백령도,2025-09-14 09:00,24.1,,2,140,76,3392
102,백령도,2025-09-14 10:00,25.1,,1.8,180,69,3935
102,백령도,2025-09-14 11:00,26.2,,2.4,140,66,3095
102,백령도,2025-09-14 12:00,25.4,,2.9,160,70,3938
102,백령도,2025-09-14 13:00,25.8,,3.2,180,71,4047
102,백령도,2025-09-14 14:00,26.2,,4.3,180,68,3443
102,백령도,2025-09-14 15:00,26.2,,5.3,180,72,3863
102,백령도,2025-09-14 16:00,26,,3.8,180,68,3882
102,백령도,2025-09-14 17:00,25.5,,3.5,180,71,4446
102,백령도,2025-09-14 18:00,24.9,,2.6,200,73,4206
102,백령도,2025-09-14 19:00,23.6,,1.5,200,79,3165
102,백령도,2025-09-14 20:00,23.1,,.9,180,82,3417
102,백령도,2025-09-14 21:00,23.3,,1.2,200,82,3217
102,백령도,2025-09-14 22:00,23.5,,1.4,200,81,2847
102,백령도,2025-09-14 23:00,23.9,,2.1,230,81,3052
102,백령도,2025-09-15 00:00,23.2,,1.4,200,86,1515
102,백령도,2025-09-15 01:00,23.1,,1.3,200,88,1109
102,백령도,2025-09-15 02:00,23.1,,1.1,180,89,1607
102,백령도,2025-09-15 03:00,22.3,,2.1,200,92,400
102,백령도,2025-09-15 04:00,22.9,,.6,230,91,1942
102,백령도,2025-09-15 05:00,22,,1.8,90,94,486
102,백령도,2025-09-15 06:00,22.3,,2,90,95,278
102,백령도,2025-09-15 07:00,22.3,,1,110,95,324
102,백령도,2025-09-15 08:00,23.9,,1,160,91,1568
102,백령도,2025-09-15 09:00,25,,2.4,160,84,3115
102,백령도,2025-09-15 10:00,26.1,,2,140,80,2647
102,백령도,2025-09-15 11:00,26.2,,4.4,180,78,2403
102,백령도,2025-09-15 12:00,26.3,,4.1,180,76,3524
102,백령도,2025-09-15 13:00,26.6,,5.9,180,75,3776
102,백령도,2025-09-15 14:00,26.3,,5.8,180,78,4142
102,백령도,2025-09-15 15:00,26.5,,4.7,180,77,4170
102,백령도,2025-09-15 16:00,26.4,,4,180,74,4258
102,백령도,2025-09-15 17:00,25.8,,2.9,180,74,4678
102,백령도,2025-09-15 18:00,25,,3.2,180,77,4621
102,백령도,2025-09-15 19:00,23.6,,1.8,180,85,2745
102,백령도,2025-09-15 20:00,23.8,,3,160,85,2926
102,백령도,2025-09-15 21:00,23.8,,3.7,160,86,3407
102,백령도,2025-09-15 22:00,23.5,,4,180,87,3132
102,백령도,2025-09-15 23:00,22.8,,2.9,180,90,1268
102,백령도,2025-09-16 00:00,23.6,,3.5,160,82,3998
102,백령도,2025-09-16 01:00,23.6,,3.8,160,85,3622
102,백령도,2025-09-16 02:00,23.9,,2.9,160,86,3183
102,백령도,2025-09-16 03:00,23.6,,2.9,160,89,1733
102,백령도,2025-09-16 04:00,23.8,,3.5,140,88,1668
102,백령도,2025-09-16 05:00,23.7,,3,140,89,1393
102,백령도,2025-09-16 06:00,23.6,,4,140,89,1357
102,백령도,2025-09-16 07:00,23.8,,4,140,89,1369
102,백령도,2025-09-16 08:00,22.8,12.9,2.8,90,94,126
102,백령도,2025-09-16 09:00,22.4,39.1,2.4,180,94,240
102,백령도,2025-09-16 10:00,22.5,4.3,5,160,94,656
102,백령도,2025-09-16 11:00,22.8,1.8,2.3,140,94,517
102,백령도,2025-09-16 12:00,22.3,9.2,5.3,140,95,330
102,백령도,2025-09-16 13:00,23.2,1.1,2.7,140,94,1298
102,백령도,2025-09-16 14:00,23.6,,3,160,89,1479
102,백령도,2025-09-16 15:00,23.9,,4.2,180,86,2626
102,백령도,2025-09-16 16:00,24.5,,2.5,180,84,2965
102,백령도,2025-09-16 17:00,24.8,,2,200,86,2881
102,백령도,2025-09-16 18:00,24.8,,.2,0,87,2599
102,백령도,2025-09-16 19:00,23.6,,.6,90,92,1467
102,백령도,2025-09-16 20:00,22.8,,1.6,50,94,1392
102,백령도,2025-09-16 21:00,23.1,,1.3,20,93,2003
102,백령도,2025-09-16 22:00,22.3,,3.1,340,86,1592
102,백령도,2025-09-16 23:00,22.5,,5.6,340,75,2832
102,백령도,2025-09-17 00:00,22.5,,7.6,340,73,3141
102,백령도,2025-09-17 01:00,21.9,,5.8,360,76,3085
102,백령도,2025-09-17 02:00,21.7,0,6.8,360,76,2741
102,백령도,2025-09-17 03:00,21.4,0,4.3,360,81,2487
102,백령도,2025-09-17 04:00,20.9,0,4.9,360,83,4794
102,백령도,2025-09-17 05:00,20.4,.2,5.9,360,84,2187
102,백령도,2025-09-17 06:00,20.4,0,5.5,360,85,2504
102,백령도,2025-09-17 07:00,20.5,0,7.3,360,82,4966
102,백령도,2025-09-17 08:00,18.7,.5,7.2,360,79,1582
102,백령도,2025-09-17 09:00,18.6,.4,3.3,20,81,4020
102,백령도,2025-09-17 10:00,18.6,.8,3.2,340,91,1105
102,백령도,2025-09-17 11:00,18.9,.1,4.1,360,80,4003
102,백령도,2025-09-17 12:00,19.6,0,5.2,360,80,4105
102,백령도,2025-09-17 13:00,20.9,,4.6,360,72,4062
102,백령도,2025-09-17 14:00,21.2,,6.6,360,68,4074
102,백령도,2025-09-17 15:00,21.1,,7.8,340,69,4651
102,백령도,2025-09-17 16:00,21.2,,6,360,68,4287
102,백령도,2025-09-17 17:00,20.9,,7.6,340,64,4623
102,백령도,2025-09-17 18:00,20.3,,8.1,340,62,4229
102,백령도,2025-09-17 19:00,20.2,,5.6,360,64,4742
102,백령도,2025-09-17 20:00,21.4,,8.6,360,52,4431
102,백령도,2025-09-17 21:00,21.4,,7.2,360,54,4695
102,백령도,2025-09-17 22:00,21.6,,7.3,340,53,4686
102,백령도,2025-09-17 23:00,21.3,,8.5,360,59,4127
102,백령도,2025-09-18 00:00,20.7,,6.8,360,60,4307
102,백령도,2025-09-18 01:00,20.5,,6.6,360,63,4083
102,백령도,2025-09-18 02:00,20.2,,6.2,360,60,4221
102,백령도,2025-09-18 03:00,20.1,,5.1,360,63,4589
102,백령도,2025-09-18 04:00,20.2,,4.5,360,64,4778
102,백령도,2025-09-18 05:00,20.2,,5.8,360,63,4864
102,백령도,2025-09-18 06:00,20.1,,5.2,360,64,4794
102,백령도,2025-09-18 07:00,19.9,,6.2,360,64,4859
102,백령도,2025-09-18 08:00,20,,5.7,360,64,4609
102,백령도,2025-09-18 09:00,20.3,,8.2,340,62,4129
102,백령도,2025-09-18 10:00,20.8,,6.8,360,60,4178
102,백령도,2025-09-18 11:00,21.4,,6.9,360,57,4539
102,백령도,2025-09-18 12:00,21.6,,5.8,360,61,4716
102,백령도,2025-09-18 13:00,22.2,,5.1,360,59,4015
102,백령도,2025-09-18 14:00,22.2,,5,360,61,4145
102,백령도,2025-09-18 15:00,22.3,,4.2,360,63,4117
102,백령도,2025-09-18 16:00,22.2,,4.1,340,69,4224
102,백령도,2025-09-18 17:00,22.1,,4.2,340,69,4610
102,백령도,2025-09-18 18:00,21.2,,4.3,340,74,3622
102,백령도,2025-09-18 19:00,21,,4,360,78,3321
102,백령도,2025-09-18 20:00,21.3,,2.4,360,78,3440
102,백령도,2025-09-18 21:00,21.6,,2.9,360,76,3926
102,백령도,2025-09-18 22:00,21.7,,1.7,20,75,3826
102,백령도,2025-09-18 23:00,21.5,,2.6,50,76,3832
102,백령도,2025-09-19 00:00,21.6,,3.1,110,73,4041
102,백령도,2025-09-19 01:00,21.3,,3.7,110,72,4757
102,백령도,2025-09-19 02:00,21.1,,4.9,110,70,4926
102,백령도,2025-09-19 03:00,21,,4.7,110,69,4978
102,백령도,2025-09-19 04:00,20.8,,5.7,110,70,4842
102,백령도,2025-09-19 05:00,20.4,,5.4,110,70,4835
102,백령도,2025-09-19 06:00,20.3,,5.4,110,70,4696
102,백령도,2025-09-19 07:00,20,,5.1,110,72,4770
102,백령도,2025-09-19 08:00,19.9,,6.1,110,72,3973
102,백령도,2025-09-19 09:00,19.5,0,5.5,110,79,2929
102,백령도,2025-09-19 10:00,19.3,.8,4.9,140,87,864
102,백령도,2025-09-19 11:00,19.4,2.6,2.7,110,91,363
102,백령도,2025-09-19 12:00,19.3,2.8,2.8,110,91,736
102,백령도,2025-09-19 13:00,19.4,1.1,2.7,110,92,969
102,백령도,2025-09-19 14:00,19,.8,1.9,180,88,1298
102,백령도,2025-09-19 15:00,20.1,0,1.7,200,73,4947
102,백령도,2025-09-19 16:00,19.1,0,1.3,200,75,2343
102,백령도,2025-09-19 17:00,18,1.4,1.3,230,84,839
102,백령도,2025-09-19 18:00,17.5,1.6,0,0,93,1406
102,백령도,2025-09-19 19:00,17,1.4,1.8,160,89,658
102,백령도,2025-09-19 20:00,16.7,2.5,2.4,110,90,893
102,백령도,2025-09-19 21:00,16.9,3.1,3.1,110,92,852
102,백령도,2025-09-19 22:00,16.9,3.9,4.4,110,94,562
102,백령도,2025-09-19 23:00,16.9,4.5,3.9,110,94,543
102,백령도,2025-09-20 00:00,17,2.3,3.3,110,93,1378
102,백령도,2025-09-20 01:00,17.1,1.1,2.7,90,93,1846
102,백령도,2025-09-20 02:00,17.1,.1,1.6,70,92,1237
102,백령도,2025-09-20 03:00,17.1,.5,1.6,50,93,1982
102,백령도,2025-09-20 04:00,17.2,.1,1.8,340,93,1255
102,백령도,2025-09-20 05:00,17.7,0,4,360,92,2235
102,백령도,2025-09-20 06:00,17.7,0,2.1,20,89,4804
102,백령도,2025-09-20 07:00,17.5,,1.1,90,92,2732
102,백령도,2025-09-20 08:00,18.4,,.6,140,92,1934
102,백령도,2025-09-20 09:00,19.8,,1.4,90,79,4780
102,백령도,2025-09-20 10:00,19.8,0,1.8,110,80,4603
102,백령도,2025-09-20 11:00,20.8,,2.5,90,77,4047
102,백령도,2025-09-20 12:00,22.2,,2.2,70,73,4139
102,백령도,2025-09-20 13:00,21.4,,5.6,340,71,3626
102,백령도,2025-09-20 14:00,21.1,,5.7,360,75,3950
102,백령도,2025-09-20 15:00,21.5,,3.8,320,74,4439
102,백령도,2025-09-20 16:00,20.6,,6.1,360,76,4303
102,백령도,2025-09-20 17:00,19.7,,7.2,360,83,3501
102,백령도,2025-09-20 18:00,19.6,,6.3,360,79,4930
102,백령도,2025-09-20 19:00,19.6,,5.4,360,77,4882
102,백령도,2025-09-20 20:00,19.4,,5.3,360,78,4965
102,백령도,2025-09-20 21:00,19.3,,5.3,360,79,4582
102,백령도,2025-09-20 22:00,19.1,,3.7,360,77,4302
102,백령도,2025-09-20 23:00,18.7,,3.6,360,76,4943
102,백령도,2025-09-21 00:00,18.8,,5.3,360,76,4995
102,백령도,2025-09-21 01:00,18.7,,4.3,360,78,5000
102,백령도,2025-09-21 02:00,18.7,,3.5,360,78,4978
102,백령도,2025-09-21 03:00,18.7,,3.8,360,76,5000
102,백령도,2025-09-21 04:00,18.2,,1.8,20,79,4992
102,백령도,2025-09-21 05:00,17.9,,2.2,20,77,4991
102,백령도,2025-09-21 06:00,18,,3.1,360,75,4999
102,백령도,2025-09-21 07:00,18.7,,4.3,360,73,4998
102,백령도,2025-09-21 08:00,19.5,,4,360,74,4928
102,백령도,2025-09-21 09:00,20.1,,3.6,360,68,4723
102,백령도,2025-09-21 10:00,21.2,,3.4,70,57,4064
102,백령도,2025-09-21 11:00,21.9,,4.4,70,61,4015
102,백령도,2025-09-21 12:00,22.8,,3.3,70,61,3720
102,백령도,2025-09-21 13:00,22.8,,3.9,340,59,4660
102,백령도,2025-09-21 14:00,22.8,,5.1,360,60,4866
102,백령도,2025-09-21 15:00,23,,4.5,360,58,4307
102,백령도,2025-09-21 16:00,22.9,,4.1,360,60,4744
102,백령도,2025-09-21 17:00,22.6,,3.7,360,62,4234
102,백령도,2025-09-21 18:00,21.5,,1.7,360,68,4597
102,백령도,2025-09-21 19:00,21,,2.4,20,74,4576
102,백령도,2025-09-21 20:00,20.6,,2.5,360,74,4274
102,백령도,2025-09-21 21:00,20.7,,2.7,360,72,4770
102,백령도,2025-09-21 22:00,20.9,,1.1,360,71,4633
102,백령도,2025-09-21 23:00,20.8,,1.1,50,69,4613
102,백령도,2025-09-22 00:00,20.5,,1.9,50,71,4693
102,백령도,2025-09-22 01:00,20.1,,1.5,50,74,4576
102,백령도,2025-09-22 02:00,19.9,,1.6,70,84,3389
102,백령도,2025-09-22 03:00,19.6,,1.5,90,83,2810
102,백령도,2025-09-22 04:00,19.7,,2.6,90,78,3708
102,백령도,2025-09-22 05:00,20.1,,2.3,110,71,3378
102,백령도,2025-09-22 06:00,19.8,,2.3,110,69,1822
102,백령도,2025-09-22 07:00,19.8,,3.6,90,61,1550
102,백령도,2025-09-22 08:00,20,,2.9,90,69,2372
102,백령도,2025-09-22 09:00,20.2,,3.4,90,69,1709
102,백령도,2025-09-22 10:00,21.4,,4.2,110,67,1668
102,백령도,2025-09-22 11:00,22.3,,3.9,110,67,3086
102,백령도,2025-09-22 12:00,21.2,,3.3,90,69,2950
102,백령도,2025-09-22 13:00,21.9,,3.2,140,65,3877
102,백령도,2025-09-22 14:00,22.2,,3.7,140,64,4235
102,백령도,2025-09-22 15:00,22.8,,4.3,140,62,3864
102,백령도,2025-09-22 16:00,21.8,,2.8,110,66,4670
102,백령도,2025-09-22 17:00,21.5,,2.4,140,66,4816
102,백령도,2025-09-22 18:00,21.3,,2.6,110,63,4836
102,백령도,2025-09-22 19:00,21,,2.6,110,64,4222
102,백령도,2025-09-22 20:00,20.9,,2.7,110,64,3322
102,백령도,2025-09-22 21:00,20.8,,2,110,67,3315
102,백령도,2025-09-22 22:00,20.7,,1.9,90,66,3755
102,백령도,2025-09-22 23:00,20.7,,1.9,90,67,4416
102,백령도,2025-09-23 00:00,20.4,,2.1,90,70,4415
102,백령도,2025-09-23 01:00,20.3,,1.9,90,69,4476
102,백령도,2025-09-23 02:00,19.8,,1.6,90,74,4314
102,백령도,2025-09-23 03:00,20,,2.4,90,71,4763
102,백령도,2025-09-23 04:00,20.1,,2.2,90,73,3925
102,백령도,2025-09-23 05:00,20.1,,2.9,90,73,3813
102,백령도,2025-09-23 06:00,20.2,,3.2,90,76,3269
102,백령도,2025-09-23 07:00,20.5,,3.6,110,76,3347
102,백령도,2025-09-23 08:00,20.6,,4.5,110,71,4219
102,백령도,2025-09-23 09:00,21.2,,4.4,110,70,4166
102,백령도,2025-09-23 10:00,21.6,,4.3,110,70,3558
102,백령도,2025-09-23 11:00,21.7,,4.3,140,72,3644
102,백령도,2025-09-23 12:00,22.8,,3.7,140,70,4141
102,백령도,2025-09-23 13:00,22.5,,5.1,140,64,4500
102,백령도,2025-09-23 14:00,22.3,,3.5,140,65,4716
102,백령도,2025-09-23 15:00,22.5,,3.4,140,59,4401
102,백령도,2025-09-23 16:00,22.4,0,3.1,140,59,4555
102,백령도,2025-09-23 17:00,21.3,0,3.2,160,70,3299
102,백령도,2025-09-23 18:00,19.6,0,2.3,140,67,2737
102,백령도,2025-09-23 19:00,18.9,0,3.3,140,63,3190
102,백령도,2025-09-23 20:00,17.8,0,3.3,90,69,1631
102,백령도,2025-09-23 21:00,18.3,.4,2.8,110,69,2615
102,백령도,2025-09-23 22:00,19.2,.3,4.5,90,67,4856
102,백령도,2025-09-23 23:00,19,0,3.7,90,74,4605
102,백령도,2025-09-24 00:00,19.8,,5.2,110,73,4342
102,백령도,2025-09-24 01:00,20.2,,4,110,77,3644
102,백령도,2025-09-24 02:00,21.2,,5,110,79,3425
102,백령도,2025-09-24 03:00,22.8,,7.7,160,74,3855
102,백령도,2025-09-24 04:00,22.4,,4.5,160,80,3278
102,백령도,2025-09-24 05:00,22.5,,5.2,160,84,2567
102,백령도,2025-09-24 06:00,22.3,.7,8.3,160,89,435
102,백령도,2025-09-24 07:00,20.5,25.6,1.6,250,93,379
102,백령도,2025-09-24 08:00,20.4,6.1,1,180,95,721
102,백령도,2025-09-24 09:00,20.4,2.1,.5,160,95,711
102,백령도,2025-09-24 10:00,20.2,9.3,2.1,180,95,137
102,백령도,2025-09-24 11:00,20.1,3.8,2.1,180,95,439
102,백령도,2025-09-24 12:00,20.1,1.2,2,180,95,1179
102,백령도,2025-09-24 13:00,20.5,.2,2.1,180,94,759
102,백령도,2025-09-24 14:00,21.1,0,2.1,230,93,3422
102,백령도,2025-09-24 15:00,22.1,,3.3,290,86,4527
102,백령도,2025-09-24 16:00,22,,3.7,290,84,4615
102,백령도,2025-09-24 17:00,21.4,,3.6,320,85,4453
102,백령도,2025-09-24 18:00,21.2,,2.7,320,84,4843
102,백령도,2025-09-24 19:00,20.6,,2.1,290,86,4870
102,백령도,2025-09-24 20:00,20.4,,1.9,270,87,4461
102,백령도,2025-09-24 21:00,20,,2,340,90,3179
102,백령도,2025-09-24 22:00,19.6,,1.8,320,92,1366
102,백령도,2025-09-24 23:00,19,,1.1,270,93,458
102,백령도,2025-09-25 00:00,19.6,,.8,250,93,456
102,백령도,2025-09-25 01:00,19.7,,1.4,290,90,643
102,백령도,2025-09-25 02:00,19,,1.3,290,92,540
102,백령도,2025-09-25 03:00,19.5,,1.1,290,91,629
102,백령도,2025-09-25 04:00,19.4,,.8,290,91,633
102,백령도,2025-09-25 05:00,19.8,,0,0,91,603
102,백령도,2025-09-25 06:00,19.5,,0,0,91,654
102,백령도,2025-09-25 07:00,18.8,,0,0,93,429
102,백령도,2025-09-25 08:00,20.3,,0,0,90,771
102,백령도,2025-09-25 09:00,21,,1.2,90,90,674
102,백령도,2025-09-25 10:00,21.3,,1.1,360,84,1520
102,백령도,2025-09-25 11:00,22.8,,1.7,290,66,2207
102,백령도,2025-09-25 12:00,23,,1.9,340,67,2985
102,백령도,2025-09-25 13:00,22.9,,3.5,320,66,2614
102,백령도,2025-09-25 14:00,23,,3.7,340,67,2172
102,백령도,2025-09-25 15:00,23.1,,3,320,69,1412
102,백령도,2025-09-25 16:00,23,,3.1,360,71,1335
102,백령도,2025-09-25 17:00,22.3,,2.7,340,72,1014
102,백령도,2025-09-25 18:00,21.1,,2.7,340,78,956
102,백령도,2025-09-25 19:00,19.7,,.5,290,87,623
102,백령도,2025-09-25 20:00,18.8,,.6,250,92,370
102,백령도,2025-09-25 21:00,18.2,,1,290,93,246
102,백령도,2025-09-25 22:00,18,,2.4,320,94,168
102,백령도,2025-09-25 23:00,19,,2.7,340,93,243
102,백령도,2025-09-26 00:00,19.3,,2.6,340,91,252
102,백령도,2025-09-26 01:00,19.2,,2.9,340,92,202
102,백령도,2025-09-26 02:00,19.5,,3,340,92,217
102,백령도,2025-09-26 03:00,20,,2.3,340,92,195
102,백령도,2025-09-26 04:00,19.5,,2.4,360,91,251
102,백령도,2025-09-26 05:00,19.4,,2.8,340,90,277
102,백령도,2025-09-26 06:00,18.8,,2,360,91,301
102,백령도,2025-09-26 07:00,19,,1.6,50,92,240
102,백령도,2025-09-26 08:00,20.2,,1.6,90,88,264
102,백령도,2025-09-26 09:00,22,,.7,110,76,714
102,백령도,2025-09-26 10:00,22.7,,1.5,90,73,999
102,백령도,2025-09-26 11:00,22.5,,1.9,360,72,1002
102,백령도,2025-09-26 12:00,23.1,,3,320,76,877
102,백령도,2025-09-26 13:00,23.4,,3.3,340,73,999
102,백령도,2025-09-26 14:00,23.4,,4.2,320,77,739
102,백령도,2025-09-26 15:00,23,,3.4,340,81,640
102,백령도,2025-09-26 16:00,22.4,,3.9,340,82,533
102,백령도,2025-09-26 17:00,21,,3,340,88,374
102,백령도,2025-09-26 18:00,20.4,,5.3,340,91,265
102,백령도,2025-09-26 19:00,20,,3.7,340,91,285
102,백령도,2025-09-26 20:00,19.7,,2.9,340,91,330
102,백령도,2025-09-26 21:00,19.8,,2,340,90,448
102,백령도,2025-09-26 22:00,19.6,,2.7,340,91,369
102,백령도,2025-09-26 23:00,19.6,,1.9,320,91,482
102,백령도,2025-09-27 00:00,19.8,,1.5,340,89,753
102,백령도,2025-09-27 01:00,19.4,,1.8,320,93,397
102,백령도,2025-09-27 02:00,19.3,,2.2,340,93,576
102,백령도,2025-09-27 03:00,19.3,,1.9,340,90,622
102,백령도,2025-09-27 04:00,19.2,,2,320,92,647
102,백령도,2025-09-27 05:00,19.2,,2.2,320,94,355
102,백령도,2025-09-27 06:00,20.1,,1.2,360,91,825
102,백령도,2025-09-27 07:00,19.3,,2.1,70,91,844
102,백령도,2025-09-27 08:00,21,,2.6,90,84,1361
102,백령도,2025-09-27 09:00,21,,2.7,110,79,2123
102,백령도,2025-09-27 10:00,21.9,,2.2,110,77,2108
102,백령도,2025-09-27 11:00,22.5,,3.1,160,70,1899
102,백령도,2025-09-27 12:00,23.3,,3.4,110,65,1885
102,백령도,2025-09-27 13:00,22.9,,2,140,65,2404
102,백령도,2025-09-27 14:00,23.1,,1.4,180,66,1784
102,백령도,2025-09-27 15:00,22.2,,3.1,340,71,2136
102,백령도,2025-09-27 16:00,23.9,,1.9,110,66,2331
102,백령도,2025-09-27 17:00,22.4,,1.7,200,73,939
102,백령도,2025-09-27 18:00,21.5,,1.4,180,82,1347
102,백령도,2025-09-27 19:00,20.7,,1.1,180,85,1060
102,백령도,2025-09-27 20:00,20,,1.4,320,89,998
102,백령도,2025-09-27 21:00,20.1,,.9,140,90,678
102,백령도,2025-09-27 22:00,19.6,,.8,160,90,560
102,백령도,2025-09-27 23:00,19.3,,1.2,180,94,265
102,백령도,2025-09-28 00:00,19.8,,1.4,110,93,338
102,백령도,2025-09-28 01:00,19.9,,1.4,140,94,285
102,백령도,2025-09-28 02:00,19.7,,1.1,180,92,245
102,백령도,2025-09-28 03:00,19.6,0,1,250,93,310
102,백령도,2025-09-28 04:00,17.7,3,3.1,290,83,1037
102,백령도,2025-09-28 05:00,18,2,4.3,340,79,3930
102,백령도,2025-09-28 06:00,18.2,0,3.8,340,73,4870
102,백령도,2025-09-28 07:00,17.5,.9,4.6,340,88,704
102,백령도,2025-09-28 08:00,17.1,2,2.8,340,90,1417
102,백령도,2025-09-28 09:00,17.3,2,2.8,340,91,2142
102,백령도,2025-09-28 10:00,18.9,,3.5,340,85,3812
102,백령도,2025-09-28 11:00,19.8,,3.6,320,81,3769
102,백령도,2025-09-28 12:00,20.1,,4.5,320,73,4392
102,백령도,2025-09-28 13:00,20.1,,4,340,75,4049
102,백령도,2025-09-28 14:00,19.8,,4.5,340,78,4203
102,백령도,2025-09-28 15:00,20.5,,5.8,340,73,4442
102,백령도,2025-09-28 16:00,20,,5.4,340,75,4237
102,백령도,2025-09-28 17:00,19.5,,4.3,340,78,4383
102,백령도,2025-09-28 18:00,19.3,,4.9,340,79,4498
102,백령도,2025-09-28 19:00,19.2,,3.3,340,79,4348
102,백령도,2025-09-28 20:00,19.1,,4,340,79,4940
102,백령도,2025-09-28 21:00,18.9,,4.4,340,80,4702
102,백령도,2025-09-28 22:00,19.2,,5.8,340,80,4432
102,백령도,2025-09-28 23:00,19.2,,4.9,340,78,4342
102,백령도,2025-09-29 00:00,19.2,,4,360,78,4250
102,백령도,2025-09-29 01:00,19.2,,2.3,340,77,3966
102,백령도,2025-09-29 02:00,19.5,,4.1,340,78,4165
102,백령도,2025-09-29 03:00,20,,4.6,340,79,3671
102,백령도,2025-09-29 04:00,20.2,,7.7,340,81,3022
102,백령도,2025-09-29 05:00,20.2,,7,340,81,2629
102,백령도,2025-09-29 06:00,20.2,,6.4,340,79,2409
102,백령도,2025-09-29 07:00,20.2,,5.4,340,77,2392
102,백령도,2025-09-29 08:00,20.7,,5.7,340,72,2872
102,백령도,2025-09-29 09:00,20.7,,5.4,340,73,3174
102,백령도,2025-09-29 10:00,21.8,,5.6,360,70,3669
102,백령도,2025-09-29 11:00,22.4,,5.2,360,64,4299
102,백령도,2025-09-29 12:00,21.5,,4,360,68,4506
102,백령도,2025-09-29 13:00,22.7,,4.6,360,63,4332
102,백령도,2025-09-29 14:00,22.5,,5.1,360,55,4706
102,백령도,2025-09-29 15:00,22.3,,4.1,340,60,4004
102,백령도,2025-09-29 16:00,21.8,,4.4,340,58,4407
102,백령도,2025-09-29 17:00,21.2,,4,320,69,3898
102,백령도,2025-09-29 18:00,20.1,,2.5,320,76,3706
102,백령도,2025-09-29 19:00,18.6,,2.5,340,84,2603
102,백령도,2025-09-29 20:00,17.4,,2.3,320,90,1695
102,백령도,2025-09-29 21:00,18.7,,2.7,320,85,3239
102,백령도,2025-09-29 22:00,18.2,,2.2,340,78,4694
102,백령도,2025-09-29 23:00,17.8,,2.8,320,82,4512
102,백령도,2025-09-30 00:00,18.6,,2.5,340,84,3640
102,백령도,2025-09-30 01:00,18,,.7,360,87,3198
102,백령도,2025-09-30 02:00,18.3,,.2,0,87,2353
102,백령도,2025-09-30 03:00,18.8,,1.2,110,83,3541
102,백령도,2025-09-30 04:00,18.4,,1.8,90,85,2913
102,백령도,2025-09-30 05:00,18.5,,1.2,110,85,2745
102,백령도,2025-09-30 06:00,18.3,,1.7,110,84,2642
102,백령도,2025-09-30 07:00,18.7,,1.6,140,79,3260
102,백령도,2025-09-30 08:00,20,,1.2,110,77,3530
102,백령도,2025-09-30 09:00,21.1,,1.6,160,71,4204
102,백령도,2025-09-30 10:00,22.3,,2.1,110,67,4145
102,백령도,2025-09-30 11:00,22.4,,2.1,140,63,4002
102,백령도,2025-09-30 12:00,22.3,,2.8,180,67,4111
102,백령도,2025-09-30 13:00,23,,2.7,180,65,4192
102,백령도,2025-09-30 14:00,23.3,,3,200,66,4328
102,백령도,2025-09-30 15:00,22.9,,3.3,200,66,3229
102,백령도,2025-09-30 16:00,23.3,,2.8,200,67,3028
102,백령도,2025-09-30 17:00,22.5,,2.7,200,71,2493
102,백령도,2025-09-30 18:00,21.9,,1,230,75,1677
102,백령도,2025-09-30 19:00,20.2,,.2,0,85,1028
102,백령도,2025-09-30 20:00,20,,1.8,200,87,491
102,백령도,2025-09-30 21:00,19.2,,1.3,160,92,326
102,백령도,2025-09-30 22:00,19.8,,2.2,200,88,337
102,백령도,2025-09-30 23:00,18.9,,1.9,200,90,312
102,백령도,2025-10-01 00:00,19.9,,1.9,200,83,1060
102,백령도,2025-10-01 01:00,19,,1.3,180,88,555
102,백령도,2025-10-01 02:00,19.3,,2,200,89,310
102,백령도,2025-10-01 03:00,19.9,,2.7,230,86,971
102,백령도,2025-10-01 04:00,19.3,,1.7,180,90,320
102,백령도,2025-10-01 05:00,19.3,,1.9,230,86,1246
102,백령도,2025-10-01 06:00,19.6,,1.8,200,86,856
102,백령도,2025-10-01 07:00,19.3,,1.8,200,89,340
102,백령도,2025-10-01 08:00,20.6,,.7,140,88,692
102,백령도,2025-10-01 09:00,21.7,,2.3,180,84,592
102,백령도,2025-10-01 10:00,22.8,,4.7,200,73,1441
102,백령도,2025-10-01 11:00,23.2,,5.1,200,73,1306
102,백령도,2025-10-01 12:00,23.7,,5.2,230,71,1098
102,백령도,2025-10-01 13:00,23.7,,5.7,200,72,883
102,백령도,2025-10-01 14:00,23.9,,3.9,200,76,716
102,백령도,2025-10-01 15:00,16.3,15.3,5.9,70,91,589
102,백령도,2025-10-01 16:00,17.2,1.9,3.8,90,90,1619
102,백령도,2025-10-01 17:00,18.1,1,2.6,160,88,1761
102,백령도,2025-10-01 18:00,18.1,0,.7,140,88,1937
102,백령도,2025-10-01 19:00,18.1,,2.5,160,85,763
102,백령도,2025-10-01 20:00,18.4,,2.1,160,86,2097
102,백령도,2025-10-01 21:00,18.2,,1.6,160,86,2762
102,백령도,2025-10-01 22:00,17.9,,1.2,200,88,2319
102,백령도,2025-10-01 23:00,18.5,,.7,200,82,3544
102,백령도,2025-10-02 00:00,18.9,,1.3,110,80,617
102,백령도,2025-10-02 01:00,18.5,,1.9,90,91,382
102,백령도,2025-10-02 02:00,18.9,,2.1,110,90,1900
102,백령도,2025-10-02 03:00,19,,2.9,110,88,2412
102,백령도,2025-10-02 04:00,19.1,,2.1,110,89,2009
102,백령도,2025-10-02 05:00,19.1,,2,110,89,2102
102,백령도,2025-10-02 06:00,19,,2,110,89,2362
102,백령도,2025-10-02 07:00,19.3,,2.3,140,88,2241
102,백령도,2025-10-02 08:00,19.8,,1.4,110,87,2643
102,백령도,2025-10-02 09:00,20.4,,1.7,110,86,2592
102,백령도,2025-10-02 10:00,21.3,,2.5,110,82,2801
102,백령도,2025-10-02 11:00,22.1,,1.8,140,74,3109
102,백령도,2025-10-02 12:00,23.1,,2.4,160,73,2342
102,백령도,2025-10-02 13:00,22.2,,2.2,140,80,2551
102,백령도,2025-10-02 14:00,22.7,,2,180,80,2449
102,백령도,2025-10-02 15:00,22.7,,1.1,160,80,2639
102,백령도,2025-10-02 16:00,22.3,,.8,140,80,2756
102,백령도,2025-10-02 17:00,21.9,,1.1,140,84,2163
102,백령도,2025-10-02 18:00,21.1,,1.1,200,89,1258
102,백령도,2025-10-02 19:00,20.3,,.6,180,91,584
102,백령도,2025-10-02 20:00,19.8,,0,0,92,981
102,백령도,2025-10-02 21:00,20.1,,1.1,360,89,1390
102,백령도,2025-10-02 22:00,19.6,,.7,160,92,570
102,백령도,2025-10-02 23:00,19.8,,0,0,92,831
102,백령도,2025-10-03 00:00,19.7,,.5,160,93,652
102,백령도,2025-10-03 01:00,20,,1.6,110,93,529
102,백령도,2025-10-03 02:00,19.7,0,4.9,200,86,1185
102,백령도,2025-10-03 03:00,19.2,.3,4.1,180,86,640
102,백령도,2025-10-03 04:00,18.9,.6,3.8,160,75,2046
102,백령도,2025-10-03 05:00,18.7,0,3.5,140,74,3084
102,백령도,2025-10-03 06:00,19.7,0,4.8,110,74,3218
102,백령도,2025-10-03 07:00,19.3,0,3.6,110,81,2452
102,백령도,2025-10-03 08:00,19.2,1.1,3.4,110,88,1296
102,백령도,2025-10-03 09:00,19.6,.2,4.4,90,91,623
102,백령도,2025-10-03 10:00,19.5,.1,4.9,90,91,483
102,백령도,2025-10-03 11:00,20.2,.1,5.9,110,83,1090
102,백령도,2025-10-03 12:00,20.5,0,5.5,90,83,863
102,백령도,2025-10-03 13:00,21.6,,5.3,90,71,1843
102,백령도,2025-10-03 14:00,21.1,,5.3,110,70,2844
102,백령도,2025-10-03 15:00,21.1,,5.8,110,67,3000
102,백령도,2025-10-03 16:00,21.3,,4.7,110,66,3241
102,백령도,2025-10-03 17:00,21.2,,3.8,90,70,2555
102,백령도,2025-10-03 18:00,21,,2.6,90,73,2585
102,백령도,2025-10-03 19:00,20.9,,2,90,74,2554
102,백령도,2025-10-03 20:00,20.5,,1.8,70,78,2134
102,백령도,2025-10-03 21:00,20.5,,1.6,90,79,2027
102,백령도,2025-10-03 22:00,20.7,,1.1,110,77,2080
102,백령도,2025-10-03 23:00,20.1,,.9,50,82,1808
102,백령도,2025-10-04 00:00,19.9,,1.1,20,84,1690
102,백령도,2025-10-04 01:00,19.8,,1.8,340,85,1801
102,백령도,2025-10-04 02:00,20,,2.1,360,78,2147
102,백령도,2025-10-04 03:00,20.3,,1.9,20,78,1982
102,백령도,2025-10-04 04:00,20.1,,2.1,20,77,2153
102,백령도,2025-10-04 05:00,19.8,,1.8,20,78,2556
102,백령도,2025-10-04 06:00,19.2,,.3,0,81,2527
102,백령도,2025-10-04 07:00,20,,1.4,360,77,3350
102,백령도,2025-10-04 08:00,20.8,,1.6,340,74,3842
102,백령도,2025-10-04 09:00,21.6,,1.8,360,71,4325
102,백령도,2025-10-04 10:00,23.5,,1.9,70,64,4220
102,백령도,2025-10-04 11:00,23.5,,1.9,360,61,4505
102,백령도,2025-10-04 12:00,24.2,,1.2,70,59,4451
102,백령도,2025-10-04 13:00,22.8,,3.3,320,64,4169
102,백령도,2025-10-04 14:00,22.8,,3.1,320,67,3913
102,백령도,2025-10-04 15:00,22,,4.7,320,74,2553
102,백령도,2025-10-04 16:00,22.1,,3.1,320,75,3255
102,백령도,2025-10-04 17:00,22.3,,2.2,320,75,3641
102,백령도,2025-10-04 18:00,20.5,,2.7,320,85,2533
102,백령도,2025-10-04 19:00,20.2,,3.1,320,87,2645
102,백령도,2025-10-04 20:00,20.8,,2.1,340,84,2385
102,백령도,2025-10-04 21:00,20.7,,2.9,360,85,2183
102,백령도,2025-10-04 22:00,20.8,,2.8,340,84,3007
102,백령도,2025-10-04 23:00,20.6,,1.9,320,87,2618
102,백령도,2025-10-05 00:00,20.3,,1.4,290,89,2314
102,백령도,2025-10-05 01:00,20.5,,1.5,290,87,2695
102,백령도,2025-10-05 02:00,20.3,,2,320,91,1584
102,백령도,2025-10-05 03:00,20.6,,3.7,340,87,2034
102,백령도,2025-10-05 04:00,20.5,,2.8,340,87,2035
102,백령도,2025-10-05 05:00,20.1,0,2.8,290,89,1897
102,백령도,2025-10-05 06:00,20.5,0,2.8,340,90,1317
102,백령도,2025-10-05 07:00,20.6,0,2.3,320,91,1202
102,백령도,2025-10-05 08:00,19.7,1.1,3,320,90,915
102,백령도,2025-10-05 09:00,19.4,.1,.9,320,88,1771
102,백령도,2025-10-05 10:00,19.7,.2,2.3,320,90,1758
102,백령도,2025-10-05 11:00,19.6,0,2.1,320,89,1409
102,백령도,2025-10-05 12:00,19.4,2.5,1.1,290,89,3562
102,백령도,2025-10-05 13:00,20.2,.2,2.5,320,87,617
102,백령도,2025-10-05 14:00,19.8,0,2.3,340,89,1898
102,백령도,2025-10-05 15:00,20.6,,1.6,360,83,3976
102,백령도,2025-10-05 16:00,21.7,,2.1,340,79,3604
102,백령도,2025-10-05 17:00,21.5,,1.2,290,83,3408
102,백령도,2025-10-05 18:00,20.7,,1.1,290,89,1795
102,백령도,2025-10-05 19:00,20.2,,.2,0,90,1351
102,백령도,2025-10-05 20:00,20.2,,1.2,360,87,2160
102,백령도,2025-10-05 21:00,20.1,,.2,0,87,1298
102,백령도,2025-10-05 22:00,19.9,,.7,110,87,1861
102,백령도,2025-10-05 23:00,20,,.5,250,86,2163
102,백령도,2025-10-06 00:00,19.5,,.6,20,89,1474
102,백령도,2025-10-06 01:00,19.9,0,1.3,340,89,1473
102,백령도,2025-10-06 02:00,19.6,.2,.5,180,91,642
102,백령도,2025-10-06 03:00,19.4,.5,1,90,93,686
102,백령도,2025-10-06 04:00,19.8,0,1.6,70,94,470
102,백령도,2025-10-06 05:00,19.9,.4,1.7,70,95,426
102,백령도,2025-10-06 06:00,19.9,.3,1.9,70,94,298
102,백령도,2025-10-06 07:00,19.8,.9,3.2,110,94,552
102,백령도,2025-10-06 08:00,20,0,4.2,110,92,1067
102,백령도,2025-10-06 09:00,19.7,1.3,3.2,110,93,346
102,백령도,2025-10-06 10:00,19.6,2.7,3.6,110,94,565
102,백령도,2025-10-06 11:00,19.3,1.6,5.5,90,94,382
102,백령도,2025-10-06 12:00,20,3,6.9,90,92,516
102,백령도,2025-10-06 13:00,17.6,2.8,6.6,110,93,412
102,백령도,2025-10-06 14:00,17.4,2,7.5,110,93,493
102,백령도,2025-10-06 15:00,17.1,1,8.5,110,93,381
102,백령도,2025-10-06 16:00,17.2,1.5,7.4,110,91,1059
102,백령도,2025-10-06 17:00,17.1,1.7,7.7,90,91,1826
102,백령도,2025-10-06 18:00,16.9,1.2,7.2,90,91,2489
102,백령도,2025-10-06 19:00,16.9,0,7,90,88,5000
102,백령도,2025-10-06 20:00,17.1,,6.9,90,83,4976
102,백령도,2025-10-06 21:00,17.2,,6.2,90,82,4998
102,백령도,2025-10-06 22:00,17,,6.2,90,80,4962
102,백령도,2025-10-06 23:00,17.2,,5.8,90,81,5000
102,백령도,2025-10-07 00:00,17.2,,5.1,90,80,4987
102,백령도,2025-10-07 01:00,17.3,,4.7,90,80,5000
102,백령도,2025-10-07 02:00,17.7,,4.5,70,77,5000
102,백령도,2025-10-07 03:00,17.7,,3,50,80,5000
102,백령도,2025-10-07 04:00,17.4,,2.2,20,81,3477
102,백령도,2025-10-07 05:00,16.4,0,2.6,50,85,2143
102,백령도,2025-10-07 06:00,17.5,0,5.1,70,76,5000
102,백령도,2025-10-07 07:00,17.9,0,4.5,70,74,4995
102,백령도,2025-10-07 08:00,18.1,,3.3,50,74,4968
102,백령도,2025-10-07 09:00,18.4,,3.9,70,75,4987
102,백령도,2025-10-07 10:00,19,,3.2,70,74,4874
102,백령도,2025-10-07 11:00,19,,3.1,340,75,5000
102,백령도,2025-10-07 12:00,20.4,,3.5,70,73,4481
102,백령도,2025-10-07 13:00,20.4,,1.7,360,73,4887
102,백령도,2025-10-07 14:00,20,,2.4,340,73,4903
102,백령도,2025-10-07 15:00,20.3,,1.7,360,73,4936
102,백령도,2025-10-07 16:00,19.5,,5.2,340,76,4669
102,백령도,2025-10-07 17:00,19.4,,4.6,340,77,4808
102,백령도,2025-10-07 18:00,19.4,,3.5,360,77,4928
102,백령도,2025-10-07 19:00,19.4,,4,360,79,4885
102,백령도,2025-10-07 20:00,19.5,,4.6,360,78,4581
102,백령도,2025-10-07 21:00,19.5,,2.8,360,79,4760
102,백령도,2025-10-07 22:00,19.5,,1.9,360,78,4549
102,백령도,2025-10-07 23:00,19.8,,4,360,78,4923
102,백령도,2025-10-08 00:00,19.4,,4.6,360,78,4934
102,백령도,2025-10-08 01:00,19.4,,4.5,360,76,5000
102,백령도,2025-10-08 02:00,19.1,,3.1,360,80,4792
102,백령도,2025-10-08 03:00,19.3,,5.3,360,79,4732
102,백령도,2025-10-08 04:00,19.3,,3.6,360,79,4786
102,백령도,2025-10-08 05:00,19.2,,3.3,360,78,4985
102,백령도,2025-10-08 06:00,19.4,,2.7,360,79,4952
102,백령도,2025-10-08 07:00,18.9,,2.9,360,81,4931
102,백령도,2025-10-08 08:00,19.6,,3.3,360,78,4941
102,백령도,2025-10-08 09:00,20.3,,4,360,72,4734
102,백령도,2025-10-08 10:00,20.6,,5.8,360,66,4308
102,백령도,2025-10-08 11:00,21.6,,4.1,360,60,4080
102,백령도,2025-10-08 12:00,21.7,,5.6,360,62,3091
102,백령도,2025-10-08 13:00,21.5,,5.9,360,64,2933
102,백령도,2025-10-08 14:00,21.8,,5.1,360,62,2828
102,백령도,2025-10-08 15:00,21.4,,5.7,360,63,2675
102,백령도,2025-10-08 16:00,20.9,,5.6,360,68,2643
102,백령도,2025-10-08 17:00,19.8,,5.9,360,66,3619
102,백령도,2025-10-08 18:00,19.6,,5.1,360,60,3911
102,백령도,2025-10-08 19:00,19.5,,5.4,360,61,3995
102,백령도,2025-10-08 20:00,19.2,,5.5,360,61,4125
102,백령도,2025-10-08 21:00,19.2,,5.8,360,59,4466
102,백령도,2025-10-08 22:00,18.9,,6.2,360,61,3948
102,백령도,2025-10-08 23:00,19,,5.1,360,60,4278
102,백령도,2025-10-09 00:00,18.9,,2.6,360,59,4809
102,백령도,2025-10-09 01:00,18.7,,2.8,50,58,4867
102,백령도,2025-10-09 02:00,18.5,,2.7,50,54,5000
102,백령도,2025-10-09 03:00,18.3,,2.2,20,52,4936
102,백령도,2025-10-09 04:00,18.5,,2.6,20,50,4998
102,백령도,2025-10-09 05:00,18.6,,2.2,20,45,4989
102,백령도,2025-10-09 06:00,18.3,,2.7,70,62,4057
102,백령도,2025-10-09 07:00,18.7,,3.2,50,58,4180
102,백령도,2025-10-09 08:00,18.5,,2.9,70,68,3394
102,백령도,2025-10-09 09:00,18.8,0,2.5,70,73,3129
102,백령도,2025-10-09 10:00,19.6,0,3.3,70,67,3235
102,백령도,2025-10-09 11:00,19,.2,2.3,90,74,2878
102,백령도,2025-10-09 12:00,19.5,0,3.2,70,73,3704
102,백령도,2025-10-09 13:00,19,0,4.2,70,74,3982
102,백령도,2025-10-09 14:00,18.5,0,2.8,70,81,2865
102,백령도,2025-10-09 15:00,18.6,.1,1.8,70,86,1303
102,백령도,2025-10-09 16:00,17.2,1,3.3,70,90,1372
102,백령도,2025-10-09 17:00,17.2,0,3.6,90,88,2982
102,백령도,2025-10-09 18:00,18.1,0,3.5,90,86,3521
102,백령도,2025-10-09 19:00,18,.2,4.2,110,87,4696
102,백령도,2025-10-09 20:00,17.2,1.6,4.2,90,92,381
102,백령도,2025-10-09 21:00,16.5,3.2,2.9,360,94,251
102,백령도,2025-10-09 22:00,16.3,3.7,6.1,70,94,449
102,백령도,2025-10-09 23:00,16.4,5.6,3.8,90,94,448
102,백령도,2025-10-10 00:00,16.5,3.8,4.5,90,94,1308
102,백령도,2025-10-10 01:00,16.8,1,3.3,110,94,1197
102,백령도,2025-10-10 02:00,16.9,1.7,3.3,110,94,436
102,백령도,2025-10-10 03:00,16.8,1.3,3.9,110,95,1832
102,백령도,2025-10-10 04:00,16.7,2.8,5.1,110,95,434
102,백령도,2025-10-10 05:00,16.8,2.7,4.8,90,95,568
102,백령도,2025-10-10 06:00,16.8,2,4.5,90,95,415
102,백령도,2025-10-10 07:00,16.9,1.3,4.3,90,95,425
102,백령도,2025-10-10 08:00,17.1,3,3.9,90,95,834
102,백령도,2025-10-10 09:00,17.3,2.4,4.1,90,95,513
102,백령도,2025-10-10 10:00,17.6,2.5,3.5,90,95,395
102,백령도,2025-10-10 11:00,17.3,1.3,4.4,90,95,1222
102,백령도,2025-10-10 12:00,17.3,.4,4.6,90,95,2411
102,백령도,2025-10-10 13:00,17.4,0,4.8,90,94,4732
102,백령도,2025-10-10 14:00,17.5,,4.9,90,94,3015
102,백령도,2025-10-10 15:00,17.7,2.1,4.1,90,95,611
102,백령도,2025-10-10 16:00,17.5,1.6,5,90,95,493
102,백령도,2025-10-10 17:00,17.5,.9,4.8,90,95,791
102,백령도,2025-10-10 18:00,17.6,1.4,4.2,90,95,432
102,백령도,2025-10-10 19:00,17.6,.9,3.6,90,95,467
102,백령도,2025-10-10 20:00,17.5,.4,4.6,90,95,608
102,백령도,2025-10-10 21:00,17.6,.3,4.6,90,95,534
102,백령도,2025-10-10 22:00,17.6,.1,4,90,95,646
102,백령도,2025-10-10 23:00,17.6,.1,4.1,90,94,4392
102,백령도,2025-10-11 00:00,17.7,0,3.9,110,92,4112
102,백령도,2025-10-11 01:00,17.7,0,3.9,90,91,3592
102,백령도,2025-10-11 02:00,17.5,.1,3.6,90,92,3185
102,백령도,2025-10-11 03:00,17.4,.5,2.8,90,93,1710
102,백령도,2025-10-11 04:00,17.4,.7,2.2,110,94,2479
102,백령도,2025-10-11 05:00,17.5,0,2.6,110,94,2751
102,백령도,2025-10-11 06:00,17.5,0,2.1,140,94,1848
102,백령도,2025-10-11 07:00,17.9,.1,2.3,140,95,280
102,백령도,2025-10-11 08:00,18.2,2.2,2.4,110,95,891
102,백령도,2025-10-11 09:00,18.5,2.8,2.8,110,96,843
102,백령도,2025-10-11 10:00,19.7,1.7,1.1,160,96,242
102,백령도,2025-10-11 11:00,21.1,3.1,3.6,250,96,337
102,백령도,2025-10-11 12:00,19.4,1.3,1.9,70,95,308
102,백령도,2025-10-11 13:00,18.4,4.3,3,360,95,285
102,백령도,2025-10-11 14:00,18.8,2.2,1.5,340,96,379
102,백령도,2025-10-11 15:00,18.6,.4,.7,340,96,4697
102,백령도,2025-10-11 16:00,18.5,0,2.6,340,95,4988
102,백령도,2025-10-11 17:00,18.2,,5.8,340,93,4008
102,백령도,2025-10-11 18:00,17.6,0,5.4,360,92,3463
102,백령도,2025-10-11 19:00,17.6,0,6.3,360,91,3201
102,백령도,2025-10-11 20:00,17.4,.5,5,360,91,3343
102,백령도,2025-10-11 21:00,17.5,.4,4.8,360,90,2880
102,백령도,2025-10-11 22:00,17.5,,3.2,360,88,2647
102,백령도,2025-10-11 23:00,17.7,,4.4,360,86,3620
102,백령도,2025-10-12 00:00,18,,6.3,360,83,4946
102,백령도,2025-10-12 01:00,18.1,,4.8,360,83,4904
102,백령도,2025-10-12 02:00,18.3,,6.1,360,79,5000
102,백령도,2025-10-12 03:00,18.4,,6.4,340,79,4996
102,백령도,2025-10-12 04:00,18.4,0,6.4,340,81,3721
102,백령도,2025-10-12 05:00,18.3,0,4.4,360,82,4709
102,백령도,2025-10-12 06:00,18.5,,4.1,360,79,4976
102,백령도,2025-10-12 07:00,18.4,0,3.5,360,80,5000
102,백령도,2025-10-12 08:00,18.2,.3,2,20,84,4936
102,백령도,2025-10-12 09:00,18.5,0,1.2,20,84,4569
102,백령도,2025-10-12 10:00,19.1,,3.5,360,77,4635
102,백령도,2025-10-12 11:00,19,0,2.8,360,78,4888
102,백령도,2025-10-12 12:00,19.1,0,3.9,360,75,4912
102,백령도,2025-10-12 13:00,19.4,,4,360,72,4753
102,백령도,2025-10-12 14:00,18.9,,3.4,360,73,4578
102,백령도,2025-10-12 15:00,19.6,,2.4,360,73,4826
102,백령도,2025-10-12 16:00,19.4,,2.9,360,72,4395
102,백령도,2025-10-12 17:00,18.5,,1.4,340,78,4218
102,백령도,2025-10-12 18:00,18,,.2,0,84,3601
102,백령도,2025-10-12 19:00,17.6,,1,270,88,2867
102,백령도,2025-10-12 20:00,17.3,,1.2,110,88,2664
102,백령도,2025-10-12 21:00,17.2,,1.1,290,90,2947
102,백령도,2025-10-12 22:00,18.8,,1.5,70,88,1101
102,백령도,2025-10-12 23:00,19,,3.6,110,82,4933
102,백령도,2025-10-13 00:00,18.8,,2.7,110,84,4929
102,백령도,2025-10-13 01:00,18.5,,4,110,83,4995
102,백령도,2025-10-13 02:00,17.8,.5,3.6,110,88,2047
102,백령도,2025-10-13 03:00,17.5,.1,3.2,110,88,4585
102,백령도,2025-10-13 04:00,17.5,0,2.8,110,89,4759
102,백령도,2025-10-13 05:00,17.3,.1,3.6,110,88,2996
102,백령도,2025-10-13 06:00,17.4,0,2,140,88,3875
102,백령도,2025-10-13 07:00,17.2,.4,2.8,110,91,4973
102,백령도,2025-10-13 08:00,17.2,.1,3,90,92,3112
102,백령도,2025-10-13 09:00,17.1,.1,3.7,90,92,1285
102,백령도,2025-10-13 10:00,17,.5,2.7,90,92,1392
102,백령도,2025-10-13 11:00,16.9,.7,3.8,90,92,2226
102,백령도,2025-10-13 12:00,17,.3,2.7,90,92,1286
102,백령도,2025-10-13 13:00,16.7,.2,3.6,70,93,1310
102,백령도,2025-10-13 14:00,16.7,0,3.7,110,91,4125
102,백령도,2025-10-13 15:00,16.5,0,5,90,90,3640
102,백령도,2025-10-13 16:00,16.2,0,4.3,90,88,4988
102,백령도,2025-10-13 17:00,16.4,,3.5,90,88,4972
102,백령도,2025-10-13 18:00,16.1,,3.3,90,87,4947
102,백령도,2025-10-13 19:00,16.2,,3.2,90,84,5000
102,백령도,2025-10-13 20:00,16.2,,3,90,82,5000
102,백령도,2025-10-13 21:00,16.1,,3.3,50,83,5000
102,백령도,2025-10-13 22:00,15.8,,3.7,50,83,4941
102,백령도,2025-10-13 23:00,15.5,,3.1,70,79,4961
102,백령도,2025-10-14 00:00,15.4,,2.3,70,79,4995
102,백령도,2025-10-14 01:00,15.2,,2.6,70,80,4999
102,백령도,2025-10-14 02:00,15,,2.4,50,79,4984
102,백령도,2025-10-14 03:00,15.2,,2.9,50,76,5000
102,백령도,2025-10-14 04:00,15.1,,3.1,50,75,5000
102,백령도,2025-10-14 05:00,14.9,,2.6,50,74,5000
102,백령도,2025-10-14 06:00,14.9,,3.4,50,73,5000
102,백령도,2025-10-14 07:00,14.7,,2.8,50,76,5000
102,백령도,2025-10-14 08:00,16.2,,3.5,70,71,4986
102,백령도,2025-10-14 09:00,17.2,,5.3,70,65,4971
102,백령도,2025-10-14 10:00,17.8,,3.8,70,67,4628
102,백령도,2025-10-14 11:00,18.1,,4.9,90,68,4540
102,백령도,2025-10-14 12:00,19,,2.8,70,68,4671
102,백령도,2025-10-14 13:00,19,,2,90,66,4856
102,백령도,2025-10-14 14:00,19.1,,3.1,340,65,4674
102,백령도,2025-10-14 15:00,19.1,,3.6,360,71,4716
102,백령도,2025-10-14 16:00,19,,3.6,340,71,4293
102,백령도,2025-10-14 17:00,18.9,,3.2,360,73,4156
102,백령도,2025-10-14 18:00,18.8,,2.7,360,77,3444
102,백령도,2025-10-14 19:00,18.8,,3,20,79,3933
102,백령도,2025-10-14 20:00,18.5,,2.3,20,79,4081
102,백령도,2025-10-14 21:00,18.1,,1.4,20,80,4376
102,백령도,2025-10-14 22:00,18.4,,1.3,90,81,3934
102,백령도,2025-10-14 23:00,18.2,,.7,360,84,3765
102,백령도,2025-10-15 00:00,18.6,,1.1,20,82,3827
102,백령도,2025-10-15 01:00,18.3,,1.2,70,83,4341
102,백령도,2025-10-15 02:00,18.4,,2,70,80,4289
102,백령도,2025-10-15 03:00,18.4,,2.5,90,77,4868
102,백령도,2025-10-15 04:00,18.1,,2.1,90,82,4528
102,백령도,2025-10-15 05:00,18.1,,3,90,79,4796
102,백령도,2025-10-15 06:00,17.8,,2,90,83,4622
102,백령도,2025-10-15 07:00,18,,2.7,110,79,4909
102,백령도,2025-10-15 08:00,18.2,,2.9,110,75,5000
102,백령도,2025-10-15 09:00,18.9,,3.8,110,75,4913
102,백령도,2025-10-15 10:00,19.4,,4.4,110,74,4524
102,백령도,2025-10-15 11:00,20.2,,4.3,140,75,4698
102,백령도,2025-10-15 12:00,20.3,,4.9,140,75,4583
102,백령도,2025-10-15 13:00,20.5,,4.5,140,75,4591
102,백령도,2025-10-15 14:00,20.2,,4.5,140,75,4451
102,백령도,2025-10-15 15:00,20.2,,3.2,140,76,4537
102,백령도,2025-10-15 16:00,19.9,0,3,140,78,4574
102,백령도,2025-10-15 17:00,19.4,.3,1.7,140,85,1441
102,백령도,2025-10-15 18:00,18,1,2.4,110,91,577
102,백령도,2025-10-15 19:00,17.9,1.8,1.7,50,93,906
102,백령도,2025-10-15 20:00,17.7,3.4,1.6,50,93,704
102,백령도,2025-10-15 21:00,17.6,2.4,1.7,70,94,736
102,백령도,2025-10-15 22:00,17.3,3.4,1.6,20,94,691
102,백령도,2025-10-15 23:00,16.8,3.7,5.3,360,93,534
102,백령도,2025-10-16 00:00,16.9,2,5.8,360,89,2202
102,백령도,2025-10-16 01:00,17.1,.1,2.9,20,82,4875
102,백령도,2025-10-16 02:00,17.3,0,3.8,50,78,4845
102,백령도,2025-10-16 03:00,17.1,,5.2,70,78,4997
102,백령도,2025-10-16 04:00,17,,2.8,360,76,5000
102,백령도,2025-10-16 05:00,17.1,,3.2,360,80,4972
102,백령도,2025-10-16 06:00,17.2,,4.8,360,83,4917
102,백령도,2025-10-16 07:00,17.3,,5.5,360,81,4984
102,백령도,2025-10-16 08:00,18,,6.6,360,78,4510
102,백령도,2025-10-16 09:00,18.1,,3.7,360,76,4835
102,백령도,2025-10-16 10:00,18.9,,6.6,360,72,4937
102,백령도,2025-10-16 11:00,19.4,,6.7,360,67,4870
102,백령도,2025-10-16 12:00,20.2,,5.5,360,66,4284
102,백령도,2025-10-16 13:00,20.1,,5.3,360,67,4511
102,백령도,2025-10-16 14:00,19.7,,6.3,340,63,3923
102,백령도,2025-10-16 15:00,19.9,,5.4,360,65,4380
102,백령도,2025-10-16 16:00,19.4,,6.2,340,65,4694
102,백령도,2025-10-16 17:00,19.1,,3.2,360,68,4507
102,백령도,2025-10-16 18:00,18,,3.4,360,70,4538
102,백령도,2025-10-16 19:00,17.7,,3.9,360,75,4151
102,백령도,2025-10-16 20:00,17.5,,2.5,360,78,2686
102,백령도,2025-10-16 21:00,16.7,,3.1,360,79,2839
102,백령도,2025-10-16 22:00,16.4,,2.3,20,80,3487
102,백령도,2025-10-16 23:00,16.2,,1.3,20,79,3429
102,백령도,2025-10-17 00:00,16.9,,1.3,50,75,4297
102,백령도,2025-10-17 01:00,16.6,,1.6,90,80,4141
102,백령도,2025-10-17 02:00,16.8,,2.2,70,82,4062
102,백령도,2025-10-17 03:00,17,,2.6,110,84,3507
102,백령도,2025-10-17 04:00,17,,3.1,110,83,4443
102,백령도,2025-10-17 05:00,17.3,,3.7,110,75,5000
102,백령도,2025-10-17 06:00,17.2,,3.4,110,76,5000
102,백령도,2025-10-17 07:00,17.2,,3.6,110,76,5000
102,백령도,2025-10-17 08:00,18,,3.6,110,74,4998
102,백령도,2025-10-17 09:00,18.9,,4.8,110,70,5000
102,백령도,2025-10-17 10:00,20.4,,4.3,140,67,4559
102,백령도,2025-10-17 11:00,20.7,,5.8,110,70,4808
102,백령도,2025-10-17 12:00,19.4,,3.7,110,74,4536
102,백령도,2025-10-17 13:00,19,0,3.5,140,78,3418
102,백령도,2025-10-17 14:00,18.6,0,4.1,140,83,3861
102,백령도,2025-10-17 15:00,18,0,2.2,110,90,1064
102,백령도,2025-10-17 16:00,17.6,0,3,70,92,1249
102,백령도,2025-10-17 17:00,17.6,0,3.1,70,92,2353
102,백령도,2025-10-17 18:00,17.7,1.2,2.8,70,93,1217
102,백령도,2025-10-17 19:00,17.5,.5,2,70,92,1466
102,백령도,2025-10-17 20:00,17.5,7.9,6.5,360,91,535
102,백령도,2025-10-17 21:00,16.1,2.3,10.3,360,88,543
102,백령도,2025-10-17 22:00,14.9,2.2,8.2,360,88,589
102,백령도,2025-10-17 23:00,14.4,2.6,9.5,360,87,660
102,백령도,2025-10-18 00:00,14.4,1.9,9.1,360,87,1199
102,백령도,2025-10-18 01:00,14.1,.3,9.3,360,87,1524
102,백령도,2025-10-18 02:00,14.3,.7,8.2,360,89,906
102,백령도,2025-10-18 03:00,13.9,.6,9.4,340,87,1453
102,백령도,2025-10-18 04:00,13.4,.4,10.3,360,87,1535
102,백령도,2025-10-18 05:00,13.4,0,10,340,81,2214
102,백령도,2025-10-18 06:00,12.9,,11.4,340,79,2100
102,백령도,2025-10-18 07:00,12.2,,11.8,340,75,2335
102,백령도,2025-10-18 08:00,11.6,,11,360,72,2436
102,백령도,2025-10-18 09:00,12,,11.8,360,70,2678
102,백령도,2025-10-18 10:00,11.9,,9.5,360,68,2879
102,백령도,2025-10-18 11:00,12.1,,10,360,69,2761
102,백령도,2025-10-18 12:00,12.1,,9.1,360,67,2731
102,백령도,2025-10-18 13:00,12.1,,9.7,340,67,3176
102,백령도,2025-10-18 14:00,12.2,,9.6,360,65,3479
102,백령도,2025-10-18 15:00,13.2,,9.7,360,65,3447
102,백령도,2025-10-18 16:00,13,,9.3,340,63,3459
102,백령도,2025-10-18 17:00,12.9,,7.4,360,63,3935
102,백령도,2025-10-18 18:00,13,,9.4,360,61,4297
102,백령도,2025-10-18 19:00,13.3,,8.3,360,61,4284
102,백령도,2025-10-18 20:00,13.4,,7.8,360,58,4427
102,백령도,2025-10-18 21:00,13.4,,7.7,360,58,4381
102,백령도,2025-10-18 22:00,13.5,,5.8,360,61,4582
102,백령도,2025-10-18 23:00,13.3,,5.3,360,62,4633
102,백령도,2025-10-19 00:00,13,,3.9,360,62,4493
102,백령도,2025-10-19 01:00,12.3,,2.2,50,68,4569
102,백령도,2025-10-19 02:00,12.1,,2.2,50,70,4282
102,백령도,2025-10-19 03:00,11.6,,2.8,50,73,4288
102,백령도,2025-10-19 04:00,11.5,,2.9,360,76,4047
102,백령도,2025-10-19 05:00,12.5,,4.9,360,71,4580
102,백령도,2025-10-19 06:00,12.8,,6.2,360,66,4637
102,백령도,2025-10-19 07:00,12.4,,6.9,340,67,3995
102,백령도,2025-10-19 08:00,12.9,,6.8,340,63,4415
102,백령도,2025-10-19 09:00,12.9,,8.2,340,63,4305
102,백령도,2025-10-19 10:00,12.7,,9.1,340,60,3972
102,백령도,2025-10-19 11:00,12.6,,10.5,340,60,4103
102,백령도,2025-10-19 12:00,12.4,,10.7,340,61,3591
102,백령도,2025-10-19 13:00,12.9,,11,360,55,3602
102,백령도,2025-10-19 14:00,12.7,,11.3,360,54,3443
102,백령도,2025-10-19 15:00,12,,10.4,360,58,4012
102,백령도,2025-10-19 16:00,12.4,,11,360,53,4079
102,백령도,2025-10-19 17:00,11.8,,10.1,360,51,4175
102,백령도,2025-10-19 18:00,11.1,,10.3,360,49,4086
102,백령도,2025-10-19 19:00,11,,10.2,360,49,4201
102,백령도,2025-10-19 20:00,10.7,,11.4,360,44,4245
102,백령도,2025-10-19 21:00,10.7,,11,360,48,4044
102,백령도,2025-10-19 22:00,10.4,,10.7,360,48,4058
102,백령도,2025-10-19 23:00,10.1,,11,360,51,3723
102,백령도,2025-10-20 00:00,9.5,,10.8,360,51,3846
102,백령도,2025-10-20 01:00,9.3,,11,360,51,3833
102,백령도,2025-10-20 02:00,8.9,,8.7,360,53,4140
102,백령도,2025-10-20 03:00,8.5,,6.7,360,52,4400
102,백령도,2025-10-20 04:00,8,,6.3,360,54,4219
102,백령도,2025-10-20 05:00,8.2,,7.7,360,50,4782
102,백령도,2025-10-20 06:00,7.8,,4.7,360,52,4587
102,백령도,2025-10-20 07:00,8.1,,8.5,360,51,4852
102,백령도,2025-10-20 08:00,8.3,,6.8,360,52,4860
102,백령도,2025-10-20 09:00,8.7,,8.1,360,55,4660
102,백령도,2025-10-20 10:00,9.2,,9.9,360,51,4499
102,백령도,2025-10-20 11:00,9.6,,10.4,360,53,4526
102,백령도,2025-10-20 12:00,10.1,,10.1,360,48,4563
102,백령도,2025-10-20 13:00,10.5,,9.5,360,46,4682
102,백령도,2025-10-20 14:00,10.3,,10.3,360,46,4800
102,백령도,2025-10-20 15:00,10.4,,9.3,360,50,4287
102,백령도,2025-10-20 16:00,10.5,,9.6,360,45,4535
102,백령도,2025-10-20 17:00,10.3,,9.4,360,48,4521
102,백령도,2025-10-20 18:00,9.9,,8.8,360,48,4997
102,백령도,2025-10-20 19:00,10.3,,9,360,49,4955
102,백령도,2025-10-20 20:00,10.5,,9.1,360,46,4995
102,백령도,2025-10-20 21:00,10.7,,8.2,360,48,5000
102,백령도,2025-10-20 22:00,10.7,,7.9,360,47,4962
102,백령도,2025-10-20 23:00,10.7,,9.1,360,45,4950
102,백령도,2025-10-21 00:00,10.5,,9.8,360,49,4705
102,백령도,2025-10-21 01:00,10,,9.6,360,51,4196
102,백령도,2025-10-21 02:00,9.8,,7.6,360,51,4699
102,백령도,2025-10-21 03:00,9.5,,5.3,20,51,4949
102,백령도,2025-10-21 04:00,9.3,,6.4,360,50,4841
102,백령도,2025-10-21 05:00,8.5,,3.2,20,57,4610
102,백령도,2025-10-21 06:00,8,,3.6,50,59,4396
102,백령도,2025-10-21 07:00,7.4,,3.3,50,64,3749
102,백령도,2025-10-21 08:00,8.2,,2.7,50,59,4231
102,백령도,2025-10-21 09:00,8.7,,3.7,50,56,4247
102,백령도,2025-10-21 10:00,10.2,,3.8,20,54,4231
102,백령도,2025-10-21 11:00,10.6,,8.1,360,51,4520
102,백령도,2025-10-21 12:00,10.6,,9.1,360,50,4346
102,백령도,2025-10-21 13:00,10.9,,7.7,360,50,4249
102,백령도,2025-10-21 14:00,10.8,,8.1,360,47,4601
102,백령도,2025-10-21 15:00,10.9,,8.6,360,49,4692
102,백령도,2025-10-21 16:00,10.9,,9,360,50,4304
102,백령도,2025-10-21 17:00,10.5,,8,360,49,4247
102,백령도,2025-10-21 18:00,10.3,,7.3,360,48,4795
102,백령도,2025-10-21 19:00,10.5,,7.7,360,45,4992
102,백령도,2025-10-21 20:00,10.7,,7.1,360,49,4973
102,백령도,2025-10-21 21:00,11,,7.4,360,45,4900
102,백령도,2025-10-21 22:00,11.1,,6.7,360,45,4946
102,백령도,2025-10-21 23:00,10.3,,2,50,53,4948
102,백령도,2025-10-22 00:00,10.5,,3.2,20,52,5000
102,백령도,2025-10-22 01:00,10.7,,3.1,20,51,4975
102,백령도,2025-10-22 02:00,10,,2.2,50,52,4895
102,백령도,2025-10-22 03:00,9.8,,2.5,50,50,4682
102,백령도,2025-10-22 04:00,9.5,,2.4,50,51,5000
102,백령도,2025-10-22 05:00,9.5,,2.8,20,56,4833
102,백령도,2025-10-22 06:00,9.7,,2.9,20,57,4575
102,백령도,2025-10-22 07:00,9.1,,3.2,70,55,4577
102,백령도,2025-10-22 08:00,10.2,,2.8,20,42,4900
102,백령도,2025-10-22 09:00,11.2,,2.8,360,42,4571
102,백령도,2025-10-22 10:00,12.4,,3.1,50,38,4101
102,백령도,2025-10-22 11:00,13.1,,3.3,360,39,3308
102,백령도,2025-10-22 12:00,13.4,,4.4,360,45,3980
102,백령도,2025-10-22 13:00,14,,5,360,50,4631
102,백령도,2025-10-22 14:00,13.9,,5.9,360,50,3671
102,백령도,2025-10-22 15:00,13.8,,6,360,55,4035
102,백령도,2025-10-22 16:00,13.6,,6,360,57,4043
102,백령도,2025-10-22 17:00,13,,5.2,360,60,4188
102,백령도,2025-10-22 18:00,12.3,,5.2,360,62,4676
102,백령도,2025-10-22 19:00,12.2,,4.4,360,65,4768
102,백령도,2025-10-22 20:00,12.4,,4.9,360,61,4786
102,백령도,2025-10-22 21:00,12.1,,2.7,20,64,4808
102,백령도,2025-10-22 22:00,12.2,,2.4,20,63,4764
102,백령도,2025-10-22 23:00,12.4,,2.4,20,56,4784
102,백령도,2025-10-23 00:00,12.6,,3.1,360,51,4968
102,백령도,2025-10-23 01:00,12.8,,2.7,20,51,4945
102,백령도,2025-10-23 02:00,12.5,,2.3,360,57,4914
102,백령도,2025-10-23 03:00,12.6,,2.6,20,57,4739
102,백령도,2025-10-23 04:00,12.9,,4.3,360,57,4277
102,백령도,2025-10-23 05:00,12.9,,4.3,360,59,3995
102,백령도,2025-10-23 06:00,12.5,,2.8,360,58,4055
102,백령도,2025-10-23 07:00,12.4,,3.7,360,61,4293
102,백령도,2025-10-23 08:00,12.5,,2.9,360,67,4052
102,백령도,2025-10-23 09:00,13.3,,4.5,360,64,4052
102,백령도,2025-10-23 10:00,13.9,,4.1,360,66,3184
102,백령도,2025-10-23 11:00,14.6,,5.3,360,64,3655
102,백령도,2025-10-23 12:00,15.1,,5.5,360,65,3251
102,백령도,2025-10-23 13:00,15.1,,6.4,360,61,2620
102,백령도,2025-10-23 14:00,14.9,,6.7,360,58,3124
102,백령도,2025-10-23 15:00,15,,6.1,360,55,3832
102,백령도,2025-10-23 16:00,14.7,,5.7,360,51,4306
102,백령도,2025-10-23 17:00,14.1,,6.1,360,56,4684
102,백령도,2025-10-23 18:00,13.3,,5.5,360,62,4666
102,백령도,2025-10-23 19:00,13.4,,4.9,360,57,4324
102,백령도,2025-10-23 20:00,13.6,,5.6,360,56,4919
102,백령도,2025-10-23 21:00,13.8,,5.2,340,50,4818
102,백령도,2025-10-23 22:00,14,,6.1,360,44,4839
102,백령도,2025-10-23 23:00,14.2,,6.3,360,43,4054
102,백령도,2025-10-24 00:00,13.8,,2.9,20,45,2890
102,백령도,2025-10-24 01:00,13.2,,2.6,360,50,4498
102,백령도,2025-10-24 02:00,13.1,,2.4,20,54,4029
102,백령도,2025-10-24 03:00,12.7,,2.3,20,58,3770
102,백령도,2025-10-24 04:00,13,,3.7,360,57,4016
102,백령도,2025-10-24 05:00,12.8,,3.7,360,63,3650
102,백령도,2025-10-24 06:00,12.7,,1.8,20,65,3395
102,백령도,2025-10-24 07:00,12.6,,1.6,340,72,2868
102,백령도,2025-10-24 08:00,13.4,,1.4,50,69,2841
102,백령도,2025-10-24 09:00,14.1,,2.6,70,57,3365
102,백령도,2025-10-24 10:00,15.1,,2,50,58,4464
102,백령도,2025-10-24 11:00,15.3,,2.8,70,56,4715
102,백령도,2025-10-24 12:00,15.1,,2.8,70,59,4107
102,백령도,2025-10-24 13:00,15.3,,2.3,340,55,4601
102,백령도,2025-10-24 14:00,15.6,,3.8,360,60,3122
102,백령도,2025-10-24 15:00,14.9,,4,360,59,4644
102,백령도,2025-10-24 16:00,14.6,,3,340,64,4063
102,백령도,2025-10-24 17:00,14.3,,2.9,340,66,3477
102,백령도,2025-10-24 18:00,13.5,,3.2,340,68,3128
102,백령도,2025-10-24 19:00,13.6,,4.3,340,67,4368
102,백령도,2025-10-24 20:00,13.5,,4.2,340,68,4502
102,백령도,2025-10-24 21:00,13.7,,4,340,67,4680
102,백령도,2025-10-24 22:00,13.8,,3.4,340,72,3159
102,백령도,2025-10-24 23:00,13.2,,4.2,340,71,3179
102,백령도,2025-10-25 00:00,12.6,,3.6,320,64,3348
102,백령도,2025-10-25 01:00,12.6,,5.5,340,60,4025
102,백령도,2025-10-25 02:00,12.9,,6.1,340,54,4437
102,백령도,2025-10-25 03:00,12.9,,5.2,340,52,4630
102,백령도,2025-10-25 04:00,13.1,,5.9,360,48,4922
102,백령도,2025-10-25 05:00,13.2,,5.4,360,48,4526
102,백령도,2025-10-25 06:00,13.4,,5,360,47,4706
102,백령도,2025-10-25 07:00,13.7,,5,360,45,3710
102,백령도,2025-10-25 08:00,13.6,,3,20,50,3008
102,백령도,2025-10-25 09:00,14.9,,3.5,360,47,3160
102,백령도,2025-10-25 10:00,15,,1.4,360,43,3120
102,백령도,2025-10-25 11:00,15.4,,5.1,360,43,2855
102,백령도,2025-10-25 12:00,15.6,,5.1,360,51,2184
102,백령도,2025-10-25 13:00,16,,4.1,340,49,1844
102,백령도,2025-10-25 14:00,15.4,,4,340,53,1537
102,백령도,2025-10-25 15:00,14.6,,3.8,320,56,1210
102,백령도,2025-10-25 16:00,14.6,,3.9,320,57,1260
102,백령도,2025-10-25 17:00,13.7,,3.6,340,62,1146
102,백령도,2025-10-25 18:00,13.5,,4,320,62,1056
102,백령도,2025-10-25 19:00,13.4,,2.9,340,66,890
102,백령도,2025-10-25 20:00,13.6,,2.2,340,67,827
102,백령도,2025-10-25 21:00,13.6,,2.2,340,69,802
102,백령도,2025-10-25 22:00,13.6,,2.5,320,70,784
102,백령도,2025-10-25 23:00,13.7,,2.6,320,68,800
102,백령도,2025-10-26 00:00,13.8,,2.4,320,70,735
102,백령도,2025-10-26 01:00,13.5,,1.9,320,72,682
102,백령도,2025-10-26 02:00,12.8,,1.6,250,79,621
102,백령도,2025-10-26 03:00,13,.3,1.8,250,84,360
102,백령도,2025-10-26 04:00,12.7,.8,1.9,200,89,173
102,백령도,2025-10-26 05:00,13.8,,2.8,270,82,614
102,백령도,2025-10-26 06:00,14.4,0,4.7,320,78,638
102,백령도,2025-10-26 07:00,13.3,1.2,6.1,320,79,823
102,백령도,2025-10-26 08:00,13,0,3.5,20,86,484
102,백령도,2025-10-26 09:00,12.8,.7,1.4,70,87,362
102,백령도,2025-10-26 10:00,13.5,,.4,0,82,520
102,백령도,2025-10-26 11:00,14.2,,0,0,74,689
102,백령도,2025-10-26 12:00,14.3,,1.1,290,72,665
102,백령도,2025-10-26 13:00,14.7,,3.1,290,75,649
102,백령도,2025-10-26 14:00,14.6,,1.8,270,77,673
102,백령도,2025-10-26 15:00,14.8,,3.4,290,63,913
102,백령도,2025-10-26 16:00,14.7,0,3.8,290,64,859
102,백령도,2025-10-26 17:00,12.9,0,4.4,320,77,1001
102,백령도,2025-10-26 18:00,13.3,,6.5,340,72,636
102,백령도,2025-10-26 19:00,12.9,,7.2,320,64,788
102,백령도,2025-10-26 20:00,12.6,,6.9,320,51,2603
102,백령도,2025-10-26 21:00,12.4,,8.5,320,47,3661
102,백령도,2025-10-26 22:00,11.8,,9.8,320,41,4997
102,백령도,2025-10-26 23:00,10.6,,8.5,340,47,4168
102,백령도,2025-10-27 00:00,9.6,,11.7,340,38,4151
102,백령도,2025-10-27 01:00,9.2,,10.8,340,39,4425
102,백령도,2025-10-27 02:00,9,,11.6,340,35,4255
102,백령도,2025-10-27 03:00,8.8,,11.1,340,36,4414
102,백령도,2025-10-27 04:00,8.8,,10.2,340,36,4991
102,백령도,2025-10-27 05:00,8.9,,8.6,340,34,4924
102,백령도,2025-10-27 06:00,8.6,,7.5,340,36,4968
102,백령도,2025-10-27 07:00,8.6,,7.1,340,39,4995
102,백령도,2025-10-27 08:00,9,,7.3,340,41,4977
102,백령도,2025-10-27 09:00,9.4,,5.5,320,37,4880
102,백령도,2025-10-27 10:00,10,,5,340,35,4890
102,백령도,2025-10-27 11:00,10.4,,5.4,340,36,4802
102,백령도,2025-10-27 12:00,10.9,,5.2,320,39,4943
102,백령도,2025-10-27 13:00,11.1,,5.2,320,39,4668
102,백령도,2025-10-27 14:00,11.3,,6.7,320,34,4283
102,백령도,2025-10-27 15:00,10.8,,5.9,320,39,4768
102,백령도,2025-10-27 16:00,10.7,,7.1,320,40,4762
102,백령도,2025-10-27 17:00,10.4,,6.2,320,45,4940
102,백령도,2025-10-27 18:00,10.4,,7,320,41,4924
102,백령도,2025-10-27 19:00,10.7,,8.7,320,36,4994
102,백령도,2025-10-27 20:00,10.4,,6.8,340,33,4988
102,백령도,2025-10-27 21:00,10.4,,8.2,340,37,4937
102,백령도,2025-10-27 22:00,10.2,,7.8,360,37,5000
102,백령도,2025-10-27 23:00,10.2,,7,340,35,5000
102,백령도,2025-10-28 00:00,9.9,,6,340,35,4995
102,백령도,2025-10-28 01:00,9.7,,5.8,340,35,4983
102,백령도,2025-10-28 02:00,9.4,,5.3,340,35,4995
102,백령도,2025-10-28 03:00,9.3,,4.6,340,35,5000
102,백령도,2025-10-28 04:00,8.9,,3,340,41,5000
102,백령도,2025-10-28 05:00,7.7,,1.9,90,51,5000
102,백령도,2025-10-28 06:00,7.6,,1.3,110,53,4984
102,백령도,2025-10-28 07:00,7,,1.8,140,62,4983
102,백령도,2025-10-28 08:00,8.4,,2,110,60,4669
102,백령도,2025-10-28 09:00,10,,1.8,110,52,4767
102,백령도,2025-10-28 10:00,10.6,,2.6,110,48,4408
102,백령도,2025-10-28 11:00,11.3,,2.8,110,50,4513
102,백령도,2025-10-28 12:00,12,,3.5,140,52,4340
102,백령도,2025-10-28 13:00,12.8,,3.6,140,53,4436
102,백령도,2025-10-28 14:00,13.2,,3.7,160,51,4258
102,백령도,2025-10-28 15:00,13.5,,3,160,49,4306
102,백령도,2025-10-28 16:00,13,,2.5,140,57,5000
102,백령도,2025-10-28 17:00,12.9,,1.8,140,61,3683
102,백령도,2025-10-28 18:00,12,,1.2,140,66,4356
102,백령도,2025-10-28 19:00,11.9,,1.3,200,59,3035
102,백령도,2025-10-28 20:00,11.9,,1.6,200,59,1993
102,백령도,2025-10-28 21:00,12.4,,2.7,230,59,2651
102,백령도,2025-10-28 22:00,12.2,,2.1,230,63,2732
102,백령도,2025-10-28 23:00,12.1,,1.7,180,65,2410
102,백령도,2025-10-29 00:00,12.5,,1.8,200,67,2539
102,백령도,2025-10-29 01:00,12.9,,1.8,200,68,2565
102,백령도,2025-10-29 02:00,13.3,,2.4,200,70,2849
102,백령도,2025-10-29 03:00,13.9,,3.1,200,69,3132
102,백령도,2025-10-29 04:00,14.2,,3.5,200,68,3091
102,백령도,2025-10-29 05:00,13.6,.8,2.8,230,77,1506
102,백령도,2025-10-29 06:00,12.5,1.6,2.2,270,86,610
102,백령도,2025-10-29 07:00,11.6,11.9,.8,110,94,319
102,백령도,2025-10-29 08:00,13.1,1.6,3.9,200,84,1464
102,백령도,2025-10-29 09:00,14.1,0,3.9,200,77,1951
102,백령도,2025-10-29 10:00,14.1,0,5.2,230,76,1165
102,백령도,2025-10-29 11:00,14.4,.4,5.1,230,74,2288
102,백령도,2025-10-29 12:00,15.3,,6.3,200,66,2599
102,백령도,2025-10-29 13:00,15.6,,6.6,200,64,3234
102,백령도,2025-10-29 14:00,15.9,,5.8,200,61,4067
102,백령도,2025-10-29 15:00,15.5,,6.7,200,60,4258
102,백령도,2025-10-29 16:00,15.2,,5.7,200,64,4262
102,백령도,2025-10-29 17:00,14.7,,5.7,200,64,4419
102,백령도,2025-10-29 18:00,14.3,,5.2,200,66,3885
102,백령도,2025-10-29 19:00,14.2,,4.7,200,66,3810
102,백령도,2025-10-29 20:00,14,,4.8,200,66,3973
102,백령도,2025-10-29 21:00,13.9,,4.1,200,66,3892
102,백령도,2025-10-29 22:00,13.8,,4.7,200,66,3707
102,백령도,2025-10-29 23:00,13.3,,3.7,180,71,2674
102,백령도,2025-10-30 00:00,13.7,,2.7,180,70,2226
102,백령도,2025-10-30 01:00,14.1,,4,200,67,3451
102,백령도,2025-10-30 02:00,14.2,,4.1,200,66,3250
102,백령도,2025-10-30 03:00,14.3,,3.4,200,67,2913
102,백령도,2025-10-30 04:00,14.1,,3.5,200,69,3005
102,백령도,2025-10-30 05:00,14,,3.2,200,70,3298
102,백령도,2025-10-30 06:00,13.7,,1.5,180,74,2603
102,백령도,2025-10-30 07:00,13.6,,2,180,73,2949
102,백령도,2025-10-30 08:00,13.8,,1.4,200,69,3169
102,백령도,2025-10-30 09:00,14.7,,1.2,180,71,2674
102,백령도,2025-10-30 10:00,16.2,,2.7,180,65,3137
102,백령도,2025-10-30 11:00,16.8,,3.5,180,62,3799
102,백령도,2025-10-30 12:00,16.9,,3.7,180,61,3619
102,백령도,2025-10-30 13:00,16.5,,3.9,180,64,3731
102,백령도,2025-10-30 14:00,16.3,,3.2,230,61,3979
102,백령도,2025-10-30 15:00,15.9,,3.1,180,68,4111
102,백령도,2025-10-30 16:00,15.5,,2.8,200,70,3656
102,백령도,2025-10-30 17:00,15.1,,2.2,200,75,3581
102,백령도,2025-10-30 18:00,14.7,,2,180,77,3697
102,백령도,2025-10-30 19:00,14.7,0,1.5,200,83,2685
102,백령도,2025-10-30 20:00,14.6,0,1,200,81,3035
102,백령도,2025-10-30 21:00,14.7,0,5.5,230,77,4117
102,백령도,2025-10-30 22:00,14.5,0,5.1,200,83,4903
102,백령도,2025-10-30 23:00,14.5,0,5.4,230,82,4862
102,백령도,2025-10-31 00:00,13.7,0,3.2,230,86,3097
102,백령도,2025-10-31 01:00,14.4,0,3.5,270,82,4234
102,백령도,2025-10-31 02:00,13.5,,3.5,200,88,1629
102,백령도,2025-10-31 03:00,13.5,0,5.6,140,90,2121
102,백령도,2025-10-31 04:00,13,0,4.4,160,88,1841
102,백령도,2025-10-31 05:00,14.1,,5.5,160,78,3808
102,백령도,2025-10-31 06:00,14.3,,5.5,140,82,3357
102,백령도,2025-10-31 07:00,14.4,,2.9,140,78,4592
102,백령도,2025-10-31 08:00,14.7,,3.3,160,73,4601
102,백령도,2025-10-31 09:00,15.8,,3.2,160,70,4514
102,백령도,2025-10-31 10:00,15.6,,2.8,200,72,3966
102,백령도,2025-10-31 11:00,15.3,0,2.8,160,79,3487
102,백령도,2025-10-31 12:00,15.5,0,5.6,200,78,3260
102,백령도,2025-10-31 13:00,15,0,3.4,290,59,4265
102,백령도,2025-10-31 14:00,14.3,0,1.8,230,76,4720
102,백령도,2025-10-31 15:00,13.8,0,2.9,230,64,3748
102,백령도,2025-10-31 16:00,12.3,.2,2.1,250,82,4490
102,백령도,2025-10-31 17:00,11.7,.5,4.3,200,89,1307
102,백령도,2025-10-31 18:00,11.7,.1,4.1,180,91,2050
102,백령도,2025-10-31 19:00,11.7,.4,1.2,160,94,752
102,백령도,2025-10-31 20:00,11.5,.4,3.2,290,95,990
102,백령도,2025-10-31 21:00,13.1,0,7.7,320,87,1773
102,백령도,2025-10-31 22:00,13.7,,6,320,72,2794
102,백령도,2025-10-31 23:00,14.1,,6.9,320,59,3306
102,백령도,2025-11-01 00:00,13.9,,8.9,290,56,4454
102,백령도,2025-11-01 01:00,13.6,,6.8,320,55,4072
102,백령도,2025-11-01 02:00,13.6,,6,290,57,3775
102,백령도,2025-11-01 03:00,13.5,,6.7,320,58,4036
102,백령도,2025-11-01 04:00,13.4,,6.7,290,47,4578
102,백령도,2025-11-01 05:00,13.3,,6.1,290,44,4823
102,백령도,2025-11-01 06:00,13.2,,7.4,290,45,4538
102,백령도,2025-11-01 07:00,13.1,,6.5,290,42,4234
102,백령도,2025-11-01 08:00,13.3,,6.6,290,46,4690
102,백령도,2025-11-01 09:00,14,,8.5,290,47,4053
102,백령도,2025-11-01 10:00,14.4,,6.4,290,50,2238
102,백령도,2025-11-01 11:00,15.4,,6.1,270,57,2046
102,백령도,2025-11-01 12:00,15.7,,8,270,57,1544
102,백령도,2025-11-01 13:00,14.9,,9.9,270,64,1229
102,백령도,2025-11-01 14:00,14.8,,10.6,290,63,1280
102,백령도,2025-11-01 15:00,15.6,,,,47,3973
102,백령도,2025-11-01 16:00,15.6,,,,48,4399
102,백령도,2025-11-01 17:00,14.8,,,,56,2913
102,백령도,2025-11-01 18:00,14.7,,,,57,1424
102,백령도,2025-11-01 19:00,14.1,,,,63,1810
102,백령도,2025-11-01 20:00,13.7,,,,64,1429
102,백령도,2025-11-01 21:00,15.1,,,,43,4971
102,백령도,2025-11-01 22:00,14.9,,,,37,4999
102,백령도,2025-11-01 23:00,14.7,,,,39,4981
102,백령도,2025-11-02 00:00,14.6,,,,43,4857
102,백령도,2025-11-02 01:00,13.5,,,,50,3513
102,백령도,2025-11-02 02:00,12.9,,,,51,4097
102,백령도,2025-11-02 03:00,12.4,,,,49,3879
102,백령도,2025-11-02 04:00,11.1,,,,55,2750
102,백령도,2025-11-02 05:00,10,,,,50,3382
102,백령도,2025-11-02 06:00,9,,,,47,3706
102,백령도,2025-11-02 07:00,8.3,,,,55,2882
102,백령도,2025-11-02 08:00,8.2,,,,55,3263
102,백령도,2025-11-02 09:00,8.4,,,,51,3211
102,백령도,2025-11-02 10:00,8.6,,,,53,3599
102,백령도,2025-11-02 11:00,8.5,,,,54,3960
102,백령도,2025-11-02 12:00,8.7,,,,53,3458
102,백령도,2025-11-02 13:00,8.8,,,,49,4099
102,백령도,2025-11-02 14:00,7.9,,,,48,4305
102,백령도,2025-11-02 15:00,8,,,,51,4184
102,백령도,2025-11-02 16:00,8.1,,,,49,4510
102,백령도,2025-11-02 17:00,7.5,,,,46,4473
102,백령도,2025-11-02 18:00,7.5,,,,45,4624
102,백령도,2025-11-02 19:00,7.7,,,,47,4686
102,백령도,2025-11-02 20:00,7.5,,,,45,4846
102,백령도,2025-11-02 21:00,7.5,,,,46,4963
102,백령도,2025-11-02 22:00,6.9,,,,47,4995
102,백령도,2025-11-02 23:00,6.5,,,,50,4962
102,백령도,2025-11-03 00:00,6.4,,,,51,4905
102,백령도,2025-11-03 01:00,5.8,,,,57,4910
102,백령도,2025-11-03 02:00,5.2,,,,59,4930
102,백령도,2025-11-03 03:00,4.5,,,,59,4987
102,백령도,2025-11-03 04:00,3.9,,,,61,5000
102,백령도,2025-11-03 05:00,3.7,,,,64,4996
102,백령도,2025-11-03 06:00,3.3,,,,59,4966
102,백령도,2025-11-03 07:00,3.2,,,,57,5000
102,백령도,2025-11-03 08:00,3.9,,,,55,4981
102,백령도,2025-11-03 09:00,5.6,,,,54,4885
102,백령도,2025-11-03 10:00,6.7,,,,54,4416
102,백령도,2025-11-03 11:00,7.3,,,,53,4620
102,백령도,2025-11-03 12:00,8.2,,,,47,4837
102,백령도,2025-11-03 13:00,8.7,,,,42,4614
102,백령도,2025-11-03 14:00,8.7,,,,39,4980
102,백령도,2025-11-03 15:00,8.6,,,,43,4624
102,백령도,2025-11-03 16:00,8.9,,,,47,4718
102,백령도,2025-11-03 17:00,8.1,,,,55,4776
102,백령도,2025-11-03 18:00,6.8,,,,60,4949
102,백령도,2025-11-03 19:00,5.9,,,,65,4820
102,백령도,2025-11-03 20:00,5.2,,,,68,4997
102,백령도,2025-11-03 21:00,5.3,,,,68,3927
102,백령도,2025-11-03 22:00,6.3,,,,64,5000
102,백령도,2025-11-03 23:00,5.8,,,,67,4999
102,백령도,2025-11-04 00:00,5.4,,,,67,4921
102,백령도,2025-11-04 01:00,6.2,,,,66,4970
102,백령도,2025-11-04 02:00,6.6,,,,69,4951
102,백령도,2025-11-04 03:00,7.4,,,,66,4993
102,백령도,2025-11-04 04:00,7.3,,,,66,4997
102,백령도,2025-11-04 05:00,7.3,,,,72,4994
102,백령도,2025-11-04 06:00,7.6,,,,75,4995
102,백령도,2025-11-04 07:00,7.9,,,,74,4964
102,백령도,2025-11-04 08:00,9.4,,,,72,4998
102,백령도,2025-11-04 09:00,11,,,,68,4928
102,백령도,2025-11-04 10:00,12,,,,65,4747
102,백령도,2025-11-04 11:00,12.5,,,,64,4555
102,백령도,2025-11-04 12:00,13.1,,,,64,4632
102,백령도,2025-11-04 13:00,13.4,,,,63,4564
102,백령도,2025-11-04 14:00,12.9,,,,69,3878
102,백령도,2025-11-04 15:00,13.2,,,,68,4672
102,백령도,2025-11-04 16:00,12.7,,,,71,4677
102,백령도,2025-11-04 17:00,12,,,,75,4790
102,백령도,2025-11-04 18:00,11.2,,2.4,160,79,4709
102,백령도,2025-11-04 19:00,11.3,,2.7,160,80,4493
102,백령도,2025-11-04 20:00,11.4,,2.8,140,80,4858
102,백령도,2025-11-04 21:00,11.1,,3.4,160,80,4739
102,백령도,2025-11-04 22:00,11.1,,3.3,160,82,4776
102,백령도,2025-11-04 23:00,11.1,,3,160,83,4162
102,백령도,2025-11-05 00:00,11,,2.2,160,84,4340
102,백령도,2025-11-05 01:00,10.8,,1.7,140,87,4525
102,백령도,2025-11-05 02:00,10.6,,1.4,160,87,4639
102,백령도,2025-11-05 03:00,10,,1.3,180,89,3037
102,백령도,2025-11-05 04:00,10.4,,1.5,180,90,2462
102,백령도,2025-11-05 05:00,10.3,,1.2,180,89,2687
102,백령도,2025-11-05 06:00,10.6,,.6,180,87,4690
102,백령도,2025-11-05 07:00,10.2,,.9,160,90,4455
102,백령도,2025-11-05 08:00,10.7,,.8,110,88,3226
102,백령도,2025-11-05 09:00,12.2,,.7,160,86,2095
102,백령도,2025-11-05 10:00,13.7,,1.5,140,81,3270
102,백령도,2025-11-05 11:00,14,,2.2,140,73,3547
102,백령도,2025-11-05 12:00,14.5,,2.1,160,73,3472
102,백령도,2025-11-05 13:00,14.7,,2.1,140,68,3220
102,백령도,2025-11-05 14:00,14.3,,1.8,180,68,2651
102,백령도,2025-11-05 15:00,14.4,,2,200,72,2309
102,백령도,2025-11-05 16:00,14.4,,.7,270,71,2442
102,백령도,2025-11-05 17:00,13.3,,.8,340,78,2486
102,백령도,2025-11-05 18:00,11.7,,.8,270,83,1437
102,백령도,2025-11-05 19:00,11.2,,1.2,270,78,1810
102,백령도,2025-11-05 20:00,11.2,,.2,0,76,2038
102,백령도,2025-11-05 21:00,11.3,,.4,0,73,1768
102,백령도,2025-11-05 22:00,10.8,,1.2,290,83,1466
102,백령도,2025-11-05 23:00,10.7,,2,290,86,1278
102,백령도,2025-11-06 00:00,10.9,,1.1,320,84,1333
102,백령도,2025-11-06 01:00,11,,1.2,320,85,1134
102,백령도,2025-11-06 02:00,11.6,,1.6,320,86,1060
102,백령도,2025-11-06 03:00,11.2,,1.6,320,88,927
102,백령도,2025-11-06 04:00,11.8,,.8,290,87,1065
102,백령도,2025-11-06 05:00,11.9,,.1,0,84,1118
102,백령도,2025-11-06 06:00,11.7,,.8,50,80,1463
102,백령도,2025-11-06 07:00,12,,1.3,90,86,943
102,백령도,2025-11-06 08:00,11.7,,1.9,70,85,941
102,백령도,2025-11-06 09:00,12.8,,1.5,70,83,929
102,백령도,2025-11-06 10:00,13.6,,.2,0,79,1086
102,백령도,2025-11-06 11:00,14.9,,1.9,360,72,1490
102,백령도,2025-11-06 12:00,15.7,,2.3,360,70,1613
102,백령도,2025-11-06 13:00,16.3,,3.2,340,67,1267
102,백령도,2025-11-06 14:00,16.1,,3.4,340,69,1378
102,백령도,2025-11-06 15:00,15.8,,3.7,340,72,1189
102,백령도,2025-11-06 16:00,15.9,,3.6,340,74,1056
102,백령도,2025-11-06 17:00,14.8,,3.2,360,80,807
102,백령도,2025-11-06 18:00,14.2,,3.8,360,84,694
102,백령도,2025-11-06 19:00,14,,3.3,360,86,494
102,백령도,2025-11-06 20:00,13.9,,3.1,360,86,441
102,백령도,2025-11-06 21:00,13.6,,2.7,360,87,420
102,백령도,2025-11-06 22:00,13.2,,2.9,360,88,393
102,백령도,2025-11-06 23:00,13.3,,2.4,340,86,418
102,백령도,2025-11-07 00:00,13,,3.3,340,83,524
102,백령도,2025-11-07 01:00,13,,2.7,360,79,729
102,백령도,2025-11-07 02:00,13.4,,2.2,360,79,693
102,백령도,2025-11-07 03:00,13.5,,2.3,360,78,686
102,백령도,2025-11-07 04:00,14,,1.7,360,74,855
102,백령도,2025-11-07 05:00,13.4,,2.2,50,78,740
102,백령도,2025-11-07 06:00,13.3,,2.5,50,73,782
102,백령도,2025-11-07 07:00,12.4,,2,70,80,745
102,백령도,2025-11-07 08:00,12.4,,.7,90,82,602
102,백령도,2025-11-07 09:00,13.7,,.3,0,80,634
102,백령도,2025-11-07 10:00,14.5,,.7,110,76,677
102,백령도,2025-11-07 11:00,16.3,,1.4,360,49,2104
102,백령도,2025-11-07 12:00,15.5,,3.6,320,56,2105
102,백령도,2025-11-07 13:00,16.3,,3.3,340,59,1744
102,백령도,2025-11-07 14:00,16,,3.8,340,59,1720
102,백령도,2025-11-07 15:00,16,,4,360,58,1828
102,백령도,2025-11-07 16:00,16.7,,1.3,20,51,2647
102,백령도,2025-11-07 17:00,15.1,,1.6,340,59,2751
102,백령도,2025-11-07 18:00,13.4,,2.3,340,67,2339
102,백령도,2025-11-07 19:00,13,,.9,70,75,2282
102,백령도,2025-11-07 20:00,13.2,,1.1,110,76,1352
102,백령도,2025-11-07 21:00,12.4,,.9,160,74,1559
102,백령도,2025-11-07 22:00,13,,1.1,140,74,1752
102,백령도,2025-11-07 23:00,12.5,,1,110,90,901
102,백령도,2025-11-08 00:00,12.5,,.3,0,81,750
102,백령도,2025-11-08 01:00,12.3,,1,70,84,682
102,백령도,2025-11-08 02:00,12.3,,.3,0,84,664
102,백령도,2025-11-08 03:00,12.3,,2.2,110,79,836
102,백령도,2025-11-08 04:00,13.1,,2.7,110,72,1505
102,백령도,2025-11-08 05:00,13.3,,2.5,110,73,1728
102,백령도,2025-11-08 06:00,13.4,,4,110,74,1504
102,백령도,2025-11-08 07:00,13.3,,3.4,110,77,1521
102,백령도,2025-11-08 08:00,13.1,,3.2,110,79,1506
102,백령도,2025-11-08 09:00,13.3,,2.6,110,84,1210
102,백령도,2025-11-08 10:00,14.3,,2,140,89,303
102,백령도,2025-11-08 11:00,15.5,,3,160,84,402
102,백령도,2025-11-08 12:00,15,0,1.9,160,81,737
102,백령도,2025-11-08 13:00,15.1,,2.7,140,81,816
102,백령도,2025-11-08 14:00,14.7,,3,140,82,1172
102,백령도,2025-11-08 15:00,14.9,,3.1,140,81,1450
102,백령도,2025-11-08 16:00,14.9,,1.9,140,81,1484
102,백령도,2025-11-08 17:00,14.5,,1.4,140,84,1392
102,백령도,2025-11-08 18:00,13.9,,.8,160,86,1211
102,백령도,2025-11-08 19:00,13.7,,1.7,180,86,1002
102,백령도,2025-11-08 20:00,13.7,,1.2,180,85,1053
102,백령도,2025-11-08 21:00,13,,.9,200,90,558
102,백령도,2025-11-08 22:00,12,,1.7,180,94,336
102,백령도,2025-11-08 23:00,12.4,,.7,270,91,801
102,백령도,2025-11-09 00:00,12.3,,1.1,290,94,536
102,백령도,2025-11-09 01:00,11.9,,1.5,290,95,332
102,백령도,2025-11-09 02:00,12.3,,1.6,290,96,174
102,백령도,2025-11-09 03:00,12.4,,1.7,290,94,372
102,백령도,2025-11-09 04:00,13.4,,5,320,81,960
102,백령도,2025-11-09 05:00,13.4,,4.8,320,69,1730
102,백령도,2025-11-09 06:00,13.2,,4.8,320,67,1998
102,백령도,2025-11-09 07:00,12.9,,3.3,320,75,1681
102,백령도,2025-11-09 08:00,13.2,,3.5,320,72,1552
102,백령도,2025-11-09 09:00,13.8,,3.6,320,71,1391
102,백령도,2025-11-09 10:00,14.5,,3.5,290,68,1200
102,백령도,2025-11-09 11:00,14.5,,4.8,290,72,921
102,백령도,2025-11-09 12:00,14.9,,5,290,67,926
102,백령도,2025-11-09 13:00,15.1,,5.2,290,65,1151
102,백령도,2025-11-09 14:00,13.1,,3.4,270,77,807
102,백령도,2025-11-09 15:00,14.5,0,6,290,67,742
102,백령도,2025-11-09 16:00,13.9,,6.4,320,55,2044
102,백령도,2025-11-09 17:00,13.1,,6.9,320,54,2893
102,백령도,2025-11-09 18:00,12.3,,5.7,320,48,3745
102,백령도,2025-11-09 19:00,12.2,,6,290,47,3807
102,백령도,2025-11-09 20:00,12.4,,5.9,320,43,4794
102,백령도,2025-11-09 21:00,12.1,,7.2,320,37,4981
102,백령도,2025-11-09 22:00,11.7,,5,340,38,4986
102,백령도,2025-11-09 23:00,11.8,,5.4,340,36,4965
102,백령도,2025-11-10 00:00,11.8,,7.5,340,29,4967
102,백령도,2025-11-10 01:00,11.5,,5.9,340,34,4992
102,백령도,2025-11-10 02:00,11.8,,6.8,340,34,4935
102,백령도,2025-11-10 03:00,11.9,,5.6,340,37,4935
102,백령도,2025-11-10 04:00,10.2,,7.9,360,46,4247
102,백령도,2025-11-10 05:00,9.7,,8.1,360,38,4930
102,백령도,2025-11-10 06:00,8.9,,6.7,360,40,4993
102,백령도,2025-11-10 07:00,8.1,,7.1,360,40,5000
102,백령도,2025-11-10 08:00,8,,5.3,360,44,5000
102,백령도,2025-11-10 09:00,8.5,,6,360,41,5000
102,백령도,2025-11-10 10:00,9.2,,5.3,360,40,4821
102,백령도,2025-11-10 11:00,9.6,,5.1,360,41,4689
102,백령도,2025-11-10 12:00,9.8,,6.6,340,39,4857
102,백령도,2025-11-10 13:00,9.9,,6.5,340,39,4766
102,백령도,2025-11-10 14:00,10,,6.4,340,40,4450
102,백령도,2025-11-10 15:00,9.9,,4.7,340,37,4660
102,백령도,2025-11-10 16:00,10.1,,3.3,320,40,4980
102,백령도,2025-11-10 17:00,9.2,,4,320,38,4965
102,백령도,2025-11-10 18:00,8.4,,3.1,320,43,5000
102,백령도,2025-11-10 19:00,8.8,,3.6,320,42,5000
102,백령도,2025-11-10 20:00,9.1,,3.9,320,44,5000
102,백령도,2025-11-10 21:00,9.5,,3.5,290,45,5000
102,백령도,2025-11-10 22:00,9.7,,3,320,46,4945
102,백령도,2025-11-10 23:00,9.9,,2.6,290,48,4902
102,백령도,2025-11-11 00:00,9.5,,2,290,52,5000
102,백령도,2025-11-11 01:00,9,,1.6,320,56,4987
102,백령도,2025-11-11 02:00,9.7,,.9,290,57,4995
102,백령도,2025-11-11 03:00,8.7,,.5,230,63,4942
102,백령도,2025-11-11 04:00,9.3,,1,180,60,5000
102,백령도,2025-11-11 05:00,8.9,,1.7,180,63,4957
102,백령도,2025-11-11 06:00,9.7,,1.3,180,64,5000
102,백령도,2025-11-11 07:00,8.9,,1.8,180,70,4969
102,백령도,2025-11-11 08:00,9.1,,1.9,200,72,1881
102,백령도,2025-11-11 09:00,11.6,,.9,140,67,4608
102,백령도,2025-11-11 10:00,12.9,,2.9,180,61,4873
102,백령도,2025-11-11 11:00,13.9,,2.8,180,59,4514
102,백령도,2025-11-11 12:00,14.9,,3.8,180,59,3599
102,백령도,2025-11-11 13:00,15.1,,3.7,250,57,1692
102,백령도,2025-11-11 14:00,14.7,,2.9,290,61,1274
102,백령도,2025-11-11 15:00,14.7,,3.2,290,62,1219
102,백령도,2025-11-11 16:00,13.5,,3.6,360,69,1428
102,백령도,2025-11-11 17:00,12.5,,2.5,340,74,1399
102,백령도,2025-11-11 18:00,12.1,,2.7,340,68,1830
102,백령도,2025-11-11 19:00,11.3,,2,340,64,2630
102,백령도,2025-11-11 20:00,11.6,,2.3,360,60,3857
102,백령도,2025-11-11 21:00,11.5,,1.7,20,54,4989
102,백령도,2025-11-11 22:00,10.8,,.9,20,62,4027
102,백령도,2025-11-11 23:00,10.7,,.9,50,61,4688
102,백령도,2025-11-12 00:00,10.2,,1,70,66,4669
102,백령도,2025-11-12 01:00,9.8,,1.1,90,65,4632
102,백령도,2025-11-12 02:00,9.3,,.1,0,61,4981
102,백령도,2025-11-12 03:00,9.1,,1.7,50,57,4995
102,백령도,2025-11-12 04:00,9.1,,1.7,110,69,4708
102,백령도,2025-11-12 05:00,8.6,,1.7,90,84,2225
102,백령도,2025-11-12 06:00,8.5,,1.7,90,86,1755
102,백령도,2025-11-12 07:00,7.1,,1.2,160,88,1421
102,백령도,2025-11-12 08:00,9.1,,.9,140,78,3116
102,백령도,2025-11-12 09:00,11.4,,.7,140,59,4079
102,백령도,2025-11-12 10:00,12.3,,1.8,160,56,3948
102,백령도,2025-11-12 11:00,13.3,,2.3,160,58,4127
102,백령도,2025-11-12 12:00,13.5,,2.2,180,54,4494
102,백령도,2025-11-12 13:00,13.9,,2.4,180,52,4508
102,백령도,2025-11-12 14:00,14,,,,52,4542
102,백령도,2025-11-12 15:00,14.4,,,,47,4357
102,백령도,2025-11-12 16:00,13.6,,,,49,4882
102,백령도,2025-11-12 17:00,12.7,,2.7,200,62,4992
102,백령도,2025-11-12 18:00,12.2,,2.1,200,74,2558
102,백령도,2025-11-12 19:00,12.1,,2.1,230,82,1139
102,백령도,2025-11-12 20:00,12.3,,2.5,230,85,744
102,백령도,2025-11-12 21:00,12.7,,2.8,230,81,872
102,백령도,2025-11-12 22:00,12.8,,2.6,230,78,1090
102,백령도,2025-11-12 23:00,12.6,,2.6,230,76,1423
102,백령도,2025-11-13 00:00,13,,3.3,230,79,1490
102,백령도,2025-11-13 01:00,13.5,,3.7,250,81,1289
102,백령도,2025-11-13 02:00,13.4,,3.2,270,78,985
102,백령도,2025-11-13 03:00,13.3,,3.2,290,83,796
102,백령도,2025-11-13 04:00,13.3,,2.8,290,87,539
102,백령도,2025-11-13 05:00,13.9,,4.3,340,74,402
102,백령도,2025-11-13 06:00,13.7,,4.6,360,70,511
102,백령도,2025-11-13 07:00,12.8,,1.8,360,57,1910
102,백령도,2025-11-13 08:00,12.9,,3.4,360,57,1839
102,백령도,2025-11-13 09:00,13.4,,3.7,360,54,3771
102,백령도,2025-11-13 10:00,13.5,,5.2,340,56,2588
102,백령도,2025-11-13 11:00,13.5,,5.7,340,55,2503
102,백령도,2025-11-13 12:00,13.1,,6.6,340,56,4067
102,백령도,2025-11-13 13:00,13.2,,6.7,340,54,4115
102,백령도,2025-11-13 14:00,13.1,,5.8,360,53,4426
102,백령도,2025-11-13 15:00,13.2,,5.5,360,47,4486
102,백령도,2025-11-13 16:00,13,,6,360,34,4475
102,백령도,2025-11-13 17:00,12.2,,5.2,340,39,4621
102,백령도,2025-11-13 18:00,11.7,,6.2,340,40,5000
102,백령도,2025-11-13 19:00,11.5,,5.9,340,41,5000
102,백령도,2025-11-13 20:00,11.5,,5,340,42,5000
102,백령도,2025-11-13 21:00,12,,5.2,340,39,5000
102,백령도,2025-11-13 22:00,12.1,,5.3,340,41,4995
102,백령도,2025-11-13 23:00,11.5,,3.1,340,48,4990
102,백령도,2025-11-14 00:00,11.6,,3,320,46,4968
102,백령도,2025-11-14 01:00,11.3,,2.6,320,46,4895
102,백령도,2025-11-14 02:00,11.5,,2.9,320,49,4916
102,백령도,2025-11-14 03:00,11.6,,2.4,340,50,4613
102,백령도,2025-11-14 04:00,11.5,,2.1,340,49,4881
102,백령도,2025-11-14 05:00,11.5,,3.9,340,52,4706
102,백령도,2025-11-14 06:00,11.1,,3.1,340,51,4320
102,백령도,2025-11-14 07:00,10.6,,3.4,340,49,3383
102,백령도,2025-11-14 08:00,10.8,,3.8,320,46,3659
102,백령도,2025-11-14 09:00,11.5,,3.6,320,45,4402
102,백령도,2025-11-14 10:00,12.1,,5,340,44,4297
102,백령도,2025-11-14 11:00,12.6,,3.9,340,38,3391
102,백령도,2025-11-14 12:00,12.7,,4.9,340,38,3967
102,백령도,2025-11-14 13:00,13,,3.8,340,36,4044
102,백령도,2025-11-14 14:00,12.8,,4.3,340,39,3616
102,백령도,2025-11-14 15:00,13,,3.5,340,39,3692
102,백령도,2025-11-14 16:00,12.6,,3.6,340,42,4330
102,백령도,2025-11-14 17:00,11.7,,2.2,340,45,4196
102,백령도,2025-11-14 18:00,10.5,,2.1,320,49,4110
102,백령도,2025-11-14 19:00,9.6,,1.5,290,54,4127
102,백령도,2025-11-14 20:00,9.2,,1.6,290,55,4078
102,백령도,2025-11-14 21:00,9.5,,1,270,53,4228
102,백령도,2025-11-14 22:00,10.3,,.7,250,52,4340
102,백령도,2025-11-14 23:00,9.9,,.6,250,54,4036
102,백령도,2025-11-15 00:00,8.9,,1,180,59,4068
102,백령도,2025-11-15 01:00,10.1,,.8,180,66,3936
102,백령도,2025-11-15 02:00,9.6,,1.8,200,71,3505
102,백령도,2025-11-15 03:00,10,,2.2,200,71,3634
102,백령도,2025-11-15 04:00,9.8,,2.1,200,74,3007
102,백령도,2025-11-15 05:00,9.6,,1.9,180,80,2491
102,백령도,2025-11-15 06:00,9.5,,1.7,180,81,2428
102,백령도,2025-11-15 07:00,10.1,,2.2,180,78,2414
102,백령도,2025-11-15 08:00,11,,2.8,160,75,2593
102,백령도,2025-11-15 09:00,12.6,,4,180,65,2830
102,백령도,2025-11-15 10:00,13.2,,3.8,180,62,2910
102,백령도,2025-11-15 11:00,13.1,,5.3,180,59,3356
102,백령도,2025-11-15 12:00,13.4,,5.1,180,59,3635
102,백령도,2025-11-15 13:00,13.9,,4.5,180,56,3913
102,백령도,2025-11-15 14:00,14,,4.6,180,52,4598
102,백령도,2025-11-15 15:00,13.8,,3.8,180,55,4446
102,백령도,2025-11-15 16:00,13.2,,4.4,180,59,4914
102,백령도,2025-11-15 17:00,12.9,,4.2,180,62,4969
102,백령도,2025-11-15 18:00,12.6,,4.6,180,65,4931
102,백령도,2025-11-15 19:00,12.7,,3.9,160,67,4842
102,백령도,2025-11-15 20:00,12.8,,4,160,70,4960
102,백령도,2025-11-15 21:00,12.6,,3.7,160,73,4691
102,백령도,2025-11-15 22:00,12.7,,4,160,73,4824
102,백령도,2025-11-15 23:00,12.6,,3.6,160,75,4871
102,백령도,2025-11-16 00:00,12.6,,4.2,180,77,4753
102,백령도,2025-11-16 01:00,11.9,,3.2,180,79,4226
102,백령도,2025-11-16 02:00,12.7,,4.2,180,78,4567
102,백령도,2025-11-16 03:00,12.5,,3.6,180,79,4559
102,백령도,2025-11-16 04:00,12.4,,2.8,180,81,4236
102,백령도,2025-11-16 05:00,12.5,,2.7,180,81,4317
102,백령도,2025-11-16 06:00,13.1,,3.2,180,81,4179
102,백령도,2025-11-16 07:00,13.3,,4,160,80,4246
102,백령도,2025-11-16 08:00,13.3,,4.3,160,83,4029
102,백령도,2025-11-16 09:00,13.6,,3.3,180,80,4155
102,백령도,2025-11-16 10:00,14,,4.1,180,79,3896
102,백령도,2025-11-16 11:00,14.5,,4.6,200,78,4196
102,백령도,2025-11-16 12:00,15.8,,4.8,200,75,4052
102,백령도,2025-11-16 13:00,15.6,,4,230,79,3209
102,백령도,2025-11-16 14:00,15.6,,4.2,230,82,2143
102,백령도,2025-11-16 15:00,15.8,,5.2,250,77,767
102,백령도,2025-11-16 16:00,15,,4.8,290,77,321
102,백령도,2025-11-16 17:00,13.2,,4.6,320,79,313
102,백령도,2025-11-16 18:00,12.3,,6.7,320,68,741
102,백령도,2025-11-16 19:00,11.5,,5.5,320,61,1168
102,백령도,2025-11-16 20:00,11.4,,7.4,320,46,3104
102,백령도,2025-11-16 21:00,10.9,,7.7,320,43,3930
102,백령도,2025-11-16 22:00,9.7,,6.4,320,37,4137
102,백령도,2025-11-16 23:00,8.8,,7.9,340,47,2689
102,백령도,2025-11-17 00:00,7.8,,8.4,340,43,2847
102,백령도,2025-11-17 01:00,7.1,,9.9,340,37,3902
102,백령도,2025-11-17 02:00,6.6,,9.7,340,34,3767
102,백령도,2025-11-17 03:00,6,,8.9,340,33,4015
102,백령도,2025-11-17 04:00,5.7,,9.1,340,38,3807
102,백령도,2025-11-17 05:00,5.1,,8.6,340,42,3593
102,백령도,2025-11-17 06:00,4.5,,8.9,340,50,4100
102,백령도,2025-11-17 07:00,3.8,,8.6,340,48,4594
102,백령도,2025-11-17 08:00,3.7,,8.1,340,50,4499
102,백령도,2025-11-17 09:00,3.7,,7.4,340,51,4101
102,백령도,2025-11-17 10:00,3.7,,7.8,360,51,4026
102,백령도,2025-11-17 11:00,4,,8.5,340,49,4382
102,백령도,2025-11-17 12:00,4.4,,6.9,340,51,4090
102,백령도,2025-11-17 13:00,3.5,,8.5,340,55,3843
102,백령도,2025-11-17 14:00,3.5,,6.1,340,58,4065
102,백령도,2025-11-17 15:00,3.2,,6.9,340,56,3712
102,백령도,2025-11-17 16:00,3.3,,6.6,340,56,4283
102,백령도,2025-11-17 17:00,3.1,,5.3,320,55,4157
102,백령도,2025-11-17 18:00,3.4,,5.4,320,56,4103
102,백령도,2025-11-17 19:00,3.6,,5.4,340,52,3656
102,백령도,2025-11-17 20:00,3.9,,4.8,340,56,3032
102,백령도,2025-11-17 21:00,3.8,,6.9,340,54,3204
102,백령도,2025-11-17 22:00,3.8,,6.9,340,56,2578
102,백령도,2025-11-17 23:00,3.7,,6.4,340,55,2050
102,백령도,2025-11-18 00:00,3.6,,6.9,340,53,2846
102,백령도,2025-11-18 01:00,3.5,,6.7,340,56,3667
102,백령도,2025-11-18 02:00,3.5,,5.9,340,57,4113
102,백령도,2025-11-18 03:00,3.7,,5.9,340,50,4082
102,백령도,2025-11-18 04:00,3.9,,6.4,340,51,4169
102,백령도,2025-11-18 05:00,4.2,,4.8,320,48,4786
102,백령도,2025-11-18 06:00,4.2,,4.6,340,47,4971
102,백령도,2025-11-18 07:00,4.4,,5.3,340,48,4806
102,백령도,2025-11-18 08:00,4.7,,4.7,320,48,4945
102,백령도,2025-11-18 09:00,4.1,,4.8,360,60,4850
102,백령도,2025-11-18 10:00,4.9,,1.7,360,61,4706
102,백령도,2025-11-18 11:00,4.2,,1,20,71,3358
102,백령도,2025-11-18 12:00,4.2,.1,2.1,50,80,4803
102,백령도,2025-11-18 13:00,3.4,,2.4,20,87,2712
102,백령도,2025-11-18 14:00,4.7,,1.8,360,69,3863
102,백령도,2025-11-18 15:00,4.8,0,1.4,20,68,4403
102,백령도,2025-11-18 16:00,5.7,,5.4,340,57,4629
102,백령도,2025-11-18 17:00,5.4,,4.8,340,57,4713
102,백령도,2025-11-18 18:00,5.1,0,5,340,54,4875
102,백령도,2025-11-18 19:00,4.8,,5.4,340,51,4931
102,백령도,2025-11-18 20:00,4.9,,5.7,340,50,4944
102,백령도,2025-11-18 21:00,5,,5.7,340,50,4369
102,백령도,2025-11-18 22:00,5.2,,6.3,340,47,4509
102,백령도,2025-11-18 23:00,5.4,,6.1,340,45,4655
102,백령도,2025-11-19 00:00,5.4,,4.8,340,45,4629
102,백령도,2025-11-19 01:00,5.8,,4.2,340,48,3305
102,백령도,2025-11-19 02:00,5.7,,4.8,340,49,3416
102,백령도,2025-11-19 03:00,5.3,,3.5,340,50,3407
102,백령도,2025-11-19 04:00,5.5,,2.2,340,53,3211
102,백령도,2025-11-19 05:00,5.3,,3.4,340,54,3193
102,백령도,2025-11-19 06:00,5.4,,3.2,340,55,3305
102,백령도,2025-11-19 07:00,5.3,,3.1,340,55,3504
102,백령도,2025-11-19 08:00,5.5,,3.9,360,57,3185
102,백령도,2025-11-19 09:00,5.9,,3.7,340,55,3442
102,백령도,2025-11-19 10:00,7,,3,340,51,3916
102,백령도,2025-11-19 11:00,7.4,,3.5,340,53,4037
102,백령도,2025-11-19 12:00,7.8,,4.5,360,52,4259
102,백령도,2025-11-19 13:00,8,,4.6,340,50,4434
102,백령도,2025-11-19 14:00,8.2,,3.7,360,48,4864
102,백령도,2025-11-19 15:00,8.4,,2.5,340,49,4708
102,백령도,2025-11-19 16:00,8.3,,2.4,340,51,4894
102,백령도,2025-11-19 17:00,7.5,,1,290,56,4639
102,백령도,2025-11-19 18:00,6.1,,1.1,200,63,4996
102,백령도,2025-11-19 19:00,6.3,,1.2,200,61,4979
102,백령도,2025-11-19 20:00,5.9,,1.2,180,63,4791
102,백령도,2025-11-19 21:00,6.5,,.7,180,65,4791
102,백령도,2025-11-19 22:00,6.3,,1.7,200,70,4159
102,백령도,2025-11-19 23:00,6.7,,3.1,200,72,4104
102,백령도,2025-11-20 00:00,7.5,,2.3,200,75,4611
102,백령도,2025-11-20 01:00,9.5,,2.3,270,63,2932
102,백령도,2025-11-20 02:00,9.8,,2.6,250,59,2076
102,백령도,2025-11-20 03:00,9.5,,2.2,270,60,1984
102,백령도,2025-11-20 04:00,9.9,,2.8,270,60,2327
102,백령도,2025-11-20 05:00,10.1,,2.7,250,57,2955
102,백령도,2025-11-20 06:00,10.5,,3.5,250,60,2972
102,백령도,2025-11-20 07:00,10.7,,3.5,250,65,2049
102,백령도,2025-11-20 08:00,11,,4,250,69,1629
102,백령도,2025-11-20 09:00,11.9,,4,320,59,1590
102,백령도,2025-11-20 10:00,11.3,,5.2,340,66,1279
102,백령도,2025-11-20 11:00,10.8,,4.8,340,65,1668
102,백령도,2025-11-20 12:00,10.2,,6.7,340,64,1502
102,백령도,2025-11-20 13:00,9.8,,5.9,340,47,3641
102,백령도,2025-11-20 14:00,9.2,,6.8,340,47,3911
102,백령도,2025-11-20 15:00,9.3,,4.7,340,47,4434
102,백령도,2025-11-20 16:00,8.6,,5.3,340,46,4991
102,백령도,2025-11-20 17:00,8.1,,5.3,320,48,4888
102,백령도,2025-11-20 18:00,7.8,,3.4,320,52,5000
102,백령도,2025-11-20 19:00,8,,4.4,320,47,4841
102,백령도,2025-11-20 20:00,8,,4.7,320,46,4487
102,백령도,2025-11-20 21:00,7.8,,4.2,320,47,4941
102,백령도,2025-11-20 22:00,7.8,,4.5,320,45,4995
102,백령도,2025-11-20 23:00,7.8,,3.6,320,45,5000
102,백령도,2025-11-21 00:00,7.9,,3.7,320,43,5000
102,백령도,2025-11-21 01:00,7.8,,3.2,320,44,4996
102,백령도,2025-11-21 02:00,7.7,,2.7,320,45,4967
102,백령도,2025-11-21 03:00,7.6,,2,340,41,4965
102,백령도,2025-11-21 04:00,7.4,,2,320,37,5000
102,백령도,2025-11-21 05:00,6.6,,1.6,290,42,5000
102,백령도,2025-11-21 06:00,6.7,,2.1,270,44,4999
102,백령도,2025-11-21 07:00,6.5,,2.2,250,46,4983
102,백령도,2025-11-21 08:00,6.7,,1.9,230,47,5000
102,백령도,2025-11-21 09:00,9.1,,1.8,230,45,4949
102,백령도,2025-11-21 10:00,10.5,,3.9,250,46,4577
102,백령도,2025-11-21 11:00,11.4,,4.2,250,53,4541
102,백령도,2025-11-21 12:00,11.9,,5.4,270,54,3805
102,백령도,2025-11-21 13:00,11.4,,5.9,250,57,3620
102,백령도,2025-11-21 14:00,11.6,,6,250,60,3529
102,백령도,2025-11-21 15:00,12.2,,4.8,290,62,2514
102,백령도,2025-11-21 16:00,11.5,,5.1,270,64,2072
102,백령도,2025-11-21 17:00,11.3,,5,270,66,2085
102,백령도,2025-11-21 18:00,11.1,,3.7,290,48,4757
102,백령도,2025-11-21 19:00,11,,3.8,290,51,4463
102,백령도,2025-11-21 20:00,10.3,,2.2,270,57,3901
102,백령도,2025-11-21 21:00,10.1,,2.1,290,60,3063
102,백령도,2025-11-21 22:00,10,,2.1,290,57,3335
102,백령도,2025-11-21 23:00,9.6,,1.8,270,58,3537
102,백령도,2025-11-22 00:00,9.6,,1.6,270,63,2922
102,백령도,2025-11-22 01:00,9.8,,.9,270,59,4277
102,백령도,2025-11-22 02:00,9.7,,1.6,250,59,4691
102,백령도,2025-11-22 03:00,9.7,,1.9,270,59,3996
102,백령도,2025-11-22 04:00,9.6,,2.1,270,58,4890
102,백령도,2025-11-22 05:00,9.8,,1.4,270,60,4444
102,백령도,2025-11-22 06:00,9.9,,2.1,250,67,2971
102,백령도,2025-11-22 07:00,9.6,,1.4,250,67,2559
102,백령도,2025-11-22 08:00,9.4,,1.7,250,66,2462
102,백령도,2025-11-22 09:00,11,,1.1,230,62,2564
102,백령도,2025-11-22 10:00,11.4,,2.6,270,60,2433
102,백령도,2025-11-22 11:00,11.6,,3.5,250,61,1638
102,백령도,2025-11-22 12:00,12.4,,3,270,56,1611
102,백령도,2025-11-22 13:00,13.3,,2,230,52,1565
102,백령도,2025-11-22 14:00,13.3,,2.3,230,48,1706
102,백령도,2025-11-22 15:00,13,,2.8,200,46,2035
102,백령도,2025-11-22 16:00,12.5,,2.6,200,47,1840
102,백령도,2025-11-22 17:00,11.1,,1.7,180,58,1633
102,백령도,2025-11-22 18:00,10.1,,2.5,180,66,1301
102,백령도,2025-11-22 19:00,10,,1.6,180,74,1149
102,백령도,2025-11-22 20:00,9.1,,2.2,180,67,1349
102,백령도,2025-11-22 21:00,9.9,,1.9,200,66,1360
102,백령도,2025-11-22 22:00,10.5,,2.3,200,68,1037
102,백령도,2025-11-22 23:00,10.8,,2.2,180,77,940
102,백령도,2025-11-23 00:00,10.9,,1,180,78,872
102,백령도,2025-11-23 01:00,11.9,,2.4,230,72,711
102,백령도,2025-11-23 02:00,12.1,,2.5,230,68,621
102,백령도,2025-11-23 03:00,11.3,,1.8,200,78,472
102,백령도,2025-11-23 04:00,11.5,,1.8,200,79,473
102,백령도,2025-11-23 05:00,11.3,,1.3,180,77,517
102,백령도,2025-11-23 06:00,11.4,,2,200,73,631
102,백령도,2025-11-23 07:00,11.7,,1.9,200,74,519
102,백령도,2025-11-23 08:00,11.9,,2.6,200,76,475
102,백령도,2025-11-23 09:00,12.8,,3.5,200,70,546
102,백령도,2025-11-23 10:00,13.8,,3.9,200,67,565
102,백령도,2025-11-23 11:00,13.8,,2.9,200,66,564
102,백령도,2025-11-23 12:00,14.2,,3.3,180,71,499
102,백령도,2025-11-23 13:00,14.4,,4,200,69,603
102,백령도,2025-11-23 14:00,14.6,,4.4,200,67,695
102,백령도,2025-11-23 15:00,14.3,,4.1,200,70,669
102,백령도,2025-11-23 16:00,14,,3.7,180,73,592
102,백령도,2025-11-23 17:00,13.9,,3.5,200,74,557
102,백령도,2025-11-23 18:00,13.6,,3.3,200,78,517
102,백령도,2025-11-23 19:00,13.4,,2.9,200,81,505
102,백령도,2025-11-23 20:00,13.3,,2.9,230,82,496
102,백령도,2025-11-23 21:00,13.2,,4.1,230,85,440
102,백령도,2025-11-23 22:00,13,,2.8,230,84,519
102,백령도,2025-11-23 23:00,12.8,,2.4,200,85,532
102,백령도,2025-11-24 00:00,12,,1.1,200,89,366
102,백령도,2025-11-24 01:00,11.6,,1,200,93,170
102,백령도,2025-11-24 02:00,12.1,,1.8,200,92,221
102,백령도,2025-11-24 03:00,11.9,,1.6,200,93,132
102,백령도,2025-11-24 04:00,12,,1.8,230,93,201
102,백령도,2025-11-24 05:00,11.1,,1.3,200,95,44
102,백령도,2025-11-24 06:00,11,,.7,180,96,26
102,백령도,2025-11-24 07:00,11,,.9,270,97,17
102,백령도,2025-11-24 08:00,10.2,,1.6,290,97,58
102,백령도,2025-11-24 09:00,11.1,,1.3,320,96,152
102,백령도,2025-11-24 10:00,12.3,,1.7,290,87,306
102,백령도,2025-11-24 11:00,13.6,,2.3,320,70,464
102,백령도,2025-11-24 12:00,13.9,,2.6,320,63,457
102,백령도,2025-11-24 13:00,13.4,,3.6,320,69,396
102,백령도,2025-11-24 14:00,13.8,,3.2,290,66,433
102,백령도,2025-11-24 15:00,13.1,,3.4,290,72,357
102,백령도,2025-11-24 16:00,12.7,,2.4,290,71,316
102,백령도,2025-11-24 17:00,11.6,,1.7,290,79,302
102,백령도,2025-11-24 18:00,10,,1.4,270,85,275
102,백령도,2025-11-24 19:00,9.6,,1.1,270,84,354
102,백령도,2025-11-24 20:00,10.6,,.3,0,79,519
102,백령도,2025-11-24 21:00,9.9,,1.1,230,82,396
102,백령도,2025-11-24 22:00,10.1,,2,230,87,293
102,백령도,2025-11-24 23:00,10.3,,1.2,230,88,188
102,백령도,2025-11-25 00:00,9.6,,1.7,200,92,72
102,백령도,2025-11-25 01:00,10.1,,1.2,230,89,142
102,백령도,2025-11-25 02:00,10.2,,2,200,92,71
102,백령도,2025-11-25 03:00,10.5,0,3.9,290,85,232
102,백령도,2025-11-25 04:00,10.4,,5.2,340,74,558
102,백령도,2025-11-25 05:00,9,,7.2,340,77,520
102,백령도,2025-11-25 06:00,8.1,0,8.6,320,80,260
102,백령도,2025-11-25 07:00,7.8,,7.8,320,73,459
102,백령도,2025-11-25 08:00,7.2,,7.7,320,75,527
102,백령도,2025-11-25 09:00,7,0,7.5,320,70,915
102,백령도,2025-11-25 10:00,6.4,,7.5,320,70,1310
102,백령도,2025-11-25 11:00,6.1,,7,320,66,1517
102,백령도,2025-11-25 12:00,5.7,0,7.4,320,66,1801
102,백령도,2025-11-25 13:00,5.6,,7.3,320,68,1753
102,백령도,2025-11-25 14:00,5.7,,7.7,320,65,1981
102,백령도,2025-11-25 15:00,6.1,,7.1,320,65,1916
102,백령도,2025-11-25 16:00,6.5,,6.3,320,64,2294
102,백령도,2025-11-25 17:00,6.5,,5.8,320,59,3949
102,백령도,2025-11-25 18:00,6.8,,5.5,320,60,4392
102,백령도,2025-11-25 19:00,7,,5.5,320,57,4855
102,백령도,2025-11-25 20:00,6.9,,5.9,320,54,4861
102,백령도,2025-11-25 21:00,6.8,,5.1,320,53,4892
102,백령도,2025-11-25 22:00,6.8,,3.8,320,54,4884
102,백령도,2025-11-25 23:00,6.7,,3.4,320,53,4936
102,백령도,2025-11-26 00:00,6.4,,2.9,320,52,4945
102,백령도,2025-11-26 01:00,6,,2.9,320,53,4985
102,백령도,2025-11-26 02:00,5.3,,2.2,270,55,4945
102,백령도,2025-11-26 03:00,4.9,,2.3,270,61,4971
102,백령도,2025-11-26 04:00,5.1,,1.6,250,62,4991
102,백령도,2025-11-26 05:00,5.7,,1.6,270,59,4999
102,백령도,2025-11-26 06:00,5.9,,1.9,250,58,5000
102,백령도,2025-11-26 07:00,5.4,,1.1,200,62,4998
102,백령도,2025-11-26 08:00,5.8,,.8,160,60,4991
102,백령도,2025-11-26 09:00,7,,1.4,180,59,4853
102,백령도,2025-11-26 10:00,8.8,,3.2,180,51,4929
102,백령도,2025-11-26 11:00,9,,3.3,180,53,4839
102,백령도,2025-11-26 12:00,9.2,,3.8,200,52,4603
102,백령도,2025-11-26 13:00,9.6,,3.8,200,47,4479
102,백령도,2025-11-26 14:00,9.5,,3.3,200,48,4068
102,백령도,2025-11-26 15:00,10,,3,200,49,4347
102,백령도,2025-11-26 16:00,9.2,,3.6,180,54,4334
102,백령도,2025-11-26 17:00,8.7,,3.9,180,60,4341
102,백령도,2025-11-26 18:00,8.9,,4,160,63,4524
102,백령도,2025-11-26 19:00,9.3,,4.7,180,68,4005
102,백령도,2025-11-26 20:00,9.5,,4.7,160,68,4242
102,백령도,2025-11-26 21:00,10.2,,4.1,180,65,3804
102,백령도,2025-11-26 22:00,10.3,,6.2,160,68,3848
102,백령도,2025-11-26 23:00,10.7,,4,180,68,2995
102,백령도,2025-11-27 00:00,11,,3.9,200,64,2922
102,백령도,2025-11-27 01:00,11.2,,4.7,200,63,3278
102,백령도,2025-11-27 02:00,11.2,,4.8,200,66,3370
102,백령도,2025-11-27 03:00,10.7,0,5,200,71,4168
102,백령도,2025-11-27 04:00,11.1,,3.2,230,73,2372
102,백령도,2025-11-27 05:00,11,,3.7,200,75,2522
102,백령도,2025-11-27 06:00,7.8,1.3,1.8,270,84,903
102,백령도,2025-11-27 07:00,9.4,,2.6,250,77,990
102,백령도,2025-11-27 08:00,8.7,,7.5,320,75,1303
102,백령도,2025-11-27 09:00,9.5,.7,3.8,320,60,2897
102,백령도,2025-11-27 10:00,10,,4.4,290,62,1406
102,백령도,2025-11-27 11:00,6.8,,8.1,340,79,629
102,백령도,2025-11-27 12:00,7.5,2.5,6.1,340,77,1245
102,백령도,2025-11-27 13:00,6.9,,6.9,320,70,2162
102,백령도,2025-11-27 14:00,6.2,,6.7,320,67,1758
102,백령도,2025-11-27 15:00,6,,6.8,320,65,1672
102,백령도,2025-11-27 16:00,5.3,,7.9,290,66,2443
102,백령도,2025-11-27 17:00,4.4,,8.4,320,59,3907
102,백령도,2025-11-27 18:00,4.7,0,7.5,320,61,3305
102,백령도,2025-11-27 19:00,4.7,,7,320,64,3011
102,백령도,2025-11-27 20:00,4.6,,6.3,320,62,3361
102,백령도,2025-11-27 21:00,4.3,,6.2,320,57,3895
102,백령도,2025-11-27 22:00,4.2,,7,320,50,4736
102,백령도,2025-11-27 23:00,4.1,,7,320,44,4803
102,백령도,2025-11-28 00:00,4,,6.9,320,50,4711
102,백령도,2025-11-28 01:00,3.9,,6.2,320,49,4830
102,백령도,2025-11-28 02:00,3.6,,6.8,340,52,4382
102,백령도,2025-11-28 03:00,4,,7.4,340,52,4606
102,백령도,2025-11-28 04:00,3.8,,5.6,340,51,4879
102,백령도,2025-11-28 05:00,3.8,,4.1,340,49,4961
102,백령도,2025-11-28 06:00,3.7,,3.2,360,51,4981
102,백령도,2025-11-28 07:00,3.2,,1.4,20,54,4882
102,백령도,2025-11-28 08:00,2.8,,1.3,110,61,4810
102,백령도,2025-11-28 09:00,4.3,,1.6,110,60,3734
102,백령도,2025-11-28 10:00,5.4,,2.5,140,55,4207
102,백령도,2025-11-28 11:00,6.3,,2.8,160,56,4521
102,백령도,2025-11-28 12:00,6.6,,2.9,160,53,4449
102,백령도,2025-11-28 13:00,6.9,,3.4,200,45,4813
102,백령도,2025-11-28 14:00,8,,3.6,180,47,4759
102,백령도,2025-11-28 15:00,7.7,,3.6,200,51,4834
102,백령도,2025-11-28 16:00,7.5,,3.4,180,55,4659
102,백령도,2025-11-28 17:00,7.1,,4.3,180,60,4967
102,백령도,2025-11-28 18:00,7.2,,5,180,62,5000
102,백령도,2025-11-28 19:00,7.5,,4.6,160,64,4918
102,백령도,2025-11-28 20:00,7.5,,5,180,64,4955
102,백령도,2025-11-28 21:00,7.6,,4.8,180,64,4967
102,백령도,2025-11-28 22:00,7.9,,6.1,180,65,4927
102,백령도,2025-11-28 23:00,8.3,,6.8,180,64,4928
102,백령도,2025-11-29 00:00,8.4,,6.1,160,67,4776
102,백령도,2025-11-29 01:00,8.8,,5.9,180,68,4854
102,백령도,2025-11-29 02:00,8.9,,6.2,160,69,4746
102,백령도,2025-11-29 03:00,9.1,,6.4,160,72,4376
102,백령도,2025-11-29 04:00,9.3,,6.2,160,73,4597
102,백령도,2025-11-29 05:00,9.5,,6.3,160,75,4318
102,백령도,2025-11-29 06:00,9.8,,6.5,160,76,4085
102,백령도,2025-11-29 07:00,10.2,,7.1,160,76,3591
102,백령도,2025-11-29 08:00,10.4,,6.8,180,78,3664
102,백령도,2025-11-29 09:00,10.8,,6.6,160,80,2883
102,백령도,2025-11-29 10:00,11.1,,6.7,160,82,2593
102,백령도,2025-11-29 11:00,11.6,,6.8,160,82,2453
102,백령도,2025-11-29 12:00,13.8,,5.1,180,76,2229
102,백령도,2025-11-29 13:00,13.6,,5.3,200,73,1954
102,백령도,2025-11-29 14:00,13.8,,4.2,200,73,1650
102,백령도,2025-11-29 15:00,13.5,,3.1,200,76,1564
102,백령도,2025-11-29 16:00,13.2,,3.6,200,80,1351
102,백령도,2025-11-29 17:00,12.7,,2.9,200,84,1146
102,백령도,2025-11-29 18:00,12.2,,3.7,200,88,975
102,백령도,2025-11-29 19:00,11.7,,1.9,230,90,834
102,백령도,2025-11-29 20:00,10.6,,1.8,270,92,661
102,백령도,2025-11-29 21:00,10.2,,1.9,290,89,835
102,백령도,2025-11-29 22:00,9.9,,1.4,290,90,735
102,백령도,2025-11-29 23:00,10,,1.7,270,86,805
102,백령도,2025-11-30 00:00,9.8,,1.6,290,89,622
102,백령도,2025-11-30 01:00,10,,1.4,290,90,478
102,백령도,2025-11-30 02:00,9.4,,1.6,270,88,412
102,백령도,2025-11-30 03:00,9.4,,1.3,290,90,344
102,백령도,2025-11-30 04:00,10,,.5,320,91,441
102,백령도,2025-11-30 05:00,8.7,,1.6,110,96,12
102,백령도,2025-11-30 06:00,8,,1.5,180,97,21
102,백령도,2025-11-30 07:00,7.9,,2.1,180,97,73
102,백령도,2025-11-30 08:00,9.6,,2.5,160,96,159
102,백령도,2025-11-30 09:00,9.5,,3.3,140,96,73
102,백령도,2025-11-30 10:00,9.5,,3.7,160,97,108
102,백령도,2025-11-30 11:00,10.2,,5.8,160,94,340
102,백령도,2025-11-30 12:00,10.8,,3.8,160,88,489
102,백령도,2025-11-30 13:00,11.2,,3,140,88,481
102,백령도,2025-11-30 14:00,10.8,,3.5,160,90,385
102,백령도,2025-11-30 15:00,10.8,,4.4,160,94,392
102,백령도,2025-11-30 16:00,12,,4.4,180,88,587
102,백령도,2025-11-30 17:00,12.5,,3.8,200,88,520
102,백령도,2025-11-30 18:00,11.8,,3.6,230,93,306
102,백령도,2025-11-30 19:00,12.2,,4.7,270,82,554
102,백령도,2025-11-30 20:00,11.8,,5.9,290,79,247
102,백령도,2025-11-30 21:00,11.2,,7.3,320,79,636
102,백령도,2025-11-30 22:00,9.4,,10.4,340,62,1710
102,백령도,2025-11-30 23:00,8.3,,9.2,340,55,2379
102,백령도,2025-12-01 00:00,7.8,,7.3,340,55,2807
102,백령도,2025-12-01 01:00,6.8,,5.3,340,65,2041
102,백령도,2025-12-01 02:00,5.9,,4.9,340,60,2327
102,백령도,2025-12-01 03:00,5.4,,5.5,340,62,2342
102,백령도,2025-12-01 04:00,4.8,,6,340,60,2817
102,백령도,2025-12-01 05:00,4.8,,6.6,340,61,2967
102,백령도,2025-12-01 06:00,4.8,,5.4,340,63,3060
102,백령도,2025-12-01 07:00,5,,5.1,340,65,3210
102,백령도,2025-12-01 08:00,4.9,,4.8,340,60,3864
102,백령도,2025-12-01 09:00,5.4,,4.5,340,55,4250
102,백령도,2025-12-01 10:00,6.1,,4.3,340,50,4505
102,백령도,2025-12-01 11:00,6.6,,5.1,340,40,4903
102,백령도,2025-12-01 12:00,6.7,,5,340,41,4565
102,백령도,2025-12-01 13:00,6.5,,5.2,320,38,4886
102,백령도,2025-12-01 14:00,6.5,,4.7,320,37,4426
102,백령도,2025-12-01 15:00,6.3,,4.2,320,40,4665
102,백령도,2025-12-01 16:00,5.8,,3.9,340,43,4570
102,백령도,2025-12-01 17:00,4.9,,4.2,340,47,4741
102,백령도,2025-12-01 18:00,4.7,,3,340,52,4996
102,백령도,2025-12-01 19:00,4.8,,2.8,340,49,4941
102,백령도,2025-12-01 20:00,5,,3.8,340,48,4967
102,백령도,2025-12-01 21:00,5,,3.1,320,51,4928
102,백령도,2025-12-01 22:00,5.7,,4.4,320,48,4886
102,백령도,2025-12-01 23:00,6.3,,6.2,320,43,4590
102,백령도,2025-12-02 00:00,5.7,,5.4,340,49,4785
102,백령도,2025-12-02 01:00,4.7,,6.2,360,56,4152
102,백령도,2025-12-02 02:00,3.5,,6.8,360,49,4472
102,백령도,2025-12-02 03:00,3.3,,5.4,360,44,5000
102,백령도,2025-12-02 04:00,2.9,,3.8,360,50,4552
102,백령도,2025-12-02 05:00,2.1,,4.1,360,53,4291
102,백령도,2025-12-02 06:00,1.4,,3.4,360,54,4184
102,백령도,2025-12-02 07:00,.9,,4.3,360,58,4274
102,백령도,2025-12-02 08:00,.4,,4.2,360,57,4666
102,백령도,2025-12-02 09:00,0,,6.1,360,58,4867
102,백령도,2025-12-02 10:00,-.5,,6.5,340,55,4752
102,백령도,2025-12-02 11:00,-.8,,6.8,340,55,4609
102,백령도,2025-12-02 12:00,-1.4,,8.5,340,60,4721
102,백령도,2025-12-02 13:00,-2,,8,340,60,4878
102,백령도,2025-12-02 14:00,-2.3,,7.5,340,58,4935
102,백령도,2025-12-02 15:00,-2.3,0,6.3,340,60,4854
102,백령도,2025-12-02 16:00,-1.8,,6.2,340,59,4898
102,백령도,2025-12-02 17:00,-2.1,,5.5,340,59,4663
102,백령도,2025-12-02 18:00,-2,0,6,340,59,4902
102,백령도,2025-12-02 19:00,-2,,4.6,320,52,5000
102,백령도,2025-12-02 20:00,-2.1,,5.1,320,53,4718
102,백령도,2025-12-02 21:00,-3,0,5.2,340,67,1107
102,백령도,2025-12-02 22:00,-2.7,,5.6,340,58,1250
102,백령도,2025-12-02 23:00,-2.8,,6.2,360,56,3923
102,백령도,2025-12-03 00:00,-3.1,0,6.7,360,46,4990
102,백령도,2025-12-03 01:00,-3.2,,5.3,360,50,4948
102,백령도,2025-12-03 02:00,-3,,4.3,360,45,4957
102,백령도,2025-12-03 03:00,-3.2,0,4.1,340,57,3950
102,백령도,2025-12-03 04:00,-3.6,,1.2,340,77,4397
102,백령도,2025-12-03 05:00,-4.5,,4.1,70,88,47
102,백령도,2025-12-03 06:00,-5.4,1.7,3.3,70,87,83
102,백령도,2025-12-03 07:00,-5.8,,2.9,70,87,78
102,백령도,2025-12-03 08:00,-6,,2.5,70,89,30
102,백령도,2025-12-03 09:00,-6.2,4.5,2.3,70,89,27
102,백령도,2025-12-03 10:00,-6.2,,1.9,70,87,45
102,백령도,2025-12-03 11:00,-5.4,,2.3,70,88,91
102,백령도,2025-12-03 12:00,-4,4.4,3,340,86,589
102,백령도,2025-12-03 13:00,-4,,4.8,340,75,620
102,백령도,2025-12-03 14:00,-3.8,,4.5,340,77,916
102,백령도,2025-12-03 15:00,-3.8,.4,4.4,320,72,1748
102,백령도,2025-12-03 16:00,-3.3,,4.7,320,71,940
102,백령도,2025-12-03 17:00,-3.1,,5.5,320,65,1556
102,백령도,2025-12-03 18:00,-2.7,0,5.5,340,68,2387
102,백령도,2025-12-03 19:00,-2.4,,4.2,340,64,2612
102,백령도,2025-12-03 20:00,-1.9,,4,340,63,3588
102,백령도,2025-12-03 21:00,-1.8,0,4.5,340,61,3598
102,백령도,2025-12-03 22:00,-1.7,,4.3,340,63,4573
102,백령도,2025-12-03 23:00,-2.4,,4.1,360,69,2137
102,백령도,2025-12-04 00:00,-2.3,0,4.7,340,63,4513
102,백령도,2025-12-04 01:00,-2.4,,3.5,340,62,4488
102,백령도,2025-12-04 02:00,-2.8,,1.4,20,67,4011
102,백령도,2025-12-04 03:00,-3.8,0,2.3,70,71,4020
102,백령도,2025-12-04 04:00,-3.7,,1.7,70,72,4103
102,백령도,2025-12-04 05:00,-3.9,,1.4,90,71,4067
102,백령도,2025-12-04 06:00,-4.2,,1.5,90,71,4300
102,백령도,2025-12-04 07:00,-4.2,,1.7,140,76,3753
102,백령도,2025-12-04 08:00,-4.1,,1.7,140,77,3576
102,백령도,2025-12-04 09:00,-2,,.7,160,73,1131
102,백령도,2025-12-04 10:00,.1,,2.6,160,69,4278
102,백령도,2025-12-04 11:00,.5,,4,180,75,4279
102,백령도,2025-12-04 12:00,1.5,,4.8,180,76,4018
102,백령도,2025-12-04 13:00,3.9,,4.3,230,56,4313
102,백령도,2025-12-04 14:00,5.3,,5.4,250,39,4110
102,백령도,2025-12-04 15:00,5.2,,5.6,250,41,3881
102,백령도,2025-12-04 16:00,2.8,,6.1,270,85,612
102,백령도,2025-12-04 17:00,3.7,,7.3,320,65,2495
102,백령도,2025-12-04 18:00,2.4,.6,7.3,340,60,3528
102,백령도,2025-12-04 19:00,1.5,,7.5,340,64,3310
102,백령도,2025-12-04 20:00,1,,6.7,340,62,3663
102,백령도,2025-12-04 21:00,1.2,,7,340,57,3499
102,백령도,2025-12-04 22:00,1.2,,6.9,340,52,3730
102,백령도,2025-12-04 23:00,1,,7.2,360,55,3816
102,백령도,2025-12-05 00:00,1.1,,5.5,340,53,3937
102,백령도,2025-12-05 01:00,1.3,,5.2,340,52,3954
102,백령도,2025-12-05 02:00,1,,6,340,54,4138
102,백령도,2025-12-05 03:00,.8,,5.4,360,54,4129
102,백령도,2025-12-05 04:00,.8,,4.2,360,56,4485
102,백령도,2025-12-05 05:00,.9,,3.5,360,58,4593
102,백령도,2025-12-05 06:00,1,,3.5,360,55,4828
102,백령도,2025-12-05 07:00,0,,2.5,70,63,4391
102,백령도,2025-12-05 08:00,-.4,,1.5,70,65,4619
102,백령도,2025-12-05 09:00,1,,.7,90,58,4670
102,백령도,2025-12-05 10:00,1,,1.8,140,63,4335
102,백령도,2025-12-05 11:00,1.5,,2.8,140,62,4238
102,백령도,2025-12-05 12:00,2.2,,2.6,160,63,4069
102,백령도,2025-12-05 13:00,2.7,,2.5,160,64,4361
102,백령도,2025-12-05 14:00,3.2,,3,180,65,4132
102,백령도,2025-12-05 15:00,4.7,,1.2,230,58,4291
102,백령도,2025-12-05 16:00,4.6,,2.1,250,54,4932
102,백령도,2025-12-05 17:00,4.1,,.9,200,58,4983
102,백령도,2025-12-05 18:00,3.7,,.7,180,62,4787
102,백령도,2025-12-05 19:00,4.2,,2,160,66,4989
102,백령도,2025-12-05 20:00,4.8,,1.3,200,65,4956
102,백령도,2025-12-05 21:00,4.8,,2.4,230,58,4967
102,백령도,2025-12-05 22:00,5.1,,2.2,230,58,4957
102,백령도,2025-12-05 23:00,6,,3.2,230,57,5000
102,백령도,2025-12-06 00:00,6.2,,2.9,230,59,5000
102,백령도,2025-12-06 01:00,6.9,,2.4,230,59,5000
102,백령도,2025-12-06 02:00,7.3,,2.5,200,62,4981
102,백령도,2025-12-06 03:00,7.6,,3,200,67,4954
102,백령도,2025-12-06 04:00,8.3,,3.7,230,65,4200
102,백령도,2025-12-06 05:00,8.1,,4.2,230,68,4552
102,백령도,2025-12-06 06:00,8.1,.7,3.5,230,63,4905
102,백령도,2025-12-06 07:00,8.6,,4.3,230,63,4859
102,백령도,2025-12-06 08:00,9,,3.2,200,62,4942
102,백령도,2025-12-06 09:00,9.5,0,3.9,230,64,3683
102,백령도,2025-12-06 10:00,8.2,,3,230,83,3632
102,백령도,2025-12-06 11:00,10.1,,4.7,250,66,2722
102,백령도,2025-12-06 12:00,10.7,.3,3.4,250,65,2434
102,백령도,2025-12-06 13:00,11.1,,4.4,250,65,1792
102,백령도,2025-12-06 14:00,10.6,,4.7,250,67,1460
102,백령도,2025-12-06 15:00,10.8,,5.1,250,65,1067
102,백령도,2025-12-06 16:00,10.5,,3.5,250,68,928
102,백령도,2025-12-06 17:00,9.3,,3.1,270,65,1039
102,백령도,2025-12-06 18:00,8.4,,2.1,270,63,1005
102,백령도,2025-12-06 19:00,8.3,,1.8,250,60,883
102,백령도,2025-12-06 20:00,7.8,,1.9,270,66,745
102,백령도,2025-12-06 21:00,8,,2.2,250,68,685
102,백령도,2025-12-06 22:00,7.6,,2.1,270,73,636
102,백령도,2025-12-06 23:00,7.6,,2.1,250,73,643
102,백령도,2025-12-07 00:00,8.3,,3.1,270,71,747
102,백령도,2025-12-07 01:00,8.9,,3,250,70,1034
102,백령도,2025-12-07 02:00,8.8,,3,270,65,1228
102,백령도,2025-12-07 03:00,8.9,,3.4,290,63,1531
102,백령도,2025-12-07 04:00,9.1,,3.1,290,60,1757
102,백령도,2025-12-07 05:00,8.4,,1.3,250,61,2291
102,백령도,2025-12-07 06:00,8.7,,1.1,270,59,2751
102,백령도,2025-12-07 07:00,7.9,,1.4,200,62,2626
102,백령도,2025-12-07 08:00,6.7,,2.1,200,72,2327
102,백령도,2025-12-07 09:00,8.4,,1.7,180,77,2228
102,백령도,2025-12-07 10:00,10.1,,3.4,180,74,1433
102,백령도,2025-12-07 11:00,11.4,,2.8,200,65,718
102,백령도,2025-12-07 12:00,11.9,,3.4,200,71,695
102,백령도,2025-12-07 13:00,12.3,,3.5,250,71,561
102,백령도,2025-12-07 14:00,12.4,,3,230,75,497
102,백령도,2025-12-07 15:00,12,,3.1,250,70,461
102,백령도,2025-12-07 16:00,11.1,,4.5,290,66,473
102,백령도,2025-12-07 17:00,10.7,,6.2,290,59,555
102,백령도,2025-12-07 18:00,10.5,,6,290,51,2258
102,백령도,2025-12-07 19:00,10.3,,6.8,320,56,862
102,백령도,2025-12-07 20:00,9.9,,6.8,320,38,2498
102,백령도,2025-12-07 21:00,9.5,,5.9,340,38,4140
102,백령도,2025-12-07 22:00,9.1,,7.1,340,33,3919
102,백령도,2025-12-07 23:00,8.7,,5.6,320,30,4554
102,백령도,2025-12-08 00:00,8.4,,6.3,340,27,4399
102,백령도,2025-12-08 01:00,7.9,,7.2,340,34,3619
102,백령도,2025-12-08 02:00,7,,6.2,340,40,3377
102,백령도,2025-12-08 03:00,6.4,,6.3,340,43,4590
102,백령도,2025-12-08 04:00,5.9,,6.3,340,43,4901
102,백령도,2025-12-08 05:00,5,,4,360,51,4321
102,백령도,2025-12-08 06:00,4.8,,4.8,360,46,4941
102,백령도,2025-12-08 07:00,4.5,,4.8,340,49,4954
102,백령도,2025-12-08 08:00,4.3,,4.6,360,45,4998
102,백령도,2025-12-08 09:00,4.5,,3.4,360,48,4949
102,백령도,2025-12-08 10:00,4.4,,3.9,360,43,4967
102,백령도,2025-12-08 11:00,5.5,,4.2,360,44,4844
102,백령도,2025-12-08 12:00,5,,4.7,340,48,4932
102,백령도,2025-12-08 13:00,5.5,,5.5,340,48,4618
102,백령도,2025-12-08 14:00,4.6,,4,340,51,4924
102,백령도,2025-12-08 15:00,4.9,,4.9,340,50,4547
102,백령도,2025-12-08 16:00,4.6,,3.8,320,52,4741
102,백령도,2025-12-08 17:00,3.6,,3,320,51,4968
102,백령도,2025-12-08 18:00,3.5,,2.3,320,53,4989
102,백령도,2025-12-08 19:00,3.5,,2.6,320,51,4982
102,백령도,2025-12-08 20:00,3.2,,1.7,270,54,4983
102,백령도,2025-12-08 21:00,3.3,,1.5,250,55,4957
102,백령도,2025-12-08 22:00,4,,2,250,51,4932
102,백령도,2025-12-08 23:00,3.5,,1.5,320,50,5000
102,백령도,2025-12-09 00:00,3.2,,1.7,270,54,4993
102,백령도,2025-12-09 01:00,4.1,,1.5,270,55,4953
102,백령도,2025-12-09 02:00,4.4,,2.5,290,51,4729
102,백령도,2025-12-09 03:00,5.2,,3.8,290,51,4759
102,백령도,2025-12-09 04:00,4.9,,2.3,270,55,4838
102,백령도,2025-12-09 05:00,4.7,,1.7,250,55,4917
102,백령도,2025-12-09 06:00,4.8,,1.5,250,58,4684
102,백령도,2025-12-09 07:00,4.7,,1.7,230,62,4272
102,백령도,2025-12-09 08:00,5.6,,2.4,250,58,4867
102,백령도,2025-12-09 09:00,6.6,,1.7,250,51,4804
102,백령도,2025-12-09 10:00,7.5,,2.8,270,45,4787
102,백령도,2025-12-09 11:00,8.1,,3.5,290,45,4645
102,백령도,2025-12-09 12:00,7.6,,3.5,290,52,4810
102,백령도,2025-12-09 13:00,7.5,,3.7,270,53,4581
102,백령도,2025-12-09 14:00,7.8,,3.2,270,51,4559
102,백령도,2025-12-09 15:00,7.8,,2.8,290,50,4093
102,백령도,2025-12-09 16:00,7.8,,2.6,270,51,4197
102,백령도,2025-12-09 17:00,7.1,,2.6,250,43,4873
102,백령도,2025-12-09 18:00,5.9,,1.5,250,44,4714
102,백령도,2025-12-09 19:00,6.1,,1.6,230,44,4837
102,백령도,2025-12-09 20:00,6.2,,1.1,230,46,4371
102,백령도,2025-12-09 21:00,6.2,,1.4,180,50,4800
102,백령도,2025-12-09 22:00,6.2,,1.4,200,54,4697
102,백령도,2025-12-09 23:00,5.9,,1,160,63,3906
102,백령도,2025-12-10 00:00,6.2,,1.5,160,68,3435
102,백령도,2025-12-10 01:00,6.3,,1,160,71,3021
102,백령도,2025-12-10 02:00,7.1,,.4,0,71,2318
102,백령도,2025-12-10 03:00,6.8,,.6,180,77,2100
102,백령도,2025-12-10 04:00,6.2,,1.6,110,86,1633
102,백령도,2025-12-10 05:00,6.6,,1,140,84,1521
102,백령도,2025-12-10 06:00,6.5,,1.1,180,80,1267
102,백령도,2025-12-10 07:00,7.2,,1.8,230,76,1044
102,백령도,2025-12-10 08:00,7.9,,1.7,200,81,864
102,백령도,2025-12-10 09:00,8.5,,1.1,200,82,799
102,백령도,2025-12-10 10:00,9.7,,1.7,160,81,1001
102,백령도,2025-12-10 11:00,10.5,,1.7,140,77,1132
102,백령도,2025-12-10 12:00,11.9,,3,230,64,2719
102,백령도,2025-12-10 13:00,12.4,,4.5,230,63,2708
102,백령도,2025-12-10 14:00,12.4,,3.7,230,62,2979
102,백령도,2025-12-10 15:00,11.4,,2.9,200,72,2697
102,백령도,2025-12-10 16:00,10.9,,3,200,76,2661
102,백령도,2025-12-10 17:00,10.7,,4.5,200,73,3042
102,백령도,2025-12-10 18:00,10.4,,5.5,200,76,3155
102,백령도,2025-12-10 19:00,10.2,,3.9,200,77,3282
102,백령도,2025-12-10 20:00,10.3,,4.1,200,74,2938
102,백령도,2025-12-10 21:00,10.4,,4.4,200,74,2915
102,백령도,2025-12-10 22:00,10.4,,4.2,200,75,2960
102,백령도,2025-12-10 23:00,10.1,,4.8,180,82,3432
102,백령도,2025-12-11 00:00,9.7,0,3.4,180,81,2186
102,백령도,2025-12-11 01:00,9.8,,3,180,80,2019
102,백령도,2025-12-11 02:00,9.3,,3.7,230,92,1059
102,백령도,2025-12-11 03:00,9.1,5.3,1.6,360,94,440
102,백령도,2025-12-11 04:00,8.8,,.3,0,95,990
102,백령도,2025-12-11 05:00,8.3,,6.8,360,88,424
102,백령도,2025-12-11 06:00,6.9,1.2,5.8,360,83,457
102,백령도,2025-12-11 07:00,6.3,,7.3,340,75,486
102,백령도,2025-12-11 08:00,5.1,,8.4,340,75,707
102,백령도,2025-12-11 09:00,4.6,,9.1,340,76,976
102,백령도,2025-12-11 10:00,4.1,,9,340,72,1317
102,백령도,2025-12-11 11:00,3.6,,9.9,340,64,2108
102,백령도,2025-12-11 12:00,3.2,,9.7,340,61,2632
102,백령도,2025-12-11 13:00,2.4,,9.9,360,54,3209
102,백령도,2025-12-11 14:00,2,,9.3,360,53,3553
102,백령도,2025-12-11 15:00,1.6,,10.3,360,44,4159
102,백령도,2025-12-11 16:00,.7,,9.5,340,50,3926
102,백령도,2025-12-11 17:00,.3,,9.5,340,55,3951
102,백령도,2025-12-11 18:00,-.3,,8.7,360,58,4233
102,백령도,2025-12-11 19:00,-.4,,6.3,360,54,3622
102,백령도,2025-12-11 20:00,-.6,,7,360,50,4309
102,백령도,2025-12-11 21:00,-.7,,3.6,360,46,4572
102,백령도,2025-12-11 22:00,-1.3,,3.9,360,47,4665
102,백령도,2025-12-11 23:00,-1.7,,4.2,360,50,4524
102,백령도,2025-12-12 00:00,-2,,4.2,360,52,4644
102,백령도,2025-12-12 01:00,-2.3,,2.5,20,54,4884
102,백령도,2025-12-12 02:00,-2.5,,2.5,20,56,4894
102,백령도,2025-12-12 03:00,-2.4,,3.9,360,56,4848
102,백령도,2025-12-12 04:00,-2.4,,5.3,360,56,4977
102,백령도,2025-12-12 05:00,-2.5,,2.9,20,60,4897
102,백령도,2025-12-12 06:00,-2.7,,3.2,20,60,4781
102,백령도,2025-12-12 07:00,-2.8,,2.1,20,52,4995
102,백령도,2025-12-12 08:00,-3.2,,1.4,70,51,4912
102,백령도,2025-12-12 09:00,-2.5,,3.3,20,38,4957
102,백령도,2025-12-12 10:00,-1.3,,1.4,50,36,5000
102,백령도,2025-12-12 11:00,.6,,2.8,50,27,4722
102,백령도,2025-12-12 12:00,.8,,2.4,70,30,4372
102,백령도,2025-12-12 13:00,1.3,,1.8,50,28,4495
102,백령도,2025-12-12 14:00,1.9,,2.4,360,28,4815
102,백령도,2025-12-12 15:00,2,,1.7,20,34,4680
102,백령도,2025-12-12 16:00,1.7,,1.5,20,38,4836
102,백령도,2025-12-12 17:00,1.6,,2.3,50,42,4845
102,백령도,2025-12-12 18:00,1.5,,2.7,50,43,4512
102,백령도,2025-12-12 19:00,1.5,,1.9,20,44,3713
102,백령도,2025-12-12 20:00,1.5,,3.3,50,45,4185
102,백령도,2025-12-12 21:00,1.7,,2.5,50,48,3481
102,백령도,2025-12-12 22:00,1.8,,2,70,52,3280
102,백령도,2025-12-12 23:00,2.2,,2.4,90,50,3823
102,백령도,2025-12-13 00:00,2.5,,2.1,90,58,3007
102,백령도,2025-12-13 01:00,2.1,,.4,0,61,3149
102,백령도,2025-12-13 02:00,2,,.6,290,62,3253
102,백령도,2025-12-13 03:00,2.1,,.3,0,64,3085
102,백령도,2025-12-13 04:00,2.1,,.8,290,65,2979
102,백령도,2025-12-13 05:00,3.3,,1.5,340,49,4016
102,백령도,2025-12-13 06:00,3.3,,1.9,320,55,3351
102,백령도,2025-12-13 07:00,3.2,,5,340,54,2960
102,백령도,2025-12-13 08:00,3,,4,360,60,2671
102,백령도,2025-12-13 09:00,3,0,3,70,63,2562
102,백령도,2025-12-13 10:00,4,,.6,360,55,3672
102,백령도,2025-12-13 11:00,4.1,,.8,320,55,3924
102,백령도,2025-12-13 12:00,3.3,0,2.1,320,63,2438
102,백령도,2025-12-13 13:00,2.5,,3.1,360,72,2169
102,백령도,2025-12-13 14:00,2.4,,4.3,360,79,3917
102,백령도,2025-12-13 15:00,1.7,.2,3.1,340,89,2037
102,백령도,2025-12-13 16:00,.9,,4,360,92,213
102,백령도,2025-12-13 17:00,1.2,,2.2,70,93,2070
102,백령도,2025-12-13 18:00,1.2,1.3,1.5,90,90,3202
102,백령도,2025-12-13 19:00,1.4,,.9,110,89,2409
102,백령도,2025-12-13 20:00,1.4,,1.4,140,91,1765
102,백령도,2025-12-13 21:00,1,.7,1.2,250,92,782
102,백령도,2025-12-13 22:00,1.8,,2.5,290,88,4938
102,백령도,2025-12-13 23:00,1.7,,4.3,320,93,1320
102,백령도,2025-12-14 00:00,1.1,2.2,3.8,360,93,1002
102,백령도,2025-12-14 01:00,1,,3,360,95,431
102,백령도,2025-12-14 02:00,2.3,,7.6,320,74,1861
102,백령도,2025-12-14 03:00,1.8,1.7,4.9,320,70,2810
102,백령도,2025-12-14 04:00,1.6,,5.5,320,69,2264
102,백령도,2025-12-14 05:00,1.7,,5.9,340,69,2785
102,백령도,2025-12-14 06:00,1.8,,5.5,320,70,2804
102,백령도,2025-12-14 07:00,1.9,,4.6,340,65,2755
102,백령도,2025-12-14 08:00,1.9,,5.4,340,62,2835
102,백령도,2025-12-14 09:00,1.8,,5.7,320,61,2684
102,백령도,2025-12-14 10:00,1.9,,6.1,320,61,2754
102,백령도,2025-12-14 11:00,2.6,,5.2,320,58,3123
102,백령도,2025-12-14 12:00,3.2,,6.2,320,53,4736
102,백령도,2025-12-14 13:00,3.6,,6.6,320,51,4266
102,백령도,2025-12-14 14:00,3.8,,6.9,320,51,3686
102,백령도,2025-12-14 15:00,3.4,,5.8,320,54,3947
102,백령도,2025-12-14 16:00,3,,4.3,320,57,3715
102,백령도,2025-12-14 17:00,3,,4.1,320,58,3764
102,백령도,2025-12-14 18:00,2.9,0,4.6,320,58,3704
102,백령도,2025-12-14 19:00,3.2,,4.8,320,50,4471
102,백령도,2025-12-14 20:00,2.9,,4.3,290,53,4378
102,백령도,2025-12-14 21:00,3.2,0,4.7,320,52,4344
102,백령도,2025-12-14 22:00,3.4,,3.8,320,52,4178
102,백령도,2025-12-14 23:00,3.6,,4.6,320,52,4164
102,백령도,2025-12-15 00:00,3.7,,3.3,320,54,4058
102,백령도,2025-12-15 01:00,3.7,,3.4,320,56,3830
102,백령도,2025-12-15 02:00,3.9,,2.7,290,55,3968
102,백령도,2025-12-15 03:00,3.8,,1.9,290,55,4235
102,백령도,2025-12-15 04:00,3.5,,.6,250,59,4027
102,백령도,2025-12-15 05:00,3.8,,1.4,270,58,3865
102,백령도,2025-12-15 06:00,3.5,,.9,200,62,3623
102,백령도,2025-12-15 07:00,4,,1.7,110,71,3104
102,백령도,2025-12-15 08:00,4,,1.9,110,78,2360
102,백령도,2025-12-15 09:00,4.2,0,1.4,110,80,1938
102,백령도,2025-12-15 10:00,5.4,,.8,140,71,1804
102,백령도,2025-12-15 11:00,7,,2.7,230,54,2079
102,백령도,2025-12-15 12:00,6.8,,3.7,230,55,2374
102,백령도,2025-12-15 13:00,7.5,,3.6,200,46,3087
102,백령도,2025-12-15 14:00,7.4,,2.5,230,47,3275
102,백령도,2025-12-15 15:00,6.7,,2.3,200,46,3637
102,백령도,2025-12-15 16:00,7,,3.1,180,50,2851
102,백령도,2025-12-15 17:00,6.5,,2.9,160,56,2838
102,백령도,2025-12-15 18:00,6.6,,3.3,160,62,2544
102,백령도,2025-12-15 19:00,7.2,,3.1,180,65,2434
102,백령도,2025-12-15 20:00,7.8,,4.6,160,67,2435
102,백령도,2025-12-15 21:00,7.7,,1.9,230,64,2352
102,백령도,2025-12-15 22:00,8.1,,2.3,230,64,2507
102,백령도,2025-12-15 23:00,8.3,,2.3,230,64,2534
102,백령도,2025-12-16 00:00,8.3,,2.2,250,67,2469
102,백령도,2025-12-16 01:00,8.4,,2.4,250,68,2318
102,백령도,2025-12-16 02:00,8.2,,2,270,70,2213
102,백령도,2025-12-16 03:00,8,,2.4,250,68,2420
102,백령도,2025-12-16 04:00,7.4,,1.6,270,71,2121
102,백령도,2025-12-16 05:00,7.4,,.9,270,72,2064
102,백령도,2025-12-16 06:00,5.9,,1.6,90,86,902
102,백령도,2025-12-16 07:00,5.1,,1.5,90,90,630
102,백령도,2025-12-16 08:00,4.8,,1.7,90,91,505
102,백령도,2025-12-16 09:00,5.6,,1.5,90,91,597
102,백령도,2025-12-16 10:00,7.5,,1.4,110,83,998
102,백령도,2025-12-16 11:00,8.6,,1.2,180,76,1111
102,백령도,2025-12-16 12:00,9.5,,1.5,110,70,1194
102,백령도,2025-12-16 13:00,8.3,,1.9,20,79,1092
102,백령도,2025-12-16 14:00,8.7,,1.6,360,73,1073
102,백령도,2025-12-16 15:00,8.6,,2.6,340,64,1214
102,백령도,2025-12-16 16:00,7.9,,3.5,340,65,1225
102,백령도,2025-12-16 17:00,7.1,,3.5,340,69,1277
102,백령도,2025-12-16 18:00,6.4,,3.4,340,72,1040
102,백령도,2025-12-16 19:00,6.2,,3.8,360,71,1278
102,백령도,2025-12-16 20:00,6.3,,3.6,340,67,1336
102,백령도,2025-12-16 21:00,6.5,,3.7,340,60,1403
102,백령도,2025-12-16 22:00,6.3,,3.1,340,62,1227
102,백령도,2025-12-16 23:00,6.4,,3.1,340,60,1152
102,백령도,2025-12-17 00:00,6.4,,3.7,340,58,1224
102,백령도,2025-12-17 01:00,6.5,,2.6,320,56,1293
102,백령도,2025-12-17 02:00,6.4,,4,340,63,848
102,백령도,2025-12-17 03:00,5.9,,3.7,340,59,939
102,백령도,2025-12-17 04:00,5.7,,4.4,340,63,1039
102,백령도,2025-12-17 05:00,5.6,,5.2,340,58,1072
102,백령도,2025-12-17 06:00,5.1,,4.7,340,61,995
102,백령도,2025-12-17 07:00,4.8,,5.4,340,64,949
102,백령도,2025-12-17 08:00,4.2,,5,340,63,1216
102,백령도,2025-12-17 09:00,4.2,,6,340,61,1490
102,백령도,2025-12-17 10:00,4.3,,5.9,340,55,1922
102,백령도,2025-12-17 11:00,4.6,,7.6,340,58,1984
102,백령도,2025-12-17 12:00,4.9,,8,340,56,3067
102,백령도,2025-12-17 13:00,4.9,,8.2,340,50,3997
102,백령도,2025-12-17 14:00,4.9,,7.5,340,49,4205
102,백령도,2025-12-17 15:00,5,,6.4,340,49,4541
102,백령도,2025-12-17 16:00,4.7,,6.8,340,52,4758
102,백령도,2025-12-17 17:00,4.4,,6.3,340,52,4903
102,백령도,2025-12-17 18:00,3.9,,4.7,360,53,4979
102,백령도,2025-12-17 19:00,4.1,,4.1,340,57,5000
102,백령도,2025-12-17 20:00,4,,4,340,55,4968
102,백령도,2025-12-17 21:00,3.9,,3.3,340,56,4586
102,백령도,2025-12-17 22:00,4.1,,3.4,340,54,4913
102,백령도,2025-12-17 23:00,3.4,,1.7,290,61,4936
102,백령도,2025-12-18 00:00,3.4,,1.5,270,62,4596
102,백령도,2025-12-18 01:00,3.2,,.8,250,62,4807
102,백령도,2025-12-18 02:00,2.9,,1.2,270,63,4109
102,백령도,2025-12-18 03:00,3,,1,250,65,3514
102,백령도,2025-12-18 04:00,3.2,,1.2,250,66,2975
102,백령도,2025-12-18 05:00,3,,1.1,250,65,3314
102,백령도,2025-12-18 06:00,3.2,,1.4,250,66,3761
102,백령도,2025-12-18 07:00,3.4,,.7,140,66,3259
102,백령도,2025-12-18 08:00,3.2,,.9,200,69,2982
102,백령도,2025-12-18 09:00,4.6,,.9,230,64,4297
102,백령도,2025-12-18 10:00,5.6,,1.1,200,62,4066
102,백령도,2025-12-18 11:00,6.8,,2.6,200,58,4109
102,백령도,2025-12-18 12:00,6.6,,3.3,200,58,2910
102,백령도,2025-12-18 13:00,7,,3.8,200,57,2168
102,백령도,2025-12-18 14:00,7.5,,3.4,180,57,2083
102,백령도,2025-12-18 15:00,7.3,,2.4,200,61,2070
102,백령도,2025-12-18 16:00,7.1,,3.5,160,63,2131
102,백령도,2025-12-18 17:00,7,,3.6,160,64,2167
102,백령도,2025-12-18 18:00,6.8,,3.4,160,65,2416
102,백령도,2025-12-18 19:00,7.1,,3.1,160,63,2835
102,백령도,2025-12-18 20:00,7.4,,4.6,160,64,3228
102,백령도,2025-12-18 21:00,7.4,,4.3,180,67,3423
102,백령도,2025-12-18 22:00,7.2,,6.2,180,65,3596
102,백령도,2025-12-18 23:00,7.2,,5.6,180,67,3941
102,백령도,2025-12-19 00:00,7.2,,4.4,180,69,3735
102,백령도,2025-12-19 01:00,7.3,,4.6,160,69,4713
102,백령도,2025-12-19 02:00,7.5,,4.3,160,66,4965
102,백령도,2025-12-19 03:00,7.4,,4.4,180,69,4934
102,백령도,2025-12-19 04:00,7.7,,5.8,180,69,4980
102,백령도,2025-12-19 05:00,7.6,,3.8,160,76,4220
102,백령도,2025-12-19 06:00,7.1,,5.1,140,79,2470
102,백령도,2025-12-19 07:00,7,,5.2,140,82,1335
102,백령도,2025-12-19 08:00,7.4,,5.2,140,81,1871
102,백령도,2025-12-19 09:00,7,,4.2,140,85,832
102,백령도,2025-12-19 10:00,7.2,,4.8,140,82,868
102,백령도,2025-12-19 11:00,7,,3.8,110,81,909
102,백령도,2025-12-19 12:00,7.2,,5.7,140,81,1091
102,백령도,2025-12-19 13:00,7.5,,5.7,140,80,1107
102,백령도,2025-12-19 14:00,8.7,,6.4,140,80,1282
102,백령도,2025-12-19 15:00,8.4,,6.1,140,85,970
102,백령도,2025-12-19 16:00,8.8,,5.6,160,86,1009
102,백령도,2025-12-19 17:00,9.1,,4.9,140,85,1209
102,백령도,2025-12-19 18:00,9,,4.5,140,87,955
102,백령도,2025-12-19 19:00,9.6,,5,160,87,1645
102,백령도,2025-12-19 20:00,10.3,,5.3,160,86,2513
102,백령도,2025-12-19 21:00,9.9,,2.9,140,89,1879
102,백령도,2025-12-19 22:00,9.7,,2.9,110,91,1881
102,백령도,2025-12-19 23:00,11.4,,3.4,180,89,2175
102,백령도,2025-12-20 00:00,11.7,,3.2,230,87,2619
102,백령도,2025-12-20 01:00,11.5,,2.6,230,90,2137
102,백령도,2025-12-20 02:00,11.2,,3.1,250,92,1103
102,백령도,2025-12-20 03:00,10.7,,1.8,270,93,690
102,백령도,2025-12-20 04:00,10.2,,2.2,290,94,537
102,백령도,2025-12-20 05:00,10.1,,3,320,94,539
102,백령도,2025-12-20 06:00,10.1,,3.1,320,91,451
102,백령도,2025-12-20 07:00,9.7,,3.9,320,89,424
102,백령도,2025-12-20 08:00,9.5,,4.7,320,84,358
102,백령도,2025-12-20 09:00,9.4,,4.4,340,82,369
102,백령도,2025-12-20 10:00,7.9,,7.6,360,79,555
102,백령도,2025-12-20 11:00,8,,6.4,360,62,1373
102,백령도,2025-12-20 12:00,7.7,,9.6,340,57,2397
102,백령도,2025-12-20 13:00,6.6,,10.1,340,45,4636
102,백령도,2025-12-20 14:00,5.9,,9.4,340,51,4294
102,백령도,2025-12-20 15:00,5.4,,8.5,340,51,4488
102,백령도,2025-12-20 16:00,4.4,,7.2,340,51,4241
102,백령도,2025-12-20 17:00,3.9,,7.3,340,49,4868
102,백령도,2025-12-20 18:00,3.7,,5.7,340,49,4776
102,백령도,2025-12-20 19:00,3.5,,4.7,340,47,4841
102,백령도,2025-12-20 20:00,3.5,,4.9,320,47,4832
102,백령도,2025-12-20 21:00,3.3,,6,340,47,4509
102,백령도,2025-12-20 22:00,2.8,,4.9,340,48,3949
102,백령도,2025-12-20 23:00,2.7,,6.3,340,49,3390
102,백령도,2025-12-21 00:00,2.2,,7.2,340,46,3182
102,백령도,2025-12-21 01:00,1.7,,8,340,43,4065
102,백령도,2025-12-21 02:00,1.1,,9.3,340,40,4648
102,백령도,2025-12-21 03:00,.8,,7.6,340,44,4493
102,백령도,2025-12-21 04:00,.7,,6.8,340,43,4813
102,백령도,2025-12-21 05:00,.4,,7.1,340,50,4171
102,백령도,2025-12-21 06:00,-.1,,6.7,340,49,4211
102,백령도,2025-12-21 07:00,-.1,,6.4,340,48,4484
102,백령도,2025-12-21 08:00,-.3,,6.7,340,50,4534
102,백령도,2025-12-21 09:00,-.3,,6,340,51,4270
102,백령도,2025-12-21 10:00,0,,6.8,340,55,4589
102,백령도,2025-12-21 11:00,0,,5.7,360,56,4664
102,백령도,2025-12-21 12:00,-.1,,5.9,340,53,4735
102,백령도,2025-12-21 13:00,-.1,,4.8,360,55,4431
102,백령도,2025-12-21 14:00,.1,,4.2,360,56,4874
102,백령도,2025-12-21 15:00,0,,3.8,360,53,4467
102,백령도,2025-12-21 16:00,-.6,,4.9,360,55,4890
102,백령도,2025-12-21 17:00,-.7,,4.4,340,52,4959
102,백령도,2025-12-21 18:00,-.6,,3.8,360,55,4845
102,백령도,2025-12-21 19:00,-.5,,3.9,340,51,4997
102,백령도,2025-12-21 20:00,-.2,,3.9,340,55,4858
102,백령도,2025-12-21 21:00,-.2,,3.6,360,55,4619
102,백령도,2025-12-21 22:00,-.3,,3.6,340,55,4609
102,백령도,2025-12-21 23:00,-.3,,3,360,55,4286
102,백령도,2025-12-22 00:00,-.6,,1,20,59,4332
102,백령도,2025-12-22 01:00,-1.2,,2.1,70,59,4879
102,백령도,2025-12-22 02:00,-1.5,,1.1,50,59,4868
102,백령도,2025-12-22 03:00,-1.5,,1.8,50,58,4793
102,백령도,2025-12-22 04:00,-1.6,,1.2,50,59,4836
102,백령도,2025-12-22 05:00,-1.6,,1.1,70,58,4955
102,백령도,2025-12-22 06:00,-1.5,,1.7,70,59,4944
102,백령도,2025-12-22 07:00,-1.7,,.8,50,60,4800
102,백령도,2025-12-22 08:00,-1.8,,1.1,70,63,4803
102,백령도,2025-12-22 09:00,-.6,,1.8,140,68,4094
102,백령도,2025-12-22 10:00,0,,2.3,110,61,4173
102,백령도,2025-12-22 11:00,1.1,,2.1,140,58,3858
102,백령도,2025-12-22 12:00,1.5,,1.4,110,55,4568
102,백령도,2025-12-22 13:00,1.6,,1.6,110,58,4458
102,백령도,2025-12-22 14:00,2.1,,2.3,110,55,4479
102,백령도,2025-12-22 15:00,2,,1.1,90,57,3919
102,백령도,2025-12-22 16:00,1.4,,1.9,110,58,4488
102,백령도,2025-12-22 17:00,.9,,1.1,110,59,4258
102,백령도,2025-12-22 18:00,-.1,,.6,180,63,2523
102,백령도,2025-12-22 19:00,-.2,,.5,160,52,3237
102,백령도,2025-12-22 20:00,-.6,,.6,140,54,4197
102,백령도,2025-12-22 21:00,-.3,,.9,160,63,4448
102,백령도,2025-12-22 22:00,-.2,,.2,0,63,4644
102,백령도,2025-12-22 23:00,.8,,1.6,140,59,4426
102,백령도,2025-12-23 00:00,.8,,2.1,140,56,3682
102,백령도,2025-12-23 01:00,1.8,,2.2,140,57,3701
102,백령도,2025-12-23 02:00,2,,2.5,110,57,3430
102,백령도,2025-12-23 03:00,2.1,,3.3,110,55,3386
102,백령도,2025-12-23 04:00,2.3,,2.5,110,56,3117
102,백령도,2025-12-23 05:00,2.6,,2.9,110,59,3098
102,백령도,2025-12-23 06:00,3,,2.3,110,60,3677
102,백령도,2025-12-23 07:00,3.2,,2.4,110,62,3447
102,백령도,2025-12-23 08:00,3.2,,1.9,90,62,3148
102,백령도,2025-12-23 09:00,3.5,,2.2,90,65,2502
102,백령도,2025-12-23 10:00,2.9,,2.2,110,80,812
102,백령도,2025-12-23 11:00,2.9,,1.2,110,91,587
102,백령도,2025-12-23 12:00,2.6,4.6,2.7,90,93,318
102,백령도,2025-12-23 13:00,3.2,,1.9,110,95,332
102,백령도,2025-12-23 14:00,3.8,,.9,110,95,479
102,백령도,2025-12-23 15:00,4.2,4.4,.2,0,95,596
102,백령도,2025-12-23 16:00,4.6,,.4,0,94,802
102,백령도,2025-12-23 17:00,4.6,,.3,0,95,1925
102,백령도,2025-12-23 18:00,4.8,1,.6,180,94,1193
102,백령도,2025-12-23 19:00,4.8,,.6,110,95,433
102,백령도,2025-12-23 20:00,5.2,,1,20,95,762
102,백령도,2025-12-23 21:00,5.2,1.1,1.6,360,93,1955
102,백령도,2025-12-23 22:00,5.9,,4.9,340,76,3198
102,백령도,2025-12-23 23:00,5.1,,4.7,360,81,2056
102,백령도,2025-12-24 00:00,4.4,,4.9,360,75,2027
102,백령도,2025-12-24 01:00,4,,4.9,360,75,2753
102,백령도,2025-12-24 02:00,3.8,,5.4,360,71,2746
102,백령도,2025-12-24 03:00,4,,5.4,360,67,1865
102,백령도,2025-12-24 04:00,3.7,,5.3,360,71,1469
102,백령도,2025-12-24 05:00,3.3,,5.6,360,69,1566
102,백령도,2025-12-24 06:00,2.8,,5.6,360,70,1850
102,백령도,2025-12-24 07:00,2.7,,5.2,340,67,2172
102,백령도,2025-12-24 08:00,2.8,,5.2,360,67,2380
102,백령도,2025-12-24 09:00,2.8,,5,360,67,2845
102,백령도,2025-12-24 10:00,2.8,,5.1,360,65,4094
102,백령도,2025-12-24 11:00,3,,5.4,360,66,4329
102,백령도,2025-12-24 12:00,3.9,,7.3,340,57,4430
102,백령도,2025-12-24 13:00,3.7,,6.8,340,54,4212
102,백령도,2025-12-24 14:00,3.3,,7.2,340,56,4183
102,백령도,2025-12-24 15:00,3.2,,7.2,340,54,3831
102,백령도,2025-12-24 16:00,3,,7.1,340,52,3969
102,백령도,2025-12-24 17:00,2.6,,6.1,340,53,4191
102,백령도,2025-12-24 18:00,2.3,,5.5,340,60,4663
102,백령도,2025-12-24 19:00,2.4,,6.6,340,57,4126
102,백령도,2025-12-24 20:00,2.6,,6.4,360,56,4363
102,백령도,2025-12-24 21:00,2.7,,6.6,340,51,4690
102,백령도,2025-12-24 22:00,2.8,,6.8,340,50,4789
102,백령도,2025-12-24 23:00,2.8,,6.8,360,50,4896
102,백령도,2025-12-25 00:00,2.8,,7.1,340,51,4881
102,백령도,2025-12-25 01:00,2.6,,6.5,360,50,4796
102,백령도,2025-12-25 02:00,2.5,,7,340,50,4832
102,백령도,2025-12-25 03:00,2.1,,6.6,340,53,4795
102,백령도,2025-12-25 04:00,1.7,,8.6,340,50,4852
102,백령도,2025-12-25 05:00,1,,8.5,340,52,4378
102,백령도,2025-12-25 06:00,.4,,6.4,340,54,4694
102,백령도,2025-12-25 07:00,0,,6,340,56,4361
102,백령도,2025-12-25 08:00,-.6,,7,340,56,4015
102,백령도,2025-12-25 09:00,-1.1,,8.2,340,55,3591
102,백령도,2025-12-25 10:00,-1.8,,7.9,340,52,3346
102,백령도,2025-12-25 11:00,-2,,7.8,340,51,4037
102,백령도,2025-12-25 12:00,-2.4,0,6.8,340,58,3200
102,백령도,2025-12-25 13:00,-4,,8.1,340,64,1008
102,백령도,2025-12-25 14:00,-3.8,,8.2,340,56,4384
102,백령도,2025-12-25 15:00,-4,0,7.4,340,48,4288
102,백령도,2025-12-25 16:00,-4.3,,7.5,340,51,4612
102,백령도,2025-12-25 17:00,-4.4,,7.9,340,58,3582
102,백령도,2025-12-25 18:00,-4.6,0,8.9,340,61,2985
102,백령도,2025-12-25 19:00,-4.6,,9.7,340,48,4828
102,백령도,2025-12-25 20:00,-4.8,,10.1,340,50,4274
102,백령도,2025-12-25 21:00,-5,0,11.4,340,55,3204
102,백령도,2025-12-25 22:00,-5,,10.4,360,59,2801
102,백령도,2025-12-25 23:00,-4.9,,10.3,340,58,3043
102,백령도,2025-12-26 00:00,-4.8,0,9.9,340,54,3582
102,백령도,2025-12-26 01:00,-5,,9.3,340,53,3930
102,백령도,2025-12-26 02:00,-5,,9,340,58,3627
102,백령도,2025-12-26 03:00,-5,0,8.3,340,55,4166
102,백령도,2025-12-26 04:00,-5.1,,7.9,340,56,4712
102,백령도,2025-12-26 05:00,-5.1,,7.8,360,56,4144
102,백령도,2025-12-26 06:00,-5.3,0,7.7,360,55,4644
102,백령도,2025-12-26 07:00,-5.6,,6.5,360,55,4678
102,백령도,2025-12-26 08:00,-5.3,,5.5,360,58,4576
102,백령도,2025-12-26 09:00,-5.3,0,4.4,360,54,4871
102,백령도,2025-12-26 10:00,-4.7,,4.4,360,52,4426
102,백령도,2025-12-26 11:00,-4.1,,4.3,360,52,4733
102,백령도,2025-12-26 12:00,-3.9,,5,340,51,4588
102,백령도,2025-12-26 13:00,-3.4,,5.6,360,55,4619
102,백령도,2025-12-26 14:00,-3.2,,5.4,340,53,4728
102,백령도,2025-12-26 15:00,-3.5,,5.1,360,56,4374
102,백령도,2025-12-26 16:00,-3.5,,3.9,340,55,4792
102,백령도,2025-12-26 17:00,-3.9,,3.4,360,59,4730
102,백령도,2025-12-26 18:00,-3.8,,2.6,340,59,4900
102,백령도,2025-12-26 19:00,-3.5,,2.6,360,59,4324
102,백령도,2025-12-26 20:00,-3.7,,1.2,50,65,4438
102,백령도,2025-12-26 21:00,-3.6,0,.7,110,68,4674
102,백령도,2025-12-26 22:00,-3.6,,.7,90,69,4608
102,백령도,2025-12-26 23:00,-3.5,,.9,140,72,4410
102,백령도,2025-12-27 00:00,-2.6,,.8,140,72,4467
102,백령도,2025-12-27 01:00,-2.1,,2.1,110,76,4172
102,백령도,2025-12-27 02:00,-2.5,,2.4,110,76,3046
102,백령도,2025-12-27 03:00,-2.6,0,2.8,110,75,3752
102,백령도,2025-12-27 04:00,-2.2,,3.3,110,76,3350
102,백령도,2025-12-27 05:00,-.6,,4,160,77,3994
102,백령도,2025-12-27 06:00,.3,0,3.2,140,83,3072
102,백령도,2025-12-27 07:00,-.3,,3.6,140,92,166
102,백령도,2025-12-27 08:00,0,,2.8,110,91,1764
102,백령도,2025-12-27 09:00,-.1,.5,3,110,90,1902
102,백령도,2025-12-27 10:00,1.1,,3.5,110,89,2209
102,백령도,2025-12-27 11:00,1.1,,3.5,110,91,1425
102,백령도,2025-12-27 12:00,2,0,2.9,110,84,1955
102,백령도,2025-12-27 13:00,2.2,,3.6,110,80,2075
102,백령도,2025-12-27 14:00,3.5,,3,110,79,1886
102,백령도,2025-12-27 15:00,3.7,,3.3,110,78,1847
102,백령도,2025-12-27 16:00,3.4,,2.7,110,81,1787
102,백령도,2025-12-27 17:00,3.2,,2.1,140,83,1551
102,백령도,2025-12-27 18:00,3.2,,1.2,180,84,1380
102,백령도,2025-12-27 19:00,3.4,,.9,180,81,1388
102,백령도,2025-12-27 20:00,3.9,,1.5,230,68,1315
102,백령도,2025-12-27 21:00,4.8,,1.7,250,63,1112
102,백령도,2025-12-27 22:00,5.1,,2.2,250,66,968
102,백령도,2025-12-27 23:00,2.8,,3.1,90,85,990
102,백령도,2025-12-28 00:00,2.5,0,2.8,90,87,841
102,백령도,2025-12-28 01:00,2.7,,2.5,90,87,773
102,백령도,2025-12-28 02:00,2.3,,2.5,90,88,670
102,백령도,2025-12-28 03:00,2.2,0,2.4,90,90,571
102,백령도,2025-12-28 04:00,2.1,,2.1,110,90,518
102,백령도,2025-12-28 05:00,2.3,,2,90,92,365
102,백령도,2025-12-28 06:00,2.3,,2.3,90,92,429
102,백령도,2025-12-28 07:00,2.3,,2.4,110,90,494
102,백령도,2025-12-28 08:00,2.5,,2.2,90,92,424
102,백령도,2025-12-28 09:00,3.7,,1.7,90,87,646
102,백령도,2025-12-28 10:00,6.1,,1.5,250,66,1663
102,백령도,2025-12-28 11:00,7.4,,2.7,250,60,2315
102,백령도,2025-12-28 12:00,7,,2.3,200,65,2355
102,백령도,2025-12-28 13:00,4.7,,2.9,140,88,632
102,백령도,2025-12-28 14:00,4.9,,2.5,140,92,281
102,백령도,2025-12-28 15:00,5.7,1.4,2.7,140,91,375
102,백령도,2025-12-28 16:00,6.4,,.9,160,88,791
102,백령도,2025-12-28 17:00,7,,2.1,200,73,1787
102,백령도,2025-12-28 18:00,6.8,0,1.7,230,69,2076
102,백령도,2025-12-28 19:00,6.9,,1.7,200,71,2063
102,백령도,2025-12-28 20:00,7.3,,2.7,230,73,1559
102,백령도,2025-12-28 21:00,7.4,,2.2,230,73,1210
102,백령도,2025-12-28 22:00,7.7,,2.2,230,71,1133
102,백령도,2025-12-28 23:00,7.9,,2.9,230,70,1184
102,백령도,2025-12-29 00:00,7.8,,3.9,250,72,1126
102,백령도,2025-12-29 01:00,8,,3.8,250,72,881
102,백령도,2025-12-29 02:00,8.2,,4.5,250,74,885
102,백령도,2025-12-29 03:00,7.5,,3.9,270,71,717
102,백령도,2025-12-29 04:00,6.8,,2.6,290,76,572
102,백령도,2025-12-29 05:00,7.2,,3.4,290,78,494
102,백령도,2025-12-29 06:00,7.2,,3.5,320,72,541
102,백령도,2025-12-29 07:00,7.1,,3.8,320,73,485
102,백령도,2025-12-29 08:00,6.6,,3.2,320,73,425
102,백령도,2025-12-29 09:00,6.4,,2.8,320,69,462
102,백령도,2025-12-29 10:00,6.6,,3.9,340,66,526
102,백령도,2025-12-29 11:00,6.2,,5,340,67,468
102,백령도,2025-12-29 12:00,6,,6.3,340,66,476
102,백령도,2025-12-29 13:00,5.6,,6.2,340,66,696
102,백령도,2025-12-29 14:00,4.9,,6.2,340,63,2018
102,백령도,2025-12-29 15:00,4.4,,6.6,340,59,3878
102,백령도,2025-12-29 16:00,4.1,,5.5,340,57,4481
102,백령도,2025-12-29 17:00,3.6,,6.3,340,48,4879
102,백령도,2025-12-29 18:00,3.3,,6.2,340,46,5000
102,백령도,2025-12-29 19:00,3.2,,6.7,340,42,5000
102,백령도,2025-12-29 20:00,2.8,,6,340,43,5000
102,백령도,2025-12-29 21:00,2.6,,5.1,360,44,5000
102,백령도,2025-12-29 22:00,2.4,,5.3,360,46,5000
102,백령도,2025-12-29 23:00,2.5,,5.2,360,43,4942
102,백령도,2025-12-30 00:00,2,,3.8,360,42,5000
102,백령도,2025-12-30 01:00,1.6,,3.8,360,40,4954
102,백령도,2025-12-30 02:00,1.3,,3,20,37,5000
102,백령도,2025-12-30 03:00,.6,,2.5,50,42,5000
102,백령도,2025-12-30 04:00,.3,,2.4,50,41,4999
102,백령도,2025-12-30 05:00,0,,1.8,50,44,4996
102,백령도,2025-12-30 06:00,0,,3.1,50,43,4981
102,백령도,2025-12-30 07:00,-.5,,2.6,50,45,4996
102,백령도,2025-12-30 08:00,-.8,,2.3,70,42,4998
102,백령도,2025-12-30 09:00,.1,,2.5,70,42,4885
102,백령도,2025-12-30 10:00,1,,2.2,70,42,4876
102,백령도,2025-12-30 11:00,1.1,,2.1,90,42,4764
102,백령도,2025-12-30 12:00,1,,1.7,90,45,4535
102,백령도,2025-12-30 13:00,.7,,2.7,360,51,4495
102,백령도,2025-12-30 14:00,1,,.9,90,51,4657
102,백령도,2025-12-30 15:00,1.1,,1.4,340,53,4486
102,백령도,2025-12-30 16:00,.5,,1.7,360,65,4352
102,백령도,2025-12-30 17:00,-.3,,1.8,360,72,2715
102,백령도,2025-12-30 18:00,-.2,0,2,360,66,3239
102,백령도,2025-12-30 19:00,0,,3.2,360,65,4911
102,백령도,2025-12-30 20:00,-.1,,2.5,360,62,4825
102,백령도,2025-12-30 21:00,-.5,0,4.4,340,60,4258
102,백령도,2025-12-30 22:00,0,,5.4,360,51,4895
102,백령도,2025-12-30 23:00,-.5,,5.8,360,46,4891
102,백령도,2025-12-31 00:00,-1.1,0,6.5,340,40,4973
