지점,지점명,일시,기온(°C),강수량(mm),풍속(m/s),풍향(16방위),습도(%),시정(10m)
102,백령도,2024-01-01 01:00,1.3,,2.1,340,79,469
102,백령도,2024-01-01 02:00,.6,,2.4,320,82,433
102,백령도,2024-01-01 03:00,1.5,,1.7,20,78,495
102,백령도,2024-01-01 04:00,.6,,1.4,140,84,435
102,백령도,2024-01-01 05:00,.7,,1.3,140,84,441
102,백령도,2024-01-01 06:00,1.1,,1,110,82,507
102,백령도,2024-01-01 07:00,.8,,2.1,140,84,457
102,백령도,2024-01-01 08:00,1.4,,2.2,110,89,333
102,백령도,2024-01-01 09:00,2.1,,2.3,140,89,343
102,백령도,2024-01-01 10:00,3,,2.3,140,81,504
102,백령도,2024-01-01 11:00,3.3,,2.2,160,81,510
102,백령도,2024-01-01 12:00,3.7,,.8,270,78,568
102,백령도,2024-01-01 13:00,4.1,,2.1,230,66,833
102,백령도,2024-01-01 14:00,3.9,,3.1,230,67,943
102,백령도,2024-01-01 15:00,3.5,,3.7,250,68,1065
102,백령도,2024-01-01 16:00,3.3,,3.1,250,68,1135
102,백령도,2024-01-01 17:00,3.2,,2.3,250,68,1230
102,백령도,2024-01-01 18:00,3.2,,3,270,68,1188
102,백령도,2024-01-01 19:00,2.9,,2.4,250,69,1219
102,백령도,2024-01-01 20:00,2.7,,2.8,270,69,1262
102,백령도,2024-01-01 21:00,2.4,,1.7,270,70,1342
102,백령도,2024-01-01 22:00,2.3,,2.5,250,71,1539
102,백령도,2024-01-01 23:00,2.2,,1.8,250,71,1572
102,백령도,2024-01-02 00:00,2.3,,2.4,270,68,1642
102,백령도,2024-01-02 01:00,2.2,,2.5,270,71,1590
102,백령도,2024-01-02 02:00,2.1,,2.6,270,67,2218
102,백령도,2024-01-02 03:00,1.9,,1,200,68,2127
102,백령도,2024-01-02 04:00,2,,1.7,200,71,2232
102,백령도,2024-01-02 05:00,2.7,,2.6,290,69,4154
102,백령도,2024-01-02 06:00,2.7,,2,270,65,4126
102,백령도,2024-01-02 07:00,2.7,,1.2,250,66,3834
102,백령도,2024-01-02 08:00,3,,2.6,250,64,3682
102,백령도,2024-01-02 09:00,3.2,,2.6,230,67,3218
102,백령도,2024-01-02 10:00,4.2,,3.2,250,61,3209
102,백령도,2024-01-02 11:00,4.5,,4.2,290,56,3166
102,백령도,2024-01-02 12:00,4.3,,3.6,270,61,2391
102,백령도,2024-01-02 13:00,4.3,,3,290,62,1995
102,백령도,2024-01-02 14:00,4.7,,3.4,270,61,1739
102,백령도,2024-01-02 15:00,4.1,,3.2,270,64,1516
102,백령도,2024-01-02 16:00,3.7,,2.4,320,78,1050
102,백령도,2024-01-02 17:00,3.7,,1.7,320,76,1173
102,백령도,2024-01-02 18:00,3.5,,.5,200,78,1000
102,백령도,2024-01-02 19:00,3.4,,.1,0,81,733
102,백령도,2024-01-02 20:00,3.3,,1,90,83,1031
102,백령도,2024-01-02 21:00,3.3,,.7,110,82,1114
102,백령도,2024-01-02 22:00,3.4,,.9,70,83,1087
102,백령도,2024-01-02 23:00,3.3,,.3,0,81,987
102,백령도,2024-01-03 00:00,3.3,,1,110,80,941
102,백령도,2024-01-03 01:00,4,,2.2,290,72,532
102,백령도,2024-01-03 02:00,3.6,,1.4,110,84,824
102,백령도,2024-01-03 03:00,3.3,0,.5,90,85,734
102,백령도,2024-01-03 04:00,3.4,,1.1,340,85,722
102,백령도,2024-01-03 05:00,4.3,,3.1,290,69,527
102,백령도,2024-01-03 06:00,4.5,,3.6,290,64,630
102,백령도,2024-01-03 07:00,3.8,,3.6,290,73,572
102,백령도,2024-01-03 08:00,3.6,,4.7,290,66,614
102,백령도,2024-01-03 09:00,3.8,,3,320,63,834
102,백령도,2024-01-03 10:00,4.7,,2.9,320,61,940
102,백령도,2024-01-03 11:00,4,,3.1,360,79,751
102,백령도,2024-01-03 12:00,2.6,,3.4,360,81,736
102,백령도,2024-01-03 13:00,3.5,,5.6,360,70,984
102,백령도,2024-01-03 14:00,3.1,,6.1,360,64,1236
102,백령도,2024-01-03 15:00,3.2,,5.4,360,62,1411
102,백령도,2024-01-03 16:00,3.2,,5.7,340,58,1587
102,백령도,2024-01-03 17:00,2.9,,4.4,340,60,1515
102,백령도,2024-01-03 18:00,2.5,,4.3,320,61,1602
102,백령도,2024-01-03 19:00,2.4,,4.2,320,64,1592
102,백령도,2024-01-03 20:00,2.4,,4.3,320,65,1482
102,백령도,2024-01-03 21:00,2.3,,4.6,320,66,1100
102,백령도,2024-01-03 22:00,2.2,,2.8,290,66,1215
102,백령도,2024-01-03 23:00,1.9,,2.2,270,67,1081
102,백령도,2024-01-04 00:00,2.1,,2,270,66,1057
102,백령도,2024-01-04 01:00,2,,2.6,270,63,1076
102,백령도,2024-01-04 02:00,1.8,,1.6,250,65,1012
102,백령도,2024-01-04 03:00,1.5,,2,270,68,968
102,백령도,2024-01-04 04:00,1.6,,1.4,230,69,834
102,백령도,2024-01-04 05:00,1.4,,1.4,250,71,836
102,백령도,2024-01-04 06:00,2.5,,2.5,250,66,978
102,백령도,2024-01-04 07:00,2.2,,1.8,200,69,1621
102,백령도,2024-01-04 08:00,2.6,,1.9,230,69,3146
102,백령도,2024-01-04 09:00,3.3,,3.5,200,67,2855
102,백령도,2024-01-04 10:00,4.1,,3.8,200,62,1709
102,백령도,2024-01-04 11:00,5.4,,5.4,200,61,1063
102,백령도,2024-01-04 12:00,6.5,,4.9,200,45,1858
102,백령도,2024-01-04 13:00,6.7,,6.2,200,55,1044
102,백령도,2024-01-04 14:00,7,,6.7,200,54,1313
102,백령도,2024-01-04 15:00,7,,6.6,200,58,744
102,백령도,2024-01-04 16:00,6.9,,6,200,60,579
102,백령도,2024-01-04 17:00,6.6,,6.1,200,62,615
102,백령도,2024-01-04 18:00,6.4,,6.6,200,65,674
102,백령도,2024-01-04 19:00,6.6,,6.7,200,65,820
102,백령도,2024-01-04 20:00,6.5,,4.1,200,69,965
102,백령도,2024-01-04 21:00,6.9,,5.5,230,66,1179
102,백령도,2024-01-04 22:00,7.1,,5,250,68,1145
102,백령도,2024-01-04 23:00,7.1,,4.6,250,70,1095
102,백령도,2024-01-05 00:00,6.5,,6.1,250,77,703
102,백령도,2024-01-05 01:00,6.5,,5.8,250,83,452
102,백령도,2024-01-05 02:00,6.3,,5,250,79,471
102,백령도,2024-01-05 03:00,6,,4.3,270,78,455
102,백령도,2024-01-05 04:00,5.7,,3.5,290,76,438
102,백령도,2024-01-05 05:00,5.9,,5.1,320,76,377
102,백령도,2024-01-05 06:00,5.5,,5.6,320,72,373
102,백령도,2024-01-05 07:00,4.8,,3.6,340,73,324
102,백령도,2024-01-05 08:00,4.8,,5.5,340,73,364
102,백령도,2024-01-05 09:00,4,,6.3,360,77,419
102,백령도,2024-01-05 10:00,4.2,,5.1,360,64,821
102,백령도,2024-01-05 11:00,4.4,,4.7,360,62,907
102,백령도,2024-01-05 12:00,4.7,,4.6,360,60,1171
102,백령도,2024-01-05 13:00,5.1,,4.5,360,54,1821
102,백령도,2024-01-05 14:00,4.7,,5,360,54,2281
102,백령도,2024-01-05 15:00,4,,5.3,340,56,3693
102,백령도,2024-01-05 16:00,3.4,,5.3,340,59,2933
102,백령도,2024-01-05 17:00,2.6,,5.3,340,61,4005
102,백령도,2024-01-05 18:00,1.8,,5.1,340,64,4933
102,백령도,2024-01-05 19:00,1.6,,4,340,67,4806
102,백령도,2024-01-05 20:00,1.9,,5.2,340,63,4933
102,백령도,2024-01-05 21:00,2,,6.1,340,56,4991
102,백령도,2024-01-05 22:00,2.1,,6.2,340,54,4998
102,백령도,2024-01-05 23:00,2.1,,5.3,340,53,5000
102,백령도,2024-01-06 00:00,2.2,,5.8,340,52,5000
102,백령도,2024-01-06 01:00,2.1,,3.8,340,55,4989
102,백령도,2024-01-06 02:00,2,,3.7,320,59,4967
102,백령도,2024-01-06 03:00,2.6,,5.5,320,50,4999
102,백령도,2024-01-06 04:00,2.7,,6,340,51,4777
102,백령도,2024-01-06 05:00,2.4,,4.6,340,56,4054
102,백령도,2024-01-06 06:00,2.3,,5.3,340,59,3222
102,백령도,2024-01-06 07:00,2.3,,5,320,59,2887
102,백령도,2024-01-06 08:00,2.3,,4.4,340,61,2781
102,백령도,2024-01-06 09:00,2.7,,2.9,320,60,2841
102,백령도,2024-01-06 10:00,3.4,,2.9,340,58,3396
102,백령도,2024-01-06 11:00,3.8,,3.7,320,54,3124
102,백령도,2024-01-06 12:00,4.3,,1.8,320,54,3414
102,백령도,2024-01-06 13:00,4.5,,2.2,270,52,3415
102,백령도,2024-01-06 14:00,4.3,,7.1,290,53,3301
102,백령도,2024-01-06 15:00,1.8,0,8.6,250,88,1138
102,백령도,2024-01-06 16:00,3.5,,6.7,290,73,1362
102,백령도,2024-01-06 17:00,3.1,,5.7,360,73,2051
102,백령도,2024-01-06 18:00,.2,0,9.4,340,89,179
102,백령도,2024-01-06 19:00,1.1,,6.8,360,68,3119
102,백령도,2024-01-06 20:00,1.4,,7,360,60,3954
102,백령도,2024-01-06 21:00,1.4,.4,6.5,340,55,3672
102,백령도,2024-01-06 22:00,1.1,,6.6,320,45,4336
102,백령도,2024-01-06 23:00,1,,8.7,340,64,1831
102,백령도,2024-01-07 00:00,.2,0,9.1,340,64,1999
102,백령도,2024-01-07 01:00,-.4,,10.8,340,58,2911
102,백령도,2024-01-07 02:00,-.9,,8.6,360,54,3498
102,백령도,2024-01-07 03:00,-.8,,9.6,360,48,4343
102,백령도,2024-01-07 04:00,-1.2,,8.5,360,52,4405
102,백령도,2024-01-07 05:00,-1.5,,9.1,340,54,4261
102,백령도,2024-01-07 06:00,-1.6,,10.8,340,51,4128
102,백령도,2024-01-07 07:00,-1.6,,8.2,340,53,3995
102,백령도,2024-01-07 08:00,-2.4,,9,360,60,3604
102,백령도,2024-01-07 09:00,-2.9,0,7.7,360,59,3877
102,백령도,2024-01-07 10:00,-3.4,,8.1,360,63,2404
102,백령도,2024-01-07 11:00,-3.2,,9.2,340,59,4704
102,백령도,2024-01-07 12:00,-3.1,0,9,340,54,4590
102,백령도,2024-01-07 13:00,-2.9,,9.2,360,51,4843
102,백령도,2024-01-07 14:00,-3.3,,8.9,340,51,4202
102,백령도,2024-01-07 15:00,-3.8,,8.8,360,62,4719
102,백령도,2024-01-07 16:00,-4.2,,9.5,340,57,4665
102,백령도,2024-01-07 17:00,-4.2,,9.1,340,58,4719
102,백령도,2024-01-07 18:00,-4.2,,8.6,360,63,4666
102,백령도,2024-01-07 19:00,-4,,7.7,360,60,4675
102,백령도,2024-01-07 20:00,-4,,6.8,360,57,4781
102,백령도,2024-01-07 21:00,-4,,5.5,360,57,4973
102,백령도,2024-01-07 22:00,-4,,5,360,55,4917
102,백령도,2024-01-07 23:00,-4.3,,3.9,360,53,4928
102,백령도,2024-01-08 00:00,-4.2,,4.3,360,54,4978
102,백령도,2024-01-08 01:00,-4.7,,2.2,20,56,4908
102,백령도,2024-01-08 02:00,-5.5,,2.1,90,62,4988
102,백령도,2024-01-08 03:00,-5.4,,1.4,70,64,4914
102,백령도,2024-01-08 04:00,-5.3,,1.5,70,67,4887
102,백령도,2024-01-08 05:00,-5.6,,1.6,90,71,4816
102,백령도,2024-01-08 06:00,-5.1,,1.1,140,72,4310
102,백령도,2024-01-08 07:00,-4.7,,1.4,140,72,4147
102,백령도,2024-01-08 08:00,-4.2,,1.3,140,71,4680
102,백령도,2024-01-08 09:00,-3.3,,1.6,140,75,3968
102,백령도,2024-01-08 10:00,-2.8,,3.4,140,74,3882
102,백령도,2024-01-08 11:00,-2.4,,3.6,140,76,2869
102,백령도,2024-01-08 12:00,-1.3,,3.9,140,76,3798
102,백령도,2024-01-08 13:00,-.7,,4.6,140,75,3779
102,백령도,2024-01-08 14:00,1.3,,4.1,200,52,4870
102,백령도,2024-01-08 15:00,1.9,,4.1,230,44,4593
102,백령도,2024-01-08 16:00,1.5,,2.8,250,50,4309
102,백령도,2024-01-08 17:00,1.4,,3,230,52,4323
102,백령도,2024-01-08 18:00,.9,,2.3,250,55,4220
102,백령도,2024-01-08 19:00,1.7,,2.4,230,57,4047
102,백령도,2024-01-08 20:00,2.1,,1.7,230,60,3797
102,백령도,2024-01-08 21:00,2.7,,2.7,230,64,4334
102,백령도,2024-01-08 22:00,2.8,,4.2,200,69,4449
102,백령도,2024-01-08 23:00,3.7,,3.7,230,71,3950
102,백령도,2024-01-09 00:00,3.6,0,2,230,78,2826
102,백령도,2024-01-09 01:00,2.1,,2.3,70,90,1413
102,백령도,2024-01-09 02:00,1.1,,3.9,90,94,880
102,백령도,2024-01-09 03:00,1,.3,3.7,90,93,1199
102,백령도,2024-01-09 04:00,.9,,3.3,90,93,1123
102,백령도,2024-01-09 05:00,.9,,3,90,94,860
102,백령도,2024-01-09 06:00,1.1,,3.1,90,95,734
102,백령도,2024-01-09 07:00,1.3,,2.3,110,94,849
102,백령도,2024-01-09 08:00,1.4,,2,110,94,818
102,백령도,2024-01-09 09:00,1.6,0,2.5,90,93,764
102,백령도,2024-01-09 10:00,1.8,,2.2,110,93,739
102,백령도,2024-01-09 11:00,2.4,,2.3,90,91,917
102,백령도,2024-01-09 12:00,2.3,0,2.6,70,90,1032
102,백령도,2024-01-09 13:00,2.8,,2.7,70,82,1420
102,백령도,2024-01-09 14:00,3.1,,2,20,77,1621
102,백령도,2024-01-09 15:00,3.1,0,2,70,73,1598
102,백령도,2024-01-09 16:00,2.5,,4.1,360,68,1265
102,백령도,2024-01-09 17:00,2.2,,3.8,360,72,989
102,백령도,2024-01-09 18:00,1.7,,6.3,360,74,727
102,백령도,2024-01-09 19:00,1.3,,6.4,360,71,1127
102,백령도,2024-01-09 20:00,1.4,,6.3,360,69,1068
102,백령도,2024-01-09 21:00,1.4,,6.1,360,63,1515
102,백령도,2024-01-09 22:00,1.5,,7.5,360,59,1872
102,백령도,2024-01-09 23:00,1.3,,7.2,360,61,1608
102,백령도,2024-01-10 00:00,1.1,,7.4,360,60,1678
102,백령도,2024-01-10 01:00,.8,,7.4,360,60,1746
102,백령도,2024-01-10 02:00,.3,,7,360,63,1822
102,백령도,2024-01-10 03:00,0,,7,360,60,1979
102,백령도,2024-01-10 04:00,-.1,,6.8,360,63,1955
102,백령도,2024-01-10 05:00,-.2,,7,360,63,1823
102,백령도,2024-01-10 06:00,-.4,,6.5,360,63,2020
102,백령도,2024-01-10 07:00,-.4,,6.3,360,63,2133
102,백령도,2024-01-10 08:00,-.6,,5.3,360,60,2393
102,백령도,2024-01-10 09:00,-.1,,5.5,360,59,2523
102,백령도,2024-01-10 10:00,.6,,2.8,50,59,2190
102,백령도,2024-01-10 11:00,.6,,4,360,58,2614
102,백령도,2024-01-10 12:00,1.3,,3.9,360,57,3119
102,백령도,2024-01-10 13:00,1.4,,5.5,360,56,3006
102,백령도,2024-01-10 14:00,1.4,,6.3,360,53,3834
102,백령도,2024-01-10 15:00,1.6,,5.4,340,55,3877
102,백령도,2024-01-10 16:00,1.4,,4.9,340,55,3603
102,백령도,2024-01-10 17:00,.6,,5.7,320,55,3389
102,백령도,2024-01-10 18:00,.1,,4.2,340,61,4162
102,백령도,2024-01-10 19:00,.4,,4,320,57,4927
102,백령도,2024-01-10 20:00,.4,,3.3,320,55,4947
102,백령도,2024-01-10 21:00,-.5,,1.6,270,57,5000
102,백령도,2024-01-10 22:00,-.4,,1.5,270,60,4999
102,백령도,2024-01-10 23:00,.7,,2.1,250,66,2853
102,백령도,2024-01-11 00:00,1,,1.9,230,67,3581
102,백령도,2024-01-11 01:00,1.7,,3,250,66,3123
102,백령도,2024-01-11 02:00,1.6,,2.1,250,65,2762
102,백령도,2024-01-11 03:00,1.7,,3,250,64,2531
102,백령도,2024-01-11 04:00,1.7,,3.2,230,63,2304
102,백령도,2024-01-11 05:00,2.1,,3.6,250,65,2298
102,백령도,2024-01-11 06:00,2.3,,4.3,250,59,2583
102,백령도,2024-01-11 07:00,2.7,,4.6,230,55,2689
102,백령도,2024-01-11 08:00,3.2,,4,230,54,2301
102,백령도,2024-01-11 09:00,4.2,,4.6,230,54,2252
102,백령도,2024-01-11 10:00,5.1,,5.6,250,55,1727
102,백령도,2024-01-11 11:00,5.9,,4.9,250,56,1282
102,백령도,2024-01-11 12:00,6.6,,5,250,52,1326
102,백령도,2024-01-11 13:00,6.7,,6.5,270,54,1245
102,백령도,2024-01-11 14:00,6.9,,5.7,250,57,1118
102,백령도,2024-01-11 15:00,7.2,,4.4,270,56,1098
102,백령도,2024-01-11 16:00,6.3,,4.8,290,56,968
102,백령도,2024-01-11 17:00,5.4,,4.3,290,59,748
102,백령도,2024-01-11 18:00,4.7,,3.2,290,67,585
102,백령도,2024-01-11 19:00,4.7,,3.5,320,67,565
102,백령도,2024-01-11 20:00,4.9,,3.5,320,65,578
102,백령도,2024-01-11 21:00,5.1,,3.6,320,68,515
102,백령도,2024-01-11 22:00,5.1,,3.6,340,65,513
102,백령도,2024-01-11 23:00,4.5,,3.8,360,69,433
102,백령도,2024-01-12 00:00,4.2,,4.8,360,63,536
102,백령도,2024-01-12 01:00,3.9,,5.6,360,62,676
102,백령도,2024-01-12 02:00,3.3,,3.7,360,61,921
102,백령도,2024-01-12 03:00,2.9,,5.8,360,72,551
102,백령도,2024-01-12 04:00,2,,4.7,360,58,2425
102,백령도,2024-01-12 05:00,1.7,,5.2,360,55,3835
102,백령도,2024-01-12 06:00,1.4,,3.5,360,48,4674
102,백령도,2024-01-12 07:00,1,,1.8,20,48,4964
102,백령도,2024-01-12 08:00,1.1,,3.5,360,40,4989
102,백령도,2024-01-12 09:00,1.5,,4.5,360,41,4879
102,백령도,2024-01-12 10:00,2.3,,4.7,360,39,4880
102,백령도,2024-01-12 11:00,2.9,,4.5,360,34,4494
102,백령도,2024-01-12 12:00,3.1,,6.9,340,34,4581
102,백령도,2024-01-12 13:00,3.4,,5.6,340,37,4582
102,백령도,2024-01-12 14:00,3.4,,5.7,340,32,4593
102,백령도,2024-01-12 15:00,3.4,,4.4,360,34,4777
102,백령도,2024-01-12 16:00,2.9,,4.1,360,40,4926
102,백령도,2024-01-12 17:00,2.1,,3.7,360,43,4632
102,백령도,2024-01-12 18:00,1.2,,3.3,340,47,4927
102,백령도,2024-01-12 19:00,.9,,2.9,360,49,5000
102,백령도,2024-01-12 20:00,.6,,1.6,20,58,4320
102,백령도,2024-01-12 21:00,.2,,.5,340,59,4963
102,백령도,2024-01-12 22:00,.9,,1.8,20,57,4972
102,백령도,2024-01-12 23:00,.7,,.9,360,57,4776
102,백령도,2024-01-13 00:00,.1,,.3,0,61,4972
102,백령도,2024-01-13 01:00,.2,,0,0,63,5000
102,백령도,2024-01-13 02:00,-.3,,1.1,200,65,5000
102,백령도,2024-01-13 03:00,.7,,.9,250,66,4971
102,백령도,2024-01-13 04:00,3,,4.2,320,64,4561
102,백령도,2024-01-13 05:00,3.8,,4.4,340,58,4477
102,백령도,2024-01-13 06:00,2.7,,4,360,68,4294
102,백령도,2024-01-13 07:00,.8,,3.1,70,65,3652
102,백령도,2024-01-13 08:00,0,,1.3,50,61,2666
102,백령도,2024-01-13 09:00,.9,,1.7,360,57,2579
102,백령도,2024-01-13 10:00,1.9,,2.8,340,51,3541
102,백령도,2024-01-13 11:00,2.3,,1,20,45,3496
102,백령도,2024-01-13 12:00,2.4,,1.4,90,46,2884
102,백령도,2024-01-13 13:00,2.9,,1.9,90,47,3074
102,백령도,2024-01-13 14:00,3.8,,1.5,90,40,3175
102,백령도,2024-01-13 15:00,3.4,,2.8,200,45,2968
102,백령도,2024-01-13 16:00,3.6,,3.4,180,52,2371
102,백령도,2024-01-13 17:00,3.3,,2.3,180,57,1984
102,백령도,2024-01-13 18:00,2.5,,2.7,160,61,2365
102,백령도,2024-01-13 19:00,2.6,,3.2,160,70,2439
102,백령도,2024-01-13 20:00,2.5,,3.5,160,71,2411
102,백령도,2024-01-13 21:00,2.8,,5.3,160,71,2868
102,백령도,2024-01-13 22:00,3.3,,6.1,160,79,3274
102,백령도,2024-01-13 23:00,3.8,,6,140,80,2892
102,백령도,2024-01-14 00:00,4.4,,5.4,140,85,2766
102,백령도,2024-01-14 01:00,3.2,,3.9,110,86,1953
102,백령도,2024-01-14 02:00,4.2,,2,110,90,1420
102,백령도,2024-01-14 03:00,6.2,,2.5,180,82,1003
102,백령도,2024-01-14 04:00,6.6,,2.9,200,82,1265
102,백령도,2024-01-14 05:00,7,,3.9,200,80,1700
102,백령도,2024-01-14 06:00,7.2,,4.9,200,83,1560
102,백령도,2024-01-14 07:00,7.7,,4.8,230,84,1869
102,백령도,2024-01-14 08:00,7.4,,3.7,270,93,344
102,백령도,2024-01-14 09:00,4,2.3,13,340,91,448
102,백령도,2024-01-14 10:00,1.2,,9.6,360,94,654
102,백령도,2024-01-14 11:00,1.5,,8.6,360,94,1956
102,백령도,2024-01-14 12:00,1,.9,10,360,87,1095
102,백령도,2024-01-14 13:00,.1,,11.1,360,81,1630
102,백령도,2024-01-14 14:00,.3,,11,360,73,2239
102,백령도,2024-01-14 15:00,.3,,11,360,69,2690
102,백령도,2024-01-14 16:00,.3,,11.4,360,65,2822
102,백령도,2024-01-14 17:00,-.2,,10.9,360,64,3083
102,백령도,2024-01-14 18:00,-.5,,11.2,360,60,3575
102,백령도,2024-01-14 19:00,-.4,,11.3,340,60,3792
102,백령도,2024-01-14 20:00,-.6,,11.7,340,54,3668
102,백령도,2024-01-14 21:00,-.6,,10.9,360,54,3941
102,백령도,2024-01-14 22:00,-.7,,11.8,360,52,3893
102,백령도,2024-01-14 23:00,-.9,,10.4,360,51,4228
102,백령도,2024-01-15 00:00,-1.4,,12.2,360,51,4285
102,백령도,2024-01-15 01:00,-1.9,,11.2,360,54,3937
102,백령도,2024-01-15 02:00,-2.2,,11.7,360,57,3907
102,백령도,2024-01-15 03:00,-2.5,,11.3,360,58,3864
102,백령도,2024-01-15 04:00,-2.6,,10.2,360,51,4446
102,백령도,2024-01-15 05:00,-2.9,,11.4,360,53,4606
102,백령도,2024-01-15 06:00,-3,,10.8,360,56,4269
102,백령도,2024-01-15 07:00,-3.2,,11.6,360,54,4269
102,백령도,2024-01-15 08:00,-3.2,,11,360,56,4229
102,백령도,2024-01-15 09:00,-2.6,,9.6,360,55,4359
102,백령도,2024-01-15 10:00,-2.1,,9.1,360,49,4390
102,백령도,2024-01-15 11:00,-1.5,,9.1,340,48,4673
102,백령도,2024-01-15 12:00,-1.2,,8.9,360,45,4513
102,백령도,2024-01-15 13:00,-.9,,8.1,360,48,4420
102,백령도,2024-01-15 14:00,-.8,,7.9,340,49,4476
102,백령도,2024-01-15 15:00,-.8,,7.8,340,46,4719
102,백령도,2024-01-15 16:00,-.6,,7.7,360,48,4689
102,백령도,2024-01-15 17:00,-.8,,7.9,340,48,4838
102,백령도,2024-01-15 18:00,-.8,,8.4,360,47,4997
102,백령도,2024-01-15 19:00,-.7,,7.3,360,51,4993
102,백령도,2024-01-15 20:00,-.4,,6.4,360,46,4995
102,백령도,2024-01-15 21:00,-.1,,6,340,42,5000
102,백령도,2024-01-15 22:00,.2,,5.5,340,36,5000
102,백령도,2024-01-15 23:00,.4,,6,340,36,5000
102,백령도,2024-01-16 00:00,.5,,5.7,340,39,4990
102,백령도,2024-01-16 01:00,.7,,5.7,360,38,4994
102,백령도,2024-01-16 02:00,.7,,5.2,360,42,4944
102,백령도,2024-01-16 03:00,.7,,4.6,360,43,4999
102,백령도,2024-01-16 04:00,.1,,2.2,20,48,4977
102,백령도,2024-01-16 05:00,-.4,,1.5,20,52,4944
102,백령도,2024-01-16 06:00,-.5,,1.8,50,52,5000
102,백령도,2024-01-16 07:00,-.7,,2.2,70,55,4984
102,백령도,2024-01-16 08:00,-1.2,,1.1,70,58,4943
102,백령도,2024-01-16 09:00,.3,,2.2,70,54,4846
102,백령도,2024-01-16 10:00,1.1,,1.7,70,54,4359
102,백령도,2024-01-16 11:00,2.4,,.7,110,52,4680
102,백령도,2024-01-16 12:00,1.8,,1.5,90,55,3882
102,백령도,2024-01-16 13:00,2.5,,2,90,54,4396
102,백령도,2024-01-16 14:00,3,,1.3,140,54,4252
102,백령도,2024-01-16 15:00,3.5,,1.8,140,53,4074
102,백령도,2024-01-16 16:00,3.1,,1.3,160,56,4021
102,백령도,2024-01-16 17:00,2.7,,1.5,140,58,4062
102,백령도,2024-01-16 18:00,1.4,,1.2,140,65,3086
102,백령도,2024-01-16 19:00,1.3,,1.1,200,67,4023
102,백령도,2024-01-16 20:00,.7,,1,200,72,3213
102,백령도,2024-01-16 21:00,0,,1.9,180,76,1958
102,백령도,2024-01-16 22:00,.6,,1.8,180,76,2985
102,백령도,2024-01-16 23:00,.3,,1.7,200,78,3404
102,백령도,2024-01-17 00:00,1.3,,1,160,71,3675
102,백령도,2024-01-17 01:00,1.3,,1.5,140,70,3773
102,백령도,2024-01-17 02:00,1.7,,2.1,140,64,3785
102,백령도,2024-01-17 03:00,2,,2.6,160,60,3793
102,백령도,2024-01-17 04:00,1.8,,2.7,140,66,2998
102,백령도,2024-01-17 05:00,1.7,,3.1,140,65,2897
102,백령도,2024-01-17 06:00,1.7,,2.8,140,59,3336
102,백령도,2024-01-17 07:00,1.8,,2.6,140,60,3334
102,백령도,2024-01-17 08:00,2,,2.9,140,69,3035
102,백령도,2024-01-17 09:00,2.3,,3.4,140,70,2495
102,백령도,2024-01-17 10:00,2.4,,3.4,140,70,2188
102,백령도,2024-01-17 11:00,1.1,,3.2,140,84,218
102,백령도,2024-01-17 12:00,-.1,2,3,110,94,57
102,백령도,2024-01-17 13:00,-.1,,3,110,95,148
102,백령도,2024-01-17 14:00,-.1,,2.8,110,95,337
102,백령도,2024-01-17 15:00,.2,3.3,2.7,90,95,277
102,백령도,2024-01-17 16:00,.5,,3.2,110,96,165
102,백령도,2024-01-17 17:00,.7,,2.8,90,96,201
102,백령도,2024-01-17 18:00,.8,1.9,3.6,90,97,247
102,백령도,2024-01-17 19:00,1.2,,3.7,90,97,464
102,백령도,2024-01-17 20:00,1.4,,4.2,110,96,474
102,백령도,2024-01-17 21:00,1.5,2,2.7,70,96,509
102,백령도,2024-01-17 22:00,1.6,,2.3,70,95,587
102,백령도,2024-01-17 23:00,2.2,,2.5,20,93,2126
102,백령도,2024-01-18 00:00,1.8,.1,2.8,20,90,1921
102,백령도,2024-01-18 01:00,1.9,,2.1,20,92,1388
102,백령도,2024-01-18 02:00,2.1,,3.6,360,91,1298
102,백령도,2024-01-18 03:00,2.2,,5.4,360,86,2815
102,백령도,2024-01-18 04:00,2.3,,6.1,360,89,1433
102,백령도,2024-01-18 05:00,2.3,,7,360,82,1280
102,백령도,2024-01-18 06:00,2.1,,6.6,360,83,929
102,백령도,2024-01-18 07:00,2.4,,6.1,360,79,964
102,백령도,2024-01-18 08:00,2.3,,6.5,360,79,829
102,백령도,2024-01-18 09:00,2.4,,6.4,360,80,871
102,백령도,2024-01-18 10:00,3.2,,3.4,360,76,969
102,백령도,2024-01-18 11:00,3.4,,5.4,360,73,935
102,백령도,2024-01-18 12:00,3.8,,5.4,360,72,1028
102,백령도,2024-01-18 13:00,4.1,,5.6,360,67,1157
102,백령도,2024-01-18 14:00,4.2,,6,340,63,1465
102,백령도,2024-01-18 15:00,4.1,,6.1,360,66,1401
102,백령도,2024-01-18 16:00,3.5,,6.8,360,63,1444
102,백령도,2024-01-18 17:00,3.2,,5.3,360,69,1431
102,백령도,2024-01-18 18:00,2.9,,3.9,360,74,1441
102,백령도,2024-01-18 19:00,2.6,,2.5,360,77,1287
102,백령도,2024-01-18 20:00,3.2,,2.3,20,74,1474
102,백령도,2024-01-18 21:00,3.5,,2.4,20,72,1570
102,백령도,2024-01-18 22:00,3.2,,2.7,20,75,1374
102,백령도,2024-01-18 23:00,3.2,,2.9,50,77,1057
102,백령도,2024-01-19 00:00,3,,2.5,70,81,842
102,백령도,2024-01-19 01:00,3.1,,2.8,90,83,820
102,백령도,2024-01-19 02:00,3.4,,3.4,70,82,887
102,백령도,2024-01-19 03:00,3.3,,2.9,70,80,1045
102,백령도,2024-01-19 04:00,3.3,,2.3,90,80,1144
102,백령도,2024-01-19 05:00,3.6,,3.4,90,78,1471
102,백령도,2024-01-19 06:00,3.6,,2.4,70,76,1457
102,백령도,2024-01-19 07:00,4,,2.1,70,74,1711
102,백령도,2024-01-19 08:00,4.1,,3.2,70,75,1638
102,백령도,2024-01-19 09:00,4.3,,3.3,90,75,1564
102,백령도,2024-01-19 10:00,4.2,,2.7,70,76,1617
102,백령도,2024-01-19 11:00,4.8,,2.9,70,74,1591
102,백령도,2024-01-19 12:00,5.4,,3.3,90,68,1866
102,백령도,2024-01-19 13:00,5.8,,3.2,70,68,2193
102,백령도,2024-01-19 14:00,6.7,,3.7,70,63,2349
102,백령도,2024-01-19 15:00,6,,2,70,64,2673
102,백령도,2024-01-19 16:00,6.4,,2,90,67,2572
102,백령도,2024-01-19 17:00,6,,1.3,50,71,2673
102,백령도,2024-01-19 18:00,5.5,,2.5,50,72,2305
102,백령도,2024-01-19 19:00,5.1,,3.1,70,72,2386
102,백령도,2024-01-19 20:00,5.2,,3,70,72,2170
102,백령도,2024-01-19 21:00,5.2,,4.1,90,69,2636
102,백령도,2024-01-19 22:00,4.8,,4.6,90,69,2763
102,백령도,2024-01-19 23:00,4.2,,5.2,110,71,2948
102,백령도,2024-01-20 00:00,3.9,,5,90,71,4278
102,백령도,2024-01-20 01:00,3.7,,5.5,90,69,4796
102,백령도,2024-01-20 02:00,3.4,,4.8,90,68,4850
102,백령도,2024-01-20 03:00,3.6,,6,90,67,4948
102,백령도,2024-01-20 04:00,3.5,,5.6,90,67,4947
102,백령도,2024-01-20 05:00,3.3,,6,90,68,4935
102,백령도,2024-01-20 06:00,3.3,,5.5,90,66,4889
102,백령도,2024-01-20 07:00,3.4,,4.8,90,68,4770
102,백령도,2024-01-20 08:00,3.4,,4.9,90,68,5000
102,백령도,2024-01-20 09:00,3.6,,5.7,90,66,4866
102,백령도,2024-01-20 10:00,3.7,,4.6,90,67,4897
102,백령도,2024-01-20 11:00,3.1,,4.7,90,80,2956
102,백령도,2024-01-20 12:00,3.4,0,4.3,90,77,3483
102,백령도,2024-01-20 13:00,3.3,,4.9,90,76,3863
102,백령도,2024-01-20 14:00,2.8,,4.3,90,84,1898
102,백령도,2024-01-20 15:00,2.3,.2,5.6,90,89,1343
102,백령도,2024-01-20 16:00,2,,4.3,90,92,1250
102,백령도,2024-01-20 17:00,1.8,,5.2,70,92,1742
102,백령도,2024-01-20 18:00,1.4,1,4.4,70,94,730
102,백령도,2024-01-20 19:00,1.5,,3.4,50,94,1410
102,백령도,2024-01-20 20:00,1.5,,3.7,70,93,1641
102,백령도,2024-01-20 21:00,1.6,.5,3.5,70,94,3259
102,백령도,2024-01-20 22:00,1.6,,3.2,70,92,2362
102,백령도,2024-01-20 23:00,1.6,,2.5,50,91,2701
102,백령도,2024-01-21 00:00,1,0,2.1,20,93,1006
102,백령도,2024-01-21 01:00,1.1,,2.2,50,92,4096
102,백령도,2024-01-21 02:00,1.2,,2.9,50,89,4504
102,백령도,2024-01-21 03:00,1.2,0,2.5,50,87,4987
102,백령도,2024-01-21 04:00,1.2,,1.5,20,89,972
102,백령도,2024-01-21 05:00,1,,1.1,50,94,3309
102,백령도,2024-01-21 06:00,1.2,.3,1.3,20,94,5000
102,백령도,2024-01-21 07:00,1.3,,2.4,360,91,4752
102,백령도,2024-01-21 08:00,1.3,,4.8,360,92,2111
102,백령도,2024-01-21 09:00,1.4,,4,360,88,1863
102,백령도,2024-01-21 10:00,1.5,,4,360,87,1056
102,백령도,2024-01-21 11:00,1.7,,7.6,340,84,981
102,백령도,2024-01-21 12:00,.4,,7.3,320,88,639
102,백령도,2024-01-21 13:00,-.7,,8.7,340,84,910
102,백령도,2024-01-21 14:00,-1,,8.9,320,81,1275
102,백령도,2024-01-21 15:00,-1.9,,7.8,320,79,1403
102,백령도,2024-01-21 16:00,-2.3,,9.4,320,76,1530
102,백령도,2024-01-21 17:00,-2.6,,8.1,320,72,2064
102,백령도,2024-01-21 18:00,-3,,7.3,320,77,870
102,백령도,2024-01-21 19:00,-3.3,,7.1,340,71,2105
102,백령도,2024-01-21 20:00,-3.4,,8.4,320,74,1464
102,백령도,2024-01-21 21:00,-4.6,0,7.9,340,70,2114
102,백령도,2024-01-21 22:00,-5.6,,10.7,340,76,854
102,백령도,2024-01-21 23:00,-6.1,,10.2,340,79,327
102,백령도,2024-01-22 00:00,-6.9,0,10.9,340,80,281
102,백령도,2024-01-22 01:00,-7.3,,9.3,340,73,1019
102,백령도,2024-01-22 02:00,-7.6,,8.1,340,73,722
102,백령도,2024-01-22 03:00,-7.8,0,8.4,340,72,925
102,백령도,2024-01-22 04:00,-8,,10.8,320,71,1733
102,백령도,2024-01-22 05:00,-8.2,,9.5,340,78,1062
102,백령도,2024-01-22 06:00,-8.5,0,12,340,72,568
102,백령도,2024-01-22 07:00,-8.4,,10.3,340,79,299
102,백령도,2024-01-22 08:00,-8.8,,12.4,340,73,510
102,백령도,2024-01-22 09:00,-9,0,13.9,340,76,385
102,백령도,2024-01-22 10:00,-9.2,,13.3,340,80,500
102,백령도,2024-01-22 11:00,-9.3,,12.3,340,78,281
102,백령도,2024-01-22 12:00,-8.7,0,10.5,340,77,703
102,백령도,2024-01-22 13:00,-9,,13.8,340,77,562
102,백령도,2024-01-22 14:00,-9,,12.2,340,80,336
102,백령도,2024-01-22 15:00,-8.8,0,12.1,340,77,344
102,백령도,2024-01-22 16:00,-8.3,,12.7,340,77,537
102,백령도,2024-01-22 17:00,-8.1,,11.5,340,72,823
102,백령도,2024-01-22 18:00,-8.1,0,11.5,340,65,1988
102,백령도,2024-01-22 19:00,-7.8,,13,340,67,1501
102,백령도,2024-01-22 20:00,-7.7,,14.6,340,72,622
102,백령도,2024-01-22 21:00,-8,0,15.7,340,72,762
102,백령도,2024-01-22 22:00,-8.2,,15.1,340,73,1571
102,백령도,2024-01-22 23:00,-8.5,,13.8,360,72,1640
102,백령도,2024-01-23 00:00,-8.9,0,14.6,340,68,2684
102,백령도,2024-01-23 01:00,-8.9,,14.4,360,71,2416
102,백령도,2024-01-23 02:00,-9,,13.5,340,73,1942
102,백령도,2024-01-23 03:00,-9.4,0,13.1,360,69,1876
102,백령도,2024-01-23 04:00,-9.4,,13,340,74,1221
102,백령도,2024-01-23 05:00,-9.5,,12.4,360,73,746
102,백령도,2024-01-23 06:00,-9.8,0,13.1,340,75,321
102,백령도,2024-01-23 07:00,-9.6,,13.1,340,75,537
102,백령도,2024-01-23 08:00,-9.9,,13.9,340,73,646
102,백령도,2024-01-23 09:00,-9.9,0,13.5,340,78,296
102,백령도,2024-01-23 10:00,-10.1,,13.1,340,76,191
102,백령도,2024-01-23 11:00,-9.9,,12.1,360,76,183
102,백령도,2024-01-23 12:00,-9.6,0,12.4,360,74,242
102,백령도,2024-01-23 13:00,-9.1,,12.4,340,75,416
102,백령도,2024-01-23 14:00,-9,,9.7,340,71,402
102,백령도,2024-01-23 15:00,-8.5,0,12.6,340,65,1089
102,백령도,2024-01-23 16:00,-7.9,,10,340,67,2095
102,백령도,2024-01-23 17:00,-7.7,,9.6,340,68,1967
102,백령도,2024-01-23 18:00,-6.9,0,10.1,340,72,1323
102,백령도,2024-01-23 19:00,-6,,11,340,69,2117
102,백령도,2024-01-23 20:00,-5.4,,10,340,65,3896
102,백령도,2024-01-23 21:00,-5.3,0,10.5,340,64,2906
102,백령도,2024-01-23 22:00,-5.4,,12.2,340,57,3894
102,백령도,2024-01-23 23:00,-5.2,,12.4,340,61,3241
102,백령도,2024-01-24 00:00,-5.3,0,12.1,340,59,3658
102,백령도,2024-01-24 01:00,-5,,10.5,340,57,4081
102,백령도,2024-01-24 02:00,-4.7,,12.7,340,56,4256
102,백령도,2024-01-24 03:00,-4.8,0,12.4,360,58,4275
102,백령도,2024-01-24 04:00,-5.1,,11.6,340,61,3769
102,백령도,2024-01-24 05:00,-5.3,,11.6,360,58,3734
102,백령도,2024-01-24 06:00,-5.4,0,12.1,360,61,3700
102,백령도,2024-01-24 07:00,-5.7,,9.4,360,63,3658
102,백령도,2024-01-24 08:00,-5.3,,9.9,360,60,4008
102,백령도,2024-01-24 09:00,-4.4,0,11,360,62,4173
102,백령도,2024-01-24 10:00,-4.2,,11.2,360,57,4492
102,백령도,2024-01-24 11:00,-4,,9.4,360,47,4592
102,백령도,2024-01-24 12:00,-3.9,0,10.6,360,49,4304
102,백령도,2024-01-24 13:00,-3.9,,10.7,360,52,4539
102,백령도,2024-01-24 14:00,-3.7,,11.5,360,51,3977
102,백령도,2024-01-24 15:00,-3.7,,10.7,360,53,4131
102,백령도,2024-01-24 16:00,-3.9,,10.7,360,57,4166
102,백령도,2024-01-24 17:00,-4,,10.3,360,51,4447
102,백령도,2024-01-24 18:00,-3.7,,9.9,360,56,4632
102,백령도,2024-01-24 19:00,-3,,9.8,340,55,4237
102,백령도,2024-01-24 20:00,-2.8,,10,340,52,4346
102,백령도,2024-01-24 21:00,-2.2,,9.3,340,55,4671
102,백령도,2024-01-24 22:00,-2.4,,9.2,340,51,4304
102,백령도,2024-01-24 23:00,-2.3,,9.6,340,56,4407
102,백령도,2024-01-25 00:00,-2.5,,8.7,340,55,4248
102,백령도,2024-01-25 01:00,-2.9,,9.3,340,56,4391
102,백령도,2024-01-25 02:00,-3.2,,8.8,360,58,4071
102,백령도,2024-01-25 03:00,-3.6,,7.6,360,55,3810
102,백령도,2024-01-25 04:00,-3.6,,7.8,360,59,3390
102,백령도,2024-01-25 05:00,-3.5,,8.7,360,58,3429
102,백령도,2024-01-25 06:00,-3.5,,8.9,360,57,4313
102,백령도,2024-01-25 07:00,-3.6,,8.4,360,60,3694
102,백령도,2024-01-25 08:00,-3.5,,8.1,360,60,4039
102,백령도,2024-01-25 09:00,-2.9,,7.6,360,59,4252
102,백령도,2024-01-25 10:00,-2.4,,8,360,58,4148
102,백령도,2024-01-25 11:00,-1.9,,6.6,360,54,4463
102,백령도,2024-01-25 12:00,-1.6,,6.2,360,55,4181
102,백령도,2024-01-25 13:00,-1.3,,6.6,360,53,4059
102,백령도,2024-01-25 14:00,-1.1,,6.6,360,53,4524
102,백령도,2024-01-25 15:00,-1.5,,7.1,340,56,4553
102,백령도,2024-01-25 16:00,-1,,5.4,340,54,4886
102,백령도,2024-01-25 17:00,-1.1,,5.2,340,60,4829
102,백령도,2024-01-25 18:00,-1.5,,4,340,65,4229
102,백령도,2024-01-25 19:00,-1.1,,3.3,340,69,3669
102,백령도,2024-01-25 20:00,-1.1,,2,340,71,3362
102,백령도,2024-01-25 21:00,-1.3,,1.9,340,75,3076
102,백령도,2024-01-25 22:00,-1.1,,1.5,20,77,3147
102,백령도,2024-01-25 23:00,-1.1,,.9,70,79,2795
102,백령도,2024-01-26 00:00,-2,,0,0,82,2570
102,백령도,2024-01-26 01:00,-1.4,,1.2,140,81,2637
102,백령도,2024-01-26 02:00,-1.6,,.8,180,83,2386
102,백령도,2024-01-26 03:00,-.9,,1.1,140,83,2629
102,백령도,2024-01-26 04:00,-1.2,,1.7,90,86,2230
102,백령도,2024-01-26 05:00,-1.6,,2.3,110,88,1948
102,백령도,2024-01-26 06:00,-1.7,,2.3,90,87,1889
102,백령도,2024-01-26 07:00,-1,,2.3,90,84,2538
102,백령도,2024-01-26 08:00,-.8,,1.5,110,81,2134
102,백령도,2024-01-26 09:00,-.2,,2.6,90,80,2146
102,백령도,2024-01-26 10:00,.6,,1.5,110,78,2159
102,백령도,2024-01-26 11:00,2.2,,1.6,110,65,2182
102,백령도,2024-01-26 12:00,2.7,,1.9,110,61,2081
102,백령도,2024-01-26 13:00,3,,2.5,70,64,2211
102,백령도,2024-01-26 14:00,2.5,,1.4,20,63,1851
102,백령도,2024-01-26 15:00,3,,1.5,360,61,1813
102,백령도,2024-01-26 16:00,2.5,,2.6,340,61,2253
102,백령도,2024-01-26 17:00,1.7,,2.4,340,67,2359
102,백령도,2024-01-26 18:00,.5,,2.1,320,70,2331
102,백령도,2024-01-26 19:00,-.1,,1.5,360,68,2826
102,백령도,2024-01-26 20:00,.3,,2.7,20,69,2681
102,백령도,2024-01-26 21:00,0,,1.5,320,61,3211
102,백령도,2024-01-26 22:00,0,,1.8,360,58,3650
102,백령도,2024-01-26 23:00,-.3,,1.7,320,58,3686
102,백령도,2024-01-27 00:00,-.2,,1.5,320,59,3567
102,백령도,2024-01-27 01:00,-.2,,1.2,360,63,3180
102,백령도,2024-01-27 02:00,-.2,,0,0,64,2276
102,백령도,2024-01-27 03:00,.8,,2.9,340,56,3401
102,백령도,2024-01-27 04:00,1,,2.4,360,60,2702
102,백령도,2024-01-27 05:00,.7,,1.5,20,64,2330
102,백령도,2024-01-27 06:00,-.3,,2.5,90,72,2089
102,백령도,2024-01-27 07:00,-1,,1.7,70,74,1803
102,백령도,2024-01-27 08:00,-.6,,1.6,70,74,1837
102,백령도,2024-01-27 09:00,-.8,,.7,360,75,1396
102,백령도,2024-01-27 10:00,1.2,,2.5,360,70,1581
102,백령도,2024-01-27 11:00,1.6,,3.8,360,67,1630
102,백령도,2024-01-27 12:00,1.8,,4.6,340,58,2690
102,백령도,2024-01-27 13:00,1.4,,5,360,56,3060
102,백령도,2024-01-27 14:00,1.2,,5.8,360,54,3041
102,백령도,2024-01-27 15:00,.4,,6.1,360,56,3134
102,백령도,2024-01-27 16:00,0,,5.7,360,55,2706
102,백령도,2024-01-27 17:00,-.6,,5.5,340,58,3718
102,백령도,2024-01-27 18:00,-1.1,,5.2,360,59,4610
102,백령도,2024-01-27 19:00,-1,,5.3,340,58,4891
102,백령도,2024-01-27 20:00,-.7,,4.7,340,54,4979
102,백령도,2024-01-27 21:00,-.5,,4.3,340,56,4982
102,백령도,2024-01-27 22:00,-.2,,4.3,340,59,4995
102,백령도,2024-01-27 23:00,0,,4.9,320,55,4359
102,백령도,2024-01-28 00:00,.5,,5.4,320,52,3413
102,백령도,2024-01-28 01:00,.2,,5.4,320,51,4312
102,백령도,2024-01-28 02:00,-.1,,5,320,51,4998
102,백령도,2024-01-28 03:00,-.3,,4.8,290,53,4685
102,백령도,2024-01-28 04:00,-.7,,4.2,290,60,4225
102,백령도,2024-01-28 05:00,-.1,,4.8,320,59,2926
102,백령도,2024-01-28 06:00,-.2,,5.7,320,53,3847
102,백령도,2024-01-28 07:00,-.4,,3.7,340,60,2722
102,백령도,2024-01-28 08:00,-.7,,4.9,320,58,2362
102,백령도,2024-01-28 09:00,-.6,,3.4,340,57,2174
102,백령도,2024-01-28 10:00,-.3,,4,320,56,2224
102,백령도,2024-01-28 11:00,.5,,3.3,320,56,2424
102,백령도,2024-01-28 12:00,1.1,,3.5,320,52,2658
102,백령도,2024-01-28 13:00,.7,,3.6,320,52,2331
102,백령도,2024-01-28 14:00,1.5,,3.6,320,51,2521
102,백령도,2024-01-28 15:00,1.2,,3.9,320,52,2644
102,백령도,2024-01-28 16:00,1.1,,4,320,54,2755
102,백령도,2024-01-28 17:00,.6,,3.1,320,57,2461
102,백령도,2024-01-28 18:00,-.2,,3.4,320,58,2452
102,백령도,2024-01-28 19:00,-.4,,2.9,340,59,2445
102,백령도,2024-01-28 20:00,-.2,,3,320,58,3144
102,백령도,2024-01-28 21:00,-.2,,2.5,340,60,3452
102,백령도,2024-01-28 22:00,-1.3,,1,270,65,2778
102,백령도,2024-01-28 23:00,-.7,,.8,20,66,2347
102,백령도,2024-01-29 00:00,-.4,,1,110,70,2187
102,백령도,2024-01-29 01:00,-.5,,1.6,110,72,2000
102,백령도,2024-01-29 02:00,.1,,1.4,110,71,2173
102,백령도,2024-01-29 03:00,.2,,1.7,140,75,1767
102,백령도,2024-01-29 04:00,.1,,1.2,140,75,1768
102,백령도,2024-01-29 05:00,0,,1.3,90,78,1860
102,백령도,2024-01-29 06:00,-.6,,2,90,82,1616
102,백령도,2024-01-29 07:00,.1,,2,110,80,1786
102,백령도,2024-01-29 08:00,.6,,1.9,110,79,1594
102,백령도,2024-01-29 09:00,1.1,,1.7,90,79,1555
102,백령도,2024-01-29 10:00,2.3,,.5,110,72,1671
102,백령도,2024-01-29 11:00,3.9,,2.9,140,64,1857
102,백령도,2024-01-29 12:00,3.1,,2.8,90,71,1685
102,백령도,2024-01-29 13:00,4.3,,3.1,110,62,1633
102,백령도,2024-01-29 14:00,3.5,,2.2,140,63,1645
102,백령도,2024-01-29 15:00,3.4,,2.5,70,65,1717
102,백령도,2024-01-29 16:00,3,,2,90,66,1474
102,백령도,2024-01-29 17:00,3,,.3,0,62,1297
102,백령도,2024-01-29 18:00,2.2,,.2,0,64,1148
102,백령도,2024-01-29 19:00,1.7,,0,0,66,935
102,백령도,2024-01-29 20:00,2,,0,0,64,1152
102,백령도,2024-01-29 21:00,1.4,,0,0,64,1134
102,백령도,2024-01-29 22:00,1.9,,0,0,61,1214
102,백령도,2024-01-29 23:00,1,,0,0,64,1141
102,백령도,2024-01-30 00:00,1.4,,0,0,76,1077
102,백령도,2024-01-30 01:00,1.3,,1.5,140,79,1109
102,백령도,2024-01-30 02:00,1.2,,1.8,140,77,1119
102,백령도,2024-01-30 03:00,1,,1.4,110,79,1042
102,백령도,2024-01-30 04:00,1.1,,1.9,140,77,1082
102,백령도,2024-01-30 05:00,.4,,2.2,110,90,566
102,백령도,2024-01-30 06:00,.2,,2.7,90,90,556
102,백령도,2024-01-30 07:00,.3,,1.9,110,91,635
102,백령도,2024-01-30 08:00,.5,,2.6,140,88,738
102,백령도,2024-01-30 09:00,1.5,,2.7,140,87,904
102,백령도,2024-01-30 10:00,2.4,,3.9,140,83,1047
102,백령도,2024-01-30 11:00,2.9,,4.3,140,82,960
102,백령도,2024-01-30 12:00,3.3,,4.5,110,76,999
102,백령도,2024-01-30 13:00,3.9,,4.2,140,65,1134
102,백령도,2024-01-30 14:00,4.3,,4.1,140,55,1245
102,백령도,2024-01-30 15:00,3.8,,3.7,160,55,1229
102,백령도,2024-01-30 16:00,4,,2.3,160,49,1359
102,백령도,2024-01-30 17:00,3,,2.6,180,57,1177
102,백령도,2024-01-30 18:00,1.7,,1.1,200,64,1140
102,백령도,2024-01-30 19:00,1.4,,.9,200,68,1076
102,백령도,2024-01-30 20:00,1.2,,2.3,200,69,555
102,백령도,2024-01-30 21:00,1.5,,.9,90,69,1152
102,백령도,2024-01-30 22:00,.8,,1.5,290,72,1092
102,백령도,2024-01-30 23:00,1.8,,0,0,70,1095
102,백령도,2024-01-31 00:00,1.8,,.3,0,70,1031
102,백령도,2024-01-31 01:00,2.2,,.1,0,72,1081
102,백령도,2024-01-31 02:00,2,,.2,0,74,983
102,백령도,2024-01-31 03:00,2.1,,1.7,70,75,912
102,백령도,2024-01-31 04:00,2.2,,1.2,140,82,603
102,백령도,2024-01-31 05:00,2,,1,70,79,754
102,백령도,2024-01-31 06:00,2.2,,.2,0,76,835
102,백령도,2024-01-31 07:00,1.8,,1.8,70,81,698
102,백령도,2024-01-31 08:00,1.8,,1.5,90,81,669
102,백령도,2024-01-31 09:00,2.8,,1.6,110,80,670
102,백령도,2024-01-31 10:00,4.2,,2,90,69,922
102,백령도,2024-01-31 11:00,5.7,,1.2,110,59,1214
102,백령도,2024-01-31 12:00,6.3,,1.8,340,57,1326
102,백령도,2024-01-31 13:00,4.8,,2.1,320,66,1104
102,백령도,2024-01-31 14:00,6,,2.6,290,60,1950
102,백령도,2024-01-31 15:00,6,,2.8,290,63,2403
102,백령도,2024-01-31 16:00,3.4,,7,360,87,250
102,백령도,2024-01-31 17:00,2.3,,6.4,360,81,350
102,백령도,2024-01-31 18:00,1.5,,7.9,340,86,367
102,백령도,2024-01-31 19:00,.8,,6.5,360,81,452
102,백령도,2024-01-31 20:00,.5,,7.1,340,77,557
102,백령도,2024-01-31 21:00,.3,,7.9,360,68,869
102,백령도,2024-01-31 22:00,.1,,7.7,360,65,1097
102,백령도,2024-01-31 23:00,-.3,,8.5,360,68,1129
102,백령도,2024-02-01 00:00,-.6,,9.5,360,69,1193
102,백령도,2024-02-01 01:00,-.9,,8.9,360,68,1235
102,백령도,2024-02-01 02:00,-1.5,,9.7,360,68,1410
102,백령도,2024-02-01 03:00,-1.9,,10.8,360,69,1529
102,백령도,2024-02-01 04:00,-2.3,,9.9,360,64,1630
102,백령도,2024-02-01 05:00,-2.7,,9.8,360,64,1839
102,백령도,2024-02-01 06:00,-3.1,,9.4,360,64,2069
102,백령도,2024-02-01 07:00,-3.8,,9,360,64,2204
102,백령도,2024-02-01 08:00,-4.1,,9.4,360,63,2467
102,백령도,2024-02-01 09:00,-4,,6.6,360,62,2617
102,백령도,2024-02-01 10:00,-3.7,,9.7,360,59,2896
102,백령도,2024-02-01 11:00,-3.3,,9.1,360,54,3907
102,백령도,2024-02-01 12:00,-2.9,,8.9,360,51,3728
102,백령도,2024-02-01 13:00,-3,,8.4,360,53,3587
102,백령도,2024-02-01 14:00,-3,,9,340,58,3853
102,백령도,2024-02-01 15:00,-3,,8.9,360,57,4181
102,백령도,2024-02-01 16:00,-3.5,,9.5,340,58,3856
102,백령도,2024-02-01 17:00,-3.7,,9,360,60,4016
102,백령도,2024-02-01 18:00,-4.1,,7.9,360,60,3830
102,백령도,2024-02-01 19:00,-3.8,,6.9,340,58,4264
102,백령도,2024-02-01 20:00,-3.3,,7.7,340,62,4021
102,백령도,2024-02-01 21:00,-2.9,,6.8,340,62,4087
102,백령도,2024-02-01 22:00,-2.6,,6.7,360,62,4088
102,백령도,2024-02-01 23:00,-2.5,,6.3,340,60,4240
102,백령도,2024-02-02 00:00,-2.4,,5.2,360,60,3359
102,백령도,2024-02-02 01:00,-2.5,,4.1,360,62,3045
102,백령도,2024-02-02 02:00,-2.1,,4.8,360,64,2618
102,백령도,2024-02-02 03:00,-1.8,,4.9,340,66,2441
102,백령도,2024-02-02 04:00,-2,,4,360,69,2455
102,백령도,2024-02-02 05:00,-2.2,,3.9,360,69,2833
102,백령도,2024-02-02 06:00,-2.3,,4.3,360,69,2848
102,백령도,2024-02-02 07:00,-1.9,,4,340,72,1805
102,백령도,2024-02-02 08:00,-2.1,,5,360,70,2056
102,백령도,2024-02-02 09:00,-1.8,,3.8,360,63,2037
102,백령도,2024-02-02 10:00,-.3,,2.4,360,64,2073
102,백령도,2024-02-02 11:00,.5,,4.1,360,61,2405
102,백령도,2024-02-02 12:00,1.4,,4.3,360,59,2579
102,백령도,2024-02-02 13:00,2.1,,4.5,360,57,3476
102,백령도,2024-02-02 14:00,1.7,,7,340,62,2716
102,백령도,2024-02-02 15:00,1.6,,6.6,360,63,2716
102,백령도,2024-02-02 16:00,1.4,,6.7,360,64,2937
102,백령도,2024-02-02 17:00,1,,5.7,360,66,2796
102,백령도,2024-02-02 18:00,.3,,4.8,360,66,3328
102,백령도,2024-02-02 19:00,.3,,5.7,360,69,3449
102,백령도,2024-02-02 20:00,.1,,5,360,68,3436
102,백령도,2024-02-02 21:00,.1,,3.7,360,64,3690
102,백령도,2024-02-02 22:00,.2,,4.5,360,70,2901
102,백령도,2024-02-02 23:00,.2,,3.9,360,71,2881
102,백령도,2024-02-03 00:00,0,,3.1,360,66,3004
102,백령도,2024-02-03 01:00,0,,3.4,360,62,3640
102,백령도,2024-02-03 02:00,.6,,3,360,58,3733
102,백령도,2024-02-03 03:00,.9,,1.4,360,56,3660
102,백령도,2024-02-03 04:00,.5,,1.7,50,56,3921
102,백령도,2024-02-03 05:00,.8,,2,50,52,3341
102,백령도,2024-02-03 06:00,.9,,1.8,20,52,2896
102,백령도,2024-02-03 07:00,1,,2.2,20,50,3221
102,백령도,2024-02-03 08:00,1.4,,2.1,50,51,2686
102,백령도,2024-02-03 09:00,1.8,,2.5,50,51,2764
102,백령도,2024-02-03 10:00,3.3,,1.1,70,46,2541
102,백령도,2024-02-03 11:00,3.6,,2.1,90,48,2398
102,백령도,2024-02-03 12:00,4.4,,.7,110,44,2061
102,백령도,2024-02-03 13:00,4.2,,3,360,48,2429
102,백령도,2024-02-03 14:00,4.4,,3,340,48,1981
102,백령도,2024-02-03 15:00,4.1,,3.1,360,54,1929
102,백령도,2024-02-03 16:00,3.6,,3.4,360,57,1884
102,백령도,2024-02-03 17:00,3,,2.1,340,67,1172
102,백령도,2024-02-03 18:00,2.2,,2,360,71,1035
102,백령도,2024-02-03 19:00,1.6,,2.8,360,75,1069
102,백령도,2024-02-03 20:00,1.8,,3.4,360,76,1282
102,백령도,2024-02-03 21:00,1.8,,4.3,360,71,1739
102,백령도,2024-02-03 22:00,1.6,,4.9,360,74,2038
102,백령도,2024-02-03 23:00,1.6,,4.5,360,69,2375
102,백령도,2024-02-04 00:00,1.7,,3.9,360,67,2722
102,백령도,2024-02-04 01:00,1.5,,3.3,360,65,2858
102,백령도,2024-02-04 02:00,1.4,,3.6,360,73,2797
102,백령도,2024-02-04 03:00,1,,4.2,360,77,2666
102,백령도,2024-02-04 04:00,1.2,,4,360,73,2578
102,백령도,2024-02-04 05:00,.7,,2.9,340,71,2755
102,백령도,2024-02-04 06:00,.4,,3.4,340,64,2746
102,백령도,2024-02-04 07:00,.8,,5.1,360,69,2641
102,백령도,2024-02-04 08:00,.3,,3,340,72,2521
102,백령도,2024-02-04 09:00,1.2,,4.3,340,63,2799
102,백령도,2024-02-04 10:00,2.1,,5,360,57,3421
102,백령도,2024-02-04 11:00,2.9,,2.8,340,47,3067
102,백령도,2024-02-04 12:00,3.5,,3.5,360,47,3236
102,백령도,2024-02-04 13:00,3.9,,2.5,340,43,3113
102,백령도,2024-02-04 14:00,5.1,,1.5,360,40,3161
102,백령도,2024-02-04 15:00,4.5,,2.4,320,50,3225
102,백령도,2024-02-04 16:00,3.8,,3.5,340,50,3098
102,백령도,2024-02-04 17:00,3.4,,3,360,59,2207
102,백령도,2024-02-04 18:00,3.2,,2.8,360,63,1688
102,백령도,2024-02-04 19:00,3,,3.2,360,69,1204
102,백령도,2024-02-04 20:00,3,,2.9,360,76,929
102,백령도,2024-02-04 21:00,3.5,,2.6,20,67,1148
102,백령도,2024-02-04 22:00,3.3,,2.8,20,64,1081
102,백령도,2024-02-04 23:00,3.8,,3.6,50,63,1006
102,백령도,2024-02-05 00:00,3.7,,2,20,63,1020
102,백령도,2024-02-05 01:00,4.2,,2.2,70,64,1143
102,백령도,2024-02-05 02:00,3.9,,2.4,90,70,891
102,백령도,2024-02-05 03:00,2.9,.1,2.3,90,78,622
102,백령도,2024-02-05 04:00,2.8,,1.4,90,82,727
102,백령도,2024-02-05 05:00,2.3,,2.2,50,86,555
102,백령도,2024-02-05 06:00,2.2,1.5,2.4,70,92,635
102,백령도,2024-02-05 07:00,1.5,,3.1,50,92,476
102,백령도,2024-02-05 08:00,1.4,,2.2,20,94,572
102,백령도,2024-02-05 09:00,2.1,2,5.2,70,94,1200
102,백령도,2024-02-05 10:00,2.4,,4.5,50,92,1481
102,백령도,2024-02-05 11:00,2.1,,4.8,50,92,1573
102,백령도,2024-02-05 12:00,2.6,1.5,4.3,70,93,2391
102,백령도,2024-02-05 13:00,2.3,,3.6,70,92,1485
102,백령도,2024-02-05 14:00,2,,4.1,90,93,1427
102,백령도,2024-02-05 15:00,1.7,2.8,2.1,70,95,1098
102,백령도,2024-02-05 16:00,.9,,.7,340,95,307
102,백령도,2024-02-05 17:00,.6,,1.8,360,97,472
102,백령도,2024-02-05 18:00,.7,3.2,1.8,360,97,534
102,백령도,2024-02-05 19:00,.7,,1.4,70,97,578
102,백령도,2024-02-05 20:00,.6,,.5,90,97,1065
102,백령도,2024-02-05 21:00,.8,1.8,.6,110,97,1994
102,백령도,2024-02-05 22:00,.9,,1.9,110,97,2189
102,백령도,2024-02-05 23:00,1,,1.8,110,96,3269
102,백령도,2024-02-06 00:00,.9,.3,2.4,90,95,2955
102,백령도,2024-02-06 01:00,.9,,.3,0,95,3558
102,백령도,2024-02-06 02:00,1.2,,1.3,20,93,4989
102,백령도,2024-02-06 03:00,.9,0,1.7,50,94,3050
102,백령도,2024-02-06 04:00,.8,,3.1,90,90,4878
102,백령도,2024-02-06 05:00,.7,,.9,90,91,4101
102,백령도,2024-02-06 06:00,.6,0,.6,70,94,1925
102,백령도,2024-02-06 07:00,.9,,1.1,340,93,3975
102,백령도,2024-02-06 08:00,1,,2.2,360,92,1164
102,백령도,2024-02-06 09:00,1.1,.3,2.7,340,92,561
102,백령도,2024-02-06 10:00,.8,,4.6,320,89,688
102,백령도,2024-02-06 11:00,1,,2.8,340,84,1005
102,백령도,2024-02-06 12:00,1.4,,4.5,340,77,1350
102,백령도,2024-02-06 13:00,1.8,,5.7,320,69,1860
102,백령도,2024-02-06 14:00,1.7,,5.3,320,66,1893
102,백령도,2024-02-06 15:00,.7,,6,320,72,1256
102,백령도,2024-02-06 16:00,.4,,5.3,320,71,1305
102,백령도,2024-02-06 17:00,-.1,,4.6,320,69,1441
102,백령도,2024-02-06 18:00,-.7,,4.6,340,63,1620
102,백령도,2024-02-06 19:00,-.8,,4.5,340,58,1967
102,백령도,2024-02-06 20:00,-.6,,5.3,340,53,2488
102,백령도,2024-02-06 21:00,-.4,,4.4,340,47,2356
102,백령도,2024-02-06 22:00,-.2,,5.8,340,45,2282
102,백령도,2024-02-06 23:00,-.2,,3.7,340,49,2113
102,백령도,2024-02-07 00:00,0,,3.9,340,49,2094
102,백령도,2024-02-07 01:00,-.3,,4.5,320,53,1375
102,백령도,2024-02-07 02:00,-.1,,6.7,340,52,1360
102,백령도,2024-02-07 03:00,-.2,,6.8,340,54,1130
102,백령도,2024-02-07 04:00,-.4,,6.6,340,61,1062
102,백령도,2024-02-07 05:00,-.6,,6.8,340,68,881
102,백령도,2024-02-07 06:00,-.9,,5.7,360,70,823
102,백령도,2024-02-07 07:00,-1,,5.3,340,70,842
102,백령도,2024-02-07 08:00,-.9,,5.3,340,67,913
102,백령도,2024-02-07 09:00,-.6,,5.2,340,63,1030
102,백령도,2024-02-07 10:00,-.1,,5.7,340,61,1176
102,백령도,2024-02-07 11:00,.2,,6,340,57,1256
102,백령도,2024-02-07 12:00,.8,,5.2,360,58,1353
102,백령도,2024-02-07 13:00,1.5,,4.4,360,57,1323
102,백령도,2024-02-07 14:00,1.9,,4.3,340,55,1476
102,백령도,2024-02-07 15:00,1.3,,4.9,360,57,1676
102,백령도,2024-02-07 16:00,1.2,,4.1,340,54,2048
102,백령도,2024-02-07 17:00,.5,,4.3,320,62,1848
102,백령도,2024-02-07 18:00,-.6,,4.8,320,63,2008
102,백령도,2024-02-07 19:00,-.4,,5.4,320,62,2218
102,백령도,2024-02-07 20:00,-.2,,4.6,340,59,2291
102,백령도,2024-02-07 21:00,-.1,,5.5,340,56,2700
102,백령도,2024-02-07 22:00,.1,,5.2,340,54,3070
102,백령도,2024-02-07 23:00,.3,,5.3,360,49,3500
102,백령도,2024-02-08 00:00,.5,,4.8,360,43,4321
102,백령도,2024-02-08 01:00,.7,,4.2,360,48,3920
102,백령도,2024-02-08 02:00,.3,,3.4,360,55,3501
102,백령도,2024-02-08 03:00,.1,,3,360,56,3526
102,백령도,2024-02-08 04:00,-.1,,2.7,360,61,2690
102,백령도,2024-02-08 05:00,-.4,,1.1,340,62,2567
102,백령도,2024-02-08 06:00,-.5,,2.2,340,59,2600
102,백령도,2024-02-08 07:00,-1,,2,320,65,2213
102,백령도,2024-02-08 08:00,.4,,3.1,320,59,2438
102,백령도,2024-02-08 09:00,1.4,,3.5,340,56,2645
102,백령도,2024-02-08 10:00,1.9,,4.1,340,59,2278
102,백령도,2024-02-08 11:00,2.6,,5.3,360,50,3182
102,백령도,2024-02-08 12:00,2.2,,7.1,340,49,3485
102,백령도,2024-02-08 13:00,2.5,,5.8,340,53,3412
102,백령도,2024-02-08 14:00,2.5,,5.1,360,50,3798
102,백령도,2024-02-08 15:00,1.9,,5.7,340,47,4190
102,백령도,2024-02-08 16:00,1.5,,5.3,360,50,4037
102,백령도,2024-02-08 17:00,1,,5.6,340,53,4237
102,백령도,2024-02-08 18:00,.5,,4.2,340,57,4187
102,백령도,2024-02-08 19:00,.5,,5.7,340,56,4483
102,백령도,2024-02-08 20:00,.6,,5.4,340,55,4478
102,백령도,2024-02-08 21:00,.5,,3.9,360,56,4750
102,백령도,2024-02-08 22:00,1.1,,4.1,340,48,4920
102,백령도,2024-02-08 23:00,1.1,,3.4,340,43,4992
102,백령도,2024-02-09 00:00,1.3,,3.7,320,50,4976
102,백령도,2024-02-09 01:00,.6,,2.5,290,55,4824
102,백령도,2024-02-09 02:00,.6,,2.2,290,60,2346
102,백령도,2024-02-09 03:00,.9,,3.2,270,61,2687
102,백령도,2024-02-09 04:00,.9,,2.4,270,60,3172
102,백령도,2024-02-09 05:00,.7,,2.7,270,58,3522
102,백령도,2024-02-09 06:00,.7,,4.3,290,54,3589
102,백령도,2024-02-09 07:00,.7,,4.7,320,59,2411
102,백령도,2024-02-09 08:00,.7,,4.2,320,57,2387
102,백령도,2024-02-09 09:00,1.6,,5.2,320,55,2268
102,백령도,2024-02-09 10:00,2.4,,5.3,320,53,3148
102,백령도,2024-02-09 11:00,2.8,,6.3,320,46,2979
102,백령도,2024-02-09 12:00,3.5,,5.3,320,44,3156
102,백령도,2024-02-09 13:00,3.5,,6.2,320,50,3977
102,백령도,2024-02-09 14:00,4.2,,5.4,320,41,4416
102,백령도,2024-02-09 15:00,3.9,,5.8,320,44,3928
102,백령도,2024-02-09 16:00,3.8,,4.7,290,46,2829
102,백령도,2024-02-09 17:00,3.1,,4,320,52,2797
102,백령도,2024-02-09 18:00,2,,2,290,64,2261
102,백령도,2024-02-09 19:00,1.5,,1.2,250,70,1304
102,백령도,2024-02-09 20:00,1.4,,1.9,270,69,769
102,백령도,2024-02-09 21:00,1.4,,1.8,250,68,760
102,백령도,2024-02-09 22:00,2.1,,2.8,230,58,1381
102,백령도,2024-02-09 23:00,1.5,,2.1,250,60,1669
102,백령도,2024-02-10 00:00,2.2,,2.5,270,64,922
102,백령도,2024-02-10 01:00,3,,3.2,270,65,542
102,백령도,2024-02-10 02:00,3.1,,3.1,270,63,498
102,백령도,2024-02-10 03:00,2.8,,2.4,270,64,436
102,백령도,2024-02-10 04:00,2.6,,2.6,270,67,356
102,백령도,2024-02-10 05:00,3.3,,4.4,290,71,252
102,백령도,2024-02-10 06:00,2.9,,5.1,320,65,394
102,백령도,2024-02-10 07:00,2.3,,4.9,320,63,805
102,백령도,2024-02-10 08:00,1.7,,5.1,340,67,915
102,백령도,2024-02-10 09:00,2,,5.2,340,68,1025
102,백령도,2024-02-10 10:00,2.3,,5.2,360,67,977
102,백령도,2024-02-10 11:00,2.4,,6.1,340,65,1198
102,백령도,2024-02-10 12:00,2.9,,5.5,360,57,973
102,백령도,2024-02-10 13:00,2.8,,4.6,360,52,620
102,백령도,2024-02-10 14:00,2.6,,5.5,340,49,1196
102,백령도,2024-02-10 15:00,2.6,,5.3,360,49,1921
102,백령도,2024-02-10 16:00,2.3,,5.5,360,51,3304
102,백령도,2024-02-10 17:00,2,,3.1,340,52,2789
102,백령도,2024-02-10 18:00,1,,4.2,320,57,2809
102,백령도,2024-02-10 19:00,.6,,3.1,340,56,2548
102,백령도,2024-02-10 20:00,.8,,3.6,320,54,3253
102,백령도,2024-02-10 21:00,.7,,2.9,320,54,3726
102,백령도,2024-02-10 22:00,.4,,2.2,320,53,4121
102,백령도,2024-02-10 23:00,-.3,,1.8,290,54,4260
102,백령도,2024-02-11 00:00,.5,,3,320,51,4638
102,백령도,2024-02-11 01:00,.5,,2.2,290,51,4388
102,백령도,2024-02-11 02:00,.3,,2,270,55,3284
102,백령도,2024-02-11 03:00,.6,,2.8,290,57,2507
102,백령도,2024-02-11 04:00,1.4,,2.8,320,62,1041
102,백령도,2024-02-11 05:00,1,,2.2,270,64,1182
102,백령도,2024-02-11 06:00,1.3,,2,270,60,1298
102,백령도,2024-02-11 07:00,1.2,,2.6,270,61,1308
102,백령도,2024-02-11 08:00,2,,3.3,270,62,1157
102,백령도,2024-02-11 09:00,2.9,,3.5,270,61,918
102,백령도,2024-02-11 10:00,3.7,,5.7,250,60,823
102,백령도,2024-02-11 11:00,4.2,,6.1,250,58,804
102,백령도,2024-02-11 12:00,4,,7.1,290,59,489
102,백령도,2024-02-11 13:00,4.6,,7.4,320,56,632
102,백령도,2024-02-11 14:00,5.1,,6.8,290,57,729
102,백령도,2024-02-11 15:00,4.8,,5.9,320,55,750
102,백령도,2024-02-11 16:00,4.5,,5.7,320,53,1043
102,백령도,2024-02-11 17:00,3.6,,4,340,56,889
102,백령도,2024-02-11 18:00,2.5,,3.2,340,65,873
102,백령도,2024-02-11 19:00,2,,3.4,340,68,888
102,백령도,2024-02-11 20:00,1.7,,2.1,320,67,1050
102,백령도,2024-02-11 21:00,.9,,1.2,290,68,1186
102,백령도,2024-02-11 22:00,1.2,,.1,0,68,1220
102,백령도,2024-02-11 23:00,.7,,.9,290,65,1586
102,백령도,2024-02-12 00:00,-.7,,1,200,72,1519
102,백령도,2024-02-12 01:00,1.3,,.8,180,62,1824
102,백령도,2024-02-12 02:00,1,,1.8,140,61,2070
102,백령도,2024-02-12 03:00,.6,,0,0,64,1849
102,백령도,2024-02-12 04:00,1.5,,.4,0,63,1747
102,백령도,2024-02-12 05:00,.3,,1.5,160,74,1778
102,백령도,2024-02-12 06:00,1.3,,1.6,140,71,1612
102,백령도,2024-02-12 07:00,2,,3.5,160,63,1597
102,백령도,2024-02-12 08:00,1.6,,4.5,160,85,694
102,백령도,2024-02-12 09:00,3.1,,5.7,140,71,1515
102,백령도,2024-02-12 10:00,4,,5.6,160,61,1725
102,백령도,2024-02-12 11:00,4.8,,5.8,160,63,1788
102,백령도,2024-02-12 12:00,5.2,,6.9,160,69,1430
102,백령도,2024-02-12 13:00,5.8,,6,140,70,1232
102,백령도,2024-02-12 14:00,6.4,,5.1,140,71,1182
102,백령도,2024-02-12 15:00,6,,6.5,140,77,1014
102,백령도,2024-02-12 16:00,6.5,,4.9,140,78,758
102,백령도,2024-02-12 17:00,5.5,,6,140,87,497
102,백령도,2024-02-12 18:00,5.7,,5.8,160,91,333
102,백령도,2024-02-12 19:00,6.6,,7.7,160,90,363
102,백령도,2024-02-12 20:00,6.5,,7.6,160,91,301
102,백령도,2024-02-12 21:00,6.1,,6.7,160,93,229
102,백령도,2024-02-12 22:00,6.3,,7.1,160,94,250
102,백령도,2024-02-12 23:00,6.5,,5.9,180,93,295
102,백령도,2024-02-13 00:00,7.6,,5.1,180,85,438
102,백령도,2024-02-13 01:00,7.6,,5.5,180,84,425
102,백령도,2024-02-13 02:00,8.1,,6,200,83,483
102,백령도,2024-02-13 03:00,8.3,,6.7,200,82,499
102,백령도,2024-02-13 04:00,8.3,,7.2,200,84,491
102,백령도,2024-02-13 05:00,8.4,,7.5,200,84,517
102,백령도,2024-02-13 06:00,8.3,,6.2,200,84,523
102,백령도,2024-02-13 07:00,7.6,,5.1,180,87,461
102,백령도,2024-02-13 08:00,8,,5.2,200,86,464
102,백령도,2024-02-13 09:00,8.9,,7.2,200,84,522
102,백령도,2024-02-13 10:00,9.7,,7.2,200,80,641
102,백령도,2024-02-13 11:00,10.4,,6.9,200,78,709
102,백령도,2024-02-13 12:00,10.9,,7.5,200,77,758
102,백령도,2024-02-13 13:00,10.9,,8.1,180,77,800
102,백령도,2024-02-13 14:00,11,,7.4,180,76,825
102,백령도,2024-02-13 15:00,10.6,,6.4,180,78,793
102,백령도,2024-02-13 16:00,9.4,,5.7,180,84,710
102,백령도,2024-02-13 17:00,8.8,,5.8,160,86,667
102,백령도,2024-02-13 18:00,7.9,,6.1,160,91,514
102,백령도,2024-02-13 19:00,8.1,,5.9,180,92,538
102,백령도,2024-02-13 20:00,8.4,,4.9,180,92,546
102,백령도,2024-02-13 21:00,8.5,,5.5,180,93,512
102,백령도,2024-02-13 22:00,8.6,,4.5,160,93,456
102,백령도,2024-02-13 23:00,8.5,,4.5,160,93,481
102,백령도,2024-02-14 00:00,8.7,,4.4,180,93,532
102,백령도,2024-02-14 01:00,8.7,,5.4,180,92,588
102,백령도,2024-02-14 02:00,8.5,,4.7,180,93,505
102,백령도,2024-02-14 03:00,8.7,,3.4,180,93,501
102,백령도,2024-02-14 04:00,8.6,,2.2,200,94,428
102,백령도,2024-02-14 05:00,6.9,,1.6,110,95,208
102,백령도,2024-02-14 06:00,6.5,,2.4,90,96,82
102,백령도,2024-02-14 07:00,6.7,,2.4,140,97,43
102,백령도,2024-02-14 08:00,6.5,,2.1,110,97,24
102,백령도,2024-02-14 09:00,6.3,,3,110,97,25
102,백령도,2024-02-14 10:00,6.9,,2.6,140,97,26
102,백령도,2024-02-14 11:00,7.3,,2.7,140,97,38
102,백령도,2024-02-14 12:00,8,,3.5,160,97,51
102,백령도,2024-02-14 13:00,8.1,,3.2,140,97,113
102,백령도,2024-02-14 14:00,8,,3.8,140,97,75
102,백령도,2024-02-14 15:00,8.1,,2.4,200,97,40
102,백령도,2024-02-14 16:00,7.9,,1.7,110,96,50
102,백령도,2024-02-14 17:00,7.5,,1.8,90,97,82
102,백령도,2024-02-14 18:00,7.5,,1.2,110,97,26
102,백령도,2024-02-14 19:00,6.8,,1.8,340,97,17
102,백령도,2024-02-14 20:00,6.8,,2.6,20,97,276
102,백령도,2024-02-14 21:00,6.8,,3.4,360,97,326
102,백령도,2024-02-14 22:00,5.3,,6,340,95,352
102,백령도,2024-02-14 23:00,4.7,,7.6,340,85,841
102,백령도,2024-02-15 00:00,4.1,.1,8.1,340,90,552
102,백령도,2024-02-15 01:00,3.8,,5.8,340,92,543
102,백령도,2024-02-15 02:00,3.5,,6.8,340,94,372
102,백령도,2024-02-15 03:00,3.3,3.6,7.8,340,90,605
102,백령도,2024-02-15 04:00,3.4,,10.7,340,80,1558
102,백령도,2024-02-15 05:00,3.2,,10.5,340,75,1913
102,백령도,2024-02-15 06:00,2.7,.6,10,340,71,2382
102,백령도,2024-02-15 07:00,2.5,,10.5,340,68,2762
102,백령도,2024-02-15 08:00,2.1,,10.1,340,63,3126
102,백령도,2024-02-15 09:00,1.9,,11.6,340,55,3796
102,백령도,2024-02-15 10:00,1.9,,10.3,340,51,4220
102,백령도,2024-02-15 11:00,2,,13,340,45,4372
102,백령도,2024-02-15 12:00,2.6,,13.6,340,38,4436
102,백령도,2024-02-15 13:00,2.6,,14.2,340,38,4171
102,백령도,2024-02-15 14:00,2.5,,15.9,340,30,4147
102,백령도,2024-02-15 15:00,2.6,,15.2,340,29,4388
102,백령도,2024-02-15 16:00,2.5,,15.3,340,31,4596
102,백령도,2024-02-15 17:00,2.3,,13.3,340,32,4786
102,백령도,2024-02-15 18:00,2,,12.2,340,29,4875
102,백령도,2024-02-15 19:00,2,,9.6,340,31,4862
102,백령도,2024-02-15 20:00,2.2,,9.7,340,35,4884
102,백령도,2024-02-15 21:00,2.1,,9.7,340,37,4796
102,백령도,2024-02-15 22:00,2.1,,10.2,340,38,4666
102,백령도,2024-02-15 23:00,1.9,,8.1,360,38,4623
102,백령도,2024-02-16 00:00,1.6,,6.2,360,37,4941
102,백령도,2024-02-16 01:00,1.3,,5.5,360,40,4793
102,백령도,2024-02-16 02:00,1.2,,4.8,360,41,4542
102,백령도,2024-02-16 03:00,.9,,4,360,43,4772
102,백령도,2024-02-16 04:00,.6,,3.5,360,48,4521
102,백령도,2024-02-16 05:00,0,,2.1,360,51,4587
102,백령도,2024-02-16 06:00,-.1,,.9,20,55,4368
102,백령도,2024-02-16 07:00,-.2,,.6,90,57,4149
102,백령도,2024-02-16 08:00,-.6,,1.3,140,59,3995
102,백령도,2024-02-16 09:00,1.6,,1.4,140,51,3714
102,백령도,2024-02-16 10:00,2.5,,1.2,180,46,4231
102,백령도,2024-02-16 11:00,3,,3.2,180,44,4188
102,백령도,2024-02-16 12:00,3.4,,3.3,180,45,4533
102,백령도,2024-02-16 13:00,4.2,,2.8,230,41,4308
102,백령도,2024-02-16 14:00,4,,2.7,230,36,3904
102,백령도,2024-02-16 15:00,4.7,,3.7,180,38,4350
102,백령도,2024-02-16 16:00,4.6,,4.1,180,43,4729
102,백령도,2024-02-16 17:00,3.9,,4,180,46,4339
102,백령도,2024-02-16 18:00,3.1,,3.4,180,55,3997
102,백령도,2024-02-16 19:00,2.6,,4.3,160,63,4244
102,백령도,2024-02-16 20:00,2.7,,4.2,160,67,4151
102,백령도,2024-02-16 21:00,3.1,,5.1,160,69,4095
102,백령도,2024-02-16 22:00,3.2,,4.8,180,68,3657
102,백령도,2024-02-16 23:00,3.4,,5.2,180,71,2449
102,백령도,2024-02-17 00:00,3.4,,4.1,180,72,1966
102,백령도,2024-02-17 01:00,3.8,,4.7,180,72,2216
102,백령도,2024-02-17 02:00,4.3,,5,200,70,2988
102,백령도,2024-02-17 03:00,4.6,,4.9,200,68,3638
102,백령도,2024-02-17 04:00,4.9,,5,200,69,4256
102,백령도,2024-02-17 05:00,5,,3.9,200,70,4524
102,백령도,2024-02-17 06:00,4.8,,3.6,180,74,3941
102,백령도,2024-02-17 07:00,4.8,,3.1,180,75,3798
102,백령도,2024-02-17 08:00,5.3,,5,180,73,3800
102,백령도,2024-02-17 09:00,6.2,,4.5,180,72,4009
102,백령도,2024-02-17 10:00,6.8,,6.9,160,70,3997
102,백령도,2024-02-17 11:00,6.7,,6.1,160,77,3146
102,백령도,2024-02-17 12:00,7.3,,5.1,160,74,3444
102,백령도,2024-02-17 13:00,6.5,,5.5,160,78,3120
102,백령도,2024-02-17 14:00,6.7,,5.8,160,74,3422
102,백령도,2024-02-17 15:00,6.5,,5.2,160,74,3531
102,백령도,2024-02-17 16:00,6,,6.2,140,77,3803
102,백령도,2024-02-17 17:00,5.6,,6.4,140,80,3144
102,백령도,2024-02-17 18:00,5.4,,5.9,160,78,3271
102,백령도,2024-02-17 19:00,5.1,,6,160,81,3092
102,백령도,2024-02-17 20:00,5.2,,6.9,140,81,3091
102,백령도,2024-02-17 21:00,5.3,,5.3,140,82,2857
102,백령도,2024-02-17 22:00,5,,5.7,140,85,1977
102,백령도,2024-02-17 23:00,5.2,,5,140,85,1938
102,백령도,2024-02-18 00:00,5.5,,4,140,83,1732
102,백령도,2024-02-18 01:00,5.6,,5.2,140,83,1383
102,백령도,2024-02-18 02:00,5.3,,5.7,140,86,1031
102,백령도,2024-02-18 03:00,6.7,,5.5,140,85,1581
102,백령도,2024-02-18 04:00,7.3,,5.6,140,81,2499
102,백령도,2024-02-18 05:00,6.9,,6.7,140,82,1828
102,백령도,2024-02-18 06:00,7.2,,7,140,79,1972
102,백령도,2024-02-18 07:00,7.1,,7.1,140,79,1446
102,백령도,2024-02-18 08:00,5.8,,6.9,140,91,284
102,백령도,2024-02-18 09:00,6,.1,7.8,140,90,420
102,백령도,2024-02-18 10:00,5.7,,6.7,140,93,209
102,백령도,2024-02-18 11:00,5.7,,6.8,140,94,244
102,백령도,2024-02-18 12:00,6.7,.5,6.7,140,87,595
102,백령도,2024-02-18 13:00,5.8,,6.5,140,94,149
102,백령도,2024-02-18 14:00,5.5,,7.2,140,96,111
102,백령도,2024-02-18 15:00,5.5,1.3,7.4,140,96,113
102,백령도,2024-02-18 16:00,5.7,,7.5,140,97,190
102,백령도,2024-02-18 17:00,5.9,,7.7,110,97,184
102,백령도,2024-02-18 18:00,6.1,2.1,6.1,110,97,135
102,백령도,2024-02-18 19:00,6.5,,5.9,140,97,110
102,백령도,2024-02-18 20:00,7,,7.2,140,97,295
102,백령도,2024-02-18 21:00,6.9,4.4,8.6,140,97,155
102,백령도,2024-02-18 22:00,8.3,,7.7,140,97,391
102,백령도,2024-02-18 23:00,7.7,,5.3,140,97,365
102,백령도,2024-02-19 00:00,8.5,2.2,5.1,140,97,131
102,백령도,2024-02-19 01:00,8.6,,4.4,140,98,48
102,백령도,2024-02-19 02:00,7.8,,4.1,110,97,21
102,백령도,2024-02-19 03:00,8.6,.6,4.9,140,98,26
102,백령도,2024-02-19 04:00,7.7,,.6,110,98,21
102,백령도,2024-02-19 05:00,7.2,,1.5,140,98,32
102,백령도,2024-02-19 06:00,7.9,2.7,1.2,290,98,21
102,백령도,2024-02-19 07:00,7.9,,2.9,360,98,29
102,백령도,2024-02-19 08:00,4.7,,8,340,98,784
102,백령도,2024-02-19 09:00,3.6,.2,12.4,340,98,341
102,백령도,2024-02-19 10:00,3.4,,10.9,360,97,739
102,백령도,2024-02-19 11:00,3.2,,12.1,340,93,745
102,백령도,2024-02-19 12:00,2.9,0,11.5,360,90,1030
102,백령도,2024-02-19 13:00,2.7,,14.2,340,81,1318
102,백령도,2024-02-19 14:00,2.5,,14.4,340,78,1377
102,백령도,2024-02-19 15:00,2.3,,15.3,340,75,1525
102,백령도,2024-02-19 16:00,2.1,,14,340,72,1703
102,백령도,2024-02-19 17:00,2,,14.8,340,70,1845
102,백령도,2024-02-19 18:00,1.9,,13.7,340,71,1958
102,백령도,2024-02-19 19:00,1.9,,14.1,340,68,2101
102,백령도,2024-02-19 20:00,1.7,,14.5,340,65,2150
102,백령도,2024-02-19 21:00,1.3,,15.2,340,66,2150
102,백령도,2024-02-19 22:00,.7,,13.7,360,69,2039
102,백령도,2024-02-19 23:00,.3,,11.6,360,69,2011
102,백령도,2024-02-20 00:00,0,,11.7,360,69,1941
102,백령도,2024-02-20 01:00,-.4,,12.6,360,69,2075
102,백령도,2024-02-20 02:00,-.6,,12.7,360,67,2103
102,백령도,2024-02-20 03:00,-.7,,10.6,360,66,2277
102,백령도,2024-02-20 04:00,-1,,9.6,360,68,2169
102,백령도,2024-02-20 05:00,-1.2,,10.3,360,69,2124
102,백령도,2024-02-20 06:00,-1,,3.4,20,68,2215
102,백령도,2024-02-20 07:00,-.9,,6.1,360,68,2416
102,백령도,2024-02-20 08:00,-.5,,7.1,360,62,3106
102,백령도,2024-02-20 09:00,-.4,,6.7,360,66,2610
102,백령도,2024-02-20 10:00,-.2,,6.3,360,66,2679
102,백령도,2024-02-20 11:00,.3,,4.8,360,66,2525
102,백령도,2024-02-20 12:00,1,,6.3,360,68,2580
102,백령도,2024-02-20 13:00,.7,,5.4,360,71,2344
102,백령도,2024-02-20 14:00,1.1,,4.9,360,71,2156
102,백령도,2024-02-20 15:00,1.8,,3.7,360,70,2151
102,백령도,2024-02-20 16:00,2.1,,3.8,360,71,2198
102,백령도,2024-02-20 17:00,2.3,,3.4,360,73,2094
102,백령도,2024-02-20 18:00,2.4,,4,20,73,2032
102,백령도,2024-02-20 19:00,2.6,,2.7,20,73,2000
102,백령도,2024-02-20 20:00,3.3,,2.7,50,75,1815
102,백령도,2024-02-20 21:00,3.6,0,4.4,70,79,1384
102,백령도,2024-02-20 22:00,3.6,,3.4,70,83,1397
102,백령도,2024-02-20 23:00,4,,4.7,90,76,2653
102,백령도,2024-02-21 00:00,3.5,.1,3.2,70,79,1492
102,백령도,2024-02-21 01:00,3.1,,4.3,70,89,1199
102,백령도,2024-02-21 02:00,2.8,,5,70,89,1560
102,백령도,2024-02-21 03:00,2.5,1.8,3.7,50,92,1422
102,백령도,2024-02-21 04:00,1.3,,3.2,50,94,882
102,백령도,2024-02-21 05:00,1.7,,5.4,70,94,1524
102,백령도,2024-02-21 06:00,1.1,3.4,2.5,20,94,741
102,백령도,2024-02-21 07:00,.9,,2.2,360,95,598
102,백령도,2024-02-21 08:00,.8,,2.8,360,96,398
102,백령도,2024-02-21 09:00,.7,4.7,2.5,360,96,454
102,백령도,2024-02-21 10:00,.9,,1.7,360,95,762
102,백령도,2024-02-21 11:00,.8,,2.8,20,95,912
102,백령도,2024-02-21 12:00,.8,1,1.8,20,95,497
102,백령도,2024-02-21 13:00,1.1,,4.3,50,95,796
102,백령도,2024-02-21 14:00,1.4,,5,70,94,2794
102,백령도,2024-02-21 15:00,1.5,.4,3.8,50,91,2952
102,백령도,2024-02-21 16:00,1.7,,4,50,87,4787
102,백령도,2024-02-21 17:00,1.6,,4.1,50,85,4886
102,백령도,2024-02-21 18:00,1.7,0,5,50,84,4928
102,백령도,2024-02-21 19:00,1.7,,4.1,50,83,4063
102,백령도,2024-02-21 20:00,1.6,,2.5,20,83,3171
102,백령도,2024-02-21 21:00,1,0,2.5,20,89,1393
102,백령도,2024-02-21 22:00,1.2,,2.2,20,84,2405
102,백령도,2024-02-21 23:00,.6,,2.7,360,90,365
102,백령도,2024-02-22 00:00,.4,.8,2.8,20,93,498
102,백령도,2024-02-22 01:00,.3,,2.6,360,93,420
102,백령도,2024-02-22 02:00,0,,3.4,360,95,231
102,백령도,2024-02-22 03:00,0,2.4,3,360,95,298
102,백령도,2024-02-22 04:00,-.2,,2.7,360,94,392
102,백령도,2024-02-22 05:00,-.3,,3.7,50,94,464
102,백령도,2024-02-22 06:00,-.1,1.1,4,70,93,2479
102,백령도,2024-02-22 07:00,-.1,,5.4,70,89,4579
102,백령도,2024-02-22 08:00,.2,,4.8,90,83,4823
102,백령도,2024-02-22 09:00,.2,0,3.9,70,83,4910
102,백령도,2024-02-22 10:00,.4,,2.8,50,83,3874
102,백령도,2024-02-22 11:00,.4,,2.9,50,82,4341
102,백령도,2024-02-22 12:00,.8,0,3.9,70,78,4357
102,백령도,2024-02-22 13:00,.9,,1.3,20,79,3460
102,백령도,2024-02-22 14:00,1.1,,2.3,360,76,3998
102,백령도,2024-02-22 15:00,1.2,0,2.5,50,74,3719
102,백령도,2024-02-22 16:00,1,,4.2,50,74,3058
102,백령도,2024-02-22 17:00,.3,,2.6,50,83,619
102,백령도,2024-02-22 18:00,-.1,.3,2.7,70,90,500
102,백령도,2024-02-22 19:00,-.1,,1.8,360,92,535
102,백령도,2024-02-22 20:00,0,,2,50,89,3066
102,백령도,2024-02-22 21:00,.1,.3,2.1,50,82,3671
102,백령도,2024-02-22 22:00,.1,,2.3,50,83,1265
102,백령도,2024-02-22 23:00,-.1,,2.7,360,86,3090
102,백령도,2024-02-23 00:00,-.2,0,3.9,50,85,2566
102,백령도,2024-02-23 01:00,-.2,,2.6,360,87,2410
102,백령도,2024-02-23 02:00,-.6,,2.6,360,84,2913
102,백령도,2024-02-23 03:00,-.5,,2.1,20,81,3910
102,백령도,2024-02-23 04:00,-.3,,2.3,50,80,3515
102,백령도,2024-02-23 05:00,-.5,,2,20,80,2898
102,백령도,2024-02-23 06:00,-.5,,1.3,50,75,2836
102,백령도,2024-02-23 07:00,-.9,,2.2,70,80,2765
102,백령도,2024-02-23 08:00,-.6,,2.4,70,82,2966
102,백령도,2024-02-23 09:00,.3,,3.5,70,71,3500
102,백령도,2024-02-23 10:00,.7,,4.7,70,68,4022
102,백령도,2024-02-23 11:00,1.5,,4,90,63,4091
102,백령도,2024-02-23 12:00,2,,3.8,70,63,3811
102,백령도,2024-02-23 13:00,1.9,,2.5,70,60,4097
102,백령도,2024-02-23 14:00,2.6,,1.9,110,65,4334
102,백령도,2024-02-23 15:00,2.5,,2.1,70,60,4339
102,백령도,2024-02-23 16:00,2.8,,2.9,360,65,4140
102,백령도,2024-02-23 17:00,2.4,,4.1,360,67,3653
102,백령도,2024-02-23 18:00,1.7,,4.2,360,68,3661
102,백령도,2024-02-23 19:00,1.2,,3.2,360,74,3094
102,백령도,2024-02-23 20:00,1.1,,1.9,360,74,2885
102,백령도,2024-02-23 21:00,.9,,2.2,50,76,2914
102,백령도,2024-02-23 22:00,1.1,,2.5,50,76,2874
102,백령도,2024-02-23 23:00,1.1,,2.2,70,74,3486
102,백령도,2024-02-24 00:00,1.1,,2.5,70,76,3111
102,백령도,2024-02-24 01:00,1.1,,2,90,77,3223
102,백령도,2024-02-24 02:00,1.4,,2.7,90,73,3386
102,백령도,2024-02-24 03:00,1.4,,3.1,140,69,4296
102,백령도,2024-02-24 04:00,1,,3.6,110,69,4893
102,백령도,2024-02-24 05:00,.8,,4.8,110,69,4829
102,백령도,2024-02-24 06:00,.7,,3.8,90,72,4478
102,백령도,2024-02-24 07:00,.7,,4.4,90,72,4565
102,백령도,2024-02-24 08:00,.8,,5.3,110,66,4746
102,백령도,2024-02-24 09:00,1.4,,5.1,110,65,4135
102,백령도,2024-02-24 10:00,2.4,,3.7,110,61,4460
102,백령도,2024-02-24 11:00,2.2,,5.1,110,61,3944
102,백령도,2024-02-24 12:00,2.4,,4.9,140,60,4157
102,백령도,2024-02-24 13:00,2.5,,5.7,110,61,3571
102,백령도,2024-02-24 14:00,2.7,,4.9,110,65,3151
102,백령도,2024-02-24 15:00,2.5,0,4.9,110,70,1598
102,백령도,2024-02-24 16:00,1.6,,4,140,81,590
102,백령도,2024-02-24 17:00,1.3,,3.4,110,86,983
102,백령도,2024-02-24 18:00,.7,.4,3.5,110,90,212
102,백령도,2024-02-24 19:00,.6,,2.6,110,94,318
102,백령도,2024-02-24 20:00,.7,,3.3,90,95,449
102,백령도,2024-02-24 21:00,.6,1.3,3.3,70,96,198
102,백령도,2024-02-24 22:00,.5,,3.7,90,96,200
102,백령도,2024-02-24 23:00,.5,,2.7,70,96,113
102,백령도,2024-02-25 00:00,.5,2,2.5,50,97,236
102,백령도,2024-02-25 01:00,.6,,1.9,50,96,777
102,백령도,2024-02-25 02:00,.6,,1.8,20,96,398
102,백령도,2024-02-25 03:00,.7,.9,3.5,360,95,523
102,백령도,2024-02-25 04:00,.5,,2.5,70,95,317
102,백령도,2024-02-25 05:00,.7,,2.6,360,92,3460
102,백령도,2024-02-25 06:00,.7,.5,1.9,360,90,2104
102,백령도,2024-02-25 07:00,.7,,3,360,88,3220
102,백령도,2024-02-25 08:00,.8,,2.4,20,83,3937
102,백령도,2024-02-25 09:00,1.4,0,3.3,360,81,3665
102,백령도,2024-02-25 10:00,1.6,,4.6,360,80,3489
102,백령도,2024-02-25 11:00,2.4,,4.5,360,77,3866
102,백령도,2024-02-25 12:00,2.9,,5.1,360,72,3674
102,백령도,2024-02-25 13:00,3.4,,6.3,360,70,4197
102,백령도,2024-02-25 14:00,3.6,,6.6,340,66,4474
102,백령도,2024-02-25 15:00,3.8,,6.8,340,66,4461
102,백령도,2024-02-25 16:00,3.6,,7.1,340,64,3542
102,백령도,2024-02-25 17:00,3.2,,7.4,340,65,1109
102,백령도,2024-02-25 18:00,2.5,,6.3,340,70,821
102,백령도,2024-02-25 19:00,2.2,,7.1,340,66,1027
102,백령도,2024-02-25 20:00,2.1,,4.8,340,64,1317
102,백령도,2024-02-25 21:00,2.4,,4.3,340,62,1551
102,백령도,2024-02-25 22:00,2.7,,5,340,50,1911
102,백령도,2024-02-25 23:00,3.1,,6.3,340,51,1997
102,백령도,2024-02-26 00:00,2.5,,8,340,54,1915
102,백령도,2024-02-26 01:00,2.1,,8.3,340,55,1959
102,백령도,2024-02-26 02:00,1.6,,7.6,360,58,1778
102,백령도,2024-02-26 03:00,1.3,,6.8,360,60,1589
102,백령도,2024-02-26 04:00,1,,7.4,360,64,1543
102,백령도,2024-02-26 05:00,.9,,5.4,360,67,1199
102,백령도,2024-02-26 06:00,.9,,5,340,66,1085
102,백령도,2024-02-26 07:00,1.1,,5.6,340,64,1117
102,백령도,2024-02-26 08:00,1.3,,4.1,360,64,1129
102,백령도,2024-02-26 09:00,2,,4.2,360,60,1200
102,백령도,2024-02-26 10:00,2.5,,5.8,360,61,1176
102,백령도,2024-02-26 11:00,3.4,,5.4,360,57,1371
102,백령도,2024-02-26 12:00,3.6,,5.7,340,53,1611
102,백령도,2024-02-26 13:00,4.2,,5.9,360,46,1745
102,백령도,2024-02-26 14:00,3.9,,6.4,360,53,1639
102,백령도,2024-02-26 15:00,3.6,,7.1,360,54,1678
102,백령도,2024-02-26 16:00,3.6,,6.2,340,50,2231
102,백령도,2024-02-26 17:00,3.4,,4.7,340,52,2128
102,백령도,2024-02-26 18:00,2.6,,5,340,52,2398
102,백령도,2024-02-26 19:00,2.2,,2.9,340,57,2495
102,백령도,2024-02-26 20:00,2.3,,4,360,53,3182
102,백령도,2024-02-26 21:00,2.6,,4.5,360,47,3574
102,백령도,2024-02-26 22:00,2.4,,2.8,20,51,3582
102,백령도,2024-02-26 23:00,2.6,,2.4,360,51,3494
102,백령도,2024-02-27 00:00,2.5,,3.5,360,63,2946
102,백령도,2024-02-27 01:00,2.7,,2.7,360,56,3328
102,백령도,2024-02-27 02:00,2.7,,2.2,50,55,2915
102,백령도,2024-02-27 03:00,2.1,,2.5,90,57,3088
102,백령도,2024-02-27 04:00,2.3,,2.7,110,67,2780
102,백령도,2024-02-27 05:00,2.6,,3.7,110,61,2547
102,백령도,2024-02-27 06:00,2.2,,2.7,110,66,2438
102,백령도,2024-02-27 07:00,2.8,,4.7,110,62,2683
102,백령도,2024-02-27 08:00,2.6,,5.7,110,61,4470
102,백령도,2024-02-27 09:00,2.8,,4.8,110,59,4320
102,백령도,2024-02-27 10:00,4,,4.7,110,57,4643
102,백령도,2024-02-27 11:00,4.3,,4.3,110,58,4059
102,백령도,2024-02-27 12:00,5.6,,5.9,110,56,4856
102,백령도,2024-02-27 13:00,6.1,,6.1,110,54,3572
102,백령도,2024-02-27 14:00,5.5,,6.5,140,53,4058
102,백령도,2024-02-27 15:00,6.4,,5,140,56,3755
102,백령도,2024-02-27 16:00,5.4,,5.6,140,57,3335
102,백령도,2024-02-27 17:00,5.7,,4.2,140,58,2828
102,백령도,2024-02-27 18:00,4.5,,3.6,160,63,2533
102,백령도,2024-02-27 19:00,4,,1.5,160,73,2082
102,백령도,2024-02-27 20:00,3.5,,2.2,140,74,1833
102,백령도,2024-02-27 21:00,3.5,,1.6,200,77,2368
102,백령도,2024-02-27 22:00,3.3,,.8,90,81,1832
102,백령도,2024-02-27 23:00,3.5,,.9,140,81,1567
102,백령도,2024-02-28 00:00,3,,.8,180,82,1486
102,백령도,2024-02-28 01:00,3.3,,1.7,110,82,1333
102,백령도,2024-02-28 02:00,3.1,,1.9,110,84,1255
102,백령도,2024-02-28 03:00,2.6,,1.8,110,91,719
102,백령도,2024-02-28 04:00,2.4,,1.7,110,93,536
102,백령도,2024-02-28 05:00,2.6,,1.6,90,92,798
102,백령도,2024-02-28 06:00,2.4,,1.7,90,92,725
102,백령도,2024-02-28 07:00,2.3,,2,90,93,570
102,백령도,2024-02-28 08:00,2.7,,1.8,70,92,761
102,백령도,2024-02-28 09:00,3.5,,1.9,90,88,1043
102,백령도,2024-02-28 10:00,4.1,,1.2,160,85,1013
102,백령도,2024-02-28 11:00,5.2,,1.5,90,80,1357
102,백령도,2024-02-28 12:00,5.5,,2.5,360,71,1816
102,백령도,2024-02-28 13:00,5.3,,2.9,360,73,1674
102,백령도,2024-02-28 14:00,5.6,,3.2,360,67,2296
102,백령도,2024-02-28 15:00,5.3,,3.6,340,71,2504
102,백령도,2024-02-28 16:00,5.4,,2.9,360,74,2348
102,백령도,2024-02-28 17:00,4.5,,4.2,360,79,2160
102,백령도,2024-02-28 18:00,4.2,,2.4,340,82,1876
102,백령도,2024-02-28 19:00,3.7,,3.4,340,87,1452
102,백령도,2024-02-28 20:00,3.4,,2.5,320,89,988
102,백령도,2024-02-28 21:00,3,,2.8,320,91,865
102,백령도,2024-02-28 22:00,2.6,,2.6,320,92,773
102,백령도,2024-02-28 23:00,3.2,,2.9,340,84,1575
102,백령도,2024-02-29 00:00,2.8,,2.8,340,86,1420
102,백령도,2024-02-29 01:00,3,,3.8,340,90,913
102,백령도,2024-02-29 02:00,3.1,,5.7,340,78,1995
102,백령도,2024-02-29 03:00,3,,5.7,360,71,1823
102,백령도,2024-02-29 04:00,2.8,,4,360,65,2176
102,백령도,2024-02-29 05:00,2.7,,4.1,360,66,1782
102,백령도,2024-02-29 06:00,2.5,,4.8,340,63,1956
102,백령도,2024-02-29 07:00,2.6,,4.5,360,67,1359
102,백령도,2024-02-29 08:00,2.7,,6.1,360,75,437
102,백령도,2024-02-29 09:00,3,,5.7,360,72,496
102,백령도,2024-02-29 10:00,3.1,,6.2,360,76,446
102,백령도,2024-02-29 11:00,3.4,,6,360,71,547
102,백령도,2024-02-29 12:00,3.3,,6.6,360,72,615
102,백령도,2024-02-29 13:00,3.3,,8.2,340,71,701
102,백령도,2024-02-29 14:00,3,,8.9,360,68,805
102,백령도,2024-02-29 15:00,2.5,,9,360,58,1350
102,백령도,2024-02-29 16:00,2.3,,9.9,360,50,2398
102,백령도,2024-02-29 17:00,1.8,,11,340,49,2513
102,백령도,2024-02-29 18:00,1.3,,11.6,340,49,2492
102,백령도,2024-02-29 19:00,1,,11,340,46,2380
102,백령도,2024-02-29 20:00,.9,,11.8,340,44,2189
102,백령도,2024-02-29 21:00,.6,,12.9,340,47,2286
102,백령도,2024-02-29 22:00,.1,,13.5,340,50,2686
102,백령도,2024-02-29 23:00,-.2,,14.2,340,46,3202
102,백령도,2024-03-01 00:00,-.5,,14.3,340,38,3453
102,백령도,2024-03-01 01:00,-1.9,,16.8,340,33,3969
102,백령도,2024-03-01 02:00,-2.4,,14.2,340,40,4087
102,백령도,2024-03-01 03:00,-3,,15,340,36,4094
102,백령도,2024-03-01 04:00,-3.2,,13.9,340,38,3711
102,백령도,2024-03-01 05:00,-3.8,,11,340,37,3748
102,백령도,2024-03-01 06:00,-4.4,,13.2,340,38,3427
102,백령도,2024-03-01 07:00,-5,,12.7,340,38,4155
102,백령도,2024-03-01 08:00,-5.2,,11.5,340,40,4293
102,백령도,2024-03-01 09:00,-4.8,,10.7,340,41,4198
102,백령도,2024-03-01 10:00,-5,,11,340,37,3780
102,백령도,2024-03-01 11:00,-4.9,,9.7,340,39,4096
102,백령도,2024-03-01 12:00,-4.2,,8.9,340,41,4033
102,백령도,2024-03-01 13:00,-3.6,,8.8,320,37,4171
102,백령도,2024-03-01 14:00,-4,,8.8,340,37,4455
102,백령도,2024-03-01 15:00,-4.3,,7.5,340,42,4573
102,백령도,2024-03-01 16:00,-3.9,,6.8,340,41,4183
102,백령도,2024-03-01 17:00,-3.9,,7.1,320,40,4746
102,백령도,2024-03-01 18:00,-4.1,,7.9,320,41,4407
102,백령도,2024-03-01 19:00,-4,,7,320,43,4871
102,백령도,2024-03-01 20:00,-3.7,,5.6,320,42,4632
102,백령도,2024-03-01 21:00,-3.6,,6.1,320,38,4777
102,백령도,2024-03-01 22:00,-3.3,,6,320,41,4648
102,백령도,2024-03-01 23:00,-3.2,,5.2,320,40,4767
102,백령도,2024-03-02 00:00,-3,,5.3,320,40,4620
102,백령도,2024-03-02 01:00,-2.7,,5,320,37,4831
102,백령도,2024-03-02 02:00,-2.9,,2.5,290,39,4757
102,백령도,2024-03-02 03:00,-2.9,,2.2,270,41,4988
102,백령도,2024-03-02 04:00,-3.3,,1.7,230,46,4847
102,백령도,2024-03-02 05:00,-1.9,,2.7,250,54,4782
102,백령도,2024-03-02 06:00,-.9,,3.1,250,52,4578
102,백령도,2024-03-02 07:00,.3,,4.8,250,45,4569
102,백령도,2024-03-02 08:00,1.3,,5.8,250,48,4415
102,백령도,2024-03-02 09:00,2.2,,7.7,250,47,4172
102,백령도,2024-03-02 10:00,3.2,,8,250,51,4192
102,백령도,2024-03-02 11:00,3.7,,8.2,230,54,3066
102,백령도,2024-03-02 12:00,4.4,,8.9,250,51,3328
102,백령도,2024-03-02 13:00,5.1,,7.4,250,56,2265
102,백령도,2024-03-02 14:00,5.2,,8.7,250,59,1693
102,백령도,2024-03-02 15:00,5.8,,7.7,250,58,1178
102,백령도,2024-03-02 16:00,5.2,,8.2,250,58,1081
102,백령도,2024-03-02 17:00,4.9,,6.6,270,61,946
102,백령도,2024-03-02 18:00,4.5,,5.2,250,63,884
102,백령도,2024-03-02 19:00,4.1,,4.3,250,71,737
102,백령도,2024-03-02 20:00,4.2,,5.6,250,74,615
102,백령도,2024-03-02 21:00,3.8,,4.5,270,78,448
102,백령도,2024-03-02 22:00,3.1,,5.1,290,77,445
102,백령도,2024-03-02 23:00,2.9,,7.1,290,72,452
102,백령도,2024-03-03 00:00,2.7,,5.4,290,73,425
102,백령도,2024-03-03 01:00,2.7,,3.8,320,64,689
102,백령도,2024-03-03 02:00,1.6,,1.9,270,58,1550
102,백령도,2024-03-03 03:00,1.5,,2.1,340,62,1595
102,백령도,2024-03-03 04:00,.7,,.9,320,64,1473
102,백령도,2024-03-03 05:00,.5,,.3,0,63,1717
102,백령도,2024-03-03 06:00,0,,0,0,64,1982
102,백령도,2024-03-03 07:00,1.4,,.9,20,54,2469
102,백령도,2024-03-03 08:00,1.9,,1.4,50,54,3064
102,백령도,2024-03-03 09:00,2.6,,1.7,90,64,1799
102,백령도,2024-03-03 10:00,3.9,,2,70,57,1478
102,백령도,2024-03-03 11:00,4.3,,2.4,70,49,1647
102,백령도,2024-03-03 12:00,5.5,,2.3,70,17,3462
102,백령도,2024-03-03 13:00,7.3,,1.3,90,20,3147
102,백령도,2024-03-03 14:00,5.8,,3.4,360,23,3227
102,백령도,2024-03-03 15:00,4.8,,4.9,360,50,1668
102,백령도,2024-03-03 16:00,4.8,,4.1,360,38,3300
102,백령도,2024-03-03 17:00,4.2,,4.3,340,35,3881
102,백령도,2024-03-03 18:00,3,,3.1,360,44,4447
102,백령도,2024-03-03 19:00,2,,3.3,360,52,3807
102,백령도,2024-03-03 20:00,1.8,,3.5,360,54,4216
102,백령도,2024-03-03 21:00,1.6,,3.2,360,59,3730
102,백령도,2024-03-03 22:00,1.5,,3.3,360,50,4376
102,백령도,2024-03-03 23:00,1.3,,2,360,51,4403
102,백령도,2024-03-04 00:00,1.3,,2.7,360,30,4925
102,백령도,2024-03-04 01:00,.8,,2.2,360,43,4676
102,백령도,2024-03-04 02:00,.6,,1.2,360,48,4671
102,백령도,2024-03-04 03:00,.9,,1.1,20,47,4656
102,백령도,2024-03-04 04:00,1.1,,2.4,50,41,4472
102,백령도,2024-03-04 05:00,.2,,2.1,70,49,3728
102,백령도,2024-03-04 06:00,.3,,3,70,56,3592
102,백령도,2024-03-04 07:00,-.1,,3,90,61,3558
102,백령도,2024-03-04 08:00,1.4,,3.2,90,51,3500
102,백령도,2024-03-04 09:00,2.4,,4,110,51,3568
102,백령도,2024-03-04 10:00,3.6,,4.2,110,37,3240
102,백령도,2024-03-04 11:00,3.8,,5.5,140,42,3370
102,백령도,2024-03-04 12:00,4.9,,5,140,42,2604
102,백령도,2024-03-04 13:00,5.6,,4.8,160,35,3368
102,백령도,2024-03-04 14:00,5.6,,4.9,160,39,419
102,백령도,2024-03-04 15:00,5.7,,3.3,160,40,1932
102,백령도,2024-03-04 16:00,6.1,,3.6,160,31,2979
102,백령도,2024-03-04 17:00,5.1,,3,160,39,4072
102,백령도,2024-03-04 18:00,4.4,,3,160,30,3924
102,백령도,2024-03-04 19:00,3.9,,2.3,110,45,3946
102,백령도,2024-03-04 20:00,3.4,,1.9,90,65,3135
102,백령도,2024-03-04 21:00,3.7,,1.3,90,68,2510
102,백령도,2024-03-04 22:00,4.1,,2.1,70,60,3076
102,백령도,2024-03-04 23:00,4.4,,2.4,70,55,2930
102,백령도,2024-03-05 00:00,4.6,,2.5,70,53,2917
102,백령도,2024-03-05 01:00,4.7,,1.1,360,48,2574
102,백령도,2024-03-05 02:00,5.1,,2.7,50,48,1861
102,백령도,2024-03-05 03:00,4.7,,1.2,90,59,1628
102,백령도,2024-03-05 04:00,4.5,,1.5,90,60,1725
102,백령도,2024-03-05 05:00,4.9,,2.9,70,52,1890
102,백령도,2024-03-05 06:00,5.4,,2.8,70,46,2233
102,백령도,2024-03-05 07:00,5.5,,2.6,50,44,2388
102,백령도,2024-03-05 08:00,5.9,,2,50,39,2492
102,백령도,2024-03-05 09:00,6.6,,2.3,20,30,2000
102,백령도,2024-03-05 10:00,7.9,,2.2,70,27,2294
102,백령도,2024-03-05 11:00,7.4,,2.5,70,45,2199
102,백령도,2024-03-05 12:00,8.6,,3,90,29,2077
102,백령도,2024-03-05 13:00,9,,2.2,90,27,2425
102,백령도,2024-03-05 14:00,6.7,,4.8,340,56,1507
102,백령도,2024-03-05 15:00,7.3,,3.5,360,39,1864
102,백령도,2024-03-05 16:00,7.5,,3.2,360,46,1919
102,백령도,2024-03-05 17:00,5.8,,4.9,360,58,1737
102,백령도,2024-03-05 18:00,5.7,,5.9,340,53,2241
102,백령도,2024-03-05 19:00,5.2,,2.9,320,55,2921
102,백령도,2024-03-05 20:00,5,,4.7,340,61,2854
102,백령도,2024-03-05 21:00,5.2,,1.6,320,55,3059
102,백령도,2024-03-05 22:00,5.8,,5.1,340,46,3157
102,백령도,2024-03-05 23:00,5.9,,3.9,340,43,3041
102,백령도,2024-03-06 00:00,4.8,,2.6,340,60,2673
102,백령도,2024-03-06 01:00,4.7,,1.3,340,63,2742
102,백령도,2024-03-06 02:00,4.2,,3.5,340,71,2210
102,백령도,2024-03-06 03:00,4.1,,4.2,340,72,1918
102,백령도,2024-03-06 04:00,3.7,,4.8,360,78,1674
102,백령도,2024-03-06 05:00,3.6,,5.2,360,79,1362
102,백령도,2024-03-06 06:00,3.6,,5,360,78,1209
102,백령도,2024-03-06 07:00,3.2,,2.6,360,73,1596
102,백령도,2024-03-06 08:00,3.4,,4.1,360,53,2804
102,백령도,2024-03-06 09:00,3.8,,5.5,360,44,4112
102,백령도,2024-03-06 10:00,4.4,,5.7,360,42,4214
102,백령도,2024-03-06 11:00,4.7,,6.4,360,44,4589
102,백령도,2024-03-06 12:00,4.6,,7.4,360,48,4118
102,백령도,2024-03-06 13:00,4.2,,9.3,340,47,3717
102,백령도,2024-03-06 14:00,4.1,,9.2,340,46,3919
102,백령도,2024-03-06 15:00,4,,7.4,360,45,3736
102,백령도,2024-03-06 16:00,3.6,,6.9,340,47,3747
102,백령도,2024-03-06 17:00,3.5,,6.7,340,43,4097
102,백령도,2024-03-06 18:00,2.8,,8.1,340,41,4698
102,백령도,2024-03-06 19:00,2.4,,6.4,340,44,4769
102,백령도,2024-03-06 20:00,2.7,,7.1,340,43,4927
102,백령도,2024-03-06 21:00,3,,7.5,340,41,4878
102,백령도,2024-03-06 22:00,3.2,,6.9,340,44,4766
102,백령도,2024-03-06 23:00,3.2,,4.7,340,49,4085
102,백령도,2024-03-07 00:00,3.4,,6.1,320,54,3296
102,백령도,2024-03-07 01:00,3.4,,6.3,320,59,2419
102,백령도,2024-03-07 02:00,3.2,,5.5,340,52,2696
102,백령도,2024-03-07 03:00,2.5,,3.5,340,65,2175
102,백령도,2024-03-07 04:00,2.7,,4.3,320,65,2222
102,백령도,2024-03-07 05:00,2.1,,3.2,340,66,2113
102,백령도,2024-03-07 06:00,2,,4.3,320,63,2456
102,백령도,2024-03-07 07:00,1.8,,4.3,320,66,2544
102,백령도,2024-03-07 08:00,2.4,,6.2,320,63,2350
102,백령도,2024-03-07 09:00,3,,6.6,320,60,2464
102,백령도,2024-03-07 10:00,3.7,,5.4,340,56,2628
102,백령도,2024-03-07 11:00,4.7,,5.1,340,52,2414
102,백령도,2024-03-07 12:00,4.6,,5.2,340,51,2696
102,백령도,2024-03-07 13:00,5,,4.9,340,45,2575
102,백령도,2024-03-07 14:00,4.2,,7,320,44,2810
102,백령도,2024-03-07 15:00,4.3,,6.7,320,38,3593
102,백령도,2024-03-07 16:00,4.2,,5.9,320,32,3948
102,백령도,2024-03-07 17:00,3.9,,5.6,320,48,2982
102,백령도,2024-03-07 18:00,3.1,,5.9,320,49,2846
102,백령도,2024-03-07 19:00,2.7,,5.4,320,61,1481
102,백령도,2024-03-07 20:00,3,,4.9,290,68,1412
102,백령도,2024-03-07 21:00,3.1,,4.6,290,69,1206
102,백령도,2024-03-07 22:00,3.6,,6.2,290,74,866
102,백령도,2024-03-07 23:00,3.9,,6.7,290,71,665
102,백령도,2024-03-08 00:00,4.3,,6.8,340,49,2463
102,백령도,2024-03-08 01:00,4.1,,7.1,340,50,2288
102,백령도,2024-03-08 02:00,3.9,,7.1,340,48,2411
102,백령도,2024-03-08 03:00,3.9,,9.1,340,44,3292
102,백령도,2024-03-08 04:00,3.6,,5.7,340,40,2765
102,백령도,2024-03-08 05:00,3.5,,6.2,340,44,2643
102,백령도,2024-03-08 06:00,3.1,,5.4,340,47,2648
102,백령도,2024-03-08 07:00,2.9,,8.4,340,41,3202
102,백령도,2024-03-08 08:00,2.8,,8.7,340,41,3620
102,백령도,2024-03-08 09:00,2.8,,8.4,340,36,4209
102,백령도,2024-03-08 10:00,2.7,,11.2,340,35,4612
102,백령도,2024-03-08 11:00,2.9,,9.4,340,39,3558
102,백령도,2024-03-08 12:00,3.3,,8.2,340,38,3600
102,백령도,2024-03-08 13:00,3.5,,7.5,340,34,3914
102,백령도,2024-03-08 14:00,3.9,,6.9,340,35,3521
102,백령도,2024-03-08 15:00,3,,8.4,340,37,4141
102,백령도,2024-03-08 16:00,3.3,,7.4,320,41,4198
102,백령도,2024-03-08 17:00,2.6,,7.9,340,35,3988
102,백령도,2024-03-08 18:00,2.3,,7.5,340,41,4477
102,백령도,2024-03-08 19:00,2,,5.6,340,39,4185
102,백령도,2024-03-08 20:00,2.3,,7.2,340,35,3967
102,백령도,2024-03-08 21:00,2.5,,8.6,340,33,3713
102,백령도,2024-03-08 22:00,2.6,,10.3,340,37,3242
102,백령도,2024-03-08 23:00,2.3,,9.5,340,40,2861
102,백령도,2024-03-09 00:00,1.8,,8.1,360,42,2950
102,백령도,2024-03-09 01:00,1.4,,8.4,360,47,2692
102,백령도,2024-03-09 02:00,.8,,7.3,360,47,2955
102,백령도,2024-03-09 03:00,.6,,6.2,360,51,3195
102,백령도,2024-03-09 04:00,.5,,7.6,340,50,3261
102,백령도,2024-03-09 05:00,.3,,5.9,360,52,3301
102,백령도,2024-03-09 06:00,.2,,6.4,360,54,3256
102,백령도,2024-03-09 07:00,.1,,6.9,340,54,3424
102,백령도,2024-03-09 08:00,.3,,5.9,360,52,3295
102,백령도,2024-03-09 09:00,1,,5.6,360,51,3713
102,백령도,2024-03-09 10:00,1.6,,5.4,360,49,3632
102,백령도,2024-03-09 11:00,2,,5.3,360,47,3601
102,백령도,2024-03-09 12:00,2.2,,5.7,360,44,4287
102,백령도,2024-03-09 13:00,2.7,,5.4,320,45,4145
102,백령도,2024-03-09 14:00,2.9,,5.2,340,43,3995
102,백령도,2024-03-09 15:00,2.7,,5.5,320,44,4158
102,백령도,2024-03-09 16:00,2.6,,5.8,320,47,4400
102,백령도,2024-03-09 17:00,2.5,,3.8,320,47,4567
102,백령도,2024-03-09 18:00,1.7,,3.9,320,52,4646
102,백령도,2024-03-09 19:00,.9,,3.4,320,56,4604
102,백령도,2024-03-09 20:00,.5,,2.5,320,62,4581
102,백령도,2024-03-09 21:00,0,,2,250,67,4549
102,백령도,2024-03-09 22:00,.2,,1.5,250,66,4095
102,백령도,2024-03-09 23:00,.6,,.2,0,67,4493
102,백령도,2024-03-10 00:00,1,,1.6,250,67,4879
102,백령도,2024-03-10 01:00,1.7,,1.1,250,63,4753
102,백령도,2024-03-10 02:00,1.9,,2,270,67,4509
102,백령도,2024-03-10 03:00,2.4,,1.1,270,67,3817
102,백령도,2024-03-10 04:00,2.5,,0,0,69,3810
102,백령도,2024-03-10 05:00,2.2,,1.1,140,73,3735
102,백령도,2024-03-10 06:00,1.8,,2.1,90,86,2442
102,백령도,2024-03-10 07:00,1.7,,2.2,90,91,1882
102,백령도,2024-03-10 08:00,2.9,,2.2,110,89,2027
102,백령도,2024-03-10 09:00,5.8,,2.6,160,68,4274
102,백령도,2024-03-10 10:00,6.7,,4.7,200,57,4439
102,백령도,2024-03-10 11:00,7.7,,4.9,200,58,3789
102,백령도,2024-03-10 12:00,7.8,,5.4,200,59,3863
102,백령도,2024-03-10 13:00,7.7,,6.4,200,61,3967
102,백령도,2024-03-10 14:00,8,,6.7,200,60,3833
102,백령도,2024-03-10 15:00,7.8,,5.8,230,60,3867
102,백령도,2024-03-10 16:00,7.5,,6,230,63,3142
102,백령도,2024-03-10 17:00,7.3,,4.7,200,68,3040
102,백령도,2024-03-10 18:00,6.5,,5,200,71,2767
102,백령도,2024-03-10 19:00,6,,4.5,200,77,2485
102,백령도,2024-03-10 20:00,6.1,,4.6,200,78,2672
102,백령도,2024-03-10 21:00,6.2,,4.4,200,79,2574
102,백령도,2024-03-10 22:00,6.1,,4.2,180,82,2128
102,백령도,2024-03-10 23:00,5.6,,4.7,160,87,1929
102,백령도,2024-03-11 00:00,5.3,,4,160,88,1609
102,백령도,2024-03-11 01:00,5.3,,4.1,160,89,1497
102,백령도,2024-03-11 02:00,5.5,,3.4,160,90,1381
102,백령도,2024-03-11 03:00,5.3,,4.2,160,92,1015
102,백령도,2024-03-11 04:00,5.2,,4.1,160,93,851
102,백령도,2024-03-11 05:00,5.2,,5.2,160,93,985
102,백령도,2024-03-11 06:00,5.2,,5.6,160,91,1012
102,백령도,2024-03-11 07:00,5.1,,5.8,160,90,1139
102,백령도,2024-03-11 08:00,5.2,,5.8,160,89,1264
102,백령도,2024-03-11 09:00,5.5,,5.9,160,84,1478
102,백령도,2024-03-11 10:00,5.7,,4.9,160,80,1648
102,백령도,2024-03-11 11:00,6.1,,5,160,80,1868
102,백령도,2024-03-11 12:00,6.3,,4.6,160,79,1554
102,백령도,2024-03-11 13:00,6.7,,5.4,140,78,1169
102,백령도,2024-03-11 14:00,6.8,,7.4,160,77,1543
102,백령도,2024-03-11 15:00,6.5,,6.2,160,79,1481
102,백령도,2024-03-11 16:00,6.7,,3.7,160,79,1552
102,백령도,2024-03-11 17:00,5.9,,3.1,140,85,976
102,백령도,2024-03-11 18:00,5.7,,2.6,160,87,940
102,백령도,2024-03-11 19:00,5.3,,2.6,160,90,727
102,백령도,2024-03-11 20:00,5.4,,2.5,160,91,733
102,백령도,2024-03-11 21:00,5.4,,1.2,180,91,668
102,백령도,2024-03-11 22:00,5.6,,.4,0,91,670
102,백령도,2024-03-11 23:00,6.6,,1.8,270,90,1251
102,백령도,2024-03-12 00:00,5.2,3.7,2.3,360,95,384
102,백령도,2024-03-12 01:00,5.2,,2.8,340,96,642
102,백령도,2024-03-12 02:00,5,,3.9,340,95,579
102,백령도,2024-03-12 03:00,4.4,.8,7.1,340,96,160
102,백령도,2024-03-12 04:00,3.8,,4.9,360,96,252
102,백령도,2024-03-12 05:00,3.7,,5.4,360,96,427
102,백령도,2024-03-12 06:00,3.7,,6,360,94,689
102,백령도,2024-03-12 07:00,3.5,,5.8,360,87,3152
102,백령도,2024-03-12 08:00,3.7,,5.7,360,82,2195
102,백령도,2024-03-12 09:00,4.3,,6.5,360,75,1232
102,백령도,2024-03-12 10:00,4.7,,7.7,360,72,1341
102,백령도,2024-03-12 11:00,5.2,,7.8,360,62,1909
102,백령도,2024-03-12 12:00,5.9,,7.6,360,54,2847
102,백령도,2024-03-12 13:00,6,,9.7,360,48,3595
102,백령도,2024-03-12 14:00,5.8,,8.5,340,54,2835
102,백령도,2024-03-12 15:00,6.2,,7.3,340,49,3527
102,백령도,2024-03-12 16:00,6.3,,7.7,340,53,3107
102,백령도,2024-03-12 17:00,6.4,,6.9,340,51,3469
102,백령도,2024-03-12 18:00,5.6,,6.9,320,56,2958
102,백령도,2024-03-12 19:00,4.9,,4.8,320,64,1933
102,백령도,2024-03-12 20:00,5.1,,4.9,320,62,1880
102,백령도,2024-03-12 21:00,4.9,,5.1,290,69,1876
102,백령도,2024-03-12 22:00,4.9,,5.1,290,71,2173
102,백령도,2024-03-12 23:00,4.7,,4.3,290,71,2863
102,백령도,2024-03-13 00:00,4.4,,3.7,290,74,2845
102,백령도,2024-03-13 01:00,4.5,,4.7,290,73,2425
102,백령도,2024-03-13 02:00,4.3,,4.6,290,74,2121
102,백령도,2024-03-13 03:00,4.2,,4.3,290,75,2322
102,백령도,2024-03-13 04:00,3.9,,3.9,290,78,2491
102,백령도,2024-03-13 05:00,3.5,,3.5,320,80,1980
102,백령도,2024-03-13 06:00,3.3,,3.1,290,77,2647
102,백령도,2024-03-13 07:00,3.2,,3.1,270,59,3612
102,백령도,2024-03-13 08:00,4.6,,2.6,270,62,1912
102,백령도,2024-03-13 09:00,6.7,,2.8,250,57,1846
102,백령도,2024-03-13 10:00,8.6,,4.9,250,42,1747
102,백령도,2024-03-13 11:00,9.2,,4.8,230,43,1740
102,백령도,2024-03-13 12:00,10.2,,5.7,250,39,1865
102,백령도,2024-03-13 13:00,10.2,,6.6,270,36,2008
102,백령도,2024-03-13 14:00,9.7,,8.1,270,42,2059
102,백령도,2024-03-13 15:00,10.3,,6.9,250,35,1770
102,백령도,2024-03-13 16:00,10.6,,5.6,250,32,2344
102,백령도,2024-03-13 17:00,9.4,,5.4,250,46,1931
102,백령도,2024-03-13 18:00,8.3,,5.4,250,52,1528
102,백령도,2024-03-13 19:00,6.8,,3,230,65,1131
102,백령도,2024-03-13 20:00,6.8,,4.4,230,66,984
102,백령도,2024-03-13 21:00,6.9,,5.2,250,67,916
102,백령도,2024-03-13 22:00,7.4,,6.2,250,63,970
102,백령도,2024-03-13 23:00,6.9,,6.5,270,71,806
102,백령도,2024-03-14 00:00,7.3,,4,270,60,968
102,백령도,2024-03-14 01:00,7.3,,3.8,270,55,1088
102,백령도,2024-03-14 02:00,6.9,,3.4,270,58,993
102,백령도,2024-03-14 03:00,6.2,,3.3,290,65,818
102,백령도,2024-03-14 04:00,5.7,,4.2,320,73,645
102,백령도,2024-03-14 05:00,4.3,,3.1,320,87,376
102,백령도,2024-03-14 06:00,4.1,,2.2,290,81,451
102,백령도,2024-03-14 07:00,4.7,,2.3,320,75,520
102,백령도,2024-03-14 08:00,5.5,,1.6,320,68,588
102,백령도,2024-03-14 09:00,7.7,,.6,320,61,603
102,백령도,2024-03-14 10:00,9.8,,1.3,110,58,619
102,백령도,2024-03-14 11:00,11.8,,2.2,180,36,1144
102,백령도,2024-03-14 12:00,13.6,,3,180,21,1507
102,백령도,2024-03-14 13:00,11.9,,4.4,180,36,1014
102,백령도,2024-03-14 14:00,12.3,,3.2,200,39,1214
102,백령도,2024-03-14 15:00,11.5,,4.5,200,30,1320
102,백령도,2024-03-14 16:00,10.9,,5.1,200,40,1057
102,백령도,2024-03-14 17:00,10.4,,3.9,200,50,1128
102,백령도,2024-03-14 18:00,8.9,,3.2,200,63,1020
102,백령도,2024-03-14 19:00,7,,3.5,180,82,714
102,백령도,2024-03-14 20:00,6.2,,3,200,90,503
102,백령도,2024-03-14 21:00,6.6,,3.5,200,86,677
102,백령도,2024-03-14 22:00,7.4,,6.7,230,70,962
102,백령도,2024-03-14 23:00,8.1,,6.8,230,57,1359
102,백령도,2024-03-15 00:00,9.1,,7.3,250,43,1710
102,백령도,2024-03-15 01:00,9.1,,7.3,250,40,1883
102,백령도,2024-03-15 02:00,9.1,,6.3,250,39,2029
102,백령도,2024-03-15 03:00,8.8,,4.5,230,43,2050
102,백령도,2024-03-15 04:00,7.3,,.9,160,63,1330
102,백령도,2024-03-15 05:00,5.8,,1.8,110,76,882
102,백령도,2024-03-15 06:00,6.1,,.7,160,72,967
102,백령도,2024-03-15 07:00,6.3,,.9,160,71,1008
102,백령도,2024-03-15 08:00,7.1,,1.4,140,68,1103
102,백령도,2024-03-15 09:00,9.6,,2,180,60,1229
102,백령도,2024-03-15 10:00,11.2,,1.3,340,51,1071
102,백령도,2024-03-15 11:00,11.5,,1.4,70,55,1229
102,백령도,2024-03-15 12:00,13.2,,2.2,250,48,1335
102,백령도,2024-03-15 13:00,12.6,,2.3,110,49,1148
102,백령도,2024-03-15 14:00,13.2,,3,230,45,1232
102,백령도,2024-03-15 15:00,13,,5.1,250,48,1065
102,백령도,2024-03-15 16:00,12.6,,3.6,290,51,986
102,백령도,2024-03-15 17:00,11.5,,5.9,270,56,806
102,백령도,2024-03-15 18:00,10.1,,5.2,270,66,686
102,백령도,2024-03-15 19:00,8.6,,1.1,180,72,548
102,백령도,2024-03-15 20:00,7.4,,.7,200,80,469
102,백령도,2024-03-15 21:00,7.7,,1.3,250,82,518
102,백령도,2024-03-15 22:00,7.5,,.6,140,81,597
102,백령도,2024-03-15 23:00,7.5,,.9,200,83,624
102,백령도,2024-03-16 00:00,7.3,,.2,0,79,839
102,백령도,2024-03-16 01:00,6.1,,1.4,110,88,539
102,백령도,2024-03-16 02:00,6.3,,2.2,160,90,516
102,백령도,2024-03-16 03:00,5.1,,2.1,110,94,197
102,백령도,2024-03-16 04:00,5.2,,2.1,110,96,47
102,백령도,2024-03-16 05:00,5.3,,2.7,140,97,51
102,백령도,2024-03-16 06:00,4.7,,2.7,140,97,15
102,백령도,2024-03-16 07:00,4.1,,3.6,160,97,19
102,백령도,2024-03-16 08:00,3.7,,4.4,140,97,19
102,백령도,2024-03-16 09:00,4,,3.6,140,97,30
102,백령도,2024-03-16 10:00,4,,5,160,97,72
102,백령도,2024-03-16 11:00,4.8,,4,140,97,362
102,백령도,2024-03-16 12:00,5.3,,3.8,160,97,662
102,백령도,2024-03-16 13:00,4.9,,6.2,160,95,824
102,백령도,2024-03-16 14:00,5.3,,5,180,91,2244
102,백령도,2024-03-16 15:00,7.9,,4.4,180,61,3114
102,백령도,2024-03-16 16:00,8.5,,5.2,180,58,4835
102,백령도,2024-03-16 17:00,7.1,,4.3,180,61,4696
102,백령도,2024-03-16 18:00,6.4,,2.5,160,74,4939
102,백령도,2024-03-16 19:00,5.4,,2.1,140,85,2904
102,백령도,2024-03-16 20:00,5.6,,2.9,140,87,2316
102,백령도,2024-03-16 21:00,6.3,,4.5,180,80,3817
102,백령도,2024-03-16 22:00,6.3,,4.8,200,86,3000
102,백령도,2024-03-16 23:00,8.1,,5.4,230,83,3079
102,백령도,2024-03-17 00:00,8,,3.3,270,92,1248
102,백령도,2024-03-17 01:00,8.8,,5,250,94,750
102,백령도,2024-03-17 02:00,8.8,,6.8,250,95,314
102,백령도,2024-03-17 03:00,7.7,,7.9,290,95,235
102,백령도,2024-03-17 04:00,6,,6.4,320,96,188
102,백령도,2024-03-17 05:00,5.5,,6,340,93,719
102,백령도,2024-03-17 06:00,5.5,,9,340,77,1371
102,백령도,2024-03-17 07:00,5.3,,11.3,340,57,1043
102,백령도,2024-03-17 08:00,5,,14,340,51,887
102,백령도,2024-03-17 09:00,4.8,,13.4,340,56,1012
102,백령도,2024-03-17 10:00,5,,13.5,340,52,1391
102,백령도,2024-03-17 11:00,5,,14.8,340,55,1654
102,백령도,2024-03-17 12:00,4.9,,15.5,340,56,2477
102,백령도,2024-03-17 13:00,5.2,,12.2,340,53,3243
102,백령도,2024-03-17 14:00,5.4,,12.6,340,50,3314
102,백령도,2024-03-17 15:00,5.6,,13.5,340,47,3871
102,백령도,2024-03-17 16:00,5.5,,12.3,340,48,2831
102,백령도,2024-03-17 17:00,5.5,,8.4,340,47,3702
102,백령도,2024-03-17 18:00,5.2,,9.7,320,53,3718
102,백령도,2024-03-17 19:00,4.8,,9.5,320,54,3627
102,백령도,2024-03-17 20:00,4.6,,7.5,320,60,3259
102,백령도,2024-03-17 21:00,4.6,,4.1,340,57,3031
102,백령도,2024-03-17 22:00,4.8,,4.5,340,59,3037
102,백령도,2024-03-17 23:00,4.7,,5,340,67,2660
102,백령도,2024-03-18 00:00,4.8,,4.5,340,62,2912
102,백령도,2024-03-18 01:00,4.9,,5.2,340,60,2863
102,백령도,2024-03-18 02:00,4.3,,3,340,66,2764
102,백령도,2024-03-18 03:00,4,,1.8,320,56,2818
102,백령도,2024-03-18 04:00,3.5,,2.1,360,61,2672
102,백령도,2024-03-18 05:00,2.6,,1,230,71,2370
102,백령도,2024-03-18 06:00,2.5,,1.2,320,73,2055
102,백령도,2024-03-18 07:00,2.6,,1,270,74,1935
102,백령도,2024-03-18 08:00,3.9,,.7,110,55,2987
102,백령도,2024-03-18 09:00,6.1,,1.9,90,64,3001
102,백령도,2024-03-18 10:00,6.7,,3.1,200,35,3524
102,백령도,2024-03-18 11:00,8.3,,4,180,36,3654
102,백령도,2024-03-18 12:00,8.8,,3.4,230,19,4338
102,백령도,2024-03-18 13:00,9,,1.8,340,32,4057
102,백령도,2024-03-18 14:00,9,,4.2,200,21,4713
102,백령도,2024-03-18 15:00,8.7,,5.1,180,31,3488
102,백령도,2024-03-18 16:00,8.2,,4.3,200,42,3702
102,백령도,2024-03-18 17:00,7.5,,4.4,200,47,3991
102,백령도,2024-03-18 18:00,6.7,,4.5,200,59,3105
102,백령도,2024-03-18 19:00,6,,3.1,200,68,2750
102,백령도,2024-03-18 20:00,5.7,,2,200,72,2345
102,백령도,2024-03-18 21:00,5.6,,2.3,200,75,1862
102,백령도,2024-03-18 22:00,5.6,,,,76,1999
102,백령도,2024-03-18 23:00,5.9,,2.4,200,75,2270
102,백령도,2024-03-19 00:00,6.2,,2.4,200,76,2336
102,백령도,2024-03-19 01:00,6.2,,3.7,200,77,2082
102,백령도,2024-03-19 02:00,6.4,,2.6,230,75,2292
102,백령도,2024-03-19 03:00,6.4,,3.7,200,76,2312
102,백령도,2024-03-19 04:00,6.2,,3.1,180,79,2038
102,백령도,2024-03-19 05:00,6,,2.8,200,79,1820
102,백령도,2024-03-19 06:00,6.3,,2.5,230,80,1290
102,백령도,2024-03-19 07:00,6.4,,2.3,230,80,1098
102,백령도,2024-03-19 08:00,6.7,,2.4,250,78,1094
102,백령도,2024-03-19 09:00,7.1,,5.1,290,75,796
102,백령도,2024-03-19 10:00,6.7,,8,320,81,754
102,백령도,2024-03-19 11:00,6.3,,7.8,320,82,1014
102,백령도,2024-03-19 12:00,5.3,,7.9,320,80,851
102,백령도,2024-03-19 13:00,5.6,,8,320,78,745
102,백령도,2024-03-19 14:00,4.9,,10.5,320,76,815
102,백령도,2024-03-19 15:00,5,,10.1,320,79,780
102,백령도,2024-03-19 16:00,5.9,,9.4,320,66,1038
102,백령도,2024-03-19 17:00,5.1,,9.6,320,69,1815
102,백령도,2024-03-19 18:00,4.9,,9.9,320,62,2380
102,백령도,2024-03-19 19:00,4.8,,9.8,320,57,3059
102,백령도,2024-03-19 20:00,4.9,,11,320,61,2643
102,백령도,2024-03-19 21:00,4.9,,6.4,340,60,2190
102,백령도,2024-03-19 22:00,5.1,,8.9,340,59,2210
102,백령도,2024-03-19 23:00,4.9,,9.4,340,58,2238
102,백령도,2024-03-20 00:00,4.6,,5.4,320,64,2171
102,백령도,2024-03-20 01:00,4.6,,5.3,340,62,2547
102,백령도,2024-03-20 02:00,4.4,,8.5,340,61,2849
102,백령도,2024-03-20 03:00,4.2,,7.7,340,63,2988
102,백령도,2024-03-20 04:00,4,,7.1,340,64,2855
102,백령도,2024-03-20 05:00,3.8,,8.2,340,63,2950
102,백령도,2024-03-20 06:00,3.7,,9.2,340,62,3142
102,백령도,2024-03-20 07:00,3.4,,8.3,340,63,3125
102,백령도,2024-03-20 08:00,3.9,,10.6,340,46,3780
102,백령도,2024-03-20 09:00,4.2,,8.2,340,50,3604
102,백령도,2024-03-20 10:00,4.3,,9,340,51,3411
102,백령도,2024-03-20 11:00,4.4,,9.7,340,47,3122
102,백령도,2024-03-20 12:00,4.5,,9.9,340,46,3575
102,백령도,2024-03-20 13:00,4.5,,9.6,340,46,3335
102,백령도,2024-03-20 14:00,5,,6.6,320,45,3603
102,백령도,2024-03-20 15:00,5,,7,340,44,3773
102,백령도,2024-03-20 16:00,4.5,,7.5,320,49,3302
102,백령도,2024-03-20 17:00,4.2,,7.5,320,47,4412
102,백령도,2024-03-20 18:00,3.7,,5.3,320,39,4097
102,백령도,2024-03-20 19:00,3.1,,5.3,320,52,3580
102,백령도,2024-03-20 20:00,3.4,,5,320,50,4436
102,백령도,2024-03-20 21:00,3.5,,5,290,48,4118
102,백령도,2024-03-20 22:00,3.5,,4.7,290,53,4515
102,백령도,2024-03-20 23:00,3.5,,5,290,52,4606
102,백령도,2024-03-21 00:00,3.3,,4.6,290,63,4405
102,백령도,2024-03-21 01:00,3.6,,5.4,320,62,4420
102,백령도,2024-03-21 02:00,3.5,,4.9,320,66,4067
102,백령도,2024-03-21 03:00,3.7,,5.1,320,63,4326
102,백령도,2024-03-21 04:00,3.5,,3.7,320,63,4206
102,백령도,2024-03-21 05:00,3,,2.2,320,67,3396
102,백령도,2024-03-21 06:00,2.2,,2.7,320,70,3527
102,백령도,2024-03-21 07:00,2.3,,.2,0,72,3735
102,백령도,2024-03-21 08:00,3.6,,.5,230,65,4201
102,백령도,2024-03-21 09:00,6.4,,1.9,140,42,3793
102,백령도,2024-03-21 10:00,6.6,,2.7,180,46,3989
102,백령도,2024-03-21 11:00,7.9,,3.5,180,39,3961
102,백령도,2024-03-21 12:00,7.5,,4.1,180,44,4752
102,백령도,2024-03-21 13:00,8,,4.7,180,39,4247
102,백령도,2024-03-21 14:00,8.4,,4.7,180,46,4378
102,백령도,2024-03-21 15:00,8.1,,5.8,180,49,4166
102,백령도,2024-03-21 16:00,8.2,,5.8,180,54,4105
102,백령도,2024-03-21 17:00,7.4,,6.3,180,59,3635
102,백령도,2024-03-21 18:00,6.6,,3.9,160,66,4216
102,백령도,2024-03-21 19:00,5.6,,4.2,160,76,3634
102,백령도,2024-03-21 20:00,5.8,,5,160,79,3338
102,백령도,2024-03-21 21:00,6,,4.6,160,79,3037
102,백령도,2024-03-21 22:00,6.2,,5,160,76,3090
102,백령도,2024-03-21 23:00,6.3,,6.3,160,75,3145
102,백령도,2024-03-22 00:00,6,,4.6,160,77,3023
102,백령도,2024-03-22 01:00,5.9,,6.8,140,79,2965
102,백령도,2024-03-22 02:00,5.7,,6.8,140,80,3105
102,백령도,2024-03-22 03:00,5.8,,6.6,140,76,3324
102,백령도,2024-03-22 04:00,5.8,,7.4,140,71,3617
102,백령도,2024-03-22 05:00,5.6,,6.8,140,73,3146
102,백령도,2024-03-22 06:00,5.5,,9,140,72,3012
102,백령도,2024-03-22 07:00,5.8,,8.8,140,66,2266
102,백령도,2024-03-22 08:00,6.4,,10,140,65,2103
102,백령도,2024-03-22 09:00,7,,9.1,140,67,2285
102,백령도,2024-03-22 10:00,7.9,,10.3,160,68,2340
102,백령도,2024-03-22 11:00,7.3,,8,160,71,1984
102,백령도,2024-03-22 12:00,7.5,,6.3,160,76,1991
102,백령도,2024-03-22 13:00,7.8,,7.6,160,80,1829
102,백령도,2024-03-22 14:00,8.5,,7.2,160,85,1532
102,백령도,2024-03-22 15:00,10.1,0,7.7,200,83,1482
102,백령도,2024-03-22 16:00,10.2,,9.1,200,84,1320
102,백령도,2024-03-22 17:00,9.8,,6.4,230,87,1214
102,백령도,2024-03-22 18:00,9.6,0,4.3,200,88,1173
102,백령도,2024-03-22 19:00,9.5,,6.8,230,90,1090
102,백령도,2024-03-22 20:00,9.3,,7.2,230,91,1053
102,백령도,2024-03-22 21:00,8.8,,5.2,230,92,961
102,백령도,2024-03-22 22:00,8.1,,4.2,250,91,790
102,백령도,2024-03-22 23:00,6.4,,1.3,270,94,379
102,백령도,2024-03-23 00:00,6.1,,.3,0,95,297
102,백령도,2024-03-23 01:00,5.7,,3.2,320,96,292
102,백령도,2024-03-23 02:00,5.8,,3.7,320,97,37
102,백령도,2024-03-23 03:00,5.2,,4.6,340,97,21
102,백령도,2024-03-23 04:00,5.2,,6,320,97,21
102,백령도,2024-03-23 05:00,5.3,,4.9,340,97,24
102,백령도,2024-03-23 06:00,5.1,,3.7,340,97,61
102,백령도,2024-03-23 07:00,5.2,,2.2,360,97,206
102,백령도,2024-03-23 08:00,5.6,,2.9,360,97,361
102,백령도,2024-03-23 09:00,7,,3.8,70,96,898
102,백령도,2024-03-23 10:00,8.5,,3.1,90,82,1026
102,백령도,2024-03-23 11:00,10.1,,2.4,90,69,1760
102,백령도,2024-03-23 12:00,12.5,,1.9,90,57,2138
102,백령도,2024-03-23 13:00,11.6,,2.6,340,64,1892
102,백령도,2024-03-23 14:00,10,,3.7,320,70,1432
102,백령도,2024-03-23 15:00,11.3,,3.5,290,63,2363
102,백령도,2024-03-23 16:00,12.4,,3.3,320,60,2548
102,백령도,2024-03-23 17:00,12,,3.5,320,56,2399
102,백령도,2024-03-23 18:00,10.5,,2.8,340,57,3162
102,백령도,2024-03-23 19:00,8.4,,3.3,320,68,2146
102,백령도,2024-03-23 20:00,8,,3.5,340,71,2408
102,백령도,2024-03-23 21:00,10.7,,3.1,20,49,3289
102,백령도,2024-03-23 22:00,8.7,,2.8,360,58,3331
102,백령도,2024-03-23 23:00,8.8,,3.2,360,57,3243
102,백령도,2024-03-24 00:00,10.1,,1.9,50,47,3916
102,백령도,2024-03-24 01:00,10.5,,3.5,50,49,3645
102,백령도,2024-03-24 02:00,10.6,,2.9,50,49,3570
102,백령도,2024-03-24 03:00,10.8,,3.3,20,49,3568
102,백령도,2024-03-24 04:00,10.3,,2.5,20,50,3293
102,백령도,2024-03-24 05:00,7.6,,2.6,70,70,2381
102,백령도,2024-03-24 06:00,9.5,,2.7,360,56,2968
102,백령도,2024-03-24 07:00,9.1,,2.2,360,59,2795
102,백령도,2024-03-24 08:00,11.3,,2.6,20,49,2867
102,백령도,2024-03-24 09:00,11.9,,3.5,50,50,3145
102,백령도,2024-03-24 10:00,12.6,,2.4,70,50,2301
102,백령도,2024-03-24 11:00,13.5,,2.2,70,47,1915
102,백령도,2024-03-24 12:00,16.2,,2.7,90,35,2055
102,백령도,2024-03-24 13:00,17.5,,2.3,90,31,3024
102,백령도,2024-03-24 14:00,18.6,,2.2,110,29,3851
102,백령도,2024-03-24 15:00,17.7,,1.4,180,32,3102
102,백령도,2024-03-24 16:00,14.8,,2.9,320,41,1824
102,백령도,2024-03-24 17:00,14.4,,2.6,320,41,2226
102,백령도,2024-03-24 18:00,11.6,,2.4,320,51,2135
102,백령도,2024-03-24 19:00,9.9,,1.7,320,58,1949
102,백령도,2024-03-24 20:00,9.5,,3.1,320,59,2083
102,백령도,2024-03-24 21:00,9.7,,3.2,320,58,2408
102,백령도,2024-03-24 22:00,10.8,,2.6,320,48,2713
102,백령도,2024-03-24 23:00,11.6,,2.9,340,41,3393
102,백령도,2024-03-25 00:00,10.7,,1.8,320,47,3169
102,백령도,2024-03-25 01:00,11,,1.6,320,47,3343
102,백령도,2024-03-25 02:00,11,,1.4,290,51,2170
102,백령도,2024-03-25 03:00,9.3,,2,290,63,1683
102,백령도,2024-03-25 04:00,8.5,,3.3,320,72,771
102,백령도,2024-03-25 05:00,8.5,,1.1,270,72,590
102,백령도,2024-03-25 06:00,9.1,,.6,320,67,827
102,백령도,2024-03-25 07:00,8.8,,1.9,320,70,764
102,백령도,2024-03-25 08:00,9,,2.1,290,70,753
102,백령도,2024-03-25 09:00,10.5,,.9,140,64,827
102,백령도,2024-03-25 10:00,11.6,,2.7,90,56,1563
102,백령도,2024-03-25 11:00,11.2,,4.1,140,58,2415
102,백령도,2024-03-25 12:00,11.3,0,2.3,110,66,2259
102,백령도,2024-03-25 13:00,11.7,,2.8,140,60,2596
102,백령도,2024-03-25 14:00,11.2,,3,160,63,2104
102,백령도,2024-03-25 15:00,9,0,4.8,180,79,1555
102,백령도,2024-03-25 16:00,8.6,,4.1,180,84,1152
102,백령도,2024-03-25 17:00,8.9,,2,110,84,2157
102,백령도,2024-03-25 18:00,7.7,1.4,1.6,20,92,2461
102,백령도,2024-03-25 19:00,7.2,,2.7,340,93,885
102,백령도,2024-03-25 20:00,7.1,,2.5,320,94,421
102,백령도,2024-03-25 21:00,6.8,1.6,3.2,340,95,455
102,백령도,2024-03-25 22:00,6.8,,3.1,340,94,728
102,백령도,2024-03-25 23:00,6.8,,2.9,360,94,1088
102,백령도,2024-03-26 00:00,6.5,1.8,2.8,360,94,671
102,백령도,2024-03-26 01:00,6.3,,1.5,360,94,1882
102,백령도,2024-03-26 02:00,6.1,,1.7,50,93,1972
102,백령도,2024-03-26 03:00,5.9,2.3,3.9,50,93,1546
102,백령도,2024-03-26 04:00,5.6,,3.5,70,91,4565
102,백령도,2024-03-26 05:00,4.9,,3.8,50,92,1888
102,백령도,2024-03-26 06:00,4.9,1.6,3.2,70,92,4649
102,백령도,2024-03-26 07:00,4.7,,2.1,70,92,3494
102,백령도,2024-03-26 08:00,5.4,,3.3,70,90,4330
102,백령도,2024-03-26 09:00,5.3,0,4,110,81,5000
102,백령도,2024-03-26 10:00,6.5,,3.3,110,80,4750
102,백령도,2024-03-26 11:00,7.7,,1.7,90,76,4337
102,백령도,2024-03-26 12:00,10,,1.8,110,70,4531
102,백령도,2024-03-26 13:00,8.4,,2.8,320,70,4644
102,백령도,2024-03-26 14:00,9.2,,2,340,68,4897
102,백령도,2024-03-26 15:00,8.1,,4.5,320,74,4463
102,백령도,2024-03-26 16:00,8.9,,3.8,270,66,4774
102,백령도,2024-03-26 17:00,8,,4.7,270,72,4950
102,백령도,2024-03-26 18:00,7.1,,3.3,320,77,4906
102,백령도,2024-03-26 19:00,5.7,,2.6,290,87,5000
102,백령도,2024-03-26 20:00,5,,1.6,270,91,4943
102,백령도,2024-03-26 21:00,4.6,,1.8,200,93,1296
102,백령도,2024-03-26 22:00,4.9,,1.4,160,94,3490
102,백령도,2024-03-26 23:00,4.7,,.9,250,95,3004
102,백령도,2024-03-27 00:00,4.6,,.2,0,95,2616
102,백령도,2024-03-27 01:00,5,,1.6,200,96,2904
102,백령도,2024-03-27 02:00,5.5,,.2,0,96,2171
102,백령도,2024-03-27 03:00,5.1,,1.8,160,96,692
102,백령도,2024-03-27 04:00,5.7,,2.7,140,96,1312
102,백령도,2024-03-27 05:00,5.6,,3.1,140,96,2440
102,백령도,2024-03-27 06:00,5.5,,3,180,96,1759
102,백령도,2024-03-27 07:00,6,,4.7,180,95,2967
102,백령도,2024-03-27 08:00,6.5,,5.4,180,93,3965
102,백령도,2024-03-27 09:00,6.7,,5.5,160,91,4781
102,백령도,2024-03-27 10:00,7,,6,160,90,4741
102,백령도,2024-03-27 11:00,7.2,,6.3,180,89,4971
102,백령도,2024-03-27 12:00,8.1,,6.1,160,87,4780
102,백령도,2024-03-27 13:00,8.3,,6.5,160,83,4560
102,백령도,2024-03-27 14:00,8.6,,6,180,81,4604
102,백령도,2024-03-27 15:00,7.9,,6.7,160,83,4903
102,백령도,2024-03-27 16:00,7.5,,6.3,160,87,4572
102,백령도,2024-03-27 17:00,7.7,,4.4,160,88,4410
102,백령도,2024-03-27 18:00,6.7,,5.5,160,93,1684
102,백령도,2024-03-27 19:00,6.8,,4.4,160,94,1200
102,백령도,2024-03-27 20:00,6.6,,4.2,160,95,1030
102,백령도,2024-03-27 21:00,6.8,,5.2,160,95,1145
102,백령도,2024-03-27 22:00,6.7,,5,160,96,536
102,백령도,2024-03-27 23:00,6.5,,4.3,140,96,338
102,백령도,2024-03-28 00:00,6.2,,4,140,96,223
102,백령도,2024-03-28 01:00,6.3,,4,140,97,183
102,백령도,2024-03-28 02:00,6.6,,3.7,140,97,368
102,백령도,2024-03-28 03:00,6.6,.9,3.6,140,97,230
102,백령도,2024-03-28 04:00,6.9,,4.6,140,97,293
102,백령도,2024-03-28 05:00,6.7,,4.9,160,97,400
102,백령도,2024-03-28 06:00,7,2.5,5.1,160,97,396
102,백령도,2024-03-28 07:00,7,,4.6,160,97,285
102,백령도,2024-03-28 08:00,7.3,,4,180,97,281
102,백령도,2024-03-28 09:00,7.7,3.1,1.6,200,97,230
102,백령도,2024-03-28 10:00,8,,3.3,180,97,188
102,백령도,2024-03-28 11:00,8.8,,5.4,180,97,697
102,백령도,2024-03-28 12:00,9.3,1.9,5.1,200,96,2179
102,백령도,2024-03-28 13:00,9.1,,4.6,230,94,3362
102,백령도,2024-03-28 14:00,8.9,,4.1,200,95,1481
102,백령도,2024-03-28 15:00,8.9,,4.2,230,94,1662
102,백령도,2024-03-28 16:00,8.4,,3.9,230,95,887
102,백령도,2024-03-28 17:00,9,,5.3,230,92,1254
102,백령도,2024-03-28 18:00,8.3,,6.1,270,78,910
102,백령도,2024-03-28 19:00,7.4,,4.1,270,62,578
102,백령도,2024-03-28 20:00,6.7,,3.8,270,57,553
102,백령도,2024-03-28 21:00,6.4,,4.2,270,57,580
102,백령도,2024-03-28 22:00,6.3,,3.1,290,51,568
102,백령도,2024-03-28 23:00,6,,3.5,290,56,674
102,백령도,2024-03-29 00:00,5.7,,2.4,290,61,816
102,백령도,2024-03-29 01:00,5.9,,3.3,270,60,823
102,백령도,2024-03-29 02:00,6.1,,3.6,230,63,1022
102,백령도,2024-03-29 03:00,6.3,,2.6,200,60,1243
102,백령도,2024-03-29 04:00,6.3,,3.4,200,77,1574
102,백령도,2024-03-29 05:00,7,,2.9,160,74,859
102,백령도,2024-03-29 06:00,6.5,1,4.5,140,95,115
102,백령도,2024-03-29 07:00,5.1,,3.8,20,96,516
102,백령도,2024-03-29 08:00,3.8,,3.7,90,94,1295
102,백령도,2024-03-29 09:00,4.9,5.9,2.8,90,94,896
102,백령도,2024-03-29 10:00,6.2,,1.3,90,94,651
102,백령도,2024-03-29 11:00,8.9,,5.8,320,93,265
102,백령도,2024-03-29 12:00,8,,5.1,340,87,433
102,백령도,2024-03-29 13:00,7.4,,6,320,79,1391
102,백령도,2024-03-29 14:00,8.2,,4.6,290,74,2134
102,백령도,2024-03-29 15:00,9.2,,5.7,320,71,2273
102,백령도,2024-03-29 16:00,8.1,,6.2,320,77,2019
102,백령도,2024-03-29 17:00,8.2,,5.4,290,75,1952
102,백령도,2024-03-29 18:00,7.3,,4.8,320,80,1806
102,백령도,2024-03-29 19:00,6,,3.8,290,84,1505
102,백령도,2024-03-29 20:00,5.5,,3,290,89,1275
102,백령도,2024-03-29 21:00,5.3,,1.8,200,73,1949
102,백령도,2024-03-29 22:00,4.8,,1,250,80,1631
102,백령도,2024-03-29 23:00,3.7,,3.3,200,92,855
102,백령도,2024-03-30 00:00,5.5,,3.9,200,89,1414
102,백령도,2024-03-30 01:00,6.3,,5.3,200,84,1484
102,백령도,2024-03-30 02:00,6.5,,5.7,200,78,1491
102,백령도,2024-03-30 03:00,6.8,,5.4,230,75,1619
102,백령도,2024-03-30 04:00,7.2,,3.3,200,61,1951
102,백령도,2024-03-30 05:00,7.3,,4.1,160,56,2277
102,백령도,2024-03-30 06:00,6.2,,3.3,140,76,1717
102,백령도,2024-03-30 07:00,7.4,,4.8,160,59,2253
102,백령도,2024-03-30 08:00,6.8,,1.8,50,69,2131
102,백령도,2024-03-30 09:00,8,0,3.9,160,58,2488
102,백령도,2024-03-30 10:00,8,,4.2,160,53,3095
102,백령도,2024-03-30 11:00,8.2,,6,160,64,2906
102,백령도,2024-03-30 12:00,9.5,0,3.7,180,58,2626
102,백령도,2024-03-30 13:00,10.5,,3.5,360,59,2137
102,백령도,2024-03-30 14:00,10.2,,3.1,320,61,2726
102,백령도,2024-03-30 15:00,8.7,,6.5,360,67,2064
102,백령도,2024-03-30 16:00,9.1,,7.1,360,51,2959
102,백령도,2024-03-30 17:00,9.4,,5.5,360,35,3757
102,백령도,2024-03-30 18:00,8.6,,6.4,360,36,4153
102,백령도,2024-03-30 19:00,7.3,,3.7,360,45,4444
102,백령도,2024-03-30 20:00,6.8,,2.7,340,42,4373
102,백령도,2024-03-30 21:00,4.9,,2.6,290,70,4582
102,백령도,2024-03-30 22:00,5.6,,2.7,320,63,4075
102,백령도,2024-03-30 23:00,5.2,,1.5,290,65,4200
102,백령도,2024-03-31 00:00,5.1,,2.3,270,55,4366
102,백령도,2024-03-31 01:00,5,,2.3,290,60,3998
102,백령도,2024-03-31 02:00,5.2,,1.8,320,60,4126
102,백령도,2024-03-31 03:00,4.9,,1.8,290,66,3735
102,백령도,2024-03-31 04:00,4.9,,3.1,360,75,3269
102,백령도,2024-03-31 05:00,5.1,,2.1,50,70,3829
102,백령도,2024-03-31 06:00,4,,2.8,70,81,3445
102,백령도,2024-03-31 07:00,3.5,,1.6,140,82,2836
102,백령도,2024-03-31 08:00,6.2,,2.1,140,65,3696
102,백령도,2024-03-31 09:00,8.5,,3.3,140,36,3663
102,백령도,2024-03-31 10:00,9.7,,2.7,180,27,3809
102,백령도,2024-03-31 11:00,10.5,,4,140,17,3573
102,백령도,2024-03-31 12:00,11.3,,2.2,70,33,3671
102,백령도,2024-03-31 13:00,12.2,,1.8,90,18,3294
102,백령도,2024-03-31 14:00,10.9,,3.2,320,30,3960
102,백령도,2024-03-31 15:00,10.3,,3.5,320,22,4648
102,백령도,2024-03-31 16:00,9.7,,5,320,24,3421
102,백령도,2024-03-31 17:00,7.9,,6,320,59,3437
102,백령도,2024-03-31 18:00,7.1,,5.4,320,69,3065
102,백령도,2024-03-31 19:00,6.2,,4.4,320,72,3106
102,백령도,2024-03-31 20:00,5.6,,3.8,320,73,3411
102,백령도,2024-03-31 21:00,5.3,,2.8,320,69,3403
102,백령도,2024-03-31 22:00,5.6,,1.5,290,56,3621
102,백령도,2024-03-31 23:00,6.3,,.3,0,23,4352
102,백령도,2024-04-01 00:00,7.1,,1.5,90,20,4450
102,백령도,2024-04-01 01:00,6.5,,1.9,90,29,4050
102,백령도,2024-04-01 02:00,5.9,,2.1,70,72,2986
102,백령도,2024-04-01 03:00,5.8,,1.8,70,72,2799
102,백령도,2024-04-01 04:00,5.8,,1.5,110,74,2662
102,백령도,2024-04-01 05:00,5.5,,1.2,90,64,3695
102,백령도,2024-04-01 06:00,5,,.5,340,59,3702
102,백령도,2024-04-01 07:00,5,,1.9,110,78,3193
102,백령도,2024-04-01 08:00,7.1,,2.3,90,69,2951
102,백령도,2024-04-01 09:00,9.3,,.8,140,46,3561
102,백령도,2024-04-01 10:00,11.1,,1.9,110,31,3707
102,백령도,2024-04-01 11:00,12.6,,2.2,110,22,3917
102,백령도,2024-04-01 12:00,13.8,,2.8,140,12,4749
102,백령도,2024-04-01 13:00,13.1,,2,320,26,4332
102,백령도,2024-04-01 14:00,12.7,,2.2,360,21,4018
102,백령도,2024-04-01 15:00,12.8,,1.1,110,29,3667
102,백령도,2024-04-01 16:00,12.8,,1.5,90,29,3914
102,백령도,2024-04-01 17:00,12.1,,3,200,25,3821
102,백령도,2024-04-01 18:00,11.4,,1.9,180,27,4104
102,백령도,2024-04-01 19:00,9.6,,1.2,180,36,4180
102,백령도,2024-04-01 20:00,7,,2.3,90,66,3767
102,백령도,2024-04-01 21:00,6.5,,2,90,72,3529
102,백령도,2024-04-01 22:00,7,,2.2,110,61,3914
102,백령도,2024-04-01 23:00,6.9,,1.2,110,58,3677
102,백령도,2024-04-02 00:00,7.8,,2.6,110,52,3155
102,백령도,2024-04-02 01:00,7.8,,1.9,140,48,3519
102,백령도,2024-04-02 02:00,7.5,,3.1,140,47,3654
102,백령도,2024-04-02 03:00,6.5,,1.7,90,69,3243
102,백령도,2024-04-02 04:00,7.2,,2.6,140,48,3772
102,백령도,2024-04-02 05:00,7.5,,2.9,140,43,4373
102,백령도,2024-04-02 06:00,6.6,,2.9,110,68,4211
102,백령도,2024-04-02 07:00,7.3,,3.7,110,62,3392
102,백령도,2024-04-02 08:00,9.5,,3.7,110,43,4311
102,백령도,2024-04-02 09:00,10,,4.2,110,46,3261
102,백령도,2024-04-02 10:00,11.7,,5.7,110,34,3261
102,백령도,2024-04-02 11:00,13.3,,5.8,160,35,3258
102,백령도,2024-04-02 12:00,12.4,,5.9,160,50,2675
102,백령도,2024-04-02 13:00,10.7,,5.3,140,77,1763
102,백령도,2024-04-02 14:00,10.8,,4.3,160,84,1050
102,백령도,2024-04-02 15:00,10.4,,3.9,140,91,558
102,백령도,2024-04-02 16:00,11,,2.7,140,88,1375
102,백령도,2024-04-02 17:00,10.7,,3.6,140,90,1952
102,백령도,2024-04-02 18:00,11.3,,2.8,180,88,3805
102,백령도,2024-04-02 19:00,10.2,,.4,0,92,845
102,백령도,2024-04-02 20:00,7.8,,1.7,320,94,246
102,백령도,2024-04-02 21:00,8.5,,1.1,320,96,566
102,백령도,2024-04-02 22:00,9.8,,1.6,320,95,1782
102,백령도,2024-04-02 23:00,11.9,,.9,20,77,2578
102,백령도,2024-04-03 00:00,11.1,,.7,320,77,2281
102,백령도,2024-04-03 01:00,8.7,,2.4,320,85,1547
102,백령도,2024-04-03 02:00,9.5,,3,320,76,1904
102,백령도,2024-04-03 03:00,9,,2.3,320,80,1834
102,백령도,2024-04-03 04:00,9.8,,2.9,320,74,1959
102,백령도,2024-04-03 05:00,9.9,,4.2,340,73,1870
102,백령도,2024-04-03 06:00,9.9,,2.2,340,70,1963
102,백령도,2024-04-03 07:00,10.2,,2.6,340,68,2203
102,백령도,2024-04-03 08:00,11,,2.3,360,61,2523
102,백령도,2024-04-03 09:00,9.9,,5.3,360,71,2333
102,백령도,2024-04-03 10:00,10.7,,5.8,340,66,2999
102,백령도,2024-04-03 11:00,11.5,,5.2,340,57,3491
102,백령도,2024-04-03 12:00,10.9,,7.8,340,57,3139
102,백령도,2024-04-03 13:00,10.9,,6.8,340,53,2267
102,백령도,2024-04-03 14:00,12,,8.4,340,45,2942
102,백령도,2024-04-03 15:00,11.4,,6,340,49,2958
102,백령도,2024-04-03 16:00,11.9,,5.5,340,43,4272
102,백령도,2024-04-03 17:00,11.2,,5.4,340,43,4098
102,백령도,2024-04-03 18:00,9.4,,5.4,340,53,3832
102,백령도,2024-04-03 19:00,9.7,,5.8,340,51,4342
102,백령도,2024-04-03 20:00,8.9,,5.1,320,60,4155
102,백령도,2024-04-03 21:00,8.6,,5.1,320,63,3822
102,백령도,2024-04-03 22:00,8.6,,3.6,320,62,3453
102,백령도,2024-04-03 23:00,9.3,,5.4,340,52,3208
102,백령도,2024-04-04 00:00,9.1,,6.7,340,53,3248
102,백령도,2024-04-04 01:00,8.4,,4.5,320,59,3265
102,백령도,2024-04-04 02:00,8.4,,6,340,60,3223
102,백령도,2024-04-04 03:00,8.5,,5.6,340,58,3233
102,백령도,2024-04-04 04:00,9.1,,5.1,340,52,3035
102,백령도,2024-04-04 05:00,9.7,,5.5,340,41,3253
102,백령도,2024-04-04 06:00,8.7,,6.1,340,52,3077
102,백령도,2024-04-04 07:00,9,,6.1,340,50,3329
102,백령도,2024-04-04 08:00,8.8,,8.3,340,51,2608
102,백령도,2024-04-04 09:00,8.7,,7.2,340,60,2200
102,백령도,2024-04-04 10:00,10,,6,340,51,2582
102,백령도,2024-04-04 11:00,10.5,,7.3,340,43,2996
102,백령도,2024-04-04 12:00,10.6,,8.1,340,41,2869
102,백령도,2024-04-04 13:00,11.3,,6.8,360,40,2146
102,백령도,2024-04-04 14:00,11.3,,5.8,360,41,2453
102,백령도,2024-04-04 15:00,11.5,,7.2,340,38,2922
102,백령도,2024-04-04 16:00,11.1,,5.9,340,42,3709
102,백령도,2024-04-04 17:00,9.4,,5.6,320,58,2558
102,백령도,2024-04-04 18:00,8.8,,5.7,320,60,2810
102,백령도,2024-04-04 19:00,7.7,,5.6,320,67,2795
102,백령도,2024-04-04 20:00,7.4,,5,320,68,3132
102,백령도,2024-04-04 21:00,7.4,,4.8,320,66,3084
102,백령도,2024-04-04 22:00,8,,4.9,320,58,3482
102,백령도,2024-04-04 23:00,7.9,,4.3,320,57,3415
102,백령도,2024-04-05 00:00,8.2,,4.6,320,55,3268
102,백령도,2024-04-05 01:00,8.2,,4.2,320,53,3153
102,백령도,2024-04-05 02:00,7.7,,4.5,320,58,3117
102,백령도,2024-04-05 03:00,7.2,,3.9,320,63,2910
102,백령도,2024-04-05 04:00,6.9,,3.1,320,66,2631
102,백령도,2024-04-05 05:00,6.6,,2.6,290,70,2590
102,백령도,2024-04-05 06:00,6.1,,2,320,77,2196
102,백령도,2024-04-05 07:00,6.7,,.6,70,69,2299
102,백령도,2024-04-05 08:00,9.9,,.3,0,53,2668
102,백령도,2024-04-05 09:00,10.9,,1.6,110,56,3361
102,백령도,2024-04-05 10:00,12.6,,2.4,140,61,2648
102,백령도,2024-04-05 11:00,12,,1.6,320,58,2768
102,백령도,2024-04-05 12:00,13.6,,.9,50,53,2143
102,백령도,2024-04-05 13:00,12.2,,2.7,320,54,2086
102,백령도,2024-04-05 14:00,11.4,,4.1,320,53,2342
102,백령도,2024-04-05 15:00,12.2,,4.1,290,33,3523
102,백령도,2024-04-05 16:00,12.1,,4.4,320,24,3456
102,백령도,2024-04-05 17:00,12,,3.5,320,24,3525
102,백령도,2024-04-05 18:00,10.1,,2.9,320,35,3269
102,백령도,2024-04-05 19:00,8.1,,2.5,290,50,2527
102,백령도,2024-04-05 20:00,7.3,,.9,270,58,1968
102,백령도,2024-04-05 21:00,6.8,,1.1,290,64,1841
102,백령도,2024-04-05 22:00,7.7,,.3,0,51,1911
102,백령도,2024-04-05 23:00,7.7,,1.4,340,37,2369
102,백령도,2024-04-06 00:00,6.9,,.9,230,47,2161
102,백령도,2024-04-06 01:00,7.5,,.9,250,67,1591
102,백령도,2024-04-06 02:00,7.8,,.7,250,62,1517
102,백령도,2024-04-06 03:00,7.2,,1,320,59,1481
102,백령도,2024-04-06 04:00,6.9,,.1,0,56,1628
102,백령도,2024-04-06 05:00,5.3,,1.3,160,73,1193
102,백령도,2024-04-06 06:00,6.2,,2.3,110,77,1095
102,백령도,2024-04-06 07:00,6.6,,2.1,110,85,760
102,백령도,2024-04-06 08:00,8.4,,2.3,110,73,1256
102,백령도,2024-04-06 09:00,9.1,,2.9,180,66,1286
102,백령도,2024-04-06 10:00,10.4,,4.2,200,54,1560
102,백령도,2024-04-06 11:00,11.4,,3.5,180,46,1578
102,백령도,2024-04-06 12:00,12,,4.3,180,44,1516
102,백령도,2024-04-06 13:00,12.2,,6.1,180,41,1603
102,백령도,2024-04-06 14:00,14.1,,5,200,21,2098
102,백령도,2024-04-06 15:00,13.7,,4.7,200,24,2488
102,백령도,2024-04-06 16:00,12.9,,4.6,200,26,2463
102,백령도,2024-04-06 17:00,12.6,,4.2,180,31,2525
102,백령도,2024-04-06 18:00,11.1,,2.2,200,43,2216
102,백령도,2024-04-06 19:00,9.3,,1.5,140,61,1559
102,백령도,2024-04-06 20:00,9,,1.8,180,59,2188
102,백령도,2024-04-06 21:00,8.5,,.7,90,67,1915
102,백령도,2024-04-06 22:00,8.7,,1.5,160,68,1904
102,백령도,2024-04-06 23:00,9.1,,1.1,180,57,2766
102,백령도,2024-04-07 00:00,8.8,,1.4,140,62,2806
102,백령도,2024-04-07 01:00,9.5,,2.9,200,54,3090
102,백령도,2024-04-07 02:00,9.2,,1.9,140,55,2750
102,백령도,2024-04-07 03:00,7.4,,2.9,110,81,1497
102,백령도,2024-04-07 04:00,7.4,,2.6,140,82,1190
102,백령도,2024-04-07 05:00,8,,3.2,160,82,969
102,백령도,2024-04-07 06:00,7.7,,4.2,140,87,650
102,백령도,2024-04-07 07:00,8.5,,5,160,82,955
102,백령도,2024-04-07 08:00,9.4,,4.3,160,81,1069
102,백령도,2024-04-07 09:00,10.5,,4,140,78,1089
102,백령도,2024-04-07 10:00,11.8,,3.6,140,74,1214
102,백령도,2024-04-07 11:00,11.8,,6.5,180,73,1322
102,백령도,2024-04-07 12:00,13.1,,3.2,180,67,1640
102,백령도,2024-04-07 13:00,13.6,,2.9,160,67,1551
102,백령도,2024-04-07 14:00,14,,3.5,200,62,2144
102,백령도,2024-04-07 15:00,12.8,,4.9,200,75,1816
102,백령도,2024-04-07 16:00,11.3,,4.3,200,84,1192
102,백령도,2024-04-07 17:00,11,,4.5,180,87,1021
102,백령도,2024-04-07 18:00,9.8,,1.7,180,90,758
102,백령도,2024-04-07 19:00,9,,2.4,180,94,265
102,백령도,2024-04-07 20:00,8.6,,1.8,180,96,47
102,백령도,2024-04-07 21:00,8.2,,1.5,180,96,42
102,백령도,2024-04-07 22:00,7.2,,2.3,180,97,44
102,백령도,2024-04-07 23:00,6.5,,2.1,160,97,47
102,백령도,2024-04-08 00:00,6.9,,1.9,160,97,47
102,백령도,2024-04-08 01:00,6.8,,2.4,110,97,107
102,백령도,2024-04-08 02:00,7.5,,2,110,97,70
102,백령도,2024-04-08 03:00,7.4,,2.1,90,97,42
102,백령도,2024-04-08 04:00,7.9,,2.2,140,97,87
102,백령도,2024-04-08 05:00,7.3,,2.4,110,97,16
102,백령도,2024-04-08 06:00,7.4,,1.3,140,97,14
102,백령도,2024-04-08 07:00,7.2,,1.8,110,98,14
102,백령도,2024-04-08 08:00,7.7,,2.2,140,97,29
102,백령도,2024-04-08 09:00,9.2,,2.9,180,97,226
102,백령도,2024-04-08 10:00,10.1,,2.8,110,96,758
102,백령도,2024-04-08 11:00,10.9,,2.6,140,88,1126
102,백령도,2024-04-08 12:00,14.1,,2.2,110,73,1863
102,백령도,2024-04-08 13:00,12.4,,2.8,320,76,1473
102,백령도,2024-04-08 14:00,9.7,,6.5,320,82,705
102,백령도,2024-04-08 15:00,11.6,,4.4,340,76,1262
102,백령도,2024-04-08 16:00,13.4,,5.2,340,66,1344
102,백령도,2024-04-08 17:00,10.7,,4.8,320,78,1131
102,백령도,2024-04-08 18:00,9.5,,3.9,320,82,1041
102,백령도,2024-04-08 19:00,8.5,,5.6,320,84,746
102,백령도,2024-04-08 20:00,9.1,,4.4,320,78,950
102,백령도,2024-04-08 21:00,8.9,,3.5,320,75,1677
102,백령도,2024-04-08 22:00,9.3,,4,340,66,2379
102,백령도,2024-04-08 23:00,10.3,,5.7,340,48,2762
102,백령도,2024-04-09 00:00,9.6,,6.7,340,47,2346
102,백령도,2024-04-09 01:00,8.9,,8.3,340,50,2041
102,백령도,2024-04-09 02:00,8.4,,7.7,340,52,1873
102,백령도,2024-04-09 03:00,7.5,,2,360,62,1935
102,백령도,2024-04-09 04:00,7.3,,5.5,360,64,2286
102,백령도,2024-04-09 05:00,7.2,,5.1,340,59,2237
102,백령도,2024-04-09 06:00,6.6,,3.4,320,68,1724
102,백령도,2024-04-09 07:00,7.1,,3.1,340,65,1569
102,백령도,2024-04-09 08:00,7.9,,4.8,360,71,1385
102,백령도,2024-04-09 09:00,11.3,,2.2,50,54,2195
102,백령도,2024-04-09 10:00,12.3,,2.9,90,46,2770
102,백령도,2024-04-09 11:00,14.3,,3.6,90,37,3614
102,백령도,2024-04-09 12:00,14.7,,2.2,70,35,3530
102,백령도,2024-04-09 13:00,13.4,,3.4,320,49,2463
102,백령도,2024-04-09 14:00,13.2,,3.7,320,44,2846
102,백령도,2024-04-09 15:00,13.9,,4.9,320,38,3240
102,백령도,2024-04-09 16:00,13.7,,4.3,340,38,3164
102,백령도,2024-04-09 17:00,12.9,,3.8,320,42,3612
102,백령도,2024-04-09 18:00,11.2,,2.7,320,50,3628
102,백령도,2024-04-09 19:00,9.3,,3.2,320,60,3238
102,백령도,2024-04-09 20:00,8.4,,3.1,320,66,3081
102,백령도,2024-04-09 21:00,8,,2.6,320,74,2542
102,백령도,2024-04-09 22:00,8.4,,3.8,320,65,3008
102,백령도,2024-04-09 23:00,8.1,,2.8,290,66,3037
102,백령도,2024-04-10 00:00,8.6,,1.6,290,56,3302
102,백령도,2024-04-10 01:00,8.8,,1.2,200,50,3458
102,백령도,2024-04-10 02:00,8.3,,1.7,200,55,3333
102,백령도,2024-04-10 03:00,9.4,,1.6,110,47,3419
102,백령도,2024-04-10 04:00,7.3,,2.1,320,65,3578
102,백령도,2024-04-10 05:00,7.5,,1.3,230,60,3565
102,백령도,2024-04-10 06:00,7.8,,1,200,59,3291
102,백령도,2024-04-10 07:00,8,,2.7,200,65,2571
102,백령도,2024-04-10 08:00,9.5,,2,180,70,2712
102,백령도,2024-04-10 09:00,10.9,,3.2,180,66,1930
102,백령도,2024-04-10 10:00,11.4,,4.4,160,68,2743
102,백령도,2024-04-10 11:00,11.9,,5.1,160,61,2589
102,백령도,2024-04-10 12:00,12.4,,4.9,160,69,2272
102,백령도,2024-04-10 13:00,11.9,,6.3,160,73,2256
102,백령도,2024-04-10 14:00,11.4,,5.5,160,81,1791
102,백령도,2024-04-10 15:00,11.8,,4.9,160,80,1480
102,백령도,2024-04-10 16:00,11.4,,5.1,180,82,1512
102,백령도,2024-04-10 17:00,10.7,,3.2,160,83,1200
102,백령도,2024-04-10 18:00,9.7,,4.3,160,91,804
102,백령도,2024-04-10 19:00,9.5,,4.7,160,95,257
102,백령도,2024-04-10 20:00,9.3,,5.5,160,96,344
102,백령도,2024-04-10 21:00,9.4,,4.5,160,95,852
102,백령도,2024-04-10 22:00,9.5,,4.2,160,94,1036
102,백령도,2024-04-10 23:00,9.7,,4.3,180,94,1172
102,백령도,2024-04-11 00:00,9.7,,4.4,180,94,1201
102,백령도,2024-04-11 01:00,9.5,,2.1,160,94,1061
102,백령도,2024-04-11 02:00,9.6,,1.9,160,95,1001
102,백령도,2024-04-11 03:00,9.6,,3.3,160,93,1221
102,백령도,2024-04-11 04:00,9,0,4.4,160,94,1100
102,백령도,2024-04-11 05:00,9,0,5.4,160,93,1161
102,백령도,2024-04-11 06:00,9.5,0,7.4,160,91,1628
102,백령도,2024-04-11 07:00,10.5,,4.9,160,89,1918
102,백령도,2024-04-11 08:00,11.6,,7.1,160,81,2694
102,백령도,2024-04-11 09:00,11,0,8.3,160,79,2864
102,백령도,2024-04-11 10:00,11.1,,6.3,160,78,3143
102,백령도,2024-04-11 11:00,12.8,,4.9,160,71,2911
102,백령도,2024-04-11 12:00,13.4,,4.2,180,68,2604
102,백령도,2024-04-11 13:00,14.2,,5.4,160,65,2462
102,백령도,2024-04-11 14:00,14.6,,4.9,160,63,2472
102,백령도,2024-04-11 15:00,14.6,,6.3,180,61,2589
102,백령도,2024-04-11 16:00,13.6,,4.8,180,67,2249
102,백령도,2024-04-11 17:00,12.5,,5.7,160,71,2047
102,백령도,2024-04-11 18:00,11.5,,5,180,75,2133
102,백령도,2024-04-11 19:00,10.4,,3,180,81,1646
102,백령도,2024-04-11 20:00,9.7,,2.3,200,85,1372
102,백령도,2024-04-11 21:00,9.7,,2.9,180,85,1272
102,백령도,2024-04-11 22:00,9.5,,2.6,180,86,1210
102,백령도,2024-04-11 23:00,9.1,,1.7,160,89,859
102,백령도,2024-04-12 00:00,9.2,,1.8,160,88,870
102,백령도,2024-04-12 01:00,9,,2.9,160,90,815
102,백령도,2024-04-12 02:00,9.1,,2.3,180,88,949
102,백령도,2024-04-12 03:00,8.9,,1.2,160,90,1030
102,백령도,2024-04-12 04:00,9.6,,2.4,160,86,1482
102,백령도,2024-04-12 05:00,9.3,,2,140,88,1130
102,백령도,2024-04-12 06:00,9.6,,4.5,140,88,1226
102,백령도,2024-04-12 07:00,9.9,,4,140,87,1355
102,백령도,2024-04-12 08:00,10,,5.9,160,87,1285
102,백령도,2024-04-12 09:00,10.7,,3.9,160,93,926
102,백령도,2024-04-12 10:00,12.2,,3.9,160,83,1955
102,백령도,2024-04-12 11:00,12.9,,4.6,160,80,2969
102,백령도,2024-04-12 12:00,12.6,,4.3,180,81,3598
102,백령도,2024-04-12 13:00,12.2,,5.5,160,83,2626
102,백령도,2024-04-12 14:00,13.6,,6.2,180,75,3038
102,백령도,2024-04-12 15:00,13.3,,5.1,180,75,2986
102,백령도,2024-04-12 16:00,14,,2.4,180,77,2705
102,백령도,2024-04-12 17:00,12.4,,2.8,110,85,1384
102,백령도,2024-04-12 18:00,11.8,,1.9,180,92,684
102,백령도,2024-04-12 19:00,11.3,,2.8,180,96,137
102,백령도,2024-04-12 20:00,10.8,,2.6,160,96,71
102,백령도,2024-04-12 21:00,10.7,,3.1,160,97,60
102,백령도,2024-04-12 22:00,9.9,,1.6,160,97,59
102,백령도,2024-04-12 23:00,9.4,,1.6,90,97,40
102,백령도,2024-04-13 00:00,9.5,,1.4,110,97,32
102,백령도,2024-04-13 01:00,9.2,,1.8,110,97,24
102,백령도,2024-04-13 02:00,9.8,,.7,110,97,19
102,백령도,2024-04-13 03:00,9.4,,.9,90,97,21
102,백령도,2024-04-13 04:00,9.7,,1.7,110,97,23
102,백령도,2024-04-13 05:00,9.6,,1,70,98,19
102,백령도,2024-04-13 06:00,9.3,,.5,90,98,19
102,백령도,2024-04-13 07:00,8.7,,1.8,110,98,19
102,백령도,2024-04-13 08:00,9.7,,1.1,140,98,55
102,백령도,2024-04-13 09:00,12.2,,.9,160,97,932
102,백령도,2024-04-13 10:00,14.8,,1.6,90,94,3917
102,백령도,2024-04-13 11:00,17.3,,2.3,90,66,4232
102,백령도,2024-04-13 12:00,18.7,,2.2,90,60,4422
102,백령도,2024-04-13 13:00,17.9,,1.5,320,61,3989
102,백령도,2024-04-13 14:00,18.5,,1.2,320,56,4541
102,백령도,2024-04-13 15:00,15.9,,2.3,340,63,4523
102,백령도,2024-04-13 16:00,14.3,,2.9,320,67,4781
102,백령도,2024-04-13 17:00,11.1,,3.1,320,79,4938
102,백령도,2024-04-13 18:00,10.5,,3.6,320,83,4992
102,백령도,2024-04-13 19:00,8,,2.9,320,91,4983
102,백령도,2024-04-13 20:00,8.6,,1.4,320,95,4052
102,백령도,2024-04-13 21:00,10.2,,2,320,93,3910
102,백령도,2024-04-13 22:00,11.7,,2.3,290,86,3402
102,백령도,2024-04-13 23:00,12.2,,1,70,79,3647
102,백령도,2024-04-14 00:00,11.8,,1.6,70,81,3425
102,백령도,2024-04-14 01:00,11.7,,1.9,90,86,2585
102,백령도,2024-04-14 02:00,11.9,,1.8,90,84,3052
102,백령도,2024-04-14 03:00,11.1,,1.9,110,89,2196
102,백령도,2024-04-14 04:00,11.5,,1.5,90,86,3105
102,백령도,2024-04-14 05:00,11.4,,1.2,110,85,3082
102,백령도,2024-04-14 06:00,10.8,,2.3,90,90,1820
102,백령도,2024-04-14 07:00,10.4,,2.7,90,92,1591
102,백령도,2024-04-14 08:00,11.9,,2.6,90,89,1582
102,백령도,2024-04-14 09:00,14.5,,2.7,110,72,2415
102,백령도,2024-04-14 10:00,17,,3.9,160,58,4435
102,백령도,2024-04-14 11:00,17.6,,4.2,180,59,3732
102,백령도,2024-04-14 12:00,17.6,,4.7,180,61,2776
102,백령도,2024-04-14 13:00,17.7,,4.9,180,60,3183
102,백령도,2024-04-14 14:00,19.1,,4.9,160,46,3742
102,백령도,2024-04-14 15:00,18.1,,4.4,180,46,3257
102,백령도,2024-04-14 16:00,17.4,,4.4,180,50,3135
102,백령도,2024-04-14 17:00,18.9,,4.2,180,41,3623
102,백령도,2024-04-14 18:00,17.4,,5,160,45,2798
102,백령도,2024-04-14 19:00,16.5,,4.5,160,47,3469
102,백령도,2024-04-14 20:00,15.1,,3.1,110,54,3591
102,백령도,2024-04-14 21:00,13.5,,2.8,110,65,3293
102,백령도,2024-04-14 22:00,14.6,,2.9,110,58,3525
102,백령도,2024-04-14 23:00,16.8,,4.5,140,52,3870
102,백령도,2024-04-15 00:00,16.8,,4.6,110,49,4225
102,백령도,2024-04-15 01:00,16.5,,7.3,140,51,3726
102,백령도,2024-04-15 02:00,15.1,.2,9,140,59,2303
102,백령도,2024-04-15 03:00,13.2,1.2,8,140,83,450
102,백령도,2024-04-15 04:00,12.5,10.5,8.9,140,92,202
102,백령도,2024-04-15 05:00,11.9,17.9,6.6,140,94,171
102,백령도,2024-04-15 06:00,12.4,5.7,9.5,160,95,437
102,백령도,2024-04-15 07:00,13.2,1.3,7.8,180,96,584
102,백령도,2024-04-15 08:00,12,1.5,6.2,200,96,2051
102,백령도,2024-04-15 09:00,11.4,0,4.7,200,96,802
102,백령도,2024-04-15 10:00,10.8,.2,5.1,230,96,436
102,백령도,2024-04-15 11:00,10.1,0,6.4,250,96,1412
102,백령도,2024-04-15 12:00,10,,5.7,250,96,624
102,백령도,2024-04-15 13:00,10.3,,4.9,250,94,1486
102,백령도,2024-04-15 14:00,11.1,,4.3,270,92,1650
102,백령도,2024-04-15 15:00,10.1,,3.3,250,95,352
102,백령도,2024-04-15 16:00,10.8,,4.8,290,93,792
102,백령도,2024-04-15 17:00,10,,3.5,320,95,125
102,백령도,2024-04-15 18:00,9.6,,4,290,96,70
102,백령도,2024-04-15 19:00,9.5,,3.8,320,97,22
102,백령도,2024-04-15 20:00,9.2,,1.8,250,97,30
102,백령도,2024-04-15 21:00,9.3,,1.6,250,97,34
102,백령도,2024-04-15 22:00,9.1,,1.4,200,97,22
102,백령도,2024-04-15 23:00,9.4,0,1,180,97,28
102,백령도,2024-04-16 00:00,9.7,.4,1.5,180,98,65
102,백령도,2024-04-16 01:00,9.8,,3.5,200,97,71
102,백령도,2024-04-16 02:00,9.8,,4.5,200,98,71
102,백령도,2024-04-16 03:00,9.7,,3,200,98,21
102,백령도,2024-04-16 04:00,9.6,,1.3,200,98,17
102,백령도,2024-04-16 05:00,9.1,,.5,360,98,15
102,백령도,2024-04-16 06:00,8.2,,.7,70,98,17
102,백령도,2024-04-16 07:00,8.2,,.5,180,98,18
102,백령도,2024-04-16 08:00,8.6,,1.5,200,98,19
102,백령도,2024-04-16 09:00,8.4,,1.5,180,97,38
102,백령도,2024-04-16 10:00,9.3,,2.4,320,98,338
102,백령도,2024-04-16 11:00,12.2,,2.1,340,80,1326
102,백령도,2024-04-16 12:00,11.8,,3.4,320,80,1177
102,백령도,2024-04-16 13:00,14.3,,2.7,320,75,837
102,백령도,2024-04-16 14:00,12.9,,5,320,76,778
102,백령도,2024-04-16 15:00,12.5,,5.2,320,77,918
102,백령도,2024-04-16 16:00,12.1,,5.1,320,79,876
102,백령도,2024-04-16 17:00,12.2,,3.9,290,78,1170
102,백령도,2024-04-16 18:00,11.6,,3.6,290,73,1045
102,백령도,2024-04-16 19:00,10.6,,3,290,78,1069
102,백령도,2024-04-16 20:00,10.2,,3.1,290,76,1757
102,백령도,2024-04-16 21:00,10.4,,3.4,290,69,2180
102,백령도,2024-04-16 22:00,9.7,,2.6,320,71,2425
102,백령도,2024-04-16 23:00,9.4,,1.8,290,74,2589
102,백령도,2024-04-17 00:00,10.2,,1.7,290,67,3128
102,백령도,2024-04-17 01:00,9.6,,1.4,290,65,3829
102,백령도,2024-04-17 02:00,8.5,,1.6,270,75,3241
102,백령도,2024-04-17 03:00,8.5,,1.9,290,79,2684
102,백령도,2024-04-17 04:00,8.8,,1.5,290,76,3294
102,백령도,2024-04-17 05:00,8.8,,2,290,77,3393
102,백령도,2024-04-17 06:00,8.4,,1.2,270,79,3533
102,백령도,2024-04-17 07:00,8.9,,1.3,320,81,3265
102,백령도,2024-04-17 08:00,11,,1,320,74,3699
102,백령도,2024-04-17 09:00,13.3,,1.1,340,60,3892
102,백령도,2024-04-17 10:00,14.3,,2.3,320,52,3332
102,백령도,2024-04-17 11:00,15.4,,3.7,290,54,1875
102,백령도,2024-04-17 12:00,15.2,,3.1,320,56,2362
102,백령도,2024-04-17 13:00,15.8,,3.8,320,50,1996
102,백령도,2024-04-17 14:00,16.2,,3.5,320,52,2236
102,백령도,2024-04-17 15:00,16.8,,3.5,320,46,1711
102,백령도,2024-04-17 16:00,14.3,,3.7,340,57,1978
102,백령도,2024-04-17 17:00,13.9,,3.6,320,58,2302
102,백령도,2024-04-17 18:00,13,,4,320,60,1852
102,백령도,2024-04-17 19:00,11.3,,5.3,320,69,2003
102,백령도,2024-04-17 20:00,10.9,,2.6,320,69,1614
102,백령도,2024-04-17 21:00,11,,5.1,320,67,1521
102,백령도,2024-04-17 22:00,10.7,,3.7,290,71,1544
102,백령도,2024-04-17 23:00,10.6,,4.4,320,77,1524
102,백령도,2024-04-18 00:00,9.9,,1.8,290,82,1470
102,백령도,2024-04-18 01:00,9.6,,1.7,320,82,1651
102,백령도,2024-04-18 02:00,9.4,,1.2,290,81,1638
102,백령도,2024-04-18 03:00,10.1,,1.7,290,74,1746
102,백령도,2024-04-18 04:00,10.3,,2.8,320,69,2038
102,백령도,2024-04-18 05:00,10.3,,2,320,65,2058
102,백령도,2024-04-18 06:00,10.7,,1.9,320,61,2228
102,백령도,2024-04-18 07:00,11.7,,1.5,340,56,2304
102,백령도,2024-04-18 08:00,14.6,,.4,0,49,2465
102,백령도,2024-04-18 09:00,17.2,,.7,290,32,2716
102,백령도,2024-04-18 10:00,18.2,,2.2,290,30,3123
102,백령도,2024-04-18 11:00,18.5,,4,320,36,2935
102,백령도,2024-04-18 12:00,18.6,,4.1,320,35,3157
102,백령도,2024-04-18 13:00,19.9,,3.5,320,35,2764
102,백령도,2024-04-18 14:00,20.7,,2.2,90,38,2868
102,백령도,2024-04-18 15:00,20.5,,1.8,110,34,2537
102,백령도,2024-04-18 16:00,18.7,,4,180,41,2501
102,백령도,2024-04-18 17:00,19.6,,2.3,230,32,2561
102,백령도,2024-04-18 18:00,17.5,,2.8,230,35,2614
102,백령도,2024-04-18 19:00,15.8,,1.5,230,43,2821
102,백령도,2024-04-18 20:00,14.5,,1.8,270,48,2638
102,백령도,2024-04-18 21:00,13.6,,1.8,270,55,2752
102,백령도,2024-04-18 22:00,14.2,,2.3,270,55,2280
102,백령도,2024-04-18 23:00,12.5,,.3,0,60,2356
102,백령도,2024-04-19 00:00,10.9,,1.2,160,76,1698
102,백령도,2024-04-19 01:00,10.9,,.4,0,79,1367
102,백령도,2024-04-19 02:00,10.1,,1.6,200,85,1019
102,백령도,2024-04-19 03:00,10.3,,1.9,200,86,1052
102,백령도,2024-04-19 04:00,11.5,,0,0,76,1100
102,백령도,2024-04-19 05:00,10.7,,.9,200,83,807
102,백령도,2024-04-19 06:00,11.2,,0,0,77,907
102,백령도,2024-04-19 07:00,10.4,,1.5,180,85,679
102,백령도,2024-04-19 08:00,10.8,,2.3,90,86,1168
102,백령도,2024-04-19 09:00,13.7,,1.9,110,74,1580
102,백령도,2024-04-19 10:00,14.5,,3.1,110,70,1551
102,백령도,2024-04-19 11:00,15.3,,3.7,140,66,1493
102,백령도,2024-04-19 12:00,15.4,,3.5,180,67,1446
102,백령도,2024-04-19 13:00,16.9,,3.4,160,57,1595
102,백령도,2024-04-19 14:00,17.5,,3.8,160,55,1534
102,백령도,2024-04-19 15:00,16.8,,4,160,56,1213
102,백령도,2024-04-19 16:00,15.7,,3.3,180,65,1030
102,백령도,2024-04-19 17:00,13.9,,2.7,200,75,921
102,백령도,2024-04-19 18:00,13.2,,3.1,180,82,862
102,백령도,2024-04-19 19:00,12.8,,1.5,160,82,1025
102,백령도,2024-04-19 20:00,12,,1.2,160,88,875
102,백령도,2024-04-19 21:00,11.3,,1.7,180,93,445
102,백령도,2024-04-19 22:00,11.1,,3.4,180,92,531
102,백령도,2024-04-19 23:00,11,,2.1,110,92,617
102,백령도,2024-04-20 00:00,11.6,,1.5,140,91,870
102,백령도,2024-04-20 01:00,11.5,,2.1,110,88,1085
102,백령도,2024-04-20 02:00,11.4,,2.5,110,85,1249
102,백령도,2024-04-20 03:00,11.7,,2.9,110,86,1127
102,백령도,2024-04-20 04:00,12.5,,4.6,140,74,1886
102,백령도,2024-04-20 05:00,12.7,,5,160,73,1734
102,백령도,2024-04-20 06:00,13,0,6.7,160,62,2512
102,백령도,2024-04-20 07:00,12.1,,3.8,140,75,1944
102,백령도,2024-04-20 08:00,13.6,,3,140,68,2080
102,백령도,2024-04-20 09:00,13.9,,2.8,160,66,2016
102,백령도,2024-04-20 10:00,14.1,0,5.7,160,68,1684
102,백령도,2024-04-20 11:00,13.6,0,4.2,160,72,1670
102,백령도,2024-04-20 12:00,14,0,4.2,140,68,2211
102,백령도,2024-04-20 13:00,15.2,0,5.6,110,59,3505
102,백령도,2024-04-20 14:00,14.5,0,6.3,110,61,3890
102,백령도,2024-04-20 15:00,13.9,0,5.4,70,67,3632
102,백령도,2024-04-20 16:00,13.9,,3.5,110,68,4305
102,백령도,2024-04-20 17:00,13.6,,3.5,90,75,2950
102,백령도,2024-04-20 18:00,13,,2.7,90,79,2333
102,백령도,2024-04-20 19:00,13.2,,4.1,70,85,1261
102,백령도,2024-04-20 20:00,13,,5.8,70,87,1394
102,백령도,2024-04-20 21:00,12.6,,3.4,70,85,1737
102,백령도,2024-04-20 22:00,12,,3.7,70,86,2281
102,백령도,2024-04-20 23:00,11.8,,2.2,70,87,2286
102,백령도,2024-04-21 00:00,10.8,,1.5,20,87,3722
102,백령도,2024-04-21 01:00,11.4,,2.5,360,82,4920
102,백령도,2024-04-21 02:00,11.3,,2.4,20,80,4772
102,백령도,2024-04-21 03:00,11.4,,2.5,20,76,4865
102,백령도,2024-04-21 04:00,11.3,,1.8,50,75,4951
102,백령도,2024-04-21 05:00,11.3,,3.9,50,75,4978
102,백령도,2024-04-21 06:00,11.5,,3,50,74,4966
102,백령도,2024-04-21 07:00,12,,2.3,360,73,4979
102,백령도,2024-04-21 08:00,13.3,,2.8,50,68,4921
102,백령도,2024-04-21 09:00,14.2,,3.2,70,63,4617
102,백령도,2024-04-21 10:00,15,,3.2,50,62,4532
102,백령도,2024-04-21 11:00,16.5,,3.8,70,59,4146
102,백령도,2024-04-21 12:00,16.6,,3,70,59,4557
102,백령도,2024-04-21 13:00,16.9,,1.8,50,59,4336
102,백령도,2024-04-21 14:00,16.2,,1.5,340,62,4582
102,백령도,2024-04-21 15:00,16.6,,1.2,320,62,4592
102,백령도,2024-04-21 16:00,16.9,,2.8,360,60,4426
102,백령도,2024-04-21 17:00,16.2,,1.5,340,66,4420
102,백령도,2024-04-21 18:00,17.2,,0,0,64,4684
102,백령도,2024-04-21 19:00,15.2,,1.7,290,69,4800
102,백령도,2024-04-21 20:00,13.9,,.4,0,74,4274
102,백령도,2024-04-21 21:00,14.9,,.7,290,73,4614
102,백령도,2024-04-21 22:00,14.2,,.8,290,75,3963
102,백령도,2024-04-21 23:00,15.7,,1.6,110,69,3961
102,백령도,2024-04-22 00:00,15.6,,1.1,110,69,3366
102,백령도,2024-04-22 01:00,14.8,,1.3,70,73,3105
102,백령도,2024-04-22 02:00,14.3,,1.6,110,76,2910
102,백령도,2024-04-22 03:00,14.1,,.6,110,78,2756
102,백령도,2024-04-22 04:00,14,,1.4,90,77,3132
102,백령도,2024-04-22 05:00,13.8,,1.4,90,77,3133
102,백령도,2024-04-22 06:00,14,,2.5,110,76,3426
102,백령도,2024-04-22 07:00,13.1,,2,110,82,2992
102,백령도,2024-04-22 08:00,13.4,,2,90,80,3175
102,백령도,2024-04-22 09:00,15.3,,2.9,110,72,3322
102,백령도,2024-04-22 10:00,16.2,,4,110,67,3701
102,백령도,2024-04-22 11:00,17.4,,2.5,90,59,3471
102,백령도,2024-04-22 12:00,18.4,,4.7,110,48,3924
102,백령도,2024-04-22 13:00,19.2,,3.5,160,48,3655
102,백령도,2024-04-22 14:00,18.7,,4.6,180,45,3380
102,백령도,2024-04-22 15:00,17.9,,5.3,180,46,3567
102,백령도,2024-04-22 16:00,18.4,,5.6,180,45,3435
102,백령도,2024-04-22 17:00,17.4,,4.6,180,47,3357
102,백령도,2024-04-22 18:00,16.1,,2.3,290,57,3686
102,백령도,2024-04-22 19:00,13.7,,2.1,320,66,3155
102,백령도,2024-04-22 20:00,13,,2.3,320,69,3153
102,백령도,2024-04-22 21:00,13.3,,.2,0,69,3193
102,백령도,2024-04-22 22:00,12.7,,1,140,72,2951
102,백령도,2024-04-22 23:00,12.5,,1.1,160,74,2897
102,백령도,2024-04-23 00:00,12.9,,.7,160,74,2647
102,백령도,2024-04-23 01:00,12.5,,1.7,90,74,2383
102,백령도,2024-04-23 02:00,12.4,,.8,110,79,1889
102,백령도,2024-04-23 03:00,13.5,,2.3,140,75,2148
102,백령도,2024-04-23 04:00,13.8,,1.9,140,75,2566
102,백령도,2024-04-23 05:00,13.5,,3.8,110,74,3949
102,백령도,2024-04-23 06:00,12.5,,2.4,140,79,3610
102,백령도,2024-04-23 07:00,13.5,,5.9,140,76,3938
102,백령도,2024-04-23 08:00,13.9,,5.3,140,71,3310
102,백령도,2024-04-23 09:00,14,,6.3,140,70,4004
102,백령도,2024-04-23 10:00,15,,7.4,110,65,4226
102,백령도,2024-04-23 11:00,16,,6.3,140,59,3606
102,백령도,2024-04-23 12:00,15.6,,4.5,160,59,4238
102,백령도,2024-04-23 13:00,15.1,,5.5,160,60,3700
102,백령도,2024-04-23 14:00,14.3,,6.3,160,61,3578
102,백령도,2024-04-23 15:00,14,,6.2,160,64,3270
102,백령도,2024-04-23 16:00,13.4,,6.7,180,68,2471
102,백령도,2024-04-23 17:00,11.1,0,3.8,180,94,522
102,백령도,2024-04-23 18:00,11.4,.4,3.1,180,94,469
102,백령도,2024-04-23 19:00,11.5,.6,1.8,180,96,215
102,백령도,2024-04-23 20:00,11.9,1.1,2.8,200,96,441
102,백령도,2024-04-23 21:00,11.7,1,1.7,200,95,539
102,백령도,2024-04-23 22:00,11.2,1.3,3.8,140,95,260
102,백령도,2024-04-23 23:00,11.1,3,4.5,140,96,183
102,백령도,2024-04-24 00:00,11.2,6,3.1,160,97,194
102,백령도,2024-04-24 01:00,11.1,10.3,2.6,250,97,255
102,백령도,2024-04-24 02:00,10.5,5.9,5.7,320,96,1317
102,백령도,2024-04-24 03:00,10.1,2.1,5.1,50,96,772
102,백령도,2024-04-24 04:00,9.9,.1,2.6,20,92,5000
102,백령도,2024-04-24 05:00,9.7,,2.1,90,93,4509
102,백령도,2024-04-24 06:00,10.1,,.9,90,90,4947
102,백령도,2024-04-24 07:00,10,,.3,0,94,4546
102,백령도,2024-04-24 08:00,10.9,,3,290,87,4661
102,백령도,2024-04-24 09:00,11.8,,4.1,320,85,4729
102,백령도,2024-04-24 10:00,12.3,,5.2,320,82,4754
102,백령도,2024-04-24 11:00,11.6,,6.6,320,86,4322
102,백령도,2024-04-24 12:00,11.1,,7.8,320,87,2684
102,백령도,2024-04-24 13:00,10.7,,7,320,91,1903
102,백령도,2024-04-24 14:00,11.2,,6,320,86,3342
102,백령도,2024-04-24 15:00,10.6,,5.8,320,87,3111
102,백령도,2024-04-24 16:00,10.8,,4.5,290,86,2423
102,백령도,2024-04-24 17:00,10.7,,5,320,85,3609
102,백령도,2024-04-24 18:00,10.1,,4.8,320,88,3274
102,백령도,2024-04-24 19:00,9.4,,3.9,290,91,2567
102,백령도,2024-04-24 20:00,9.2,,3.4,320,93,1777
102,백령도,2024-04-24 21:00,9.4,,1.8,290,94,1229
102,백령도,2024-04-24 22:00,9.1,,2.1,290,94,820
102,백령도,2024-04-24 23:00,9.6,,3.4,270,94,1488
102,백령도,2024-04-25 00:00,9.6,,2.9,270,94,1161
102,백령도,2024-04-25 01:00,9.8,,2.8,250,94,1127
102,백령도,2024-04-25 02:00,9.6,,2.1,230,95,869
102,백령도,2024-04-25 03:00,9.2,,2.7,200,96,273
102,백령도,2024-04-25 04:00,8.8,,3.5,180,97,39
102,백령도,2024-04-25 05:00,9.1,,2.3,160,97,171
102,백령도,2024-04-25 06:00,9.2,,3,140,97,166
102,백령도,2024-04-25 07:00,9.7,,3.1,140,97,507
102,백령도,2024-04-25 08:00,10.7,,4.2,160,95,943
102,백령도,2024-04-25 09:00,11,,5.1,180,90,1269
102,백령도,2024-04-25 10:00,12.1,,5,160,86,1814
102,백령도,2024-04-25 11:00,12.6,,5.3,160,82,2203
102,백령도,2024-04-25 12:00,12.6,,5.3,160,81,2011
102,백령도,2024-04-25 13:00,12.1,,7.4,160,84,2542
102,백령도,2024-04-25 14:00,12.9,,4.7,160,78,2619
102,백령도,2024-04-25 15:00,12.6,,5,160,81,2763
102,백령도,2024-04-25 16:00,12.5,,5.5,160,82,2714
102,백령도,2024-04-25 17:00,12.3,,5.2,160,81,2970
102,백령도,2024-04-25 18:00,11.1,,5.2,160,85,2635
102,백령도,2024-04-25 19:00,10.4,,6.9,160,90,2093
102,백령도,2024-04-25 20:00,10.3,,5.9,160,92,1754
102,백령도,2024-04-25 21:00,10.4,,5.5,160,92,1651
102,백령도,2024-04-25 22:00,10.2,,5.7,160,93,1650
102,백령도,2024-04-25 23:00,10.1,,5.4,160,94,1205
102,백령도,2024-04-26 00:00,10.1,,4.4,140,94,960
102,백령도,2024-04-26 01:00,10,,4.3,140,94,847
102,백령도,2024-04-26 02:00,10.3,,4.6,160,93,1179
102,백령도,2024-04-26 03:00,10.5,,4.1,160,92,1960
102,백령도,2024-04-26 04:00,10.4,,3.8,160,92,1684
102,백령도,2024-04-26 05:00,9.2,,2.9,110,95,590
102,백령도,2024-04-26 06:00,9.6,,1.7,140,96,775
102,백령도,2024-04-26 07:00,10,,2,90,96,692
102,백령도,2024-04-26 08:00,11.6,,2.8,110,89,1462
102,백령도,2024-04-26 09:00,13,,3.5,110,83,2385
102,백령도,2024-04-26 10:00,14,,4.2,160,77,3972
102,백령도,2024-04-26 11:00,15,,4.7,180,71,3667
102,백령도,2024-04-26 12:00,16.3,,3.2,180,64,3746
102,백령도,2024-04-26 13:00,16.1,,3.5,180,60,3761
102,백령도,2024-04-26 14:00,16.1,,3.8,180,63,3630
102,백령도,2024-04-26 15:00,16.9,,2.7,200,57,3735
102,백령도,2024-04-26 16:00,16.7,,2.8,200,54,4496
102,백령도,2024-04-26 17:00,16.5,,1.6,340,58,3959
102,백령도,2024-04-26 18:00,15.1,,2.8,200,60,4811
102,백령도,2024-04-26 19:00,12.4,,2.1,200,78,4705
102,백령도,2024-04-26 20:00,10.8,,2.7,180,89,3293
102,백령도,2024-04-26 21:00,10.4,,1.5,250,82,4937
102,백령도,2024-04-26 22:00,10.1,,0,0,80,3634
102,백령도,2024-04-26 23:00,8.6,,1.7,160,94,2319
102,백령도,2024-04-27 00:00,9,,0,0,90,4084
102,백령도,2024-04-27 01:00,10,,1,90,81,4997
102,백령도,2024-04-27 02:00,8.8,,.6,180,91,3460
102,백령도,2024-04-27 03:00,9.1,,1.3,320,83,4963
102,백령도,2024-04-27 04:00,9.5,,.8,180,83,4474
102,백령도,2024-04-27 05:00,9,,.7,90,83,4640
102,백령도,2024-04-27 06:00,10.1,,.9,200,81,3598
102,백령도,2024-04-27 07:00,9.3,,.9,200,88,2476
102,백령도,2024-04-27 08:00,12.6,,.8,90,80,4511
102,백령도,2024-04-27 09:00,13.6,,1.2,90,74,4507
102,백령도,2024-04-27 10:00,16.7,,1.3,340,57,4823
102,백령도,2024-04-27 11:00,17.7,,2.7,290,45,4619
102,백령도,2024-04-27 12:00,18.2,,2.9,290,41,4543
102,백령도,2024-04-27 13:00,19.2,,3.2,320,44,4547
102,백령도,2024-04-27 14:00,19.3,,2.1,320,46,4789
102,백령도,2024-04-27 15:00,16.5,,5.8,320,60,4320
102,백령도,2024-04-27 16:00,16.6,,4.3,320,63,4435
102,백령도,2024-04-27 17:00,15,,4.5,320,70,4832
102,백령도,2024-04-27 18:00,12.8,,4.4,290,83,4622
102,백령도,2024-04-27 19:00,12.5,,1.8,270,84,4261
102,백령도,2024-04-27 20:00,12.1,,1.5,270,83,4254
102,백령도,2024-04-27 21:00,9.8,,1.6,320,94,1781
102,백령도,2024-04-27 22:00,8.8,,2.2,320,97,47
102,백령도,2024-04-27 23:00,8.8,,2.4,290,97,36
102,백령도,2024-04-28 00:00,9.5,,2.2,320,97,701
102,백령도,2024-04-28 01:00,9.8,,2.3,320,97,863
102,백령도,2024-04-28 02:00,9.6,,2.9,290,97,746
102,백령도,2024-04-28 03:00,9.7,,.9,250,96,795
102,백령도,2024-04-28 04:00,8.7,,2.3,320,96,343
102,백령도,2024-04-28 05:00,8,,2.8,320,97,22
102,백령도,2024-04-28 06:00,7.4,,3.6,320,97,21
102,백령도,2024-04-28 07:00,7.9,,4.4,320,97,31
102,백령도,2024-04-28 08:00,10.1,,1.7,320,97,4027
102,백령도,2024-04-28 09:00,13.3,,1.5,90,78,3706
102,백령도,2024-04-28 10:00,15.7,,2.1,90,67,3748
102,백령도,2024-04-28 11:00,19.1,,2.1,90,45,4484
102,백령도,2024-04-28 12:00,19,,3.2,110,49,3946
102,백령도,2024-04-28 13:00,19.2,,2.4,180,46,3881
102,백령도,2024-04-28 14:00,19.4,,2.7,180,45,4221
102,백령도,2024-04-28 15:00,20.3,,.8,270,56,3956
102,백령도,2024-04-28 16:00,15.3,,3.1,320,72,4666
102,백령도,2024-04-28 17:00,12.7,,5.5,320,78,3821
102,백령도,2024-04-28 18:00,13.2,,2.7,290,74,4409
102,백령도,2024-04-28 19:00,13.7,,2.5,290,66,4897
102,백령도,2024-04-28 20:00,15.1,,.8,270,53,4982
102,백령도,2024-04-28 21:00,12,,1.8,320,75,4711
102,백령도,2024-04-28 22:00,14.3,,.7,320,57,4901
102,백령도,2024-04-28 23:00,13.1,,1.8,340,63,4749
102,백령도,2024-04-29 00:00,17.8,,3.3,20,39,4886
102,백령도,2024-04-29 01:00,12.9,,1.6,290,60,4887
102,백령도,2024-04-29 02:00,16.4,,1.6,90,47,4588
102,백령도,2024-04-29 03:00,13.5,,.6,50,62,4366
102,백령도,2024-04-29 04:00,14.1,,.7,320,59,4362
102,백령도,2024-04-29 05:00,13.7,,2.5,110,66,3434
102,백령도,2024-04-29 06:00,12.8,,2.5,70,81,2266
102,백령도,2024-04-29 07:00,13.7,,2.1,90,79,2320
102,백령도,2024-04-29 08:00,15.3,,2.1,90,68,2632
102,백령도,2024-04-29 09:00,16.7,,2.5,90,63,2826
102,백령도,2024-04-29 10:00,18.3,,3.5,90,53,3389
102,백령도,2024-04-29 11:00,19.1,,2.4,360,51,3373
102,백령도,2024-04-29 12:00,20.9,,1.5,50,43,3559
102,백령도,2024-04-29 13:00,19.5,,3.1,320,48,3373
102,백령도,2024-04-29 14:00,18.6,,3.4,320,51,3348
102,백령도,2024-04-29 15:00,18.5,,3.7,320,50,3842
102,백령도,2024-04-29 16:00,17.2,,5.3,290,55,2958
102,백령도,2024-04-29 17:00,13.8,,5.3,320,72,1979
102,백령도,2024-04-29 18:00,12.4,,6,320,73,2121
102,백령도,2024-04-29 19:00,11.3,,5.6,320,78,1874
102,백령도,2024-04-29 20:00,10.6,,5.1,320,81,1870
102,백령도,2024-04-29 21:00,10.5,,5.1,320,81,1573
102,백령도,2024-04-29 22:00,11.1,,5.5,320,78,1492
102,백령도,2024-04-29 23:00,11.1,,5.2,320,85,1021
102,백령도,2024-04-30 00:00,10.8,,6.9,320,82,1334
102,백령도,2024-04-30 01:00,9.9,,5.8,320,85,1212
102,백령도,2024-04-30 02:00,9.8,,6.5,320,86,1188
102,백령도,2024-04-30 03:00,9.4,,5.1,340,86,938
102,백령도,2024-04-30 04:00,9,,6.7,340,86,1014
102,백령도,2024-04-30 05:00,8.8,,6.3,340,88,1037
102,백령도,2024-04-30 06:00,8.7,,4.8,340,87,1234
102,백령도,2024-04-30 07:00,9,,5.6,340,84,1886
102,백령도,2024-04-30 08:00,9.6,,5.5,340,81,2872
102,백령도,2024-04-30 09:00,10.3,,7.7,340,76,3677
102,백령도,2024-04-30 10:00,11.1,,5.5,360,72,3681
102,백령도,2024-04-30 11:00,11.4,,6.4,360,68,2913
102,백령도,2024-04-30 12:00,12.3,,7.5,360,64,2942
102,백령도,2024-04-30 13:00,12.3,,9.5,340,63,3567
102,백령도,2024-04-30 14:00,12.4,,8.7,340,56,3423
102,백령도,2024-04-30 15:00,12.9,,6.6,340,53,3521
102,백령도,2024-04-30 16:00,12.6,,5.9,340,58,3101
102,백령도,2024-04-30 17:00,11.8,,5.9,340,60,2630
102,백령도,2024-04-30 18:00,11.3,,5,340,64,3286
102,백령도,2024-04-30 19:00,11.7,,5.6,320,59,2916
102,백령도,2024-04-30 20:00,10.8,,4,320,65,3306
102,백령도,2024-04-30 21:00,11.7,,4.9,320,59,3323
102,백령도,2024-04-30 22:00,11.3,,3.2,340,64,3403
102,백령도,2024-04-30 23:00,9.5,,2,320,77,3014
102,백령도,2024-05-01 00:00,9.2,,2,320,77,3190
102,백령도,2024-05-01 01:00,10.1,,3.3,320,68,3706
102,백령도,2024-05-01 02:00,10.1,,3.3,320,69,3561
102,백령도,2024-05-01 03:00,10,,2.4,320,68,3371
102,백령도,2024-05-01 04:00,10.2,,3.9,340,72,3533
102,백령도,2024-05-01 05:00,10.7,,2.8,340,67,3848
102,백령도,2024-05-01 06:00,10.1,,3.2,340,74,3301
102,백령도,2024-05-01 07:00,11.5,,.3,0,71,3028
102,백령도,2024-05-01 08:00,13.5,,2.1,70,61,3162
102,백령도,2024-05-01 09:00,15.4,,1.6,90,56,3865
102,백령도,2024-05-01 10:00,15.8,,2.8,320,51,3076
102,백령도,2024-05-01 11:00,16.3,,3.6,360,49,4050
102,백령도,2024-05-01 12:00,16.4,,3.4,360,52,4240
102,백령도,2024-05-01 13:00,17,,2.8,320,50,3825
102,백령도,2024-05-01 14:00,16.7,,3.6,290,51,3869
102,백령도,2024-05-01 15:00,18.3,,3.1,320,38,3963
102,백령도,2024-05-01 16:00,19.7,,2.3,320,27,4512
102,백령도,2024-05-01 17:00,17.7,,2.6,320,36,3979
102,백령도,2024-05-01 18:00,17.5,,2.7,290,26,4403
102,백령도,2024-05-01 19:00,14.1,,2.9,290,46,4759
102,백령도,2024-05-01 20:00,12.7,,1.3,230,60,4205
102,백령도,2024-05-01 21:00,11.7,,.5,270,61,4336
102,백령도,2024-05-01 22:00,12.9,,1.4,290,36,4894
102,백령도,2024-05-01 23:00,11.1,,1.4,180,57,4586
102,백령도,2024-05-02 00:00,10,,2.7,90,71,4274
102,백령도,2024-05-02 01:00,10.7,,.8,340,55,4599
102,백령도,2024-05-02 02:00,9.6,,1.6,290,63,4370
102,백령도,2024-05-02 03:00,10.9,,3.3,320,62,3959
102,백령도,2024-05-02 04:00,9.9,,1.3,70,74,3084
102,백령도,2024-05-02 05:00,9.2,,2.4,90,85,3150
102,백령도,2024-05-02 06:00,9.5,,1,160,71,3409
102,백령도,2024-05-02 07:00,13.2,,1.2,110,54,3608
102,백령도,2024-05-02 08:00,13.3,,2.5,90,69,3407
102,백령도,2024-05-02 09:00,15.4,,2.4,180,45,3136
102,백령도,2024-05-02 10:00,16.6,,2.5,180,42,2855
102,백령도,2024-05-02 11:00,17.9,,4.9,180,34,3376
102,백령도,2024-05-02 12:00,19,,3,230,23,3964
102,백령도,2024-05-02 13:00,19.7,,3.4,230,28,4749
102,백령도,2024-05-02 14:00,18.6,,3.1,230,37,3671
102,백령도,2024-05-02 15:00,19.7,,3.9,270,22,4412
102,백령도,2024-05-02 16:00,19.5,,3.8,250,19,4656
102,백령도,2024-05-02 17:00,18.4,,4.4,270,25,4927
102,백령도,2024-05-02 18:00,18.3,,2.5,270,23,4726
102,백령도,2024-05-02 19:00,16.4,,1.7,250,28,4812
102,백령도,2024-05-02 20:00,14.2,,1.9,250,39,4406
102,백령도,2024-05-02 21:00,13.5,,1.1,270,38,4453
102,백령도,2024-05-02 22:00,13.3,,.7,270,38,4758
102,백령도,2024-05-02 23:00,12.9,,1.5,320,35,4607
102,백령도,2024-05-03 00:00,13,,.9,230,36,4681
102,백령도,2024-05-03 01:00,14.3,,3,270,29,4338
102,백령도,2024-05-03 02:00,14.2,,1.8,270,42,4206
102,백령도,2024-05-03 03:00,11.3,,2,90,65,3692
102,백령도,2024-05-03 04:00,12.2,,.2,0,61,4013
102,백령도,2024-05-03 05:00,11.2,,2.2,90,68,3700
102,백령도,2024-05-03 06:00,10.1,,1.8,320,71,3020
102,백령도,2024-05-03 07:00,13.1,,1.3,320,61,3281
102,백령도,2024-05-03 08:00,15.4,,2.2,320,52,3157
102,백령도,2024-05-03 09:00,17.4,,2.9,290,37,3815
102,백령도,2024-05-03 10:00,17.8,,4.1,290,34,3743
102,백령도,2024-05-03 11:00,18.3,,4.1,320,33,3080
102,백령도,2024-05-03 12:00,18.5,,3.8,320,37,2181
102,백령도,2024-05-03 13:00,18.9,,4.4,320,37,2597
102,백령도,2024-05-03 14:00,20.4,,3.2,290,30,2781
102,백령도,2024-05-03 15:00,20.8,,3.1,290,28,3172
102,백령도,2024-05-03 16:00,20.4,,3.4,320,26,3020
102,백령도,2024-05-03 17:00,19.6,,4.4,320,25,3362
102,백령도,2024-05-03 18:00,18.7,,3.7,320,28,3066
102,백령도,2024-05-03 19:00,16.2,,3.8,320,38,2512
102,백령도,2024-05-03 20:00,14.1,,4.1,320,54,2217
102,백령도,2024-05-03 21:00,13,,2.3,320,61,2030
102,백령도,2024-05-03 22:00,13.7,,2.1,320,49,2389
102,백령도,2024-05-03 23:00,14.3,,1.9,320,45,2357
102,백령도,2024-05-04 00:00,13.7,,2.8,320,58,2222
102,백령도,2024-05-04 01:00,12.9,,2.2,320,65,2056
102,백령도,2024-05-04 02:00,12.4,,2.3,290,64,2108
102,백령도,2024-05-04 03:00,12.4,,2.5,320,67,2055
102,백령도,2024-05-04 04:00,12.1,,3,290,77,1776
102,백령도,2024-05-04 05:00,12,,3,320,82,1491
102,백령도,2024-05-04 06:00,11.7,,2.8,290,74,1613
102,백령도,2024-05-04 07:00,13.3,,1.9,320,60,2117
102,백령도,2024-05-04 08:00,15.6,,2.3,320,46,2372
102,백령도,2024-05-04 09:00,17.6,,1.3,340,43,2217
102,백령도,2024-05-04 10:00,18,,2.3,90,43,2490
102,백령도,2024-05-04 11:00,20.9,,2.7,110,28,2131
102,백령도,2024-05-04 12:00,21.6,,2.8,180,31,3005
102,백령도,2024-05-04 13:00,18.7,,3.2,180,48,3059
102,백령도,2024-05-04 14:00,19.2,,3.6,180,57,2855
102,백령도,2024-05-04 15:00,19.2,,2.6,200,45,2887
102,백령도,2024-05-04 16:00,18.9,,2.1,340,52,2848
102,백령도,2024-05-04 17:00,19.5,,.5,110,51,3025
102,백령도,2024-05-04 18:00,17.3,,2.1,200,52,2850
102,백령도,2024-05-04 19:00,14.7,,1.3,200,77,1899
102,백령도,2024-05-04 20:00,15.4,,.9,180,67,2341
102,백령도,2024-05-04 21:00,13,,1.8,110,86,1021
102,백령도,2024-05-04 22:00,14.5,,2.4,180,85,1215
102,백령도,2024-05-04 23:00,13.1,,2.4,90,87,1105
102,백령도,2024-05-05 00:00,14.2,,2.2,90,72,1867
102,백령도,2024-05-05 01:00,15.3,0,2.7,110,64,2239
102,백령도,2024-05-05 02:00,14.8,0,3,110,65,2369
102,백령도,2024-05-05 03:00,14.1,0,5.1,140,89,1597
102,백령도,2024-05-05 04:00,13.8,.3,3.5,110,87,1503
102,백령도,2024-05-05 05:00,13.5,1.5,4.3,110,94,385
102,백령도,2024-05-05 06:00,13.2,1.1,4.7,110,94,631
102,백령도,2024-05-05 07:00,13.3,1.3,4.7,110,96,362
102,백령도,2024-05-05 08:00,13.2,.6,3.3,90,96,261
102,백령도,2024-05-05 09:00,13.9,4,3.3,110,97,220
102,백령도,2024-05-05 10:00,14.7,6.3,5.1,110,97,121
102,백령도,2024-05-05 11:00,15,4.7,4.9,110,97,154
102,백령도,2024-05-05 12:00,15.1,5.6,4.8,110,97,47
102,백령도,2024-05-05 13:00,15.7,7,5.1,140,97,327
102,백령도,2024-05-05 14:00,15.1,4.2,4.9,140,97,348
102,백령도,2024-05-05 15:00,14.3,6.4,6.4,140,97,231
102,백령도,2024-05-05 16:00,13.9,3.5,2.8,230,97,458
102,백령도,2024-05-05 17:00,13.9,.9,2.4,270,97,298
102,백령도,2024-05-05 18:00,13.5,.1,3.7,250,97,4740
102,백령도,2024-05-05 19:00,13.3,0,4.5,230,96,3911
102,백령도,2024-05-05 20:00,12.9,.1,3.9,230,97,1348
102,백령도,2024-05-05 21:00,12.7,.2,6.3,250,96,617
102,백령도,2024-05-05 22:00,12.4,0,4.1,270,97,72
102,백령도,2024-05-05 23:00,12.1,0,4.5,290,97,39
102,백령도,2024-05-06 00:00,12.1,,3.9,290,97,114
102,백령도,2024-05-06 01:00,12.4,,3.9,270,97,1318
102,백령도,2024-05-06 02:00,12.4,.2,2.9,270,98,770
102,백령도,2024-05-06 03:00,12.3,.3,2.6,290,97,990
102,백령도,2024-05-06 04:00,12.2,0,3.3,290,97,1457
102,백령도,2024-05-06 05:00,12.2,,2.5,230,97,868
102,백령도,2024-05-06 06:00,12.1,,2.7,230,97,468
102,백령도,2024-05-06 07:00,12.3,.3,3.7,230,97,982
102,백령도,2024-05-06 08:00,12.2,0,3.8,250,97,828
102,백령도,2024-05-06 09:00,12.1,0,4.1,250,97,538
102,백령도,2024-05-06 10:00,12,.3,4.8,250,97,303
102,백령도,2024-05-06 11:00,11.9,.1,4.8,250,96,335
102,백령도,2024-05-06 12:00,12.1,.2,4.7,250,94,533
102,백령도,2024-05-06 13:00,12.2,0,4,230,96,301
102,백령도,2024-05-06 14:00,12.9,0,3.9,230,91,489
102,백령도,2024-05-06 15:00,12.6,,3.7,230,93,361
102,백령도,2024-05-06 16:00,12.4,,2.8,250,97,26
102,백령도,2024-05-06 17:00,12.4,0,2.8,270,97,49
102,백령도,2024-05-06 18:00,12.2,0,3,290,97,55
102,백령도,2024-05-06 19:00,12.2,.1,2.7,290,97,163
102,백령도,2024-05-06 20:00,12.1,.4,3.2,290,97,224
102,백령도,2024-05-06 21:00,12,.1,2.6,290,97,43
102,백령도,2024-05-06 22:00,11.7,.1,3.3,290,98,27
102,백령도,2024-05-06 23:00,11.4,.2,3.6,320,98,49
102,백령도,2024-05-07 00:00,11.2,.6,3.9,320,98,27
102,백령도,2024-05-07 01:00,10.8,.1,2.6,320,98,25
102,백령도,2024-05-07 02:00,10,0,2.7,340,98,26
102,백령도,2024-05-07 03:00,10.5,0,3.3,360,98,21
102,백령도,2024-05-07 04:00,10.9,.2,2.2,320,98,195
102,백령도,2024-05-07 05:00,10.2,0,2.5,320,98,29
102,백령도,2024-05-07 06:00,10.6,.2,1.9,320,98,74
102,백령도,2024-05-07 07:00,11.3,.9,3.5,360,98,51
102,백령도,2024-05-07 08:00,11.9,.8,1.4,360,98,499
102,백령도,2024-05-07 09:00,11.8,0,1.9,360,98,971
102,백령도,2024-05-07 10:00,12.6,0,4.6,70,97,4208
102,백령도,2024-05-07 11:00,13,,2.5,50,87,4560
102,백령도,2024-05-07 12:00,14.3,0,2.6,340,88,3268
102,백령도,2024-05-07 13:00,13.2,0,3.6,360,87,3845
102,백령도,2024-05-07 14:00,12.9,0,4.2,360,88,4564
102,백령도,2024-05-07 15:00,12.9,.5,2.6,340,87,4320
102,백령도,2024-05-07 16:00,12.8,.2,2,320,88,3869
102,백령도,2024-05-07 17:00,13.2,.1,2.4,320,87,4197
102,백령도,2024-05-07 18:00,13.2,,2.5,320,84,4512
102,백령도,2024-05-07 19:00,12.6,,2.3,340,84,4641
102,백령도,2024-05-07 20:00,12.1,,2.1,320,86,4201
102,백령도,2024-05-07 21:00,11.8,,3.1,320,84,4608
102,백령도,2024-05-07 22:00,10.7,,2.9,320,90,4279
102,백령도,2024-05-07 23:00,11.4,,1.9,320,86,4874
102,백령도,2024-05-08 00:00,11.6,,1.2,320,87,4576
102,백령도,2024-05-08 01:00,11.9,,1.6,50,84,4443
102,백령도,2024-05-08 02:00,12.6,,2.3,70,78,4353
102,백령도,2024-05-08 03:00,11.4,,1.5,110,82,4343
102,백령도,2024-05-08 04:00,11.4,,1.8,140,82,4411
102,백령도,2024-05-08 05:00,11.4,,1.1,140,81,3644
102,백령도,2024-05-08 06:00,11.4,,2.3,140,66,4008
102,백령도,2024-05-08 07:00,12.2,,2.2,110,71,3899
102,백령도,2024-05-08 08:00,14.2,,2.6,140,55,1742
102,백령도,2024-05-08 09:00,15,,3.1,140,58,2764
102,백령도,2024-05-08 10:00,15.7,,3.8,140,51,2637
102,백령도,2024-05-08 11:00,16.6,,3.4,140,48,3600
102,백령도,2024-05-08 12:00,16.3,,3.2,200,44,4182
102,백령도,2024-05-08 13:00,16.8,,3,180,37,4405
102,백령도,2024-05-08 14:00,17.6,,2.2,70,41,3781
102,백령도,2024-05-08 15:00,17.9,,1.5,270,38,4142
102,백령도,2024-05-08 16:00,17.4,,3.1,270,43,4548
102,백령도,2024-05-08 17:00,16.9,,3.1,250,37,4669
102,백령도,2024-05-08 18:00,15.6,,3.3,270,44,3521
102,백령도,2024-05-08 19:00,14,,2,230,58,4653
102,백령도,2024-05-08 20:00,11.8,,2,270,74,4598
102,백령도,2024-05-08 21:00,12.5,,2.5,230,62,4493
102,백령도,2024-05-08 22:00,12.3,,2.4,250,74,4498
102,백령도,2024-05-08 23:00,12.1,,1.5,230,73,3982
102,백령도,2024-05-09 00:00,11.6,,.8,270,79,3365
102,백령도,2024-05-09 01:00,11.8,,.9,230,82,3575
102,백령도,2024-05-09 02:00,11,,.6,90,86,2683
102,백령도,2024-05-09 03:00,10.5,,1.3,90,94,1102
102,백령도,2024-05-09 04:00,10.4,,1.1,110,93,1233
102,백령도,2024-05-09 05:00,10.4,,1.3,90,95,1074
102,백령도,2024-05-09 06:00,10.7,,3.1,180,96,192
102,백령도,2024-05-09 07:00,11.3,,1.2,140,96,525
102,백령도,2024-05-09 08:00,13.7,,3.7,200,86,1507
102,백령도,2024-05-09 09:00,15.3,,5.9,200,72,2466
102,백령도,2024-05-09 10:00,16.3,,5.4,200,62,2211
102,백령도,2024-05-09 11:00,16.9,,4.8,200,65,2712
102,백령도,2024-05-09 12:00,16.6,,5.3,200,70,2239
102,백령도,2024-05-09 13:00,18,,4,230,66,1995
102,백령도,2024-05-09 14:00,18.5,,4.3,230,64,1432
102,백령도,2024-05-09 15:00,19.2,,5.3,250,58,1605
102,백령도,2024-05-09 16:00,18.2,,5.2,250,58,1478
102,백령도,2024-05-09 17:00,17.6,,3.2,250,63,1318
102,백령도,2024-05-09 18:00,16.8,,1.4,270,68,1222
102,백령도,2024-05-09 19:00,15.3,,3.1,230,75,1004
102,백령도,2024-05-09 20:00,13.4,,1.4,200,86,638
102,백령도,2024-05-09 21:00,12.8,,1.5,200,92,324
102,백령도,2024-05-09 22:00,13.9,,.8,160,83,856
102,백령도,2024-05-09 23:00,13.3,,1.5,230,88,699
102,백령도,2024-05-10 00:00,14.1,,1.3,200,82,1173
102,백령도,2024-05-10 01:00,14.5,,3.3,200,71,2210
102,백령도,2024-05-10 02:00,14.8,,4.7,230,62,3090
102,백령도,2024-05-10 03:00,14.5,,4.5,230,64,3495
102,백령도,2024-05-10 04:00,13.4,,3.7,200,74,2968
102,백령도,2024-05-10 05:00,13.8,,3.5,180,71,3545
102,백령도,2024-05-10 06:00,12.8,,3.9,160,80,3072
102,백령도,2024-05-10 07:00,13.4,,4.4,160,79,3071
102,백령도,2024-05-10 08:00,14.1,,3.9,160,79,3339
102,백령도,2024-05-10 09:00,14.5,,5,160,79,3700
102,백령도,2024-05-10 10:00,15.7,,5.7,160,74,3425
102,백령도,2024-05-10 11:00,16,,6,160,69,4017
102,백령도,2024-05-10 12:00,16.3,,5,160,70,3608
102,백령도,2024-05-10 13:00,16,,7.3,160,76,3502
102,백령도,2024-05-10 14:00,14.9,,7.1,160,78,3739
102,백령도,2024-05-10 15:00,15.1,,7.5,160,79,3543
102,백령도,2024-05-10 16:00,15,,5.6,160,80,3259
102,백령도,2024-05-10 17:00,14.7,,5.9,160,81,3404
102,백령도,2024-05-10 18:00,13.9,,6.7,160,86,3065
102,백령도,2024-05-10 19:00,13.2,,6.8,160,90,2375
102,백령도,2024-05-10 20:00,12.9,,5.4,160,92,1738
102,백령도,2024-05-10 21:00,12.9,,4,160,93,1571
102,백령도,2024-05-10 22:00,12.6,,5,140,94,1290
102,백령도,2024-05-10 23:00,13.2,,5.9,180,92,1871
102,백령도,2024-05-11 00:00,13.8,,7.2,160,90,2297
102,백령도,2024-05-11 01:00,13.6,,5.5,160,91,2110
102,백령도,2024-05-11 02:00,14.2,,8.4,180,90,2364
102,백령도,2024-05-11 03:00,14.2,,6.8,180,90,1971
102,백령도,2024-05-11 04:00,14.5,,7.5,180,89,1959
102,백령도,2024-05-11 05:00,14.3,,7.9,180,90,1712
102,백령도,2024-05-11 06:00,14.4,,7.4,180,91,1575
102,백령도,2024-05-11 07:00,14.4,,7.9,180,92,1330
102,백령도,2024-05-11 08:00,14.4,0,6.4,200,93,986
102,백령도,2024-05-11 09:00,14.2,0,5.3,230,96,156
102,백령도,2024-05-11 10:00,14.3,.2,6,230,97,98
102,백령도,2024-05-11 11:00,14.2,0,6.2,230,97,71
102,백령도,2024-05-11 12:00,13.7,0,5,250,97,163
102,백령도,2024-05-11 13:00,13.1,.5,2.3,290,97,258
102,백령도,2024-05-11 14:00,13.4,1.7,1.2,230,97,565
102,백령도,2024-05-11 15:00,13,0,3.8,290,93,2311
102,백령도,2024-05-11 16:00,14.1,,2.3,320,83,4562
102,백령도,2024-05-11 17:00,12.5,,3.5,320,80,4072
102,백령도,2024-05-11 18:00,12.6,,2.3,290,81,3597
102,백령도,2024-05-11 19:00,13.1,,.8,270,75,3493
102,백령도,2024-05-11 20:00,11.8,,1.6,250,76,2856
102,백령도,2024-05-11 21:00,11.4,,2.1,250,74,2330
102,백령도,2024-05-11 22:00,11.4,,3.2,270,76,1993
102,백령도,2024-05-11 23:00,11.3,,2.3,270,80,1900
102,백령도,2024-05-12 00:00,11.2,,1.4,290,80,1834
102,백령도,2024-05-12 01:00,11,,2.4,290,77,1774
102,백령도,2024-05-12 02:00,10.9,,2.9,290,82,1993
102,백령도,2024-05-12 03:00,11.1,,2.7,320,78,2139
102,백령도,2024-05-12 04:00,10.4,,1.7,290,79,2393
102,백령도,2024-05-12 05:00,10.6,,2.1,320,75,2599
102,백령도,2024-05-12 06:00,10.2,,2.5,320,78,2780
102,백령도,2024-05-12 07:00,12.5,,2.2,320,68,3235
102,백령도,2024-05-12 08:00,14,,3.6,340,63,3582
102,백령도,2024-05-12 09:00,15.1,,4.1,340,55,4053
102,백령도,2024-05-12 10:00,15.2,,4,320,58,3769
102,백령도,2024-05-12 11:00,14.8,,4.9,320,62,4389
102,백령도,2024-05-12 12:00,15.3,,4.6,320,61,3846
102,백령도,2024-05-12 13:00,15.4,,5.2,320,59,4396
102,백령도,2024-05-12 14:00,15.8,,4.7,320,57,4088
102,백령도,2024-05-12 15:00,15.4,,5.4,320,59,4204
102,백령도,2024-05-12 16:00,15.2,,5.3,320,63,4424
102,백령도,2024-05-12 17:00,16,,3.7,320,54,4238
102,백령도,2024-05-12 18:00,16.3,,3.6,290,49,4447
102,백령도,2024-05-12 19:00,15.2,,4.1,290,50,4456
102,백령도,2024-05-12 20:00,13.5,,2.6,290,56,4950
102,백령도,2024-05-12 21:00,13.7,,3.2,290,59,4877
102,백령도,2024-05-12 22:00,13.1,,3.7,290,66,4725
102,백령도,2024-05-12 23:00,13.8,,4.1,320,62,4680
102,백령도,2024-05-13 00:00,12.7,,3.9,320,73,4419
102,백령도,2024-05-13 01:00,11.8,,3.4,290,77,4174
102,백령도,2024-05-13 02:00,11.9,,3.6,320,75,3896
102,백령도,2024-05-13 03:00,11.8,,3.5,320,74,4256
102,백령도,2024-05-13 04:00,11.8,,3,320,73,4141
102,백령도,2024-05-13 05:00,11.7,,4.1,320,74,4430
102,백령도,2024-05-13 06:00,12,,2.7,320,69,4008
102,백령도,2024-05-13 07:00,14.1,,1.9,320,61,4651
102,백령도,2024-05-13 08:00,17.5,,2.5,360,44,4656
102,백령도,2024-05-13 09:00,20.3,,.7,140,34,4471
102,백령도,2024-05-13 10:00,21.3,,1,160,37,3935
102,백령도,2024-05-13 11:00,19.6,,2.3,90,52,4110
102,백령도,2024-05-13 12:00,21.3,,.5,250,46,4442
102,백령도,2024-05-13 13:00,20.7,,2,110,52,3763
102,백령도,2024-05-13 14:00,21.8,,3.5,160,38,3843
102,백령도,2024-05-13 15:00,21.3,,2.6,230,29,3840
102,백령도,2024-05-13 16:00,21.1,,2.6,230,30,4018
102,백령도,2024-05-13 17:00,19.4,,3.9,200,34,4501
102,백령도,2024-05-13 18:00,18.2,,6.2,200,36,4524
102,백령도,2024-05-13 19:00,17.4,,6.4,230,39,4826
102,백령도,2024-05-13 20:00,16.9,,6,230,40,4899
102,백령도,2024-05-13 21:00,16.9,,6.1,230,43,4932
102,백령도,2024-05-13 22:00,16.6,,6,230,45,4931
102,백령도,2024-05-13 23:00,16.3,,5.5,230,48,4939
102,백령도,2024-05-14 00:00,15,,4.5,200,67,4472
102,백령도,2024-05-14 01:00,15.5,,4.5,200,59,4782
102,백령도,2024-05-14 02:00,15.8,,4.7,230,54,4879
102,백령도,2024-05-14 03:00,15.1,,2.9,200,61,4922
102,백령도,2024-05-14 04:00,13.9,,2.9,180,70,4623
102,백령도,2024-05-14 05:00,11.8,,2,140,84,3613
102,백령도,2024-05-14 06:00,11.5,,2.3,110,91,2090
102,백령도,2024-05-14 07:00,13.1,,2.3,110,87,2633
102,백령도,2024-05-14 08:00,15.1,,3.2,180,74,3683
102,백령도,2024-05-14 09:00,16.2,,5.2,160,70,4365
102,백령도,2024-05-14 10:00,16.7,,5.1,180,70,3019
102,백령도,2024-05-14 11:00,17.2,,3.9,180,65,3591
102,백령도,2024-05-14 12:00,17.8,,4.7,180,63,3619
102,백령도,2024-05-14 13:00,17.9,,5,180,62,4134
102,백령도,2024-05-14 14:00,18,,4.9,180,62,3668
102,백령도,2024-05-14 15:00,18.3,,5.1,180,60,1736
102,백령도,2024-05-14 16:00,17.7,,5,200,66,1800
102,백령도,2024-05-14 17:00,17,,4,180,68,3335
102,백령도,2024-05-14 18:00,16.2,,5.2,200,70,3183
102,백령도,2024-05-14 19:00,15.6,,4.7,200,74,2901
102,백령도,2024-05-14 20:00,15,,4.9,200,78,2453
102,백령도,2024-05-14 21:00,12.3,,2.5,90,91,1991
102,백령도,2024-05-14 22:00,12.3,,2.3,110,93,1568
102,백령도,2024-05-14 23:00,12.4,,2.1,110,93,1468
102,백령도,2024-05-15 00:00,13.9,,4.1,180,90,1328
102,백령도,2024-05-15 01:00,13,,2,70,92,1690
102,백령도,2024-05-15 02:00,13.3,,.5,110,91,1671
102,백령도,2024-05-15 03:00,12.9,,.9,360,93,1682
102,백령도,2024-05-15 04:00,12.9,,3.8,360,93,2031
102,백령도,2024-05-15 05:00,13.3,,10.8,360,68,2929
102,백령도,2024-05-15 06:00,12.7,,12,360,66,3163
102,백령도,2024-05-15 07:00,11.7,0,11.3,360,69,4459
102,백령도,2024-05-15 08:00,11.2,0,4.8,340,74,4285
102,백령도,2024-05-15 09:00,9.7,3.9,3.6,70,90,959
102,백령도,2024-05-15 10:00,10.4,1.3,1.8,110,89,3824
102,백령도,2024-05-15 11:00,12.3,,.9,340,83,4419
102,백령도,2024-05-15 12:00,11.3,,3.8,320,87,4375
102,백령도,2024-05-15 13:00,12.2,,5.6,320,82,4182
102,백령도,2024-05-15 14:00,12.8,,5.7,320,77,4246
102,백령도,2024-05-15 15:00,13,,5.3,320,72,4458
102,백령도,2024-05-15 16:00,13.5,,4.6,320,74,4361
102,백령도,2024-05-15 17:00,13.7,,6.5,320,69,4180
102,백령도,2024-05-15 18:00,13.9,,4.8,320,56,4442
102,백령도,2024-05-15 19:00,12.8,,5.5,340,61,4600
102,백령도,2024-05-15 20:00,11.9,,2.5,50,71,4714
102,백령도,2024-05-15 21:00,11.2,,2.4,50,70,4883
102,백령도,2024-05-15 22:00,10.1,,2.3,70,77,4992
102,백령도,2024-05-15 23:00,8.8,,.7,140,81,4987
102,백령도,2024-05-16 00:00,9.1,,1.9,270,79,4946
102,백령도,2024-05-16 01:00,9.3,,3.7,290,85,4963
102,백령도,2024-05-16 02:00,9.2,,1.8,320,81,4999
102,백령도,2024-05-16 03:00,9.8,,1.6,340,69,4984
102,백령도,2024-05-16 04:00,10.1,,1.2,360,59,4915
102,백령도,2024-05-16 05:00,10.5,,.9,290,57,5000
102,백령도,2024-05-16 06:00,10.5,,1.2,230,62,5000
102,백령도,2024-05-16 07:00,11.4,,1.2,230,56,4652
102,백령도,2024-05-16 08:00,13.5,,.9,200,53,4687
102,백령도,2024-05-16 09:00,15.2,,1,50,52,4115
102,백령도,2024-05-16 10:00,16.7,,2.3,320,45,4166
102,백령도,2024-05-16 11:00,17.2,,3.4,320,48,3955
102,백령도,2024-05-16 12:00,17.7,,3.2,320,43,3566
102,백령도,2024-05-16 13:00,17.5,,1.8,290,47,3348
102,백령도,2024-05-16 14:00,17.7,,3.2,320,45,3585
102,백령도,2024-05-16 15:00,17.8,,3.3,320,50,3626
102,백령도,2024-05-16 16:00,16.9,,3.6,320,55,3141
102,백령도,2024-05-16 17:00,17,,2.3,320,57,3122
102,백령도,2024-05-16 18:00,16.2,,2,320,60,2880
102,백령도,2024-05-16 19:00,14.5,,1.4,320,73,2652
102,백령도,2024-05-16 20:00,13.1,,0,0,82,2269
102,백령도,2024-05-16 21:00,12.5,,2.7,180,83,1398
102,백령도,2024-05-16 22:00,12.6,,2.8,200,92,621
102,백령도,2024-05-16 23:00,11.8,,1.8,180,94,275
102,백령도,2024-05-17 00:00,10.9,,2.2,110,96,51
102,백령도,2024-05-17 01:00,11.8,,3.4,140,97,275
102,백령도,2024-05-17 02:00,11.8,,5.2,140,96,339
102,백령도,2024-05-17 03:00,12.4,,3.2,160,94,563
102,백령도,2024-05-17 04:00,12.4,,2.6,140,96,407
102,백령도,2024-05-17 05:00,12.8,,4.4,140,96,462
102,백령도,2024-05-17 06:00,13,,5.3,160,96,468
102,백령도,2024-05-17 07:00,13.5,,4.8,140,94,699
102,백령도,2024-05-17 08:00,14.4,,5.2,140,89,1423
102,백령도,2024-05-17 09:00,15.6,,4.8,140,85,2150
102,백령도,2024-05-17 10:00,17.3,,5,160,76,2732
102,백령도,2024-05-17 11:00,17.8,,5.1,140,73,2751
102,백령도,2024-05-17 12:00,17.8,,7,160,72,3403
102,백령도,2024-05-17 13:00,18.2,,5.5,160,70,2964
102,백령도,2024-05-17 14:00,18.2,,5.4,160,70,3231
102,백령도,2024-05-17 15:00,17.6,,5.8,140,73,3437
102,백령도,2024-05-17 16:00,16.9,,7.5,140,77,2619
102,백령도,2024-05-17 17:00,16.3,,6.5,140,80,2878
102,백령도,2024-05-17 18:00,15.1,,7.5,160,86,2255
102,백령도,2024-05-17 19:00,14.7,,6.7,160,90,2075
102,백령도,2024-05-17 20:00,14.3,,6.5,160,92,1786
102,백령도,2024-05-17 21:00,14.1,,6.9,140,93,1675
102,백령도,2024-05-17 22:00,14.5,,5.4,140,94,1439
102,백령도,2024-05-17 23:00,14.3,,5.3,140,95,940
102,백령도,2024-05-18 00:00,14.5,,4.6,160,95,1033
102,백령도,2024-05-18 01:00,14.4,,5.2,160,94,1080
102,백령도,2024-05-18 02:00,14.8,,7.7,160,96,855
102,백령도,2024-05-18 03:00,14.8,,5.8,160,96,477
102,백령도,2024-05-18 04:00,14.3,,6.3,160,96,476
102,백령도,2024-05-18 05:00,14.7,,4.9,160,95,1314
102,백령도,2024-05-18 06:00,14.8,,5.2,160,93,1686
102,백령도,2024-05-18 07:00,15.1,,4.6,140,92,1913
102,백령도,2024-05-18 08:00,15,,5.8,140,91,1972
102,백령도,2024-05-18 09:00,15.6,,6.8,160,89,2461
102,백령도,2024-05-18 10:00,15.9,,6.7,160,87,2719
102,백령도,2024-05-18 11:00,16.9,,6.5,160,81,3308
102,백령도,2024-05-18 12:00,17.7,,5.6,160,79,2939
102,백령도,2024-05-18 13:00,17.5,,7.7,180,80,3060
102,백령도,2024-05-18 14:00,17.3,,5.3,160,81,3607
102,백령도,2024-05-18 15:00,17.2,,5.1,160,81,3057
102,백령도,2024-05-18 16:00,17.5,,5.6,160,80,3010
102,백령도,2024-05-18 17:00,17.2,,5,160,81,3254
102,백령도,2024-05-18 18:00,16.4,,4.7,160,85,3042
102,백령도,2024-05-18 19:00,15.9,,5.2,160,87,3342
102,백령도,2024-05-18 20:00,15.4,,3.8,160,90,2710
102,백령도,2024-05-18 21:00,15.3,,4,180,90,2184
102,백령도,2024-05-18 22:00,15.3,,2.8,200,88,2481
102,백령도,2024-05-18 23:00,14.8,,2.7,180,91,1577
102,백령도,2024-05-19 00:00,14.9,,2,160,91,1777
102,백령도,2024-05-19 01:00,14.7,,2.4,180,92,1046
102,백령도,2024-05-19 02:00,14.2,,2.3,180,93,756
102,백령도,2024-05-19 03:00,14.2,,2.3,180,94,603
102,백령도,2024-05-19 04:00,14,,1.4,140,94,1115
102,백령도,2024-05-19 05:00,13.8,,1.2,160,95,654
102,백령도,2024-05-19 06:00,14.1,,2.2,140,95,1146
102,백령도,2024-05-19 07:00,15.2,,2.6,160,91,2096
102,백령도,2024-05-19 08:00,16.3,,4.6,140,85,4077
102,백령도,2024-05-19 09:00,16.9,,5.4,140,81,3920
102,백령도,2024-05-19 10:00,17.7,,5.1,140,77,4058
102,백령도,2024-05-19 11:00,18.5,,4.6,160,73,3992
102,백령도,2024-05-19 12:00,19.5,,3.8,160,71,3913
102,백령도,2024-05-19 13:00,19.4,,4.6,160,69,4161
102,백령도,2024-05-19 14:00,19,,6.3,160,69,4109
102,백령도,2024-05-19 15:00,19.2,,3.9,180,68,4279
102,백령도,2024-05-19 16:00,18.6,,4.3,160,71,4440
102,백령도,2024-05-19 17:00,18,,3.3,180,76,3952
102,백령도,2024-05-19 18:00,16.3,,2.6,180,83,2194
102,백령도,2024-05-19 19:00,17.3,0,2.7,250,76,3731
102,백령도,2024-05-19 20:00,17,0,3.7,230,82,2898
102,백령도,2024-05-19 21:00,16.4,,4.6,200,85,2895
102,백령도,2024-05-19 22:00,15.4,,2.6,200,88,2291
102,백령도,2024-05-19 23:00,15.2,,2.8,160,90,1939
102,백령도,2024-05-20 00:00,15.2,0,.7,140,92,1207
102,백령도,2024-05-20 01:00,14.5,,1.7,90,92,1231
102,백령도,2024-05-20 02:00,14.6,,1.1,140,93,1002
102,백령도,2024-05-20 03:00,15.1,,2.6,200,94,562
102,백령도,2024-05-20 04:00,15.3,,1.7,200,95,393
102,백령도,2024-05-20 05:00,15.1,,2.7,200,95,222
102,백령도,2024-05-20 06:00,15.3,,2.8,200,96,297
102,백령도,2024-05-20 07:00,15.4,,2.9,250,96,265
102,백령도,2024-05-20 08:00,16.1,,2.4,250,91,1605
102,백령도,2024-05-20 09:00,16.6,,2.6,270,85,2263
102,백령도,2024-05-20 10:00,15.8,,4.3,320,87,1772
102,백령도,2024-05-20 11:00,17.2,,2.7,340,82,1983
102,백령도,2024-05-20 12:00,15.8,,4.4,290,86,603
102,백령도,2024-05-20 13:00,14.8,,4.2,340,87,1460
102,백령도,2024-05-20 14:00,15.1,,5.2,340,83,1349
102,백령도,2024-05-20 15:00,14.3,,6.2,320,87,1216
102,백령도,2024-05-20 16:00,15.1,,5.8,320,83,1822
102,백령도,2024-05-20 17:00,16.6,,3.6,320,78,1703
102,백령도,2024-05-20 18:00,15.1,,5.3,320,82,1065
102,백령도,2024-05-20 19:00,13.9,,4.7,320,87,953
102,백령도,2024-05-20 20:00,13.1,,4.1,320,92,817
102,백령도,2024-05-20 21:00,13,,3.4,320,94,650
102,백령도,2024-05-20 22:00,12.9,,4.3,320,95,517
102,백령도,2024-05-20 23:00,12.6,,3.5,320,96,471
102,백령도,2024-05-21 00:00,12.8,,4.1,340,96,603
102,백령도,2024-05-21 01:00,12.6,,2.9,320,94,681
102,백령도,2024-05-21 02:00,12.1,,1.7,340,95,456
102,백령도,2024-05-21 03:00,12.2,,2.3,320,95,652
102,백령도,2024-05-21 04:00,12.8,,.9,320,94,754
102,백령도,2024-05-21 05:00,13.8,,.7,50,93,853
102,백령도,2024-05-21 06:00,13.7,,.1,0,95,89
102,백령도,2024-05-21 07:00,14.7,,.3,0,97,35
102,백령도,2024-05-21 08:00,15,,2,160,97,115
102,백령도,2024-05-21 09:00,14.6,,2.4,180,97,56
102,백령도,2024-05-21 10:00,14.5,,4.2,180,97,90
102,백령도,2024-05-21 11:00,14.4,,3.8,180,95,415
102,백령도,2024-05-21 12:00,16,,2.2,180,89,1917
102,백령도,2024-05-21 13:00,16.1,,2.9,200,85,1835
102,백령도,2024-05-21 14:00,17.3,,3.3,180,80,1759
102,백령도,2024-05-21 15:00,18,,1.9,230,75,1289
102,백령도,2024-05-21 16:00,17.6,,3.7,200,80,967
102,백령도,2024-05-21 17:00,16,,1.3,360,85,1587
102,백령도,2024-05-21 18:00,16.1,,1.4,160,86,958
102,백령도,2024-05-21 19:00,14,,1.6,360,93,628
102,백령도,2024-05-21 20:00,13.8,,.9,70,96,59
102,백령도,2024-05-21 21:00,13.8,,.4,0,97,27
102,백령도,2024-05-21 22:00,13.5,,1.9,180,97,57
102,백령도,2024-05-21 23:00,13.1,,2.1,230,97,163
102,백령도,2024-05-22 00:00,13.2,,.9,290,97,377
102,백령도,2024-05-22 01:00,13.1,,1.5,250,97,812
102,백령도,2024-05-22 02:00,13.2,,0,0,97,348
102,백령도,2024-05-22 03:00,13.5,,.6,200,97,751
102,백령도,2024-05-22 04:00,13,,.8,110,97,77
102,백령도,2024-05-22 05:00,13.1,,1.3,140,97,99
102,백령도,2024-05-22 06:00,13.1,,1.6,140,97,93
102,백령도,2024-05-22 07:00,13.3,,2.1,110,97,99
102,백령도,2024-05-22 08:00,13.6,,2.4,140,97,103
102,백령도,2024-05-22 09:00,13.5,,3.1,140,97,170
102,백령도,2024-05-22 10:00,13.9,,2.8,140,97,541
102,백령도,2024-05-22 11:00,14.3,,3.5,140,97,1446
102,백령도,2024-05-22 12:00,15.8,,3.6,140,88,2320
102,백령도,2024-05-22 13:00,15.9,,3.7,140,86,2851
102,백령도,2024-05-22 14:00,15.9,,2.4,160,86,2575
102,백령도,2024-05-22 15:00,16.1,,3.1,140,82,2898
102,백령도,2024-05-22 16:00,15.8,,3.3,180,83,2864
102,백령도,2024-05-22 17:00,15.7,,2.9,180,87,2270
102,백령도,2024-05-22 18:00,14.9,,3.5,160,91,1835
102,백령도,2024-05-22 19:00,14.8,,2.8,160,92,1482
102,백령도,2024-05-22 20:00,14.7,,2.5,160,93,1197
102,백령도,2024-05-22 21:00,14.9,,2.7,180,93,1055
102,백령도,2024-05-22 22:00,15.3,,2.3,180,91,963
102,백령도,2024-05-22 23:00,15.4,,2.6,180,91,990
102,백령도,2024-05-23 00:00,15.4,,2.3,200,91,1123
102,백령도,2024-05-23 01:00,15.2,,2.4,200,92,1082
102,백령도,2024-05-23 02:00,14.6,,4.8,180,93,583
102,백령도,2024-05-23 03:00,15,,3.8,180,94,632
102,백령도,2024-05-23 04:00,14.8,,2.5,180,95,300
102,백령도,2024-05-23 05:00,14.5,,1.8,180,96,111
102,백령도,2024-05-23 06:00,14.4,,2.5,160,97,88
102,백령도,2024-05-23 07:00,14.2,,1.9,200,97,126
102,백령도,2024-05-23 08:00,14.6,,4.8,180,97,579
102,백령도,2024-05-23 09:00,16.2,,4.8,180,83,1465
102,백령도,2024-05-23 10:00,15.8,,4.6,180,85,1624
102,백령도,2024-05-23 11:00,16.2,,4,180,83,2026
102,백령도,2024-05-23 12:00,17.2,,4.2,180,80,2352
102,백령도,2024-05-23 13:00,17,,3.7,160,80,2755
102,백령도,2024-05-23 14:00,17.3,,3.8,180,77,1947
102,백령도,2024-05-23 15:00,16.9,,4.9,180,78,2194
102,백령도,2024-05-23 16:00,17.3,,4.3,250,75,2391
102,백령도,2024-05-23 17:00,16.3,,4.1,200,81,2053
102,백령도,2024-05-23 18:00,16,,2.9,230,84,1910
102,백령도,2024-05-23 19:00,15.7,,2.1,200,85,1407
102,백령도,2024-05-23 20:00,15.1,,2.2,180,90,569
102,백령도,2024-05-23 21:00,14.6,,.5,50,92,699
102,백령도,2024-05-23 22:00,14.4,,1.3,90,92,763
102,백령도,2024-05-23 23:00,14.9,,.8,160,92,641
102,백령도,2024-05-24 00:00,14.6,,.9,90,92,528
102,백령도,2024-05-24 01:00,15,,.5,140,93,455
102,백령도,2024-05-24 02:00,14.6,,2,340,95,193
102,백령도,2024-05-24 03:00,13.9,,.3,0,97,23
102,백령도,2024-05-24 04:00,14.4,,.1,0,97,15
102,백령도,2024-05-24 05:00,14.4,,1.5,360,97,18
102,백령도,2024-05-24 06:00,14.3,,1,320,97,18
102,백령도,2024-05-24 07:00,14.1,,.7,340,97,22
102,백령도,2024-05-24 08:00,15.2,,1.5,360,97,791
102,백령도,2024-05-24 09:00,16.6,,3,340,86,1151
102,백령도,2024-05-24 10:00,15,,3.1,340,91,536
102,백령도,2024-05-24 11:00,16.5,,2.6,320,85,1104
102,백령도,2024-05-24 12:00,17.4,,3,320,81,2157
102,백령도,2024-05-24 13:00,16.3,,3.7,320,85,1260
102,백령도,2024-05-24 14:00,17.6,,4.2,320,78,3010
102,백령도,2024-05-24 15:00,17.7,,3.7,290,77,3411
102,백령도,2024-05-24 16:00,15.5,,4.3,290,86,1548
102,백령도,2024-05-24 17:00,16.2,,3.8,290,84,2066
102,백령도,2024-05-24 18:00,15.8,,3.7,320,86,1656
102,백령도,2024-05-24 19:00,16.2,,2.8,320,81,3159
102,백령도,2024-05-24 20:00,15.8,,1.2,290,81,3482
102,백령도,2024-05-24 21:00,15.2,,1.1,290,84,3009
102,백령도,2024-05-24 22:00,15.3,,1,250,83,3107
102,백령도,2024-05-24 23:00,16.2,,.3,0,82,2218
102,백령도,2024-05-25 00:00,15,,1.7,110,84,1998
102,백령도,2024-05-25 01:00,14.9,,.7,160,84,2684
102,백령도,2024-05-25 02:00,14.7,,1.3,340,86,2137
102,백령도,2024-05-25 03:00,14.2,,2,320,83,3356
102,백령도,2024-05-25 04:00,14.5,,.9,290,81,3463
102,백령도,2024-05-25 05:00,14.6,0,.6,290,84,3280
102,백령도,2024-05-25 06:00,14.7,.1,1.4,320,90,1704
102,백령도,2024-05-25 07:00,16.3,,.8,340,74,2790
102,백령도,2024-05-25 08:00,16.5,,1.3,140,82,1880
102,백령도,2024-05-25 09:00,18.5,,2.4,110,74,2157
102,백령도,2024-05-25 10:00,18,,2.5,180,76,1954
102,백령도,2024-05-25 11:00,19.2,,3.5,160,72,1978
102,백령도,2024-05-25 12:00,19.8,,4.1,160,72,2835
102,백령도,2024-05-25 13:00,19.4,,3.8,160,73,2690
102,백령도,2024-05-25 14:00,16.9,,5.5,180,83,2422
102,백령도,2024-05-25 15:00,17.1,,4.7,180,84,1359
102,백령도,2024-05-25 16:00,16.2,,4.8,160,90,929
102,백령도,2024-05-25 17:00,15.7,,4.4,160,93,252
102,백령도,2024-05-25 18:00,14.9,,5.6,160,95,90
102,백령도,2024-05-25 19:00,14.8,,4.6,160,96,647
102,백령도,2024-05-25 20:00,14.9,,6.3,160,96,927
102,백령도,2024-05-25 21:00,14.7,,4.9,160,96,636
102,백령도,2024-05-25 22:00,13.9,,5.3,160,97,53
102,백령도,2024-05-25 23:00,14.1,,5.6,140,97,43
102,백령도,2024-05-26 00:00,14.6,,6,160,97,106
102,백령도,2024-05-26 01:00,15,,4.5,160,97,204
102,백령도,2024-05-26 02:00,14.9,,4,140,97,45
102,백령도,2024-05-26 03:00,15,,4.3,140,97,90
102,백령도,2024-05-26 04:00,14.6,,3.9,140,97,140
102,백령도,2024-05-26 05:00,14.7,,5,160,97,284
102,백령도,2024-05-26 06:00,14.9,,5.5,160,97,356
102,백령도,2024-05-26 07:00,15.4,,5.7,160,96,967
102,백령도,2024-05-26 08:00,15.5,,4.6,140,90,1167
102,백령도,2024-05-26 09:00,15.2,0,6.1,160,90,756
102,백령도,2024-05-26 10:00,15,.1,8.1,160,96,411
102,백령도,2024-05-26 11:00,15.5,.1,4.4,180,97,660
102,백령도,2024-05-26 12:00,16,.1,7,180,96,846
102,백령도,2024-05-26 13:00,16.6,.1,9.3,180,96,1064
102,백령도,2024-05-26 14:00,17.5,.4,6.8,200,96,1406
102,백령도,2024-05-26 15:00,16.7,.1,4.7,200,97,97
102,백령도,2024-05-26 16:00,16.9,.5,6.2,230,97,389
102,백령도,2024-05-26 17:00,16.7,1.3,6.7,270,97,359
102,백령도,2024-05-26 18:00,16.3,0,4.5,270,94,805
102,백령도,2024-05-26 19:00,14.9,,5.6,290,96,217
102,백령도,2024-05-26 20:00,14.9,,4.6,290,96,200
102,백령도,2024-05-26 21:00,14.2,,4.5,320,95,461
102,백령도,2024-05-26 22:00,14.4,,4.6,290,91,1006
102,백령도,2024-05-26 23:00,14.6,,5.5,290,91,858
102,백령도,2024-05-27 00:00,14.4,,5.9,290,86,1380
102,백령도,2024-05-27 01:00,14.7,,4.9,320,79,3458
102,백령도,2024-05-27 02:00,14,,2.6,290,79,3899
102,백령도,2024-05-27 03:00,13.5,,3.5,290,84,3438
102,백령도,2024-05-27 04:00,13.7,,3.3,290,86,3163
102,백령도,2024-05-27 05:00,14.1,,3.9,290,83,3361
102,백령도,2024-05-27 06:00,14.6,,5.6,290,85,2259
102,백령도,2024-05-27 07:00,15.3,,5.6,290,82,1905
102,백령도,2024-05-27 08:00,15.6,,6.4,320,75,3520
102,백령도,2024-05-27 09:00,16.1,,4.2,340,69,3643
102,백령도,2024-05-27 10:00,16.8,,4.9,340,66,4277
102,백령도,2024-05-27 11:00,16.8,,5.9,320,69,3921
102,백령도,2024-05-27 12:00,17.7,,5.7,320,63,4582
102,백령도,2024-05-27 13:00,18.4,,6.4,290,58,4343
102,백령도,2024-05-27 14:00,18.5,,6.2,320,60,4900
102,백령도,2024-05-27 15:00,18.3,,6.9,320,59,4311
102,백령도,2024-05-27 16:00,19.3,,6.6,290,55,4826
102,백령도,2024-05-27 17:00,18.8,,7.6,290,56,4834
102,백령도,2024-05-27 18:00,17.6,,7.4,290,64,4854
102,백령도,2024-05-27 19:00,16.8,,5.6,290,70,4432
102,백령도,2024-05-27 20:00,16,,5.6,290,71,4686
102,백령도,2024-05-27 21:00,15.6,,5.2,290,75,4436
102,백령도,2024-05-27 22:00,15.9,,5.8,290,74,3970
102,백령도,2024-05-27 23:00,15.6,,5.5,320,77,3538
102,백령도,2024-05-28 00:00,14.1,,3,320,82,3376
102,백령도,2024-05-28 01:00,13.3,,2.4,340,85,3449
102,백령도,2024-05-28 02:00,14.1,,2.4,340,73,4539
102,백령도,2024-05-28 03:00,15.3,,5.1,360,66,5000
102,백령도,2024-05-28 04:00,14.8,,3.6,360,69,5000
102,백령도,2024-05-28 05:00,14.6,,1.3,320,68,5000
102,백령도,2024-05-28 06:00,13.9,,1.7,340,75,4999
102,백령도,2024-05-28 07:00,15.7,,1.4,110,68,4971
102,백령도,2024-05-28 08:00,16.5,,2.9,360,66,4953
102,백령도,2024-05-28 09:00,16.9,,4.3,360,67,4881
102,백령도,2024-05-28 10:00,17.4,,4.2,360,68,4791
102,백령도,2024-05-28 11:00,19.4,,3.1,360,57,4871
102,백령도,2024-05-28 12:00,20.3,,3.1,320,51,4842
102,백령도,2024-05-28 13:00,20.2,,3.2,320,57,4765
102,백령도,2024-05-28 14:00,18.4,,5,290,61,4686
102,백령도,2024-05-28 15:00,17.8,,5.6,340,61,4818
102,백령도,2024-05-28 16:00,18.9,,5.1,320,55,4948
102,백령도,2024-05-28 17:00,16.4,,5.9,320,69,4500
102,백령도,2024-05-28 18:00,15.5,,6.4,320,76,4426
102,백령도,2024-05-28 19:00,15,,5,320,79,4791
102,백령도,2024-05-28 20:00,14,,3.3,320,86,4935
102,백령도,2024-05-28 21:00,13.5,,2.6,320,84,4802
102,백령도,2024-05-28 22:00,14,,2.4,320,68,5000
102,백령도,2024-05-28 23:00,13.8,,2.2,290,74,5000
102,백령도,2024-05-29 00:00,14.4,,1.3,250,74,4991
102,백령도,2024-05-29 01:00,14.2,,2.3,290,77,4998
102,백령도,2024-05-29 02:00,14.6,,1.6,290,64,5000
102,백령도,2024-05-29 03:00,13.7,,.9,230,79,4992
102,백령도,2024-05-29 04:00,14.7,,1.2,200,71,5000
102,백령도,2024-05-29 05:00,14,,1,160,81,5000
102,백령도,2024-05-29 06:00,13.9,,.8,140,84,4538
102,백령도,2024-05-29 07:00,16.1,,.5,160,76,4531
102,백령도,2024-05-29 08:00,17.9,,1.4,140,68,4751
102,백령도,2024-05-29 09:00,18.8,,2.4,180,60,4302
102,백령도,2024-05-29 10:00,19.3,,3,180,56,4824
102,백령도,2024-05-29 11:00,21.1,,3.3,200,50,4337
102,백령도,2024-05-29 12:00,20.7,,4.7,200,53,4717
102,백령도,2024-05-29 13:00,21.3,,4.1,180,45,4800
102,백령도,2024-05-29 14:00,21.1,,4.5,180,49,4469
102,백령도,2024-05-29 15:00,20.7,,5.5,200,45,4183
102,백령도,2024-05-29 16:00,20.9,,5.4,180,44,4706
102,백령도,2024-05-29 17:00,20.6,,5.8,200,39,4945
102,백령도,2024-05-29 18:00,19.7,,4.9,200,44,4924
102,백령도,2024-05-29 19:00,18.3,,4.5,230,54,4985
102,백령도,2024-05-29 20:00,17.5,,5.2,230,62,5000
102,백령도,2024-05-29 21:00,17.5,,5.1,230,66,4976
102,백령도,2024-05-29 22:00,16.3,,2.3,180,75,4979
102,백령도,2024-05-29 23:00,15.2,,3.7,180,84,4723
102,백령도,2024-05-30 00:00,15,,3.3,180,87,3833
102,백령도,2024-05-30 01:00,14.6,,2.8,180,90,2200
102,백령도,2024-05-30 02:00,14.2,,2.7,160,92,2472
102,백령도,2024-05-30 03:00,14.3,,3,180,91,2100
102,백령도,2024-05-30 04:00,14.7,,2.9,180,90,2902
102,백령도,2024-05-30 05:00,14.8,,3.8,160,93,2506
102,백령도,2024-05-30 06:00,15.2,,3.4,160,92,3192
102,백령도,2024-05-30 07:00,15.6,,4.1,160,93,2797
102,백령도,2024-05-30 08:00,15.9,,3.6,160,94,2012
102,백령도,2024-05-30 09:00,17,,4.1,140,87,3805
102,백령도,2024-05-30 10:00,17.8,,3.9,160,81,3746
102,백령도,2024-05-30 11:00,17.2,,3.9,160,84,3918
102,백령도,2024-05-30 12:00,17.7,,5,160,83,3120
102,백령도,2024-05-30 13:00,17.3,,4.3,160,82,3126
102,백령도,2024-05-30 14:00,17.6,,5,160,80,2716
102,백령도,2024-05-30 15:00,17.2,,3.6,160,83,2742
102,백령도,2024-05-30 16:00,17.2,0,4.2,140,83,2088
102,백령도,2024-05-30 17:00,16.1,0,4.8,180,86,1492
102,백령도,2024-05-30 18:00,17,,2.3,180,83,2110
102,백령도,2024-05-30 19:00,15.9,,1.4,140,88,1259
102,백령도,2024-05-30 20:00,14.5,,1.2,110,92,625
102,백령도,2024-05-30 21:00,15,,1.4,140,93,680
102,백령도,2024-05-30 22:00,15.5,,2.6,180,93,361
102,백령도,2024-05-30 23:00,15.2,,2.4,180,93,333
102,백령도,2024-05-31 00:00,14.8,,1.9,180,94,221
102,백령도,2024-05-31 01:00,14.1,,1.8,180,95,140
102,백령도,2024-05-31 02:00,13.8,,2.6,180,96,79
102,백령도,2024-05-31 03:00,13.9,,1.7,160,97,89
102,백령도,2024-05-31 04:00,14.2,,1.9,160,97,91
102,백령도,2024-05-31 05:00,14.4,,2,200,97,54
102,백령도,2024-05-31 06:00,14.7,,2.3,160,97,90
102,백령도,2024-05-31 07:00,15.5,,1.8,200,97,440
102,백령도,2024-05-31 08:00,17.1,,4,180,92,850
102,백령도,2024-05-31 09:00,18.3,,5.1,200,78,3204
102,백령도,2024-05-31 10:00,18.6,,6.1,200,75,4492
102,백령도,2024-05-31 11:00,19.2,,5.3,200,72,4432
102,백령도,2024-05-31 12:00,19.7,,5.7,200,70,4773
102,백령도,2024-05-31 13:00,20.1,,5.3,200,70,4412
102,백령도,2024-05-31 14:00,18.8,,5.5,200,77,4539
102,백령도,2024-05-31 15:00,19.1,,4.6,230,76,4579
102,백령도,2024-05-31 16:00,18.8,,5.8,250,76,2397
102,백령도,2024-05-31 17:00,18.3,,2.3,320,75,3338
102,백령도,2024-05-31 18:00,16.9,,4.2,320,87,2099
102,백령도,2024-05-31 19:00,14.6,,5.7,340,94,605
102,백령도,2024-05-31 20:00,13.8,,4,320,95,754
102,백령도,2024-05-31 21:00,12.9,,3.8,290,96,28
102,백령도,2024-05-31 22:00,13.3,,4.9,320,97,631
102,백령도,2024-05-31 23:00,13.6,,3,320,96,716
102,백령도,2024-06-01 00:00,13.8,,3.8,320,94,952
102,백령도,2024-06-01 01:00,13.6,,3.3,360,85,3075
102,백령도,2024-06-01 02:00,13.5,,3,340,84,3862
102,백령도,2024-06-01 03:00,13.7,,4.4,320,82,4441
102,백령도,2024-06-01 04:00,13.5,,3.6,320,87,2920
102,백령도,2024-06-01 05:00,14.6,,5,320,85,2460
102,백령도,2024-06-01 06:00,14.7,,4.6,340,84,2388
102,백령도,2024-06-01 07:00,15.7,,4.2,320,79,2558
102,백령도,2024-06-01 08:00,16.2,,4.1,320,78,1974
102,백령도,2024-06-01 09:00,17.2,,3.5,320,77,2108
102,백령도,2024-06-01 10:00,18.5,,3.6,320,71,2192
102,백령도,2024-06-01 11:00,18.7,,3.9,290,71,2058
102,백령도,2024-06-01 12:00,18.6,,6.1,290,72,2114
102,백령도,2024-06-01 13:00,18.9,,6,320,65,3340
102,백령도,2024-06-01 14:00,18.7,,5.8,320,64,3063
102,백령도,2024-06-01 15:00,18.1,,6.5,320,71,2467
102,백령도,2024-06-01 16:00,18,,4.6,320,72,1975
102,백령도,2024-06-01 17:00,17.7,,5.1,320,74,1701
102,백령도,2024-06-01 18:00,17.6,,3.9,290,74,1906
102,백령도,2024-06-01 19:00,16.8,,4.2,320,78,1748
102,백령도,2024-06-01 20:00,15.8,,4.2,290,79,1947
102,백령도,2024-06-01 21:00,15.8,,3,290,75,3370
102,백령도,2024-06-01 22:00,16.7,,3.1,290,68,3933
102,백령도,2024-06-01 23:00,17.2,,3.9,270,65,4379
102,백령도,2024-06-02 00:00,15.5,,3.1,320,85,1655
102,백령도,2024-06-02 01:00,14.5,,2.6,290,89,1323
102,백령도,2024-06-02 02:00,14.8,,3.8,290,87,2459
102,백령도,2024-06-02 03:00,14.5,,3.2,290,85,2665
102,백령도,2024-06-02 04:00,14.9,,4.1,290,90,1840
102,백령도,2024-06-02 05:00,14.9,,3,290,84,2714
102,백령도,2024-06-02 06:00,15.1,,3.3,290,80,3547
102,백령도,2024-06-02 07:00,16.2,,2.5,320,77,3586
102,백령도,2024-06-02 08:00,18,,2.3,320,68,4440
102,백령도,2024-06-02 09:00,20.4,,1.9,340,49,4684
102,백령도,2024-06-02 10:00,22.1,,1.9,20,40,4811
102,백령도,2024-06-02 11:00,22.7,,2.9,360,37,4691
102,백령도,2024-06-02 12:00,22.5,,2.8,290,36,4834
102,백령도,2024-06-02 13:00,23,,3.3,290,32,4706
102,백령도,2024-06-02 14:00,22.5,,4,320,35,4771
102,백령도,2024-06-02 15:00,22.5,,3.4,320,38,4787
102,백령도,2024-06-02 16:00,22.4,,3.4,320,34,4323
102,백령도,2024-06-02 17:00,22,,3.4,320,38,4573
102,백령도,2024-06-02 18:00,20.4,,2.9,320,42,4982
102,백령도,2024-06-02 19:00,19.3,,1.8,290,48,4732
102,백령도,2024-06-02 20:00,17.1,,2.2,320,53,4949
102,백령도,2024-06-02 21:00,15.7,,2.6,290,62,4945
102,백령도,2024-06-02 22:00,16.1,,1.2,340,67,4894
102,백령도,2024-06-02 23:00,15.1,,1.5,290,72,3670
102,백령도,2024-06-03 00:00,16.2,,1.1,320,69,4870
102,백령도,2024-06-03 01:00,16,,1.4,320,69,4963
102,백령도,2024-06-03 02:00,16.3,,.8,340,65,4960
102,백령도,2024-06-03 03:00,16.6,,.6,20,55,4808
102,백령도,2024-06-03 04:00,16.8,,2.7,50,51,4961
102,백령도,2024-06-03 05:00,16,,1.6,70,55,4970
102,백령도,2024-06-03 06:00,15.3,,1.7,90,65,4601
102,백령도,2024-06-03 07:00,18.1,,1.4,90,62,3760
102,백령도,2024-06-03 08:00,18.9,,2,90,58,4308
102,백령도,2024-06-03 09:00,20.4,,1.7,90,54,3580
102,백령도,2024-06-03 10:00,21.8,,2.3,110,42,4905
102,백령도,2024-06-03 11:00,22.7,,2.7,110,39,4694
102,백령도,2024-06-03 12:00,23.4,,1.3,70,39,4639
102,백령도,2024-06-03 13:00,22.3,,2.6,290,38,4461
102,백령도,2024-06-03 14:00,21.9,,4.1,290,42,4172
102,백령도,2024-06-03 15:00,21.1,,3.8,320,46,4208
102,백령도,2024-06-03 16:00,20.1,,4,320,46,3385
102,백령도,2024-06-03 17:00,20.4,,4,340,47,4132
102,백령도,2024-06-03 18:00,18.8,,4.5,320,59,3111
102,백령도,2024-06-03 19:00,17.8,,4.8,320,74,2996
102,백령도,2024-06-03 20:00,16.4,,3.2,320,82,2337
102,백령도,2024-06-03 21:00,16.3,,3.2,320,85,2254
102,백령도,2024-06-03 22:00,15.8,,2.7,320,88,1783
102,백령도,2024-06-03 23:00,15.6,,2.4,320,81,3053
102,백령도,2024-06-04 00:00,15.7,,1.9,320,72,4260
102,백령도,2024-06-04 01:00,16.5,,2.5,320,63,4678
102,백령도,2024-06-04 02:00,15.5,,2.4,320,72,3704
102,백령도,2024-06-04 03:00,15.4,,2.7,320,71,3627
102,백령도,2024-06-04 04:00,15.4,,2,320,73,3446
102,백령도,2024-06-04 05:00,15.4,,1.8,290,75,3660
102,백령도,2024-06-04 06:00,17.2,,1.5,110,61,4882
102,백령도,2024-06-04 07:00,17.9,,2,90,63,4332
102,백령도,2024-06-04 08:00,19.3,,2.4,110,64,3455
102,백령도,2024-06-04 09:00,21.7,,3,110,48,4394
102,백령도,2024-06-04 10:00,22.6,,2.7,140,37,4547
102,백령도,2024-06-04 11:00,23.5,,4,160,33,4559
102,백령도,2024-06-04 12:00,23.6,,3.5,180,28,4510
102,백령도,2024-06-04 13:00,23.1,,3,180,36,4296
102,백령도,2024-06-04 14:00,22,,3.5,180,44,4104
102,백령도,2024-06-04 15:00,24.6,,1.4,340,36,3761
102,백령도,2024-06-04 16:00,24.2,,1.9,230,47,3038
102,백령도,2024-06-04 17:00,22,,2.5,320,54,1520
102,백령도,2024-06-04 18:00,20.9,,3.1,290,60,2832
102,백령도,2024-06-04 19:00,19.8,,2.7,290,65,2411
102,백령도,2024-06-04 20:00,17.4,,1.8,290,77,2877
102,백령도,2024-06-04 21:00,16.6,,1.9,290,77,2726
102,백령도,2024-06-04 22:00,16.5,,2,320,68,3167
102,백령도,2024-06-04 23:00,17,,1.1,340,51,4727
102,백령도,2024-06-05 00:00,17.6,,.2,0,45,5000
102,백령도,2024-06-05 01:00,16.7,,1.1,160,56,4520
102,백령도,2024-06-05 02:00,18.2,,0,0,41,4935
102,백령도,2024-06-05 03:00,17,,0,0,49,4812
102,백령도,2024-06-05 04:00,15.9,,1.5,90,60,4172
102,백령도,2024-06-05 05:00,15.1,,2,90,66,3932
102,백령도,2024-06-05 06:00,15.5,,2.4,90,75,2786
102,백령도,2024-06-05 07:00,17.4,,2.2,110,76,2511
102,백령도,2024-06-05 08:00,19.9,,1.8,180,60,2761
102,백령도,2024-06-05 09:00,20.7,,1.7,90,56,3401
102,백령도,2024-06-05 10:00,21.4,,2.1,200,43,4105
102,백령도,2024-06-05 11:00,22,,2.6,200,42,3984
102,백령도,2024-06-05 12:00,23.9,,2,360,44,4150
102,백령도,2024-06-05 13:00,23.5,,1.9,200,40,3975
102,백령도,2024-06-05 14:00,24,,1.1,140,41,3400
102,백령도,2024-06-05 15:00,23.5,,1.4,110,43,4222
102,백령도,2024-06-05 16:00,23.2,,1.5,200,37,4819
102,백령도,2024-06-05 17:00,22,,.6,290,50,3142
102,백령도,2024-06-05 18:00,21.5,,2,250,48,4039
102,백령도,2024-06-05 19:00,20.9,,2.6,250,56,2636
102,백령도,2024-06-05 20:00,19.3,,0,0,67,2097
102,백령도,2024-06-05 21:00,18.5,,0,0,71,2075
102,백령도,2024-06-05 22:00,17,,1.6,290,77,2261
102,백령도,2024-06-05 23:00,17.9,,.2,0,74,2245
102,백령도,2024-06-06 00:00,17.7,,.6,250,87,872
102,백령도,2024-06-06 01:00,17.3,,.8,270,94,314
102,백령도,2024-06-06 02:00,16.6,,0,0,95,367
102,백령도,2024-06-06 03:00,16.2,,.4,0,97,6
102,백령도,2024-06-06 04:00,15.3,,.8,360,97,123
102,백령도,2024-06-06 05:00,14.7,,0,0,97,467
102,백령도,2024-06-06 06:00,15.1,,.2,0,96,1298
102,백령도,2024-06-06 07:00,17.8,,0,0,89,1192
102,백령도,2024-06-06 08:00,21,,.5,320,60,3611
102,백령도,2024-06-06 09:00,21.3,,2.7,270,49,4799
102,백령도,2024-06-06 10:00,23,,2.2,340,42,4597
102,백령도,2024-06-06 11:00,22.8,,3.1,320,52,4671
102,백령도,2024-06-06 12:00,22.9,,3,320,57,3892
102,백령도,2024-06-06 13:00,21.6,,4.6,320,68,3442
102,백령도,2024-06-06 14:00,21,,6.2,320,78,2041
102,백령도,2024-06-06 15:00,21.3,,5.3,320,70,2655
102,백령도,2024-06-06 16:00,21.9,,3.9,320,68,3140
102,백령도,2024-06-06 17:00,20.8,,4.3,320,76,2514
102,백령도,2024-06-06 18:00,19.7,,4.2,320,84,1501
102,백령도,2024-06-06 19:00,18.7,,2.7,320,89,942
102,백령도,2024-06-06 20:00,17.3,,1.8,290,95,292
102,백령도,2024-06-06 21:00,17.2,,1.3,290,96,339
102,백령도,2024-06-06 22:00,16.7,,1.6,320,91,1126
102,백령도,2024-06-06 23:00,16.8,,1.6,320,95,353
102,백령도,2024-06-07 00:00,16.5,,.9,270,94,520
102,백령도,2024-06-07 01:00,16.9,,1.8,290,80,2528
102,백령도,2024-06-07 02:00,17.5,,1,250,88,1123
102,백령도,2024-06-07 03:00,17.2,,.9,270,89,1357
102,백령도,2024-06-07 04:00,17,,.6,290,89,1822
102,백령도,2024-06-07 05:00,16.5,,.9,180,94,567
102,백령도,2024-06-07 06:00,15.8,,.9,180,96,14
102,백령도,2024-06-07 07:00,16.2,,1.8,110,97,401
102,백령도,2024-06-07 08:00,15.9,,2.7,180,96,32
102,백령도,2024-06-07 09:00,18.4,,2,160,90,1966
102,백령도,2024-06-07 10:00,16.9,,2.5,180,90,1834
102,백령도,2024-06-07 11:00,21.2,,2.2,160,74,2924
102,백령도,2024-06-07 12:00,20.1,,4,160,75,2760
102,백령도,2024-06-07 13:00,20,,3.3,140,75,2661
102,백령도,2024-06-07 14:00,20.1,,3.7,180,75,3041
102,백령도,2024-06-07 15:00,20.6,,4.3,180,74,1823
102,백령도,2024-06-07 16:00,20.5,,3.2,180,74,2354
102,백령도,2024-06-07 17:00,21.1,,2.4,180,72,3143
102,백령도,2024-06-07 18:00,19.4,,2.3,180,82,1944
102,백령도,2024-06-07 19:00,18.8,,1.9,180,88,1015
102,백령도,2024-06-07 20:00,18.2,0,1.4,180,91,480
102,백령도,2024-06-07 21:00,17.8,0,1.6,180,95,283
102,백령도,2024-06-07 22:00,17.7,.2,1.6,140,95,208
102,백령도,2024-06-07 23:00,17.2,,1.7,140,95,310
102,백령도,2024-06-08 00:00,17.4,,2.2,140,88,876
102,백령도,2024-06-08 01:00,16.8,,5.3,160,83,1896
102,백령도,2024-06-08 02:00,16.3,,5.4,140,89,1034
102,백령도,2024-06-08 03:00,16.2,.1,4.9,140,95,238
102,백령도,2024-06-08 04:00,16.3,0,4.1,160,97,210
102,백령도,2024-06-08 05:00,16.2,1.4,5.2,160,97,195
102,백령도,2024-06-08 06:00,15.7,0,5.2,140,97,144
102,백령도,2024-06-08 07:00,15.7,2.1,4.7,140,97,159
102,백령도,2024-06-08 08:00,16.3,2.6,2.8,180,97,92
102,백령도,2024-06-08 09:00,16.7,1,1.6,180,97,71
102,백령도,2024-06-08 10:00,19.1,.2,1.3,200,96,687
102,백령도,2024-06-08 11:00,20.3,0,2,200,74,2885
102,백령도,2024-06-08 12:00,21.8,,1.2,200,72,3221
102,백령도,2024-06-08 13:00,19.8,,1.5,110,82,1228
102,백령도,2024-06-08 14:00,20.9,,3.4,180,74,3253
102,백령도,2024-06-08 15:00,21,,2.9,200,76,1648
102,백령도,2024-06-08 16:00,21.4,,3.5,180,74,2550
102,백령도,2024-06-08 17:00,21.1,,3.3,180,79,2068
102,백령도,2024-06-08 18:00,20,,2.8,180,83,1576
102,백령도,2024-06-08 19:00,18.8,,1.7,200,89,931
102,백령도,2024-06-08 20:00,17.2,,2.5,200,95,33
102,백령도,2024-06-08 21:00,16.8,,1.7,180,96,24
102,백령도,2024-06-08 22:00,17,,1.5,180,97,139
102,백령도,2024-06-08 23:00,15.5,,1,110,97,12
102,백령도,2024-06-09 00:00,16.1,,.4,0,97,11
102,백령도,2024-06-09 01:00,16.4,,1.6,110,97,19
102,백령도,2024-06-09 02:00,15.9,,.3,0,97,19
102,백령도,2024-06-09 03:00,15.4,,2,110,97,18
102,백령도,2024-06-09 04:00,16,,.5,110,97,63
102,백령도,2024-06-09 05:00,16.8,,1.8,160,97,21
102,백령도,2024-06-09 06:00,16.7,,2.9,140,97,21
102,백령도,2024-06-09 07:00,16.6,,3.3,140,97,46
102,백령도,2024-06-09 08:00,17,,4.1,160,98,63
102,백령도,2024-06-09 09:00,17,,3.9,160,98,421
102,백령도,2024-06-09 10:00,17.6,,4.3,160,97,1873
102,백령도,2024-06-09 11:00,19.2,,4.9,160,87,2669
102,백령도,2024-06-09 12:00,19.9,,5.5,160,83,2646
102,백령도,2024-06-09 13:00,19.9,,5.1,160,83,2053
102,백령도,2024-06-09 14:00,21.1,,5.9,160,79,2280
102,백령도,2024-06-09 15:00,20.2,,5.6,160,81,1603
102,백령도,2024-06-09 16:00,20.3,,4,140,80,2314
102,백령도,2024-06-09 17:00,19.2,,3.5,140,86,1549
102,백령도,2024-06-09 18:00,19.8,,3.9,140,85,1691
102,백령도,2024-06-09 19:00,18.9,,3.1,140,89,941
102,백령도,2024-06-09 20:00,18.7,,3.3,140,92,792
102,백령도,2024-06-09 21:00,18.8,,3.5,160,93,462
102,백령도,2024-06-09 22:00,18.3,,2.6,140,96,85
102,백령도,2024-06-09 23:00,17.6,,2.5,140,97,22
102,백령도,2024-06-10 00:00,17.5,,2.2,110,97,21
102,백령도,2024-06-10 01:00,18,,3,140,97,25
102,백령도,2024-06-10 02:00,18.1,,3.5,140,97,21
102,백령도,2024-06-10 03:00,16.9,,4.7,160,97,23
102,백령도,2024-06-10 04:00,16.2,,3,140,98,17
102,백령도,2024-06-10 05:00,16.3,,2.5,110,98,16
102,백령도,2024-06-10 06:00,17.1,,2.9,140,98,19
102,백령도,2024-06-10 07:00,17.4,,3.2,140,98,24
102,백령도,2024-06-10 08:00,17.6,,3.8,140,98,46
102,백령도,2024-06-10 09:00,17.9,,1.4,110,98,60
102,백령도,2024-06-10 10:00,18.4,,2.5,110,98,86
102,백령도,2024-06-10 11:00,18.1,,4.3,110,98,38
102,백령도,2024-06-10 12:00,20,,3.3,140,97,496
102,백령도,2024-06-10 13:00,19.8,,3.2,90,90,410
102,백령도,2024-06-10 14:00,21.2,,4.4,140,86,755
102,백령도,2024-06-10 15:00,22.4,,2.8,140,81,979
102,백령도,2024-06-10 16:00,22.2,,3.2,140,82,1209
102,백령도,2024-06-10 17:00,22.2,,3.4,160,80,1214
102,백령도,2024-06-10 18:00,22.2,,2,180,80,1059
102,백령도,2024-06-10 19:00,18.8,,1.6,200,92,331
102,백령도,2024-06-10 20:00,18.4,,2,180,96,37
102,백령도,2024-06-10 21:00,19,,2.7,180,96,235
102,백령도,2024-06-10 22:00,18.3,,2.5,180,97,39
102,백령도,2024-06-10 23:00,17.1,,3.1,180,97,45
102,백령도,2024-06-11 00:00,16.9,,3.7,160,97,91
102,백령도,2024-06-11 01:00,16.1,,3,160,97,29
102,백령도,2024-06-11 02:00,16.4,,3.3,140,97,37
102,백령도,2024-06-11 03:00,17.3,,3.9,140,97,15
102,백령도,2024-06-11 04:00,17.1,,3.6,140,97,18
102,백령도,2024-06-11 05:00,17.4,,3.6,140,98,18
102,백령도,2024-06-11 06:00,17.4,,2.4,140,98,17
102,백령도,2024-06-11 07:00,17.3,,3.3,140,98,16
102,백령도,2024-06-11 08:00,17.3,,2.8,140,98,23
102,백령도,2024-06-11 09:00,17.8,,3.6,140,98,32
102,백령도,2024-06-11 10:00,17.6,,5.7,160,98,55
102,백령도,2024-06-11 11:00,18.5,,6,160,98,237
102,백령도,2024-06-11 12:00,19.8,,7.1,160,92,516
102,백령도,2024-06-11 13:00,20.1,,7.2,140,89,433
102,백령도,2024-06-11 14:00,21.1,,5.7,140,82,1316
102,백령도,2024-06-11 15:00,22,,7.2,160,78,1471
102,백령도,2024-06-11 16:00,22.7,,4.4,160,73,2021
102,백령도,2024-06-11 17:00,21.8,,4.3,180,77,2709
102,백령도,2024-06-11 18:00,20.3,,3.8,180,81,2580
102,백령도,2024-06-11 19:00,20.1,,4,180,80,3413
102,백령도,2024-06-11 20:00,18.4,,3.6,160,90,1774
102,백령도,2024-06-11 21:00,18.2,,2.3,180,93,1103
102,백령도,2024-06-11 22:00,18.7,,4.6,160,93,988
102,백령도,2024-06-11 23:00,18,,4.3,160,96,522
102,백령도,2024-06-12 00:00,18.4,,3.2,180,94,713
102,백령도,2024-06-12 01:00,18,,4.1,160,96,252
102,백령도,2024-06-12 02:00,18,,4.8,160,97,94
102,백령도,2024-06-12 03:00,18,,3.9,160,97,48
102,백령도,2024-06-12 04:00,17,,2.3,20,97,22
102,백령도,2024-06-12 05:00,17.4,,1.8,160,97,45
102,백령도,2024-06-12 06:00,17.6,,2.1,180,97,33
102,백령도,2024-06-12 07:00,16.8,,3.8,180,97,28
102,백령도,2024-06-12 08:00,17.4,,5.5,180,98,34
102,백령도,2024-06-12 09:00,17,,6.2,180,98,110
102,백령도,2024-06-12 10:00,18,,4.9,140,96,307
102,백령도,2024-06-12 11:00,18.4,,5.6,160,95,432
102,백령도,2024-06-12 12:00,17.7,,4.9,140,97,104
102,백령도,2024-06-12 13:00,19,0,3.1,160,97,435
102,백령도,2024-06-12 14:00,21.3,0,2.4,160,84,1153
102,백령도,2024-06-12 15:00,21.2,,3.2,180,84,1207
102,백령도,2024-06-12 16:00,21.4,,2.1,180,81,1725
102,백령도,2024-06-12 17:00,21.7,,1.5,200,80,1417
102,백령도,2024-06-12 18:00,21.3,,1.5,160,83,1190
102,백령도,2024-06-12 19:00,18.9,,1.8,140,93,686
102,백령도,2024-06-12 20:00,18.7,,1.4,160,96,81
102,백령도,2024-06-12 21:00,18.3,,.7,160,97,32
102,백령도,2024-06-12 22:00,18.5,,1.2,160,97,244
102,백령도,2024-06-12 23:00,17.3,,.7,180,97,21
102,백령도,2024-06-13 00:00,17.7,,1,160,97,31
102,백령도,2024-06-13 01:00,18.4,,1.3,110,97,171
102,백령도,2024-06-13 02:00,16.7,,1.6,110,97,21
102,백령도,2024-06-13 03:00,16.7,,1.8,140,97,90
102,백령도,2024-06-13 04:00,17.4,,1.3,160,97,252
102,백령도,2024-06-13 05:00,17.9,,1,140,97,289
102,백령도,2024-06-13 06:00,18,,2,180,97,283
102,백령도,2024-06-13 07:00,18.5,,2.5,160,95,671
102,백령도,2024-06-13 08:00,19.4,,3.1,160,88,1300
102,백령도,2024-06-13 09:00,20.9,,2.2,140,82,1636
102,백령도,2024-06-13 10:00,21.8,,3.8,180,76,2382
102,백령도,2024-06-13 11:00,20.8,,3.6,180,77,1949
102,백령도,2024-06-13 12:00,22.8,,2.5,180,76,2117
102,백령도,2024-06-13 13:00,22.4,,3.4,180,73,2499
102,백령도,2024-06-13 14:00,23.1,,3.6,180,72,2023
102,백령도,2024-06-13 15:00,23.4,,4.4,160,71,2186
102,백령도,2024-06-13 16:00,23,,4.3,180,75,2018
102,백령도,2024-06-13 17:00,22.7,,3.3,160,77,1875
102,백령도,2024-06-13 18:00,22.2,,2.9,160,79,1561
102,백령도,2024-06-13 19:00,21.1,,3.1,160,84,1250
102,백령도,2024-06-13 20:00,19.8,,5.2,180,90,825
102,백령도,2024-06-13 21:00,19.6,,5.1,160,92,763
102,백령도,2024-06-13 22:00,18.6,,4.2,180,94,323
102,백령도,2024-06-13 23:00,19.1,,2.8,160,96,305
102,백령도,2024-06-14 00:00,17.1,,1.7,110,96,17
102,백령도,2024-06-14 01:00,18.3,,1.9,110,97,195
102,백령도,2024-06-14 02:00,18.9,,2.1,180,97,57
102,백령도,2024-06-14 03:00,18.9,,2.3,200,97,46
102,백령도,2024-06-14 04:00,18.2,,2.2,90,97,14
102,백령도,2024-06-14 05:00,17.7,0,.5,320,97,253
102,백령도,2024-06-14 06:00,18.4,,2.1,180,97,169
102,백령도,2024-06-14 07:00,19.3,,2.2,180,96,356
102,백령도,2024-06-14 08:00,20.6,,4.5,160,91,820
102,백령도,2024-06-14 09:00,21.1,,6.5,160,86,1614
102,백령도,2024-06-14 10:00,22,,5.4,160,80,1746
102,백령도,2024-06-14 11:00,22.2,,5.5,160,82,1650
102,백령도,2024-06-14 12:00,19.6,,4,180,93,607
102,백령도,2024-06-14 13:00,20.3,0,3.2,200,92,797
102,백령도,2024-06-14 14:00,20.7,0,3,200,93,532
102,백령도,2024-06-14 15:00,21.3,0,3.8,200,93,505
102,백령도,2024-06-14 16:00,20.5,.2,5.1,180,94,394
102,백령도,2024-06-14 17:00,20.6,0,1.9,180,91,856
102,백령도,2024-06-14 18:00,18.5,0,2.9,360,96,51
102,백령도,2024-06-14 19:00,19.2,0,1.5,140,97,35
102,백령도,2024-06-14 20:00,19.6,0,0,0,97,312
102,백령도,2024-06-14 21:00,19.7,.7,1.6,140,97,141
102,백령도,2024-06-14 22:00,19.2,0,1.7,110,96,280
102,백령도,2024-06-14 23:00,18.4,,1.7,140,97,135
102,백령도,2024-06-15 00:00,18.2,,1.7,110,97,13
102,백령도,2024-06-15 01:00,18.7,,.4,0,97,295
102,백령도,2024-06-15 02:00,18.5,,.6,110,97,211
102,백령도,2024-06-15 03:00,18.8,,1.2,180,97,112
102,백령도,2024-06-15 04:00,19.5,,2.1,200,97,279
102,백령도,2024-06-15 05:00,18.3,,1.8,320,96,186
102,백령도,2024-06-15 06:00,19,0,3,320,97,127
102,백령도,2024-06-15 07:00,19.8,0,1.9,290,97,450
102,백령도,2024-06-15 08:00,19.6,.1,2.8,320,93,788
102,백령도,2024-06-15 09:00,20,0,2.2,340,93,793
102,백령도,2024-06-15 10:00,22.2,,.9,20,79,2086
102,백령도,2024-06-15 11:00,23.6,,1.2,320,71,3512
102,백령도,2024-06-15 12:00,22.4,,3.9,320,76,2844
102,백령도,2024-06-15 13:00,23.1,,3.3,340,74,2918
102,백령도,2024-06-15 14:00,22.9,,3.5,340,76,2935
102,백령도,2024-06-15 15:00,22.5,,5,320,76,2199
102,백령도,2024-06-15 16:00,21.5,,5.3,320,82,1624
102,백령도,2024-06-15 17:00,22,,4.8,320,81,1920
102,백령도,2024-06-15 18:00,20.5,,3.8,320,88,1106
102,백령도,2024-06-15 19:00,20.3,,3.4,320,91,1186
102,백령도,2024-06-15 20:00,19.7,,2.9,290,94,819
102,백령도,2024-06-15 21:00,19.2,,3,320,96,414
102,백령도,2024-06-15 22:00,19.2,,4.1,320,97,176
102,백령도,2024-06-15 23:00,19.2,,4,320,97,358
102,백령도,2024-06-16 00:00,19.2,,3.5,320,97,159
102,백령도,2024-06-16 01:00,19.2,,3.4,320,97,30
102,백령도,2024-06-16 02:00,18.8,,3.1,340,97,27
102,백령도,2024-06-16 03:00,18.5,,2.5,340,97,161
102,백령도,2024-06-16 04:00,18.6,,2.8,320,97,28
102,백령도,2024-06-16 05:00,18.3,,3.4,320,97,21
102,백령도,2024-06-16 06:00,17.7,,2.3,320,97,13
102,백령도,2024-06-16 07:00,18.5,,1.7,320,97,522
102,백령도,2024-06-16 08:00,20.2,,3.6,320,86,1602
102,백령도,2024-06-16 09:00,20.8,,4.2,320,78,2429
102,백령도,2024-06-16 10:00,21.9,,3.8,320,68,3925
102,백령도,2024-06-16 11:00,22.9,,3.8,320,60,4145
102,백령도,2024-06-16 12:00,23.3,,4.6,320,60,3742
102,백령도,2024-06-16 13:00,25.2,,3,320,39,5000
102,백령도,2024-06-16 14:00,25.8,,3.8,320,34,4757
102,백령도,2024-06-16 15:00,25.1,,4.9,320,35,4710
102,백령도,2024-06-16 16:00,25.2,,4.6,320,39,4718
102,백령도,2024-06-16 17:00,24.6,,5.2,320,42,4673
102,백령도,2024-06-16 18:00,24.2,,3.8,290,50,4365
102,백령도,2024-06-16 19:00,23.8,,.8,290,47,4748
102,백령도,2024-06-16 20:00,21.6,,1.5,230,57,4497
102,백령도,2024-06-16 21:00,21,,3.3,230,67,2795
102,백령도,2024-06-16 22:00,20.8,,4.4,230,78,1436
102,백령도,2024-06-16 23:00,18.6,,1.6,140,80,1225
102,백령도,2024-06-17 00:00,21,,5.5,230,71,2422
102,백령도,2024-06-17 01:00,20.7,,4.6,230,78,1769
102,백령도,2024-06-17 02:00,21.3,,4.7,230,64,3741
102,백령도,2024-06-17 03:00,20.9,,2.3,200,66,2081
102,백령도,2024-06-17 04:00,18.2,,1.1,110,88,798
102,백령도,2024-06-17 05:00,16.9,,2.3,90,93,583
102,백령도,2024-06-17 06:00,17.4,,1.5,90,95,287
102,백령도,2024-06-17 07:00,18.9,,2,140,89,830
102,백령도,2024-06-17 08:00,20.4,,2,110,82,1510
102,백령도,2024-06-17 09:00,22.2,,2.3,180,73,3105
102,백령도,2024-06-17 10:00,23.2,,2.1,160,69,2752
102,백령도,2024-06-17 11:00,24.2,,3.1,180,65,3293
102,백령도,2024-06-17 12:00,25,,3.6,180,64,2839
102,백령도,2024-06-17 13:00,25.7,,5.4,230,55,3416
102,백령도,2024-06-17 14:00,26.6,,4.1,230,51,4182
102,백령도,2024-06-17 15:00,25.9,,4.9,200,54,3742
102,백령도,2024-06-17 16:00,25.7,,3.9,200,57,3366
102,백령도,2024-06-17 17:00,25.7,,2.7,230,53,3894
102,백령도,2024-06-17 18:00,24.9,,3.4,230,57,3760
102,백령도,2024-06-17 19:00,24.1,,2.8,230,57,4463
102,백령도,2024-06-17 20:00,22.6,,.8,230,65,3957
102,백령도,2024-06-17 21:00,22.2,,4,230,73,4237
102,백령도,2024-06-17 22:00,22.2,,4.9,230,75,3924
102,백령도,2024-06-17 23:00,22.2,,2.4,230,69,4158
102,백령도,2024-06-18 00:00,21.8,,1.5,230,66,4234
102,백령도,2024-06-18 01:00,21.5,,2.3,230,67,3649
102,백령도,2024-06-18 02:00,22.4,,4.6,250,61,4343
102,백령도,2024-06-18 03:00,20.4,,.6,360,80,2559
102,백령도,2024-06-18 04:00,20.4,,2.1,250,79,2488
102,백령도,2024-06-18 05:00,20.3,,1.3,230,78,2472
102,백령도,2024-06-18 06:00,18.2,,.8,160,92,1001
102,백령도,2024-06-18 07:00,18.9,,1.4,160,90,1123
102,백령도,2024-06-18 08:00,21.5,,1.7,140,80,2452
102,백령도,2024-06-18 09:00,22.8,,2,140,74,2703
102,백령도,2024-06-18 10:00,23.7,,2.8,110,71,2545
102,백령도,2024-06-18 11:00,23.9,,2.1,200,65,3045
102,백령도,2024-06-18 12:00,25.6,,2.1,160,59,3174
102,백령도,2024-06-18 13:00,25.9,,3.2,180,56,3464
102,백령도,2024-06-18 14:00,26,,2.9,180,53.8,3254
102,백령도,2024-06-18 15:00,26.8,,2.9,200,49,3386
102,백령도,2024-06-18 16:00,27.4,,3.9,200,48,2926
102,백령도,2024-06-18 17:00,27.4,,2.9,230,44,3319
102,백령도,2024-06-18 18:00,26.5,,3,230,52,3139
102,백령도,2024-06-18 19:00,25.3,,1.3,200,61,2596
102,백령도,2024-06-18 20:00,23.7,,0,0,69,1920
102,백령도,2024-06-18 21:00,22.6,,1.2,200,78,1220
102,백령도,2024-06-18 22:00,21.1,,2.4,180,85,730
102,백령도,2024-06-18 23:00,20.1,,1.6,180,90,425
102,백령도,2024-06-19 00:00,20,,.9,200,92,487
102,백령도,2024-06-19 01:00,19.8,,1.6,180,90,603
102,백령도,2024-06-19 02:00,17.9,,2.7,180,96,135
102,백령도,2024-06-19 03:00,16.9,,2.5,110,97,15
102,백령도,2024-06-19 04:00,17.2,,1.9,110,97,232
102,백령도,2024-06-19 05:00,17.2,,1.4,180,97,139
102,백령도,2024-06-19 06:00,17.8,,2.7,90,97,238
102,백령도,2024-06-19 07:00,18.6,,1.5,110,97,260
102,백령도,2024-06-19 08:00,20.7,,2,110,91,1052
102,백령도,2024-06-19 09:00,22.1,,2.2,110,81,1478
102,백령도,2024-06-19 10:00,24,,3.5,140,71,2396
102,백령도,2024-06-19 11:00,25,,3.4,180,64,2898
102,백령도,2024-06-19 12:00,25,,3.3,180,63,2896
102,백령도,2024-06-19 13:00,24.8,,3.4,200,59,3059
102,백령도,2024-06-19 14:00,26.7,,2.6,200,40,4313
102,백령도,2024-06-19 15:00,28.1,,1.5,90,47,4404
102,백령도,2024-06-19 16:00,28.1,,1.7,340,44,3225
102,백령도,2024-06-19 17:00,27.3,,1.8,360,41,4730
102,백령도,2024-06-19 18:00,26.5,,1.3,340,47,4366
102,백령도,2024-06-19 19:00,23.7,,1.8,320,53,4786
102,백령도,2024-06-19 20:00,22.1,,1.3,320,65,4053
102,백령도,2024-06-19 21:00,20.9,,1.8,320,64,4621
102,백령도,2024-06-19 22:00,21.9,,1.4,290,31,5000
102,백령도,2024-06-19 23:00,22.7,,1,290,26,5000
102,백령도,2024-06-20 00:00,21.7,,.9,140,35,5000
102,백령도,2024-06-20 01:00,21.1,,1.4,180,44,5000
102,백령도,2024-06-20 02:00,18.5,,1.4,180,74,3914
102,백령도,2024-06-20 03:00,18.2,,1.9,180,79,2657
102,백령도,2024-06-20 04:00,17.9,,2.4,110,81,2655
102,백령도,2024-06-20 05:00,18.1,,1.9,90,78,3217
102,백령도,2024-06-20 06:00,19.3,,1.7,90,76,3193
102,백령도,2024-06-20 07:00,20.8,,1.8,110,80,2481
102,백령도,2024-06-20 08:00,21.8,,2.4,140,87,1350
102,백령도,2024-06-20 09:00,21.4,,2.8,140,91,365
102,백령도,2024-06-20 10:00,23.7,,3,110,80,2212
102,백령도,2024-06-20 11:00,24.7,,2.8,140,75,3428
102,백령도,2024-06-20 12:00,26.3,,2.6,160,64,4146
102,백령도,2024-06-20 13:00,26.6,,2.6,140,57,4108
102,백령도,2024-06-20 14:00,27.1,,3.7,160,49,4373
102,백령도,2024-06-20 15:00,27.7,,3.3,160,41,4180
102,백령도,2024-06-20 16:00,26.4,,4,180,41,4685
102,백령도,2024-06-20 17:00,25.7,,4,160,44,4650
102,백령도,2024-06-20 18:00,25.1,,1.6,180,52,4296
102,백령도,2024-06-20 19:00,24.4,,2.4,230,56,4949
102,백령도,2024-06-20 20:00,21.7,,.3,0,68,4822
102,백령도,2024-06-20 21:00,20.1,,1.4,340,74,4344
102,백령도,2024-06-20 22:00,19.3,,1,320,77,3895
102,백령도,2024-06-20 23:00,19.6,,2.2,320,80,3466
102,백령도,2024-06-21 00:00,19.7,,.8,270,84,2686
102,백령도,2024-06-21 01:00,19.4,,1.9,290,87,2203
102,백령도,2024-06-21 02:00,19.9,,.9,290,85,2670
102,백령도,2024-06-21 03:00,20.5,,.8,320,81,3776
102,백령도,2024-06-21 04:00,20.2,,.9,250,83,4343
102,백령도,2024-06-21 05:00,19.6,,.3,0,84,4047
102,백령도,2024-06-21 06:00,20.3,,1.3,90,83,4152
102,백령도,2024-06-21 07:00,21.4,,.5,160,81,3990
102,백령도,2024-06-21 08:00,22.9,,.3,0,72,3473
102,백령도,2024-06-21 09:00,24.3,,3.1,320,68,4876
102,백령도,2024-06-21 10:00,24.3,,4.6,320,68,4123
102,백령도,2024-06-21 11:00,25.7,,3.2,320,67,4901
102,백령도,2024-06-21 12:00,26.4,,1.6,340,65,4685
102,백령도,2024-06-21 13:00,26.9,,2,340,62,4460
102,백령도,2024-06-21 14:00,25.6,,1.4,140,67,4370
102,백령도,2024-06-21 15:00,25.6,,1.1,250,69,4222
102,백령도,2024-06-21 16:00,25.4,,1.4,70,70,3168
102,백령도,2024-06-21 17:00,25.6,,1,90,69,4402
102,백령도,2024-06-21 18:00,23.7,,2.3,180,74,3190
102,백령도,2024-06-21 19:00,22.2,,1.8,200,83,2512
102,백령도,2024-06-21 20:00,22,,.9,200,85,2754
102,백령도,2024-06-21 21:00,22.1,,1.3,230,84,2207
102,백령도,2024-06-21 22:00,21.9,,1.8,200,86,1710
102,백령도,2024-06-21 23:00,21.5,,1.1,160,89,1753
102,백령도,2024-06-22 00:00,20.5,0,2.7,140,94,559
102,백령도,2024-06-22 01:00,19.9,0,1.7,110,95,665
102,백령도,2024-06-22 02:00,20.8,0,2.7,140,94,1160
102,백령도,2024-06-22 03:00,21,0,3.9,140,89,671
102,백령도,2024-06-22 04:00,20.6,0,2.4,140,89,1015
102,백령도,2024-06-22 05:00,19.4,0,3.2,140,95,239
102,백령도,2024-06-22 06:00,19.5,.2,3.5,110,97,35
102,백령도,2024-06-22 07:00,20.2,0,2.9,140,97,33
102,백령도,2024-06-22 08:00,20.6,.1,3.2,140,97,49
102,백령도,2024-06-22 09:00,20.2,.9,4.8,160,97,206
102,백령도,2024-06-22 10:00,20,2.7,4.6,160,97,51
102,백령도,2024-06-22 11:00,20.3,1,5.6,140,97,86
102,백령도,2024-06-22 12:00,20.3,0,4.8,140,97,142
102,백령도,2024-06-22 13:00,21,0,3,140,97,338
102,백령도,2024-06-22 14:00,21.6,,3.2,110,95,535
102,백령도,2024-06-22 15:00,23,,2.7,110,88,1133
102,백령도,2024-06-22 16:00,24,,2.1,140,82,1933
102,백령도,2024-06-22 17:00,23.6,,1.9,160,84,1343
102,백령도,2024-06-22 18:00,23.2,,.7,180,85,1127
102,백령도,2024-06-22 19:00,20.9,,2.3,320,92,488
102,백령도,2024-06-22 20:00,19.9,,2.3,320,96,292
102,백령도,2024-06-22 21:00,19.8,,3,320,97,57
102,백령도,2024-06-22 22:00,20,,2.3,320,97,96
102,백령도,2024-06-22 23:00,20.2,,3.2,320,97,72
102,백령도,2024-06-23 00:00,19.7,,4,320,97,21
102,백령도,2024-06-23 01:00,19.9,,3,320,97,25
102,백령도,2024-06-23 02:00,20.3,,.8,290,97,280
102,백령도,2024-06-23 03:00,20.2,,2.7,320,97,415
102,백령도,2024-06-23 04:00,20.4,,2.5,290,97,741
102,백령도,2024-06-23 05:00,21,,3,320,97,930
102,백령도,2024-06-23 06:00,20.7,,.7,340,97,416
102,백령도,2024-06-23 07:00,20.9,,1.3,320,97,277
102,백령도,2024-06-23 08:00,21.1,.2,1.5,340,97,240
102,백령도,2024-06-23 09:00,22.6,0,.4,0,93,4429
102,백령도,2024-06-23 10:00,22.1,,1.4,160,91,3255
102,백령도,2024-06-23 11:00,23.5,,2.6,180,84,3838
102,백령도,2024-06-23 12:00,24.5,,2.4,200,77,4452
102,백령도,2024-06-23 13:00,25.4,,3.8,180,72,4215
102,백령도,2024-06-23 14:00,25.6,,4.2,200,71,4858
102,백령도,2024-06-23 15:00,25.8,,4,200,73,2836
102,백령도,2024-06-23 16:00,23.9,,4.3,200,80,1703
102,백령도,2024-06-23 17:00,23.4,,3.5,200,85,1679
102,백령도,2024-06-23 18:00,23.3,0,2.1,180,91,1114
102,백령도,2024-06-23 19:00,22.9,,1.5,290,89,1092
102,백령도,2024-06-23 20:00,20.4,0,2.5,140,96,320
102,백령도,2024-06-23 21:00,20.1,3.3,2.8,320,96,329
102,백령도,2024-06-23 22:00,20,2.6,1.4,70,92,1210
102,백령도,2024-06-23 23:00,19.6,,.6,320,94,1142
102,백령도,2024-06-24 00:00,19.1,,1.7,110,94,881
102,백령도,2024-06-24 01:00,19.1,,2.3,50,92,1530
102,백령도,2024-06-24 02:00,18.2,,1.6,290,94,905
102,백령도,2024-06-24 03:00,17.1,,3.7,320,95,808
102,백령도,2024-06-24 04:00,17.7,,3.8,320,93,1404
102,백령도,2024-06-24 05:00,17.4,,2.6,320,91,1609
102,백령도,2024-06-24 06:00,17.9,,3.8,340,91,1139
102,백령도,2024-06-24 07:00,19,,3.4,340,89,1435
102,백령도,2024-06-24 08:00,20.3,,2.8,340,84,1490
102,백령도,2024-06-24 09:00,19.7,,4.9,340,80,1501
102,백령도,2024-06-24 10:00,20.2,,6.3,340,75,1725
102,백령도,2024-06-24 11:00,20.6,,5.8,340,74,1455
102,백령도,2024-06-24 12:00,21.2,,6.9,340,70,1706
102,백령도,2024-06-24 13:00,21.7,,6.4,340,67,2055
102,백령도,2024-06-24 14:00,22,,6,340,62,3925
102,백령도,2024-06-24 15:00,22.2,,6,340,62,4359
102,백령도,2024-06-24 16:00,22.2,,4.2,340,62,3555
102,백령도,2024-06-24 17:00,22.5,,4.8,320,58,4268
102,백령도,2024-06-24 18:00,22.4,,4.3,320,64,3940
102,백령도,2024-06-24 19:00,21.3,,5.1,320,69,3691
102,백령도,2024-06-24 20:00,20.4,,5.2,290,73,4000
102,백령도,2024-06-24 21:00,20.1,,4.8,290,79,3686
102,백령도,2024-06-24 22:00,20.3,,5.7,290,82,3885
102,백령도,2024-06-24 23:00,20.4,,4.2,290,85,3719
102,백령도,2024-06-25 00:00,20.1,,4.9,290,86,3543
102,백령도,2024-06-25 01:00,19.6,,4.7,320,88,3373
102,백령도,2024-06-25 02:00,18.2,,1.8,320,93,1908
102,백령도,2024-06-25 03:00,17.8,,1.5,290,92,2687
102,백령도,2024-06-25 04:00,17.9,,2.8,290,85,4122
102,백령도,2024-06-25 05:00,18.3,,1.7,290,80,4995
102,백령도,2024-06-25 06:00,19.4,,2,270,61,5000
102,백령도,2024-06-25 07:00,21.4,,1.6,270,69,4988
102,백령도,2024-06-25 08:00,22.2,,3.4,320,73,4379
102,백령도,2024-06-25 09:00,23.6,,3.4,290,63,4829
102,백령도,2024-06-25 10:00,23.9,,4.6,320,62,4535
102,백령도,2024-06-25 11:00,23.3,,5.1,320,70,4625
102,백령도,2024-06-25 12:00,23.4,,4.2,290,68,4580
102,백령도,2024-06-25 13:00,24.1,,3.7,320,55,4680
102,백령도,2024-06-25 14:00,23.9,,3.5,320,48,4533
102,백령도,2024-06-25 15:00,24,,3.6,340,50,4161
102,백령도,2024-06-25 16:00,22.9,,4,340,49,4426
102,백령도,2024-06-25 17:00,23.3,,3.5,340,47,4907
102,백령도,2024-06-25 18:00,22.3,,3.5,340,54,4588
102,백령도,2024-06-25 19:00,21.2,,3.2,320,61,4905
102,백령도,2024-06-25 20:00,20,,3.3,320,69,4953
102,백령도,2024-06-25 21:00,19.5,,2.2,290,75,4055
102,백령도,2024-06-25 22:00,19.4,,2.6,290,75,5000
102,백령도,2024-06-25 23:00,19.5,,1.8,250,72,4999
102,백령도,2024-06-26 00:00,19.9,,2.7,270,86,3405
102,백령도,2024-06-26 01:00,19.3,,1.9,290,89,2518
102,백령도,2024-06-26 02:00,20,,.6,270,65,5000
102,백령도,2024-06-26 03:00,17.7,,1.2,140,86,2372
102,백령도,2024-06-26 04:00,18,,1.3,140,90,1305
102,백령도,2024-06-26 05:00,18.1,,1.6,180,92,902
102,백령도,2024-06-26 06:00,18.5,,.9,160,91,1390
102,백령도,2024-06-26 07:00,19.2,,2,90,85,3256
102,백령도,2024-06-26 08:00,20.4,,2,90,78,3740
102,백령도,2024-06-26 09:00,22.3,,2.4,110,72,4503
102,백령도,2024-06-26 10:00,24.6,,2.2,110,61,4734
102,백령도,2024-06-26 11:00,26,,1.9,160,47,5000
102,백령도,2024-06-26 12:00,25,,3.1,180,56,4301
102,백령도,2024-06-26 13:00,25.2,,3.8,180,50,4146
102,백령도,2024-06-26 14:00,26.9,,3.6,180,38,4467
102,백령도,2024-06-26 15:00,25.6,,3,230,54,4606
102,백령도,2024-06-26 16:00,25.7,,4.1,200,54,4813
102,백령도,2024-06-26 17:00,25.2,,3.8,200,67,4326
102,백령도,2024-06-26 18:00,24.7,,4.3,230,69,4462
102,백령도,2024-06-26 19:00,23.9,,2.1,250,72,4944
102,백령도,2024-06-26 20:00,22.7,,1.1,230,81,4881
102,백령도,2024-06-26 21:00,21.2,,1.3,200,86,2675
102,백령도,2024-06-26 22:00,19.4,,1.3,110,91,1291
102,백령도,2024-06-26 23:00,19.3,,1.3,110,95,675
102,백령도,2024-06-27 00:00,18.6,,.9,160,97,149
102,백령도,2024-06-27 01:00,18.6,,.9,200,97,40
102,백령도,2024-06-27 02:00,18.7,,.1,0,97,478
102,백령도,2024-06-27 03:00,19,,1.2,110,97,83
102,백령도,2024-06-27 04:00,19,,1.6,140,97,16
102,백령도,2024-06-27 05:00,18.9,,2.1,140,97,17
102,백령도,2024-06-27 06:00,19.3,,1.9,140,97,23
102,백령도,2024-06-27 07:00,19.3,,2.1,160,97,27
102,백령도,2024-06-27 08:00,19.6,,1.7,160,97,51
102,백령도,2024-06-27 09:00,19.9,,2.3,160,97,414
102,백령도,2024-06-27 10:00,21.2,,2.4,180,86,2072
102,백령도,2024-06-27 11:00,24.3,,1.8,90,70,4463
102,백령도,2024-06-27 12:00,26,,1.6,110,53,4370
102,백령도,2024-06-27 13:00,23.1,,4.2,180,69,4818
102,백령도,2024-06-27 14:00,26.4,,1.8,270,52,4638
102,백령도,2024-06-27 15:00,27,,1.4,180,34,4760
102,백령도,2024-06-27 16:00,25.9,,1.3,50,52,4762
102,백령도,2024-06-27 17:00,26.1,,3.4,320,41,4991
102,백령도,2024-06-27 18:00,24.8,,2.8,320,46,4953
102,백령도,2024-06-27 19:00,24.1,,1.9,340,50,5000
102,백령도,2024-06-27 20:00,22,,2,320,65,4978
102,백령도,2024-06-27 21:00,20.7,,1.9,290,67,5000
102,백령도,2024-06-27 22:00,21.3,,.8,230,43,5000
102,백령도,2024-06-27 23:00,21.1,,1.4,340,37,5000
102,백령도,2024-06-28 00:00,19.7,,1.4,340,69,4986
102,백령도,2024-06-28 01:00,20,,1.9,320,82,4981
102,백령도,2024-06-28 02:00,19.7,,1.8,320,76,4973
102,백령도,2024-06-28 03:00,19.9,,1.5,320,65,5000
102,백령도,2024-06-28 04:00,19.7,,2.3,340,63,5000
102,백령도,2024-06-28 05:00,18.9,,1.2,320,67,5000
102,백령도,2024-06-28 06:00,19.3,,.8,360,60,5000
102,백령도,2024-06-28 07:00,20.3,,.5,160,66,4049
102,백령도,2024-06-28 08:00,23.2,,.3,0,60,4839
102,백령도,2024-06-28 09:00,26,,1,340,38,5000
102,백령도,2024-06-28 10:00,26.2,,1,50,34,4793
102,백령도,2024-06-28 11:00,27.3,,1.2,90,31,4807
102,백령도,2024-06-28 12:00,27.9,,2.1,110,29,4677
102,백령도,2024-06-28 13:00,27.5,,2.1,360,27,4671
102,백령도,2024-06-28 14:00,27.8,,3.1,180,31,4856
102,백령도,2024-06-28 15:00,27.2,,2.9,200,36,4045
102,백령도,2024-06-28 16:00,26.8,,1.7,110,39,4285
102,백령도,2024-06-28 17:00,26.3,,1.6,70,40,4857
102,백령도,2024-06-28 18:00,25.9,,2.1,200,44,4835
102,백령도,2024-06-28 19:00,24.3,,1.4,180,53,4871
102,백령도,2024-06-28 20:00,20.9,,.9,90,64,4566
102,백령도,2024-06-28 21:00,20.8,,1.1,110,68,4971
102,백령도,2024-06-28 22:00,19.7,,2,180,74,4851
102,백령도,2024-06-28 23:00,19.4,,1.8,180,77,4739
102,백령도,2024-06-29 00:00,18.8,,2.2,70,80,4981
102,백령도,2024-06-29 01:00,19,,2.2,110,79,4227
102,백령도,2024-06-29 02:00,19.8,,1.3,140,82,1804
102,백령도,2024-06-29 03:00,20,,1.1,110,85,2779
102,백령도,2024-06-29 04:00,20.2,,1,140,86,2304
102,백령도,2024-06-29 05:00,20.3,,1.7,160,87,2182
102,백령도,2024-06-29 06:00,20.5,,3.3,110,89,1758
102,백령도,2024-06-29 07:00,21,,4.1,140,89,1939
102,백령도,2024-06-29 08:00,21.5,,3.9,140,83,2881
102,백령도,2024-06-29 09:00,23.6,,4.4,110,76,3217
102,백령도,2024-06-29 10:00,22.7,,5.5,140,73,3005
102,백령도,2024-06-29 11:00,22.4,,6.2,140,68,2031
102,백령도,2024-06-29 12:00,23.2,0,6.5,140,73,1660
102,백령도,2024-06-29 13:00,24.2,,6.7,140,71,1639
102,백령도,2024-06-29 14:00,24.4,,4.9,140,76,2581
102,백령도,2024-06-29 15:00,24.6,,3.5,140,73,3877
102,백령도,2024-06-29 16:00,24.6,,5.2,140,71,3875
102,백령도,2024-06-29 17:00,24.9,,4.3,140,69,3827
102,백령도,2024-06-29 18:00,24.8,,2.5,140,69,3429
102,백령도,2024-06-29 19:00,21.5,1.1,6.2,160,90,318
102,백령도,2024-06-29 20:00,21.2,5.9,4.7,110,97,164
102,백령도,2024-06-29 21:00,20.6,3,3.8,90,97,43
102,백령도,2024-06-29 22:00,20.8,3.2,5.6,70,97,25
102,백령도,2024-06-29 23:00,20.7,4,5.4,70,97,17
102,백령도,2024-06-30 00:00,20.7,3.9,3.4,110,97,21
102,백령도,2024-06-30 01:00,21.1,3.2,3,200,97,128
102,백령도,2024-06-30 02:00,20.9,1.5,.9,90,97,140
102,백령도,2024-06-30 03:00,20.3,0,2,340,97,19
102,백령도,2024-06-30 04:00,19.4,0,7.5,340,98,135
102,백령도,2024-06-30 05:00,19.4,.2,9.1,340,98,189
102,백령도,2024-06-30 06:00,18.5,,5.8,320,97,272
102,백령도,2024-06-30 07:00,18.8,,5.8,320,97,387
102,백령도,2024-06-30 08:00,20.1,,6.2,320,96,892
102,백령도,2024-06-30 09:00,21.4,,7.2,320,91,1131
102,백령도,2024-06-30 10:00,22.9,,5.5,320,84,2055
102,백령도,2024-06-30 11:00,24.5,,4.7,320,80,2567
102,백령도,2024-06-30 12:00,24.6,,5.9,290,80,2618
102,백령도,2024-06-30 13:00,25.1,,6.5,290,77,2703
102,백령도,2024-06-30 14:00,24.9,,6.7,290,77,2146
102,백령도,2024-06-30 15:00,25.5,,5.2,290,75,1410
102,백령도,2024-06-30 16:00,25.2,,5,320,75,1988
102,백령도,2024-06-30 17:00,25.1,,4.6,290,76,1804
102,백령도,2024-06-30 18:00,24.5,,3.6,320,77,2045
102,백령도,2024-06-30 19:00,23.9,,1.2,320,80,1730
102,백령도,2024-06-30 20:00,22.5,,1.5,250,87,1640
102,백령도,2024-06-30 21:00,21.7,,3,230,93,757
102,백령도,2024-06-30 22:00,21.5,,1.5,230,93,482
102,백령도,2024-06-30 23:00,21.5,,2.8,230,93,612
102,백령도,2024-07-01 00:00,19.6,,1.4,90,96,141
102,백령도,2024-07-01 01:00,18.9,,1.4,110,96,241
102,백령도,2024-07-01 02:00,19.1,,2,110,97,21
102,백령도,2024-07-01 03:00,19.6,,2.5,180,97,34
102,백령도,2024-07-01 04:00,20,,1,110,97,135
102,백령도,2024-07-01 05:00,20.3,,2.4,180,97,22
102,백령도,2024-07-01 06:00,19.9,,3.4,180,97,25
102,백령도,2024-07-01 07:00,20.5,,1.4,140,97,17
102,백령도,2024-07-01 08:00,20.1,,2,110,97,27
102,백령도,2024-07-01 09:00,22,,.7,160,97,684
102,백령도,2024-07-01 10:00,21.2,,2.9,110,95,85
102,백령도,2024-07-01 11:00,23.6,,3,160,89,732
102,백령도,2024-07-01 12:00,23.2,,3.6,160,88,2060
102,백령도,2024-07-01 13:00,23.8,,3.1,160,87,1981
102,백령도,2024-07-01 14:00,23.3,,2.8,180,88,2408
102,백령도,2024-07-01 15:00,22.8,,2.7,180,89,2479
102,백령도,2024-07-01 16:00,23.4,,2,160,89,2735
102,백령도,2024-07-01 17:00,23,,3.3,180,91,2229
102,백령도,2024-07-01 18:00,22.7,,3.1,160,92,1786
102,백령도,2024-07-01 19:00,22.6,,1.9,180,92,1185
102,백령도,2024-07-01 20:00,21.1,,1.9,180,96,223
102,백령도,2024-07-01 21:00,21.2,,2.3,200,96,77
102,백령도,2024-07-01 22:00,21.7,,1,200,97,216
102,백령도,2024-07-01 23:00,20.5,,1.4,160,97,368
102,백령도,2024-07-02 00:00,20.5,,1.9,90,97,344
102,백령도,2024-07-02 01:00,20.1,,1,160,97,17
102,백령도,2024-07-02 02:00,21.1,,1.3,90,97,138
102,백령도,2024-07-02 03:00,20.2,,1.5,110,97,32
102,백령도,2024-07-02 04:00,20.3,,2,110,97,17
102,백령도,2024-07-02 05:00,21.3,,3,110,97,221
102,백령도,2024-07-02 06:00,21.4,,3.1,110,97,495
102,백령도,2024-07-02 07:00,21,.3,3,110,93,487
102,백령도,2024-07-02 08:00,20.6,1.7,2.7,110,96,280
102,백령도,2024-07-02 09:00,21.5,.2,4,110,93,682
102,백령도,2024-07-02 10:00,21.2,.2,3,110,95,401
102,백령도,2024-07-02 11:00,20.9,1,3.9,110,95,422
102,백령도,2024-07-02 12:00,20.4,3.6,7.8,140,96,221
102,백령도,2024-07-02 13:00,19.9,9.9,9,110,97,164
102,백령도,2024-07-02 14:00,20.4,2.1,7.2,110,97,559
102,백령도,2024-07-02 15:00,20.7,4.6,7.5,110,97,391
102,백령도,2024-07-02 16:00,21.2,4.7,9.4,140,97,385
102,백령도,2024-07-02 17:00,21.5,1.4,8.6,140,97,438
102,백령도,2024-07-02 18:00,21.4,.2,7.9,140,97,127
102,백령도,2024-07-02 19:00,21.2,0,9.2,140,97,367
102,백령도,2024-07-02 20:00,21.3,,5.8,160,96,342
102,백령도,2024-07-02 21:00,22.1,0,11.1,160,96,434
102,백령도,2024-07-02 22:00,22.8,0,11.4,180,93,656
102,백령도,2024-07-02 23:00,22.6,0,7.8,180,86,1860
102,백령도,2024-07-03 00:00,22.6,,8.7,180,86,1714
102,백령도,2024-07-03 01:00,22.8,,10.4,200,84,1806
102,백령도,2024-07-03 02:00,22.5,0,9.8,230,84,1772
102,백령도,2024-07-03 03:00,22.2,,10.2,230,85,1981
102,백령도,2024-07-03 04:00,21.7,,8.9,230,87,1981
102,백령도,2024-07-03 05:00,21.5,,9.3,250,86,2736
102,백령도,2024-07-03 06:00,20.3,,7.1,270,91,1756
102,백령도,2024-07-03 07:00,20.6,,5.5,250,89,2159
102,백령도,2024-07-03 08:00,21.2,,5.5,250,85,3168
102,백령도,2024-07-03 09:00,21.3,,3.9,270,85,2661
102,백령도,2024-07-03 10:00,23.6,,2.3,230,77,2915
102,백령도,2024-07-03 11:00,23.3,,3,250,75,4133
102,백령도,2024-07-03 12:00,23,,3.2,230,81,2333
102,백령도,2024-07-03 13:00,22.8,,4.1,230,81,1890
102,백령도,2024-07-03 14:00,23.9,,3.2,200,75,2163
102,백령도,2024-07-03 15:00,22.9,,3.6,230,82,1834
102,백령도,2024-07-03 16:00,22.8,,3.7,230,82,1737
102,백령도,2024-07-03 17:00,24.4,,3.8,250,73,2306
102,백령도,2024-07-03 18:00,23.5,,2.3,250,78,2368
102,백령도,2024-07-03 19:00,22.8,,2.1,270,82,1769
102,백령도,2024-07-03 20:00,21.3,,2,200,91,784
102,백령도,2024-07-03 21:00,20.7,,2.1,200,95,318
102,백령도,2024-07-03 22:00,20.3,,1.3,160,96,322
102,백령도,2024-07-03 23:00,20.3,,1.1,180,96,294
102,백령도,2024-07-04 00:00,20.1,,.1,0,96,331
102,백령도,2024-07-04 01:00,20.2,,.9,160,97,238
102,백령도,2024-07-04 02:00,20.1,,1.7,160,97,72
102,백령도,2024-07-04 03:00,20.2,,2.1,180,97,51
102,백령도,2024-07-04 04:00,20.2,,1.1,180,97,61
102,백령도,2024-07-04 05:00,19.8,,1.4,160,97,62
102,백령도,2024-07-04 06:00,20.2,,2.6,180,97,59
102,백령도,2024-07-04 07:00,21.1,,3.1,160,96,147
102,백령도,2024-07-04 08:00,21.5,,3.5,160,93,207
102,백령도,2024-07-04 09:00,21.7,,3.8,140,91,212
102,백령도,2024-07-04 10:00,22.3,,3.3,140,91,269
102,백령도,2024-07-04 11:00,23,,3.6,140,86,302
102,백령도,2024-07-04 12:00,22.6,,5.1,140,87,237
102,백령도,2024-07-04 13:00,21.8,,5.3,160,93,181
102,백령도,2024-07-04 14:00,21.6,,4.8,140,96,49
102,백령도,2024-07-04 15:00,20.9,0,6.9,140,96,54
102,백령도,2024-07-04 16:00,21.1,.8,9.3,140,97,79
102,백령도,2024-07-04 17:00,20.6,29.6,4.5,340,97,94
102,백령도,2024-07-04 18:00,22.8,13.1,3.2,200,97,464
102,백령도,2024-07-04 19:00,22.9,2.7,4.8,180,96,452
102,백령도,2024-07-04 20:00,22.4,,4.8,160,96,404
102,백령도,2024-07-04 21:00,23.2,,5.6,200,90,1489
102,백령도,2024-07-04 22:00,22.2,0,5.7,200,89,1374
102,백령도,2024-07-04 23:00,21.2,.3,4.7,230,94,514
102,백령도,2024-07-05 00:00,21,.2,5.7,270,94,974
102,백령도,2024-07-05 01:00,20.4,,6.3,270,97,321
102,백령도,2024-07-05 02:00,18.9,,9,320,97,544
102,백령도,2024-07-05 03:00,18.7,,5.6,320,97,40
102,백령도,2024-07-05 04:00,18.6,,4.6,320,97,398
102,백령도,2024-07-05 05:00,18.7,,4.1,320,97,15
102,백령도,2024-07-05 06:00,19,,3.6,290,97,225
102,백령도,2024-07-05 07:00,19.8,,4.1,290,97,424
102,백령도,2024-07-05 08:00,20.1,,4.2,250,95,411
102,백령도,2024-07-05 09:00,19.8,,4.4,250,96,235
102,백령도,2024-07-05 10:00,21.8,,5.3,250,86,1184
102,백령도,2024-07-05 11:00,23.7,,4.9,250,76,3041
102,백령도,2024-07-05 12:00,24.5,,4.8,270,75,2425
102,백령도,2024-07-05 13:00,26,,3.7,270,68,2981
102,백령도,2024-07-05 14:00,26.4,,3.2,250,62,2454
102,백령도,2024-07-05 15:00,25.4,,3.7,200,67,2838
102,백령도,2024-07-05 16:00,24,,5.4,180,75,2716
102,백령도,2024-07-05 17:00,23.4,,5.7,200,81,2382
102,백령도,2024-07-05 18:00,22.2,,5.6,180,85,1853
102,백령도,2024-07-05 19:00,22.3,,3.3,180,88,1617
102,백령도,2024-07-05 20:00,21.4,,4.3,160,93,1098
102,백령도,2024-07-05 21:00,21.2,,3.9,160,95,723
102,백령도,2024-07-05 22:00,20.9,,4.1,140,97,381
102,백령도,2024-07-05 23:00,20.8,,5,140,97,467
102,백령도,2024-07-06 00:00,20.8,,4.9,160,96,646
102,백령도,2024-07-06 01:00,21,0,4.6,160,97,549
102,백령도,2024-07-06 02:00,20.5,.2,4.3,140,97,252
102,백령도,2024-07-06 03:00,21.1,.5,4.7,140,97,285
102,백령도,2024-07-06 04:00,21.3,5.3,5.6,140,97,443
102,백령도,2024-07-06 05:00,20.6,8.2,5.5,110,97,40
102,백령도,2024-07-06 06:00,20.5,.8,6.4,110,97,221
102,백령도,2024-07-06 07:00,20.6,0,7.4,110,97,653
102,백령도,2024-07-06 08:00,21.4,0,7.8,140,96,729
102,백령도,2024-07-06 09:00,21.5,.2,7.8,140,97,207
102,백령도,2024-07-06 10:00,22.2,,6.5,160,96,517
102,백령도,2024-07-06 11:00,23.4,,6.2,160,93,751
102,백령도,2024-07-06 12:00,24.8,,7.2,200,88,1134
102,백령도,2024-07-06 13:00,25.2,,8.1,230,85,1057
102,백령도,2024-07-06 14:00,24.8,,8.9,230,82,1375
102,백령도,2024-07-06 15:00,24.6,,8.8,230,84,1368
102,백령도,2024-07-06 16:00,22.6,,11,250,82,2577
102,백령도,2024-07-06 17:00,21.9,,8.7,250,86,2757
102,백령도,2024-07-06 18:00,22.1,,8.1,250,83,2574
102,백령도,2024-07-06 19:00,21.5,,6.8,250,85,2525
102,백령도,2024-07-06 20:00,21,,6.1,250,86,2195
102,백령도,2024-07-06 21:00,20.7,,5.1,250,88,1974
102,백령도,2024-07-06 22:00,21.1,,5,270,87,1832
102,백령도,2024-07-06 23:00,21.3,,4.1,270,86,2627
102,백령도,2024-07-07 00:00,21.7,,2.9,290,84,3724
102,백령도,2024-07-07 01:00,20,,1,90,90,1559
102,백령도,2024-07-07 02:00,20.3,,1.2,200,92,1312
102,백령도,2024-07-07 03:00,19.9,,2,200,93,1095
102,백령도,2024-07-07 04:00,19.8,,1.7,180,94,656
102,백령도,2024-07-07 05:00,18.9,,1.8,110,95,432
102,백령도,2024-07-07 06:00,18.7,,2.2,110,97,60
102,백령도,2024-07-07 07:00,20.4,,3.1,180,97,430
102,백령도,2024-07-07 08:00,22,,4.2,180,89,1618
102,백령도,2024-07-07 09:00,23.4,,2.5,160,80,2412
102,백령도,2024-07-07 10:00,23.8,,3.1,140,78,1776
102,백령도,2024-07-07 11:00,24.2,,6.4,180,78,3214
102,백령도,2024-07-07 12:00,24,,4.5,160,76,3508
102,백령도,2024-07-07 13:00,22.8,,3.8,140,86,2118
102,백령도,2024-07-07 14:00,22.7,,3.6,160,92,1742
102,백령도,2024-07-07 15:00,22.2,,3.5,160,94,681
102,백령도,2024-07-07 16:00,22.7,,2.9,160,93,503
102,백령도,2024-07-07 17:00,22.4,,3.1,140,94,258
102,백령도,2024-07-07 18:00,22.2,,1.8,140,96,360
102,백령도,2024-07-07 19:00,21.7,,2.6,110,97,70
102,백령도,2024-07-07 20:00,21.3,,3.2,160,97,28
102,백령도,2024-07-07 21:00,21.1,,1.3,160,97,39
102,백령도,2024-07-07 22:00,21.3,,1.1,160,97,137
102,백령도,2024-07-07 23:00,22.1,,.7,230,97,25
102,백령도,2024-07-08 00:00,21.9,,1.8,180,97,62
102,백령도,2024-07-08 01:00,21.4,,3.5,200,97,30
102,백령도,2024-07-08 02:00,21.6,,.6,200,97,37
102,백령도,2024-07-08 03:00,21.6,,1.4,160,97,29
102,백령도,2024-07-08 04:00,21.4,,.8,230,97,13
102,백령도,2024-07-08 05:00,20.9,,.9,180,97,19
102,백령도,2024-07-08 06:00,20.4,,2.3,110,98,22
102,백령도,2024-07-08 07:00,20.5,,1.3,180,98,25
102,백령도,2024-07-08 08:00,21.2,,1.9,200,98,505
102,백령도,2024-07-08 09:00,21.8,,2.4,230,97,1045
102,백령도,2024-07-08 10:00,22.7,,2.5,230,94,4318
102,백령도,2024-07-08 11:00,23.4,,1.9,250,87,4798
102,백령도,2024-07-08 12:00,23.8,,3.2,200,86,4170
102,백령도,2024-07-08 13:00,23.8,,2.9,180,85,3623
102,백령도,2024-07-08 14:00,23.6,,3.4,180,84,2677
102,백령도,2024-07-08 15:00,23.1,,1.9,140,89,1612
102,백령도,2024-07-08 16:00,23.4,,1.7,230,86,4324
102,백령도,2024-07-08 17:00,23.8,,2.9,180,84,4880
102,백령도,2024-07-08 18:00,23.5,,2.4,250,88,4393
102,백령도,2024-07-08 19:00,22.4,,2.1,200,93,1487
102,백령도,2024-07-08 20:00,22.1,,1.7,250,96,865
102,백령도,2024-07-08 21:00,21.6,,.3,0,96,948
102,백령도,2024-07-08 22:00,20.4,,1.2,90,97,19
102,백령도,2024-07-08 23:00,21.1,,.9,320,97,14
102,백령도,2024-07-09 00:00,20.6,,1,200,97,35
102,백령도,2024-07-09 01:00,21.1,,0,0,97,21
102,백령도,2024-07-09 02:00,20.7,,1.4,110,98,30
102,백령도,2024-07-09 03:00,20,,.1,0,98,33
102,백령도,2024-07-09 04:00,20.5,,1.2,200,98,25
102,백령도,2024-07-09 05:00,20.5,,.1,0,98,24
102,백령도,2024-07-09 06:00,20.9,,1.2,290,98,41
102,백령도,2024-07-09 07:00,20.9,,.4,0,98,62
102,백령도,2024-07-09 08:00,21.5,,1.1,230,98,1008
102,백령도,2024-07-09 09:00,21.6,,.9,180,96,670
102,백령도,2024-07-09 10:00,21.3,,1.5,70,96,677
102,백령도,2024-07-09 11:00,22,,1.9,140,93,527
102,백령도,2024-07-09 12:00,22.4,,3.2,140,90,809
102,백령도,2024-07-09 13:00,22,,3,180,90,983
102,백령도,2024-07-09 14:00,22.3,,5,180,89,943
102,백령도,2024-07-09 15:00,21.3,,3.5,160,95,198
102,백령도,2024-07-09 16:00,21.2,,4,160,97,117
102,백령도,2024-07-09 17:00,21.8,,2.6,140,95,421
102,백령도,2024-07-09 18:00,20.7,,2.4,110,96,320
102,백령도,2024-07-09 19:00,20.9,,1.5,140,96,220
102,백령도,2024-07-09 20:00,20.9,,1.8,110,97,140
102,백령도,2024-07-09 21:00,21.1,,3.1,110,97,127
102,백령도,2024-07-09 22:00,20.9,.1,3,90,97,54
102,백령도,2024-07-09 23:00,21.5,0,3.4,90,97,269
102,백령도,2024-07-10 00:00,21,0,2.3,90,97,85
102,백령도,2024-07-10 01:00,21.4,1.4,2.2,90,98,160
102,백령도,2024-07-10 02:00,21.4,1.2,3,70,97,28
102,백령도,2024-07-10 03:00,21.4,4.6,1.8,360,98,174
102,백령도,2024-07-10 04:00,20.9,1.6,2.1,360,98,53
102,백령도,2024-07-10 05:00,20.7,3.9,3.6,360,98,25
102,백령도,2024-07-10 06:00,20.9,1.8,2.1,360,98,42
102,백령도,2024-07-10 07:00,21.3,.3,1.8,340,98,91
102,백령도,2024-07-10 08:00,20.2,0,3.2,320,98,128
102,백령도,2024-07-10 09:00,20.9,,3.9,360,98,346
102,백령도,2024-07-10 10:00,23,,3.3,320,90,793
102,백령도,2024-07-10 11:00,23.2,,2.8,320,89,1087
102,백령도,2024-07-10 12:00,20.9,,4.4,320,90,430
102,백령도,2024-07-10 13:00,23.3,,3.9,320,85,1460
102,백령도,2024-07-10 14:00,22.9,,5.2,320,86,785
102,백령도,2024-07-10 15:00,22.6,,6,320,87,778
102,백령도,2024-07-10 16:00,21.3,,5.7,320,92,207
102,백령도,2024-07-10 17:00,20.6,,6.5,320,95,42
102,백령도,2024-07-10 18:00,20.1,,6.4,320,97,14
102,백령도,2024-07-10 19:00,20,,6.2,320,97,17
102,백령도,2024-07-10 20:00,20.2,,5.1,340,97,80
102,백령도,2024-07-10 21:00,19.9,,3.8,320,98,26
102,백령도,2024-07-10 22:00,19.6,,3.1,320,98,17
102,백령도,2024-07-10 23:00,19.8,,3.1,320,98,305
102,백령도,2024-07-11 00:00,19.5,,4.4,320,98,24
102,백령도,2024-07-11 01:00,20.3,,4,320,98,21
102,백령도,2024-07-11 02:00,20,,4.2,320,98,22
102,백령도,2024-07-11 03:00,19.7,,3.9,320,98,11
102,백령도,2024-07-11 04:00,19.3,,3.1,320,98,11
102,백령도,2024-07-11 05:00,19.7,,1.1,290,98,11
102,백령도,2024-07-11 06:00,19.4,,1.8,320,98,15
102,백령도,2024-07-11 07:00,20.8,,1.5,290,98,96
102,백령도,2024-07-11 08:00,22.7,,.8,290,93,597
102,백령도,2024-07-11 09:00,23.7,,2,320,81,839
102,백령도,2024-07-11 10:00,25,,1.3,320,77,1048
102,백령도,2024-07-11 11:00,25.6,,1.4,110,74,1177
102,백령도,2024-07-11 12:00,26.9,,1.8,110,67,2034
102,백령도,2024-07-11 13:00,26.7,,1.7,50,68,2043
102,백령도,2024-07-11 14:00,27.1,,1.5,180,69,1842
102,백령도,2024-07-11 15:00,26.9,,1.7,200,68,2200
102,백령도,2024-07-11 16:00,26.9,,1.6,140,67,2064
102,백령도,2024-07-11 17:00,24.4,,2.6,90,77,1172
102,백령도,2024-07-11 18:00,25.2,,3.1,230,71,1350
102,백령도,2024-07-11 19:00,23.8,,1.1,290,78,1028
102,백령도,2024-07-11 20:00,22.4,,.7,320,87,718
102,백령도,2024-07-11 21:00,21.2,,1.2,70,92,359
102,백령도,2024-07-11 22:00,21.2,,.1,0,91,390
102,백령도,2024-07-11 23:00,21,,.2,0,95,136
102,백령도,2024-07-12 00:00,21.2,,0,0,95,131
102,백령도,2024-07-12 01:00,21,,0,0,96,110
102,백령도,2024-07-12 02:00,20.7,,0,0,96,95
102,백령도,2024-07-12 03:00,20.4,,.6,200,97,21
102,백령도,2024-07-12 04:00,19.9,,.9,290,97,21
102,백령도,2024-07-12 05:00,19.4,,.3,0,98,45
102,백령도,2024-07-12 06:00,20.1,,0,0,98,5
102,백령도,2024-07-12 07:00,20.2,,.9,180,98,9
102,백령도,2024-07-12 08:00,21,,1,140,97,163
102,백령도,2024-07-12 09:00,22.5,,1.2,160,97,697
102,백령도,2024-07-12 10:00,24.7,,1.6,180,71,941
102,백령도,2024-07-12 11:00,24.4,,2.7,180,76,899
102,백령도,2024-07-12 12:00,25.4,,1.8,180,69,1083
102,백령도,2024-07-12 13:00,26.9,,1.4,50,66,1340
102,백령도,2024-07-12 14:00,26.2,,2.5,200,64,2373
102,백령도,2024-07-12 15:00,26.5,,1.8,70,65,1385
102,백령도,2024-07-12 16:00,26.5,,1.8,110,70,1473
102,백령도,2024-07-12 17:00,26,,2.8,200,64,1998
102,백령도,2024-07-12 18:00,25.2,,2.1,340,71,1281
102,백령도,2024-07-12 19:00,24.2,,1.3,140,77,1171
102,백령도,2024-07-12 20:00,22.6,,1,320,86,884
102,백령도,2024-07-12 21:00,21.4,,.3,0,91,593
102,백령도,2024-07-12 22:00,21.3,,1,320,91,472
102,백령도,2024-07-12 23:00,21,,1.1,320,94,241
102,백령도,2024-07-13 00:00,21,,1,290,95,202
102,백령도,2024-07-13 01:00,21.2,,1.1,320,96,163
102,백령도,2024-07-13 02:00,21.1,,.2,0,95,187
102,백령도,2024-07-13 03:00,20.8,,1.3,290,96,180
102,백령도,2024-07-13 04:00,21.3,,.8,270,96,186
102,백령도,2024-07-13 05:00,20.9,,1.4,340,95,154
102,백령도,2024-07-13 06:00,21.1,,1.9,320,95,174
102,백령도,2024-07-13 07:00,21.6,,1.1,320,94,250
102,백령도,2024-07-13 08:00,23.1,,.8,290,88,389
102,백령도,2024-07-13 09:00,24.6,,.9,70,78,1057
102,백령도,2024-07-13 10:00,25.5,,1.1,70,75,1099
102,백령도,2024-07-13 11:00,25.8,,1.9,110,76,1210
102,백령도,2024-07-13 12:00,27,,2.4,140,74,1213
102,백령도,2024-07-13 13:00,27.7,,2.4,140,69,1434
102,백령도,2024-07-13 14:00,26.8,,2.9,200,70,1472
102,백령도,2024-07-13 15:00,26.5,,2.5,360,71,1243
102,백령도,2024-07-13 16:00,24.3,,3,320,78,1001
102,백령도,2024-07-13 17:00,24.9,,2.7,290,79,1175
102,백령도,2024-07-13 18:00,24.9,,2,340,78,1168
102,백령도,2024-07-13 19:00,24.9,,1.1,290,79,1208
102,백령도,2024-07-13 20:00,23.7,,.5,270,84,920
102,백령도,2024-07-13 21:00,23.7,,.3,0,85,898
102,백령도,2024-07-13 22:00,22.9,,1.3,180,91,482
102,백령도,2024-07-13 23:00,23,,.4,0,90,593
102,백령도,2024-07-14 00:00,22.3,,2.2,200,93,337
102,백령도,2024-07-14 01:00,22.4,,.4,0,91,559
102,백령도,2024-07-14 02:00,21.1,,.1,0,95,339
102,백령도,2024-07-14 03:00,20.9,,1.6,90,96,222
102,백령도,2024-07-14 04:00,21.5,,1.8,110,94,311
102,백령도,2024-07-14 05:00,21.5,,1.9,110,95,237
102,백령도,2024-07-14 06:00,21.7,,1.8,90,96,144
102,백령도,2024-07-14 07:00,22.9,,1.2,110,95,216
102,백령도,2024-07-14 08:00,24.7,,1.9,90,89,409
102,백령도,2024-07-14 09:00,26,,2.3,90,81,644
102,백령도,2024-07-14 10:00,26.6,,3.1,110,78,723
102,백령도,2024-07-14 11:00,27.7,,2.1,140,73,960
102,백령도,2024-07-14 12:00,28.2,,3.3,110,68,742
102,백령도,2024-07-14 13:00,27.7,,3.4,180,68,1193
102,백령도,2024-07-14 14:00,28.2,,3.7,160,64,1546
102,백령도,2024-07-14 15:00,28,,2.9,200,65,1792
102,백령도,2024-07-14 16:00,27.2,,2.2,340,72,1050
102,백령도,2024-07-14 17:00,26,,3,340,75,997
102,백령도,2024-07-14 18:00,25.9,,2.8,340,75,1215
102,백령도,2024-07-14 19:00,25.1,,2.7,340,79,936
102,백령도,2024-07-14 20:00,23.8,,2.9,340,82,985
102,백령도,2024-07-14 21:00,23.6,,2.5,320,81,1034
102,백령도,2024-07-14 22:00,22.7,,1.9,320,83,1035
102,백령도,2024-07-14 23:00,23.4,,2.1,320,80,1237
102,백령도,2024-07-15 00:00,24.4,,0,0,75,1410
102,백령도,2024-07-15 01:00,24.3,,.6,90,77,1343
102,백령도,2024-07-15 02:00,23.3,,1.8,90,88,881
102,백령도,2024-07-15 03:00,23.5,,2.1,110,90,859
102,백령도,2024-07-15 04:00,22.7,,2.4,110,92,887
102,백령도,2024-07-15 05:00,23.4,,3.2,110,92,1066
102,백령도,2024-07-15 06:00,23.6,,3.3,110,90,1566
102,백령도,2024-07-15 07:00,24.1,,3.2,110,81,2520
102,백령도,2024-07-15 08:00,25,,2.9,110,76,3255
102,백령도,2024-07-15 09:00,25.9,,3.5,110,72,3697
102,백령도,2024-07-15 10:00,27.1,,4.5,140,67,3975
102,백령도,2024-07-15 11:00,28,,4.5,110,65,3532
102,백령도,2024-07-15 12:00,27.5,,5.8,140,64,3903
102,백령도,2024-07-15 13:00,28.2,,3.8,140,64,4418
102,백령도,2024-07-15 14:00,27.9,,5,180,66,4583
102,백령도,2024-07-15 15:00,27.4,,4.3,180,66,3904
102,백령도,2024-07-15 16:00,27.2,,5,160,67,4307
102,백령도,2024-07-15 17:00,26.8,,3.9,160,69,3343
102,백령도,2024-07-15 18:00,25.9,,4,180,73,3625
102,백령도,2024-07-15 19:00,24.7,,5,180,81,3168
102,백령도,2024-07-15 20:00,24.4,,3.9,160,84,2635
102,백령도,2024-07-15 21:00,24.3,,3.3,160,86,2449
102,백령도,2024-07-15 22:00,23.5,,3.4,160,91,1632
102,백령도,2024-07-15 23:00,23.2,,2.9,140,93,1294
102,백령도,2024-07-16 00:00,22.8,,1.4,110,94,1091
102,백령도,2024-07-16 01:00,23,,2.2,110,96,869
102,백령도,2024-07-16 02:00,22.8,,3.3,110,95,886
102,백령도,2024-07-16 03:00,23.4,,3.8,140,94,1746
102,백령도,2024-07-16 04:00,23.2,0,4.6,140,94,616
102,백령도,2024-07-16 05:00,23.3,0,2,110,94,1155
102,백령도,2024-07-16 06:00,23,.1,3,110,96,284
102,백령도,2024-07-16 07:00,23.1,.3,3.2,140,96,1732
102,백령도,2024-07-16 08:00,23.2,.6,3.5,140,96,818
102,백령도,2024-07-16 09:00,23.8,0,5.9,140,93,1105
102,백령도,2024-07-16 10:00,24.1,0,3.9,140,93,781
102,백령도,2024-07-16 11:00,23.1,0,5.6,140,95,393
102,백령도,2024-07-16 12:00,22.8,0,5.5,140,96,220
102,백령도,2024-07-16 13:00,23.4,.1,5.3,140,93,429
102,백령도,2024-07-16 14:00,23.1,,4.7,140,96,285
102,백령도,2024-07-16 15:00,22.9,.2,4.7,140,97,120
102,백령도,2024-07-16 16:00,23.5,.1,3.7,140,97,344
102,백령도,2024-07-16 17:00,23.8,,3.4,160,97,382
102,백령도,2024-07-16 18:00,24.7,,3.2,230,93,1181
102,백령도,2024-07-16 19:00,24.1,0,4.8,230,93,1016
102,백령도,2024-07-16 20:00,23.6,2.8,2.1,230,96,486
102,백령도,2024-07-16 21:00,23.4,.4,1.9,140,96,1058
102,백령도,2024-07-16 22:00,23.8,,5.3,180,96,816
102,백령도,2024-07-16 23:00,23.5,.1,6.2,160,96,842
102,백령도,2024-07-17 00:00,23.3,4,5.2,160,96,849
102,백령도,2024-07-17 01:00,23.3,.2,5.2,160,97,527
102,백령도,2024-07-17 02:00,22.8,,6,140,96,370
102,백령도,2024-07-17 03:00,23.5,6.4,7.7,160,97,120
102,백령도,2024-07-17 04:00,24.4,.3,4.4,230,97,101
102,백령도,2024-07-17 05:00,24.7,0,3.7,230,95,789
102,백령도,2024-07-17 06:00,24.3,,4.6,160,93,688
102,백령도,2024-07-17 07:00,24.1,,3.1,180,92,1045
102,백령도,2024-07-17 08:00,24.7,,4.8,200,90,1247
102,백령도,2024-07-17 09:00,24.9,0,5.9,200,92,972
102,백령도,2024-07-17 10:00,24.9,1.9,5.3,200,95,603
102,백령도,2024-07-17 11:00,24.9,.2,5.3,200,93,912
102,백령도,2024-07-17 12:00,24.7,.8,6,200,93,988
102,백령도,2024-07-17 13:00,24.4,2.1,4.5,200,92,1693
102,백령도,2024-07-17 14:00,24.7,,5.5,200,89,2006
102,백령도,2024-07-17 15:00,25.4,,5.7,200,85,2506
102,백령도,2024-07-17 16:00,24.5,0,6.8,230,88,2576
102,백령도,2024-07-17 17:00,24,0,4.5,200,92,1723
102,백령도,2024-07-17 18:00,24.2,.2,4.5,180,85,3090
102,백령도,2024-07-17 19:00,24.2,0,7.1,180,88,2505
102,백령도,2024-07-17 20:00,23.7,.5,4.8,200,91,2063
102,백령도,2024-07-17 21:00,23.7,.1,4.9,180,92,1785
102,백령도,2024-07-17 22:00,24.3,0,3.8,200,86,4279
102,백령도,2024-07-17 23:00,23.8,,4.5,160,92,2420
102,백령도,2024-07-18 00:00,23.1,,4.7,160,95,1154
102,백령도,2024-07-18 01:00,23.8,.3,4.3,180,94,813
102,백령도,2024-07-18 02:00,24.2,0,4.9,200,94,1247
102,백령도,2024-07-18 03:00,24.2,4.4,4,230,95,1575
102,백령도,2024-07-18 04:00,23.8,0,5.9,230,94,2754
102,백령도,2024-07-18 05:00,23.2,.1,5.2,250,96,361
102,백령도,2024-07-18 06:00,23.3,.1,6.1,250,97,408
102,백령도,2024-07-18 07:00,23.7,.1,4.7,250,96,624
102,백령도,2024-07-18 08:00,24.4,,1.9,270,95,601
102,백령도,2024-07-18 09:00,24.2,,.7,200,95,489
102,백령도,2024-07-18 10:00,23.8,,.4,0,96,89
102,백령도,2024-07-18 11:00,23.3,,2.2,180,96,238
102,백령도,2024-07-18 12:00,23.7,0,.9,250,97,179
102,백령도,2024-07-18 13:00,24.6,.1,.6,320,95,413
102,백령도,2024-07-18 14:00,25.6,,2,340,87,3515
102,백령도,2024-07-18 15:00,24.3,,4,290,92,327
102,백령도,2024-07-18 16:00,25.3,,3.1,320,88,945
102,백령도,2024-07-18 17:00,25.2,,2.9,320,89,1007
102,백령도,2024-07-18 18:00,24.5,,3.5,270,90,722
102,백령도,2024-07-18 19:00,24.6,,2.2,250,85,830
102,백령도,2024-07-18 20:00,23.4,,1.2,250,92,440
102,백령도,2024-07-18 21:00,23.3,,1.2,200,94,246
102,백령도,2024-07-18 22:00,22.6,,2.8,230,93,276
102,백령도,2024-07-18 23:00,22.1,,2.1,200,94,248
102,백령도,2024-07-19 00:00,22.3,,2.5,180,95,182
102,백령도,2024-07-19 01:00,22.4,0,1.2,180,97,36
102,백령도,2024-07-19 02:00,21.6,0,1.9,110,97,21
102,백령도,2024-07-19 03:00,22.5,0,4.2,160,97,168
102,백령도,2024-07-19 04:00,22.2,,3.5,140,97,109
102,백령도,2024-07-19 05:00,22.2,,3.2,140,97,31
102,백령도,2024-07-19 06:00,22.1,,3.3,140,97,16
102,백령도,2024-07-19 07:00,22.5,,4.3,160,97,61
102,백령도,2024-07-19 08:00,22.5,,3.1,140,97,324
102,백령도,2024-07-19 09:00,22,,3.8,140,97,26
102,백령도,2024-07-19 10:00,22.5,,4.2,140,97,147
102,백령도,2024-07-19 11:00,23.1,,4.2,140,95,126
102,백령도,2024-07-19 12:00,23.7,,4.2,140,92,349
102,백령도,2024-07-19 13:00,23.9,,4.5,140,93,442
102,백령도,2024-07-19 14:00,24.6,,4,140,89,785
102,백령도,2024-07-19 15:00,24.9,,5.2,160,90,826
102,백령도,2024-07-19 16:00,24.1,,4.6,160,96,180
102,백령도,2024-07-19 17:00,24.1,,4.8,160,96,306
102,백령도,2024-07-19 18:00,24.4,,4,180,93,802
102,백령도,2024-07-19 19:00,24.7,,4,160,83,3154
102,백령도,2024-07-19 20:00,23.6,,2.7,200,90,2502
102,백령도,2024-07-19 21:00,23.4,,3.7,180,92,1710
102,백령도,2024-07-19 22:00,23.8,,4.9,180,92,2204
102,백령도,2024-07-19 23:00,23.5,,5.7,160,94,1611
102,백령도,2024-07-20 00:00,23.3,,3.9,160,93,1821
102,백령도,2024-07-20 01:00,23.3,,4.1,160,94,1695
102,백령도,2024-07-20 02:00,23.2,,4,160,97,944
102,백령도,2024-07-20 03:00,23,,3.9,140,96,1065
102,백령도,2024-07-20 04:00,23,,4.6,160,96,1064
102,백령도,2024-07-20 05:00,23.3,0,4.1,160,95,1193
102,백령도,2024-07-20 06:00,22.8,.2,5.4,140,97,902
102,백령도,2024-07-20 07:00,22.7,.1,5.8,140,96,877
102,백령도,2024-07-20 08:00,22.9,.3,5.7,140,96,892
102,백령도,2024-07-20 09:00,22.8,0,5.8,140,96,650
102,백령도,2024-07-20 10:00,23.5,.1,5.7,160,94,1120
102,백령도,2024-07-20 11:00,23.4,0,4.3,160,94,958
102,백령도,2024-07-20 12:00,23.5,.1,3.7,160,96,682
102,백령도,2024-07-20 13:00,22.9,1.5,4.8,140,97,438
102,백령도,2024-07-20 14:00,22.9,6.8,5.4,140,96,183
102,백령도,2024-07-20 15:00,22.7,8,6.5,140,97,451
102,백령도,2024-07-20 16:00,22.8,0,7.9,140,97,802
102,백령도,2024-07-20 17:00,23.9,5.9,9.8,160,96,436
102,백령도,2024-07-20 18:00,24.8,.8,11,180,92,739
102,백령도,2024-07-20 19:00,24.4,,8.8,200,84,2210
102,백령도,2024-07-20 20:00,23.7,,8.1,200,86,1826
102,백령도,2024-07-20 21:00,23.9,,9.9,200,85,2206
102,백령도,2024-07-20 22:00,23.2,0,10.6,200,87,1584
102,백령도,2024-07-20 23:00,21.8,.4,9.3,230,94,968
102,백령도,2024-07-21 00:00,21.6,0,9,250,94,1332
102,백령도,2024-07-21 01:00,23,,8.6,290,93,1419
102,백령도,2024-07-21 02:00,21.9,0,12.2,290,93,1345
102,백령도,2024-07-21 03:00,21.7,,10.1,290,91,2048
102,백령도,2024-07-21 04:00,21.8,,5.6,290,90,2242
102,백령도,2024-07-21 05:00,21.7,0,4,270,90,2507
102,백령도,2024-07-21 06:00,21.9,.1,2.6,250,90,3313
102,백령도,2024-07-21 07:00,22,0,1.7,160,94,1224
102,백령도,2024-07-21 08:00,22.9,,4.3,200,90,2049
102,백령도,2024-07-21 09:00,24.1,,4.9,200,83,2970
102,백령도,2024-07-21 10:00,26.2,,2,180,78,2895
102,백령도,2024-07-21 11:00,25.8,,3.7,180,81,2615
102,백령도,2024-07-21 12:00,26.2,,3.5,180,81,2749
102,백령도,2024-07-21 13:00,26.7,,3.1,160,81,2950
102,백령도,2024-07-21 14:00,26.8,,3.8,180,79,3014
102,백령도,2024-07-21 15:00,26.3,,4.1,180,79,2888
102,백령도,2024-07-21 16:00,26.4,,4.3,160,82,2982
102,백령도,2024-07-21 17:00,24.7,,4.2,180,91,1397
102,백령도,2024-07-21 18:00,24.5,,4.1,160,93,655
102,백령도,2024-07-21 19:00,23.8,,5.9,180,96,180
102,백령도,2024-07-21 20:00,23.6,,4.5,180,97,61
102,백령도,2024-07-21 21:00,23.5,,3.4,160,97,43
102,백령도,2024-07-21 22:00,23.5,,4.2,160,97,57
102,백령도,2024-07-21 23:00,23.6,,4.1,160,97,42
102,백령도,2024-07-22 00:00,23.3,,3.9,140,97,38
102,백령도,2024-07-22 01:00,23.1,,5.1,160,97,26
102,백령도,2024-07-22 02:00,23.2,,4.6,140,97,25
102,백령도,2024-07-22 03:00,23.5,,3.8,160,97,31
102,백령도,2024-07-22 04:00,23.5,,3.9,160,97,31
102,백령도,2024-07-22 05:00,23.8,2.1,4.4,160,97,128
102,백령도,2024-07-22 06:00,23.4,2.1,3,200,97,79
102,백령도,2024-07-22 07:00,23.6,.2,3.9,160,97,48
102,백령도,2024-07-22 08:00,24.6,0,5.5,160,97,723
102,백령도,2024-07-22 09:00,24.6,,5.4,180,96,803
102,백령도,2024-07-22 10:00,24,,4.3,160,93,1058
102,백령도,2024-07-22 11:00,24.6,,6.9,160,90,2062
102,백령도,2024-07-22 12:00,24.1,2,6.8,200,93,1396
102,백령도,2024-07-22 13:00,24.5,.8,7.6,200,92,958
102,백령도,2024-07-22 14:00,23.8,1.1,4.4,180,95,603
102,백령도,2024-07-22 15:00,23.7,0,4.7,180,96,319
102,백령도,2024-07-22 16:00,24,0,6,180,96,560
102,백령도,2024-07-22 17:00,24,.2,6.4,180,97,195
102,백령도,2024-07-22 18:00,24.1,4.8,8.2,180,97,282
102,백령도,2024-07-22 19:00,24.1,1.2,4.2,270,94,868
102,백령도,2024-07-22 20:00,23.6,,4.2,250,91,1087
102,백령도,2024-07-22 21:00,23.1,,3.5,200,91,1438
102,백령도,2024-07-22 22:00,23.1,,3,200,91,1279
102,백령도,2024-07-22 23:00,23,,5.3,230,92,1390
102,백령도,2024-07-23 00:00,23.3,,4.2,230,93,1780
102,백령도,2024-07-23 01:00,22.8,,6.2,230,94,1291
102,백령도,2024-07-23 02:00,22.8,,5.3,230,94,1557
102,백령도,2024-07-23 03:00,23,,4,250,93,1895
102,백령도,2024-07-23 04:00,21.9,,1.1,160,95,974
102,백령도,2024-07-23 05:00,21.7,,4.1,180,97,409
102,백령도,2024-07-23 06:00,21.8,,3.2,180,97,375
102,백령도,2024-07-23 07:00,22.4,,2.2,180,95,741
102,백령도,2024-07-23 08:00,24.1,,4.9,200,92,1610
102,백령도,2024-07-23 09:00,24.2,,3.4,200,92,1649
102,백령도,2024-07-23 10:00,23.5,,3.5,180,93,1431
102,백령도,2024-07-23 11:00,24.9,,3.7,180,87,1915
102,백령도,2024-07-23 12:00,24.8,,4.8,160,87,1890
102,백령도,2024-07-23 13:00,24.8,,3.6,200,87,1886
102,백령도,2024-07-23 14:00,25.3,,4.1,180,84,2529
102,백령도,2024-07-23 15:00,25.3,,5.5,180,85,3182
102,백령도,2024-07-23 16:00,25.7,,4.2,180,82,2847
102,백령도,2024-07-23 17:00,25.9,,2.8,200,83,2640
102,백령도,2024-07-23 18:00,25.1,,1.9,110,84,2356
102,백령도,2024-07-23 19:00,24.3,,2.7,160,90,1987
102,백령도,2024-07-23 20:00,23.9,,2.8,160,94,1201
102,백령도,2024-07-23 21:00,23.9,,3.3,160,93,1320
102,백령도,2024-07-23 22:00,23.6,,5.5,160,94,1353
102,백령도,2024-07-23 23:00,23.4,,4.5,160,93,1750
102,백령도,2024-07-24 00:00,23.6,,5.4,160,93,1818
102,백령도,2024-07-24 01:00,23.7,,3.6,160,96,310
102,백령도,2024-07-24 02:00,23.7,,1.6,160,97,80
102,백령도,2024-07-24 03:00,23.7,,3,160,97,227
102,백령도,2024-07-24 04:00,23.9,,2.5,200,97,40
102,백령도,2024-07-24 05:00,23.9,.1,3.4,200,97,68
102,백령도,2024-07-24 06:00,23.5,,3.5,200,97,24
102,백령도,2024-07-24 07:00,23.9,,2.8,200,97,265
102,백령도,2024-07-24 08:00,24.1,,2.9,200,97,44
102,백령도,2024-07-24 09:00,24.3,.1,3.8,180,97,70
102,백령도,2024-07-24 10:00,23.4,0,1.3,110,97,51
102,백령도,2024-07-24 11:00,23.7,0,4.2,160,97,83
102,백령도,2024-07-24 12:00,24.2,,3.9,160,97,308
102,백령도,2024-07-24 13:00,24.9,,5.8,180,97,963
102,백령도,2024-07-24 14:00,25.3,,4,180,93,1767
102,백령도,2024-07-24 15:00,25.4,,2.8,180,93,1659
102,백령도,2024-07-24 16:00,25,,4.3,180,94,2020
102,백령도,2024-07-24 17:00,24.5,0,3.7,180,97,500
102,백령도,2024-07-24 18:00,24.5,0,4.7,180,97,650
102,백령도,2024-07-24 19:00,24.4,,3.8,200,97,160
102,백령도,2024-07-24 20:00,24.2,,4.1,200,97,393
102,백령도,2024-07-24 21:00,23.9,,3.5,180,97,362
102,백령도,2024-07-24 22:00,24.2,,3.6,180,97,51
102,백령도,2024-07-24 23:00,24.1,,3.1,200,97,578
102,백령도,2024-07-25 00:00,24.6,,2.8,200,97,439
102,백령도,2024-07-25 01:00,24.8,,3.5,180,97,131
102,백령도,2024-07-25 02:00,24.7,.1,2.6,200,97,78
102,백령도,2024-07-25 03:00,24.1,0,3.5,180,97,87
102,백령도,2024-07-25 04:00,23.7,,2.2,160,97,101
102,백령도,2024-07-25 05:00,23.5,,2.2,200,97,28
102,백령도,2024-07-25 06:00,23.4,,2.2,200,97,31
102,백령도,2024-07-25 07:00,24.1,,4,180,97,81
102,백령도,2024-07-25 08:00,24.8,,4.4,180,97,556
102,백령도,2024-07-25 09:00,24.7,,4,180,97,1580
102,백령도,2024-07-25 10:00,25.4,,4.8,160,94,1867
102,백령도,2024-07-25 11:00,25.5,,4.5,180,93,2104
102,백령도,2024-07-25 12:00,25.3,,5,160,92,1687
102,백령도,2024-07-25 13:00,25.7,,6,160,91,1778
102,백령도,2024-07-25 14:00,25.5,0,4.6,160,91,1517
102,백령도,2024-07-25 15:00,26.2,,4.2,160,88,1906
102,백령도,2024-07-25 16:00,26.5,,4.7,160,86,2221
102,백령도,2024-07-25 17:00,26.2,,3.6,160,88,2227
102,백령도,2024-07-25 18:00,26,,3.4,160,89,2035
102,백령도,2024-07-25 19:00,25.6,,2.7,180,90,1690
102,백령도,2024-07-25 20:00,24.7,,1.8,200,93,1045
102,백령도,2024-07-25 21:00,24.3,,2.4,230,93,1175
102,백령도,2024-07-25 22:00,24.5,,1.6,200,93,1018
102,백령도,2024-07-25 23:00,24.7,,4.4,160,91,1129
102,백령도,2024-07-26 00:00,24.7,,4.4,160,92,1010
102,백령도,2024-07-26 01:00,24.9,,4.4,140,92,1217
102,백령도,2024-07-26 02:00,24.9,,3.4,140,92,1525
102,백령도,2024-07-26 03:00,25.1,,4,140,89,2402
102,백령도,2024-07-26 04:00,24.8,,3.5,140,93,1705
102,백령도,2024-07-26 05:00,24.8,,4.5,140,94,1596
102,백령도,2024-07-26 06:00,24.5,,4.4,140,95,1485
102,백령도,2024-07-26 07:00,24.9,,4.9,140,93,1987
102,백령도,2024-07-26 08:00,25.4,,6.3,140,89,2266
102,백령도,2024-07-26 09:00,25.9,,6.1,140,85,2511
102,백령도,2024-07-26 10:00,25.6,,6.3,140,85,2237
102,백령도,2024-07-26 11:00,25.2,0,6.3,140,89,1041
102,백령도,2024-07-26 12:00,24.3,1.1,2.8,160,93,325
102,백령도,2024-07-26 13:00,24.5,4.2,4.5,160,94,367
102,백령도,2024-07-26 14:00,24.9,.3,5.7,160,90,1104
102,백령도,2024-07-26 15:00,25.6,0,7.1,160,89,1640
102,백령도,2024-07-26 16:00,25.6,0,8.9,160,91,1683
102,백령도,2024-07-26 17:00,25.7,,8.7,160,91,1546
102,백령도,2024-07-26 18:00,25.9,,7,160,89,1961
102,백령도,2024-07-26 19:00,25.4,,7.9,160,89,1996
102,백령도,2024-07-26 20:00,25.3,,7.1,160,91,1710
102,백령도,2024-07-26 21:00,25.4,,7.9,160,92,1615
102,백령도,2024-07-26 22:00,25.4,,7.7,160,92,1630
102,백령도,2024-07-26 23:00,25.4,,8.9,160,92,1601
102,백령도,2024-07-27 00:00,25.5,,7.9,160,92,1574
102,백령도,2024-07-27 01:00,25.4,,6.4,160,92,1652
102,백령도,2024-07-27 02:00,25.1,,5.9,160,93,1563
102,백령도,2024-07-27 03:00,25.3,,7,160,92,1865
102,백령도,2024-07-27 04:00,25.2,,7.4,160,93,1734
102,백령도,2024-07-27 05:00,25.2,.1,6.4,160,93,1423
102,백령도,2024-07-27 06:00,25.2,0,6.7,160,94,1549
102,백령도,2024-07-27 07:00,25.1,,7.1,160,93,1590
102,백령도,2024-07-27 08:00,25.5,,7.5,160,92,1923
102,백령도,2024-07-27 09:00,26.1,,5.5,160,90,2269
102,백령도,2024-07-27 10:00,25.4,,5.8,160,91,1898
102,백령도,2024-07-27 11:00,25.7,.1,7.4,160,92,1831
102,백령도,2024-07-27 12:00,26,,8.5,160,89,2332
102,백령도,2024-07-27 13:00,26.4,,8.5,160,86,2303
102,백령도,2024-07-27 14:00,26.1,,8,160,90,1779
102,백령도,2024-07-27 15:00,26.7,0,7.5,160,88,1823
102,백령도,2024-07-27 16:00,27.1,,7,160,86,1886
102,백령도,2024-07-27 17:00,26.7,,7.4,160,88,1795
102,백령도,2024-07-27 18:00,26.4,,7.9,160,89,1456
102,백령도,2024-07-27 19:00,25.9,,7.6,160,90,1169
102,백령도,2024-07-27 20:00,26.1,,7.9,160,91,1079
102,백령도,2024-07-27 21:00,25.8,,7.5,160,92,917
102,백령도,2024-07-27 22:00,26,,7.7,160,92,921
102,백령도,2024-07-27 23:00,25.9,,8.7,160,92,956
102,백령도,2024-07-28 00:00,25.9,,8.8,160,91,938
102,백령도,2024-07-28 01:00,25.9,,9.5,160,91,974
102,백령도,2024-07-28 02:00,25.6,0,8.1,160,93,888
102,백령도,2024-07-28 03:00,25.5,,8.4,160,92,924
102,백령도,2024-07-28 04:00,25.7,,9.4,160,92,1050
102,백령도,2024-07-28 05:00,25.4,,8.8,160,92,955
102,백령도,2024-07-28 06:00,25.5,,8.8,160,92,1024
102,백령도,2024-07-28 07:00,26.3,,11.1,180,89,1373
102,백령도,2024-07-28 08:00,25.9,,9.8,180,90,1259
102,백령도,2024-07-28 09:00,26.1,,10.4,180,89,1388
102,백령도,2024-07-28 10:00,26.3,,9.5,180,88,1405
102,백령도,2024-07-28 11:00,26.2,,7.3,180,89,1302
102,백령도,2024-07-28 12:00,27.1,,8.9,180,85,1576
102,백령도,2024-07-28 13:00,26.9,,9.3,200,86,1593
102,백령도,2024-07-28 14:00,27.1,,9.6,200,86,1571
102,백령도,2024-07-28 15:00,27,,8.6,200,86,1416
102,백령도,2024-07-28 16:00,26.8,,8.3,200,86,1540
102,백령도,2024-07-28 17:00,26.3,,7.6,200,89,1274
102,백령도,2024-07-28 18:00,26,,8,200,90,1162
102,백령도,2024-07-28 19:00,26,,6.7,200,90,1274
102,백령도,2024-07-28 20:00,25.8,,6.4,200,91,1179
102,백령도,2024-07-28 21:00,25.8,,7.5,200,91,1174
102,백령도,2024-07-28 22:00,25.7,,5.7,200,92,1238
102,백령도,2024-07-28 23:00,25.5,,5.5,200,93,1172
102,백령도,2024-07-29 00:00,25.3,,6.1,230,94,1005
102,백령도,2024-07-29 01:00,25.3,,6,230,93,1094
102,백령도,2024-07-29 02:00,25.2,,7.6,230,94,1186
102,백령도,2024-07-29 03:00,25.1,,7.2,230,92,1386
102,백령도,2024-07-29 04:00,25.1,,6.7,230,92,1441
102,백령도,2024-07-29 05:00,25,,6.3,230,93,1301
102,백령도,2024-07-29 06:00,24.7,,6.7,230,93,1212
102,백령도,2024-07-29 07:00,24.7,,7.7,230,93,1203
102,백령도,2024-07-29 08:00,25,,8.3,230,92,1401
102,백령도,2024-07-29 09:00,25.6,,6.8,230,89,1689
102,백령도,2024-07-29 10:00,25,,5.9,230,91,1425
102,백령도,2024-07-29 11:00,25.7,,6.6,230,88,1591
102,백령도,2024-07-29 12:00,25.4,,5.9,230,90,1463
102,백령도,2024-07-29 13:00,25.2,,5.5,230,91,1332
102,백령도,2024-07-29 14:00,25.7,,4.4,230,88,1393
102,백령도,2024-07-29 15:00,25.7,,3.4,230,88,1607
102,백령도,2024-07-29 16:00,26.5,,2.4,230,86,1737
102,백령도,2024-07-29 17:00,25.3,,3.1,200,91,1180
102,백령도,2024-07-29 18:00,24.9,,2.5,250,92,1013
102,백령도,2024-07-29 19:00,24.4,,2.1,250,95,490
102,백령도,2024-07-29 20:00,24,,2.2,230,97,88
102,백령도,2024-07-29 21:00,23.9,,3.3,200,97,40
102,백령도,2024-07-29 22:00,23.9,,3.1,230,97,63
102,백령도,2024-07-29 23:00,24,,3.9,200,97,52
102,백령도,2024-07-30 00:00,24.1,,1.5,270,97,80
102,백령도,2024-07-30 01:00,24.3,,.8,290,97,234
102,백령도,2024-07-30 02:00,24.3,,1.1,180,97,160
102,백령도,2024-07-30 03:00,24,,3.6,200,97,41
102,백령도,2024-07-30 04:00,23.9,,1.2,230,97,37
102,백령도,2024-07-30 05:00,23.9,,1,180,97,24
102,백령도,2024-07-30 06:00,23.7,,.8,160,97,2
102,백령도,2024-07-30 07:00,23.8,,1.9,180,97,6
102,백령도,2024-07-30 08:00,24,.1,1.4,160,97,6
102,백령도,2024-07-30 09:00,24.3,0,1.9,140,97,53
102,백령도,2024-07-30 10:00,24.4,,2.5,180,97,141
102,백령도,2024-07-30 11:00,25.2,,2.2,180,97,733
102,백령도,2024-07-30 12:00,25.5,,3,160,93,940
102,백령도,2024-07-30 13:00,25.8,,3.2,160,91,790
102,백령도,2024-07-30 14:00,26,,3.5,180,91,715
102,백령도,2024-07-30 15:00,26.4,,4.5,180,89,1106
102,백령도,2024-07-30 16:00,26.3,,5.7,180,89,1780
102,백령도,2024-07-30 17:00,25.8,,4.4,180,91,1174
102,백령도,2024-07-30 18:00,25.6,,4.7,180,93,793
102,백령도,2024-07-30 19:00,24.8,,5,200,96,119
102,백령도,2024-07-30 20:00,24.4,,3.5,160,97,65
102,백령도,2024-07-30 21:00,24.3,,4.2,160,97,34
102,백령도,2024-07-30 22:00,24.2,,4.3,180,97,47
102,백령도,2024-07-30 23:00,24.2,,3.8,160,97,36
102,백령도,2024-07-31 00:00,24.1,,5.4,180,97,51
102,백령도,2024-07-31 01:00,24,,4.6,180,97,30
102,백령도,2024-07-31 02:00,24.1,.1,4.2,180,97,24
102,백령도,2024-07-31 03:00,24.1,0,4.3,180,97,28
102,백령도,2024-07-31 04:00,24,,3.8,200,97,90
102,백령도,2024-07-31 05:00,24.5,,4.5,160,97,663
102,백령도,2024-07-31 06:00,24.5,,2.3,160,95,934
102,백령도,2024-07-31 07:00,25,,4.9,160,94,1509
102,백령도,2024-07-31 08:00,25,,5.5,160,95,1691
102,백령도,2024-07-31 09:00,25.3,,5.7,160,94,1950
102,백령도,2024-07-31 10:00,25.5,,5.9,160,94,2292
102,백령도,2024-07-31 11:00,26.1,,4.8,160,92,2659
102,백령도,2024-07-31 12:00,26.8,,7.7,160,89,2829
102,백령도,2024-07-31 13:00,26.5,,7.4,160,90,2374
102,백령도,2024-07-31 14:00,26.5,,6.4,160,91,2230
102,백령도,2024-07-31 15:00,26.5,,6.9,160,90,2257
102,백령도,2024-07-31 16:00,26.4,,7,160,90,2357
102,백령도,2024-07-31 17:00,26.2,,7.3,180,92,1974
102,백령도,2024-07-31 18:00,25.9,,6.7,180,93,1777
102,백령도,2024-07-31 19:00,25.6,,6.1,160,94,965
102,백령도,2024-07-31 20:00,25.6,,5.6,160,94,1251
102,백령도,2024-07-31 21:00,25.7,,5.8,160,93,1250
102,백령도,2024-07-31 22:00,25.5,,6.7,160,94,1120
102,백령도,2024-07-31 23:00,25.6,,4.5,180,93,893
102,백령도,2024-08-01 00:00,25.7,,3.6,180,93,962
102,백령도,2024-08-01 01:00,25.7,,4,180,93,966
102,백령도,2024-08-01 02:00,25.5,,3.6,180,92,1272
102,백령도,2024-08-01 03:00,25.4,,3.2,180,93,1024
102,백령도,2024-08-01 04:00,25.4,,4.8,180,93,926
102,백령도,2024-08-01 05:00,25.4,,4.3,180,93,977
102,백령도,2024-08-01 06:00,25.5,,4,180,93,929
102,백령도,2024-08-01 07:00,25.6,,5.3,180,94,993
102,백령도,2024-08-01 08:00,25.7,,6.2,160,94,955
102,백령도,2024-08-01 09:00,26.3,,5.9,180,93,1200
102,백령도,2024-08-01 10:00,26.4,,6.2,160,91,1387
102,백령도,2024-08-01 11:00,26.9,,6.2,160,89,1538
102,백령도,2024-08-01 12:00,26.9,,5.7,180,89,1520
102,백령도,2024-08-01 13:00,27.3,,5.3,180,89,1689
102,백령도,2024-08-01 14:00,27.9,,6.4,180,85,1814
102,백령도,2024-08-01 15:00,27.8,,6.5,180,85,2037
102,백령도,2024-08-01 16:00,27.8,,5.3,180,86,1994
102,백령도,2024-08-01 17:00,26.9,,5.7,180,89,1551
102,백령도,2024-08-01 18:00,26.8,,4.2,200,91,1231
102,백령도,2024-08-01 19:00,26.3,,3,200,93,890
102,백령도,2024-08-01 20:00,26,,4.3,200,95,598
102,백령도,2024-08-01 21:00,26,0,3.5,200,95,525
102,백령도,2024-08-01 22:00,26,.2,4.2,230,95,661
102,백령도,2024-08-01 23:00,25.8,.1,.8,160,94,748
102,백령도,2024-08-02 00:00,25.1,7.4,.8,90,96,171
102,백령도,2024-08-02 01:00,24.6,2.1,2.2,110,97,26
102,백령도,2024-08-02 02:00,25.3,0,3.2,160,97,44
102,백령도,2024-08-02 03:00,25.1,1.8,3.2,160,97,35
102,백령도,2024-08-02 04:00,25.3,.3,4.1,160,97,31
102,백령도,2024-08-02 05:00,25.4,.6,3,160,97,213
102,백령도,2024-08-02 06:00,25.4,.5,3.7,160,97,181
102,백령도,2024-08-02 07:00,25.4,,4.7,180,97,105
102,백령도,2024-08-02 08:00,25.6,.1,3.8,200,97,186
102,백령도,2024-08-02 09:00,25.8,0,4.6,200,97,248
102,백령도,2024-08-02 10:00,26.3,0,5,230,92,1425
102,백령도,2024-08-02 11:00,26.7,0,3.5,230,91,1179
102,백령도,2024-08-02 12:00,28.1,0,2.5,200,84,2120
102,백령도,2024-08-02 13:00,27.8,,.6,320,86,2104
102,백령도,2024-08-02 14:00,27.2,,2.8,230,87,1201
102,백령도,2024-08-02 15:00,28,,.4,0,86,926
102,백령도,2024-08-02 16:00,27.2,,2.9,180,88,752
102,백령도,2024-08-02 17:00,28.6,,1.3,270,82,1386
102,백령도,2024-08-02 18:00,27.8,,1,20,84,1145
102,백령도,2024-08-02 19:00,27.1,,.9,160,89,1021
102,백령도,2024-08-02 20:00,25.8,,1.3,200,94,293
102,백령도,2024-08-02 21:00,25.4,,1.1,160,96,136
102,백령도,2024-08-02 22:00,25.3,,.9,200,96,77
102,백령도,2024-08-02 23:00,25.3,,0,0,97,86
102,백령도,2024-08-03 00:00,25.3,,.3,0,97,128
102,백령도,2024-08-03 01:00,24.6,,1,140,97,91
102,백령도,2024-08-03 02:00,24.2,,1,110,97,58
102,백령도,2024-08-03 03:00,24.5,,.5,160,97,22
102,백령도,2024-08-03 04:00,24.1,,1,110,97,13
102,백령도,2024-08-03 05:00,24.4,,1.1,160,97,30
102,백령도,2024-08-03 06:00,24.4,,.5,200,97,21
102,백령도,2024-08-03 07:00,24.8,,.6,160,97,57
102,백령도,2024-08-03 08:00,25.9,,.8,20,97,401
102,백령도,2024-08-03 09:00,26.3,,1.6,90,96,876
102,백령도,2024-08-03 10:00,26.5,,2.1,110,91,849
102,백령도,2024-08-03 11:00,27.3,,2.2,140,88,1167
102,백령도,2024-08-03 12:00,28.3,,2.2,200,81,2710
102,백령도,2024-08-03 13:00,29.2,,3,200,77,4297
102,백령도,2024-08-03 14:00,29.6,,2.9,200,79,3727
102,백령도,2024-08-03 15:00,29.8,,1.8,200,76,3478
102,백령도,2024-08-03 16:00,30,,1,230,76,4362
102,백령도,2024-08-03 17:00,29,,1.2,70,76,4255
102,백령도,2024-08-03 18:00,28.3,,1,70,79,3576
102,백령도,2024-08-03 19:00,28,,.1,0,82,4224
102,백령도,2024-08-03 20:00,26.9,,0,0,87,3630
102,백령도,2024-08-03 21:00,25.9,,0,0,91,1559
102,백령도,2024-08-03 22:00,25.5,,0,0,94,780
102,백령도,2024-08-03 23:00,25,,1.5,110,95,674
102,백령도,2024-08-04 00:00,25.2,,.3,0,95,643
102,백령도,2024-08-04 01:00,25.5,,0,0,96,234
102,백령도,2024-08-04 02:00,25.4,,.7,270,95,1297
102,백령도,2024-08-04 03:00,24.5,,.2,0,97,276
102,백령도,2024-08-04 04:00,23.9,,1.9,90,97,21
102,백령도,2024-08-04 05:00,23.8,,1.5,110,97,216
102,백령도,2024-08-04 06:00,24.5,,.6,160,97,22
102,백령도,2024-08-04 07:00,25.1,,1.1,160,97,11
102,백령도,2024-08-04 08:00,25.2,,.4,0,97,11
102,백령도,2024-08-04 09:00,26.9,,3,110,93,2432
102,백령도,2024-08-04 10:00,28.2,,2.4,140,84,3663
102,백령도,2024-08-04 11:00,28.4,,3.6,140,81,3847
102,백령도,2024-08-04 12:00,28.9,,3.6,160,79,4577
102,백령도,2024-08-04 13:00,29.2,,4,160,78,4557
102,백령도,2024-08-04 14:00,28.6,,5.3,180,76,4283
102,백령도,2024-08-04 15:00,28.9,,4.6,160,79,4480
102,백령도,2024-08-04 16:00,28.5,,4.4,180,81,4038
102,백령도,2024-08-04 17:00,28.2,,5,160,79,3950
102,백령도,2024-08-04 18:00,27.5,,4.8,160,83,4612
102,백령도,2024-08-04 19:00,26.9,,5.5,160,87,3552
102,백령도,2024-08-04 20:00,26.9,,4.6,160,89,2867
102,백령도,2024-08-04 21:00,26.8,,4.3,160,91,1704
102,백령도,2024-08-04 22:00,26.6,,3.9,180,93,1245
102,백령도,2024-08-04 23:00,26.3,,2.5,180,95,664
102,백령도,2024-08-05 00:00,27,,1.9,180,94,614
102,백령도,2024-08-05 01:00,25.8,4.2,4.3,200,96,160
102,백령도,2024-08-05 02:00,25.8,10.1,2.6,180,93,881
102,백령도,2024-08-05 03:00,26.1,,2.3,160,95,171
102,백령도,2024-08-05 04:00,25.5,,2.8,140,96,213
102,백령도,2024-08-05 05:00,26.4,,7.2,160,95,307
102,백령도,2024-08-05 06:00,25.9,,6.2,160,94,453
102,백령도,2024-08-05 07:00,26.8,,4.2,160,95,498
102,백령도,2024-08-05 08:00,26,,4.4,140,95,463
102,백령도,2024-08-05 09:00,26.5,,6,160,93,847
102,백령도,2024-08-05 10:00,26.9,,4.1,140,94,676
102,백령도,2024-08-05 11:00,26.9,,5.2,160,93,693
102,백령도,2024-08-05 12:00,28.3,,5.9,160,90,1405
102,백령도,2024-08-05 13:00,28.6,,6,160,88,1615
102,백령도,2024-08-05 14:00,28.6,,6.4,160,89,1528
102,백령도,2024-08-05 15:00,28.7,,4.7,180,88,1498
102,백령도,2024-08-05 16:00,28.2,,6.9,230,88,1978
102,백령도,2024-08-05 17:00,24.6,0,.8,70,83,2099
102,백령도,2024-08-05 18:00,25.8,,1.1,200,82,4050
102,백령도,2024-08-05 19:00,25,,3.5,180,78,3076
102,백령도,2024-08-05 20:00,24.2,,3.1,140,88,2687
102,백령도,2024-08-05 21:00,25.4,,5.1,160,78,4395
102,백령도,2024-08-05 22:00,25.4,,3.3,140,87,3112
102,백령도,2024-08-05 23:00,25.6,,3.7,140,88,3373
102,백령도,2024-08-06 00:00,25.3,,2.4,110,91,2425
102,백령도,2024-08-06 01:00,25.4,,2.1,110,96,825
102,백령도,2024-08-06 02:00,26,,2.3,140,97,28
102,백령도,2024-08-06 03:00,25.5,,2.7,180,97,21
102,백령도,2024-08-06 04:00,25.6,,1.4,180,97,31
102,백령도,2024-08-06 05:00,25.4,,2.1,200,97,30
102,백령도,2024-08-06 06:00,25.2,,2.5,200,97,463
102,백령도,2024-08-06 07:00,26.4,,4.4,200,88,2961
102,백령도,2024-08-06 08:00,27.1,,4,230,84,3386
102,백령도,2024-08-06 09:00,27.7,,3.9,230,78,3481
102,백령도,2024-08-06 10:00,27.8,,2.9,230,79,3473
102,백령도,2024-08-06 11:00,28.5,,4.8,230,77,3872
102,백령도,2024-08-06 12:00,28.4,,4.1,200,79,3223
102,백령도,2024-08-06 13:00,29.4,,3.6,180,76,3345
102,백령도,2024-08-06 14:00,29.4,,3.9,200,72,3690
102,백령도,2024-08-06 15:00,29.3,,3.8,200,73,3302
102,백령도,2024-08-06 16:00,29.5,,3.4,200,73,3668
102,백령도,2024-08-06 17:00,28.8,,2.3,200,77,3800
102,백령도,2024-08-06 18:00,27.2,,1.8,340,82,3873
102,백령도,2024-08-06 19:00,26.4,,.7,340,88,2482
102,백령도,2024-08-06 20:00,25.5,,1.2,110,92,1487
102,백령도,2024-08-06 21:00,25.7,,.1,0,91,1594
102,백령도,2024-08-06 22:00,25.3,,1,140,96,729
102,백령도,2024-08-06 23:00,25.4,,.9,160,96,548
102,백령도,2024-08-07 00:00,25.9,,1.5,200,94,553
102,백령도,2024-08-07 01:00,26.1,,1.2,200,95,684
102,백령도,2024-08-07 02:00,25.9,0,.2,0,96,620
102,백령도,2024-08-07 03:00,25.7,.1,1.5,320,96,597
102,백령도,2024-08-07 04:00,24.6,.2,1.8,340,96,833
102,백령도,2024-08-07 05:00,23.9,.1,.2,0,95,1732
102,백령도,2024-08-07 06:00,23.8,,1.1,110,96,957
102,백령도,2024-08-07 07:00,24.1,,1.7,90,94,1952
102,백령도,2024-08-07 08:00,25.6,,2.2,110,91,2960
102,백령도,2024-08-07 09:00,26.2,,1.9,110,90,3124
102,백령도,2024-08-07 10:00,27.5,,2,90,87,2424
102,백령도,2024-08-07 11:00,27.7,,2.7,160,82,3863
102,백령도,2024-08-07 12:00,27.6,,3.4,180,78,3836
102,백령도,2024-08-07 13:00,28.5,,2.5,180,75,4153
102,백령도,2024-08-07 14:00,28.1,,3,180,77,3999
102,백령도,2024-08-07 15:00,28.6,,2.3,200,73,4175
102,백령도,2024-08-07 16:00,28.5,,3.1,180,74,4448
102,백령도,2024-08-07 17:00,28,,1.9,180,78,4516
102,백령도,2024-08-07 18:00,27.1,,1.7,200,81,4684
102,백령도,2024-08-07 19:00,26.8,,.2,0,85,4022
102,백령도,2024-08-07 20:00,25.8,,.4,0,89,3105
102,백령도,2024-08-07 21:00,25.7,,0,0,90,3050
102,백령도,2024-08-07 22:00,25,,.4,0,93,1232
102,백령도,2024-08-07 23:00,24.7,,.2,0,95,1154
102,백령도,2024-08-08 00:00,24.9,,.5,200,94,1180
102,백령도,2024-08-08 01:00,25,,.9,200,96,671
102,백령도,2024-08-08 02:00,24.9,,.7,180,96,670
102,백령도,2024-08-08 03:00,24.9,,0,0,96,790
102,백령도,2024-08-08 04:00,24,,0,0,97,213
102,백령도,2024-08-08 05:00,24.3,,1.7,90,97,381
102,백령도,2024-08-08 06:00,24.4,,.9,70,97,493
102,백령도,2024-08-08 07:00,25,,1.1,90,96,475
102,백령도,2024-08-08 08:00,24.9,,1,90,96,552
102,백령도,2024-08-08 09:00,25.5,,.9,140,95,610
102,백령도,2024-08-08 10:00,26.5,,.7,90,93,847
102,백령도,2024-08-08 11:00,27.4,,1.7,200,84,1793
102,백령도,2024-08-08 12:00,27,0,1.5,200,84,1612
102,백령도,2024-08-08 13:00,28.1,0,1.1,20,80,2337
102,백령도,2024-08-08 14:00,27.6,,1.5,340,81,3068
102,백령도,2024-08-08 15:00,28.9,,2.3,290,80,2216
102,백령도,2024-08-08 16:00,28.5,,2.8,290,77,2518
102,백령도,2024-08-08 17:00,28.6,,2.1,320,74,2868
102,백령도,2024-08-08 18:00,27.4,,2.8,320,83,2538
102,백령도,2024-08-08 19:00,26.9,,1.2,290,83,2236
102,백령도,2024-08-08 20:00,25,,1.7,320,93,1029
102,백령도,2024-08-08 21:00,24.6,,1.5,320,92,1479
102,백령도,2024-08-08 22:00,24.4,,1.8,360,91,1574
102,백령도,2024-08-08 23:00,24.4,,.5,270,92,1319
102,백령도,2024-08-09 00:00,24.4,,.7,90,92,1017
102,백령도,2024-08-09 01:00,23.7,,.3,0,94,1111
102,백령도,2024-08-09 02:00,23.3,,.8,290,96,656
102,백령도,2024-08-09 03:00,23.8,,0,0,93,1319
102,백령도,2024-08-09 04:00,23.1,,1.9,290,95,675
102,백령도,2024-08-09 05:00,23.5,,1.2,320,94,1059
102,백령도,2024-08-09 06:00,23.3,,0,0,94,985
102,백령도,2024-08-09 07:00,24.2,,.9,340,92,1207
102,백령도,2024-08-09 08:00,25.9,,1.2,90,86,1693
102,백령도,2024-08-09 09:00,26.3,,1.9,70,86,1852
102,백령도,2024-08-09 10:00,27.8,,1.3,110,75,2961
102,백령도,2024-08-09 11:00,28.1,,1.8,90,73,3710
102,백령도,2024-08-09 12:00,29.1,,2.1,50,69,4049
102,백령도,2024-08-09 13:00,28.4,,1.8,20,69,3327
102,백령도,2024-08-09 14:00,28.8,,2.6,290,69,4046
102,백령도,2024-08-09 15:00,28.9,,1.4,340,64,4088
102,백령도,2024-08-09 16:00,29.6,,.7,200,64,4536
102,백령도,2024-08-09 17:00,28.4,,1.8,320,67,4230
102,백령도,2024-08-09 18:00,26.2,,2.4,320,76,4209
102,백령도,2024-08-09 19:00,25.4,,1.5,290,80,4017
102,백령도,2024-08-09 20:00,25,,1.1,250,80,3285
102,백령도,2024-08-09 21:00,24.1,,1,270,85,2475
102,백령도,2024-08-09 22:00,24.6,,1.3,110,85,2433
102,백령도,2024-08-09 23:00,24.4,,.9,110,88,1437
102,백령도,2024-08-10 00:00,24.1,,1.8,90,90,1352
102,백령도,2024-08-10 01:00,23.8,,2.3,110,93,1169
102,백령도,2024-08-10 02:00,24.3,,1,160,87,2108
102,백령도,2024-08-10 03:00,23.3,,1.2,180,94,443
102,백령도,2024-08-10 04:00,24.4,,1.5,140,92,221
102,백령도,2024-08-10 05:00,24.5,,3.1,140,93,834
102,백령도,2024-08-10 06:00,24.8,,2.4,140,93,877
102,백령도,2024-08-10 07:00,25.4,,3.5,140,92,1160
102,백령도,2024-08-10 08:00,26,,4.2,140,89,1618
102,백령도,2024-08-10 09:00,26.4,,4.9,140,86,2490
102,백령도,2024-08-10 10:00,26.3,,4.7,140,83,2642
102,백령도,2024-08-10 11:00,26.6,,5.8,140,80,3551
102,백령도,2024-08-10 12:00,27,,6,140,72,3494
102,백령도,2024-08-10 13:00,27.6,,5.4,140,75,2428
102,백령도,2024-08-10 14:00,28,,4.9,140,79,1556
102,백령도,2024-08-10 15:00,28.5,,4.5,140,80,1489
102,백령도,2024-08-10 16:00,27.7,,4.5,140,84,1041
102,백령도,2024-08-10 17:00,26.9,,4.3,140,89,872
102,백령도,2024-08-10 18:00,26.9,,4.3,160,90,1099
102,백령도,2024-08-10 19:00,26.8,,4.4,160,91,1053
102,백령도,2024-08-10 20:00,26.6,,4.3,160,93,829
102,백령도,2024-08-10 21:00,26.5,,4.7,160,95,620
102,백령도,2024-08-10 22:00,26.8,,5.2,160,94,751
102,백령도,2024-08-10 23:00,27.4,,8.3,160,93,925
102,백령도,2024-08-11 00:00,27.4,,7,160,90,1203
102,백령도,2024-08-11 01:00,27.2,,6.8,160,92,919
102,백령도,2024-08-11 02:00,27.2,,6.5,160,94,665
102,백령도,2024-08-11 03:00,27,.1,6.9,160,94,677
102,백령도,2024-08-11 04:00,27.2,.1,6.9,160,92,798
102,백령도,2024-08-11 05:00,27.2,0,7.1,160,90,954
102,백령도,2024-08-11 06:00,26.7,,4.7,180,91,837
102,백령도,2024-08-11 07:00,27.1,,5.6,180,89,955
102,백령도,2024-08-11 08:00,27.6,,5.9,180,88,1001
102,백령도,2024-08-11 09:00,27.5,0,4.3,180,88,1012
102,백령도,2024-08-11 10:00,28.1,,5.9,180,86,1312
102,백령도,2024-08-11 11:00,28.8,,8,160,83,1510
102,백령도,2024-08-11 12:00,28.5,,8,160,87,1261
102,백령도,2024-08-11 13:00,27.9,,7.5,180,89,1130
102,백령도,2024-08-11 14:00,27.6,,4.5,160,92,838
102,백령도,2024-08-11 15:00,27.2,0,5.5,180,94,471
102,백령도,2024-08-11 16:00,26.1,12,7.4,160,85,724
102,백령도,2024-08-11 17:00,26.7,.3,5.3,160,91,646
102,백령도,2024-08-11 18:00,26.6,0,4.6,140,94,539
102,백령도,2024-08-11 19:00,26.6,0,5,140,94,616
102,백령도,2024-08-11 20:00,26.5,0,4.3,160,95,433
102,백령도,2024-08-11 21:00,26.9,0,6.2,160,93,723
102,백령도,2024-08-11 22:00,27.4,,7.4,180,90,1047
102,백령도,2024-08-11 23:00,27.3,,6.2,180,91,1008
102,백령도,2024-08-12 00:00,27.2,,5.4,180,90,1162
102,백령도,2024-08-12 01:00,27.2,,5.2,180,91,1065
102,백령도,2024-08-12 02:00,27.2,,5.2,180,91,1049
102,백령도,2024-08-12 03:00,27.5,,5.8,180,91,1138
102,백령도,2024-08-12 04:00,27.4,,5.2,180,91,1133
102,백령도,2024-08-12 05:00,27.2,,5,180,91,977
102,백령도,2024-08-12 06:00,27.4,,5,180,90,1221
102,백령도,2024-08-12 07:00,27.3,,5.8,160,91,1114
102,백령도,2024-08-12 08:00,27.5,0,5.8,160,92,1223
102,백령도,2024-08-12 09:00,27.8,,5.5,160,90,1372
102,백령도,2024-08-12 10:00,28.4,,4.5,180,85,1675
102,백령도,2024-08-12 11:00,28.9,,6.1,160,84,2066
102,백령도,2024-08-12 12:00,29.3,,5.8,160,84,2089
102,백령도,2024-08-12 13:00,28.6,,5.8,160,88,2166
102,백령도,2024-08-12 14:00,28.6,,5.3,160,86,2158
102,백령도,2024-08-12 15:00,28.2,0,4.9,180,89,1664
102,백령도,2024-08-12 16:00,28.1,,3.1,160,86,1898
102,백령도,2024-08-12 17:00,27.2,0,3.1,160,92,1131
102,백령도,2024-08-12 18:00,27.4,0,5.1,160,92,1138
102,백령도,2024-08-12 19:00,27.4,,4.7,160,93,1141
102,백령도,2024-08-12 20:00,27.3,,3.4,160,93,1040
102,백령도,2024-08-12 21:00,26.7,,1.9,180,95,657
102,백령도,2024-08-12 22:00,26.3,,1.2,180,96,295
102,백령도,2024-08-12 23:00,26.4,,1.7,180,96,287
102,백령도,2024-08-13 00:00,26.6,,1.1,140,95,611
102,백령도,2024-08-13 01:00,26.2,,1.3,140,97,264
102,백령도,2024-08-13 02:00,26.2,,1.5,110,97,101
102,백령도,2024-08-13 03:00,26.3,,1.8,110,97,190
102,백령도,2024-08-13 04:00,26.3,,1.1,140,97,261
102,백령도,2024-08-13 05:00,26.4,,2.4,140,97,185
102,백령도,2024-08-13 06:00,26.3,,3.2,160,96,215
102,백령도,2024-08-13 07:00,26.2,,2.3,140,97,227
102,백령도,2024-08-13 08:00,26.3,,3,160,97,149
102,백령도,2024-08-13 09:00,26.5,,2.8,160,97,430
102,백령도,2024-08-13 10:00,27.3,,1.8,140,95,850
102,백령도,2024-08-13 11:00,27.6,,1.4,180,92,878
102,백령도,2024-08-13 12:00,29.3,,3.1,180,84,2289
102,백령도,2024-08-13 13:00,29.5,,3.3,180,80,2516
102,백령도,2024-08-13 14:00,29.6,,2,180,79,3415
102,백령도,2024-08-13 15:00,28.5,,1.6,360,84,2360
102,백령도,2024-08-13 16:00,29.1,,.9,360,80,2358
102,백령도,2024-08-13 17:00,29.5,,2,200,80,2327
102,백령도,2024-08-13 18:00,29.2,,.4,0,81,2705
102,백령도,2024-08-13 19:00,27.9,,1,320,88,1752
102,백령도,2024-08-13 20:00,27,,.6,270,93,1185
102,백령도,2024-08-13 21:00,26.2,,1,340,96,225
102,백령도,2024-08-13 22:00,26.1,,.1,0,97,16
102,백령도,2024-08-13 23:00,26,,.6,340,97,80
102,백령도,2024-08-14 00:00,26,,1.9,320,97,169
102,백령도,2024-08-14 01:00,25.9,,1.9,360,97,426
102,백령도,2024-08-14 02:00,26,,1.8,340,97,535
102,백령도,2024-08-14 03:00,25.7,,1.7,320,96,667
102,백령도,2024-08-14 04:00,25.2,,1,340,96,610
102,백령도,2024-08-14 05:00,25.1,,.8,90,96,471
102,백령도,2024-08-14 06:00,25.2,,0,0,96,812
102,백령도,2024-08-14 07:00,25.7,,.5,320,93,1015
102,백령도,2024-08-14 08:00,27.3,,.8,290,87,2033
102,백령도,2024-08-14 09:00,28.8,,1.2,90,68,3760
102,백령도,2024-08-14 10:00,29.6,,1.7,340,70,3366
102,백령도,2024-08-14 11:00,30.4,,1.7,90,64,3411
102,백령도,2024-08-14 12:00,30.3,,2.4,290,68,3494
102,백령도,2024-08-14 13:00,28.9,,3,320,74,3450
102,백령도,2024-08-14 14:00,28.1,,5.3,320,78,3208
102,백령도,2024-08-14 15:00,27.9,,4.5,320,80,2897
102,백령도,2024-08-14 16:00,28.5,,3.3,340,79,2388
102,백령도,2024-08-14 17:00,27.8,,5.2,340,84,2295
102,백령도,2024-08-14 18:00,28.1,,2.4,320,80,2644
102,백령도,2024-08-14 19:00,26.7,,1.9,340,84,2213
102,백령도,2024-08-14 20:00,25.8,,3.1,340,86,2034
102,백령도,2024-08-14 21:00,25.7,,2.9,340,88,1817
102,백령도,2024-08-14 22:00,25.3,,2.6,360,89,1581
102,백령도,2024-08-14 23:00,25,,2.8,340,89,1602
102,백령도,2024-08-15 00:00,25.1,,2.7,340,88,1472
102,백령도,2024-08-15 01:00,24.4,,1.2,290,91,1257
102,백령도,2024-08-15 02:00,24.2,,2.1,320,92,1394
102,백령도,2024-08-15 03:00,24.7,,2.2,340,89,1731
102,백령도,2024-08-15 04:00,24.1,,1.6,320,93,928
102,백령도,2024-08-15 05:00,24.4,,2.2,320,93,929
102,백령도,2024-08-15 06:00,24.6,,.9,320,91,1284
102,백령도,2024-08-15 07:00,25,,1.1,290,91,1106
102,백령도,2024-08-15 08:00,27.4,,.9,360,78,2667
102,백령도,2024-08-15 09:00,28,,1.7,90,80,2341
102,백령도,2024-08-15 10:00,28.8,,2,90,77,2116
102,백령도,2024-08-15 11:00,29.5,,2.3,90,74,2119
102,백령도,2024-08-15 12:00,28,,1.5,340,80,2133
102,백령도,2024-08-15 13:00,28.9,,3,290,73,2624
102,백령도,2024-08-15 14:00,29.3,,3.4,320,66,2942
102,백령도,2024-08-15 15:00,29.3,,3.4,340,68,3222
102,백령도,2024-08-15 16:00,28.6,,4.1,360,71,2836
102,백령도,2024-08-15 17:00,28.6,,3.3,340,71,2439
102,백령도,2024-08-15 18:00,28.3,,2.5,320,70,2922
102,백령도,2024-08-15 19:00,26.9,,2.2,320,78,2384
102,백령도,2024-08-15 20:00,25.6,,1.9,340,82,2335
102,백령도,2024-08-15 21:00,25.2,,2.2,320,86,1880
102,백령도,2024-08-15 22:00,25.1,,1.9,290,86,1868
102,백령도,2024-08-15 23:00,24.8,,1.7,320,86,1812
102,백령도,2024-08-16 00:00,24.7,,2.3,340,87,1704
102,백령도,2024-08-16 01:00,25.4,,2.3,360,88,1439
102,백령도,2024-08-16 02:00,24.9,,1.4,320,92,1008
102,백령도,2024-08-16 03:00,24.6,,1.4,320,94,757
102,백령도,2024-08-16 04:00,25.1,,1.5,50,89,1151
102,백령도,2024-08-16 05:00,25.4,,.7,90,88,1432
102,백령도,2024-08-16 06:00,25,,.3,0,89,1403
102,백령도,2024-08-16 07:00,25.1,,1.2,320,90,1279
102,백령도,2024-08-16 08:00,27.7,,1.4,90,80,2128
102,백령도,2024-08-16 09:00,28,,2,110,83,1859
102,백령도,2024-08-16 10:00,29.1,,2,90,73,2116
102,백령도,2024-08-16 11:00,29.8,,1.7,110,71,2476
102,백령도,2024-08-16 12:00,30,,2.4,140,71,2335
102,백령도,2024-08-16 13:00,29.8,,2.2,200,68,3156
102,백령도,2024-08-16 14:00,29.6,,3.2,340,76,1995
102,백령도,2024-08-16 15:00,29.2,,3.4,320,75,2287
102,백령도,2024-08-16 16:00,29.5,,3.3,360,74,2067
102,백령도,2024-08-16 17:00,29.2,,1.6,340,74,1967
102,백령도,2024-08-16 18:00,28.5,,2.2,340,76,2251
102,백령도,2024-08-16 19:00,27.6,,2.6,320,75,2262
102,백령도,2024-08-16 20:00,26.2,,1.4,320,80,2407
102,백령도,2024-08-16 21:00,25.5,,1.3,320,84,2023
102,백령도,2024-08-16 22:00,25.5,,1.8,320,78,2416
102,백령도,2024-08-16 23:00,25.7,,.5,290,79,2561
102,백령도,2024-08-17 00:00,25.7,,.2,0,79,2494
102,백령도,2024-08-17 01:00,25.6,,1.1,270,82,2052
102,백령도,2024-08-17 02:00,25.3,,.8,320,84,1717
102,백령도,2024-08-17 03:00,25.5,,.6,290,84,1851
102,백령도,2024-08-17 04:00,25.8,,0,0,82,1874
102,백령도,2024-08-17 05:00,25.5,,0,0,85,1674
102,백령도,2024-08-17 06:00,24.9,,.2,0,88,1505
102,백령도,2024-08-17 07:00,25.9,,.3,0,88,1344
102,백령도,2024-08-17 08:00,27.5,,1.1,90,86,1361
102,백령도,2024-08-17 09:00,28.1,,2,90,84,1450
102,백령도,2024-08-17 10:00,29.1,,1.6,110,78,1731
102,백령도,2024-08-17 11:00,28.7,,1.9,110,81,1515
102,백령도,2024-08-17 12:00,29.5,,2.3,110,77,2436
102,백령도,2024-08-17 13:00,30.7,,2.1,200,67,2521
102,백령도,2024-08-17 14:00,30.6,,2.3,290,72,2174
102,백령도,2024-08-17 15:00,29.8,,3.2,320,76,2020
102,백령도,2024-08-17 16:00,28.9,,3.2,320,77,2103
102,백령도,2024-08-17 17:00,28.4,,3.2,320,81,1767
102,백령도,2024-08-17 18:00,28.5,,2.1,340,76,2325
102,백령도,2024-08-17 19:00,28.1,,1.7,290,77,2218
102,백령도,2024-08-17 20:00,26.9,,.7,250,84,1700
102,백령도,2024-08-17 21:00,26.5,,.1,0,85,1556
102,백령도,2024-08-17 22:00,26.5,,.5,70,86,1523
102,백령도,2024-08-17 23:00,26,,.6,140,88,1266
102,백령도,2024-08-18 00:00,25.4,,.6,320,91,1182
102,백령도,2024-08-18 01:00,25.8,,.7,160,90,1176
102,백령도,2024-08-18 02:00,25.2,,.5,270,91,1005
102,백령도,2024-08-18 03:00,24.8,,.2,0,94,622
102,백령도,2024-08-18 04:00,25,,.7,140,92,904
102,백령도,2024-08-18 05:00,25.1,,1,110,91,849
102,백령도,2024-08-18 06:00,24.4,,1,90,93,699
102,백령도,2024-08-18 07:00,25.7,,.8,90,96,176
102,백령도,2024-08-18 08:00,26.8,,1.4,110,94,454
102,백령도,2024-08-18 09:00,28.4,,1.9,110,84,1331
102,백령도,2024-08-18 10:00,29.3,,2.1,140,75,1854
102,백령도,2024-08-18 11:00,29.4,,2.7,160,75,2216
102,백령도,2024-08-18 12:00,30,,3,160,74,2363
102,백령도,2024-08-18 13:00,29.6,,2.7,180,74,2014
102,백령도,2024-08-18 14:00,30.3,,2.8,160,68,2621
102,백령도,2024-08-18 15:00,30.5,,2.7,200,66,3245
102,백령도,2024-08-18 16:00,30.1,,3,180,66,3458
102,백령도,2024-08-18 17:00,29.8,,2.4,200,67,2814
102,백령도,2024-08-18 18:00,29.6,,2.2,250,69,3389
102,백령도,2024-08-18 19:00,28.5,,1,200,78,2727
102,백령도,2024-08-18 20:00,27.1,,.4,0,84,1851
102,백령도,2024-08-18 21:00,26.3,,.7,320,89,1510
102,백령도,2024-08-18 22:00,26.5,,1.2,110,88,1587
102,백령도,2024-08-18 23:00,26.5,,1.3,110,93,776
102,백령도,2024-08-19 00:00,26,,.6,90,95,506
102,백령도,2024-08-19 01:00,25.7,,1.3,110,96,412
102,백령도,2024-08-19 02:00,25.5,,1.1,110,96,387
102,백령도,2024-08-19 03:00,25.4,,1.1,110,96,279
102,백령도,2024-08-19 04:00,25.6,,1.7,110,95,583
102,백령도,2024-08-19 05:00,25.8,,2.7,160,96,403
102,백령도,2024-08-19 06:00,25.8,,2.1,160,96,292
102,백령도,2024-08-19 07:00,26.5,,2.1,160,95,512
102,백령도,2024-08-19 08:00,28,,1.6,160,86,1715
102,백령도,2024-08-19 09:00,28.1,,2.5,110,85,1575
102,백령도,2024-08-19 10:00,29.3,0,3.8,140,79,2263
102,백령도,2024-08-19 11:00,29.8,0,2.9,140,78,2503
102,백령도,2024-08-19 12:00,30.2,,3.2,160,73,2863
102,백령도,2024-08-19 13:00,29.8,,3.2,180,75,3357
102,백령도,2024-08-19 14:00,29.8,,3.7,180,75,3132
102,백령도,2024-08-19 15:00,29.9,,3.6,180,73,3192
102,백령도,2024-08-19 16:00,29.7,,2.6,180,73,3439
102,백령도,2024-08-19 17:00,29.5,,3.1,160,69,2926
102,백령도,2024-08-19 18:00,28.7,,1.5,90,79,2397
102,백령도,2024-08-19 19:00,27.2,,1.6,110,84,1784
102,백령도,2024-08-19 20:00,26.7,,1.1,90,88,1157
102,백령도,2024-08-19 21:00,26.7,,.5,140,88,1439
102,백령도,2024-08-19 22:00,26.2,,1.2,90,90,1138
102,백령도,2024-08-19 23:00,26.1,,1.4,110,92,866
102,백령도,2024-08-20 00:00,26.4,,1.9,110,89,1358
102,백령도,2024-08-20 01:00,25.8,,1.9,110,93,804
102,백령도,2024-08-20 02:00,25.4,,1.4,110,94,620
102,백령도,2024-08-20 03:00,25,,1.2,110,95,593
102,백령도,2024-08-20 04:00,25.3,,2,110,95,273
102,백령도,2024-08-20 05:00,25.6,,2.9,110,93,337
102,백령도,2024-08-20 06:00,25.7,,2.7,110,94,318
102,백령도,2024-08-20 07:00,25.9,,2.7,110,94,378
102,백령도,2024-08-20 08:00,27,,2.5,110,89,761
102,백령도,2024-08-20 09:00,27.9,,4,110,83,1367
102,백령도,2024-08-20 10:00,29.1,,2.9,90,78,1896
102,백령도,2024-08-20 11:00,30.1,,3.7,140,71,2258
102,백령도,2024-08-20 12:00,30.4,,4.2,140,71,2095
102,백령도,2024-08-20 13:00,30.2,,3.1,140,70,2088
102,백령도,2024-08-20 14:00,30.2,,3.7,140,71,1338
102,백령도,2024-08-20 15:00,30.8,,5,140,68,1155
102,백령도,2024-08-20 16:00,29.6,,3.7,160,72,941
102,백령도,2024-08-20 17:00,29.6,,3.3,180,75,880
102,백령도,2024-08-20 18:00,28.6,,3.3,180,78,894
102,백령도,2024-08-20 19:00,28,,2.2,140,81,895
102,백령도,2024-08-20 20:00,26.8,,1.2,110,90,417
102,백령도,2024-08-20 21:00,26.9,,1.4,110,88,475
102,백령도,2024-08-20 22:00,26.7,,1.4,90,89,433
102,백령도,2024-08-20 23:00,26.8,,.9,140,90,437
102,백령도,2024-08-21 00:00,27.1,,1.4,140,92,391
102,백령도,2024-08-21 01:00,27.4,,1.9,110,86,723
102,백령도,2024-08-21 02:00,27.2,,3.2,140,88,647
102,백령도,2024-08-21 03:00,27.6,,3.6,140,87,1109
102,백령도,2024-08-21 04:00,25.9,0,1.9,90,94,270
102,백령도,2024-08-21 05:00,26.1,.1,2.5,90,95,407
102,백령도,2024-08-21 06:00,26.1,.4,3.4,140,94,1927
102,백령도,2024-08-21 07:00,26.1,.1,1.7,140,96,1100
102,백령도,2024-08-21 08:00,26.3,0,1.9,110,96,1200
102,백령도,2024-08-21 09:00,26.1,.7,1.5,140,96,938
102,백령도,2024-08-21 10:00,25.9,3.4,2.2,110,97,295
102,백령도,2024-08-21 11:00,26.2,1.1,2.1,110,97,255
102,백령도,2024-08-21 12:00,26.6,.9,2.1,110,96,568
102,백령도,2024-08-21 13:00,28,,2.9,140,92,2931
102,백령도,2024-08-21 14:00,28.8,,2.6,110,87,3149
102,백령도,2024-08-21 15:00,28.6,,2.5,160,81,3990
102,백령도,2024-08-21 16:00,27.9,,2.2,140,86,3805
102,백령도,2024-08-21 17:00,27.8,8.2,.7,320,92,2034
102,백령도,2024-08-21 18:00,26.7,13.9,1.6,160,95,2117
102,백령도,2024-08-21 19:00,25.8,,2.3,160,93,759
102,백령도,2024-08-21 20:00,25.2,2.2,3.1,180,96,262
102,백령도,2024-08-21 21:00,26.4,0,2.1,230,94,977
102,백령도,2024-08-21 22:00,26.5,0,2.7,200,90,1716
102,백령도,2024-08-21 23:00,27.4,0,3.6,230,88,2634
102,백령도,2024-08-22 00:00,27,.4,2.6,180,94,533
102,백령도,2024-08-22 01:00,26.9,.1,2.3,180,93,828
102,백령도,2024-08-22 02:00,27,0,3.2,180,89,1163
102,백령도,2024-08-22 03:00,27,,3.3,180,90,964
102,백령도,2024-08-22 04:00,25.9,9.5,5.2,230,93,271
102,백령도,2024-08-22 05:00,25.9,3.7,2.9,180,94,217
102,백령도,2024-08-22 06:00,26.4,2.7,5.4,160,93,652
102,백령도,2024-08-22 07:00,25.9,9,4.8,160,96,207
102,백령도,2024-08-22 08:00,26.3,.6,7.1,160,92,590
102,백령도,2024-08-22 09:00,25.8,6.2,5.6,140,96,275
102,백령도,2024-08-22 10:00,26.4,6.3,7.9,180,95,227
102,백령도,2024-08-22 11:00,26.3,17.1,3.4,230,95,523
102,백령도,2024-08-22 12:00,27,2.7,2.6,180,96,1122
102,백령도,2024-08-22 13:00,29.2,,3.5,320,83,4101
102,백령도,2024-08-22 14:00,28.7,,5.7,320,84,4478
102,백령도,2024-08-22 15:00,25.7,0,4.9,340,87,1645
102,백령도,2024-08-22 16:00,26.7,,6.2,320,81,4018
102,백령도,2024-08-22 17:00,27.6,,6.3,320,77,4541
102,백령도,2024-08-22 18:00,27.7,,4.3,290,78,3547
102,백령도,2024-08-22 19:00,26.9,,3.4,270,85,1731
102,백령도,2024-08-22 20:00,26.7,,3.7,270,85,1055
102,백령도,2024-08-22 21:00,26.6,,4,270,87,594
102,백령도,2024-08-22 22:00,26.5,,3.7,250,86,848
102,백령도,2024-08-22 23:00,26.1,,3.9,250,88,786
102,백령도,2024-08-23 00:00,26.2,,3.5,250,85,1059
102,백령도,2024-08-23 01:00,26,,3.3,250,87,992
102,백령도,2024-08-23 02:00,25.9,,3.8,250,89,596
102,백령도,2024-08-23 03:00,25.9,,3.5,250,88,695
102,백령도,2024-08-23 04:00,25.7,,3.4,250,89,673
102,백령도,2024-08-23 05:00,25.7,,2.6,270,87,839
102,백령도,2024-08-23 06:00,25.6,,1.9,250,87,734
102,백령도,2024-08-23 07:00,26,,2.8,270,86,763
102,백령도,2024-08-23 08:00,27.3,,2.4,290,80,1026
102,백령도,2024-08-23 09:00,28.2,,3,290,75,1118
102,백령도,2024-08-23 10:00,28.5,,3.7,270,73,1234
102,백령도,2024-08-23 11:00,28.7,,4.3,290,73,1371
102,백령도,2024-08-23 12:00,29.4,,3.8,290,71,1223
102,백령도,2024-08-23 13:00,29,,5.1,270,74,912
102,백령도,2024-08-23 14:00,28.9,,3.9,320,71,1730
102,백령도,2024-08-23 15:00,28.9,,2.7,290,74,1428
102,백령도,2024-08-23 16:00,29.5,,2.1,290,68,1907
102,백령도,2024-08-23 17:00,28.2,,3.6,320,73,2228
102,백령도,2024-08-23 18:00,27.3,,2.2,360,78,1824
102,백령도,2024-08-23 19:00,26.2,,1.6,290,83,1349
102,백령도,2024-08-23 20:00,25.1,,.6,250,89,972
102,백령도,2024-08-23 21:00,24.7,,.3,0,91,811
102,백령도,2024-08-23 22:00,24.6,,1,250,92,844
102,백령도,2024-08-23 23:00,24.6,,.7,200,91,817
102,백령도,2024-08-24 00:00,24.8,,1.1,270,91,908
102,백령도,2024-08-24 01:00,24.3,,1.4,320,92,741
102,백령도,2024-08-24 02:00,24,,.2,0,92,691
102,백령도,2024-08-24 03:00,24.1,,.3,0,94,383
102,백령도,2024-08-24 04:00,23.9,,1.2,90,96,119
102,백령도,2024-08-24 05:00,24,,.8,110,96,177
102,백령도,2024-08-24 06:00,23.7,,1.7,90,96,193
102,백령도,2024-08-24 07:00,23.9,,1.4,90,96,235
102,백령도,2024-08-24 08:00,24.8,,1.6,90,95,390
102,백령도,2024-08-24 09:00,25.3,,1.8,90,90,635
102,백령도,2024-08-24 10:00,26.2,,2.6,140,84,1368
102,백령도,2024-08-24 11:00,26.5,,2.2,140,85,1217
102,백령도,2024-08-24 12:00,29,,1.7,160,75,1677
102,백령도,2024-08-24 13:00,27.6,,2.1,140,82,1187
102,백령도,2024-08-24 14:00,28.5,,2.2,90,79,1080
102,백령도,2024-08-24 15:00,28.4,,1.9,90,80,1111
102,백령도,2024-08-24 16:00,28.4,,1.9,90,77,1091
102,백령도,2024-08-24 17:00,27.2,,1.1,90,86,740
102,백령도,2024-08-24 18:00,27.9,,1.4,70,79,744
102,백령도,2024-08-24 19:00,26.3,,.7,90,86,522
102,백령도,2024-08-24 20:00,25.7,,.8,110,91,309
102,백령도,2024-08-24 21:00,25.4,,.7,110,89,455
102,백령도,2024-08-24 22:00,24.9,,.9,140,90,560
102,백령도,2024-08-24 23:00,25.1,,.3,0,89,501
102,백령도,2024-08-25 00:00,24.9,,1,90,91,490
102,백령도,2024-08-25 01:00,24.4,,1.1,110,93,335
102,백령도,2024-08-25 02:00,24.3,,.9,110,94,337
102,백령도,2024-08-25 03:00,24.1,,1.4,140,93,474
102,백령도,2024-08-25 04:00,23.5,,0,0,94,457
102,백령도,2024-08-25 05:00,23.8,,1.9,90,96,260
102,백령도,2024-08-25 06:00,23.6,,1.5,90,96,224
102,백령도,2024-08-25 07:00,24.2,,1.3,90,95,461
102,백령도,2024-08-25 08:00,25.2,,1.8,90,91,686
102,백령도,2024-08-25 09:00,26.3,,2.1,90,88,823
102,백령도,2024-08-25 10:00,27.7,,1.6,90,82,988
102,백령도,2024-08-25 11:00,28.3,,2.2,90,77,1123
102,백령도,2024-08-25 12:00,29.3,,1.8,70,71,1478
102,백령도,2024-08-25 13:00,28.9,,2.1,360,68,1946
102,백령도,2024-08-25 14:00,28.3,,3.1,320,73,1335
102,백령도,2024-08-25 15:00,27.8,,3.9,320,72,1643
102,백령도,2024-08-25 16:00,27.5,,3.5,320,74,1517
102,백령도,2024-08-25 17:00,26.8,,3,320,77,1445
102,백령도,2024-08-25 18:00,26.1,,2.9,320,78,1505
102,백령도,2024-08-25 19:00,24.7,,3,340,79,1499
102,백령도,2024-08-25 20:00,23.6,,.6,320,87,1540
102,백령도,2024-08-25 21:00,23.9,,1.7,340,87,1372
102,백령도,2024-08-25 22:00,23.6,,2,320,87,1300
102,백령도,2024-08-25 23:00,23.4,,2.5,340,84,1660
102,백령도,2024-08-26 00:00,23.4,,.7,290,84,1740
102,백령도,2024-08-26 01:00,23,,1.9,320,84,1641
102,백령도,2024-08-26 02:00,23,,1.3,320,82,2028
102,백령도,2024-08-26 03:00,23.6,,1.1,340,76,2917
102,백령도,2024-08-26 04:00,22.6,,1.6,320,83,2277
102,백령도,2024-08-26 05:00,22.7,,1.8,340,83,2792
102,백령도,2024-08-26 06:00,22.8,,.3,0,82,2568
102,백령도,2024-08-26 07:00,22.9,,.2,0,86,1773
102,백령도,2024-08-26 08:00,24.1,,.7,20,85,1926
102,백령도,2024-08-26 09:00,25.5,,1.3,70,76,2509
102,백령도,2024-08-26 10:00,25.7,,1.1,160,77,2422
102,백령도,2024-08-26 11:00,26.4,,1.1,90,77,2581
102,백령도,2024-08-26 12:00,27.1,,.6,90,71,2504
102,백령도,2024-08-26 13:00,27.3,,1.4,70,67,2763
102,백령도,2024-08-26 14:00,25.8,,.9,320,76,2823
102,백령도,2024-08-26 15:00,25.2,,1.6,290,79,2378
102,백령도,2024-08-26 16:00,25,,3.6,340,81,1950
102,백령도,2024-08-26 17:00,24.3,0,4.5,360,90,968
102,백령도,2024-08-26 18:00,24.3,0,3.5,360,90,944
102,백령도,2024-08-26 19:00,24.3,0,4.7,360,86,1433
102,백령도,2024-08-26 20:00,24.1,0,1.9,360,85,1243
102,백령도,2024-08-26 21:00,24.1,0,2.3,50,84,1450
102,백령도,2024-08-26 22:00,24.1,0,2.7,20,84,1469
102,백령도,2024-08-26 23:00,24,0,1.2,20,83,1503
102,백령도,2024-08-27 00:00,23.6,0,2,20,84,1506
102,백령도,2024-08-27 01:00,23.6,0,2.2,50,79,2520
102,백령도,2024-08-27 02:00,23.8,0,2,360,64,3463
102,백령도,2024-08-27 03:00,23.3,0,3.3,360,77,2673
102,백령도,2024-08-27 04:00,22.9,.4,3.7,360,88,2009
102,백령도,2024-08-27 05:00,22.1,.6,3.4,360,82,2397
102,백령도,2024-08-27 06:00,21.3,.2,3.7,360,82,3723
102,백령도,2024-08-27 07:00,21.8,0,1.3,360,79,4852
102,백령도,2024-08-27 08:00,22.1,,3.3,360,79,4966
102,백령도,2024-08-27 09:00,22.4,,3.3,360,77,4894
102,백령도,2024-08-27 10:00,23.3,,2.4,50,72,4892
102,백령도,2024-08-27 11:00,24.7,,1.6,70,70,5000
102,백령도,2024-08-27 12:00,25.5,,1.7,90,65,4506
102,백령도,2024-08-27 13:00,27.3,,1.8,90,54,3888
102,백령도,2024-08-27 14:00,27.3,,2.2,70,51,4559
102,백령도,2024-08-27 15:00,28.1,,1.8,90,48,3958
102,백령도,2024-08-27 16:00,27,,2.1,290,68,4151
102,백령도,2024-08-27 17:00,26.4,,3.1,340,73,3522
102,백령도,2024-08-27 18:00,25.1,,4.3,360,82,1629
102,백령도,2024-08-27 19:00,24,,3.3,360,88,1048
102,백령도,2024-08-27 20:00,23.5,,2.8,340,89,1547
102,백령도,2024-08-27 21:00,23.7,,2.7,360,88,1951
102,백령도,2024-08-27 22:00,23.9,,2.7,20,85,1610
102,백령도,2024-08-27 23:00,24.1,,2.4,20,83,1441
102,백령도,2024-08-28 00:00,23.5,,1.7,50,86,1133
102,백령도,2024-08-28 01:00,23.4,,1.9,70,88,1032
102,백령도,2024-08-28 02:00,23.8,,1.5,50,84,1309
102,백령도,2024-08-28 03:00,23.4,,2.2,70,89,1079
102,백령도,2024-08-28 04:00,23.2,,1.7,90,91,850
102,백령도,2024-08-28 05:00,23.2,,2.1,110,92,775
102,백령도,2024-08-28 06:00,23.2,,2.6,90,90,987
102,백령도,2024-08-28 07:00,23.6,,3,90,89,1041
102,백령도,2024-08-28 08:00,24.7,,3.5,90,79,1809
102,백령도,2024-08-28 09:00,25.5,,3.5,90,74,2199
102,백령도,2024-08-28 10:00,26.3,,3.6,90,71,2333
102,백령도,2024-08-28 11:00,27.2,,3.2,90,64,2280
102,백령도,2024-08-28 12:00,28.1,,2.3,110,60,3003
102,백령도,2024-08-28 13:00,29,,1.6,110,59,3298
102,백령도,2024-08-28 14:00,29.3,,1.8,90,55,3469
102,백령도,2024-08-28 15:00,27.4,,4.3,340,64,3358
102,백령도,2024-08-28 16:00,27.7,,3.2,340,62,3302
102,백령도,2024-08-28 17:00,27.3,,3.4,340,63,3926
102,백령도,2024-08-28 18:00,26.4,,2.7,320,68,3861
102,백령도,2024-08-28 19:00,25,,2.9,340,78,1858
102,백령도,2024-08-28 20:00,24.2,,2.9,340,86,1222
102,백령도,2024-08-28 21:00,23.8,,2.8,360,88,1254
102,백령도,2024-08-28 22:00,22.9,,1.7,320,90,1200
102,백령도,2024-08-28 23:00,23,,1.4,290,91,1148
102,백령도,2024-08-29 00:00,23.2,,1.8,320,90,1329
102,백령도,2024-08-29 01:00,23.5,,1.2,320,90,1224
102,백령도,2024-08-29 02:00,23.9,,1.2,50,87,1584
102,백령도,2024-08-29 03:00,23.9,,1.5,50,88,1490
102,백령도,2024-08-29 04:00,23.7,,.9,110,89,1348
102,백령도,2024-08-29 05:00,23.3,,.9,70,90,1396
102,백령도,2024-08-29 06:00,23.1,,.5,110,91,1509
102,백령도,2024-08-29 07:00,23.6,,.9,140,89,1779
102,백령도,2024-08-29 08:00,24.9,,2.4,110,83,3073
102,백령도,2024-08-29 09:00,26.3,,2.8,110,72,4237
102,백령도,2024-08-29 10:00,26.8,,2.7,90,71,3729
102,백령도,2024-08-29 11:00,27.6,,1.6,110,67,3703
102,백령도,2024-08-29 12:00,28.5,,1.5,110,56,4178
102,백령도,2024-08-29 13:00,29.2,,2,340,52,4143
102,백령도,2024-08-29 14:00,27.8,,3.4,320,62,3901
102,백령도,2024-08-29 15:00,27.5,,3.7,340,65,3706
102,백령도,2024-08-29 16:00,26.9,,4.7,320,71,4027
102,백령도,2024-08-29 17:00,26.6,,4.3,340,71,4148
102,백령도,2024-08-29 18:00,25.9,,3.9,340,73,4234
102,백령도,2024-08-29 19:00,24.9,,3.9,340,78,3661
102,백령도,2024-08-29 20:00,24.2,,3.5,320,82,3310
102,백령도,2024-08-29 21:00,23.5,,2.3,320,87,2714
102,백령도,2024-08-29 22:00,23,,2.4,320,90,2095
102,백령도,2024-08-29 23:00,23.2,,2.1,320,90,1838
102,백령도,2024-08-30 00:00,23,,1.2,320,91,1611
102,백령도,2024-08-30 01:00,23.2,,1.2,320,89,1629
102,백령도,2024-08-30 02:00,22.9,,.6,290,94,1010
102,백령도,2024-08-30 03:00,22.1,,.4,0,93,1003
102,백령도,2024-08-30 04:00,22.3,,1.4,320,93,1168
102,백령도,2024-08-30 05:00,22.7,,1.4,320,97,21
102,백령도,2024-08-30 06:00,22.8,,2.5,320,97,454
102,백령도,2024-08-30 07:00,23,,2.1,320,97,454
102,백령도,2024-08-30 08:00,24.3,,2.6,340,91,1661
102,백령도,2024-08-30 09:00,25.6,,2.5,340,78,3019
102,백령도,2024-08-30 10:00,26.6,,2.4,360,69,3715
102,백령도,2024-08-30 11:00,27.2,,2.4,320,65,3969
102,백령도,2024-08-30 12:00,27.4,,3.3,320,60,3952
102,백령도,2024-08-30 13:00,26.1,,3.8,320,77,3674
102,백령도,2024-08-30 14:00,27,,3.2,360,73,3532
102,백령도,2024-08-30 15:00,26.6,,4.2,360,75,3029
102,백령도,2024-08-30 16:00,26.4,,4.1,340,75,3225
102,백령도,2024-08-30 17:00,26.1,,3.4,340,76,3168
102,백령도,2024-08-30 18:00,25.3,,3.8,340,73,2865
102,백령도,2024-08-30 19:00,24.4,,4.1,340,75,3168
102,백령도,2024-08-30 20:00,24,,3.8,340,79,3091
102,백령도,2024-08-30 21:00,24,,2.7,340,76,3491
102,백령도,2024-08-30 22:00,23.7,,2.9,320,77,3451
102,백령도,2024-08-30 23:00,23.6,,3.4,340,82,3213
102,백령도,2024-08-31 00:00,23.5,,3.6,340,86,2000
102,백령도,2024-08-31 01:00,23.5,,3.6,340,82,2051
102,백령도,2024-08-31 02:00,23.9,,3.7,340,80,2457
102,백령도,2024-08-31 03:00,23.4,,2.6,320,88,1542
102,백령도,2024-08-31 04:00,23.5,,2.4,320,89,1225
102,백령도,2024-08-31 05:00,23.4,,3.1,320,94,477
102,백령도,2024-08-31 06:00,23.6,,2.8,340,91,558
102,백령도,2024-08-31 07:00,23.7,,2.7,340,91,537
102,백령도,2024-08-31 08:00,24.4,,3.4,340,87,901
102,백령도,2024-08-31 09:00,25.2,,3.2,360,82,1301
102,백령도,2024-08-31 10:00,26.2,,3.5,360,72,2433
102,백령도,2024-08-31 11:00,26.2,,4,360,65,3383
102,백령도,2024-08-31 12:00,26.3,,4.7,340,66,3079
102,백령도,2024-08-31 13:00,26.2,,5.8,340,65,3148
102,백령도,2024-08-31 14:00,26.2,,5.7,340,57,4050
102,백령도,2024-08-31 15:00,26,,4.5,360,56,4400
102,백령도,2024-08-31 16:00,26,,4.8,360,55,4585
102,백령도,2024-08-31 17:00,25.7,,4.6,360,54,4486
102,백령도,2024-08-31 18:00,24.9,,4.1,360,66,4808
102,백령도,2024-08-31 19:00,23.1,,3.4,340,70,4956
102,백령도,2024-08-31 20:00,23,,3.3,340,73,4867
102,백령도,2024-08-31 21:00,21.6,,2,320,87,4173
102,백령도,2024-08-31 22:00,21.1,,1.7,290,88,3897
102,백령도,2024-08-31 23:00,21,,1.7,290,87,4348
102,백령도,2024-09-01 00:00,21.4,,1.7,320,88,4301
102,백령도,2024-09-01 01:00,21.3,,1.5,320,89,4152
102,백령도,2024-09-01 02:00,20.6,,1.3,290,90,4228
102,백령도,2024-09-01 03:00,20.9,,.8,200,83,4710
102,백령도,2024-09-01 04:00,20.6,,.7,270,79,4895
102,백령도,2024-09-01 05:00,21.2,,.6,290,77,4935
102,백령도,2024-09-01 06:00,21.4,,.5,250,77,4466
102,백령도,2024-09-01 07:00,22,,1.1,90,73,3255
102,백령도,2024-09-01 08:00,23.2,,1.4,140,76,4320
102,백령도,2024-09-01 09:00,24.7,,1.5,180,69,4865
102,백령도,2024-09-01 10:00,26,,2.6,180,63,4635
102,백령도,2024-09-01 11:00,27.3,,3.5,200,59,4717
102,백령도,2024-09-01 12:00,28,,2.6,250,54,4329
102,백령도,2024-09-01 13:00,27.1,,3.6,200,64,3987
102,백령도,2024-09-01 14:00,27.3,,3.2,200,68,3455
102,백령도,2024-09-01 15:00,26.9,,3.7,180,73,2885
102,백령도,2024-09-01 16:00,27.2,,4.6,180,72,2709
102,백령도,2024-09-01 17:00,25.6,,2.5,200,80,2104
102,백령도,2024-09-01 18:00,26,,2.6,180,80,1716
102,백령도,2024-09-01 19:00,25.2,,3.2,180,86,1143
102,백령도,2024-09-01 20:00,25.2,,2.8,200,87,1019
102,백령도,2024-09-01 21:00,25.4,,2.2,200,87,971
102,백령도,2024-09-01 22:00,26.1,,3.2,200,85,964
102,백령도,2024-09-01 23:00,26.2,,2.2,200,89,627
102,백령도,2024-09-02 00:00,24.4,15.6,1.3,340,96,381
102,백령도,2024-09-02 01:00,24.5,,.6,110,96,433
102,백령도,2024-09-02 02:00,21.9,,5.4,360,96,886
102,백령도,2024-09-02 03:00,21.4,,2.5,360,95,1179
102,백령도,2024-09-02 04:00,21.3,,4.2,360,93,3408
102,백령도,2024-09-02 05:00,21.6,,3.1,360,90,3341
102,백령도,2024-09-02 06:00,21.8,,3.6,360,89,2987
102,백령도,2024-09-02 07:00,22.2,,5.1,360,83,2994
102,백령도,2024-09-02 08:00,22.5,,4.4,360,79,3359
102,백령도,2024-09-02 09:00,23.5,,4.7,360,72,4095
102,백령도,2024-09-02 10:00,23.9,,4.6,360,72,3342
102,백령도,2024-09-02 11:00,25.1,,3.5,360,71,4092
102,백령도,2024-09-02 12:00,24.4,,3.9,340,73,4120
102,백령도,2024-09-02 13:00,24.5,,4.9,360,74,4095
102,백령도,2024-09-02 14:00,25,,5.1,360,72,3764
102,백령도,2024-09-02 15:00,24.2,,4.5,360,76,3162
102,백령도,2024-09-02 16:00,24.5,,1.6,360,78,2499
102,백령도,2024-09-02 17:00,24.3,,2.3,50,81,1866
102,백령도,2024-09-02 18:00,24.3,,2,90,80,3434
102,백령도,2024-09-02 19:00,24.2,,2.3,90,80,3285
102,백령도,2024-09-02 20:00,24.2,,2.4,70,80,2886
102,백령도,2024-09-02 21:00,24,,1.6,70,81,2472
102,백령도,2024-09-02 22:00,23.8,,1.8,360,79,2627
102,백령도,2024-09-02 23:00,23.7,,1.8,20,79,2642
102,백령도,2024-09-03 00:00,23.6,,2.1,50,80,2455
102,백령도,2024-09-03 01:00,23.2,,2.5,70,85,2028
102,백령도,2024-09-03 02:00,22.7,,2.3,90,87,1601
102,백령도,2024-09-03 03:00,22.7,,2.9,90,84,2438
102,백령도,2024-09-03 04:00,22.8,,3.2,90,83,2836
102,백령도,2024-09-03 05:00,22.6,,3.1,90,85,2764
102,백령도,2024-09-03 06:00,22.7,,3.8,110,82,3415
102,백령도,2024-09-03 07:00,23,,3.5,110,80,3326
102,백령도,2024-09-03 08:00,23.3,,3.8,110,73,3609
102,백령도,2024-09-03 09:00,24.1,,4.7,110,67,2620
102,백령도,2024-09-03 10:00,25.7,,4.7,110,63,2094
102,백령도,2024-09-03 11:00,26.4,,4.5,140,59,3278
102,백령도,2024-09-03 12:00,27,,4.3,140,59,2540
102,백령도,2024-09-03 13:00,26.7,,5.2,140,58,4352
102,백령도,2024-09-03 14:00,27.3,,4.2,140,57,3628
102,백령도,2024-09-03 15:00,26.8,,4.7,110,62,4447
102,백령도,2024-09-03 16:00,25.9,,3.2,110,66,4820
102,백령도,2024-09-03 17:00,26.4,,3.8,140,65,4149
102,백령도,2024-09-03 18:00,25.7,,2.1,160,68,4116
102,백령도,2024-09-03 19:00,25.2,,3.5,140,71,3693
102,백령도,2024-09-03 20:00,24.8,,2.9,160,75,3135
102,백령도,2024-09-03 21:00,24.6,,3,140,78,2623
102,백령도,2024-09-03 22:00,24.1,,2.2,110,82,2901
102,백령도,2024-09-03 23:00,23.7,,2.4,110,85,2416
102,백령도,2024-09-04 00:00,23.6,,1.7,110,85,2678
102,백령도,2024-09-04 01:00,23.3,,2.1,110,88,2317
102,백령도,2024-09-04 02:00,23.5,,2.6,110,86,2685
102,백령도,2024-09-04 03:00,23.3,,1.9,110,86,2577
102,백령도,2024-09-04 04:00,22.8,,2,140,89,2052
102,백령도,2024-09-04 05:00,23.2,,2.8,140,86,3197
102,백령도,2024-09-04 06:00,23,,3.4,110,86,3573
102,백령도,2024-09-04 07:00,23.5,,3.7,110,84,3973
102,백령도,2024-09-04 08:00,23.5,.2,2.2,200,89,2200
102,백령도,2024-09-04 09:00,24.2,0,4.5,140,88,2453
102,백령도,2024-09-04 10:00,24.9,,5,140,87,2326
102,백령도,2024-09-04 11:00,26.3,,5.3,140,83,1615
102,백령도,2024-09-04 12:00,25.5,,5.9,160,85,1853
102,백령도,2024-09-04 13:00,26.8,,3.6,160,82,1973
102,백령도,2024-09-04 14:00,25,0,4,160,90,770
102,백령도,2024-09-04 15:00,26.7,.2,3.6,160,83,1908
102,백령도,2024-09-04 16:00,27,,4.9,180,77,3291
102,백령도,2024-09-04 17:00,26.3,,4.8,180,78,3835
102,백령도,2024-09-04 18:00,26.1,,4.2,180,79,2555
102,백령도,2024-09-04 19:00,25,,2.8,180,83,2392
102,백령도,2024-09-04 20:00,24.8,,1.9,200,85,1950
102,백령도,2024-09-04 21:00,24.8,,1.4,180,85,2037
102,백령도,2024-09-04 22:00,25,,2,180,89,1565
102,백령도,2024-09-04 23:00,25.8,,2.2,200,90,1562
102,백령도,2024-09-05 00:00,25.3,,2.1,200,92,1146
102,백령도,2024-09-05 01:00,25.9,,2.8,200,91,1942
102,백령도,2024-09-05 02:00,25.9,,3.1,200,91,1547
102,백령도,2024-09-05 03:00,26.3,,4.7,200,90,1850
102,백령도,2024-09-05 04:00,26.2,,4.2,230,90,1807
102,백령도,2024-09-05 05:00,26.2,,3.6,250,87,2105
102,백령도,2024-09-05 06:00,25.9,,3.1,250,87,2035
102,백령도,2024-09-05 07:00,25.7,,3.3,250,87,1825
102,백령도,2024-09-05 08:00,25.8,,3.1,270,81,2378
102,백령도,2024-09-05 09:00,26,,4.4,270,77,3317
102,백령도,2024-09-05 10:00,26,,4,290,74,3787
102,백령도,2024-09-05 11:00,25.1,,3.1,290,83,2897
102,백령도,2024-09-05 12:00,25.5,,2.7,290,83,3219
102,백령도,2024-09-05 13:00,23.7,,4.1,340,88,2053
102,백령도,2024-09-05 14:00,24.7,,3.2,340,81,2462
102,백령도,2024-09-05 15:00,23.9,,3.5,340,85,2675
102,백령도,2024-09-05 16:00,23.6,,2.3,320,88,2348
102,백령도,2024-09-05 17:00,23.1,,5.1,340,88,2272
102,백령도,2024-09-05 18:00,23.1,,4.7,340,84,4053
102,백령도,2024-09-05 19:00,22.9,,3.8,340,86,3924
102,백령도,2024-09-05 20:00,23,,3.7,340,86,4285
102,백령도,2024-09-05 21:00,23.2,,3.8,340,84,3901
102,백령도,2024-09-05 22:00,23.6,,6,360,82,3938
102,백령도,2024-09-05 23:00,23.4,,4.6,360,80,4388
102,백령도,2024-09-06 00:00,23.4,,4.8,360,79,4337
102,백령도,2024-09-06 01:00,23.4,,3.4,360,70,4936
102,백령도,2024-09-06 02:00,23.1,,4,360,71,4863
102,백령도,2024-09-06 03:00,22.7,,1.8,360,74,4780
102,백령도,2024-09-06 04:00,22.1,,1.8,20,76,4914
102,백령도,2024-09-06 05:00,21.6,,1.6,20,74,4961
102,백령도,2024-09-06 06:00,21.4,,2.5,360,73,4938
102,백령도,2024-09-06 07:00,21.8,,3.6,360,72,4989
102,백령도,2024-09-06 08:00,22.7,,1.9,360,70,4922
102,백령도,2024-09-06 09:00,23.5,,3.7,360,71,4468
102,백령도,2024-09-06 10:00,24,,2.6,360,67,4537
102,백령도,2024-09-06 11:00,24.7,,2.8,340,67,4456
102,백령도,2024-09-06 12:00,25.9,,1.6,90,63,3714
102,백령도,2024-09-06 13:00,26.7,,1.5,70,61,3093
102,백령도,2024-09-06 14:00,25.4,,1.6,340,69,4235
102,백령도,2024-09-06 15:00,25.4,,2.8,290,69,3601
102,백령도,2024-09-06 16:00,25.2,,3.4,320,69,3690
102,백령도,2024-09-06 17:00,24,,3.7,320,78,3507
102,백령도,2024-09-06 18:00,23.4,,2.5,320,82,2960
102,백령도,2024-09-06 19:00,22.9,,3,320,87,2563
102,백령도,2024-09-06 20:00,22.7,,2,340,86,2454
102,백령도,2024-09-06 21:00,21.9,,1.2,340,89,1909
102,백령도,2024-09-06 22:00,21.5,,1,50,90,2055
102,백령도,2024-09-06 23:00,21.3,,1.7,360,91,1509
102,백령도,2024-09-07 00:00,22.9,,.2,0,86,2199
102,백령도,2024-09-07 01:00,21.7,,.2,0,91,1851
102,백령도,2024-09-07 02:00,21.7,,1,290,91,1679
102,백령도,2024-09-07 03:00,21.9,,0,0,90,1935
102,백령도,2024-09-07 04:00,22.7,,.9,140,89,1918
102,백령도,2024-09-07 05:00,21.3,,.6,270,94,1155
102,백령도,2024-09-07 06:00,21.5,,.6,360,96,824
102,백령도,2024-09-07 07:00,21.6,,.3,0,96,672
102,백령도,2024-09-07 08:00,23.3,,.9,360,90,1672
102,백령도,2024-09-07 09:00,24.1,,2,360,85,2054
102,백령도,2024-09-07 10:00,25.3,,2.1,360,74,3314
102,백령도,2024-09-07 11:00,25.5,,2.9,290,76,3243
102,백령도,2024-09-07 12:00,25,,3.3,320,73,4473
102,백령도,2024-09-07 13:00,25.1,,3,320,70,3908
102,백령도,2024-09-07 14:00,25.7,,3.9,320,67,4059
102,백령도,2024-09-07 15:00,26.2,,3.4,320,66,3944
102,백령도,2024-09-07 16:00,25.7,,3.5,320,70,3758
102,백령도,2024-09-07 17:00,25.3,,3.4,320,73,4642
102,백령도,2024-09-07 18:00,24.8,,2.2,320,73,4216
102,백령도,2024-09-07 19:00,22.9,,1.9,340,82,3705
102,백령도,2024-09-07 20:00,22.9,,3.2,340,85,3382
102,백령도,2024-09-07 21:00,22.5,,2.5,340,85,3885
102,백령도,2024-09-07 22:00,21.9,,1.7,360,92,1884
102,백령도,2024-09-07 23:00,21.7,,2.3,340,93,1432
102,백령도,2024-09-08 00:00,21.6,,1.4,340,91,1915
102,백령도,2024-09-08 01:00,20.8,,1.3,290,95,891
102,백령도,2024-09-08 02:00,21,,2.5,320,94,1551
102,백령도,2024-09-08 03:00,20.9,,2.2,340,83,5000
102,백령도,2024-09-08 04:00,20.7,,1.9,320,84,4777
102,백령도,2024-09-08 05:00,20.6,,2.2,340,79,4965
102,백령도,2024-09-08 06:00,19.9,,1.6,340,88,4297
102,백령도,2024-09-08 07:00,20.6,,2,340,88,4238
102,백령도,2024-09-08 08:00,22.4,,.9,340,85,4449
102,백령도,2024-09-08 09:00,23.6,,.7,290,80,4340
102,백령도,2024-09-08 10:00,25.2,,1.7,340,58,4557
102,백령도,2024-09-08 11:00,25.9,,2.2,360,58,4563
102,백령도,2024-09-08 12:00,25.5,,3.2,320,60,4555
102,백령도,2024-09-08 13:00,25.3,,4.2,320,68,4011
102,백령도,2024-09-08 14:00,25.3,,4.8,320,72,4513
102,백령도,2024-09-08 15:00,25.4,,3.6,340,71,4664
102,백령도,2024-09-08 16:00,24.6,,4.3,340,69,4438
102,백령도,2024-09-08 17:00,24.4,,3.9,340,61,4873
102,백령도,2024-09-08 18:00,23.6,,3.6,320,67,4851
102,백령도,2024-09-08 19:00,22.9,,2.9,340,64,5000
102,백령도,2024-09-08 20:00,22.5,,3.1,340,71,4882
102,백령도,2024-09-08 21:00,22.1,,2.6,340,74,4793
102,백령도,2024-09-08 22:00,21.6,,1.5,340,76,4772
102,백령도,2024-09-08 23:00,21.9,,1.9,360,66,4880
102,백령도,2024-09-09 00:00,21.5,,2,340,68,4969
102,백령도,2024-09-09 01:00,22.6,,1.5,70,64,4935
102,백령도,2024-09-09 02:00,21.9,,1.9,70,74,4639
102,백령도,2024-09-09 03:00,21.5,,.2,0,77,4551
102,백령도,2024-09-09 04:00,21.7,,.6,320,82,4340
102,백령도,2024-09-09 05:00,22.2,,.3,0,71,4895
102,백령도,2024-09-09 06:00,22,,.6,90,72,3968
102,백령도,2024-09-09 07:00,22,,1.3,90,75,3480
102,백령도,2024-09-09 08:00,23.4,,2,110,77,4168
102,백령도,2024-09-09 09:00,24.6,,1.5,90,78,3183
102,백령도,2024-09-09 10:00,25.8,,1.6,110,72,3484
102,백령도,2024-09-09 11:00,26.4,,2,110,69,3392
102,백령도,2024-09-09 12:00,26.6,,2.8,200,71,2972
102,백령도,2024-09-09 13:00,26.7,,2.1,200,68,3079
102,백령도,2024-09-09 14:00,27.4,,1.3,320,69,3284
102,백령도,2024-09-09 15:00,27,,2.1,340,70,2756
102,백령도,2024-09-09 16:00,27,,1,320,68,3064
102,백령도,2024-09-09 17:00,26.7,,.9,320,73,3486
102,백령도,2024-09-09 18:00,25.4,,1,340,77,2920
102,백령도,2024-09-09 19:00,23.5,,.7,320,85,2015
102,백령도,2024-09-09 20:00,22.6,,.4,0,89,1705
102,백령도,2024-09-09 21:00,23,,0,0,87,1736
102,백령도,2024-09-09 22:00,23.2,,.5,110,88,1450
102,백령도,2024-09-09 23:00,22.5,,.9,90,93,1103
102,백령도,2024-09-10 00:00,22.4,,1.4,90,95,444
102,백령도,2024-09-10 01:00,22.6,,1.2,110,95,575
102,백령도,2024-09-10 02:00,22.8,,1.1,140,95,592
102,백령도,2024-09-10 03:00,22.8,,1.5,140,94,575
102,백령도,2024-09-10 04:00,22.9,,.4,0,95,564
102,백령도,2024-09-10 05:00,22,,1.4,110,96,317
102,백령도,2024-09-10 06:00,22.2,,1.4,140,97,149
102,백령도,2024-09-10 07:00,22.5,,1.7,110,97,172
102,백령도,2024-09-10 08:00,23.5,,1.9,110,94,471
102,백령도,2024-09-10 09:00,24.6,,1.9,90,87,859
102,백령도,2024-09-10 10:00,25.7,,2.1,90,81,1241
102,백령도,2024-09-10 11:00,26.8,,1.6,110,74,2312
102,백령도,2024-09-10 12:00,27.5,,3.5,360,73,3079
102,백령도,2024-09-10 13:00,27.7,,3.3,320,72,4158
102,백령도,2024-09-10 14:00,27.7,,2.6,320,72,3744
102,백령도,2024-09-10 15:00,28.2,,1.7,20,70,4255
102,백령도,2024-09-10 16:00,26.5,,3.6,320,76,3785
102,백령도,2024-09-10 17:00,26,,3.3,320,78,2902
102,백령도,2024-09-10 18:00,25.3,,2.8,340,79,3620
102,백령도,2024-09-10 19:00,23.9,,3.7,340,89,1469
102,백령도,2024-09-10 20:00,23.5,,2.7,340,90,1502
102,백령도,2024-09-10 21:00,23.3,,2.9,340,92,1026
102,백령도,2024-09-10 22:00,22.6,,1.4,290,92,1263
102,백령도,2024-09-10 23:00,22.1,,1.1,270,90,1734
102,백령도,2024-09-11 00:00,21.6,,2.3,320,94,1079
102,백령도,2024-09-11 01:00,22.2,,.9,270,93,1482
102,백령도,2024-09-11 02:00,21.6,,1.9,290,93,1247
102,백령도,2024-09-11 03:00,21.6,,1.5,290,92,1424
102,백령도,2024-09-11 04:00,21.6,,1.6,290,90,2098
102,백령도,2024-09-11 05:00,21.4,,1.7,320,95,669
102,백령도,2024-09-11 06:00,22,,.7,320,95,817
102,백령도,2024-09-11 07:00,21.6,,1,320,94,681
102,백령도,2024-09-11 08:00,24.3,,1.1,90,79,2564
102,백령도,2024-09-11 09:00,25.6,,1.3,90,68,3471
102,백령도,2024-09-11 10:00,26.1,,2.2,360,64,3547
102,백령도,2024-09-11 11:00,27.4,,1.5,360,59,3647
102,백령도,2024-09-11 12:00,28,,2.1,70,58,3404
102,백령도,2024-09-11 13:00,27.5,,3,320,65,3636
102,백령도,2024-09-11 14:00,27,,2.8,340,70,3360
102,백령도,2024-09-11 15:00,27.9,,1.8,290,63,3721
102,백령도,2024-09-11 16:00,27,,3,320,68,3127
102,백령도,2024-09-11 17:00,27.6,,1.8,320,68,3043
102,백령도,2024-09-11 18:00,25.9,,1.7,290,76,2421
102,백령도,2024-09-11 19:00,24.2,,2.4,320,86,1324
102,백령도,2024-09-11 20:00,23.8,,1,270,87,1413
102,백령도,2024-09-11 21:00,23.5,,1.3,290,91,1131
102,백령도,2024-09-11 22:00,23.6,,1.1,320,90,1213
102,백령도,2024-09-11 23:00,24,,.6,200,87,1277
102,백령도,2024-09-12 00:00,24.5,,1.3,140,87,1216
102,백령도,2024-09-12 01:00,24.9,,1.5,110,83,1682
102,백령도,2024-09-12 02:00,24.9,,.9,110,84,1837
102,백령도,2024-09-12 03:00,23.9,,.8,290,90,1237
102,백령도,2024-09-12 04:00,23.5,.1,1.2,340,95,509
102,백령도,2024-09-12 05:00,24,.1,1.2,110,95,504
102,백령도,2024-09-12 06:00,23.9,,1.5,90,95,722
102,백령도,2024-09-12 07:00,24.2,,1.8,110,96,401
102,백령도,2024-09-12 08:00,24.4,,1.9,110,96,606
102,백령도,2024-09-12 09:00,24.9,,2.4,110,94,901
102,백령도,2024-09-12 10:00,25.1,,2.9,110,93,918
102,백령도,2024-09-12 11:00,26.1,,2.4,140,90,1362
102,백령도,2024-09-12 12:00,25.7,,4,160,87,1771
102,백령도,2024-09-12 13:00,25.2,0,4.2,140,91,1029
102,백령도,2024-09-12 14:00,25.8,0,3.7,140,90,1074
102,백령도,2024-09-12 15:00,25.1,0,3.8,160,91,1127
102,백령도,2024-09-12 16:00,24.9,.3,4.1,140,95,652
102,백령도,2024-09-12 17:00,25,.4,2.7,140,96,603
102,백령도,2024-09-12 18:00,25,.4,2.9,160,97,647
102,백령도,2024-09-12 19:00,24.9,.8,2.8,140,97,825
102,백령도,2024-09-12 20:00,24.7,1.4,2.7,140,97,300
102,백령도,2024-09-12 21:00,24.5,.7,3.3,110,97,1189
102,백령도,2024-09-12 22:00,24.5,.9,4.8,140,97,530
102,백령도,2024-09-12 23:00,24.7,1.1,3.8,140,97,900
102,백령도,2024-09-13 00:00,24.1,3.5,6.7,180,96,483
102,백령도,2024-09-13 01:00,23.5,2.2,4.8,180,95,305
102,백령도,2024-09-13 02:00,24.3,12.1,3.1,160,97,170
102,백령도,2024-09-13 03:00,24.2,8.2,4.3,180,97,212
102,백령도,2024-09-13 04:00,24.3,3.3,2.4,180,97,350
102,백령도,2024-09-13 05:00,24.1,8.5,4.9,200,96,617
102,백령도,2024-09-13 06:00,24.5,3.2,5.2,200,96,854
102,백령도,2024-09-13 07:00,25,1.1,4.9,230,96,1362
102,백령도,2024-09-13 08:00,25.5,.4,4.9,230,95,1088
102,백령도,2024-09-13 09:00,25.8,2.1,5.7,250,95,1151
102,백령도,2024-09-13 10:00,25.5,.2,3.3,270,93,1784
102,백령도,2024-09-13 11:00,26.4,,3.4,230,90,3979
102,백령도,2024-09-13 12:00,26.4,,4.2,230,89,4051
102,백령도,2024-09-13 13:00,25.8,,5.7,270,94,1586
102,백령도,2024-09-13 14:00,25.6,,4.6,320,91,2840
102,백령도,2024-09-13 15:00,25.9,,5.1,290,89,4173
102,백령도,2024-09-13 16:00,25,,4,320,91,3911
102,백령도,2024-09-13 17:00,24.3,,3.5,320,94,2555
102,백령도,2024-09-13 18:00,23.9,,3.5,320,95,1267
102,백령도,2024-09-13 19:00,23.6,,2.5,290,96,404
102,백령도,2024-09-13 20:00,23.7,,3,320,96,1079
102,백령도,2024-09-13 21:00,23.8,,2.9,320,93,3531
102,백령도,2024-09-13 22:00,23.9,,2.4,320,91,3205
102,백령도,2024-09-13 23:00,23.7,,1.9,290,94,1832
102,백령도,2024-09-14 00:00,23.8,,1.8,290,95,1159
102,백령도,2024-09-14 01:00,23.8,,1,290,96,1300
102,백령도,2024-09-14 02:00,23.9,,1.1,290,96,937
102,백령도,2024-09-14 03:00,23.9,,1,290,97,635
102,백령도,2024-09-14 04:00,23.9,,1,290,97,330
102,백령도,2024-09-14 05:00,23.9,,.9,360,97,280
102,백령도,2024-09-14 06:00,23.6,,1,290,97,123
102,백령도,2024-09-14 07:00,23.7,,1,340,97,160
102,백령도,2024-09-14 08:00,24.7,,.2,0,96,386
102,백령도,2024-09-14 09:00,25.6,,2.1,360,88,915
102,백령도,2024-09-14 10:00,26.6,,.7,360,78,1921
102,백령도,2024-09-14 11:00,26.9,,1.1,360,77,2399
102,백령도,2024-09-14 12:00,26.3,,1.8,290,82,1750
102,백령도,2024-09-14 13:00,24.5,,3.8,340,88,1086
102,백령도,2024-09-14 14:00,24.2,,4.3,340,89,1327
102,백령도,2024-09-14 15:00,23.9,,3.2,340,89,2493
102,백령도,2024-09-14 16:00,23.1,,3.1,340,92,3218
102,백령도,2024-09-14 17:00,23,0,3.2,340,93,1859
102,백령도,2024-09-14 18:00,22.8,0,4.1,340,91,2609
102,백령도,2024-09-14 19:00,22.5,,5.8,340,90,1416
102,백령도,2024-09-14 20:00,22.5,,4.1,340,89,1779
102,백령도,2024-09-14 21:00,22.6,,4.6,340,90,1530
102,백령도,2024-09-14 22:00,22.4,,3.3,340,90,1990
102,백령도,2024-09-14 23:00,22.4,,5.8,340,82,3449
102,백령도,2024-09-15 00:00,22.1,,4.1,340,85,3178
102,백령도,2024-09-15 01:00,22.2,,3.2,340,82,3301
102,백령도,2024-09-15 02:00,21.6,,3.3,340,85,2590
102,백령도,2024-09-15 03:00,21.5,,3.6,320,87,2309
102,백령도,2024-09-15 04:00,21.7,,3.9,340,90,2002
102,백령도,2024-09-15 05:00,21.9,,3.1,340,91,2017
102,백령도,2024-09-15 06:00,22.2,,2.4,320,94,1589
102,백령도,2024-09-15 07:00,22.4,,4.7,340,92,1684
102,백령도,2024-09-15 08:00,23,,3.9,340,89,1870
102,백령도,2024-09-15 09:00,23.6,,4.6,360,83,2036
102,백령도,2024-09-15 10:00,24.5,,3.2,360,80,2926
102,백령도,2024-09-15 11:00,25.3,,3.1,360,73,3766
102,백령도,2024-09-15 12:00,24.5,,4.4,360,78,2959
102,백령도,2024-09-15 13:00,24.6,,5.3,360,77,2264
102,백령도,2024-09-15 14:00,25.2,,3.9,360,76,2261
102,백령도,2024-09-15 15:00,25.3,,3.2,340,77,2499
102,백령도,2024-09-15 16:00,25,,3.6,340,77,1790
102,백령도,2024-09-15 17:00,24.9,,2,340,81,1844
102,백령도,2024-09-15 18:00,24.1,,2,290,85,1654
102,백령도,2024-09-15 19:00,22.9,,2.1,320,92,850
102,백령도,2024-09-15 20:00,22.8,,2.2,320,94,654
102,백령도,2024-09-15 21:00,23.1,,.9,320,93,737
102,백령도,2024-09-15 22:00,23.6,,1.7,110,91,1897
102,백령도,2024-09-15 23:00,23.4,,1.3,140,91,3371
102,백령도,2024-09-16 00:00,23.3,,1.1,110,91,3405
102,백령도,2024-09-16 01:00,22.7,,1.6,90,90,4178
102,백령도,2024-09-16 02:00,22.7,,1,110,90,4080
102,백령도,2024-09-16 03:00,23.1,,2.4,140,82,5000
102,백령도,2024-09-16 04:00,22.9,,2.6,140,81,4990
102,백령도,2024-09-16 05:00,23,,3.2,140,80,4938
102,백령도,2024-09-16 06:00,23.1,,3.7,140,79,4858
102,백령도,2024-09-16 07:00,23.2,,4.1,110,77,4944
102,백령도,2024-09-16 08:00,23.4,,3.3,140,79,4700
102,백령도,2024-09-16 09:00,24,,4.7,110,76,3880
102,백령도,2024-09-16 10:00,25.3,,4.8,110,74,3969
102,백령도,2024-09-16 11:00,25.8,,4.2,110,74,4390
102,백령도,2024-09-16 12:00,25,,3.6,140,78,4201
102,백령도,2024-09-16 13:00,26.7,,5,160,72,4041
102,백령도,2024-09-16 14:00,26.1,,4.5,140,76,4839
102,백령도,2024-09-16 15:00,28,,3.7,140,72,4293
102,백령도,2024-09-16 16:00,27.6,,3.7,160,71,4632
102,백령도,2024-09-16 17:00,27.1,,3.2,140,72,4808
102,백령도,2024-09-16 18:00,26.4,,3,160,76,4964
102,백령도,2024-09-16 19:00,25.2,,2,180,83,3312
102,백령도,2024-09-16 20:00,24.8,,1.2,180,86,4901
102,백령도,2024-09-16 21:00,25.3,,.5,200,86,5000
102,백령도,2024-09-16 22:00,24.4,,.4,0,88,4709
102,백령도,2024-09-16 23:00,23.9,,.4,0,91,4875
102,백령도,2024-09-17 00:00,23.9,,.6,160,90,4613
102,백령도,2024-09-17 01:00,24.7,,.9,90,86,4980
102,백령도,2024-09-17 02:00,24,,.8,140,91,4300
102,백령도,2024-09-17 03:00,24.4,,1.1,110,89,3748
102,백령도,2024-09-17 04:00,24,,1.1,90,89,4836
102,백령도,2024-09-17 05:00,24.1,,.5,140,93,2319
102,백령도,2024-09-17 06:00,24.3,,1.1,90,92,2163
102,백령도,2024-09-17 07:00,24.6,,.4,0,91,2891
102,백령도,2024-09-17 08:00,25.3,,.7,90,88,3196
102,백령도,2024-09-17 09:00,25.5,0,.3,0,88,2022
102,백령도,2024-09-17 10:00,26.3,0,1.1,110,83,2163
102,백령도,2024-09-17 11:00,25.6,0,1.6,200,88,1206
102,백령도,2024-09-17 12:00,25.3,.7,.7,200,92,1324
102,백령도,2024-09-17 13:00,25.2,.1,1,340,94,1296
102,백령도,2024-09-17 14:00,24.7,.3,1.3,320,93,1046
102,백령도,2024-09-17 15:00,25.1,0,1.9,320,92,1635
102,백령도,2024-09-17 16:00,24,0,2.3,340,95,1166
102,백령도,2024-09-17 17:00,24.1,.1,1.6,320,95,1497
102,백령도,2024-09-17 18:00,24.3,0,1,320,94,1615
102,백령도,2024-09-17 19:00,23.7,0,1.4,320,95,769
102,백령도,2024-09-17 20:00,23.1,0,2.9,340,96,836
102,백령도,2024-09-17 21:00,22.7,,.9,290,95,1083
102,백령도,2024-09-17 22:00,22.5,,1.8,290,95,1275
102,백령도,2024-09-17 23:00,23,,1.3,320,89,2374
102,백령도,2024-09-18 00:00,23.2,,1.2,320,89,2421
102,백령도,2024-09-18 01:00,23.3,,1,290,87,2967
102,백령도,2024-09-18 02:00,22.5,,.9,290,91,2280
102,백령도,2024-09-18 03:00,22.2,,1.7,290,91,1877
102,백령도,2024-09-18 04:00,22.7,.1,1.3,320,87,2261
102,백령도,2024-09-18 05:00,22.1,0,1.8,320,94,1320
102,백령도,2024-09-18 06:00,22.2,.1,1.6,320,96,610
102,백령도,2024-09-18 07:00,22.3,0,1.1,290,96,668
102,백령도,2024-09-18 08:00,23.6,,.1,0,94,1039
102,백령도,2024-09-18 09:00,24.7,,.4,0,88,2150
102,백령도,2024-09-18 10:00,25.5,,.9,340,76,4204
102,백령도,2024-09-18 11:00,25,,1,320,81,3366
102,백령도,2024-09-18 12:00,27.5,,1.6,360,69,3200
102,백령도,2024-09-18 13:00,26.5,,1.8,290,70,4045
102,백령도,2024-09-18 14:00,25.1,,2.3,320,74,3499
102,백령도,2024-09-18 15:00,26.4,,3,360,70,3302
102,백령도,2024-09-18 16:00,27,,1.5,290,65,4463
102,백령도,2024-09-18 17:00,24.5,,3.4,320,78,2912
102,백령도,2024-09-18 18:00,23.6,,3.4,320,87,1868
102,백령도,2024-09-18 19:00,22.9,,2.4,320,89,1943
102,백령도,2024-09-18 20:00,22.9,,.8,320,89,1982
102,백령도,2024-09-18 21:00,23.2,,1,290,86,2452
102,백령도,2024-09-18 22:00,23.2,,.7,160,85,2523
102,백령도,2024-09-18 23:00,24.4,,1.2,140,79,2915
102,백령도,2024-09-19 00:00,23.3,,.9,140,86,2531
102,백령도,2024-09-19 01:00,23.8,,1,160,83,2851
102,백령도,2024-09-19 02:00,22.9,,1,360,90,1787
102,백령도,2024-09-19 03:00,23.4,,.5,360,89,2115
102,백령도,2024-09-19 04:00,22.2,,1.9,320,92,1327
102,백령도,2024-09-19 05:00,23.2,,.1,0,88,1999
102,백령도,2024-09-19 06:00,23.6,,.9,250,85,2781
102,백령도,2024-09-19 07:00,23.7,,1.4,140,88,1734
102,백령도,2024-09-19 08:00,23.7,,1.7,160,91,1354
102,백령도,2024-09-19 09:00,24.2,0,1.9,160,91,1127
102,백령도,2024-09-19 10:00,25.4,0,.8,180,83,2231
102,백령도,2024-09-19 11:00,26,,1.8,180,82,2610
102,백령도,2024-09-19 12:00,25.8,,2.4,180,80,2024
102,백령도,2024-09-19 13:00,26.7,,1.6,90,78,2333
102,백령도,2024-09-19 14:00,25.3,,2,90,81,2789
102,백령도,2024-09-19 15:00,26,,.8,140,79,2772
102,백령도,2024-09-19 16:00,26.8,,.9,180,76,3561
102,백령도,2024-09-19 17:00,26.4,,.6,140,82,2538
102,백령도,2024-09-19 18:00,25.4,,.8,110,87,2180
102,백령도,2024-09-19 19:00,24.5,,.6,200,93,722
102,백령도,2024-09-19 20:00,24.4,,.4,0,94,945
102,백령도,2024-09-19 21:00,24.8,,.5,110,76,3813
102,백령도,2024-09-19 22:00,23.2,,.8,160,86,2640
102,백령도,2024-09-19 23:00,24.3,,1,140,79,3928
102,백령도,2024-09-20 00:00,23.5,,.9,140,84,3312
102,백령도,2024-09-20 01:00,23.5,,.1,0,82,3533
102,백령도,2024-09-20 02:00,22.6,,.7,270,91,2038
102,백령도,2024-09-20 03:00,23.6,,1.8,140,89,2368
102,백령도,2024-09-20 04:00,24.5,,3.1,160,91,1522
102,백령도,2024-09-20 05:00,24.6,.1,4.1,160,92,1474
102,백령도,2024-09-20 06:00,23.2,,.7,110,96,449
102,백령도,2024-09-20 07:00,24.6,,3.8,140,96,1248
102,백령도,2024-09-20 08:00,24.4,.1,3,110,95,1161
102,백령도,2024-09-20 09:00,24.9,,3.3,140,95,1421
102,백령도,2024-09-20 10:00,25.2,.2,3.5,140,94,1586
102,백령도,2024-09-20 11:00,25,0,4.5,160,94,2253
102,백령도,2024-09-20 12:00,25.3,,3.2,140,92,3229
102,백령도,2024-09-20 13:00,26.4,0,2.6,140,87,4483
102,백령도,2024-09-20 14:00,25.2,,2.4,110,92,3613
102,백령도,2024-09-20 15:00,24.8,0,3.3,140,95,1675
102,백령도,2024-09-20 16:00,24.8,0,2.6,160,96,1518
102,백령도,2024-09-20 17:00,24.5,,1.6,140,96,1430
102,백령도,2024-09-20 18:00,24.7,,1,70,95,2104
102,백령도,2024-09-20 19:00,23.9,,1.6,20,97,25
102,백령도,2024-09-20 20:00,23.7,3.1,1.7,360,97,110
102,백령도,2024-09-20 21:00,22.5,2.7,5.3,340,97,375
102,백령도,2024-09-20 22:00,21.5,0,2.6,20,97,2035
102,백령도,2024-09-20 23:00,21.2,0,3.4,70,96,3434
102,백령도,2024-09-21 00:00,20.8,.1,4.4,90,95,3248
102,백령도,2024-09-21 01:00,20.1,0,5.7,110,94,4698
102,백령도,2024-09-21 02:00,19.5,,3.8,110,93,4979
102,백령도,2024-09-21 03:00,18.9,,5,110,92,5000
102,백령도,2024-09-21 04:00,18.8,,5,90,90,4978
102,백령도,2024-09-21 05:00,18.6,0,4.1,90,88,4715
102,백령도,2024-09-21 06:00,18.2,0,4,90,89,2634
102,백령도,2024-09-21 07:00,18.1,0,3,50,91,2097
102,백령도,2024-09-21 08:00,18.3,,2.3,20,91,4954
102,백령도,2024-09-21 09:00,17.6,.1,2.7,20,94,1500
102,백령도,2024-09-21 10:00,17.5,0,3.4,50,93,2982
102,백령도,2024-09-21 11:00,18.6,0,3.1,50,86,4533
102,백령도,2024-09-21 12:00,19,,2.7,20,82,4936
102,백령도,2024-09-21 13:00,18.9,,2.6,360,84,4597
102,백령도,2024-09-21 14:00,20.1,,2.3,360,77,4760
102,백령도,2024-09-21 15:00,20.4,,3.4,70,74,4784
102,백령도,2024-09-21 16:00,19.6,,2.6,20,74,4951
102,백령도,2024-09-21 17:00,19.1,,2.9,360,78,4951
102,백령도,2024-09-21 18:00,18.9,,3.4,20,79,4792
102,백령도,2024-09-21 19:00,19.1,,4.3,360,77,4735
102,백령도,2024-09-21 20:00,18.9,,3.1,360,78,4906
102,백령도,2024-09-21 21:00,18.9,,3.8,360,78,4802
102,백령도,2024-09-21 22:00,18.5,,4.4,360,79,4527
102,백령도,2024-09-21 23:00,18.2,,6.9,360,80,4720
102,백령도,2024-09-22 00:00,18.2,,3.6,360,79,4744
102,백령도,2024-09-22 01:00,17.9,,4.6,360,82,4851
102,백령도,2024-09-22 02:00,17.5,,5.4,360,82,4629
102,백령도,2024-09-22 03:00,17.8,,5.9,360,81,4400
102,백령도,2024-09-22 04:00,18.1,,3.5,360,81,4793
102,백령도,2024-09-22 05:00,17.9,,3.3,360,81,4984
102,백령도,2024-09-22 06:00,17.3,,2.8,20,82,4948
102,백령도,2024-09-22 07:00,17.2,,2.8,360,82,4919
102,백령도,2024-09-22 08:00,17.8,,3.5,360,76,4835
102,백령도,2024-09-22 09:00,18.3,,4.2,360,73,4534
102,백령도,2024-09-22 10:00,18.6,,6.3,360,69,4783
102,백령도,2024-09-22 11:00,19.6,,5.5,360,68,4527
102,백령도,2024-09-22 12:00,19.7,,5.9,360,67,4396
102,백령도,2024-09-22 13:00,20.1,,6.3,360,68,4304
102,백령도,2024-09-22 14:00,19.9,,7.5,360,69,4098
102,백령도,2024-09-22 15:00,19.8,,5.3,360,66,4541
102,백령도,2024-09-22 16:00,19.8,,6.2,360,63,4524
102,백령도,2024-09-22 17:00,19.7,,5.5,360,66,4861
102,백령도,2024-09-22 18:00,19.2,,5.3,360,69,4902
102,백령도,2024-09-22 19:00,18.7,,5.2,360,72,5000
102,백령도,2024-09-22 20:00,19,,3.2,360,72,4994
102,백령도,2024-09-22 21:00,19.3,,2.3,360,74,4947
102,백령도,2024-09-22 22:00,19.9,,2.5,20,67,5000
102,백령도,2024-09-22 23:00,19.7,,3,50,65,4970
102,백령도,2024-09-23 00:00,18.6,,2.3,50,70,4945
102,백령도,2024-09-23 01:00,18.4,,2.9,50,76,4496
102,백령도,2024-09-23 02:00,18.1,,2.5,70,80,4751
102,백령도,2024-09-23 03:00,17.8,,2.9,70,81,4713
102,백령도,2024-09-23 04:00,17.5,,3.2,90,76,5000
102,백령도,2024-09-23 05:00,17.1,,2.9,90,79,4931
102,백령도,2024-09-23 06:00,16.8,,3,90,80,4985
102,백령도,2024-09-23 07:00,17.2,,3.1,90,77,4995
102,백령도,2024-09-23 08:00,18.5,,3.4,110,72,4985
102,백령도,2024-09-23 09:00,19.4,,3.7,110,69,4860
102,백령도,2024-09-23 10:00,19.9,,3.3,110,65,4224
102,백령도,2024-09-23 11:00,20.9,,2.7,140,61,4868
102,백령도,2024-09-23 12:00,21.7,,4.1,160,59,4475
102,백령도,2024-09-23 13:00,21.7,,2.6,140,58,4631
102,백령도,2024-09-23 14:00,22,,2.1,160,57,4586
102,백령도,2024-09-23 15:00,22.7,,1.9,160,55,4408
102,백령도,2024-09-23 16:00,21.7,,3.2,360,62,4865
102,백령도,2024-09-23 17:00,20.9,,2.8,340,67,4596
102,백령도,2024-09-23 18:00,19.9,,2.1,340,72,4932
102,백령도,2024-09-23 19:00,18.4,,2.7,360,77,5000
102,백령도,2024-09-23 20:00,18.3,,2.5,360,78,5000
102,백령도,2024-09-23 21:00,17.5,,1.2,20,83,5000
102,백령도,2024-09-23 22:00,18.2,,.6,360,79,5000
102,백령도,2024-09-23 23:00,17.9,,1.6,50,82,5000
102,백령도,2024-09-24 00:00,17.1,,1.3,340,86,5000
102,백령도,2024-09-24 01:00,18.4,,1.6,20,79,5000
102,백령도,2024-09-24 02:00,17.6,,1.3,50,82,4986
102,백령도,2024-09-24 03:00,18.2,,1.3,90,81,5000
102,백령도,2024-09-24 04:00,17.7,,2.7,110,84,4898
102,백령도,2024-09-24 05:00,17.8,,2.7,110,81,4953
102,백령도,2024-09-24 06:00,17.4,,2.9,90,83,4651
102,백령도,2024-09-24 07:00,17.8,,3.4,110,81,4719
102,백령도,2024-09-24 08:00,18.8,,3.6,110,77,4650
102,백령도,2024-09-24 09:00,19.5,,4.4,110,74,4054
102,백령도,2024-09-24 10:00,20.9,,3.6,110,70,3825
102,백령도,2024-09-24 11:00,22.1,,4.1,140,69,4018
102,백령도,2024-09-24 12:00,22,,5.3,140,66,4238
102,백령도,2024-09-24 13:00,22.6,,5.1,160,65,4178
102,백령도,2024-09-24 14:00,22.7,,5,140,63,4130
102,백령도,2024-09-24 15:00,23.1,,3.8,140,62,4554
102,백령도,2024-09-24 16:00,22.9,,3.9,160,60,4689
102,백령도,2024-09-24 17:00,22.4,,3.1,180,61,4486
102,백령도,2024-09-24 18:00,21.5,,3.7,180,65,4918
102,백령도,2024-09-24 19:00,21,,3.5,160,68,4983
102,백령도,2024-09-24 20:00,20.9,,2.6,140,68,5000
102,백령도,2024-09-24 21:00,21.2,,3.2,160,62,5000
102,백령도,2024-09-24 22:00,21.3,,3.4,140,63,5000
102,백령도,2024-09-24 23:00,21.1,,3.1,140,66,5000
102,백령도,2024-09-25 00:00,21,,2.1,140,71,4953
102,백령도,2024-09-25 01:00,20.7,,2.4,110,76,4220
102,백령도,2024-09-25 02:00,20,.2,2,160,86,1656
102,백령도,2024-09-25 03:00,20.6,0,3.3,160,85,3238
102,백령도,2024-09-25 04:00,20.7,.1,2.5,110,84,3661
102,백령도,2024-09-25 05:00,19.4,.6,3,50,87,3069
102,백령도,2024-09-25 06:00,18.1,.3,2.1,50,89,3883
102,백령도,2024-09-25 07:00,19.1,,3.2,90,87,3811
102,백령도,2024-09-25 08:00,19.2,1,2.8,110,88,2273
102,백령도,2024-09-25 09:00,19.6,0,1.8,140,87,2316
102,백령도,2024-09-25 10:00,20.8,0,1,140,89,2457
102,백령도,2024-09-25 11:00,22.1,.5,1,90,87,3598
102,백령도,2024-09-25 12:00,22.3,,3,90,81,2694
102,백령도,2024-09-25 13:00,24.1,,2.6,140,76,4046
102,백령도,2024-09-25 14:00,23,0,2.6,140,80,4876
102,백령도,2024-09-25 15:00,24.4,,3,200,72,4056
102,백령도,2024-09-25 16:00,23.1,,1.9,200,81,4983
102,백령도,2024-09-25 17:00,23.1,,1.2,230,82,4966
102,백령도,2024-09-25 18:00,22.3,,.7,70,85,4963
102,백령도,2024-09-25 19:00,21.2,,.7,70,92,4272
102,백령도,2024-09-25 20:00,21.1,,.5,110,94,3552
102,백령도,2024-09-25 21:00,20.6,,1.9,20,94,3216
102,백령도,2024-09-25 22:00,20,,1.1,360,96,1207
102,백령도,2024-09-25 23:00,19.9,,1.2,290,97,1159
102,백령도,2024-09-26 00:00,19.8,,1.4,320,96,1133
102,백령도,2024-09-26 01:00,19.7,,1.8,340,97,953
102,백령도,2024-09-26 02:00,19.8,,1.7,340,95,1549
102,백령도,2024-09-26 03:00,19.5,,1.4,360,95,1555
102,백령도,2024-09-26 04:00,19.4,,1.9,340,95,1600
102,백령도,2024-09-26 05:00,19.4,,2.4,340,95,1390
102,백령도,2024-09-26 06:00,19.5,,1.8,360,93,2030
102,백령도,2024-09-26 07:00,19.7,,1.6,20,94,1628
102,백령도,2024-09-26 08:00,20.5,,1.5,340,93,1425
102,백령도,2024-09-26 09:00,21.3,,1.9,360,89,1933
102,백령도,2024-09-26 10:00,22.1,,2,340,81,3603
102,백령도,2024-09-26 11:00,22.8,,2.1,320,73,3517
102,백령도,2024-09-26 12:00,22.5,,4.1,320,78,3890
102,백령도,2024-09-26 13:00,22.7,,4.2,320,74,4037
102,백령도,2024-09-26 14:00,22.6,,4.6,320,71,4560
102,백령도,2024-09-26 15:00,22.9,,4.4,360,70,3760
102,백령도,2024-09-26 16:00,22.6,,3.8,340,77,2374
102,백령도,2024-09-26 17:00,21.7,,3.2,320,82,1628
102,백령도,2024-09-26 18:00,20.9,,3.8,340,85,1278
102,백령도,2024-09-26 19:00,20.4,,3.4,340,85,985
102,백령도,2024-09-26 20:00,20.2,,3,340,90,772
102,백령도,2024-09-26 21:00,20.2,,3.3,340,88,801
102,백령도,2024-09-26 22:00,19.6,,2.7,360,90,689
102,백령도,2024-09-26 23:00,19.8,,3.2,340,91,706
102,백령도,2024-09-27 00:00,19.6,,2.3,320,90,637
102,백령도,2024-09-27 01:00,19.5,,2.7,340,89,660
102,백령도,2024-09-27 02:00,19.5,,3.9,360,85,1005
102,백령도,2024-09-27 03:00,19.5,,3.8,360,84,1279
102,백령도,2024-09-27 04:00,18.9,,2.2,340,84,1252
102,백령도,2024-09-27 05:00,19,,1.6,20,89,1292
102,백령도,2024-09-27 06:00,18.8,,2.3,360,92,1010
102,백령도,2024-09-27 07:00,18.4,,1.1,340,92,927
102,백령도,2024-09-27 08:00,20.2,,2.6,320,85,1815
102,백령도,2024-09-27 09:00,21.5,,2.6,360,79,2559
102,백령도,2024-09-27 10:00,22.5,,3.1,360,73,2691
102,백령도,2024-09-27 11:00,22.7,,3.6,360,79,2062
102,백령도,2024-09-27 12:00,23.3,,3.8,360,75,2132
102,백령도,2024-09-27 13:00,23.1,,4.7,360,74,2711
102,백령도,2024-09-27 14:00,23,,5.8,340,76,1293
102,백령도,2024-09-27 15:00,22.7,,5.4,340,76,1224
102,백령도,2024-09-27 16:00,22.7,,4.1,340,77,1091
102,백령도,2024-09-27 17:00,22.1,,5.1,340,75,1467
102,백령도,2024-09-27 18:00,21.2,,4.3,340,80,1386
102,백령도,2024-09-27 19:00,20.7,,4.3,340,83,1341
102,백령도,2024-09-27 20:00,20.7,,3.8,340,84,1520
102,백령도,2024-09-27 21:00,20.6,,2.9,320,84,1808
102,백령도,2024-09-27 22:00,20.3,,2.9,360,88,1904
102,백령도,2024-09-27 23:00,20.4,,1.1,340,87,1801
102,백령도,2024-09-28 00:00,20.3,,2.1,50,87,1417
102,백령도,2024-09-28 01:00,19.6,,1.8,70,92,889
102,백령도,2024-09-28 02:00,19.4,,2,70,92,747
102,백령도,2024-09-28 03:00,19.2,,1.9,70,92,911
102,백령도,2024-09-28 04:00,19.1,,2.2,90,90,1513
102,백령도,2024-09-28 05:00,18.8,,2.4,90,86,2850
102,백령도,2024-09-28 06:00,18.6,,2.1,70,85,2743
102,백령도,2024-09-28 07:00,18.3,,1.7,90,84,3519
102,백령도,2024-09-28 08:00,19.9,,2.7,70,76,4187
102,백령도,2024-09-28 09:00,21.2,,3.4,90,71,4381
102,백령도,2024-09-28 10:00,21.9,,3.6,90,65,4251
102,백령도,2024-09-28 11:00,22.5,,2.2,110,62,4323
102,백령도,2024-09-28 12:00,23.3,,2.4,70,60,4077
102,백령도,2024-09-28 13:00,23.9,,1.8,90,57,4146
102,백령도,2024-09-28 14:00,24.9,,1.6,110,56,4341
102,백령도,2024-09-28 15:00,24.2,,2.2,20,61,4307
102,백령도,2024-09-28 16:00,23.1,,3.1,360,67,4329
102,백령도,2024-09-28 17:00,21.8,,2.4,360,75,4715
102,백령도,2024-09-28 18:00,21.3,,1.8,320,79,4515
102,백령도,2024-09-28 19:00,20.3,,1.1,320,83,4428
102,백령도,2024-09-28 20:00,19.9,,1.3,320,84,4321
102,백령도,2024-09-28 21:00,19.8,,1.1,320,85,4238
102,백령도,2024-09-28 22:00,20.9,,.9,50,78,4312
102,백령도,2024-09-28 23:00,20.1,,1.5,140,85,3581
102,백령도,2024-09-29 00:00,20.6,,1.9,90,92,2036
102,백령도,2024-09-29 01:00,20.5,,3.4,90,86,2515
102,백령도,2024-09-29 02:00,20.3,,2.5,90,86,3153
102,백령도,2024-09-29 03:00,20.4,,3.7,110,83,3618
102,백령도,2024-09-29 04:00,20.5,,3.6,110,76,4719
102,백령도,2024-09-29 05:00,20.5,,3.3,110,78,4580
102,백령도,2024-09-29 06:00,20.5,,4.2,110,77,4355
102,백령도,2024-09-29 07:00,20.4,,4.5,110,72,4474
102,백령도,2024-09-29 08:00,20.9,,3.7,110,71,4792
102,백령도,2024-09-29 09:00,21.9,,4.9,140,70,4165
102,백령도,2024-09-29 10:00,22.6,,5,140,70,4309
102,백령도,2024-09-29 11:00,23.1,,5.9,110,69,4331
102,백령도,2024-09-29 12:00,23.5,,5.9,110,69,3927
102,백령도,2024-09-29 13:00,24.4,,5.4,140,68,4545
102,백령도,2024-09-29 14:00,24.4,,5.3,140,69,4549
102,백령도,2024-09-29 15:00,24,,6.4,140,70,4019
102,백령도,2024-09-29 16:00,24.5,,4.2,160,69,4382
102,백령도,2024-09-29 17:00,23.6,,3.3,160,72,4330
102,백령도,2024-09-29 18:00,22.6,,2.9,160,78,3866
102,백령도,2024-09-29 19:00,22.2,,2.7,160,81,3675
102,백령도,2024-09-29 20:00,21.9,,2.7,160,85,3204
102,백령도,2024-09-29 21:00,21.5,,2.1,160,87,3018
102,백령도,2024-09-29 22:00,21.1,,.8,200,90,2849
102,백령도,2024-09-29 23:00,20.9,,.4,0,92,2649
102,백령도,2024-09-30 00:00,21.2,,.3,0,90,3024
102,백령도,2024-09-30 01:00,20.6,,1.2,90,96,774
102,백령도,2024-09-30 02:00,20.5,,1.3,90,97,720
102,백령도,2024-09-30 03:00,20.6,,1.4,90,97,494
102,백령도,2024-09-30 04:00,20.1,,1.9,90,96,775
102,백령도,2024-09-30 05:00,20.3,,2,90,96,881
102,백령도,2024-09-30 06:00,19.9,,1.4,140,94,1146
102,백령도,2024-09-30 07:00,20.1,,2.1,110,92,1535
102,백령도,2024-09-30 08:00,21,,2.6,110,89,2653
102,백령도,2024-09-30 09:00,22.8,,2.2,110,83,2471
102,백령도,2024-09-30 10:00,22.6,,2.7,110,83,3381
102,백령도,2024-09-30 11:00,23.3,,2.6,160,77,3477
102,백령도,2024-09-30 12:00,24.2,,3.4,180,67,4403
102,백령도,2024-09-30 13:00,24,,3.1,180,72,4426
102,백령도,2024-09-30 14:00,24.1,,2.5,160,72,4668
102,백령도,2024-09-30 15:00,24.4,,2.3,180,71,4450
102,백령도,2024-09-30 16:00,23.5,,2.9,160,76,4453
102,백령도,2024-09-30 17:00,23,,2.6,160,81,4819
102,백령도,2024-09-30 18:00,22.7,0,2.2,160,85,4101
102,백령도,2024-09-30 19:00,22.4,,1.1,200,90,1964
102,백령도,2024-09-30 20:00,22.1,,1.7,200,91,2113
102,백령도,2024-09-30 21:00,21.8,,.7,230,90,2817
102,백령도,2024-09-30 22:00,21.7,,1.5,180,91,1664
102,백령도,2024-09-30 23:00,22.2,,1.6,250,82,4682
102,백령도,2024-10-01 00:00,22.4,,2.2,250,82,4648
102,백령도,2024-10-01 01:00,22.7,,2.5,250,83,3718
102,백령도,2024-10-01 02:00,19.2,0,7,320,90,1816
102,백령도,2024-10-01 03:00,18.4,0,8.7,340,87,3419
102,백령도,2024-10-01 04:00,17.5,0,10.6,340,83,3601
102,백령도,2024-10-01 05:00,17.1,0,9.7,340,83,4245
102,백령도,2024-10-01 06:00,16.6,0,9.6,340,86,4344
102,백령도,2024-10-01 07:00,16.3,0,6.7,340,84,3441
102,백령도,2024-10-01 08:00,16.3,0,6.7,340,74,3696
102,백령도,2024-10-01 09:00,16.4,0,10.4,340,66,3686
102,백령도,2024-10-01 10:00,16.9,,10.7,340,55,3408
102,백령도,2024-10-01 11:00,16.3,,10.3,340,60,4091
102,백령도,2024-10-01 12:00,16.7,,12.2,340,53,3384
102,백령도,2024-10-01 13:00,16.7,,10.5,340,50,3833
102,백령도,2024-10-01 14:00,17,,9.7,340,52,4256
102,백령도,2024-10-01 15:00,16.6,,8.5,340,49,4156
102,백령도,2024-10-01 16:00,16.9,,5.7,340,50,4362
102,백령도,2024-10-01 17:00,16.6,,8.1,320,49,4236
102,백령도,2024-10-01 18:00,16.6,,6.8,320,51,4970
102,백령도,2024-10-01 19:00,16.6,,8.5,320,49,4984
102,백령도,2024-10-01 20:00,16.6,,7.4,320,48,4993
102,백령도,2024-10-01 21:00,16.7,,7.3,320,43,4998
102,백령도,2024-10-01 22:00,16.7,,6.7,340,42,5000
102,백령도,2024-10-01 23:00,16.7,,6.5,340,38,5000
102,백령도,2024-10-02 00:00,16.6,,8.4,340,45,4954
102,백령도,2024-10-02 01:00,16.1,,9.4,340,42,4854
102,백령도,2024-10-02 02:00,15.7,,9.1,340,39,4895
102,백령도,2024-10-02 03:00,15.4,,8.1,360,39,4924
102,백령도,2024-10-02 04:00,15.3,,7.1,360,40,5000
102,백령도,2024-10-02 05:00,15.3,,7.9,360,35,4991
102,백령도,2024-10-02 06:00,15.2,,6.6,360,40,4998
102,백령도,2024-10-02 07:00,15,,7.4,360,40,4982
102,백령도,2024-10-02 08:00,15.6,,3.3,20,42,4861
102,백령도,2024-10-02 09:00,15.9,,3.6,360,39,4973
102,백령도,2024-10-02 10:00,16.4,,4.1,360,32,4583
102,백령도,2024-10-02 11:00,16.8,,5.8,360,34,4745
102,백령도,2024-10-02 12:00,17.3,,5.2,360,32,4761
102,백령도,2024-10-02 13:00,17.3,,6.6,360,26,4539
102,백령도,2024-10-02 14:00,17.5,,6.1,360,27,4506
102,백령도,2024-10-02 15:00,17.4,,6.2,340,28,4837
102,백령도,2024-10-02 16:00,17,,6.5,360,28,4702
102,백령도,2024-10-02 17:00,16.6,,6.2,340,34,4894
102,백령도,2024-10-02 18:00,15.9,,5.8,360,30,4981
102,백령도,2024-10-02 19:00,15.6,,5,340,33,5000
102,백령도,2024-10-02 20:00,15.8,,5.1,340,33,5000
102,백령도,2024-10-02 21:00,15.5,,4,360,39,5000
102,백령도,2024-10-02 22:00,15.7,,3.9,340,40,4918
102,백령도,2024-10-02 23:00,15.5,,3,360,43,5000
102,백령도,2024-10-03 00:00,15.2,,2,360,44,5000
102,백령도,2024-10-03 01:00,15,,2.2,70,47,4992
102,백령도,2024-10-03 02:00,15,,1.7,20,40,5000
102,백령도,2024-10-03 03:00,14.9,,1.8,50,39,4957
102,백령도,2024-10-03 04:00,14.4,,1.3,70,37,5000
102,백령도,2024-10-03 05:00,14.2,,2.7,70,44,4979
102,백령도,2024-10-03 06:00,13.8,,2.6,70,46,4965
102,백령도,2024-10-03 07:00,14.3,,2.1,70,46,5000
102,백령도,2024-10-03 08:00,16.1,,2.6,70,43,4648
102,백령도,2024-10-03 09:00,17.4,,2.7,70,34,4901
102,백령도,2024-10-03 10:00,18,,2.7,70,28,4526
102,백령도,2024-10-03 11:00,18.8,,2.7,70,27,4797
102,백령도,2024-10-03 12:00,18.8,,1.7,50,25,4374
102,백령도,2024-10-03 13:00,18.8,,3.4,360,30,4729
102,백령도,2024-10-03 14:00,18.9,,3.5,360,32,4583
102,백령도,2024-10-03 15:00,18.7,,4.6,360,33,4671
102,백령도,2024-10-03 16:00,18.7,,3.9,340,36,4515
102,백령도,2024-10-03 17:00,18,,3.5,340,40,4767
102,백령도,2024-10-03 18:00,16.7,,2.9,360,45,4536
102,백령도,2024-10-03 19:00,16.1,,3.2,360,49,4981
102,백령도,2024-10-03 20:00,16.4,,3.2,360,46,4905
102,백령도,2024-10-03 21:00,16.1,,2.5,360,51,4987
102,백령도,2024-10-03 22:00,16.2,,2.6,360,54,5000
102,백령도,2024-10-03 23:00,16.3,,3.2,340,55,4980
102,백령도,2024-10-04 00:00,16.3,,2.3,360,57,4998
102,백령도,2024-10-04 01:00,15.9,,2.1,360,59,4976
102,백령도,2024-10-04 02:00,16,,1.7,360,59,5000
102,백령도,2024-10-04 03:00,15.7,,1.5,360,61,5000
102,백령도,2024-10-04 04:00,14.8,,1.1,340,64,4825
102,백령도,2024-10-04 05:00,15.1,,1.1,360,63,4988
102,백령도,2024-10-04 06:00,15.9,,2,20,57,4983
102,백령도,2024-10-04 07:00,16,,2.1,360,57,4954
102,백령도,2024-10-04 08:00,17.2,,1.9,360,57,4953
102,백령도,2024-10-04 09:00,18.3,,2.1,360,51,4837
102,백령도,2024-10-04 10:00,19.3,,1.6,360,49,4932
102,백령도,2024-10-04 11:00,19.6,,2.3,360,44,4894
102,백령도,2024-10-04 12:00,19.6,,2.6,360,43,4876
102,백령도,2024-10-04 13:00,20.4,,2.3,320,42,4410
102,백령도,2024-10-04 14:00,20.1,,1.4,270,42,4678
102,백령도,2024-10-04 15:00,19.4,,3.9,320,40,4257
102,백령도,2024-10-04 16:00,19.6,,3.5,320,45,4698
102,백령도,2024-10-04 17:00,19.1,,3,320,46,4303
102,백령도,2024-10-04 18:00,17.7,,2.9,320,52,4957
102,백령도,2024-10-04 19:00,16.8,,2.8,320,58,5000
102,백령도,2024-10-04 20:00,16.9,,2.9,340,60,4989
102,백령도,2024-10-04 21:00,17,,2.7,340,60,4936
102,백령도,2024-10-04 22:00,16.3,,2.2,360,63,4866
102,백령도,2024-10-04 23:00,16.8,,1.9,360,61,4949
102,백령도,2024-10-05 00:00,15.9,,2.1,360,64,4984
102,백령도,2024-10-05 01:00,16.4,,1.4,50,64,4994
102,백령도,2024-10-05 02:00,15.8,,2,50,69,4939
102,백령도,2024-10-05 03:00,16.3,,1.7,20,63,4952
102,백령도,2024-10-05 04:00,15.2,,2.2,70,72,4936
102,백령도,2024-10-05 05:00,15.8,,2,20,67,4967
102,백령도,2024-10-05 06:00,15.1,,1.9,70,69,4932
102,백령도,2024-10-05 07:00,14.8,,2,70,75,4751
102,백령도,2024-10-05 08:00,17,,1.8,70,66,4544
102,백령도,2024-10-05 09:00,17.9,,2.6,70,63,4024
102,백령도,2024-10-05 10:00,18.9,,2.6,70,56,4299
102,백령도,2024-10-05 11:00,19.3,,2.9,70,54,4197
102,백령도,2024-10-05 12:00,19.7,,2.4,90,55,3610
102,백령도,2024-10-05 13:00,20.3,,1.3,20,51,4751
102,백령도,2024-10-05 14:00,20.1,,3.2,320,52,4894
102,백령도,2024-10-05 15:00,20.3,,3.6,360,54,4656
102,백령도,2024-10-05 16:00,20,,3.3,320,54,4454
102,백령도,2024-10-05 17:00,19.2,,3.1,320,57,4887
102,백령도,2024-10-05 18:00,18.3,,2.5,340,61,4993
102,백령도,2024-10-05 19:00,17.8,,2.8,340,62,4909
102,백령도,2024-10-05 20:00,18,,3.1,340,65,4814
102,백령도,2024-10-05 21:00,17.9,,3.7,360,66,4878
102,백령도,2024-10-05 22:00,17.6,,2.2,360,67,4218
102,백령도,2024-10-05 23:00,17.8,,2.1,20,62,4996
102,백령도,2024-10-06 00:00,17.6,,1.8,20,67,4404
102,백령도,2024-10-06 01:00,17.6,,1.2,50,71,4522
102,백령도,2024-10-06 02:00,17.2,,1.7,50,73,4241
102,백령도,2024-10-06 03:00,16.3,,.7,50,76,3819
102,백령도,2024-10-06 04:00,16.6,,1.3,20,75,3727
102,백령도,2024-10-06 05:00,16.8,,1.7,50,77,3824
102,백령도,2024-10-06 06:00,16.9,,1.2,70,80,3586
102,백령도,2024-10-06 07:00,16.6,,1.3,360,81,3388
102,백령도,2024-10-06 08:00,16.6,,0,0,84,2308
102,백령도,2024-10-06 09:00,17,,1.2,180,85,2506
102,백령도,2024-10-06 10:00,17.9,,1.9,180,83,2418
102,백령도,2024-10-06 11:00,18.3,,1.2,200,79,3162
102,백령도,2024-10-06 12:00,19,,.8,270,74,3839
102,백령도,2024-10-06 13:00,18.7,0,3,360,79,3596
102,백령도,2024-10-06 14:00,19,0,2,360,79,3179
102,백령도,2024-10-06 15:00,19.3,0,2.6,360,72,3438
102,백령도,2024-10-06 16:00,19.7,0,2,340,75,3582
102,백령도,2024-10-06 17:00,19.5,,2.1,360,71,3385
102,백령도,2024-10-06 18:00,18.3,,2.6,200,81,2702
102,백령도,2024-10-06 19:00,17.4,,.7,200,85,1993
102,백령도,2024-10-06 20:00,16.5,,.8,250,87,1924
102,백령도,2024-10-06 21:00,16.9,,1.5,290,87,2010
102,백령도,2024-10-06 22:00,17,,1.7,290,84,1839
102,백령도,2024-10-06 23:00,17,,1.1,290,83,1904
102,백령도,2024-10-07 00:00,16.8,,.4,0,83,1897
102,백령도,2024-10-07 01:00,16.7,,.2,0,84,2531
102,백령도,2024-10-07 02:00,17.4,,0,0,77,3123
102,백령도,2024-10-07 03:00,16.6,,1.1,290,80,3075
102,백령도,2024-10-07 04:00,17.2,,.8,290,83,2620
102,백령도,2024-10-07 05:00,17.7,,3.1,360,81,1851
102,백령도,2024-10-07 06:00,17.9,,1.9,20,74,1691
102,백령도,2024-10-07 07:00,17.4,,2.1,360,77,1703
102,백령도,2024-10-07 08:00,18.6,,1.3,50,75,1636
102,백령도,2024-10-07 09:00,18.6,,2.1,70,75,1543
102,백령도,2024-10-07 10:00,19.9,,.5,50,67,1868
102,백령도,2024-10-07 11:00,20.1,,2,360,65,1937
102,백령도,2024-10-07 12:00,19.6,,3.8,320,74,1048
102,백령도,2024-10-07 13:00,19.2,,6.4,340,75,716
102,백령도,2024-10-07 14:00,18.5,,4.9,340,77,749
102,백령도,2024-10-07 15:00,18.3,,4.7,340,77,850
102,백령도,2024-10-07 16:00,17.8,,4.7,340,77,939
102,백령도,2024-10-07 17:00,17.6,,5.1,320,76,1169
102,백령도,2024-10-07 18:00,17.2,,6.2,320,76,1240
102,백령도,2024-10-07 19:00,17.2,,6.4,320,73,1598
102,백령도,2024-10-07 20:00,17.2,,4.7,320,72,2410
102,백령도,2024-10-07 21:00,17.3,,5.8,320,71,3223
102,백령도,2024-10-07 22:00,17.4,,3.5,320,68,3632
102,백령도,2024-10-07 23:00,17.7,,5,340,66,3704
102,백령도,2024-10-08 00:00,17.7,,5.5,340,62,2906
102,백령도,2024-10-08 01:00,17.7,,6.7,340,60,3107
102,백령도,2024-10-08 02:00,17.4,,6.1,340,61,3213
102,백령도,2024-10-08 03:00,17.2,,4,340,66,3804
102,백령도,2024-10-08 04:00,17.3,,6.2,340,61,3804
102,백령도,2024-10-08 05:00,17.1,,5.2,340,62,3758
102,백령도,2024-10-08 06:00,17,,5.1,340,60,4144
102,백령도,2024-10-08 07:00,16.8,,4.9,360,55,4326
102,백령도,2024-10-08 08:00,17.2,,5.4,360,52,4016
102,백령도,2024-10-08 09:00,17.7,,6.4,340,54,4349
102,백령도,2024-10-08 10:00,18.3,,4.1,340,51,3952
102,백령도,2024-10-08 11:00,18.6,,4.6,340,59,3122
102,백령도,2024-10-08 12:00,18.9,,5.1,320,62,3904
102,백령도,2024-10-08 13:00,19,,4.7,360,60,3818
102,백령도,2024-10-08 14:00,19.1,,5.2,340,58,4153
102,백령도,2024-10-08 15:00,19.2,,5.1,340,56,3977
102,백령도,2024-10-08 16:00,19,,4.8,360,60,3551
102,백령도,2024-10-08 17:00,18.2,,5.3,360,62,3891
102,백령도,2024-10-08 18:00,17.4,,4.9,340,69,3079
102,백령도,2024-10-08 19:00,17.3,,4.9,360,70,3492
102,백령도,2024-10-08 20:00,17.2,,4.1,360,70,3739
102,백령도,2024-10-08 21:00,17,,3.1,360,74,3764
102,백령도,2024-10-08 22:00,17,,2.2,20,73,2987
102,백령도,2024-10-08 23:00,17,,1.8,360,72,2987
102,백령도,2024-10-09 00:00,16.2,,1.6,360,76,2620
102,백령도,2024-10-09 01:00,16.6,,1.5,50,75,1977
102,백령도,2024-10-09 02:00,16.4,,2,70,78,1580
102,백령도,2024-10-09 03:00,16.2,,2.3,50,79,1497
102,백령도,2024-10-09 04:00,15.8,,1.5,50,81,1419
102,백령도,2024-10-09 05:00,15.7,,0,0,81,1342
102,백령도,2024-10-09 06:00,15.1,,1.1,110,84,1272
102,백령도,2024-10-09 07:00,15.7,,2.3,110,83,1950
102,백령도,2024-10-09 08:00,16.9,,3.6,90,77,2928
102,백령도,2024-10-09 09:00,18.2,,2.4,110,74,2620
102,백령도,2024-10-09 10:00,18.7,,3.2,110,67,3975
102,백령도,2024-10-09 11:00,19.4,,2.3,110,67,3834
102,백령도,2024-10-09 12:00,20,,4,110,68,3999
102,백령도,2024-10-09 13:00,20,,4.2,110,68,3982
102,백령도,2024-10-09 14:00,20,,3.4,110,72,4256
102,백령도,2024-10-09 15:00,19.4,,3,140,73,4313
102,백령도,2024-10-09 16:00,19,,2.2,140,74,3852
102,백령도,2024-10-09 17:00,18.9,0,2.4,160,74,2300
102,백령도,2024-10-09 18:00,18.5,,3,160,75,4075
102,백령도,2024-10-09 19:00,17.9,,2.4,160,79,3642
102,백령도,2024-10-09 20:00,18.3,,2.8,160,78,3281
102,백령도,2024-10-09 21:00,18.3,,2.7,160,80,2224
102,백령도,2024-10-09 22:00,18.3,,2.3,160,82,1961
102,백령도,2024-10-09 23:00,18.7,,2.4,160,80,2521
102,백령도,2024-10-10 00:00,17.6,,1.8,110,87,1942
102,백령도,2024-10-10 01:00,17,,1.7,90,89,1890
102,백령도,2024-10-10 02:00,17.3,,1.6,90,88,1503
102,백령도,2024-10-10 03:00,16.9,,1.1,90,90,1584
102,백령도,2024-10-10 04:00,16.7,,2.1,90,90,1599
102,백령도,2024-10-10 05:00,16.7,,2,90,90,1471
102,백령도,2024-10-10 06:00,15.8,,1.3,20,92,1245
102,백령도,2024-10-10 07:00,16.2,,1.5,70,91,1457
102,백령도,2024-10-10 08:00,17,,.4,0,91,1345
102,백령도,2024-10-10 09:00,18.8,,1.2,140,76,2580
102,백령도,2024-10-10 10:00,19.6,,.6,140,69,3316
102,백령도,2024-10-10 11:00,20.9,,2.6,360,54,4095
102,백령도,2024-10-10 12:00,20.9,,2.3,360,54,3933
102,백령도,2024-10-10 13:00,21,,3.8,360,53,3830
102,백령도,2024-10-10 14:00,20.9,,2.6,320,51,4204
102,백령도,2024-10-10 15:00,20.6,,2.8,360,55,4706
102,백령도,2024-10-10 16:00,19.7,,1.9,360,58,4657
102,백령도,2024-10-10 17:00,19.2,,1.4,340,64,4298
102,백령도,2024-10-10 18:00,17.7,,.5,290,77,3584
102,백령도,2024-10-10 19:00,17.2,,.7,290,77,3374
102,백령도,2024-10-10 20:00,17.1,,0,0,74,4022
102,백령도,2024-10-10 21:00,17.8,,0,0,66,3885
102,백령도,2024-10-10 22:00,16.5,,.7,340,71,4118
102,백령도,2024-10-10 23:00,16.9,,0,0,75,3776
102,백령도,2024-10-11 00:00,16.7,,0,0,81,2911
102,백령도,2024-10-11 01:00,16.8,,0,0,81,3077
102,백령도,2024-10-11 02:00,16.4,,0,0,79,3212
102,백령도,2024-10-11 03:00,16.4,,1.6,70,87,2336
102,백령도,2024-10-11 04:00,16.8,,1.2,90,85,2380
102,백령도,2024-10-11 05:00,16.1,,1.8,90,90,1452
102,백령도,2024-10-11 06:00,15.8,,1.7,110,89,1476
102,백령도,2024-10-11 07:00,16,,1.3,110,90,1362
102,백령도,2024-10-11 08:00,17,,.6,140,86,1316
102,백령도,2024-10-11 09:00,19,,1.5,140,76,3076
102,백령도,2024-10-11 10:00,19.9,,2.3,180,67,2842
102,백령도,2024-10-11 11:00,20.6,,3.1,160,63,3233
102,백령도,2024-10-11 12:00,21.6,,3.8,180,53,3178
102,백령도,2024-10-11 13:00,21.3,,3.3,270,43,2317
102,백령도,2024-10-11 14:00,19.9,,3.5,320,60,1652
102,백령도,2024-10-11 15:00,19.1,,4.3,340,62,2737
102,백령도,2024-10-11 16:00,19.3,,4.1,360,58,4413
102,백령도,2024-10-11 17:00,18.9,,2.8,340,59,4611
102,백령도,2024-10-11 18:00,17.4,,2.5,340,62,4770
102,백령도,2024-10-11 19:00,16.3,,1.9,340,64,4894
102,백령도,2024-10-11 20:00,15.7,,.9,340,66,4761
102,백령도,2024-10-11 21:00,15.8,,0,0,66,4754
102,백령도,2024-10-11 22:00,15.7,,0,0,63,4821
102,백령도,2024-10-11 23:00,15.4,,.8,140,66,4473
102,백령도,2024-10-12 00:00,16,,0,0,64,4657
102,백령도,2024-10-12 01:00,16,,0,0,63,4743
102,백령도,2024-10-12 02:00,16.5,,.8,110,61,4880
102,백령도,2024-10-12 03:00,16.2,,1.2,110,65,4517
102,백령도,2024-10-12 04:00,15.7,,1.7,90,82,3198
102,백령도,2024-10-12 05:00,15.5,,2,90,85,2832
102,백령도,2024-10-12 06:00,15,,2.2,90,88,2379
102,백령도,2024-10-12 07:00,15.3,,2.3,90,87,2359
102,백령도,2024-10-12 08:00,16.5,,2.2,90,83,2790
102,백령도,2024-10-12 09:00,17.9,,2.6,110,72,3625
102,백령도,2024-10-12 10:00,19,,2.5,110,67,4570
102,백령도,2024-10-12 11:00,20,,2.5,110,57,4051
102,백령도,2024-10-12 12:00,21.4,,1.6,140,55,3193
102,백령도,2024-10-12 13:00,21,,2.1,320,58,2121
102,백령도,2024-10-12 14:00,20.9,,2.7,340,60,2194
102,백령도,2024-10-12 15:00,20.6,,3.4,320,62,1914
102,백령도,2024-10-12 16:00,20.7,,3.2,320,65,2646
102,백령도,2024-10-12 17:00,19.8,,3,320,70,2366
102,백령도,2024-10-12 18:00,18.1,,1.4,320,79,1683
102,백령도,2024-10-12 19:00,16.9,,1.2,360,89,1289
102,백령도,2024-10-12 20:00,17.2,,1.3,360,89,1497
102,백령도,2024-10-12 21:00,17.1,,.9,360,88,1344
102,백령도,2024-10-12 22:00,15.9,,2.6,340,92,851
102,백령도,2024-10-12 23:00,16.4,,1.9,340,90,995
102,백령도,2024-10-13 00:00,15,,2.4,360,94,737
102,백령도,2024-10-13 01:00,16.6,,2.3,20,86,1971
102,백령도,2024-10-13 02:00,16,,2.5,70,81,3079
102,백령도,2024-10-13 03:00,15.6,,2.1,90,91,1294
102,백령도,2024-10-13 04:00,15.2,,2.1,70,90,2088
102,백령도,2024-10-13 05:00,15.2,,2.3,70,84,2892
102,백령도,2024-10-13 06:00,14.9,,2.4,90,84,2554
102,백령도,2024-10-13 07:00,15,,2.5,90,84,1799
102,백령도,2024-10-13 08:00,16.9,,2.7,90,84,2147
102,백령도,2024-10-13 09:00,17.8,,2.3,110,77,2475
102,백령도,2024-10-13 10:00,18.4,,2.1,140,76,2620
102,백령도,2024-10-13 11:00,18.8,,3.4,110,71,2005
102,백령도,2024-10-13 12:00,19.4,,1.8,110,73,1936
102,백령도,2024-10-13 13:00,20.5,,2.7,110,70,1847
102,백령도,2024-10-13 14:00,20.5,,3.6,140,69,1792
102,백령도,2024-10-13 15:00,20.3,,3.3,140,69,1717
102,백령도,2024-10-13 16:00,20.2,,2.9,160,66,2118
102,백령도,2024-10-13 17:00,19.4,,3.4,160,73,2138
102,백령도,2024-10-13 18:00,19,,4,140,74,1237
102,백령도,2024-10-13 19:00,19,,3.2,160,76,1276
102,백령도,2024-10-13 20:00,19.2,,3.9,160,75,926
102,백령도,2024-10-13 21:00,19.4,,3.5,160,73,1370
102,백령도,2024-10-13 22:00,19.7,,3.2,160,70,1692
102,백령도,2024-10-13 23:00,19.8,,4.3,160,72,1481
102,백령도,2024-10-14 00:00,19.8,,2.7,160,73,1852
102,백령도,2024-10-14 01:00,20.1,,4.1,160,71,2313
102,백령도,2024-10-14 02:00,20.1,0,3.8,160,75,1989
102,백령도,2024-10-14 03:00,19.8,0,3.4,160,77,1737
102,백령도,2024-10-14 04:00,19.5,0,3.1,160,78,1526
102,백령도,2024-10-14 05:00,19.7,0,4.3,160,75,1889
102,백령도,2024-10-14 06:00,19.1,0,2.7,140,85,1081
102,백령도,2024-10-14 07:00,19.1,,3.6,140,84,1159
102,백령도,2024-10-14 08:00,19.4,0,3.2,140,84,1468
102,백령도,2024-10-14 09:00,20.2,0,3,140,83,1722
102,백령도,2024-10-14 10:00,20.6,0,4.8,140,76,2357
102,백령도,2024-10-14 11:00,20.8,0,3.9,160,76,2840
102,백령도,2024-10-14 12:00,20.7,0,6.4,180,71,3489
102,백령도,2024-10-14 13:00,20.8,0,6.8,180,54,4331
102,백령도,2024-10-14 14:00,20.5,0,4.8,180,59,4841
102,백령도,2024-10-14 15:00,20.2,0,3.7,160,66,4467
102,백령도,2024-10-14 16:00,18.3,.4,4.7,160,76,1454
102,백령도,2024-10-14 17:00,17.8,.9,4.9,160,81,1749
102,백령도,2024-10-14 18:00,17.3,.9,5.6,160,90,1300
102,백령도,2024-10-14 19:00,17.4,.3,4.9,140,92,2167
102,백령도,2024-10-14 20:00,17.9,.1,5.2,160,92,1711
102,백령도,2024-10-14 21:00,17.9,1.1,5.7,160,93,567
102,백령도,2024-10-14 22:00,17.6,.6,4.4,140,93,1477
102,백령도,2024-10-14 23:00,18.1,.3,3,140,92,1917
102,백령도,2024-10-15 00:00,18.5,0,3.9,140,93,1337
102,백령도,2024-10-15 01:00,18.4,0,2.9,110,96,686
102,백령도,2024-10-15 02:00,18.6,0,1.4,110,96,632
102,백령도,2024-10-15 03:00,19.2,,1.3,140,96,923
102,백령도,2024-10-15 04:00,18.6,,1.7,110,96,559
102,백령도,2024-10-15 05:00,18.7,0,1.3,110,97,534
102,백령도,2024-10-15 06:00,18.7,0,1.4,90,97,428
102,백령도,2024-10-15 07:00,18.6,,1.4,90,96,440
102,백령도,2024-10-15 08:00,18.9,,1,360,96,526
102,백령도,2024-10-15 09:00,19.8,,.5,20,92,1184
102,백령도,2024-10-15 10:00,20.3,,2.5,340,89,2398
102,백령도,2024-10-15 11:00,20.1,,4.9,340,88,3564
102,백령도,2024-10-15 12:00,21,,3.9,340,83,4518
102,백령도,2024-10-15 13:00,20.9,,4.7,340,82,4340
102,백령도,2024-10-15 14:00,20.5,,5.5,340,81,3478
102,백령도,2024-10-15 15:00,20.8,,3.7,340,79,2829
102,백령도,2024-10-15 16:00,20.1,,5.7,340,80,2485
102,백령도,2024-10-15 17:00,18.4,,5.9,360,84,1634
102,백령도,2024-10-15 18:00,17.9,,6.5,360,82,1855
102,백령도,2024-10-15 19:00,17.4,,5.8,360,78,2352
102,백령도,2024-10-15 20:00,17.1,,6,360,65,3722
102,백령도,2024-10-15 21:00,17,,5.6,340,57,4545
102,백령도,2024-10-15 22:00,16.9,,6.5,360,52,4788
102,백령도,2024-10-15 23:00,16.5,,7.9,340,53,4820
102,백령도,2024-10-16 00:00,15.9,,8.9,340,52,4682
102,백령도,2024-10-16 01:00,15.4,,9.4,340,54,4567
102,백령도,2024-10-16 02:00,14.9,,8,340,58,4615
102,백령도,2024-10-16 03:00,14.6,,7.3,360,61,4689
102,백령도,2024-10-16 04:00,14.3,,5.6,360,60,4792
102,백령도,2024-10-16 05:00,14.1,,5.3,360,62,4794
102,백령도,2024-10-16 06:00,14,,5.3,340,58,4872
102,백령도,2024-10-16 07:00,14,,6.1,340,63,4778
102,백령도,2024-10-16 08:00,14.6,,6.5,340,54,4852
102,백령도,2024-10-16 09:00,15.1,,5.6,360,59,4662
102,백령도,2024-10-16 10:00,15.9,,4.5,360,58,4350
102,백령도,2024-10-16 11:00,16.5,,4.5,360,57,4620
102,백령도,2024-10-16 12:00,17,,3.2,360,55,4673
102,백령도,2024-10-16 13:00,16.9,,4.2,320,56,4425
102,백령도,2024-10-16 14:00,17.2,,4.5,320,56,4508
102,백령도,2024-10-16 15:00,17.2,,4.1,290,57,4423
102,백령도,2024-10-16 16:00,16.8,,4.1,320,59,4513
102,백령도,2024-10-16 17:00,16.4,,4.4,320,66,4602
102,백령도,2024-10-16 18:00,15.6,,2.8,340,72,4709
102,백령도,2024-10-16 19:00,15.2,,2.6,340,71,4945
102,백령도,2024-10-16 20:00,15.4,,2.9,320,70,4873
102,백령도,2024-10-16 21:00,14.3,,1.3,270,76,4801
102,백령도,2024-10-16 22:00,13.9,,2.5,320,78,4802
102,백령도,2024-10-16 23:00,15.4,,3.7,340,73,4995
102,백령도,2024-10-17 00:00,15.4,,1.5,20,71,4979
102,백령도,2024-10-17 01:00,14.1,,.7,180,79,4943
102,백령도,2024-10-17 02:00,15,,.2,0,75,4963
102,백령도,2024-10-17 03:00,14.2,,1.2,50,81,4499
102,백령도,2024-10-17 04:00,15.5,,.9,360,78,4698
102,백령도,2024-10-17 05:00,14.8,,.7,50,82,4741
102,백령도,2024-10-17 06:00,15.3,,2.2,50,67,5000
102,백령도,2024-10-17 07:00,14.6,,2.4,90,81,3768
102,백령도,2024-10-17 08:00,15.9,,2.8,90,79,3279
102,백령도,2024-10-17 09:00,17.2,,2.8,90,74,3309
102,백령도,2024-10-17 10:00,18.1,,1.9,110,71,2935
102,백령도,2024-10-17 11:00,19.2,,3,90,54,3840
102,백령도,2024-10-17 12:00,21.2,,2.6,140,27,3962
102,백령도,2024-10-17 13:00,20.5,,3.9,180,46,3535
102,백령도,2024-10-17 14:00,21.1,,2.7,200,49,4049
102,백령도,2024-10-17 15:00,22.1,,1.6,110,41,3835
102,백령도,2024-10-17 16:00,21,,2.2,160,47,2934
102,백령도,2024-10-17 17:00,19.6,,1.9,180,62,2227
102,백령도,2024-10-17 18:00,18.2,,1.7,140,73,1507
102,백령도,2024-10-17 19:00,17.5,,1.5,90,76,1160
102,백령도,2024-10-17 20:00,17.6,,1,70,83,1162
102,백령도,2024-10-17 21:00,17.3,,.4,0,84,1659
102,백령도,2024-10-17 22:00,17,,2.7,90,84,1429
102,백령도,2024-10-17 23:00,17.9,,2.8,110,83,1219
102,백령도,2024-10-18 00:00,17.9,,1.6,110,87,868
102,백령도,2024-10-18 01:00,17.4,,1.9,90,87,703
102,백령도,2024-10-18 02:00,17.5,,1.9,110,88,751
102,백령도,2024-10-18 03:00,18,,2.8,110,82,800
102,백령도,2024-10-18 04:00,18.1,,2.1,110,82,838
102,백령도,2024-10-18 05:00,18.1,,3.2,110,84,927
102,백령도,2024-10-18 06:00,18.3,0,2.5,110,87,819
102,백령도,2024-10-18 07:00,18.3,.4,3.6,110,90,576
102,백령도,2024-10-18 08:00,18,2.1,3.5,110,93,417
102,백령도,2024-10-18 09:00,17.5,2.1,4.9,110,93,536
102,백령도,2024-10-18 10:00,17.1,3.4,3.8,90,93,531
102,백령도,2024-10-18 11:00,16.6,5.9,6.4,110,94,442
102,백령도,2024-10-18 12:00,16.2,7.8,4.9,110,94,319
102,백령도,2024-10-18 13:00,15.2,9.1,6.9,90,94,497
102,백령도,2024-10-18 14:00,15,14.8,4.3,50,96,307
102,백령도,2024-10-18 15:00,14.8,7.6,6,70,97,544
102,백령도,2024-10-18 16:00,14.9,6,5.1,50,96,428
102,백령도,2024-10-18 17:00,15.2,2.3,6.7,70,95,978
102,백령도,2024-10-18 18:00,15.4,2.1,3.3,50,94,589
102,백령도,2024-10-18 19:00,15.3,4.5,6.5,70,94,968
102,백령도,2024-10-18 20:00,15.4,1.4,2.7,360,94,1757
102,백령도,2024-10-18 21:00,15.6,4.9,2.8,360,94,1362
102,백령도,2024-10-18 22:00,16.2,0,4.1,360,90,1499
102,백령도,2024-10-18 23:00,15.9,4.5,4.9,360,91,767
102,백령도,2024-10-19 00:00,16.1,6.9,9.6,360,93,347
102,백령도,2024-10-19 01:00,16,5,11.2,360,91,1597
102,백령도,2024-10-19 02:00,15,.2,12.7,360,86,2332
102,백령도,2024-10-19 03:00,14.7,0,11.4,360,84,2073
102,백령도,2024-10-19 04:00,14,0,12.3,360,73,2643
102,백령도,2024-10-19 05:00,13.7,,11.5,360,68,2892
102,백령도,2024-10-19 06:00,13.2,,10.1,360,62,3293
102,백령도,2024-10-19 07:00,12.8,,9.3,360,61,3443
102,백령도,2024-10-19 08:00,12.2,,13.7,360,57,3032
102,백령도,2024-10-19 09:00,12,,11.5,360,50,3186
102,백령도,2024-10-19 10:00,12,,12.3,360,46,3435
102,백령도,2024-10-19 11:00,12,,14.4,360,46,3355
102,백령도,2024-10-19 12:00,12.2,,11.3,360,48,3740
102,백령도,2024-10-19 13:00,12.2,,14,360,42,3696
102,백령도,2024-10-19 14:00,12.2,,12.4,360,41,3134
102,백령도,2024-10-19 15:00,12.1,,13.2,360,43,4024
102,백령도,2024-10-19 16:00,12,,11.1,360,42,4211
102,백령도,2024-10-19 17:00,12,,9.1,360,42,4704
102,백령도,2024-10-19 18:00,11.9,,5.2,360,44,4754
102,백령도,2024-10-19 19:00,11.9,,5.2,20,42,4462
102,백령도,2024-10-19 20:00,11.7,,4.3,360,42,4897
102,백령도,2024-10-19 21:00,11.8,,4.4,360,44,4897
102,백령도,2024-10-19 22:00,11.6,,3.3,20,42,4898
102,백령도,2024-10-19 23:00,11.8,,3.4,50,37,4898
102,백령도,2024-10-20 00:00,11.4,,3,50,39,4913
102,백령도,2024-10-20 01:00,11.8,,3.8,50,48,4799
102,백령도,2024-10-20 02:00,12,,5,90,59,4655
102,백령도,2024-10-20 03:00,11.7,,5.6,90,65,4789
102,백령도,2024-10-20 04:00,11.9,,5.8,110,68,4908
102,백령도,2024-10-20 05:00,12.1,,6,110,64,4973
102,백령도,2024-10-20 06:00,11.9,,5.4,110,66,4965
102,백령도,2024-10-20 07:00,11.8,,5.5,110,65,4712
102,백령도,2024-10-20 08:00,12.3,,6.3,110,59,4838
102,백령도,2024-10-20 09:00,13.1,,5.7,110,55,4602
102,백령도,2024-10-20 10:00,14,,6.6,110,54,4489
102,백령도,2024-10-20 11:00,14.6,,5.8,110,55,4454
102,백령도,2024-10-20 12:00,15.4,,5.5,110,50,3959
102,백령도,2024-10-20 13:00,15.5,,5.8,140,48,4066
102,백령도,2024-10-20 14:00,16.1,,6.1,140,47,4351
102,백령도,2024-10-20 15:00,16.1,,5.9,140,48,3657
102,백령도,2024-10-20 16:00,15.9,,4.9,140,49,3954
102,백령도,2024-10-20 17:00,15.3,,5.6,110,51,4194
102,백령도,2024-10-20 18:00,14.6,,5.8,110,54,4386
102,백령도,2024-10-20 19:00,14.7,,5.2,110,55,4873
102,백령도,2024-10-20 20:00,14.6,,4.6,110,59,4067
102,백령도,2024-10-20 21:00,14.7,,5.4,110,59,4402
102,백령도,2024-10-20 22:00,14.4,,6.6,110,61,4455
102,백령도,2024-10-20 23:00,13.8,,6.7,110,66,3787
102,백령도,2024-10-21 00:00,13.5,,5.9,110,71,4081
102,백령도,2024-10-21 01:00,13.8,,5.2,140,74,2703
102,백령도,2024-10-21 02:00,13.3,,6,110,74,3161
102,백령도,2024-10-21 03:00,13,,6.9,110,72,4055
102,백령도,2024-10-21 04:00,12.7,,6.3,110,71,4166
102,백령도,2024-10-21 05:00,12.7,,6.7,110,74,4398
102,백령도,2024-10-21 06:00,12.5,,5.7,110,74,4274
102,백령도,2024-10-21 07:00,12.7,0,5.9,110,76,3492
102,백령도,2024-10-21 08:00,12.2,1,4.6,110,86,941
102,백령도,2024-10-21 09:00,12.7,2,5.1,110,88,1483
102,백령도,2024-10-21 10:00,13.2,.6,5.2,110,87,2167
102,백령도,2024-10-21 11:00,13.8,.1,5.3,110,84,2909
102,백령도,2024-10-21 12:00,14.4,0,4.3,140,84,2278
102,백령도,2024-10-21 13:00,16.2,0,6.1,140,79,3810
102,백령도,2024-10-21 14:00,17.3,,5.6,140,77,3764
102,백령도,2024-10-21 15:00,17.2,,4.7,140,77,3855
102,백령도,2024-10-21 16:00,16.8,,4.6,140,77,3942
102,백령도,2024-10-21 17:00,16.7,,4.4,140,78,3904
102,백령도,2024-10-21 18:00,16,,3.8,140,80,3065
102,백령도,2024-10-21 19:00,15.6,,4.2,110,77,3639
102,백령도,2024-10-21 20:00,15.6,,4.2,110,76,3630
102,백령도,2024-10-21 21:00,15.9,,4.3,110,75,3815
102,백령도,2024-10-21 22:00,15.9,0,3.4,110,76,3470
102,백령도,2024-10-21 23:00,15.1,.4,2.9,140,87,4064
102,백령도,2024-10-22 00:00,14.6,.2,2.4,110,90,1040
102,백령도,2024-10-22 01:00,14.6,.4,2.2,110,92,1179
102,백령도,2024-10-22 02:00,14.5,.1,2.6,110,93,1685
102,백령도,2024-10-22 03:00,14.6,0,3.1,110,92,2887
102,백령도,2024-10-22 04:00,14.6,,3.3,110,91,3028
102,백령도,2024-10-22 05:00,14.5,0,2.6,110,90,2574
102,백령도,2024-10-22 06:00,14.4,.1,2.7,110,90,3086
102,백령도,2024-10-22 07:00,14.2,.9,3.1,90,92,2076
102,백령도,2024-10-22 08:00,14.4,.2,3.3,110,91,1528
102,백령도,2024-10-22 09:00,14.2,2.4,2.8,110,94,434
102,백령도,2024-10-22 10:00,14.4,1.4,3.1,110,93,389
102,백령도,2024-10-22 11:00,14.6,.1,2.7,110,92,1024
102,백령도,2024-10-22 12:00,14.6,.8,2.1,110,96,289
102,백령도,2024-10-22 13:00,14.7,.7,2.4,110,96,383
102,백령도,2024-10-22 14:00,15,.2,2.3,110,96,1370
102,백령도,2024-10-22 15:00,15.4,0,2.8,140,96,533
102,백령도,2024-10-22 16:00,16,1.7,2.5,180,97,358
102,백령도,2024-10-22 17:00,16.2,2.3,1.6,180,97,118
102,백령도,2024-10-22 18:00,15.5,1.9,6.2,290,97,624
102,백령도,2024-10-22 19:00,15.1,.3,4.3,270,94,851
102,백령도,2024-10-22 20:00,14.7,0,6.5,270,89,4029
102,백령도,2024-10-22 21:00,14.7,0,8.3,270,90,2707
102,백령도,2024-10-22 22:00,13.3,0,12.4,290,90,2825
102,백령도,2024-10-22 23:00,12.5,0,9.9,290,86,3884
102,백령도,2024-10-23 00:00,11.5,0,10.5,320,89,1532
102,백령도,2024-10-23 01:00,11.5,0,10,290,79,4412
102,백령도,2024-10-23 02:00,11.4,0,10.3,320,83,3342
102,백령도,2024-10-23 03:00,11.3,0,10.3,320,80,3454
102,백령도,2024-10-23 04:00,11.4,0,10.8,320,77,3559
102,백령도,2024-10-23 05:00,11.3,0,11.9,320,73,3966
102,백령도,2024-10-23 06:00,11,,12.1,320,69,3645
102,백령도,2024-10-23 07:00,11,,11.1,320,68,3233
102,백령도,2024-10-23 08:00,11.1,,11.6,320,64,3362
102,백령도,2024-10-23 09:00,11.6,,10.5,320,63,3510
102,백령도,2024-10-23 10:00,12.1,,8.9,340,59,3136
102,백령도,2024-10-23 11:00,12.6,,9.4,320,57,3686
102,백령도,2024-10-23 12:00,13.3,,8,340,57,4150
102,백령도,2024-10-23 13:00,13.3,,8.1,320,58,3751
102,백령도,2024-10-23 14:00,13.2,,8.8,320,57,4408
102,백령도,2024-10-23 15:00,13.1,,7,320,58,3799
102,백령도,2024-10-23 16:00,13.2,,5.9,340,56,4022
102,백령도,2024-10-23 17:00,12.9,,5.7,320,52,4723
102,백령도,2024-10-23 18:00,12.5,,5.2,320,56,4788
102,백령도,2024-10-23 19:00,12.9,,4.8,340,57,4912
102,백령도,2024-10-23 20:00,13.2,,5.5,320,53,4976
102,백령도,2024-10-23 21:00,13.4,,4.9,320,53,4924
102,백령도,2024-10-23 22:00,13.5,,5,320,53,4929
102,백령도,2024-10-23 23:00,13.4,,4.9,320,56,4993
102,백령도,2024-10-24 00:00,13.6,,4.4,320,59,4943
102,백령도,2024-10-24 01:00,13.5,,4.3,320,65,4430
102,백령도,2024-10-24 02:00,13.1,,2.3,320,70,4069
102,백령도,2024-10-24 03:00,12,,1.4,290,76,3513
102,백령도,2024-10-24 04:00,11.8,,.4,0,80,3185
102,백령도,2024-10-24 05:00,12.5,,0,0,79,3231
102,백령도,2024-10-24 06:00,13.1,,.7,90,82,2463
102,백령도,2024-10-24 07:00,13,,1.2,110,84,2591
102,백령도,2024-10-24 08:00,13.8,,1.4,90,83,2833
102,백령도,2024-10-24 09:00,14.8,,1.8,90,79,3216
102,백령도,2024-10-24 10:00,16.1,,1.1,140,74,3260
102,백령도,2024-10-24 11:00,15.1,,1.8,90,79,3047
102,백령도,2024-10-24 12:00,17.6,,1.8,70,65,3103
102,백령도,2024-10-24 13:00,18,,2.1,340,55,2850
102,백령도,2024-10-24 14:00,17.5,,3,320,56,2471
102,백령도,2024-10-24 15:00,17.7,,2.6,320,55,1930
102,백령도,2024-10-24 16:00,17.2,,2.3,320,58,2003
102,백령도,2024-10-24 17:00,16.5,,1.5,320,61,1941
102,백령도,2024-10-24 18:00,14.5,,1,290,74,1762
102,백령도,2024-10-24 19:00,13.8,,1.3,290,73,1584
102,백령도,2024-10-24 20:00,13.1,,1.4,320,76,1529
102,백령도,2024-10-24 21:00,14.2,,0,0,71,1573
102,백령도,2024-10-24 22:00,14.6,,1.5,360,73,1508
102,백령도,2024-10-24 23:00,13.8,,.9,20,76,1356
102,백령도,2024-10-25 00:00,14.2,,1.9,70,84,986
102,백령도,2024-10-25 01:00,14.2,,1.3,70,83,954
102,백령도,2024-10-25 02:00,13.8,,2.3,70,85,913
102,백령도,2024-10-25 03:00,14.5,,2.2,50,79,1129
102,백령도,2024-10-25 04:00,13.9,,2.4,50,81,1074
102,백령도,2024-10-25 05:00,14.4,,2.4,20,76,1200
102,백령도,2024-10-25 06:00,13.5,,2,70,84,983
102,백령도,2024-10-25 07:00,13.4,,1.9,70,90,684
102,백령도,2024-10-25 08:00,14.1,,1.3,20,84,805
102,백령도,2024-10-25 09:00,15.8,,1.8,70,69,789
102,백령도,2024-10-25 10:00,16.7,,2.7,70,63,856
102,백령도,2024-10-25 11:00,17.3,,1.5,110,61,854
102,백령도,2024-10-25 12:00,17.7,,1.9,90,59,1098
102,백령도,2024-10-25 13:00,18.4,,1.8,90,48,1847
102,백령도,2024-10-25 14:00,18.8,,1.1,180,46,2190
102,백령도,2024-10-25 15:00,17.7,,1.6,200,52,2035
102,백령도,2024-10-25 16:00,17.4,,2.2,320,60,1420
102,백령도,2024-10-25 17:00,16.2,,2.3,320,65,1204
102,백령도,2024-10-25 18:00,14.9,,2.5,340,70,1129
102,백령도,2024-10-25 19:00,15.4,,2.5,340,76,883
102,백령도,2024-10-25 20:00,15.2,,.1,0,82,684
102,백령도,2024-10-25 21:00,14.7,,1.1,360,82,718
102,백령도,2024-10-25 22:00,15.7,,2.1,20,74,917
102,백령도,2024-10-25 23:00,15.3,,1.9,20,69,1130
102,백령도,2024-10-26 00:00,12.9,,2.3,20,81,1098
102,백령도,2024-10-26 01:00,14.9,,2.3,50,71,950
102,백령도,2024-10-26 02:00,14.9,,1.9,20,68,1040
102,백령도,2024-10-26 03:00,14.8,,2.4,50,72,958
102,백령도,2024-10-26 04:00,14.7,,2.5,50,70,1143
102,백령도,2024-10-26 05:00,14,,3,50,72,1099
102,백령도,2024-10-26 06:00,13.3,,1.9,90,79,828
102,백령도,2024-10-26 07:00,13.5,,1.1,140,87,604
102,백령도,2024-10-26 08:00,14.4,,1.9,90,84,709
102,백령도,2024-10-26 09:00,16.2,,1.4,110,70,921
102,백령도,2024-10-26 10:00,17.3,,2.1,90,64,1171
102,백령도,2024-10-26 11:00,18.3,,2.1,90,59,1455
102,백령도,2024-10-26 12:00,19.3,,2.6,140,50,2598
102,백령도,2024-10-26 13:00,19.5,,2,110,51,2763
102,백령도,2024-10-26 14:00,20.3,,1.8,70,44,3254
102,백령도,2024-10-26 15:00,19.6,,2.3,360,49,3677
102,백령도,2024-10-26 16:00,18.9,,2,320,58,2707
102,백령도,2024-10-26 17:00,17.7,,2.3,340,64,2104
102,백령도,2024-10-26 18:00,16.1,,0,0,74,1740
102,백령도,2024-10-26 19:00,15.8,,1.4,50,78,1740
102,백령도,2024-10-26 20:00,15.8,,.4,0,78,1573
102,백령도,2024-10-26 21:00,15,,0,0,81,1468
102,백령도,2024-10-26 22:00,14.7,,1,320,82,1751
102,백령도,2024-10-26 23:00,14.9,,1.5,290,78,2062
102,백령도,2024-10-27 00:00,15.7,,.2,0,78,1946
102,백령도,2024-10-27 01:00,15,,1.4,290,83,2006
102,백령도,2024-10-27 02:00,14.7,,1.1,250,87,1273
102,백령도,2024-10-27 03:00,14.8,,2.7,320,87,1228
102,백령도,2024-10-27 04:00,15.9,,4.8,320,84,710
102,백령도,2024-10-27 05:00,15.8,,3.8,320,89,541
102,백령도,2024-10-27 06:00,15.7,,2,340,89,527
102,백령도,2024-10-27 07:00,15.1,,1.9,290,92,430
102,백령도,2024-10-27 08:00,15.9,,4.3,320,81,916
102,백령도,2024-10-27 09:00,16.2,,3,320,80,727
102,백령도,2024-10-27 10:00,16.6,,4.6,320,78,837
102,백령도,2024-10-27 11:00,17.2,,6,340,80,506
102,백령도,2024-10-27 12:00,16.3,,7.9,340,79,448
102,백령도,2024-10-27 13:00,15.7,,7.8,340,75,530
102,백령도,2024-10-27 14:00,14.8,,8.4,340,77,631
102,백령도,2024-10-27 15:00,14,,9.2,340,76,864
102,백령도,2024-10-27 16:00,13.9,,8.4,340,75,1015
102,백령도,2024-10-27 17:00,13.8,,7.5,340,76,1012
102,백령도,2024-10-27 18:00,13.7,,6.6,340,74,1107
102,백령도,2024-10-27 19:00,13.8,,5.9,340,74,1095
102,백령도,2024-10-27 20:00,13.8,,5.5,340,75,1010
102,백령도,2024-10-27 21:00,13.8,,5.1,340,74,1058
102,백령도,2024-10-27 22:00,13.8,,4.8,340,74,1131
102,백령도,2024-10-27 23:00,13.9,,5,340,72,1144
102,백령도,2024-10-28 00:00,13.9,,5.7,340,72,1130
102,백령도,2024-10-28 01:00,13.8,,4.9,340,75,1154
102,백령도,2024-10-28 02:00,13.8,,4.7,340,76,1192
102,백령도,2024-10-28 03:00,13.7,,4.6,340,78,1133
102,백령도,2024-10-28 04:00,13.8,,3.5,340,80,1128
102,백령도,2024-10-28 05:00,13.4,,2.1,50,81,1047
102,백령도,2024-10-28 06:00,13.2,,4.1,360,79,1011
102,백령도,2024-10-28 07:00,12.9,,2.5,20,82,943
102,백령도,2024-10-28 08:00,13.3,,2,50,82,872
102,백령도,2024-10-28 09:00,14,,2.1,20,77,940
102,백령도,2024-10-28 10:00,15.4,,1.6,20,73,1059
102,백령도,2024-10-28 11:00,15.6,,1.9,340,65,1245
102,백령도,2024-10-28 12:00,17.2,,1.3,50,61,1359
102,백령도,2024-10-28 13:00,17.2,,2.2,360,58,1560
102,백령도,2024-10-28 14:00,17.1,,2.6,360,54,1513
102,백령도,2024-10-28 15:00,16.9,,2.5,360,65,1041
102,백령도,2024-10-28 16:00,16.3,,2.6,320,67,949
102,백령도,2024-10-28 17:00,15.7,,2.2,340,69,1057
102,백령도,2024-10-28 18:00,14.7,,1.6,320,77,977
102,백령도,2024-10-28 19:00,14.5,,2.3,340,79,897
102,백령도,2024-10-28 20:00,13.4,,.2,0,84,803
102,백령도,2024-10-28 21:00,13.6,,.6,290,83,817
102,백령도,2024-10-28 22:00,14.5,,.1,0,81,861
102,백령도,2024-10-28 23:00,14.8,,.1,0,80,850
102,백령도,2024-10-29 00:00,15.1,,1.6,70,84,663
102,백령도,2024-10-29 01:00,15.4,,3.2,110,76,1278
102,백령도,2024-10-29 02:00,15.5,,3.3,110,74,3880
102,백령도,2024-10-29 03:00,15.1,0,4.6,110,80,3568
102,백령도,2024-10-29 04:00,15.6,0,5.3,110,81,4691
102,백령도,2024-10-29 05:00,15.7,0,5.3,110,80,4250
102,백령도,2024-10-29 06:00,15.5,0,4.9,110,79,4502
102,백령도,2024-10-29 07:00,14.8,,3.9,110,82,4687
102,백령도,2024-10-29 08:00,14.7,,3.7,110,84,4299
102,백령도,2024-10-29 09:00,15.3,,4.2,110,80,4446
102,백령도,2024-10-29 10:00,15.8,,3.4,110,78,4361
102,백령도,2024-10-29 11:00,15.5,,3.4,110,76,3858
102,백령도,2024-10-29 12:00,15,.4,.3,0,88,2253
102,백령도,2024-10-29 13:00,16.9,0,3.2,140,80,3503
102,백령도,2024-10-29 14:00,17.3,,4.3,110,76,3613
102,백령도,2024-10-29 15:00,17,,3.1,110,78,3706
102,백령도,2024-10-29 16:00,17.4,,2.4,180,73,3216
102,백령도,2024-10-29 17:00,16.8,,3.1,270,63,2357
102,백령도,2024-10-29 18:00,14.5,,2,290,79,2199
102,백령도,2024-10-29 19:00,13.8,,2.1,290,82,2001
102,백령도,2024-10-29 20:00,13.8,,1.5,340,80,2352
102,백령도,2024-10-29 21:00,13.2,,1.3,290,82,2216
102,백령도,2024-10-29 22:00,12.9,,1.4,290,83,2211
102,백령도,2024-10-29 23:00,12.5,,1,270,85,2225
102,백령도,2024-10-30 00:00,13.5,,1.5,290,77,1823
102,백령도,2024-10-30 01:00,13.6,,2,320,72,2180
102,백령도,2024-10-30 02:00,13.2,,1.6,290,71,4551
102,백령도,2024-10-30 03:00,12.9,,2.2,290,74,4002
102,백령도,2024-10-30 04:00,15,,4.4,340,71,2493
102,백령도,2024-10-30 05:00,15,,3.8,320,70,2402
102,백령도,2024-10-30 06:00,14.9,,3,340,72,2614
102,백령도,2024-10-30 07:00,14.6,,2.4,340,75,1925
102,백령도,2024-10-30 08:00,15.4,,1.9,340,71,1730
102,백령도,2024-10-30 09:00,16.5,,3.1,360,68,1379
102,백령도,2024-10-30 10:00,17.4,,2.1,20,69,1374
102,백령도,2024-10-30 11:00,17.8,,2.4,360,64,872
102,백령도,2024-10-30 12:00,18.4,,3.3,360,63,700
102,백령도,2024-10-30 13:00,18.1,,2.9,360,64,751
102,백령도,2024-10-30 14:00,18,,3.8,320,65,720
102,백령도,2024-10-30 15:00,17.8,,3.7,320,68,755
102,백령도,2024-10-30 16:00,17.4,,3.6,320,70,729
102,백령도,2024-10-30 17:00,16.4,,3.6,320,75,681
102,백령도,2024-10-30 18:00,15.7,,4,320,79,637
102,백령도,2024-10-30 19:00,15.6,,2.8,340,79,723
102,백령도,2024-10-30 20:00,15.7,,3.7,340,76,740
102,백령도,2024-10-30 21:00,15.5,,2.6,20,76,834
102,백령도,2024-10-30 22:00,14.8,,2.6,50,78,933
102,백령도,2024-10-30 23:00,14.2,,1.4,90,82,872
102,백령도,2024-10-31 00:00,12.5,,1.3,290,87,650
102,백령도,2024-10-31 01:00,12.7,,.8,90,78,942
102,백령도,2024-10-31 02:00,13.8,,0,0,80,1166
102,백령도,2024-10-31 03:00,13.7,,0,0,80,1165
102,백령도,2024-10-31 04:00,14.1,,.4,0,85,983
102,백령도,2024-10-31 05:00,12.9,,1.1,290,88,1026
102,백령도,2024-10-31 06:00,14.2,,.8,340,84,1233
102,백령도,2024-10-31 07:00,13.8,,1.4,70,87,908
102,백령도,2024-10-31 08:00,13.7,,2,110,85,821
102,백령도,2024-10-31 09:00,15.9,,1.8,110,76,1191
102,백령도,2024-10-31 10:00,16.6,,2.4,110,63,1838
102,백령도,2024-10-31 11:00,16.4,,2.5,70,66,1529
102,백령도,2024-10-31 12:00,18,,1.9,110,52,2524
102,백령도,2024-10-31 13:00,18.6,,2.4,160,51,2612
102,백령도,2024-10-31 14:00,18.2,,2.9,360,49,2588
102,백령도,2024-10-31 15:00,18.3,,2.7,160,57,1796
102,백령도,2024-10-31 16:00,17.2,,1.4,200,62,1779
102,백령도,2024-10-31 17:00,16.3,,2.4,320,68,2201
102,백령도,2024-10-31 18:00,15.9,,2.9,340,65,2597
102,백령도,2024-10-31 19:00,16,,3.8,340,73,1926
102,백령도,2024-10-31 20:00,16,,3.4,360,75,1919
102,백령도,2024-10-31 21:00,16.2,,3.5,360,77,1897
102,백령도,2024-10-31 22:00,15.7,,1.3,70,79,1582
102,백령도,2024-10-31 23:00,15.5,,1.6,20,80,1721
102,백령도,2024-11-01 00:00,16,,1.1,50,76,1941
102,백령도,2024-11-01 01:00,15,,1.3,70,77,1817
102,백령도,2024-11-01 02:00,15.5,,2.6,20,81,2109
102,백령도,2024-11-01 03:00,15.3,,2.1,20,72,2479
102,백령도,2024-11-01 04:00,15.2,,2.8,340,67,4167
102,백령도,2024-11-01 05:00,15.9,,3.5,340,76,1816
102,백령도,2024-11-01 06:00,16.1,,4.6,360,80,1515
102,백령도,2024-11-01 07:00,16.3,,5.4,360,79,1763
102,백령도,2024-11-01 08:00,16.3,,2.7,50,78,1673
102,백령도,2024-11-01 09:00,16.2,,2.3,70,77,1581
102,백령도,2024-11-01 10:00,16.5,,2.8,70,77,1442
102,백령도,2024-11-01 11:00,17.1,,3.9,70,74,1276
102,백령도,2024-11-01 12:00,18.2,,2.4,50,62,1810
102,백령도,2024-11-01 13:00,18,,4.2,360,67,1656
102,백령도,2024-11-01 14:00,17.9,,3.7,360,56,2439
102,백령도,2024-11-01 15:00,17.5,,4.5,340,60,1997
102,백령도,2024-11-01 16:00,17.3,,4.4,360,64,1848
102,백령도,2024-11-01 17:00,16.9,,3.4,360,67,1358
102,백령도,2024-11-01 18:00,16.7,,4,340,69,732
102,백령도,2024-11-01 19:00,16.4,,5.5,340,80,574
102,백령도,2024-11-01 20:00,16.4,,3.8,360,82,505
102,백령도,2024-11-01 21:00,16.4,,5,360,81,611
102,백령도,2024-11-01 22:00,16.3,,3.9,360,76,904
102,백령도,2024-11-01 23:00,16.4,,4.3,360,80,718
102,백령도,2024-11-02 00:00,16.5,,2.2,360,82,712
102,백령도,2024-11-02 01:00,16.8,,3.4,360,79,845
102,백령도,2024-11-02 02:00,16.9,,2.9,360,70,1195
102,백령도,2024-11-02 03:00,17.1,,4.9,360,63,1736
102,백령도,2024-11-02 04:00,16.6,,4.4,360,70,1722
102,백령도,2024-11-02 05:00,16.8,,3.7,360,57,2300
102,백령도,2024-11-02 06:00,16.5,,1.1,290,60,2290
102,백령도,2024-11-02 07:00,16.2,,2.4,360,60,2164
102,백령도,2024-11-02 08:00,16.7,,6.2,360,56,2244
102,백령도,2024-11-02 09:00,17.5,,4.1,20,51,2777
102,백령도,2024-11-02 10:00,18.3,,2.2,340,49,2755
102,백령도,2024-11-02 11:00,18.9,,4.3,340,52,2901
102,백령도,2024-11-02 12:00,19.7,,3.7,360,52,3332
102,백령도,2024-11-02 13:00,20.2,,4,360,47,3223
102,백령도,2024-11-02 14:00,19.2,,4,340,55,3770
102,백령도,2024-11-02 15:00,18.8,,6.9,340,54,3551
102,백령도,2024-11-02 16:00,18.3,,6.8,340,64,3155
102,백령도,2024-11-02 17:00,17.6,,6.6,340,67,2380
102,백령도,2024-11-02 18:00,17.2,,5.9,340,69,2392
102,백령도,2024-11-02 19:00,17,,5.3,340,71,2218
102,백령도,2024-11-02 20:00,16.4,,2.2,340,72,2636
102,백령도,2024-11-02 21:00,16,,2.3,340,75,3002
102,백령도,2024-11-02 22:00,15.8,,2.8,340,71,3719
102,백령도,2024-11-02 23:00,16.2,,2.7,320,67,4292
102,백령도,2024-11-03 00:00,15.5,,3,340,81,3255
102,백령도,2024-11-03 01:00,15.8,,1.5,360,79,3874
102,백령도,2024-11-03 02:00,15.4,,1.6,110,78,3793
102,백령도,2024-11-03 03:00,15.5,,1.3,110,74,3458
102,백령도,2024-11-03 04:00,14.7,,1.8,140,76,3586
102,백령도,2024-11-03 05:00,14.6,,2,140,74,3722
102,백령도,2024-11-03 06:00,13.3,,2.1,110,80,3316
102,백령도,2024-11-03 07:00,14,,2.7,140,82,3061
102,백령도,2024-11-03 08:00,15.1,,2.2,110,72,3466
102,백령도,2024-11-03 09:00,16.6,,3.5,160,69,2606
102,백령도,2024-11-03 10:00,17.6,,2.9,140,67,3439
102,백령도,2024-11-03 11:00,18.4,,3.4,140,70,2404
102,백령도,2024-11-03 12:00,18.9,,3.9,180,74,1782
102,백령도,2024-11-03 13:00,19.3,,3.8,180,74,1674
102,백령도,2024-11-03 14:00,19.7,,3.9,200,67,2652
102,백령도,2024-11-03 15:00,20,,3.4,200,58,3330
102,백령도,2024-11-03 16:00,19.2,,3.5,200,64,4225
102,백령도,2024-11-03 17:00,18.3,,3.4,230,70,3169
102,백령도,2024-11-03 18:00,17,,3.7,230,78,3017
102,백령도,2024-11-03 19:00,16.5,,2.9,230,81,2948
102,백령도,2024-11-03 20:00,16.7,,2.4,230,84,2593
102,백령도,2024-11-03 21:00,16.7,,2.7,230,83,2451
102,백령도,2024-11-03 22:00,16.6,,2.9,230,85,2228
102,백령도,2024-11-03 23:00,16.8,,4.5,250,88,1822
102,백령도,2024-11-04 00:00,17.1,,5.1,250,89,1543
102,백령도,2024-11-04 01:00,17,,4.3,270,87,1561
102,백령도,2024-11-04 02:00,16.9,,4.5,320,78,1391
102,백령도,2024-11-04 03:00,16.6,,4.9,320,80,836
102,백령도,2024-11-04 04:00,16,,4.5,360,74,2705
102,백령도,2024-11-04 05:00,16.2,,3.4,360,59,3862
102,백령도,2024-11-04 06:00,15.3,,2.3,20,55,5000
102,백령도,2024-11-04 07:00,14.8,,2.5,360,58,4991
102,백령도,2024-11-04 08:00,15.9,,7.5,340,47,4994
102,백령도,2024-11-04 09:00,14,,10.7,340,64,2306
102,백령도,2024-11-04 10:00,13.3,,9.8,340,62,1956
102,백령도,2024-11-04 11:00,12.7,,11,340,62,2083
102,백령도,2024-11-04 12:00,12.7,,10.6,340,57,3483
102,백령도,2024-11-04 13:00,11.2,,10,360,53,4643
102,백령도,2024-11-04 14:00,11.5,,10.6,340,44,4593
102,백령도,2024-11-04 15:00,11.1,,9.4,340,37,4290
102,백령도,2024-11-04 16:00,11.2,,9.5,340,40,4479
102,백령도,2024-11-04 17:00,11.1,,9.2,360,42,3505
102,백령도,2024-11-04 18:00,11.1,,9.9,340,47,4926
102,백령도,2024-11-04 19:00,11.1,,10.2,340,49,4769
102,백령도,2024-11-04 20:00,11.4,,9,360,46,4888
102,백령도,2024-11-04 21:00,11.4,,6.5,360,44,4959
102,백령도,2024-11-04 22:00,11.4,,8.5,360,45,4487
102,백령도,2024-11-04 23:00,11,,8.2,360,46,4998
102,백령도,2024-11-05 00:00,10.6,,4.6,360,45,4906
102,백령도,2024-11-05 01:00,10.4,,5.1,360,45,4983
102,백령도,2024-11-05 02:00,10.1,,5.4,360,44,4753
102,백령도,2024-11-05 03:00,9.9,,4.8,360,41,4997
102,백령도,2024-11-05 04:00,9.9,,7.6,360,48,5000
102,백령도,2024-11-05 05:00,9.6,,6.9,360,48,5000
102,백령도,2024-11-05 06:00,9.4,,4.8,360,48,4949
102,백령도,2024-11-05 07:00,8.9,,3.1,20,52,4982
102,백령도,2024-11-05 08:00,9,,2.4,20,53,4924
102,백령도,2024-11-05 09:00,9.8,,3.7,20,51,4555
102,백령도,2024-11-05 10:00,10.4,,4.7,360,48,4160
102,백령도,2024-11-05 11:00,11.1,,6.4,360,44,4685
102,백령도,2024-11-05 12:00,10.9,,9.4,360,37,4436
102,백령도,2024-11-05 13:00,11.1,,10.8,340,30,4783
102,백령도,2024-11-05 14:00,11.5,,10.2,340,27,4887
102,백령도,2024-11-05 15:00,11.8,,7.9,340,35,4050
102,백령도,2024-11-05 16:00,11.7,,8.6,340,38,3596
102,백령도,2024-11-05 17:00,11.1,,6.2,340,42,4541
102,백령도,2024-11-05 18:00,11.1,,5.7,340,47,4672
102,백령도,2024-11-05 19:00,11.1,,4.4,340,49,4866
102,백령도,2024-11-05 20:00,11.2,,5.3,340,51,4754
102,백령도,2024-11-05 21:00,11.3,,5,340,52,4706
102,백령도,2024-11-05 22:00,12,,4.4,320,50,4764
102,백령도,2024-11-05 23:00,12.3,,6,320,41,4713
102,백령도,2024-11-06 00:00,12.2,,7.7,320,43,4711
102,백령도,2024-11-06 01:00,11.1,,4.2,70,52,4309
102,백령도,2024-11-06 02:00,10.8,,9.6,360,49,3365
102,백령도,2024-11-06 03:00,10.2,0,7.9,340,47,4134
102,백령도,2024-11-06 04:00,9.8,,9,360,49,4432
102,백령도,2024-11-06 05:00,9.7,,9.5,360,50,4790
102,백령도,2024-11-06 06:00,9.5,,8.9,360,49,4770
102,백령도,2024-11-06 07:00,9.3,,9.3,360,38,4987
102,백령도,2024-11-06 08:00,8.9,,10.9,360,41,4942
102,백령도,2024-11-06 09:00,9.1,,10.3,360,40,4885
102,백령도,2024-11-06 10:00,9.3,,10.5,360,42,4543
102,백령도,2024-11-06 11:00,9.5,,11.3,360,41,4898
102,백령도,2024-11-06 12:00,9.6,,11.3,360,40,4627
102,백령도,2024-11-06 13:00,9.7,,10.5,360,35,4368
102,백령도,2024-11-06 14:00,9.8,,9.9,360,38,4723
102,백령도,2024-11-06 15:00,9.7,,10.5,360,43,4677
102,백령도,2024-11-06 16:00,9.6,,9.7,360,42,4731
102,백령도,2024-11-06 17:00,9.2,,9.1,360,46,4670
102,백령도,2024-11-06 18:00,9,,9.1,360,45,4976
102,백령도,2024-11-06 19:00,9.1,,7.8,360,42,4989
102,백령도,2024-11-06 20:00,9.4,,7.6,360,39,5000
102,백령도,2024-11-06 21:00,9.5,,7.1,360,43,5000
102,백령도,2024-11-06 22:00,9.7,,6.8,360,40,5000
102,백령도,2024-11-06 23:00,9.7,,4.2,360,41,4979
102,백령도,2024-11-07 00:00,9.5,,3.3,20,43,5000
102,백령도,2024-11-07 01:00,9.1,,2.6,20,44,4985
102,백령도,2024-11-07 02:00,8.9,,2.5,20,46,5000
102,백령도,2024-11-07 03:00,8.4,,3,50,47,5000
102,백령도,2024-11-07 04:00,7.7,,2.2,70,53,4964
102,백령도,2024-11-07 05:00,7.9,,2.4,50,51,5000
102,백령도,2024-11-07 06:00,7.8,,2.4,50,52,5000
102,백령도,2024-11-07 07:00,7.5,,2,70,53,4981
102,백령도,2024-11-07 08:00,8.4,,1.1,90,54,4998
102,백령도,2024-11-07 09:00,10.4,,1.9,90,50,4790
102,백령도,2024-11-07 10:00,10.6,,2.2,140,53,4794
102,백령도,2024-11-07 11:00,11.5,,1.7,140,50,4707
102,백령도,2024-11-07 12:00,12.2,,1.9,90,48,4826
102,백령도,2024-11-07 13:00,12.6,,2.4,360,46,3975
102,백령도,2024-11-07 14:00,12.7,,2.8,360,48,4177
102,백령도,2024-11-07 15:00,12.3,,2.9,290,53,4517
102,백령도,2024-11-07 16:00,12.2,,2.8,340,54,4151
102,백령도,2024-11-07 17:00,11.6,,1.6,340,56,3944
102,백령도,2024-11-07 18:00,11,,2.2,360,60,3604
102,백령도,2024-11-07 19:00,11.2,,2,20,58,2944
102,백령도,2024-11-07 20:00,10.9,,2.7,50,58,2929
102,백령도,2024-11-07 21:00,10.6,,2.1,50,58,2287
102,백령도,2024-11-07 22:00,10.7,,1,20,60,2581
102,백령도,2024-11-07 23:00,10.5,,1.7,20,62,2488
102,백령도,2024-11-08 00:00,10.8,,2.2,50,58,2077
102,백령도,2024-11-08 01:00,10.7,,1.9,20,60,2553
102,백령도,2024-11-08 02:00,10.6,,1.3,50,61,2339
102,백령도,2024-11-08 03:00,10.5,,1.5,50,65,2391
102,백령도,2024-11-08 04:00,10.2,,2,50,65,2224
102,백령도,2024-11-08 05:00,10.4,,1.5,20,63,2322
102,백령도,2024-11-08 06:00,9.9,,1.3,50,66,2235
102,백령도,2024-11-08 07:00,9.6,,1.2,90,67,2005
102,백령도,2024-11-08 08:00,9.9,,.7,90,72,1624
102,백령도,2024-11-08 09:00,11.8,,1.3,110,62,1832
102,백령도,2024-11-08 10:00,12.6,,1.5,90,49,2626
102,백령도,2024-11-08 11:00,13.7,,1.9,70,34,3312
102,백령도,2024-11-08 12:00,14.1,,2,90,36,2862
102,백령도,2024-11-08 13:00,14.8,,1.6,70,29,2585
102,백령도,2024-11-08 14:00,14.5,,2.6,340,34,2726
102,백령도,2024-11-08 15:00,14.7,,2.8,320,39,2267
102,백령도,2024-11-08 16:00,14.2,,3.4,320,46,2045
102,백령도,2024-11-08 17:00,13.6,,2.7,340,51,1926
102,백령도,2024-11-08 18:00,13.1,,2.1,20,57,1802
102,백령도,2024-11-08 19:00,12.8,,2.8,360,61,1824
102,백령도,2024-11-08 20:00,12.5,,2.1,340,62,1800
102,백령도,2024-11-08 21:00,12.3,,1.4,50,64,1739
102,백령도,2024-11-08 22:00,11.5,,1.7,360,68,1606
102,백령도,2024-11-08 23:00,12.3,,1.5,50,56,1789
102,백령도,2024-11-09 00:00,11.1,,2.1,20,63,1591
102,백령도,2024-11-09 01:00,11.7,,1.8,20,56,1758
102,백령도,2024-11-09 02:00,11.8,,1.2,20,60,1797
102,백령도,2024-11-09 03:00,11.1,,2.5,90,68,1313
102,백령도,2024-11-09 04:00,11,,2.2,70,69,1282
102,백령도,2024-11-09 05:00,10.8,,2.1,70,70,1361
102,백령도,2024-11-09 06:00,10.7,,2,70,76,1437
102,백령도,2024-11-09 07:00,10.7,,2.2,90,84,878
102,백령도,2024-11-09 08:00,11,,2.6,90,77,1377
102,백령도,2024-11-09 09:00,13.4,,2.8,90,66,2031
102,백령도,2024-11-09 10:00,13.9,,2.9,110,69,1410
102,백령도,2024-11-09 11:00,15.3,,2.4,110,56,1803
102,백령도,2024-11-09 12:00,16.5,,2.1,140,39,2229
102,백령도,2024-11-09 13:00,16.1,,2.2,200,31,2433
102,백령도,2024-11-09 14:00,17,,1.8,140,26,2462
102,백령도,2024-11-09 15:00,17,,1.9,180,29,3000
102,백령도,2024-11-09 16:00,16,,.8,250,40,2569
102,백령도,2024-11-09 17:00,14.1,,.6,230,50,2952
102,백령도,2024-11-09 18:00,13.4,,0,0,47,3389
102,백령도,2024-11-09 19:00,13.1,,0,0,53,3224
102,백령도,2024-11-09 20:00,12.3,,1.2,290,60,2850
102,백령도,2024-11-09 21:00,13,,.9,340,60,2831
102,백령도,2024-11-09 22:00,13,,0,0,65,2773
102,백령도,2024-11-09 23:00,13.2,,1.2,90,70,2291
102,백령도,2024-11-10 00:00,12.8,,1.7,70,80,1306
102,백령도,2024-11-10 01:00,12.9,,1.7,70,78,1279
102,백령도,2024-11-10 02:00,12.4,,1.5,90,77,1310
102,백령도,2024-11-10 03:00,11.9,,1.2,70,77,1301
102,백령도,2024-11-10 04:00,12.4,,1.7,110,76,1269
102,백령도,2024-11-10 05:00,12.5,,1.5,110,77,1306
102,백령도,2024-11-10 06:00,12.6,,1.3,110,74,1407
102,백령도,2024-11-10 07:00,12.5,,.9,110,72,1820
102,백령도,2024-11-10 08:00,13.1,,1.9,140,67,2449
102,백령도,2024-11-10 09:00,14.6,,1.1,110,63,2606
102,백령도,2024-11-10 10:00,16.2,,1.3,110,55,3056
102,백령도,2024-11-10 11:00,16.7,,2.3,90,55,1876
102,백령도,2024-11-10 12:00,17.1,,1.3,70,56,2023
102,백령도,2024-11-10 13:00,16.6,,3.2,320,59,3026
102,백령도,2024-11-10 14:00,16.5,,3.5,320,64,2619
102,백령도,2024-11-10 15:00,16.8,,2.7,320,64,3330
102,백령도,2024-11-10 16:00,16.1,,3.5,320,66,2110
102,백령도,2024-11-10 17:00,15.2,,3.5,340,71,2474
102,백령도,2024-11-10 18:00,14.6,,2.7,340,74,2563
102,백령도,2024-11-10 19:00,14.4,,2.5,360,76,2699
102,백령도,2024-11-10 20:00,14.3,,3,340,75,2833
102,백령도,2024-11-10 21:00,14.9,,3.7,340,72,3106
102,백령도,2024-11-10 22:00,15.1,,3.6,340,74,3111
102,백령도,2024-11-10 23:00,15.1,,3,340,76,2482
102,백령도,2024-11-11 00:00,14.8,,2.6,340,83,1662
102,백령도,2024-11-11 01:00,15.3,,3.3,320,83,1391
102,백령도,2024-11-11 02:00,15.2,,5.6,360,86,661
102,백령도,2024-11-11 03:00,14.7,,2.8,360,85,842
102,백령도,2024-11-11 04:00,14.2,,3.2,360,85,1039
102,백령도,2024-11-11 05:00,13.7,,1.7,20,86,739
102,백령도,2024-11-11 06:00,13.4,,2.5,360,84,812
102,백령도,2024-11-11 07:00,12.7,,2.1,50,84,872
102,백령도,2024-11-11 08:00,12.8,,2.4,50,83,1132
102,백령도,2024-11-11 09:00,13.9,,1.4,20,76,1667
102,백령도,2024-11-11 10:00,14.7,,2.6,360,69,2642
102,백령도,2024-11-11 11:00,15.4,,2.5,340,61,2949
102,백령도,2024-11-11 12:00,15.7,,2.9,360,64,2392
102,백령도,2024-11-11 13:00,15.8,,4.2,320,64,2693
102,백령도,2024-11-11 14:00,15.7,,3.7,320,62,3822
102,백령도,2024-11-11 15:00,15.5,,3.5,320,60,3337
102,백령도,2024-11-11 16:00,15.1,,2.4,320,62,3873
102,백령도,2024-11-11 17:00,14.1,,2.2,290,64,3644
102,백령도,2024-11-11 18:00,12,,2.8,290,74,3023
102,백령도,2024-11-11 19:00,12.4,,2.3,270,73,2958
102,백령도,2024-11-11 20:00,12.7,,2.5,270,78,2553
102,백령도,2024-11-11 21:00,13.1,,3.3,320,77,2271
102,백령도,2024-11-11 22:00,12.4,,2.2,270,77,2530
102,백령도,2024-11-11 23:00,12.1,,2.1,270,74,3305
102,백령도,2024-11-12 00:00,12,,2.9,270,76,3737
102,백령도,2024-11-12 01:00,12.4,,2.7,270,67,4749
102,백령도,2024-11-12 02:00,13.4,,3.9,290,70,4910
102,백령도,2024-11-12 03:00,13.6,,4.2,320,67,4972
102,백령도,2024-11-12 04:00,13.8,,5.1,320,62,4908
102,백령도,2024-11-12 05:00,13.8,,4.5,320,69,4335
102,백령도,2024-11-12 06:00,14.2,,3.7,320,73,3444
102,백령도,2024-11-12 07:00,14.2,,2.6,340,72,3235
102,백령도,2024-11-12 08:00,14.6,,3.4,320,75,2108
102,백령도,2024-11-12 09:00,15,,6.4,340,62,2079
102,백령도,2024-11-12 10:00,15.5,,5.4,360,56,2537
102,백령도,2024-11-12 11:00,15.8,,5.4,360,59,2227
102,백령도,2024-11-12 12:00,15.9,,6.4,360,54,2032
102,백령도,2024-11-12 13:00,15.6,,6.9,360,58,2156
102,백령도,2024-11-12 14:00,16.1,,5.4,360,51,3470
102,백령도,2024-11-12 15:00,15.7,,5.7,360,52,3061
102,백령도,2024-11-12 16:00,15.3,,4.9,360,47,4409
102,백령도,2024-11-12 17:00,14.2,,6,340,43,4890
102,백령도,2024-11-12 18:00,13.2,,4.8,360,47,4944
102,백령도,2024-11-12 19:00,13.4,,4.4,360,42,4920
102,백령도,2024-11-12 20:00,13.7,,4.4,360,44,3974
102,백령도,2024-11-12 21:00,13.3,,1.6,20,43,4883
102,백령도,2024-11-12 22:00,13.4,,1.7,20,40,4916
102,백령도,2024-11-12 23:00,13.4,,2.2,20,39,4999
102,백령도,2024-11-13 00:00,13.2,,2.3,20,40,4991
102,백령도,2024-11-13 01:00,12.6,,2.1,50,33,4954
102,백령도,2024-11-13 02:00,12.2,,1.8,50,29,5000
102,백령도,2024-11-13 03:00,12.4,,2.3,50,25,5000
102,백령도,2024-11-13 04:00,11.7,,2.3,50,37,5000
102,백령도,2024-11-13 05:00,11.3,,1.3,90,34,5000
102,백령도,2024-11-13 06:00,10.1,,.9,360,48,5000
102,백령도,2024-11-13 07:00,10.5,,0,0,49,4998
102,백령도,2024-11-13 08:00,11.5,,1.4,320,44,5000
102,백령도,2024-11-13 09:00,13.2,,1.4,90,51,4409
102,백령도,2024-11-13 10:00,13.9,,3.1,90,36,4713
102,백령도,2024-11-13 11:00,14.4,,3.1,110,31,4671
102,백령도,2024-11-13 12:00,15.5,,3.2,140,30,3842
102,백령도,2024-11-13 13:00,14.9,,2.2,160,34,3943
102,백령도,2024-11-13 14:00,15.6,,1.7,140,30,3695
102,백령도,2024-11-13 15:00,15.4,,1.4,160,28,3895
102,백령도,2024-11-13 16:00,14.8,,1,200,38,3160
102,백령도,2024-11-13 17:00,14.1,,.9,180,41,3031
102,백령도,2024-11-13 18:00,13.4,,0,0,42,4154
102,백령도,2024-11-13 19:00,13.1,,1.1,340,51,4533
102,백령도,2024-11-13 20:00,12.4,,.9,200,57,4564
102,백령도,2024-11-13 21:00,12.4,,0,0,54,4290
102,백령도,2024-11-13 22:00,13.1,,0,0,50,4078
102,백령도,2024-11-13 23:00,13,,0,0,53,4133
102,백령도,2024-11-14 00:00,12.7,,.7,160,54,4187
102,백령도,2024-11-14 01:00,13.1,,.6,160,57,4114
102,백령도,2024-11-14 02:00,12.9,,0,0,62,3746
102,백령도,2024-11-14 03:00,13.5,,1.9,160,74,2632
102,백령도,2024-11-14 04:00,14.1,,2.5,160,76,1809
102,백령도,2024-11-14 05:00,13.8,,2.5,140,83,1303
102,백령도,2024-11-14 06:00,14.3,,2.4,140,79,1606
102,백령도,2024-11-14 07:00,14.1,,2.3,110,85,764
102,백령도,2024-11-14 08:00,14.3,,3.3,110,87,569
102,백령도,2024-11-14 09:00,15,,2.9,110,89,508
102,백령도,2024-11-14 10:00,15.5,,2.9,140,88,562
102,백령도,2024-11-14 11:00,15.5,,3,140,90,533
102,백령도,2024-11-14 12:00,15.8,.1,3.2,140,92,591
102,백령도,2024-11-14 13:00,16.4,,2.8,160,90,1563
102,백령도,2024-11-14 14:00,16.4,,3,160,87,2635
102,백령도,2024-11-14 15:00,16.1,.3,4,160,88,1320
102,백령도,2024-11-14 16:00,15.7,,2.8,160,91,880
102,백령도,2024-11-14 17:00,15.4,,4.7,160,89,853
102,백령도,2024-11-14 18:00,15.3,2,5.5,160,91,1825
102,백령도,2024-11-14 19:00,15,,2.7,180,94,756
102,백령도,2024-11-14 20:00,14.8,,3.4,180,94,642
102,백령도,2024-11-14 21:00,14.5,2.4,4.5,180,96,435
102,백령도,2024-11-14 22:00,14.4,,3.1,160,95,345
102,백령도,2024-11-14 23:00,14.4,,1.6,160,96,212
102,백령도,2024-11-15 00:00,14.2,2.9,2.1,110,97,182
102,백령도,2024-11-15 01:00,14,,3,90,97,171
102,백령도,2024-11-15 02:00,13.8,,2.5,110,97,319
102,백령도,2024-11-15 03:00,13.9,2.4,2.7,110,97,134
102,백령도,2024-11-15 04:00,13.8,,2.5,110,97,154
102,백령도,2024-11-15 05:00,13.6,,3.5,90,97,213
102,백령도,2024-11-15 06:00,13.5,.8,3.5,90,97,238
102,백령도,2024-11-15 07:00,13.6,,3.8,90,97,367
102,백령도,2024-11-15 08:00,13.7,,3.8,90,96,956
102,백령도,2024-11-15 09:00,14.1,,2.9,110,95,852
102,백령도,2024-11-15 10:00,14.7,,2.9,110,88,1181
102,백령도,2024-11-15 11:00,15.6,,2.9,110,83,1165
102,백령도,2024-11-15 12:00,16.4,,4,110,79,824
102,백령도,2024-11-15 13:00,16.9,,4.8,160,76,884
102,백령도,2024-11-15 14:00,17.2,,4.3,140,75,985
102,백령도,2024-11-15 15:00,16.6,,3.2,140,75,1530
102,백령도,2024-11-15 16:00,16.4,,2.5,140,75,1592
102,백령도,2024-11-15 17:00,16.1,,1.4,140,76,1502
102,백령도,2024-11-15 18:00,15.5,,.2,0,81,1640
102,백령도,2024-11-15 19:00,15.5,,.3,0,83,1469
102,백령도,2024-11-15 20:00,15.5,,.5,110,85,1528
102,백령도,2024-11-15 21:00,15.5,,1.4,140,83,1545
102,백령도,2024-11-15 22:00,16.1,,2.5,140,70,2564
102,백령도,2024-11-15 23:00,15,,3.9,160,84,1221
102,백령도,2024-11-16 00:00,14.8,0,3.7,110,90,777
102,백령도,2024-11-16 01:00,15.1,,2.5,110,89,958
102,백령도,2024-11-16 02:00,15,,2.5,110,88,915
102,백령도,2024-11-16 03:00,14.9,.2,2.9,110,89,568
102,백령도,2024-11-16 04:00,15.2,,2.8,140,88,965
102,백령도,2024-11-16 05:00,15.7,,3.2,160,88,1437
102,백령도,2024-11-16 06:00,16.3,.1,3.6,160,88,1653
102,백령도,2024-11-16 07:00,16.1,,4.1,140,92,1110
102,백령도,2024-11-16 08:00,16.3,,3.2,180,93,613
102,백령도,2024-11-16 09:00,16.9,1.1,4,230,92,529
102,백령도,2024-11-16 10:00,16.7,,3.7,250,92,2387
102,백령도,2024-11-16 11:00,16.6,,3.1,250,92,1726
102,백령도,2024-11-16 12:00,16.8,.2,3.9,290,92,1795
102,백령도,2024-11-16 13:00,16.2,,3.5,320,93,1233
102,백령도,2024-11-16 14:00,16.1,,4.4,290,92,1448
102,백령도,2024-11-16 15:00,15.9,0,4.8,320,91,892
102,백령도,2024-11-16 16:00,15.5,,5.4,320,90,1329
102,백령도,2024-11-16 17:00,15.3,,6.4,320,88,1149
102,백령도,2024-11-16 18:00,15.1,0,8.7,340,82,3770
102,백령도,2024-11-16 19:00,14.6,,9.2,340,79,2086
102,백령도,2024-11-16 20:00,14.5,,10.7,340,72,2459
102,백령도,2024-11-16 21:00,13,,10.2,340,69,2856
102,백령도,2024-11-16 22:00,12.2,,12.4,340,63,2796
102,백령도,2024-11-16 23:00,11.4,,14.1,340,59,3010
102,백령도,2024-11-17 00:00,10.6,,14.4,340,54,3549
102,백령도,2024-11-17 01:00,10.2,,13.6,360,52,3616
102,백령도,2024-11-17 02:00,9.7,,13.2,360,51,3953
102,백령도,2024-11-17 03:00,9.3,,12.7,360,49,3756
102,백령도,2024-11-17 04:00,9.1,,13.3,360,42,4645
102,백령도,2024-11-17 05:00,9.1,,11.5,360,32,4621
102,백령도,2024-11-17 06:00,9.2,,12.2,360,28,4785
102,백령도,2024-11-17 07:00,8.8,,11.5,360,33,4858
102,백령도,2024-11-17 08:00,8.7,,10.8,360,36,4960
102,백령도,2024-11-17 09:00,8.3,,11.4,360,29,4760
102,백령도,2024-11-17 10:00,8.1,,9.6,360,33,4870
102,백령도,2024-11-17 11:00,8.4,,10.4,360,33,4820
102,백령도,2024-11-17 12:00,8.1,,10.6,360,28,4792
102,백령도,2024-11-17 13:00,7.8,,11.2,360,30,4636
102,백령도,2024-11-17 14:00,7.1,,11.6,360,27,4576
102,백령도,2024-11-17 15:00,6.9,,11.7,360,34,4804
102,백령도,2024-11-17 16:00,6.2,,11.4,360,36,4790
102,백령도,2024-11-17 17:00,5.8,,9.7,360,38,4878
102,백령도,2024-11-17 18:00,5.9,,10.1,360,36,5000
102,백령도,2024-11-17 19:00,6.4,,9.2,340,39,4981
102,백령도,2024-11-17 20:00,6.9,,9.7,360,40,5000
102,백령도,2024-11-17 21:00,6.8,,11.3,360,37,4999
102,백령도,2024-11-17 22:00,6.4,,11.4,360,34,4920
102,백령도,2024-11-17 23:00,6.2,,9.7,360,35,4924
102,백령도,2024-11-18 00:00,5.9,,6.8,360,31,4971
102,백령도,2024-11-18 01:00,5.9,,9.3,360,33,5000
102,백령도,2024-11-18 02:00,6,,9.7,360,34,4955
102,백령도,2024-11-18 03:00,5.8,,11.7,360,37,4958
102,백령도,2024-11-18 04:00,5.6,,11.7,360,39,4975
102,백령도,2024-11-18 05:00,5.1,,11.8,360,37,4986
102,백령도,2024-11-18 06:00,4.9,,12.9,360,41,4865
102,백령도,2024-11-18 07:00,4.4,,12.9,360,43,4916
102,백령도,2024-11-18 08:00,4,,10,360,42,4945
102,백령도,2024-11-18 09:00,4,,6.6,360,39,4584
102,백령도,2024-11-18 10:00,4.1,,7.7,360,40,4667
102,백령도,2024-11-18 11:00,4.5,,6.8,360,39,4907
102,백령도,2024-11-18 12:00,4.7,,5.5,360,40,4844
102,백령도,2024-11-18 13:00,4.5,,5.7,360,42,4841
102,백령도,2024-11-18 14:00,4,,7.6,360,39,4692
102,백령도,2024-11-18 15:00,4.1,,6.4,360,43,4775
102,백령도,2024-11-18 16:00,3.8,,6.4,360,46,4454
102,백령도,2024-11-18 17:00,3.4,,6.4,360,44,4993
102,백령도,2024-11-18 18:00,3.4,,8.5,360,44,4996
102,백령도,2024-11-18 19:00,3.6,,5.2,360,46,5000
102,백령도,2024-11-18 20:00,3.9,,4.9,360,44,5000
102,백령도,2024-11-18 21:00,3.3,,4,50,47,4991
102,백령도,2024-11-18 22:00,3.1,,3.5,50,46,4992
102,백령도,2024-11-18 23:00,3.1,,5.7,70,41,4951
102,백령도,2024-11-19 00:00,3.1,,3.6,50,41,4994
102,백령도,2024-11-19 01:00,3.1,,4.6,70,43,4998
102,백령도,2024-11-19 02:00,3,,3.2,50,42,5000
102,백령도,2024-11-19 03:00,2.6,,2.2,50,44,4972
102,백령도,2024-11-19 04:00,2.7,,2.7,50,45,4999
102,백령도,2024-11-19 05:00,3.1,,3.2,50,44,4982
102,백령도,2024-11-19 06:00,3.1,,2,20,49,4999
102,백령도,2024-11-19 07:00,3,,1.6,20,53,5000
102,백령도,2024-11-19 08:00,3.6,,1.5,20,52,4658
102,백령도,2024-11-19 09:00,4.4,,1.2,20,52,4809
102,백령도,2024-11-19 10:00,6,,2.5,90,47,4935
102,백령도,2024-11-19 11:00,5.2,,2,70,47,4812
102,백령도,2024-11-19 12:00,5.8,,.7,50,44,4371
102,백령도,2024-11-19 13:00,6.9,,1.7,360,44,4286
102,백령도,2024-11-19 14:00,7.5,,2.8,340,36,4676
102,백령도,2024-11-19 15:00,7.8,,2.9,340,41,4811
102,백령도,2024-11-19 16:00,7.3,,3.3,340,47,4297
102,백령도,2024-11-19 17:00,7,,2.4,340,48,4380
102,백령도,2024-11-19 18:00,6.3,,1.8,340,49,4385
102,백령도,2024-11-19 19:00,6.3,,2.3,340,52,3654
102,백령도,2024-11-19 20:00,6.4,,.3,0,56,3372
102,백령도,2024-11-19 21:00,5.7,,1.3,200,61,3220
102,백령도,2024-11-19 22:00,5.7,,1.9,200,67,2959
102,백령도,2024-11-19 23:00,7.1,,1.9,250,64,3459
102,백령도,2024-11-20 00:00,7.1,,1.8,250,65,4403
102,백령도,2024-11-20 01:00,7.6,,1,230,64,4692
102,백령도,2024-11-20 02:00,7.7,,1.4,200,64,4533
102,백령도,2024-11-20 03:00,9.4,,3,250,66,2494
102,백령도,2024-11-20 04:00,10.4,,5.5,270,60,2813
102,백령도,2024-11-20 05:00,10.5,,5.3,270,60,1954
102,백령도,2024-11-20 06:00,10.4,,4.1,250,61,2300
102,백령도,2024-11-20 07:00,10.7,,4,250,64,1596
102,백령도,2024-11-20 08:00,10.9,,2.8,290,73,1080
102,백령도,2024-11-20 09:00,11.7,.1,4.6,270,65,1283
102,백령도,2024-11-20 10:00,12.1,,6,270,65,1335
102,백령도,2024-11-20 11:00,9.9,,3.2,290,88,734
102,백령도,2024-11-20 12:00,9.9,1.5,4.3,290,90,536
102,백령도,2024-11-20 13:00,10.2,,4,290,83,2924
102,백령도,2024-11-20 14:00,10.8,,2,90,89,612
102,백령도,2024-11-20 15:00,10.7,1.5,1.5,110,84,942
102,백령도,2024-11-20 16:00,10.1,,1.9,230,91,264
102,백령도,2024-11-20 17:00,10.4,,2.7,270,83,1262
102,백령도,2024-11-20 18:00,10.7,2.8,2.7,290,82,869
102,백령도,2024-11-20 19:00,10.7,,3.5,290,81,947
102,백령도,2024-11-20 20:00,11.3,,4.2,290,73,1305
102,백령도,2024-11-20 21:00,11.3,.1,5.4,320,75,1408
102,백령도,2024-11-20 22:00,11.9,,5.8,290,75,1282
102,백령도,2024-11-20 23:00,11.5,,5.3,320,76,1286
102,백령도,2024-11-21 00:00,11.4,0,4.1,340,79,824
102,백령도,2024-11-21 01:00,11.8,,4.8,290,71,1070
102,백령도,2024-11-21 02:00,11.7,,4.5,290,69,1209
102,백령도,2024-11-21 03:00,11.5,0,4.1,290,70,1072
102,백령도,2024-11-21 04:00,11.5,,3,270,70,1061
102,백령도,2024-11-21 05:00,11.6,,4.3,290,67,1145
102,백령도,2024-11-21 06:00,11.3,.1,3.9,290,65,1250
102,백령도,2024-11-21 07:00,11.2,,3.8,290,61,1303
102,백령도,2024-11-21 08:00,11.1,,3,270,62,1620
102,백령도,2024-11-21 09:00,12.3,,5,290,54,1823
102,백령도,2024-11-21 10:00,13.2,,5.6,290,44,2483
102,백령도,2024-11-21 11:00,13.6,,6.4,290,45,1893
102,백령도,2024-11-21 12:00,14.3,,6.2,290,46,1540
102,백령도,2024-11-21 13:00,13.9,,6.1,290,51,1190
102,백령도,2024-11-21 14:00,14.2,,7.1,290,49,1262
102,백령도,2024-11-21 15:00,13.7,0,6,290,56,1157
102,백령도,2024-11-21 16:00,13.3,,6.7,290,60,1033
102,백령도,2024-11-21 17:00,12.8,,6.5,290,56,1029
102,백령도,2024-11-21 18:00,12.3,,7.1,320,58,1058
102,백령도,2024-11-21 19:00,11.7,,6.1,340,44,3285
102,백령도,2024-11-21 20:00,11.4,,8.5,340,34,4263
102,백령도,2024-11-21 21:00,11.3,,8.8,340,40,3113
102,백령도,2024-11-21 22:00,11.1,,7.8,340,48,3861
102,백령도,2024-11-21 23:00,10.2,,9.9,340,46,4056
102,백령도,2024-11-22 00:00,9.8,,9,360,47,4162
102,백령도,2024-11-22 01:00,9.4,,9.4,360,46,4353
102,백령도,2024-11-22 02:00,9.1,,8.8,360,46,4433
102,백령도,2024-11-22 03:00,8.9,,9.5,340,45,4655
102,백령도,2024-11-22 04:00,8.7,,9.5,340,46,4938
102,백령도,2024-11-22 05:00,8.5,,8.4,360,48,4661
102,백령도,2024-11-22 06:00,8.1,,9.3,360,47,4886
102,백령도,2024-11-22 07:00,7.9,,8.4,360,45,4990
102,백령도,2024-11-22 08:00,7.5,,5.9,360,39,5000
102,백령도,2024-11-22 09:00,7.6,,5.3,360,35,4873
102,백령도,2024-11-22 10:00,7.9,,4.3,20,36,4653
102,백령도,2024-11-22 11:00,8.1,,5.5,360,35,4943
102,백령도,2024-11-22 12:00,8.5,,6.8,360,36,4702
102,백령도,2024-11-22 13:00,8.7,,6.2,360,36,4263
102,백령도,2024-11-22 14:00,8.5,,9.1,360,32,4842
102,백령도,2024-11-22 15:00,8.3,,7.9,360,36,4463
102,백령도,2024-11-22 16:00,8,,7.9,360,40,4681
102,백령도,2024-11-22 17:00,7.3,,6.5,360,46,4854
102,백령도,2024-11-22 18:00,7.2,,7.6,360,41,5000
102,백령도,2024-11-22 19:00,7.5,,6.5,360,41,4994
102,백령도,2024-11-22 20:00,7.6,,4.5,360,34,5000
102,백령도,2024-11-22 21:00,7.7,,4.2,360,33,4998
102,백령도,2024-11-22 22:00,7,,4.2,50,35,5000
102,백령도,2024-11-22 23:00,6.4,,3.6,50,38,4972
102,백령도,2024-11-23 00:00,5.9,,4.2,50,41,4895
102,백령도,2024-11-23 01:00,5.6,,3.7,50,34,4855
102,백령도,2024-11-23 02:00,5.4,,2.2,20,26,4908
102,백령도,2024-11-23 03:00,5.5,,3.7,360,26,4986
102,백령도,2024-11-23 04:00,5.4,,2.5,50,40,4976
102,백령도,2024-11-23 05:00,5.2,,1.9,50,40,4987
102,백령도,2024-11-23 06:00,5.3,,1.9,50,35,4989
102,백령도,2024-11-23 07:00,5.5,,2.1,50,30,4873
102,백령도,2024-11-23 08:00,5.7,,1.7,50,31,4976
102,백령도,2024-11-23 09:00,7.4,,1.1,70,29,4854
102,백령도,2024-11-23 10:00,8.2,,1.6,90,28,4054
102,백령도,2024-11-23 11:00,8.6,,2,110,30,4007
102,백령도,2024-11-23 12:00,9,,1.9,70,31,4079
102,백령도,2024-11-23 13:00,9.6,,2.1,70,29,3943
102,백령도,2024-11-23 14:00,9.1,,2.3,90,28,4119
102,백령도,2024-11-23 15:00,9.3,,1,360,31,4557
102,백령도,2024-11-23 16:00,9.1,,1.7,340,26,4616
102,백령도,2024-11-23 17:00,8.1,,.9,340,33,4434
102,백령도,2024-11-23 18:00,6.3,,1.4,320,44,4578
102,백령도,2024-11-23 19:00,6.5,,1.4,320,45,4597
102,백령도,2024-11-23 20:00,6.6,,2,340,49,4419
102,백령도,2024-11-23 21:00,6.9,,1.8,360,51,4397
102,백령도,2024-11-23 22:00,6.6,,1.1,20,54,3564
102,백령도,2024-11-23 23:00,7.1,,1.2,20,51,3454
102,백령도,2024-11-24 00:00,6.5,,0,0,52,3768
102,백령도,2024-11-24 01:00,6.7,,0,0,51,3640
102,백령도,2024-11-24 02:00,6.5,,0,0,53,3776
102,백령도,2024-11-24 03:00,6.5,,0,0,54,4022
102,백령도,2024-11-24 04:00,7.2,,1,90,46,3864
102,백령도,2024-11-24 05:00,6.9,,1.6,20,46,3777
102,백령도,2024-11-24 06:00,6.7,,2,50,49,3345
102,백령도,2024-11-24 07:00,6.9,,2.5,50,51,3511
102,백령도,2024-11-24 08:00,7.2,,2.2,70,53,3912
102,백령도,2024-11-24 09:00,8.8,,2.1,50,49,3863
102,백령도,2024-11-24 10:00,9.6,,1.7,70,46,4056
102,백령도,2024-11-24 11:00,10.1,,2,90,47,4194
102,백령도,2024-11-24 12:00,10.4,,1.9,110,45,3128
102,백령도,2024-11-24 13:00,11.1,,1.6,140,29,4010
102,백령도,2024-11-24 14:00,11,,2,110,29,3237
102,백령도,2024-11-24 15:00,10.8,,1.6,90,32,3856
102,백령도,2024-11-24 16:00,10.4,,2.1,340,39,3550
102,백령도,2024-11-24 17:00,9.3,,.7,320,50,3238
102,백령도,2024-11-24 18:00,9.1,,.8,20,54,2988
102,백령도,2024-11-24 19:00,9,,1.5,50,49,2925
102,백령도,2024-11-24 20:00,9.2,,1.5,20,49,2784
102,백령도,2024-11-24 21:00,9,,1,50,52,2693
102,백령도,2024-11-24 22:00,8.9,,.3,0,52,2644
102,백령도,2024-11-24 23:00,9,,1.6,50,49,2401
102,백령도,2024-11-25 00:00,8.8,,3.1,70,57,2119
102,백령도,2024-11-25 01:00,8.4,,2.8,110,61,1862
102,백령도,2024-11-25 02:00,8.1,,2.5,90,57,2168
102,백령도,2024-11-25 03:00,8.4,,3.1,90,51,2428
102,백령도,2024-11-25 04:00,8.1,,4,90,61,1966
102,백령도,2024-11-25 05:00,8.7,,4.2,110,55,2078
102,백령도,2024-11-25 06:00,8.4,,3.5,140,52,2053
102,백령도,2024-11-25 07:00,8.8,,5.4,140,51,2610
102,백령도,2024-11-25 08:00,8.5,,4,140,54,2809
102,백령도,2024-11-25 09:00,9.4,,4.9,110,54,2912
102,백령도,2024-11-25 10:00,9.5,,4.5,110,55,2950
102,백령도,2024-11-25 11:00,10.7,,4.4,110,59,3329
102,백령도,2024-11-25 12:00,10.9,,4.9,140,65,2195
102,백령도,2024-11-25 13:00,10.9,,5.1,140,68,2067
102,백령도,2024-11-25 14:00,10.9,,5.9,110,70,1949
102,백령도,2024-11-25 15:00,11.2,0,6.6,140,71,1899
102,백령도,2024-11-25 16:00,11.6,,7.2,140,74,1636
102,백령도,2024-11-25 17:00,11.7,,6.8,140,84,833
102,백령도,2024-11-25 18:00,12.6,1,9.1,160,86,647
102,백령도,2024-11-25 19:00,12.8,,7.9,180,86,718
102,백령도,2024-11-25 20:00,12.6,,9.7,180,85,666
102,백령도,2024-11-25 21:00,12.6,7.4,10,180,92,407
102,백령도,2024-11-25 22:00,10.6,,4.7,290,93,1240
102,백령도,2024-11-25 23:00,10,,3.8,290,93,1041
102,백령도,2024-11-26 00:00,9.5,14.8,2.8,270,93,1093
102,백령도,2024-11-26 01:00,9.3,,3.6,270,91,2361
102,백령도,2024-11-26 02:00,9,,3.8,270,89,2377
102,백령도,2024-11-26 03:00,9.1,3.4,4,270,90,3306
102,백령도,2024-11-26 04:00,9.1,,5,290,86,4848
102,백령도,2024-11-26 05:00,8.4,,10.6,290,79,4276
102,백령도,2024-11-26 06:00,7.7,1.2,10.2,290,74,4200
102,백령도,2024-11-26 07:00,7.6,,9,320,67,4490
102,백령도,2024-11-26 08:00,5.1,,8.1,270,85,388
102,백령도,2024-11-26 09:00,5.4,2.7,8,320,83,3902
102,백령도,2024-11-26 10:00,4.3,,4.8,270,84,4361
102,백령도,2024-11-26 11:00,5.4,,8.5,290,74,3973
102,백령도,2024-11-26 12:00,4.6,1.6,8.8,290,80,2454
102,백령도,2024-11-26 13:00,5.1,,8.8,290,82,3425
102,백령도,2024-11-26 14:00,5,,9.1,320,69,4602
102,백령도,2024-11-26 15:00,4.1,1.5,8.4,320,72,2650
102,백령도,2024-11-26 16:00,4.1,,7.7,320,73,4853
102,백령도,2024-11-26 17:00,2.2,,3.9,290,92,2992
102,백령도,2024-11-26 18:00,3.1,1,5.3,290,80,4970
102,백령도,2024-11-26 19:00,3.3,,6.5,290,83,4836
102,백령도,2024-11-26 20:00,1.3,,7.2,270,89,1958
102,백령도,2024-11-26 21:00,2.2,1.7,8.6,290,91,2606
102,백령도,2024-11-26 22:00,2.9,,11.3,320,74,4445
102,백령도,2024-11-26 23:00,2.8,,8.2,270,65,4958
102,백령도,2024-11-27 00:00,2.4,0,9.3,290,67,2151
102,백령도,2024-11-27 01:00,2.5,,8.9,290,70,3549
102,백령도,2024-11-27 02:00,2.6,,7.6,290,52,4439
102,백령도,2024-11-27 03:00,.6,.1,7.5,320,89,376
102,백령도,2024-11-27 04:00,.4,,8.8,320,86,774
102,백령도,2024-11-27 05:00,1.3,,8.7,320,55,5000
102,백령도,2024-11-27 06:00,1,.3,7.9,290,54,2989
102,백령도,2024-11-27 07:00,-.6,,6.7,340,91,148
102,백령도,2024-11-27 08:00,.1,,7,320,85,1272
102,백령도,2024-11-27 09:00,0,1.2,5.1,270,90,316
102,백령도,2024-11-27 10:00,1,,8.8,320,74,2126
102,백령도,2024-11-27 11:00,2,,8.6,320,60,4933
102,백령도,2024-11-27 12:00,1.5,0,10.1,320,62,4613
102,백령도,2024-11-27 13:00,1.7,,8.5,320,67,3375
102,백령도,2024-11-27 14:00,1.7,,9.9,320,65,4164
102,백령도,2024-11-27 15:00,.7,.1,7.8,290,84,3349
102,백령도,2024-11-27 16:00,1.4,,7.4,290,79,3804
102,백령도,2024-11-27 17:00,.1,,7.9,270,86,552
102,백령도,2024-11-27 18:00,.3,2.5,8.3,270,91,145
102,백령도,2024-11-27 19:00,1.4,,10.2,290,77,2800
102,백령도,2024-11-27 20:00,2.2,,9,290,72,3587
102,백령도,2024-11-27 21:00,2.6,.9,9.8,320,75,3541
102,백령도,2024-11-27 22:00,3.1,,9.8,290,67,2678
102,백령도,2024-11-27 23:00,2.1,,6.4,270,81,1685
102,백령도,2024-11-28 00:00,2.3,.1,9.8,320,83,2358
102,백령도,2024-11-28 01:00,1.5,,8.3,320,88,1070
102,백령도,2024-11-28 02:00,3,,5.1,290,69,3315
102,백령도,2024-11-28 03:00,2.6,1.6,4.2,290,81,4427
102,백령도,2024-11-28 04:00,2.9,,6.1,320,81,2814
102,백령도,2024-11-28 05:00,2.7,,4.9,340,89,2340
102,백령도,2024-11-28 06:00,3.6,1,6.7,320,71,3401
102,백령도,2024-11-28 07:00,4,,7.2,290,60,3889
102,백령도,2024-11-28 08:00,4,,7.1,320,59,3801
102,백령도,2024-11-28 09:00,3.5,0,8.1,320,61,3679
102,백령도,2024-11-28 10:00,2.4,,10.2,320,74,2135
102,백령도,2024-11-28 11:00,3.4,,9.1,320,64,4204
102,백령도,2024-11-28 12:00,3.5,0,8.3,320,61,4583
102,백령도,2024-11-28 13:00,3.5,,8.9,320,66,4567
102,백령도,2024-11-28 14:00,4,,8,320,65,4729
102,백령도,2024-11-28 15:00,4.2,0,8.4,320,55,4672
102,백령도,2024-11-28 16:00,4.4,,9.6,320,54,4874
102,백령도,2024-11-28 17:00,3.5,,8,320,68,2812
102,백령도,2024-11-28 18:00,3.7,.2,9.3,340,67,2958
102,백령도,2024-11-28 19:00,4.3,,6.4,340,58,4306
102,백령도,2024-11-28 20:00,4.1,,6.2,320,54,4219
102,백령도,2024-11-28 21:00,4,0,7.5,320,52,3621
102,백령도,2024-11-28 22:00,4,,7.8,340,59,3999
102,백령도,2024-11-28 23:00,3.2,,6,340,66,4071
102,백령도,2024-11-29 00:00,2.9,.2,5.8,340,72,1970
102,백령도,2024-11-29 01:00,2.8,,5.8,340,72,2336
102,백령도,2024-11-29 02:00,3.2,,5.5,340,68,3484
102,백령도,2024-11-29 03:00,4,0,4.1,340,56,4599
102,백령도,2024-11-29 04:00,3.8,,6.6,320,52,5000
102,백령도,2024-11-29 05:00,3.8,,5.6,340,44,5000
102,백령도,2024-11-29 06:00,3.9,0,5.3,320,50,4930
102,백령도,2024-11-29 07:00,3.7,,3.1,320,51,4935
102,백령도,2024-11-29 08:00,4.4,,3.8,290,50,4814
102,백령도,2024-11-29 09:00,4.6,0,2.8,270,57,4602
102,백령도,2024-11-29 10:00,4.6,,2.8,250,75,4547
102,백령도,2024-11-29 11:00,3.4,,4.6,320,86,660
102,백령도,2024-11-29 12:00,4.8,1.1,4.4,340,82,4723
102,백령도,2024-11-29 13:00,7.4,,9.3,320,41,4488
102,백령도,2024-11-29 14:00,8.1,,7.4,320,41,4796
102,백령도,2024-11-29 15:00,6.5,0,6,320,61,3378
102,백령도,2024-11-29 16:00,8.5,,5.9,290,46,4920
102,백령도,2024-11-29 17:00,7,,9,340,68,4202
102,백령도,2024-11-29 18:00,8,.4,7.7,340,59,3938
102,백령도,2024-11-29 19:00,7.7,,12.6,340,57,4346
102,백령도,2024-11-29 20:00,7,,12,340,44,4877
102,백령도,2024-11-29 21:00,7,0,9.3,340,43,4838
102,백령도,2024-11-29 22:00,7,,7.8,340,43,4945
102,백령도,2024-11-29 23:00,7.1,,10.1,340,40,4976
102,백령도,2024-11-30 00:00,7.3,,6.1,340,42,4850
102,백령도,2024-11-30 01:00,7.4,,5.6,340,42,5000
102,백령도,2024-11-30 02:00,8,,6.3,320,43,4991
102,백령도,2024-11-30 03:00,8.4,,7.2,320,40,5000
102,백령도,2024-11-30 04:00,8.5,,5.5,320,44,5000
102,백령도,2024-11-30 05:00,8.8,,4.9,290,49,5000
102,백령도,2024-11-30 06:00,8.2,,2.6,270,56,5000
102,백령도,2024-11-30 07:00,8.4,,1.9,270,59,3884
102,백령도,2024-11-30 08:00,6.7,,2.4,20,88,1614
102,백령도,2024-11-30 09:00,7,2.4,2.6,230,86,3242
102,백령도,2024-11-30 10:00,7.8,,.2,0,84,3529
102,백령도,2024-11-30 11:00,10.4,,3,270,73,2697
102,백령도,2024-11-30 12:00,11.8,.1,7.7,270,70,3070
102,백령도,2024-11-30 13:00,11.4,,7.7,250,71,2568
102,백령도,2024-11-30 14:00,12.4,,6,270,67,2243
102,백령도,2024-11-30 15:00,11.5,,6.3,290,71,2357
102,백령도,2024-11-30 16:00,11.6,,6.1,290,59,4104
102,백령도,2024-11-30 17:00,11.3,,5.4,290,59,4508
102,백령도,2024-11-30 18:00,11.1,,5.3,320,51,5000
102,백령도,2024-11-30 19:00,10.8,,3.7,320,57,4912
102,백령도,2024-11-30 20:00,9.9,,1.7,320,56,4826
102,백령도,2024-11-30 21:00,9.5,,.7,360,61,4977
102,백령도,2024-11-30 22:00,8.7,,0,0,67,4998
102,백령도,2024-11-30 23:00,9,,.1,0,66,5000
102,백령도,2024-12-01 00:00,9.5,,0,0,64,4997
102,백령도,2024-12-01 01:00,8,,2.3,90,87,2461
102,백령도,2024-12-01 02:00,7.2,,2.8,90,89,2441
102,백령도,2024-12-01 03:00,7.3,,3.2,90,84,3259
102,백령도,2024-12-01 04:00,7.1,,3.4,90,86,2859
102,백령도,2024-12-01 05:00,7.5,,3.5,110,80,3617
102,백령도,2024-12-01 06:00,7.8,,2.9,110,79,3818
102,백령도,2024-12-01 07:00,7.6,,2.5,140,85,2974
102,백령도,2024-12-01 08:00,7.9,,3.3,140,84,2962
102,백령도,2024-12-01 09:00,7.6,,4.2,140,88,2351
102,백령도,2024-12-01 10:00,7.4,,4,140,91,1357
102,백령도,2024-12-01 11:00,7.1,,5.1,140,94,611
102,백령도,2024-12-01 12:00,7.8,,4.1,140,95,364
102,백령도,2024-12-01 13:00,8.1,,3.7,140,95,355
102,백령도,2024-12-01 14:00,8.6,,4.1,140,95,335
102,백령도,2024-12-01 15:00,8.8,,4.5,140,94,384
102,백령도,2024-12-01 16:00,9,,5.4,140,93,440
102,백령도,2024-12-01 17:00,9.3,,5.2,140,93,383
102,백령도,2024-12-01 18:00,10,,4.9,140,92,544
102,백령도,2024-12-01 19:00,10.2,,4.6,140,93,470
102,백령도,2024-12-01 20:00,10.9,,3.7,160,85,1866
102,백령도,2024-12-01 21:00,11,,2.2,200,77,2123
102,백령도,2024-12-01 22:00,11.6,,3.3,200,75,1511
102,백령도,2024-12-01 23:00,12,,4,200,77,1243
102,백령도,2024-12-02 00:00,11.9,,4,230,81,1141
102,백령도,2024-12-02 01:00,11.8,,3.4,230,82,1192
102,백령도,2024-12-02 02:00,12.3,,5.5,230,79,1593
102,백령도,2024-12-02 03:00,12.3,,4.8,230,81,1683
102,백령도,2024-12-02 04:00,12,,5.2,250,86,1471
102,백령도,2024-12-02 05:00,12,,4,270,89,1002
102,백령도,2024-12-02 06:00,11.1,,3.3,270,83,767
102,백령도,2024-12-02 07:00,10,,7.4,360,83,746
102,백령도,2024-12-02 08:00,8.9,,7,360,82,899
102,백령도,2024-12-02 09:00,8.2,,8.6,340,77,1424
102,백령도,2024-12-02 10:00,8.1,,8.6,340,70,2501
102,백령도,2024-12-02 11:00,7.4,,9.8,340,69,3238
102,백령도,2024-12-02 12:00,6.5,,10.4,340,67,3856
102,백령도,2024-12-02 13:00,6.2,,8.6,340,64,3645
102,백령도,2024-12-02 14:00,5.3,,9.4,340,65,3995
102,백령도,2024-12-02 15:00,4.6,,10,340,61,4045
102,백령도,2024-12-02 16:00,4.4,,11.4,340,43,4764
102,백령도,2024-12-02 17:00,3.9,,11.9,340,52,4798
102,백령도,2024-12-02 18:00,3.6,,11.1,340,56,4507
102,백령도,2024-12-02 19:00,3.6,,9.6,340,60,4849
102,백령도,2024-12-02 20:00,3.3,,11.2,340,53,4957
102,백령도,2024-12-02 21:00,3,,10.5,360,53,4962
102,백령도,2024-12-02 22:00,2.7,,11.4,340,50,4659
102,백령도,2024-12-02 23:00,2.5,,11,360,51,4787
102,백령도,2024-12-03 00:00,2,,10.5,360,55,4804
102,백령도,2024-12-03 01:00,1.6,,9.4,360,51,4550
102,백령도,2024-12-03 02:00,1.3,,8,360,57,4625
102,백령도,2024-12-03 03:00,.9,,6.6,360,57,4677
102,백령도,2024-12-03 04:00,.7,,6.4,360,52,4899
102,백령도,2024-12-03 05:00,.6,,5.9,360,51,4918
102,백령도,2024-12-03 06:00,.7,,5,360,49,4939
102,백령도,2024-12-03 07:00,.3,,3.3,20,47,4998
102,백령도,2024-12-03 08:00,.6,,3.3,20,45,5000
102,백령도,2024-12-03 09:00,1.2,,2.1,20,39,4870
102,백령도,2024-12-03 10:00,2.3,,2.1,70,36,4903
102,백령도,2024-12-03 11:00,3.1,,1.4,20,37,4937
102,백령도,2024-12-03 12:00,4,,.9,70,38,4682
102,백령도,2024-12-03 13:00,4.3,,2.5,340,54,4930
102,백령도,2024-12-03 14:00,4.3,,3.1,290,61,4610
102,백령도,2024-12-03 15:00,3.8,0,5.5,320,78,1966
102,백령도,2024-12-03 16:00,3.7,,4.5,250,80,4922
102,백령도,2024-12-03 17:00,3.4,,1.9,230,87,4496
102,백령도,2024-12-03 18:00,3.8,.4,3.9,270,85,4930
102,백령도,2024-12-03 19:00,4.4,,4.4,340,85,1583
102,백령도,2024-12-03 20:00,3.9,,2.4,250,90,4367
102,백령도,2024-12-03 21:00,6.6,2.9,6.6,320,62,3540
102,백령도,2024-12-03 22:00,6.9,,5.7,340,53,4296
102,백령도,2024-12-03 23:00,6.8,,8.2,320,46,4214
102,백령도,2024-12-04 00:00,6.4,,5.5,340,44,4375
102,백령도,2024-12-04 01:00,6,,7.5,340,50,4688
102,백령도,2024-12-04 02:00,3.3,,4,70,77,3532
102,백령도,2024-12-04 03:00,3.7,,1.3,20,61,4204
102,백령도,2024-12-04 04:00,3.4,,1.7,50,58,4758
102,백령도,2024-12-04 05:00,4.9,,5.9,320,33,5000
102,백령도,2024-12-04 06:00,5.1,,4.6,340,31,5000
102,백령도,2024-12-04 07:00,5,,4.1,320,33,4988
102,백령도,2024-12-04 08:00,3.2,,3.1,90,63,4358
102,백령도,2024-12-04 09:00,4.2,,2.4,90,55,4547
102,백령도,2024-12-04 10:00,4.6,,2.9,110,53,4673
102,백령도,2024-12-04 11:00,4.5,,2.6,90,46,4198
102,백령도,2024-12-04 12:00,5.2,,2.5,90,49,4062
102,백령도,2024-12-04 13:00,5.2,,1.5,70,52,4359
102,백령도,2024-12-04 14:00,4.7,,1.8,340,56,4006
102,백령도,2024-12-04 15:00,5.4,,1.1,320,57,3753
102,백령도,2024-12-04 16:00,5.1,,.9,50,58,3898
102,백령도,2024-12-04 17:00,4.2,,.6,290,59,3898
102,백령도,2024-12-04 18:00,2.7,,.2,0,70,3889
102,백령도,2024-12-04 19:00,2.8,,.3,0,50,4150
102,백령도,2024-12-04 20:00,3.3,,0,0,53,4280
102,백령도,2024-12-04 21:00,3.6,,0,0,54,4497
102,백령도,2024-12-04 22:00,4,,0,0,63,4386
102,백령도,2024-12-04 23:00,3.8,,1.5,320,20,4739
102,백령도,2024-12-05 00:00,5.4,,2.6,320,50,4877
102,백령도,2024-12-05 01:00,5.4,,4.5,290,43,4935
102,백령도,2024-12-05 02:00,6,,5.4,320,45,4991
102,백령도,2024-12-05 03:00,6.2,,5.1,320,48,4992
102,백령도,2024-12-05 04:00,5.8,,6.5,320,48,4797
102,백령도,2024-12-05 05:00,5,,5,320,40,4998
102,백령도,2024-12-05 06:00,4.9,,4.5,320,34,5000
102,백령도,2024-12-05 07:00,5,,4.6,320,32,5000
102,백령도,2024-12-05 08:00,4.2,,2.3,270,34,4950
102,백령도,2024-12-05 09:00,6.4,,2.8,250,22,4947
102,백령도,2024-12-05 10:00,8.1,,4.6,290,40,4483
102,백령도,2024-12-05 11:00,8.5,,4.4,270,43,4075
102,백령도,2024-12-05 12:00,8.4,,7,290,45,3564
102,백령도,2024-12-05 13:00,8.5,,7.1,320,42,3973
102,백령도,2024-12-05 14:00,8.4,,7.2,320,45,4391
102,백령도,2024-12-05 15:00,7.9,,6.7,320,44,4703
102,백령도,2024-12-05 16:00,7,,5.6,320,44,4943
102,백령도,2024-12-05 17:00,6.9,,5.7,320,46,4974
102,백령도,2024-12-05 18:00,7.1,,5,320,50,4793
102,백령도,2024-12-05 19:00,7.2,,4.8,290,50,4876
102,백령도,2024-12-05 20:00,6.3,,8.9,340,58,3975
102,백령도,2024-12-05 21:00,7.6,0,7.7,320,39,4972
102,백령도,2024-12-05 22:00,6.8,,8.2,340,35,4958
102,백령도,2024-12-05 23:00,6.6,,6.4,320,34,5000
102,백령도,2024-12-06 00:00,6.5,0,7.1,320,36,4991
102,백령도,2024-12-06 01:00,6.3,,8.3,320,40,4902
102,백령도,2024-12-06 02:00,5.7,,6.3,340,39,4995
102,백령도,2024-12-06 03:00,5.4,,7.6,340,31,4969
102,백령도,2024-12-06 04:00,4.6,,7.7,360,43,4995
102,백령도,2024-12-06 05:00,3.9,,7.2,360,41,4996
102,백령도,2024-12-06 06:00,3.5,,6.7,340,41,4993
102,백령도,2024-12-06 07:00,3.1,,6,360,46,4885
102,백령도,2024-12-06 08:00,2.8,,5.5,360,49,4863
102,백령도,2024-12-06 09:00,3.2,,4.9,340,47,4898
102,백령도,2024-12-06 10:00,4,,4.9,340,48,4517
102,백령도,2024-12-06 11:00,4.4,,6.2,340,44,4538
102,백령도,2024-12-06 12:00,4.8,,6.4,320,44,4148
102,백령도,2024-12-06 13:00,4.1,,6.5,320,43,4645
102,백령도,2024-12-06 14:00,4.4,,6.4,320,43,4433
102,백령도,2024-12-06 15:00,4.3,,6,320,44,4504
102,백령도,2024-12-06 16:00,4.2,,6.5,320,41,4622
102,백령도,2024-12-06 17:00,3.6,,6.5,320,44,4998
102,백령도,2024-12-06 18:00,3.7,,7.3,320,42,4954
102,백령도,2024-12-06 19:00,4,,6.5,320,44,5000
102,백령도,2024-12-06 20:00,3.9,,7.4,340,42,4975
102,백령도,2024-12-06 21:00,3.9,,6.5,320,44,4945
102,백령도,2024-12-06 22:00,4.3,,6.4,340,43,4932
102,백령도,2024-12-06 23:00,4.5,,6.7,320,44,4830
102,백령도,2024-12-07 00:00,4.5,,7.2,320,45,4899
102,백령도,2024-12-07 01:00,4.1,,5.1,340,47,5000
102,백령도,2024-12-07 02:00,3.7,,5.6,340,55,4540
102,백령도,2024-12-07 03:00,3.2,,5.1,340,54,4203
102,백령도,2024-12-07 04:00,2.8,,5.3,340,54,4169
102,백령도,2024-12-07 05:00,2.2,,4.3,340,58,4295
102,백령도,2024-12-07 06:00,2,,5,340,61,3921
102,백령도,2024-12-07 07:00,1.8,,4.9,340,59,4147
102,백령도,2024-12-07 08:00,1.7,,5.5,340,61,4076
102,백령도,2024-12-07 09:00,2,,5.9,340,54,4675
102,백령도,2024-12-07 10:00,2.1,,6.6,340,58,4829
102,백령도,2024-12-07 11:00,2,,6.9,340,46,4892
102,백령도,2024-12-07 12:00,2.7,,6.5,340,50,4756
102,백령도,2024-12-07 13:00,2.2,,6.7,340,55,4747
102,백령도,2024-12-07 14:00,2.2,,6.7,340,45,4647
102,백령도,2024-12-07 15:00,1.8,,5.6,340,51,4405
102,백령도,2024-12-07 16:00,1.8,,6.6,320,52,4833
102,백령도,2024-12-07 17:00,1.6,,6.7,320,50,4884
102,백령도,2024-12-07 18:00,2,0,7.4,320,52,4797
102,백령도,2024-12-07 19:00,1.9,,8.4,320,51,4493
102,백령도,2024-12-07 20:00,2.3,,7.9,340,53,4472
102,백령도,2024-12-07 21:00,1.8,0,7.3,340,53,4832
102,백령도,2024-12-07 22:00,1.8,,9.3,340,55,3741
102,백령도,2024-12-07 23:00,2,,9.9,340,57,3974
102,백령도,2024-12-08 00:00,1.9,,10.4,340,56,4089
102,백령도,2024-12-08 01:00,1.4,,10.8,340,58,4271
102,백령도,2024-12-08 02:00,1.4,,11,340,53,4570
102,백령도,2024-12-08 03:00,1.8,,9.3,340,50,4574
102,백령도,2024-12-08 04:00,1.8,,10.7,340,49,4558
102,백령도,2024-12-08 05:00,2,,9.3,360,52,4905
102,백령도,2024-12-08 06:00,1.9,,7.9,360,50,4929
102,백령도,2024-12-08 07:00,2.2,,8.2,340,45,4971
102,백령도,2024-12-08 08:00,2.5,,7.2,360,41,4970
102,백령도,2024-12-08 09:00,3.5,,6.7,360,43,4995
102,백령도,2024-12-08 10:00,4,,6.4,340,39,4838
102,백령도,2024-12-08 11:00,4.6,,6.5,340,34,4919
102,백령도,2024-12-08 12:00,4.9,,5.2,340,40,4468
102,백령도,2024-12-08 13:00,4.6,,5.3,360,40,4434
102,백령도,2024-12-08 14:00,4.6,,4.1,360,43,4516
102,백령도,2024-12-08 15:00,4.4,,4.6,340,46,4350
102,백령도,2024-12-08 16:00,4.4,,4.6,340,48,4702
102,백령도,2024-12-08 17:00,3.8,,5.5,340,36,4863
102,백령도,2024-12-08 18:00,3.7,,4.3,340,31,5000
102,백령도,2024-12-08 19:00,3.4,,4.7,340,32,4961
102,백령도,2024-12-08 20:00,3.2,,4.6,340,30,4978
102,백령도,2024-12-08 21:00,3.1,,3.9,340,31,4967
102,백령도,2024-12-08 22:00,3.3,,3.5,340,27,4900
102,백령도,2024-12-08 23:00,3.7,,3.9,340,28,4970
102,백령도,2024-12-09 00:00,3.7,,4,340,36,4959
102,백령도,2024-12-09 01:00,4.2,,4.5,320,31,4708
102,백령도,2024-12-09 02:00,4.9,,3.3,320,31,3899
102,백령도,2024-12-09 03:00,5.4,,4.1,320,31,4200
102,백령도,2024-12-09 04:00,3.6,,2.7,90,47,4097
102,백령도,2024-12-09 05:00,3.2,,3.2,110,42,4428
102,백령도,2024-12-09 06:00,3,,3.1,110,40,4220
102,백령도,2024-12-09 07:00,2.6,,2.5,110,36,4189
102,백령도,2024-12-09 08:00,2.8,,2.6,110,61,4185
102,백령도,2024-12-09 09:00,3.3,,2.5,110,61,3702
102,백령도,2024-12-09 10:00,4.3,,3.2,110,56,4206
102,백령도,2024-12-09 11:00,3.8,,3.5,110,59,3353
102,백령도,2024-12-09 12:00,5.5,,3.2,110,34,3509
102,백령도,2024-12-09 13:00,5,,2.2,110,47,3383
102,백령도,2024-12-09 14:00,5.4,,1.8,140,44,3149
102,백령도,2024-12-09 15:00,5.5,,1.8,110,48,3700
102,백령도,2024-12-09 16:00,5.4,,1.1,110,51,3199
102,백령도,2024-12-09 17:00,5,,1,50,49,3440
102,백령도,2024-12-09 18:00,5,,2.7,320,56,3486
102,백령도,2024-12-09 19:00,4.7,,2.3,50,68,3195
102,백령도,2024-12-09 20:00,4.5,,1.4,20,66,3261
102,백령도,2024-12-09 21:00,4.4,,1.8,20,66,3444
102,백령도,2024-12-09 22:00,4,,2,340,60,3749
102,백령도,2024-12-09 23:00,4.6,,2.4,340,55,4788
102,백령도,2024-12-10 00:00,5,,2.7,340,49,4975
102,백령도,2024-12-10 01:00,5.6,,4,340,47,4884
102,백령도,2024-12-10 02:00,5.7,,1.3,340,52,4952
102,백령도,2024-12-10 03:00,6.5,,4.2,340,46,4564
102,백령도,2024-12-10 04:00,4.9,,2.1,90,66,4035
102,백령도,2024-12-10 05:00,5.3,,1.4,90,64,4475
102,백령도,2024-12-10 06:00,4.6,,3.3,90,72,3662
102,백령도,2024-12-10 07:00,4,,2.8,90,71,3724
102,백령도,2024-12-10 08:00,3.8,,2.9,90,72,3592
102,백령도,2024-12-10 09:00,4.9,,2.8,90,67,3347
102,백령도,2024-12-10 10:00,5.6,,2.3,90,54,3416
102,백령도,2024-12-10 11:00,6.3,,2.4,90,31,3654
102,백령도,2024-12-10 12:00,5.8,,1.4,360,29,3028
102,백령도,2024-12-10 13:00,7.4,,2.2,360,32,3203
102,백령도,2024-12-10 14:00,7.1,,4,360,29,2391
102,백령도,2024-12-10 15:00,6.3,,5.6,360,43,2477
102,백령도,2024-12-10 16:00,5.9,,2.1,360,53,2301
102,백령도,2024-12-10 17:00,5.4,,2.4,360,50,3060
102,백령도,2024-12-10 18:00,4.6,,1.7,50,46,2941
102,백령도,2024-12-10 19:00,4.4,,1.5,20,43,2752
102,백령도,2024-12-10 20:00,4.7,,1.7,360,43,2908
102,백령도,2024-12-10 21:00,5.4,,4.9,360,37,3358
102,백령도,2024-12-10 22:00,6.2,,6.9,340,32,4164
102,백령도,2024-12-10 23:00,6.3,,6.9,340,30,3830
102,백령도,2024-12-11 00:00,6.3,,8.2,360,29,2734
102,백령도,2024-12-11 01:00,6.1,,7.9,360,29,2868
102,백령도,2024-12-11 02:00,5.7,,6.9,360,31,2376
102,백령도,2024-12-11 03:00,5.4,,5.1,360,31,2418
102,백령도,2024-12-11 04:00,4.2,,2.8,50,31,3077
102,백령도,2024-12-11 05:00,3.5,,3.7,20,28,3414
102,백령도,2024-12-11 06:00,3.3,,4.1,20,26,3506
102,백령도,2024-12-11 07:00,3.3,,4.5,360,23,3737
102,백령도,2024-12-11 08:00,3.2,,4.5,360,24,3837
102,백령도,2024-12-11 09:00,3.5,,2.9,20,25,3963
102,백령도,2024-12-11 10:00,4.3,,3.3,20,27,4386
102,백령도,2024-12-11 11:00,4.5,,5.9,360,23,4368
102,백령도,2024-12-11 12:00,4.4,,6.5,360,15,4708
102,백령도,2024-12-11 13:00,3.8,,7.6,360,14,4914
102,백령도,2024-12-11 14:00,3.8,,9.3,360,20,4286
102,백령도,2024-12-11 15:00,3.4,,9.9,360,21,4671
102,백령도,2024-12-11 16:00,2.9,,9.5,360,26,4683
102,백령도,2024-12-11 17:00,2.6,,8.5,360,29,4829
102,백령도,2024-12-11 18:00,2.2,,8.9,360,33,3936
102,백령도,2024-12-11 19:00,2.4,,7.2,340,37,3612
102,백령도,2024-12-11 20:00,2.4,,7.9,340,33,3913
102,백령도,2024-12-11 21:00,2.7,,8.4,360,32,4178
102,백령도,2024-12-11 22:00,2.6,,8.4,340,30,4254
102,백령도,2024-12-11 23:00,2.6,,8,340,32,4133
102,백령도,2024-12-12 00:00,2.5,,8.2,360,32,4036
102,백령도,2024-12-12 01:00,2.5,,8.4,360,32,4296
102,백령도,2024-12-12 02:00,2.5,,8.4,360,32,3754
102,백령도,2024-12-12 03:00,2.5,,8.7,340,33,3816
102,백령도,2024-12-12 04:00,2.5,,8.6,340,34,4128
102,백령도,2024-12-12 05:00,2.4,,8,360,35,3902
102,백령도,2024-12-12 06:00,2.4,,7.5,360,31,4592
102,백령도,2024-12-12 07:00,2.5,,7.2,360,31,4583
102,백령도,2024-12-12 08:00,2.4,,9.3,340,32,4725
102,백령도,2024-12-12 09:00,2.5,,9.3,360,31,4313
102,백령도,2024-12-12 10:00,3.1,,6.3,360,31,4309
102,백령도,2024-12-12 11:00,3.3,,7.4,360,33,4158
102,백령도,2024-12-12 12:00,3.5,,8.4,360,29,4482
102,백령도,2024-12-12 13:00,3.9,,6.8,340,28,4246
102,백령도,2024-12-12 14:00,3.7,,7.6,360,25,4706
102,백령도,2024-12-12 15:00,3.4,,7.9,360,25,4851
102,백령도,2024-12-12 16:00,3.3,,6.4,360,24,4973
102,백령도,2024-12-12 17:00,3.1,,6.1,360,25,4995
102,백령도,2024-12-12 18:00,3.3,,6.6,340,24,5000
102,백령도,2024-12-12 19:00,3.5,,4.9,340,26,5000
102,백령도,2024-12-12 20:00,3.3,,3.1,340,25,4999
102,백령도,2024-12-12 21:00,3.8,,4.1,340,28,4298
102,백령도,2024-12-12 22:00,4.5,,5.4,340,32,2410
102,백령도,2024-12-12 23:00,4.8,,5.1,340,33,2471
102,백령도,2024-12-13 00:00,5.1,,4.1,340,31,2683
102,백령도,2024-12-13 01:00,4.6,,3.2,320,36,2134
102,백령도,2024-12-13 02:00,3.5,,2.1,360,46,1523
102,백령도,2024-12-13 03:00,2.4,.5,2.9,70,53,1312
102,백령도,2024-12-13 04:00,2.2,,3.8,70,43,2070
102,백령도,2024-12-13 05:00,2.6,,4.1,70,34,3283
102,백령도,2024-12-13 06:00,2.8,0,3.5,50,33,3081
102,백령도,2024-12-13 07:00,2.5,,4.1,70,26,4382
102,백령도,2024-12-13 08:00,2.2,,3.4,70,25,4523
102,백령도,2024-12-13 09:00,2.4,,3,50,25,4354
102,백령도,2024-12-13 10:00,2.8,,1.6,20,26,4515
102,백령도,2024-12-13 11:00,3.4,,4.2,360,29,4376
102,백령도,2024-12-13 12:00,4.3,,5.5,360,33,4095
102,백령도,2024-12-13 13:00,3.6,,6.5,360,35,4085
102,백령도,2024-12-13 14:00,3.4,,7.6,340,39,3901
102,백령도,2024-12-13 15:00,3.3,,8.8,340,31,4122
102,백령도,2024-12-13 16:00,3.3,,7.6,340,33,4415
102,백령도,2024-12-13 17:00,2.5,,7.3,340,35,4616
102,백령도,2024-12-13 18:00,2.6,,7.5,340,38,4412
102,백령도,2024-12-13 19:00,2.8,,8.5,340,36,4019
102,백령도,2024-12-13 20:00,2.5,,10.8,340,30,4866
102,백령도,2024-12-13 21:00,2.6,0,8.8,340,31,4832
102,백령도,2024-12-13 22:00,2.1,,7.7,340,29,4792
102,백령도,2024-12-13 23:00,1.9,,10.1,340,34,4367
102,백령도,2024-12-14 00:00,1.6,,9.1,340,41,3680
102,백령도,2024-12-14 01:00,1.1,,9.2,340,41,3769
102,백령도,2024-12-14 02:00,.8,,9.3,340,40,3651
102,백령도,2024-12-14 03:00,.7,,8.5,340,42,3782
102,백령도,2024-12-14 04:00,.7,,8.6,340,42,3960
102,백령도,2024-12-14 05:00,.9,,8,340,40,4648
102,백령도,2024-12-14 06:00,.9,,8,340,39,4730
102,백령도,2024-12-14 07:00,1,,9,340,39,4926
102,백령도,2024-12-14 08:00,.9,,8.4,340,38,4833
102,백령도,2024-12-14 09:00,1.4,,7.1,340,35,4827
102,백령도,2024-12-14 10:00,1.9,,7,320,35,4875
102,백령도,2024-12-14 11:00,2.3,,6.7,340,45,4802
102,백령도,2024-12-14 12:00,2.5,,7,340,32,4936
102,백령도,2024-12-14 13:00,3,,7.3,340,21,4361
102,백령도,2024-12-14 14:00,3.5,,6.3,340,27,4745
102,백령도,2024-12-14 15:00,3.5,,5.5,320,17,4750
102,백령도,2024-12-14 16:00,2.9,,6.1,320,23,4817
102,백령도,2024-12-14 17:00,3,,5.6,320,24,4858
102,백령도,2024-12-14 18:00,2.9,0,4.7,290,23,4847
102,백령도,2024-12-14 19:00,3.5,,4.3,290,24,4895
102,백령도,2024-12-14 20:00,3.5,,7.1,290,25,4367
102,백령도,2024-12-14 21:00,3.4,0,5.5,320,23,4997
102,백령도,2024-12-14 22:00,3.8,,5.5,290,22,4875
102,백령도,2024-12-14 23:00,3.2,,4.8,320,26,4483
102,백령도,2024-12-15 00:00,3.9,.2,8.3,290,15,4916
102,백령도,2024-12-15 01:00,3.9,,7.6,290,16,4897
102,백령도,2024-12-15 02:00,3.7,,8.4,320,16,4962
102,백령도,2024-12-15 03:00,3.8,0,7.9,320,15,4792
102,백령도,2024-12-15 04:00,4.1,,6.7,320,15,4973
102,백령도,2024-12-15 05:00,4.3,,7.5,320,15,4847
102,백령도,2024-12-15 06:00,4.2,,8.1,320,16,3363
102,백령도,2024-12-15 07:00,4.1,,6.9,290,18,4660
102,백령도,2024-12-15 08:00,4.9,,9.4,320,17,4302
102,백령도,2024-12-15 09:00,4.7,0,8.9,320,12,4868
102,백령도,2024-12-15 10:00,4.6,,7,340,17,4661
102,백령도,2024-12-15 11:00,4.1,,8.5,340,19,4336
102,백령도,2024-12-15 12:00,4,,8.5,340,25,4498
102,백령도,2024-12-15 13:00,3.5,,8.4,360,21,4740
102,백령도,2024-12-15 14:00,3,,7.5,360,20,4549
102,백령도,2024-12-15 15:00,3.8,,5.8,340,16,4891
102,백령도,2024-12-15 16:00,2.8,,6.5,340,19,4845
102,백령도,2024-12-15 17:00,2.6,,6.2,340,15,4952
102,백령도,2024-12-15 18:00,2.7,,4.3,340,14,5000
102,백령도,2024-12-15 19:00,3,,6.2,320,13,5000
102,백령도,2024-12-15 20:00,3.5,,5.2,340,13,4850
102,백령도,2024-12-15 21:00,3.9,,5.9,320,12,4952
102,백령도,2024-12-15 22:00,3.8,,7.6,320,9,5000
102,백령도,2024-12-15 23:00,3.9,,7.2,320,10,5000
102,백령도,2024-12-16 00:00,3.5,,4.7,340,9,4987
102,백령도,2024-12-16 01:00,3.6,,7.6,340,,4855
102,백령도,2024-12-16 02:00,3.4,,5.6,340,,4934
102,백령도,2024-12-16 03:00,3.2,,4.6,320,,4908
102,백령도,2024-12-16 04:00,3.4,,4,320,,4967
102,백령도,2024-12-16 05:00,3.3,,2.6,290,,4935
102,백령도,2024-12-16 06:00,3.8,,2.3,290,,5000
102,백령도,2024-12-16 07:00,3.9,,2.8,290,,4932
102,백령도,2024-12-16 08:00,3.2,,1.5,140,,4660
102,백령도,2024-12-16 09:00,2.4,.1,2,50,,2747
102,백령도,2024-12-16 10:00,.7,,1.8,320,,360
102,백령도,2024-12-16 11:00,3.1,,1.1,290,,4213
102,백령도,2024-12-16 12:00,4.8,2.1,4.1,320,,4882
102,백령도,2024-12-16 13:00,3.5,,4.9,90,,3948
102,백령도,2024-12-16 14:00,2.8,,3.4,70,,3339
102,백령도,2024-12-16 15:00,3.6,,3.4,90,,4560
102,백령도,2024-12-16 16:00,3.7,,2,50,,4186
102,백령도,2024-12-16 17:00,2.8,,3.2,360,,4655
102,백령도,2024-12-16 18:00,2.1,,1.7,20,,4749
102,백령도,2024-12-16 19:00,2.1,,2,20,,4944
102,백령도,2024-12-16 20:00,2.1,,2.2,50,,4973
102,백령도,2024-12-16 21:00,2,,1.3,70,,4953
102,백령도,2024-12-16 22:00,1.7,,.4,0,,4560
102,백령도,2024-12-16 23:00,2,,1,90,,4874
102,백령도,2024-12-17 00:00,1.2,,1.4,180,,4889
102,백령도,2024-12-17 01:00,2.1,,1.2,180,,4910
102,백령도,2024-12-17 02:00,2.4,,1.2,90,,4993
102,백령도,2024-12-17 03:00,2.5,0,4.8,70,,4481
102,백령도,2024-12-17 04:00,1.4,,5,70,,4776
102,백령도,2024-12-17 05:00,1.1,,3.8,50,,4998
102,백령도,2024-12-17 06:00,.9,,3.9,70,,4556
102,백령도,2024-12-17 07:00,.5,,3.9,70,,5000
102,백령도,2024-12-17 08:00,.4,,3.9,70,,4923
102,백령도,2024-12-17 09:00,.2,0,4.2,70,,4925
102,백령도,2024-12-17 10:00,.8,,3.6,70,,4759
102,백령도,2024-12-17 11:00,1.6,,4.6,360,,4917
102,백령도,2024-12-17 12:00,1.9,0,6.2,360,,4910
102,백령도,2024-12-17 13:00,2,,7.4,340,,4135
102,백령도,2024-12-17 14:00,1.3,,7.2,340,,4526
102,백령도,2024-12-17 15:00,1.5,,6.6,340,,4677
102,백령도,2024-12-17 16:00,.9,,7.5,340,,4968
102,백령도,2024-12-17 17:00,.6,,6.5,340,,4958
102,백령도,2024-12-17 18:00,.3,,7.9,360,,4999
102,백령도,2024-12-17 19:00,.5,,8.1,360,,5000
102,백령도,2024-12-17 20:00,.7,,9.1,340,,5000
102,백령도,2024-12-17 21:00,.5,,9.5,340,,4821
102,백령도,2024-12-17 22:00,.4,,9,340,,4740
102,백령도,2024-12-17 23:00,-.3,,9.8,340,,4729
102,백령도,2024-12-18 00:00,-.8,0,8.7,340,,4333
102,백령도,2024-12-18 01:00,-1.2,,8.8,340,,4154
102,백령도,2024-12-18 02:00,-1.2,,8.8,340,,4335
102,백령도,2024-12-18 03:00,-1.6,0,8.8,360,,4016
102,백령도,2024-12-18 04:00,-1.7,,9.5,360,,4067
102,백령도,2024-12-18 05:00,-1.8,,8.9,340,,4030
102,백령도,2024-12-18 06:00,-2,0,8.4,360,,3778
102,백령도,2024-12-18 07:00,-2.1,,8.1,360,,3802
102,백령도,2024-12-18 08:00,-2.1,,9,360,,3866
102,백령도,2024-12-18 09:00,-1.9,,8.5,360,,3601
102,백령도,2024-12-18 10:00,-2,,10.3,340,,3269
102,백령도,2024-12-18 11:00,-1.8,,10,340,,3805
102,백령도,2024-12-18 12:00,-2,0,10.6,340,,3817
102,백령도,2024-12-18 13:00,-1.9,,10.3,360,,3764
102,백령도,2024-12-18 14:00,-1.7,,9.7,340,,4082
102,백령도,2024-12-18 15:00,-1.4,,10.3,340,,4618
102,백령도,2024-12-18 16:00,-1.3,,9.5,360,,4556
102,백령도,2024-12-18 17:00,-1.1,,10.1,340,,4343
102,백령도,2024-12-18 18:00,-.7,,10.1,360,,4329
102,백령도,2024-12-18 19:00,-.5,,11,360,,4572
102,백령도,2024-12-18 20:00,-.2,,11.9,340,,4614
102,백령도,2024-12-18 21:00,-.1,,11.2,360,,4521
102,백령도,2024-12-18 22:00,-.3,,9.1,340,,4704
102,백령도,2024-12-18 23:00,-.3,,5.9,360,,4429
102,백령도,2024-12-19 00:00,-.4,,6.1,360,,4467
102,백령도,2024-12-19 01:00,-.7,,9.2,360,,4802
102,백령도,2024-12-19 02:00,-1.1,,1,140,,4493
102,백령도,2024-12-19 03:00,-2,,5.3,360,,4661
102,백령도,2024-12-19 04:00,-2.6,,2.1,180,,4711
102,백령도,2024-12-19 05:00,-2.5,,8,360,,4663
102,백령도,2024-12-19 06:00,-2.8,,2.8,20,,4524
102,백령도,2024-12-19 07:00,-3.2,,1.9,50,,4677
102,백령도,2024-12-19 08:00,-2.9,,2.1,20,,4635
102,백령도,2024-12-19 09:00,-1.5,,1.8,360,,4619
102,백령도,2024-12-19 10:00,-.4,,2.4,360,,4147
102,백령도,2024-12-19 11:00,.5,,3.4,360,,4233
102,백령도,2024-12-19 12:00,1.1,,3.2,360,,4434
102,백령도,2024-12-19 13:00,1.3,,3.4,340,,4125
102,백령도,2024-12-19 14:00,1.6,,2.7,360,,4525
102,백령도,2024-12-19 15:00,1.8,,2.5,340,,4525
102,백령도,2024-12-19 16:00,1.3,,1.8,320,,4399
102,백령도,2024-12-19 17:00,1.2,,1.7,320,67,4748
102,백령도,2024-12-19 18:00,.5,,0,0,74,3769
102,백령도,2024-12-19 19:00,.4,,.8,200,38,4490
102,백령도,2024-12-19 20:00,.2,,.9,200,32,3676
102,백령도,2024-12-19 21:00,.4,,.2,0,29,4848
102,백령도,2024-12-19 22:00,1,,1,230,28,4638
102,백령도,2024-12-19 23:00,.6,,1.3,230,33,4752
102,백령도,2024-12-20 00:00,1.8,,1.3,250,26,4650
102,백령도,2024-12-20 01:00,1.1,,2,230,27,4869
102,백령도,2024-12-20 02:00,2.1,,2,230,26,4996
102,백령도,2024-12-20 03:00,2.7,,2,270,26,5000
102,백령도,2024-12-20 04:00,2.9,,1.4,270,22,5000
102,백령도,2024-12-20 05:00,2.9,,1.1,230,22,5000
102,백령도,2024-12-20 06:00,2.8,,2.5,250,23,4924
102,백령도,2024-12-20 07:00,3.1,,2.2,270,21,3662
102,백령도,2024-12-20 08:00,3.3,,2.6,270,22,3246
102,백령도,2024-12-20 09:00,3.6,,2.1,250,53,3503
102,백령도,2024-12-20 10:00,4.4,,4.5,270,46,4625
102,백령도,2024-12-20 11:00,5.2,,3.4,230,54,3126
102,백령도,2024-12-20 12:00,5.9,,4.4,270,52,2655
102,백령도,2024-12-20 13:00,6.3,,5.4,270,51,1863
102,백령도,2024-12-20 14:00,5.3,,4,250,54,1907
102,백령도,2024-12-20 15:00,5.3,,5.2,250,55,1915
102,백령도,2024-12-20 16:00,5.1,,5.1,250,43,2994
102,백령도,2024-12-20 17:00,4.1,,3.7,270,50,1792
102,백령도,2024-12-20 18:00,4.5,,2.6,270,49,1846
102,백령도,2024-12-20 19:00,4.8,,4.3,270,52,1320
102,백령도,2024-12-20 20:00,3.7,,7.8,290,77,623
102,백령도,2024-12-20 21:00,3.5,0,5.9,290,82,688
102,백령도,2024-12-20 22:00,3.5,,6.4,320,83,607
102,백령도,2024-12-20 23:00,3.5,,3.2,320,82,610
102,백령도,2024-12-21 00:00,3.1,.3,1.1,340,84,688
102,백령도,2024-12-21 01:00,2.1,,2.2,250,85,550
102,백령도,2024-12-21 02:00,3.6,,8.1,290,63,1072
102,백령도,2024-12-21 03:00,3.1,1.1,8.5,290,69,1213
102,백령도,2024-12-21 04:00,.3,,8.1,340,96,27
102,백령도,2024-12-21 05:00,1,,6.7,340,86,511
102,백령도,2024-12-21 06:00,.6,5.4,6.6,320,72,1067
102,백령도,2024-12-21 07:00,.2,,7.2,320,70,1012
102,백령도,2024-12-21 08:00,-.3,,8.5,320,71,836
102,백령도,2024-12-21 09:00,-.5,0,6.6,340,70,767
102,백령도,2024-12-21 10:00,-.5,,8.3,340,68,876
102,백령도,2024-12-21 11:00,-.8,,7.1,340,68,1261
102,백령도,2024-12-21 12:00,-.6,0,8.5,340,62,2181
102,백령도,2024-12-21 13:00,-.5,,12.5,340,54,3100
102,백령도,2024-12-21 14:00,-.4,,9.4,340,56,2440
102,백령도,2024-12-21 15:00,-1,,12.9,340,50,3108
102,백령도,2024-12-21 16:00,-.7,,12.7,340,54,3017
102,백령도,2024-12-21 17:00,-.6,,11.7,340,51,2951
102,백령도,2024-12-21 18:00,-.5,,11.8,360,47,3451
102,백령도,2024-12-21 19:00,-.1,,12.7,360,45,3391
102,백령도,2024-12-21 20:00,-.1,,11.9,340,43,3254
102,백령도,2024-12-21 21:00,-.3,,12.3,360,47,3151
102,백령도,2024-12-21 22:00,-.7,,13.9,340,46,3337
102,백령도,2024-12-21 23:00,-1,,12.3,360,45,3629
102,백령도,2024-12-22 00:00,-1.1,,11,360,46,4126
102,백령도,2024-12-22 01:00,-.9,,10.5,360,51,3669
102,백령도,2024-12-22 02:00,-1,,9.3,360,46,3888
102,백령도,2024-12-22 03:00,-.9,,10.1,360,45,4072
102,백령도,2024-12-22 04:00,-.9,,8.9,360,44,3861
102,백령도,2024-12-22 05:00,-1,,8.6,360,46,4114
102,백령도,2024-12-22 06:00,-.9,,8.6,360,42,4195
102,백령도,2024-12-22 07:00,-.5,,7.2,360,46,4333
102,백령도,2024-12-22 08:00,-.1,,8.2,340,43,4434
102,백령도,2024-12-22 09:00,.3,,7.9,340,44,4057
102,백령도,2024-12-22 10:00,.9,,8.1,340,42,3939
102,백령도,2024-12-22 11:00,1.5,,6.8,340,40,3452
102,백령도,2024-12-22 12:00,1.6,,7.1,340,50,4142
102,백령도,2024-12-22 13:00,1.8,,6.4,340,53,4000
102,백령도,2024-12-22 14:00,2,,4.9,340,51,4089
102,백령도,2024-12-22 15:00,2.2,,5.5,340,56,4357
102,백령도,2024-12-22 16:00,2.4,,5.2,340,51,4578
102,백령도,2024-12-22 17:00,2.1,,6.2,340,53,4534
102,백령도,2024-12-22 18:00,1.9,,7.4,340,54,4999
102,백령도,2024-12-22 19:00,2,,5.3,340,57,5000
102,백령도,2024-12-22 20:00,2.1,,3.4,340,58,4997
102,백령도,2024-12-22 21:00,2.6,,3.6,320,56,4993
102,백령도,2024-12-22 22:00,3,,3.9,320,52,4949
102,백령도,2024-12-22 23:00,2.2,,1.7,70,67,4048
102,백령도,2024-12-23 00:00,4,,4.1,320,53,4681
102,백령도,2024-12-23 01:00,4.5,,5,320,48,5000
102,백령도,2024-12-23 02:00,2.6,,2.5,70,72,4387
102,백령도,2024-12-23 03:00,3,,1.2,70,71,4551
102,백령도,2024-12-23 04:00,3,,.3,0,72,4436
102,백령도,2024-12-23 05:00,5.3,,5,290,55,4784
102,백령도,2024-12-23 06:00,5.5,0,5.8,290,57,4392
102,백령도,2024-12-23 07:00,5.2,,6.4,320,57,4184
102,백령도,2024-12-23 08:00,5,,5,320,51,4135
102,백령도,2024-12-23 09:00,5.2,0,4.4,320,48,3375
102,백령도,2024-12-23 10:00,6.1,,3.9,340,49,3364
102,백령도,2024-12-23 11:00,6.6,,4.9,340,42,3918
102,백령도,2024-12-23 12:00,6.6,,6.6,340,51,3257
102,백령도,2024-12-23 13:00,5.9,,4.8,360,53,2602
102,백령도,2024-12-23 14:00,5.3,,6.6,340,44,3845
102,백령도,2024-12-23 15:00,4.8,,6.2,360,59,2338
102,백령도,2024-12-23 16:00,4.2,,6.7,340,42,4276
102,백령도,2024-12-23 17:00,3.4,,6.2,340,48,3184
102,백령도,2024-12-23 18:00,3.2,,5.9,340,47,4388
102,백령도,2024-12-23 19:00,3,,6.1,340,53,4603
102,백령도,2024-12-23 20:00,3.2,,6.5,340,44,4997
102,백령도,2024-12-23 21:00,3.3,,6.9,340,44,4527
102,백령도,2024-12-23 22:00,3.3,,7,340,40,4797
102,백령도,2024-12-23 23:00,3.3,,5.8,340,42,4522
102,백령도,2024-12-24 00:00,3.2,,7.5,360,51,3057
102,백령도,2024-12-24 01:00,2.6,,8.4,340,52,3292
102,백령도,2024-12-24 02:00,2.1,,7.7,360,52,3780
102,백령도,2024-12-24 03:00,1.7,,7.6,340,56,3431
102,백령도,2024-12-24 04:00,1.2,,7.8,360,57,2714
102,백령도,2024-12-24 05:00,1.2,,8,340,54,3018
102,백령도,2024-12-24 06:00,.8,,7.6,360,58,2889
102,백령도,2024-12-24 07:00,.7,,7,360,58,2942
102,백령도,2024-12-24 08:00,.4,,5.9,360,57,3176
102,백령도,2024-12-24 09:00,.9,,4.9,360,54,3693
102,백령도,2024-12-24 10:00,1.5,,3.6,360,52,3567
102,백령도,2024-12-24 11:00,1.9,,5.4,340,52,3917
102,백령도,2024-12-24 12:00,2.7,,5.3,360,55,4230
102,백령도,2024-12-24 13:00,2.9,,4.8,340,51,4078
102,백령도,2024-12-24 14:00,2.8,,5.8,340,58,4177
102,백령도,2024-12-24 15:00,2.3,,4.4,340,59,4343
102,백령도,2024-12-24 16:00,2.6,,4.1,340,58,3778
102,백령도,2024-12-24 17:00,1.7,,3.5,340,49,4367
102,백령도,2024-12-24 18:00,1.6,,3.7,340,52,4088
102,백령도,2024-12-24 19:00,1.6,,2.7,340,50,4572
102,백령도,2024-12-24 20:00,2,,2,340,46,4651
102,백령도,2024-12-24 21:00,2.1,,0,0,48,4208
102,백령도,2024-12-24 22:00,1.4,,1.8,90,51,3201
102,백령도,2024-12-24 23:00,1.2,,.3,0,51,3242
102,백령도,2024-12-25 00:00,1.9,,0,0,46,3761
102,백령도,2024-12-25 01:00,1.1,,1,160,50,4133
102,백령도,2024-12-25 02:00,1.7,,1.3,140,47,4534
102,백령도,2024-12-25 03:00,1.8,,1.5,200,51,4410
102,백령도,2024-12-25 04:00,2,,.7,140,45,4876
102,백령도,2024-12-25 05:00,1.9,,.8,140,50,4139
102,백령도,2024-12-25 06:00,2.5,,1.5,250,39,4949
102,백령도,2024-12-25 07:00,2.6,,1.6,320,42,3670
102,백령도,2024-12-25 08:00,2.6,,1.8,230,39,3643
102,백령도,2024-12-25 09:00,3.9,,2,230,45,3588
102,백령도,2024-12-25 10:00,4.8,,2.9,250,38,3331
102,백령도,2024-12-25 11:00,5.8,,5,250,33,2134
102,백령도,2024-12-25 12:00,6.5,,4.8,270,32,1719
102,백령도,2024-12-25 13:00,6.9,,5.3,250,44,1615
102,백령도,2024-12-25 14:00,7,,5.9,270,38,1589
102,백령도,2024-12-25 15:00,6.5,,6,270,44,1497
102,백령도,2024-12-25 16:00,6.6,,5,270,47,1291
102,백령도,2024-12-25 17:00,5.8,,3,270,48,1198
102,백령도,2024-12-25 18:00,5.3,,3.8,270,49,1043
102,백령도,2024-12-25 19:00,5.2,,4.4,270,52,875
102,백령도,2024-12-25 20:00,5.2,,4,270,56,775
102,백령도,2024-12-25 21:00,5.7,,4.6,270,53,732
102,백령도,2024-12-25 22:00,6,,5,290,50,535
102,백령도,2024-12-25 23:00,5.9,,5.7,270,49,538
102,백령도,2024-12-26 00:00,6.2,,6.3,290,46,781
102,백령도,2024-12-26 01:00,5.7,,8.3,320,44,823
102,백령도,2024-12-26 02:00,5.3,,8.4,320,34,1311
102,백령도,2024-12-26 03:00,4.2,,10.9,360,50,932
102,백령도,2024-12-26 04:00,2.8,,11.2,340,51,1454
102,백령도,2024-12-26 05:00,1.6,,11.1,340,51,1766
102,백령도,2024-12-26 06:00,.9,,9.1,340,47,2119
102,백령도,2024-12-26 07:00,.2,,6.9,340,30,2196
102,백령도,2024-12-26 08:00,-.7,,8.1,340,29,2544
102,백령도,2024-12-26 09:00,-1,,8.4,340,30,2699
102,백령도,2024-12-26 10:00,-1.1,,7.3,340,33,2608
102,백령도,2024-12-26 11:00,-1.5,,9.3,340,39,2695
102,백령도,2024-12-26 12:00,-1.3,,7.4,340,41,3315
102,백령도,2024-12-26 13:00,-1.7,,9.2,340,41,3633
102,백령도,2024-12-26 14:00,-1.6,,9.8,340,26,4092
102,백령도,2024-12-26 15:00,-1.1,,8.2,320,36,4270
102,백령도,2024-12-26 16:00,-1.3,,8.5,320,23,4360
102,백령도,2024-12-26 17:00,-1.1,,7.6,340,19,4208
102,백령도,2024-12-26 18:00,-.5,,8.4,320,15,4720
102,백령도,2024-12-26 19:00,-.4,,9.7,340,14,4439
102,백령도,2024-12-26 20:00,.1,,8.4,320,12,4317
102,백령도,2024-12-26 21:00,.4,,6.7,340,,4649
102,백령도,2024-12-26 22:00,.5,,7.8,340,,4849
102,백령도,2024-12-26 23:00,.4,,8.7,360,,4153
102,백령도,2024-12-27 00:00,.2,,8.4,340,,3465
102,백령도,2024-12-27 01:00,.1,,8.9,340,,2913
102,백령도,2024-12-27 02:00,.1,,6.6,340,,3180
102,백령도,2024-12-27 03:00,.6,,7.9,340,,4022
102,백령도,2024-12-27 04:00,.7,,7.7,340,,4208
102,백령도,2024-12-27 05:00,.8,,7.2,340,,4239
102,백령도,2024-12-27 06:00,.8,0,6.6,340,,4183
102,백령도,2024-12-27 07:00,.8,,5.7,340,,3855
102,백령도,2024-12-27 08:00,.8,,5.3,340,,4523
102,백령도,2024-12-27 09:00,.7,0,5.3,320,,4577
102,백령도,2024-12-27 10:00,1.1,,5.2,340,,4272
102,백령도,2024-12-27 11:00,1.4,,4.5,360,,4279
102,백령도,2024-12-27 12:00,1,0,4.3,320,,3789
102,백령도,2024-12-27 13:00,1,,4.4,320,,3607
102,백령도,2024-12-27 14:00,1.2,,4.7,340,,3863
102,백령도,2024-12-27 15:00,.5,0,4.7,340,,1359
102,백령도,2024-12-27 16:00,.9,,4.8,320,,3146
102,백령도,2024-12-27 17:00,-.7,,7.3,320,,462
102,백령도,2024-12-27 18:00,.2,0,8.9,320,,4434
102,백령도,2024-12-27 19:00,.1,,9.2,320,,4898
102,백령도,2024-12-27 20:00,-.1,,8.9,320,,4630
102,백령도,2024-12-27 21:00,-.2,0,6.9,340,,3512
102,백령도,2024-12-27 22:00,-1,,6,340,,1533
102,백령도,2024-12-27 23:00,-.1,,9.4,340,,3785
102,백령도,2024-12-28 00:00,-.5,0,9.9,360,,2678
102,백령도,2024-12-28 01:00,-1,,10.4,340,,2839
102,백령도,2024-12-28 02:00,-.9,,9.4,340,,3041
102,백령도,2024-12-28 03:00,-.7,0,9.3,340,,3575
102,백령도,2024-12-28 04:00,-.7,,6.4,340,,4108
102,백령도,2024-12-28 05:00,-.5,,8.5,340,,3388
102,백령도,2024-12-28 06:00,-.5,0,6.9,340,,3930
102,백령도,2024-12-28 07:00,-.3,,7.3,320,,4166
102,백령도,2024-12-28 08:00,-.4,,8,320,,4824
102,백령도,2024-12-28 09:00,-.3,,5.2,340,,4089
102,백령도,2024-12-28 10:00,.1,,6.5,320,,4462
102,백령도,2024-12-28 11:00,.5,,5.8,340,,4416
102,백령도,2024-12-28 12:00,1,,6.1,320,,4903
102,백령도,2024-12-28 13:00,1,,6.5,320,,4719
102,백령도,2024-12-28 14:00,1,,6.7,320,,4895
102,백령도,2024-12-28 15:00,.9,0,5.9,320,,4850
102,백령도,2024-12-28 16:00,.8,,4.8,340,,4696
102,백령도,2024-12-28 17:00,1.1,,5.2,320,,4953
102,백령도,2024-12-28 18:00,1.8,0,5.4,320,,4990
102,백령도,2024-12-28 19:00,2.1,,4.7,320,,4170
102,백령도,2024-12-28 20:00,2.6,,3.8,340,,4805
102,백령도,2024-12-28 21:00,3.5,0,5.2,320,,4915
102,백령도,2024-12-28 22:00,3.7,,4.5,320,,4847
102,백령도,2024-12-28 23:00,3.9,,6.2,320,,4977
102,백령도,2024-12-29 00:00,3.6,,7.3,320,,4972
102,백령도,2024-12-29 01:00,3,,6,320,,4992
102,백령도,2024-12-29 02:00,.9,,2.7,90,,3792
102,백령도,2024-12-29 03:00,.4,,2.3,90,,3979
102,백령도,2024-12-29 04:00,.2,,1,110,,3820
102,백령도,2024-12-29 05:00,.1,,.9,110,,4061
102,백령도,2024-12-29 06:00,.2,,1.4,110,,4047
102,백령도,2024-12-29 07:00,.3,,2.3,110,,3999
102,백령도,2024-12-29 08:00,.2,,2.2,110,,3659
102,백령도,2024-12-29 09:00,1.7,,2.4,110,,3947
102,백령도,2024-12-29 10:00,3,,4,140,,3495
102,백령도,2024-12-29 11:00,3.1,,4.4,140,,3474
102,백령도,2024-12-29 12:00,3.3,,3.9,180,,3643
102,백령도,2024-12-29 13:00,2.6,,4.9,160,,2629
102,백령도,2024-12-29 14:00,4,,3.8,160,,2518
102,백령도,2024-12-29 15:00,5.2,0,3.1,160,,2335
102,백령도,2024-12-29 16:00,5.4,,2.9,230,,3552
102,백령도,2024-12-29 17:00,5,,5,230,,3860
102,백령도,2024-12-29 18:00,4.7,,3.6,250,,4007
102,백령도,2024-12-29 19:00,5.1,,3.8,230,,2424
102,백령도,2024-12-29 20:00,5.7,,4.4,230,,2211
102,백령도,2024-12-29 21:00,5.8,,3.3,230,,1934
102,백령도,2024-12-29 22:00,6,,5.1,250,,1831
102,백령도,2024-12-29 23:00,5.8,,3.7,250,,1998
102,백령도,2024-12-30 00:00,6,,4.2,230,56,1870
102,백령도,2024-12-30 01:00,6.3,,4.1,230,,1801
102,백령도,2024-12-30 02:00,6.5,,4.4,250,,1618
102,백령도,2024-12-30 03:00,6.6,,4.3,250,,1423
102,백령도,2024-12-30 04:00,6.6,,5.4,250,,1358
102,백령도,2024-12-30 05:00,6.5,,5.3,250,,1532
102,백령도,2024-12-30 06:00,6.2,,4.4,250,,1580
102,백령도,2024-12-30 07:00,5.3,,2.8,270,,1556
102,백령도,2024-12-30 08:00,5.1,,2.6,270,,1571
102,백령도,2024-12-30 09:00,5.8,,1.7,250,,1486
102,백령도,2024-12-30 10:00,7.2,,3.4,250,,1495
102,백령도,2024-12-30 11:00,7.7,,5.9,270,46,1401
102,백령도,2024-12-30 12:00,7.8,,6,270,47,1284
102,백령도,2024-12-30 13:00,8.1,,6.3,270,44,1251
102,백령도,2024-12-30 14:00,8,,5.4,290,50,1088
102,백령도,2024-12-30 15:00,7.9,,4.2,270,53,945
102,백령도,2024-12-30 16:00,7.2,,4.4,250,61,826
102,백령도,2024-12-30 17:00,6.9,,4.5,270,61,771
102,백령도,2024-12-30 18:00,6.3,,3.1,290,65,686
102,백령도,2024-12-30 19:00,6.5,,5.2,290,65,707
102,백령도,2024-12-30 20:00,7,,6.1,290,63,869
102,백령도,2024-12-30 21:00,6.2,,5.3,340,45,1446
102,백령도,2024-12-30 22:00,6.3,,9.2,340,47,1164
102,백령도,2024-12-30 23:00,5.2,,8.2,360,45,1346
102,백령도,2024-12-31 00:00,4.5,,10.1,340,40,1621
