지점,지점명,일시,기온(°C),강수량(mm),풍속(m/s),풍향(16방위),습도(%),시정(10m)
102,백령도,2022-01-01 01:00,-3.3,,1.6,70,70,4603
102,백령도,2022-01-01 02:00,-3.2,,2.2,140,74,4125
102,백령도,2022-01-01 03:00,-3.3,,2.2,140,75,4625
102,백령도,2022-01-01 04:00,-3.1,,2.7,140,73,4731
102,백령도,2022-01-01 05:00,-2.8,,3.1,110,71,4823
102,백령도,2022-01-01 06:00,-2.5,,2.9,140,76,4514
102,백령도,2022-01-01 07:00,-1.8,,3.3,140,77,4238
102,백령도,2022-01-01 08:00,-2.2,,4.5,110,74,3972
102,백령도,2022-01-01 09:00,-1.4,,4.8,110,71,4020
102,백령도,2022-01-01 10:00,-.1,,4.5,140,76,4160
102,백령도,2022-01-01 11:00,1.9,,5.9,160,76,4665
102,백령도,2022-01-01 12:00,2.9,,5.3,160,77,4853
102,백령도,2022-01-01 13:00,3.7,,5.8,160,67,4671
102,백령도,2022-01-01 14:00,4,,5.5,180,68,4353
102,백령도,2022-01-01 15:00,4,,4,160,73,4088
102,백령도,2022-01-01 16:00,4.2,,5.6,180,74,3962
102,백령도,2022-01-01 17:00,4.5,,5.8,180,77,3700
102,백령도,2022-01-01 18:00,4.9,.1,5.4,180,78,2579
102,백령도,2022-01-01 19:00,5.6,,4.7,200,75,3175
102,백령도,2022-01-01 20:00,5.7,,5.4,230,73,2500
102,백령도,2022-01-01 21:00,5.9,.5,5.5,230,77,3327
102,백령도,2022-01-01 22:00,6.3,,6.6,250,68,3322
102,백령도,2022-01-01 23:00,6.6,,5.8,250,67,4079
102,백령도,2022-01-02 00:00,6.5,.1,6.6,250,67,3737
102,백령도,2022-01-02 01:00,6.3,,6.9,250,67,3471
102,백령도,2022-01-02 02:00,6.3,,6.3,270,71,2695
102,백령도,2022-01-02 03:00,3.9,0,8.3,340,88,512
102,백령도,2022-01-02 04:00,2.2,,8.2,360,84,946
102,백령도,2022-01-02 05:00,1.4,,9.8,340,73,2040
102,백령도,2022-01-02 06:00,.5,0,9.8,340,72,2234
102,백령도,2022-01-02 07:00,0,,8.7,340,74,2418
102,백령도,2022-01-02 08:00,-.4,,9.3,340,65,3374
102,백령도,2022-01-02 09:00,-.6,,9.8,340,64,3758
102,백령도,2022-01-02 10:00,-.7,,10.4,340,58,3693
102,백령도,2022-01-02 11:00,-.2,,9.1,360,62,4346
102,백령도,2022-01-02 12:00,-.2,,8.7,340,55,4491
102,백령도,2022-01-02 13:00,-.3,,8.6,360,48,4785
102,백령도,2022-01-02 14:00,-.4,,8.6,360,50,4933
102,백령도,2022-01-02 15:00,-.2,,6.9,360,46,4996
102,백령도,2022-01-02 16:00,-.7,,6.7,340,51,4891
102,백령도,2022-01-02 17:00,-1.1,,6.2,340,57,4997
102,백령도,2022-01-02 18:00,-1.2,,5.5,360,60,4993
102,백령도,2022-01-02 19:00,-1.5,,3.8,360,60,4962
102,백령도,2022-01-02 20:00,-1.6,,2.2,20,59,4982
102,백령도,2022-01-02 21:00,-1.8,,1.8,20,59,4933
102,백령도,2022-01-02 22:00,-1.8,,1.8,360,58,4890
102,백령도,2022-01-02 23:00,-2,,1.9,340,58,4947
102,백령도,2022-01-03 00:00,-1.7,,2.8,340,55,4929
102,백령도,2022-01-03 01:00,-1.6,,2.3,340,58,4942
102,백령도,2022-01-03 02:00,-1.3,,1.7,20,58,4981
102,백령도,2022-01-03 03:00,-2,,1.4,70,63,4981
102,백령도,2022-01-03 04:00,-2.1,,1,140,66,4974
102,백령도,2022-01-03 05:00,-2.5,,2.3,140,70,4895
102,백령도,2022-01-03 06:00,-2.1,,2.3,110,67,4847
102,백령도,2022-01-03 07:00,-2.1,,3.1,110,70,4854
102,백령도,2022-01-03 08:00,-1.5,,1.8,140,71,4885
102,백령도,2022-01-03 09:00,-.2,,1.9,140,72,4932
102,백령도,2022-01-03 10:00,2.1,,.8,160,60,4792
102,백령도,2022-01-03 11:00,2.3,,2.7,90,70,4235
102,백령도,2022-01-03 12:00,2.8,,2.5,70,69,4261
102,백령도,2022-01-03 13:00,4.4,,4.6,270,57,3662
102,백령도,2022-01-03 14:00,5,,4.3,270,58,3414
102,백령도,2022-01-03 15:00,5.3,,5.4,290,55,3264
102,백령도,2022-01-03 16:00,4.7,,5.4,290,58,2960
102,백령도,2022-01-03 17:00,4.3,,3.1,270,61,2516
102,백령도,2022-01-03 18:00,4,,2.5,250,65,2030
102,백령도,2022-01-03 19:00,4.6,,4.5,290,73,1487
102,백령도,2022-01-03 20:00,2,,3.6,70,93,1774
102,백령도,2022-01-03 21:00,1.9,.1,2.5,70,93,1433
102,백령도,2022-01-03 22:00,2.1,,1.4,20,80,2356
102,백령도,2022-01-03 23:00,1.9,,3,360,76,2236
102,백령도,2022-01-04 00:00,1.4,0,2.5,50,74,2005
102,백령도,2022-01-04 01:00,1.6,,7.5,360,63,2008
102,백령도,2022-01-04 02:00,1.5,,7.4,360,64,2125
102,백령도,2022-01-04 03:00,.8,,8.9,360,58,3202
102,백령도,2022-01-04 04:00,.3,,9.3,340,46,4890
102,백령도,2022-01-04 05:00,-.3,,9.4,340,53,4295
102,백령도,2022-01-04 06:00,-.7,,8.5,360,50,4824
102,백령도,2022-01-04 07:00,-1,,9,360,44,4950
102,백령도,2022-01-04 08:00,-1.4,,7,360,47,4984
102,백령도,2022-01-04 09:00,-1.3,,5.2,360,48,4701
102,백령도,2022-01-04 10:00,-1.1,,7.7,360,46,4987
102,백령도,2022-01-04 11:00,-.8,,6.4,360,46,5000
102,백령도,2022-01-04 12:00,-.7,,6.3,360,46,5000
102,백령도,2022-01-04 13:00,-.4,,6.6,360,45,4998
102,백령도,2022-01-04 14:00,-.6,,6.7,360,47,4980
102,백령도,2022-01-04 15:00,-.9,,6.5,340,46,4966
102,백령도,2022-01-04 16:00,-.9,,5.7,360,48,4994
102,백령도,2022-01-04 17:00,-1.4,,6,340,45,5000
102,백령도,2022-01-04 18:00,-1.7,,6,340,51,5000
102,백령도,2022-01-04 19:00,-1.5,,6,360,55,4995
102,백령도,2022-01-04 20:00,-1.2,,6.2,360,56,4999
102,백령도,2022-01-04 21:00,-1,,5.5,360,55,4984
102,백령도,2022-01-04 22:00,-1.2,,6.2,360,56,4781
102,백령도,2022-01-04 23:00,-1.1,,4.9,360,55,4954
102,백령도,2022-01-05 00:00,-.8,,6.1,360,52,4939
102,백령도,2022-01-05 01:00,-.5,,6.9,340,48,4978
102,백령도,2022-01-05 02:00,-.5,,7.3,360,47,4978
102,백령도,2022-01-05 03:00,-1.2,,4,360,56,4894
102,백령도,2022-01-05 04:00,-1.8,,2.4,20,56,4810
102,백령도,2022-01-05 05:00,-2,,2.3,20,56,4976
102,백령도,2022-01-05 06:00,-2.3,,2.3,20,55,4989
102,백령도,2022-01-05 07:00,-2.7,,2.3,50,56,4936
102,백령도,2022-01-05 08:00,-2.8,,3.3,50,53,5000
102,백령도,2022-01-05 09:00,-2.4,,3,50,37,4984
102,백령도,2022-01-05 10:00,-1.4,,1.7,50,33,5000
102,백령도,2022-01-05 11:00,-.9,,.8,70,29,5000
102,백령도,2022-01-05 12:00,-.4,,1.6,340,21,4998
102,백령도,2022-01-05 13:00,.1,,1.4,340,25,5000
102,백령도,2022-01-05 14:00,.4,,2.7,340,29,5000
102,백령도,2022-01-05 15:00,.1,,3.8,340,34,5000
102,백령도,2022-01-05 16:00,.6,,3.8,340,38,4864
102,백령도,2022-01-05 17:00,-.2,,3.3,360,55,3801
102,백령도,2022-01-05 18:00,-.4,,4.4,340,55,4429
102,백령도,2022-01-05 19:00,-.5,,5.5,360,56,3609
102,백령도,2022-01-05 20:00,-.7,,5.3,360,67,2675
102,백령도,2022-01-05 21:00,-.9,,4.6,360,68,2542
102,백령도,2022-01-05 22:00,-.5,,3.7,360,69,2689
102,백령도,2022-01-05 23:00,-.3,,4.3,360,71,3007
102,백령도,2022-01-06 00:00,.3,,5.4,360,70,3507
102,백령도,2022-01-06 01:00,.4,,5.2,360,72,3294
102,백령도,2022-01-06 02:00,1.1,,5.2,360,71,2625
102,백령도,2022-01-06 03:00,1.7,,5.1,360,68,2327
102,백령도,2022-01-06 04:00,2.3,,6,360,63,2047
102,백령도,2022-01-06 05:00,1.8,,5.4,360,67,2015
102,백령도,2022-01-06 06:00,.8,,2.5,360,71,2027
102,백령도,2022-01-06 07:00,.7,,5.1,360,72,1991
102,백령도,2022-01-06 08:00,1.2,,8,340,66,1864
102,백령도,2022-01-06 09:00,1.3,,8.3,360,65,1917
102,백령도,2022-01-06 10:00,1.8,,9.3,340,59,2244
102,백령도,2022-01-06 11:00,2,,10.6,340,59,2244
102,백령도,2022-01-06 12:00,2.2,,9.7,340,54,2663
102,백령도,2022-01-06 13:00,2.2,,9.7,340,56,2519
102,백령도,2022-01-06 14:00,2.4,,9.4,360,52,3147
102,백령도,2022-01-06 15:00,2.3,,8.9,360,46,3899
102,백령도,2022-01-06 16:00,2,,8,360,45,4446
102,백령도,2022-01-06 17:00,1.4,,8.3,340,56,3453
102,백령도,2022-01-06 18:00,.6,,6.6,360,62,2868
102,백령도,2022-01-06 19:00,.5,,5.9,360,55,3192
102,백령도,2022-01-06 20:00,.9,,5.6,360,56,3076
102,백령도,2022-01-06 21:00,1.1,,6.7,360,56,2809
102,백령도,2022-01-06 22:00,1.3,,5.9,360,52,3059
102,백령도,2022-01-06 23:00,1.4,,5.3,360,53,3088
102,백령도,2022-01-07 00:00,1.4,,4.9,360,51,3372
102,백령도,2022-01-07 01:00,1.5,,5.9,360,48,3881
102,백령도,2022-01-07 02:00,1.1,,3.1,20,55,3515
102,백령도,2022-01-07 03:00,1.1,,4.3,360,57,3214
102,백령도,2022-01-07 04:00,.9,,3.7,360,62,3162
102,백령도,2022-01-07 05:00,.5,,3.4,360,65,2949
102,백령도,2022-01-07 06:00,.2,,2.9,360,67,3011
102,백령도,2022-01-07 07:00,.1,,2.1,360,70,2931
102,백령도,2022-01-07 08:00,.3,,2.3,20,70,2787
102,백령도,2022-01-07 09:00,1.3,,1.2,20,66,2876
102,백령도,2022-01-07 10:00,2.1,,2.3,360,62,2739
102,백령도,2022-01-07 11:00,3.2,,3.7,360,58,2651
102,백령도,2022-01-07 12:00,3.7,,3.8,340,57,3023
102,백령도,2022-01-07 13:00,3.7,,4.6,360,55,3391
102,백령도,2022-01-07 14:00,4.2,,4.5,340,52,3532
102,백령도,2022-01-07 15:00,4.1,,3.9,340,52,3714
102,백령도,2022-01-07 16:00,3.9,,4,340,55,3665
102,백령도,2022-01-07 17:00,3.1,,2.7,340,60,3600
102,백령도,2022-01-07 18:00,1.9,,1.3,360,66,3454
102,백령도,2022-01-07 19:00,1.4,,.4,0,69,3253
102,백령도,2022-01-07 20:00,1.4,,.2,0,71,2239
102,백령도,2022-01-07 21:00,2.2,,.1,0,71,3121
102,백령도,2022-01-07 22:00,1.5,,.7,180,75,713
102,백령도,2022-01-07 23:00,1.3,,1.4,200,77,2463
102,백령도,2022-01-08 00:00,2.5,,1.2,250,67,2759
102,백령도,2022-01-08 01:00,3.3,,1.9,250,66,4223
102,백령도,2022-01-08 02:00,3.4,,2.7,270,65,4870
102,백령도,2022-01-08 03:00,3.6,,2,270,66,3063
102,백령도,2022-01-08 04:00,4,,1.5,250,68,1056
102,백령도,2022-01-08 05:00,3.8,,3.2,250,66,1204
102,백령도,2022-01-08 06:00,3.5,,2,250,68,1974
102,백령도,2022-01-08 07:00,3.4,,2,250,70,1585
102,백령도,2022-01-08 08:00,3.5,,2.5,250,62,1635
102,백령도,2022-01-08 09:00,4,,2.3,270,63,1274
102,백령도,2022-01-08 10:00,4.5,,3,270,67,862
102,백령도,2022-01-08 11:00,4.6,,3.3,250,74,697
102,백령도,2022-01-08 12:00,5,0,3.1,250,75,676
102,백령도,2022-01-08 13:00,5.8,,4.7,270,70,691
102,백령도,2022-01-08 14:00,5.7,,5.2,250,72,530
102,백령도,2022-01-08 15:00,5.4,0,5.5,250,76,419
102,백령도,2022-01-08 16:00,5.3,,6.2,250,76,404
102,백령도,2022-01-08 17:00,5.4,,5.5,250,79,362
102,백령도,2022-01-08 18:00,5.9,0,5.5,290,78,336
102,백령도,2022-01-08 19:00,5.5,,5.6,290,70,409
102,백령도,2022-01-08 20:00,5.2,,6.1,320,68,416
102,백령도,2022-01-08 21:00,4,0,6.5,340,79,360
102,백령도,2022-01-08 22:00,3.5,,6.2,340,71,440
102,백령도,2022-01-08 23:00,3.4,,6.6,340,64,680
102,백령도,2022-01-09 00:00,3.1,,5.8,340,59,1073
102,백령도,2022-01-09 01:00,2.6,,5,340,61,1912
102,백령도,2022-01-09 02:00,2.4,,5.6,340,63,1903
102,백령도,2022-01-09 03:00,1.9,,7.1,340,63,2349
102,백령도,2022-01-09 04:00,1.4,,4.9,360,68,2135
102,백령도,2022-01-09 05:00,1.1,,4.5,340,70,2058
102,백령도,2022-01-09 06:00,1,,3.8,340,70,1371
102,백령도,2022-01-09 07:00,1,,3.9,360,68,1348
102,백령도,2022-01-09 08:00,.6,,1.6,20,76,1138
102,백령도,2022-01-09 09:00,.9,,2.2,20,76,1053
102,백령도,2022-01-09 10:00,1.6,,3.8,340,64,1170
102,백령도,2022-01-09 11:00,2.5,,3.7,360,65,1100
102,백령도,2022-01-09 12:00,2.8,,3.7,360,68,1077
102,백령도,2022-01-09 13:00,3.4,,4.3,360,69,1103
102,백령도,2022-01-09 14:00,3.7,,4.4,340,68,1128
102,백령도,2022-01-09 15:00,3.8,,4.1,340,65,1215
102,백령도,2022-01-09 16:00,3.2,,4.3,340,70,1163
102,백령도,2022-01-09 17:00,2.5,,4.4,340,72,1389
102,백령도,2022-01-09 18:00,2.3,,4.6,360,73,1478
102,백령도,2022-01-09 19:00,1.6,,3.9,360,78,1188
102,백령도,2022-01-09 20:00,1.2,,3.9,340,81,1044
102,백령도,2022-01-09 21:00,1.3,,3.4,360,77,1194
102,백령도,2022-01-09 22:00,.9,,3.4,360,77,1169
102,백령도,2022-01-09 23:00,.7,,1.9,50,80,1095
102,백령도,2022-01-10 00:00,.7,,1.6,50,73,1337
102,백령도,2022-01-10 01:00,.5,,1.7,360,71,1479
102,백령도,2022-01-10 02:00,.7,,2.7,340,71,1470
102,백령도,2022-01-10 03:00,.8,,1.6,340,71,1432
102,백령도,2022-01-10 04:00,.5,,.7,320,70,1536
102,백령도,2022-01-10 05:00,1.3,,1.5,20,65,1824
102,백령도,2022-01-10 06:00,.9,,1.4,20,67,1841
102,백령도,2022-01-10 07:00,.8,,.8,90,70,1730
102,백령도,2022-01-10 08:00,1.1,,1.2,70,70,1887
102,백령도,2022-01-10 09:00,1.4,,1.1,110,71,1652
102,백령도,2022-01-10 10:00,2.7,,1.1,140,69,1608
102,백령도,2022-01-10 11:00,3.3,,1.7,90,65,1815
102,백령도,2022-01-10 12:00,3.7,,1,90,63,1849
102,백령도,2022-01-10 13:00,4.3,,2.4,180,64,1792
102,백령도,2022-01-10 14:00,4.2,,3,180,66,1202
102,백령도,2022-01-10 15:00,4.8,,4,290,60,2223
102,백령도,2022-01-10 16:00,4.2,,5,290,54,1286
102,백령도,2022-01-10 17:00,2.8,,6.1,320,73,1100
102,백령도,2022-01-10 18:00,1.9,.1,7,320,92,601
102,백령도,2022-01-10 19:00,.6,,8.2,340,97,163
102,백령도,2022-01-10 20:00,.1,,10.3,340,82,1074
102,백령도,2022-01-10 21:00,-.2,.4,11.1,340,73,1185
102,백령도,2022-01-10 22:00,-1,,12.5,340,68,2059
102,백령도,2022-01-10 23:00,-2.1,,9.9,340,63,3035
102,백령도,2022-01-11 00:00,-3.1,0,11.6,340,60,4290
102,백령도,2022-01-11 01:00,-3.7,,12,340,63,4476
102,백령도,2022-01-11 02:00,-4.4,,12.9,340,62,4593
102,백령도,2022-01-11 03:00,-4.9,0,13.1,340,60,4608
102,백령도,2022-01-11 04:00,-5.2,,13.7,340,57,4796
102,백령도,2022-01-11 05:00,-5.4,,14.1,340,64,4544
102,백령도,2022-01-11 06:00,-5.4,,12.8,340,68,4490
102,백령도,2022-01-11 07:00,-5.5,,11.8,340,65,4706
102,백령도,2022-01-11 08:00,-5.6,,12,340,67,4727
102,백령도,2022-01-11 09:00,-5.6,0,13,340,69,3646
102,백령도,2022-01-11 10:00,-5.8,,11.5,340,68,1684
102,백령도,2022-01-11 11:00,-6,,11.8,340,67,1498
102,백령도,2022-01-11 12:00,-6,0,10.8,340,68,2267
102,백령도,2022-01-11 13:00,-5.7,,11.1,340,65,2650
102,백령도,2022-01-11 14:00,-6.3,,11.1,340,80,193
102,백령도,2022-01-11 15:00,-6.1,0,11,340,74,467
102,백령도,2022-01-11 16:00,-5.8,,11.7,340,69,1882
102,백령도,2022-01-11 17:00,-5.4,,10.9,340,64,4268
102,백령도,2022-01-11 18:00,-4.9,0,9.1,340,65,3298
102,백령도,2022-01-11 19:00,-4.5,,7.1,340,62,3828
102,백령도,2022-01-11 20:00,-4,,8.1,340,61,4900
102,백령도,2022-01-11 21:00,-3.8,0,8,340,56,4976
102,백령도,2022-01-11 22:00,-3.7,,7.7,340,56,4548
102,백령도,2022-01-11 23:00,-3.7,,7.9,340,57,4747
102,백령도,2022-01-12 00:00,-3.9,0,7.4,340,59,4381
102,백령도,2022-01-12 01:00,-4.1,,7.2,340,57,4884
102,백령도,2022-01-12 02:00,-4.3,,8.7,340,59,4827
102,백령도,2022-01-12 03:00,-4.5,0,8.5,340,55,5000
102,백령도,2022-01-12 04:00,-4.7,,9,340,53,5000
102,백령도,2022-01-12 05:00,-4.7,,9.6,340,59,4940
102,백령도,2022-01-12 06:00,-4.8,,8.8,340,62,4818
102,백령도,2022-01-12 07:00,-5,,7.7,340,57,4945
102,백령도,2022-01-12 08:00,-5.1,,8.4,340,52,4977
102,백령도,2022-01-12 09:00,-4.7,,7.7,360,54,4978
102,백령도,2022-01-12 10:00,-4.1,,6.7,360,53,4957
102,백령도,2022-01-12 11:00,-3.6,,7,340,49,4581
102,백령도,2022-01-12 12:00,-2.9,,6.8,340,53,4571
102,백령도,2022-01-12 13:00,-2.9,,6.2,340,51,4754
102,백령도,2022-01-12 14:00,-2.6,,6.6,340,53,4669
102,백령도,2022-01-12 15:00,-2.5,,5,340,53,4699
102,백령도,2022-01-12 16:00,-2.5,,4.7,340,54,4878
102,백령도,2022-01-12 17:00,-2.6,,3.6,340,58,4909
102,백령도,2022-01-12 18:00,-2.9,,2.5,20,61,4712
102,백령도,2022-01-12 19:00,-3.3,,2.3,70,65,4295
102,백령도,2022-01-12 20:00,-3.2,,2.4,50,67,4485
102,백령도,2022-01-12 21:00,-3.2,,1,90,72,4068
102,백령도,2022-01-12 22:00,-3.3,,.1,0,78,982
102,백령도,2022-01-12 23:00,-3.6,,.3,0,89,378
102,백령도,2022-01-13 00:00,-3.2,.2,1,70,93,489
102,백령도,2022-01-13 01:00,-3.2,,2.3,20,94,119
102,백령도,2022-01-13 02:00,-3.4,,2,20,95,95
102,백령도,2022-01-13 03:00,-3.4,3.3,3.8,360,95,228
102,백령도,2022-01-13 04:00,-2.6,,10.5,340,53,1939
102,백령도,2022-01-13 05:00,-2.7,,12.7,340,50,1115
102,백령도,2022-01-13 06:00,-3,0,12,340,51,2198
102,백령도,2022-01-13 07:00,-3.4,,11.4,340,51,3523
102,백령도,2022-01-13 08:00,-3.6,,11.5,340,50,3855
102,백령도,2022-01-13 09:00,-3.7,0,11.5,340,54,4086
102,백령도,2022-01-13 10:00,-3.6,,10,340,58,4667
102,백령도,2022-01-13 11:00,-3.5,,12.4,340,54,4654
102,백령도,2022-01-13 12:00,-3.4,,9.8,340,60,3530
102,백령도,2022-01-13 13:00,-3.3,,9.7,340,57,4117
102,백령도,2022-01-13 14:00,-2.9,,9.4,340,57,4706
102,백령도,2022-01-13 15:00,-2.7,,8.6,320,52,4838
102,백령도,2022-01-13 16:00,-3,,10.3,340,50,4997
102,백령도,2022-01-13 17:00,-2.7,,10.6,340,52,4973
102,백령도,2022-01-13 18:00,-2.3,,9.1,340,51,4994
102,백령도,2022-01-13 19:00,-2,,9.3,340,48,4979
102,백령도,2022-01-13 20:00,-1.7,,7.7,340,51,4919
102,백령도,2022-01-13 21:00,-1.6,,10.2,340,46,4950
102,백령도,2022-01-13 22:00,-1.6,,10.3,340,45,4609
102,백령도,2022-01-13 23:00,-1.9,,8,360,50,4806
102,백령도,2022-01-14 00:00,-2.2,,7.8,360,48,4896
102,백령도,2022-01-14 01:00,-2.3,,7.7,340,48,4986
102,백령도,2022-01-14 02:00,-2.7,,6.8,340,48,4998
102,백령도,2022-01-14 03:00,-2.9,,4.6,360,52,4999
102,백령도,2022-01-14 04:00,-3,,5.9,360,53,4995
102,백령도,2022-01-14 05:00,-3.1,,4.9,360,56,4999
102,백령도,2022-01-14 06:00,-3,,4.3,360,56,4982
102,백령도,2022-01-14 07:00,-2.9,,3.5,360,57,5000
102,백령도,2022-01-14 08:00,-3.6,,1.8,50,63,4993
102,백령도,2022-01-14 09:00,-3.2,,1.7,20,57,4472
102,백령도,2022-01-14 10:00,-2.1,,1.3,340,55,4715
102,백령도,2022-01-14 11:00,-1.2,,1.5,20,52,4711
102,백령도,2022-01-14 12:00,-.1,,1,20,50,4625
102,백령도,2022-01-14 13:00,-.2,,1.4,90,52,4550
102,백령도,2022-01-14 14:00,.1,,2.2,90,54,4528
102,백령도,2022-01-14 15:00,.2,,3,110,56,4601
102,백령도,2022-01-14 16:00,.3,,2.9,180,59,4334
102,백령도,2022-01-14 17:00,0,,2.3,180,64,4350
102,백령도,2022-01-14 18:00,-.2,,1.6,230,67,4533
102,백령도,2022-01-14 19:00,.4,,1.9,200,66,4483
102,백령도,2022-01-14 20:00,.8,,1.4,200,60,1947
102,백령도,2022-01-14 21:00,1.7,,2,200,60,4173
102,백령도,2022-01-14 22:00,2.3,,3,200,59,4999
102,백령도,2022-01-14 23:00,2.6,,2.5,200,61,5000
102,백령도,2022-01-15 00:00,2.9,,2.5,200,60,4981
102,백령도,2022-01-15 01:00,3.2,,2.6,200,61,5000
102,백령도,2022-01-15 02:00,3.6,,2.9,200,60,4990
102,백령도,2022-01-15 03:00,3.8,,2.6,200,63,5000
102,백령도,2022-01-15 04:00,4.1,,2.8,200,64,5000
102,백령도,2022-01-15 05:00,3.9,,1.4,270,66,4991
102,백령도,2022-01-15 06:00,3.5,,1.7,250,70,4995
102,백령도,2022-01-15 07:00,3,,1.1,140,73,3932
102,백령도,2022-01-15 08:00,3.8,,1.2,250,71,4561
102,백령도,2022-01-15 09:00,3.9,,5.2,160,87,4481
102,백령도,2022-01-15 10:00,4.6,,5.4,180,84,3484
102,백령도,2022-01-15 11:00,4.8,,2.3,200,85,4069
102,백령도,2022-01-15 12:00,6.1,.2,5,270,66,4760
102,백령도,2022-01-15 13:00,6.8,,6.5,270,60,3978
102,백령도,2022-01-15 14:00,6.5,,5.1,250,55,2518
102,백령도,2022-01-15 15:00,6.4,,3.9,270,57,1966
102,백령도,2022-01-15 16:00,4.1,,2.5,90,77,1910
102,백령도,2022-01-15 17:00,3.5,,1.9,90,81,1794
102,백령도,2022-01-15 18:00,2.8,,2.1,90,85,1563
102,백령도,2022-01-15 19:00,3.4,,.9,110,82,1482
102,백령도,2022-01-15 20:00,4.4,,3.4,270,65,1190
102,백령도,2022-01-15 21:00,4.3,0,3.5,270,72,790
102,백령도,2022-01-15 22:00,4.8,,5.5,290,60,777
102,백령도,2022-01-15 23:00,4.6,,5.9,290,63,751
102,백령도,2022-01-16 00:00,2.7,0,11.6,340,80,529
102,백령도,2022-01-16 01:00,.6,,11.1,340,76,1027
102,백령도,2022-01-16 02:00,-.2,,10.6,340,68,1483
102,백령도,2022-01-16 03:00,-1.2,,11.1,340,64,2708
102,백령도,2022-01-16 04:00,-1.6,,10.1,340,63,4590
102,백령도,2022-01-16 05:00,-1.8,,10.5,340,61,4826
102,백령도,2022-01-16 06:00,-2.3,,9.5,340,57,4925
102,백령도,2022-01-16 07:00,-2.6,,10.4,340,60,4427
102,백령도,2022-01-16 08:00,-2.8,,10.4,340,53,4933
102,백령도,2022-01-16 09:00,-2.5,,8.8,340,53,4993
102,백령도,2022-01-16 10:00,-2.4,,8.7,340,55,4910
102,백령도,2022-01-16 11:00,-2.3,,7.9,340,52,4582
102,백령도,2022-01-16 12:00,-2.4,,9.5,340,54,4579
102,백령도,2022-01-16 13:00,-2,,7.5,340,50,4950
102,백령도,2022-01-16 14:00,-2.1,,7.9,340,46,4835
102,백령도,2022-01-16 15:00,-2.4,,8.1,340,44,4922
102,백령도,2022-01-16 16:00,-2.7,,7.6,340,48,4865
102,백령도,2022-01-16 17:00,-3,,8.9,340,52,4987
102,백령도,2022-01-16 18:00,-3.1,,6.6,340,54,5000
102,백령도,2022-01-16 19:00,-2.9,,6,340,57,5000
102,백령도,2022-01-16 20:00,-3,,3.8,340,53,5000
102,백령도,2022-01-16 21:00,-2.5,,4.9,320,53,5000
102,백령도,2022-01-16 22:00,-2.5,,5.1,320,48,5000
102,백령도,2022-01-16 23:00,-2.2,,5.6,320,48,5000
102,백령도,2022-01-17 00:00,-1.9,,5,320,50,4993
102,백령도,2022-01-17 01:00,-1.8,,5.1,320,48,4944
102,백령도,2022-01-17 02:00,-1.4,,4.8,320,49,4872
102,백령도,2022-01-17 03:00,-1.3,,4.6,320,48,4713
102,백령도,2022-01-17 04:00,-1.4,,5.2,320,47,4680
102,백령도,2022-01-17 05:00,-1.5,,4.7,320,49,4783
102,백령도,2022-01-17 06:00,-1.6,,4.7,320,47,4853
102,백령도,2022-01-17 07:00,-1.5,,4.3,320,46,4976
102,백령도,2022-01-17 08:00,-1.6,,2.9,320,47,4969
102,백령도,2022-01-17 09:00,-.8,,2.5,270,45,4961
102,백령도,2022-01-17 10:00,.2,,2.2,250,49,4932
102,백령도,2022-01-17 11:00,-.9,,4.7,270,94,108
102,백령도,2022-01-17 12:00,-.1,.7,3.6,360,90,2471
102,백령도,2022-01-17 13:00,.2,,10.2,340,59,3013
102,백령도,2022-01-17 14:00,-1,,11.4,340,55,3814
102,백령도,2022-01-17 15:00,-1.7,0,11.4,340,50,4706
102,백령도,2022-01-17 16:00,-2.2,,9.5,340,49,4759
102,백령도,2022-01-17 17:00,-2.2,,9.7,340,50,4881
102,백령도,2022-01-17 18:00,-2.1,,10.6,340,41,5000
102,백령도,2022-01-17 19:00,-2.1,,10.6,340,39,5000
102,백령도,2022-01-17 20:00,-2.3,,10.4,340,43,4999
102,백령도,2022-01-17 21:00,-2.5,,11.7,340,43,4999
102,백령도,2022-01-17 22:00,-2.7,,10.7,340,42,4986
102,백령도,2022-01-17 23:00,-3,,10.2,340,45,4950
102,백령도,2022-01-18 00:00,-3.4,,8.4,340,48,4864
102,백령도,2022-01-18 01:00,-3.6,,6.8,360,51,4892
102,백령도,2022-01-18 02:00,-4,,5.4,360,53,4953
102,백령도,2022-01-18 03:00,-4.3,,4.2,360,57,4911
102,백령도,2022-01-18 04:00,-4.6,,2.9,20,57,4876
102,백령도,2022-01-18 05:00,-5.1,,2.6,50,62,4832
102,백령도,2022-01-18 06:00,-5.7,,1.9,70,66,4226
102,백령도,2022-01-18 07:00,-5.8,,2,50,69,4219
102,백령도,2022-01-18 08:00,-5.4,,2.2,20,68,4344
102,백령도,2022-01-18 09:00,-4.4,,1.4,50,66,4159
102,백령도,2022-01-18 10:00,-3.5,,2.3,50,63,3914
102,백령도,2022-01-18 11:00,-2.8,,1.4,340,57,4002
102,백령도,2022-01-18 12:00,-2.4,,2.1,270,56,4158
102,백령도,2022-01-18 13:00,-1.8,,2.9,320,50,4424
102,백령도,2022-01-18 14:00,-1,,1.9,290,33,4941
102,백령도,2022-01-18 15:00,-.7,,3.1,360,42,4702
102,백령도,2022-01-18 16:00,-.8,,1.9,340,43,4865
102,백령도,2022-01-18 17:00,-1.3,,1.5,320,55,4730
102,백령도,2022-01-18 18:00,-2.2,,.2,0,64,3997
102,백령도,2022-01-18 19:00,-2.1,,.7,90,65,3850
102,백령도,2022-01-18 20:00,-2,,1.2,90,67,3694
102,백령도,2022-01-18 21:00,-1.9,,1.6,140,67,3549
102,백령도,2022-01-18 22:00,-1.7,,2.3,140,71,4024
102,백령도,2022-01-18 23:00,-2,,2.3,140,72,4238
102,백령도,2022-01-19 00:00,-1.2,,2.4,110,76,4053
102,백령도,2022-01-19 01:00,-.8,,3.3,140,77,2877
102,백령도,2022-01-19 02:00,.8,,2.7,160,75,4336
102,백령도,2022-01-19 03:00,1.2,0,4.1,160,79,4120
102,백령도,2022-01-19 04:00,1.5,,4.8,160,85,3315
102,백령도,2022-01-19 05:00,1.2,,3.6,270,90,410
102,백령도,2022-01-19 06:00,1.1,2.3,3.6,360,95,1322
102,백령도,2022-01-19 07:00,.2,,1.6,20,95,1057
102,백령도,2022-01-19 08:00,-1.5,,0,0,95,1198
102,백령도,2022-01-19 09:00,-2.3,.2,0,0,90,1884
102,백령도,2022-01-19 10:00,-2.2,,0,0,83,2344
102,백령도,2022-01-19 11:00,-1.7,,0,0,80,2237
102,백령도,2022-01-19 12:00,-1.8,0,0,0,89,1182
102,백령도,2022-01-19 13:00,-2,,,,74,2175
102,백령도,2022-01-19 14:00,-2.6,,,,68,2845
102,백령도,2022-01-19 15:00,-3.1,0,11.4,340,64,3209
102,백령도,2022-01-19 16:00,-3.4,,9.9,340,61,3385
102,백령도,2022-01-19 17:00,-3.7,,10.6,340,61,3160
102,백령도,2022-01-19 18:00,-3.6,,9.4,360,60,4034
102,백령도,2022-01-19 19:00,-3.5,,10.5,360,57,4584
102,백령도,2022-01-19 20:00,-3.5,,7.7,360,53,4954
102,백령도,2022-01-19 21:00,-3.4,,7.8,360,49,4966
102,백령도,2022-01-19 22:00,-3.9,,8.1,360,46,4975
102,백령도,2022-01-19 23:00,-4.1,,6.2,360,49,4763
102,백령도,2022-01-20 00:00,-4.2,,7.9,360,54,4655
102,백령도,2022-01-20 01:00,-4.9,,6.2,360,50,4762
102,백령도,2022-01-20 02:00,-5.1,,5,360,54,4851
102,백령도,2022-01-20 03:00,-5.2,,6.6,360,56,4788
102,백령도,2022-01-20 04:00,-5.6,,4.4,360,59,4620
102,백령도,2022-01-20 05:00,-6.3,,4.8,360,62,4592
102,백령도,2022-01-20 06:00,-6.8,,3.2,20,60,4387
102,백령도,2022-01-20 07:00,-7.1,,3.1,20,63,4074
102,백령도,2022-01-20 08:00,-6.6,,4.4,360,66,4230
102,백령도,2022-01-20 09:00,-5.8,,2.1,20,65,3951
102,백령도,2022-01-20 10:00,-4.8,,3.2,360,56,3234
102,백령도,2022-01-20 11:00,-4.4,,2.1,70,42,3696
102,백령도,2022-01-20 12:00,-3.4,,1.4,20,40,3960
102,백령도,2022-01-20 13:00,-3.1,,2.4,340,40,4246
102,백령도,2022-01-20 14:00,-3.2,,2.7,320,45,4508
102,백령도,2022-01-20 15:00,-3,,3.8,340,48,4062
102,백령도,2022-01-20 16:00,-2.9,,4.7,340,52,3614
102,백령도,2022-01-20 17:00,-3.3,,5.8,340,57,3839
102,백령도,2022-01-20 18:00,-3.9,,5.7,340,62,4869
102,백령도,2022-01-20 19:00,-3.9,,5.1,360,62,4868
102,백령도,2022-01-20 20:00,-3.7,,5.6,340,62,4730
102,백령도,2022-01-20 21:00,-4,,4.1,360,61,3486
102,백령도,2022-01-20 22:00,-4.5,,1.5,20,54,4703
102,백령도,2022-01-20 23:00,-4.4,,2.4,20,40,4999
102,백령도,2022-01-21 00:00,-4.3,,1.5,20,45,5000
102,백령도,2022-01-21 01:00,-3.7,,2.9,360,41,4938
102,백령도,2022-01-21 02:00,-4.2,,2.3,50,46,4980
102,백령도,2022-01-21 03:00,-3.8,,2.1,50,48,4989
102,백령도,2022-01-21 04:00,-3.5,,2.5,50,43,4961
102,백령도,2022-01-21 05:00,-3.6,,2.6,50,42,4876
102,백령도,2022-01-21 06:00,-3.7,,3.1,50,41,4765
102,백령도,2022-01-21 07:00,-4.1,,2.4,70,51,4432
102,백령도,2022-01-21 08:00,-3.9,,.9,140,59,3624
102,백령도,2022-01-21 09:00,-2.5,,3.1,90,42,3356
102,백령도,2022-01-21 10:00,-1.3,,2.6,90,34,3626
102,백령도,2022-01-21 11:00,-.8,,2.5,110,32,4499
102,백령도,2022-01-21 12:00,.1,,2.3,140,37,3960
102,백령도,2022-01-21 13:00,.4,,2,90,39,3755
102,백령도,2022-01-21 14:00,.7,,2.6,90,42,3670
102,백령도,2022-01-21 15:00,.9,,2,90,42,3713
102,백령도,2022-01-21 16:00,.8,,2.1,90,47,3516
102,백령도,2022-01-21 17:00,.3,,1.4,70,38,3792
102,백령도,2022-01-21 18:00,-1,,.2,0,47,1243
102,백령도,2022-01-21 19:00,-2.3,,1.3,270,52,3581
102,백령도,2022-01-21 20:00,-1.3,,1.3,250,53,3657
102,백령도,2022-01-21 21:00,-1.3,,.7,290,55,3886
102,백령도,2022-01-21 22:00,-1.4,,.8,250,55,3967
102,백령도,2022-01-21 23:00,-.6,,.6,340,52,3939
102,백령도,2022-01-22 00:00,-1.3,,1.3,340,58,3463
102,백령도,2022-01-22 01:00,-1.3,,1.9,360,60,3162
102,백령도,2022-01-22 02:00,-1.5,,1.6,340,60,3155
102,백령도,2022-01-22 03:00,-1.2,,1.5,340,61,3214
102,백령도,2022-01-22 04:00,-1.1,,1.6,360,61,3283
102,백령도,2022-01-22 05:00,-.9,,2.1,20,50,3906
102,백령도,2022-01-22 06:00,-1,,2.3,50,30,4325
102,백령도,2022-01-22 07:00,-1,,3.6,50,30,4038
102,백령도,2022-01-22 08:00,-.8,,2.7,70,33,4033
102,백령도,2022-01-22 09:00,-.2,,2.4,70,37,4329
102,백령도,2022-01-22 10:00,.6,,2.6,70,44,3539
102,백령도,2022-01-22 11:00,1.7,,2.7,70,47,2829
102,백령도,2022-01-22 12:00,1.8,,2.1,20,46,2966
102,백령도,2022-01-22 13:00,2.4,,2.4,340,45,3358
102,백령도,2022-01-22 14:00,2.8,,3.7,340,44,3304
102,백령도,2022-01-22 15:00,2.6,,4.8,340,46,3182
102,백령도,2022-01-22 16:00,2.3,,4,360,41,3516
102,백령도,2022-01-22 17:00,1.7,,2.7,360,34,3668
102,백령도,2022-01-22 18:00,1.5,,3.6,360,39,3554
102,백령도,2022-01-22 19:00,1.2,,2.9,360,42,3229
102,백령도,2022-01-22 20:00,.9,,2.9,360,41,3267
102,백령도,2022-01-22 21:00,.8,,2.3,20,39,3217
102,백령도,2022-01-22 22:00,.8,,2.3,20,31,2970
102,백령도,2022-01-22 23:00,.8,,2.5,20,33,2879
102,백령도,2022-01-23 00:00,.3,,4.4,360,47,2548
102,백령도,2022-01-23 01:00,.2,,5.2,360,64,1808
102,백령도,2022-01-23 02:00,.1,,4,340,71,1351
102,백령도,2022-01-23 03:00,.4,,2.9,360,76,1137
102,백령도,2022-01-23 04:00,.3,,2.9,360,78,937
102,백령도,2022-01-23 05:00,-.3,,4.8,360,78,951
102,백령도,2022-01-23 06:00,-.5,,4.2,360,67,1433
102,백령도,2022-01-23 07:00,-.4,,5.1,360,61,1710
102,백령도,2022-01-23 08:00,-.4,,5.5,360,62,1629
102,백령도,2022-01-23 09:00,0,,4.9,360,61,1570
102,백령도,2022-01-23 10:00,.7,,4.6,360,60,1618
102,백령도,2022-01-23 11:00,1.3,,5.3,360,59,1519
102,백령도,2022-01-23 12:00,1.6,,6.8,340,55,1169
102,백령도,2022-01-23 13:00,1.6,,6.9,340,59,1034
102,백령도,2022-01-23 14:00,1.8,,6.1,340,58,1098
102,백령도,2022-01-23 15:00,1.3,,6.4,340,63,1034
102,백령도,2022-01-23 16:00,1,,6.1,340,61,1418
102,백령도,2022-01-23 17:00,.5,,4.7,360,58,1884
102,백령도,2022-01-23 18:00,-.1,,4.9,360,58,2503
102,백령도,2022-01-23 19:00,-.2,,5.7,340,60,2589
102,백령도,2022-01-23 20:00,0,,6,360,53,2601
102,백령도,2022-01-23 21:00,.3,,5.3,360,54,2447
102,백령도,2022-01-23 22:00,.3,,3,20,53,2201
102,백령도,2022-01-23 23:00,.4,,2.6,50,51,1985
102,백령도,2022-01-24 00:00,.6,,2.9,50,53,1526
102,백령도,2022-01-24 01:00,1.1,,2.6,20,52,1492
102,백령도,2022-01-24 02:00,.9,,3.2,20,56,1387
102,백령도,2022-01-24 03:00,.8,,2.4,50,58,1355
102,백령도,2022-01-24 04:00,.7,,1.9,50,60,1428
102,백령도,2022-01-24 05:00,1.1,,2.4,50,61,1505
102,백령도,2022-01-24 06:00,.6,,1.6,50,66,1383
102,백령도,2022-01-24 07:00,.6,,2,70,68,1519
102,백령도,2022-01-24 08:00,.8,,1.2,70,70,1574
102,백령도,2022-01-24 09:00,1.7,,2,90,66,1537
102,백령도,2022-01-24 10:00,3.4,,1.9,90,59,1947
102,백령도,2022-01-24 11:00,3.4,,1.6,90,60,2015
102,백령도,2022-01-24 12:00,3.4,,2.4,90,59,2128
102,백령도,2022-01-24 13:00,4.2,,2.4,70,56,2390
102,백령도,2022-01-24 14:00,5,,2.7,70,53,2351
102,백령도,2022-01-24 15:00,4.9,,3.4,90,52,3135
102,백령도,2022-01-24 16:00,5.9,,3.8,140,48,3288
102,백령도,2022-01-24 17:00,5.2,,2.5,90,57,2838
102,백령도,2022-01-24 18:00,4.6,,2,360,62,2749
102,백령도,2022-01-24 19:00,4.3,,1.9,340,63,2478
102,백령도,2022-01-24 20:00,4.3,,1.9,340,61,2376
102,백령도,2022-01-24 21:00,3.9,,1.4,70,62,2209
102,백령도,2022-01-24 22:00,2.9,,1,340,66,2068
102,백령도,2022-01-24 23:00,3.6,,1.7,320,65,2145
102,백령도,2022-01-25 00:00,3.8,,1.8,320,59,2240
102,백령도,2022-01-25 01:00,3.8,,1.8,360,58,2161
102,백령도,2022-01-25 02:00,4,,1.9,340,60,2665
102,백령도,2022-01-25 03:00,4.2,,2.3,340,55,2811
102,백령도,2022-01-25 04:00,4.3,,2.7,340,53,3179
102,백령도,2022-01-25 05:00,3.9,,2.9,360,66,2013
102,백령도,2022-01-25 06:00,3.8,,2.7,340,69,1653
102,백령도,2022-01-25 07:00,3.6,,3.1,340,71,1238
102,백령도,2022-01-25 08:00,3.6,,3.2,340,70,1384
102,백령도,2022-01-25 09:00,3.8,,4.7,340,66,1861
102,백령도,2022-01-25 10:00,4.3,,4.6,320,63,2136
102,백령도,2022-01-25 11:00,3.6,,4.8,320,72,1526
102,백령도,2022-01-25 12:00,4.3,0,5,320,59,1333
102,백령도,2022-01-25 13:00,4.5,,5.9,290,56,1462
102,백령도,2022-01-25 14:00,4.5,,5,320,55,1735
102,백령도,2022-01-25 15:00,4,,4.8,320,54,1918
102,백령도,2022-01-25 16:00,4.3,,4.4,340,52,1801
102,백령도,2022-01-25 17:00,4,,3.9,320,51,1406
102,백령도,2022-01-25 18:00,3.6,,4.3,320,57,1349
102,백령도,2022-01-25 19:00,3.5,,4.3,320,50,1758
102,백령도,2022-01-25 20:00,3.2,,3.8,320,57,1769
102,백령도,2022-01-25 21:00,2.9,,3.5,290,57,2001
102,백령도,2022-01-25 22:00,3,,4.7,320,42,2266
102,백령도,2022-01-25 23:00,3.1,,5.6,290,57,772
102,백령도,2022-01-26 00:00,3.2,,6,290,60,586
102,백령도,2022-01-26 01:00,3.3,,6.7,320,59,589
102,백령도,2022-01-26 02:00,3.1,,6.3,320,60,514
102,백령도,2022-01-26 03:00,2.7,,4.7,320,56,687
102,백령도,2022-01-26 04:00,3,,4.5,320,53,1033
102,백령도,2022-01-26 05:00,2.8,,6.7,340,55,1202
102,백령도,2022-01-26 06:00,2.2,,6.8,340,56,1354
102,백령도,2022-01-26 07:00,1.5,,6.5,340,48,1612
102,백령도,2022-01-26 08:00,1.1,,7.3,360,45,1824
102,백령도,2022-01-26 09:00,1.4,,7.1,360,48,1854
102,백령도,2022-01-26 10:00,2,,5.7,360,45,1727
102,백령도,2022-01-26 11:00,2.7,,5,340,44,1891
102,백령도,2022-01-26 12:00,3.1,,3.6,360,43,1992
102,백령도,2022-01-26 13:00,3.1,,5.2,340,38,2387
102,백령도,2022-01-26 14:00,2.6,,7.8,340,34,2987
102,백령도,2022-01-26 15:00,2.2,,7.1,340,41,2413
102,백령도,2022-01-26 16:00,1.6,,7.2,340,39,2321
102,백령도,2022-01-26 17:00,1.1,,7.2,340,40,2429
102,백령도,2022-01-26 18:00,.6,,6.5,340,46,2049
102,백령도,2022-01-26 19:00,.5,,4.5,340,51,1685
102,백령도,2022-01-26 20:00,.5,,6.3,340,49,1701
102,백령도,2022-01-26 21:00,.5,,6.7,340,49,1497
102,백령도,2022-01-26 22:00,.5,,7.8,340,45,1692
102,백령도,2022-01-26 23:00,.4,,6,340,42,1926
102,백령도,2022-01-27 00:00,.4,,6,340,44,2047
102,백령도,2022-01-27 01:00,.2,,6.3,340,47,2514
102,백령도,2022-01-27 02:00,.1,,5.5,340,50,2528
102,백령도,2022-01-27 03:00,-.1,,6.8,340,51,2697
102,백령도,2022-01-27 04:00,-.6,,7,340,53,2499
102,백령도,2022-01-27 05:00,-.6,,7.3,340,53,2215
102,백령도,2022-01-27 06:00,-.7,,6.6,340,55,2009
102,백령도,2022-01-27 07:00,-.6,,6.5,360,54,1829
102,백령도,2022-01-27 08:00,-.6,,5.8,340,53,2730
102,백령도,2022-01-27 09:00,-.7,,7.6,360,54,2821
102,백령도,2022-01-27 10:00,-.6,,7.1,340,53,2961
102,백령도,2022-01-27 11:00,-.2,,7.9,340,51,3409
102,백령도,2022-01-27 12:00,-.2,,7.8,340,49,3280
102,백령도,2022-01-27 13:00,-.2,,8.4,340,50,3543
102,백령도,2022-01-27 14:00,-.4,,9.6,340,48,3747
102,백령도,2022-01-27 15:00,-.2,,9.7,340,50,3755
102,백령도,2022-01-27 16:00,-.3,,9,340,49,3989
102,백령도,2022-01-27 17:00,-.5,,8.9,340,52,3754
102,백령도,2022-01-27 18:00,-.7,,8.5,340,50,4555
102,백령도,2022-01-27 19:00,-.5,,7.7,340,49,4228
102,백령도,2022-01-27 20:00,-.3,,8.4,340,46,3938
102,백령도,2022-01-27 21:00,-.4,,8.2,340,45,3991
102,백령도,2022-01-27 22:00,-.1,,8,340,44,4244
102,백령도,2022-01-27 23:00,0,,8.6,340,40,4116
102,백령도,2022-01-28 00:00,-.3,,8.2,340,45,3150
102,백령도,2022-01-28 01:00,-.6,,8.8,340,45,3452
102,백령도,2022-01-28 02:00,-1.2,,8.3,340,52,2494
102,백령도,2022-01-28 03:00,-1.4,,7.8,340,52,2225
102,백령도,2022-01-28 04:00,-1.6,,8.5,340,54,2417
102,백령도,2022-01-28 05:00,-1.8,,9.8,340,56,2928
102,백령도,2022-01-28 06:00,-1.8,,9.7,340,50,3234
102,백령도,2022-01-28 07:00,-2.1,,8.6,340,52,3666
102,백령도,2022-01-28 08:00,-2.1,,8.5,360,55,4057
102,백령도,2022-01-28 09:00,-2.3,,8.9,340,52,4320
102,백령도,2022-01-28 10:00,-1.7,,8.2,340,49,4124
102,백령도,2022-01-28 11:00,-1.3,,8.2,340,45,4549
102,백령도,2022-01-28 12:00,-1.2,,8.4,340,42,4668
102,백령도,2022-01-28 13:00,-.7,,7.6,340,45,4455
102,백령도,2022-01-28 14:00,-1,,7.9,340,44,4603
102,백령도,2022-01-28 15:00,-.5,,6.8,340,48,4228
102,백령도,2022-01-28 16:00,-1.2,,7.5,340,47,4363
102,백령도,2022-01-28 17:00,-1.3,,9,340,51,4631
102,백령도,2022-01-28 18:00,-1.7,,8.1,340,52,4789
102,백령도,2022-01-28 19:00,-1.4,,7,340,50,4931
102,백령도,2022-01-28 20:00,-1.3,,6.5,340,50,4080
102,백령도,2022-01-28 21:00,-1.1,,7.4,340,43,4519
102,백령도,2022-01-28 22:00,-.6,,8,340,42,4621
102,백령도,2022-01-28 23:00,-.5,,6.9,340,41,3999
102,백령도,2022-01-29 00:00,-.3,,9,340,42,3881
102,백령도,2022-01-29 01:00,-1,,9.3,340,44,3288
102,백령도,2022-01-29 02:00,-1.2,,7.4,360,44,3858
102,백령도,2022-01-29 03:00,-1.4,,8.6,360,35,4609
102,백령도,2022-01-29 04:00,-1.9,,8.1,360,39,4747
102,백령도,2022-01-29 05:00,-1.9,,8.1,360,40,4852
102,백령도,2022-01-29 06:00,-2.1,,7,360,41,4748
102,백령도,2022-01-29 07:00,-1.8,,7.6,340,44,4850
102,백령도,2022-01-29 08:00,-1.8,,6.8,360,39,4940
102,백령도,2022-01-29 09:00,-1.3,,6.3,340,39,4267
102,백령도,2022-01-29 10:00,-.5,,6,340,40,4116
102,백령도,2022-01-29 11:00,0,,6.3,340,34,4469
102,백령도,2022-01-29 12:00,.3,,6.2,340,37,4446
102,백령도,2022-01-29 13:00,.6,,6.3,340,39,4257
102,백령도,2022-01-29 14:00,0,,7.4,340,40,4671
102,백령도,2022-01-29 15:00,-.4,,7.1,340,43,4805
102,백령도,2022-01-29 16:00,-.7,,7.8,340,40,4973
102,백령도,2022-01-29 17:00,-1.2,,7.7,340,42,4826
102,백령도,2022-01-29 18:00,-1.8,,7.7,340,46,4910
102,백령도,2022-01-29 19:00,-1.9,,6.8,340,49,4961
102,백령도,2022-01-29 20:00,-2,,7.3,340,45,4980
102,백령도,2022-01-29 21:00,-1.7,,6.7,340,46,4999
102,백령도,2022-01-29 22:00,-1.5,,5,340,43,4888
102,백령도,2022-01-29 23:00,-1.5,,5.6,360,43,4580
102,백령도,2022-01-30 00:00,-1.3,,4.8,360,43,4485
102,백령도,2022-01-30 01:00,-1.2,,4.8,360,44,4418
102,백령도,2022-01-30 02:00,-1.5,,3.1,360,45,4154
102,백령도,2022-01-30 03:00,-1.6,,4.5,360,45,4314
102,백령도,2022-01-30 04:00,-1.9,,4.2,360,47,4021
102,백령도,2022-01-30 05:00,-2.2,,3.1,360,48,3965
102,백령도,2022-01-30 06:00,-2,,3.5,360,51,4059
102,백령도,2022-01-30 07:00,-2.1,,3.7,360,49,4066
102,백령도,2022-01-30 08:00,-2.4,,3.1,360,46,4869
102,백령도,2022-01-30 09:00,-1.4,,4.1,360,44,4360
102,백령도,2022-01-30 10:00,-.5,,5.1,340,36,4604
102,백령도,2022-01-30 11:00,.1,,5.3,340,39,4621
102,백령도,2022-01-30 12:00,1,,6.1,340,37,4749
102,백령도,2022-01-30 13:00,1.2,,6.8,340,39,4887
102,백령도,2022-01-30 14:00,.8,,7.3,340,37,4848
102,백령도,2022-01-30 15:00,.7,,7.7,340,34,4908
102,백령도,2022-01-30 16:00,.6,,7.2,340,38,4953
102,백령도,2022-01-30 17:00,.4,,5,340,41,4905
102,백령도,2022-01-30 18:00,-.2,,4.6,320,45,4919
102,백령도,2022-01-30 19:00,0,,4.7,320,47,4846
102,백령도,2022-01-30 20:00,.4,,4.1,320,42,4925
102,백령도,2022-01-30 21:00,.7,,4.1,320,36,4999
102,백령도,2022-01-30 22:00,.7,,4.6,320,34,4888
102,백령도,2022-01-30 23:00,.9,,4.2,340,38,4297
102,백령도,2022-01-31 00:00,1.4,,5.5,340,37,3675
102,백령도,2022-01-31 01:00,1.3,,3.4,320,45,3076
102,백령도,2022-01-31 02:00,1.7,,3.3,320,45,2793
102,백령도,2022-01-31 03:00,1.7,,4,320,46,2782
102,백령도,2022-01-31 04:00,1.9,,4.7,320,45,3306
102,백령도,2022-01-31 05:00,2,,4.1,320,47,3102
102,백령도,2022-01-31 06:00,1,,2.3,290,48,2184
102,백령도,2022-01-31 07:00,.3,,1,290,51,1914
102,백령도,2022-01-31 08:00,.9,,.2,0,51,1811
102,백령도,2022-01-31 09:00,1.8,,2.1,110,62,1982
102,백령도,2022-01-31 10:00,3.2,,1.9,160,54,2084
102,백령도,2022-01-31 11:00,3.7,,4.1,200,49,3055
102,백령도,2022-01-31 12:00,4.4,,4.2,180,44,2824
102,백령도,2022-01-31 13:00,5.3,,5.9,200,39,3447
102,백령도,2022-01-31 14:00,5.8,,6.7,230,37,3280
102,백령도,2022-01-31 15:00,5.7,,5.2,230,42,2919
102,백령도,2022-01-31 16:00,3.4,,5.9,230,69,1105
102,백령도,2022-01-31 17:00,1.4,,5.3,230,86,172
102,백령도,2022-01-31 18:00,1.1,4,6.6,290,91,210
102,백령도,2022-01-31 19:00,2.3,,8.2,290,59,1048
102,백령도,2022-01-31 20:00,2,,8.5,290,51,3119
102,백령도,2022-01-31 21:00,1.3,0,8.4,290,46,3339
102,백령도,2022-01-31 22:00,.9,,8.9,270,43,3981
102,백령도,2022-01-31 23:00,.8,,8,270,48,3591
102,백령도,2022-02-01 00:00,.2,0,6.7,270,57,1447
102,백령도,2022-02-01 01:00,.7,,6.5,270,41,3736
102,백령도,2022-02-01 02:00,-1.5,,9.4,290,83,625
102,백령도,2022-02-01 03:00,-.4,.8,9.3,290,58,1529
102,백령도,2022-02-01 04:00,-.7,,8.3,290,63,1302
102,백령도,2022-02-01 05:00,-1.1,,8.9,290,60,1062
102,백령도,2022-02-01 06:00,-.8,0,7.3,290,66,900
102,백령도,2022-02-01 07:00,-.1,,8.3,320,50,1427
102,백령도,2022-02-01 08:00,-.2,,8,290,58,1022
102,백령도,2022-02-01 09:00,-.4,0,8.1,320,61,1172
102,백령도,2022-02-01 10:00,-.7,,7.6,320,64,1061
102,백령도,2022-02-01 11:00,-.8,,7.2,320,64,1175
102,백령도,2022-02-01 12:00,-.6,,6,320,65,1186
102,백령도,2022-02-01 13:00,-.6,,7.3,320,64,1241
102,백령도,2022-02-01 14:00,-.6,,6.6,320,64,1310
102,백령도,2022-02-01 15:00,-.7,,6.5,340,61,1713
102,백령도,2022-02-01 16:00,-.5,,7.1,320,60,2394
102,백령도,2022-02-01 17:00,-.7,,6.9,320,54,3402
102,백령도,2022-02-01 18:00,-1.1,,6.9,320,53,4047
102,백령도,2022-02-01 19:00,-1.1,,6.2,320,53,3414
102,백령도,2022-02-01 20:00,-1.3,,5.9,320,55,3895
102,백령도,2022-02-01 21:00,-1.3,,5.9,320,57,3816
102,백령도,2022-02-01 22:00,-1.3,,5.5,320,55,3793
102,백령도,2022-02-01 23:00,-1,,6.3,320,52,3647
102,백령도,2022-02-02 00:00,-.9,,6.2,320,52,3996
102,백령도,2022-02-02 01:00,-1.1,,7.2,320,49,3576
102,백령도,2022-02-02 02:00,-1.9,,8.3,340,56,3515
102,백령도,2022-02-02 03:00,-2.9,,8.7,340,51,4445
102,백령도,2022-02-02 04:00,-2.8,,7.7,340,47,4934
102,백령도,2022-02-02 05:00,-2.9,,8.4,340,48,4880
102,백령도,2022-02-02 06:00,-2.7,,8.8,340,49,4846
102,백령도,2022-02-02 07:00,-2.6,,8.1,340,51,4964
102,백령도,2022-02-02 08:00,-2.5,,7,340,50,4998
102,백령도,2022-02-02 09:00,-2.1,,8,340,45,4831
102,백령도,2022-02-02 10:00,-1.5,,7.3,340,40,4834
102,백령도,2022-02-02 11:00,-1.1,,6.3,340,38,4960
102,백령도,2022-02-02 12:00,-.6,,5.1,340,40,4877
102,백령도,2022-02-02 13:00,0,,3.9,340,42,4905
102,백령도,2022-02-02 14:00,-.1,,3,290,45,4807
102,백령도,2022-02-02 15:00,-.4,0,2.5,320,52,3151
102,백령도,2022-02-02 16:00,.1,,3.1,250,68,1377
102,백령도,2022-02-02 17:00,-.2,,1.6,320,79,1412
102,백령도,2022-02-02 18:00,-1.2,0,2.2,90,87,2334
102,백령도,2022-02-02 19:00,.1,,6.5,320,47,4524
102,백령도,2022-02-02 20:00,0,,6.3,290,42,4867
102,백령도,2022-02-02 21:00,-.4,,8.2,340,55,4502
102,백령도,2022-02-02 22:00,-.4,,4.1,340,61,4104
102,백령도,2022-02-02 23:00,-.3,,5.3,320,46,4623
102,백령도,2022-02-03 00:00,-.3,,5.7,320,43,3819
102,백령도,2022-02-03 01:00,-.3,,6.3,320,38,4994
102,백령도,2022-02-03 02:00,-.5,,6.9,320,41,4999
102,백령도,2022-02-03 03:00,-.8,,6.9,340,43,4822
102,백령도,2022-02-03 04:00,-1.9,,3.6,360,71,2904
102,백령도,2022-02-03 05:00,-2.1,,7.4,340,45,4763
102,백령도,2022-02-03 06:00,-2.4,,7.3,340,42,5000
102,백령도,2022-02-03 07:00,-2.7,,5.3,360,40,5000
102,백령도,2022-02-03 08:00,-2.6,,5.1,360,40,5000
102,백령도,2022-02-03 09:00,-2.2,,4.5,360,40,4741
102,백령도,2022-02-03 10:00,-1.4,,3.7,360,37,4954
102,백령도,2022-02-03 11:00,-.7,,3.7,360,37,4744
102,백령도,2022-02-03 12:00,-.4,,5.2,340,38,4945
102,백령도,2022-02-03 13:00,-.4,,5.3,360,38,4900
102,백령도,2022-02-03 14:00,-.2,,5.2,340,39,4804
102,백령도,2022-02-03 15:00,-.1,,3.5,340,41,4866
102,백령도,2022-02-03 16:00,-.5,,3.6,340,45,4893
102,백령도,2022-02-03 17:00,-.9,,3.5,340,47,4869
102,백령도,2022-02-03 18:00,-1.5,,2.2,320,53,4910
102,백령도,2022-02-03 19:00,-1.7,,1,250,58,4602
102,백령도,2022-02-03 20:00,-.7,,3,290,56,4309
102,백령도,2022-02-03 21:00,-1.5,0,3.1,50,62,4754
102,백령도,2022-02-03 22:00,-1.7,,3.1,70,69,3643
102,백령도,2022-02-03 23:00,-2.1,,2.7,50,71,4022
102,백령도,2022-02-04 00:00,-2.5,0,1.1,50,81,1478
102,백령도,2022-02-04 01:00,-2.3,,.6,160,82,1469
102,백령도,2022-02-04 02:00,-.4,,7.1,320,40,4202
102,백령도,2022-02-04 03:00,-1.2,0,9.3,340,52,3367
102,백령도,2022-02-04 04:00,-1.9,,6.2,340,50,4344
102,백령도,2022-02-04 05:00,-2.6,,6.7,340,45,4843
102,백령도,2022-02-04 06:00,-2.7,,6.8,340,46,4955
102,백령도,2022-02-04 07:00,-2.9,,6.7,340,49,4978
102,백령도,2022-02-04 08:00,-2.9,,5.9,340,48,4999
102,백령도,2022-02-04 09:00,-2.6,,7.9,340,42,5000
102,백령도,2022-02-04 10:00,-2.3,,6.3,340,42,4848
102,백령도,2022-02-04 11:00,-1.9,,7.4,320,37,4965
102,백령도,2022-02-04 12:00,-1.7,,7.5,320,36,4841
102,백령도,2022-02-04 13:00,-2,,8.9,320,39,4796
102,백령도,2022-02-04 14:00,-2.6,,7.7,320,48,3702
102,백령도,2022-02-04 15:00,-2.8,,10.3,320,44,4413
102,백령도,2022-02-04 16:00,-2.9,,9.2,320,45,4960
102,백령도,2022-02-04 17:00,-3.4,,9.1,320,48,4999
102,백령도,2022-02-04 18:00,-3.3,,9.8,320,46,4994
102,백령도,2022-02-04 19:00,-3.4,,9,320,45,4883
102,백령도,2022-02-04 20:00,-3.4,,9.9,320,51,4998
102,백령도,2022-02-04 21:00,-3.3,0,9.1,320,45,4857
102,백령도,2022-02-04 22:00,-3.2,,7.6,340,43,4935
102,백령도,2022-02-04 23:00,-3.6,,10,340,42,4971
102,백령도,2022-02-05 00:00,-4.1,0,9.8,340,42,4950
102,백령도,2022-02-05 01:00,-4.5,,9.4,340,41,4933
102,백령도,2022-02-05 02:00,-4.5,,10.1,340,48,4850
102,백령도,2022-02-05 03:00,-4.2,,9.1,340,41,4582
102,백령도,2022-02-05 04:00,-4.3,,10.1,340,44,4896
102,백령도,2022-02-05 05:00,-4,,7,340,45,4950
102,백령도,2022-02-05 06:00,-3.8,.1,8.2,320,45,4682
102,백령도,2022-02-05 07:00,-3.7,,8.7,320,46,4740
102,백령도,2022-02-05 08:00,-3.5,,7.8,320,51,4694
102,백령도,2022-02-05 09:00,-3.5,0,7.7,320,54,3116
102,백령도,2022-02-05 10:00,-2.9,,8.4,320,45,4701
102,백령도,2022-02-05 11:00,-2.9,,9,340,47,4033
102,백령도,2022-02-05 12:00,-3.5,0,7.5,340,51,3705
102,백령도,2022-02-05 13:00,-3.4,,8.2,340,48,4448
102,백령도,2022-02-05 14:00,-3.3,,9.7,320,41,4813
102,백령도,2022-02-05 15:00,-3.2,,9.4,320,46,4903
102,백령도,2022-02-05 16:00,-2.8,,8.9,320,45,4991
102,백령도,2022-02-05 17:00,-2.3,,8.1,320,48,4963
102,백령도,2022-02-05 18:00,-2,,9.4,320,43,4999
102,백령도,2022-02-05 19:00,-1.6,,8.9,320,41,4974
102,백령도,2022-02-05 20:00,-1.3,,10.1,320,43,4878
102,백령도,2022-02-05 21:00,-1.2,,9.2,320,45,4887
102,백령도,2022-02-05 22:00,-1.3,,8.8,340,43,4808
102,백령도,2022-02-05 23:00,-1.3,,8.4,340,39,4846
102,백령도,2022-02-06 00:00,-1.1,,8.6,340,43,4442
102,백령도,2022-02-06 01:00,-.6,,5.5,320,43,4445
102,백령도,2022-02-06 02:00,.2,,6.2,320,44,4599
102,백령도,2022-02-06 03:00,-.2,0,7,320,55,3453
102,백령도,2022-02-06 04:00,.9,,7.6,340,53,4204
102,백령도,2022-02-06 05:00,1,,7.7,320,44,4451
102,백령도,2022-02-06 06:00,.8,0,7.6,340,49,4407
102,백령도,2022-02-06 07:00,-.1,,8.7,340,45,4430
102,백령도,2022-02-06 08:00,-.7,,7.5,340,45,4504
102,백령도,2022-02-06 09:00,-.6,0,7.4,340,46,4500
102,백령도,2022-02-06 10:00,0,,7.2,340,49,3893
102,백령도,2022-02-06 11:00,-.1,,7.6,340,47,4286
102,백령도,2022-02-06 12:00,-.3,,8.2,340,41,4759
102,백령도,2022-02-06 13:00,-.2,,7.8,340,42,4837
102,백령도,2022-02-06 14:00,.3,,5.7,320,40,4676
102,백령도,2022-02-06 15:00,-.1,,6.2,320,42,4831
102,백령도,2022-02-06 16:00,.5,,5.1,320,37,4875
102,백령도,2022-02-06 17:00,-.4,,6,320,43,4971
102,백령도,2022-02-06 18:00,-1.1,,6.4,320,47,4953
102,백령도,2022-02-06 19:00,-.8,,6,320,49,4450
102,백령도,2022-02-06 20:00,-.5,,5.4,320,48,4741
102,백령도,2022-02-06 21:00,.1,,7.7,320,47,4787
102,백령도,2022-02-06 22:00,.5,,6.5,340,43,4883
102,백령도,2022-02-06 23:00,.6,,6.2,320,44,4871
102,백령도,2022-02-07 00:00,.5,,6.8,340,43,4832
102,백령도,2022-02-07 01:00,.3,,5.3,340,49,4780
102,백령도,2022-02-07 02:00,0,,4.7,360,50,4359
102,백령도,2022-02-07 03:00,-.3,,3.1,360,48,4838
102,백령도,2022-02-07 04:00,-.5,,2.6,20,50,4394
102,백령도,2022-02-07 05:00,-.6,,1.3,20,51,4373
102,백령도,2022-02-07 06:00,-1.2,,1.9,70,55,4304
102,백령도,2022-02-07 07:00,-1.7,,1.8,70,54,4164
102,백령도,2022-02-07 08:00,-1.7,,1.3,90,57,3988
102,백령도,2022-02-07 09:00,-.3,,1.2,110,57,3371
102,백령도,2022-02-07 10:00,.8,,.9,110,47,4077
102,백령도,2022-02-07 11:00,1.4,,2,320,28,4806
102,백령도,2022-02-07 12:00,1.9,,2.6,360,29,4830
102,백령도,2022-02-07 13:00,2.5,,2,360,33,4717
102,백령도,2022-02-07 14:00,2.6,,1.8,200,35,4234
102,백령도,2022-02-07 15:00,2.2,,3.1,270,42,4617
102,백령도,2022-02-07 16:00,2.3,,2.6,250,44,3763
102,백령도,2022-02-07 17:00,2.1,,3.1,270,47,4643
102,백령도,2022-02-07 18:00,1.9,,2.2,270,51,4836
102,백령도,2022-02-07 19:00,1.9,,2,270,67,4699
102,백령도,2022-02-07 20:00,1.5,,.9,200,75,1337
102,백령도,2022-02-07 21:00,2.6,,3.7,270,54,4970
102,백령도,2022-02-07 22:00,2.6,,5.1,290,47,4864
102,백령도,2022-02-07 23:00,2.6,,4.4,290,48,4764
102,백령도,2022-02-08 00:00,2.3,,3.3,290,52,4638
102,백령도,2022-02-08 01:00,2.4,,3.7,320,57,3448
102,백령도,2022-02-08 02:00,1.2,,1.2,20,78,2810
102,백령도,2022-02-08 03:00,.6,,1.7,20,81,2670
102,백령도,2022-02-08 04:00,.4,,1.5,340,77,2749
102,백령도,2022-02-08 05:00,.5,,1.1,360,71,3131
102,백령도,2022-02-08 06:00,0,,1.9,50,62,3857
102,백령도,2022-02-08 07:00,-.3,,1.7,70,53,4499
102,백령도,2022-02-08 08:00,-.5,,1.1,90,53,2609
102,백령도,2022-02-08 09:00,1.2,,1.3,90,52,3401
102,백령도,2022-02-08 10:00,2.2,,1.2,90,45,3918
102,백령도,2022-02-08 11:00,2.9,,.8,70,49,3563
102,백령도,2022-02-08 12:00,3.1,,3.3,290,49,3721
102,백령도,2022-02-08 13:00,3.8,,4.3,290,37,4544
102,백령도,2022-02-08 14:00,4.1,,4.9,320,34,4253
102,백령도,2022-02-08 15:00,3.2,,4.6,320,46,3349
102,백령도,2022-02-08 16:00,2.9,,4.7,320,52,3594
102,백령도,2022-02-08 17:00,2.6,,4.8,320,52,4347
102,백령도,2022-02-08 18:00,1.6,,4.3,320,54,3088
102,백령도,2022-02-08 19:00,1.4,,4.5,320,58,3209
102,백령도,2022-02-08 20:00,1.3,,4.8,340,58,3818
102,백령도,2022-02-08 21:00,1,,4.7,340,56,3683
102,백령도,2022-02-08 22:00,.8,,5,340,58,3687
102,백령도,2022-02-08 23:00,.5,,3.2,340,60,3945
102,백령도,2022-02-09 00:00,.1,,1.8,360,67,3497
102,백령도,2022-02-09 01:00,.2,,1.9,20,71,3427
102,백령도,2022-02-09 02:00,.2,,1.3,20,72,3102
102,백령도,2022-02-09 03:00,-.3,,1.7,70,76,2880
102,백령도,2022-02-09 04:00,-.9,,.9,50,76,2820
102,백령도,2022-02-09 05:00,-.2,,.8,90,73,3057
102,백령도,2022-02-09 06:00,-.4,,1.4,70,75,2968
102,백령도,2022-02-09 07:00,-.7,,1.5,90,70,3431
102,백령도,2022-02-09 08:00,-.7,,1.3,110,74,2954
102,백령도,2022-02-09 09:00,.7,,1.9,110,71,2621
102,백령도,2022-02-09 10:00,1.2,,3.2,90,59,3259
102,백령도,2022-02-09 11:00,2.3,,2.4,110,45,3753
102,백령도,2022-02-09 12:00,3.8,,2.4,110,38,4201
102,백령도,2022-02-09 13:00,4.3,,2.8,110,35,3986
102,백령도,2022-02-09 14:00,4.5,,2.3,160,37,3928
102,백령도,2022-02-09 15:00,4.2,,2.4,180,44,3708
102,백령도,2022-02-09 16:00,4.1,,2.2,180,45,3382
102,백령도,2022-02-09 17:00,3.4,,1.6,200,54,3206
102,백령도,2022-02-09 18:00,2.9,,1,230,60,2996
102,백령도,2022-02-09 19:00,1.5,,1.2,230,65,2610
102,백령도,2022-02-09 20:00,2,,.9,200,65,2850
102,백령도,2022-02-09 21:00,1.8,,.5,140,67,2826
102,백령도,2022-02-09 22:00,2.2,,.7,140,67,2864
102,백령도,2022-02-09 23:00,2.1,,1.2,140,71,2765
102,백령도,2022-02-10 00:00,1.8,,1.5,110,73,2477
102,백령도,2022-02-10 01:00,1.1,,.8,70,81,1807
102,백령도,2022-02-10 02:00,1.7,,1.3,90,83,1620
102,백령도,2022-02-10 03:00,1.6,,1.4,90,83,1695
102,백령도,2022-02-10 04:00,1.2,,2,70,80,1886
102,백령도,2022-02-10 05:00,1.1,,1.9,90,75,2102
102,백령도,2022-02-10 06:00,1.1,,1.5,90,75,1953
102,백령도,2022-02-10 07:00,.7,,1.8,90,79,1893
102,백령도,2022-02-10 08:00,.9,,1.7,110,75,2057
102,백령도,2022-02-10 09:00,1.7,,1.1,110,76,1721
102,백령도,2022-02-10 10:00,3.5,,.9,140,67,2204
102,백령도,2022-02-10 11:00,4.6,,2,140,61,2425
102,백령도,2022-02-10 12:00,5.7,,2.3,110,56,2288
102,백령도,2022-02-10 13:00,6.3,,1.6,160,55,2010
102,백령도,2022-02-10 14:00,6.8,,1.3,340,52,1294
102,백령도,2022-02-10 15:00,6.2,,2.6,320,54,1169
102,백령도,2022-02-10 16:00,5.9,,2.6,320,56,1177
102,백령도,2022-02-10 17:00,5.4,,1.9,320,62,1105
102,백령도,2022-02-10 18:00,3.7,,.9,290,73,1076
102,백령도,2022-02-10 19:00,2.9,,.7,290,78,951
102,백령도,2022-02-10 20:00,2.6,,.6,230,77,855
102,백령도,2022-02-10 21:00,3.3,,.3,0,75,846
102,백령도,2022-02-10 22:00,3.1,,1.6,200,75,868
102,백령도,2022-02-10 23:00,3.1,,1,270,75,868
102,백령도,2022-02-11 00:00,3.4,,1,250,71,880
102,백령도,2022-02-11 01:00,3.3,,.7,250,76,810
102,백령도,2022-02-11 02:00,3.6,,.3,0,76,740
102,백령도,2022-02-11 03:00,2.8,,.5,270,82,661
102,백령도,2022-02-11 04:00,3.1,,.9,270,85,501
102,백령도,2022-02-11 05:00,2,,1,270,90,370
102,백령도,2022-02-11 06:00,2.6,,.6,200,88,375
102,백령도,2022-02-11 07:00,2.2,,.7,160,91,273
102,백령도,2022-02-11 08:00,2.3,,1.9,110,96,221
102,백령도,2022-02-11 09:00,2.8,,1.7,110,95,261
102,백령도,2022-02-11 10:00,4.4,,1.1,110,88,435
102,백령도,2022-02-11 11:00,6.5,,2.5,160,77,591
102,백령도,2022-02-11 12:00,6.3,,2.3,90,79,661
102,백령도,2022-02-11 13:00,6.9,,2.1,70,77,679
102,백령도,2022-02-11 14:00,7.7,,1.7,320,62,701
102,백령도,2022-02-11 15:00,7,,3.5,320,57,700
102,백령도,2022-02-11 16:00,7.7,,1,290,42,800
102,백령도,2022-02-11 17:00,6.4,,1,320,60,686
102,백령도,2022-02-11 18:00,5.5,,1.6,270,68,610
102,백령도,2022-02-11 19:00,3.9,,2.2,290,80,450
102,백령도,2022-02-11 20:00,3,,3.3,320,96,204
102,백령도,2022-02-11 21:00,2.8,,4.7,340,95,194
102,백령도,2022-02-11 22:00,2.6,,3.8,340,93,233
102,백령도,2022-02-11 23:00,2.4,,3.9,340,90,279
102,백령도,2022-02-12 00:00,2.4,,2.8,340,86,330
102,백령도,2022-02-12 01:00,2.2,,5.7,340,87,336
102,백령도,2022-02-12 02:00,1.6,,4.8,360,88,325
102,백령도,2022-02-12 03:00,1.2,,2.7,20,84,406
102,백령도,2022-02-12 04:00,1,,2.1,360,71,712
102,백령도,2022-02-12 05:00,.6,,2.6,360,73,784
102,백령도,2022-02-12 06:00,1.5,,2.8,360,54,1195
102,백령도,2022-02-12 07:00,1.1,,.7,20,55,1158
102,백령도,2022-02-12 08:00,-1.1,,1.7,340,75,809
102,백령도,2022-02-12 09:00,1.9,,3,360,65,960
102,백령도,2022-02-12 10:00,2.8,,2,360,61,929
102,백령도,2022-02-12 11:00,4.8,,1.6,340,36,1327
102,백령도,2022-02-12 12:00,5.4,,1.1,360,30,1613
102,백령도,2022-02-12 13:00,6.4,,1.8,360,29,1662
102,백령도,2022-02-12 14:00,6.7,,2.3,340,21,2097
102,백령도,2022-02-12 15:00,6.8,,2.4,340,18,2550
102,백령도,2022-02-12 16:00,6.3,,4,340,24,3262
102,백령도,2022-02-12 17:00,5.6,,2.8,340,34,3540
102,백령도,2022-02-12 18:00,4,,2,320,46,2789
102,백령도,2022-02-12 19:00,2.9,,2,320,54,2739
102,백령도,2022-02-12 20:00,2.5,,1.6,290,57,2790
102,백령도,2022-02-12 21:00,2.7,,2,290,53,2702
102,백령도,2022-02-12 22:00,2.2,,1.7,290,61,2467
102,백령도,2022-02-12 23:00,2.9,,2.6,340,58,2196
102,백령도,2022-02-13 00:00,2.2,,3.6,340,54,2607
102,백령도,2022-02-13 01:00,1.9,,3.9,340,62,2083
102,백령도,2022-02-13 02:00,2,,3.9,340,52,2499
102,백령도,2022-02-13 03:00,2.2,,2.9,340,36,3452
102,백령도,2022-02-13 04:00,3,,1.8,360,33,4069
102,백령도,2022-02-13 05:00,2.5,,4.5,340,29,4198
102,백령도,2022-02-13 06:00,2.2,,3.1,340,46,3684
102,백령도,2022-02-13 07:00,2.3,,1.7,360,36,3414
102,백령도,2022-02-13 08:00,2.5,,1.5,20,25,3571
102,백령도,2022-02-13 09:00,3.3,,1.5,70,28,3518
102,백령도,2022-02-13 10:00,4.5,,2.2,360,28,4188
102,백령도,2022-02-13 11:00,4.3,,2.3,320,47,2510
102,백령도,2022-02-13 12:00,3.7,,3.6,320,55,2112
102,백령도,2022-02-13 13:00,3.7,,4.8,340,56,1697
102,백령도,2022-02-13 14:00,4.6,,4,340,51,1868
102,백령도,2022-02-13 15:00,4.8,,3.3,340,39,2105
102,백령도,2022-02-13 16:00,4.3,,4.3,340,43,1930
102,백령도,2022-02-13 17:00,3.5,,3.5,340,51,1730
102,백령도,2022-02-13 18:00,2.9,,3.9,340,46,2190
102,백령도,2022-02-13 19:00,2.3,,2.9,340,53,2178
102,백령도,2022-02-13 20:00,2.2,,2.2,320,59,1998
102,백령도,2022-02-13 21:00,1.2,,1.6,290,64,2015
102,백령도,2022-02-13 22:00,1.3,,1.9,270,63,2051
102,백령도,2022-02-13 23:00,1.8,,1.9,290,57,2198
102,백령도,2022-02-14 00:00,1.7,,2,290,63,2042
102,백령도,2022-02-14 01:00,1.6,,3.1,320,70,1770
102,백령도,2022-02-14 02:00,1.2,,1.6,320,67,1722
102,백령도,2022-02-14 03:00,1.7,,2,90,66,1610
102,백령도,2022-02-14 04:00,1.1,,2,90,71,1484
102,백령도,2022-02-14 05:00,1.9,,1.8,110,61,1674
102,백령도,2022-02-14 06:00,1.6,,1.9,160,67,1517
102,백령도,2022-02-14 07:00,3.8,,4.5,160,72,1572
102,백령도,2022-02-14 08:00,3.6,,1.7,230,78,1429
102,백령도,2022-02-14 09:00,3.2,.2,1,140,85,657
102,백령도,2022-02-14 10:00,2.5,,4.3,250,92,383
102,백령도,2022-02-14 11:00,2.8,,4.5,250,94,422
102,백령도,2022-02-14 12:00,3.2,2.4,4.1,270,94,541
102,백령도,2022-02-14 13:00,2.2,,6.8,320,89,1236
102,백령도,2022-02-14 14:00,1.5,,8.4,290,84,714
102,백령도,2022-02-14 15:00,.6,0,7.5,290,78,946
102,백령도,2022-02-14 16:00,.2,,8,290,74,1130
102,백령도,2022-02-14 17:00,-.4,,8.6,290,69,1269
102,백령도,2022-02-14 18:00,-.8,,9.1,320,64,1515
102,백령도,2022-02-14 19:00,-1.2,,8.4,320,66,1688
102,백령도,2022-02-14 20:00,-1.4,,8.1,290,63,2254
102,백령도,2022-02-14 21:00,-1.1,0,8.7,340,67,1458
102,백령도,2022-02-14 22:00,-2.5,,8.2,320,62,2471
102,백령도,2022-02-14 23:00,-3.1,,8.3,320,65,2688
102,백령도,2022-02-15 00:00,-3.6,0,7.3,320,64,3078
102,백령도,2022-02-15 01:00,-4,,7.9,320,64,3200
102,백령도,2022-02-15 02:00,-4.3,,8.5,320,62,3033
102,백령도,2022-02-15 03:00,-4.4,0,10.3,340,65,2995
102,백령도,2022-02-15 04:00,-4.6,,10.3,340,67,2650
102,백령도,2022-02-15 05:00,-4.7,,7.3,340,65,3630
102,백령도,2022-02-15 06:00,-4.8,0,8.1,340,63,3801
102,백령도,2022-02-15 07:00,-5.1,,8.4,320,64,3419
102,백령도,2022-02-15 08:00,-5.3,,7.9,340,62,3540
102,백령도,2022-02-15 09:00,-5.3,0,9.6,340,65,2681
102,백령도,2022-02-15 10:00,-5.4,,10.5,340,63,2715
102,백령도,2022-02-15 11:00,-5.4,,10.5,340,60,2849
102,백령도,2022-02-15 12:00,-4.7,0,8.6,340,57,4131
102,백령도,2022-02-15 13:00,-4.7,,9.6,340,54,4066
102,백령도,2022-02-15 14:00,-4.8,,8.9,340,49,4705
102,백령도,2022-02-15 15:00,-5,0,9.1,340,54,4477
102,백령도,2022-02-15 16:00,-4.2,,7.3,320,49,4663
102,백령도,2022-02-15 17:00,-4.7,,7.8,320,52,4414
102,백령도,2022-02-15 18:00,-4.6,,7.6,320,55,4410
102,백령도,2022-02-15 19:00,-4.5,,8.1,320,53,4747
102,백령도,2022-02-15 20:00,-4.4,,8.3,320,51,4615
102,백령도,2022-02-15 21:00,-4.4,0,7.3,320,58,2290
102,백령도,2022-02-15 22:00,-4.3,,7,320,55,3262
102,백령도,2022-02-15 23:00,-4.1,,6.9,320,45,4696
102,백령도,2022-02-16 00:00,-4.9,0,7.8,340,67,1157
102,백령도,2022-02-16 01:00,-5.1,,9,340,58,2766
102,백령도,2022-02-16 02:00,-5.9,,8.3,340,63,2469
102,백령도,2022-02-16 03:00,-6.2,0,8.9,340,58,2584
102,백령도,2022-02-16 04:00,-6.3,,9.2,340,59,2587
102,백령도,2022-02-16 05:00,-6.4,,8.3,340,57,4219
102,백령도,2022-02-16 06:00,-6.2,0,8.5,320,56,4513
102,백령도,2022-02-16 07:00,-6.4,,8.7,340,53,4796
102,백령도,2022-02-16 08:00,-6.5,,7.5,340,56,3073
102,백령도,2022-02-16 09:00,-6.6,0,9.4,340,55,3003
102,백령도,2022-02-16 10:00,-6.3,,7.6,340,63,2225
102,백령도,2022-02-16 11:00,-5.7,,8.8,340,54,3330
102,백령도,2022-02-16 12:00,-5.4,0,8.4,340,42,5000
102,백령도,2022-02-16 13:00,-5.2,,7.3,340,47,4851
102,백령도,2022-02-16 14:00,-5.4,,7.1,320,53,2735
102,백령도,2022-02-16 15:00,-4.7,0,7.9,320,43,4980
102,백령도,2022-02-16 16:00,-5.3,,7.8,320,54,4087
102,백령도,2022-02-16 17:00,-5.7,,8.5,340,56,4903
102,백령도,2022-02-16 18:00,-5.8,,7.2,340,57,3664
102,백령도,2022-02-16 19:00,-5.3,,7.6,340,46,4886
102,백령도,2022-02-16 20:00,-5,,8.5,340,50,4857
102,백령도,2022-02-16 21:00,-4.9,0,10.9,340,43,4798
102,백령도,2022-02-16 22:00,-4.9,,11.1,340,45,4210
102,백령도,2022-02-16 23:00,-5.1,,11.5,340,46,4185
102,백령도,2022-02-17 00:00,-5.4,0,11.2,340,51,3780
102,백령도,2022-02-17 01:00,-5.7,,10.2,360,49,4227
102,백령도,2022-02-17 02:00,-5.8,,9.2,360,52,4720
102,백령도,2022-02-17 03:00,-6.1,,10.5,360,51,4456
102,백령도,2022-02-17 04:00,-6.2,,10.5,360,50,4608
102,백령도,2022-02-17 05:00,-6.1,,9.5,340,56,4349
102,백령도,2022-02-17 06:00,-6.2,,9.1,360,60,4265
102,백령도,2022-02-17 07:00,-6.3,,9.8,360,58,4258
102,백령도,2022-02-17 08:00,-6.1,,9.4,340,60,4215
102,백령도,2022-02-17 09:00,-5.7,,8.8,360,56,4297
102,백령도,2022-02-17 10:00,-5.1,,8.8,340,52,4657
102,백령도,2022-02-17 11:00,-4.9,,8.4,360,52,4501
102,백령도,2022-02-17 12:00,-4.5,,7.9,340,50,4504
102,백령도,2022-02-17 13:00,-4.4,,7.5,340,50,4235
102,백령도,2022-02-17 14:00,-4.6,,7.6,360,56,3903
102,백령도,2022-02-17 15:00,-4.3,,6.3,340,53,3793
102,백령도,2022-02-17 16:00,-4.5,,8.5,340,53,4543
102,백령도,2022-02-17 17:00,-4.4,,7.3,340,60,4940
102,백령도,2022-02-17 18:00,-4.4,,6.4,340,61,4971
102,백령도,2022-02-17 19:00,-4.5,,7.5,360,60,4998
102,백령도,2022-02-17 20:00,-4.1,,4.8,360,62,4986
102,백령도,2022-02-17 21:00,-4.4,,2,50,64,4936
102,백령도,2022-02-17 22:00,-4.6,,2.1,50,65,4961
102,백령도,2022-02-17 23:00,-4.4,,2.9,50,62,4982
102,백령도,2022-02-18 00:00,-4.2,,2.7,50,60,4987
102,백령도,2022-02-18 01:00,-3.9,,3.9,50,59,4999
102,백령도,2022-02-18 02:00,-4.2,,3.3,70,53,4999
102,백령도,2022-02-18 03:00,-4.3,,2.5,110,50,4615
102,백령도,2022-02-18 04:00,-4.6,,1.9,70,54,4271
102,백령도,2022-02-18 05:00,-5.1,,.6,140,62,3783
102,백령도,2022-02-18 06:00,-5.2,,.5,90,62,3573
102,백령도,2022-02-18 07:00,-4.7,,1.3,110,59,3970
102,백령도,2022-02-18 08:00,-4.9,,1.4,140,62,3894
102,백령도,2022-02-18 09:00,-1.9,,1.9,110,60,2843
102,백령도,2022-02-18 10:00,-.8,,2.1,110,59,3317
102,백령도,2022-02-18 11:00,-.1,,3,140,55,3265
102,백령도,2022-02-18 12:00,.1,,3.7,140,59,3130
102,백령도,2022-02-18 13:00,1.1,,3,110,51,3675
102,백령도,2022-02-18 14:00,.8,,2.6,110,55,3334
102,백령도,2022-02-18 15:00,.4,,3.7,160,57,3273
102,백령도,2022-02-18 16:00,.5,,2.4,290,60,3096
102,백령도,2022-02-18 17:00,.1,,2.7,320,61,3587
102,백령도,2022-02-18 18:00,-.5,,1,50,65,3419
102,백령도,2022-02-18 19:00,-.7,,.2,0,66,3219
102,백령도,2022-02-18 20:00,-.8,,.5,250,67,3300
102,백령도,2022-02-18 21:00,-1.2,,.6,230,70,2897
102,백령도,2022-02-18 22:00,-.9,,1.1,180,69,1953
102,백령도,2022-02-18 23:00,-.5,,.2,0,68,3549
102,백령도,2022-02-19 00:00,.9,,3.1,320,62,3232
102,백령도,2022-02-19 01:00,1,,4.2,320,50,3379
102,백령도,2022-02-19 02:00,0,,3.8,320,85,933
102,백령도,2022-02-19 03:00,-.2,.4,3.7,290,94,570
102,백령도,2022-02-19 04:00,.3,,3.5,290,85,1140
102,백령도,2022-02-19 05:00,.6,,4.9,320,86,716
102,백령도,2022-02-19 06:00,.7,.3,4.6,360,84,1360
102,백령도,2022-02-19 07:00,-.5,,2.1,20,77,1667
102,백령도,2022-02-19 08:00,-.7,,1.4,20,75,1571
102,백령도,2022-02-19 09:00,-.7,0,2.5,360,78,898
102,백령도,2022-02-19 10:00,-1.2,,1.7,360,89,298
102,백령도,2022-02-19 11:00,-.8,,3.2,340,87,496
102,백령도,2022-02-19 12:00,-1.9,.5,6,340,89,357
102,백령도,2022-02-19 13:00,-2,,8.5,340,76,1804
102,백령도,2022-02-19 14:00,-1.9,,6.3,340,67,2928
102,백령도,2022-02-19 15:00,-2.1,0,8.2,320,61,4182
102,백령도,2022-02-19 16:00,-2.8,,8.7,320,59,4379
102,백령도,2022-02-19 17:00,-3.2,,10.5,320,52,4999
102,백령도,2022-02-19 18:00,-3.4,0,9.3,320,50,4974
102,백령도,2022-02-19 19:00,-3.2,,8.5,320,48,4907
102,백령도,2022-02-19 20:00,-3,,7.8,320,49,4845
102,백령도,2022-02-19 21:00,-2.9,0,8.2,320,42,4830
102,백령도,2022-02-19 22:00,-3.1,,11.2,340,55,3238
102,백령도,2022-02-19 23:00,-3.2,,13.4,340,46,3898
102,백령도,2022-02-20 00:00,-3.6,0,12.6,340,50,4093
102,백령도,2022-02-20 01:00,-3.6,,13.8,340,49,4368
102,백령도,2022-02-20 02:00,-3.7,,15,340,42,4465
102,백령도,2022-02-20 03:00,-3.9,0,14.2,340,41,4878
102,백령도,2022-02-20 04:00,-3.9,,13.6,340,46,4781
102,백령도,2022-02-20 05:00,-4,,11.5,340,41,4923
102,백령도,2022-02-20 06:00,-4.1,,10,340,43,4988
102,백령도,2022-02-20 07:00,-4,,10.4,340,42,4995
102,백령도,2022-02-20 08:00,-4,,9.4,340,40,4999
102,백령도,2022-02-20 09:00,-3.6,,7.4,340,43,4925
102,백령도,2022-02-20 10:00,-3.3,,7.7,340,43,4772
102,백령도,2022-02-20 11:00,-2.7,,7.3,340,42,4630
102,백령도,2022-02-20 12:00,-2.2,,6.5,340,45,4613
102,백령도,2022-02-20 13:00,-2.2,,6.8,340,45,4664
102,백령도,2022-02-20 14:00,-2.4,,6.5,340,46,4676
102,백령도,2022-02-20 15:00,-2,,7.4,320,42,4889
102,백령도,2022-02-20 16:00,-1.9,,7.6,320,35,4997
102,백령도,2022-02-20 17:00,-2.1,,6.9,320,39,4933
102,백령도,2022-02-20 18:00,-2.7,,5.6,320,46,4863
102,백령도,2022-02-20 19:00,-2.6,,5.7,290,50,4982
102,백령도,2022-02-20 20:00,-2.1,,4.7,270,53,4205
102,백령도,2022-02-20 21:00,-1.7,0,5.3,290,53,3967
102,백령도,2022-02-20 22:00,-1.6,,5.8,290,62,3047
102,백령도,2022-02-20 23:00,-.6,,5.5,320,52,4965
102,백령도,2022-02-21 00:00,-.1,0,6,290,41,4970
102,백령도,2022-02-21 01:00,-.1,,5.7,290,40,4929
102,백령도,2022-02-21 02:00,0,,6,320,38,4852
102,백령도,2022-02-21 03:00,-.4,,3.6,290,43,4766
102,백령도,2022-02-21 04:00,-.6,,2.7,270,45,4808
102,백령도,2022-02-21 05:00,.2,,3.2,250,47,4642
102,백령도,2022-02-21 06:00,.9,,4.9,250,49,4375
102,백령도,2022-02-21 07:00,.9,,4.1,270,41,4622
102,백령도,2022-02-21 08:00,.2,,3.6,270,84,2042
102,백령도,2022-02-21 09:00,1.4,.1,3.4,290,76,2683
102,백령도,2022-02-21 10:00,1.1,,7,320,57,3047
102,백령도,2022-02-21 11:00,.7,,7.5,320,57,3013
102,백령도,2022-02-21 12:00,.7,,8,320,51,3093
102,백령도,2022-02-21 13:00,.3,,7.8,290,46,3353
102,백령도,2022-02-21 14:00,-.2,,8.5,320,46,3642
102,백령도,2022-02-21 15:00,-.2,,8.2,320,44,4185
102,백령도,2022-02-21 16:00,-1,,7.5,320,47,4549
102,백령도,2022-02-21 17:00,-1.2,,8.2,320,46,4493
102,백령도,2022-02-21 18:00,-1.9,,9.4,320,46,4852
102,백령도,2022-02-21 19:00,-1.9,,8.5,320,46,4992
102,백령도,2022-02-21 20:00,-1.7,,7,320,43,4998
102,백령도,2022-02-21 21:00,-1.5,,7.1,320,40,4915
102,백령도,2022-02-21 22:00,-1.4,,7.2,340,36,4904
102,백령도,2022-02-21 23:00,-1.6,,8.2,340,44,3950
102,백령도,2022-02-22 00:00,-1.9,,7.6,340,36,4957
102,백령도,2022-02-22 01:00,-2.1,,6.3,340,38,4960
102,백령도,2022-02-22 02:00,-2.5,,5.4,360,38,4958
102,백령도,2022-02-22 03:00,-2.4,,5.7,340,39,4868
102,백령도,2022-02-22 04:00,-2.4,,5.5,340,39,4996
102,백령도,2022-02-22 05:00,-2.6,,4.4,320,41,4595
102,백령도,2022-02-22 06:00,-3.1,,3.5,320,55,4299
102,백령도,2022-02-22 07:00,-3.2,,4.1,360,49,4569
102,백령도,2022-02-22 08:00,-3,,5.3,340,50,4656
102,백령도,2022-02-22 09:00,-3.2,0,5.5,340,60,3602
102,백령도,2022-02-22 10:00,-3,,4.6,340,65,3425
102,백령도,2022-02-22 11:00,-3.3,,4.6,340,83,501
102,백령도,2022-02-22 12:00,-2.1,.1,4.5,340,66,2702
102,백령도,2022-02-22 13:00,-3.1,,8,340,62,2649
102,백령도,2022-02-22 14:00,-2.6,,7,340,50,4459
102,백령도,2022-02-22 15:00,-3.7,0,7.9,340,50,4692
102,백령도,2022-02-22 16:00,-3.3,,7.8,340,46,4974
102,백령도,2022-02-22 17:00,-3.8,,8.5,340,44,5000
102,백령도,2022-02-22 18:00,-4.2,,8.2,340,48,5000
102,백령도,2022-02-22 19:00,-4.1,,8,340,46,5000
102,백령도,2022-02-22 20:00,-3.8,,7.3,340,46,4999
102,백령도,2022-02-22 21:00,-3.4,,7.4,340,42,4986
102,백령도,2022-02-22 22:00,-3.4,,7.2,340,41,4988
102,백령도,2022-02-22 23:00,-3.7,,6.9,360,39,4877
102,백령도,2022-02-23 00:00,-3.6,,8.4,340,44,4879
102,백령도,2022-02-23 01:00,-4.1,,8.4,340,44,4829
102,백령도,2022-02-23 02:00,-4.4,,8.4,340,46,4836
102,백령도,2022-02-23 03:00,-4.8,,8.9,360,46,5000
102,백령도,2022-02-23 04:00,-4.7,,10.1,340,44,5000
102,백령도,2022-02-23 05:00,-4.9,,10,340,47,5000
102,백령도,2022-02-23 06:00,-5.1,,9.1,360,49,4992
102,백령도,2022-02-23 07:00,-5.4,,7.9,360,49,4983
102,백령도,2022-02-23 08:00,-5.2,,6.2,360,51,4990
102,백령도,2022-02-23 09:00,-4.9,,6.5,360,45,4999
102,백령도,2022-02-23 10:00,-4.1,,7,340,45,4710
102,백령도,2022-02-23 11:00,-3.7,,7.7,340,41,4904
102,백령도,2022-02-23 12:00,-3.3,,7.1,340,40,4912
102,백령도,2022-02-23 13:00,-2.4,,6.2,360,40,4908
102,백령도,2022-02-23 14:00,-2.4,,6.3,340,38,4799
102,백령도,2022-02-23 15:00,-1.9,,5.6,340,41,4908
102,백령도,2022-02-23 16:00,-2.1,,4.8,340,42,4882
102,백령도,2022-02-23 17:00,-2.3,,5.4,340,42,4877
102,백령도,2022-02-23 18:00,-3.2,,4.5,340,49,4933
102,백령도,2022-02-23 19:00,-2.8,,3.5,320,53,4992
102,백령도,2022-02-23 20:00,-2.6,,3.2,320,58,4930
102,백령도,2022-02-23 21:00,-2.3,,2.5,290,60,4326
102,백령도,2022-02-23 22:00,-2.7,,1.9,270,62,4272
102,백령도,2022-02-23 23:00,-2.7,,.7,230,64,3977
102,백령도,2022-02-24 00:00,-2.6,,.5,270,66,2470
102,백령도,2022-02-24 01:00,-2.9,,1.4,320,71,3270
102,백령도,2022-02-24 02:00,-1.6,,2.6,340,59,3604
102,백령도,2022-02-24 03:00,-2.5,,1.2,20,70,3355
102,백령도,2022-02-24 04:00,-1.8,,1.6,20,63,3954
102,백령도,2022-02-24 05:00,-2.2,,1.3,90,74,3282
102,백령도,2022-02-24 06:00,-2.5,,1.8,110,78,3320
102,백령도,2022-02-24 07:00,-2.3,,2.1,140,77,3280
102,백령도,2022-02-24 08:00,-1.6,,1.4,140,75,3267
102,백령도,2022-02-24 09:00,.3,,1.1,110,66,3252
102,백령도,2022-02-24 10:00,1.5,,2.4,90,63,3704
102,백령도,2022-02-24 11:00,2.2,,3.6,320,46,3703
102,백령도,2022-02-24 12:00,2.6,,3.3,290,45,4499
102,백령도,2022-02-24 13:00,3.2,,4.4,320,40,4199
102,백령도,2022-02-24 14:00,4.1,,4.2,290,44,3059
102,백령도,2022-02-24 15:00,4.4,,4.7,320,43,2534
102,백령도,2022-02-24 16:00,4.5,,4.1,250,35,3371
102,백령도,2022-02-24 17:00,4.4,,4,250,36,3296
102,백령도,2022-02-24 18:00,3.7,,4.2,250,45,3277
102,백령도,2022-02-24 19:00,2.7,,3.2,250,52,2839
102,백령도,2022-02-24 20:00,2.5,,2.9,270,54,2577
102,백령도,2022-02-24 21:00,2.4,,2.4,270,54,2556
102,백령도,2022-02-24 22:00,2.4,,2.4,270,52,2591
102,백령도,2022-02-24 23:00,2.5,,2.4,270,54,2591
102,백령도,2022-02-25 00:00,2.7,,3.2,250,55,2609
102,백령도,2022-02-25 01:00,2.4,,2.9,270,63,2240
102,백령도,2022-02-25 02:00,2.8,,2.5,270,63,2038
102,백령도,2022-02-25 03:00,2.9,,2.2,270,64,1693
102,백령도,2022-02-25 04:00,3.2,,2.8,270,70,1187
102,백령도,2022-02-25 05:00,3.5,,1.8,270,75,877
102,백령도,2022-02-25 06:00,3.5,,2.1,270,83,639
102,백령도,2022-02-25 07:00,2.5,,1.2,70,88,444
102,백령도,2022-02-25 08:00,2.6,,1.8,90,95,361
102,백령도,2022-02-25 09:00,3.1,,1.8,90,95,422
102,백령도,2022-02-25 10:00,5.1,,1.1,110,87,675
102,백령도,2022-02-25 11:00,6.9,,5,250,75,700
102,백령도,2022-02-25 12:00,8,,3.8,250,63,779
102,백령도,2022-02-25 13:00,8.6,,3.2,270,59,801
102,백령도,2022-02-25 14:00,8.5,,3.5,250,53,759
102,백령도,2022-02-25 15:00,8.8,,3.2,270,55,739
102,백령도,2022-02-25 16:00,7.9,,3.6,200,67,665
102,백령도,2022-02-25 17:00,7.3,,3,180,75,545
102,백령도,2022-02-25 18:00,6.1,,4.1,180,85,386
102,백령도,2022-02-25 19:00,5.5,,3.1,200,91,309
102,백령도,2022-02-25 20:00,5.6,,4.3,200,90,354
102,백령도,2022-02-25 21:00,5.7,,4.6,230,87,477
102,백령도,2022-02-25 22:00,5.9,,4.4,230,81,730
102,백령도,2022-02-25 23:00,6.2,,6.9,230,78,835
102,백령도,2022-02-26 00:00,6.3,,7,230,73,874
102,백령도,2022-02-26 01:00,6.1,,6.4,230,77,780
102,백령도,2022-02-26 02:00,6.2,,6.8,230,80,760
102,백령도,2022-02-26 03:00,6.4,,6.1,230,78,912
102,백령도,2022-02-26 04:00,6.7,,7.6,230,69,1968
102,백령도,2022-02-26 05:00,6.7,,7.3,230,70,1937
102,백령도,2022-02-26 06:00,6.7,,6.6,230,73,1266
102,백령도,2022-02-26 07:00,6.8,,7,230,73,1154
102,백령도,2022-02-26 08:00,6.8,,8.1,230,75,1241
102,백령도,2022-02-26 09:00,7.1,,8.2,230,73,1377
102,백령도,2022-02-26 10:00,7.2,,8.2,230,74,1269
102,백령도,2022-02-26 11:00,7.5,,9.2,230,75,1219
102,백령도,2022-02-26 12:00,7.6,,8.3,230,74,1165
102,백령도,2022-02-26 13:00,7.4,,8.4,230,75,954
102,백령도,2022-02-26 14:00,8.5,,7.2,230,69,926
102,백령도,2022-02-26 15:00,7.4,,7.9,250,75,725
102,백령도,2022-02-26 16:00,6.2,,6.5,290,78,651
102,백령도,2022-02-26 17:00,3.4,,7,340,87,265
102,백령도,2022-02-26 18:00,3.6,0,8.1,320,61,1066
102,백령도,2022-02-26 19:00,3.5,,8,320,59,1801
102,백령도,2022-02-26 20:00,4,,8.8,320,50,3593
102,백령도,2022-02-26 21:00,4,,6.1,320,53,2604
102,백령도,2022-02-26 22:00,4.2,,9.9,320,54,3183
102,백령도,2022-02-26 23:00,4.1,,9.6,320,51,3439
102,백령도,2022-02-27 00:00,3.9,,7.2,320,54,3275
102,백령도,2022-02-27 01:00,3.9,,6.5,320,54,3332
102,백령도,2022-02-27 02:00,3.7,,6.5,320,55,4035
102,백령도,2022-02-27 03:00,3.6,,5.7,290,62,3613
102,백령도,2022-02-27 04:00,2.8,,2.6,290,60,3850
102,백령도,2022-02-27 05:00,2.5,,2.3,270,57,4297
102,백령도,2022-02-27 06:00,2.3,,1.5,230,69,3897
102,백령도,2022-02-27 07:00,2.1,,2.4,250,67,4365
102,백령도,2022-02-27 08:00,3.8,,4.1,230,69,3165
102,백령도,2022-02-27 09:00,5.7,,4,230,61,3261
102,백령도,2022-02-27 10:00,6.7,,6.1,230,59,3384
102,백령도,2022-02-27 11:00,7.7,,6.6,250,48,3738
102,백령도,2022-02-27 12:00,8.4,,7.1,250,38,4104
102,백령도,2022-02-27 13:00,8.3,,8.4,250,43,3726
102,백령도,2022-02-27 14:00,8.6,,7.2,230,39,3879
102,백령도,2022-02-27 15:00,8.7,,6,230,44,3769
102,백령도,2022-02-27 16:00,8.7,,6.4,230,40,3560
102,백령도,2022-02-27 17:00,7.3,,8,230,55,3292
102,백령도,2022-02-27 18:00,6.7,,7.3,230,57,3270
102,백령도,2022-02-27 19:00,6.2,,6.8,230,60,3281
102,백령도,2022-02-27 20:00,6.2,,7.3,230,59,3154
102,백령도,2022-02-27 21:00,6.4,,7.3,230,62,2966
102,백령도,2022-02-27 22:00,5.8,,5.5,250,71,2482
102,백령도,2022-02-27 23:00,5.5,,6.3,250,80,2136
102,백령도,2022-02-28 00:00,5,,5.3,250,84,1913
102,백령도,2022-02-28 01:00,5.1,,5.6,250,83,2096
102,백령도,2022-02-28 02:00,4.7,,4.1,270,84,2227
102,백령도,2022-02-28 03:00,4.6,,3.3,250,83,2364
102,백령도,2022-02-28 04:00,3.9,,1,270,85,2379
102,백령도,2022-02-28 05:00,4.1,,.9,270,84,2400
102,백령도,2022-02-28 06:00,4,,.2,0,81,2687
102,백령도,2022-02-28 07:00,.9,,2.6,180,95,1060
102,백령도,2022-02-28 08:00,3.1,,1.5,180,94,1099
102,백령도,2022-02-28 09:00,4.3,,1.7,90,95,1297
102,백령도,2022-02-28 10:00,6.3,,2.9,160,79,1662
102,백령도,2022-02-28 11:00,6.7,,4.3,140,81,2513
102,백령도,2022-02-28 12:00,7.7,,4.2,160,80,2968
102,백령도,2022-02-28 13:00,7.6,,4.6,160,79,3458
102,백령도,2022-02-28 14:00,7.6,,6.3,160,79,3036
102,백령도,2022-02-28 15:00,7.2,,4.8,180,80,3197
102,백령도,2022-02-28 16:00,6.1,,5.8,160,87,2841
102,백령도,2022-02-28 17:00,5.5,,6.4,160,93,1870
102,백령도,2022-02-28 18:00,5.5,,6.2,160,91,2237
102,백령도,2022-02-28 19:00,5.3,,4.9,160,93,2112
102,백령도,2022-02-28 20:00,4.8,,3.4,140,91,2317
102,백령도,2022-02-28 21:00,4.6,,3.9,160,95,1658
102,백령도,2022-02-28 22:00,4.7,,3.6,140,93,2246
102,백령도,2022-02-28 23:00,4.4,,3.4,140,93,2286
102,백령도,2022-03-01 00:00,4.6,,3.8,160,90,2937
102,백령도,2022-03-01 01:00,4.5,,2.8,110,88,2983
102,백령도,2022-03-01 02:00,4.3,,2.8,110,85,3052
102,백령도,2022-03-01 03:00,4.1,,2,90,84,2769
102,백령도,2022-03-01 04:00,4.6,,1.6,110,85,2865
102,백령도,2022-03-01 05:00,5,,.8,70,89,2442
102,백령도,2022-03-01 06:00,5.6,,4.6,320,94,971
102,백령도,2022-03-01 07:00,4.8,,5.1,320,95,1187
102,백령도,2022-03-01 08:00,3.7,,9.4,340,85,1127
102,백령도,2022-03-01 09:00,3.3,,8.6,340,75,1690
102,백령도,2022-03-01 10:00,3.3,,9,340,70,2249
102,백령도,2022-03-01 11:00,3.3,,10,340,67,2385
102,백령도,2022-03-01 12:00,3.8,,11.3,340,64,2577
102,백령도,2022-03-01 13:00,3.8,,9.5,340,64,2647
102,백령도,2022-03-01 14:00,4.2,,7.2,340,58,3195
102,백령도,2022-03-01 15:00,3.5,,8.8,340,50,4139
102,백령도,2022-03-01 16:00,3.7,,7.5,320,41,4636
102,백령도,2022-03-01 17:00,3.4,,7.6,340,39,4946
102,백령도,2022-03-01 18:00,2.8,,7.3,320,37,4980
102,백령도,2022-03-01 19:00,2.7,,8.8,320,39,4995
102,백령도,2022-03-01 20:00,3.2,,7.7,320,43,4884
102,백령도,2022-03-01 21:00,3.6,,7.8,320,44,4900
102,백령도,2022-03-01 22:00,3.8,,7.8,320,47,4836
102,백령도,2022-03-01 23:00,3.8,,7.6,320,49,4656
102,백령도,2022-03-02 00:00,3.3,,4.1,320,53,4552
102,백령도,2022-03-02 01:00,3.3,,5,340,53,4732
102,백령도,2022-03-02 02:00,3.3,,4.8,340,54,4656
102,백령도,2022-03-02 03:00,3.4,,4.4,320,52,4848
102,백령도,2022-03-02 04:00,2.7,,3.5,290,58,4830
102,백령도,2022-03-02 05:00,2.5,,3.2,270,67,4703
102,백령도,2022-03-02 06:00,2.2,,2.3,250,71,4134
102,백령도,2022-03-02 07:00,2.2,,2.5,250,74,3669
102,백령도,2022-03-02 08:00,3,,2.2,230,74,3129
102,백령도,2022-03-02 09:00,5.2,,3.7,270,55,3858
102,백령도,2022-03-02 10:00,6.5,,4.6,250,45,4372
102,백령도,2022-03-02 11:00,7.2,,6,250,39,4781
102,백령도,2022-03-02 12:00,7.3,,7.4,250,36,4493
102,백령도,2022-03-02 13:00,7.7,,7.4,250,40,4096
102,백령도,2022-03-02 14:00,7.9,,6.7,250,38,3851
102,백령도,2022-03-02 15:00,8,,7,270,35,3838
102,백령도,2022-03-02 16:00,7.5,,6.9,230,46,2622
102,백령도,2022-03-02 17:00,7.5,,5.2,230,52,2168
102,백령도,2022-03-02 18:00,6.3,,5.7,230,65,1921
102,백령도,2022-03-02 19:00,5.8,,6.1,250,72,1862
102,백령도,2022-03-02 20:00,5.8,,6.9,250,72,1846
102,백령도,2022-03-02 21:00,6.1,,7.3,230,56,2384
102,백령도,2022-03-02 22:00,5.7,,6.9,250,74,1559
102,백령도,2022-03-02 23:00,5.8,,5,270,55,2180
102,백령도,2022-03-03 00:00,5,,4.6,290,73,1399
102,백령도,2022-03-03 01:00,4.7,,4.5,290,83,797
102,백령도,2022-03-03 02:00,4,,3.3,320,86,667
102,백령도,2022-03-03 03:00,3.5,,2.3,320,70,1811
102,백령도,2022-03-03 04:00,3.1,,1.9,340,63,2437
102,백령도,2022-03-03 05:00,2.7,,2.2,340,60,2867
102,백령도,2022-03-03 06:00,2.7,,1.9,340,58,3332
102,백령도,2022-03-03 07:00,2,,2.7,340,66,3312
102,백령도,2022-03-03 08:00,2.9,,2.2,360,63,3392
102,백령도,2022-03-03 09:00,4.5,,.4,0,58,3307
102,백령도,2022-03-03 10:00,5.8,,1.7,70,39,4482
102,백령도,2022-03-03 11:00,5.9,,1.7,360,25,4766
102,백령도,2022-03-03 12:00,7.7,,1.9,340,24,4962
102,백령도,2022-03-03 13:00,7.9,,1.7,110,21,4936
102,백령도,2022-03-03 14:00,7.6,,1.5,160,31,4367
102,백령도,2022-03-03 15:00,8.3,,1.5,200,28,4510
102,백령도,2022-03-03 16:00,7.7,,2,200,27,4530
102,백령도,2022-03-03 17:00,6.8,,2.7,180,30,3677
102,백령도,2022-03-03 18:00,5.5,,2.9,160,35,4182
102,백령도,2022-03-03 19:00,4.4,,4.2,160,62,3333
102,백령도,2022-03-03 20:00,4.3,,4.4,160,68,3256
102,백령도,2022-03-03 21:00,4.3,,5,160,73,2634
102,백령도,2022-03-03 22:00,4.4,,5,160,71,2607
102,백령도,2022-03-03 23:00,4.6,,5.2,160,85,1289
102,백령도,2022-03-04 00:00,4.6,,4.1,160,96,400
102,백령도,2022-03-04 01:00,4.7,,3.6,160,98,288
102,백령도,2022-03-04 02:00,4.8,,3.7,140,99,230
102,백령도,2022-03-04 03:00,5,,4.6,140,100,56
102,백령도,2022-03-04 04:00,4.6,,5.9,140,99,48
102,백령도,2022-03-04 05:00,4.3,,5.6,140,100,35
102,백령도,2022-03-04 06:00,4.7,,6,140,100,112
102,백령도,2022-03-04 07:00,4.5,,7,140,97,172
102,백령도,2022-03-04 08:00,4.8,,6.2,140,100,86
102,백령도,2022-03-04 09:00,5.2,,6.8,140,97,22
102,백령도,2022-03-04 10:00,5.9,,6.5,140,97,42
102,백령도,2022-03-04 11:00,7.7,,8.2,160,97,517
102,백령도,2022-03-04 12:00,8.4,,5.2,160,89,912
102,백령도,2022-03-04 13:00,10.3,,6.9,230,80,1325
102,백령도,2022-03-04 14:00,10.9,,7,230,70,877
102,백령도,2022-03-04 15:00,10.8,,6,230,65,749
102,백령도,2022-03-04 16:00,9.3,,8.6,250,67,636
102,백령도,2022-03-04 17:00,9,,8,270,53,938
102,백령도,2022-03-04 18:00,7.3,,7.8,290,68,717
102,백령도,2022-03-04 19:00,6.3,,7.7,290,75,609
102,백령도,2022-03-04 20:00,6.1,,7.8,270,75,659
102,백령도,2022-03-04 21:00,6.3,,9.2,340,68,849
102,백령도,2022-03-04 22:00,5.3,,9.3,340,58,1617
102,백령도,2022-03-04 23:00,4.8,,8.9,340,53,1960
102,백령도,2022-03-05 00:00,4.5,,8.7,340,63,1678
102,백령도,2022-03-05 01:00,3.9,,10.4,340,44,1479
102,백령도,2022-03-05 02:00,2.8,,15,340,34,1399
102,백령도,2022-03-05 03:00,2.3,,11.5,340,26,2262
102,백령도,2022-03-05 04:00,2.1,,6.3,340,30,2366
102,백령도,2022-03-05 05:00,2.3,,8.7,320,26,3029
102,백령도,2022-03-05 06:00,2.5,,8.7,320,28,3966
102,백령도,2022-03-05 07:00,2.2,,8.6,340,28,3953
102,백령도,2022-03-05 08:00,2.4,,6.4,320,30,4192
102,백령도,2022-03-05 09:00,3.1,,7.9,320,27,4636
102,백령도,2022-03-05 10:00,3.8,,8.9,320,31,4595
102,백령도,2022-03-05 11:00,4.1,,7.7,320,29,4590
102,백령도,2022-03-05 12:00,4.1,,10.4,320,31,4237
102,백령도,2022-03-05 13:00,3.6,,11.7,320,31,4237
102,백령도,2022-03-05 14:00,3.6,,10.9,320,29,4396
102,백령도,2022-03-05 15:00,3.5,,10.2,320,31,4456
102,백령도,2022-03-05 16:00,3.2,,8.7,320,33,4439
102,백령도,2022-03-05 17:00,2.7,,8.7,320,37,4414
102,백령도,2022-03-05 18:00,2.2,,9.7,320,34,4416
102,백령도,2022-03-05 19:00,1.9,,7.4,340,37,3922
102,백령도,2022-03-05 20:00,2.1,,7,340,38,3673
102,백령도,2022-03-05 21:00,2.3,,6.4,320,36,3630
102,백령도,2022-03-05 22:00,2.5,,7.8,340,35,3123
102,백령도,2022-03-05 23:00,2.6,,6.4,340,32,2976
102,백령도,2022-03-06 00:00,2.7,,9.2,340,31,3061
102,백령도,2022-03-06 01:00,2.4,,10.8,20,28,3779
102,백령도,2022-03-06 02:00,2.3,,9.6,340,29,3755
102,백령도,2022-03-06 03:00,2.3,,10.8,340,31,3586
102,백령도,2022-03-06 04:00,2.2,,12.3,340,29,3961
102,백령도,2022-03-06 05:00,2,,10.5,340,34,3622
102,백령도,2022-03-06 06:00,1.8,,9,340,36,3667
102,백령도,2022-03-06 07:00,1.6,,11.1,340,33,3701
102,백령도,2022-03-06 08:00,1.3,,9.9,340,33,4324
102,백령도,2022-03-06 09:00,1.5,,9,340,35,4509
102,백령도,2022-03-06 10:00,1.8,,10.2,340,30,4527
102,백령도,2022-03-06 11:00,2.3,,9.6,340,33,4527
102,백령도,2022-03-06 12:00,2.9,,8.2,340,33,4749
102,백령도,2022-03-06 13:00,2.5,,8.7,340,34,4588
102,백령도,2022-03-06 14:00,2.6,,8.7,340,33,4693
102,백령도,2022-03-06 15:00,2.6,,7.5,340,36,4918
102,백령도,2022-03-06 16:00,2.3,,8.6,340,35,4770
102,백령도,2022-03-06 17:00,2,,7,340,37,4551
102,백령도,2022-03-06 18:00,1.3,,5,340,35,4400
102,백령도,2022-03-06 19:00,.9,,3.4,320,39,4542
102,백령도,2022-03-06 20:00,1.2,,4.2,320,42,4485
102,백령도,2022-03-06 21:00,1.3,,3.4,320,44,4584
102,백령도,2022-03-06 22:00,1.7,,3.8,320,40,4646
102,백령도,2022-03-06 23:00,1.8,,3.2,320,45,4534
102,백령도,2022-03-07 00:00,1.9,,3.3,320,47,4296
102,백령도,2022-03-07 01:00,1.3,,2.1,340,51,4509
102,백령도,2022-03-07 02:00,1.1,,.7,320,54,4357
102,백령도,2022-03-07 03:00,.7,,.4,0,57,4289
102,백령도,2022-03-07 04:00,.7,,.2,0,57,4383
102,백령도,2022-03-07 05:00,.6,,.9,160,61,4272
102,백령도,2022-03-07 06:00,.7,,.4,0,60,3993
102,백령도,2022-03-07 07:00,1.3,,1.6,180,58,4125
102,백령도,2022-03-07 08:00,1.5,,1.4,160,59,3390
102,백령도,2022-03-07 09:00,3.7,,3.5,160,52,3940
102,백령도,2022-03-07 10:00,4.8,,5,160,47,4171
102,백령도,2022-03-07 11:00,4.8,,5.3,160,51,4182
102,백령도,2022-03-07 12:00,6.1,,5.2,160,51,4050
102,백령도,2022-03-07 13:00,5.2,,5.1,160,56,4262
102,백령도,2022-03-07 14:00,5.9,,6.9,160,58,4029
102,백령도,2022-03-07 15:00,5.9,,6.6,160,60,3836
102,백령도,2022-03-07 16:00,6,,6,160,63,4067
102,백령도,2022-03-07 17:00,5.8,,3.9,160,69,3703
102,백령도,2022-03-07 18:00,5.1,,3.6,160,76,3955
102,백령도,2022-03-07 19:00,4.4,,2.7,160,85,3817
102,백령도,2022-03-07 20:00,4.3,,4.3,140,89,4055
102,백령도,2022-03-07 21:00,4.3,,4.7,140,90,4048
102,백령도,2022-03-07 22:00,4.1,,2.1,140,93,3062
102,백령도,2022-03-07 23:00,4.3,,2.1,90,96,2915
102,백령도,2022-03-08 00:00,4,,1.8,110,96,2949
102,백령도,2022-03-08 01:00,3.4,,3,110,96,2549
102,백령도,2022-03-08 02:00,3.2,,2.9,90,94,2951
102,백령도,2022-03-08 03:00,2.9,,2.7,90,94,2472
102,백령도,2022-03-08 04:00,3.1,,2.4,90,92,2518
102,백령도,2022-03-08 05:00,2.9,,2.9,90,92,2356
102,백령도,2022-03-08 06:00,2.7,,3,90,93,2510
102,백령도,2022-03-08 07:00,2.6,,3.1,90,93,2284
102,백령도,2022-03-08 08:00,2.9,,3,90,91,2377
102,백령도,2022-03-08 09:00,3.8,,3.3,90,88,2366
102,백령도,2022-03-08 10:00,4.9,,2.7,140,83,2108
102,백령도,2022-03-08 11:00,5.3,,4,90,78,2316
102,백령도,2022-03-08 12:00,6.8,,3.2,110,73,1921
102,백령도,2022-03-08 13:00,7.7,,4.1,110,71,2377
102,백령도,2022-03-08 14:00,7.2,,5.1,140,78,2444
102,백령도,2022-03-08 15:00,7.1,,2.3,160,81,2200
102,백령도,2022-03-08 16:00,6,,3.7,110,87,1266
102,백령도,2022-03-08 17:00,5.3,,3.6,140,95,508
102,백령도,2022-03-08 18:00,4.8,,2.1,140,97,327
102,백령도,2022-03-08 19:00,4.9,,2.5,140,99,667
102,백령도,2022-03-08 20:00,4.1,,3,140,100,47
102,백령도,2022-03-08 21:00,3.3,,1,160,99,39
102,백령도,2022-03-08 22:00,3.3,,2.2,140,99,35
102,백령도,2022-03-08 23:00,3.7,,2.2,140,99,38
102,백령도,2022-03-09 00:00,3.9,,2.1,110,99,29
102,백령도,2022-03-09 01:00,4,,2.3,140,99,68
102,백령도,2022-03-09 02:00,3.7,,1,180,99,434
102,백령도,2022-03-09 03:00,3.2,,.8,70,99,384
102,백령도,2022-03-09 04:00,3.2,,.9,50,100,362
102,백령도,2022-03-09 05:00,3.1,,.3,0,99,365
102,백령도,2022-03-09 06:00,2.4,,2.1,360,100,29
102,백령도,2022-03-09 07:00,1.9,,1,320,100,45
102,백령도,2022-03-09 08:00,1.8,,.7,340,99,41
102,백령도,2022-03-09 09:00,1.9,,.7,70,99,46
102,백령도,2022-03-09 10:00,2,,.9,70,99,81
102,백령도,2022-03-09 11:00,2.8,,1.5,90,99,486
102,백령도,2022-03-09 12:00,3.5,,2,90,95,915
102,백령도,2022-03-09 13:00,3.4,,2.9,180,90,983
102,백령도,2022-03-09 14:00,3.4,,2.7,160,92,950
102,백령도,2022-03-09 15:00,3.5,,2.1,160,93,958
102,백령도,2022-03-09 16:00,4.7,,2.3,160,83,1145
102,백령도,2022-03-09 17:00,3.8,,2.7,160,88,997
102,백령도,2022-03-09 18:00,3,,1.5,140,94,553
102,백령도,2022-03-09 19:00,2.3,,1,140,98,401
102,백령도,2022-03-09 20:00,1.9,,2.5,90,100,90
102,백령도,2022-03-09 21:00,1.4,,2.2,140,100,47
102,백령도,2022-03-09 22:00,1.3,,2.3,140,100,60
102,백령도,2022-03-09 23:00,1.1,,2.8,140,100,30
102,백령도,2022-03-10 00:00,1.3,,2.7,140,100,36
102,백령도,2022-03-10 01:00,1.3,,3.2,140,100,77
102,백령도,2022-03-10 02:00,2,,2.8,140,100,54
102,백령도,2022-03-10 03:00,2.9,,3.3,140,100,209
102,백령도,2022-03-10 04:00,3.5,,3.9,140,100,361
102,백령도,2022-03-10 05:00,3.8,,4.7,160,100,300
102,백령도,2022-03-10 06:00,3.8,,4.5,160,100,318
102,백령도,2022-03-10 07:00,3.6,,4.2,140,100,319
102,백령도,2022-03-10 08:00,3.8,,4.6,140,100,238
102,백령도,2022-03-10 09:00,4.3,,4.9,140,99,634
102,백령도,2022-03-10 10:00,5.1,,5.7,160,91,835
102,백령도,2022-03-10 11:00,5.2,,5.3,160,92,814
102,백령도,2022-03-10 12:00,5.2,,5.3,140,94,616
102,백령도,2022-03-10 13:00,6,,5.5,160,91,865
102,백령도,2022-03-10 14:00,6.3,,6.1,160,91,923
102,백령도,2022-03-10 15:00,7,,5.1,160,89,698
102,백령도,2022-03-10 16:00,6.7,,4.2,140,89,650
102,백령도,2022-03-10 17:00,5.9,,4.4,140,94,433
102,백령도,2022-03-10 18:00,5.7,,5,140,96,249
102,백령도,2022-03-10 19:00,5.3,,4.3,140,98,81
102,백령도,2022-03-10 20:00,4.9,,4.1,110,99,56
102,백령도,2022-03-10 21:00,4.6,,4.4,140,99,90
102,백령도,2022-03-10 22:00,4.3,,3.5,110,99,220
102,백령도,2022-03-10 23:00,3.5,,3.6,110,100,16
102,백령도,2022-03-11 00:00,3.6,,3.1,140,100,14
102,백령도,2022-03-11 01:00,3,,2.5,140,100,14
102,백령도,2022-03-11 02:00,3,,4,140,100,14
102,백령도,2022-03-11 03:00,2.6,,2.2,140,100,21
102,백령도,2022-03-11 04:00,2,,2,110,100,11
102,백령도,2022-03-11 05:00,2.4,,2.8,90,97,14
102,백령도,2022-03-11 06:00,2.9,,2,90,97,246
102,백령도,2022-03-11 07:00,3.8,,2.2,110,97,472
102,백령도,2022-03-11 08:00,4.2,,2,90,95,444
102,백령도,2022-03-11 09:00,5.4,,2,90,88,698
102,백령도,2022-03-11 10:00,6,,3.3,320,81,980
102,백령도,2022-03-11 11:00,9.4,,1.6,320,65,1561
102,백령도,2022-03-11 12:00,12.3,,1.1,90,60,1576
102,백령도,2022-03-11 13:00,9,,3.6,320,61,1370
102,백령도,2022-03-11 14:00,8.8,,3.4,320,64,1319
102,백령도,2022-03-11 15:00,9.6,,3.1,290,60,1280
102,백령도,2022-03-11 16:00,7.9,,4,290,68,1251
102,백령도,2022-03-11 17:00,7.7,,4.5,320,71,1491
102,백령도,2022-03-11 18:00,5.2,,4.9,290,90,987
102,백령도,2022-03-11 19:00,4,,4.1,290,95,147
102,백령도,2022-03-11 20:00,3.5,,2.8,290,96,256
102,백령도,2022-03-11 21:00,3,,3,290,96,350
102,백령도,2022-03-11 22:00,4.6,,2.4,340,83,1806
102,백령도,2022-03-11 23:00,8.2,,.8,20,58,2423
102,백령도,2022-03-12 00:00,7.1,,1.3,290,61,2472
102,백령도,2022-03-12 01:00,2.9,,2.9,290,93,1074
102,백령도,2022-03-12 02:00,4.9,,1.5,250,69,2612
102,백령도,2022-03-12 03:00,7.4,,.7,140,52,3001
102,백령도,2022-03-12 04:00,7,,1.8,110,54,2506
102,백령도,2022-03-12 05:00,4.4,,2,90,81,1585
102,백령도,2022-03-12 06:00,4.9,,2.1,90,80,917
102,백령도,2022-03-12 07:00,4.2,,2.1,90,84,828
102,백령도,2022-03-12 08:00,6,,2.7,110,70,1019
102,백령도,2022-03-12 09:00,8.6,,1.9,110,55,1314
102,백령도,2022-03-12 10:00,8.2,,5.7,140,55,1236
102,백령도,2022-03-12 11:00,8.5,,3.8,160,63,635
102,백령도,2022-03-12 12:00,9.2,,6.1,140,66,687
102,백령도,2022-03-12 13:00,7.7,,4.8,140,85,348
102,백령도,2022-03-12 14:00,7,,6.8,160,93,90
102,백령도,2022-03-12 15:00,7.2,,4.5,160,94,93
102,백령도,2022-03-12 16:00,6.8,,2.5,180,95,73
102,백령도,2022-03-12 17:00,7.5,,3.6,180,96,85
102,백령도,2022-03-12 18:00,7.5,,2.5,160,96,98
102,백령도,2022-03-12 19:00,6.9,,2,140,96,105
102,백령도,2022-03-12 20:00,7.2,,.7,90,96,223
102,백령도,2022-03-12 21:00,7,2,6.3,160,96,56
102,백령도,2022-03-12 22:00,7.9,,6.1,180,97,265
102,백령도,2022-03-12 23:00,7.7,,3.8,160,97,322
102,백령도,2022-03-13 00:00,7.2,2.6,3.2,110,97,64
102,백령도,2022-03-13 01:00,6.5,,1.1,90,97,35
102,백령도,2022-03-13 02:00,6.8,,1.6,90,97,28
102,백령도,2022-03-13 03:00,7.1,0,.1,0,97,34
102,백령도,2022-03-13 04:00,7.5,,.8,70,97,59
102,백령도,2022-03-13 05:00,7.6,,2,20,97,37
102,백령도,2022-03-13 06:00,7.1,,1.4,340,97,22
102,백령도,2022-03-13 07:00,6.1,,1.9,290,97,31
102,백령도,2022-03-13 08:00,7.1,,1.6,340,97,237
102,백령도,2022-03-13 09:00,7.4,,3.4,340,97,1103
102,백령도,2022-03-13 10:00,7.2,,3,320,97,1415
102,백령도,2022-03-13 11:00,6.4,,5.2,340,96,740
102,백령도,2022-03-13 12:00,7.4,,4.4,340,93,1802
102,백령도,2022-03-13 13:00,9.2,,3.6,320,85,1321
102,백령도,2022-03-13 14:00,9.7,,4.3,340,79,2495
102,백령도,2022-03-13 15:00,6.5,,5.1,320,89,226
102,백령도,2022-03-13 16:00,7.2,,6.3,320,84,732
102,백령도,2022-03-13 17:00,8.1,,4.6,320,81,1270
102,백령도,2022-03-13 18:00,8.2,,4,320,79,1733
102,백령도,2022-03-13 19:00,6.6,,4.9,290,87,972
102,백령도,2022-03-13 20:00,6.3,,5.1,320,92,452
102,백령도,2022-03-13 21:00,5.7,,2.3,320,93,342
102,백령도,2022-03-13 22:00,8.1,,1.5,50,79,3970
102,백령도,2022-03-13 23:00,8.3,,2,70,78,3366
102,백령도,2022-03-14 00:00,8.2,,.7,70,83,2081
102,백령도,2022-03-14 01:00,7.1,,1.9,70,92,736
102,백령도,2022-03-14 02:00,6.9,,1.3,110,95,396
102,백령도,2022-03-14 03:00,6.9,,1.2,110,95,436
102,백령도,2022-03-14 04:00,7.5,,3.5,140,95,324
102,백령도,2022-03-14 05:00,6.7,,5.7,160,93,518
102,백령도,2022-03-14 06:00,7,,5.5,160,90,879
102,백령도,2022-03-14 07:00,6.6,,6.1,160,90,770
102,백령도,2022-03-14 08:00,6.3,,5.7,140,93,513
102,백령도,2022-03-14 09:00,6.6,,3.2,180,94,250
102,백령도,2022-03-14 10:00,6.8,,4.1,200,95,334
102,백령도,2022-03-14 11:00,6.8,,4.3,230,95,2494
102,백령도,2022-03-14 12:00,6.5,2.4,6.2,230,95,792
102,백령도,2022-03-14 13:00,6.6,,7,250,96,146
102,백령도,2022-03-14 14:00,6.5,,8.6,290,95,101
102,백령도,2022-03-14 15:00,7,.2,9,290,83,545
102,백령도,2022-03-14 16:00,6.4,,9.6,320,78,735
102,백령도,2022-03-14 17:00,5.5,,10.4,290,79,874
102,백령도,2022-03-14 18:00,4.8,,8.7,320,82,952
102,백령도,2022-03-14 19:00,4.4,,7.8,320,83,1021
102,백령도,2022-03-14 20:00,4.6,,6.8,320,76,1394
102,백령도,2022-03-14 21:00,4.2,,9.3,340,72,1310
102,백령도,2022-03-14 22:00,4,,8.9,340,73,1107
102,백령도,2022-03-14 23:00,3.9,,9.7,340,73,1149
102,백령도,2022-03-15 00:00,3.6,,8.9,340,72,1519
102,백령도,2022-03-15 01:00,3.3,,8,340,71,1416
102,백령도,2022-03-15 02:00,2.9,,4.2,360,72,1373
102,백령도,2022-03-15 03:00,2.9,,5.6,340,71,1417
102,백령도,2022-03-15 04:00,2.7,,4.3,360,73,1314
102,백령도,2022-03-15 05:00,2.4,,3.7,360,74,1345
102,백령도,2022-03-15 06:00,2,,2.7,20,76,1280
102,백령도,2022-03-15 07:00,.5,,1.6,180,83,1012
102,백령도,2022-03-15 08:00,1.3,,.7,200,84,1100
102,백령도,2022-03-15 09:00,3.8,,1,200,71,1314
102,백령도,2022-03-15 10:00,5.5,,2.3,180,65,1491
102,백령도,2022-03-15 11:00,5.9,,2.3,360,66,1552
102,백령도,2022-03-15 12:00,6.4,,1.5,320,66,1535
102,백령도,2022-03-15 13:00,6.7,,4.2,160,60,1746
102,백령도,2022-03-15 14:00,5.9,,3.2,180,67,1434
102,백령도,2022-03-15 15:00,5.8,,2.9,160,71,1300
102,백령도,2022-03-15 16:00,5.7,,7.5,160,71,1421
102,백령도,2022-03-15 17:00,5.4,,6.7,160,75,1319
102,백령도,2022-03-15 18:00,5,,7.8,160,81,1093
102,백령도,2022-03-15 19:00,4.8,,5.3,160,86,862
102,백령도,2022-03-15 20:00,4.9,,3.1,140,89,740
102,백령도,2022-03-15 21:00,4.8,,3.7,110,90,704
102,백령도,2022-03-15 22:00,4.5,,2.8,110,91,592
102,백령도,2022-03-15 23:00,4.3,,2.3,110,93,481
102,백령도,2022-03-16 00:00,4.3,,2.9,140,94,465
102,백령도,2022-03-16 01:00,4.6,,1.9,110,93,533
102,백령도,2022-03-16 02:00,4.6,,2,110,93,471
102,백령도,2022-03-16 03:00,4.6,,1.7,140,93,495
102,백령도,2022-03-16 04:00,4.3,,2.9,90,94,390
102,백령도,2022-03-16 05:00,4.3,,1.8,110,93,496
102,백령도,2022-03-16 06:00,4.4,,2.5,140,93,498
102,백령도,2022-03-16 07:00,4.8,,2.2,140,93,460
102,백령도,2022-03-16 08:00,5.4,,1.3,90,92,525
102,백령도,2022-03-16 09:00,5.8,,1.1,70,90,705
102,백령도,2022-03-16 10:00,7,,1.1,90,82,1033
102,백령도,2022-03-16 11:00,7.4,,3.2,290,77,1170
102,백령도,2022-03-16 12:00,7.3,,4.7,320,75,1182
102,백령도,2022-03-16 13:00,7.1,,6.3,340,76,890
102,백령도,2022-03-16 14:00,6.9,,7.1,340,78,1091
102,백령도,2022-03-16 15:00,6.2,,9,340,63,1148
102,백령도,2022-03-16 16:00,6.1,,6.3,340,61,1156
102,백령도,2022-03-16 17:00,5.7,,8.1,340,63,1207
102,백령도,2022-03-16 18:00,5.4,,5,340,60,1356
102,백령도,2022-03-16 19:00,5,,3.9,360,64,1403
102,백령도,2022-03-16 20:00,5,,9,340,67,1174
102,백령도,2022-03-16 21:00,5.2,,6.6,360,68,882
102,백령도,2022-03-16 22:00,5.1,,8.2,360,65,1192
102,백령도,2022-03-16 23:00,4.4,,8.3,340,67,1311
102,백령도,2022-03-17 00:00,4,,8.4,360,68,1397
102,백령도,2022-03-17 01:00,3.5,,8.9,360,69,1400
102,백령도,2022-03-17 02:00,3.2,,9.2,340,68,1600
102,백령도,2022-03-17 03:00,2.8,,7.3,340,66,1895
102,백령도,2022-03-17 04:00,2.3,,4.3,340,65,2180
102,백령도,2022-03-17 05:00,2.1,,5.6,360,65,2341
102,백령도,2022-03-17 06:00,2.1,,2.2,360,63,2482
102,백령도,2022-03-17 07:00,1.6,,4.7,360,65,2501
102,백령도,2022-03-17 08:00,2.1,,3.7,360,65,2612
102,백령도,2022-03-17 09:00,3,,3.2,340,61,2681
102,백령도,2022-03-17 10:00,3.5,,6.4,360,59,2887
102,백령도,2022-03-17 11:00,3.9,,5.4,340,58,2712
102,백령도,2022-03-17 12:00,4.6,,5,340,57,2750
102,백령도,2022-03-17 13:00,5.8,,2.7,340,52,2960
102,백령도,2022-03-17 14:00,6.3,,3.8,340,50,2546
102,백령도,2022-03-17 15:00,4.9,,4.8,340,64,2136
102,백령도,2022-03-17 16:00,4.3,,6.3,340,68,1884
102,백령도,2022-03-17 17:00,4.5,,5.2,340,71,1895
102,백령도,2022-03-17 18:00,4.8,,3.1,340,72,1803
102,백령도,2022-03-17 19:00,5.2,,2.9,320,69,1760
102,백령도,2022-03-17 20:00,5.5,,4,340,67,1924
102,백령도,2022-03-17 21:00,5.7,,3.6,360,67.5,2000
102,백령도,2022-03-17 22:00,5.6,,3.5,340,66,2453
102,백령도,2022-03-17 23:00,6.3,,1,50,63,2030
102,백령도,2022-03-18 00:00,6.8,,3.6,110,68,1522
102,백령도,2022-03-18 01:00,6.8,,1.9,110,74,1187
102,백령도,2022-03-18 02:00,6.5,,1.9,90,77,1221
102,백령도,2022-03-18 03:00,6.7,,4.2,110,70,4645
102,백령도,2022-03-18 04:00,6.3,,2,90,74,4412
102,백령도,2022-03-18 05:00,5.7,,2.4,70,77,3739
102,백령도,2022-03-18 06:00,5.9,,3,90,76,3950
102,백령도,2022-03-18 07:00,6,,2.2,90,75,4305
102,백령도,2022-03-18 08:00,6.5,,1.7,50,73,4470
102,백령도,2022-03-18 09:00,6.6,,2.7,70,68,4526
102,백령도,2022-03-18 10:00,6.9,,1.3,360,62,4280
102,백령도,2022-03-18 11:00,6.7,,2.4,320,65,3818
102,백령도,2022-03-18 12:00,7.1,,2.5,340,64,4501
102,백령도,2022-03-18 13:00,8.6,,1.6,20,54,4656
102,백령도,2022-03-18 14:00,8.7,,2.2,340,50,4839
102,백령도,2022-03-18 15:00,8.5,,2.1,290,52,4852
102,백령도,2022-03-18 16:00,8,,2.4,320,54,4979
102,백령도,2022-03-18 17:00,7.8,,2.2,320,54,4864
102,백령도,2022-03-18 18:00,6.4,,2,320,66,4810
102,백령도,2022-03-18 19:00,6,,2.3,290,70,4964
102,백령도,2022-03-18 20:00,5.6,,2.3,320,71,4854
102,백령도,2022-03-18 21:00,5.4,,1.4,290,76,4693
102,백령도,2022-03-18 22:00,5.5,,.5,290,72,4762
102,백령도,2022-03-18 23:00,5.8,,1.3,90,71,4889
102,백령도,2022-03-19 00:00,5.5,.2,3.6,160,72,1855
102,백령도,2022-03-19 01:00,3.6,,3.1,160,87,451
102,백령도,2022-03-19 02:00,2.9,,3,160,89,626
102,백령도,2022-03-19 03:00,2,6.8,2,200,92,635
102,백령도,2022-03-19 04:00,.4,,1.3,320,95,137
102,백령도,2022-03-19 05:00,.5,,1.7,320,96,532
102,백령도,2022-03-19 06:00,.8,3.7,3,320,96,589
102,백령도,2022-03-19 07:00,1.1,,3.9,320,96,861
102,백령도,2022-03-19 08:00,1.7,,4.9,320,94,675
102,백령도,2022-03-19 09:00,2.2,.7,4.9,340,92,375
102,백령도,2022-03-19 10:00,2.7,,3.7,360,88,1994
102,백령도,2022-03-19 11:00,4.4,,3.4,340,86,4870
102,백령도,2022-03-19 12:00,3.8,0,4.9,340,84,4997
102,백령도,2022-03-19 13:00,4.9,,4.4,340,78,4212
102,백령도,2022-03-19 14:00,3.9,,5.9,340,81,3397
102,백령도,2022-03-19 15:00,3.6,,6.5,340,82,3742
102,백령도,2022-03-19 16:00,3.1,,7.6,340,84,2429
102,백령도,2022-03-19 17:00,3.4,,6.8,340,80,3741
102,백령도,2022-03-19 18:00,3.4,,9.2,340,77,2880
102,백령도,2022-03-19 19:00,3.1,,7.3,340,72,2558
102,백령도,2022-03-19 20:00,3.2,,5.8,340,69,2744
102,백령도,2022-03-19 21:00,3.1,,2.8,360,68,2352
102,백령도,2022-03-19 22:00,3.4,,4.6,340,64,2305
102,백령도,2022-03-19 23:00,3.9,,6.3,340,59,2382
102,백령도,2022-03-20 00:00,3.8,,6.1,340,61,2488
102,백령도,2022-03-20 01:00,3.4,,4.1,340,65,2112
102,백령도,2022-03-20 02:00,3,,3.5,340,62,2207
102,백령도,2022-03-20 03:00,2.5,,2.5,320,64,2106
102,백령도,2022-03-20 04:00,2.4,,3,320,66,2086
102,백령도,2022-03-20 05:00,2.2,,2.8,320,67,2145
102,백령도,2022-03-20 06:00,2.4,,3.2,320,67,2190
102,백령도,2022-03-20 07:00,2.3,,4.4,320,65,2456
102,백령도,2022-03-20 08:00,2.7,,4.5,320,64,2489
102,백령도,2022-03-20 09:00,3.2,,6.9,320,60,2742
102,백령도,2022-03-20 10:00,3.7,,6.5,320,53,2948
102,백령도,2022-03-20 11:00,4.3,,6.7,340,55,2772
102,백령도,2022-03-20 12:00,4.1,,8.1,340,43,3511
102,백령도,2022-03-20 13:00,4.4,,7.7,340,40,4008
102,백령도,2022-03-20 14:00,4.5,,7.3,340,33,4477
102,백령도,2022-03-20 15:00,4.5,,8.3,340,35,4773
102,백령도,2022-03-20 16:00,4.6,,6.1,340,33,4973
102,백령도,2022-03-20 17:00,4.2,,6.2,340,31,4924
102,백령도,2022-03-20 18:00,3.9,,4.1,320,32,4973
102,백령도,2022-03-20 19:00,3.3,,6.1,320,36,4927
102,백령도,2022-03-20 20:00,3.3,,5.5,320,40,4917
102,백령도,2022-03-20 21:00,3.1,,4.2,290,47,4911
102,백령도,2022-03-20 22:00,3.2,,3.9,290,49,4741
102,백령도,2022-03-20 23:00,3.6,,4.8,320,49,4501
102,백령도,2022-03-21 00:00,4,,5.2,320,51,3918
102,백령도,2022-03-21 01:00,4,,3.7,340,54,3034
102,백령도,2022-03-21 02:00,3.8,,3,340,64,2456
102,백령도,2022-03-21 03:00,3.3,,2.1,360,69,2177
102,백령도,2022-03-21 04:00,2.5,,2.7,320,74,1864
102,백령도,2022-03-21 05:00,2.2,,1.3,320,79,1699
102,백령도,2022-03-21 06:00,2.6,,2.3,360,79,1290
102,백령도,2022-03-21 07:00,2.5,,2,360,75,1511
102,백령도,2022-03-21 08:00,3.9,,1.3,360,66,1962
102,백령도,2022-03-21 09:00,5,,2.4,340,49,2931
102,백령도,2022-03-21 10:00,6.1,,.7,50,38,3231
102,백령도,2022-03-21 11:00,7,,1.7,90,32,3704
102,백령도,2022-03-21 12:00,6.7,,3.6,200,35,3167
102,백령도,2022-03-21 13:00,7.7,,1.3,200,23,2946
102,백령도,2022-03-21 14:00,7,,2.3,340,45,2733
102,백령도,2022-03-21 15:00,7.7,,2.1,140,29,2798
102,백령도,2022-03-21 16:00,6.7,,2.6,290,29,3086
102,백령도,2022-03-21 17:00,6.1,,2.8,270,38,2732
102,백령도,2022-03-21 18:00,5.3,,1.7,230,49,2451
102,백령도,2022-03-21 19:00,4.4,,.2,0,56,2426
102,백령도,2022-03-21 20:00,4.3,,1.2,230,58,2217
102,백령도,2022-03-21 21:00,4.1,,1.1,250,58,2270
102,백령도,2022-03-21 22:00,3.6,,1,270,67,1952
102,백령도,2022-03-21 23:00,3.9,,1.9,270,75,2261
102,백령도,2022-03-22 00:00,3.8,,1.8,270,76,2651
102,백령도,2022-03-22 01:00,3.4,,1.9,290,80,2591
102,백령도,2022-03-22 02:00,3.4,,3,290,88,1948
102,백령도,2022-03-22 03:00,4.3,,4.1,320,80,852
102,백령도,2022-03-22 04:00,3.9,,5.7,340,81,742
102,백령도,2022-03-22 05:00,3.3,,5,340,85,852
102,백령도,2022-03-22 06:00,3.2,,6.9,360,82,1178
102,백령도,2022-03-22 07:00,2.9,,4.8,360,82,1100
102,백령도,2022-03-22 08:00,3.4,,6.6,360,79,756
102,백령도,2022-03-22 09:00,4.3,,3.2,360,71,997
102,백령도,2022-03-22 10:00,4.9,,5.1,340,57,1822
102,백령도,2022-03-22 11:00,5.4,,6.9,340,42,3325
102,백령도,2022-03-22 12:00,5.8,,7.7,340,39,3756
102,백령도,2022-03-22 13:00,6.1,,4.4,340,38,4014
102,백령도,2022-03-22 14:00,6.6,,6.2,340,31,4468
102,백령도,2022-03-22 15:00,5.9,,7.2,340,43,3996
102,백령도,2022-03-22 16:00,5.5,,6.2,290,41,4127
102,백령도,2022-03-22 17:00,5,,7.3,320,44,4562
102,백령도,2022-03-22 18:00,4.9,,6.6,320,48,4432
102,백령도,2022-03-22 19:00,4.1,,4.8,340,52,3984
102,백령도,2022-03-22 20:00,4.3,,4.4,340,50,3687
102,백령도,2022-03-22 21:00,4.4,,4.8,340,50,4324
102,백령도,2022-03-22 22:00,4,,3.3,360,53,4283
102,백령도,2022-03-22 23:00,3.8,,3.2,340,56,4670
102,백령도,2022-03-23 00:00,4.2,,4.4,320,54,4683
102,백령도,2022-03-23 01:00,4.1,,3.6,340,65,3420
102,백령도,2022-03-23 02:00,4.5,,5,320,59,4463
102,백령도,2022-03-23 03:00,4.6,,4.2,320,62,3944
102,백령도,2022-03-23 04:00,4.6,,3,320,65,3069
102,백령도,2022-03-23 05:00,4.5,,1.8,320,68,2734
102,백령도,2022-03-23 06:00,4.2,,.6,110,60,3227
102,백령도,2022-03-23 07:00,4.4,,1.6,140,55,3023
102,백령도,2022-03-23 08:00,4.4,,3.1,110,68,2807
102,백령도,2022-03-23 09:00,4.7,,4.3,160,63,2539
102,백령도,2022-03-23 10:00,5.1,,4.2,160,64,2535
102,백령도,2022-03-23 11:00,5.4,,5.2,160,65,2426
102,백령도,2022-03-23 12:00,6,,5.2,160,64,2598
102,백령도,2022-03-23 13:00,6.7,,5.1,160,62,2943
102,백령도,2022-03-23 14:00,8.1,,5.5,200,61,2973
102,백령도,2022-03-23 15:00,8.3,,4.5,230,61,2136
102,백령도,2022-03-23 16:00,7.5,,5.2,230,66,2002
102,백령도,2022-03-23 17:00,6.9,,4.7,200,75,1655
102,백령도,2022-03-23 18:00,6.8,,5.5,200,77,1323
102,백령도,2022-03-23 19:00,6.6,,4.8,230,80,1107
102,백령도,2022-03-23 20:00,6.5,,5.3,230,83,814
102,백령도,2022-03-23 21:00,6.2,,4.9,200,87,649
102,백령도,2022-03-23 22:00,6.6,,6.7,200,85,745
102,백령도,2022-03-23 23:00,6.8,,6.3,200,86,561
102,백령도,2022-03-24 00:00,7.2,,8,200,84,507
102,백령도,2022-03-24 01:00,7.3,,8.4,230,85,460
102,백령도,2022-03-24 02:00,7.2,,7.5,200,85,428
102,백령도,2022-03-24 03:00,7.2,,6.3,200,86,387
102,백령도,2022-03-24 04:00,7.3,,6.6,230,85,491
102,백령도,2022-03-24 05:00,7.4,,5.7,200,85,532
102,백령도,2022-03-24 06:00,6.9,,1.9,180,88,440
102,백령도,2022-03-24 07:00,6.2,,2.4,160,92,307
102,백령도,2022-03-24 08:00,7.5,,1,180,89,402
102,백령도,2022-03-24 09:00,8.4,,2.1,180,87,423
102,백령도,2022-03-24 10:00,9.5,,3.3,200,78,538
102,백령도,2022-03-24 11:00,10.7,,3.7,200,71,543
102,백령도,2022-03-24 12:00,11.1,,3.4,200,69,684
102,백령도,2022-03-24 13:00,10.4,,4.7,180,74,708
102,백령도,2022-03-24 14:00,10.5,,3.3,160,75,809
102,백령도,2022-03-24 15:00,9.6,,6.3,160,77,939
102,백령도,2022-03-24 16:00,8.6,,6.1,140,82,906
102,백령도,2022-03-24 17:00,8.7,,4.9,160,81,1126
102,백령도,2022-03-24 18:00,8,,3.7,160,84,1108
102,백령도,2022-03-24 19:00,7.6,,4.6,160,88,987
102,백령도,2022-03-24 20:00,7.8,,4.1,160,86,1078
102,백령도,2022-03-24 21:00,7.9,,3.2,180,80,1386
102,백령도,2022-03-24 22:00,7.9,,5.4,160,80,1269
102,백령도,2022-03-24 23:00,7.8,,5,160,79,1305
102,백령도,2022-03-25 00:00,7.3,,4.7,140,83,1288
102,백령도,2022-03-25 01:00,7,,4.7,140,81,1400
102,백령도,2022-03-25 02:00,7.2,,6.6,140,73,1968
102,백령도,2022-03-25 03:00,7,,5.8,140,72,1622
102,백령도,2022-03-25 04:00,6.8,,5.4,140,74,1222
102,백령도,2022-03-25 05:00,7,,5,140,70,1234
102,백령도,2022-03-25 06:00,6.7,,5.1,140,74,1028
102,백령도,2022-03-25 07:00,7.5,,4.5,110,70,972
102,백령도,2022-03-25 08:00,7.9,,6.5,110,69,904
102,백령도,2022-03-25 09:00,6.9,.2,6.6,110,85,315
102,백령도,2022-03-25 10:00,6.8,,6.1,110,93,154
102,백령도,2022-03-25 11:00,6.8,,5.5,110,96,59
102,백령도,2022-03-25 12:00,7.5,7.3,5.6,110,96,160
102,백령도,2022-03-25 13:00,7.7,,6.2,110,92,200
102,백령도,2022-03-25 14:00,7.4,,4.9,110,94,146
102,백령도,2022-03-25 15:00,8.3,13.3,5.9,140,93,185
102,백령도,2022-03-25 16:00,9.9,,7.2,110,85,506
102,백령도,2022-03-25 17:00,9.2,,6.4,140,87,322
102,백령도,2022-03-25 18:00,9.5,3.4,8.3,140,82,497
102,백령도,2022-03-25 19:00,9.9,,10.1,140,90,338
102,백령도,2022-03-25 20:00,11.7,,9.9,110,90,354
102,백령도,2022-03-25 21:00,9.5,11.5,9.4,110,94,190
102,백령도,2022-03-25 22:00,9.5,,11.2,110,95,164
102,백령도,2022-03-25 23:00,9.5,,9.4,110,95,161
102,백령도,2022-03-26 00:00,9.3,9.3,9.4,110,96,157
102,백령도,2022-03-26 01:00,9.9,,9.4,110,97,295
102,백령도,2022-03-26 02:00,9.6,,8.3,140,96,270
102,백령도,2022-03-26 03:00,9,2.2,4.6,140,97,87
102,백령도,2022-03-26 04:00,8.5,,1,140,97,204
102,백령도,2022-03-26 05:00,8.2,,4.5,340,98,25
102,백령도,2022-03-26 06:00,8.1,2.1,5.5,340,97,2688
102,백령도,2022-03-26 07:00,8.2,,10,340,94,1965
102,백령도,2022-03-26 08:00,7.1,,8.2,340,94,2060
102,백령도,2022-03-26 09:00,6.8,0,14.3,340,86,2441
102,백령도,2022-03-26 10:00,7.5,,13.9,340,79,2922
102,백령도,2022-03-26 11:00,8.1,,13.4,340,76,2741
102,백령도,2022-03-26 12:00,8.3,,13.1,340,72,2824
102,백령도,2022-03-26 13:00,8.6,,9.9,340,69,1666
102,백령도,2022-03-26 14:00,8.8,,8.6,340,66,1569
102,백령도,2022-03-26 15:00,9.6,,5.8,320,59,2151
102,백령도,2022-03-26 16:00,9.1,,8.1,290,62,2112
102,백령도,2022-03-26 17:00,8.8,,7.1,290,62,2028
102,백령도,2022-03-26 18:00,8.1,,9.8,290,64,2317
102,백령도,2022-03-26 19:00,7.2,,5.9,290,68,2420
102,백령도,2022-03-26 20:00,6.9,,7,290,69,2394
102,백령도,2022-03-26 21:00,7.1,,6.4,290,64,2776
102,백령도,2022-03-26 22:00,6.9,,5.3,290,65,2957
102,백령도,2022-03-26 23:00,6.4,,3.6,290,68,2986
102,백령도,2022-03-27 00:00,6,,3.9,290,71,3180
102,백령도,2022-03-27 01:00,6.2,,3.6,290,68,3231
102,백령도,2022-03-27 02:00,6.3,,4.4,290,66,3920
102,백령도,2022-03-27 03:00,6.6,,4.4,290,60,3984
102,백령도,2022-03-27 04:00,6.5,,3.9,290,59,4147
102,백령도,2022-03-27 05:00,6.5,,3.8,320,60,4145
102,백령도,2022-03-27 06:00,6.9,,3.9,320,60,4107
102,백령도,2022-03-27 07:00,7.6,,4.9,340,57,3071
102,백령도,2022-03-27 08:00,5.2,,9.7,340,76,2141
102,백령도,2022-03-27 09:00,5.3,,7.3,340,67,3149
102,백령도,2022-03-27 10:00,7.3,,6.9,340,48,4268
102,백령도,2022-03-27 11:00,7.6,,8.5,340,40,4932
102,백령도,2022-03-27 12:00,7.2,,7.9,340,54,4620
102,백령도,2022-03-27 13:00,8,,6.5,340,44,4945
102,백령도,2022-03-27 14:00,7.8,,7.4,320,49,4897
102,백령도,2022-03-27 15:00,8.2,,7.1,320,49,4744
102,백령도,2022-03-27 16:00,7.6,,7.1,320,51,4578
102,백령도,2022-03-27 17:00,7.5,,6.3,290,53,4551
102,백령도,2022-03-27 18:00,6.7,,5.4,320,56,4770
102,백령도,2022-03-27 19:00,5.6,,5.2,320,60,4889
102,백령도,2022-03-27 20:00,5.3,,3.6,290,64,4391
102,백령도,2022-03-27 21:00,5.4,,4,290,63,769
102,백령도,2022-03-27 22:00,5.1,,3.7,290,69,1106
102,백령도,2022-03-27 23:00,5,,4.1,290,74,3756
102,백령도,2022-03-28 00:00,4.9,,3.6,270,75,3666
102,백령도,2022-03-28 01:00,4.7,,3.2,290,80,3114
102,백령도,2022-03-28 02:00,4.4,,2.8,270,82,2774
102,백령도,2022-03-28 03:00,4.6,,3.2,290,82,2768
102,백령도,2022-03-28 04:00,4.7,,2,320,79,3053
102,백령도,2022-03-28 05:00,3.3,,1.6,290,83,2864
102,백령도,2022-03-28 06:00,3.7,,1.6,320,71,3724
102,백령도,2022-03-28 07:00,4,,1.8,290,69,3948
102,백령도,2022-03-28 08:00,5.8,,1.4,320,59,4080
102,백령도,2022-03-28 09:00,7.7,,1.6,340,29,4735
102,백령도,2022-03-28 10:00,9.3,,2,90,24,4735
102,백령도,2022-03-28 11:00,10.1,,2.8,110,32,4752
102,백령도,2022-03-28 12:00,11.1,,2.9,160,14,4548
102,백령도,2022-03-28 13:00,10.8,,4.1,180,16,4565
102,백령도,2022-03-28 14:00,10.7,,4.1,180,12,3034
102,백령도,2022-03-28 15:00,11.2,,3.7,180,17,4562
102,백령도,2022-03-28 16:00,10.3,,3.3,200,17,4293
102,백령도,2022-03-28 17:00,9.3,,4.1,200,21,4432
102,백령도,2022-03-28 18:00,8.8,,2.7,230,30,4782
102,백령도,2022-03-28 19:00,7.2,,2.7,200,37,4647
102,백령도,2022-03-28 20:00,6.1,,.4,0,37,4712
102,백령도,2022-03-28 21:00,5.4,,1.9,90,75,3488
102,백령도,2022-03-28 22:00,4.6,,1.4,90,79,2864
102,백령도,2022-03-28 23:00,4.6,,1.2,90,81,3232
102,백령도,2022-03-29 00:00,4.8,,.2,0,66,3106
102,백령도,2022-03-29 01:00,2,,3.2,180,76,3871
102,백령도,2022-03-29 02:00,3.6,,4,180,88,1691
102,백령도,2022-03-29 03:00,3.8,,3.3,180,80,3094
102,백령도,2022-03-29 04:00,4.4,,1.8,200,70,4349
102,백령도,2022-03-29 05:00,4.2,,1.6,180,79,3718
102,백령도,2022-03-29 06:00,3.8,,1.7,180,83,3177
102,백령도,2022-03-29 07:00,3.6,,1.7,180,85,2690
102,백령도,2022-03-29 08:00,5.6,,4.6,140,80,3816
102,백령도,2022-03-29 09:00,6.7,,4.1,160,72,3627
102,백령도,2022-03-29 10:00,8,,2.7,160,57,4143
102,백령도,2022-03-29 11:00,8.6,,4.1,140,50,4210
102,백령도,2022-03-29 12:00,9.4,,4.6,110,49,4408
102,백령도,2022-03-29 13:00,9.4,,5.5,110,52,4212
102,백령도,2022-03-29 14:00,10.2,,4.6,160,47,4036
102,백령도,2022-03-29 15:00,9,,8.7,160,61,2969
102,백령도,2022-03-29 16:00,8.9,,7.1,160,67,2608
102,백령도,2022-03-29 17:00,8.1,,5.8,160,75,1722
102,백령도,2022-03-29 18:00,7.4,,6.5,160,80,1471
102,백령도,2022-03-29 19:00,7.1,,6.2,160,82,1633
102,백령도,2022-03-29 20:00,7.2,,4.8,160,82,1849
102,백령도,2022-03-29 21:00,8,,3.9,180,72,2896
102,백령도,2022-03-29 22:00,8.7,,4.4,160,65,3886
102,백령도,2022-03-29 23:00,7.8,,2.2,180,69,3463
102,백령도,2022-03-30 00:00,7.8,,2.2,180,69,3699
102,백령도,2022-03-30 01:00,7.9,,3.1,160,69,4216
102,백령도,2022-03-30 02:00,7.7,,2.9,140,76,3655
102,백령도,2022-03-30 03:00,8.1,,5,140,75,4111
102,백령도,2022-03-30 04:00,7.8,,4.3,140,77,3438
102,백령도,2022-03-30 05:00,7.5,,3.2,140,78,3480
102,백령도,2022-03-30 06:00,7.4,,4.7,140,75,3588
102,백령도,2022-03-30 07:00,8.1,,4.9,140,74,3343
102,백령도,2022-03-30 08:00,8.1,,5.8,140,76,3224
102,백령도,2022-03-30 09:00,8.1,,3.5,160,77,2103
102,백령도,2022-03-30 10:00,8,,4.4,140,76,3070
102,백령도,2022-03-30 11:00,7.7,,4.9,140,77,2831
102,백령도,2022-03-30 12:00,7.2,.4,3.8,160,86,763
102,백령도,2022-03-30 13:00,7.2,,2.4,140,93,759
102,백령도,2022-03-30 14:00,7.4,,1.9,160,95,555
102,백령도,2022-03-30 15:00,8.1,1.5,.9,230,96,262
102,백령도,2022-03-30 16:00,7.3,,1.2,20,96,237
102,백령도,2022-03-30 17:00,7.5,,1,340,97,303
102,백령도,2022-03-30 18:00,7.5,,2.4,340,96,256
102,백령도,2022-03-30 19:00,6.5,,3.8,320,97,25
102,백령도,2022-03-30 20:00,6.7,,6,340,97,21
102,백령도,2022-03-30 21:00,6.4,,4.8,340,97,41
102,백령도,2022-03-30 22:00,6.2,,5,340,98,37
102,백령도,2022-03-30 23:00,6.3,,5.9,340,98,90
102,백령도,2022-03-31 00:00,6.2,,3.3,320,97,497
102,백령도,2022-03-31 01:00,6,,4.3,320,92,2480
102,백령도,2022-03-31 02:00,6,,2.8,320,90,1616
102,백령도,2022-03-31 03:00,6,,4.2,340,85,1821
102,백령도,2022-03-31 04:00,5.9,,7.7,340,79,2410
102,백령도,2022-03-31 05:00,5.7,,5.6,340,73,3052
102,백령도,2022-03-31 06:00,5.5,,6.6,360,68,3389
102,백령도,2022-03-31 07:00,5.3,,6.4,360,68,3319
102,백령도,2022-03-31 08:00,5.4,,6.4,340,65,3487
102,백령도,2022-03-31 09:00,5.5,,7,340,66,3373
102,백령도,2022-03-31 10:00,5.9,,7.6,340,63,3571
102,백령도,2022-03-31 11:00,6.6,,2.8,340,60,3811
102,백령도,2022-03-31 12:00,6.9,,5.7,320,61,3786
102,백령도,2022-03-31 13:00,7.1,,5.5,320,60,3527
102,백령도,2022-03-31 14:00,7.5,,5.9,340,62,3393
102,백령도,2022-03-31 15:00,6.8,,6.6,340,61,3301
102,백령도,2022-03-31 16:00,6.8,,6.3,320,59,2981
102,백령도,2022-03-31 17:00,7,,5.5,340,57,3023
102,백령도,2022-03-31 18:00,6.3,,5.1,320,62,2650
102,백령도,2022-03-31 19:00,5.7,,4.5,320,63,2898
102,백령도,2022-03-31 20:00,5,,2.7,290,71,2622
102,백령도,2022-03-31 21:00,5.9,,3,320,71,1975
102,백령도,2022-03-31 22:00,7.2,,6.5,340,58,2439
102,백령도,2022-03-31 23:00,7,,6.4,340,58,2832
102,백령도,2022-04-01 00:00,7,,7.8,340,50,2964
102,백령도,2022-04-01 01:00,6.5,,7.7,340,50,3375
102,백령도,2022-04-01 02:00,5.9,,6.4,340,57,3027
102,백령도,2022-04-01 03:00,5.5,,6.8,340,62,2732
102,백령도,2022-04-01 04:00,5.3,,5.7,340,65,2584
102,백령도,2022-04-01 05:00,5.4,,5.3,340,63,2882
102,백령도,2022-04-01 06:00,5.6,,4,340,60,3651
102,백령도,2022-04-01 07:00,5.6,,3.4,320,62,3480
102,백령도,2022-04-01 08:00,6.1,,3.5,340,66,3374
102,백령도,2022-04-01 09:00,6.8,,4.9,340,60,3925
102,백령도,2022-04-01 10:00,7.4,,6.7,340,50,4513
102,백령도,2022-04-01 11:00,7.7,,6,340,49,4362
102,백령도,2022-04-01 12:00,7.7,,8.3,340,48,3980
102,백령도,2022-04-01 13:00,7.9,,8,340,43,4303
102,백령도,2022-04-01 14:00,7.6,,5.7,340,48,3683
102,백령도,2022-04-01 15:00,7.4,,5.1,340,53,3339
102,백령도,2022-04-01 16:00,7.2,,5.4,340,49,3207
102,백령도,2022-04-01 17:00,7.3,,4.2,320,55,3235
102,백령도,2022-04-01 18:00,6.1,,4.3,320,59,2859
102,백령도,2022-04-01 19:00,5.1,,2.7,320,64,2774
102,백령도,2022-04-01 20:00,4.8,,3.2,320,66,3241
102,백령도,2022-04-01 21:00,4.5,,2.6,320,65,3516
102,백령도,2022-04-01 22:00,3.9,,1.1,230,73,3050
102,백령도,2022-04-01 23:00,3.5,,1.6,290,72,3923
102,백령도,2022-04-02 00:00,4.1,,1.9,250,63,3784
102,백령도,2022-04-02 01:00,3.9,,2.7,270,62,4257
102,백령도,2022-04-02 02:00,4.2,,3.6,290,73,3339
102,백령도,2022-04-02 03:00,4.1,,3,290,80,3206
102,백령도,2022-04-02 04:00,4.2,,3.7,290,79,3346
102,백령도,2022-04-02 05:00,4.2,,3.8,290,76,3193
102,백령도,2022-04-02 06:00,3.8,,3.7,320,79,2594
102,백령도,2022-04-02 07:00,4.3,,3.3,320,82,2239
102,백령도,2022-04-02 08:00,6,,2.6,320,74,2520
102,백령도,2022-04-02 09:00,6.5,,4.2,290,70,2697
102,백령도,2022-04-02 10:00,7.4,,4.5,290,62,2777
102,백령도,2022-04-02 11:00,8.5,,4,290,40,3031
102,백령도,2022-04-02 12:00,8.2,,5.5,290,50,2961
102,백령도,2022-04-02 13:00,8.3,,5.1,290,50,3090
102,백령도,2022-04-02 14:00,7.5,,6.1,290,65,2975
102,백령도,2022-04-02 15:00,7.9,,5.6,290,60,2880
102,백령도,2022-04-02 16:00,7.8,,5.9,290,62,3064
102,백령도,2022-04-02 17:00,7.5,,5.2,290,60,3124
102,백령도,2022-04-02 18:00,7.1,,4.7,290,60,3272
102,백령도,2022-04-02 19:00,5.8,,2.8,290,68,2710
102,백령도,2022-04-02 20:00,5.1,,2.4,270,68,2260
102,백령도,2022-04-02 21:00,5.8,,3,290,45,3563
102,백령도,2022-04-02 22:00,6.1,,2.9,290,26,4916
102,백령도,2022-04-02 23:00,6.4,,1.7,270,22,4968
102,백령도,2022-04-03 00:00,6,,1.6,230,31,4678
102,백령도,2022-04-03 01:00,6,,3.1,270,54,3522
102,백령도,2022-04-03 02:00,5.9,,1.2,270,39,4027
102,백령도,2022-04-03 03:00,5.5,,.5,20,65,3792
102,백령도,2022-04-03 04:00,5.9,,1,320,51,3089
102,백령도,2022-04-03 05:00,5.6,,2,290,71,1929
102,백령도,2022-04-03 06:00,5.3,,.6,140,62,2229
102,백령도,2022-04-03 07:00,5.9,,.4,0,61,1963
102,백령도,2022-04-03 08:00,7.6,,.7,320,62,2209
102,백령도,2022-04-03 09:00,9.2,,1.4,290,59,1153
102,백령도,2022-04-03 10:00,10.2,,2.2,340,56,1037
102,백령도,2022-04-03 11:00,11.6,,2.7,360,46,1531
102,백령도,2022-04-03 12:00,12,,2.9,340,49,1274
102,백령도,2022-04-03 13:00,12.7,,1.8,320,46,1408
102,백령도,2022-04-03 14:00,12,,3.2,320,48,1270
102,백령도,2022-04-03 15:00,11.8,,3.7,320,49,1252
102,백령도,2022-04-03 16:00,12.5,,3.4,290,40,1318
102,백령도,2022-04-03 17:00,12.5,,2.8,270,35,1360
102,백령도,2022-04-03 18:00,10.6,,2.7,270,39,1776
102,백령도,2022-04-03 19:00,8.5,,2.1,270,59,1411
102,백령도,2022-04-03 20:00,7.4,,.9,290,70,1146
102,백령도,2022-04-03 21:00,7.8,,2.8,270,64,1368
102,백령도,2022-04-03 22:00,7.5,,1.7,270,59,1683
102,백령도,2022-04-03 23:00,6.7,,.5,180,71,1095
102,백령도,2022-04-04 00:00,7,,.4,0,74,850
102,백령도,2022-04-04 01:00,6.8,,.2,0,81,701
102,백령도,2022-04-04 02:00,6.7,,.7,290,84,553
102,백령도,2022-04-04 03:00,6.5,,1.8,320,84,439
102,백령도,2022-04-04 04:00,6.4,,1.1,320,89,349
102,백령도,2022-04-04 05:00,5.9,,.8,110,92,258
102,백령도,2022-04-04 06:00,5.4,,2,110,96,122
102,백령도,2022-04-04 07:00,5.6,,2.1,140,95,237
102,백령도,2022-04-04 08:00,7,,1,140,95,220
102,백령도,2022-04-04 09:00,8.5,,3.8,160,83,529
102,백령도,2022-04-04 10:00,7.1,,2.9,180,87,539
102,백령도,2022-04-04 11:00,8.9,,3.2,180,73,995
102,백령도,2022-04-04 12:00,11.6,,4.7,180,45,2341
102,백령도,2022-04-04 13:00,12.1,,5.2,180,38,2785
102,백령도,2022-04-04 14:00,11.8,,6.2,180,43,2763
102,백령도,2022-04-04 15:00,11.4,,5.9,200,40,3137
102,백령도,2022-04-04 16:00,11.4,,5.3,200,40,3878
102,백령도,2022-04-04 17:00,10.7,,4.9,200,53,2919
102,백령도,2022-04-04 18:00,9.9,,4.4,200,60,2737
102,백령도,2022-04-04 19:00,8.9,,4.2,200,65,3082
102,백령도,2022-04-04 20:00,8.2,,3.6,180,65,2936
102,백령도,2022-04-04 21:00,8.1,,3.3,180,66,2384
102,백령도,2022-04-04 22:00,8.3,,4.8,200,74,1784
102,백령도,2022-04-04 23:00,8.2,,4,200,80,1477
102,백령도,2022-04-05 00:00,8.3,,2.9,200,70,2084
102,백령도,2022-04-05 01:00,8.4,,4.9,230,67,2135
102,백령도,2022-04-05 02:00,8.1,,4.7,230,70,1973
102,백령도,2022-04-05 03:00,7.8,,5.4,200,81,1345
102,백령도,2022-04-05 04:00,7.6,,4.9,200,86,1050
102,백령도,2022-04-05 05:00,7.8,,5,200,83,1075
102,백령도,2022-04-05 06:00,8.3,,4.8,200,71,1494
102,백령도,2022-04-05 07:00,8.5,,5.1,200,67,1562
102,백령도,2022-04-05 08:00,9,,6.2,180,68,1336
102,백령도,2022-04-05 09:00,9.7,,7.2,180,66,1407
102,백령도,2022-04-05 10:00,9.9,,6.5,180,69,1277
102,백령도,2022-04-05 11:00,10.6,,7.1,180,66,1373
102,백령도,2022-04-05 12:00,11.3,,8.3,180,62,1592
102,백령도,2022-04-05 13:00,12.1,,5.6,180,57,1784
102,백령도,2022-04-05 14:00,11.2,,7.8,180,61,1682
102,백령도,2022-04-05 15:00,10.7,,6.7,180,66,1555
102,백령도,2022-04-05 16:00,10.6,,5.1,180,70,1314
102,백령도,2022-04-05 17:00,9.9,,2.3,160,74,1297
102,백령도,2022-04-05 18:00,9.1,,2.1,140,80,1024
102,백령도,2022-04-05 19:00,7.9,,2.3,140,87,733
102,백령도,2022-04-05 20:00,7.8,,3.4,160,91,582
102,백령도,2022-04-05 21:00,7.6,,2.6,140,92,427
102,백령도,2022-04-05 22:00,7.2,,1.2,140,94,304
102,백령도,2022-04-05 23:00,7.2,,.9,110,95,255
102,백령도,2022-04-06 00:00,6.7,,.4,0,95,181
102,백령도,2022-04-06 01:00,6.9,,2,340,97,40
102,백령도,2022-04-06 02:00,7,,3.4,360,94,431
102,백령도,2022-04-06 03:00,7,,4.2,340,82,1058
102,백령도,2022-04-06 04:00,7,,4.9,340,59,2755
102,백령도,2022-04-06 05:00,7.4,,7.6,340,37,3832
102,백령도,2022-04-06 06:00,6.9,,6.3,340,38,3601
102,백령도,2022-04-06 07:00,6.9,,5.1,340,36,3396
102,백령도,2022-04-06 08:00,6.9,,5,340,42,3610
102,백령도,2022-04-06 09:00,7.4,,5.4,340,42,3355
102,백령도,2022-04-06 10:00,8.2,,4.6,340,40,3007
102,백령도,2022-04-06 11:00,8.8,,5.9,360,35,3560
102,백령도,2022-04-06 12:00,8.6,,6.1,340,31,3907
102,백령도,2022-04-06 13:00,9.3,,6,340,34,4385
102,백령도,2022-04-06 14:00,9.5,,4.4,320,37,4100
102,백령도,2022-04-06 15:00,7.6,,8.1,340,49,3979
102,백령도,2022-04-06 16:00,7.1,,7.3,340,43,4345
102,백령도,2022-04-06 17:00,6.7,,7.5,340,37,4769
102,백령도,2022-04-06 18:00,6.3,,5,340,35,4911
102,백령도,2022-04-06 19:00,6,,1.3,360,47,4740
102,백령도,2022-04-06 20:00,6.1,,2.3,320,48,4707
102,백령도,2022-04-06 21:00,6.8,,.6,230,37,4995
102,백령도,2022-04-06 22:00,5.7,,2.4,290,66,4897
102,백령도,2022-04-06 23:00,5.9,,3.2,320,67,4957
102,백령도,2022-04-07 00:00,5.8,,4.1,340,72,4953
102,백령도,2022-04-07 01:00,5.9,,3.8,340,67,5000
102,백령도,2022-04-07 02:00,5.9,,4.9,340,59,4996
102,백령도,2022-04-07 03:00,5.6,,3.8,340,61,4971
102,백령도,2022-04-07 04:00,5.2,,2.8,340,62,4804
102,백령도,2022-04-07 05:00,4.7,,2.4,340,54,4720
102,백령도,2022-04-07 06:00,4.2,,.4,0,59,3884
102,백령도,2022-04-07 07:00,5.3,,1.1,250,46,4758
102,백령도,2022-04-07 08:00,7.6,,1.7,250,30,3582
102,백령도,2022-04-07 09:00,8.7,,2.3,320,25,4231
102,백령도,2022-04-07 10:00,9.9,,3.7,270,22,4966
102,백령도,2022-04-07 11:00,11.2,,4.2,250,9,4928
102,백령도,2022-04-07 12:00,11.8,,3.8,250,24,4950
102,백령도,2022-04-07 13:00,11.4,,4.8,250,27,4737
102,백령도,2022-04-07 14:00,11.7,,5.3,250,35,3622
102,백령도,2022-04-07 15:00,11.6,,6.1,270,31,3337
102,백령도,2022-04-07 16:00,11.7,,5.3,290,39,2944
102,백령도,2022-04-07 17:00,9.9,,6.4,290,54,1965
102,백령도,2022-04-07 18:00,9.2,,5.9,270,49,2148
102,백령도,2022-04-07 19:00,8,,3.3,270,60,1751
102,백령도,2022-04-07 20:00,7.3,,2.8,290,59,2153
102,백령도,2022-04-07 21:00,7.1,,1.1,230,51,2639
102,백령도,2022-04-07 22:00,6.7,,1.1,160,63,1915
102,백령도,2022-04-07 23:00,6.5,,1.8,230,74,1397
102,백령도,2022-04-08 00:00,6.8,,.8,50,71,1422
102,백령도,2022-04-08 01:00,5.9,,.9,140,76,1325
102,백령도,2022-04-08 02:00,6.1,,1,140,74,1453
102,백령도,2022-04-08 03:00,6.4,,1.6,110,76,1239
102,백령도,2022-04-08 04:00,5.6,,2.3,90,93,1571
102,백령도,2022-04-08 05:00,5.1,,2.1,140,95,452
102,백령도,2022-04-08 06:00,6.2,,3.6,140,94,560
102,백령도,2022-04-08 07:00,6.7,,2.7,140,93,1069
102,백령도,2022-04-08 08:00,8.2,,4.7,160,87,1848
102,백령도,2022-04-08 09:00,9,,4.3,140,82,2314
102,백령도,2022-04-08 10:00,9.6,,6.9,160,84,1948
102,백령도,2022-04-08 11:00,10.4,,6.9,160,80,2055
102,백령도,2022-04-08 12:00,10.1,,6.2,160,82,1987
102,백령도,2022-04-08 13:00,10.7,,8,160,81,2302
102,백령도,2022-04-08 14:00,10.9,,6.1,160,78,2244
102,백령도,2022-04-08 15:00,11,,5.7,140,72,3834
102,백령도,2022-04-08 16:00,10.7,,6.1,140,68,4353
102,백령도,2022-04-08 17:00,10.2,,6.7,140,60,4496
102,백령도,2022-04-08 18:00,9.6,,6.5,140,60,4262
102,백령도,2022-04-08 19:00,8.9,,6.6,140,66,4330
102,백령도,2022-04-08 20:00,8.7,,6.8,140,68,4283
102,백령도,2022-04-08 21:00,8.8,,5.7,140,71,3443
102,백령도,2022-04-08 22:00,9,,5.9,140,71,2941
102,백령도,2022-04-08 23:00,9.5,,6.4,160,71,2544
102,백령도,2022-04-09 00:00,8.9,,4.2,140,77,1913
102,백령도,2022-04-09 01:00,11.4,,5.5,160,63,2260
102,백령도,2022-04-09 02:00,9.6,,4.6,140,75,1880
102,백령도,2022-04-09 03:00,9.5,,3.3,140,77,1786
102,백령도,2022-04-09 04:00,9.8,,2.5,140,77,1675
102,백령도,2022-04-09 05:00,10.2,,3.9,160,78,1597
102,백령도,2022-04-09 06:00,9.7,,5.3,140,79,1478
102,백령도,2022-04-09 07:00,10,,4.4,110,80,1373
102,백령도,2022-04-09 08:00,10.3,,6.3,140,79,1368
102,백령도,2022-04-09 09:00,11.4,,6,140,75,1394
102,백령도,2022-04-09 10:00,13.3,,6.7,160,66,1615
102,백령도,2022-04-09 11:00,14.6,,7.6,160,61,1719
102,백령도,2022-04-09 12:00,14.3,,7.3,160,62,1816
102,백령도,2022-04-09 13:00,14.3,,6.1,160,63,1723
102,백령도,2022-04-09 14:00,13.9,,7,160,66,1603
102,백령도,2022-04-09 15:00,13.2,,6.5,160,68,1446
102,백령도,2022-04-09 16:00,12.3,,6.6,160,73,1183
102,백령도,2022-04-09 17:00,12,,6.8,160,75,1160
102,백령도,2022-04-09 18:00,11,,4.9,140,80,1051
102,백령도,2022-04-09 19:00,10.7,,6.1,160,84,935
102,백령도,2022-04-09 20:00,10,,6.1,140,86,828
102,백령도,2022-04-09 21:00,9.8,,6.3,140,87,880
102,백령도,2022-04-09 22:00,9.9,,7.6,140,88,793
102,백령도,2022-04-09 23:00,9.7,,4.7,140,89,723
102,백령도,2022-04-10 00:00,9.4,,5.6,140,91,613
102,백령도,2022-04-10 01:00,10.6,,5.4,140,85,826
102,백령도,2022-04-10 02:00,10.8,,4.8,140,84,928
102,백령도,2022-04-10 03:00,9.7,,4,140,90,576
102,백령도,2022-04-10 04:00,11.2,,7.7,140,83,1064
102,백령도,2022-04-10 05:00,10.2,,5.2,140,87,895
102,백령도,2022-04-10 06:00,8.9,,5.6,140,92,609
102,백령도,2022-04-10 07:00,9.3,,5.6,140,91,721
102,백령도,2022-04-10 08:00,10.6,,6.9,140,85,1048
102,백령도,2022-04-10 09:00,11.8,,7.6,160,76,1484
102,백령도,2022-04-10 10:00,12.8,,7.2,160,71,1872
102,백령도,2022-04-10 11:00,12.8,,6.6,140,70,1974
102,백령도,2022-04-10 12:00,12.9,,6.4,140,70,2298
102,백령도,2022-04-10 13:00,12.8,,7.3,160,71,2462
102,백령도,2022-04-10 14:00,13,,6.1,160,69,2479
102,백령도,2022-04-10 15:00,13,,6.9,160,68,2518
102,백령도,2022-04-10 16:00,13.1,,6.3,160,68,2719
102,백령도,2022-04-10 17:00,12.3,,6.6,140,71,2560
102,백령도,2022-04-10 18:00,12.7,,6.4,160,73,2565
102,백령도,2022-04-10 19:00,12,,4.5,160,79,2171
102,백령도,2022-04-10 20:00,11.9,,4.2,180,82,1767
102,백령도,2022-04-10 21:00,12.6,,5.6,180,81,1829
102,백령도,2022-04-10 22:00,11.3,,3.4,180,84,1598
102,백령도,2022-04-10 23:00,12.2,,3.5,180,82,1776
102,백령도,2022-04-11 00:00,12.4,,3.2,200,81,2062
102,백령도,2022-04-11 01:00,13.1,,6.8,160,78,2415
102,백령도,2022-04-11 02:00,12.3,,5.3,160,83,1982
102,백령도,2022-04-11 03:00,11.7,,4.5,180,83,1825
102,백령도,2022-04-11 04:00,11.9,,4.9,160,82,1958
102,백령도,2022-04-11 05:00,11.6,,4.2,160,83,1909
102,백령도,2022-04-11 06:00,11.2,,5.5,160,84,1680
102,백령도,2022-04-11 07:00,11.1,,6.5,140,84,1403
102,백령도,2022-04-11 08:00,11.7,,7.7,140,82,1386
102,백령도,2022-04-11 09:00,13.1,,7.6,160,76,1542
102,백령도,2022-04-11 10:00,13,,8.5,160,77,1448
102,백령도,2022-04-11 11:00,13.5,,9.2,160,75,1405
102,백령도,2022-04-11 12:00,13,,8.4,160,76,1148
102,백령도,2022-04-11 13:00,12.6,,6.8,160,80,900
102,백령도,2022-04-11 14:00,12.7,,7,160,89,585
102,백령도,2022-04-11 15:00,11.7,,7.5,160,94,252
102,백령도,2022-04-11 16:00,11.7,,7.3,140,95,91
102,백령도,2022-04-11 17:00,12.5,,7.3,140,96,219
102,백령도,2022-04-11 18:00,12.2,,6.6,140,96,124
102,백령도,2022-04-11 19:00,11.7,,7.6,140,96,37
102,백령도,2022-04-11 20:00,11,,4.2,180,97,23
102,백령도,2022-04-11 21:00,11.9,,5.4,160,97,81
102,백령도,2022-04-11 22:00,12,,5.9,160,97,90
102,백령도,2022-04-11 23:00,11.8,,5.5,160,97,74
102,백령도,2022-04-12 00:00,11.5,,4.8,160,97,57
102,백령도,2022-04-12 01:00,11,.1,3.8,160,97,54
102,백령도,2022-04-12 02:00,11.4,.1,5.1,160,98,93
102,백령도,2022-04-12 03:00,11,.1,1.7,110,98,33
102,백령도,2022-04-12 04:00,11.1,.1,2.5,160,98,43
102,백령도,2022-04-12 05:00,11.2,.2,5.4,160,98,90
102,백령도,2022-04-12 06:00,11.3,.1,6.9,160,98,153
102,백령도,2022-04-12 07:00,11.2,,8.1,160,98,110
102,백령도,2022-04-12 08:00,10.7,,3.7,160,98,52
102,백령도,2022-04-12 09:00,10.2,,2.1,160,98,51
102,백령도,2022-04-12 10:00,10.6,0,.9,160,98,84
102,백령도,2022-04-12 11:00,10.6,.2,1.9,270,98,82
102,백령도,2022-04-12 12:00,10.2,.1,2.4,340,98,32
102,백령도,2022-04-12 13:00,11.3,0,1.5,50,98,2369
102,백령도,2022-04-12 14:00,11.1,,2.4,340,97,2632
102,백령도,2022-04-12 15:00,9.6,0,2.3,290,97,98
102,백령도,2022-04-12 16:00,7.9,.8,3.9,320,97,54
102,백령도,2022-04-12 17:00,7.6,.1,5.3,320,97,97
102,백령도,2022-04-12 18:00,8,.4,4.4,340,97,412
102,백령도,2022-04-12 19:00,7.9,0,4.7,320,97,705
102,백령도,2022-04-12 20:00,7.7,,3.4,290,95,871
102,백령도,2022-04-12 21:00,7.8,,4.7,320,92,1395
102,백령도,2022-04-12 22:00,7.8,,3.6,320,90,3110
102,백령도,2022-04-12 23:00,8.9,,3.2,340,91,3185
102,백령도,2022-04-13 00:00,9.4,,5,340,87,4461
102,백령도,2022-04-13 01:00,9.4,,4.4,340,80,5000
102,백령도,2022-04-13 02:00,9.2,,4.6,340,77,4862
102,백령도,2022-04-13 03:00,8.9,,4,340,75,4301
102,백령도,2022-04-13 04:00,9.2,,4,340,74,4479
102,백령도,2022-04-13 05:00,9.1,,6.8,340,75,4169
102,백령도,2022-04-13 06:00,9,,5.6,340,81,3704
102,백령도,2022-04-13 07:00,9.3,,2.5,340,81,4022
102,백령도,2022-04-13 08:00,9.9,,2.3,20,81,4050
102,백령도,2022-04-13 09:00,11.3,,2.7,20,81,3577
102,백령도,2022-04-13 10:00,12.6,,1.5,70,80,3171
102,백령도,2022-04-13 11:00,13.5,,3.8,70,71,4773
102,백령도,2022-04-13 12:00,14.5,,4,70,65,4960
102,백령도,2022-04-13 13:00,15.6,,1.8,50,59,4913
102,백령도,2022-04-13 14:00,15.8,,3.2,140,59,4997
102,백령도,2022-04-13 15:00,15.6,,3.3,180,53,4937
102,백령도,2022-04-13 16:00,15.7,,2.2,140,50,4999
102,백령도,2022-04-13 17:00,13.5,,2.7,290,66,4900
102,백령도,2022-04-13 18:00,12.7,,1.5,270,69,4558
102,백령도,2022-04-13 19:00,13.3,,1.4,200,66,4742
102,백령도,2022-04-13 20:00,11.7,,3.6,180,66,4971
102,백령도,2022-04-13 21:00,10.9,,2.4,180,70,4516
102,백령도,2022-04-13 22:00,9.6,,.3,0,78,4803
102,백령도,2022-04-13 23:00,10,,.1,0,77,4555
102,백령도,2022-04-14 00:00,11,,2.6,70,65,4933
102,백령도,2022-04-14 01:00,10.6,,3.1,90,60,4965
102,백령도,2022-04-14 02:00,10.2,,4.2,90,54,5000
102,백령도,2022-04-14 03:00,9.8,,3.8,90,56,4998
102,백령도,2022-04-14 04:00,9.5,,3.6,90,56,5000
102,백령도,2022-04-14 05:00,9.1,,2,20,61,5000
102,백령도,2022-04-14 06:00,8.4,,1.4,70,67,4997
102,백령도,2022-04-14 07:00,8.7,,2.6,70,68,4991
102,백령도,2022-04-14 08:00,11.2,,3.2,50,49,4787
102,백령도,2022-04-14 09:00,11.8,,3.1,50,46,4935
102,백령도,2022-04-14 10:00,12.9,,2.5,70,49,4821
102,백령도,2022-04-14 11:00,15.2,,2.6,70,39,4884
102,백령도,2022-04-14 12:00,15.4,,3.6,90,38,4998
102,백령도,2022-04-14 13:00,14.9,,1.5,50,40,4921
102,백령도,2022-04-14 14:00,14.6,,3,340,39,4999
102,백령도,2022-04-14 15:00,13.9,,2.9,320,38,4985
102,백령도,2022-04-14 16:00,13.5,,4,320,43,4951
102,백령도,2022-04-14 17:00,11.4,,3.9,290,53,4372
102,백령도,2022-04-14 18:00,10.4,,4.3,290,57,3914
102,백령도,2022-04-14 19:00,9.1,,5.3,290,66,4033
102,백령도,2022-04-14 20:00,8.8,,4.8,320,65,4556
102,백령도,2022-04-14 21:00,8.6,,4.1,320,67,4631
102,백령도,2022-04-14 22:00,8.6,,3.9,320,67,4753
102,백령도,2022-04-14 23:00,8.9,,3.4,290,61,4986
102,백령도,2022-04-15 00:00,9.3,,3.1,340,54,5000
102,백령도,2022-04-15 01:00,8.7,,2.6,320,59,5000
102,백령도,2022-04-15 02:00,8,,2,320,65,5000
102,백령도,2022-04-15 03:00,7,,2.2,320,72,5000
102,백령도,2022-04-15 04:00,7.7,,2.2,290,63,5000
102,백령도,2022-04-15 05:00,6.9,,2.1,290,74,4976
102,백령도,2022-04-15 06:00,7.1,,4.1,320,74,4989
102,백령도,2022-04-15 07:00,7.4,,2.5,320,74,4848
102,백령도,2022-04-15 08:00,8.4,,2.9,320,76,3913
102,백령도,2022-04-15 09:00,8.8,,4.9,320,77,2350
102,백령도,2022-04-15 10:00,10.1,,5,290,72,1743
102,백령도,2022-04-15 11:00,9.7,,6,320,70,1193
102,백령도,2022-04-15 12:00,9.7,,6.6,320,68,1095
102,백령도,2022-04-15 13:00,10.1,,5.4,290,66,981
102,백령도,2022-04-15 14:00,10.1,,5.8,320,64,889
102,백령도,2022-04-15 15:00,10.3,,6.2,320,64,736
102,백령도,2022-04-15 16:00,10.5,,5.5,290,60,897
102,백령도,2022-04-15 17:00,10.3,,7.6,320,55,1219
102,백령도,2022-04-15 18:00,10.1,,6.2,290,53,1632
102,백령도,2022-04-15 19:00,9.5,,7.6,320,54,2176
102,백령도,2022-04-15 20:00,9.1,,5.2,290,59,2167
102,백령도,2022-04-15 21:00,8.9,,4.5,290,60,2215
102,백령도,2022-04-15 22:00,8.6,,4.5,320,67,1910
102,백령도,2022-04-15 23:00,9.1,,5.3,320,59,2124
102,백령도,2022-04-16 00:00,9.3,,4.1,320,54,2879
102,백령도,2022-04-16 01:00,9.6,,3.5,340,47,3780
102,백령도,2022-04-16 02:00,8.9,,1.6,320,50,3902
102,백령도,2022-04-16 03:00,7.8,,4,320,53,4262
102,백령도,2022-04-16 04:00,8.3,,3.9,290,55,3878
102,백령도,2022-04-16 05:00,7.4,,4.2,290,66,3273
102,백령도,2022-04-16 06:00,7,,1.9,290,64,3509
102,백령도,2022-04-16 07:00,7.8,,3.8,290,60,3516
102,백령도,2022-04-16 08:00,9.4,,3.3,290,49,3809
102,백령도,2022-04-16 09:00,10.8,,5,290,31,4448
102,백령도,2022-04-16 10:00,11.8,,5.3,290,36,4191
102,백령도,2022-04-16 11:00,12.1,,5.1,290,42,3362
102,백령도,2022-04-16 12:00,12.3,,6.1,290,43,2861
102,백령도,2022-04-16 13:00,12.7,,6.7,290,49,2141
102,백령도,2022-04-16 14:00,12.4,,5.7,290,50,2002
102,백령도,2022-04-16 15:00,13.3,,4.8,290,48,2063
102,백령도,2022-04-16 16:00,12.5,,5,290,50,1744
102,백령도,2022-04-16 17:00,12.1,,4.8,290,53,1645
102,백령도,2022-04-16 18:00,11.7,,4.5,290,45,1770
102,백령도,2022-04-16 19:00,10.7,,2.3,250,55,1874
102,백령도,2022-04-16 20:00,8.7,,2.4,230,75,1055
102,백령도,2022-04-16 21:00,8.8,,1.8,200,69,508
102,백령도,2022-04-16 22:00,9.7,,3.6,250,56,1656
102,백령도,2022-04-16 23:00,9.1,,5.2,250,67,1202
102,백령도,2022-04-17 00:00,9.3,,3.1,270,58,1842
102,백령도,2022-04-17 01:00,9.4,,3.8,250,53,2399
102,백령도,2022-04-17 02:00,9.9,,1.7,270,45,3094
102,백령도,2022-04-17 03:00,9.2,,1.3,270,50,2881
102,백령도,2022-04-17 04:00,8.1,,2.2,270,59,2368
102,백령도,2022-04-17 05:00,7.7,,2.7,320,70,2230
102,백령도,2022-04-17 06:00,7.2,,1.7,270,71,2011
102,백령도,2022-04-17 07:00,9,,2.6,270,58,2489
102,백령도,2022-04-17 08:00,12.3,,1.8,270,42,2717
102,백령도,2022-04-17 09:00,14,,2.4,320,37,2703
102,백령도,2022-04-17 10:00,14,,4.2,320,41,2258
102,백령도,2022-04-17 11:00,13.8,,3.5,290,43,2141
102,백령도,2022-04-17 12:00,14.8,,4,290,40,2086
102,백령도,2022-04-17 13:00,15.5,,4.9,290,33,2264
102,백령도,2022-04-17 14:00,16.3,,5.7,270,29,2180
102,백령도,2022-04-17 15:00,16.1,,5.5,290,31,2034
102,백령도,2022-04-17 16:00,16.1,,5.1,270,27,2238
102,백령도,2022-04-17 17:00,16.1,,3.9,250,25,2442
102,백령도,2022-04-17 18:00,13,,2.2,200,51,1492
102,백령도,2022-04-17 19:00,11.2,,3.1,200,62,711
102,백령도,2022-04-17 20:00,11.7,,3.7,250,52,1231
102,백령도,2022-04-17 21:00,11.8,,4.3,250,49,1293
102,백령도,2022-04-17 22:00,13.4,,3.5,250,32,1809
102,백령도,2022-04-17 23:00,12.7,,3.7,250,35,1520
102,백령도,2022-04-18 00:00,11,,2,160,48,1437
102,백령도,2022-04-18 01:00,11.5,,.6,200,50,1453
102,백령도,2022-04-18 02:00,10.6,,1.2,200,67,957
102,백령도,2022-04-18 03:00,10.6,,.6,110,65,900
102,백령도,2022-04-18 04:00,12.3,,2.6,250,41,1582
102,백령도,2022-04-18 05:00,10.9,,.7,200,57,1343
102,백령도,2022-04-18 06:00,11.6,,2.3,250,50,1546
102,백령도,2022-04-18 07:00,11.4,,.8,90,52,1509
102,백령도,2022-04-18 08:00,12.4,,1.4,20,47,1560
102,백령도,2022-04-18 09:00,13.6,,2.4,180,48,1533
102,백령도,2022-04-18 10:00,15.8,,3.6,250,30,2032
102,백령도,2022-04-18 11:00,16.4,,4.2,180,39,1857
102,백령도,2022-04-18 12:00,15.1,,3.2,360,38,1787
102,백령도,2022-04-18 13:00,15.3,,5.8,290,43,2145
102,백령도,2022-04-18 14:00,16.6,,5.7,290,29,2245
102,백령도,2022-04-18 15:00,14.8,,6,290,39,1759
102,백령도,2022-04-18 16:00,14.5,,4.6,290,45,1178
102,백령도,2022-04-18 17:00,16.2,,4.7,290,37,925
102,백령도,2022-04-18 18:00,15.5,,3.7,290,40,877
102,백령도,2022-04-18 19:00,13.9,,2.4,250,47,794
102,백령도,2022-04-18 20:00,11.7,,2.9,270,58,710
102,백령도,2022-04-18 21:00,11.2,,.4,0,60,675
102,백령도,2022-04-18 22:00,8.5,,2.1,90,85,453
102,백령도,2022-04-18 23:00,10.4,,1.8,250,64,630
102,백령도,2022-04-19 00:00,9.1,,1.9,270,71,552
102,백령도,2022-04-19 01:00,9.8,,3.4,290,73,586
102,백령도,2022-04-19 02:00,9.6,,3.3,290,74,456
102,백령도,2022-04-19 03:00,9.6,,1.3,320,74,444
102,백령도,2022-04-19 04:00,8.4,,2.8,290,79,373
102,백령도,2022-04-19 05:00,8.1,,.2,0,79,330
102,백령도,2022-04-19 06:00,7.6,,1,160,83,313
102,백령도,2022-04-19 07:00,7.8,,1.8,160,90,254
102,백령도,2022-04-19 08:00,9.6,,2.9,180,81,375
102,백령도,2022-04-19 09:00,11.8,,2,180,66,543
102,백령도,2022-04-19 10:00,13.4,,1.9,160,55,702
102,백령도,2022-04-19 11:00,14.8,,1.4,180,50,804
102,백령도,2022-04-19 12:00,13.5,,2.4,340,62,800
102,백령도,2022-04-19 13:00,14.1,,3.3,320,52,927
102,백령도,2022-04-19 14:00,15,,4.6,290,45,1162
102,백령도,2022-04-19 15:00,17.9,,3.6,290,22,1882
102,백령도,2022-04-19 16:00,17.6,,3.2,290,20,2011
102,백령도,2022-04-19 17:00,17.2,,1,360,31,1898
102,백령도,2022-04-19 18:00,15.6,,1,110,36,1433
102,백령도,2022-04-19 19:00,13.5,,2.5,200,42,1448
102,백령도,2022-04-19 20:00,11.2,,2.2,200,59,1056
102,백령도,2022-04-19 21:00,11.5,,3.4,200,47,1371
102,백령도,2022-04-19 22:00,10.9,,2.4,200,62,607
102,백령도,2022-04-19 23:00,10.8,,3.7,200,65,766
102,백령도,2022-04-20 00:00,10.7,,3.8,200,79,665
102,백령도,2022-04-20 01:00,10.3,,2.8,180,84,555
102,백령도,2022-04-20 02:00,10.8,,2.3,200,76,634
102,백령도,2022-04-20 03:00,9.7,,2.5,180,86,449
102,백령도,2022-04-20 04:00,7.9,,2.8,90,95,112
102,백령도,2022-04-20 05:00,8.4,,2.3,110,95,190
102,백령도,2022-04-20 06:00,8.4,,2.8,110,95,174
102,백령도,2022-04-20 07:00,9.3,,3.7,140,95,280
102,백령도,2022-04-20 08:00,10.4,,4,140,92,674
102,백령도,2022-04-20 09:00,11.7,,3.8,140,83,1379
102,백령도,2022-04-20 10:00,12.4,,4,140,80,1742
102,백령도,2022-04-20 11:00,13,,5.1,160,75,1688
102,백령도,2022-04-20 12:00,13.7,,5.5,160,71,1585
102,백령도,2022-04-20 13:00,14.4,,5.5,160,67,1297
102,백령도,2022-04-20 14:00,14.1,,5.1,180,68,1271
102,백령도,2022-04-20 15:00,14,,4.2,180,68,1277
102,백령도,2022-04-20 16:00,13.8,,4.2,160,68,1282
102,백령도,2022-04-20 17:00,13.4,,4.3,180,69,1223
102,백령도,2022-04-20 18:00,12.4,,4.8,180,73,1192
102,백령도,2022-04-20 19:00,11.2,,3,160,78,984
102,백령도,2022-04-20 20:00,10.6,,2.8,180,82,706
102,백령도,2022-04-20 21:00,10.7,,2.8,180,83,671
102,백령도,2022-04-20 22:00,10.5,,3,160,83,765
102,백령도,2022-04-20 23:00,11,,2.5,160,73,1078
102,백령도,2022-04-21 00:00,12.2,,4.1,160,59,1615
102,백령도,2022-04-21 01:00,11.4,,3.4,160,57,2260
102,백령도,2022-04-21 02:00,11.6,,4.3,160,57,2749
102,백령도,2022-04-21 03:00,10.7,,3,160,72,1951
102,백령도,2022-04-21 04:00,10.7,,2.6,160,70,1982
102,백령도,2022-04-21 05:00,10.3,,5.5,160,75,1870
102,백령도,2022-04-21 06:00,9.5,,4.7,140,82,1232
102,백령도,2022-04-21 07:00,9.9,,5,140,81,1285
102,백령도,2022-04-21 08:00,10.6,,4.8,140,77,1222
102,백령도,2022-04-21 09:00,11.2,,6.7,140,73,1347
102,백령도,2022-04-21 10:00,12.5,,5.8,140,66,1781
102,백령도,2022-04-21 11:00,13.6,,4.6,160,63,2073
102,백령도,2022-04-21 12:00,13.6,,6.8,160,65,2279
102,백령도,2022-04-21 13:00,14,,6.2,160,66,2476
102,백령도,2022-04-21 14:00,13.9,,6,160,67,2540
102,백령도,2022-04-21 15:00,13.7,,5.9,160,72,2297
102,백령도,2022-04-21 16:00,13.3,,5.7,160,74,1944
102,백령도,2022-04-21 17:00,12.8,,8.7,160,81,1377
102,백령도,2022-04-21 18:00,12.1,,4.5,160,86,902
102,백령도,2022-04-21 19:00,12.2,,4.5,180,86,619
102,백령도,2022-04-21 20:00,12,,7.5,160,86,774
102,백령도,2022-04-21 21:00,12.1,,4.9,180,88,674
102,백령도,2022-04-21 22:00,12.5,,6.7,180,87,804
102,백령도,2022-04-21 23:00,12.1,,5.8,180,89,615
102,백령도,2022-04-22 00:00,12.5,,7,180,88,703
102,백령도,2022-04-22 01:00,12.8,,7,200,85,1075
102,백령도,2022-04-22 02:00,12.4,,8.4,200,87,901
102,백령도,2022-04-22 03:00,12,,7.8,200,90,688
102,백령도,2022-04-22 04:00,11.7,,6.6,180,92,518
102,백령도,2022-04-22 05:00,11.3,,4.6,180,93,416
102,백령도,2022-04-22 06:00,11.7,,5.7,180,91,449
102,백령도,2022-04-22 07:00,12,,5.4,200,91,510
102,백령도,2022-04-22 08:00,12.1,,3.7,200,90,570
102,백령도,2022-04-22 09:00,12.9,,3.2,250,86,567
102,백령도,2022-04-22 10:00,13.9,,2.2,200,80,702
102,백령도,2022-04-22 11:00,14,,3.3,340,76,735
102,백령도,2022-04-22 12:00,10.5,,6.1,340,88,347
102,백령도,2022-04-22 13:00,10.5,,5.7,320,87,507
102,백령도,2022-04-22 14:00,11.3,,4.3,320,79,663
102,백령도,2022-04-22 15:00,11.1,,6.4,320,74,655
102,백령도,2022-04-22 16:00,11,,5.9,320,72,786
102,백령도,2022-04-22 17:00,11,,5.6,320,69,937
102,백령도,2022-04-22 18:00,10,,4.6,320,73,1040
102,백령도,2022-04-22 19:00,9,,4,290,82,910
102,백령도,2022-04-22 20:00,8.6,,2.3,290,86,755
102,백령도,2022-04-22 21:00,9.1,,2.8,290,82,944
102,백령도,2022-04-22 22:00,8.7,,1.9,270,81,1164
102,백령도,2022-04-22 23:00,9.1,,1.5,320,72,2110
102,백령도,2022-04-23 00:00,8.7,,.9,200,76,1873
102,백령도,2022-04-23 01:00,9,,2.2,320,70,2895
102,백령도,2022-04-23 02:00,8.9,,1.5,290,70,3319
102,백령도,2022-04-23 03:00,9.5,,1.2,320,64,3818
102,백령도,2022-04-23 04:00,7.7,,1.3,180,70,4280
102,백령도,2022-04-23 05:00,7.1,,2.1,70,88,1814
102,백령도,2022-04-23 06:00,7.3,,.9,90,92,1113
102,백령도,2022-04-23 07:00,9.4,,.7,90,74,2132
102,백령도,2022-04-23 08:00,10.5,,2.4,110,76,1574
102,백령도,2022-04-23 09:00,11.8,,3.3,110,63,2285
102,백령도,2022-04-23 10:00,9.8,,2.5,160,83,1639
102,백령도,2022-04-23 11:00,10.4,,4.5,140,82,1109
102,백령도,2022-04-23 12:00,12.2,,4.6,160,73,1163
102,백령도,2022-04-23 13:00,14.3,,3.7,160,58,1825
102,백령도,2022-04-23 14:00,15.1,,5,160,45,2620
102,백령도,2022-04-23 15:00,15.6,,3.9,160,44,1694
102,백령도,2022-04-23 16:00,16.8,,3.4,180,27,4001
102,백령도,2022-04-23 17:00,16,,4.1,180,30,3949
102,백령도,2022-04-23 18:00,14.8,,4,180,38,2711
102,백령도,2022-04-23 19:00,12.9,,3.4,180,54,1652
102,백령도,2022-04-23 20:00,9.5,,2.8,180,81,1383
102,백령도,2022-04-23 21:00,8.1,,.3,0,87,1135
102,백령도,2022-04-23 22:00,7.6,,2.2,180,87,985
102,백령도,2022-04-23 23:00,6.3,,2.9,180,95,183
102,백령도,2022-04-24 00:00,6.6,,2.9,180,96,44
102,백령도,2022-04-24 01:00,6.1,,5.5,180,97,29
102,백령도,2022-04-24 02:00,6.2,,3.9,180,97,81
102,백령도,2022-04-24 03:00,6.5,,2.4,160,97,85
102,백령도,2022-04-24 04:00,6.8,,2.4,160,97,408
102,백령도,2022-04-24 05:00,7.1,,3.7,160,97,137
102,백령도,2022-04-24 06:00,8.5,,3.6,160,97,79
102,백령도,2022-04-24 07:00,9,,2.4,110,97,35
102,백령도,2022-04-24 08:00,10.2,,4.4,140,97,74
102,백령도,2022-04-24 09:00,10.1,,4.3,140,97,59
102,백령도,2022-04-24 10:00,10.7,,4.8,140,97,117
102,백령도,2022-04-24 11:00,11,,4.3,140,97,349
102,백령도,2022-04-24 12:00,11.4,,4.2,140,96,350
102,백령도,2022-04-24 13:00,11.7,,3.5,140,94,443
102,백령도,2022-04-24 14:00,12.1,,3.9,140,90,915
102,백령도,2022-04-24 15:00,12.2,,4.5,140,92,655
102,백령도,2022-04-24 16:00,11.9,,4,140,93,337
102,백령도,2022-04-24 17:00,11.5,,5.3,140,96,97
102,백령도,2022-04-24 18:00,11.3,,4.1,140,96,83
102,백령도,2022-04-24 19:00,11.4,,6.4,160,96,93
102,백령도,2022-04-24 20:00,11,,7.1,160,97,55
102,백령도,2022-04-24 21:00,11.5,,7.5,160,97,58
102,백령도,2022-04-24 22:00,11.5,,4.1,180,97,32
102,백령도,2022-04-24 23:00,10.8,,3.7,140,97,29
102,백령도,2022-04-25 00:00,11,,4.8,160,97,49
102,백령도,2022-04-25 01:00,11.2,,4,140,98,21
102,백령도,2022-04-25 02:00,10.8,,4.7,160,98,41
102,백령도,2022-04-25 03:00,10.5,,4.7,160,98,35
102,백령도,2022-04-25 04:00,10.9,,6.2,160,97,35
102,백령도,2022-04-25 05:00,10.7,,3.5,140,97,17
102,백령도,2022-04-25 06:00,11.1,,5.2,160,97,72
102,백령도,2022-04-25 07:00,10.4,,4.1,160,97,44
102,백령도,2022-04-25 08:00,10.8,,2.2,110,97,87
102,백령도,2022-04-25 09:00,11.6,,4.6,140,98,506
102,백령도,2022-04-25 10:00,12.1,,5.5,140,97,222
102,백령도,2022-04-25 11:00,12,,6.1,140,96,188
102,백령도,2022-04-25 12:00,12.3,,4.6,140,95,617
102,백령도,2022-04-25 13:00,13.3,,5,140,91,1703
102,백령도,2022-04-25 14:00,14.2,,4.3,160,87,1864
102,백령도,2022-04-25 15:00,13,,2.8,140,91,2201
102,백령도,2022-04-25 16:00,14.6,,4.5,160,91,1303
102,백령도,2022-04-25 17:00,15.3,,3.3,140,89,801
102,백령도,2022-04-25 18:00,14.7,,3.2,110,91,797
102,백령도,2022-04-25 19:00,15.8,,3.8,160,88,774
102,백령도,2022-04-25 20:00,15.9,,3.2,140,87,741
102,백령도,2022-04-25 21:00,16.7,,3.4,110,82,639
102,백령도,2022-04-25 22:00,14,,1.6,110,92,437
102,백령도,2022-04-25 23:00,14.5,,2.1,140,92,341
102,백령도,2022-04-26 00:00,16.1,,2.1,160,84,387
102,백령도,2022-04-26 01:00,15.5,,1.6,180,91,257
102,백령도,2022-04-26 02:00,13.6,,1.7,90,94,212
102,백령도,2022-04-26 03:00,12.6,,.4,0,97,86
102,백령도,2022-04-26 04:00,15.4,,2.3,20,88,421
102,백령도,2022-04-26 05:00,13.4,,2.4,340,92,286
102,백령도,2022-04-26 06:00,13.3,,2.6,320,90,382
102,백령도,2022-04-26 07:00,11.8,,2.8,320,87,553
102,백령도,2022-04-26 08:00,15.6,,2.4,290,83,720
102,백령도,2022-04-26 09:00,17.9,,3.2,340,68,1316
102,백령도,2022-04-26 10:00,19,,4.2,340,66,1777
102,백령도,2022-04-26 11:00,17.4,,3.2,320,72,1767
102,백령도,2022-04-26 12:00,17.4,,5.2,290,72,1535
102,백령도,2022-04-26 13:00,11.9,,7.1,320,87,313
102,백령도,2022-04-26 14:00,14,,5.1,320,83,1926
102,백령도,2022-04-26 15:00,12.2,,4.8,320,85,643
102,백령도,2022-04-26 16:00,11.3,,4.9,320,95,76
102,백령도,2022-04-26 17:00,11.5,,4.6,320,96,56
102,백령도,2022-04-26 18:00,11,,4.8,320,95,144
102,백령도,2022-04-26 19:00,10.1,,4,320,96,49
102,백령도,2022-04-26 20:00,10,,4.7,290,97,22
102,백령도,2022-04-26 21:00,10,,4.7,290,97,22
102,백령도,2022-04-26 22:00,10.7,,3.8,320,80,1619
102,백령도,2022-04-26 23:00,12.6,,7.7,340,41,1973
102,백령도,2022-04-27 00:00,13.4,,9.3,360,28,1434
102,백령도,2022-04-27 01:00,11.9,,5.5,340,39,1356
102,백령도,2022-04-27 02:00,11,,5.8,340,45,1337
102,백령도,2022-04-27 03:00,10.5,,6.3,340,49,1184
102,백령도,2022-04-27 04:00,10.4,,8.2,340,54,1266
102,백령도,2022-04-27 05:00,10.2,,6,340,52,1430
102,백령도,2022-04-27 06:00,10.3,,6.3,340,46,1421
102,백령도,2022-04-27 07:00,9.9,,5.6,340,59,1476
102,백령도,2022-04-27 08:00,10.4,,7.4,340,55,1704
102,백령도,2022-04-27 09:00,10.6,,7.7,340,55,2421
102,백령도,2022-04-27 10:00,11.3,,5.8,340,55,2738
102,백령도,2022-04-27 11:00,12,,6.4,340,53,3051
102,백령도,2022-04-27 12:00,12,,7.5,340,47,3974
102,백령도,2022-04-27 13:00,12.2,,5.6,340,48,4027
102,백령도,2022-04-27 14:00,12.8,,5.7,340,40,4432
102,백령도,2022-04-27 15:00,12,,5.7,340,41,4395
102,백령도,2022-04-27 16:00,11.8,,5.8,340,43,4609
102,백령도,2022-04-27 17:00,11.2,,6.5,320,50,4456
102,백령도,2022-04-27 18:00,10.9,,6.1,340,46,4857
102,백령도,2022-04-27 19:00,10,,5.5,320,56,4795
102,백령도,2022-04-27 20:00,9,,4.4,320,69,4669
102,백령도,2022-04-27 21:00,9.1,,4.5,320,68,4742
102,백령도,2022-04-27 22:00,9.1,,4,340,65,4312
102,백령도,2022-04-27 23:00,9.2,,4.4,340,60,4879
102,백령도,2022-04-28 00:00,9.1,,4.6,320,67,4852
102,백령도,2022-04-28 01:00,9.1,,3.8,320,70,4270
102,백령도,2022-04-28 02:00,8.3,,3.1,320,75,3764
102,백령도,2022-04-28 03:00,8.6,,3.8,320,73,3609
102,백령도,2022-04-28 04:00,9.3,,3,340,62,3882
102,백령도,2022-04-28 05:00,10.9,,2.2,360,45,3905
102,백령도,2022-04-28 06:00,9.5,,1.3,320,60,3976
102,백령도,2022-04-28 07:00,10.2,,.9,270,55,3694
102,백령도,2022-04-28 08:00,12.6,,2.2,70,45,3926
102,백령도,2022-04-28 09:00,14.2,,1.4,70,38,4512
102,백령도,2022-04-28 10:00,15.1,,2.4,320,39,4734
102,백령도,2022-04-28 11:00,13.9,,3.8,290,47,3920
102,백령도,2022-04-28 12:00,13,,6.7,320,54,3221
102,백령도,2022-04-28 13:00,14.6,,4.9,290,41,4297
102,백령도,2022-04-28 14:00,13.8,,4,320,51,4350
102,백령도,2022-04-28 15:00,12.2,,8.2,340,49,2187
102,백령도,2022-04-28 16:00,12.4,,6.7,340,37,4015
102,백령도,2022-04-28 17:00,10.4,,8,340,66,3451
102,백령도,2022-04-28 18:00,10.2,,6.6,340,71,3084
102,백령도,2022-04-28 19:00,10.2,,7.2,340,72,3147
102,백령도,2022-04-28 20:00,10.1,,5.7,340,75,2761
102,백령도,2022-04-28 21:00,10.4,,2.7,360,75,3135
102,백령도,2022-04-28 22:00,10.2,,4.7,340,81,2817
102,백령도,2022-04-28 23:00,10.1,,3.8,340,84,2347
102,백령도,2022-04-29 00:00,9.9,0,2.2,290,86,1993
102,백령도,2022-04-29 01:00,8.9,.2,6.1,290,94,1012
102,백령도,2022-04-29 02:00,8.9,.6,2.8,320,95,609
102,백령도,2022-04-29 03:00,8.5,.3,2.4,320,96,292
102,백령도,2022-04-29 04:00,8.3,.1,2.3,290,96,332
102,백령도,2022-04-29 05:00,8.6,.1,.6,250,97,465
102,백령도,2022-04-29 06:00,8.8,.1,.1,0,96,527
102,백령도,2022-04-29 07:00,8.8,0,1.7,320,96,410
102,백령도,2022-04-29 08:00,9.1,,2.2,340,96,538
102,백령도,2022-04-29 09:00,10.1,,2.3,360,92,1263
102,백령도,2022-04-29 10:00,11.1,,1.4,340,90,1393
102,백령도,2022-04-29 11:00,11.7,,2.7,340,83,2098
102,백령도,2022-04-29 12:00,13.1,,2.3,340,78,2236
102,백령도,2022-04-29 13:00,11.4,,2.3,320,83,2003
102,백령도,2022-04-29 14:00,11.1,,2.6,290,82,1682
102,백령도,2022-04-29 15:00,10.8,,3.3,320,83,1242
102,백령도,2022-04-29 16:00,11.7,,3.1,290,77,1741
102,백령도,2022-04-29 17:00,10.7,,2.5,290,83,1344
102,백령도,2022-04-29 18:00,11.4,,1.7,290,80,1497
102,백령도,2022-04-29 19:00,9.1,,2.4,320,89,958
102,백령도,2022-04-29 20:00,8.3,,2.2,290,94,608
102,백령도,2022-04-29 21:00,8.3,,2.1,320,93,583
102,백령도,2022-04-29 22:00,8.1,,1.2,290,94,571
102,백령도,2022-04-29 23:00,7.6,,2.5,290,94,434
102,백령도,2022-04-30 00:00,7.5,,2.8,290,95,537
102,백령도,2022-04-30 01:00,7.2,,2.5,290,96,299
102,백령도,2022-04-30 02:00,7.1,,2,320,96,440
102,백령도,2022-04-30 03:00,7.3,,.4,0,95,436
102,백령도,2022-04-30 04:00,6.9,,1.8,290,96,347
102,백령도,2022-04-30 05:00,7.6,,.5,250,95,568
102,백령도,2022-04-30 06:00,7.5,,.9,290,96,395
102,백령도,2022-04-30 07:00,8.2,,.8,180,93,718
102,백령도,2022-04-30 08:00,10.1,,.1,0,81,1672
102,백령도,2022-04-30 09:00,10.4,,2.6,290,78,2802
102,백령도,2022-04-30 10:00,11.1,,2.4,320,69,2861
102,백령도,2022-04-30 11:00,11.8,,4.5,290,56,2801
102,백령도,2022-04-30 12:00,12,,5,270,65,1609
102,백령도,2022-04-30 13:00,12,,5.2,270,70,1285
102,백령도,2022-04-30 14:00,10.5,,6,290,85,610
102,백령도,2022-04-30 15:00,10.8,,5.7,290,83,657
102,백령도,2022-04-30 16:00,10.6,,4.9,290,79,547
102,백령도,2022-04-30 17:00,11.6,,5,290,67,997
102,백령도,2022-04-30 18:00,10.9,,5,290,60,1443
102,백령도,2022-04-30 19:00,10.6,,4.5,290,56,2725
102,백령도,2022-04-30 20:00,10,,4.6,270,51,4613
102,백령도,2022-04-30 21:00,10.2,,4.6,270,55,4981
102,백령도,2022-04-30 22:00,9.8,,4.3,290,60,4571
102,백령도,2022-04-30 23:00,9.7,,5.2,290,67,3842
102,백령도,2022-05-01 00:00,9.1,,4,270,74,3243
102,백령도,2022-05-01 01:00,9.8,,6.7,290,65,3851
102,백령도,2022-05-01 02:00,9.2,,4.2,270,71,3620
102,백령도,2022-05-01 03:00,8.3,,4,290,78,3155
102,백령도,2022-05-01 04:00,8.6,,4.6,290,73,3900
102,백령도,2022-05-01 05:00,9.8,,5.2,270,56,4740
102,백령도,2022-05-01 06:00,10.8,,4.4,270,40,4871
102,백령도,2022-05-01 07:00,13,,4.8,270,29,4429
102,백령도,2022-05-01 08:00,13.3,,7.4,250,31,4652
102,백령도,2022-05-01 09:00,14.2,,7.6,250,31,4743
102,백령도,2022-05-01 10:00,14.7,,8.7,250,31,4440
102,백령도,2022-05-01 11:00,15.9,,8.1,250,27,3842
102,백령도,2022-05-01 12:00,15.5,,10.4,250,31,3047
102,백령도,2022-05-01 13:00,16,,9.3,250,33,2789
102,백령도,2022-05-01 14:00,15,,8.6,250,47,2133
102,백령도,2022-05-01 15:00,14.8,,9.3,250,49,1897
102,백령도,2022-05-01 16:00,14,,6.6,270,51,1889
102,백령도,2022-05-01 17:00,13.9,,6.7,270,50,1825
102,백령도,2022-05-01 18:00,12.7,,5.9,270,58,1512
102,백령도,2022-05-01 19:00,10.4,,4.2,290,76,1086
102,백령도,2022-05-01 20:00,9.5,,3.5,290,81,872
102,백령도,2022-05-01 21:00,9,,2.8,290,84,865
102,백령도,2022-05-01 22:00,8.7,,3.1,290,86,742
102,백령도,2022-05-01 23:00,8.9,,2.2,290,84,914
102,백령도,2022-05-02 00:00,8.7,,1.9,320,84,968
102,백령도,2022-05-02 01:00,8.5,,1.8,290,83,997
102,백령도,2022-05-02 02:00,8.7,,2,290,83,1113
102,백령도,2022-05-02 03:00,8.8,,2.4,290,74,1634
102,백령도,2022-05-02 04:00,7.3,,2.6,320,89,808
102,백령도,2022-05-02 05:00,8.2,,2.6,320,81,988
102,백령도,2022-05-02 06:00,8.6,,2.6,320,76,1576
102,백령도,2022-05-02 07:00,9.9,,1.8,320,65,2449
102,백령도,2022-05-02 08:00,11.3,,2.4,320,55,2598
102,백령도,2022-05-02 09:00,12.3,,4.3,340,42,3502
102,백령도,2022-05-02 10:00,12.4,,5.1,340,43,3604
102,백령도,2022-05-02 11:00,13.8,,5.7,340,31,3633
102,백령도,2022-05-02 12:00,14.1,,5.8,340,32,3426
102,백령도,2022-05-02 13:00,13.1,,4,320,47,3712
102,백령도,2022-05-02 14:00,12.5,,5.4,320,50,3566
102,백령도,2022-05-02 15:00,12.6,,6.2,340,44,3493
102,백령도,2022-05-02 16:00,12,,6,320,53,2996
102,백령도,2022-05-02 17:00,12.2,,5.8,320,40,3153
102,백령도,2022-05-02 18:00,11.7,,4.9,320,46,2893
102,백령도,2022-05-02 19:00,10.6,,3.8,290,54,2979
102,백령도,2022-05-02 20:00,9.7,,3.2,290,46,3073
102,백령도,2022-05-02 21:00,9.9,,2.7,290,32,3562
102,백령도,2022-05-02 22:00,10,,2.6,290,29,4220
102,백령도,2022-05-02 23:00,10.2,,2,290,24,4538
102,백령도,2022-05-03 00:00,10.5,,1.9,320,20,4730
102,백령도,2022-05-03 01:00,9.1,,1.1,230,43,4217
102,백령도,2022-05-03 02:00,10.4,,2.6,250,47,4601
102,백령도,2022-05-03 03:00,11.4,,3.4,250,32,4865
102,백령도,2022-05-03 04:00,10.5,,4,230,51,4687
102,백령도,2022-05-03 05:00,10.8,,3.7,230,44,4808
102,백령도,2022-05-03 06:00,10.8,,4.3,230,55,4422
102,백령도,2022-05-03 07:00,11.6,,4.2,200,57,3890
102,백령도,2022-05-03 08:00,12.9,,4.6,230,51,4430
102,백령도,2022-05-03 09:00,14,,5.2,230,43,4712
102,백령도,2022-05-03 10:00,14.4,,5.9,200,49,4347
102,백령도,2022-05-03 11:00,14.7,,6,200,49,4179
102,백령도,2022-05-03 12:00,15.7,,7,200,38,4652
102,백령도,2022-05-03 13:00,16.3,,7.8,200,31,4693
102,백령도,2022-05-03 14:00,16,,8.6,200,33,4734
102,백령도,2022-05-03 15:00,15.6,,7.3,180,41,4373
102,백령도,2022-05-03 16:00,15,,7.9,180,48,4391
102,백령도,2022-05-03 17:00,14.4,,6.7,180,50,3856
102,백령도,2022-05-03 18:00,13.6,,7.3,180,54,3509
102,백령도,2022-05-03 19:00,11.5,,4.8,140,71,3230
102,백령도,2022-05-03 20:00,11.5,,5.8,160,75,2727
102,백령도,2022-05-03 21:00,12,,5.1,160,69,3152
102,백령도,2022-05-03 22:00,11.9,,6.3,160,71,3088
102,백령도,2022-05-03 23:00,12.3,,6.3,160,64,3047
102,백령도,2022-05-04 00:00,11.4,,5.3,140,72,2776
102,백령도,2022-05-04 01:00,11.7,,5.5,160,70,2917
102,백령도,2022-05-04 02:00,11.2,,3.9,140,74,2552
102,백령도,2022-05-04 03:00,11.5,,3.7,140,73,2626
102,백령도,2022-05-04 04:00,10.9,,4.1,140,80,2265
102,백령도,2022-05-04 05:00,12.2,,3.9,140,71,2755
102,백령도,2022-05-04 06:00,12.4,,4.5,160,71,2602
102,백령도,2022-05-04 07:00,11.3,,5.2,140,82,2157
102,백령도,2022-05-04 08:00,13.1,,7.5,160,72,2470
102,백령도,2022-05-04 09:00,14.8,,6.2,160,66,2452
102,백령도,2022-05-04 10:00,15.3,,6.1,160,65,2375
102,백령도,2022-05-04 11:00,15.7,,5.9,160,65,2478
102,백령도,2022-05-04 12:00,15.9,,6.5,160,65,2461
102,백령도,2022-05-04 13:00,15.7,,6.5,160,65,2286
102,백령도,2022-05-04 14:00,15.8,,5.5,160,65,1749
102,백령도,2022-05-04 15:00,16.8,,5.4,180,62,1568
102,백령도,2022-05-04 16:00,16.6,,4.6,160,62,1455
102,백령도,2022-05-04 17:00,15.1,,3.3,110,70,1296
102,백령도,2022-05-04 18:00,13.7,,2.9,110,76,1309
102,백령도,2022-05-04 19:00,15,,4.1,180,68,1252
102,백령도,2022-05-04 20:00,14.2,,5.8,180,73,1104
102,백령도,2022-05-04 21:00,14.6,,5.7,180,69,1337
102,백령도,2022-05-04 22:00,14.1,,4.2,180,73,1290
102,백령도,2022-05-04 23:00,13.3,,2.7,160,77,1345
102,백령도,2022-05-05 00:00,12.3,,3.3,140,83,1323
102,백령도,2022-05-05 01:00,11.9,,4,140,86,1234
102,백령도,2022-05-05 02:00,11.7,,3.9,140,88,1255
102,백령도,2022-05-05 03:00,11.2,,3.7,140,88,1099
102,백령도,2022-05-05 04:00,12.1,,3.5,160,78,1761
102,백령도,2022-05-05 05:00,11.6,,3.6,140,82,1733
102,백령도,2022-05-05 06:00,11.7,,4.4,140,79,2167
102,백령도,2022-05-05 07:00,12.6,,4.5,160,72,2869
102,백령도,2022-05-05 08:00,13.4,,5.2,140,71,2947
102,백령도,2022-05-05 09:00,13.9,,5.5,140,70,3181
102,백령도,2022-05-05 10:00,14.4,,5.4,160,71,3271
102,백령도,2022-05-05 11:00,14.7,,7.1,160,73,3229
102,백령도,2022-05-05 12:00,14.8,,8.5,160,73,3140
102,백령도,2022-05-05 13:00,15.4,,7.1,160,67,3378
102,백령도,2022-05-05 14:00,15.2,,7.3,160,70,3670
102,백령도,2022-05-05 15:00,15.1,,6.4,160,72,2886
102,백령도,2022-05-05 16:00,14.8,,7.4,160,72,2193
102,백령도,2022-05-05 17:00,14.4,,6.7,160,71,2061
102,백령도,2022-05-05 18:00,13.8,,4.9,160,75,1737
102,백령도,2022-05-05 19:00,13.2,,5.8,160,79,2012
102,백령도,2022-05-05 20:00,12.1,,5.1,160,84,1769
102,백령도,2022-05-05 21:00,12.5,,4.1,160,84,1983
102,백령도,2022-05-05 22:00,12.3,,3.6,160,87,1537
102,백령도,2022-05-05 23:00,12.3,,2,180,91,1117
102,백령도,2022-05-06 00:00,12.4,,2.2,180,88,1369
102,백령도,2022-05-06 01:00,12.6,,1.9,160,88,1335
102,백령도,2022-05-06 02:00,13.1,,2.2,180,87,1298
102,백령도,2022-05-06 03:00,14.8,,4.2,180,87,1308
102,백령도,2022-05-06 04:00,14.5,,4.2,180,89,1161
102,백령도,2022-05-06 05:00,13.1,,3.1,160,95,208
102,백령도,2022-05-06 06:00,12.4,,4.8,160,96,63
102,백령도,2022-05-06 07:00,12.1,,4.2,180,97,40
102,백령도,2022-05-06 08:00,12.5,,3.8,180,97,49
102,백령도,2022-05-06 09:00,12.6,,3.6,160,97,76
102,백령도,2022-05-06 10:00,12.9,,5.3,160,97,97
102,백령도,2022-05-06 11:00,13.3,,3.6,180,96,402
102,백령도,2022-05-06 12:00,13.6,,1.9,110,89,664
102,백령도,2022-05-06 13:00,16.1,,3,140,78,987
102,백령도,2022-05-06 14:00,15.1,,3.6,160,84,2103
102,백령도,2022-05-06 15:00,14.3,,5.6,160,88,807
102,백령도,2022-05-06 16:00,13.9,,1.8,160,90,998
102,백령도,2022-05-06 17:00,14.3,,2.5,200,92,900
102,백령도,2022-05-06 18:00,12.7,,1.9,180,95,183
102,백령도,2022-05-06 19:00,12,,1.7,180,96,61
102,백령도,2022-05-06 20:00,13,,1.7,250,96,196
102,백령도,2022-05-06 21:00,11.8,,3.9,290,95,150
102,백령도,2022-05-06 22:00,10.9,,2.3,340,97,93
102,백령도,2022-05-06 23:00,9.9,,2.4,320,97,34
102,백령도,2022-05-07 00:00,9.8,,4.2,320,97,31
102,백령도,2022-05-07 01:00,9.7,,5.9,340,97,433
102,백령도,2022-05-07 02:00,9.7,,4.8,320,95,563
102,백령도,2022-05-07 03:00,9.9,,5.3,320,93,730
102,백령도,2022-05-07 04:00,10,,5.6,320,90,1011
102,백령도,2022-05-07 05:00,10.3,,6.6,320,83,1651
102,백령도,2022-05-07 06:00,10.7,,6.5,340,79,1847
102,백령도,2022-05-07 07:00,10.8,,8.2,340,75,1975
102,백령도,2022-05-07 08:00,11.8,,8,340,68,1906
102,백령도,2022-05-07 09:00,12,,7.4,360,69,1092
102,백령도,2022-05-07 10:00,12.1,,6.3,340,70,867
102,백령도,2022-05-07 11:00,13.1,,6,340,58,1421
102,백령도,2022-05-07 12:00,13,,10.4,360,45,2270
102,백령도,2022-05-07 13:00,13.4,,7.2,340,49,2763
102,백령도,2022-05-07 14:00,12.2,,6.4,320,56,2452
102,백령도,2022-05-07 15:00,12.9,,6.3,340,48,3769
102,백령도,2022-05-07 16:00,12.5,,6.2,320,49,4231
102,백령도,2022-05-07 17:00,11.6,,5.7,320,56,4488
102,백령도,2022-05-07 18:00,11,,5,320,61,4550
102,백령도,2022-05-07 19:00,10.9,,3.8,320,55,4444
102,백령도,2022-05-07 20:00,10.6,,4.1,340,58,4901
102,백령도,2022-05-07 21:00,10.7,,2.8,290,57,4950
102,백령도,2022-05-07 22:00,10,,3.1,290,65,4861
102,백령도,2022-05-07 23:00,10.7,,4.6,320,57,4974
102,백령도,2022-05-08 00:00,10.3,,3.9,290,62,4965
102,백령도,2022-05-08 01:00,10.4,,4.1,320,62,4978
102,백령도,2022-05-08 02:00,10.3,,3.2,320,67,4771
102,백령도,2022-05-08 03:00,10.4,,3,320,69,4806
102,백령도,2022-05-08 04:00,11.4,,1.7,340,58,4996
102,백령도,2022-05-08 05:00,12.7,,2.6,360,43,4997
102,백령도,2022-05-08 06:00,12.9,,.8,50,40,4819
102,백령도,2022-05-08 07:00,12.8,,1.8,90,42,4676
102,백령도,2022-05-08 08:00,13,,2.5,110,43,3902
102,백령도,2022-05-08 09:00,13,,3.1,110,54,3547
102,백령도,2022-05-08 10:00,14.1,,3.1,90,49,3524
102,백령도,2022-05-08 11:00,14.7,,3.8,110,48,3129
102,백령도,2022-05-08 12:00,15.6,,4.1,140,37,3904
102,백령도,2022-05-08 13:00,15.3,,3.8,140,41,4022
102,백령도,2022-05-08 14:00,14.7,,2.5,90,48,4573
102,백령도,2022-05-08 15:00,15,,2.5,360,47,4464
102,백령도,2022-05-08 16:00,14.2,,3.1,340,45,3996
102,백령도,2022-05-08 17:00,12.9,,3.8,360,60,3643
102,백령도,2022-05-08 18:00,11.8,,4.5,360,67,3646
102,백령도,2022-05-08 19:00,10.8,0,3,320,79,3033
102,백령도,2022-05-08 20:00,10.9,0,3.4,50,79,3329
102,백령도,2022-05-08 21:00,11,,2.9,20,80,3255
102,백령도,2022-05-08 22:00,11.4,,2.6,90,75,4484
102,백령도,2022-05-08 23:00,11.4,,2.3,70,74,4940
102,백령도,2022-05-09 00:00,10.2,,3.9,340,85,3442
102,백령도,2022-05-09 01:00,9.4,,2.6,340,88,3148
102,백령도,2022-05-09 02:00,9.4,,3.6,340,87,3543
102,백령도,2022-05-09 03:00,9.2,,4.5,340,88,4205
102,백령도,2022-05-09 04:00,9.6,,2.5,340,83,4836
102,백령도,2022-05-09 05:00,9.5,,2.5,360,79,4999
102,백령도,2022-05-09 06:00,9.7,,3.5,360,79,4963
102,백령도,2022-05-09 07:00,10.8,,2.5,360,73,4945
102,백령도,2022-05-09 08:00,12,,2.5,360,66,4991
102,백령도,2022-05-09 09:00,13.7,,1.9,340,56,5000
102,백령도,2022-05-09 10:00,14.4,,3,340,54,4999
102,백령도,2022-05-09 11:00,15.3,,3.4,340,51,4938
102,백령도,2022-05-09 12:00,15.4,,3.7,320,51,4963
102,백령도,2022-05-09 13:00,14.8,,5.3,320,52,4918
102,백령도,2022-05-09 14:00,14.5,,4.8,290,57,4522
102,백령도,2022-05-09 15:00,14.3,,6.1,290,57,3323
102,백령도,2022-05-09 16:00,13.1,,6.6,320,70,2536
102,백령도,2022-05-09 17:00,12.1,,6,320,79,1674
102,백령도,2022-05-09 18:00,11.8,,5.3,320,80,1359
102,백령도,2022-05-09 19:00,10.8,,5.2,320,85,1057
102,백령도,2022-05-09 20:00,10.2,,4.4,320,87,851
102,백령도,2022-05-09 21:00,9.7,,2.8,320,84,913
102,백령도,2022-05-09 22:00,10.3,,1.6,290,68,1562
102,백령도,2022-05-09 23:00,12.4,,.9,90,51,1915
102,백령도,2022-05-10 00:00,12.5,,2.1,70,45,2487
102,백령도,2022-05-10 01:00,11.5,,1.1,160,51,2772
102,백령도,2022-05-10 02:00,12.8,,1.6,140,57,2843
102,백령도,2022-05-10 03:00,12.2,,1.8,110,66,2601
102,백령도,2022-05-10 04:00,11.5,,1.9,110,68,2275
102,백령도,2022-05-10 05:00,10.2,,.6,200,75,2273
102,백령도,2022-05-10 06:00,10.7,,2.5,70,76,1900
102,백령도,2022-05-10 07:00,11.6,,1.8,110,79,1905
102,백령도,2022-05-10 08:00,14.4,,1.9,110,63,2954
102,백령도,2022-05-10 09:00,14.8,,1.4,180,56,3044
102,백령도,2022-05-10 10:00,16.4,,3.3,160,47,2833
102,백령도,2022-05-10 11:00,15.5,,4.3,180,56,2951
102,백령도,2022-05-10 12:00,18.9,,3.9,140,46,2797
102,백령도,2022-05-10 13:00,18.5,,3.5,200,42,3309
102,백령도,2022-05-10 14:00,15.7,,2,320,58,2769
102,백령도,2022-05-10 15:00,16.9,,2.2,320,55,3158
102,백령도,2022-05-10 16:00,14.5,0,3.8,290,58,2573
102,백령도,2022-05-10 17:00,15.1,0,3.5,290,52,3557
102,백령도,2022-05-10 18:00,13.9,0,4.3,290,58,3587
102,백령도,2022-05-10 19:00,12.2,0,4.3,290,77,1964
102,백령도,2022-05-10 20:00,12,0,4,320,74,3249
102,백령도,2022-05-10 21:00,11.6,0,2.9,320,75,3146
102,백령도,2022-05-10 22:00,11.4,0,2.4,290,81,2540
102,백령도,2022-05-10 23:00,11.8,0,.5,340,77,2932
102,백령도,2022-05-11 00:00,11.6,,1.2,320,78,2800
102,백령도,2022-05-11 01:00,12.2,,.4,0,71,4450
102,백령도,2022-05-11 02:00,12.3,,.1,0,68,4724
102,백령도,2022-05-11 03:00,12.3,,.2,0,66,4945
102,백령도,2022-05-11 04:00,11.9,,.7,160,72,4715
102,백령도,2022-05-11 05:00,12.6,,.6,180,66,4757
102,백령도,2022-05-11 06:00,12.4,,1,320,67,4970
102,백령도,2022-05-11 07:00,12.9,,.7,290,69,4861
102,백령도,2022-05-11 08:00,14.1,,2.1,320,58,4706
102,백령도,2022-05-11 09:00,14.8,,2.9,340,59,4656
102,백령도,2022-05-11 10:00,14.9,,2.8,290,59,4523
102,백령도,2022-05-11 11:00,15.3,,3.2,320,60,4471
102,백령도,2022-05-11 12:00,15.6,,3.6,320,62,4008
102,백령도,2022-05-11 13:00,15,,5.5,320,62,4315
102,백령도,2022-05-11 14:00,15,,5,320,64,4532
102,백령도,2022-05-11 15:00,14.8,,4.4,320,65,4287
102,백령도,2022-05-11 16:00,14.3,,4.2,320,68,3914
102,백령도,2022-05-11 17:00,14.3,,3.6,320,71,2998
102,백령도,2022-05-11 18:00,13,,3.5,320,80,2670
102,백령도,2022-05-11 19:00,12.3,,3.4,320,84,2080
102,백령도,2022-05-11 20:00,11.3,,4,290,90,1313
102,백령도,2022-05-11 21:00,11.2,,3.5,320,92,1009
102,백령도,2022-05-11 22:00,10.9,,3,320,93,957
102,백령도,2022-05-11 23:00,10.6,,2.3,320,95,406
102,백령도,2022-05-12 00:00,10.3,,2.4,290,95,579
102,백령도,2022-05-12 01:00,9.4,,1.8,320,92,664
102,백령도,2022-05-12 02:00,9.5,,2,320,93,597
102,백령도,2022-05-12 03:00,9.9,,2.9,320,90,874
102,백령도,2022-05-12 04:00,10.6,,3,320,87,846
102,백령도,2022-05-12 05:00,10.2,,3.1,320,90,511
102,백령도,2022-05-12 06:00,11.1,,2.3,360,84,829
102,백령도,2022-05-12 07:00,12.2,,1.2,360,78,1099
102,백령도,2022-05-12 08:00,13.7,,1.5,360,70,1315
102,백령도,2022-05-12 09:00,15.3,,2,70,61,1498
102,백령도,2022-05-12 10:00,16.5,,2.4,340,52,2270
102,백령도,2022-05-12 11:00,14.9,,5.7,320,68,1537
102,백령도,2022-05-12 12:00,14.2,,5.2,320,69,1420
102,백령도,2022-05-12 13:00,16,,4.3,320,62,1691
102,백령도,2022-05-12 14:00,13.8,,5,340,72,1204
102,백령도,2022-05-12 15:00,13.4,,5.9,340,74,1164
102,백령도,2022-05-12 16:00,15.2,,5.2,340,61,1925
102,백령도,2022-05-12 17:00,16.1,,6.6,340,55,2587
102,백령도,2022-05-12 18:00,14.2,,5.5,340,64,1626
102,백령도,2022-05-12 19:00,13.4,,3.5,340,68,1274
102,백령도,2022-05-12 20:00,13.9,,5,340,54,2114
102,백령도,2022-05-12 21:00,13.8,,4.4,340,54,2238
102,백령도,2022-05-12 22:00,14,,5.7,360,51,2602
102,백령도,2022-05-12 23:00,14,,4.9,340,50,3095
102,백령도,2022-05-13 00:00,13.1,,3,340,56,3251
102,백령도,2022-05-13 01:00,13.5,,3.9,320,52,3386
102,백령도,2022-05-13 02:00,12.9,,2.7,320,57,2824
102,백령도,2022-05-13 03:00,11.6,,1.7,320,67,2238
102,백령도,2022-05-13 04:00,11,,2.5,290,73,1822
102,백령도,2022-05-13 05:00,11.3,,3.3,290,71,1714
102,백령도,2022-05-13 06:00,11.6,,3.6,290,76,1484
102,백령도,2022-05-13 07:00,12,,2.7,290,76,1316
102,백령도,2022-05-13 08:00,13.4,,2.8,290,72,1445
102,백령도,2022-05-13 09:00,13.7,,3.2,320,68,1597
102,백령도,2022-05-13 10:00,13.1,,5.2,320,71,1367
102,백령도,2022-05-13 11:00,12.9,,4.7,320,73,1498
102,백령도,2022-05-13 12:00,12.7,,3.8,320,74,1310
102,백령도,2022-05-13 13:00,12.5,,5.8,290,74,1211
102,백령도,2022-05-13 14:00,13.5,,4.9,290,67,1474
102,백령도,2022-05-13 15:00,12.5,,4.6,320,71,1378
102,백령도,2022-05-13 16:00,14.2,,3.3,290,56,1677
102,백령도,2022-05-13 17:00,13.1,,7.3,290,73,1090
102,백령도,2022-05-13 18:00,13.4,,7,290,77,808
102,백령도,2022-05-13 19:00,12.3,,5.7,290,85,528
102,백령도,2022-05-13 20:00,11.4,,4.5,290,89,337
102,백령도,2022-05-13 21:00,11.4,,4.3,290,83,483
102,백령도,2022-05-13 22:00,11,,3.8,290,79,797
102,백령도,2022-05-13 23:00,12,,5.9,290,56,2758
102,백령도,2022-05-14 00:00,11.3,,5.6,290,68,3008
102,백령도,2022-05-14 01:00,11,,5.9,290,72,2143
102,백령도,2022-05-14 02:00,10.8,,5.2,290,71,2147
102,백령도,2022-05-14 03:00,10.4,,4.5,270,77,1870
102,백령도,2022-05-14 04:00,10.5,,4.7,290,77,1797
102,백령도,2022-05-14 05:00,10.1,,3.8,290,82,1697
102,백령도,2022-05-14 06:00,9.8,,3,290,85,1449
102,백령도,2022-05-14 07:00,11,,3.4,290,79,2029
102,백령도,2022-05-14 08:00,12.2,,3.1,320,70,2542
102,백령도,2022-05-14 09:00,12.9,,4.2,290,68,2769
102,백령도,2022-05-14 10:00,12.9,,6.9,290,63,3287
102,백령도,2022-05-14 11:00,13.4,,5.9,290,59,3449
102,백령도,2022-05-14 12:00,13.2,,5.7,290,57,4180
102,백령도,2022-05-14 13:00,13.8,,6.1,290,52,4173
102,백령도,2022-05-14 14:00,13.2,,6.5,290,55,4202
102,백령도,2022-05-14 15:00,15,,4.9,290,45,4345
102,백령도,2022-05-14 16:00,14.5,,6.5,320,40,4480
102,백령도,2022-05-14 17:00,14.6,,5,250,39.7,3468
102,백령도,2022-05-14 18:00,14,,6.3,270,47,4096
102,백령도,2022-05-14 19:00,13,,4.9,290,54,4446
102,백령도,2022-05-14 20:00,12.1,,5.2,290,65,4632
102,백령도,2022-05-14 21:00,11.4,,5.2,290,73,4401
102,백령도,2022-05-14 22:00,11.2,,4.6,290,75,4049
102,백령도,2022-05-14 23:00,11.1,,4.6,290,74,4258
102,백령도,2022-05-15 00:00,11,,3.9,290,74,4328
102,백령도,2022-05-15 01:00,10.5,,3.8,290,78,4361
102,백령도,2022-05-15 02:00,10.4,,4.2,290,78,4666
102,백령도,2022-05-15 03:00,10,,3.6,320,82,4119
102,백령도,2022-05-15 04:00,9.5,,3.1,290,81,4257
102,백령도,2022-05-15 05:00,9.1,,3,290,80,4105
102,백령도,2022-05-15 06:00,9,,2.8,290,80,3983
102,백령도,2022-05-15 07:00,11.3,,2.3,290,68,4159
102,백령도,2022-05-15 08:00,13,,3.3,290,54,4384
102,백령도,2022-05-15 09:00,14.1,,3.9,290,44,4886
102,백령도,2022-05-15 10:00,15.6,,4.7,320,32,4931
102,백령도,2022-05-15 11:00,16.6,,5.1,290,25,4766
102,백령도,2022-05-15 12:00,18,,6.2,320,15,4841
102,백령도,2022-05-15 13:00,19.5,,5.2,290,15,4315
102,백령도,2022-05-15 14:00,18.5,,6.2,250,17,4889
102,백령도,2022-05-15 15:00,18.9,,5.6,250,15,4983
102,백령도,2022-05-15 16:00,18.2,,5.7,230,20,4935
102,백령도,2022-05-15 17:00,16.8,,5.5,230,30,4784
102,백령도,2022-05-15 18:00,15.8,,6.1,230,35,4826
102,백령도,2022-05-15 19:00,14.7,,6,230,41,4541
102,백령도,2022-05-15 20:00,13.9,,6.7,230,47,4753
102,백령도,2022-05-15 21:00,13.4,,6.4,230,57,4354
102,백령도,2022-05-15 22:00,13.3,,7.4,230,63,4318
102,백령도,2022-05-15 23:00,13,,7.3,230,68,4303
102,백령도,2022-05-16 00:00,12.8,,6.3,230,74,3828
102,백령도,2022-05-16 01:00,13.6,,6.8,230,66,3872
102,백령도,2022-05-16 02:00,13.7,,7.8,250,66,3531
102,백령도,2022-05-16 03:00,13.7,,6.2,230,63,3067
102,백령도,2022-05-16 04:00,13.4,,6.1,230,70,2271
102,백령도,2022-05-16 05:00,13.1,,4.7,230,77,1384
102,백령도,2022-05-16 06:00,12.8,,2.5,230,83,1100
102,백령도,2022-05-16 07:00,13.3,,.9,160,82,894
102,백령도,2022-05-16 08:00,15.3,,2.4,160,71,1410
102,백령도,2022-05-16 09:00,15.5,,2.6,180,68,1413
102,백령도,2022-05-16 10:00,16.1,,2.2,180,64,1071
102,백령도,2022-05-16 11:00,16.5,,3.2,200,65,1621
102,백령도,2022-05-16 12:00,17,,3.5,180,64,1731
102,백령도,2022-05-16 13:00,17.6,,3.9,160,60,1840
102,백령도,2022-05-16 14:00,17.3,,5.3,180,62,2055
102,백령도,2022-05-16 15:00,17.9,,4.2,200,58,1828
102,백령도,2022-05-16 16:00,16.5,,3.7,200,67,1548
102,백령도,2022-05-16 17:00,17.5,,4.5,200,63,1585
102,백령도,2022-05-16 18:00,17.8,,4.3,230,55,2035
102,백령도,2022-05-16 19:00,15.2,,3.3,180,73,1378
102,백령도,2022-05-16 20:00,14.5,,1.1,200,77,1150
102,백령도,2022-05-16 21:00,13.3,,1.7,140,82,924
102,백령도,2022-05-16 22:00,12.1,,2.2,160,92,393
102,백령도,2022-05-16 23:00,12.1,,2.1,180,92,338
102,백령도,2022-05-17 00:00,11.8,,1.8,140,92,357
102,백령도,2022-05-17 01:00,12,,1.9,160,92,382
102,백령도,2022-05-17 02:00,12.1,,1.6,140,91,415
102,백령도,2022-05-17 03:00,11.8,,2.2,110,94,249
102,백령도,2022-05-17 04:00,12,,3.2,140,95,128
102,백령도,2022-05-17 05:00,11.9,,3.8,140,96,120
102,백령도,2022-05-17 06:00,11.8,,3.7,110,96,21
102,백령도,2022-05-17 07:00,12.4,,3.6,140,96,207
102,백령도,2022-05-17 08:00,12.7,,5.3,110,92,341
102,백령도,2022-05-17 09:00,14.2,,6.2,110,86,637
102,백령도,2022-05-17 10:00,15.7,,5,110,77,956
102,백령도,2022-05-17 11:00,17.3,,5.2,110,71,1067
102,백령도,2022-05-17 12:00,17.8,,6.8,140,67,1352
102,백령도,2022-05-17 13:00,18.2,,6.9,140,65,1567
102,백령도,2022-05-17 14:00,18.2,,5.7,140,67,1388
102,백령도,2022-05-17 15:00,17.8,,5.4,160,70,1406
102,백령도,2022-05-17 16:00,17.4,,5.4,160,72,1320
102,백령도,2022-05-17 17:00,16.3,,5.4,160,77,1168
102,백령도,2022-05-17 18:00,15.5,,4,160,82,981
102,백령도,2022-05-17 19:00,14.3,,4.4,160,89,577
102,백령도,2022-05-17 20:00,13.9,,4.9,160,93,283
102,백령도,2022-05-17 21:00,13.8,,5.2,160,94,195
102,백령도,2022-05-17 22:00,13.9,,5.5,160,95,170
102,백령도,2022-05-17 23:00,13.7,,6,140,95,180
102,백령도,2022-05-18 00:00,13.8,,5.4,140,94,178
102,백령도,2022-05-18 01:00,13.6,,4.7,140,95,155
102,백령도,2022-05-18 02:00,13.7,,6.5,140,93,218
102,백령도,2022-05-18 03:00,13.4,,6.6,140,92,248
102,백령도,2022-05-18 04:00,15.1,,8.5,160,83,510
102,백령도,2022-05-18 05:00,14.6,,7.3,140,80,638
102,백령도,2022-05-18 06:00,14.4,,5.5,140,79,783
102,백령도,2022-05-18 07:00,15,,2.7,140,79,916
102,백령도,2022-05-18 08:00,15,,4.1,110,79,1149
102,백령도,2022-05-18 09:00,16.2,,2.8,110,74,1360
102,백령도,2022-05-18 10:00,14.8,,5.5,140,79,944
102,백령도,2022-05-18 11:00,16.2,,7.2,160,76,1305
102,백령도,2022-05-18 12:00,16.6,,6.2,160,72,1366
102,백령도,2022-05-18 13:00,18,,4.7,140,68,1336
102,백령도,2022-05-18 14:00,19.3,,3.4,140,63,1489
102,백령도,2022-05-18 15:00,18.3,,5.5,140,66,1396
102,백령도,2022-05-18 16:00,18.3,,2.8,140,64,1378
102,백령도,2022-05-18 17:00,17.9,,2.9,160,66,1351
102,백령도,2022-05-18 18:00,16.3,,1.8,140,72,1221
102,백령도,2022-05-18 19:00,15,,1.7,180,80,818
102,백령도,2022-05-18 20:00,13,,3,180,88,488
102,백령도,2022-05-18 21:00,12.8,,1.2,180,91,376
102,백령도,2022-05-18 22:00,12.6,,1.6,140,89,400
102,백령도,2022-05-18 23:00,12.9,,1.5,140,91,352
102,백령도,2022-05-19 00:00,12.4,,2.2,140,94,245
102,백령도,2022-05-19 01:00,11.9,,2.6,90,94,181
102,백령도,2022-05-19 02:00,12.2,,3.1,110,95,206
102,백령도,2022-05-19 03:00,13,,3.2,110,95,173
102,백령도,2022-05-19 04:00,13,,2.4,110,95,190
102,백령도,2022-05-19 05:00,12.4,,3.5,110,95,228
102,백령도,2022-05-19 06:00,12.5,,3.2,110,95,138
102,백령도,2022-05-19 07:00,12.9,,3.6,110,95,215
102,백령도,2022-05-19 08:00,14.4,,3.5,110,88,574
102,백령도,2022-05-19 09:00,15.8,,4,110,80,842
102,백령도,2022-05-19 10:00,16.3,,5.5,110,78,942
102,백령도,2022-05-19 11:00,17.9,,4.6,140,71,1198
102,백령도,2022-05-19 12:00,17.9,,5.2,140,65,2088
102,백령도,2022-05-19 13:00,19.6,,5.1,140,57,2313
102,백령도,2022-05-19 14:00,19.1,,5.2,160,60,2574
102,백령도,2022-05-19 15:00,18.1,,4.5,160,64,1977
102,백령도,2022-05-19 16:00,16.6,,4.7,160,71,1980
102,백령도,2022-05-19 17:00,17.1,,5.4,160,72,1859
102,백령도,2022-05-19 18:00,14.8,,2.7,160,85,1034
102,백령도,2022-05-19 19:00,13.5,,2.9,180,91,517
102,백령도,2022-05-19 20:00,12.9,,2.2,160,93,283
102,백령도,2022-05-19 21:00,13.6,,3.5,160,90,550
102,백령도,2022-05-19 22:00,13.1,,3.9,160,88,804
102,백령도,2022-05-19 23:00,12.6,,2.5,110,90,943
102,백령도,2022-05-20 00:00,13.2,,3.5,180,87,860
102,백령도,2022-05-20 01:00,13.4,,3.5,180,88,696
102,백령도,2022-05-20 02:00,14.7,,4.8,180,84,1018
102,백령도,2022-05-20 03:00,12.9,,3,90,90,717
102,백령도,2022-05-20 04:00,13.4,.3,3.1,140,91,552
102,백령도,2022-05-20 05:00,12.5,.2,1.9,110,93,408
102,백령도,2022-05-20 06:00,12.8,,3.6,110,94,372
102,백령도,2022-05-20 07:00,13.8,,5.3,140,93,371
102,백령도,2022-05-20 08:00,14.1,,5.3,140,92,468
102,백령도,2022-05-20 09:00,14.4,,5.5,140,91,650
102,백령도,2022-05-20 10:00,15.5,,3.7,160,88,948
102,백령도,2022-05-20 11:00,15.3,,3.3,180,83,1202
102,백령도,2022-05-20 12:00,16.4,,4.8,160,80,1483
102,백령도,2022-05-20 13:00,18.1,,5.8,180,73,1969
102,백령도,2022-05-20 14:00,17.7,,4.6,180,76,1726
102,백령도,2022-05-20 15:00,17.9,,4.6,180,76,1720
102,백령도,2022-05-20 16:00,17.8,,3.6,180,77,1794
102,백령도,2022-05-20 17:00,16.7,,2.4,160,80,1435
102,백령도,2022-05-20 18:00,16.3,,2.6,160,85,1256
102,백령도,2022-05-20 19:00,14.7,,2.4,140,92,584
102,백령도,2022-05-20 20:00,13.9,,1.5,140,94,331
102,백령도,2022-05-20 21:00,13.8,,2.7,160,95,161
102,백령도,2022-05-20 22:00,13.8,,3.1,180,96,202
102,백령도,2022-05-20 23:00,14.9,,4.4,200,96,89
102,백령도,2022-05-21 00:00,14.1,,2.9,180,96,24
102,백령도,2022-05-21 01:00,14.1,,2.3,180,96,30
102,백령도,2022-05-21 02:00,14.1,,1.9,180,97,23
102,백령도,2022-05-21 03:00,13.6,,2.5,160,97,28
102,백령도,2022-05-21 04:00,13,,1.1,160,97,33
102,백령도,2022-05-21 05:00,12.5,,1.8,140,97,23
102,백령도,2022-05-21 06:00,12.7,,1.9,110,97,15
102,백령도,2022-05-21 07:00,13.2,,2,140,97,30
102,백령도,2022-05-21 08:00,13.6,,2.9,140,97,77
102,백령도,2022-05-21 09:00,14,,2.7,160,97,270
102,백령도,2022-05-21 10:00,15,,3.6,160,94,890
102,백령도,2022-05-21 11:00,15.5,,3.9,160,87,1356
102,백령도,2022-05-21 12:00,15.5,,3.7,160,86,1403
102,백령도,2022-05-21 13:00,16,,3,180,86,1426
102,백령도,2022-05-21 14:00,15.4,,3.1,200,86,1544
102,백령도,2022-05-21 15:00,15.5,,3.3,200,86,1686
102,백령도,2022-05-21 16:00,15,,3.2,180,87,1689
102,백령도,2022-05-21 17:00,14.6,,3,180,90,1228
102,백령도,2022-05-21 18:00,13.9,,4.2,180,94,327
102,백령도,2022-05-21 19:00,13.7,,3.4,180,95,89
102,백령도,2022-05-21 20:00,13.4,,2.4,140,96,56
102,백령도,2022-05-21 21:00,13.2,,2.2,140,97,34
102,백령도,2022-05-21 22:00,13.2,,2.4,140,97,33
102,백령도,2022-05-21 23:00,13.6,,2.5,140,97,30
102,백령도,2022-05-22 00:00,13.3,,2.7,140,97,33
102,백령도,2022-05-22 01:00,12.8,,2.6,140,97,34
102,백령도,2022-05-22 02:00,13.1,,3.3,140,97,22
102,백령도,2022-05-22 03:00,13.3,,1.7,140,97,26
102,백령도,2022-05-22 04:00,13,,2.6,110,97,19
102,백령도,2022-05-22 05:00,13.1,,3.6,140,97,15
102,백령도,2022-05-22 06:00,13.1,,3,140,97,19
102,백령도,2022-05-22 07:00,12.9,,3.3,140,97,36
102,백령도,2022-05-22 08:00,13,,3.2,110,97,80
102,백령도,2022-05-22 09:00,13,,4.6,140,97,81
102,백령도,2022-05-22 10:00,14.2,,4.3,140,97,113
102,백령도,2022-05-22 11:00,16,,3.4,110,81,3267
102,백령도,2022-05-22 12:00,18,,2.9,140,72,3384
102,백령도,2022-05-22 13:00,17.7,,2.4,180,73,2228
102,백령도,2022-05-22 14:00,18.8,,3.1,110,69,2659
102,백령도,2022-05-22 15:00,18.8,,2.4,180,69,2032
102,백령도,2022-05-22 16:00,19,,2.9,180,68,1930
102,백령도,2022-05-22 17:00,17.7,,3.4,200,72,1200
102,백령도,2022-05-22 18:00,17.2,,2.3,180,79,1300
102,백령도,2022-05-22 19:00,15.8,,2.9,180,86,1089
102,백령도,2022-05-22 20:00,14.4,,2.9,160,91,771
102,백령도,2022-05-22 21:00,14.4,,3.8,160,95,502
102,백령도,2022-05-22 22:00,14.2,,3.2,180,95,415
102,백령도,2022-05-22 23:00,14.3,,2.5,160,94,464
102,백령도,2022-05-23 00:00,14.1,,2.3,160,95,336
102,백령도,2022-05-23 01:00,13.8,,1.5,140,95,429
102,백령도,2022-05-23 02:00,13.6,,2.4,110,95,345
102,백령도,2022-05-23 03:00,13.8,,2.8,110,96,313
102,백령도,2022-05-23 04:00,14.4,,2.7,110,95,340
102,백령도,2022-05-23 05:00,14.4,,2.2,140,95,397
102,백령도,2022-05-23 06:00,13.4,,3.8,140,96,30
102,백령도,2022-05-23 07:00,13.8,,4.3,140,97,21
102,백령도,2022-05-23 08:00,14,,3.4,140,97,25
102,백령도,2022-05-23 09:00,14.2,,4,160,97,60
102,백령도,2022-05-23 10:00,15.1,,4.7,140,97,191
102,백령도,2022-05-23 11:00,17.1,,4.1,110,84,538
102,백령도,2022-05-23 12:00,18.3,,4,140,73,886
102,백령도,2022-05-23 13:00,17.5,,4.4,160,78,833
102,백령도,2022-05-23 14:00,16.8,,4.1,180,80,802
102,백령도,2022-05-23 15:00,16.5,,3.3,180,79,1147
102,백령도,2022-05-23 16:00,16,,3.7,180,82,1348
102,백령도,2022-05-23 17:00,17.5,,2,180,73,1673
102,백령도,2022-05-23 18:00,17.2,,2.3,200,76,1990
102,백령도,2022-05-23 19:00,15.5,,2.2,180,88,985
102,백령도,2022-05-23 20:00,15.2,,2.4,200,90,652
102,백령도,2022-05-23 21:00,13.2,,2.8,90,93,339
102,백령도,2022-05-23 22:00,15.6,,1.9,160,81,1176
102,백령도,2022-05-23 23:00,13.7,,.8,110,85,1090
102,백령도,2022-05-24 00:00,17.7,,1.9,230,60,3996
102,백령도,2022-05-24 01:00,17,,.5,230,66,4020
102,백령도,2022-05-24 02:00,15.5,,1.2,110,74,2765
102,백령도,2022-05-24 03:00,15.4,,.7,140,75,2740
102,백령도,2022-05-24 04:00,15.6,,1.2,140,82,2164
102,백령도,2022-05-24 05:00,17.7,,4.2,230,74,3803
102,백령도,2022-05-24 06:00,17.6,,4.3,230,75,3890
102,백령도,2022-05-24 07:00,14.9,,2.2,110,85,1196
102,백령도,2022-05-24 08:00,17.7,,3.3,160,76,2437
102,백령도,2022-05-24 09:00,19.2,,2.7,160,71,3051
102,백령도,2022-05-24 10:00,19,,4.6,180,68,2894
102,백령도,2022-05-24 11:00,18.9,,5.3,180,68,3396
102,백령도,2022-05-24 12:00,19.5,,5.4,180,68,3440
102,백령도,2022-05-24 13:00,18.7,,5,160,70,3672
102,백령도,2022-05-24 14:00,19.6,,4.8,180,69,3099
102,백령도,2022-05-24 15:00,18.8,,4.8,180,72,2833
102,백령도,2022-05-24 16:00,18.6,,4.8,180,73,3309
102,백령도,2022-05-24 17:00,19.4,,4.6,180,72,3370
102,백령도,2022-05-24 18:00,19.3,,4.9,200,74,3961
102,백령도,2022-05-24 19:00,17.9,,4.6,200,81,3080
102,백령도,2022-05-24 20:00,16.4,,3.5,180,88,1540
102,백령도,2022-05-24 21:00,16.7,,4.3,180,89,1893
102,백령도,2022-05-24 22:00,16.4,,3.4,200,90,1888
102,백령도,2022-05-24 23:00,16,,1.9,180,92,978
102,백령도,2022-05-25 00:00,14.8,,1.7,90,93,555
102,백령도,2022-05-25 01:00,13.9,,1.7,110,95,392
102,백령도,2022-05-25 02:00,12.6,,1.2,110,95,59
102,백령도,2022-05-25 03:00,12.4,,2.2,90,97,19
102,백령도,2022-05-25 04:00,13.4,,2.1,160,97,35
102,백령도,2022-05-25 05:00,13.5,,1.5,200,97,66
102,백령도,2022-05-25 06:00,13.3,,3.5,140,97,30
102,백령도,2022-05-25 07:00,14,,2.4,290,97,50
102,백령도,2022-05-25 08:00,14.2,,1.5,290,97,106
102,백령도,2022-05-25 09:00,15.2,,4.1,160,97,634
102,백령도,2022-05-25 10:00,15.2,,5.9,180,95,1035
102,백령도,2022-05-25 11:00,16.9,,6.2,180,87,1817
102,백령도,2022-05-25 12:00,17.6,,3,160,82,2116
102,백령도,2022-05-25 13:00,16.3,,5.6,230,93,303
102,백령도,2022-05-25 14:00,16.2,0,4.2,230,93,401
102,백령도,2022-05-25 15:00,16.2,.3,2.8,230,95,335
102,백령도,2022-05-25 16:00,16.2,.3,3.3,290,95,551
102,백령도,2022-05-25 17:00,13.6,.3,6,320,95,90
102,백령도,2022-05-25 18:00,13.9,1.4,2.9,290,96,2246
102,백령도,2022-05-25 19:00,13.2,0,5.3,320,95,1510
102,백령도,2022-05-25 20:00,13.3,,4.6,290,96,933
102,백령도,2022-05-25 21:00,13.8,,5.3,290,95,1618
102,백령도,2022-05-25 22:00,14,,4.6,290,89,1221
102,백령도,2022-05-25 23:00,14,,6.4,290,89,846
102,백령도,2022-05-26 00:00,14.1,,5.6,320,74,3834
102,백령도,2022-05-26 01:00,13.7,,6.1,290,81,4133
102,백령도,2022-05-26 02:00,13.7,,5,320,79,4580
102,백령도,2022-05-26 03:00,13.1,,3.8,320,78,4784
102,백령도,2022-05-26 04:00,13.5,,3.3,290,78,4933
102,백령도,2022-05-26 05:00,13.3,,4.1,290,90,2657
102,백령도,2022-05-26 06:00,13.9,,3.9,270,87,3166
102,백령도,2022-05-26 07:00,15.6,,3.8,270,66,4963
102,백령도,2022-05-26 08:00,16,,4.7,250,64,4788
102,백령도,2022-05-26 09:00,17.3,,6.6,250,58,4407
102,백령도,2022-05-26 10:00,18.7,,6.8,230,49,4740
102,백령도,2022-05-26 11:00,18.9,,6.3,230,49,4580
102,백령도,2022-05-26 12:00,19.8,,7.1,230,43,4381
102,백령도,2022-05-26 13:00,20.5,,7.4,230,40,4427
102,백령도,2022-05-26 14:00,20.7,,7.8,250,36,4258
102,백령도,2022-05-26 15:00,20.1,,7.8,250,43,3562
102,백령도,2022-05-26 16:00,19.8,,7.7,250,50,3073
102,백령도,2022-05-26 17:00,18.3,,8.4,270,63,2403
102,백령도,2022-05-26 18:00,18,,6.9,250,64,1854
102,백령도,2022-05-26 19:00,16.8,,6.5,250,70,1921
102,백령도,2022-05-26 20:00,16.2,,4.6,270,73,1989
102,백령도,2022-05-26 21:00,16.7,,4,270,67,2287
102,백령도,2022-05-26 22:00,16.7,,3.6,270,66,2349
102,백령도,2022-05-26 23:00,15.4,,2,270,73,2201
102,백령도,2022-05-27 00:00,14.5,,3.7,290,81,1561
102,백령도,2022-05-27 01:00,13.5,,2.6,270,87,1328
102,백령도,2022-05-27 02:00,13.3,,2.8,290,88,1627
102,백령도,2022-05-27 03:00,13.6,,2.8,290,84,2141
102,백령도,2022-05-27 04:00,13.5,,3.3,290,82,3479
102,백령도,2022-05-27 05:00,13.8,,4,320,80,4691
102,백령도,2022-05-27 06:00,14,,3.7,320,79,4753
102,백령도,2022-05-27 07:00,14.1,,3.1,320,81,4745
102,백령도,2022-05-27 08:00,15.5,,3,290,75,4465
102,백령도,2022-05-27 09:00,17.8,,3.2,290,59,4896
102,백령도,2022-05-27 10:00,19.4,,3.1,320,54,4732
102,백령도,2022-05-27 11:00,19.2,,4.3,290,51,4918
102,백령도,2022-05-27 12:00,20.1,,3.9,320,47,4974
102,백령도,2022-05-27 13:00,21.1,,3.8,290,45,4995
102,백령도,2022-05-27 14:00,21.6,,4.3,250,37,4994
102,백령도,2022-05-27 15:00,22.2,,4.1,250,36,4999
102,백령도,2022-05-27 16:00,22.3,,4.4,230,36,4944
102,백령도,2022-05-27 17:00,20.8,,4.9,180,44,4957
102,백령도,2022-05-27 18:00,19.6,,3.7,180,57,4954
102,백령도,2022-05-27 19:00,18.3,,4.8,200,59,5000
102,백령도,2022-05-27 20:00,17.2,,3.9,200,71,4825
102,백령도,2022-05-27 21:00,15.3,,1.8,160,78,2898
102,백령도,2022-05-27 22:00,14.6,,1.3,110,88,1797
102,백령도,2022-05-27 23:00,14.3,,2.2,160,91,820
102,백령도,2022-05-28 00:00,12.8,,2.7,90,95,345
102,백령도,2022-05-28 01:00,14.3,,4,110,96,261
102,백령도,2022-05-28 02:00,15,,3,140,96,234
102,백령도,2022-05-28 03:00,14,,3.3,110,96,17
102,백령도,2022-05-28 04:00,13.6,,4.4,140,96,19
102,백령도,2022-05-28 05:00,13.4,,4.7,110,97,17
102,백령도,2022-05-28 06:00,13.5,,3.9,110,97,13
102,백령도,2022-05-28 07:00,13.5,,4.5,140,97,19
102,백령도,2022-05-28 08:00,14.1,,4.4,140,97,33
102,백령도,2022-05-28 09:00,14.4,,5.4,140,97,57
102,백령도,2022-05-28 10:00,17.4,,5.7,140,85,1091
102,백령도,2022-05-28 11:00,18.2,,6.2,110,75,1603
102,백령도,2022-05-28 12:00,19.8,,4.8,140,69,2119
102,백령도,2022-05-28 13:00,21.1,,4.5,160,68,1668
102,백령도,2022-05-28 14:00,21.1,,4.5,160,67,1325
102,백령도,2022-05-28 15:00,21.1,,5,160,66,1090
102,백령도,2022-05-28 16:00,20.3,,5.5,160,68,1159
102,백령도,2022-05-28 17:00,19.3,,5.5,180,75,833
102,백령도,2022-05-28 18:00,18.4,,4.4,160,79,833
102,백령도,2022-05-28 19:00,17,,5.8,160,87,618
102,백령도,2022-05-28 20:00,16.4,,4.2,160,91,405
102,백령도,2022-05-28 21:00,16.3,,4.9,180,92,355
102,백령도,2022-05-28 22:00,16.3,,7,160,95,79
102,백령도,2022-05-28 23:00,15.8,,5.1,160,96,199
102,백령도,2022-05-29 00:00,15.7,,4.3,160,96,114
102,백령도,2022-05-29 01:00,16.2,,4.7,180,96,52
102,백령도,2022-05-29 02:00,16.5,,4.1,160,96,279
102,백령도,2022-05-29 03:00,16.3,,4.8,160,95,439
102,백령도,2022-05-29 04:00,16.8,,5.7,160,92,793
102,백령도,2022-05-29 05:00,15.5,,3.6,180,95,291
102,백령도,2022-05-29 06:00,16.2,,3.7,180,95,425
102,백령도,2022-05-29 07:00,16.9,,3.5,180,93,799
102,백령도,2022-05-29 08:00,16.5,,4.8,180,92,781
102,백령도,2022-05-29 09:00,17.2,,6,180,91,1140
102,백령도,2022-05-29 10:00,17.3,,7,160,88,1254
102,백령도,2022-05-29 11:00,17.7,,7,160,83,1668
102,백령도,2022-05-29 12:00,17,,5.2,140,87,1214
102,백령도,2022-05-29 13:00,15.8,,5.8,140,91,688
102,백령도,2022-05-29 14:00,16.8,,6.1,160,88,987
102,백령도,2022-05-29 15:00,17.5,,7.5,160,87,1548
102,백령도,2022-05-29 16:00,19,,4.1,160,80,1713
102,백령도,2022-05-29 17:00,17.1,,2.9,140,86,980
102,백령도,2022-05-29 18:00,17.1,,2.3,140,87,1007
102,백령도,2022-05-29 19:00,17,,2.7,140,88,1312
102,백령도,2022-05-29 20:00,15.7,,2.4,140,92,508
102,백령도,2022-05-29 21:00,15.9,,4.2,140,92,793
102,백령도,2022-05-29 22:00,15.4,,1.2,160,94,698
102,백령도,2022-05-29 23:00,16.3,,1.6,140,92,978
102,백령도,2022-05-30 00:00,15.8,,.3,0,93,901
102,백령도,2022-05-30 01:00,15.2,,.9,90,94,759
102,백령도,2022-05-30 02:00,15.4,,1.4,90,94,666
102,백령도,2022-05-30 03:00,15.9,0,1,110,94,690
102,백령도,2022-05-30 04:00,15.8,0,1.1,110,95,326
102,백령도,2022-05-30 05:00,15.4,.1,1.5,110,96,52
102,백령도,2022-05-30 06:00,15.9,.1,1.9,140,96,271
102,백령도,2022-05-30 07:00,15.9,.9,1.4,160,96,145
102,백령도,2022-05-30 08:00,15.9,.4,1.4,180,96,134
102,백령도,2022-05-30 09:00,16.3,.2,1.7,180,96,208
102,백령도,2022-05-30 10:00,16.7,.4,2.8,230,96,359
102,백령도,2022-05-30 11:00,17.3,.2,2.9,250,96,533
102,백령도,2022-05-30 12:00,16.2,0,1.9,340,96,468
102,백령도,2022-05-30 13:00,14.3,,5.9,320,91,4221
102,백령도,2022-05-30 14:00,16.5,,4.5,340,80,4381
102,백령도,2022-05-30 15:00,17.9,,5.5,340,55,4922
102,백령도,2022-05-30 16:00,17.6,,4.6,320,62,4979
102,백령도,2022-05-30 17:00,17.2,,4.8,320,67,4829
102,백령도,2022-05-30 18:00,17.6,,4.8,290,62,4965
102,백령도,2022-05-30 19:00,16.2,,4.8,290,78,5000
102,백령도,2022-05-30 20:00,14.5,,4.3,290,88,4732
102,백령도,2022-05-30 21:00,14.7,,3.7,290,85,4570
102,백령도,2022-05-30 22:00,15.4,,4.3,290,70,4996
102,백령도,2022-05-30 23:00,15.9,,4.5,290,63,4983
102,백령도,2022-05-31 00:00,16,,3.7,290,54,5000
102,백령도,2022-05-31 01:00,16.2,,3.4,290,51,5000
102,백령도,2022-05-31 02:00,15.8,,2.9,290,49,5000
102,백령도,2022-05-31 03:00,15.2,,2.5,250,68,4999
102,백령도,2022-05-31 04:00,14.9,,1.1,270,68,5000
102,백령도,2022-05-31 05:00,15.4,,.9,320,60,5000
102,백령도,2022-05-31 06:00,12.9,,3,90,84,4017
102,백령도,2022-05-31 07:00,16.7,0,2.4,20,48,4915
102,백령도,2022-05-31 08:00,15.1,,3.8,180,67,4358
102,백령도,2022-05-31 09:00,16.8,,3.9,200,58,4781
102,백령도,2022-05-31 10:00,18.5,,4,200,50,4825
102,백령도,2022-05-31 11:00,19.7,,5.7,180,45,4777
102,백령도,2022-05-31 12:00,20.5,,4.3,180,41,4906
102,백령도,2022-05-31 13:00,20.7,,6.3,180,44,4684
102,백령도,2022-05-31 14:00,20.3,,8,180,48,4313
102,백령도,2022-05-31 15:00,20.4,,7,200,49,4120
102,백령도,2022-05-31 16:00,20,,6.4,200,57,3578
102,백령도,2022-05-31 17:00,19.8,,5.5,200,61,3737
102,백령도,2022-05-31 18:00,18.4,,5.5,160,62,3802
102,백령도,2022-05-31 19:00,17.4,,4.3,160,68,3647
102,백령도,2022-05-31 20:00,15.9,,3.7,160,80,3206
102,백령도,2022-05-31 21:00,15.6,,3.7,160,82,2857
102,백령도,2022-05-31 22:00,16.3,,3.9,140,78,3238
102,백령도,2022-05-31 23:00,16,,4.3,140,78,3194
102,백령도,2022-06-01 00:00,16.7,,3.9,160,71,3288
102,백령도,2022-06-01 01:00,17.6,,4,160,67,3128
102,백령도,2022-06-01 02:00,16.1,,1.3,140,76,2848
102,백령도,2022-06-01 03:00,17.4,0,2,160,63,2928
102,백령도,2022-06-01 04:00,15.6,,2.5,110,74,2785
102,백령도,2022-06-01 05:00,15.6,,3.2,140,74,2696
102,백령도,2022-06-01 06:00,16.3,0,3.9,140,69,2902
102,백령도,2022-06-01 07:00,16.8,,6.5,160,71,2931
102,백령도,2022-06-01 08:00,15.3,.1,3,110,86,2203
102,백령도,2022-06-01 09:00,17.8,,4.4,110,72,2704
102,백령도,2022-06-01 10:00,19.3,,5.1,140,67,2737
102,백령도,2022-06-01 11:00,20.3,,3.1,140,65,3087
102,백령도,2022-06-01 12:00,20.7,,3.5,180,63,3227
102,백령도,2022-06-01 13:00,20.6,,3.6,160,59.5,3206
102,백령도,2022-06-01 14:00,20.8,,3.9,180,60,3657
102,백령도,2022-06-01 15:00,20.9,,4.7,180,62.2,4897
102,백령도,2022-06-01 16:00,20.6,,2.5,200,64.6,3291
102,백령도,2022-06-01 17:00,20.2,,3.9,180,68,3781
102,백령도,2022-06-01 18:00,20.5,,2.5,180,69,4162
102,백령도,2022-06-01 19:00,18.4,,3.1,200,79,3340
102,백령도,2022-06-01 20:00,17.2,,2.3,200,88,2617
102,백령도,2022-06-01 21:00,16.8,,1,180,93,1277
102,백령도,2022-06-01 22:00,17,,1.3,200,94,714
102,백령도,2022-06-01 23:00,16.6,,1.5,200,95,99
102,백령도,2022-06-02 00:00,16.3,,.8,180,96,72
102,백령도,2022-06-02 01:00,15.8,,1,180,95,96
102,백령도,2022-06-02 02:00,16.1,,2.2,140,94,853
102,백령도,2022-06-02 03:00,15.1,,1.5,180,95,201
102,백령도,2022-06-02 04:00,15.2,,.7,140,94,810
102,백령도,2022-06-02 05:00,15.7,,2.5,160,90,781
102,백령도,2022-06-02 06:00,16,,3.1,160,88,973
102,백령도,2022-06-02 07:00,16.6,,2,160,85,998
102,백령도,2022-06-02 08:00,17.3,,2.5,160,81,1375
102,백령도,2022-06-02 09:00,17.6,,3.7,160,77,1805
102,백령도,2022-06-02 10:00,18.5,,5.2,160,74,2137
102,백령도,2022-06-02 11:00,19.3,,6.1,160,71,2288
102,백령도,2022-06-02 12:00,19.7,,4.2,180,67,3352
102,백령도,2022-06-02 13:00,20.5,,2.6,160,68,3161
102,백령도,2022-06-02 14:00,21.5,,3.4,160,63,3917
102,백령도,2022-06-02 15:00,20.8,,3.4,160,69,3400
102,백령도,2022-06-02 16:00,20.9,,2.8,160,70,3450
102,백령도,2022-06-02 17:00,19.6,,2.9,160,76,3283
102,백령도,2022-06-02 18:00,18.3,,3,180,81,2092
102,백령도,2022-06-02 19:00,17.5,,3.4,160,87,1659
102,백령도,2022-06-02 20:00,17.2,,3.6,140,89,1471
102,백령도,2022-06-02 21:00,17.4,,3.8,160,87,1593
102,백령도,2022-06-02 22:00,15.9,,1.4,180,94,524
102,백령도,2022-06-02 23:00,16,,1.3,180,93,482
102,백령도,2022-06-03 00:00,15.9,,1.5,140,92,748
102,백령도,2022-06-03 01:00,15.7,,1.4,110,93,625
102,백령도,2022-06-03 02:00,15.9,,1.3,180,91,680
102,백령도,2022-06-03 03:00,16.5,,1.7,180,89,1131
102,백령도,2022-06-03 04:00,15.9,,1.8,90,90,1263
102,백령도,2022-06-03 05:00,16.9,,2.4,110,88,2117
102,백령도,2022-06-03 06:00,16.8,,2.7,110,87,2310
102,백령도,2022-06-03 07:00,17.7,,4.5,140,84,4086
102,백령도,2022-06-03 08:00,18,,3.4,140,82,4821
102,백령도,2022-06-03 09:00,16.8,,5.3,140,88,1626
102,백령도,2022-06-03 10:00,17.9,,5.8,140,89,1439
102,백령도,2022-06-03 11:00,18.5,,6.2,140,86,3452
102,백령도,2022-06-03 12:00,19.4,,6.5,140,77,3238
102,백령도,2022-06-03 13:00,18.1,,6.3,140,84,1422
102,백령도,2022-06-03 14:00,18.6,,4.1,140,85,1638
102,백령도,2022-06-03 15:00,18.4,,4,140,87,1441
102,백령도,2022-06-03 16:00,17.9,,5.4,140,89,1440
102,백령도,2022-06-03 17:00,18.5,,4.3,140,87,1918
102,백령도,2022-06-03 18:00,17.4,,5.1,140,93,748
102,백령도,2022-06-03 19:00,17.7,,5.5,160,93,758
102,백령도,2022-06-03 20:00,16.9,,2.7,180,95,409
102,백령도,2022-06-03 21:00,17.1,,5.5,180,95,483
102,백령도,2022-06-03 22:00,17,,4,180,95,473
102,백령도,2022-06-03 23:00,16.6,,2,180,95,450
102,백령도,2022-06-04 00:00,17,,4,180,96,90
102,백령도,2022-06-04 01:00,17,,4.6,160,96,396
102,백령도,2022-06-04 02:00,16.6,,4.1,140,96,438
102,백령도,2022-06-04 03:00,16.7,,4.4,160,96,419
102,백령도,2022-06-04 04:00,16.3,,4.9,140,96,124
102,백령도,2022-06-04 05:00,16,,4.6,140,96,62
102,백령도,2022-06-04 06:00,16.3,,4.6,140,96,142
102,백령도,2022-06-04 07:00,16.4,,4.7,160,96,403
102,백령도,2022-06-04 08:00,16.4,,4.9,160,96,448
102,백령도,2022-06-04 09:00,16.9,,3.7,160,95,890
102,백령도,2022-06-04 10:00,16.8,,4.9,140,93,1375
102,백령도,2022-06-04 11:00,17.1,,4.5,140,90,1087
102,백령도,2022-06-04 12:00,18.7,,5.5,160,85,1100
102,백령도,2022-06-04 13:00,18.1,,5.4,160,86,920
102,백령도,2022-06-04 14:00,18.6,,5,140,83,1200
102,백령도,2022-06-04 15:00,19.7,,6.2,140,77,1355
102,백령도,2022-06-04 16:00,20.1,,4.6,140,74,1650
102,백령도,2022-06-04 17:00,20.1,,2.6,160,72,1660
102,백령도,2022-06-04 18:00,19.6,,2.9,140,74,1713
102,백령도,2022-06-04 19:00,17.7,,1.8,110,82,1107
102,백령도,2022-06-04 20:00,18,,2.5,140,82,1183
102,백령도,2022-06-04 21:00,18,,1.7,140,84,932
102,백령도,2022-06-04 22:00,17.7,,1.5,110,86,792
102,백령도,2022-06-04 23:00,19.1,,3,160,79,896
102,백령도,2022-06-05 00:00,18,,2,110,83,879
102,백령도,2022-06-05 01:00,17.7,0,1.1,180,85,694
102,백령도,2022-06-05 02:00,18.1,,1.4,180,83,693
102,백령도,2022-06-05 03:00,17.4,,1.1,90,86,531
102,백령도,2022-06-05 04:00,18.1,,2.3,180,83,556
102,백령도,2022-06-05 05:00,17.7,,1.8,180,83,821
102,백령도,2022-06-05 06:00,17.5,,.7,140,85,886
102,백령도,2022-06-05 07:00,17.7,,.4,0,85,790
102,백령도,2022-06-05 08:00,19.2,,1.7,110,79,1057
102,백령도,2022-06-05 09:00,19.3,,1.9,180,76,1460
102,백령도,2022-06-05 10:00,20.6,,1.3,90,72,1598
102,백령도,2022-06-05 11:00,19.9,,1.3,70,75,1502
102,백령도,2022-06-05 12:00,20.5,,1.4,160,69,2438
102,백령도,2022-06-05 13:00,19.4,,1.6,320,75,1583
102,백령도,2022-06-05 14:00,17.5,,2.3,290,84,949
102,백령도,2022-06-05 15:00,20.3,,2.1,200,65,3678
102,백령도,2022-06-05 16:00,21,,2.3,200,57,3252
102,백령도,2022-06-05 17:00,20.4,,2.1,290,62,2891
102,백령도,2022-06-05 18:00,20.4,0,2.2,250,65,2554
102,백령도,2022-06-05 19:00,17.6,,1.2,320,76,2384
102,백령도,2022-06-05 20:00,16.4,,.3,0,82,1857
102,백령도,2022-06-05 21:00,15.7,,.6,290,85,1517
102,백령도,2022-06-05 22:00,16.5,,.5,360,83,1686
102,백령도,2022-06-05 23:00,16.3,,1.8,340,85,1645
102,백령도,2022-06-06 00:00,15.6,,.7,290,89,1137
102,백령도,2022-06-06 01:00,14.3,,1.3,360,92,876
102,백령도,2022-06-06 02:00,15.6,,.8,360,85,1516
102,백령도,2022-06-06 03:00,16,,2.8,340,86,1381
102,백령도,2022-06-06 04:00,16.6,,2.7,20,86,1291
102,백령도,2022-06-06 05:00,16,,2.6,340,90,1108
102,백령도,2022-06-06 06:00,16.2,,3.1,70,87,4996
102,백령도,2022-06-06 07:00,17,,3,90,80,5000
102,백령도,2022-06-06 08:00,17.8,,3.5,90,76,5000
102,백령도,2022-06-06 09:00,19.3,,3.4,90,68,4999
102,백령도,2022-06-06 10:00,18.9,,5.6,110,65,5000
102,백령도,2022-06-06 11:00,20.1,,5.2,140,61,4998
102,백령도,2022-06-06 12:00,21.2,,5.1,160,54,4997
102,백령도,2022-06-06 13:00,20.5,,5,180,52,4988
102,백령도,2022-06-06 14:00,20.6,,4.8,180,54,4999
102,백령도,2022-06-06 15:00,21.5,,3.1,160,50,5000
102,백령도,2022-06-06 16:00,19.6,,3.7,340,64,5000
102,백령도,2022-06-06 17:00,18.8,,4.2,340,69,5000
102,백령도,2022-06-06 18:00,18.5,,4.2,340,71,4990
102,백령도,2022-06-06 19:00,17.9,,3.2,340,74,5000
102,백령도,2022-06-06 20:00,16.9,,2.2,320,77,5000
102,백령도,2022-06-06 21:00,16.9,,1.9,320,81,5000
102,백령도,2022-06-06 22:00,16.8,,2.4,360,82,5000
102,백령도,2022-06-06 23:00,16.9,,2.7,360,80,5000
102,백령도,2022-06-07 00:00,16.4,,1.5,90,82,4719
102,백령도,2022-06-07 01:00,16.4,,1.8,140,81,5000
102,백령도,2022-06-07 02:00,16.4,,3.9,110,62,5000
102,백령도,2022-06-07 03:00,15.5,,4.3,110,64,5000
102,백령도,2022-06-07 04:00,15.6,,3.6,110,62,5000
102,백령도,2022-06-07 05:00,14.7,,2.6,110,72,4922
102,백령도,2022-06-07 06:00,14.4,,2.4,90,78,4997
102,백령도,2022-06-07 07:00,14.6,,3,90,74,5000
102,백령도,2022-06-07 08:00,15.2,,3.4,90,70,5000
102,백령도,2022-06-07 09:00,15.9,,3.3,90,66,5000
102,백령도,2022-06-07 10:00,15.7,0,2.8,90,68,4392
102,백령도,2022-06-07 11:00,16.1,.1,3,70,67.4,5000
102,백령도,2022-06-07 12:00,17.4,0,1.8,20,60,4757
102,백령도,2022-06-07 13:00,16.4,0,2.5,290,70,4986
102,백령도,2022-06-07 14:00,16.6,0,1.4,320,72,5000
102,백령도,2022-06-07 15:00,16.7,.1,2.1,320,72,5000
102,백령도,2022-06-07 16:00,16.2,0,3.5,320,72,4999
102,백령도,2022-06-07 17:00,18.8,,4.1,340,60,5000
102,백령도,2022-06-07 18:00,17,,4,340,63,5000
102,백령도,2022-06-07 19:00,15.7,,4.4,360,71,5000
102,백령도,2022-06-07 20:00,15.2,,3.4,340,71,5000
102,백령도,2022-06-07 21:00,14.3,,2.4,320,77,5000
102,백령도,2022-06-07 22:00,15.8,,3.5,340,68,5000
102,백령도,2022-06-07 23:00,15.7,,2.8,340,70,4996
102,백령도,2022-06-08 00:00,14.9,,2,290,74,4501
102,백령도,2022-06-08 01:00,15,,1.4,290,75,4928
102,백령도,2022-06-08 02:00,13.9,,1.6,290,79,4442
102,백령도,2022-06-08 03:00,14.7,,1,50,77,4557
102,백령도,2022-06-08 04:00,14.4,,1.6,90,80,4324
102,백령도,2022-06-08 05:00,14.4,,1.1,90,83,4053
102,백령도,2022-06-08 06:00,14.9,,2.4,110,86,3355
102,백령도,2022-06-08 07:00,16.4,,3.1,110,74,4096
102,백령도,2022-06-08 08:00,17.4,,3.5,110,68,4404
102,백령도,2022-06-08 09:00,18.6,,4.5,110,65,3790
102,백령도,2022-06-08 10:00,20,,4.4,110,64,3270
102,백령도,2022-06-08 11:00,20.4,,4.1,160,61,4535
102,백령도,2022-06-08 12:00,20,,3.9,160,66,3798
102,백령도,2022-06-08 13:00,20.8,,3.6,140,67,2241
102,백령도,2022-06-08 14:00,19.5,,3.5,180,74,1944
102,백령도,2022-06-08 15:00,19.9,,4.2,160,72.3,1588
102,백령도,2022-06-08 16:00,20,,4.2,160,72,2173
102,백령도,2022-06-08 17:00,19.8,,3.2,160,73,2431
102,백령도,2022-06-08 18:00,19,,2.7,180,79,2014
102,백령도,2022-06-08 19:00,18,,2.6,160,85,1705
102,백령도,2022-06-08 20:00,16.9,,1.9,180,92,1050
102,백령도,2022-06-08 21:00,15.8,,2,90,95,51
102,백령도,2022-06-08 22:00,15.7,,1.9,90,96,19
102,백령도,2022-06-08 23:00,15.6,,1.1,90,96,26
102,백령도,2022-06-09 00:00,15.6,,1.8,90,96,28
102,백령도,2022-06-09 01:00,16.3,,1.7,110,96,34
102,백령도,2022-06-09 02:00,16,.1,1.1,90,97,22
102,백령도,2022-06-09 03:00,16.5,.4,1.6,140,97,69
102,백령도,2022-06-09 04:00,16.7,.1,1.9,160,97,178
102,백령도,2022-06-09 05:00,16.7,.1,2.2,140,97,346
102,백령도,2022-06-09 06:00,16.5,.1,2.4,140,96,424
102,백령도,2022-06-09 07:00,16.8,2,2,180,96,347
102,백령도,2022-06-09 08:00,16.8,.2,2,140,96,154
102,백령도,2022-06-09 09:00,17.6,.1,3.3,160,96,472
102,백령도,2022-06-09 10:00,17.7,0,4.5,160,95,648
102,백령도,2022-06-09 11:00,18.3,,3.8,180,89,1180
102,백령도,2022-06-09 12:00,19.9,,6,180,78,2866
102,백령도,2022-06-09 13:00,20.2,,5.7,180,77,2710
102,백령도,2022-06-09 14:00,20.8,,4.4,180,74,2959
102,백령도,2022-06-09 15:00,20.7,,5.6,180,75,2876
102,백령도,2022-06-09 16:00,20,,5.3,180,76,2592
102,백령도,2022-06-09 17:00,19.9,,3.7,200,77,2021
102,백령도,2022-06-09 18:00,19.9,,3.9,200,78,2051
102,백령도,2022-06-09 19:00,18.8,,2.9,160,82,1916
102,백령도,2022-06-09 20:00,17.6,,3.2,160,91,881
102,백령도,2022-06-09 21:00,17.2,,3.3,140,93,765
102,백령도,2022-06-09 22:00,17.4,,3.3,160,93,743
102,백령도,2022-06-09 23:00,16.8,,2.4,180,94,476
102,백령도,2022-06-10 00:00,16.8,,3.2,160,95,349
102,백령도,2022-06-10 01:00,16.8,,2.2,160,95,403
102,백령도,2022-06-10 02:00,16,,2.3,180,96,57
102,백령도,2022-06-10 03:00,16.6,,1,90,96,354
102,백령도,2022-06-10 04:00,16.5,,3.6,140,96,429
102,백령도,2022-06-10 05:00,16.4,,3.2,140,96,71
102,백령도,2022-06-10 06:00,16,,4.6,140,96,45
102,백령도,2022-06-10 07:00,16.7,,4.5,140,96,485
102,백령도,2022-06-10 08:00,17,0,4.9,140,94,529
102,백령도,2022-06-10 09:00,16.3,.1,2.6,140,94,501
102,백령도,2022-06-10 10:00,16.6,.1,3.3,70,90,913
102,백령도,2022-06-10 11:00,17.6,.2,3.7,110,86,1308
102,백령도,2022-06-10 12:00,17.4,.4,4,140,90,714
102,백령도,2022-06-10 13:00,17.2,1.6,1.2,290,93,223
102,백령도,2022-06-10 14:00,17.4,1.7,4.2,140,91,892
102,백령도,2022-06-10 15:00,18.3,.2,9.7,160,76,2185
102,백령도,2022-06-10 16:00,17.1,.6,6.5,200,87,775
102,백령도,2022-06-10 17:00,16.8,.4,3.7,320,89,900
102,백령도,2022-06-10 18:00,17,0,1.6,70,91,808
102,백령도,2022-06-10 19:00,16.9,.2,1.4,340,92,638
102,백령도,2022-06-10 20:00,15.6,0,1.8,110,95,367
102,백령도,2022-06-10 21:00,15.5,0,3,110,95,441
102,백령도,2022-06-10 22:00,15.8,,2.8,70,93,847
102,백령도,2022-06-10 23:00,16.1,,3.6,50,91,1151
102,백령도,2022-06-11 00:00,15.9,.1,1.7,110,91,1116
102,백령도,2022-06-11 01:00,16.4,0,2.3,90,91,1295
102,백령도,2022-06-11 02:00,16.6,,2.2,110,91,1344
102,백령도,2022-06-11 03:00,16.9,,1.5,110,91,1283
102,백령도,2022-06-11 04:00,17,,.9,110,89,1742
102,백령도,2022-06-11 05:00,16.4,,.2,0,93,729
102,백령도,2022-06-11 06:00,15.2,.1,.8,340,94,406
102,백령도,2022-06-11 07:00,16.2,0,1.7,290,94,726
102,백령도,2022-06-11 08:00,18.5,,1.8,320,81,2021
102,백령도,2022-06-11 09:00,18.8,,2.1,340,82,2364
102,백령도,2022-06-11 10:00,20.7,,.7,360,73,2830
102,백령도,2022-06-11 11:00,23.5,,2.3,360,59,4107
102,백령도,2022-06-11 12:00,23.5,,2.1,320,55,4127
102,백령도,2022-06-11 13:00,22.6,,3.7,320,58,3470
102,백령도,2022-06-11 14:00,24.3,,3.1,340,49,3954
102,백령도,2022-06-11 15:00,23,,3.5,320,57,2550
102,백령도,2022-06-11 16:00,22.2,,4.3,320,56,3097
102,백령도,2022-06-11 17:00,22.6,,3.2,340,53,4396
102,백령도,2022-06-11 18:00,21.7,,3.7,320,58,3660
102,백령도,2022-06-11 19:00,20.6,,3.1,290,62,2846
102,백령도,2022-06-11 20:00,19.3,,2.5,320,68,2705
102,백령도,2022-06-11 21:00,18.6,,2.1,290,72,2633
102,백령도,2022-06-11 22:00,18.4,,1.8,290,73,2773
102,백령도,2022-06-11 23:00,18.9,,1.3,290,72,3083
102,백령도,2022-06-12 00:00,19.2,,.5,290,73,2852
102,백령도,2022-06-12 01:00,18.8,,1.3,110,75,2380
102,백령도,2022-06-12 02:00,18.8,,2.1,110,80,1890
102,백령도,2022-06-12 03:00,18.7,,2.4,110,81,1669
102,백령도,2022-06-12 04:00,18.8,,3.7,140,76,4103
102,백령도,2022-06-12 05:00,18.2,,2.8,110,77,4274
102,백령도,2022-06-12 06:00,18,,2.2,110,81,2988
102,백령도,2022-06-12 07:00,19.2,,3.1,110,75,4073
102,백령도,2022-06-12 08:00,20.2,,2.2,110,68,4404
102,백령도,2022-06-12 09:00,21.6,,3.7,110,61,4204
102,백령도,2022-06-12 10:00,22.4,,5.2,140,58,4198
102,백령도,2022-06-12 11:00,22.8,,5.2,140,57,4003
102,백령도,2022-06-12 12:00,21.3,,6.5,160,61,3135
102,백령도,2022-06-12 13:00,22.8,,4.8,160,55,2849
102,백령도,2022-06-12 14:00,22.5,,4.1,160,58,2358
102,백령도,2022-06-12 15:00,22.3,,4.3,160,64,2046
102,백령도,2022-06-12 16:00,21.3,,3.6,160,71,1786
102,백령도,2022-06-12 17:00,20.1,,3,180,76,1302
102,백령도,2022-06-12 18:00,19.9,,2.4,180,79,1117
102,백령도,2022-06-12 19:00,18.7,,1,180,85,1127
102,백령도,2022-06-12 20:00,18.8,,1.2,290,84,925
102,백령도,2022-06-12 21:00,19.2,,1.3,200,85,544
102,백령도,2022-06-12 22:00,16.9,,1.8,90,91,389
102,백령도,2022-06-12 23:00,17.4,,.8,270,89,622
102,백령도,2022-06-13 00:00,17.4,,1,140,90,550
102,백령도,2022-06-13 01:00,16.9,,1.4,160,93,229
102,백령도,2022-06-13 02:00,16,,2.6,160,96,51
102,백령도,2022-06-13 03:00,16.6,,1.7,160,96,182
102,백령도,2022-06-13 04:00,16.4,,3.8,180,95,209
102,백령도,2022-06-13 05:00,16.2,,1.2,140,96,69
102,백령도,2022-06-13 06:00,16.5,,2.1,160,96,27
102,백령도,2022-06-13 07:00,17.4,,2.6,140,96,29
102,백령도,2022-06-13 08:00,17.6,,2.4,110,96,467
102,백령도,2022-06-13 09:00,19.2,,2.5,140,86,913
102,백령도,2022-06-13 10:00,18.3,0,3.7,140,90,513
102,백령도,2022-06-13 11:00,18.8,.1,3.8,110,81,1203
102,백령도,2022-06-13 12:00,19,1,1,90,90,572
102,백령도,2022-06-13 13:00,20.8,0,1.8,90,77,1410
102,백령도,2022-06-13 14:00,18.3,0,1.1,320,88,702
102,백령도,2022-06-13 15:00,22.6,.2,1.1,70,71,897
102,백령도,2022-06-13 16:00,24,,1.4,70,62,1059
102,백령도,2022-06-13 17:00,21,,2.6,320,73,1135
102,백령도,2022-06-13 18:00,20.1,,3,320,74,1479
102,백령도,2022-06-13 19:00,20.8,,2,50,74,1476
102,백령도,2022-06-13 20:00,18.9,,2.8,90,82,1829
102,백령도,2022-06-13 21:00,18,,3.5,110,85,2423
102,백령도,2022-06-13 22:00,17.9,,3.8,110,90,1816
102,백령도,2022-06-13 23:00,17.9,,2.2,110,88,2265
102,백령도,2022-06-14 00:00,17.3,,1.9,110,89,2137
102,백령도,2022-06-14 01:00,17.2,,2.3,90,88,2343
102,백령도,2022-06-14 02:00,17.8,,3.8,90,81,3601
102,백령도,2022-06-14 03:00,18.3,,4.4,110,68,4541
102,백령도,2022-06-14 04:00,17.9,,4.1,110,67,4669
102,백령도,2022-06-14 05:00,17.7,,5.4,110,65,4727
102,백령도,2022-06-14 06:00,18,,5.5,110,62,4676
102,백령도,2022-06-14 07:00,18.5,,4.8,110,60,4392
102,백령도,2022-06-14 08:00,19.2,,5.8,110,60,4308
102,백령도,2022-06-14 09:00,20.2,,5.9,110,56,4528
102,백령도,2022-06-14 10:00,21,,5,110,53,4116
102,백령도,2022-06-14 11:00,21.2,,6.1,140,49,4723
102,백령도,2022-06-14 12:00,22.7,,7.6,140,45,4595
102,백령도,2022-06-14 13:00,22.9,,6.9,140,45,4366
102,백령도,2022-06-14 14:00,24.2,,5.1,140,41,4385
102,백령도,2022-06-14 15:00,23.8,,5.9,140,39,4642
102,백령도,2022-06-14 16:00,21.5,,4.3,180,48,2378
102,백령도,2022-06-14 17:00,21.1,,5.3,160,52,4138
102,백령도,2022-06-14 18:00,19.8,,4.1,160,57,4527
102,백령도,2022-06-14 19:00,19,,4.3,140,62,4425
102,백령도,2022-06-14 20:00,18,,5.6,160,78,3766
102,백령도,2022-06-14 21:00,17.4,0,5,160,85,2645
102,백령도,2022-06-14 22:00,16.5,.9,4.6,160,88,1129
102,백령도,2022-06-14 23:00,15.9,1,3.6,160,93,441
102,백령도,2022-06-15 00:00,15.6,2.7,2.6,140,95,588
102,백령도,2022-06-15 01:00,15,1,3.5,90,95,196
102,백령도,2022-06-15 02:00,14.6,1.7,2.9,90,95,413
102,백령도,2022-06-15 03:00,14.4,1.5,4.4,90,93,728
102,백령도,2022-06-15 04:00,14.2,2.5,3.9,90,95,547
102,백령도,2022-06-15 05:00,14,1.6,3.8,90,95,668
102,백령도,2022-06-15 06:00,14,.6,3.8,70,95,1037
102,백령도,2022-06-15 07:00,14.2,.4,3.5,90,95,1393
102,백령도,2022-06-15 08:00,14.4,.8,3.1,90,94,1051
102,백령도,2022-06-15 09:00,15.7,.6,3.7,90,93,2329
102,백령도,2022-06-15 10:00,17.4,0,4.3,90,81,4941
102,백령도,2022-06-15 11:00,17.2,,4.6,90,78,4838
102,백령도,2022-06-15 12:00,18.4,,3,70,73,4939
102,백령도,2022-06-15 13:00,18.2,,2.9,70,73,4929
102,백령도,2022-06-15 14:00,16.9,,2.2,340,79,4718
102,백령도,2022-06-15 15:00,17.3,,2.9,340,76,4804
102,백령도,2022-06-15 16:00,17.1,,3.8,340,74,4892
102,백령도,2022-06-15 17:00,17.3,,3.5,320,73,3875
102,백령도,2022-06-15 18:00,16.3,,3.4,290,81,2472
102,백령도,2022-06-15 19:00,15.3,,5.3,320,83,2395
102,백령도,2022-06-15 20:00,14.1,,3.5,320,91,1396
102,백령도,2022-06-15 21:00,14,,3.7,320,89,1714
102,백령도,2022-06-15 22:00,14.2,,4.1,320,89,2104
102,백령도,2022-06-15 23:00,14.2,,4,320,90,1823
102,백령도,2022-06-16 00:00,14.4,,3.2,320,90,2181
102,백령도,2022-06-16 01:00,13.7,,2.3,320,92,1684
102,백령도,2022-06-16 02:00,14.1,,1.9,320,92,2436
102,백령도,2022-06-16 03:00,14.1,,2,290,94,2176
102,백령도,2022-06-16 04:00,14.9,,1.4,320,92,1865
102,백령도,2022-06-16 05:00,14.3,,1.7,200,94,1080
102,백령도,2022-06-16 06:00,15.4,,.4,0,94,2070
102,백령도,2022-06-16 07:00,16.7,,.2,0,90,2392
102,백령도,2022-06-16 08:00,18.6,,2.8,250,82,3557
102,백령도,2022-06-16 09:00,20.5,,.7,340,68,3287
102,백령도,2022-06-16 10:00,20.7,,2,70,72,2878
102,백령도,2022-06-16 11:00,20.7,,2.1,90,71,2455
102,백령도,2022-06-16 12:00,22.4,,1.6,20,64,3011
102,백령도,2022-06-16 13:00,22.3,,2.7,110,65,3115
102,백령도,2022-06-16 14:00,21.7,,3.8,180,62,3995
102,백령도,2022-06-16 15:00,22.7,,2.6,180,44,4724
102,백령도,2022-06-16 16:00,21.6,,3.3,180,61,4832
102,백령도,2022-06-16 17:00,21.2,,3,180,64,4494
102,백령도,2022-06-16 18:00,19.7,,3.8,160,75,3888
102,백령도,2022-06-16 19:00,18.8,,3.9,180,81,3044
102,백령도,2022-06-16 20:00,18,,4.3,160,85,3155
102,백령도,2022-06-16 21:00,17.8,,4.8,180,87,2887
102,백령도,2022-06-16 22:00,17.7,,4.4,160,88,3223
102,백령도,2022-06-16 23:00,17.4,,4.3,160,91,2294
102,백령도,2022-06-17 00:00,16.9,,3.2,140,93,1574
102,백령도,2022-06-17 01:00,16.6,,3.1,140,94,1024
102,백령도,2022-06-17 02:00,15.8,,2.5,90,95,1080
102,백령도,2022-06-17 03:00,16.6,,3.1,140,95,1005
102,백령도,2022-06-17 04:00,16.1,,3.2,110,94,1025
102,백령도,2022-06-17 05:00,16.2,,4.4,110,94,849
102,백령도,2022-06-17 06:00,16.5,,3.6,140,94,614
102,백령도,2022-06-17 07:00,16.8,.1,4.2,140,94,337
102,백령도,2022-06-17 08:00,16.3,.2,4.4,110,95,259
102,백령도,2022-06-17 09:00,17.3,.1,4.2,140,95,213
102,백령도,2022-06-17 10:00,18.1,.1,5.3,110,91,788
102,백령도,2022-06-17 11:00,19.4,,5.9,110,82,911
102,백령도,2022-06-17 12:00,19.7,,5.9,140,84,936
102,백령도,2022-06-17 13:00,20.2,,5.5,140,84,718
102,백령도,2022-06-17 14:00,19.7,,5.5,140,89,674
102,백령도,2022-06-17 15:00,18.8,,6.6,140,89,438
102,백령도,2022-06-17 16:00,18.2,,5.2,140,94,173
102,백령도,2022-06-17 17:00,18.3,,4.7,140,94,142
102,백령도,2022-06-17 18:00,18.7,,3.9,140,95,196
102,백령도,2022-06-17 19:00,18.3,,4.1,140,95,190
102,백령도,2022-06-17 20:00,18.8,,4.8,160,96,66
102,백령도,2022-06-17 21:00,18.9,,3.7,140,96,49
102,백령도,2022-06-17 22:00,18.4,,3.6,140,96,43
102,백령도,2022-06-17 23:00,18.8,,4.8,140,96,40
102,백령도,2022-06-18 00:00,18.8,,4.6,140,96,46
102,백령도,2022-06-18 01:00,18.6,.3,3.7,140,96,39
102,백령도,2022-06-18 02:00,18.6,.2,4.9,140,96,217
102,백령도,2022-06-18 03:00,18.5,.1,6.3,140,96,473
102,백령도,2022-06-18 04:00,18,,6.1,140,96,87
102,백령도,2022-06-18 05:00,18,,5.3,140,96,60
102,백령도,2022-06-18 06:00,17.7,.2,4.8,140,96,44
102,백령도,2022-06-18 07:00,17.4,.2,4.2,140,96,36
102,백령도,2022-06-18 08:00,18.6,.2,5,140,96,112
102,백령도,2022-06-18 09:00,18.1,.1,4.1,140,96,40
102,백령도,2022-06-18 10:00,18.6,.1,5.1,140,96,51
102,백령도,2022-06-18 11:00,18.2,.1,3.9,140,96,39
102,백령도,2022-06-18 12:00,19.2,0,5.5,140,97,116
102,백령도,2022-06-18 13:00,20.5,,4.8,140,94,900
102,백령도,2022-06-18 14:00,18.9,,2.8,140,93,333
102,백령도,2022-06-18 15:00,20.8,,4.5,140,89,1548
102,백령도,2022-06-18 16:00,20.7,,5.3,160,88,1684
102,백령도,2022-06-18 17:00,19.2,0,4.2,160,94,300
102,백령도,2022-06-18 18:00,18.9,0,4.1,160,95,305
102,백령도,2022-06-18 19:00,19.3,0,3.2,160,96,228
102,백령도,2022-06-18 20:00,18.4,0,3.7,140,96,69
102,백령도,2022-06-18 21:00,19,,5,160,96,125
102,백령도,2022-06-18 22:00,18.8,.2,3.5,140,96,133
102,백령도,2022-06-18 23:00,18.5,.3,4.5,140,96,55
102,백령도,2022-06-19 00:00,18.5,0,4.5,140,96,33
102,백령도,2022-06-19 01:00,18.6,.2,4.6,140,96,40
102,백령도,2022-06-19 02:00,19.1,.2,4.2,140,97,49
102,백령도,2022-06-19 03:00,18.3,.3,2.9,160,96,45
102,백령도,2022-06-19 04:00,18.3,.1,4.3,140,97,41
102,백령도,2022-06-19 05:00,18.5,.1,2.3,160,97,79
102,백령도,2022-06-19 06:00,18.6,.1,1,180,97,67
102,백령도,2022-06-19 07:00,19.1,.2,2.4,160,97,66
102,백령도,2022-06-19 08:00,19,.2,2.3,160,97,61
102,백령도,2022-06-19 09:00,19.7,.1,3.3,160,97,70
102,백령도,2022-06-19 10:00,19.7,.1,3.9,160,97,133
102,백령도,2022-06-19 11:00,20,0,4.9,160,96,939
102,백령도,2022-06-19 12:00,20.9,,4.3,160,94,1446
102,백령도,2022-06-19 13:00,21.7,,3.3,140,87,1952
102,백령도,2022-06-19 14:00,20.8,,3.9,160,91,667
102,백령도,2022-06-19 15:00,21.5,,3.4,160,88,1914
102,백령도,2022-06-19 16:00,21.4,,3.1,140,88,2707
102,백령도,2022-06-19 17:00,20.5,,1.5,140,90,2873
102,백령도,2022-06-19 18:00,19.7,,1.5,110,93,2200
102,백령도,2022-06-19 19:00,19.2,,1.4,110,95,110
102,백령도,2022-06-19 20:00,19.2,0,.9,110,96,35
102,백령도,2022-06-19 21:00,19.3,.1,1.8,180,97,49
102,백령도,2022-06-19 22:00,19.4,0,.7,160,97,30
102,백령도,2022-06-19 23:00,18.1,0,3.2,180,97,37
102,백령도,2022-06-20 00:00,18.6,.1,1.1,180,97,37
102,백령도,2022-06-20 01:00,18.8,.2,1.5,140,97,40
102,백령도,2022-06-20 02:00,18.8,.2,2,110,97,42
102,백령도,2022-06-20 03:00,19,.1,2.4,140,97,29
102,백령도,2022-06-20 04:00,19,.3,2.9,140,97,40
102,백령도,2022-06-20 05:00,18.7,.3,2,180,97,35
102,백령도,2022-06-20 06:00,18.7,.3,2.4,180,97,43
102,백령도,2022-06-20 07:00,18.6,.2,3.3,180,97,48
102,백령도,2022-06-20 08:00,18.6,.2,2.8,180,97,49
102,백령도,2022-06-20 09:00,18.8,0,2.2,180,97,69
102,백령도,2022-06-20 10:00,19.1,0,2.5,160,97,90
102,백령도,2022-06-20 11:00,19.2,0,1.7,180,97,81
102,백령도,2022-06-20 12:00,20.7,0,2.2,160,97,814
102,백령도,2022-06-20 13:00,21.9,,2.4,180,88,3292
102,백령도,2022-06-20 14:00,22.9,,2.8,160,82,3544
102,백령도,2022-06-20 15:00,21.4,,3.3,160,89,2126
102,백령도,2022-06-20 16:00,21.5,,2.9,160,89,2129
102,백령도,2022-06-20 17:00,20.6,,2.2,180,92,852
102,백령도,2022-06-20 18:00,21,,2,160,90,2683
102,백령도,2022-06-20 19:00,20.7,,1.3,180,92,1169
102,백령도,2022-06-20 20:00,20.1,,1.7,180,94,639
102,백령도,2022-06-20 21:00,19.2,,3.2,180,95,377
102,백령도,2022-06-20 22:00,19.1,,2.7,180,96,821
102,백령도,2022-06-20 23:00,19.6,,2,180,96,1078
102,백령도,2022-06-21 00:00,19.5,,1.6,180,94.1,1122
102,백령도,2022-06-21 01:00,20.3,,1.6,250,95,1676
102,백령도,2022-06-21 02:00,19.5,0,1.5,140,96,186
102,백령도,2022-06-21 03:00,19.6,.1,.4,0,96,384
102,백령도,2022-06-21 04:00,19.2,.2,.4,0,97,40
102,백령도,2022-06-21 05:00,19,.1,.4,0,97,29
102,백령도,2022-06-21 06:00,18.9,.1,.9,90,97,85
102,백령도,2022-06-21 07:00,18.9,.2,.8,160,97,68
102,백령도,2022-06-21 08:00,19.1,.2,1,110,96,81
102,백령도,2022-06-21 09:00,19.6,.1,.5,140,97,67
102,백령도,2022-06-21 10:00,20.2,0,1.1,140,96,293
102,백령도,2022-06-21 11:00,20.9,0,1.4,180,94,673
102,백령도,2022-06-21 12:00,22.1,0,2.8,180,84,3800
102,백령도,2022-06-21 13:00,21.5,,2.6,160,85,3757
102,백령도,2022-06-21 14:00,21.7,,2,180,85,3207
102,백령도,2022-06-21 15:00,22.3,,2.8,180,85,2031
102,백령도,2022-06-21 16:00,21.7,,2,200,86,1424
102,백령도,2022-06-21 17:00,22,,2.2,180,85,1527
102,백령도,2022-06-21 18:00,21.6,,1.7,200,86,1662
102,백령도,2022-06-21 19:00,21,,1,140,88,1671
102,백령도,2022-06-21 20:00,19.9,,.7,180,93,946
102,백령도,2022-06-21 21:00,19.2,,1.8,180,95,582
102,백령도,2022-06-21 22:00,18.9,,1.6,140,96,478
102,백령도,2022-06-21 23:00,19,,1.9,180,95,432
102,백령도,2022-06-22 00:00,19.2,,.4,0,96,620
102,백령도,2022-06-22 01:00,18.6,,.9,160,96,408
102,백령도,2022-06-22 02:00,18.4,,1.2,110,96,38
102,백령도,2022-06-22 03:00,18.4,,2,180,96,31
102,백령도,2022-06-22 04:00,18.9,,1.7,140,97,30
102,백령도,2022-06-22 05:00,18.9,,2.4,140,97,65
102,백령도,2022-06-22 06:00,19,,1.8,160,97,80
102,백령도,2022-06-22 07:00,19.1,,1.1,110,97,70
102,백령도,2022-06-22 08:00,19.9,,2.7,180,97,590
102,백령도,2022-06-22 09:00,21.3,,3.7,180,92,1203
102,백령도,2022-06-22 10:00,21.6,,5,180,88,1492
102,백령도,2022-06-22 11:00,21.8,,3.1,180,85,1676
102,백령도,2022-06-22 12:00,22,,4.3,180,84,1726
102,백령도,2022-06-22 13:00,23,,4.6,160,81,1475
102,백령도,2022-06-22 14:00,22.8,,3.3,160,80,1237
102,백령도,2022-06-22 15:00,22.4,,4.4,160,82,1269
102,백령도,2022-06-22 16:00,22.7,,3.4,160,80,1290
102,백령도,2022-06-22 17:00,21.1,,2.2,140,87,987
102,백령도,2022-06-22 18:00,21.7,,4.3,140,87,925
102,백령도,2022-06-22 19:00,20.9,,5.1,140,90,666
102,백령도,2022-06-22 20:00,20.5,,4.1,160,93,477
102,백령도,2022-06-22 21:00,20.1,,4.5,160,95,187
102,백령도,2022-06-22 22:00,19.5,,6.8,160,96,259
102,백령도,2022-06-22 23:00,18.7,,6.3,160,95,171
102,백령도,2022-06-23 00:00,19.6,,6.6,160,94,541
102,백령도,2022-06-23 01:00,19.8,,6.4,160,93,625
102,백령도,2022-06-23 02:00,19.5,,4.6,140,94,598
102,백령도,2022-06-23 03:00,19.5,,4.8,140,93,719
102,백령도,2022-06-23 04:00,18.8,,6.1,140,94,623
102,백령도,2022-06-23 05:00,19,,6.1,140,95,170
102,백령도,2022-06-23 06:00,18.8,.6,4.8,110,96,28
102,백령도,2022-06-23 07:00,19.5,.3,5,140,96,38
102,백령도,2022-06-23 08:00,18.9,.2,6.7,140,96,24
102,백령도,2022-06-23 09:00,18.5,.3,6.5,140,97,45
102,백령도,2022-06-23 10:00,18.4,2,7.4,140,97,24
102,백령도,2022-06-23 11:00,19.7,18.7,4.4,140,97,570
102,백령도,2022-06-23 12:00,21.7,12.4,5.3,200,97,756
102,백령도,2022-06-23 13:00,22,5.8,5.7,200,96,657
102,백령도,2022-06-23 14:00,21.8,1,6.2,200,96,300
102,백령도,2022-06-23 15:00,22,5.5,4.4,230,96,636
102,백령도,2022-06-23 16:00,22.1,4.4,7.3,180,96,109
102,백령도,2022-06-23 17:00,22.1,1.2,5.8,230,96,117
102,백령도,2022-06-23 18:00,22.1,0,6.5,230,96,126
102,백령도,2022-06-23 19:00,22.5,,6.1,230,96,334
102,백령도,2022-06-23 20:00,22.8,,6.5,250,93,633
102,백령도,2022-06-23 21:00,22.4,,6,230,94,421
102,백령도,2022-06-23 22:00,21,,6.4,290,95,23
102,백령도,2022-06-23 23:00,19.9,,6.5,290,96,35
102,백령도,2022-06-24 00:00,19,,5.8,320,96,16
102,백령도,2022-06-24 01:00,19,,5.2,320,97,15
102,백령도,2022-06-24 02:00,19.6,,4.3,290,97,569
102,백령도,2022-06-24 03:00,20.2,,4.4,290,96,296
102,백령도,2022-06-24 04:00,20.3,.1,4.9,290,96,72
102,백령도,2022-06-24 05:00,20.2,.1,5.4,290,96,95
102,백령도,2022-06-24 06:00,20.3,0,3.5,290,96,293
102,백령도,2022-06-24 07:00,21,,3,290,94,648
102,백령도,2022-06-24 08:00,22.1,,2.8,250,87,1001
102,백령도,2022-06-24 09:00,23.2,,3.6,230,81,1702
102,백령도,2022-06-24 10:00,22.1,,6.8,230,82,1050
102,백령도,2022-06-24 11:00,23.2,,7.4,230,73,1656
102,백령도,2022-06-24 12:00,26.3,,4,230,58,2867
102,백령도,2022-06-24 13:00,25.2,,6.3,230,68,1664
102,백령도,2022-06-24 14:00,24.6,,5.7,200,70,1628
102,백령도,2022-06-24 15:00,24.7,,5.5,230,71,1179
102,백령도,2022-06-24 16:00,24.8,,6.1,270,71,1061
102,백령도,2022-06-24 17:00,25.2,,5.3,290,65,1319
102,백령도,2022-06-24 18:00,24.6,,6.2,270,65,1845
102,백령도,2022-06-24 19:00,24.4,,5.4,270,58,3002
102,백령도,2022-06-24 20:00,23.7,,3.6,270,53,4256
102,백령도,2022-06-24 21:00,22.7,,3.8,270,56,4377
102,백령도,2022-06-24 22:00,22.8,,3.2,270,55,4401
102,백령도,2022-06-24 23:00,22.9,,2.6,270,50,4933
102,백령도,2022-06-25 00:00,22.5,,2.3,230,53,4521
102,백령도,2022-06-25 01:00,21,,.8,180,61,3578
102,백령도,2022-06-25 02:00,18.2,,1.9,110,79,2876
102,백령도,2022-06-25 03:00,20.4,,4.6,200,79,2632
102,백령도,2022-06-25 04:00,20.9,,4.5,200,73,2511
102,백령도,2022-06-25 05:00,20.1,,3.7,200,88,420
102,백령도,2022-06-25 06:00,18.8,,5.2,180,95,60
102,백령도,2022-06-25 07:00,18.4,.1,3.1,110,96,16
102,백령도,2022-06-25 08:00,19.6,,4.4,160,96,55
102,백령도,2022-06-25 09:00,19.8,,4.2,140,95,101
102,백령도,2022-06-25 10:00,20.1,,5.1,140,95,59
102,백령도,2022-06-25 11:00,21.2,,4.3,140,92,213
102,백령도,2022-06-25 12:00,22.4,,4,140,86,467
102,백령도,2022-06-25 13:00,21.6,,5.6,140,89,370
102,백령도,2022-06-25 14:00,21.8,,4.7,140,92,146
102,백령도,2022-06-25 15:00,21.7,,5.6,140,92,101
102,백령도,2022-06-25 16:00,21.8,,5.6,140,91,433
102,백령도,2022-06-25 17:00,21.5,,6.3,140,93,450
102,백령도,2022-06-25 18:00,21,,5.7,160,94,418
102,백령도,2022-06-25 19:00,20,,4.8,140,93,267
102,백령도,2022-06-25 20:00,20.8,,6.5,160,96,59
102,백령도,2022-06-25 21:00,21.6,,6.3,160,96,145
102,백령도,2022-06-25 22:00,21.6,,5.3,160,95,190
102,백령도,2022-06-25 23:00,21.3,,5.9,180,94,198
102,백령도,2022-06-26 00:00,21.3,,6.9,160,95,109
102,백령도,2022-06-26 01:00,21.1,,5.1,180,96,34
102,백령도,2022-06-26 02:00,21.7,,7.9,180,96,36
102,백령도,2022-06-26 03:00,22.1,,7.5,180,96,61
102,백령도,2022-06-26 04:00,22.2,,6.9,200,96,68
102,백령도,2022-06-26 05:00,22.3,,6.6,200,96,166
102,백령도,2022-06-26 06:00,22,,8.2,200,96,33
102,백령도,2022-06-26 07:00,22.1,,10.4,200,96,41
102,백령도,2022-06-26 08:00,22.3,,6.5,200,96,135
102,백령도,2022-06-26 09:00,22,,4,180,96,142
102,백령도,2022-06-26 10:00,21.6,,4.9,180,96,135
102,백령도,2022-06-26 11:00,21.1,,2.8,140,96,92
102,백령도,2022-06-26 12:00,21.1,,3.4,140,96,96
102,백령도,2022-06-26 13:00,22.4,,6.5,160,96,499
102,백령도,2022-06-26 14:00,22.5,,4.6,180,92,439
102,백령도,2022-06-26 15:00,23.2,,3.5,140,90,809
102,백령도,2022-06-26 16:00,23.4,,3.5,180,91,836
102,백령도,2022-06-26 17:00,21.5,,2.7,110,94,118
102,백령도,2022-06-26 18:00,20.7,,5,140,95,77
102,백령도,2022-06-26 19:00,21.3,,6.8,140,96,60
102,백령도,2022-06-26 20:00,21.6,,4.6,140,96,40
102,백령도,2022-06-26 21:00,21.5,,4,140,96,32
102,백령도,2022-06-26 22:00,20.8,,6.2,140,96,36
102,백령도,2022-06-26 23:00,20.2,,6.5,140,96,40
102,백령도,2022-06-27 00:00,20.7,,4.5,140,96,32
102,백령도,2022-06-27 01:00,22.7,6.8,5.3,200,97,131
102,백령도,2022-06-27 02:00,20.9,5.2,5.3,160,96,513
102,백령도,2022-06-27 03:00,19.7,.2,6,110,94,1393
102,백령도,2022-06-27 04:00,20.7,.1,4,140,95,1821
102,백령도,2022-06-27 05:00,21.3,0,6.4,140,96,269
102,백령도,2022-06-27 06:00,21.7,.4,5.1,140,96,50
102,백령도,2022-06-27 07:00,20.2,.2,7.3,140,96,45
102,백령도,2022-06-27 08:00,21.1,.1,5.7,140,96,51
102,백령도,2022-06-27 09:00,20.5,.2,5.6,140,96,39
102,백령도,2022-06-27 10:00,20.7,5.1,6,140,96,49
102,백령도,2022-06-27 11:00,21.1,.4,6,140,96,220
102,백령도,2022-06-27 12:00,21,1.8,9,160,96,264
102,백령도,2022-06-27 13:00,21.7,25.6,7.7,160,96,413
102,백령도,2022-06-27 14:00,21.3,2.4,5.7,140,97,265
102,백령도,2022-06-27 15:00,22.2,.7,10.5,160,96,587
102,백령도,2022-06-27 16:00,21.8,.3,8.8,160,96,439
102,백령도,2022-06-27 17:00,22.5,.5,6.8,180,95,452
102,백령도,2022-06-27 18:00,22.6,1,6.6,180,94,475
102,백령도,2022-06-27 19:00,22.5,.7,6.1,180,94,496
102,백령도,2022-06-27 20:00,22.5,.1,6.4,180,94,550
102,백령도,2022-06-27 21:00,23,0,8.2,180,94,690
102,백령도,2022-06-27 22:00,22.7,0,8,180,94,668
102,백령도,2022-06-27 23:00,23,0,8.4,180,93,807
102,백령도,2022-06-28 00:00,23.2,0,11.1,200,94,811
102,백령도,2022-06-28 01:00,22.3,.1,6.3,200,96,375
102,백령도,2022-06-28 02:00,22.2,.7,6.9,200,96,372
102,백령도,2022-06-28 03:00,22.1,4.7,6.7,200,96,272
102,백령도,2022-06-28 04:00,22.5,.4,7.7,200,96,603
102,백령도,2022-06-28 05:00,22.9,.1,7.6,200,94,651
102,백령도,2022-06-28 06:00,22.5,.4,6.7,180,95,509
102,백령도,2022-06-28 07:00,22.6,1.1,5.7,200,96,310
102,백령도,2022-06-28 08:00,22.2,4.1,7.7,200,95,368
102,백령도,2022-06-28 09:00,22.5,5.4,6.8,200,95,651
102,백령도,2022-06-28 10:00,22.3,13,8.4,200,96,178
102,백령도,2022-06-28 11:00,22,7.3,6.1,230,96,574
102,백령도,2022-06-28 12:00,22.3,0,5.9,200,96,435
102,백령도,2022-06-28 13:00,22.4,.1,6.4,180,95,419
102,백령도,2022-06-28 14:00,22.7,0,8.5,200,94,637
102,백령도,2022-06-28 15:00,22.4,0,8,180,94,539
102,백령도,2022-06-28 16:00,22.7,.1,5.6,200,95,592
102,백령도,2022-06-28 17:00,22.8,0,6.1,200,93,767
102,백령도,2022-06-28 18:00,22.5,3.1,5.6,200,95,329
102,백령도,2022-06-28 19:00,22.6,3.4,7.3,200,96,478
102,백령도,2022-06-28 20:00,21.9,1.3,6,180,96,356
102,백령도,2022-06-28 21:00,21.9,1.3,5.3,180,96,328
102,백령도,2022-06-28 22:00,22.1,2.5,5.2,180,97,235
102,백령도,2022-06-28 23:00,22.1,14.3,7.3,160,97,625
102,백령도,2022-06-29 00:00,22.3,5.4,8.5,180,97,654
102,백령도,2022-06-29 01:00,22.2,13.3,6.6,200,96,462
102,백령도,2022-06-29 02:00,22,.3,7.5,200,97,229
102,백령도,2022-06-29 03:00,21.8,0,7.8,230,97,75
102,백령도,2022-06-29 04:00,22,.1,7.1,230,98,99
102,백령도,2022-06-29 05:00,21.5,0,4.8,230,97,85
102,백령도,2022-06-29 06:00,21.3,0,4.7,230,98,57
102,백령도,2022-06-29 07:00,21.1,0,4.8,230,98,124
102,백령도,2022-06-29 08:00,21,,4.3,230,98,128
102,백령도,2022-06-29 09:00,20.8,,4.1,200,98,98
102,백령도,2022-06-29 10:00,20.9,,4.6,180,98,165
102,백령도,2022-06-29 11:00,22.6,,2.5,200,92,1766
102,백령도,2022-06-29 12:00,22.8,,3.8,180,88,1510
102,백령도,2022-06-29 13:00,23.7,,3.4,180,85,2295
102,백령도,2022-06-29 14:00,22.8,,3.3,160,87,1655
102,백령도,2022-06-29 15:00,22.3,,3.9,160,93,851
102,백령도,2022-06-29 16:00,21.9,,2.8,160,95,453
102,백령도,2022-06-29 17:00,21.9,,2.8,180,94,869
102,백령도,2022-06-29 18:00,22.8,,4,200,94,1396
102,백령도,2022-06-29 19:00,21.9,,4.3,180,95,509
102,백령도,2022-06-29 20:00,21.5,,2.5,200,97,53
102,백령도,2022-06-29 21:00,22,,2.7,200,97,25
102,백령도,2022-06-29 22:00,22.1,,1.5,180,97,25
102,백령도,2022-06-29 23:00,20.4,,1.4,140,98,22
102,백령도,2022-06-30 00:00,21,,4.9,160,98,29
102,백령도,2022-06-30 01:00,20.9,0,3.5,180,98,27
102,백령도,2022-06-30 02:00,20.5,0,2.7,180,98,22
102,백령도,2022-06-30 03:00,21.2,0,2.8,160,98,38
102,백령도,2022-06-30 04:00,21.4,0,3.9,160,98,35
102,백령도,2022-06-30 05:00,20.2,0,2.8,140,98,21
102,백령도,2022-06-30 06:00,20.5,0,2.4,180,98,46
102,백령도,2022-06-30 07:00,21.5,,2.3,180,98,58
102,백령도,2022-06-30 08:00,21.5,,1.5,140,98,37
102,백령도,2022-06-30 09:00,20.9,,3.4,140,98,38
102,백령도,2022-06-30 10:00,21.6,,1.7,160,98,73
102,백령도,2022-06-30 11:00,21.7,,2,160,98,146
102,백령도,2022-06-30 12:00,21.3,,3,140,98,120
102,백령도,2022-06-30 13:00,21.8,,3.5,160,98,158
102,백령도,2022-06-30 14:00,22,,3.3,160,97,255
102,백령도,2022-06-30 15:00,22,0,4.6,160,97,165
102,백령도,2022-06-30 16:00,21.6,0,4.8,160,97,163
102,백령도,2022-06-30 17:00,21.6,,5.1,160,97,81
102,백령도,2022-06-30 18:00,21.6,,4.6,160,98,84
102,백령도,2022-06-30 19:00,21.3,,3.2,180,98,51
102,백령도,2022-06-30 20:00,21.9,,2.7,180,98,41
102,백령도,2022-06-30 21:00,21.7,,3.9,180,98,227
102,백령도,2022-06-30 22:00,21,0,2.3,140,97,74
102,백령도,2022-06-30 23:00,20.8,0,4.5,140,98,31
102,백령도,2022-07-01 00:00,21.7,,4.8,140,98,60
102,백령도,2022-07-01 01:00,21.4,.1,5.3,160,98,77
102,백령도,2022-07-01 02:00,22.9,0,6.9,200,98,519
102,백령도,2022-07-01 03:00,22.6,.2,4.9,200,97,151
102,백령도,2022-07-01 04:00,21.9,.1,5.6,180,97,498
102,백령도,2022-07-01 05:00,21.6,,4.2,180,98,269
102,백령도,2022-07-01 06:00,21.9,.2,4.5,180,98,426
102,백령도,2022-07-01 07:00,22,0,4.9,180,97,718
102,백령도,2022-07-01 08:00,22,0,4.4,180,97,1071
102,백령도,2022-07-01 09:00,21.7,.4,6.6,160,97,138
102,백령도,2022-07-01 10:00,22.4,.2,7.3,160,97,733
102,백령도,2022-07-01 11:00,22.6,.9,5.2,180,97,500
102,백령도,2022-07-01 12:00,22.9,0,7.6,180,93,1730
102,백령도,2022-07-01 13:00,23,0,4.9,180,87,1967
102,백령도,2022-07-01 14:00,22.7,0,2.8,180,95,458
102,백령도,2022-07-01 15:00,23.3,0,6.8,180,94,1803
102,백령도,2022-07-01 16:00,23.2,0,7.6,160,94,1515
102,백령도,2022-07-01 17:00,21.9,,3.4,180,96,238
102,백령도,2022-07-01 18:00,22.6,,3.7,180,97,514
102,백령도,2022-07-01 19:00,22.1,,2.7,180,97,282
102,백령도,2022-07-01 20:00,22,,3.8,180,97,178
102,백령도,2022-07-01 21:00,21.8,,3.4,180,97,89
102,백령도,2022-07-01 22:00,21.7,,3.2,180,97,29
102,백령도,2022-07-01 23:00,22,,2.6,180,98,58
102,백령도,2022-07-02 00:00,21.6,,2.7,180,98,55
102,백령도,2022-07-02 01:00,21.5,,2.8,140,98,26
102,백령도,2022-07-02 02:00,20.6,,3.4,140,98,20
102,백령도,2022-07-02 03:00,20.9,,4.1,140,98,33
102,백령도,2022-07-02 04:00,20.7,,4,140,98,94
102,백령도,2022-07-02 05:00,20.5,,3.5,140,98,29
102,백령도,2022-07-02 06:00,20.3,,3.8,140,98,33
102,백령도,2022-07-02 07:00,20.5,,3.5,140,98,296
102,백령도,2022-07-02 08:00,20.8,,1.5,180,98,476
102,백령도,2022-07-02 09:00,21.6,,1.4,160,95,750
102,백령도,2022-07-02 10:00,22.8,,2.7,110,91,1223
102,백령도,2022-07-02 11:00,24.5,,3.2,140,86,857
102,백령도,2022-07-02 12:00,23.9,,3.6,140,84,1553
102,백령도,2022-07-02 13:00,23.8,,4.1,160,82,1637
102,백령도,2022-07-02 14:00,23.4,,4.4,160,85,1529
102,백령도,2022-07-02 15:00,23.9,,4.8,160,82,1738
102,백령도,2022-07-02 16:00,23.5,,4.8,160,84,1555
102,백령도,2022-07-02 17:00,23,,3.6,160,87,1367
102,백령도,2022-07-02 18:00,22.6,,3.1,180,88,1101
102,백령도,2022-07-02 19:00,22.5,,1.7,180,91,1021
102,백령도,2022-07-02 20:00,21.4,,1.3,160,95,469
102,백령도,2022-07-02 21:00,20.5,,1.6,160,97,54
102,백령도,2022-07-02 22:00,20.3,,.7,160,97,12
102,백령도,2022-07-02 23:00,20,,.7,110,98,19
102,백령도,2022-07-03 00:00,19.3,,.7,180,98,10
102,백령도,2022-07-03 01:00,19.7,,1.3,160,98,15
102,백령도,2022-07-03 02:00,20,,1.9,180,98,17
102,백령도,2022-07-03 03:00,19.9,,.3,0,98,22
102,백령도,2022-07-03 04:00,20,,.4,0,98,143
102,백령도,2022-07-03 05:00,20.2,,.3,0,98,123
102,백령도,2022-07-03 06:00,20.5,,.2,0,98,216
102,백령도,2022-07-03 07:00,21.1,,1.8,340,98,728
102,백령도,2022-07-03 08:00,21.5,,1.7,290,95,2097
102,백령도,2022-07-03 09:00,23.7,,2.3,360,78,2778
102,백령도,2022-07-03 10:00,24.7,,1.8,70,74,1300
102,백령도,2022-07-03 11:00,25.2,,1.3,360,73,2551
102,백령도,2022-07-03 12:00,25.7,,1.5,360,70,2609
102,백령도,2022-07-03 13:00,25.4,,3.3,360,71,2932
102,백령도,2022-07-03 14:00,24.5,,3.9,320,71,2781
102,백령도,2022-07-03 15:00,25.1,,3.7,290,72,2481
102,백령도,2022-07-03 16:00,24.2,,3.5,290,74,2542
102,백령도,2022-07-03 17:00,23.7,,3.3,320,74,2320
102,백령도,2022-07-03 18:00,23,,2.2,290,80,2146
102,백령도,2022-07-03 19:00,22.6,,1.9,290,82,2105
102,백령도,2022-07-03 20:00,21.9,,1.6,290,83,1760
102,백령도,2022-07-03 21:00,21.2,,1.5,290,87,1370
102,백령도,2022-07-03 22:00,21.3,,.9,320,87,1662
102,백령도,2022-07-03 23:00,21.4,,1.3,290,86,1652
102,백령도,2022-07-04 00:00,22.1,,1.1,340,80,2163
102,백령도,2022-07-04 01:00,22.4,,.4,0,79,2364
102,백령도,2022-07-04 02:00,23.2,,.7,90,74,1732
102,백령도,2022-07-04 03:00,22.2,,1.6,90,85,1153
102,백령도,2022-07-04 04:00,21.9,,1.3,90,86,1272
102,백령도,2022-07-04 05:00,21.7,,1.4,110,87,1282
102,백령도,2022-07-04 06:00,22,,1.3,110,88,771
102,백령도,2022-07-04 07:00,23.1,,1.8,90,81,999
102,백령도,2022-07-04 08:00,24.1,,1.2,90,80,792
102,백령도,2022-07-04 09:00,23.9,,2.6,110,79,1782
102,백령도,2022-07-04 10:00,25.3,,1.4,110,75,1720
102,백령도,2022-07-04 11:00,27,,.6,110,68,1639
102,백령도,2022-07-04 12:00,26.5,,2.8,200,69,1759
102,백령도,2022-07-04 13:00,26.6,,2.8,200,71,1561
102,백령도,2022-07-04 14:00,26.8,,1.5,200,66,1710
102,백령도,2022-07-04 15:00,26.5,,1.5,320,72,1449
102,백령도,2022-07-04 16:00,26.5,,2.2,340,70.8,1506
102,백령도,2022-07-04 17:00,25.1,,1.5,290,77,1397
102,백령도,2022-07-04 18:00,23.1,,2.5,290,81,1282
102,백령도,2022-07-04 19:00,23.1,,1.9,290,83,1224
102,백령도,2022-07-04 20:00,23.3,,1.5,290,81,1448
102,백령도,2022-07-04 21:00,23.3,,0,0,81,1302
102,백령도,2022-07-04 22:00,23.1,,.8,270,83,1524
102,백령도,2022-07-04 23:00,22.7,,1.6,290,84,1491
102,백령도,2022-07-05 00:00,22.6,,1.5,290,84,1440
102,백령도,2022-07-05 01:00,23.5,,.9,290,78,1986
102,백령도,2022-07-05 02:00,23,0,2,290,81,1764
102,백령도,2022-07-05 03:00,22.9,0,1.9,290,77,2116
102,백령도,2022-07-05 04:00,22.8,,1.5,290,78,2054
102,백령도,2022-07-05 05:00,22.7,,1.8,290,79,2051
102,백령도,2022-07-05 06:00,23.5,,1.6,290,74,2715
102,백령도,2022-07-05 07:00,25.6,,0,0,71,2362
102,백령도,2022-07-05 08:00,26.7,,1.4,90,66,2871
102,백령도,2022-07-05 09:00,27.4,,2,340,61,3091
102,백령도,2022-07-05 10:00,27.8,,1.8,320,62,2925
102,백령도,2022-07-05 11:00,28.6,,2.2,290,59,3464
102,백령도,2022-07-05 12:00,29.6,,1.2,140,57,3088
102,백령도,2022-07-05 13:00,29.2,,2.4,340,58,3388
102,백령도,2022-07-05 14:00,29.3,,3,340,55,3847
102,백령도,2022-07-05 15:00,29.8,,2.3,320,56,4073
102,백령도,2022-07-05 16:00,29.7,,2.2,340,54,3771
102,백령도,2022-07-05 17:00,29.4,,2.1,290,54,3734
102,백령도,2022-07-05 18:00,28.5,,.9,200,57,3361
102,백령도,2022-07-05 19:00,24.7,,1.2,290,72,2415
102,백령도,2022-07-05 20:00,23.4,,.3,0,77,1729
102,백령도,2022-07-05 21:00,24.3,,0,0,81,1609
102,백령도,2022-07-05 22:00,24,,1.6,180,81,1603
102,백령도,2022-07-05 23:00,23.6,,1.4,160,80,2103
102,백령도,2022-07-06 00:00,20.8,,1.9,110,89,1100
102,백령도,2022-07-06 01:00,21.4,,2,90,87,1204
102,백령도,2022-07-06 02:00,21.7,,1.1,140,90,1001
102,백령도,2022-07-06 03:00,21.4,,1.4,160,92,569
102,백령도,2022-07-06 04:00,22.4,,1.7,140,95,405
102,백령도,2022-07-06 05:00,22.8,,3.3,140,89,1339
102,백령도,2022-07-06 06:00,22.7,,4.1,140,92,894
102,백령도,2022-07-06 07:00,23.1,,4.7,140,93,917
102,백령도,2022-07-06 08:00,23.3,,4.2,140,87,1720
102,백령도,2022-07-06 09:00,25,,5.4,140,78,2541
102,백령도,2022-07-06 10:00,25.3,,6,140,76,2195
102,백령도,2022-07-06 11:00,25.1,,5.1,140,77,1892
102,백령도,2022-07-06 12:00,24.5,,6.9,140,80,1347
102,백령도,2022-07-06 13:00,25,,7.9,140,80,1008
102,백령도,2022-07-06 14:00,24.7,,8,140,81,855
102,백령도,2022-07-06 15:00,25.5,,5.9,140,80,972
102,백령도,2022-07-06 16:00,24.9,,4.9,140,81,1200
102,백령도,2022-07-06 17:00,25.4,,5.4,140,81,1527
102,백령도,2022-07-06 18:00,25.1,,6.3,140,81,1961
102,백령도,2022-07-06 19:00,25.5,,5,140,82,2144
102,백령도,2022-07-06 20:00,25.3,,5,160,84,2285
102,백령도,2022-07-06 21:00,24.3,,5,140,87,2083
102,백령도,2022-07-06 22:00,23.9,,6.7,140,89,1852
102,백령도,2022-07-06 23:00,24.3,,8.3,160,89,1753
102,백령도,2022-07-07 00:00,24.6,,8.7,160,88,1698
102,백령도,2022-07-07 01:00,23.9,,5.7,160,89,1533
102,백령도,2022-07-07 02:00,24.5,,8.8,160,88,1717
102,백령도,2022-07-07 03:00,22.7,,5.4,160,91,1182
102,백령도,2022-07-07 04:00,22.8,,5.5,180,91,1163
102,백령도,2022-07-07 05:00,23.5,,7.2,160,93,1149
102,백령도,2022-07-07 06:00,23.4,1.9,8.2,160,95,211
102,백령도,2022-07-07 07:00,23.3,6,8.8,160,95,488
102,백령도,2022-07-07 08:00,24.1,1.7,11,160,95,477
102,백령도,2022-07-07 09:00,23.8,0,10.4,160,94,575
102,백령도,2022-07-07 10:00,24.2,1.5,8.9,180,95,366
102,백령도,2022-07-07 11:00,23.9,.1,6.8,180,96,288
102,백령도,2022-07-07 12:00,24.1,0,6.5,180,96,436
102,백령도,2022-07-07 13:00,24.3,0,5.6,180,94,462
102,백령도,2022-07-07 14:00,25,,6.8,180,91,704
102,백령도,2022-07-07 15:00,24.4,,6,180,91,498
102,백령도,2022-07-07 16:00,24.5,,6.7,180,90,513
102,백령도,2022-07-07 17:00,24.7,,6.5,180,90,617
102,백령도,2022-07-07 18:00,24.3,,6.4,180,90,686
102,백령도,2022-07-07 19:00,23.8,,5.9,200,92,584
102,백령도,2022-07-07 20:00,23.4,,5.1,200,93,467
102,백령도,2022-07-07 21:00,22.3,.1,3.6,230,95,309
102,백령도,2022-07-07 22:00,22.2,.1,3.4,200,95,443
102,백령도,2022-07-07 23:00,22,,4.9,200,92,842
102,백령도,2022-07-08 00:00,22.2,,6.2,230,90,1674
102,백령도,2022-07-08 01:00,21.8,0,5.5,230,92,720
102,백령도,2022-07-08 02:00,22,0,5,230,89,1657
102,백령도,2022-07-08 03:00,21.6,.4,5.3,230,95,276
102,백령도,2022-07-08 04:00,21.6,.7,4.7,230,95,269
102,백령도,2022-07-08 05:00,21.5,.7,5.4,230,94,328
102,백령도,2022-07-08 06:00,21.4,.6,4.1,230,95,391
102,백령도,2022-07-08 07:00,21.5,.5,4.4,230,94,692
102,백령도,2022-07-08 08:00,21.8,0,3.6,250,94,989
102,백령도,2022-07-08 09:00,21.9,0,3.6,250,95,572
102,백령도,2022-07-08 10:00,22.5,0,3.7,290,95,574
102,백령도,2022-07-08 11:00,22.6,,4.2,290,96,204
102,백령도,2022-07-08 12:00,24.1,,4.1,290,92,736
102,백령도,2022-07-08 13:00,25.2,,3.9,320,84,1583
102,백령도,2022-07-08 14:00,25.6,,3.2,320,82,1944
102,백령도,2022-07-08 15:00,25.7,,3.7,290,80,1628
102,백령도,2022-07-08 16:00,25.2,,4.6,290,81,1252
102,백령도,2022-07-08 17:00,24.7,,3.6,290,85,790
102,백령도,2022-07-08 18:00,23.5,,4.4,290,87,718
102,백령도,2022-07-08 19:00,23.4,,2.4,290,87,817
102,백령도,2022-07-08 20:00,22.1,,2,290,93,379
102,백령도,2022-07-08 21:00,21.8,,1.6,290,95,40
102,백령도,2022-07-08 22:00,21.7,,.6,270,96,45
102,백령도,2022-07-08 23:00,20.9,,1.5,270,96,156
102,백령도,2022-07-09 00:00,21,,.9,290,96,264
102,백령도,2022-07-09 01:00,21.2,,.2,0,95,433
102,백령도,2022-07-09 02:00,21.1,,1.3,270,93,438
102,백령도,2022-07-09 03:00,20.9,,1.1,180,94,213
102,백령도,2022-07-09 04:00,20,,1.3,110,95,344
102,백령도,2022-07-09 05:00,19.7,,1.3,140,96,18
102,백령도,2022-07-09 06:00,20.2,,1.7,110,96,19
102,백령도,2022-07-09 07:00,20.5,,2.1,90,96,31
102,백령도,2022-07-09 08:00,21.9,,1.4,140,96,665
102,백령도,2022-07-09 09:00,23.5,,2,160,84,1406
102,백령도,2022-07-09 10:00,24.2,,2.7,180,84,2547
102,백령도,2022-07-09 11:00,26.6,,2.4,160,75,1904
102,백령도,2022-07-09 12:00,26.1,,3.2,180,77,1685
102,백령도,2022-07-09 13:00,27,,3,180,67,1734
102,백령도,2022-07-09 14:00,27,,3.3,180,75,1526
102,백령도,2022-07-09 15:00,26.7,,3.2,200,73,1074
102,백령도,2022-07-09 16:00,27.9,,2,200,66,1737
102,백령도,2022-07-09 17:00,27.4,,1.9,180,76,1053
102,백령도,2022-07-09 18:00,25.6,,1.2,180,83,696
102,백령도,2022-07-09 19:00,25.1,,1.9,180,85,464
102,백령도,2022-07-09 20:00,23.6,,1,290,86,573
102,백령도,2022-07-09 21:00,23.7,,.7,180,92,232
102,백령도,2022-07-09 22:00,22.9,,1,110,94,236
102,백령도,2022-07-09 23:00,22.6,,.5,160,94,192
102,백령도,2022-07-10 00:00,21.2,,1.2,160,95,57
102,백령도,2022-07-10 01:00,21.4,,2.1,140,96,21
102,백령도,2022-07-10 02:00,21.9,,1.9,160,96,25
102,백령도,2022-07-10 03:00,21.5,,1.9,110,96,15
102,백령도,2022-07-10 04:00,21.7,,1.6,140,96,24
102,백령도,2022-07-10 05:00,21.6,,2.7,110,96,18
102,백령도,2022-07-10 06:00,22,,2.2,140,96,15
102,백령도,2022-07-10 07:00,22,,1.5,90,96,13
102,백령도,2022-07-10 08:00,22.9,,1.5,140,96,17
102,백령도,2022-07-10 09:00,22.8,,2.1,180,96,64
102,백령도,2022-07-10 10:00,24.4,,2.8,180,95,644
102,백령도,2022-07-10 11:00,25.5,,2.8,110,84,745
102,백령도,2022-07-10 12:00,24.9,,3.3,180,86,583
102,백령도,2022-07-10 13:00,25.5,,3,180,87,665
102,백령도,2022-07-10 14:00,26.5,,4.2,160,80,610
102,백령도,2022-07-10 15:00,25.6,,3.5,160,85,459
102,백령도,2022-07-10 16:00,24.5,,5.4,160,88,453
102,백령도,2022-07-10 17:00,24.3,,4.6,160,92,414
102,백령도,2022-07-10 18:00,23.3,,1.9,180,94,84
102,백령도,2022-07-10 19:00,22.3,,1.5,90,95,227
102,백령도,2022-07-10 20:00,23.2,,.4,0,96,102
102,백령도,2022-07-10 21:00,23.3,,.8,340,96,173
102,백령도,2022-07-10 22:00,22.7,,.4,0,94,375
102,백령도,2022-07-10 23:00,23.2,,.3,0,93,610
102,백령도,2022-07-11 00:00,23.6,,0,0,93,361
102,백령도,2022-07-11 01:00,23.3,,.7,290,94,320
102,백령도,2022-07-11 02:00,23.1,,.3,0,93,477
102,백령도,2022-07-11 03:00,22.6,,.6,140,94,291
102,백령도,2022-07-11 04:00,21.8,,1.3,70,95,176
102,백령도,2022-07-11 05:00,22.1,,2.1,70,92,398
102,백령도,2022-07-11 06:00,22.3,,1.1,110,91,552
102,백령도,2022-07-11 07:00,23.2,,1.1,180,84,1053
102,백령도,2022-07-11 08:00,24.5,,.9,340,77,1803
102,백령도,2022-07-11 09:00,25.2,,1.7,90,74,1577
102,백령도,2022-07-11 10:00,26.4,,2,340,66,2592
102,백령도,2022-07-11 11:00,26.3,,2.7,320,71,1887
102,백령도,2022-07-11 12:00,25.9,,3.3,320,76,1343
102,백령도,2022-07-11 13:00,26.7,,3.5,340,72,1533
102,백령도,2022-07-11 14:00,27.4,,3,340,63,1957
102,백령도,2022-07-11 15:00,25.7,,3.3,290,73,1213
102,백령도,2022-07-11 16:00,26,,2.6,290,75,1235
102,백령도,2022-07-11 17:00,25.3,,3.1,290,74,1331
102,백령도,2022-07-11 18:00,24.5,,3.1,290,73,1633
102,백령도,2022-07-11 19:00,24.2,,2.9,320,72,2196
102,백령도,2022-07-11 20:00,22.9,,2.1,320,78,2400
102,백령도,2022-07-11 21:00,22.3,,1.8,290,83,2039
102,백령도,2022-07-11 22:00,22.8,,1.9,290,78,2383
102,백령도,2022-07-11 23:00,22.2,,1,290,81,2280
102,백령도,2022-07-12 00:00,22.9,,.9,110,79.8,2050
102,백령도,2022-07-12 01:00,21.9,,1.7,180,86,1221
102,백령도,2022-07-12 02:00,22.3,,2.4,110,82,1625
102,백령도,2022-07-12 03:00,22.5,,2.7,110,89,627
102,백령도,2022-07-12 04:00,22.7,,2.6,140,82,1806
102,백령도,2022-07-12 05:00,23.2,,4.3,110,74,4725
102,백령도,2022-07-12 06:00,22.5,,1.8,110,79,4797
102,백령도,2022-07-12 07:00,22.6,,2.7,110,79,4835
102,백령도,2022-07-12 08:00,22.6,,2.4,90,80,4810
102,백령도,2022-07-12 09:00,23.2,,2.7,110,78,4460
102,백령도,2022-07-12 10:00,23.4,,2.7,110,77,4100
102,백령도,2022-07-12 11:00,23.1,0,3.4,90,80,4111
102,백령도,2022-07-12 12:00,23.8,0,4.7,140,77,4074
102,백령도,2022-07-12 13:00,23.3,0,7.1,140,79,3869
102,백령도,2022-07-12 14:00,23.8,0,3.2,110,79,3530
102,백령도,2022-07-12 15:00,23.4,,4.7,160,81,2899
102,백령도,2022-07-12 16:00,23.1,,5.1,140,85,3361
102,백령도,2022-07-12 17:00,23.7,,3.5,140,84,1565
102,백령도,2022-07-12 18:00,24,,2.1,110,84,1167
102,백령도,2022-07-12 19:00,23.2,0,5.5,110,90,764
102,백령도,2022-07-12 20:00,24,0,4,110,89,949
102,백령도,2022-07-12 21:00,23.6,0,6.2,110,90,737
102,백령도,2022-07-12 22:00,24.1,0,5.5,140,91,788
102,백령도,2022-07-12 23:00,23.5,.1,6.5,140,93,469
102,백령도,2022-07-13 00:00,23.1,.6,5.7,160,94,175
102,백령도,2022-07-13 01:00,22.7,2.3,5.4,140,94,137
102,백령도,2022-07-13 02:00,22.9,5.7,6.2,140,96,91
102,백령도,2022-07-13 03:00,22.4,5.5,7.2,140,96,37
102,백령도,2022-07-13 04:00,23.3,6.4,5.2,140,96,223
102,백령도,2022-07-13 05:00,23.2,15.5,8.7,140,96,304
102,백령도,2022-07-13 06:00,23.1,9.5,6,140,96,182
102,백령도,2022-07-13 07:00,23.3,10.4,9.9,160,95,154
102,백령도,2022-07-13 08:00,23.8,37.6,6.1,160,95,173
102,백령도,2022-07-13 09:00,24.3,2.6,8,180,93,800
102,백령도,2022-07-13 10:00,23.8,9.3,6.8,180,95,53
102,백령도,2022-07-13 11:00,24,34.1,7.5,180,96,59
102,백령도,2022-07-13 12:00,24.3,14.4,8,200,95,531
102,백령도,2022-07-13 13:00,24.2,1.8,4.9,250,95,228
102,백령도,2022-07-13 14:00,23.9,.4,4,290,96,470
102,백령도,2022-07-13 15:00,25.2,0,3.8,290,88,674
102,백령도,2022-07-13 16:00,24.4,,4,250,89,736
102,백령도,2022-07-13 17:00,23.9,,4.6,230,90,667
102,백령도,2022-07-13 18:00,23.2,,4.5,250,94,378
102,백령도,2022-07-13 19:00,23.1,,4.5,250,92,760
102,백령도,2022-07-13 20:00,22.6,,2.8,250,93,645
102,백령도,2022-07-13 21:00,22.5,0,2.8,250,96,272
102,백령도,2022-07-13 22:00,22.6,.1,4.9,290,96,313
102,백령도,2022-07-13 23:00,21.9,0,5.2,320,97,25
102,백령도,2022-07-14 00:00,21.9,0,4.1,320,97,461
102,백령도,2022-07-14 01:00,21.8,,3.7,340,97,119
102,백령도,2022-07-14 02:00,21.9,0,3.8,320,98,27
102,백령도,2022-07-14 03:00,21.7,.2,3.2,320,98,21
102,백령도,2022-07-14 04:00,20.9,.1,3.8,320,98,26
102,백령도,2022-07-14 05:00,19.9,0,4.1,320,98,21
102,백령도,2022-07-14 06:00,19.6,0,3.9,320,98,24
102,백령도,2022-07-14 07:00,20.3,0,3.4,340,98,69
102,백령도,2022-07-14 08:00,20.3,,3.6,320,98,55
102,백령도,2022-07-14 09:00,20.5,,3.4,320,98,1201
102,백령도,2022-07-14 10:00,22.4,,4,340,86,4223
102,백령도,2022-07-14 11:00,23.1,,3.7,340,83,3963
102,백령도,2022-07-14 12:00,24.2,,3.5,290,78,3756
102,백령도,2022-07-14 13:00,24.3,,3.6,290,75,3902
102,백령도,2022-07-14 14:00,23.1,,6.3,290,81,4082
102,백령도,2022-07-14 15:00,23.8,,6.1,290,80,3704
102,백령도,2022-07-14 16:00,23.6,,4.8,290,81,3442
102,백령도,2022-07-14 17:00,23.6,,4.6,320,81,3407
102,백령도,2022-07-14 18:00,22.8,,4.1,320,85,3091
102,백령도,2022-07-14 19:00,22.4,,4.3,320,87,2168
102,백령도,2022-07-14 20:00,22.1,,3.7,320,90,1754
102,백령도,2022-07-14 21:00,21.6,,3.9,320,93,1260
102,백령도,2022-07-14 22:00,21.2,,2.6,320,95,761
102,백령도,2022-07-14 23:00,21.1,,1.5,290,95,671
102,백령도,2022-07-15 00:00,21.1,,1.9,290,96,169
102,백령도,2022-07-15 01:00,21.5,,2.7,290,96,22
102,백령도,2022-07-15 02:00,21.6,,3.2,290,96,17
102,백령도,2022-07-15 03:00,21.5,0,2.2,290,96,54
102,백령도,2022-07-15 04:00,21.2,,1.8,270,96,306
102,백령도,2022-07-15 05:00,21.5,0,1.2,270,96,21
102,백령도,2022-07-15 06:00,21.2,0,2,290,96,305
102,백령도,2022-07-15 07:00,21.3,0,2.2,230,96,833
102,백령도,2022-07-15 08:00,21.2,,1.4,320,93,809
102,백령도,2022-07-15 09:00,21.6,,2.2,290,92,631
102,백령도,2022-07-15 10:00,23.7,,.8,70,87,1047
102,백령도,2022-07-15 11:00,23.5,,2.8,180,85,1001
102,백령도,2022-07-15 12:00,23.7,,2.8,360,87,743
102,백령도,2022-07-15 13:00,25.5,,1.5,320,82,1251
102,백령도,2022-07-15 14:00,26.1,,1,110,77,1382
102,백령도,2022-07-15 15:00,26.3,,2.7,140,77,1680
102,백령도,2022-07-15 16:00,26.9,,1.6,290,72,1558
102,백령도,2022-07-15 17:00,25.6,,3.9,230,75,1551
102,백령도,2022-07-15 18:00,25.8,,4.9,230,73,1445
102,백령도,2022-07-15 19:00,24.7,,3.7,230,78,1500
102,백령도,2022-07-15 20:00,23.5,,2.9,250,86,1500
102,백령도,2022-07-15 21:00,23,,2.6,250,91,1500
102,백령도,2022-07-15 22:00,23.1,,2.9,250,90,950
102,백령도,2022-07-15 23:00,23.7,,3.6,270,85,1200
102,백령도,2022-07-16 00:00,23.5,,4.1,290,87,1200
102,백령도,2022-07-16 01:00,23.2,,3.8,290,89,1200
102,백령도,2022-07-16 02:00,22.7,,3.5,290,93,950
102,백령도,2022-07-16 03:00,22.3,,2.4,290,94,800
102,백령도,2022-07-16 04:00,22.3,,4.1,320,93,800
102,백령도,2022-07-16 05:00,22.2,,4.3,320,94,1500
102,백령도,2022-07-16 06:00,21.3,,3.2,320,99,1700
102,백령도,2022-07-16 07:00,22.4,,2.6,320,95,2000
102,백령도,2022-07-16 08:00,24,,2.5,320,90,2000
102,백령도,2022-07-16 09:00,24.2,,3.4,290,86,2000
102,백령도,2022-07-16 10:00,25.4,,3.7,360,77,2000
102,백령도,2022-07-16 11:00,25.4,,3.3,360,78,2000
102,백령도,2022-07-16 12:00,25.3,,3.4,290,82,2000
102,백령도,2022-07-16 13:00,25.2,,4,290,85,2000
102,백령도,2022-07-16 14:00,25,,4,320,84,2000
102,백령도,2022-07-16 15:00,25.1,,4.6,320,88,2000
102,백령도,2022-07-16 16:00,23.8,,4.9,290,84,2000
102,백령도,2022-07-16 17:00,24.1,,5.2,290,87,1700
102,백령도,2022-07-16 18:00,23.8,,4.2,290,88,1460
102,백령도,2022-07-16 19:00,23.4,,3.7,320,90,1264
102,백령도,2022-07-16 20:00,22.5,,2.7,320,94,850
102,백령도,2022-07-16 21:00,22.1,,2.3,320,96,750
102,백령도,2022-07-16 22:00,21.8,,2.2,320,98,800
102,백령도,2022-07-16 23:00,22.1,,.9,230,97,750
102,백령도,2022-07-17 00:00,21.7,,1.2,340,97,750
102,백령도,2022-07-17 01:00,21.7,,.8,290,99,750
102,백령도,2022-07-17 02:00,21.7,,.5,320,99,750
102,백령도,2022-07-17 03:00,21.4,,.8,180,99,750
102,백령도,2022-07-17 04:00,21.3,,.8,270,98,800
102,백령도,2022-07-17 05:00,21.6,,1.6,270,96,850
102,백령도,2022-07-17 06:00,21.8,,1.2,290,94,1200
102,백령도,2022-07-17 07:00,22.9,,1.2,230,94,1200
102,백령도,2022-07-17 08:00,24.1,,1,180,90,1500
102,백령도,2022-07-17 09:00,25.6,,1.7,180,78,1650
102,백령도,2022-07-17 10:00,26.5,,2.6,180,70,1770
102,백령도,2022-07-17 11:00,25.9,,3.1,180,78,1675
102,백령도,2022-07-17 12:00,26.3,,3.2,180,71,2744
102,백령도,2022-07-17 13:00,25.9,,3.2,180,74,2005
102,백령도,2022-07-17 14:00,26.3,,4.5,180,79,2022
102,백령도,2022-07-17 15:00,26.7,,3.3,180,80,1637
102,백령도,2022-07-17 16:00,25.3,,3.1,180,85,1314
102,백령도,2022-07-17 17:00,24.7,,3,180,88,891
102,백령도,2022-07-17 18:00,25.5,,3,250,83,691
102,백령도,2022-07-17 19:00,24.9,,1.9,250,86,566
102,백령도,2022-07-17 20:00,23.7,,1.7,290,93,341
102,백령도,2022-07-17 21:00,23.5,,1.3,230,94,298
102,백령도,2022-07-17 22:00,22.6,,1.1,180,98,128
102,백령도,2022-07-17 23:00,22.3,,1.1,180,99,84
102,백령도,2022-07-18 00:00,22.4,,1.1,160,99,94
102,백령도,2022-07-18 01:00,21.9,,1.7,90,98,90
102,백령도,2022-07-18 02:00,21,,2,90,99,10
102,백령도,2022-07-18 03:00,21,,1.1,140,99,11
102,백령도,2022-07-18 04:00,21.4,,1,140,99,22
102,백령도,2022-07-18 05:00,21.3,,1.5,110,99,12
102,백령도,2022-07-18 06:00,21.3,,1.5,110,99,67
102,백령도,2022-07-18 07:00,21.3,,1.6,110,99,9
102,백령도,2022-07-18 08:00,22.5,,1.6,140,99,89
102,백령도,2022-07-18 09:00,23.7,,1.9,110,95,507
102,백령도,2022-07-18 10:00,25.6,,2.5,90,85,486
102,백령도,2022-07-18 11:00,26.1,,2.7,140,80,849
102,백령도,2022-07-18 12:00,27.3,,2.4,90,74,1560
102,백령도,2022-07-18 13:00,28.6,,2.4,360,59,2716
102,백령도,2022-07-18 14:00,28,,3.4,290,61,2761
102,백령도,2022-07-18 15:00,25.4,,3.7,290,77,661
102,백령도,2022-07-18 16:00,26.6,,3.5,320,69,2023
102,백령도,2022-07-18 17:00,25.2,,2.9,320,74,2528
102,백령도,2022-07-18 18:00,24.6,,2.5,290,82,2212
102,백령도,2022-07-18 19:00,23.8,,3.4,320,88,2148
102,백령도,2022-07-18 20:00,23.5,,2.3,290,89,2217
102,백령도,2022-07-18 21:00,23.1,,4,290,92,1742
102,백령도,2022-07-18 22:00,23.1,,3.4,290,97,386
102,백령도,2022-07-18 23:00,23.1,,3.3,290,99,146
102,백령도,2022-07-19 00:00,23.1,,2.5,320,100,90
102,백령도,2022-07-19 01:00,22.2,,.9,290,99,11
102,백령도,2022-07-19 02:00,22.4,,1.8,290,97,18
102,백령도,2022-07-19 03:00,22.3,,1.7,290,97,10
102,백령도,2022-07-19 04:00,22.2,,2,290,97,8
102,백령도,2022-07-19 05:00,21.9,,2.7,320,97,8
102,백령도,2022-07-19 06:00,22.2,,2,320,97,70
102,백령도,2022-07-19 07:00,22.3,,1.4,270,97,209
102,백령도,2022-07-19 08:00,23,,3.2,290,100,342
102,백령도,2022-07-19 09:00,22.8,,3.3,320,98,594
102,백령도,2022-07-19 10:00,25.5,,3,290,90,696
102,백령도,2022-07-19 11:00,26.1,,3.7,290,83,973
102,백령도,2022-07-19 12:00,27,,3.6,290,82,1042
102,백령도,2022-07-19 13:00,27.3,,3.1,290,82,1107
102,백령도,2022-07-19 14:00,28,,2.8,290,78,1429
102,백령도,2022-07-19 15:00,28.4,,3.3,320,70,2060
102,백령도,2022-07-19 16:00,26.9,,3.7,290,76,1507
102,백령도,2022-07-19 17:00,26.3,,3.7,290,81,1339
102,백령도,2022-07-19 18:00,25.5,,3,290,85,2853
102,백령도,2022-07-19 19:00,25.6,,2,250,80,2781
102,백령도,2022-07-19 20:00,25.5,,2.9,250,70,3256
102,백령도,2022-07-19 21:00,25.4,,2.5,230,69,3271
102,백령도,2022-07-19 22:00,25,,2.8,270,78,2639
102,백령도,2022-07-19 23:00,24.8,,4.1,250,85,2034
102,백령도,2022-07-20 00:00,24.5,,3.5,250,81,2235
102,백령도,2022-07-20 01:00,24.8,,2.9,270,71,3180
102,백령도,2022-07-20 02:00,25,,4.2,250,76,3116
102,백령도,2022-07-20 03:00,24.3,,3.3,250,86,2429
102,백령도,2022-07-20 04:00,24.6,,2.2,270,82,2412
102,백령도,2022-07-20 05:00,23.7,,.7,230,84,2348
102,백령도,2022-07-20 06:00,22.8,,.8,140,91,1282
102,백령도,2022-07-20 07:00,23.9,,.5,200,89,1623
102,백령도,2022-07-20 08:00,24.6,,1.1,90,87,1670
102,백령도,2022-07-20 09:00,26.5,,2,250,82,2333
102,백령도,2022-07-20 10:00,28,,1.9,290,71,2232
102,백령도,2022-07-20 11:00,27.6,,1.8,320,69,2263
102,백령도,2022-07-20 12:00,26.2,0,.9,180,84,1598
102,백령도,2022-07-20 13:00,25.9,0,3.1,230,85,2509
102,백령도,2022-07-20 14:00,25.9,0,1.9,230,80,2795
102,백령도,2022-07-20 15:00,25.7,0,.9,320,85,2470
102,백령도,2022-07-20 16:00,24.9,0,.3,0,87,1575
102,백령도,2022-07-20 17:00,25.1,0,.6,140,92,1237
102,백령도,2022-07-20 18:00,24.5,0,1.2,180,92,670
102,백령도,2022-07-20 19:00,23.8,0,1.2,160,87,820
102,백령도,2022-07-20 20:00,22.7,.2,.5,70,81,2261
102,백령도,2022-07-20 21:00,21.2,.4,.1,0,97,1090
102,백령도,2022-07-20 22:00,22.3,.1,1.2,20,87,1267
102,백령도,2022-07-20 23:00,22,.6,.7,200,97,425
102,백령도,2022-07-21 00:00,20.3,2.6,1.6,160,94,296
102,백령도,2022-07-21 01:00,19.9,2.5,.3,0,98,395
102,백령도,2022-07-21 02:00,20,1.1,3.1,90,98,596
102,백령도,2022-07-21 03:00,19.8,.4,2.8,90,98,994
102,백령도,2022-07-21 04:00,20,.1,2.8,70,93,1489
102,백령도,2022-07-21 05:00,19.9,.2,1.8,20,94,1643
102,백령도,2022-07-21 06:00,20.1,.4,1.8,20,93,2252
102,백령도,2022-07-21 07:00,20.3,,1.7,320,95,1757
102,백령도,2022-07-21 08:00,20.9,,3.6,320,94,1133
102,백령도,2022-07-21 09:00,21.8,,3.9,320,89,1743
102,백령도,2022-07-21 10:00,22.7,,7,340,80,3116
102,백령도,2022-07-21 11:00,23.8,,4.8,320,82,3184
102,백령도,2022-07-21 12:00,24.1,,6.9,320,84,2317
102,백령도,2022-07-21 13:00,24.6,,4,320,85,993
102,백령도,2022-07-21 14:00,24.4,,7.2,320,80,1314
102,백령도,2022-07-21 15:00,24.6,,7.5,320,80,1608
102,백령도,2022-07-21 16:00,24.8,,7.1,320,77,2080
102,백령도,2022-07-21 17:00,24.4,,5.3,320,82,1497
102,백령도,2022-07-21 18:00,24.1,,4.5,290,84,1475
102,백령도,2022-07-21 19:00,23.5,,4.4,290,85,1799
102,백령도,2022-07-21 20:00,22.3,,3.9,290,90,1826
102,백령도,2022-07-21 21:00,22.1,,4,290,91,2413
102,백령도,2022-07-21 22:00,22.2,,4.3,290,93,1959
102,백령도,2022-07-21 23:00,22.4,,4.1,290,93,1450
102,백령도,2022-07-22 00:00,22.5,,4.2,270,91,1599
102,백령도,2022-07-22 01:00,22.6,,3.3,270,92,1428
102,백령도,2022-07-22 02:00,22.7,,3.8,270,93,1189
102,백령도,2022-07-22 03:00,22.5,,4,290,95,667
102,백령도,2022-07-22 04:00,22.6,,3.8,290,96,409
102,백령도,2022-07-22 05:00,22.8,,4.1,290,95,323
102,백령도,2022-07-22 06:00,22.6,,3.4,290,96,265
102,백령도,2022-07-22 07:00,23.2,,2.4,290,95,260
102,백령도,2022-07-22 08:00,23.9,,3.1,290,91,406
102,백령도,2022-07-22 09:00,24.7,,4.3,290,88,635
102,백령도,2022-07-22 10:00,25,,4.3,290,86,698
102,백령도,2022-07-22 11:00,25.5,,4,320,87,721
102,백령도,2022-07-22 12:00,26.2,,3.4,320,83,902
102,백령도,2022-07-22 13:00,26.3,,2.7,340,83,945
102,백령도,2022-07-22 14:00,26.2,,3.3,290,79,1205
102,백령도,2022-07-22 15:00,26.3,,4.9,320,76,1277
102,백령도,2022-07-22 16:00,25.7,,4.5,320,78,1676
102,백령도,2022-07-22 17:00,25.2,,3.9,320,81,2325
102,백령도,2022-07-22 18:00,24.9,,2.7,320,80,2938
102,백령도,2022-07-22 19:00,24.2,,2.5,290,85,2527
102,백령도,2022-07-22 20:00,23,,1.2,290,91,2127
102,백령도,2022-07-22 21:00,22.1,,1.9,290,94,1437
102,백령도,2022-07-22 22:00,22.1,,.6,290,95,1017
102,백령도,2022-07-22 23:00,22,,.9,250,95,960
102,백령도,2022-07-23 00:00,22.2,,.6,180,95,773
102,백령도,2022-07-23 01:00,21.7,,1.2,180,98,438
102,백령도,2022-07-23 02:00,21.8,,1.5,180,97,451
102,백령도,2022-07-23 03:00,21.5,,1.2,160,97,479
102,백령도,2022-07-23 04:00,21.8,,1.4,140,94,756
102,백령도,2022-07-23 05:00,22.3,,3,160,97,394
102,백령도,2022-07-23 06:00,22.1,,2,110,98,266
102,백령도,2022-07-23 07:00,22.8,,3,140,97,243
102,백령도,2022-07-23 08:00,23,,2.4,140,97,262
102,백령도,2022-07-23 09:00,22.8,,4.4,140,96,276
102,백령도,2022-07-23 10:00,23.6,,4.5,140,93,410
102,백령도,2022-07-23 11:00,23.6,,5.7,140,92,437
102,백령도,2022-07-23 12:00,24.1,0,4.9,140,88,492
102,백령도,2022-07-23 13:00,23.1,0,4.9,140,92,380
102,백령도,2022-07-23 14:00,22.8,.4,4.1,110,94,269
102,백령도,2022-07-23 15:00,22.1,2.2,4.1,110,98,188
102,백령도,2022-07-23 16:00,22.2,4.7,2.9,140,98,166
102,백령도,2022-07-23 17:00,21.5,2.3,3.7,110,91,659
102,백령도,2022-07-23 18:00,21.2,1.8,5.5,140,93,727
102,백령도,2022-07-23 19:00,21.2,2.6,5,110,96,243
102,백령도,2022-07-23 20:00,21.1,.3,4.9,90,98,402
102,백령도,2022-07-23 21:00,20.9,.1,4.4,90,97,424
102,백령도,2022-07-23 22:00,20.6,3.8,4.7,90,99,132
102,백령도,2022-07-23 23:00,20.4,2,5.2,90,99,128
102,백령도,2022-07-24 00:00,20.2,2.4,5.3,70,100,156
102,백령도,2022-07-24 01:00,20.4,1.6,5.2,70,100,173
102,백령도,2022-07-24 02:00,20.7,1.7,6.9,50,100,208
102,백령도,2022-07-24 03:00,20.4,3.2,1.7,360,100,279
102,백령도,2022-07-24 04:00,20.6,1.4,2,360,99,263
102,백령도,2022-07-24 05:00,20.6,.4,4.2,360,99,308
102,백령도,2022-07-24 06:00,20.6,2.1,3.9,360,99,215
102,백령도,2022-07-24 07:00,21.1,.5,1.5,360,98,2158
102,백령도,2022-07-24 08:00,21.4,,2.7,340,97,1994
102,백령도,2022-07-24 09:00,22.8,,4.1,340,92,2668
102,백령도,2022-07-24 10:00,22.7,,5.3,340,91,2090
102,백령도,2022-07-24 11:00,23.5,,4.6,340,87,1973
102,백령도,2022-07-24 12:00,24.3,,5.4,340,82,2667
102,백령도,2022-07-24 13:00,24.7,,6.1,340,77,3010
102,백령도,2022-07-24 14:00,24.2,,4.7,340,82,2762
102,백령도,2022-07-24 15:00,24.3,,4.3,340,81,2802
102,백령도,2022-07-24 16:00,24.4,,4,340,82,2930
102,백령도,2022-07-24 17:00,23.8,,4.8,320,81,2885
102,백령도,2022-07-24 18:00,23.5,,5,320,85,3011
102,백령도,2022-07-24 19:00,23,,3.6,320,90,2748
102,백령도,2022-07-24 20:00,21.9,,3.2,340,94,1982
102,백령도,2022-07-24 21:00,21.8,,2.7,320,94,1836
102,백령도,2022-07-24 22:00,21.6,,2,320,96,1241
102,백령도,2022-07-24 23:00,21.2,,1.2,320,97,793
102,백령도,2022-07-25 00:00,21.2,,3,320,97,591
102,백령도,2022-07-25 01:00,21,,1.8,320,98,416
102,백령도,2022-07-25 02:00,20.8,,.5,290,98,387
102,백령도,2022-07-25 03:00,21.2,,.4,0,97,530
102,백령도,2022-07-25 04:00,21.4,,.1,0,98,384
102,백령도,2022-07-25 05:00,20.9,,2.3,290,99,211
102,백령도,2022-07-25 06:00,22.2,,.6,250,99,422
102,백령도,2022-07-25 07:00,22.7,,.2,0,98,396
102,백령도,2022-07-25 08:00,23.9,,1.1,340,93,967
102,백령도,2022-07-25 09:00,24.9,,1.3,90,88,1009
102,백령도,2022-07-25 10:00,25.6,,1.4,90,84,1359
102,백령도,2022-07-25 11:00,26.6,,2.1,110,82,1772
102,백령도,2022-07-25 12:00,26.5,,2.7,180,76,1966
102,백령도,2022-07-25 13:00,26.7,,3.5,180,76,1883
102,백령도,2022-07-25 14:00,27.1,,3.2,180,73,1837
102,백령도,2022-07-25 15:00,27.2,,3.5,180,77,1859
102,백령도,2022-07-25 16:00,27.3,,3.1,180,77,1569
102,백령도,2022-07-25 17:00,27,,1.8,340,77,1770
102,백령도,2022-07-25 18:00,25.9,,.7,70,82,1482
102,백령도,2022-07-25 19:00,25.8,,1.2,200,86,1251
102,백령도,2022-07-25 20:00,24.6,,1.3,250,93,636
102,백령도,2022-07-25 21:00,23.8,,.6,290,96,410
102,백령도,2022-07-25 22:00,23.5,,.8,140,96,268
102,백령도,2022-07-25 23:00,23.8,,1,250,96,395
102,백령도,2022-07-26 00:00,23.8,,1,230,97,215
102,백령도,2022-07-26 01:00,22.8,,.1,0,98,138
102,백령도,2022-07-26 02:00,21.8,,.9,340,99,7
102,백령도,2022-07-26 03:00,21.9,,2,320,100,19
102,백령도,2022-07-26 04:00,22.4,,2.7,340,99,40
102,백령도,2022-07-26 05:00,22,,1.6,230,99,400
102,백령도,2022-07-26 06:00,22,,2.4,90,98,170
102,백령도,2022-07-26 07:00,23.1,,1,90,99,169
102,백령도,2022-07-26 08:00,24.4,,2.3,90,93,534
102,백령도,2022-07-26 09:00,25,,2.5,90,86,1001
102,백령도,2022-07-26 10:00,26.8,,3.1,110,76,1491
102,백령도,2022-07-26 11:00,27.3,,2.7,140,75,1554
102,백령도,2022-07-26 12:00,28.1,,3.1,160,69,1683
102,백령도,2022-07-26 13:00,27.8,,3.3,180,77,1604
102,백령도,2022-07-26 14:00,27.6,,3.8,180,78,1567
102,백령도,2022-07-26 15:00,28.4,,2.1,180,65,1758
102,백령도,2022-07-26 16:00,26.1,,2.3,340,82,1290
102,백령도,2022-07-26 17:00,26.9,,.7,230,81,1232
102,백령도,2022-07-26 18:00,24.8,,2,320,91,847
102,백령도,2022-07-26 19:00,24.5,,.3,0,93,713
102,백령도,2022-07-26 20:00,24.2,,0,0,93,775
102,백령도,2022-07-26 21:00,23.8,,.4,0,94,605
102,백령도,2022-07-26 22:00,23.7,,1.3,180,97,312
102,백령도,2022-07-26 23:00,23.4,,1.6,180,96,296
102,백령도,2022-07-27 00:00,23.2,,0,0,96,453
102,백령도,2022-07-27 01:00,22.7,,1.4,90,97,324
102,백령도,2022-07-27 02:00,23.2,,1.1,70,99,50
102,백령도,2022-07-27 03:00,22.7,,1.6,90,99,187
102,백령도,2022-07-27 04:00,23.4,,2.2,110,99,243
102,백령도,2022-07-27 05:00,22.8,,1.7,70,98,214
102,백령도,2022-07-27 06:00,23.2,,1.7,90,98,366
102,백령도,2022-07-27 07:00,23.5,,2.2,110,98,391
102,백령도,2022-07-27 08:00,24.4,,2,140,93,688
102,백령도,2022-07-27 09:00,24.6,,2.1,110,92,819
102,백령도,2022-07-27 10:00,24.3,0,2.9,110,93,607
102,백령도,2022-07-27 11:00,25.6,0,3.5,140,88,940
102,백령도,2022-07-27 12:00,25.8,0,3.4,140,88,994
102,백령도,2022-07-27 13:00,26.8,,2.7,140,87,993
102,백령도,2022-07-27 14:00,28.3,,2.7,160,73,2036
102,백령도,2022-07-27 15:00,27.5,,3.8,180,74,1430
102,백령도,2022-07-27 16:00,27.4,,3.5,180,73,1661
102,백령도,2022-07-27 17:00,27.4,,3,180,73,1366
102,백령도,2022-07-27 18:00,26.5,,2.1,110,76,1698
102,백령도,2022-07-27 19:00,26.1,,1.5,140,82,1364
102,백령도,2022-07-27 20:00,24.5,,1.4,110,90,1018
102,백령도,2022-07-27 21:00,24.8,,1.2,140,91,915
102,백령도,2022-07-27 22:00,24.9,,2.1,140,91,813
102,백령도,2022-07-27 23:00,24.2,,1.4,110,93,438
102,백령도,2022-07-28 00:00,23,,2.1,90,95,412
102,백령도,2022-07-28 01:00,23.3,,2.3,110,93,345
102,백령도,2022-07-28 02:00,24.4,,3.3,110,88,695
102,백령도,2022-07-28 03:00,24.8,,2.8,140,86,803
102,백령도,2022-07-28 04:00,24.5,,3.4,110,85,117
102,백령도,2022-07-28 05:00,24.5,,3.6,110,84,1425
102,백령도,2022-07-28 06:00,24.3,,4.6,140,87,1375
102,백령도,2022-07-28 07:00,24.3,,3.9,140,89,1138
102,백령도,2022-07-28 08:00,25,,4.3,110,87,1177
102,백령도,2022-07-28 09:00,25.7,,5.3,110,84,1261
102,백령도,2022-07-28 10:00,26,,4.7,110,81,1155
102,백령도,2022-07-28 11:00,25.6,,6,140,82,1057
102,백령도,2022-07-28 12:00,26.3,,6.7,140,77,1412
102,백령도,2022-07-28 13:00,26.2,,7.1,140,79,1276
102,백령도,2022-07-28 14:00,25.7,,6,140,79,1267
102,백령도,2022-07-28 15:00,25.3,0,6,140,79,1100
102,백령도,2022-07-28 16:00,24.5,.5,5.5,140,85,914
102,백령도,2022-07-28 17:00,25.2,0,4.1,140,83,1237
102,백령도,2022-07-28 18:00,24.8,,4.5,140,85,1190
102,백령도,2022-07-28 19:00,25,,4.6,160,86,1193
102,백령도,2022-07-28 20:00,25,,5.4,160,87,1114
102,백령도,2022-07-28 21:00,24.7,,4.5,140,91,872
102,백령도,2022-07-28 22:00,24.8,,4.7,140,92,767
102,백령도,2022-07-28 23:00,24.9,,3.9,160,92,809
102,백령도,2022-07-29 00:00,24.6,,2.8,160,94,543
102,백령도,2022-07-29 01:00,24.4,,2,160,95,543
102,백령도,2022-07-29 02:00,23.8,,4.9,140,95,519
102,백령도,2022-07-29 03:00,24.4,,4.9,140,93,682
102,백령도,2022-07-29 04:00,24.1,,4.6,140,93,673
102,백령도,2022-07-29 05:00,23.5,,5.4,140,95,510
102,백령도,2022-07-29 06:00,24.2,,5.1,140,91,821
102,백령도,2022-07-29 07:00,24.7,,5.3,140,88,1013
102,백령도,2022-07-29 08:00,25.5,,5.3,140,84,1206
102,백령도,2022-07-29 09:00,25.6,,5.6,140,84,947
102,백령도,2022-07-29 10:00,26.2,,4.1,140,84,931
102,백령도,2022-07-29 11:00,26.7,0,4.6,160,84,929
102,백령도,2022-07-29 12:00,26.8,0,5,160,87,961
102,백령도,2022-07-29 13:00,26.7,,4.3,160,86,994
102,백령도,2022-07-29 14:00,26.7,0,3.1,160,86,839
102,백령도,2022-07-29 15:00,27.5,.8,3.1,160,84,896
102,백령도,2022-07-29 16:00,27.2,,2.6,160,83,1136
102,백령도,2022-07-29 17:00,26.8,,2.8,180,84,1034
102,백령도,2022-07-29 18:00,26.5,,1.9,180,86,908
102,백령도,2022-07-29 19:00,26.1,,1.8,160,85,982
102,백령도,2022-07-29 20:00,25.3,,.8,180,89,942
102,백령도,2022-07-29 21:00,25.1,,.6,110,90,897
102,백령도,2022-07-29 22:00,24,,2,90,95,463
102,백령도,2022-07-29 23:00,24.7,,1.4,70,91,784
102,백령도,2022-07-30 00:00,24.5,,1.3,90,93,681
102,백령도,2022-07-30 01:00,25,,.7,360,90,2056
102,백령도,2022-07-30 02:00,24.4,0,1.7,320,93,1714
102,백령도,2022-07-30 03:00,25,0,1.7,320,89,2466
102,백령도,2022-07-30 04:00,24.3,,1,340,93,1713
102,백령도,2022-07-30 05:00,25,2,.9,200,94,380
102,백령도,2022-07-30 06:00,24.5,1.8,.9,360,96,634
102,백령도,2022-07-30 07:00,23.8,3.2,3.5,50,96,665
102,백령도,2022-07-30 08:00,24.1,1,4.4,20,90,2589
102,백령도,2022-07-30 09:00,25.3,,2.9,50,83,5000
102,백령도,2022-07-30 10:00,27.4,,3.7,70,75,4999
102,백령도,2022-07-30 11:00,28.6,,2.4,90,76,4799
102,백령도,2022-07-30 12:00,30.3,,3.3,110,70,3464
102,백령도,2022-07-30 13:00,30.5,,3.5,140,66,4598
102,백령도,2022-07-30 14:00,31.5,,3.4,140,57,5000
102,백령도,2022-07-30 15:00,30.5,,1.6,320,66,4833
102,백령도,2022-07-30 16:00,30.5,,2.2,290,67,4917
102,백령도,2022-07-30 17:00,29.8,,2.6,320,69,4711
102,백령도,2022-07-30 18:00,29.1,,2.6,320,72,4525
102,백령도,2022-07-30 19:00,28.6,,1.8,290,75,4271
102,백령도,2022-07-30 20:00,27,,1.7,290,82,3634
102,백령도,2022-07-30 21:00,26.6,,.8,290,87,1125
102,백령도,2022-07-30 22:00,27.1,,.8,250,83,2283
102,백령도,2022-07-30 23:00,27.2,,.6,90,81,2646
102,백령도,2022-07-31 00:00,25.2,3.6,1.8,70,94,1480
102,백령도,2022-07-31 01:00,25.3,0,1,110,95,1097
102,백령도,2022-07-31 02:00,25,0,1.2,90,96,888
102,백령도,2022-07-31 03:00,24.8,,1.5,90,97,850
102,백령도,2022-07-31 04:00,24.7,.2,2.4,50,97,812
102,백령도,2022-07-31 05:00,24.9,1,2.5,50,95,1056
102,백령도,2022-07-31 06:00,24.7,0,2.3,50,95,2100
102,백령도,2022-07-31 07:00,24.4,.2,1.5,70,96,878
102,백령도,2022-07-31 08:00,24.7,0,2.2,70,94,1430
102,백령도,2022-07-31 09:00,25.4,0,2.5,70,92,2550
102,백령도,2022-07-31 10:00,26.1,0,2.5,70,89,3095
102,백령도,2022-07-31 11:00,26.7,0,2.4,70,87,4002
102,백령도,2022-07-31 12:00,27.4,0,2.7,70,83,4666
102,백령도,2022-07-31 13:00,26.5,0,2.2,70,86,4592
102,백령도,2022-07-31 14:00,25.8,0,2.7,110,88,3217
102,백령도,2022-07-31 15:00,24.4,.7,5.2,140,96,550
102,백령도,2022-07-31 16:00,24.8,2.5,2.7,90,98,694
102,백령도,2022-07-31 17:00,24.3,1.7,2.9,90,99,456
102,백령도,2022-07-31 18:00,23.9,1.2,2.8,110,99,773
102,백령도,2022-07-31 19:00,23.7,4.5,3.1,90,99,174
102,백령도,2022-07-31 20:00,23.8,5.2,3.1,90,99,93
102,백령도,2022-07-31 21:00,23.8,5.3,3.8,90,99,81
102,백령도,2022-07-31 22:00,24.3,3.8,4.5,140,99,1356
102,백령도,2022-07-31 23:00,24.2,0,6.2,140,99,1462
102,백령도,2022-08-01 00:00,24.4,.7,4.2,140,98,915
102,백령도,2022-08-01 01:00,24.2,1.5,2.9,110,99,573
102,백령도,2022-08-01 02:00,24.3,.1,4,140,98,1173
102,백령도,2022-08-01 03:00,23.6,.1,1.9,90,99,132
102,백령도,2022-08-01 04:00,23.5,.8,1.6,90,99,43
102,백령도,2022-08-01 05:00,23.7,2.7,4.1,140,99,201
102,백령도,2022-08-01 06:00,24.4,11.5,4.5,140,99,163
102,백령도,2022-08-01 07:00,24,.9,4.9,140,99,755
102,백령도,2022-08-01 08:00,24.5,.5,3.8,140,99,778
102,백령도,2022-08-01 09:00,24.8,0,4.6,160,99,1518
102,백령도,2022-08-01 10:00,25.6,0,6.1,160,95,3262
102,백령도,2022-08-01 11:00,25.5,1.1,4.6,160,97,1100
102,백령도,2022-08-01 12:00,25.6,.5,5,140,97,1862
102,백령도,2022-08-01 13:00,26.1,0,3.1,110,94,2845
102,백령도,2022-08-01 14:00,25.7,0,4,140,93,2505
102,백령도,2022-08-01 15:00,24.9,.9,2.3,110,97,600
102,백령도,2022-08-01 16:00,25.1,.5,2.3,90,98,549
102,백령도,2022-08-01 17:00,25.7,.1,2.7,50,96,1976
102,백령도,2022-08-01 18:00,27.1,0,2,90,89,3722
102,백령도,2022-08-01 19:00,27,,1.9,70,89,3289
102,백령도,2022-08-01 20:00,26.6,,3.3,20,91,3981
102,백령도,2022-08-01 21:00,25.9,,3.3,360,94,2953
102,백령도,2022-08-01 22:00,26.3,0,1.9,20,93,1420
102,백령도,2022-08-01 23:00,25.5,.5,2.5,340,96,1342
102,백령도,2022-08-02 00:00,25.7,0,1.1,340,95,569
102,백령도,2022-08-02 01:00,25.5,.1,1.3,90,96,209
102,백령도,2022-08-02 02:00,24.9,0,2.7,140,98,36
102,백령도,2022-08-02 03:00,24.8,5.1,2,140,98,37
102,백령도,2022-08-02 04:00,24.7,.8,1.2,160,99,90
102,백령도,2022-08-02 05:00,24.8,.1,.8,160,99,142
102,백령도,2022-08-02 06:00,24,0,.4,0,99,255
102,백령도,2022-08-02 07:00,23.8,0,1.1,290,100,18
102,백령도,2022-08-02 08:00,24.8,0,.2,0,100,11
102,백령도,2022-08-02 09:00,25.2,,.2,0,99,39
102,백령도,2022-08-02 10:00,25.2,,1.2,340,99,44
102,백령도,2022-08-02 11:00,25.4,,1.1,20,98,507
102,백령도,2022-08-02 12:00,25.9,,1.4,90,96,411
102,백령도,2022-08-02 13:00,26.8,,1.6,90,92,2104
102,백령도,2022-08-02 14:00,26.3,,1.5,320,94,2838
102,백령도,2022-08-02 15:00,26.9,,1.3,360,91,2091
102,백령도,2022-08-02 16:00,28.2,,2.6,290,85,1312
102,백령도,2022-08-02 17:00,27.6,,2.5,290,84,3403
102,백령도,2022-08-02 18:00,27.6,,2.8,290,86,4552
102,백령도,2022-08-02 19:00,26.4,,2.5,250,91,2680
102,백령도,2022-08-02 20:00,26.2,,2.2,250,93,2015
102,백령도,2022-08-02 21:00,26,,1.8,270,96,1378
102,백령도,2022-08-02 22:00,26,,2.2,270,96,763
102,백령도,2022-08-02 23:00,26.2,,1.9,230,95,913
102,백령도,2022-08-03 00:00,25.9,,2.5,270,96,1044
102,백령도,2022-08-03 01:00,25.9,,2.7,250,96,2340
102,백령도,2022-08-03 02:00,25.9,,2.6,250,95,2225
102,백령도,2022-08-03 03:00,25.9,,2.2,250,94,2251
102,백령도,2022-08-03 04:00,25.7,0,1.6,230,96,1483
102,백령도,2022-08-03 05:00,25.6,0,1.4,230,96,1020
102,백령도,2022-08-03 06:00,25.7,0,2,230,97,582
102,백령도,2022-08-03 07:00,25.8,,1.7,200,96,349
102,백령도,2022-08-03 08:00,26.5,,1.3,270,93,468
102,백령도,2022-08-03 09:00,27.6,,3.6,250,87,855
102,백령도,2022-08-03 10:00,27.2,,2.4,230,87,678
102,백령도,2022-08-03 11:00,27.1,,2.9,230,88,448
102,백령도,2022-08-03 12:00,26.9,,2.4,200,91,323
102,백령도,2022-08-03 13:00,28.7,,2.3,200,81,1560
102,백령도,2022-08-03 14:00,27.7,,2.5,200,87,758
102,백령도,2022-08-03 15:00,29.1,,3.2,230,81,1635
102,백령도,2022-08-03 16:00,29.4,,2.8,250,77,2108
102,백령도,2022-08-03 17:00,28.6,,3.8,250,82,1398
102,백령도,2022-08-03 18:00,27.9,,3,230,83,1286
102,백령도,2022-08-03 19:00,27,,1.5,200,90,827
102,백령도,2022-08-03 20:00,26.4,,2.5,230,93,785
102,백령도,2022-08-03 21:00,25.7,,1.5,180,97,234
102,백령도,2022-08-03 22:00,25.2,,1.2,200,98,257
102,백령도,2022-08-03 23:00,25.1,,1.9,200,98,151
102,백령도,2022-08-04 00:00,25.2,,1,180,98,276
102,백령도,2022-08-04 01:00,25.2,,2.1,180,98,400
102,백령도,2022-08-04 02:00,25.4,,2.1,200,97,494
102,백령도,2022-08-04 03:00,25.5,,.6,140,98,649
102,백령도,2022-08-04 04:00,25.3,,2.3,180,98,542
102,백령도,2022-08-04 05:00,25.1,,1.8,180,98,473
102,백령도,2022-08-04 06:00,24,,1.4,110,99,129
102,백령도,2022-08-04 07:00,24.5,,1.1,140,99,499
102,백령도,2022-08-04 08:00,26.3,,2.3,180,95,1729
102,백령도,2022-08-04 09:00,26.7,,2,180,92,2383
102,백령도,2022-08-04 10:00,26.8,,2.1,140,90,3627
102,백령도,2022-08-04 11:00,28.1,,3.7,180,88,3944
102,백령도,2022-08-04 12:00,28.7,,3.4,180,84,3769
102,백령도,2022-08-04 13:00,28,,3.9,160,83,4319
102,백령도,2022-08-04 14:00,28.1,,4.3,160,86,3681
102,백령도,2022-08-04 15:00,28.3,,5,160,88,3602
102,백령도,2022-08-04 16:00,28.3,,4.1,180,85,3552
102,백령도,2022-08-04 17:00,28.1,,3.8,180,85,3813
102,백령도,2022-08-04 18:00,27.1,,4.1,180,90,2802
102,백령도,2022-08-04 19:00,26.6,,3.9,160,93,2475
102,백령도,2022-08-04 20:00,25.7,,3.8,160,97,584
102,백령도,2022-08-04 21:00,25.6,,3.9,160,99,366
102,백령도,2022-08-04 22:00,24.6,,2.1,180,99,39
102,백령도,2022-08-04 23:00,24.8,,1.5,160,99,241
102,백령도,2022-08-05 00:00,24.8,,1.6,160,99,343
102,백령도,2022-08-05 01:00,25,,1,140,99,314
102,백령도,2022-08-05 02:00,25.3,,1.3,140,99,111
102,백령도,2022-08-05 03:00,25.3,,1.6,140,99,31
102,백령도,2022-08-05 04:00,25.2,,3.5,140,99,75
102,백령도,2022-08-05 05:00,25.3,,2.2,160,99,114
102,백령도,2022-08-05 06:00,24.7,,1.2,180,99,22
102,백령도,2022-08-05 07:00,24.9,,1.7,140,100,51
102,백령도,2022-08-05 08:00,25.4,,1.3,160,100,80
102,백령도,2022-08-05 09:00,26.4,,2,180,99,1089
102,백령도,2022-08-05 10:00,27.9,,2.5,180,86,2449
102,백령도,2022-08-05 11:00,27.6,,1,340,90,2942
102,백령도,2022-08-05 12:00,29.1,,3.7,180,81,3921
102,백령도,2022-08-05 13:00,28.7,,4.3,250,79,3745
102,백령도,2022-08-05 14:00,29.4,0,3.1,200,82,3585
102,백령도,2022-08-05 15:00,28.9,,4.1,200,78,3673
102,백령도,2022-08-05 16:00,28.3,,4.1,200,83,3062
102,백령도,2022-08-05 17:00,28.5,,3.1,200,84,2554
102,백령도,2022-08-05 18:00,28,,2.8,180,86,2327
102,백령도,2022-08-05 19:00,26.6,,1.7,180,92,749
102,백령도,2022-08-05 20:00,25.8,,1.4,180,95,594
102,백령도,2022-08-05 21:00,25.4,,1.4,180,97,354
102,백령도,2022-08-05 22:00,25,,1.1,160,98,247
102,백령도,2022-08-05 23:00,25,,.7,70,99,154
102,백령도,2022-08-06 00:00,25.2,,3.2,180,99,151
102,백령도,2022-08-06 01:00,24.6,,2.2,70,99,47
102,백령도,2022-08-06 02:00,25.4,,1.7,180,99,199
102,백령도,2022-08-06 03:00,26.4,,2.4,200,99,274
102,백령도,2022-08-06 04:00,25.3,,1.8,90,99,40
102,백령도,2022-08-06 05:00,25.9,,2.5,180,99,163
102,백령도,2022-08-06 06:00,25,,2.2,110,99,27
102,백령도,2022-08-06 07:00,25.7,,2.7,140,99,32
102,백령도,2022-08-06 08:00,26,,2,140,99,206
102,백령도,2022-08-06 09:00,25.9,,4.1,140,99,202
102,백령도,2022-08-06 10:00,28,,4.5,200,96,782
102,백령도,2022-08-06 11:00,27.8,,1.9,200,95,510
102,백령도,2022-08-06 12:00,28.1,,2.6,180,91,1097
102,백령도,2022-08-06 13:00,29.4,,3.7,180,85,1293
102,백령도,2022-08-06 14:00,29.3,,3.6,160,86,1246
102,백령도,2022-08-06 15:00,28.5,,3.4,180,91,922
102,백령도,2022-08-06 16:00,28.8,,5.1,160,90,1326
102,백령도,2022-08-06 17:00,27.9,,4,160,94,773
102,백령도,2022-08-06 18:00,27.1,,2.9,160,96,575
102,백령도,2022-08-06 19:00,26.9,,4.2,160,97,619
102,백령도,2022-08-06 20:00,25.8,,2.6,180,98,158
102,백령도,2022-08-06 21:00,26.5,,.7,160,97,299
102,백령도,2022-08-06 22:00,25.9,,2.7,140,99,21
102,백령도,2022-08-06 23:00,26.1,,3.2,140,99,68
102,백령도,2022-08-07 00:00,26.3,,3,140,99,74
102,백령도,2022-08-07 01:00,26.3,,3.4,140,99,53
102,백령도,2022-08-07 02:00,25.9,,3.7,140,99,170
102,백령도,2022-08-07 03:00,26.1,,3.5,160,99,150
102,백령도,2022-08-07 04:00,26.3,,4.6,160,99,160
102,백령도,2022-08-07 05:00,26.4,,4,160,99,230
102,백령도,2022-08-07 06:00,26.2,,1.6,250,99,172
102,백령도,2022-08-07 07:00,26.4,0,2.4,180,98,175
102,백령도,2022-08-07 08:00,26.7,,2.4,200,96,483
102,백령도,2022-08-07 09:00,27.2,,2.4,180,96,500
102,백령도,2022-08-07 10:00,27.9,,4.5,160,92,1504
102,백령도,2022-08-07 11:00,26.9,,4.1,180,92,1551
102,백령도,2022-08-07 12:00,25.2,13.1,1.3,180,94,897
102,백령도,2022-08-07 13:00,26.6,0,1.6,200,91,907
102,백령도,2022-08-07 14:00,28.2,,4.9,180,91,902
102,백령도,2022-08-07 15:00,28.3,,4.9,200,92,846
102,백령도,2022-08-07 16:00,27.7,0,4.8,230,95,536
102,백령도,2022-08-07 17:00,27.4,0,5,200,97,309
102,백령도,2022-08-07 18:00,27.7,0,5,200,96,390
102,백령도,2022-08-07 19:00,27.6,0,5.2,200,96,411
102,백령도,2022-08-07 20:00,27.3,,5.1,200,96,351
102,백령도,2022-08-07 21:00,27.4,,5,200,96,396
102,백령도,2022-08-07 22:00,27.3,,4.4,200,97,217
102,백령도,2022-08-07 23:00,27.5,,4.5,200,96,221
102,백령도,2022-08-08 00:00,27.5,,5,230,94,498
102,백령도,2022-08-08 01:00,27.7,,7.4,230,92,652
102,백령도,2022-08-08 02:00,27.6,0,6.5,200,93,610
102,백령도,2022-08-08 03:00,27.4,0,5.8,250,95,458
102,백령도,2022-08-08 04:00,27.4,1.3,6.9,250,94,595
102,백령도,2022-08-08 05:00,26.7,1.6,4.5,250,96,398
102,백령도,2022-08-08 06:00,26.2,.9,2.1,290,97,574
102,백령도,2022-08-08 07:00,25.4,0,0,0,99,368
102,백령도,2022-08-08 08:00,25.8,9.1,4.8,230,94,618
102,백령도,2022-08-08 09:00,25.4,3,2.1,200,95,840
102,백령도,2022-08-08 10:00,24.9,.1,6,200,93,932
102,백령도,2022-08-08 11:00,27.1,0,4.4,200,88,2797
102,백령도,2022-08-08 12:00,27.9,,5.1,230,83,4000
102,백령도,2022-08-08 13:00,27.4,,4,250,89,2454
102,백령도,2022-08-08 14:00,27,0,3.2,290,93,1100
102,백령도,2022-08-08 15:00,27,.4,1.5,270,97,725
102,백령도,2022-08-08 16:00,26.9,.2,2,290,96,856
102,백령도,2022-08-08 17:00,26.3,,3.6,290,97,671
102,백령도,2022-08-08 18:00,26.3,,1.2,290,98,807
102,백령도,2022-08-08 19:00,25.8,,2.2,290,97,910
102,백령도,2022-08-08 20:00,25.1,,1.7,270,99,755
102,백령도,2022-08-08 21:00,24.7,,1.5,320,96,851
102,백령도,2022-08-08 22:00,24.8,,2.2,290,96,740
102,백령도,2022-08-08 23:00,25.1,,3,290,96,761
102,백령도,2022-08-09 00:00,25,,3.1,290,98,399
102,백령도,2022-08-09 01:00,24.7,,2.1,320,96,655
102,백령도,2022-08-09 02:00,24.2,,2.6,320,96,835
102,백령도,2022-08-09 03:00,23.8,,2.3,340,94,1267
102,백령도,2022-08-09 04:00,23.7,,2.1,340,83,3370
102,백령도,2022-08-09 05:00,23.5,,.1,0,85,3619
102,백령도,2022-08-09 06:00,23.1,,1,200,90,2388
102,백령도,2022-08-09 07:00,23.3,,.4,0,91,2934
102,백령도,2022-08-09 08:00,23.4,,.6,250,89,2814
102,백령도,2022-08-09 09:00,23.5,,1.9,290,87,3236
102,백령도,2022-08-09 10:00,23.5,.3,1.5,320,90,2648
102,백령도,2022-08-09 11:00,24,0,1.2,20,85,3430
102,백령도,2022-08-09 12:00,22.8,.1,2.3,320,89,1106
102,백령도,2022-08-09 13:00,21.8,.7,2.9,340,94,459
102,백령도,2022-08-09 14:00,21.3,2.1,3.6,340,94,830
102,백령도,2022-08-09 15:00,21,2.1,1.7,50,96,1200
102,백령도,2022-08-09 16:00,21.8,.1,1.7,70,95,3159
102,백령도,2022-08-09 17:00,21.4,0,2.2,360,95,2329
102,백령도,2022-08-09 18:00,21.5,1.3,.9,340,95,1267
102,백령도,2022-08-09 19:00,20.8,1.7,2.5,360,91,948
102,백령도,2022-08-09 20:00,20.4,1.7,2.1,340,96,879
102,백령도,2022-08-09 21:00,20.9,.6,1.5,360,96,1323
102,백령도,2022-08-09 22:00,20.5,.3,1.9,50,97,2141
102,백령도,2022-08-09 23:00,20.1,0,1.7,70,97,2017
102,백령도,2022-08-10 00:00,20,,1.3,360,98,2232
102,백령도,2022-08-10 01:00,19.9,,1.8,340,99,1312
102,백령도,2022-08-10 02:00,20.4,,2.2,320,96,2195
102,백령도,2022-08-10 03:00,20.3,,2.6,340,96,2897
102,백령도,2022-08-10 04:00,20.4,,2.8,360,94,3362
102,백령도,2022-08-10 05:00,20.3,,2.8,340,96,2346
102,백령도,2022-08-10 06:00,20.1,,1.4,340,93,3312
102,백령도,2022-08-10 07:00,21.9,,1.1,50,90,4422
102,백령도,2022-08-10 08:00,22.3,,1.7,340,85,4856
102,백령도,2022-08-10 09:00,23.5,,1.6,360,74,5000
102,백령도,2022-08-10 10:00,24,,1.7,70,69,4995
102,백령도,2022-08-10 11:00,24.7,,2,360,64,5000
102,백령도,2022-08-10 12:00,24.5,,2,320,69,5000
102,백령도,2022-08-10 13:00,24.4,,3.5,290,71,5000
102,백령도,2022-08-10 14:00,24.9,,2.7,290,68,5000
102,백령도,2022-08-10 15:00,24.6,,3.3,290,65,5000
102,백령도,2022-08-10 16:00,25.1,,3,290,60,5000
102,백령도,2022-08-10 17:00,23,,2.7,290,75,5000
102,백령도,2022-08-10 18:00,22.8,,2.3,290,78,5000
102,백령도,2022-08-10 19:00,22.6,,2.5,320,75,5000
102,백령도,2022-08-10 20:00,21.5,,2,320,81,5000
102,백령도,2022-08-10 21:00,21.3,,2.2,270,78,4738
102,백령도,2022-08-10 22:00,21.5,,1.3,270,68,4943
102,백령도,2022-08-10 23:00,21.1,,1.3,290,69,4918
102,백령도,2022-08-11 00:00,20.8,,1.7,340,63,5000
102,백령도,2022-08-11 01:00,20.9,,0,0,55,5000
102,백령도,2022-08-11 02:00,21,,1.3,250,71,5000
102,백령도,2022-08-11 03:00,20.4,,1.3,290,78,5000
102,백령도,2022-08-11 04:00,20.6,,2.4,270,76,5000
102,백령도,2022-08-11 05:00,20.9,,.8,290,76,4996
102,백령도,2022-08-11 06:00,20.9,,1.5,270,73,5000
102,백령도,2022-08-11 07:00,21.1,,1,320,76,5000
102,백령도,2022-08-11 08:00,21.7,,1.3,290,79,4889
102,백령도,2022-08-11 09:00,23,,1.3,290,80,4813
102,백령도,2022-08-11 10:00,23.4,,1.3,290,70,4811
102,백령도,2022-08-11 11:00,23.7,,1.2,290,76,4692
102,백령도,2022-08-11 12:00,26.3,,1.9,70,65,4974
102,백령도,2022-08-11 13:00,26.6,,1.8,50,65,4887
102,백령도,2022-08-11 14:00,27,,1.1,320,61,4926
102,백령도,2022-08-11 15:00,26.4,,2.8,320,71,4008
102,백령도,2022-08-11 16:00,25.5,,3.8,320,74,3714
102,백령도,2022-08-11 17:00,25.4,,3,290,68,4595
102,백령도,2022-08-11 18:00,24.8,,3.5,290,64,4973
102,백령도,2022-08-11 19:00,23.9,,2.4,320,76,4459
102,백령도,2022-08-11 20:00,21.5,,.7,250,88,3880
102,백령도,2022-08-11 21:00,20.1,,1.2,290,90,3601
102,백령도,2022-08-11 22:00,20.6,,.9,270,85,4602
102,백령도,2022-08-11 23:00,21.1,,2.4,360,79,5000
102,백령도,2022-08-12 00:00,20.6,,.7,270,81,5000
102,백령도,2022-08-12 01:00,20.6,,.6,290,77,5000
102,백령도,2022-08-12 02:00,21,,0,0,71,3877
102,백령도,2022-08-12 03:00,21.5,,.1,0,68,4845
102,백령도,2022-08-12 04:00,21.9,,.3,0,68,5000
102,백령도,2022-08-12 05:00,22,,1,90,70,5000
102,백령도,2022-08-12 06:00,20.9,,1.8,90,82,5000
102,백령도,2022-08-12 07:00,22.1,,.9,140,82,4822
102,백령도,2022-08-12 08:00,24,,.8,110,75,4998
102,백령도,2022-08-12 09:00,24.7,,1.7,90,75,4989
102,백령도,2022-08-12 10:00,25.8,,1.3,110,76,5000
102,백령도,2022-08-12 11:00,26.3,,1.9,110,76,4983
102,백령도,2022-08-12 12:00,26.7,,2.5,140,73,4950
102,백령도,2022-08-12 13:00,26.3,,2.5,140,69,4982
102,백령도,2022-08-12 14:00,27.3,,2.3,160,67,4999
102,백령도,2022-08-12 15:00,27.1,,1.6,160,64,4991
102,백령도,2022-08-12 16:00,27.2,,1.7,200,59,5000
102,백령도,2022-08-12 17:00,26.1,,2.5,340,72,5000
102,백령도,2022-08-12 18:00,25.4,,2.7,340,80,4999
102,백령도,2022-08-12 19:00,24.1,,1.6,290,86,4937
102,백령도,2022-08-12 20:00,22.8,,1,340,92,3651
102,백령도,2022-08-12 21:00,22.4,,.8,340,94,2921
102,백령도,2022-08-12 22:00,21.6,,1.5,180,96,1011
102,백령도,2022-08-12 23:00,21.9,,1.6,200,96,840
102,백령도,2022-08-13 00:00,21.5,,2.1,180,96,728
102,백령도,2022-08-13 01:00,21.7,,1.8,180,95,893
102,백령도,2022-08-13 02:00,21.9,,1.5,180,92,1995
102,백령도,2022-08-13 03:00,21.9,,1.9,140,93,3223
102,백령도,2022-08-13 04:00,22.2,,2,110,96,1378
102,백령도,2022-08-13 05:00,22.5,,3.9,140,95,2505
102,백령도,2022-08-13 06:00,22.5,,2.7,90,97,1836
102,백령도,2022-08-13 07:00,22.4,1.1,1.8,90,97,412
102,백령도,2022-08-13 08:00,22.1,6,2.8,140,98,397
102,백령도,2022-08-13 09:00,22.7,3.2,2.6,140,97,691
102,백령도,2022-08-13 10:00,22.7,1.3,2.6,140,98,484
102,백령도,2022-08-13 11:00,22.8,4.9,4.3,90,99,312
102,백령도,2022-08-13 12:00,22.9,2.1,2.6,110,99,509
102,백령도,2022-08-13 13:00,24,8.1,5,160,99,610
102,백령도,2022-08-13 14:00,24.8,0,3.4,110,93,1808
102,백령도,2022-08-13 15:00,24.4,,1.8,140,96,1443
102,백령도,2022-08-13 16:00,25.8,,2.5,110,88,4214
102,백령도,2022-08-13 17:00,24.4,,2.2,90,93,1484
102,백령도,2022-08-13 18:00,24.5,,3,90,92,1443
102,백령도,2022-08-13 19:00,24.3,,2.3,110,95,1174
102,백령도,2022-08-13 20:00,24.3,,2.1,140,95,1153
102,백령도,2022-08-13 21:00,24.3,,2.4,110,95,880
102,백령도,2022-08-13 22:00,23.7,,2.2,90,97,405
102,백령도,2022-08-13 23:00,23.3,,1.5,90,98,241
102,백령도,2022-08-14 00:00,23.2,,1.6,90,98,323
102,백령도,2022-08-14 01:00,23,,2.3,70,98,319
102,백령도,2022-08-14 02:00,22.9,,1.4,90,98,298
102,백령도,2022-08-14 03:00,22.6,,1.1,50,99,284
102,백령도,2022-08-14 04:00,22.4,,.8,90,98,267
102,백령도,2022-08-14 05:00,22.3,,1.7,90,99,214
102,백령도,2022-08-14 06:00,22.3,,1.8,110,99,179
102,백령도,2022-08-14 07:00,23,,1.4,110,99,287
102,백령도,2022-08-14 08:00,23.4,,2,90,98,429
102,백령도,2022-08-14 09:00,24.1,,2.7,90,95,644
102,백령도,2022-08-14 10:00,26,,2.8,110,90,966
102,백령도,2022-08-14 11:00,25.6,,4,140,89,1321
102,백령도,2022-08-14 12:00,26.5,,4,160,89,2783
102,백령도,2022-08-14 13:00,25.7,,4,140,90,2953
102,백령도,2022-08-14 14:00,25.7,,4,160,90,2229
102,백령도,2022-08-14 15:00,25.2,,5.1,160,92,1403
102,백령도,2022-08-14 16:00,25.6,,4.7,160,92,2182
102,백령도,2022-08-14 17:00,25,,5.1,160,93,1242
102,백령도,2022-08-14 18:00,24.8,0,4.8,140,95,1112
102,백령도,2022-08-14 19:00,24.8,0,5.4,140,95,1042
102,백령도,2022-08-14 20:00,25,,5.4,140,95,1402
102,백령도,2022-08-14 21:00,24.9,,4.8,140,97,563
102,백령도,2022-08-14 22:00,25.3,,5.8,140,98,147
102,백령도,2022-08-14 23:00,25.8,,4.4,160,98,292
102,백령도,2022-08-15 00:00,26,,4.1,180,99,255
102,백령도,2022-08-15 01:00,26.4,,5.9,180,98,288
102,백령도,2022-08-15 02:00,26.8,,4.9,200,96,708
102,백령도,2022-08-15 03:00,26.6,,6.2,200,93,1129
102,백령도,2022-08-15 04:00,26.5,,5.8,200,92,1383
102,백령도,2022-08-15 05:00,26.5,,6.2,200,92,699
102,백령도,2022-08-15 06:00,26.4,,6,200,92,512
102,백령도,2022-08-15 07:00,26.8,,6,200,91,516
102,백령도,2022-08-15 08:00,26.9,,6.6,200,90,393
102,백령도,2022-08-15 09:00,27.1,,7.9,200,90,1483
102,백령도,2022-08-15 10:00,27.3,,6.9,230,89,1442
102,백령도,2022-08-15 11:00,27.7,,6.5,200,88,1382
102,백령도,2022-08-15 12:00,28.1,,8.5,200,88,1395
102,백령도,2022-08-15 13:00,27.4,0,7.3,230,92,811
102,백령도,2022-08-15 14:00,27.4,2,9.2,230,92,850
102,백령도,2022-08-15 15:00,27.7,0,9.4,250,90,890
102,백령도,2022-08-15 16:00,27,,7.3,270,91,808
102,백령도,2022-08-15 17:00,27.1,,7.8,270,89,1674
102,백령도,2022-08-15 18:00,25.8,,6,290,90,1013
102,백령도,2022-08-15 19:00,25.3,,5.3,290,91,1054
102,백령도,2022-08-15 20:00,24.4,,4.9,320,89,1897
102,백령도,2022-08-15 21:00,24,,4.9,320,90,1890
102,백령도,2022-08-15 22:00,23.5,,3.9,340,90,1196
102,백령도,2022-08-15 23:00,22.8,,3.5,320,91,1553
102,백령도,2022-08-16 00:00,22.4,,2,290,94,1269
102,백령도,2022-08-16 01:00,22.5,,3.7,320,93,1931
102,백령도,2022-08-16 02:00,22.5,,4.7,320,90,2797
102,백령도,2022-08-16 03:00,22.1,,4.4,320,91,2645
102,백령도,2022-08-16 04:00,22.1,,4.8,340,90,3212
102,백령도,2022-08-16 05:00,21.6,,3.6,320,91,2764
102,백령도,2022-08-16 06:00,21.6,,3.4,320,91,2730
102,백령도,2022-08-16 07:00,22.5,,6.4,340,86,2440
102,백령도,2022-08-16 08:00,22.9,,6.5,340,84,1846
102,백령도,2022-08-16 09:00,23.1,,6.2,340,84,1636
102,백령도,2022-08-16 10:00,23.9,,4.1,340,81,2068
102,백령도,2022-08-16 11:00,24.6,,3.2,340,76,2060
102,백령도,2022-08-16 12:00,24.8,,3.8,340,76,2341
102,백령도,2022-08-16 13:00,24.7,,4.2,340,77,2983
102,백령도,2022-08-16 14:00,25.1,,4,340,78,3119
102,백령도,2022-08-16 15:00,24.4,,5.4,340,73,2806
102,백령도,2022-08-16 16:00,24.3,,3.5,340,75,2433
102,백령도,2022-08-16 17:00,24.2,,3.2,340,75,2440
102,백령도,2022-08-16 18:00,23.8,,3,340,76,2566
102,백령도,2022-08-16 19:00,23,,1.9,320,78,2464
102,백령도,2022-08-16 20:00,21.3,,.3,0,90,1204
102,백령도,2022-08-16 21:00,20.4,,1.6,290,92,1287
102,백령도,2022-08-16 22:00,20.3,,1.5,290,91,1420
102,백령도,2022-08-16 23:00,20.9,,.8,250,88,1759
102,백령도,2022-08-17 00:00,20.5,,.5,250,88,1987
102,백령도,2022-08-17 01:00,20.7,,.2,0,90,1807
102,백령도,2022-08-17 02:00,20.6,,.6,250,91,1931
102,백령도,2022-08-17 03:00,20.8,,1.8,290,90,2156
102,백령도,2022-08-17 04:00,20.6,,1.1,270,91,2186
102,백령도,2022-08-17 05:00,21,,0,0,90,2037
102,백령도,2022-08-17 06:00,20.3,,.1,0,97,848
102,백령도,2022-08-17 07:00,21.2,,1.2,110,95,1042
102,백령도,2022-08-17 08:00,23.2,,1.3,90,88,2052
102,백령도,2022-08-17 09:00,24.7,,1.5,70,81,2626
102,백령도,2022-08-17 10:00,25,,1.8,340,70,3780
102,백령도,2022-08-17 11:00,26,,1.2,340,66,4486
102,백령도,2022-08-17 12:00,26.1,,2.7,290,63,4952
102,백령도,2022-08-17 13:00,25.9,,3.2,290,62,4935
102,백령도,2022-08-17 14:00,26.2,,3.8,290,61,4796
102,백령도,2022-08-17 15:00,26,,4.3,290,64,4524
102,백령도,2022-08-17 16:00,25.6,,4.5,290,71,3878
102,백령도,2022-08-17 17:00,25.7,,3.2,320,71,4209
102,백령도,2022-08-17 18:00,24.5,,4.4,340,72,4083
102,백령도,2022-08-17 19:00,23.2,,2.7,340,77,4163
102,백령도,2022-08-17 20:00,22.6,,2.3,340,79,4470
102,백령도,2022-08-17 21:00,22.8,,2.8,360,78,4064
102,백령도,2022-08-17 22:00,22,,.8,290,85,3223
102,백령도,2022-08-17 23:00,21.6,,1.4,270,87,2821
102,백령도,2022-08-18 00:00,21,,1.9,290,89,2619
102,백령도,2022-08-18 01:00,21.3,,1.8,290,87,3137
102,백령도,2022-08-18 02:00,21.8,,1.8,270,87,2875
102,백령도,2022-08-18 03:00,22.1,,1.3,290,91,2259
102,백령도,2022-08-18 04:00,21.9,,.5,320,94,1737
102,백령도,2022-08-18 05:00,21.4,,.1,0,92,1516
102,백령도,2022-08-18 06:00,21.6,,1.4,110,93,1519
102,백령도,2022-08-18 07:00,22.4,,1.4,110,92,1766
102,백령도,2022-08-18 08:00,23.5,,1.7,110,88,2508
102,백령도,2022-08-18 09:00,24.9,,1.9,110,85,3016
102,백령도,2022-08-18 10:00,24.9,,2.2,110,79,3528
102,백령도,2022-08-18 11:00,25.1,,2.6,160,83,3474
102,백령도,2022-08-18 12:00,24.4,,3,160,82,3337
102,백령도,2022-08-18 13:00,25.6,,3.5,160,78,4072
102,백령도,2022-08-18 14:00,25.7,,3.6,180,79,3510
102,백령도,2022-08-18 15:00,26,,2.9,160,78,3717
102,백령도,2022-08-18 16:00,25.2,,2.2,180,83,2839
102,백령도,2022-08-18 17:00,25.3,,2,180,84,2684
102,백령도,2022-08-18 18:00,24.7,,2.4,200,87,2540
102,백령도,2022-08-18 19:00,24.1,,1,180,90,1477
102,백령도,2022-08-18 20:00,23.6,,1.3,140,92,1280
102,백령도,2022-08-18 21:00,23.4,,.7,140,91,1470
102,백령도,2022-08-18 22:00,23.3,,1.9,140,92,1399
102,백령도,2022-08-18 23:00,23.8,,3.7,140,87,1043
102,백령도,2022-08-19 00:00,23.5,,1.9,160,92,1100
102,백령도,2022-08-19 01:00,24.3,,5.3,160,83,2206
102,백령도,2022-08-19 02:00,24,,3.3,180,85,2176
102,백령도,2022-08-19 03:00,24.4,,5.3,160,84,2286
102,백령도,2022-08-19 04:00,24.4,,3.3,180,84,3111
102,백령도,2022-08-19 05:00,24.5,,2.9,180,85,3517
102,백령도,2022-08-19 06:00,24.9,,6,160,87,2790
102,백령도,2022-08-19 07:00,24.9,,4.6,180,87,2646
102,백령도,2022-08-19 08:00,25,,4.3,160,82,3426
102,백령도,2022-08-19 09:00,25.1,,6.2,160,84,3138
102,백령도,2022-08-19 10:00,24.1,.4,4.1,140,93,1221
102,백령도,2022-08-19 11:00,24.7,1.8,6.5,160,95,247
102,백령도,2022-08-19 12:00,24.4,24.6,2.5,110,98,92
102,백령도,2022-08-19 13:00,26.2,5.8,5.3,230,97,869
102,백령도,2022-08-19 14:00,26.6,.2,5.5,230,95,1143
102,백령도,2022-08-19 15:00,27.1,,6.4,250,92,1138
102,백령도,2022-08-19 16:00,27.4,,6,250,92,1077
102,백령도,2022-08-19 17:00,27.1,,5.8,270,92,939
102,백령도,2022-08-19 18:00,26.6,,4,270,92,925
102,백령도,2022-08-19 19:00,26.2,,4.5,270,94,617
102,백령도,2022-08-19 20:00,25.6,,4.2,290,97,385
102,백령도,2022-08-19 21:00,25.4,,3.7,290,98,323
102,백령도,2022-08-19 22:00,25.1,,3.9,290,97,398
102,백령도,2022-08-19 23:00,23.6,,3.2,340,98,387
102,백령도,2022-08-20 00:00,23.6,,3.2,340,89,2540
102,백령도,2022-08-20 01:00,23,,5.4,340,89,2031
102,백령도,2022-08-20 02:00,22.3,,5.8,340,88,2453
102,백령도,2022-08-20 03:00,22.1,,5.3,340,89,3044
102,백령도,2022-08-20 04:00,22.1,,4.7,340,91,2782
102,백령도,2022-08-20 05:00,21.9,,4.4,340,93,2509
102,백령도,2022-08-20 06:00,21.9,,4.8,340,93,2537
102,백령도,2022-08-20 07:00,22,,6.1,340,89,3199
102,백령도,2022-08-20 08:00,22.7,,5,340,86,3766
102,백령도,2022-08-20 09:00,23.1,,6.8,340,82,4345
102,백령도,2022-08-20 10:00,23.9,,4.5,340,77,4697
102,백령도,2022-08-20 11:00,23.9,,6.7,340,77,4801
102,백령도,2022-08-20 12:00,24.2,,7.5,340,73,4735
102,백령도,2022-08-20 13:00,24.4,,7.4,340,70,4799
102,백령도,2022-08-20 14:00,24,,8.5,340,74,4308
102,백령도,2022-08-20 15:00,24.1,,8.6,340,71,4704
102,백령도,2022-08-20 16:00,24.1,,8.1,340,73,4619
102,백령도,2022-08-20 17:00,24.8,,6.3,340,65,4880
102,백령도,2022-08-20 18:00,24.4,,6.2,340,67,4959
102,백령도,2022-08-20 19:00,23.2,,4,320,78,4807
102,백령도,2022-08-20 20:00,22.7,,3.1,340,77,4892
102,백령도,2022-08-20 21:00,22.6,,4.2,340,81,4920
102,백령도,2022-08-20 22:00,22.2,,1,290,83,4857
102,백령도,2022-08-20 23:00,20.6,,2.4,320,91,4737
102,백령도,2022-08-21 00:00,20.7,,2.1,320,93,4657
102,백령도,2022-08-21 01:00,20.7,,2.3,320,95,3968
102,백령도,2022-08-21 02:00,20,,2,290,96,2994
102,백령도,2022-08-21 03:00,20.4,,2,320,97,3012
102,백령도,2022-08-21 04:00,20.7,,2.2,290,98,2642
102,백령도,2022-08-21 05:00,20.4,,2.2,320,98,1897
102,백령도,2022-08-21 06:00,20.5,,2.3,320,99,1209
102,백령도,2022-08-21 07:00,21.5,,1.9,320,97,3287
102,백령도,2022-08-21 08:00,23.6,,1.6,340,77,5000
102,백령도,2022-08-21 09:00,25.6,,1.1,320,67,4956
102,백령도,2022-08-21 10:00,26.7,,1.7,340,50,4950
102,백령도,2022-08-21 11:00,27.4,,1.7,340,48,5000
102,백령도,2022-08-21 12:00,27.7,,2.2,340,47,5000
102,백령도,2022-08-21 13:00,28.7,,1.7,70,53,4995
102,백령도,2022-08-21 14:00,28.2,,2.2,110,51,4994
102,백령도,2022-08-21 15:00,26,,3.9,320,60,5000
102,백령도,2022-08-21 16:00,25.9,,3,290,64,5000
102,백령도,2022-08-21 17:00,26.4,,3,320,67,4999
102,백령도,2022-08-21 18:00,25.3,,2.2,290,62,5000
102,백령도,2022-08-21 19:00,23.9,,1.6,290,70,5000
102,백령도,2022-08-21 20:00,22.1,,1.3,290,80,4994
102,백령도,2022-08-21 21:00,22.9,,0,0,72,4927
102,백령도,2022-08-21 22:00,22.1,,1,160,72,5000
102,백령도,2022-08-21 23:00,22,,.9,180,72,5000
102,백령도,2022-08-22 00:00,21.2,,2.3,160,83,4984
102,백령도,2022-08-22 01:00,22.2,,.5,180,87,4850
102,백령도,2022-08-22 02:00,21.7,,1.8,160,89,4021
102,백령도,2022-08-22 03:00,21.3,,.4,0,93,4097
102,백령도,2022-08-22 04:00,22.4,,1.7,180,89,3942
102,백령도,2022-08-22 05:00,22.5,,1.4,180,91,3299
102,백령도,2022-08-22 06:00,22.5,,1.5,160,87,4812
102,백령도,2022-08-22 07:00,23.7,,1.9,200,85,4904
102,백령도,2022-08-22 08:00,24.8,,1.3,180,83,4959
102,백령도,2022-08-22 09:00,25,,3,180,80,4991
102,백령도,2022-08-22 10:00,25.4,,3.8,180,78,4928
102,백령도,2022-08-22 11:00,26.1,,4.3,180,77,4949
102,백령도,2022-08-22 12:00,25.8,,4,200,79,4998
102,백령도,2022-08-22 13:00,26,0,3,200,81,4592
102,백령도,2022-08-22 14:00,25.6,0,3.2,200,83,4805
102,백령도,2022-08-22 15:00,24.7,.6,3,160,93,1101
102,백령도,2022-08-22 16:00,24.7,0,3.1,180,84,3712
102,백령도,2022-08-22 17:00,22.3,1.6,3,180,63,2086
102,백령도,2022-08-22 18:00,21.6,3.3,.6,200,89,2000
102,백령도,2022-08-22 19:00,21.6,.4,2.2,140,92,2642
102,백령도,2022-08-22 20:00,21.6,0,3.4,90,93,2803
102,백령도,2022-08-22 21:00,21.5,0,3.3,110,91,1906
102,백령도,2022-08-22 22:00,21.8,.1,2.8,110,93,3098
102,백령도,2022-08-22 23:00,21.6,1.2,2.7,90,95,1289
102,백령도,2022-08-23 00:00,21.3,.7,4.2,360,98,313
102,백령도,2022-08-23 01:00,21.3,.1,1.4,20,99,1353
102,백령도,2022-08-23 02:00,21.9,,2.5,360,96,2998
102,백령도,2022-08-23 03:00,22,,5.5,360,93,3317
102,백령도,2022-08-23 04:00,22,,5.5,360,93,2450
102,백령도,2022-08-23 05:00,21.6,,4.3,360,88,4190
102,백령도,2022-08-23 06:00,21.7,,3.9,360,72,4749
102,백령도,2022-08-23 07:00,22.2,,3.2,360,66,4999
102,백령도,2022-08-23 08:00,22.7,,4.6,360,61,4869
102,백령도,2022-08-23 09:00,23.3,,3.7,360,58,4994
102,백령도,2022-08-23 10:00,23.6,,6.6,340,54,4975
102,백령도,2022-08-23 11:00,23.9,,6.4,360,62,4938
102,백령도,2022-08-23 12:00,24.4,,7.2,360,63,4908
102,백령도,2022-08-23 13:00,24.1,,7.9,340,62,4578
102,백령도,2022-08-23 14:00,26.4,,8.4,340,62,4670
102,백령도,2022-08-23 15:00,26.2,,8.7,340,64,4620
102,백령도,2022-08-23 16:00,27.1,,6,360,58,4706
102,백령도,2022-08-23 17:00,25.3,,10.4,340,68,3954
102,백령도,2022-08-23 18:00,24.7,,9.5,340,66,4908
102,백령도,2022-08-23 19:00,23.5,,10.4,340,65,4867
102,백령도,2022-08-23 20:00,22.6,,10.4,340,69,4616
102,백령도,2022-08-23 21:00,22.7,,9.9,340,71,4874
102,백령도,2022-08-23 22:00,23,,8.7,340,66,4941
102,백령도,2022-08-23 23:00,22.5,,5.6,340,70,4508
102,백령도,2022-08-24 00:00,22.6,,5.2,360,67,4743
102,백령도,2022-08-24 01:00,22.5,,2.2,360,70,4998
102,백령도,2022-08-24 02:00,21.9,,3.7,360,71,5000
102,백령도,2022-08-24 03:00,22.3,,3,320,60,5000
102,백령도,2022-08-24 04:00,21.8,,2.6,340,62,4999
102,백령도,2022-08-24 05:00,21.6,,3.7,360,69,5000
102,백령도,2022-08-24 06:00,20.9,,3,360,72,4999
102,백령도,2022-08-24 07:00,21.9,,3.8,360,69,4958
102,백령도,2022-08-24 08:00,23,,3.8,360,67,4989
102,백령도,2022-08-24 09:00,27.9,,1.5,20,55,4917
102,백령도,2022-08-24 10:00,28,,2.6,50,56,4992
102,백령도,2022-08-24 11:00,29.9,,1.3,70,52,4907
102,백령도,2022-08-24 12:00,28,,3.4,320,62,4822
102,백령도,2022-08-24 13:00,26.5,,4.8,340,70,4926
102,백령도,2022-08-24 14:00,26.6,,4.8,340,68,4867
102,백령도,2022-08-24 15:00,26.2,,5,340,68,4999
102,백령도,2022-08-24 16:00,26.2,,4.4,320,70,4966
102,백령도,2022-08-24 17:00,25.5,,4.5,320,73,5000
102,백령도,2022-08-24 18:00,24.8,,4.4,320,73,5000
102,백령도,2022-08-24 19:00,22.5,,5.1,320,75,5000
102,백령도,2022-08-24 20:00,21.5,,4.8,340,73,5000
102,백령도,2022-08-24 21:00,21.2,,4.4,340,75,5000
102,백령도,2022-08-24 22:00,21,,3.7,340,75,5000
102,백령도,2022-08-24 23:00,21,,4,340,75,5000
102,백령도,2022-08-25 00:00,20.3,,3,340,80,5000
102,백령도,2022-08-25 01:00,19.3,,1.2,290,86,5000
102,백령도,2022-08-25 02:00,19.4,,.9,340,85,5000
102,백령도,2022-08-25 03:00,20,,.6,230,82,5000
102,백령도,2022-08-25 04:00,20.4,,.1,0,82,3458
102,백령도,2022-08-25 05:00,20.3,,.4,0,87,4954
102,백령도,2022-08-25 06:00,20.4,,.4,0,88,4955
102,백령도,2022-08-25 07:00,20.9,,.3,0,91,4152
102,백령도,2022-08-25 08:00,22.3,,0,0,92,2841
102,백령도,2022-08-25 09:00,22.3,0,.9,270,90,3007
102,백령도,2022-08-25 10:00,23,0,2,250,79,4301
102,백령도,2022-08-25 11:00,23.5,0,2.3,270,79,4954
102,백령도,2022-08-25 12:00,22.4,,4.6,230,72,4891
102,백령도,2022-08-25 13:00,22.3,,5.5,250,72,4942
102,백령도,2022-08-25 14:00,22.4,,5.5,250,70,4912
102,백령도,2022-08-25 15:00,22.3,,6.4,250,74,4924
102,백령도,2022-08-25 16:00,22.3,,5.6,250,77,4510
102,백령도,2022-08-25 17:00,21.9,,5.5,230,74,3932
102,백령도,2022-08-25 18:00,22.7,,4.6,250,69,4955
102,백령도,2022-08-25 19:00,22,,5.2,250,71,4993
102,백령도,2022-08-25 20:00,21.9,,4,250,75,4709
102,백령도,2022-08-25 21:00,21.7,,3.8,250,78,3758
102,백령도,2022-08-25 22:00,21.5,,3.2,250,83,2874
102,백령도,2022-08-25 23:00,21.6,,2.3,270,85,2044
102,백령도,2022-08-26 00:00,22.1,,2.3,250,84,2270
102,백령도,2022-08-26 01:00,21.9,,2,250,86,1991
102,백령도,2022-08-26 02:00,21.2,,1.8,270,92,1305
102,백령도,2022-08-26 03:00,21.7,,3,250,89,1231
102,백령도,2022-08-26 04:00,21.7,,3.2,250,90,843
102,백령도,2022-08-26 05:00,21.5,,1.9,270,92,710
102,백령도,2022-08-26 06:00,21.6,,1.1,250,90,1958
102,백령도,2022-08-26 07:00,21,,1.3,180,94,1500
102,백령도,2022-08-26 08:00,23.4,,1.6,250,85,2516
102,백령도,2022-08-26 09:00,24,,2.4,290,80,3283
102,백령도,2022-08-26 10:00,24.8,,3.8,270,69,4001
102,백령도,2022-08-26 11:00,24.6,,3.9,290,78,3873
102,백령도,2022-08-26 12:00,25.3,,3.4,290,76,3703
102,백령도,2022-08-26 13:00,25.6,,4.1,250,65,3870
102,백령도,2022-08-26 14:00,25.2,,3.7,250,69,3877
102,백령도,2022-08-26 15:00,25.2,,4.6,230,71,3183
102,백령도,2022-08-26 16:00,24.8,,5.8,270,71,1762
102,백령도,2022-08-26 17:00,24.7,,4.9,250,70,1945
102,백령도,2022-08-26 18:00,24.2,,3.6,230,71,2191
102,백령도,2022-08-26 19:00,23,,2.3,250,79,1772
102,백령도,2022-08-26 20:00,22.6,,3.4,230,81,1568
102,백령도,2022-08-26 21:00,23.2,,3.9,250,77,2016
102,백령도,2022-08-26 22:00,21.9,.1,8.7,340,74,3024
102,백령도,2022-08-26 23:00,21.5,,7.5,340,69,4388
102,백령도,2022-08-27 00:00,21.3,,6.1,340,66,4537
102,백령도,2022-08-27 01:00,21.2,,8.7,340,56,4733
102,백령도,2022-08-27 02:00,20.8,,9.2,340,51,4956
102,백령도,2022-08-27 03:00,20.2,,7.6,340,56,4988
102,백령도,2022-08-27 04:00,19.9,,6.2,340,59,5000
102,백령도,2022-08-27 05:00,20.1,,6.9,340,51,5000
102,백령도,2022-08-27 06:00,20,,5.8,340,55,5000
102,백령도,2022-08-27 07:00,20.7,,7.5,340,43,5000
102,백령도,2022-08-27 08:00,21,,8,340,47,4997
102,백령도,2022-08-27 09:00,21.3,,7.8,340,46,4999
102,백령도,2022-08-27 10:00,21.7,,8,340,49,4987
102,백령도,2022-08-27 11:00,21.8,,9.1,340,44,4936
102,백령도,2022-08-27 12:00,21.8,,9,340,47,5000
102,백령도,2022-08-27 13:00,22.1,,7.5,340,48,4986
102,백령도,2022-08-27 14:00,22.1,,7.5,340,50,4939
102,백령도,2022-08-27 15:00,21.9,,7.3,340,50,4904
102,백령도,2022-08-27 16:00,21.8,,6.3,340,51,4898
102,백령도,2022-08-27 17:00,21.5,,7.5,340,54,4928
102,백령도,2022-08-27 18:00,20.7,,6.5,340,59,5000
102,백령도,2022-08-27 19:00,20.1,,4.7,360,64,5000
102,백령도,2022-08-27 20:00,20.1,,3.9,340,67,4999
102,백령도,2022-08-27 21:00,20.1,,3,340,69,4989
102,백령도,2022-08-27 22:00,19.7,,2.9,320,75,4899
102,백령도,2022-08-27 23:00,20.2,,3.6,320,74,5000
102,백령도,2022-08-28 00:00,19.5,,2.2,290,81,5000
102,백령도,2022-08-28 01:00,20,,2.4,320,76,5000
102,백령도,2022-08-28 02:00,19.7,,1.4,340,84,5000
102,백령도,2022-08-28 03:00,18.9,,1.9,360,89,5000
102,백령도,2022-08-28 04:00,18.2,,1.4,290,89,5000
102,백령도,2022-08-28 05:00,18.8,,1.2,340,88,4999
102,백령도,2022-08-28 06:00,19,,2,360,89,4996
102,백령도,2022-08-28 07:00,19.9,,1,70,85,4999
102,백령도,2022-08-28 08:00,21.3,,1.9,70,74,5000
102,백령도,2022-08-28 09:00,21.7,,2.9,90,77,4976
102,백령도,2022-08-28 10:00,23.1,,2.9,90,60,4997
102,백령도,2022-08-28 11:00,23.3,,3.7,90,52,5000
102,백령도,2022-08-28 12:00,23.2,,4.1,90,50,4998
102,백령도,2022-08-28 13:00,23.8,,2.5,110,48,4996
102,백령도,2022-08-28 14:00,23.7,,3.1,180,48,5000
102,백령도,2022-08-28 15:00,23.9,,2.9,180,39,4999
102,백령도,2022-08-28 16:00,23.7,,1.7,160,38,5000
102,백령도,2022-08-28 17:00,22.7,,1.7,340,51,5000
102,백령도,2022-08-28 18:00,21.5,,1.5,320,54,5000
102,백령도,2022-08-28 19:00,19.9,,.8,320,71,4987
102,백령도,2022-08-28 20:00,20.3,,1.6,20,73,5000
102,백령도,2022-08-28 21:00,20,,1.6,50,72,5000
102,백령도,2022-08-28 22:00,20,0,1.7,50,73,5000
102,백령도,2022-08-28 23:00,19.4,0,1.1,290,76,5000
102,백령도,2022-08-29 00:00,19,0,.7,270,83,5000
102,백령도,2022-08-29 01:00,19.7,0,1.3,270,73,4376
102,백령도,2022-08-29 02:00,18.1,.1,1.3,270,85,2955
102,백령도,2022-08-29 03:00,17.1,.2,2.4,340,89,4074
102,백령도,2022-08-29 04:00,17.2,.3,2.3,320,92,2584
102,백령도,2022-08-29 05:00,18.8,0,3,360,61,4980
102,백령도,2022-08-29 06:00,18.8,0,1.5,90,70,5000
102,백령도,2022-08-29 07:00,18.8,.1,2.8,90,68,4324
102,백령도,2022-08-29 08:00,18,.4,1.3,140,75,1131
102,백령도,2022-08-29 09:00,17.3,.8,1.2,140,80,1753
102,백령도,2022-08-29 10:00,16.5,.5,1.6,110,87,1500
102,백령도,2022-08-29 11:00,16.5,.5,2.8,110,90,1498
102,백령도,2022-08-29 12:00,16.5,.2,3.7,90,92,1100
102,백령도,2022-08-29 13:00,16.5,1.9,3.7,110,96,466
102,백령도,2022-08-29 14:00,17.1,.5,4.1,110,96,796
102,백령도,2022-08-29 15:00,17.9,.1,4,70,95,508
102,백령도,2022-08-29 16:00,17.6,.3,4.3,90,94,920
102,백령도,2022-08-29 17:00,17.6,.8,4.9,90,97,324
102,백령도,2022-08-29 18:00,17.9,1.2,4.5,90,98,229
102,백령도,2022-08-29 19:00,18.2,2.2,4.4,70,98,427
102,백령도,2022-08-29 20:00,18.3,.2,4.3,90,97,885
102,백령도,2022-08-29 21:00,18.9,.1,4.2,90,96,2247
102,백령도,2022-08-29 22:00,19.3,0,4.3,90,94,2844
102,백령도,2022-08-29 23:00,19.7,0,3.8,110,88,4734
102,백령도,2022-08-30 00:00,19.9,0,4.2,90,89,3703
102,백령도,2022-08-30 01:00,19.9,0,3.5,90,88,3835
102,백령도,2022-08-30 02:00,19.7,0,3.5,90,85,4103
102,백령도,2022-08-30 03:00,19.6,0,3.7,90,86,2702
102,백령도,2022-08-30 04:00,18.8,2.3,4.1,110,92,832
102,백령도,2022-08-30 05:00,18.3,1.4,4.4,90,94,1485
102,백령도,2022-08-30 06:00,18.3,.7,4.5,90,95,1558
102,백령도,2022-08-30 07:00,18.3,.5,4.6,90,94,2589
102,백령도,2022-08-30 08:00,18.3,.2,3.8,70,95,1775
102,백령도,2022-08-30 09:00,18.2,.4,4.6,90,93,1827
102,백령도,2022-08-30 10:00,18.2,.2,4.6,70,93,1507
102,백령도,2022-08-30 11:00,18.2,1.7,3.8,70,93,1845
102,백령도,2022-08-30 12:00,18.5,0,3,70,92,3613
102,백령도,2022-08-30 13:00,19.1,0,3,70,90,4222
102,백령도,2022-08-30 14:00,19.9,,2.4,70,87,4852
102,백령도,2022-08-30 15:00,20.4,,2.8,50,86,4856
102,백령도,2022-08-30 16:00,20.6,,1.5,360,83,4929
102,백령도,2022-08-30 17:00,20.4,,1.2,20,87,4993
102,백령도,2022-08-30 18:00,19.6,,.8,320,90,4906
102,백령도,2022-08-30 19:00,19.6,,1.1,320,92,4483
102,백령도,2022-08-30 20:00,19.2,,1.6,340,93,4505
102,백령도,2022-08-30 21:00,19.3,,1.5,360,93,4540
102,백령도,2022-08-30 22:00,18.9,,1.4,340,95,3098
102,백령도,2022-08-30 23:00,19,,.9,360,94,3823
102,백령도,2022-08-31 00:00,19,,2,360,95,3645
102,백령도,2022-08-31 01:00,19.3,,4,340,93,2627
102,백령도,2022-08-31 02:00,19.7,,5.4,340,90,2221
102,백령도,2022-08-31 03:00,19.7,,3.5,360,89,2811
102,백령도,2022-08-31 04:00,19.9,,3.2,360,89,3258
102,백령도,2022-08-31 05:00,19.9,,4.3,360,88,3412
102,백령도,2022-08-31 06:00,19.7,,3,340,89,4005
102,백령도,2022-08-31 07:00,20.5,,5.1,340,88,4656
102,백령도,2022-08-31 08:00,21.1,,3.8,340,86,4825
102,백령도,2022-08-31 09:00,21.7,,4.5,340,82,4909
102,백령도,2022-08-31 10:00,22.4,,3.6,340,82,4837
102,백령도,2022-08-31 11:00,22.9,,3.3,340,83,4126
102,백령도,2022-08-31 12:00,23.2,,3.2,340,81,4648
102,백령도,2022-08-31 13:00,22.9,,4.5,290,82,4796
102,백령도,2022-08-31 14:00,23,,4.7,290,83,3675
102,백령도,2022-08-31 15:00,23.4,,3.6,340,80,3736
102,백령도,2022-08-31 16:00,22.9,,4.1,320,80,3407
102,백령도,2022-08-31 17:00,22.4,,4.3,320,84,3096
102,백령도,2022-08-31 18:00,21.4,,4.6,340,86,3518
102,백령도,2022-08-31 19:00,20.6,,3.5,340,89,2655
102,백령도,2022-08-31 20:00,20.2,,3.8,320,89,2589
102,백령도,2022-08-31 21:00,19.9,,2.9,320,94,1642
102,백령도,2022-08-31 22:00,20,,3.5,320,93,2040
102,백령도,2022-08-31 23:00,19.5,,2,320,94,1212
102,백령도,2022-09-01 00:00,19.2,,2.4,340,94,1021
102,백령도,2022-09-01 01:00,19.1,,3,320,96,726
102,백령도,2022-09-01 02:00,19.4,,2.9,320,91,1446
102,백령도,2022-09-01 03:00,19.8,,1.4,340,89,1831
102,백령도,2022-09-01 04:00,19.5,,.7,340,92,1323
102,백령도,2022-09-01 05:00,19.1,,.9,290,94,1073
102,백령도,2022-09-01 06:00,19.4,,.2,0,96,563
102,백령도,2022-09-01 07:00,19.8,,1.1,320,97,381
102,백령도,2022-09-01 08:00,21.4,,2,340,92,766
102,백령도,2022-09-01 09:00,22.1,,3.5,340,89,1027
102,백령도,2022-09-01 10:00,24.4,,1.1,20,79,1518
102,백령도,2022-09-01 11:00,24.5,,2.1,360,75,1853
102,백령도,2022-09-01 12:00,23.3,,4.6,320,81,1620
102,백령도,2022-09-01 13:00,23,,4.6,320,86,1288
102,백령도,2022-09-01 14:00,23.1,,6,320,85,1440
102,백령도,2022-09-01 15:00,23.1,,5.7,320,84,1235
102,백령도,2022-09-01 16:00,23.9,,3.4,340,80,2070
102,백령도,2022-09-01 17:00,22.8,,6,340,79,1397
102,백령도,2022-09-01 18:00,22.5,,4.2,340,76,1614
102,백령도,2022-09-01 19:00,21.3,,4.2,320,86,932
102,백령도,2022-09-01 20:00,21,,3.6,340,84,1414
102,백령도,2022-09-01 21:00,20.4,,2.6,340,83,2253
102,백령도,2022-09-01 22:00,20.1,,2.2,340,83,3057
102,백령도,2022-09-01 23:00,19.4,,1.8,320,85,4014
102,백령도,2022-09-02 00:00,19.1,,1.6,290,87,4408
102,백령도,2022-09-02 01:00,19.8,,2,340,83,4977
102,백령도,2022-09-02 02:00,19.2,,3.1,320,89,4649
102,백령도,2022-09-02 03:00,19.6,,3.1,340,92,3822
102,백령도,2022-09-02 04:00,19.4,,3,340,94,4164
102,백령도,2022-09-02 05:00,19,,1.7,340,93,3888
102,백령도,2022-09-02 06:00,18.9,,.7,340,95,3294
102,백령도,2022-09-02 07:00,19.2,,1.8,90,93,3206
102,백령도,2022-09-02 08:00,21.1,,1.5,90,86,2955
102,백령도,2022-09-02 09:00,21.9,,2,90,82,3390
102,백령도,2022-09-02 10:00,22.9,,2.3,90,65,3539
102,백령도,2022-09-02 11:00,23.5,,3.1,90,65,3091
102,백령도,2022-09-02 12:00,24.4,,2.9,90,72,2503
102,백령도,2022-09-02 13:00,25.7,,2.8,110,67,3058
102,백령도,2022-09-02 14:00,25.6,,3.1,140,65,3261
102,백령도,2022-09-02 15:00,25.9,,2.9,140,63,3743
102,백령도,2022-09-02 16:00,24.2,,3.2,320,71,3421
102,백령도,2022-09-02 17:00,23.3,,2.4,290,73,3613
102,백령도,2022-09-02 18:00,23.9,,1.7,290,73,3636
102,백령도,2022-09-02 19:00,22,,1.3,290,80,2888
102,백령도,2022-09-02 20:00,20.4,,1.7,320,88,2233
102,백령도,2022-09-02 21:00,20.9,,2.4,320,84,2634
102,백령도,2022-09-02 22:00,20.8,,2.6,320,83,2574
102,백령도,2022-09-02 23:00,20.5,,1.8,340,84,2307
102,백령도,2022-09-03 00:00,21.3,,1.3,110,82,2847
102,백령도,2022-09-03 01:00,20.7,,1.7,90,93,1514
102,백령도,2022-09-03 02:00,20.7,,3,90,88,2941
102,백령도,2022-09-03 03:00,20.6,,2.5,90,88,4225
102,백령도,2022-09-03 04:00,20.4,,3.1,90,85,4573
102,백령도,2022-09-03 05:00,20.3,,2.8,90,85,4552
102,백령도,2022-09-03 06:00,20.4,,2.7,110,82,4947
102,백령도,2022-09-03 07:00,20.2,,2.6,110,84,4731
102,백령도,2022-09-03 08:00,20.8,,3.4,90,80,4723
102,백령도,2022-09-03 09:00,21.1,,3.6,90,77,4841
102,백령도,2022-09-03 10:00,22.3,,3.9,70,71,4791
102,백령도,2022-09-03 11:00,23,,3.5,90,68,4414
102,백령도,2022-09-03 12:00,24.5,,3.4,90,62,4886
102,백령도,2022-09-03 13:00,25.4,,3.3,70,59,4621
102,백령도,2022-09-03 14:00,25.6,,3.4,110,57,4830
102,백령도,2022-09-03 15:00,25,,3.5,140,60,4907
102,백령도,2022-09-03 16:00,25.5,,5,140,56,4913
102,백령도,2022-09-03 17:00,25.6,,3.9,160,59,4968
102,백령도,2022-09-03 18:00,25.3,,3,110,60,4860
102,백령도,2022-09-03 19:00,22.3,,.9,20,78,4608
102,백령도,2022-09-03 20:00,22.2,,1.4,50,78,4832
102,백령도,2022-09-03 21:00,22.3,,1.6,90,80,4369
102,백령도,2022-09-03 22:00,22.9,,2.9,110,82,3797
102,백령도,2022-09-03 23:00,23.4,,4.2,110,74,4789
102,백령도,2022-09-04 00:00,23.4,,4.4,110,76,4864
102,백령도,2022-09-04 01:00,22.5,,4,110,83,4256
102,백령도,2022-09-04 02:00,22.4,,3.8,110,82,3716
102,백령도,2022-09-04 03:00,22.2,,4.1,110,81,4119
102,백령도,2022-09-04 04:00,22,,4.8,110,77,4139
102,백령도,2022-09-04 05:00,21.7,,4.7,110,78,4447
102,백령도,2022-09-04 06:00,20.2,.2,4.7,110,89,1100
102,백령도,2022-09-04 07:00,19.6,8,5.1,110,96,288
102,백령도,2022-09-04 08:00,19.6,9,4.7,110,98,158
102,백령도,2022-09-04 09:00,19.5,9.2,6.6,110,98,280
102,백령도,2022-09-04 10:00,19.5,8,8.3,110,98,363
102,백령도,2022-09-04 11:00,20.7,3.2,7.6,140,98,571
102,백령도,2022-09-04 12:00,21.5,4.1,11.7,140,97,359
102,백령도,2022-09-04 13:00,22.2,3.5,9.5,160,96,419
102,백령도,2022-09-04 14:00,23.4,2.2,10.7,180,96,266
102,백령도,2022-09-04 15:00,22.1,.6,5.8,250,93,2638
102,백령도,2022-09-04 16:00,21,0,3.8,290,95,2925
102,백령도,2022-09-04 17:00,20.6,0,4,290,94,3326
102,백령도,2022-09-04 18:00,20.1,.1,6.8,320,95,1908
102,백령도,2022-09-04 19:00,19.7,.3,5.1,320,95,2917
102,백령도,2022-09-04 20:00,19.5,0,3.2,320,94,4029
102,백령도,2022-09-04 21:00,19.5,,2,320,95,4062
102,백령도,2022-09-04 22:00,19.6,,2.2,320,94,4540
102,백령도,2022-09-04 23:00,19.1,,.4,0,96,3772
102,백령도,2022-09-05 00:00,19,,1.8,320,97,4251
102,백령도,2022-09-05 01:00,19.4,,2.3,320,93,4982
102,백령도,2022-09-05 02:00,19.4,,2.7,320,93,4999
102,백령도,2022-09-05 03:00,19.5,,2,360,94,4996
102,백령도,2022-09-05 04:00,19.6,,1.7,50,94,4993
102,백령도,2022-09-05 05:00,19.6,,2.3,50,93,4962
102,백령도,2022-09-05 06:00,19.5,0,1.8,70,94,4762
102,백령도,2022-09-05 07:00,19.5,.7,1.5,50,96,1492
102,백령도,2022-09-05 08:00,19.3,1,3.1,90,96,1100
102,백령도,2022-09-05 09:00,19.3,1,1.8,110,96,1318
102,백령도,2022-09-05 10:00,18.8,1.4,3.6,110,95,1200
102,백령도,2022-09-05 11:00,18.2,5.9,2.9,140,96,441
102,백령도,2022-09-05 12:00,17.7,6.3,3.4,110,96,574
102,백령도,2022-09-05 13:00,18,4,1.7,90,98,335
102,백령도,2022-09-05 14:00,17.9,5.8,3.2,110,98,336
102,백령도,2022-09-05 15:00,17.6,5.9,5.2,90,97,488
102,백령도,2022-09-05 16:00,17.1,5.4,,,96,421
102,백령도,2022-09-05 17:00,17.1,5.1,3.9,110,96,462
102,백령도,2022-09-05 18:00,17.6,3.3,2.7,90,96,584
102,백령도,2022-09-05 19:00,17.6,2.3,3.2,50,95,1479
102,백령도,2022-09-05 20:00,17.7,1.2,3.6,20,94,1133
102,백령도,2022-09-05 21:00,17.6,1.8,3.1,70,94,1856
102,백령도,2022-09-05 22:00,17.4,1,1.6,340,96,1878
102,백령도,2022-09-05 23:00,17.6,.3,2.7,360,93,4997
102,백령도,2022-09-06 00:00,18.2,0,3.6,20,89,5000
102,백령도,2022-09-06 01:00,18.5,,2.4,20,87,4999
102,백령도,2022-09-06 02:00,18.3,,2.3,50,87,144
102,백령도,2022-09-06 03:00,18.7,,2.4,360,85,5000
102,백령도,2022-09-06 04:00,19,,3.7,340,90,4980
102,백령도,2022-09-06 05:00,19.5,,6.5,340,87,4713
102,백령도,2022-09-06 06:00,19.9,,7,340,88,4156
102,백령도,2022-09-06 07:00,19.9,,7.7,340,89,4576
102,백령도,2022-09-06 08:00,20.6,,4.9,340,85,4762
102,백령도,2022-09-06 09:00,21.2,,4,340,86,3481
102,백령도,2022-09-06 10:00,21.6,,4.8,320,80,3241
102,백령도,2022-09-06 11:00,22.3,,4.4,340,78,2983
102,백령도,2022-09-06 12:00,22.2,,4.7,340,80,2480
102,백령도,2022-09-06 13:00,22.7,,5,320,78,2257
102,백령도,2022-09-06 14:00,23.1,,5,290,74,2195
102,백령도,2022-09-06 15:00,24.2,,4.2,270,61,2851
102,백령도,2022-09-06 16:00,24.6,,4.8,270,48,4869
102,백령도,2022-09-06 17:00,24.1,,4.8,250,60,3678
102,백령도,2022-09-06 18:00,23,,5.3,250,71,3098
102,백령도,2022-09-06 19:00,22.2,,4.4,270,71,3683
102,백령도,2022-09-06 20:00,22.1,,3.6,250,72,3441
102,백령도,2022-09-06 21:00,22,,3.2,270,73,3420
102,백령도,2022-09-06 22:00,21.8,,3.4,270,70,3826
102,백령도,2022-09-06 23:00,21.4,,2.7,270,75,3579
102,백령도,2022-09-07 00:00,21.1,,2.4,270,78,3189
102,백령도,2022-09-07 01:00,20.9,,1.6,270,80,3323
102,백령도,2022-09-07 02:00,20.5,,1.7,270,82,3065
102,백령도,2022-09-07 03:00,20.1,,1.7,270,84,3215
102,백령도,2022-09-07 04:00,18.8,,1,320,94,1896
102,백령도,2022-09-07 05:00,18.8,,1.7,270,94,1843
102,백령도,2022-09-07 06:00,19.3,,.4,0,92,2520
102,백령도,2022-09-07 07:00,19.7,,1.4,290,88,2748
102,백령도,2022-09-07 08:00,21.1,,1.6,90,88,2445
102,백령도,2022-09-07 09:00,21.7,,1.5,90,84,3303
102,백령도,2022-09-07 10:00,23.3,,1,140,80,3128
102,백령도,2022-09-07 11:00,24.1,,2.5,180,75,1686
102,백령도,2022-09-07 12:00,25.7,,2.4,180,61,3543
102,백령도,2022-09-07 13:00,24,,3.7,340,75,3021
102,백령도,2022-09-07 14:00,24.6,,4.5,320,65,3646
102,백령도,2022-09-07 15:00,25,,3.2,320,62,3554
102,백령도,2022-09-07 16:00,25.4,,2.2,320,53,4420
102,백령도,2022-09-07 17:00,24.7,,2.5,230,56,4056
102,백령도,2022-09-07 18:00,23.9,,2.5,270,61,3007
102,백령도,2022-09-07 19:00,21.7,,1,290,77,3065
102,백령도,2022-09-07 20:00,21.2,,1.3,250,81,3320
102,백령도,2022-09-07 21:00,21,,1.2,250,83,3414
102,백령도,2022-09-07 22:00,20.3,,1.6,250,90,2402
102,백령도,2022-09-07 23:00,20.6,,.5,270,90,2831
102,백령도,2022-09-08 00:00,20.4,,.1,0,95,2331
102,백령도,2022-09-08 01:00,19.6,,.6,250,97,1500
102,백령도,2022-09-08 02:00,19.2,,.9,290,98,1800
102,백령도,2022-09-08 03:00,19.4,,1.3,320,99,70
102,백령도,2022-09-08 04:00,18.9,,1.1,270,99,40
102,백령도,2022-09-08 05:00,19.2,,1.6,320,99,45
102,백령도,2022-09-08 06:00,19.7,,1.9,360,99,24
102,백령도,2022-09-08 07:00,19.8,,1.8,20,99,450
102,백령도,2022-09-08 08:00,20.7,,0,0,98,764
102,백령도,2022-09-08 09:00,21.8,,1.5,70,90,1544
102,백령도,2022-09-08 10:00,22.4,,1.9,90,81,2954
102,백령도,2022-09-08 11:00,23.9,,1.6,70,70,4080
102,백령도,2022-09-08 12:00,25.2,,1.4,360,47,4958
102,백령도,2022-09-08 13:00,25.4,,2.3,340,56,4869
102,백령도,2022-09-08 14:00,24.3,,3.1,320,57,4577
102,백령도,2022-09-08 15:00,24.4,,3.5,320,63,3666
102,백령도,2022-09-08 16:00,24,,3.8,290,72,4336
102,백령도,2022-09-08 17:00,23,,3.4,290,80,3458
102,백령도,2022-09-08 18:00,21.8,,2.7,320,82,3078
102,백령도,2022-09-08 19:00,20.4,,2.2,320,86,2694
102,백령도,2022-09-08 20:00,19.2,,2,290,88,2178
102,백령도,2022-09-08 21:00,19.4,,2.1,290,86,2713
102,백령도,2022-09-08 22:00,19.8,,2,290,89,1647
102,백령도,2022-09-08 23:00,19.9,,1.6,320,91,1430
102,백령도,2022-09-09 00:00,19.4,,2.4,340,81,2773
102,백령도,2022-09-09 01:00,19.1,,2.6,320,87,1922
102,백령도,2022-09-09 02:00,19.5,,3.6,340,84,2260
102,백령도,2022-09-09 03:00,19,,1.6,360,84,3219
102,백령도,2022-09-09 04:00,19.6,,1.5,50,65,4769
102,백령도,2022-09-09 05:00,18.9,,1.3,50,72,4784
102,백령도,2022-09-09 06:00,19,,.1,0,75,4823
102,백령도,2022-09-09 07:00,18.7,,.5,270,74,4281
102,백령도,2022-09-09 08:00,20.3,,.5,320,76,4864
102,백령도,2022-09-09 09:00,22.4,,.9,320,63,4942
102,백령도,2022-09-09 10:00,24.5,,1.2,70,55,4416
102,백령도,2022-09-09 11:00,25.3,,1.5,70,56,4048
102,백령도,2022-09-09 12:00,25.9,,1.2,20,57,3750
102,백령도,2022-09-09 13:00,24.1,,3.1,290,68,4133
102,백령도,2022-09-09 14:00,23.9,,3.4,290,77,3315
102,백령도,2022-09-09 15:00,24.1,,3.4,340,76,3545
102,백령도,2022-09-09 16:00,23.7,,3.7,340,76,3529
102,백령도,2022-09-09 17:00,23.1,,3.1,320,80,3173
102,백령도,2022-09-09 18:00,22.6,,2.8,340,79,3018
102,백령도,2022-09-09 19:00,21.2,,2,320,85,2091
102,백령도,2022-09-09 20:00,20.6,,1.9,320,89,1623
102,백령도,2022-09-09 21:00,20.7,,1.7,320,88,1730
102,백령도,2022-09-09 22:00,20.9,,.8,50,85,2044
102,백령도,2022-09-09 23:00,21.5,,2.1,50,85,2210
102,백령도,2022-09-10 00:00,21.7,,1.5,70,84,2126
102,백령도,2022-09-10 01:00,21.6,,1.5,70,85,1824
102,백령도,2022-09-10 02:00,20.6,,1.8,90,91,1331
102,백령도,2022-09-10 03:00,20.6,,1.9,90,94,937
102,백령도,2022-09-10 04:00,20.3,,2.1,90,95,637
102,백령도,2022-09-10 05:00,20.3,,2.3,110,95,711
102,백령도,2022-09-10 06:00,20.3,,3.1,110,74,4935
102,백령도,2022-09-10 07:00,20.3,,3,110,71,4945
102,백령도,2022-09-10 08:00,20.3,,2.4,90,80,4341
102,백령도,2022-09-10 09:00,21.1,,2.3,110,71,4817
102,백령도,2022-09-10 10:00,22.5,,3.1,140,48,4975
102,백령도,2022-09-10 11:00,23.5,,2.5,110,49,4944
102,백령도,2022-09-10 12:00,24,,3.5,140,50,4703
102,백령도,2022-09-10 13:00,24.3,,2.4,90,51,4861
102,백령도,2022-09-10 14:00,24.7,,3,90,47,4226
102,백령도,2022-09-10 15:00,24.5,,3.5,110,49,3400
102,백령도,2022-09-10 16:00,24.3,,4.3,140,44,3402
102,백령도,2022-09-10 17:00,23.6,,3.5,160,52,3439
102,백령도,2022-09-10 18:00,22.6,,3.3,160,57,2278
102,백령도,2022-09-10 19:00,20.5,,2.7,180,72,4740
102,백령도,2022-09-10 20:00,20.9,,1.3,180,66,4910
102,백령도,2022-09-10 21:00,21.1,,1.3,140,63,4980
102,백령도,2022-09-10 22:00,18.8,,.8,320,75,4996
102,백령도,2022-09-10 23:00,19.4,,1.2,320,78,3768
102,백령도,2022-09-11 00:00,19.3,,1.5,360,71,4850
102,백령도,2022-09-11 01:00,19.7,,.7,20,68,5000
102,백령도,2022-09-11 02:00,19.2,,1.8,70,79,4959
102,백령도,2022-09-11 03:00,18.6,,2.1,70,84,4565
102,백령도,2022-09-11 04:00,18.8,,1.8,90,92,3467
102,백령도,2022-09-11 05:00,18.6,,1.4,90,93,2707
102,백령도,2022-09-11 06:00,19.3,,2.2,90,92,3182
102,백령도,2022-09-11 07:00,19.2,,2.1,90,92,2090
102,백령도,2022-09-11 08:00,20.9,,2.5,70,84,2756
102,백령도,2022-09-11 09:00,21.7,,2.9,90,76,3615
102,백령도,2022-09-11 10:00,21.9,,2.2,90,77,3416
102,백령도,2022-09-11 11:00,22.4,,2.1,90,75,3099
102,백령도,2022-09-11 12:00,23.7,,2.9,90,70,3148
102,백령도,2022-09-11 13:00,24.3,,4.7,140,65,3588
102,백령도,2022-09-11 14:00,24.5,,3.6,140,66,3641
102,백령도,2022-09-11 15:00,23.4,,4.6,180,68,3524
102,백령도,2022-09-11 16:00,23.4,,2.9,160,72,3391
102,백령도,2022-09-11 17:00,22.8,,4.1,180,72,3182
102,백령도,2022-09-11 18:00,22,,3.5,160,79,2953
102,백령도,2022-09-11 19:00,20.9,,2.1,160,85,2174
102,백령도,2022-09-11 20:00,20.3,,1.7,140,89,1795
102,백령도,2022-09-11 21:00,20.3,,.9,140,87,1780
102,백령도,2022-09-11 22:00,19.9,,.7,180,91,1427
102,백령도,2022-09-11 23:00,20.1,,1.2,160,91,1162
102,백령도,2022-09-12 00:00,20.3,,1.5,110,89,1377
102,백령도,2022-09-12 01:00,19.8,,1.5,110,95,803
102,백령도,2022-09-12 02:00,19.9,,1.4,70,96,728
102,백령도,2022-09-12 03:00,19.6,,1,70,95,729
102,백령도,2022-09-12 04:00,19.4,,1.4,140,95,718
102,백령도,2022-09-12 05:00,19.2,,1.9,90,97,485
102,백령도,2022-09-12 06:00,19.1,,1.8,90,98,176
102,백령도,2022-09-12 07:00,19.1,,1.8,90,98,389
102,백령도,2022-09-12 08:00,20.7,,1.8,90,94,1173
102,백령도,2022-09-12 09:00,21.6,,1.7,70,87,1619
102,백령도,2022-09-12 10:00,23,,1.4,70,78,2604
102,백령도,2022-09-12 11:00,23.8,,2.4,360,75,3533
102,백령도,2022-09-12 12:00,24.2,,2.5,360,72,3811
102,백령도,2022-09-12 13:00,24.1,,2.8,290,71,4030
102,백령도,2022-09-12 14:00,23.7,,3.6,290,75,3649
102,백령도,2022-09-12 15:00,23.7,,3.9,320,73,4469
102,백령도,2022-09-12 16:00,23.9,,2.7,290,71,4501
102,백령도,2022-09-12 17:00,23.3,,2.5,320,72,4127
102,백령도,2022-09-12 18:00,22.3,,2.3,320,75,4069
102,백령도,2022-09-12 19:00,20.9,,3.6,320,81,3460
102,백령도,2022-09-12 20:00,20.4,,3.5,340,86,2712
102,백령도,2022-09-12 21:00,20.4,,3.2,320,87,2741
102,백령도,2022-09-12 22:00,19.7,,2.4,320,88,2578
102,백령도,2022-09-12 23:00,19.9,,2.7,340,86,2845
102,백령도,2022-09-13 00:00,19.6,,1.7,320,90,2396
102,백령도,2022-09-13 01:00,19,,1.4,340,91,2286
102,백령도,2022-09-13 02:00,19.9,,2.2,340,78,4161
102,백령도,2022-09-13 03:00,20.4,,2.1,360,82,3628
102,백령도,2022-09-13 04:00,20.1,,2.3,360,83,3359
102,백령도,2022-09-13 05:00,20.1,,1.9,20,86,3089
102,백령도,2022-09-13 06:00,20.3,,1.9,20,87,2748
102,백령도,2022-09-13 07:00,20.5,,2.7,20,80,3395
102,백령도,2022-09-13 08:00,20.6,,2.4,360,80,3839
102,백령도,2022-09-13 09:00,22,,1.9,20,69,4600
102,백령도,2022-09-13 10:00,22.5,,2.6,340,69,4351
102,백령도,2022-09-13 11:00,23.8,,1.6,360,67,4101
102,백령도,2022-09-13 12:00,24.3,,3,340,72,3732
102,백령도,2022-09-13 13:00,23.2,,3.5,340,76,3696
102,백령도,2022-09-13 14:00,22.8,,3.3,320,80,3060
102,백령도,2022-09-13 15:00,23,,3.1,340,79,3453
102,백령도,2022-09-13 16:00,23.2,,2.6,360,80,2846
102,백령도,2022-09-13 17:00,23,,1,320,85,2268
102,백령도,2022-09-13 18:00,23.1,,1.3,20,83,1881
102,백령도,2022-09-13 19:00,22.3,,1.9,360,87,1619
102,백령도,2022-09-13 20:00,22.5,,3.1,360,87,1419
102,백령도,2022-09-13 21:00,23.5,,3.1,20,80,1799
102,백령도,2022-09-13 22:00,23,,2.7,70,82,1634
102,백령도,2022-09-13 23:00,22.2,,1.9,70,87,1287
102,백령도,2022-09-14 00:00,22.8,,1.6,110,86,1337
102,백령도,2022-09-14 01:00,22.4,0,1.8,90,89,997
102,백령도,2022-09-14 02:00,22,.1,1.4,90,92,810
102,백령도,2022-09-14 03:00,21.9,.2,2,90,91,925
102,백령도,2022-09-14 04:00,21.5,.3,2,90,93,456
102,백령도,2022-09-14 05:00,20.8,1.8,2.5,70,94,558
102,백령도,2022-09-14 06:00,20.2,.4,2.2,90,94,926
102,백령도,2022-09-14 07:00,19.9,.3,4.1,70,88,1116
102,백령도,2022-09-14 08:00,19.2,.9,3.9,90,90,1494
102,백령도,2022-09-14 09:00,18.6,1.7,3.8,90,92,821
102,백령도,2022-09-14 10:00,18.8,3.9,2.6,90,95,442
102,백령도,2022-09-14 11:00,18.8,7,3.2,20,92,1176
102,백령도,2022-09-14 12:00,19.6,0,5.4,50,84,2457
102,백령도,2022-09-14 13:00,19.5,.3,3,20,89,2030
102,백령도,2022-09-14 14:00,19.6,2.3,3.8,320,90,1437
102,백령도,2022-09-14 15:00,20.3,1.7,2.4,360,87,1996
102,백령도,2022-09-14 16:00,20.8,0,2.6,20,87,1569
102,백령도,2022-09-14 17:00,21,,4.8,50,87,1616
102,백령도,2022-09-14 18:00,21,,2.7,70,87,1606
102,백령도,2022-09-14 19:00,21.2,,3.9,90,84,1841
102,백령도,2022-09-14 20:00,20.9,,3.4,90,85,2009
102,백령도,2022-09-14 21:00,20.8,,2.9,90,81,2336
102,백령도,2022-09-14 22:00,21.1,,3.7,110,73,3116
102,백령도,2022-09-14 23:00,21.3,,3.3,110,66,3409
102,백령도,2022-09-15 00:00,21.7,,5.3,110,64,3376
102,백령도,2022-09-15 01:00,21.6,,4.9,110,66,2856
102,백령도,2022-09-15 02:00,21.6,,4.9,110,68,3181
102,백령도,2022-09-15 03:00,21.2,,4.2,110,71,2850
102,백령도,2022-09-15 04:00,21.2,,4.4,110,72,2927
102,백령도,2022-09-15 05:00,20.9,,3.7,110,77,3083
102,백령도,2022-09-15 06:00,21.3,,4.6,110,74,3468
102,백령도,2022-09-15 07:00,21.1,,4.4,110,77,3315
102,백령도,2022-09-15 08:00,21.5,,4.7,110,76,3099
102,백령도,2022-09-15 09:00,21.9,,5.2,110,75,2725
102,백령도,2022-09-15 10:00,22.4,,5.2,110,74,3306
102,백령도,2022-09-15 11:00,20.3,9.5,5.2,110,92,1500
102,백령도,2022-09-15 12:00,22.7,.1,4.4,110,82,2699
102,백령도,2022-09-15 13:00,23.9,,5.2,140,70,3363
102,백령도,2022-09-15 14:00,23.6,,4.9,110,73,3281
102,백령도,2022-09-15 15:00,23.5,0,3.7,110,74,3037
102,백령도,2022-09-15 16:00,22.9,0,3.4,110,78,2751
102,백령도,2022-09-15 17:00,22.8,,3.2,90,79,2795
102,백령도,2022-09-15 18:00,22.2,0,3,90,86,2192
102,백령도,2022-09-15 19:00,22.1,0,2.9,70,86,2429
102,백령도,2022-09-15 20:00,21.7,,2.8,90,89,2355
102,백령도,2022-09-15 21:00,21.8,,3.7,90,88,2205
102,백령도,2022-09-15 22:00,21.7,0,3.4,110,88,2261
102,백령도,2022-09-15 23:00,22.3,0,4.2,110,83,2655
102,백령도,2022-09-16 00:00,23.2,0,6.9,110,79,2579
102,백령도,2022-09-16 01:00,21.5,2.7,6.3,140,95,1100
102,백령도,2022-09-16 02:00,22.2,.2,4.1,140,91,1504
102,백령도,2022-09-16 03:00,22,6.3,5.1,140,93,1259
102,백령도,2022-09-16 04:00,21.8,1.7,5.1,160,94,347
102,백령도,2022-09-16 05:00,21.7,1.2,4.1,140,96,512
102,백령도,2022-09-16 06:00,21.9,1.3,5.5,160,94,1005
102,백령도,2022-09-16 07:00,21.7,.1,5.7,140,96,579
102,백령도,2022-09-16 08:00,21.7,0,6.3,140,95,823
102,백령도,2022-09-16 09:00,21.8,.1,5.8,140,96,445
102,백령도,2022-09-16 10:00,22.1,0,5.3,160,96,629
102,백령도,2022-09-16 11:00,22.6,,6.5,160,95,967
102,백령도,2022-09-16 12:00,22.6,,7.4,160,94,1187
102,백령도,2022-09-16 13:00,22.6,,10,160,93,1118
102,백령도,2022-09-16 14:00,22.7,,9.5,160,91,1219
102,백령도,2022-09-16 15:00,23,,8,180,89,1255
102,백령도,2022-09-16 16:00,23.3,0,7.7,180,88,1184
102,백령도,2022-09-16 17:00,23.1,,7.4,180,87,1130
102,백령도,2022-09-16 18:00,22.9,,7.1,180,89,1038
102,백령도,2022-09-16 19:00,22.6,,6.4,180,91,811
102,백령도,2022-09-16 20:00,22.9,,7,180,91,838
102,백령도,2022-09-16 21:00,22.9,,6,200,91,900
102,백령도,2022-09-16 22:00,22.7,,4.8,200,89,1610
102,백령도,2022-09-16 23:00,22.7,,3.6,200,92,1404
102,백령도,2022-09-17 00:00,21.8,,4.4,250,89,2103
102,백령도,2022-09-17 01:00,21.7,,2.6,250,88,2173
102,백령도,2022-09-17 02:00,21.5,,2.5,250,89,2699
102,백령도,2022-09-17 03:00,21.3,,1.8,230,89,2520
102,백령도,2022-09-17 04:00,21.1,,2.2,230,91,2140
102,백령도,2022-09-17 05:00,21.1,,1.9,250,91,2287
102,백령도,2022-09-17 06:00,21,,1.4,250,91,2727
102,백령도,2022-09-17 07:00,21,,1.7,250,88,4066
102,백령도,2022-09-17 08:00,21.6,,1.1,230,86,3590
102,백령도,2022-09-17 09:00,22.5,,1.8,250,80,4444
102,백령도,2022-09-17 10:00,22.5,,2.5,290,80,4167
102,백령도,2022-09-17 11:00,22.6,,1.6,320,78,4422
102,백령도,2022-09-17 12:00,22.4,,3.6,290,81,3919
102,백령도,2022-09-17 13:00,22.4,,3.3,320,81,3719
102,백령도,2022-09-17 14:00,22.5,,3.1,320,80,4085
102,백령도,2022-09-17 15:00,22.6,,2.9,320,80,4056
102,백령도,2022-09-17 16:00,22.1,,2.7,340,81,3522
102,백령도,2022-09-17 17:00,22.7,,1.8,340,77,4452
102,백령도,2022-09-17 18:00,21.2,,3,320,82,3563
102,백령도,2022-09-17 19:00,19.6,,1.3,340,90,2277
102,백령도,2022-09-17 20:00,19.5,,2.8,320,93,1698
102,백령도,2022-09-17 21:00,19.5,,3.2,320,93,1891
102,백령도,2022-09-17 22:00,19.1,,2.1,320,95,1263
102,백령도,2022-09-17 23:00,18.8,,1.5,320,96,979
102,백령도,2022-09-18 00:00,18.9,,3,320,97,1010
102,백령도,2022-09-18 01:00,19.4,,3.3,340,95,1499
102,백령도,2022-09-18 02:00,19.6,,3.7,360,96,1331
102,백령도,2022-09-18 03:00,19.3,,3.4,360,97,1245
102,백령도,2022-09-18 04:00,19.7,,3,360,94,2016
102,백령도,2022-09-18 05:00,19.7,,3,340,94,2254
102,백령도,2022-09-18 06:00,19.5,,3.1,360,94,2242
102,백령도,2022-09-18 07:00,20.1,,3.3,360,93,2225
102,백령도,2022-09-18 08:00,21,,3.9,360,89,2570
102,백령도,2022-09-18 09:00,21.9,,4.5,360,87,2921
102,백령도,2022-09-18 10:00,22.8,,4.6,360,80,3220
102,백령도,2022-09-18 11:00,23.1,,5.5,340,81,2878
102,백령도,2022-09-18 12:00,23.4,,7.5,340,78,3561
102,백령도,2022-09-18 13:00,22.8,,6.2,340,86,2320
102,백령도,2022-09-18 14:00,23,,6.9,340,83,2389
102,백령도,2022-09-18 15:00,22.9,,4.7,290,82,2075
102,백령도,2022-09-18 16:00,23,,7.8,340,81,2099
102,백령도,2022-09-18 17:00,23.5,,7.3,340,73,3205
102,백령도,2022-09-18 18:00,23.3,,5.2,340,77,2457
102,백령도,2022-09-18 19:00,22.6,,5.3,340,81,1445
102,백령도,2022-09-18 20:00,22.5,,8.9,340,73,1849
102,백령도,2022-09-18 21:00,22.3,,8.3,340,70,2244
102,백령도,2022-09-18 22:00,22.1,,5.4,340,68,2654
102,백령도,2022-09-18 23:00,21.4,,2.9,320,69,2554
102,백령도,2022-09-19 00:00,21,,7.3,340,70,2586
102,백령도,2022-09-19 01:00,20.5,,7.7,340,70,2572
102,백령도,2022-09-19 02:00,20.3,,10.1,340,69,2803
102,백령도,2022-09-19 03:00,20.5,,11.9,340,64,2309
102,백령도,2022-09-19 04:00,20.5,,13.6,360,63,2508
102,백령도,2022-09-19 05:00,20.5,,12.7,340,53,2509
102,백령도,2022-09-19 06:00,20.6,,13.8,340,49,2563
102,백령도,2022-09-19 07:00,20.4,,13,360,48,2794
102,백령도,2022-09-19 08:00,20.5,,11.8,360,45,3024
102,백령도,2022-09-19 09:00,20.8,,14.3,360,43,2915
102,백령도,2022-09-19 10:00,20.8,,11.1,360,47,3279
102,백령도,2022-09-19 11:00,20.9,,10,360,48,3734
102,백령도,2022-09-19 12:00,20.3,,13.7,340,49,3032
102,백령도,2022-09-19 13:00,20.8,,10.8,340,49,4009
102,백령도,2022-09-19 14:00,20.7,,12.1,340,47,3203
102,백령도,2022-09-19 15:00,20.6,,14,340,47,3431
102,백령도,2022-09-19 16:00,20.5,,15.5,340,44,3219
102,백령도,2022-09-19 17:00,20.5,,14.6,340,41,3601
102,백령도,2022-09-19 18:00,20.2,,14.3,340,41,3741
102,백령도,2022-09-19 19:00,19.9,,13.4,340,46,3821
102,백령도,2022-09-19 20:00,20,,15.8,340,42,3405
102,백령도,2022-09-19 21:00,19.6,,11,360,47,4162
102,백령도,2022-09-19 22:00,19.6,,11.6,360,42,4602
102,백령도,2022-09-19 23:00,19.4,,14.7,360,36,4192
102,백령도,2022-09-20 00:00,18.7,,4.6,360,41,4675
102,백령도,2022-09-20 01:00,18.4,,5.6,360,40,4922
102,백령도,2022-09-20 02:00,18,,3.2,360,41,4862
102,백령도,2022-09-20 03:00,18.1,,4.3,360,40,4876
102,백령도,2022-09-20 04:00,18.1,,5,360,38,4941
102,백령도,2022-09-20 05:00,17.9,,4.5,360,42,4989
102,백령도,2022-09-20 06:00,17.3,,4,360,42,4963
102,백령도,2022-09-20 07:00,16.9,,4.1,360,42,4999
102,백령도,2022-09-20 08:00,16.8,,2.1,360,38,4980
102,백령도,2022-09-20 09:00,16.7,,3.1,360,39,4831
102,백령도,2022-09-20 10:00,18.1,,3.3,20,25,4978
102,백령도,2022-09-20 11:00,17.8,,3,360,26,4980
102,백령도,2022-09-20 12:00,18.3,,3.2,340,32,4986
102,백령도,2022-09-20 13:00,19.6,,5.4,340,27,4912
102,백령도,2022-09-20 14:00,19.6,,6.7,340,32,4994
102,백령도,2022-09-20 15:00,19.3,,8.1,340,36,4993
102,백령도,2022-09-20 16:00,19,,6.8,340,32,4959
102,백령도,2022-09-20 17:00,18.1,,8.2,340,38,4997
102,백령도,2022-09-20 18:00,17.5,,7.2,340,41,4993
102,백령도,2022-09-20 19:00,17.1,,7.8,340,42,5000
102,백령도,2022-09-20 20:00,16.9,,6.4,340,41,4980
102,백령도,2022-09-20 21:00,17.2,,5.7,340,42,4998
102,백령도,2022-09-20 22:00,17.2,,5.1,360,46,4999
102,백령도,2022-09-20 23:00,17.3,,4.9,340,49,4999
102,백령도,2022-09-21 00:00,17.2,,4.4,340,55,4994
102,백령도,2022-09-21 01:00,16.8,,3.2,340,60,4999
102,백령도,2022-09-21 02:00,16.8,,2,360,58,4987
102,백령도,2022-09-21 03:00,16.9,,1.9,20,55,5000
102,백령도,2022-09-21 04:00,16.3,,1.4,50,58,4999
102,백령도,2022-09-21 05:00,16.3,,.3,0,59,5000
102,백령도,2022-09-21 06:00,15.9,,.5,140,60,4079
102,백령도,2022-09-21 07:00,16,,.7,90,57,5000
102,백령도,2022-09-21 08:00,17.1,,2,90,78,4808
102,백령도,2022-09-21 09:00,18.2,,1.6,90,64,4994
102,백령도,2022-09-21 10:00,19.7,,1.5,70,44,4963
102,백령도,2022-09-21 11:00,20.3,,2.2,50,30,5000
102,백령도,2022-09-21 12:00,20.7,,1.7,20,37,4996
102,백령도,2022-09-21 13:00,20.2,,2.5,340,44,4993
102,백령도,2022-09-21 14:00,20.8,,1.2,50,43,4988
102,백령도,2022-09-21 15:00,20.9,,1.6,90,37,4992
102,백령도,2022-09-21 16:00,20.6,,2.1,180,31,5000
102,백령도,2022-09-21 17:00,20,,1.4,200,33,5000
102,백령도,2022-09-21 18:00,18.7,,.9,340,54,5000
102,백령도,2022-09-21 19:00,16.4,,.5,200,59,5000
102,백령도,2022-09-21 20:00,15.6,,.5,200,60,5000
102,백령도,2022-09-21 21:00,15,,1.7,180,63,5000
102,백령도,2022-09-21 22:00,15.6,,.9,200,64,5000
102,백령도,2022-09-21 23:00,14.9,,1.4,160,68,5000
102,백령도,2022-09-22 00:00,14.9,,.7,160,60,5000
102,백령도,2022-09-22 01:00,13.5,,2.1,160,72,5000
102,백령도,2022-09-22 02:00,15.3,,2.4,200,66,5000
102,백령도,2022-09-22 03:00,14.9,,2.5,180,69,5000
102,백령도,2022-09-22 04:00,15.3,,2,200,70,5000
102,백령도,2022-09-22 05:00,15.8,,2,200,66,5000
102,백령도,2022-09-22 06:00,15.1,,2.1,160,74,5000
102,백령도,2022-09-22 07:00,15.6,,1.7,180,77,5000
102,백령도,2022-09-22 08:00,17.7,,3.2,160,71,4989
102,백령도,2022-09-22 09:00,18.5,,3.8,180,65,4800
102,백령도,2022-09-22 10:00,19.2,,4.5,180,60,4968
102,백령도,2022-09-22 11:00,20.5,,4.8,160,57,4919
102,백령도,2022-09-22 12:00,20.6,,4.2,180,59,4920
102,백령도,2022-09-22 13:00,20.9,,5,180,59,4956
102,백령도,2022-09-22 14:00,20.4,,3.3,160,66,4903
102,백령도,2022-09-22 15:00,18.8,0,2.7,160,79,1563
102,백령도,2022-09-22 16:00,18.1,.3,3.6,140,92,1898
102,백령도,2022-09-22 17:00,19.3,0,3.8,160,85,3588
102,백령도,2022-09-22 18:00,19.1,,4.5,200,86,3755
102,백령도,2022-09-22 19:00,19.1,,3.4,180,86,3132
102,백령도,2022-09-22 20:00,19.1,,3.4,180,82,3098
102,백령도,2022-09-22 21:00,19.1,,3.2,180,84,3418
102,백령도,2022-09-22 22:00,18.9,,2.9,180,85,2984
102,백령도,2022-09-22 23:00,18.9,,3.6,180,87,2741
102,백령도,2022-09-23 00:00,19.1,,3.6,180,87,2851
102,백령도,2022-09-23 01:00,19.1,,4.3,180,86,3484
102,백령도,2022-09-23 02:00,19.4,,4.3,200,88,3507
102,백령도,2022-09-23 03:00,19.3,,5.4,180,89,2731
102,백령도,2022-09-23 04:00,19.5,,5.3,200,85,3635
102,백령도,2022-09-23 05:00,19.6,,6.2,180,84,3519
102,백령도,2022-09-23 06:00,19.8,,6.2,200,81,3645
102,백령도,2022-09-23 07:00,20,,7.6,200,82,3568
102,백령도,2022-09-23 08:00,16.1,.6,7.7,320,85,2946
102,백령도,2022-09-23 09:00,15.4,0,11.2,320,80,2770
102,백령도,2022-09-23 10:00,16.1,0,8.1,320,70,4028
102,백령도,2022-09-23 11:00,17.5,0,8.8,290,54,4307
102,백령도,2022-09-23 12:00,18.2,,9.4,290,48,4448
102,백령도,2022-09-23 13:00,18.7,,9.6,290,47,4523
102,백령도,2022-09-23 14:00,18.1,,8.6,320,50,4950
102,백령도,2022-09-23 15:00,18.2,,8.6,290,53,4778
102,백령도,2022-09-23 16:00,17.6,,9.2,320,54,4919
102,백령도,2022-09-23 17:00,17.7,,9.3,320,55,4908
102,백령도,2022-09-23 18:00,17,,8.6,320,55,4973
102,백령도,2022-09-23 19:00,16.6,,6.4,320,57,5000
102,백령도,2022-09-23 20:00,16.9,,5.6,320,59,5000
102,백령도,2022-09-23 21:00,17,,5.6,320,58,5000
102,백령도,2022-09-23 22:00,17.3,,6.8,320,58,4998
102,백령도,2022-09-23 23:00,16.9,,4.9,320,60,4961
102,백령도,2022-09-24 00:00,17,,6.1,320,59,5000
102,백령도,2022-09-24 01:00,17,,5.6,320,59,5000
102,백령도,2022-09-24 02:00,17.1,,5.3,320,61,5000
102,백령도,2022-09-24 03:00,17.1,,3.7,320,63,4997
102,백령도,2022-09-24 04:00,16.2,,1.7,270,72,4799
102,백령도,2022-09-24 05:00,16.2,,1.7,250,75,4999
102,백령도,2022-09-24 06:00,16,,1.6,230,83,3562
102,백령도,2022-09-24 07:00,17.1,,2.6,270,78,4533
102,백령도,2022-09-24 08:00,19.1,,4.2,270,77,4096
102,백령도,2022-09-24 09:00,20.1,,4.6,290,78,3839
102,백령도,2022-09-24 10:00,20.7,,5.2,290,75,4045
102,백령도,2022-09-24 11:00,21.3,,5.9,290,74,3734
102,백령도,2022-09-24 12:00,21.4,,4.9,290,76,3354
102,백령도,2022-09-24 13:00,22.4,,3.4,320,67,4312
102,백령도,2022-09-24 14:00,21.8,,4.4,290,67,4247
102,백령도,2022-09-24 15:00,21.6,,3.8,290,68,4230
102,백령도,2022-09-24 16:00,21.2,,3.9,320,68,3364
102,백령도,2022-09-24 17:00,20.7,,3.1,320,69,3594
102,백령도,2022-09-24 18:00,19.2,,1,290,77,3577
102,백령도,2022-09-24 19:00,18.2,,1.7,250,83,3422
102,백령도,2022-09-24 20:00,18,,1.6,270,86,2901
102,백령도,2022-09-24 21:00,17.9,,1.5,250,85,3078
102,백령도,2022-09-24 22:00,17.7,,1.9,290,90,2699
102,백령도,2022-09-24 23:00,17.9,,2.5,290,93,1815
102,백령도,2022-09-25 00:00,18,,2.4,290,94,1772
102,백령도,2022-09-25 01:00,18.1,,2.6,320,93,2197
102,백령도,2022-09-25 02:00,17.3,,.9,230,96,1115
102,백령도,2022-09-25 03:00,17.4,,1.2,290,93,2726
102,백령도,2022-09-25 04:00,16.9,,.7,290,95,1783
102,백령도,2022-09-25 05:00,17,,1.9,290,95,1761
102,백령도,2022-09-25 06:00,17.3,,2,290,90,2678
102,백령도,2022-09-25 07:00,16.5,,1.8,340,96,1247
102,백령도,2022-09-25 08:00,17.3,,1,140,96,434
102,백령도,2022-09-25 09:00,18.6,,.8,90,94,1443
102,백령도,2022-09-25 10:00,19.4,,1.6,110,88,2586
102,백령도,2022-09-25 11:00,20.8,,2.1,140,79,2983
102,백령도,2022-09-25 12:00,21.2,,4.4,160,78,2717
102,백령도,2022-09-25 13:00,21.5,,2.2,160,74,3506
102,백령도,2022-09-25 14:00,21.7,,1.7,360,74,3576
102,백령도,2022-09-25 15:00,21.6,,1.1,70,75,3611
102,백령도,2022-09-25 16:00,21.3,,2.6,200,61,4647
102,백령도,2022-09-25 17:00,21.2,,2.3,230,60,4829
102,백령도,2022-09-25 18:00,20.1,,1.7,230,71,4559
102,백령도,2022-09-25 19:00,18.3,,1.1,250,81,4798
102,백령도,2022-09-25 20:00,17.7,,.3,0,86,3826
102,백령도,2022-09-25 21:00,17.9,,.7,270,82,4292
102,백령도,2022-09-25 22:00,17.7,,.3,0,85,3343
102,백령도,2022-09-25 23:00,17.9,,.9,180,80,4701
102,백령도,2022-09-26 00:00,18.1,,.7,250,75,5000
102,백령도,2022-09-26 01:00,17,,.9,70,86,4155
102,백령도,2022-09-26 02:00,16.7,,1.4,90,93,2015
102,백령도,2022-09-26 03:00,16.7,,1.6,90,92,1833
102,백령도,2022-09-26 04:00,16.4,,1.9,90,95,890
102,백령도,2022-09-26 05:00,16.3,,1.6,110,95,1333
102,백령도,2022-09-26 06:00,16.1,,1.8,90,94,1168
102,백령도,2022-09-26 07:00,16,,2,90,97,491
102,백령도,2022-09-26 08:00,17.4,,2,90,92,2301
102,백령도,2022-09-26 09:00,18.7,,1.9,90,82,3789
102,백령도,2022-09-26 10:00,19.8,,1.2,90,78,4081
102,백령도,2022-09-26 11:00,21,,1.6,70,72,4421
102,백령도,2022-09-26 12:00,22.1,,2.3,320,63,5000
102,백령도,2022-09-26 13:00,22,,2.8,320,65,4999
102,백령도,2022-09-26 14:00,22,,3.2,290,67,4971
102,백령도,2022-09-26 15:00,21.2,,4.1,290,71,5000
102,백령도,2022-09-26 16:00,21,,3.9,320,71,4979
102,백령도,2022-09-26 17:00,20.6,,2.9,290,80,4990
102,백령도,2022-09-26 18:00,19.2,,3.1,290,87,4654
102,백령도,2022-09-26 19:00,17.9,,2.2,320,95,2184
102,백령도,2022-09-26 20:00,17,,1.6,290,96,747
102,백령도,2022-09-26 21:00,17.3,,2.5,320,97,900
102,백령도,2022-09-26 22:00,16.7,,2,320,98,105
102,백령도,2022-09-26 23:00,16.6,,1.6,320,98,70
102,백령도,2022-09-27 00:00,16.4,,2,290,98,97
102,백령도,2022-09-27 01:00,16.3,,1.7,320,99,21
102,백령도,2022-09-27 02:00,16.6,,2.3,290,99,48
102,백령도,2022-09-27 03:00,16.3,,1.7,290,99,28
102,백령도,2022-09-27 04:00,15.8,,1.9,290,99,98
102,백령도,2022-09-27 05:00,15.9,,1.7,320,99,244
102,백령도,2022-09-27 06:00,16,,2.3,360,98,900
102,백령도,2022-09-27 07:00,16.6,,2.8,360,98,746
102,백령도,2022-09-27 08:00,17.8,,1,20,93,1137
102,백령도,2022-09-27 09:00,18.9,,1.7,70,88,1303
102,백령도,2022-09-27 10:00,19.9,,2.3,70,77,2044
102,백령도,2022-09-27 11:00,20.5,,2.4,340,77,2574
102,백령도,2022-09-27 12:00,20.4,,3.3,290,80,2293
102,백령도,2022-09-27 13:00,21,,3.5,320,79,1951
102,백령도,2022-09-27 14:00,21,,4.5,290,78,1674
102,백령도,2022-09-27 15:00,21.3,,3.9,340,79,1658
102,백령도,2022-09-27 16:00,20.8,,3.6,340,82,1623
102,백령도,2022-09-27 17:00,20,,3.8,340,82,1449
102,백령도,2022-09-27 18:00,18.9,,3.8,320,89,950
102,백령도,2022-09-27 19:00,18.1,,3.3,320,93,586
102,백령도,2022-09-27 20:00,17.7,,3.5,290,95,403
102,백령도,2022-09-27 21:00,17.6,,3.2,290,96,276
102,백령도,2022-09-27 22:00,17.2,,1.9,290,97,225
102,백령도,2022-09-27 23:00,17.1,,1.7,290,98,185
102,백령도,2022-09-28 00:00,17.3,,.8,290,93,623
102,백령도,2022-09-28 01:00,17.3,,.3,0,92,806
102,백령도,2022-09-28 02:00,16.4,,.9,160,92,634
102,백령도,2022-09-28 03:00,15.7,,.4,0,92,743
102,백령도,2022-09-28 04:00,16.3,,.2,0,90,807
102,백령도,2022-09-28 05:00,16.4,,.9,140,95,360
102,백령도,2022-09-28 06:00,16.5,,1.3,90,96,183
102,백령도,2022-09-28 07:00,16.3,,.3,0,97,173
102,백령도,2022-09-28 08:00,16.8,,.9,90,98,205
102,백령도,2022-09-28 09:00,17.3,,1.5,70,96,464
102,백령도,2022-09-28 10:00,17.7,,2,110,96,286
102,백령도,2022-09-28 11:00,18,,2.2,110,95,383
102,백령도,2022-09-28 12:00,18.3,,2.3,140,93,653
102,백령도,2022-09-28 13:00,19.6,,2.5,180,86,942
102,백령도,2022-09-28 14:00,20.7,,3.4,180,78,1479
102,백령도,2022-09-28 15:00,20.3,,1.6,290,81,1328
102,백령도,2022-09-28 16:00,20.3,,1.2,70,84,1245
102,백령도,2022-09-28 17:00,19.3,,1.1,320,88,807
102,백령도,2022-09-28 18:00,18.5,,0,0,92,698
102,백령도,2022-09-28 19:00,17.5,,.1,0,96,285
102,백령도,2022-09-28 20:00,17.1,,0,0,97,257
102,백령도,2022-09-28 21:00,17,,0,0,95,360
102,백령도,2022-09-28 22:00,16.8,,0,0,95,320
102,백령도,2022-09-28 23:00,16.9,,.4,0,96,411
102,백령도,2022-09-29 00:00,16.6,,.3,0,95,442
102,백령도,2022-09-29 01:00,16.8,,1,290,88,942
102,백령도,2022-09-29 02:00,16.7,,0,0,91,642
102,백령도,2022-09-29 03:00,15.6,,.7,90,97,48
102,백령도,2022-09-29 04:00,15.7,,1.7,90,99,12
102,백령도,2022-09-29 05:00,16.3,,1.5,90,99,107
102,백령도,2022-09-29 06:00,16.1,,1.7,90,99,12
102,백령도,2022-09-29 07:00,15.7,,2.2,90,99,12
102,백령도,2022-09-29 08:00,15.5,,1.6,110,99,13
102,백령도,2022-09-29 09:00,16.4,,1.9,110,99,19
102,백령도,2022-09-29 10:00,17.1,,1.9,180,99,37
102,백령도,2022-09-29 11:00,19.3,,1.8,180,95,1117
102,백령도,2022-09-29 12:00,21,,2.2,90,78,2742
102,백령도,2022-09-29 13:00,20.8,,2.7,180,78,2440
102,백령도,2022-09-29 14:00,21,,3.1,180,77,2941
102,백령도,2022-09-29 15:00,21.2,,2.4,200,77,2687
102,백령도,2022-09-29 16:00,21.3,,3.3,180,78,2705
102,백령도,2022-09-29 17:00,20.8,,2.4,180,82,2330
102,백령도,2022-09-29 18:00,19.6,,1.9,200,89,1471
102,백령도,2022-09-29 19:00,18.5,,1,180,94,579
102,백령도,2022-09-29 20:00,18.6,,.8,200,95,393
102,백령도,2022-09-29 21:00,18.5,,.8,200,97,350
102,백령도,2022-09-29 22:00,17.3,,1.1,110,97,101
102,백령도,2022-09-29 23:00,16.9,,1,90,98,7
102,백령도,2022-09-30 00:00,16.7,,1.6,90,99,10
102,백령도,2022-09-30 01:00,17.4,,1.5,90,99,10
102,백령도,2022-09-30 02:00,17.8,,2.2,90,99,25
102,백령도,2022-09-30 03:00,17.7,,1.1,160,99,28
102,백령도,2022-09-30 04:00,17.5,,.9,160,99,56
102,백령도,2022-09-30 05:00,17.2,,1.1,140,99,19
102,백령도,2022-09-30 06:00,16.5,,1.1,160,99,66
102,백령도,2022-09-30 07:00,16.8,,2.1,140,99,15
102,백령도,2022-09-30 08:00,16.7,,1.6,180,99,19
102,백령도,2022-09-30 09:00,17,,2.1,140,99,19
102,백령도,2022-09-30 10:00,17.3,,2.6,140,99,111
102,백령도,2022-09-30 11:00,18.5,,3.2,110,98,572
102,백령도,2022-09-30 12:00,19.4,,3.4,110,87,970
102,백령도,2022-09-30 13:00,20.9,,2.8,140,79,1269
102,백령도,2022-09-30 14:00,20.4,,3.6,160,78,1504
102,백령도,2022-09-30 15:00,20.4,,3.5,160,79,1533
102,백령도,2022-09-30 16:00,20.2,,3.5,160,80,1638
102,백령도,2022-09-30 17:00,19.8,,2.7,160,83,1316
102,백령도,2022-09-30 18:00,18.3,,2.1,200,89,763
102,백령도,2022-09-30 19:00,17.2,,1.5,160,94,311
102,백령도,2022-09-30 20:00,17.7,,1.2,140,93,501
102,백령도,2022-09-30 21:00,17.5,,.9,110,93,359
102,백령도,2022-09-30 22:00,17.6,,.8,140,95,328
102,백령도,2022-09-30 23:00,17.3,,1,110,95,283
102,백령도,2022-10-01 00:00,17.3,,1.1,140,96,251
102,백령도,2022-10-01 01:00,17.3,,1.3,90,97,189
102,백령도,2022-10-01 02:00,17.7,,1.7,110,97,191
102,백령도,2022-10-01 03:00,17.6,,.4,0,98,159
102,백령도,2022-10-01 04:00,17.6,,.8,160,97,168
102,백령도,2022-10-01 05:00,17.2,,1.6,90,97,167
102,백령도,2022-10-01 06:00,17.5,,1.2,110,94,359
102,백령도,2022-10-01 07:00,16.3,,1.2,90,97,164
102,백령도,2022-10-01 08:00,17.6,,1.4,110,96,375
102,백령도,2022-10-01 09:00,17.9,,2.4,90,91,631
102,백령도,2022-10-01 10:00,19.5,,1.8,90,84,962
102,백령도,2022-10-01 11:00,20.1,,2.5,140,81,1620
102,백령도,2022-10-01 12:00,20.5,,2.5,110,72,2187
102,백령도,2022-10-01 13:00,19.2,,2.3,110,85,1287
102,백령도,2022-10-01 14:00,20.6,,1.4,140,80,1748
102,백령도,2022-10-01 15:00,19.5,,2.1,180,78,1888
102,백령도,2022-10-01 16:00,19.1,,2.1,180,82,1704
102,백령도,2022-10-01 17:00,19.3,,1.9,180,80,1954
102,백령도,2022-10-01 18:00,18.2,,1.6,320,88,1622
102,백령도,2022-10-01 19:00,17,,.5,320,96,501
102,백령도,2022-10-01 20:00,17,,0,0,96,372
102,백령도,2022-10-01 21:00,16.8,,.1,0,94,495
102,백령도,2022-10-01 22:00,16,,1.7,90,94,441
102,백령도,2022-10-01 23:00,15.8,,1.6,180,90,365
102,백령도,2022-10-02 00:00,17.3,,2.4,110,89,913
102,백령도,2022-10-02 01:00,17.7,,2.1,110,91,744
102,백령도,2022-10-02 02:00,17.7,0,1.6,140,96,369
102,백령도,2022-10-02 03:00,17.9,0,2.5,140,91,811
102,백령도,2022-10-02 04:00,18.4,0,4.4,160,78,1135
102,백령도,2022-10-02 05:00,17.6,0,1.7,110,92,599
102,백령도,2022-10-02 06:00,17,.4,2.3,50,92,593
102,백령도,2022-10-02 07:00,17.6,.1,2.3,90,89,997
102,백령도,2022-10-02 08:00,17.6,0,2.2,70,85,1565
102,백령도,2022-10-02 09:00,17.9,0,4.2,90,81,1475
102,백령도,2022-10-02 10:00,18.3,0,5.6,110,86,932
102,백령도,2022-10-02 11:00,18.5,.7,5.6,110,85,518
102,백령도,2022-10-02 12:00,18.8,.3,4.2,140,85,553
102,백령도,2022-10-02 13:00,18.5,.9,7.7,110,91,425
102,백령도,2022-10-02 14:00,18.4,1.8,7.2,140,90,286
102,백령도,2022-10-02 15:00,18,1.2,9.1,140,84,900
102,백령도,2022-10-02 16:00,16.7,13.4,8.3,110,95,250
102,백령도,2022-10-02 17:00,16.6,3.8,7.7,110,97,197
102,백령도,2022-10-02 18:00,18.3,4.7,5.7,140,98,322
102,백령도,2022-10-02 19:00,20.5,1,5.6,160,98,212
102,백령도,2022-10-02 20:00,21.3,1.3,5.8,200,97,472
102,백령도,2022-10-02 21:00,21.2,.4,5.5,200,97,491
102,백령도,2022-10-02 22:00,21.3,.2,4.8,200,98,329
102,백령도,2022-10-02 23:00,21.1,.2,4.2,230,98,96
102,백령도,2022-10-03 00:00,20.9,.2,4.6,230,98,305
102,백령도,2022-10-03 01:00,20.7,,4.6,230,94,1398
102,백령도,2022-10-03 02:00,20.2,,4.6,230,94,1671
102,백령도,2022-10-03 03:00,19.9,,4.2,230,94,2135
102,백령도,2022-10-03 04:00,19.6,,2.7,230,93,3202
102,백령도,2022-10-03 05:00,19.4,,1.7,200,95,1970
102,백령도,2022-10-03 06:00,19.3,,2.4,230,95,2275
102,백령도,2022-10-03 07:00,19.3,,1.7,200,95,2241
102,백령도,2022-10-03 08:00,19.7,,2.1,230,93,3506
102,백령도,2022-10-03 09:00,20.2,,1.2,290,91,3898
102,백령도,2022-10-03 10:00,19.8,,1.8,340,92,3686
102,백령도,2022-10-03 11:00,19.8,,3.1,160,93,2968
102,백령도,2022-10-03 12:00,20.4,0,1.7,140,91,3226
102,백령도,2022-10-03 13:00,19.4,0,2.1,140,96,408
102,백령도,2022-10-03 14:00,19.1,.3,2.2,140,98,950
102,백령도,2022-10-03 15:00,19.1,0,1.9,140,98,227
102,백령도,2022-10-03 16:00,18.6,.2,2.4,340,98,32
102,백령도,2022-10-03 17:00,18.7,4.6,2.1,340,99,179
102,백령도,2022-10-03 18:00,18.6,6.8,4.6,320,99,247
102,백령도,2022-10-03 19:00,18.5,16.2,2.1,340,99,186
102,백령도,2022-10-03 20:00,18.6,7.2,5.7,340,99,3484
102,백령도,2022-10-03 21:00,18.6,0,6.8,340,97,2077
102,백령도,2022-10-03 22:00,16.7,0,7.9,340,95,2659
102,백령도,2022-10-03 23:00,16.1,1.1,8.7,360,96,416
102,백령도,2022-10-04 00:00,15.8,1.4,9,340,93,2060
102,백령도,2022-10-04 01:00,15.5,0,9.3,340,92,1462
102,백령도,2022-10-04 02:00,15.3,0,13.8,340,86,2533
102,백령도,2022-10-04 03:00,14.5,0,13.2,340,85,2288
102,백령도,2022-10-04 04:00,14.4,0,13,340,83,2489
102,백령도,2022-10-04 05:00,14.3,,12.9,340,81,2852
102,백령도,2022-10-04 06:00,13.9,,15.6,340,79,2712
102,백령도,2022-10-04 07:00,13.6,,14.2,340,78,2958
102,백령도,2022-10-04 08:00,13.5,,12.9,340,75,2902
102,백령도,2022-10-04 09:00,13.6,,12.5,340,72,3477
102,백령도,2022-10-04 10:00,13.7,,12.7,340,67,3302
102,백령도,2022-10-04 11:00,13.8,,12,340,67,3241
102,백령도,2022-10-04 12:00,13.8,,15,340,63,3174
102,백령도,2022-10-04 13:00,13.5,,13.8,340,61,3434
102,백령도,2022-10-04 14:00,14.1,,14.7,340,53,3326
102,백령도,2022-10-04 15:00,14,,13.4,340,55,3499
102,백령도,2022-10-04 16:00,13.9,,14.2,340,51,3747
102,백령도,2022-10-04 17:00,13.9,,11.7,340,47,4262
102,백령도,2022-10-04 18:00,13.9,,13.4,340,46,4531
102,백령도,2022-10-04 19:00,13.8,,11.8,340,51,4856
102,백령도,2022-10-04 20:00,13.7,,12.7,340,50,4409
102,백령도,2022-10-04 21:00,13.5,,11.1,340,49,4799
102,백령도,2022-10-04 22:00,13.4,,10.7,340,51,4764
102,백령도,2022-10-04 23:00,13.1,,9.7,340,52,4743
102,백령도,2022-10-05 00:00,12.8,,9.7,340,56,4736
102,백령도,2022-10-05 01:00,12.8,,8.3,340,58,4693
102,백령도,2022-10-05 02:00,12.6,,9.3,340,58,4921
102,백령도,2022-10-05 03:00,12.4,,9.4,340,60,4765
102,백령도,2022-10-05 04:00,12,,9.4,340,62,4829
102,백령도,2022-10-05 05:00,12,,8.5,340,63,4967
102,백령도,2022-10-05 06:00,11.9,,7.6,340,62,4977
102,백령도,2022-10-05 07:00,12,,7.3,340,62,4981
102,백령도,2022-10-05 08:00,12.5,,7.2,340,62,4940
102,백령도,2022-10-05 09:00,13.1,,6.7,360,65,4597
102,백령도,2022-10-05 10:00,13.8,,6.9,340,63,4888
102,백령도,2022-10-05 11:00,14.3,,6.9,340,60,4779
102,백령도,2022-10-05 12:00,14.6,,7.3,340,63,4966
102,백령도,2022-10-05 13:00,14.7,,8,340,62,5000
102,백령도,2022-10-05 14:00,14.7,,7.7,340,63,4939
102,백령도,2022-10-05 15:00,14,,7.2,340,67,4987
102,백령도,2022-10-05 16:00,14.3,,6.8,340,66,4984
102,백령도,2022-10-05 17:00,14,,8,340,68,4952
102,백령도,2022-10-05 18:00,13.6,,7.7,340,64,4999
102,백령도,2022-10-05 19:00,13.8,,7.5,340,61,4999
102,백령도,2022-10-05 20:00,13.9,,7.6,340,56,5000
102,백령도,2022-10-05 21:00,14.2,,7,340,52,4992
102,백령도,2022-10-05 22:00,14.4,,6.4,340,52,4983
102,백령도,2022-10-05 23:00,14.6,,5.6,340,54,4945
102,백령도,2022-10-06 00:00,14.8,,6.3,340,53,4988
102,백령도,2022-10-06 01:00,14.6,,5,340,56,5000
102,백령도,2022-10-06 02:00,14.3,,2.5,360,60,4994
102,백령도,2022-10-06 03:00,13.7,,1.5,20,63,4986
102,백령도,2022-10-06 04:00,13.2,,2.1,360,70,4785
102,백령도,2022-10-06 05:00,12.7,,2.4,360,78,3699
102,백령도,2022-10-06 06:00,12.7,,5,360,73,4138
102,백령도,2022-10-06 07:00,12.6,,4.7,360,75,4360
102,백령도,2022-10-06 08:00,13.2,,4.8,340,70,4641
102,백령도,2022-10-06 09:00,13.8,,5,360,66,4671
102,백령도,2022-10-06 10:00,14.4,,6.3,340,57,4896
102,백령도,2022-10-06 11:00,14.9,,6.8,360,59,4864
102,백령도,2022-10-06 12:00,15.4,,6.1,360,52,4986
102,백령도,2022-10-06 13:00,15.1,,6.3,340,54,4919
102,백령도,2022-10-06 14:00,14.7,,7.1,340,54,5000
102,백령도,2022-10-06 15:00,14.5,,6.3,340,54,5000
102,백령도,2022-10-06 16:00,14,,5.5,340,54,4988
102,백령도,2022-10-06 17:00,13.9,,6.1,340,58,4999
102,백령도,2022-10-06 18:00,13.8,,6.3,360,58,5000
102,백령도,2022-10-06 19:00,14.1,,5.4,360,58,4999
102,백령도,2022-10-06 20:00,14.6,,7.3,340,53,4999
102,백령도,2022-10-06 21:00,14.7,,6.9,340,51,5000
102,백령도,2022-10-06 22:00,15,,8,340,45,5000
102,백령도,2022-10-06 23:00,14.9,,8.6,340,41,5000
102,백령도,2022-10-07 00:00,14.8,,8.8,340,42,4999
102,백령도,2022-10-07 01:00,14.7,,8.3,340,39,4999
102,백령도,2022-10-07 02:00,14.6,,8.4,360,36,4970
102,백령도,2022-10-07 03:00,13.3,,3,20,54,4944
102,백령도,2022-10-07 04:00,13.5,,3.8,360,45,5000
102,백령도,2022-10-07 05:00,14.4,,8.5,360,35,4997
102,백령도,2022-10-07 06:00,14.1,,8,360,35,4996
102,백령도,2022-10-07 07:00,14,,8.3,360,35,4989
102,백령도,2022-10-07 08:00,14.4,,8.6,360,34,4935
102,백령도,2022-10-07 09:00,14.7,,8,360,36,4967
102,백령도,2022-10-07 10:00,15.1,,7.7,360,34,4980
102,백령도,2022-10-07 11:00,15.7,,7,340,33,4967
102,백령도,2022-10-07 12:00,15.8,,7.1,340,33,4880
102,백령도,2022-10-07 13:00,15.7,,6.6,360,39,4966
102,백령도,2022-10-07 14:00,15.8,,6.5,340,38,4960
102,백령도,2022-10-07 15:00,15.7,,5.9,340,40,4903
102,백령도,2022-10-07 16:00,15.4,,5.3,340,43,4944
102,백령도,2022-10-07 17:00,15,,5.2,340,45,4560
102,백령도,2022-10-07 18:00,14.3,,4.9,340,52,4252
102,백령도,2022-10-07 19:00,14.3,,5.8,340,54,3583
102,백령도,2022-10-07 20:00,14.2,,3.9,340,58,3339
102,백령도,2022-10-07 21:00,14.3,,4.6,340,60,3378
102,백령도,2022-10-07 22:00,13.9,,3.4,340,62,3251
102,백령도,2022-10-07 23:00,13.9,,3.7,340,61,3164
102,백령도,2022-10-08 00:00,13.4,,2,20,67,3522
102,백령도,2022-10-08 01:00,12.6,,.6,90,70,3841
102,백령도,2022-10-08 02:00,12.6,,.3,0,66,4627
102,백령도,2022-10-08 03:00,12.9,,1.1,90,56,4979
102,백령도,2022-10-08 04:00,11.8,,1.3,90,82,3863
102,백령도,2022-10-08 05:00,11.6,,1.5,90,75,4896
102,백령도,2022-10-08 06:00,11.3,,1.5,110,72,5000
102,백령도,2022-10-08 07:00,11.3,,1.5,110,72,4998
102,백령도,2022-10-08 08:00,13.4,,1.7,90,59,4998
102,백령도,2022-10-08 09:00,14.6,,2.7,90,55,4971
102,백령도,2022-10-08 10:00,15.6,,3.3,110,53,4940
102,백령도,2022-10-08 11:00,16.3,,3.5,140,52,4523
102,백령도,2022-10-08 12:00,16.7,,2.9,140,49,4938
102,백령도,2022-10-08 13:00,17.1,,2.8,90,48,4942
102,백령도,2022-10-08 14:00,17,,2.9,140,40,4808
102,백령도,2022-10-08 15:00,16.9,,2.6,180,56,4125
102,백령도,2022-10-08 16:00,16.5,,2.2,200,62,4069
102,백령도,2022-10-08 17:00,16.3,,2.3,200,67,4114
102,백령도,2022-10-08 18:00,15,,1.2,200,76,3707
102,백령도,2022-10-08 19:00,13.7,,1.5,160,83,2666
102,백령도,2022-10-08 20:00,13.9,,.2,0,83,2768
102,백령도,2022-10-08 21:00,14.2,,.8,90,83,3385
102,백령도,2022-10-08 22:00,13.6,,.6,140,87,2423
102,백령도,2022-10-08 23:00,13.8,,.8,140,89,2640
102,백령도,2022-10-09 00:00,13.6,,0,0,92,2144
102,백령도,2022-10-09 01:00,13.3,,.7,230,92,2600
102,백령도,2022-10-09 02:00,13.9,,.9,200,89,3107
102,백령도,2022-10-09 03:00,14.2,,.4,0,88,3766
102,백령도,2022-10-09 04:00,13.5,,1.7,180,90,1699
102,백령도,2022-10-09 05:00,14,,2.4,200,87,2689
102,백령도,2022-10-09 06:00,13.2,,1.6,180,87,2502
102,백령도,2022-10-09 07:00,13.9,,2.1,160,81,3087
102,백령도,2022-10-09 08:00,15,,2.8,140,74,4896
102,백령도,2022-10-09 09:00,15.5,0,5,160,69,4343
102,백령도,2022-10-09 10:00,14.6,0,6.2,160,81,2361
102,백령도,2022-10-09 11:00,15,0,5.9,180,78,3909
102,백령도,2022-10-09 12:00,15,,6.8,160,80,3087
102,백령도,2022-10-09 13:00,14.5,0,7.6,160,83,3053
102,백령도,2022-10-09 14:00,13.8,.7,7.6,160,90,480
102,백령도,2022-10-09 15:00,12,5.1,7.6,320,87,1608
102,백령도,2022-10-09 16:00,11.6,1.5,5.5,290,90,1455
102,백령도,2022-10-09 17:00,10.7,2.7,4.7,320,93,1877
102,백령도,2022-10-09 18:00,10.6,.5,.9,200,95,2318
102,백령도,2022-10-09 19:00,10.7,0,3.9,230,90,4277
102,백령도,2022-10-09 20:00,11.7,,8.1,290,75,4962
102,백령도,2022-10-09 21:00,12.4,,7.8,290,72,4749
102,백령도,2022-10-09 22:00,11.8,0,10.4,290,69,4524
102,백령도,2022-10-09 23:00,11.4,0,11.5,290,66,4686
102,백령도,2022-10-10 00:00,10.6,,9.9,290,63,4489
102,백령도,2022-10-10 01:00,10,,10.7,290,65,4827
102,백령도,2022-10-10 02:00,9.5,,8.6,290,70,4911
102,백령도,2022-10-10 03:00,9.5,0,9.8,320,72,4600
102,백령도,2022-10-10 04:00,9.3,0,8.5,290,67,4885
102,백령도,2022-10-10 05:00,9.4,0,10.3,320,66,5000
102,백령도,2022-10-10 06:00,8.9,0,10.4,320,67,4531
102,백령도,2022-10-10 07:00,9.4,0,8.8,340,60,4824
102,백령도,2022-10-10 08:00,9.9,,9.8,320,59,4989
102,백령도,2022-10-10 09:00,10.7,.3,9,290,62,4712
102,백령도,2022-10-10 10:00,10.2,.5,9.3,320,72,4125
102,백령도,2022-10-10 11:00,10.7,0,10.9,320,64,4601
102,백령도,2022-10-10 12:00,10,0,11,320,69,4162
102,백령도,2022-10-10 13:00,9,0,10.7,320,77,4664
102,백령도,2022-10-10 14:00,9,0,11.2,320,68,4075
102,백령도,2022-10-10 15:00,9.2,0,10.7,320,71,4992
102,백령도,2022-10-10 16:00,8.7,0,13.2,320,75,3571
102,백령도,2022-10-10 17:00,9.3,0,11,320,67,4991
102,백령도,2022-10-10 18:00,9.4,0,10.4,320,70,4727
102,백령도,2022-10-10 19:00,9.4,0,8.2,320,71,4318
102,백령도,2022-10-10 20:00,10.2,0,9.1,320,67,4923
102,백령도,2022-10-10 21:00,10.5,0,9.7,340,70,4603
102,백령도,2022-10-10 22:00,10.7,,9.6,340,72,4464
102,백령도,2022-10-10 23:00,10.5,,11.3,340,69,3863
102,백령도,2022-10-11 00:00,10.7,,11.2,340,70,3713
102,백령도,2022-10-11 01:00,10.7,,9.3,340,70,3548
102,백령도,2022-10-11 02:00,11.1,,9.9,340,70,3497
102,백령도,2022-10-11 03:00,11.8,,10.7,340,68,3935
102,백령도,2022-10-11 04:00,12.1,,9.5,340,69,4033
102,백령도,2022-10-11 05:00,12.1,,9.5,340,70,4401
102,백령도,2022-10-11 06:00,12.1,,9.3,340,65,4314
102,백령도,2022-10-11 07:00,12.4,,8.6,340,63,4383
102,백령도,2022-10-11 08:00,12.4,,6.5,340,58,4543
102,백령도,2022-10-11 09:00,12.9,,6.9,340,52,4670
102,백령도,2022-10-11 10:00,13.5,,6.7,340,48,4767
102,백령도,2022-10-11 11:00,13.7,,8.2,340,44,4924
102,백령도,2022-10-11 12:00,14.1,,8.2,340,44,4957
102,백령도,2022-10-11 13:00,14.4,,8.5,340,38,4995
102,백령도,2022-10-11 14:00,14.5,,7.9,340,38,5000
102,백령도,2022-10-11 15:00,14.6,,6.5,340,41,4969
102,백령도,2022-10-11 16:00,14.4,,6.1,340,40,5000
102,백령도,2022-10-11 17:00,14,,5.9,340,42,5000
102,백령도,2022-10-11 18:00,13.1,,4.8,320,46,4996
102,백령도,2022-10-11 19:00,13,,4.3,320,47,5000
102,백령도,2022-10-11 20:00,13,,4,320,46,5000
102,백령도,2022-10-11 21:00,12.8,,3.5,320,45,5000
102,백령도,2022-10-11 22:00,12.7,,3.9,320,52,5000
102,백령도,2022-10-11 23:00,12.6,,2.4,320,52,5000
102,백령도,2022-10-12 00:00,12.4,,2.1,340,53,5000
102,백령도,2022-10-12 01:00,12.4,,2.6,340,52,5000
102,백령도,2022-10-12 02:00,13.2,,2.7,340,50,5000
102,백령도,2022-10-12 03:00,13.2,,3.7,320,64,4985
102,백령도,2022-10-12 04:00,13.1,,2.9,320,64,4999
102,백령도,2022-10-12 05:00,13,,2.4,320,66,4996
102,백령도,2022-10-12 06:00,12.1,,.8,90,79,4863
102,백령도,2022-10-12 07:00,11.9,,1.6,90,83,4837
102,백령도,2022-10-12 08:00,13.4,,1.3,90,80,4694
102,백령도,2022-10-12 09:00,14.1,,1.7,90,73,4888
102,백령도,2022-10-12 10:00,15.2,,1.9,90,65,4944
102,백령도,2022-10-12 11:00,16.2,,2.1,360,60,4727
102,백령도,2022-10-12 12:00,16.7,,2.6,360,59,4887
102,백령도,2022-10-12 13:00,16.6,,2.5,360,58,4986
102,백령도,2022-10-12 14:00,16.7,,3.6,320,60,4699
102,백령도,2022-10-12 15:00,16.9,,2.6,360,60,4934
102,백령도,2022-10-12 16:00,16.1,,3.6,320,62,4984
102,백령도,2022-10-12 17:00,15.8,,2.6,290,65,4920
102,백령도,2022-10-12 18:00,14.1,,2.1,290,74,4813
102,백령도,2022-10-12 19:00,12.7,,1.8,290,83,3995
102,백령도,2022-10-12 20:00,13.2,,0,0,82,4199
102,백령도,2022-10-12 21:00,12,,1.1,360,85,2879
102,백령도,2022-10-12 22:00,12.3,,.5,340,87,4832
102,백령도,2022-10-12 23:00,12.7,,1.4,50,93,3348
102,백령도,2022-10-13 00:00,12.6,,1.2,70,94,2290
102,백령도,2022-10-13 01:00,12.5,,1.7,70,95,1620
102,백령도,2022-10-13 02:00,11.8,,1.7,110,95,1542
102,백령도,2022-10-13 03:00,12.3,,.8,90,97,1284
102,백령도,2022-10-13 04:00,12.2,,.9,90,97,1371
102,백령도,2022-10-13 05:00,12.4,,.8,90,95,1991
102,백령도,2022-10-13 06:00,12.3,,1.4,90,97,1450
102,백령도,2022-10-13 07:00,11.8,,1.5,90,93,2011
102,백령도,2022-10-13 08:00,13.1,,1.3,50,93,2001
102,백령도,2022-10-13 09:00,14.5,,1.9,90,87,2885
102,백령도,2022-10-13 10:00,15.4,,1.4,90,73,3206
102,백령도,2022-10-13 11:00,16,,2.2,70,68,3183
102,백령도,2022-10-13 12:00,17,,1.7,90,54,2356
102,백령도,2022-10-13 13:00,17.7,,2.1,90,53,2294
102,백령도,2022-10-13 14:00,18.3,,2.2,90,48,1687
102,백령도,2022-10-13 15:00,17.3,,2.8,320,59,2625
102,백령도,2022-10-13 16:00,16.5,,2.6,320,66,2512
102,백령도,2022-10-13 17:00,15.8,,3.1,290,73,3146
102,백령도,2022-10-13 18:00,14.1,,2.3,290,82,2658
102,백령도,2022-10-13 19:00,14,,2.7,320,84,2358
102,백령도,2022-10-13 20:00,13.8,,2.6,320,85,1801
102,백령도,2022-10-13 21:00,13.8,,1.9,340,85,1862
102,백령도,2022-10-13 22:00,13.6,,1.4,320,87,2121
102,백령도,2022-10-13 23:00,12.9,,.8,360,91,1757
102,백령도,2022-10-14 00:00,13.3,,1.6,50,86,1948
102,백령도,2022-10-14 01:00,13.1,,.2,0,89,1558
102,백령도,2022-10-14 02:00,13.5,,.2,0,87,1660
102,백령도,2022-10-14 03:00,13.2,,1.6,90,90,1440
102,백령도,2022-10-14 04:00,13.1,,.5,230,95,645
102,백령도,2022-10-14 05:00,12.9,,.7,200,94,713
102,백령도,2022-10-14 06:00,12.4,,1.5,140,94,537
102,백령도,2022-10-14 07:00,12.1,,2.2,180,95,505
102,백령도,2022-10-14 08:00,13.8,,1.1,50,92,1143
102,백령도,2022-10-14 09:00,15.3,,.9,90,84,1594
102,백령도,2022-10-14 10:00,15.5,,.9,340,80,1846
102,백령도,2022-10-14 11:00,16.3,,2.9,320,74,2204
102,백령도,2022-10-14 12:00,16.6,,2.8,340,70,2657
102,백령도,2022-10-14 13:00,17.6,,2.8,360,65,2831
102,백령도,2022-10-14 14:00,17.4,,3.1,340,68,3025
102,백령도,2022-10-14 15:00,17.6,,2.4,340,66,2986
102,백령도,2022-10-14 16:00,16.7,,2.1,320,71,3044
102,백령도,2022-10-14 17:00,16.1,,1.5,290,74,2927
102,백령도,2022-10-14 18:00,15.2,,1.7,320,80,2491
102,백령도,2022-10-14 19:00,14.5,,1.7,320,78,2782
102,백령도,2022-10-14 20:00,14.8,,2.6,340,76,2007
102,백령도,2022-10-14 21:00,15,,3.1,320,74,1766
102,백령도,2022-10-14 22:00,14.7,,3.1,340,79,1384
102,백령도,2022-10-14 23:00,14.8,,4,360,80,1162
102,백령도,2022-10-15 00:00,14.6,,2.3,50,79,1156
102,백령도,2022-10-15 01:00,14.2,,1.9,20,78,1349
102,백령도,2022-10-15 02:00,14.3,,2.4,20,82,1189
102,백령도,2022-10-15 03:00,13.9,,2.1,20,83,1149
102,백령도,2022-10-15 04:00,13.9,,1.6,20,86,1050
102,백령도,2022-10-15 05:00,13.7,,1.7,50,87,975
102,백령도,2022-10-15 06:00,13.9,,2.3,20,87,1032
102,백령도,2022-10-15 07:00,13.6,,1.8,20,88,1100
102,백령도,2022-10-15 08:00,14.4,,1.9,360,88,912
102,백령도,2022-10-15 09:00,16,,1.5,360,80,1102
102,백령도,2022-10-15 10:00,16.1,,2.5,340,81,1117
102,백령도,2022-10-15 11:00,16.8,,3.3,340,76,1217
102,백령도,2022-10-15 12:00,17,,4.1,340,74,1302
102,백령도,2022-10-15 13:00,17.4,,4.2,340,73,1405
102,백령도,2022-10-15 14:00,17.7,,4.9,340,71,1385
102,백령도,2022-10-15 15:00,17.2,,3.2,340,73,1315
102,백령도,2022-10-15 16:00,17,,4.1,340,77,1075
102,백령도,2022-10-15 17:00,16,,4.7,340,85,762
102,백령도,2022-10-15 18:00,15.5,,3.3,340,88,624
102,백령도,2022-10-15 19:00,15.4,,5.1,340,88,733
102,백령도,2022-10-15 20:00,14.9,,2.6,320,89,737
102,백령도,2022-10-15 21:00,14.4,,2.1,320,91,684
102,백령도,2022-10-15 22:00,14.8,,4.3,340,90,576
102,백령도,2022-10-15 23:00,14.4,,.3,0,93,442
102,백령도,2022-10-16 00:00,14,,.9,340,91,576
102,백령도,2022-10-16 01:00,14.1,,.9,50,91,442
102,백령도,2022-10-16 02:00,13.5,,1,340,92,423
102,백령도,2022-10-16 03:00,13.8,,1.2,50,88,535
102,백령도,2022-10-16 04:00,13.4,,1.3,320,93,421
102,백령도,2022-10-16 05:00,14.4,,.7,340,91,422
102,백령도,2022-10-16 06:00,14.8,,1.6,340,94,238
102,백령도,2022-10-16 07:00,15.1,,2.8,340,93,267
102,백령도,2022-10-16 08:00,15.4,,2.9,360,93,273
102,백령도,2022-10-16 09:00,16,,3,360,88,349
102,백령도,2022-10-16 10:00,16.6,0,.5,70,83,402
102,백령도,2022-10-16 11:00,17.3,,3.6,360,83,407
102,백령도,2022-10-16 12:00,18,,3.5,340,79,382
102,백령도,2022-10-16 13:00,17,,4.3,290,89,356
102,백령도,2022-10-16 14:00,16.7,,5.5,320,86,447
102,백령도,2022-10-16 15:00,16.1,,5.8,340,84,490
102,백령도,2022-10-16 16:00,15.6,,8.2,340,82,478
102,백령도,2022-10-16 17:00,15.5,,8.1,340,76,724
102,백령도,2022-10-16 18:00,15.7,,8.4,340,72,849
102,백령도,2022-10-16 19:00,15.8,,8.6,340,68,1818
102,백령도,2022-10-16 20:00,16,,10,340,57,2588
102,백령도,2022-10-16 21:00,15.9,,10.9,340,47,4750
102,백령도,2022-10-16 22:00,15,,14.2,340,45,3983
102,백령도,2022-10-16 23:00,14.2,,13.9,340,46,4050
102,백령도,2022-10-17 00:00,13.6,,15,340,42,4195
102,백령도,2022-10-17 01:00,12.8,,14.9,340,32,4329
102,백령도,2022-10-17 02:00,12.5,,12.4,340,35,4432
102,백령도,2022-10-17 03:00,12.3,,13.1,340,38,4719
102,백령도,2022-10-17 04:00,12.1,,13,360,33,4680
102,백령도,2022-10-17 05:00,11.9,,11.7,340,31,4777
102,백령도,2022-10-17 06:00,11.8,,10.9,340,33,4903
102,백령도,2022-10-17 07:00,11.7,,9.8,360,35,4989
102,백령도,2022-10-17 08:00,11.9,,11.5,340,29,5000
102,백령도,2022-10-17 09:00,11.9,,10.7,340,32,4951
102,백령도,2022-10-17 10:00,12,,10.3,340,35,4961
102,백령도,2022-10-17 11:00,12,,11.1,340,32,4942
102,백령도,2022-10-17 12:00,12,,11.5,340,37,4991
102,백령도,2022-10-17 13:00,12.1,,9.4,340,39,4941
102,백령도,2022-10-17 14:00,12.5,,7.7,320,35,4924
102,백령도,2022-10-17 15:00,12.3,,9.8,320,35,4984
102,백령도,2022-10-17 16:00,11.6,,8.3,320,38,4983
102,백령도,2022-10-17 17:00,11.6,,7.7,340,39,4941
102,백령도,2022-10-17 18:00,11.4,,8.4,340,41,4991
102,백령도,2022-10-17 19:00,11.5,,6.3,320,41,4978
102,백령도,2022-10-17 20:00,12.1,,10.1,340,44,4846
102,백령도,2022-10-17 21:00,12.3,,10.8,340,39,4928
102,백령도,2022-10-17 22:00,12.3,,10.6,340,43,4694
102,백령도,2022-10-17 23:00,11.8,,10.4,360,41,4622
102,백령도,2022-10-18 00:00,11.6,,10.1,360,38,4617
102,백령도,2022-10-18 01:00,11.4,,9.1,340,39,4830
102,백령도,2022-10-18 02:00,11.5,,8.1,340,42,4969
102,백령도,2022-10-18 03:00,11.2,,8.7,340,41,4884
102,백령도,2022-10-18 04:00,11.3,,11.1,340,38,4789
102,백령도,2022-10-18 05:00,11.2,,8.9,340,38,4911
102,백령도,2022-10-18 06:00,11.1,,10.1,340,35,4993
102,백령도,2022-10-18 07:00,11,,9.2,360,34,4966
102,백령도,2022-10-18 08:00,11.2,,7.6,360,39,4984
102,백령도,2022-10-18 09:00,11.7,,7.5,340,34,4905
102,백령도,2022-10-18 10:00,12.2,,7.4,340,36,5000
102,백령도,2022-10-18 11:00,12.6,,6.6,360,34,4999
102,백령도,2022-10-18 12:00,12.9,,6.2,340,33,4972
102,백령도,2022-10-18 13:00,12.9,,6.3,340,29,5000
102,백령도,2022-10-18 14:00,12.8,,6.8,340,32,5000
102,백령도,2022-10-18 15:00,13.1,,6.1,340,31,5000
102,백령도,2022-10-18 16:00,12.8,,5.1,340,32,5000
102,백령도,2022-10-18 17:00,12.1,,4.5,320,35,5000
102,백령도,2022-10-18 18:00,11.2,,4.2,320,39,5000
102,백령도,2022-10-18 19:00,11.3,,4.8,320,41,5000
102,백령도,2022-10-18 20:00,11.4,,4.6,320,38,4999
102,백령도,2022-10-18 21:00,11.5,,4.5,320,38,5000
102,백령도,2022-10-18 22:00,11.4,,4.5,320,40,5000
102,백령도,2022-10-18 23:00,11.6,,4,320,44,4988
102,백령도,2022-10-19 00:00,11.8,,4.5,320,45,4975
102,백령도,2022-10-19 01:00,12,,5.6,320,48,4964
102,백령도,2022-10-19 02:00,12.2,,4.7,320,48,4962
102,백령도,2022-10-19 03:00,12.1,,2.4,320,53,4929
102,백령도,2022-10-19 04:00,12.3,,3.7,290,54,4978
102,백령도,2022-10-19 05:00,12.7,,4.8,320,48,4978
102,백령도,2022-10-19 06:00,12.5,,4.8,320,44,4997
102,백령도,2022-10-19 07:00,12.6,,4.7,340,38,4962
102,백령도,2022-10-19 08:00,13.2,,4,340,40,4978
102,백령도,2022-10-19 09:00,14.1,,4.3,340,37,4833
102,백령도,2022-10-19 10:00,14.8,,3.8,340,37,4912
102,백령도,2022-10-19 11:00,15.6,,3.3,360,39,4989
102,백령도,2022-10-19 12:00,15.6,,2.6,290,40,4950
102,백령도,2022-10-19 13:00,15.7,,2.9,340,42,4779
102,백령도,2022-10-19 14:00,15.7,,2.8,320,44,4757
102,백령도,2022-10-19 15:00,16.3,,3.4,320,48,4750
102,백령도,2022-10-19 16:00,16.2,,2.6,290,48,3914
102,백령도,2022-10-19 17:00,15.4,,2.5,250,52,4702
102,백령도,2022-10-19 18:00,13.2,,2,200,65,5000
102,백령도,2022-10-19 19:00,12.6,,3,200,72,5000
102,백령도,2022-10-19 20:00,12.7,,2.6,230,75,4500
102,백령도,2022-10-19 21:00,12.4,,2.4,250,63,4292
102,백령도,2022-10-19 22:00,12.3,,2.3,230,59,4965
102,백령도,2022-10-19 23:00,12.1,,1.2,290,60,4984
102,백령도,2022-10-20 00:00,11.1,,1.8,200,61,5000
102,백령도,2022-10-20 01:00,12,,2.4,230,58,4976
102,백령도,2022-10-20 02:00,11.9,,.6,230,62,4994
102,백령도,2022-10-20 03:00,11,,1.2,180,72,4826
102,백령도,2022-10-20 04:00,11.9,,.5,140,75,4385
102,백령도,2022-10-20 05:00,12.3,,1.2,160,75,3911
102,백령도,2022-10-20 06:00,11.9,,1.5,180,78,2565
102,백령도,2022-10-20 07:00,12,,.7,140,77,2673
102,백령도,2022-10-20 08:00,13.1,,1.2,90,75,2536
102,백령도,2022-10-20 09:00,13.8,,3.1,90,83,2566
102,백령도,2022-10-20 10:00,15.1,,2.8,90,80,2709
102,백령도,2022-10-20 11:00,17,,3.2,160,51,2972
102,백령도,2022-10-20 12:00,17.4,,3.4,200,44,3867
102,백령도,2022-10-20 13:00,17.4,,4.3,180,43,4066
102,백령도,2022-10-20 14:00,17,,3.6,200,42,4153
102,백령도,2022-10-20 15:00,16.3,,3.6,200,48,3154
102,백령도,2022-10-20 16:00,16.3,,3.1,200,51,3117
102,백령도,2022-10-20 17:00,15.2,,2.4,200,57,3395
102,백령도,2022-10-20 18:00,14,,2.6,230,64,3316
102,백령도,2022-10-20 19:00,13.5,,1.7,180,69,2129
102,백령도,2022-10-20 20:00,13.5,,1.9,200,69,3605
102,백령도,2022-10-20 21:00,12.7,,1.7,180,71,3573
102,백령도,2022-10-20 22:00,12.3,,1.5,180,73,4123
102,백령도,2022-10-20 23:00,11.8,,1.4,180,75,4326
102,백령도,2022-10-21 00:00,11.9,,2,180,77,4215
102,백령도,2022-10-21 01:00,11.9,,2,200,82,3740
102,백령도,2022-10-21 02:00,12.2,,2,180,84,3471
102,백령도,2022-10-21 03:00,12.2,,.9,160,85,3848
102,백령도,2022-10-21 04:00,12.1,,1,180,85,4308
102,백령도,2022-10-21 05:00,12,,1.3,160,84,3341
102,백령도,2022-10-21 06:00,12.3,,1.1,180,82,4610
102,백령도,2022-10-21 07:00,11.6,,1.6,180,85,4385
102,백령도,2022-10-21 08:00,13,,1.1,160,80,3545
102,백령도,2022-10-21 09:00,14.5,,3.1,180,72,4997
102,백령도,2022-10-21 10:00,15.7,,3.9,160,65,4999
102,백령도,2022-10-21 11:00,14.7,,3.2,160,77,4999
102,백령도,2022-10-21 12:00,15.2,,4.3,160,72,4921
102,백령도,2022-10-21 13:00,15.4,,4.7,160,70,4988
102,백령도,2022-10-21 14:00,15.8,,4.6,160,66,4995
102,백령도,2022-10-21 15:00,14.9,,3.6,160,72,4974
102,백령도,2022-10-21 16:00,15.3,,3.6,180,70,5000
102,백령도,2022-10-21 17:00,14.4,,4.2,180,78,4546
102,백령도,2022-10-21 18:00,13.5,,4.2,160,85,2481
102,백령도,2022-10-21 19:00,13.3,,3.3,180,86,2372
102,백령도,2022-10-21 20:00,12.6,,2.9,180,90,1388
102,백령도,2022-10-21 21:00,13.1,,3.5,180,91,1520
102,백령도,2022-10-21 22:00,13.1,,3.5,180,92,1315
102,백령도,2022-10-21 23:00,13.1,,3.1,180,92,1116
102,백령도,2022-10-22 00:00,12.8,,2.6,180,94,617
102,백령도,2022-10-22 01:00,13,,3.3,180,93,718
102,백령도,2022-10-22 02:00,13.1,,3.2,180,93,586
102,백령도,2022-10-22 03:00,13,,2.6,180,94,356
102,백령도,2022-10-22 04:00,12.9,,2.9,160,95,225
102,백령도,2022-10-22 05:00,12.8,,3,180,95,232
102,백령도,2022-10-22 06:00,12.9,,3.2,180,95,179
102,백령도,2022-10-22 07:00,13.6,,2.6,160,95,577
102,백령도,2022-10-22 08:00,14,,1.4,140,94,801
102,백령도,2022-10-22 09:00,14.4,,2.7,110,92,1464
102,백령도,2022-10-22 10:00,14.9,,3.2,110,90,1916
102,백령도,2022-10-22 11:00,15.2,,3.3,140,88,1868
102,백령도,2022-10-22 12:00,16.1,,2.8,140,84,2297
102,백령도,2022-10-22 13:00,16.7,,2.8,180,82,2927
102,백령도,2022-10-22 14:00,17.1,,2.8,180,81,3043
102,백령도,2022-10-22 15:00,15.8,,2.4,360,90,2026
102,백령도,2022-10-22 16:00,16,,1.3,140,88,1754
102,백령도,2022-10-22 17:00,16.3,,1.5,290,86,1804
102,백령도,2022-10-22 18:00,15.9,,3.3,290,90,930
102,백령도,2022-10-22 19:00,15.5,,3.8,320,93,386
102,백령도,2022-10-22 20:00,14.8,,3.6,320,91,581
102,백령도,2022-10-22 21:00,14.9,,4,320,75,2188
102,백령도,2022-10-22 22:00,15.2,,10.3,340,61,3709
102,백령도,2022-10-22 23:00,14.7,,9.7,340,53,4536
102,백령도,2022-10-23 00:00,14,,9,340,54,3743
102,백령도,2022-10-23 01:00,13.8,,9.5,340,52,3752
102,백령도,2022-10-23 02:00,13.5,,9.1,340,54,3748
102,백령도,2022-10-23 03:00,13.2,,8.6,360,55,3975
102,백령도,2022-10-23 04:00,12.9,,8.4,360,53,4320
102,백령도,2022-10-23 05:00,12.6,,8,360,53,4538
102,백령도,2022-10-23 06:00,12.3,,6.9,360,50,4519
102,백령도,2022-10-23 07:00,12,,6,360,51,4567
102,백령도,2022-10-23 08:00,12.2,,7.2,360,50,4907
102,백령도,2022-10-23 09:00,12.8,,4.7,360,47,4854
102,백령도,2022-10-23 10:00,13.5,,6.4,340,45,4914
102,백령도,2022-10-23 11:00,14.2,,7.7,340,39,4999
102,백령도,2022-10-23 12:00,14.7,,8,340,36,4962
102,백령도,2022-10-23 13:00,15.2,,6.4,340,36,4992
102,백령도,2022-10-23 14:00,14.9,,6.4,340,38,4999
102,백령도,2022-10-23 15:00,14.9,,5.5,340,35,5000
102,백령도,2022-10-23 16:00,14.7,,4.7,320,38,5000
102,백령도,2022-10-23 17:00,14,,4.1,320,47,5000
102,백령도,2022-10-23 18:00,12.9,,3.5,290,55,5000
102,백령도,2022-10-23 19:00,12.2,,2.2,270,63,5000
102,백령도,2022-10-23 20:00,12.8,,2.3,320,68,4988
102,백령도,2022-10-23 21:00,9.6,2.2,3.6,360,87,378
102,백령도,2022-10-23 22:00,9,1,1.6,270,92,3162
102,백령도,2022-10-23 23:00,12.2,,9.7,340,52,4849
102,백령도,2022-10-24 00:00,12,,9.3,340,49,4369
102,백령도,2022-10-24 01:00,11.6,,10.5,340,37,4936
102,백령도,2022-10-24 02:00,11.1,,9.3,360,38,5000
102,백령도,2022-10-24 03:00,11.1,,9.4,360,37,5000
102,백령도,2022-10-24 04:00,11,,7.3,360,42,5000
102,백령도,2022-10-24 05:00,10.9,,6,360,38,5000
102,백령도,2022-10-24 06:00,10.5,,5.3,360,42,5000
102,백령도,2022-10-24 07:00,10.6,,7.7,360,41,5000
102,백령도,2022-10-24 08:00,11,,9.3,340,37,5000
102,백령도,2022-10-24 09:00,11.5,,7.9,360,31,4998
102,백령도,2022-10-24 10:00,11.7,,10.1,360,28,4990
102,백령도,2022-10-24 11:00,12.2,,9.3,360,30,4986
102,백령도,2022-10-24 12:00,12.2,,9,360,32,4987
102,백령도,2022-10-24 13:00,12.5,,8.8,340,33,5000
102,백령도,2022-10-24 14:00,12.4,,8.7,340,32,4999
102,백령도,2022-10-24 15:00,12.4,,8.6,360,35,5000
102,백령도,2022-10-24 16:00,12.3,,7.9,340,34,5000
102,백령도,2022-10-24 17:00,11.9,,7.2,360,33,4995
102,백령도,2022-10-24 18:00,11.4,,5.7,340,41,5000
102,백령도,2022-10-24 19:00,11.6,,5.5,340,44,5000
102,백령도,2022-10-24 20:00,11.8,,6,340,41,5000
102,백령도,2022-10-24 21:00,12.1,,6.6,340,39,5000
102,백령도,2022-10-24 22:00,11.4,,2,20,44,5000
102,백령도,2022-10-24 23:00,11.2,,2.1,20,40,5000
102,백령도,2022-10-25 00:00,10.7,,2.4,50,40,5000
102,백령도,2022-10-25 01:00,10.8,,2.7,70,34,5000
102,백령도,2022-10-25 02:00,10.5,,2.4,50,31,5000
102,백령도,2022-10-25 03:00,10.1,,1.6,70,31,5000
102,백령도,2022-10-25 04:00,9.4,,2.4,90,35,5000
102,백령도,2022-10-25 05:00,9.5,,1.3,110,39,5000
102,백령도,2022-10-25 06:00,9.1,,1.7,110,46,4991
102,백령도,2022-10-25 07:00,8.9,,2.3,110,48,4992
102,백령도,2022-10-25 08:00,9.7,,1.7,110,53,4863
102,백령도,2022-10-25 09:00,11.3,,3.3,110,43,4916
102,백령도,2022-10-25 10:00,12,,3.3,110,49,4492
102,백령도,2022-10-25 11:00,12.7,,4,110,55,4756
102,백령도,2022-10-25 12:00,13.6,,3.5,160,54,4947
102,백령도,2022-10-25 13:00,13.6,,4,160,52,4940
102,백령도,2022-10-25 14:00,13.3,,4.7,180,54,4899
102,백령도,2022-10-25 15:00,13.5,,2.9,180,50,5000
102,백령도,2022-10-25 16:00,13.2,,2.7,180,49,4986
102,백령도,2022-10-25 17:00,12.6,,2.9,180,53,4932
102,백령도,2022-10-25 18:00,10.8,,1.9,160,63,4964
102,백령도,2022-10-25 19:00,10.7,,2.7,160,62,5000
102,백령도,2022-10-25 20:00,9.7,,1.8,180,70,4658
102,백령도,2022-10-25 21:00,9.8,,1.6,180,69,5000
102,백령도,2022-10-25 22:00,9.8,,1.9,140,63,5000
102,백령도,2022-10-25 23:00,9.9,,2.4,140,64,5000
102,백령도,2022-10-26 00:00,10.1,,2.7,140,68,5000
102,백령도,2022-10-26 01:00,10.8,,2.2,140,62,5000
102,백령도,2022-10-26 02:00,10.5,,2,140,69,5000
102,백령도,2022-10-26 03:00,10.4,,2.5,140,77,4615
102,백령도,2022-10-26 04:00,11,,2.2,140,71,4723
102,백령도,2022-10-26 05:00,10.6,,2.1,110,74,4741
102,백령도,2022-10-26 06:00,10.5,,3.1,110,63,4991
102,백령도,2022-10-26 07:00,10.4,,3.6,110,76,3243
102,백령도,2022-10-26 08:00,11.2,,3.3,110,78,3004
102,백령도,2022-10-26 09:00,12.6,,4.5,140,76,3011
102,백령도,2022-10-26 10:00,12.8,,3.9,140,74,2907
102,백령도,2022-10-26 11:00,13.8,,5.3,140,71,2886
102,백령도,2022-10-26 12:00,15,,3.1,160,67,2911
102,백령도,2022-10-26 13:00,14.4,,3.4,160,67,3564
102,백령도,2022-10-26 14:00,14.1,,3.5,140,72,3488
102,백령도,2022-10-26 15:00,14.8,,2.4,140,71,2157
102,백령도,2022-10-26 16:00,14,,2.5,140,73,2552
102,백령도,2022-10-26 17:00,13.3,,2,140,77,2418
102,백령도,2022-10-26 18:00,12.3,,.7,160,81,1855
102,백령도,2022-10-26 19:00,12,,.9,160,86,1642
102,백령도,2022-10-26 20:00,11.4,,1,160,90,1450
102,백령도,2022-10-26 21:00,11.5,,1.3,180,90,1344
102,백령도,2022-10-26 22:00,11.7,,.4,0,87,1954
102,백령도,2022-10-26 23:00,11.7,,.3,0,85,2064
102,백령도,2022-10-27 00:00,10.5,,.8,160,89,1150
102,백령도,2022-10-27 01:00,11.5,,.4,0,83,3305
102,백령도,2022-10-27 02:00,12,,1,360,86,3292
102,백령도,2022-10-27 03:00,11.3,,.5,320,90,2107
102,백령도,2022-10-27 04:00,11.2,,.9,270,91,1671
102,백령도,2022-10-27 05:00,11.1,,1.5,270,92,1610
102,백령도,2022-10-27 06:00,11.5,,.9,290,93,1170
102,백령도,2022-10-27 07:00,12,,.3,0,89.8,2240
102,백령도,2022-10-27 08:00,12.8,,2.7,320,89.9,2480
102,백령도,2022-10-27 09:00,13.9,,4.4,320,86,2620
102,백령도,2022-10-27 10:00,14.5,,5.5,320,84,3125
102,백령도,2022-10-27 11:00,14.7,,8.5,340,73,2702
102,백령도,2022-10-27 12:00,15,,6.7,340,69,3149
102,백령도,2022-10-27 13:00,15.6,,4.6,320,66,3494
102,백령도,2022-10-27 14:00,14.9,,6.6,360,72,1972
102,백령도,2022-10-27 15:00,14.8,,6.7,340,63,3850
102,백령도,2022-10-27 16:00,13.7,,7.6,340,57,4443
102,백령도,2022-10-27 17:00,13.2,,8,340,52,4954
102,백령도,2022-10-27 18:00,12.7,,7.2,340,53,4966
102,백령도,2022-10-27 19:00,12.9,,7.5,340,52,4966
102,백령도,2022-10-27 20:00,13.3,,5.9,340,47,4992
102,백령도,2022-10-27 21:00,13.3,,5.2,340,52,4999
102,백령도,2022-10-27 22:00,13.1,,7.4,340,44,5000
102,백령도,2022-10-27 23:00,13,,6.1,340,58,4986
102,백령도,2022-10-28 00:00,12.7,,4.7,340,57,4970
102,백령도,2022-10-28 01:00,11.7,,2.6,360,63,4975
102,백령도,2022-10-28 02:00,11.5,,3.4,360,66,4741
102,백령도,2022-10-28 03:00,11.6,,2.4,360,67,4866
102,백령도,2022-10-28 04:00,11,,2.2,50,71,4791
102,백령도,2022-10-28 05:00,10.5,,2,20,72,4746
102,백령도,2022-10-28 06:00,10.4,,2.1,360,69,4943
102,백령도,2022-10-28 07:00,10.4,,2.1,20,71,4971
102,백령도,2022-10-28 08:00,10.9,,1.7,360,69,4910
102,백령도,2022-10-28 09:00,12.4,,3,340,68,4730
102,백령도,2022-10-28 10:00,13.6,,2.8,340,56,4779
102,백령도,2022-10-28 11:00,14.3,,3.3,340,54,4434
102,백령도,2022-10-28 12:00,14.9,,3.5,360,49,4473
102,백령도,2022-10-28 13:00,14.7,,4.2,320,57,4321
102,백령도,2022-10-28 14:00,14.8,,4,320,58,3354
102,백령도,2022-10-28 15:00,14.3,,4.8,340,59,3098
102,백령도,2022-10-28 16:00,14,,5.1,340,62,3993
102,백령도,2022-10-28 17:00,13.4,,3.6,320,64,4880
102,백령도,2022-10-28 18:00,12.5,,3.9,340,67,4857
102,백령도,2022-10-28 19:00,12.6,,5.3,340,66,4934
102,백령도,2022-10-28 20:00,12.6,,4.9,340,69,4885
102,백령도,2022-10-28 21:00,12.5,,4.7,340,71,4755
102,백령도,2022-10-28 22:00,12,,3,340,75,4690
102,백령도,2022-10-28 23:00,11.9,,2.9,360,76,4503
102,백령도,2022-10-29 00:00,11.7,,1.9,360,79,4189
102,백령도,2022-10-29 01:00,11.3,,1.7,360,77,4240
102,백령도,2022-10-29 02:00,11.9,,1.8,20,68,4479
102,백령도,2022-10-29 03:00,11.9,,2.1,20,68,4425
102,백령도,2022-10-29 04:00,11.1,,.6,360,72,4229
102,백령도,2022-10-29 05:00,11.3,,1.8,70,73,3670
102,백령도,2022-10-29 06:00,10.5,,1.6,70,83,2890
102,백령도,2022-10-29 07:00,10.7,,.6,70,88,2061
102,백령도,2022-10-29 08:00,11.1,,.6,50,89,1937
102,백령도,2022-10-29 09:00,13.4,,1.9,110,70,2859
102,백령도,2022-10-29 10:00,14.1,,2.2,90,67,2865
102,백령도,2022-10-29 11:00,14.7,,2.3,90,60,2387
102,백령도,2022-10-29 12:00,15.3,,1.7,70,59,1609
102,백령도,2022-10-29 13:00,16.4,,1.4,90,55,1677
102,백령도,2022-10-29 14:00,15.7,,3,340,59,2014
102,백령도,2022-10-29 15:00,15.3,,2.6,290,55,2038
102,백령도,2022-10-29 16:00,14.6,,2.8,290,63,3216
102,백령도,2022-10-29 17:00,14,,3.3,320,76,2944
102,백령도,2022-10-29 18:00,13.7,,3,320,75,2896
102,백령도,2022-10-29 19:00,13.8,,3.9,320,75,2605
102,백령도,2022-10-29 20:00,13.6,,3.8,340,76,2586
102,백령도,2022-10-29 21:00,12.8,,2.3,320,77,2296
102,백령도,2022-10-29 22:00,12.8,,2.5,360,80,2346
102,백령도,2022-10-29 23:00,12.8,,2,20,79,2437
102,백령도,2022-10-30 00:00,12.5,,2,20,79,2614
102,백령도,2022-10-30 01:00,13.2,,1.8,20,65,2977
102,백령도,2022-10-30 02:00,11.6,,.2,0,76,2729
102,백령도,2022-10-30 03:00,11.6,,0,0,78,2711
102,백령도,2022-10-30 04:00,12.2,,1.2,90,72,2827
102,백령도,2022-10-30 05:00,11.4,,1.9,90,83,2183
102,백령도,2022-10-30 06:00,11.3,,1.4,110,88,1489
102,백령도,2022-10-30 07:00,11.3,,1.8,110,91,1128
102,백령도,2022-10-30 08:00,11.9,,2.2,90,88,1235
102,백령도,2022-10-30 09:00,13.3,,2.8,110,78,1782
102,백령도,2022-10-30 10:00,14.4,,2.4,90,72,1939
102,백령도,2022-10-30 11:00,15.1,,2.5,110,59,2637
102,백령도,2022-10-30 12:00,15.2,,4.2,140,60,1912
102,백령도,2022-10-30 13:00,16.1,,3.5,140,62,1384
102,백령도,2022-10-30 14:00,15.7,,4.7,160,68,1229
102,백령도,2022-10-30 15:00,14.4,,3.8,180,76,997
102,백령도,2022-10-30 16:00,15.2,,3.4,160,72,934
102,백령도,2022-10-30 17:00,14,,3.5,160,81,693
102,백령도,2022-10-30 18:00,13.6,,3.7,160,85,565
102,백령도,2022-10-30 19:00,13.3,,2.8,160,89,436
102,백령도,2022-10-30 20:00,12.9,,3.1,160,91,459
102,백령도,2022-10-30 21:00,12.9,,2,160,89,493
102,백령도,2022-10-30 22:00,12.2,,0,0,92,378
102,백령도,2022-10-30 23:00,11.6,,.8,180,93,261
102,백령도,2022-10-31 00:00,11.5,,1.4,140,93,359
102,백령도,2022-10-31 01:00,11.9,,.6,110,93,448
102,백령도,2022-10-31 02:00,11.7,,.4,0,95,320
102,백령도,2022-10-31 03:00,11.6,,1.8,140,95,353
102,백령도,2022-10-31 04:00,11.9,,2.3,140,95,406
102,백령도,2022-10-31 05:00,12.1,,2.1,140,94,417
102,백령도,2022-10-31 06:00,12.5,,2.6,140,94,453
102,백령도,2022-10-31 07:00,12.6,,2.2,140,94,389
102,백령도,2022-10-31 08:00,12.8,,1.6,140,93,404
102,백령도,2022-10-31 09:00,13.2,,2.2,160,93,470
102,백령도,2022-10-31 10:00,14.2,,3.6,160,88,963
102,백령도,2022-10-31 11:00,14.5,,3,160,83,1112
102,백령도,2022-10-31 12:00,14.6,,2.7,160,84,1058
102,백령도,2022-10-31 13:00,15,,3.4,160,80,1304
102,백령도,2022-10-31 14:00,16.2,,4.1,180,72,1764
102,백령도,2022-10-31 15:00,16.4,,3.7,180,65,2211
102,백령도,2022-10-31 16:00,15.3,,3.3,180,73,1786
102,백령도,2022-10-31 17:00,14.5,,2.5,180,79,1519
102,백령도,2022-10-31 18:00,13.3,,2.2,180,86,856
102,백령도,2022-10-31 19:00,13,,1.8,180,88,791
102,백령도,2022-10-31 20:00,12,,.2,0,91,1020
102,백령도,2022-10-31 21:00,13.2,,1.5,200,88,1108
102,백령도,2022-10-31 22:00,13.5,,1.6,200,88,606
102,백령도,2022-10-31 23:00,13.3,,1.6,200,91,529
102,백령도,2022-11-01 00:00,13.4,,.6,250,92,795
102,백령도,2022-11-01 01:00,13.7,,1.5,250,88,1125
102,백령도,2022-11-01 02:00,13.2,,1.2,230,90,578
102,백령도,2022-11-01 03:00,13.6,0,1.7,270,91,447
102,백령도,2022-11-01 04:00,13.4,,2.1,290,91,299
102,백령도,2022-11-01 05:00,13.1,,1.5,250,92,234
102,백령도,2022-11-01 06:00,13.8,.4,5.4,320,92,189
102,백령도,2022-11-01 07:00,13.7,,4.7,340,79,744
102,백령도,2022-11-01 08:00,13.8,,6,360,73,896
102,백령도,2022-11-01 09:00,14.1,,4.4,360,68,1396
102,백령도,2022-11-01 10:00,14.7,,5.6,360,63,2146
102,백령도,2022-11-01 11:00,14.8,,6.3,340,57,3041
102,백령도,2022-11-01 12:00,14.9,,6.3,340,56,3780
102,백령도,2022-11-01 13:00,14.6,,7.4,340,54,4244
102,백령도,2022-11-01 14:00,14.8,,6.3,340,49,4666
102,백령도,2022-11-01 15:00,13.9,,8.9,340,46,4848
102,백령도,2022-11-01 16:00,13.2,,8.2,340,41,4870
102,백령도,2022-11-01 17:00,12.4,,5.8,340,41,4959
102,백령도,2022-11-01 18:00,11.4,,6.2,320,42,4987
102,백령도,2022-11-01 19:00,11.1,,6.9,340,44,4999
102,백령도,2022-11-01 20:00,11.3,,5.6,340,47,5000
102,백령도,2022-11-01 21:00,11.5,,5.2,340,40,4999
102,백령도,2022-11-01 22:00,11.5,,5.3,340,44,5000
102,백령도,2022-11-01 23:00,11.3,,4.1,340,43,5000
102,백령도,2022-11-02 00:00,11.8,,6.1,340,38,5000
102,백령도,2022-11-02 01:00,11.8,,7.1,340,42,5000
102,백령도,2022-11-02 02:00,11.6,,5.9,340,42,5000
102,백령도,2022-11-02 03:00,11.6,,6.1,340,42,5000
102,백령도,2022-11-02 04:00,11.4,,4.8,340,41,5000
102,백령도,2022-11-02 05:00,11.4,,4.5,340,43,5000
102,백령도,2022-11-02 06:00,11,,3.3,340,46,5000
102,백령도,2022-11-02 07:00,10.3,,1.9,70,54,4999
102,백령도,2022-11-02 08:00,11,,1.3,70,51,4999
102,백령도,2022-11-02 09:00,12.3,,1.8,110,46,4842
102,백령도,2022-11-02 10:00,13,,3,110,49,4978
102,백령도,2022-11-02 11:00,13.3,,1.8,140,47,4995
102,백령도,2022-11-02 12:00,13.6,,2.7,20,47,4936
102,백령도,2022-11-02 13:00,13.6,,3.8,320,47,4999
102,백령도,2022-11-02 14:00,13.8,,4.4,320,46,4998
102,백령도,2022-11-02 15:00,13.7,,4.2,320,43,4826
102,백령도,2022-11-02 16:00,13.2,,4.1,320,45,4999
102,백령도,2022-11-02 17:00,12.4,,2.7,340,49,5000
102,백령도,2022-11-02 18:00,11.5,,2.5,320,52,5000
102,백령도,2022-11-02 19:00,11.3,,2.3,340,53,5000
102,백령도,2022-11-02 20:00,11.5,,2,360,53,5000
102,백령도,2022-11-02 21:00,9.5,,.6,270,60,4999
102,백령도,2022-11-02 22:00,11.5,,.6,250,52,4380
102,백령도,2022-11-02 23:00,10.9,,1.1,340,58,5000
102,백령도,2022-11-03 00:00,11.4,,.6,250,61,4365
102,백령도,2022-11-03 01:00,11.9,,.6,340,58,4648
102,백령도,2022-11-03 02:00,12.3,,2.6,340,57,4999
102,백령도,2022-11-03 03:00,12.3,,2.7,360,53,5000
102,백령도,2022-11-03 04:00,12.6,,3.2,340,49,4889
102,백령도,2022-11-03 05:00,12.1,,5.4,360,60,3550
102,백령도,2022-11-03 06:00,11.5,,3,360,67,2291
102,백령도,2022-11-03 07:00,11.7,,5.3,340,66,1985
102,백령도,2022-11-03 08:00,11.2,,6.9,360,61,2561
102,백령도,2022-11-03 09:00,11,,6.3,360,60,2658
102,백령도,2022-11-03 10:00,10.9,,6.7,360,57,4348
102,백령도,2022-11-03 11:00,10.5,,8.5,340,58,4715
102,백령도,2022-11-03 12:00,10.5,0,8.2,340,49,4425
102,백령도,2022-11-03 13:00,9.3,,9.8,340,51,3839
102,백령도,2022-11-03 14:00,9.5,,9,340,46,4969
102,백령도,2022-11-03 15:00,8.9,0,9.8,340,43,4921
102,백령도,2022-11-03 16:00,8.5,,8.6,340,52,4895
102,백령도,2022-11-03 17:00,8.3,,7.9,340,48,4996
102,백령도,2022-11-03 18:00,8.1,,7.6,340,51,4948
102,백령도,2022-11-03 19:00,7.9,,8.7,340,45,4951
102,백령도,2022-11-03 20:00,7.6,,7.1,320,45,4891
102,백령도,2022-11-03 21:00,7.7,,9.2,340,43,4834
102,백령도,2022-11-03 22:00,7,,10.6,340,44,4722
102,백령도,2022-11-03 23:00,6.3,,11.1,340,45,4343
102,백령도,2022-11-04 00:00,6.2,,11.8,340,49,4394
102,백령도,2022-11-04 01:00,6.4,,11.8,340,46,4026
102,백령도,2022-11-04 02:00,6.2,,11.5,340,46,4047
102,백령도,2022-11-04 03:00,6.1,,13.8,340,41,4504
102,백령도,2022-11-04 04:00,6,,13.2,340,43,4519
102,백령도,2022-11-04 05:00,6,,12.6,340,42,4749
102,백령도,2022-11-04 06:00,5.8,,11.1,340,45,4847
102,백령도,2022-11-04 07:00,5.9,,10,360,41,4955
102,백령도,2022-11-04 08:00,6.1,,9.6,340,43,4996
102,백령도,2022-11-04 09:00,6.9,,8.7,360,43,4991
102,백령도,2022-11-04 10:00,7.5,,8.5,360,45,4976
102,백령도,2022-11-04 11:00,7.8,,9.1,340,44,4905
102,백령도,2022-11-04 12:00,8.4,,8.3,340,42,4994
102,백령도,2022-11-04 13:00,8.6,,8.7,340,40,4998
102,백령도,2022-11-04 14:00,8.6,,9.5,340,42,4924
102,백령도,2022-11-04 15:00,8.8,,8.1,340,43,5000
102,백령도,2022-11-04 16:00,8.9,,7.8,340,42,4995
102,백령도,2022-11-04 17:00,8.7,,8.1,340,45,5000
102,백령도,2022-11-04 18:00,8.4,,5.9,340,44,5000
102,백령도,2022-11-04 19:00,8.7,,5.8,340,45,5000
102,백령도,2022-11-04 20:00,9.1,,7.2,340,43,5000
102,백령도,2022-11-04 21:00,9.5,,6.2,320,41,5000
102,백령도,2022-11-04 22:00,9.8,,6.1,320,40,4999
102,백령도,2022-11-04 23:00,10,,5.8,320,38,4992
102,백령도,2022-11-05 00:00,10.1,,5.3,320,39,4978
102,백령도,2022-11-05 01:00,10.2,,5.4,320,40,5000
102,백령도,2022-11-05 02:00,10.2,,5.2,320,40,5000
102,백령도,2022-11-05 03:00,9.8,,4.3,320,40,5000
102,백령도,2022-11-05 04:00,9.5,,3.9,340,41,5000
102,백령도,2022-11-05 05:00,9.4,,3.7,320,41,5000
102,백령도,2022-11-05 06:00,9.2,,2,340,42,5000
102,백령도,2022-11-05 07:00,8.2,,1.4,110,58,5000
102,백령도,2022-11-05 08:00,8.7,,.6,250,47,3984
102,백령도,2022-11-05 09:00,10.9,,3.1,290,40,4999
102,백령도,2022-11-05 10:00,11.4,,3.6,290,36,5000
102,백령도,2022-11-05 11:00,12,,3.4,270,34,5000
102,백령도,2022-11-05 12:00,12.5,,3.5,290,29,5000
102,백령도,2022-11-05 13:00,13.9,,2.9,270,32,4949
102,백령도,2022-11-05 14:00,13.5,,4.4,250,31,4993
102,백령도,2022-11-05 15:00,13.9,,2.7,230,35,5000
102,백령도,2022-11-05 16:00,12.9,,2.9,200,40,4998
102,백령도,2022-11-05 17:00,11.9,,3,200,49,4869
102,백령도,2022-11-05 18:00,11,,2.6,200,59,4939
102,백령도,2022-11-05 19:00,11.4,,2.5,250,60,2336
102,백령도,2022-11-05 20:00,11.4,,3,270,59,2199
102,백령도,2022-11-05 21:00,12.1,,4.1,290,45,3773
102,백령도,2022-11-05 22:00,12,,3.6,320,43,4849
102,백령도,2022-11-05 23:00,11.1,,2.5,270,52,4034
102,백령도,2022-11-06 00:00,12,,3.4,290,46,4688
102,백령도,2022-11-06 01:00,11.3,,2.6,270,47,4715
102,백령도,2022-11-06 02:00,10.9,,2.5,270,50,4134
102,백령도,2022-11-06 03:00,10.7,,2.7,270,50,3946
102,백령도,2022-11-06 04:00,10.3,,1.9,290,49,4987
102,백령도,2022-11-06 05:00,10.5,,2.1,290,50,4990
102,백령도,2022-11-06 06:00,9.8,,2.3,270,53,4990
102,백령도,2022-11-06 07:00,9.7,,1.6,270,56,4997
102,백령도,2022-11-06 08:00,10.3,,1.6,250,53,5000
102,백령도,2022-11-06 09:00,12.4,,2.2,290,48,4985
102,백령도,2022-11-06 10:00,13.3,,2.4,290,41,4999
102,백령도,2022-11-06 11:00,14.2,,2,340,29,4998
102,백령도,2022-11-06 12:00,14.8,,1.3,360,34,3898
102,백령도,2022-11-06 13:00,15.6,,1.2,70,36,3857
102,백령도,2022-11-06 14:00,14.7,,4.6,180,39,3120
102,백령도,2022-11-06 15:00,14.1,,3.1,180,46,3063
102,백령도,2022-11-06 16:00,13.4,,2.8,200,53,2950
102,백령도,2022-11-06 17:00,12.3,,2.1,160,62,2690
102,백령도,2022-11-06 18:00,11.4,,2.7,180,71,3428
102,백령도,2022-11-06 19:00,11.3,,2.5,180,76,3123
102,백령도,2022-11-06 20:00,11.8,,2.9,160,79,2758
102,백령도,2022-11-06 21:00,11.9,,4.1,160,75,3037
102,백령도,2022-11-06 22:00,12,,3.7,180,78,2683
102,백령도,2022-11-06 23:00,12.3,,3.5,180,73,2480
102,백령도,2022-11-07 00:00,12.1,,2.2,180,72,1836
102,백령도,2022-11-07 01:00,12.3,,1.6,200,67,3094
102,백령도,2022-11-07 02:00,12.7,,2.7,160,64,3455
102,백령도,2022-11-07 03:00,12.7,,1.7,180,64,2848
102,백령도,2022-11-07 04:00,12.6,,1.6,180,65,3541
102,백령도,2022-11-07 05:00,13.1,,2.5,200,66,2694
102,백령도,2022-11-07 06:00,12.9,,2.6,200,67,2227
102,백령도,2022-11-07 07:00,13.4,,3.2,200,68,2866
102,백령도,2022-11-07 08:00,12.6,,3.3,200,65,4793
102,백령도,2022-11-07 09:00,12.9,0,2.8,200,71,4932
102,백령도,2022-11-07 10:00,13.6,,3.6,180,71,3732
102,백령도,2022-11-07 11:00,14.1,,3.5,180,66,4702
102,백령도,2022-11-07 12:00,14.3,0,3.6,180,70,3851
102,백령도,2022-11-07 13:00,13.9,,4.1,230,78,2073
102,백령도,2022-11-07 14:00,12.4,,2.9,320,91,1124
102,백령도,2022-11-07 15:00,12.4,.4,1.5,230,92,1343
102,백령도,2022-11-07 16:00,12.8,,1.7,200,91,1815
102,백령도,2022-11-07 17:00,12.6,,.9,290,89,3347
102,백령도,2022-11-07 18:00,12,.1,.4,0,92,1119
102,백령도,2022-11-07 19:00,11.3,,0,0,93,972
102,백령도,2022-11-07 20:00,11.8,,.6,50,93,1882
102,백령도,2022-11-07 21:00,11.5,,.4,0,95,499
102,백령도,2022-11-07 22:00,11.1,,.7,50,95,1033
102,백령도,2022-11-07 23:00,11.3,,1.6,70,95,677
102,백령도,2022-11-08 00:00,10.9,,.3,0,96,29
102,백령도,2022-11-08 01:00,11.5,,.2,0,96,876
102,백령도,2022-11-08 02:00,10.8,,1.2,180,96,94
102,백령도,2022-11-08 03:00,11,,.9,290,96,305
102,백령도,2022-11-08 04:00,10.6,,1.4,200,96,260
102,백령도,2022-11-08 05:00,10.5,,4.1,50,96,27
102,백령도,2022-11-08 06:00,10.5,,3.9,50,96,719
102,백령도,2022-11-08 07:00,9.9,,2.3,90,95,550
102,백령도,2022-11-08 08:00,9.9,,2.1,70,95,462
102,백령도,2022-11-08 09:00,10.3,,.9,140,94,492
102,백령도,2022-11-08 10:00,11.1,,1.5,140,91,670
102,백령도,2022-11-08 11:00,11.5,,2.3,140,86,952
102,백령도,2022-11-08 12:00,12.2,,2,110,80,1130
102,백령도,2022-11-08 13:00,11.7,,1.9,110,82,1062
102,백령도,2022-11-08 14:00,12.2,,2.1,140,79,1050
102,백령도,2022-11-08 15:00,12.1,,2.1,90,80,920
102,백령도,2022-11-08 16:00,11.8,,1.1,110,82,879
102,백령도,2022-11-08 17:00,11,,1.6,140,86,754
102,백령도,2022-11-08 18:00,11,,1.1,140,87,662
102,백령도,2022-11-08 19:00,10.7,,2.4,160,89,505
102,백령도,2022-11-08 20:00,10,,2.3,160,93,348
102,백령도,2022-11-08 21:00,10.1,,1.9,160,94,359
102,백령도,2022-11-08 22:00,10.1,,2.2,160,94,276
102,백령도,2022-11-08 23:00,10.3,,1.6,160,94,224
102,백령도,2022-11-09 00:00,11,,2.6,160,95,253
102,백령도,2022-11-09 01:00,11.2,,2.4,160,95,182
102,백령도,2022-11-09 02:00,11.5,,3,140,95,212
102,백령도,2022-11-09 03:00,11.7,,1.8,160,95,209
102,백령도,2022-11-09 04:00,11.6,,1.6,140,96,219
102,백령도,2022-11-09 05:00,11.5,,3.1,140,96,119
102,백령도,2022-11-09 06:00,11.3,,2.6,140,96,159
102,백령도,2022-11-09 07:00,11.2,,2.6,140,96,24
102,백령도,2022-11-09 08:00,11.4,,3.6,140,97,35
102,백령도,2022-11-09 09:00,11.2,,3.5,140,97,61
102,백령도,2022-11-09 10:00,11.6,,2.9,110,96,190
102,백령도,2022-11-09 11:00,11.4,,3.7,110,96,160
102,백령도,2022-11-09 12:00,12.2,,4,140,95,346
102,백령도,2022-11-09 13:00,12.9,,3.7,140,91,496
102,백령도,2022-11-09 14:00,13.5,,3.8,160,88,732
102,백령도,2022-11-09 15:00,13.5,,2,180,88,754
102,백령도,2022-11-09 16:00,13.3,,2.3,140,90,664
102,백령도,2022-11-09 17:00,13.2,,2.1,180,90,637
102,백령도,2022-11-09 18:00,13.1,,1.7,200,91,552
102,백령도,2022-11-09 19:00,12.8,,2.8,180,93,362
102,백령도,2022-11-09 20:00,12.5,,2.2,180,94,351
102,백령도,2022-11-09 21:00,12.9,,2.8,180,90,619
102,백령도,2022-11-09 22:00,12.8,,1.7,200,90,554
102,백령도,2022-11-09 23:00,12.3,,2,180,92,330
102,백령도,2022-11-10 00:00,11.9,,1.7,110,94,291
102,백령도,2022-11-10 01:00,11.9,,1.9,110,96,116
102,백령도,2022-11-10 02:00,12,,1.9,110,96,161
102,백령도,2022-11-10 03:00,12.1,,3.1,140,96,173
102,백령도,2022-11-10 04:00,11.9,,2.6,140,96,187
102,백령도,2022-11-10 05:00,11.5,,1.5,140,95,177
102,백령도,2022-11-10 06:00,11.5,,1.7,140,95,177
102,백령도,2022-11-10 07:00,11.2,,3.3,140,95,178
102,백령도,2022-11-10 08:00,10.2,,3,140,96,25
102,백령도,2022-11-10 09:00,10.5,,2.3,140,97,66
102,백령도,2022-11-10 10:00,10.8,,4,140,96,242
102,백령도,2022-11-10 11:00,11.3,,2.9,110,96,180
102,백령도,2022-11-10 12:00,13.1,,2.2,90,88,575
102,백령도,2022-11-10 13:00,13.9,,3,140,79,767
102,백령도,2022-11-10 14:00,14.2,,3.3,140,75,742
102,백령도,2022-11-10 15:00,15,,2.5,180,67,816
102,백령도,2022-11-10 16:00,13.7,,3.4,140,77,722
102,백령도,2022-11-10 17:00,12.9,,.9,180,83,470
102,백령도,2022-11-10 18:00,12.7,,1.1,180,85,352
102,백령도,2022-11-10 19:00,12.1,,1.2,50,82,562
102,백령도,2022-11-10 20:00,12.1,,.9,50,87,465
102,백령도,2022-11-10 21:00,11.9,,.3,0,85,561
102,백령도,2022-11-10 22:00,12.2,,.3,0,80,876
102,백령도,2022-11-10 23:00,12.3,,1.3,90,78,904
102,백령도,2022-11-11 00:00,12.1,,1.3,70,82,848
102,백령도,2022-11-11 01:00,11.7,,1.8,90,90,427
102,백령도,2022-11-11 02:00,11.5,,1.9,90,92,364
102,백령도,2022-11-11 03:00,11.5,,1.3,90,93,305
102,백령도,2022-11-11 04:00,11.1,,2,90,94,247
102,백령도,2022-11-11 05:00,11.5,,2.2,90,94,289
102,백령도,2022-11-11 06:00,10.9,,1.9,110,95,215
102,백령도,2022-11-11 07:00,11.7,,2.6,90,94,377
102,백령도,2022-11-11 08:00,12.1,,2.4,110,92,460
102,백령도,2022-11-11 09:00,12.8,,2.7,110,86,683
102,백령도,2022-11-11 10:00,13.5,,3.5,110,75,1006
102,백령도,2022-11-11 11:00,14.4,,3.9,110,68,1367
102,백령도,2022-11-11 12:00,14.9,,4,140,61,1705
102,백령도,2022-11-11 13:00,15.2,,3.4,140,61,1568
102,백령도,2022-11-11 14:00,15,,3.1,140,59,1301
102,백령도,2022-11-11 15:00,15,,3.9,140,60,1143
102,백령도,2022-11-11 16:00,15.2,,2.9,140,58,1094
102,백령도,2022-11-11 17:00,14.2,,2.8,160,68,784
102,백령도,2022-11-11 18:00,13.3,,2.9,160,74,696
102,백령도,2022-11-11 19:00,13.3,,3.3,160,72,704
102,백령도,2022-11-11 20:00,13.4,,2.4,140,72,662
102,백령도,2022-11-11 21:00,13.1,,2.8,140,70,615
102,백령도,2022-11-11 22:00,12.1,,1.4,110,85,467
102,백령도,2022-11-11 23:00,12.3,,2.6,140,83,478
102,백령도,2022-11-12 00:00,12.5,,3.5,140,83,465
102,백령도,2022-11-12 01:00,12.6,,3.2,110,83,423
102,백령도,2022-11-12 02:00,13,,2.9,110,77,481
102,백령도,2022-11-12 03:00,13.1,,3.9,140,75,532
102,백령도,2022-11-12 04:00,13.3,,3.7,140,76,545
102,백령도,2022-11-12 05:00,13.1,,3.9,140,77,534
102,백령도,2022-11-12 06:00,13.5,0,5.7,140,77,578
102,백령도,2022-11-12 07:00,13.8,,5.3,140,79,637
102,백령도,2022-11-12 08:00,14.4,,5.5,140,78,673
102,백령도,2022-11-12 09:00,14.5,,5.4,140,80,685
102,백령도,2022-11-12 10:00,15,,6.4,140,80,734
102,백령도,2022-11-12 11:00,15,,7.1,160,79,745
102,백령도,2022-11-12 12:00,14.9,,6.4,160,82,683
102,백령도,2022-11-12 13:00,14.5,,6.5,160,93,362
102,백령도,2022-11-12 14:00,16,,4.6,180,95,576
102,백령도,2022-11-12 15:00,17.1,2.8,8.5,200,88,1439
102,백령도,2022-11-12 16:00,16.8,,8.6,200,91,1036
102,백령도,2022-11-12 17:00,17,,7.9,200,92,1192
102,백령도,2022-11-12 18:00,16.8,7.9,7.1,230,94,853
102,백령도,2022-11-12 19:00,14.3,,8.4,290,91,1383
102,백령도,2022-11-12 20:00,11.8,,8,340,93,2816
102,백령도,2022-11-12 21:00,11.1,1.3,11.6,320,91,2785
102,백령도,2022-11-12 22:00,9.5,,8.5,340,88,2516
102,백령도,2022-11-12 23:00,8.5,,11.8,340,83,2219
102,백령도,2022-11-13 00:00,8.4,0,12.8,340,80,1858
102,백령도,2022-11-13 01:00,8.2,,13.8,340,77,1835
102,백령도,2022-11-13 02:00,8,,14.4,340,76,2131
102,백령도,2022-11-13 03:00,7.8,,13.5,340,73,2211
102,백령도,2022-11-13 04:00,7.7,,14,340,71,2213
102,백령도,2022-11-13 05:00,7.6,,14,340,72,2277
102,백령도,2022-11-13 06:00,7.7,,13,340,71,2414
102,백령도,2022-11-13 07:00,7.6,,11.6,340,69,2522
102,백령도,2022-11-13 08:00,7.7,,10.8,340,69,2479
102,백령도,2022-11-13 09:00,8,,10.1,340,70,2551
102,백령도,2022-11-13 10:00,8,,10.6,340,68,2607
102,백령도,2022-11-13 11:00,8.6,,8.9,360,64,2385
102,백령도,2022-11-13 12:00,8.8,,11.1,340,64,2479
102,백령도,2022-11-13 13:00,9.2,,11.6,340,61,2636
102,백령도,2022-11-13 14:00,9.2,,11.4,360,58,2665
102,백령도,2022-11-13 15:00,9.6,,10.8,340,57,3019
102,백령도,2022-11-13 16:00,9.5,,9.3,340,56,3305
102,백령도,2022-11-13 17:00,9.3,,8.2,340,52,3782
102,백령도,2022-11-13 18:00,9.2,,8.1,360,51,4122
102,백령도,2022-11-13 19:00,9.3,,8.3,340,48,4252
102,백령도,2022-11-13 20:00,9.4,,7.4,340,50,4461
102,백령도,2022-11-13 21:00,9.2,,6.4,360,51,4326
102,백령도,2022-11-13 22:00,9,,6.2,340,53,4282
102,백령도,2022-11-13 23:00,8.6,,4.4,360,54,4340
102,백령도,2022-11-14 00:00,8.3,,3.7,340,53,4407
102,백령도,2022-11-14 01:00,8,,2.4,320,57,4255
102,백령도,2022-11-14 02:00,8.1,,4.3,320,57,3933
102,백령도,2022-11-14 03:00,7.8,,4.6,320,58,3918
102,백령도,2022-11-14 04:00,7.6,,3.7,320,61,4139
102,백령도,2022-11-14 05:00,7.6,,4.6,320,59,4104
102,백령도,2022-11-14 06:00,7.7,,4.7,320,58,4518
102,백령도,2022-11-14 07:00,7.8,,4.6,320,59,4573
102,백령도,2022-11-14 08:00,7.9,,4.4,320,59,4506
102,백령도,2022-11-14 09:00,8.6,,4.6,320,58,4027
102,백령도,2022-11-14 10:00,8.6,,5.4,320,60,3468
102,백령도,2022-11-14 11:00,9.2,,5.6,320,48,4689
102,백령도,2022-11-14 12:00,9.4,,6.4,320,48,4618
102,백령도,2022-11-14 13:00,9.2,,7,320,51,3868
102,백령도,2022-11-14 14:00,9.5,,6.3,320,51,4168
102,백령도,2022-11-14 15:00,9.4,,5.5,340,54,3742
102,백령도,2022-11-14 16:00,9.5,,4.1,320,53,3176
102,백령도,2022-11-14 17:00,9,,4.5,320,57,3160
102,백령도,2022-11-14 18:00,8.4,,2.6,290,65,3085
102,백령도,2022-11-14 19:00,7.9,,1.2,250,68,3235
102,백령도,2022-11-14 20:00,8.3,,1.1,230,68,3472
102,백령도,2022-11-14 21:00,8.5,,1,230,71,3362
102,백령도,2022-11-14 22:00,9.5,,3,270,62,2761
102,백령도,2022-11-14 23:00,9.9,,3.4,290,59,2875
102,백령도,2022-11-15 00:00,9.9,,3.9,290,55,3083
102,백령도,2022-11-15 01:00,10.4,,4.1,290,61,2741
102,백령도,2022-11-15 02:00,10.6,,5.1,290,59,2718
102,백령도,2022-11-15 03:00,10,,2.8,270,63,2453
102,백령도,2022-11-15 04:00,10.5,,4.9,270,62,2449
102,백령도,2022-11-15 05:00,10.4,,4.8,270,65,2342
102,백령도,2022-11-15 06:00,10.6,,3.7,250,64,2091
102,백령도,2022-11-15 07:00,10.7,,4.7,250,62,1955
102,백령도,2022-11-15 08:00,9.7,,2.6,250,77,491
102,백령도,2022-11-15 09:00,8.7,2.2,4.3,320,78,1806
102,백령도,2022-11-15 10:00,9,,3,270,76.2,2047
102,백령도,2022-11-15 11:00,11.2,,2.9,290,56.4,3031
102,백령도,2022-11-15 12:00,12.1,.4,3.7,250,61,1810
102,백령도,2022-11-15 13:00,12.6,,3.1,230,61,1956
102,백령도,2022-11-15 14:00,12.8,,5.4,270,55,1471
102,백령도,2022-11-15 15:00,13,,5.7,250,57,1097
102,백령도,2022-11-15 16:00,12.4,,4.6,270,61,997
102,백령도,2022-11-15 17:00,11.9,,4.4,250,69,678
102,백령도,2022-11-15 18:00,11.5,,4,270,74,514
102,백령도,2022-11-15 19:00,11.6,,4.6,270,70,551
102,백령도,2022-11-15 20:00,11.4,,6.8,320,57,1647
102,백령도,2022-11-15 21:00,8.9,.6,2.1,250,80,803
102,백령도,2022-11-15 22:00,11.3,,5.5,320,67,776
102,백령도,2022-11-15 23:00,11.5,,5.3,320,61,880
102,백령도,2022-11-16 00:00,11.5,,5,320,56,1057
102,백령도,2022-11-16 01:00,11.4,,5.5,320,54,1604
102,백령도,2022-11-16 02:00,10.8,,4.3,320,53,2285
102,백령도,2022-11-16 03:00,10,,3,290,57,2824
102,백령도,2022-11-16 04:00,10.5,,3.5,320,60,1650
102,백령도,2022-11-16 05:00,11.1,,5.8,340,63,1610
102,백령도,2022-11-16 06:00,10.4,,3.6,340,59,1788
102,백령도,2022-11-16 07:00,10.2,,4.2,320,62,1763
102,백령도,2022-11-16 08:00,10,,2.9,340,55,2534
102,백령도,2022-11-16 09:00,11.1,,4.4,340,42,4844
102,백령도,2022-11-16 10:00,11.7,,3.4,340,39,4956
102,백령도,2022-11-16 11:00,12.3,,2.9,360,38,4990
102,백령도,2022-11-16 12:00,12.4,,2.7,320,39,4954
102,백령도,2022-11-16 13:00,11.7,,.9,270,39,4972
102,백령도,2022-11-16 14:00,12.7,,2.4,360,46,4790
102,백령도,2022-11-16 15:00,12.6,,3.3,180,51,2741
102,백령도,2022-11-16 16:00,12,,3.4,200,53,2854
102,백령도,2022-11-16 17:00,11.3,,3.1,200,63,4012
102,백령도,2022-11-16 18:00,11.4,,2.8,200,68,3712
102,백령도,2022-11-16 19:00,11.6,,2.5,230,69,2802
102,백령도,2022-11-16 20:00,11.9,,3.1,230,63,1593
102,백령도,2022-11-16 21:00,11.9,,3.2,230,66,1285
102,백령도,2022-11-16 22:00,11.8,,2.6,230,66,1273
102,백령도,2022-11-16 23:00,11.7,,2.7,250,69,1130
102,백령도,2022-11-17 00:00,11.4,,1.8,250,76,968
102,백령도,2022-11-17 01:00,10.7,,1.2,250,72,1292
102,백령도,2022-11-17 02:00,10.8,,2,250,70,1383
102,백령도,2022-11-17 03:00,9.6,,1.4,180,87,670
102,백령도,2022-11-17 04:00,10.4,,1.2,180,86,611
102,백령도,2022-11-17 05:00,10.2,,1,160,87,712
102,백령도,2022-11-17 06:00,10.4,,.8,160,82,1012
102,백령도,2022-11-17 07:00,9.9,,1.8,160,84,730
102,백령도,2022-11-17 08:00,10.9,,2.5,140,91,585
102,백령도,2022-11-17 09:00,11.7,,2,140,89,928
102,백령도,2022-11-17 10:00,13.3,,2.8,160,77,1520
102,백령도,2022-11-17 11:00,14.2,,3.7,160,70,2717
102,백령도,2022-11-17 12:00,15.2,,2.9,160,61,3541
102,백령도,2022-11-17 13:00,15.8,,3.7,180,53,4744
102,백령도,2022-11-17 14:00,15.6,,3.1,230,48,4999
102,백령도,2022-11-17 15:00,15.5,,3.6,200,50,4992
102,백령도,2022-11-17 16:00,15,,2.4,200,49,4999
102,백령도,2022-11-17 17:00,13.8,,2,200,62,5000
102,백령도,2022-11-17 18:00,12.4,,1.8,200,76,2347
102,백령도,2022-11-17 19:00,12,,1.9,200,75,2960
102,백령도,2022-11-17 20:00,11.9,,2.8,200,72,3027
102,백령도,2022-11-17 21:00,11.9,,2.7,200,70,4390
102,백령도,2022-11-17 22:00,11.9,,2.5,200,67,4367
102,백령도,2022-11-17 23:00,11.7,,2.2,200,70,4059
102,백령도,2022-11-18 00:00,11.4,,3.4,200,69,3073
102,백령도,2022-11-18 01:00,11.4,,3.2,200,70,3196
102,백령도,2022-11-18 02:00,11.5,,2.9,200,66,3983
102,백령도,2022-11-18 03:00,10.5,,1.1,320,77,4077
102,백령도,2022-11-18 04:00,11.3,,0,0,75,4132
102,백령도,2022-11-18 05:00,11.1,,.1,0,68,4906
102,백령도,2022-11-18 06:00,10,,2.1,90,92,1050
102,백령도,2022-11-18 07:00,9.9,,1.8,110,93,770
102,백령도,2022-11-18 08:00,10.1,,2.2,110,93,893
102,백령도,2022-11-18 09:00,11.8,,1.3,90,88,1702
102,백령도,2022-11-18 10:00,13,,1.5,90,80,2489
102,백령도,2022-11-18 11:00,13.3,,2.2,90,80,2491
102,백령도,2022-11-18 12:00,14.5,,1.4,160,71,3258
102,백령도,2022-11-18 13:00,15.2,,1.5,340,58,4630
102,백령도,2022-11-18 14:00,14.9,,1.8,320,61,4014
102,백령도,2022-11-18 15:00,14.5,,2.1,290,64,3511
102,백령도,2022-11-18 16:00,14,,1.6,320,67,3292
102,백령도,2022-11-18 17:00,12.4,,2.2,290,80,3190
102,백령도,2022-11-18 18:00,11.1,,1.4,290,85,2795
102,백령도,2022-11-18 19:00,10.5,,1.5,250,90,2061
102,백령도,2022-11-18 20:00,10.8,,.7,270,89,2569
102,백령도,2022-11-18 21:00,10.8,,1.3,290,90,2419
102,백령도,2022-11-18 22:00,10.4,,1.1,290,91,2067
102,백령도,2022-11-18 23:00,10.8,,1.3,340,94,790
102,백령도,2022-11-19 00:00,10.4,,1.9,90,94,417
102,백령도,2022-11-19 01:00,10.4,,2.1,70,95,283
102,백령도,2022-11-19 02:00,10.4,,2.4,90,96,315
102,백령도,2022-11-19 03:00,10.1,,1.9,90,95,440
102,백령도,2022-11-19 04:00,9.6,,2.6,90,95,127
102,백령도,2022-11-19 05:00,9.7,,2.8,90,96,528
102,백령도,2022-11-19 06:00,9.7,,1.6,90,96,543
102,백령도,2022-11-19 07:00,9.3,,1.3,110,93,907
102,백령도,2022-11-19 08:00,10,,2.7,110,88,1622
102,백령도,2022-11-19 09:00,10.8,,3.7,110,77,2047
102,백령도,2022-11-19 10:00,12.2,,3.9,110,67,1992
102,백령도,2022-11-19 11:00,13.2,,5.6,110,58,2378
102,백령도,2022-11-19 12:00,13.2,,5.8,140,62,2439
102,백령도,2022-11-19 13:00,13.8,,5.2,140,59,2319
102,백령도,2022-11-19 14:00,13.5,,5,140,63,2050
102,백령도,2022-11-19 15:00,13.2,,4.5,140,64,2049
102,백령도,2022-11-19 16:00,13.3,,3,140,67,2042
102,백령도,2022-11-19 17:00,12.9,,3,160,68,1844
102,백령도,2022-11-19 18:00,12.7,,3.9,140,72,1799
102,백령도,2022-11-19 19:00,12.6,,3.3,180,75,1386
102,백령도,2022-11-19 20:00,12.3,,1.2,90,73,1341
102,백령도,2022-11-19 21:00,12.2,0,1.9,90,74,1300
102,백령도,2022-11-19 22:00,12.5,,2.8,160,67,1637
102,백령도,2022-11-19 23:00,12.3,,.9,140,76,1265
102,백령도,2022-11-20 00:00,12.1,0,.9,90,79,1159
102,백령도,2022-11-20 01:00,12,,.2,0,79,1289
102,백령도,2022-11-20 02:00,11.9,,1.6,110,83,1018
102,백령도,2022-11-20 03:00,11.8,,1.2,110,82,1087
102,백령도,2022-11-20 04:00,10.9,,.3,0,86,917
102,백령도,2022-11-20 05:00,11.2,,.4,0,86,937
102,백령도,2022-11-20 06:00,11,,0,0,86,1099
102,백령도,2022-11-20 07:00,10.7,,.5,340,85,1266
102,백령도,2022-11-20 08:00,11.5,,1.8,360,86,1044
102,백령도,2022-11-20 09:00,12.7,,.7,20,78,1313
102,백령도,2022-11-20 10:00,13.9,,.5,50,69,1547
102,백령도,2022-11-20 11:00,14.8,,1.9,70,59,1899
102,백령도,2022-11-20 12:00,15,,2.4,340,60,2120
102,백령도,2022-11-20 13:00,15.6,,1.6,360,57,2269
102,백령도,2022-11-20 14:00,15.2,,1.5,230,56,2300
102,백령도,2022-11-20 15:00,14.7,,2.6,340,64,2079
102,백령도,2022-11-20 16:00,14.7,,1.3,320,64,2226
102,백령도,2022-11-20 17:00,13.4,,1.3,290,73,1913
102,백령도,2022-11-20 18:00,11.7,,1.3,290,83,1309
102,백령도,2022-11-20 19:00,11.9,,1.2,270,78,1635
102,백령도,2022-11-20 20:00,11.7,,1.2,290,84,1094
102,백령도,2022-11-20 21:00,11.1,,2,290,89,858
102,백령도,2022-11-20 22:00,11.7,,1.6,290,90,894
102,백령도,2022-11-20 23:00,11.7,,1.2,270,87,1097
102,백령도,2022-11-21 00:00,11.7,,.6,250,84,1246
102,백령도,2022-11-21 01:00,11.8,,.8,270,81,1369
102,백령도,2022-11-21 02:00,11.9,,1.2,290,84,1342
102,백령도,2022-11-21 03:00,12.3,,.9,320,84,1350
102,백령도,2022-11-21 04:00,11.9,,.9,270,87,1003
102,백령도,2022-11-21 05:00,10.9,,1.5,200,89,680
102,백령도,2022-11-21 06:00,11.3,,1.6,160,88,845
102,백령도,2022-11-21 07:00,11.2,,.8,270,87,1082
102,백령도,2022-11-21 08:00,11.8,,2.3,340,84,1286
102,백령도,2022-11-21 09:00,11.9,.2,1.9,360,85,1270
102,백령도,2022-11-21 10:00,11.8,,.9,270,92,454
102,백령도,2022-11-21 11:00,12.2,,.8,250,92,853
102,백령도,2022-11-21 12:00,12.6,.6,.7,340,81,1868
102,백령도,2022-11-21 13:00,12.9,,2,320,80,2241
102,백령도,2022-11-21 14:00,12.7,,2.9,320,83,1864
102,백령도,2022-11-21 15:00,12.7,,3.6,320,85,1377
102,백령도,2022-11-21 16:00,12.8,,1.8,320,85,1006
102,백령도,2022-11-21 17:00,12.2,,4.7,360,82,669
102,백령도,2022-11-21 18:00,11.5,,5.2,360,78,837
102,백령도,2022-11-21 19:00,11.1,,4.7,360,70,1290
102,백령도,2022-11-21 20:00,10.9,,4.2,360,63,2354
102,백령도,2022-11-21 21:00,10.9,,4.6,360,59,4269
102,백령도,2022-11-21 22:00,10.8,,5.1,360,51,4911
102,백령도,2022-11-21 23:00,10.5,,4.5,360,52,4916
102,백령도,2022-11-22 00:00,10.1,,3.9,340,54,4814
102,백령도,2022-11-22 01:00,10.1,,4,340,56,4694
102,백령도,2022-11-22 02:00,9.5,,2.7,360,61,4351
102,백령도,2022-11-22 03:00,8.9,,3.2,340,64,4233
102,백령도,2022-11-22 04:00,8.4,,2,20,67,4406
102,백령도,2022-11-22 05:00,7.8,,1.5,50,68,4640
102,백령도,2022-11-22 06:00,7.9,,2.2,50,67,4760
102,백령도,2022-11-22 07:00,7.9,,1.2,50,68,4743
102,백령도,2022-11-22 08:00,7.7,,2.6,50,66,4817
102,백령도,2022-11-22 09:00,8.1,,3.5,50,64,4929
102,백령도,2022-11-22 10:00,8.7,,2.4,70,60,4809
102,백령도,2022-11-22 11:00,9.3,,1.3,20,50,4924
102,백령도,2022-11-22 12:00,9.1,,1.4,110,58,4374
102,백령도,2022-11-22 13:00,9.8,,.3,0,59,3959
102,백령도,2022-11-22 14:00,10.2,,1.1,50,59,2473
102,백령도,2022-11-22 15:00,9.8,,1.6,320,53,4967
102,백령도,2022-11-22 16:00,9.6,,1.3,320,57,4857
102,백령도,2022-11-22 17:00,9.2,,.9,250,61,4807
102,백령도,2022-11-22 18:00,8.7,,.9,230,62,3143
102,백령도,2022-11-22 19:00,8.3,,1.2,250,65,4679
102,백령도,2022-11-22 20:00,8.6,,.6,250,62,3464
102,백령도,2022-11-22 21:00,8.3,,1.8,290,65,4813
102,백령도,2022-11-22 22:00,9.5,,3.3,340,58,4899
102,백령도,2022-11-22 23:00,9.7,,4.6,340,62,3287
102,백령도,2022-11-23 00:00,9.8,,4.2,340,59,3395
102,백령도,2022-11-23 01:00,9.9,,4.2,340,60,2996
102,백령도,2022-11-23 02:00,9.3,,2.2,340,67,3109
102,백령도,2022-11-23 03:00,9.6,,4.1,340,69,2053
102,백령도,2022-11-23 04:00,9.5,,4.2,340,59,4999
102,백령도,2022-11-23 05:00,9.5,,5.4,340,57,4867
102,백령도,2022-11-23 06:00,9.4,,5.4,340,56,4960
102,백령도,2022-11-23 07:00,9.6,,6,340,50,5000
102,백령도,2022-11-23 08:00,9.6,,5.1,340,51,4998
102,백령도,2022-11-23 09:00,10.3,,4.8,340,48,4893
102,백령도,2022-11-23 10:00,11.1,,4.1,340,46,3956
102,백령도,2022-11-23 11:00,11.8,,5,340,42,4490
102,백령도,2022-11-23 12:00,12.1,,4.7,340,39,3529
102,백령도,2022-11-23 13:00,11.7,,6.9,340,52,1461
102,백령도,2022-11-23 14:00,11.8,,5.9,340,52,1835
102,백령도,2022-11-23 15:00,11.8,,5.4,320,53,1994
102,백령도,2022-11-23 16:00,10.9,,4.8,320,57,2186
102,백령도,2022-11-23 17:00,10.6,,3.5,340,58,2874
102,백령도,2022-11-23 18:00,10.5,,3.6,290,61,3017
102,백령도,2022-11-23 19:00,10.8,,3.9,320,59,3382
102,백령도,2022-11-23 20:00,10.4,,2.6,320,62,3129
102,백령도,2022-11-23 21:00,9.5,,1.7,320,66,2960
102,백령도,2022-11-23 22:00,9.1,,2,250,70,3003
102,백령도,2022-11-23 23:00,10.2,,1.8,270,70,3003
102,백령도,2022-11-24 00:00,10.3,,2.1,250,68,3341
102,백령도,2022-11-24 01:00,11,,2.5,250,68,3186
102,백령도,2022-11-24 02:00,11.1,,1.9,290,72,2985
102,백령도,2022-11-24 03:00,10.7,,2.1,270,74,2415
102,백령도,2022-11-24 04:00,10.8,,1.2,250,75,1664
102,백령도,2022-11-24 05:00,10.7,,.7,250,76,1639
102,백령도,2022-11-24 06:00,10.6,,1.8,200,78,1697
102,백령도,2022-11-24 07:00,10.4,,1.6,230,78,2140
102,백령도,2022-11-24 08:00,10.1,,1.5,200,79,1331
102,백령도,2022-11-24 09:00,11.2,,.8,140,78,2072
102,백령도,2022-11-24 10:00,12.7,,2.6,180,66,1945
102,백령도,2022-11-24 11:00,13.4,,4,160,65,2307
102,백령도,2022-11-24 12:00,13.5,,5,160,66,2207
102,백령도,2022-11-24 13:00,13.4,,6.8,160,67,2119
102,백령도,2022-11-24 14:00,13.5,,6.7,160,71,2220
102,백령도,2022-11-24 15:00,12.8,,6,160,80,2343
102,백령도,2022-11-24 16:00,13.1,,4.8,160,81,2159
102,백령도,2022-11-24 17:00,13.3,,4.5,180,75,1784
102,백령도,2022-11-24 18:00,13.4,,3.8,180,75,2271
102,백령도,2022-11-24 19:00,13.2,,3.6,180,79,1956
102,백령도,2022-11-24 20:00,13.5,,6.3,160,82,2000
102,백령도,2022-11-24 21:00,13.7,,4.2,180,82,1722
102,백령도,2022-11-24 22:00,13.8,,5.1,180,82,1653
102,백령도,2022-11-24 23:00,13.9,,5.2,180,83,1435
102,백령도,2022-11-25 00:00,13.9,,5.3,180,85,1349
102,백령도,2022-11-25 01:00,14,,3.9,180,87,1251
102,백령도,2022-11-25 02:00,14.3,,3.7,200,80,1984
102,백령도,2022-11-25 03:00,14.4,,5,200,79,2147
102,백령도,2022-11-25 04:00,14.1,,4.4,200,81,1996
102,백령도,2022-11-25 05:00,14.2,,4.5,230,79,2268
102,백령도,2022-11-25 06:00,14.1,,5.1,200,78,2385
102,백령도,2022-11-25 07:00,14.3,,5.6,200,78,2312
102,백령도,2022-11-25 08:00,14.1,,5.3,200,79,1901
102,백령도,2022-11-25 09:00,14.9,,7.8,200,76,2077
102,백령도,2022-11-25 10:00,15.4,,8.3,200,75,2286
102,백령도,2022-11-25 11:00,15,,6.9,200,80,2098
102,백령도,2022-11-25 12:00,15.4,,5.9,200,79,2139
102,백령도,2022-11-25 13:00,15.4,,6.5,200,79,2336
102,백령도,2022-11-25 14:00,15.5,,7.5,230,78,2508
102,백령도,2022-11-25 15:00,15.2,,7.9,230,79,2499
102,백령도,2022-11-25 16:00,15,,6.7,230,81,2111
102,백령도,2022-11-25 17:00,14.8,,8.3,230,80,2213
102,백령도,2022-11-25 18:00,14.6,0,7.6,250,82,2041
102,백령도,2022-11-25 19:00,13.2,,5.4,270,80,599
102,백령도,2022-11-25 20:00,12.7,,6.3,290,83,459
102,백령도,2022-11-25 21:00,12,.4,5.1,270,81,429
102,백령도,2022-11-25 22:00,12.1,,5.8,290,61,793
102,백령도,2022-11-25 23:00,11.6,,4.2,290,61,1001
102,백령도,2022-11-26 00:00,11.9,,5.7,290,48,1729
102,백령도,2022-11-26 01:00,11.7,,6.1,290,38,3297
102,백령도,2022-11-26 02:00,11.5,,6.1,320,41,3175
102,백령도,2022-11-26 03:00,10.8,,8,340,52,2073
102,백령도,2022-11-26 04:00,9.6,,9.5,340,39,2786
102,백령도,2022-11-26 05:00,8.9,,9.5,340,36,2867
102,백령도,2022-11-26 06:00,8.3,,8.3,340,41,2661
102,백령도,2022-11-26 07:00,7.1,,8.9,340,40,2320
102,백령도,2022-11-26 08:00,6.6,,6.7,320,40,2412
102,백령도,2022-11-26 09:00,6.2,,8.5,360,46,2758
102,백령도,2022-11-26 10:00,5.6,,9.5,360,50,3446
102,백령도,2022-11-26 11:00,5,,8.8,340,45,4245
102,백령도,2022-11-26 12:00,5,,9.9,340,43,4691
102,백령도,2022-11-26 13:00,4.7,,9,340,40,4844
102,백령도,2022-11-26 14:00,4.5,,7.9,340,39,4998
102,백령도,2022-11-26 15:00,4.4,,6.9,340,40,5000
102,백령도,2022-11-26 16:00,3.9,,6.6,340,43,4999
102,백령도,2022-11-26 17:00,3.4,,5.4,340,43,4987
102,백령도,2022-11-26 18:00,3,,4.7,340,44,4999
102,백령도,2022-11-26 19:00,3.1,,4.8,360,44,5000
102,백령도,2022-11-26 20:00,3.2,,3.9,340,48,4970
102,백령도,2022-11-26 21:00,2.7,,2.6,50,53,4976
102,백령도,2022-11-26 22:00,2.4,,1.4,70,54,4773
102,백령도,2022-11-26 23:00,1.5,,.5,110,61,4700
102,백령도,2022-11-27 00:00,1.6,,1.4,160,61,4916
102,백령도,2022-11-27 01:00,2.4,,.7,160,59,4778
102,백령도,2022-11-27 02:00,2.5,,1.5,180,59,4353
102,백령도,2022-11-27 03:00,2.2,,1,160,59,4911
102,백령도,2022-11-27 04:00,2.5,,1.7,140,68,4768
102,백령도,2022-11-27 05:00,2.9,,2.4,110,67,4865
102,백령도,2022-11-27 06:00,3.3,,2.9,140,66,4868
102,백령도,2022-11-27 07:00,3.8,,3.7,140,63,4649
102,백령도,2022-11-27 08:00,4,,4.6,140,61,4414
102,백령도,2022-11-27 09:00,5,,5.7,140,56,4712
102,백령도,2022-11-27 10:00,5.6,,8.3,140,58,4826
102,백령도,2022-11-27 11:00,6.6,,6.4,140,53,4776
102,백령도,2022-11-27 12:00,7.7,,7.9,140,54,4626
102,백령도,2022-11-27 13:00,7.2,,7.5,140,60,4475
102,백령도,2022-11-27 14:00,8.6,,7,140,53,3485
102,백령도,2022-11-27 15:00,8.8,,5.8,140,55,4245
102,백령도,2022-11-27 16:00,8.7,,7.8,140,57,4618
102,백령도,2022-11-27 17:00,9.1,,7.7,140,62,4173
102,백령도,2022-11-27 18:00,9.2,,6.9,140,63,3431
102,백령도,2022-11-27 19:00,9.6,,6.2,140,63,3664
102,백령도,2022-11-27 20:00,9.1,,4.3,140,71,2796
102,백령도,2022-11-27 21:00,8.5,,4.6,110,72,2574
102,백령도,2022-11-27 22:00,8.8,,5.2,110,72,2637
102,백령도,2022-11-27 23:00,9.1,,5.3,110,68,2655
102,백령도,2022-11-28 00:00,9.2,,4.8,110,70,2395
102,백령도,2022-11-28 01:00,9.3,,6.2,110,68,2486
102,백령도,2022-11-28 02:00,9.9,,5.1,110,62,2764
102,백령도,2022-11-28 03:00,11,0,5,110,60,2870
102,백령도,2022-11-28 04:00,9.6,,5.2,110,75,2011
102,백령도,2022-11-28 05:00,9.3,,6.6,110,81,993
102,백령도,2022-11-28 06:00,8.8,9.5,7.9,110,90,350
102,백령도,2022-11-28 07:00,8.8,,7.4,110,92,1026
102,백령도,2022-11-28 08:00,9.7,,6.1,110,91,787
102,백령도,2022-11-28 09:00,11.1,5.7,5.5,140,90,1369
102,백령도,2022-11-28 10:00,12,,6.6,140,84,2273
102,백령도,2022-11-28 11:00,12.5,,6,140,87,1757
102,백령도,2022-11-28 12:00,12.8,.5,5.3,140,90,1168
102,백령도,2022-11-28 13:00,15.3,,7.7,200,91,1764
102,백령도,2022-11-28 14:00,15.2,,6.5,230,93,1100
102,백령도,2022-11-28 15:00,15.5,5.6,5.5,230,93,1322
102,백령도,2022-11-28 16:00,15.2,,3.8,230,94,709
102,백령도,2022-11-28 17:00,15,,4.3,250,94,589
102,백령도,2022-11-28 18:00,14.7,1,3.7,250,95,192
102,백령도,2022-11-28 19:00,14.5,,3.5,290,95,219
102,백령도,2022-11-28 20:00,13.1,,3.2,290,96,43
102,백령도,2022-11-28 21:00,12.2,.1,5.6,340,94,1884
102,백령도,2022-11-28 22:00,11.2,,8.1,340,92,3126
102,백령도,2022-11-28 23:00,11.1,,8.9,340,90,4286
102,백령도,2022-11-29 00:00,10.6,0,10,340,90,1620
102,백령도,2022-11-29 01:00,10.5,,12.4,340,85,3821
102,백령도,2022-11-29 02:00,9.6,,12.5,340,82,2350
102,백령도,2022-11-29 03:00,8.8,.1,15.2,340,80,1448
102,백령도,2022-11-29 04:00,8.1,,9.4,360,76,1521
102,백령도,2022-11-29 05:00,8,,10.2,360,71,1700
102,백령도,2022-11-29 06:00,7.1,0,13,360,64,2075
102,백령도,2022-11-29 07:00,6.2,,15.1,340,61,2091
102,백령도,2022-11-29 08:00,4.4,,15,340,59,2291
102,백령도,2022-11-29 09:00,3.1,,13.5,340,57,2533
102,백령도,2022-11-29 10:00,2.3,,13.4,360,61,2728
102,백령도,2022-11-29 11:00,1.9,,14.7,340,62,2733
102,백령도,2022-11-29 12:00,1.7,,15.2,340,59,3540
102,백령도,2022-11-29 13:00,.9,,14.8,340,56,3897
102,백령도,2022-11-29 14:00,.9,,13.7,340,55,4259
102,백령도,2022-11-29 15:00,.4,,13.8,340,60,4333
102,백령도,2022-11-29 16:00,.1,,14.5,340,57,4179
102,백령도,2022-11-29 17:00,-.1,,14.2,340,54,4458
102,백령도,2022-11-29 18:00,-.1,,14.7,340,51,4112
102,백령도,2022-11-29 19:00,-.5,,14.2,340,51,4141
102,백령도,2022-11-29 20:00,-.8,,12.3,340,51,4012
102,백령도,2022-11-29 21:00,-1,,14.3,340,52,3723
102,백령도,2022-11-29 22:00,-1.7,,13.4,340,56,3673
102,백령도,2022-11-29 23:00,-1.8,,13.5,340,45,3965
102,백령도,2022-11-30 00:00,-2,0,11.2,340,56,3923
102,백령도,2022-11-30 01:00,-2.3,,13.4,340,53,4345
102,백령도,2022-11-30 02:00,-2.7,,11.8,340,50,4434
102,백령도,2022-11-30 03:00,-3.3,0,11.8,340,63,3193
102,백령도,2022-11-30 04:00,-4.4,,13,340,62,1778
102,백령도,2022-11-30 05:00,-4,,11.8,340,62,3116
102,백령도,2022-11-30 06:00,-4.4,0,9.4,340,73,1297
102,백령도,2022-11-30 07:00,-4.4,,10.7,340,65,2256
102,백령도,2022-11-30 08:00,-4.3,,11.1,340,66,1523
102,백령도,2022-11-30 09:00,-4.6,0,11.9,340,71,1854
102,백령도,2022-11-30 10:00,-4.9,,12.4,340,69,784
102,백령도,2022-11-30 11:00,-4.6,,11.9,340,74,1045
102,백령도,2022-11-30 12:00,-4.5,0,11.6,340,70,570
102,백령도,2022-11-30 13:00,-4.3,,10.1,340,76,847
102,백령도,2022-11-30 14:00,-4.5,,11.7,340,72,948
102,백령도,2022-11-30 15:00,-4.2,0,10.3,340,75,994
102,백령도,2022-11-30 16:00,-4.6,,9.7,340,77,587
102,백령도,2022-11-30 17:00,-4.1,,7.7,340,66,2489
102,백령도,2022-11-30 18:00,-4.1,.2,8.2,340,72,1061
102,백령도,2022-11-30 19:00,-3,,6.6,340,66,4183
102,백령도,2022-11-30 20:00,-3.3,,6.7,340,73,699
102,백령도,2022-11-30 21:00,-3,.6,6,320,80,1132
102,백령도,2022-11-30 22:00,-2.9,,4.1,320,84,744
102,백령도,2022-11-30 23:00,-2.7,,9.9,360,77,2497
102,백령도,2022-12-01 00:00,-3.2,.3,7.1,340,78,169
102,백령도,2022-12-01 01:00,-3.6,,5,50,90,183
102,백령도,2022-12-01 02:00,-3.7,,4.2,50,74,3672
102,백령도,2022-12-01 03:00,-3.2,.2,3.8,50,68,3217
102,백령도,2022-12-01 04:00,-4.2,,3.2,70,73,3828
102,백령도,2022-12-01 05:00,-4.5,,2.1,110,78,879
102,백령도,2022-12-01 06:00,-5,0,.5,140,81,3606
102,백령도,2022-12-01 07:00,-4.7,,1.6,140,78,3651
102,백령도,2022-12-01 08:00,-3.5,,3.1,110,74,2401
102,백령도,2022-12-01 09:00,-3.7,1.1,2.4,90,91,93
102,백령도,2022-12-01 10:00,-4.4,,4.8,70,89,201
102,백령도,2022-12-01 11:00,-3.3,,5.4,70,68,3523
102,백령도,2022-12-01 12:00,-3.4,1.3,4,50,61,2987
102,백령도,2022-12-01 13:00,-3.7,,2.4,50,73,246
102,백령도,2022-12-01 14:00,-3.7,,1.7,70,87,148
102,백령도,2022-12-01 15:00,-3.2,.7,2.9,70,87,772
102,백령도,2022-12-01 16:00,-1.3,,5.8,320,57,3985
102,백령도,2022-12-01 17:00,-1,,5.6,320,56,4426
102,백령도,2022-12-01 18:00,-.7,0,7.8,320,57,4447
102,백령도,2022-12-01 19:00,-.9,,6.7,320,62,4012
102,백령도,2022-12-01 20:00,-.4,,6.5,320,57,2661
102,백령도,2022-12-01 21:00,-1.1,0,4.2,320,73,598
102,백령도,2022-12-01 22:00,.1,,5,340,62,3362
102,백령도,2022-12-01 23:00,.3,,5.1,340,68,4520
102,백령도,2022-12-02 00:00,-1,.4,7.5,340,85,106
102,백령도,2022-12-02 01:00,-3.2,,5.6,50,88,157
102,백령도,2022-12-02 02:00,-4.1,,5.8,50,83,677
102,백령도,2022-12-02 03:00,-4.1,.8,5.5,50,75,1220
102,백령도,2022-12-02 04:00,-3.6,,5.2,50,69,2798
102,백령도,2022-12-02 05:00,-3.5,,4.6,50,60,3999
102,백령도,2022-12-02 06:00,-3.8,0,3.1,70,58,4733
102,백령도,2022-12-02 07:00,-4.2,,2.8,90,53,4939
102,백령도,2022-12-02 08:00,-4.1,,1.7,110,54,4601
102,백령도,2022-12-02 09:00,-2.7,,3.4,110,52,4248
102,백령도,2022-12-02 10:00,-1.9,,3.5,110,49,4486
102,백령도,2022-12-02 11:00,-1.3,,3.1,110,46,4252
102,백령도,2022-12-02 12:00,-.5,,2.9,110,47,4604
102,백령도,2022-12-02 13:00,0,,3.6,140,51,4327
102,백령도,2022-12-02 14:00,.4,,4.1,140,49,4615
102,백령도,2022-12-02 15:00,-.1,,4.6,140,54,4644
102,백령도,2022-12-02 16:00,-.1,,5.4,140,57,4762
102,백령도,2022-12-02 17:00,.1,,5.2,140,58,4674
102,백령도,2022-12-02 18:00,.3,,6.3,140,59,4664
102,백령도,2022-12-02 19:00,.8,,7,140,64,4197
102,백령도,2022-12-02 20:00,1.3,,6.4,140,64,4387
102,백령도,2022-12-02 21:00,1.2,,7,110,66,4223
102,백령도,2022-12-02 22:00,2,,6.4,110,68,4087
102,백령도,2022-12-02 23:00,2.8,,7.2,270,87,1116
102,백령도,2022-12-03 00:00,2.9,.4,1.5,290,86,3841
102,백령도,2022-12-03 01:00,4.5,,2.8,250,48,5000
102,백령도,2022-12-03 02:00,5.2,,4.3,230,63,4730
102,백령도,2022-12-03 03:00,5.9,0,5.2,270,60,4210
102,백령도,2022-12-03 04:00,5.9,,5.4,270,55,3745
102,백령도,2022-12-03 05:00,5.6,,6.5,270,50,3067
102,백령도,2022-12-03 06:00,5.4,,5.3,290,42,3503
102,백령도,2022-12-03 07:00,5.2,,4.1,290,47,3014
102,백령도,2022-12-03 08:00,4.7,,2.5,270,43,3249
102,백령도,2022-12-03 09:00,5.8,0,3.8,270,57,2290
102,백령도,2022-12-03 10:00,6.7,,5.7,320,45,2127
102,백령도,2022-12-03 11:00,6.5,,5.9,320,57,1812
102,백령도,2022-12-03 12:00,6.4,0,7.3,320,49,1793
102,백령도,2022-12-03 13:00,6.6,,5.3,320,46,1813
102,백령도,2022-12-03 14:00,5.1,,8.3,340,59,1664
102,백령도,2022-12-03 15:00,3.5,,7.7,360,67,1622
102,백령도,2022-12-03 16:00,2.6,,7.1,360,58,2741
102,백령도,2022-12-03 17:00,1.9,,7,340,56,3073
102,백령도,2022-12-03 18:00,1.5,,6.1,340,55,3878
102,백령도,2022-12-03 19:00,1.4,,6.7,340,53,4675
102,백령도,2022-12-03 20:00,1,,6.4,320,51,4998
102,백령도,2022-12-03 21:00,1,,7.2,340,50,4941
102,백령도,2022-12-03 22:00,.3,,11,340,51,4951
102,백령도,2022-12-03 23:00,-.5,,11.4,340,53,4781
102,백령도,2022-12-04 00:00,-.8,,11.7,340,60,4801
102,백령도,2022-12-04 01:00,-.8,,11.1,340,43,4984
102,백령도,2022-12-04 02:00,-.7,,11.9,340,44,4999
102,백령도,2022-12-04 03:00,-.9,,13.1,340,42,4952
102,백령도,2022-12-04 04:00,-1.5,,9.5,340,47,4918
102,백령도,2022-12-04 05:00,-2,,9.7,360,46,4867
102,백령도,2022-12-04 06:00,-2,,8.4,360,49,4949
102,백령도,2022-12-04 07:00,-2,,6.5,360,50,4954
102,백령도,2022-12-04 08:00,-1.9,,6.5,360,54,4642
102,백령도,2022-12-04 09:00,-2.2,,4,360,55,4693
102,백령도,2022-12-04 10:00,-2,,6.2,340,59,3781
102,백령도,2022-12-04 11:00,-2,,8,360,55,4384
102,백령도,2022-12-04 12:00,-1.7,0,7.4,340,50,4860
102,백령도,2022-12-04 13:00,-1.6,,9.1,340,48,4960
102,백령도,2022-12-04 14:00,-1.8,,8,340,52,4990
102,백령도,2022-12-04 15:00,-2.2,,8,360,55,4902
102,백령도,2022-12-04 16:00,-2.1,,7,360,57,4999
102,백령도,2022-12-04 17:00,-2,,8.1,340,52,4997
102,백령도,2022-12-04 18:00,-1.6,,8,340,55,4981
102,백령도,2022-12-04 19:00,-1.3,,7.4,340,56,4917
102,백령도,2022-12-04 20:00,-1.3,,7.4,340,53,4984
102,백령도,2022-12-04 21:00,-1.1,,5.8,360,55,4939
102,백령도,2022-12-04 22:00,-1,,7.3,340,54,4956
102,백령도,2022-12-04 23:00,-.8,,6.2,340,53,4947
102,백령도,2022-12-05 00:00,-.5,,6.3,340,52,4994
102,백령도,2022-12-05 01:00,-.1,,5.2,340,50,4925
102,백령도,2022-12-05 02:00,.1,,5.8,340,47,4916
102,백령도,2022-12-05 03:00,.3,,6.2,360,47,4973
102,백령도,2022-12-05 04:00,.1,,6.4,360,54,4815
102,백령도,2022-12-05 05:00,-.5,,5.9,360,57,4992
102,백령도,2022-12-05 06:00,-1.6,,4.6,50,61,4908
102,백령도,2022-12-05 07:00,-2.1,,4.4,50,56,4950
102,백령도,2022-12-05 08:00,-2.4,,4.1,50,56,4968
102,백령도,2022-12-05 09:00,-1.5,,4,70,51,4781
102,백령도,2022-12-05 10:00,-.4,,3.5,70,45,4809
102,백령도,2022-12-05 11:00,-.1,,2.7,70,42,4803
102,백령도,2022-12-05 12:00,.6,,2,70,44,4918
102,백령도,2022-12-05 13:00,1.2,,2,110,43,4527
102,백령도,2022-12-05 14:00,1.7,,1.9,200,44,4361
102,백령도,2022-12-05 15:00,2.4,,3,180,48,4867
102,백령도,2022-12-05 16:00,1.8,,3.3,180,56,4462
102,백령도,2022-12-05 17:00,1.1,,3,160,69,1056
102,백령도,2022-12-05 18:00,.5,0,2.6,110,78,4074
102,백령도,2022-12-05 19:00,1.5,,2,340,64,4855
102,백령도,2022-12-05 20:00,3.4,,6.7,320,32,4793
102,백령도,2022-12-05 21:00,3.7,,5.7,320,44,4729
102,백령도,2022-12-05 22:00,3.5,,4.7,320,48,4702
102,백령도,2022-12-05 23:00,4,,3.7,320,49,4415
102,백령도,2022-12-06 00:00,3.9,0,3,290,56,3998
102,백령도,2022-12-06 01:00,1.9,,2,200,88,1300
102,백령도,2022-12-06 02:00,1.9,,1.6,200,90,1045
102,백령도,2022-12-06 03:00,2.4,.6,3.6,230,86,1256
102,백령도,2022-12-06 04:00,2.7,,4.3,320,84,2076
102,백령도,2022-12-06 05:00,2.1,,1.1,50,91,1645
102,백령도,2022-12-06 06:00,1.8,0,3.1,90,89,2258
102,백령도,2022-12-06 07:00,4.2,,6.3,290,47,4648
102,백령도,2022-12-06 08:00,1.8,,2.8,70,81,3059
102,백령도,2022-12-06 09:00,3.2,0,3.8,340,47,3871
102,백령도,2022-12-06 10:00,4.7,,6.6,290,39,4967
102,백령도,2022-12-06 11:00,4.8,,6.4,320,37,5000
102,백령도,2022-12-06 12:00,5.3,,6.7,290,37,4974
102,백령도,2022-12-06 13:00,5.4,,7.3,290,36,4990
102,백령도,2022-12-06 14:00,5.1,,7.5,290,37,4997
102,백령도,2022-12-06 15:00,5.6,,7.1,290,44,4555
102,백령도,2022-12-06 16:00,5.5,,8.7,290,38,4325
102,백령도,2022-12-06 17:00,5.3,,7.2,290,38,4535
102,백령도,2022-12-06 18:00,5.4,,6.7,290,40,4457
102,백령도,2022-12-06 19:00,6,,9,290,34,4283
102,백령도,2022-12-06 20:00,6,,8,290,38,3482
102,백령도,2022-12-06 21:00,6.3,,8,290,41,3085
102,백령도,2022-12-06 22:00,6.6,,7.6,270,46,2692
102,백령도,2022-12-06 23:00,6.5,,9.7,270,54,1590
102,백령도,2022-12-07 00:00,6.6,0,8.2,320,49,2770
102,백령도,2022-12-07 01:00,5.8,,8.6,290,37,3220
102,백령도,2022-12-07 02:00,5.7,,6.5,290,43,3800
102,백령도,2022-12-07 03:00,5.3,,7,320,40,4700
102,백령도,2022-12-07 04:00,5.3,,7,290,30,4916
102,백령도,2022-12-07 05:00,5.7,,5.7,290,39,4682
102,백령도,2022-12-07 06:00,5.9,,5.8,290,33,4597
102,백령도,2022-12-07 07:00,6.1,,7,290,32,4205
102,백령도,2022-12-07 08:00,6.5,,7.4,290,31,4018
102,백령도,2022-12-07 09:00,7,,8.6,290,30,4024
102,백령도,2022-12-07 10:00,7.4,,8.2,290,32,3801
102,백령도,2022-12-07 11:00,7.9,,9.4,290,33,3149
102,백령도,2022-12-07 12:00,8.4,,8.9,290,35,3182
102,백령도,2022-12-07 13:00,8,,9.2,290,31,3917
102,백령도,2022-12-07 14:00,8.5,,6.5,290,41,4227
102,백령도,2022-12-07 15:00,7.8,,7.6,320,36,4707
102,백령도,2022-12-07 16:00,7.3,,6.3,290,38,4883
102,백령도,2022-12-07 17:00,6.5,,5.5,290,46,4808
102,백령도,2022-12-07 18:00,6,,5.6,290,45,4972
102,백령도,2022-12-07 19:00,6.2,,6,320,46,4897
102,백령도,2022-12-07 20:00,6.4,,5.7,290,45,4941
102,백령도,2022-12-07 21:00,6.6,,5.8,320,45,4984
102,백령도,2022-12-07 22:00,6.9,,6.7,320,32,4999
102,백령도,2022-12-07 23:00,6.8,,6.2,320,38,4997
102,백령도,2022-12-08 00:00,6.6,,4.9,320,39,4984
102,백령도,2022-12-08 01:00,6.5,,4.9,340,41,4997
102,백령도,2022-12-08 02:00,5.9,,3,360,42,4933
102,백령도,2022-12-08 03:00,5,,2.4,50,48,4937
102,백령도,2022-12-08 04:00,4.2,,2.4,50,51,4969
102,백령도,2022-12-08 05:00,4,,2.8,50,51,4912
102,백령도,2022-12-08 06:00,3.8,,2.6,70,48,4946
102,백령도,2022-12-08 07:00,3.3,,1.9,70,49,4982
102,백령도,2022-12-08 08:00,3.4,,2.9,110,53,4509
102,백령도,2022-12-08 09:00,4.6,,4,90,48,4678
102,백령도,2022-12-08 10:00,5.5,,3.4,110,34,4817
102,백령도,2022-12-08 11:00,5.9,,3.2,110,30,4864
102,백령도,2022-12-08 12:00,6.5,,4.1,140,40,4808
102,백령도,2022-12-08 13:00,7.4,,3.5,180,52,4689
102,백령도,2022-12-08 14:00,8.6,,3.4,160,49,4698
102,백령도,2022-12-08 15:00,8.5,,3.4,160,50,4825
102,백령도,2022-12-08 16:00,7.8,,3,140,56,4725
102,백령도,2022-12-08 17:00,6.6,,4.1,140,63,4820
102,백령도,2022-12-08 18:00,6.5,,4,140,65,4485
102,백령도,2022-12-08 19:00,6.6,,4.4,140,66,4937
102,백령도,2022-12-08 20:00,6.5,,3.8,140,71,4806
102,백령도,2022-12-08 21:00,6.8,,3.1,140,76,4633
102,백령도,2022-12-08 22:00,6.5,,2.3,140,80,3796
102,백령도,2022-12-08 23:00,6.7,,3,90,83,3407
102,백령도,2022-12-09 00:00,6.2,,2.2,90,84,3195
102,백령도,2022-12-09 01:00,6.4,,2.5,110,84,2608
102,백령도,2022-12-09 02:00,5.9,,2,70,86,2216
102,백령도,2022-12-09 03:00,6.1,0,1.2,50,88,1583
102,백령도,2022-12-09 04:00,5.4,,1.5,20,85,1507
102,백령도,2022-12-09 05:00,7.7,,3.6,340,65,1175
102,백령도,2022-12-09 06:00,7.6,,3.3,340,66,1322
102,백령도,2022-12-09 07:00,7.6,,3.8,320,60,1503
102,백령도,2022-12-09 08:00,6.6,,1.7,50,71,1559
102,백령도,2022-12-09 09:00,6.9,,1.6,70,71,1603
102,백령도,2022-12-09 10:00,7.7,,1.2,70,67,1947
102,백령도,2022-12-09 11:00,8,,1.7,70,64,1926
102,백령도,2022-12-09 12:00,8.2,,3.3,320,53,2095
102,백령도,2022-12-09 13:00,8.7,,3.1,340,51,2373
102,백령도,2022-12-09 14:00,8.2,,2.8,360,55,2166
102,백령도,2022-12-09 15:00,7.7,,3.7,340,58,2271
102,백령도,2022-12-09 16:00,7,,2.4,360,64,2300
102,백령도,2022-12-09 17:00,6.1,,1.9,20,66,2424
102,백령도,2022-12-09 18:00,5.4,,1.2,20,70,2332
102,백령도,2022-12-09 19:00,5.3,,1.4,20,68,2412
102,백령도,2022-12-09 20:00,4.9,,.5,140,70,2334
102,백령도,2022-12-09 21:00,5.2,,.3,0,69,2541
102,백령도,2022-12-09 22:00,4.3,,.7,200,72,2570
102,백령도,2022-12-09 23:00,4.5,,0,0,70,2624
102,백령도,2022-12-10 00:00,4.4,,1.1,50,75,2609
102,백령도,2022-12-10 01:00,4.8,,1.8,340,64,3612
102,백령도,2022-12-10 02:00,4.8,,1.7,20,65,3462
102,백령도,2022-12-10 03:00,4.1,,2.2,90,77,2473
102,백령도,2022-12-10 04:00,4,,1.9,90,75,2726
102,백령도,2022-12-10 05:00,3.8,,2.2,90,73,3093
102,백령도,2022-12-10 06:00,4.2,,1.6,70,64,3578
102,백령도,2022-12-10 07:00,4.1,,.6,70,60,3404
102,백령도,2022-12-10 08:00,4.2,,1.7,50,56,3979
102,백령도,2022-12-10 09:00,4.4,,2.8,70,63,3227
102,백령도,2022-12-10 10:00,5.4,,3.5,70,52,3596
102,백령도,2022-12-10 11:00,5.7,,3.9,70,45,3542
102,백령도,2022-12-10 12:00,6.4,,2.1,110,38,4202
102,백령도,2022-12-10 13:00,6.5,,1.7,110,39,2856
102,백령도,2022-12-10 14:00,5.6,,.3,0,36,3780
102,백령도,2022-12-10 15:00,6.2,,1.8,340,38,4487
102,백령도,2022-12-10 16:00,5.5,,4.5,340,44,4359
102,백령도,2022-12-10 17:00,4.9,,3.9,360,47,3543
102,백령도,2022-12-10 18:00,4.6,,3.3,360,44,4317
102,백령도,2022-12-10 19:00,4.5,,3.9,360,50,4613
102,백령도,2022-12-10 20:00,4.7,,4.5,360,52,4383
102,백령도,2022-12-10 21:00,3.6,,5.9,360,78,3766
102,백령도,2022-12-10 22:00,4.3,,4.4,360,68,3850
102,백령도,2022-12-10 23:00,4.4,,8,340,63,3221
102,백령도,2022-12-11 00:00,4.3,,7.6,340,65,3197
102,백령도,2022-12-11 01:00,3.7,,9.6,340,65,3132
102,백령도,2022-12-11 02:00,3.5,,9.1,340,63,3220
102,백령도,2022-12-11 03:00,2.9,,9.1,340,61,3652
102,백령도,2022-12-11 04:00,2.8,,9.2,340,64,3844
102,백령도,2022-12-11 05:00,2.5,,9.6,340,64,4054
102,백령도,2022-12-11 06:00,2.8,,9,340,60,4622
102,백령도,2022-12-11 07:00,2.5,,8.5,360,63,4388
102,백령도,2022-12-11 08:00,2.5,,7.7,340,64,4665
102,백령도,2022-12-11 09:00,3.1,,7.2,340,60,4653
102,백령도,2022-12-11 10:00,3.3,,9.8,340,60,4778
102,백령도,2022-12-11 11:00,3.3,,10,340,58,4639
102,백령도,2022-12-11 12:00,3.2,,10.5,340,53,4670
102,백령도,2022-12-11 13:00,2.9,,10,340,55,4698
102,백령도,2022-12-11 14:00,2.7,,9.7,340,56,4664
102,백령도,2022-12-11 15:00,2.7,,8.4,340,59,4711
102,백령도,2022-12-11 16:00,2.5,,7,340,58,4688
102,백령도,2022-12-11 17:00,2,,5.1,360,63,4636
102,백령도,2022-12-11 18:00,1.9,,6,360,67,4735
102,백령도,2022-12-11 19:00,1.8,,4,360,67,4665
102,백령도,2022-12-11 20:00,1.7,,3.8,340,71,4799
102,백령도,2022-12-11 21:00,2.1,,3.6,340,71,4630
102,백령도,2022-12-11 22:00,2.5,,3.5,320,69,4113
102,백령도,2022-12-11 23:00,2.3,,2.2,320,69,3820
102,백령도,2022-12-12 00:00,1.7,,1.8,290,73,3747
102,백령도,2022-12-12 01:00,1.5,,1.6,290,73,3890
102,백령도,2022-12-12 02:00,1.8,,1.3,290,72,3941
102,백령도,2022-12-12 03:00,1.4,,2,200,75,3450
102,백령도,2022-12-12 04:00,2.2,,1.7,250,69,4118
102,백령도,2022-12-12 05:00,2.2,,1,160,68,4097
102,백령도,2022-12-12 06:00,1.8,,1.4,250,73,4649
102,백령도,2022-12-12 07:00,3.1,,1.5,200,70,4437
102,백령도,2022-12-12 08:00,4,,1.5,230,69,4732
102,백령도,2022-12-12 09:00,5.2,,3,230,62,4952
102,백령도,2022-12-12 10:00,5.6,,4.1,270,66,3747
102,백령도,2022-12-12 11:00,5.6,,8.8,250,48,3191
102,백령도,2022-12-12 12:00,6.4,0,7,270,47,3400
102,백령도,2022-12-12 13:00,6.6,,5.5,270,38,4311
102,백령도,2022-12-12 14:00,6.2,,6.1,250,41,3944
102,백령도,2022-12-12 15:00,6.3,,4.8,270,44,3608
102,백령도,2022-12-12 16:00,6.1,,5.1,270,47,3356
102,백령도,2022-12-12 17:00,5.6,,5.2,270,46,2862
102,백령도,2022-12-12 18:00,5.4,,5.7,270,53,1830
102,백령도,2022-12-12 19:00,5.8,,7.7,290,51,2309
102,백령도,2022-12-12 20:00,5.3,,7,290,53,1468
102,백령도,2022-12-12 21:00,5.2,0,8.3,270,48,1062
102,백령도,2022-12-12 22:00,5,,9.4,290,57,893
102,백령도,2022-12-12 23:00,4.7,,8.9,290,53,919
102,백령도,2022-12-13 00:00,4.4,0,8.1,290,47,986
102,백령도,2022-12-13 01:00,2.3,,6.4,270,77,721
102,백령도,2022-12-13 02:00,2.8,,4.9,270,71,962
102,백령도,2022-12-13 03:00,3.7,0,4.8,320,55,949
102,백령도,2022-12-13 04:00,2.8,,5.4,270,60,913
102,백령도,2022-12-13 05:00,3.3,,6.8,290,49,856
102,백령도,2022-12-13 06:00,2.5,0,7.8,290,58,866
102,백령도,2022-12-13 07:00,3.3,,7.7,290,45,1351
102,백령도,2022-12-13 08:00,3,,7.3,320,45,1784
102,백령도,2022-12-13 09:00,.7,0,11.7,320,82,247
102,백령도,2022-12-13 10:00,3,,6.3,320,54,1925
102,백령도,2022-12-13 11:00,2.5,,8,290,50,1363
102,백령도,2022-12-13 12:00,1.5,0,6.9,290,78,1386
102,백령도,2022-12-13 13:00,.8,,10.1,320,90,781
102,백령도,2022-12-13 14:00,2.8,,9.6,290,58,1909
102,백령도,2022-12-13 15:00,1.2,.4,10.5,290,78,2341
102,백령도,2022-12-13 16:00,-.4,,9.8,320,93,357
102,백령도,2022-12-13 17:00,-.1,,12.8,320,66,2005
102,백령도,2022-12-13 18:00,-.1,.5,12.5,320,59,2481
102,백령도,2022-12-13 19:00,-1,,14.6,320,61,2288
102,백령도,2022-12-13 20:00,-2.1,,12.3,320,56,2179
102,백령도,2022-12-13 21:00,-2.7,0,13.2,320,60,2465
102,백령도,2022-12-13 22:00,-3.9,,12.7,320,64,1595
102,백령도,2022-12-13 23:00,-4.1,,11.5,320,57,2962
102,백령도,2022-12-14 00:00,-4.6,0,11.4,320,55,3372
102,백령도,2022-12-14 01:00,-5.1,,11.7,340,62,1747
102,백령도,2022-12-14 02:00,-5.5,,8.5,320,64,990
102,백령도,2022-12-14 03:00,-5.7,0,12.3,340,76,749
102,백령도,2022-12-14 04:00,-5.7,,12,340,69,1045
102,백령도,2022-12-14 05:00,-5.9,,10.7,340,65,1528
102,백령도,2022-12-14 06:00,-6,0,9.6,340,70,1320
102,백령도,2022-12-14 07:00,-5.6,,9.8,340,65,4241
102,백령도,2022-12-14 08:00,-5.6,,7.9,320,60,2889
102,백령도,2022-12-14 09:00,-5.2,0,6.8,340,68,2988
102,백령도,2022-12-14 10:00,-5.6,,6.9,320,73,982
102,백령도,2022-12-14 11:00,-4.9,,6.7,320,64,3819
102,백령도,2022-12-14 12:00,-4.6,0,6.6,320,65,2774
102,백령도,2022-12-14 13:00,-3.8,,7,320,57,3668
102,백령도,2022-12-14 14:00,-4.2,,6,340,75,2096
102,백령도,2022-12-14 15:00,-3.3,0,6,320,64,4256
102,백령도,2022-12-14 16:00,-3.1,,5.3,320,60,4299
102,백령도,2022-12-14 17:00,-3,,5.8,340,72,3503
102,백령도,2022-12-14 18:00,-3.1,0,2.1,250,75,2248
102,백령도,2022-12-14 19:00,-2.4,,3.5,290,64,3983
102,백령도,2022-12-14 20:00,-2.1,,1.6,230,65,4361
102,백령도,2022-12-14 21:00,-1.1,0,3.3,270,53,4541
102,백령도,2022-12-14 22:00,-2.6,,2.1,90,86,4270
102,백령도,2022-12-14 23:00,-2.4,,1.9,110,88,3096
102,백령도,2022-12-15 00:00,-2.3,.1,1.1,160,90,1207
102,백령도,2022-12-15 01:00,-2,,1.8,110,93,1187
102,백령도,2022-12-15 02:00,-1.7,,3,90,96,2164
102,백령도,2022-12-15 03:00,-1.8,1.3,4.2,110,97,1942
102,백령도,2022-12-15 04:00,-1.6,,4,90,98,1331
102,백령도,2022-12-15 05:00,-1.6,,4,90,99,1365
102,백령도,2022-12-15 06:00,-1.4,0,3.2,90,99,1636
102,백령도,2022-12-15 07:00,-1.3,,4.1,90,97,1778
102,백령도,2022-12-15 08:00,-1.6,,4.8,90,97,1786
102,백령도,2022-12-15 09:00,-1,,3.9,90,96,1822
102,백령도,2022-12-15 10:00,-.2,,5,90,93,1865
102,백령도,2022-12-15 11:00,.4,,3.3,90,87,2007
102,백령도,2022-12-15 12:00,2.4,,3.5,90,82,2326
102,백령도,2022-12-15 13:00,3.1,,6.5,340,88,1844
102,백령도,2022-12-15 14:00,-.4,,4.6,360,94,198
102,백령도,2022-12-15 15:00,-.5,0,7.1,360,83,2744
102,백령도,2022-12-15 16:00,-1.2,,5.6,360,92,421
102,백령도,2022-12-15 17:00,-1.2,,9.1,360,74,2323
102,백령도,2022-12-15 18:00,-1.2,0,9.1,340,64,3347
102,백령도,2022-12-15 19:00,-1.6,,8.9,340,61,3772
102,백령도,2022-12-15 20:00,-1.5,,8.4,340,68,3267
102,백령도,2022-12-15 21:00,-2.6,,9.3,360,57,4371
102,백령도,2022-12-15 22:00,-2.8,,9.6,360,51,4780
102,백령도,2022-12-15 23:00,-3.1,,9.1,360,54,4308
102,백령도,2022-12-16 00:00,-3.3,,8.1,340,52,4518
102,백령도,2022-12-16 01:00,-3.5,,8.3,340,57,4768
102,백령도,2022-12-16 02:00,-3.7,,8.3,340,57,4743
102,백령도,2022-12-16 03:00,-4.2,,7,360,55,4741
102,백령도,2022-12-16 04:00,-4.5,,6.1,360,59,4913
102,백령도,2022-12-16 05:00,-4.9,,7.2,360,60,4955
102,백령도,2022-12-16 06:00,-4.6,,8.4,340,62,4996
102,백령도,2022-12-16 07:00,-4.7,,8.1,340,60,4999
102,백령도,2022-12-16 08:00,-5.5,,3.6,20,68,4961
102,백령도,2022-12-16 09:00,-5.2,,3.7,360,64,4626
102,백령도,2022-12-16 10:00,-4.5,,4.7,360,61,4593
102,백령도,2022-12-16 11:00,-3.8,,4.2,360,61,4511
102,백령도,2022-12-16 12:00,-3.2,,2.7,20,60,4778
102,백령도,2022-12-16 13:00,-3.7,,3.6,360,62,4628
102,백령도,2022-12-16 14:00,-3.4,,5.1,340,65,4811
102,백령도,2022-12-16 15:00,-2.9,,7.5,340,61,4894
102,백령도,2022-12-16 16:00,-3.4,,5.9,340,61,4798
102,백령도,2022-12-16 17:00,-3.5,,5.4,340,65,4870
102,백령도,2022-12-16 18:00,-3.4,,3.8,340,63,4895
102,백령도,2022-12-16 19:00,-3.1,,2.8,320,65,4763
102,백령도,2022-12-16 20:00,-2.9,,4.3,340,64,4997
102,백령도,2022-12-16 21:00,-2.9,,2.5,340,63,4903
102,백령도,2022-12-16 22:00,-2.7,,1.9,320,61,4993
102,백령도,2022-12-16 23:00,-3,,1.1,230,66,4993
102,백령도,2022-12-17 00:00,-2.5,,1.2,250,63,4960
102,백령도,2022-12-17 01:00,-3.2,,.6,200,67,4941
102,백령도,2022-12-17 02:00,-3.5,,2,180,68,4991
102,백령도,2022-12-17 03:00,-3.3,0,.7,180,83,437
102,백령도,2022-12-17 04:00,-3.5,,1.4,90,93,1112
102,백령도,2022-12-17 05:00,-4.2,,2.4,20,95,146
102,백령도,2022-12-17 06:00,-4.8,3,4.3,50,95,134
102,백령도,2022-12-17 07:00,-4.9,,3,70,94,1991
102,백령도,2022-12-17 08:00,-5.1,,4.7,90,93,1526
102,백령도,2022-12-17 09:00,-4.6,.1,1.4,70,92,327
102,백령도,2022-12-17 10:00,-3.7,,6.5,320,78,1714
102,백령도,2022-12-17 11:00,-4.6,,11.2,340,89,483
102,백령도,2022-12-17 12:00,-3.9,.2,9.2,320,68,1794
102,백령도,2022-12-17 13:00,-3.8,,11.5,320,53,1690
102,백령도,2022-12-17 14:00,-4.5,,8,320,60,2869
102,백령도,2022-12-17 15:00,-4.8,0,8,320,61,4387
102,백령도,2022-12-17 16:00,-5.2,,9.9,320,57,3036
102,백령도,2022-12-17 17:00,-4.8,,8.3,320,65,3969
102,백령도,2022-12-17 18:00,-5.8,0,9.4,340,87,1201
102,백령도,2022-12-17 19:00,-5.8,,9.5,340,87,472
102,백령도,2022-12-17 20:00,-6,,10.1,320,91,69
102,백령도,2022-12-17 21:00,-5.8,.8,11.3,320,79,562
102,백령도,2022-12-17 22:00,-5.2,,11.1,320,59,1831
102,백령도,2022-12-17 23:00,-5.5,,10.7,340,60,2059
102,백령도,2022-12-18 00:00,-5.3,0,10.1,340,58,2221
102,백령도,2022-12-18 01:00,-5.4,,9.9,340,56,4709
102,백령도,2022-12-18 02:00,-6.1,,8.4,360,81,507
102,백령도,2022-12-18 03:00,-5.5,0,8,360,64,4420
102,백령도,2022-12-18 04:00,-5.7,,8.1,340,67,3431
102,백령도,2022-12-18 05:00,-5.9,,9.2,340,76,562
102,백령도,2022-12-18 06:00,-6.2,0,7.6,340,87,440
102,백령도,2022-12-18 07:00,-6,,8,340,79,397
102,백령도,2022-12-18 08:00,-5.8,,8.5,340,75,769
102,백령도,2022-12-18 09:00,-5.9,0,8,320,68,2007
102,백령도,2022-12-18 10:00,-6.1,,8.3,320,72,1600
102,백령도,2022-12-18 11:00,-6.3,,6.9,340,76,563
102,백령도,2022-12-18 12:00,-5.7,0,7.9,320,71,2897
102,백령도,2022-12-18 13:00,-5.8,,6.6,290,61,3299
102,백령도,2022-12-18 14:00,-6.7,,6.6,320,87,150
102,백령도,2022-12-18 15:00,-6.3,.3,7.8,320,79,393
102,백령도,2022-12-18 16:00,-5.9,,6.1,320,60,4761
102,백령도,2022-12-18 17:00,-5.9,,6.2,320,80,919
102,백령도,2022-12-18 18:00,-5.5,.2,6.4,320,87,1797
102,백령도,2022-12-18 19:00,-5,,7.4,290,69,3406
102,백령도,2022-12-18 20:00,-4.3,,7.5,320,61,3587
102,백령도,2022-12-18 21:00,-4,.1,9,320,57,4040
102,백령도,2022-12-18 22:00,-4.1,,9.2,340,72,2931
102,백령도,2022-12-18 23:00,-3.5,,9.1,320,52,4388
102,백령도,2022-12-19 00:00,-3.5,0,9.1,340,49,4440
102,백령도,2022-12-19 01:00,-3.6,,7.4,340,49,4642
102,백령도,2022-12-19 02:00,-5.6,,3.6,70,81,3475
102,백령도,2022-12-19 03:00,-5.9,,3.7,90,83,4445
102,백령도,2022-12-19 04:00,-6,,3.1,90,82,2982
102,백령도,2022-12-19 05:00,-6.3,,3.4,90,82,2011
102,백령도,2022-12-19 06:00,-6.3,0,2.7,110,83,2877
102,백령도,2022-12-19 07:00,-6,,3.2,90,81,3712
102,백령도,2022-12-19 08:00,-6,,3.3,90,77,3001
102,백령도,2022-12-19 09:00,-5.7,0,3.3,90,73,3169
102,백령도,2022-12-19 10:00,-5.1,,3.8,90,71,3159
102,백령도,2022-12-19 11:00,-4.1,,3.7,110,67,3037
102,백령도,2022-12-19 12:00,-3.9,0,4.3,90,74,757
102,백령도,2022-12-19 13:00,-4.3,,4.2,90,78,658
102,백령도,2022-12-19 14:00,-3.6,,4.1,70,75,570
102,백령도,2022-12-19 15:00,-3.1,.2,3.5,90,70,3953
102,백령도,2022-12-19 16:00,-3.2,,1.6,70,70,3555
102,백령도,2022-12-19 17:00,-3.4,,2.1,70,68,3886
102,백령도,2022-12-19 18:00,-4.2,,2.3,70,73,3478
102,백령도,2022-12-19 19:00,-4.6,,1.6,70,74,3189
102,백령도,2022-12-19 20:00,-4.4,,2.2,70,76,3324
102,백령도,2022-12-19 21:00,-4.3,,1.2,110,80,2859
102,백령도,2022-12-19 22:00,-4.2,,1.7,90,77,3167
102,백령도,2022-12-19 23:00,-3.9,,3.5,90,75,3191
102,백령도,2022-12-20 00:00,-3.7,,3,110,76,3312
102,백령도,2022-12-20 01:00,-3.9,,3.9,90,70,3695
102,백령도,2022-12-20 02:00,-4,,2.9,110,70,3680
102,백령도,2022-12-20 03:00,-3.7,,3.1,110,68,4063
102,백령도,2022-12-20 04:00,-3.1,,3.6,110,71,4104
102,백령도,2022-12-20 05:00,-2.9,,3.1,110,72,3994
102,백령도,2022-12-20 06:00,-3.4,,3.6,110,71,3903
102,백령도,2022-12-20 07:00,-2.8,,3.5,110,72,3869
102,백령도,2022-12-20 08:00,-2.6,,3.3,110,69,4087
102,백령도,2022-12-20 09:00,-2.2,,4.3,110,74,4006
102,백령도,2022-12-20 10:00,-2.7,,5.3,110,74,3163
102,백령도,2022-12-20 11:00,-1.9,,6.3,110,71,3223
102,백령도,2022-12-20 12:00,-.9,,5.5,140,73,3230
102,백령도,2022-12-20 13:00,-.3,,5.7,140,72,3233
102,백령도,2022-12-20 14:00,-.1,,6.8,140,78,2844
102,백령도,2022-12-20 15:00,.4,,6.3,110,78,3058
102,백령도,2022-12-20 16:00,0,,6,90,80,2248
102,백령도,2022-12-20 17:00,.8,,4.4,110,84,2300
102,백령도,2022-12-20 18:00,.5,,8.1,110,81,2393
102,백령도,2022-12-20 19:00,1,,7.2,110,85,1910
102,백령도,2022-12-20 20:00,1.7,,6.3,110,87,1645
102,백령도,2022-12-20 21:00,2.4,.1,7,140,87,1651
102,백령도,2022-12-20 22:00,3.4,,9.7,140,86,1709
102,백령도,2022-12-20 23:00,3.8,,7.3,140,90,849
102,백령도,2022-12-21 00:00,3.4,6.2,6.6,70,97,408
102,백령도,2022-12-21 01:00,5.1,,2.5,200,88,1568
102,백령도,2022-12-21 02:00,5,,6.1,270,88,1863
102,백령도,2022-12-21 03:00,4.2,5.2,4,270,89,1504
102,백령도,2022-12-21 04:00,5,,3.1,270,83,1837
102,백령도,2022-12-21 05:00,5.1,,2.3,270,79,2035
102,백령도,2022-12-21 06:00,5.1,0,4,270,69,1352
102,백령도,2022-12-21 07:00,4.7,,5,290,75,616
102,백령도,2022-12-21 08:00,5,,5.9,290,67,1438
102,백령도,2022-12-21 09:00,4.5,0,6.1,320,57,2173
102,백령도,2022-12-21 10:00,4.7,,6,320,54,2282
102,백령도,2022-12-21 11:00,5.1,,4.9,320,52,2396
102,백령도,2022-12-21 12:00,3.7,0,4.8,270,66,2173
102,백령도,2022-12-21 13:00,5.3,,4.4,290,65,1927
102,백령도,2022-12-21 14:00,4.2,,8,320,67,2193
102,백령도,2022-12-21 15:00,2.6,0,7.9,320,75,1588
102,백령도,2022-12-21 16:00,1.9,,9,320,65,1834
102,백령도,2022-12-21 17:00,1.1,,8,320,61,2364
102,백령도,2022-12-21 18:00,.9,0,7,320,57,2974
102,백령도,2022-12-21 19:00,.5,,7.4,320,55,3121
102,백령도,2022-12-21 20:00,.6,,6.5,320,59,3060
102,백령도,2022-12-21 21:00,-.3,,11,340,57,4094
102,백령도,2022-12-21 22:00,-.6,,9.2,340,57,4643
102,백령도,2022-12-21 23:00,-1.4,,11,340,61,3631
102,백령도,2022-12-22 00:00,-2.1,,12.3,340,62,3691
102,백령도,2022-12-22 01:00,-2.6,,9.1,340,53,4307
102,백령도,2022-12-22 02:00,-3,,11.3,340,62,3305
102,백령도,2022-12-22 03:00,-3.1,,8.8,340,58,2704
102,백령도,2022-12-22 04:00,-3.5,,10.2,320,60,1508
102,백령도,2022-12-22 05:00,-4.1,,10.7,340,60,2475
102,백령도,2022-12-22 06:00,-4,0,11.1,340,62,2222
102,백령도,2022-12-22 07:00,-4.3,,11.2,340,60,3815
102,백령도,2022-12-22 08:00,-5,,12,340,66,1796
102,백령도,2022-12-22 09:00,-5.3,0,12,340,73,1922
102,백령도,2022-12-22 10:00,-5.7,,11.2,340,75,522
102,백령도,2022-12-22 11:00,-5.9,,12.3,340,81,200
102,백령도,2022-12-22 12:00,-5.6,0,9.1,340,69,1008
102,백령도,2022-12-22 13:00,-5.3,,9.8,320,68,1695
102,백령도,2022-12-22 14:00,-5.4,,11.8,340,64,3056
102,백령도,2022-12-22 15:00,-5.8,0,11.2,340,65,1666
102,백령도,2022-12-22 16:00,-6,,12.9,340,73,1153
102,백령도,2022-12-22 17:00,-6.6,,13.2,340,78,332
102,백령도,2022-12-22 18:00,-6.5,0,12.8,340,77,1063
102,백령도,2022-12-22 19:00,-6.7,,14.9,340,66,2608
102,백령도,2022-12-22 20:00,-7.1,,15.1,340,73,359
102,백령도,2022-12-22 21:00,-7.2,0,14.5,340,74,704
102,백령도,2022-12-22 22:00,-7.6,,16.2,340,78,435
102,백령도,2022-12-22 23:00,-7.6,,14.8,340,81,314
102,백령도,2022-12-23 00:00,-7.9,0,15.6,340,80,281
102,백령도,2022-12-23 01:00,-8,,15.8,340,78,461
102,백령도,2022-12-23 02:00,-7.9,,12.7,340,74,745
102,백령도,2022-12-23 03:00,-7.6,0,16.5,340,74,536
102,백령도,2022-12-23 04:00,-7.9,,14.1,340,85,185
102,백령도,2022-12-23 05:00,-8,,12.5,340,88,116
102,백령도,2022-12-23 06:00,-7.9,0,15.3,340,77,542
102,백령도,2022-12-23 07:00,-7.8,,12.9,340,81,181
102,백령도,2022-12-23 08:00,-7.7,,10.1,340,79,577
102,백령도,2022-12-23 09:00,-7.9,0,11.6,340,81,380
102,백령도,2022-12-23 10:00,-7.9,,14.6,340,82,396
102,백령도,2022-12-23 11:00,-8.2,,14.8,340,88,144
102,백령도,2022-12-23 12:00,-7.8,0,14.4,340,74,1003
102,백령도,2022-12-23 13:00,-7.7,,13.8,340,81,820
102,백령도,2022-12-23 14:00,-7.3,,14.4,340,78,617
102,백령도,2022-12-23 15:00,-7,0,12.4,340,88,134
102,백령도,2022-12-23 16:00,-6.8,,14.9,340,81,158
102,백령도,2022-12-23 17:00,-6.3,,12.1,340,82,216
102,백령도,2022-12-23 18:00,-5.6,0,12.9,340,81,984
102,백령도,2022-12-23 19:00,-5.6,,14.1,340,74,708
102,백령도,2022-12-23 20:00,-5.2,,13.2,340,79,376
102,백령도,2022-12-23 21:00,-5.2,0,13.5,340,78,2284
102,백령도,2022-12-23 22:00,-5.2,,15.2,340,78,2227
102,백령도,2022-12-23 23:00,-5.8,,13.3,340,74,2498
102,백령도,2022-12-24 00:00,-5.9,0,12.7,340,78,1361
102,백령도,2022-12-24 01:00,-6.1,,11.9,340,79,1088
102,백령도,2022-12-24 02:00,-6,,12,340,81,956
102,백령도,2022-12-24 03:00,-5.7,0,10.9,340,80,2566
102,백령도,2022-12-24 04:00,-5.4,,9.5,340,79,2584
102,백령도,2022-12-24 05:00,-5.3,,8.6,360,77,2640
102,백령도,2022-12-24 06:00,-4.7,0,7.1,340,77,3688
102,백령도,2022-12-24 07:00,-4.1,,7.1,340,75,3528
102,백령도,2022-12-24 08:00,-4.2,,4.3,360,77,3455
102,백령도,2022-12-24 09:00,-4.6,0,2.6,50,81,2586
102,백령도,2022-12-24 10:00,-3.9,,2.8,50,79,2760
102,백령도,2022-12-24 11:00,-2.7,,4.2,360,76,3298
102,백령도,2022-12-24 12:00,-2.4,,3.4,360,73,3335
102,백령도,2022-12-24 13:00,-2.5,,6.5,340,73,3535
102,백령도,2022-12-24 14:00,-2.2,,6.1,360,75,3367
102,백령도,2022-12-24 15:00,-2.1,,5.1,340,75,3135
102,백령도,2022-12-24 16:00,-1.8,,5.3,360,77,3740
102,백령도,2022-12-24 17:00,-1.4,,6.2,340,79,3839
102,백령도,2022-12-24 18:00,-.6,,6.9,340,76,4208
102,백령도,2022-12-24 19:00,.1,,7.6,340,73,4255
102,백령도,2022-12-24 20:00,.5,,7,340,71,4316
102,백령도,2022-12-24 21:00,1,,8.2,340,68,4300
102,백령도,2022-12-24 22:00,.9,,9.6,340,68,4015
102,백령도,2022-12-24 23:00,1.1,,9.5,340,72,3498
102,백령도,2022-12-25 00:00,1,,8.2,340,71,3228
102,백령도,2022-12-25 01:00,.8,,9.3,340,75,3138
102,백령도,2022-12-25 02:00,.4,,10.4,340,74,3455
102,백령도,2022-12-25 03:00,0,,10.1,340,75,3227
102,백령도,2022-12-25 04:00,-.5,,10.2,340,76,3346
102,백령도,2022-12-25 05:00,-.5,,9.8,340,77,3313
102,백령도,2022-12-25 06:00,-.5,,9.3,340,79,3385
102,백령도,2022-12-25 07:00,-.2,,8.6,360,78,3365
102,백령도,2022-12-25 08:00,-.4,,6.7,360,76,3565
102,백령도,2022-12-25 09:00,-.1,,4.3,360,73,3599
102,백령도,2022-12-25 10:00,.2,,7.8,340,67,4468
102,백령도,2022-12-25 11:00,.6,,7.9,360,70,4226
102,백령도,2022-12-25 12:00,.9,,7.3,340,66,4281
102,백령도,2022-12-25 13:00,.4,,10.4,340,68,4339
102,백령도,2022-12-25 14:00,.2,,9.1,340,72,4066
102,백령도,2022-12-25 15:00,-.3,,8.6,340,72,3846
102,백령도,2022-12-25 16:00,.2,,8,340,68,3931
102,백령도,2022-12-25 17:00,-.4,,7.3,340,71,3989
102,백령도,2022-12-25 18:00,-.4,,7.5,340,72,3587
102,백령도,2022-12-25 19:00,-.1,,8.5,340,71,3808
102,백령도,2022-12-25 20:00,.1,,7.2,340,70,3681
102,백령도,2022-12-25 21:00,.4,,8,340,64,3730
102,백령도,2022-12-25 22:00,.8,,7.2,340,62,3837
102,백령도,2022-12-25 23:00,.8,,6.4,340,59,4399
102,백령도,2022-12-26 00:00,1.1,,5.6,340,60,4400
102,백령도,2022-12-26 01:00,1,,5.5,340,60,4529
102,백령도,2022-12-26 02:00,.9,,5.9,340,61,4006
102,백령도,2022-12-26 03:00,.6,,6.1,340,61,3412
102,백령도,2022-12-26 04:00,.4,,5.5,340,64,3118
102,백령도,2022-12-26 05:00,.2,,6.8,340,66,2872
102,백령도,2022-12-26 06:00,0,,5.8,340,69,3031
102,백령도,2022-12-26 07:00,.1,,5.9,340,70,3588
102,백령도,2022-12-26 08:00,0,,7.1,340,76,3063
102,백령도,2022-12-26 09:00,0,,6.7,340,75,3050
102,백령도,2022-12-26 10:00,.7,,5.2,360,73,3150
102,백령도,2022-12-26 11:00,.7,,3.1,360,72,3233
102,백령도,2022-12-26 12:00,1.1,,3.3,340,72,3408
102,백령도,2022-12-26 13:00,1.4,,4,360,68,3984
102,백령도,2022-12-26 14:00,1.3,,4.5,320,71,3976
102,백령도,2022-12-26 15:00,1.3,,4,340,71,3945
102,백령도,2022-12-26 16:00,1.3,,4.7,340,67,4376
102,백령도,2022-12-26 17:00,.6,,5.2,340,70,4042
102,백령도,2022-12-26 18:00,.3,,4.7,340,72,4200
102,백령도,2022-12-26 19:00,.4,,4,320,72,4676
102,백령도,2022-12-26 20:00,.4,,3.7,340,70,4582
102,백령도,2022-12-26 21:00,.6,,4.2,320,67,4876
102,백령도,2022-12-26 22:00,.6,,3.9,320,67,4848
102,백령도,2022-12-26 23:00,.6,,4,320,63,4932
102,백령도,2022-12-27 00:00,.9,,4.3,320,59,4858
102,백령도,2022-12-27 01:00,1,,4.1,340,58,4289
102,백령도,2022-12-27 02:00,1,,2.5,320,61,4726
102,백령도,2022-12-27 03:00,0,,.8,140,73,4210
102,백령도,2022-12-27 04:00,-.4,,.8,180,81,3273
102,백령도,2022-12-27 05:00,-1.1,,1.3,90,83,3074
102,백령도,2022-12-27 06:00,-.9,,3.1,90,88,2852
102,백령도,2022-12-27 07:00,-1.2,,2.8,70,82,3195
102,백령도,2022-12-27 08:00,-1.3,,2.7,70,79,3136
102,백령도,2022-12-27 09:00,-.4,,2.2,90,82,2380
102,백령도,2022-12-27 10:00,1,,1.9,90,71,3019
102,백령도,2022-12-27 11:00,1.9,,1.7,90,66,3215
102,백령도,2022-12-27 12:00,2,,2,360,64,3015
102,백령도,2022-12-27 13:00,2.3,,2,360,60,3063
102,백령도,2022-12-27 14:00,2.3,,1.5,360,61,3131
102,백령도,2022-12-27 15:00,2.4,,4,340,48,4075
102,백령도,2022-12-27 16:00,2,,2.9,340,53,3917
102,백령도,2022-12-27 17:00,1.1,,2.1,320,56,3673
102,백령도,2022-12-27 18:00,-.3,,1.4,180,64,3447
102,백령도,2022-12-27 19:00,-.1,,1.6,180,63,3521
102,백령도,2022-12-27 20:00,.6,,2.1,180,60,3746
102,백령도,2022-12-27 21:00,1.7,0,3.6,230,61,3244
102,백령도,2022-12-27 22:00,3.2,,6.5,250,52,2353
102,백령도,2022-12-27 23:00,1.6,,7.9,270,81,546
102,백령도,2022-12-28 00:00,1.9,0,8.6,320,67,1857
102,백령도,2022-12-28 01:00,1.2,,9.3,320,63,3065
102,백령도,2022-12-28 02:00,.3,,8.4,340,59,3100
102,백령도,2022-12-28 03:00,-.4,0,6.6,320,49,3733
102,백령도,2022-12-28 04:00,-.7,,7,340,47,3968
102,백령도,2022-12-28 05:00,-.6,,6.5,340,48,4397
102,백령도,2022-12-28 06:00,-.7,,6.5,320,44,4908
102,백령도,2022-12-28 07:00,-.5,,6,320,48,4713
102,백령도,2022-12-28 08:00,-.4,,6.3,320,54,4158
102,백령도,2022-12-28 09:00,-1.3,,3.7,50,63,2853
102,백령도,2022-12-28 10:00,-3.2,,3.5,50,77,912
102,백령도,2022-12-28 11:00,-2.7,,2.9,340,77,735
102,백령도,2022-12-28 12:00,-1.4,0,2.3,360,66,2552
102,백령도,2022-12-28 13:00,-1.7,,2.4,360,61,2870
102,백령도,2022-12-28 14:00,-1.2,,4.3,340,75,1396
102,백령도,2022-12-28 15:00,-1,0,2.5,360,69,3050
102,백령도,2022-12-28 16:00,-.1,,4.7,320,51,3803
102,백령도,2022-12-28 17:00,-.7,,5.6,320,53,3557
102,백령도,2022-12-28 18:00,-1,,5.4,320,52,4243
102,백령도,2022-12-28 19:00,-.9,,5.4,340,54,4422
102,백령도,2022-12-28 20:00,-1,,4.2,320,57,4673
102,백령도,2022-12-28 21:00,-.8,,4.2,320,56,4469
102,백령도,2022-12-28 22:00,-.5,,4.8,320,56,3781
102,백령도,2022-12-28 23:00,-.3,,3.6,340,57,3145
102,백령도,2022-12-29 00:00,-1.9,,2.9,50,71,3194
102,백령도,2022-12-29 01:00,-2,,2.6,90,74,3228
102,백령도,2022-12-29 02:00,-2.3,,1.8,90,74,3201
102,백령도,2022-12-29 03:00,-3,0,4.3,70,81,2697
102,백령도,2022-12-29 04:00,-3.2,,2.1,70,75,3422
102,백령도,2022-12-29 05:00,-2.7,,3.3,70,76,3502
102,백령도,2022-12-29 06:00,-3.1,0,1.7,90,80,2993
102,백령도,2022-12-29 07:00,-3.4,,2,140,82,2713
102,백령도,2022-12-29 08:00,-3.1,,1.9,110,78,3233
102,백령도,2022-12-29 09:00,-2.1,,3.3,110,65,3988
102,백령도,2022-12-29 10:00,-.6,,3.3,180,68,3195
102,백령도,2022-12-29 11:00,.2,,3.6,140,68,3388
102,백령도,2022-12-29 12:00,.2,,3.8,140,73,3511
102,백령도,2022-12-29 13:00,-.1,,3.4,140,82,248
102,백령도,2022-12-29 14:00,1.9,,3.2,230,81,2874
102,백령도,2022-12-29 15:00,2.6,.9,3.9,270,74,3956
102,백령도,2022-12-29 16:00,2.2,,1.5,250,79,3169
102,백령도,2022-12-29 17:00,1.9,,1.9,270,75,3214
102,백령도,2022-12-29 18:00,2.5,0,6.3,320,51,3822
102,백령도,2022-12-29 19:00,2,,5.8,320,56,3953
102,백령도,2022-12-29 20:00,1.6,,5.3,290,56,3971
102,백령도,2022-12-29 21:00,1,,3.3,270,54,4490
102,백령도,2022-12-29 22:00,.9,,3.9,360,77,2697
102,백령도,2022-12-29 23:00,0,,5.4,360,73,2761
102,백령도,2022-12-30 00:00,-.2,,5.6,360,64,3465
102,백령도,2022-12-30 01:00,-.7,,3.6,360,65,3301
102,백령도,2022-12-30 02:00,-1.4,,2.3,20,72,2661
102,백령도,2022-12-30 03:00,-1.7,,1.8,20,67,2942
102,백령도,2022-12-30 04:00,-1.8,,1.8,20,66,2880
102,백령도,2022-12-30 05:00,-2.1,,1.7,20,64,3033
102,백령도,2022-12-30 06:00,-2.3,0,2,20,65,3101
102,백령도,2022-12-30 07:00,-2.6,,2.2,50,62,3372
102,백령도,2022-12-30 08:00,-2.9,,2.2,50,64,3298
102,백령도,2022-12-30 09:00,-1.5,0,1.8,50,58,3230
102,백령도,2022-12-30 10:00,-1,,1.8,50,59,3314
102,백령도,2022-12-30 11:00,-.1,,2.5,70,57,3245
102,백령도,2022-12-30 12:00,.4,,2.4,20,58,2980
102,백령도,2022-12-30 13:00,.6,,2.3,360,59,3093
102,백령도,2022-12-30 14:00,.9,,2.8,340,60,3179
102,백령도,2022-12-30 15:00,.2,,2,360,63,2954
102,백령도,2022-12-30 16:00,-.3,,1.4,320,70,2619
102,백령도,2022-12-30 17:00,-.2,,.8,270,72,2459
102,백령도,2022-12-30 18:00,-.9,,1.6,200,76,2359
102,백령도,2022-12-30 19:00,-.5,,1.3,110,74,2381
102,백령도,2022-12-30 20:00,-.1,,1.7,110,74,2577
102,백령도,2022-12-30 21:00,-.2,0,1.7,140,75,2265
102,백령도,2022-12-30 22:00,.1,,1.7,140,76,2477
102,백령도,2022-12-30 23:00,.2,,1.4,160,74,3100
102,백령도,2022-12-31 00:00,.1,0,3.7,90,80,2328
