지점,지점명,일시,기온(°C),강수량(mm),풍속(m/s),풍향(16방위),습도(%),시정(10m)
102,백령도,2021-01-01 01:00,-.9,,4.5,320,54,4361
102,백령도,2021-01-01 02:00,-2.4,,3.8,340,94,450
102,백령도,2021-01-01 03:00,-1.9,.6,2.3,340,93,2694
102,백령도,2021-01-01 04:00,-2.7,,0,0,94,2418
102,백령도,2021-01-01 05:00,-2.3,,2.1,270,91,2694
102,백령도,2021-01-01 06:00,.4,0,5.4,320,57,3715
102,백령도,2021-01-01 07:00,.2,,4.8,320,45,4529
102,백령도,2021-01-01 08:00,.6,,5.5,320,45,4462
102,백령도,2021-01-01 09:00,.8,,4.9,340,48,4478
102,백령도,2021-01-01 10:00,1,,4.5,340,47,4109
102,백령도,2021-01-01 11:00,-1.1,,3.7,70,73,3197
102,백령도,2021-01-01 12:00,-.5,,3.3,70,70,3659
102,백령도,2021-01-01 13:00,0,,1.9,50,64,3548
102,백령도,2021-01-01 14:00,-.7,,4,340,61,3214
102,백령도,2021-01-01 15:00,-.8,,4.2,340,61,3221
102,백령도,2021-01-01 16:00,-1.1,,3,360,60,3524
102,백령도,2021-01-01 17:00,-1.6,,2,360,63,3262
102,백령도,2021-01-01 18:00,-2.4,,1.6,340,67,3396
102,백령도,2021-01-01 19:00,-2.1,,2.1,340,65,4035
102,백령도,2021-01-01 20:00,-2.2,,4.1,360,67,3759
102,백령도,2021-01-01 21:00,-2.1,,3.6,360,68,3915
102,백령도,2021-01-01 22:00,-2.5,,3.5,360,70,4297
102,백령도,2021-01-01 23:00,-2.7,,4.6,360,70,4506
102,백령도,2021-01-02 00:00,-2.4,,5,360,63,4779
102,백령도,2021-01-02 01:00,-2,,4.5,360,60,4248
102,백령도,2021-01-02 02:00,-1.9,,7.3,340,53,4524
102,백령도,2021-01-02 03:00,-2,,8.9,340,53,4296
102,백령도,2021-01-02 04:00,-2.5,,9.1,340,53,4275
102,백령도,2021-01-02 05:00,-3,,6.8,360,54,4918
102,백령도,2021-01-02 06:00,-3.4,,5.1,360,61,4727
102,백령도,2021-01-02 07:00,-3.8,,5.9,360,65,4539
102,백령도,2021-01-02 08:00,-3.7,,5.4,360,65,4684
102,백령도,2021-01-02 09:00,-3.4,,5.4,340,61,4508
102,백령도,2021-01-02 10:00,-2.9,,5.4,340,60,4699
102,백령도,2021-01-02 11:00,-2.7,,6.5,340,59,3880
102,백령도,2021-01-02 12:00,-2.3,,5.9,340,59,3780
102,백령도,2021-01-02 13:00,-2.8,,8.3,340,59,3841
102,백령도,2021-01-02 14:00,-3.3,,7.1,340,58,3891
102,백령도,2021-01-02 15:00,-3.3,,6.2,340,57,3804
102,백령도,2021-01-02 16:00,-3.3,,5.1,340,56,3880
102,백령도,2021-01-02 17:00,-3.9,,5,340,59,4369
102,백령도,2021-01-02 18:00,-3.7,,3.2,340,63,4312
102,백령도,2021-01-02 19:00,-3.4,,4.3,320,62,3966
102,백령도,2021-01-02 20:00,-3,,5.1,340,63,3653
102,백령도,2021-01-02 21:00,-2.6,,5.7,340,59,3585
102,백령도,2021-01-02 22:00,-2.4,,5.5,340,61,3866
102,백령도,2021-01-02 23:00,-2.2,,6.5,340,56,4108
102,백령도,2021-01-03 00:00,-2,,5.2,340,55,4126
102,백령도,2021-01-03 01:00,-1.7,,5.9,340,56,3841
102,백령도,2021-01-03 02:00,-1.7,,5.5,340,65,3849
102,백령도,2021-01-03 03:00,-2.2,0,7.6,340,69,3671
102,백령도,2021-01-03 04:00,-2.3,,6.3,340,60,4258
102,백령도,2021-01-03 05:00,-2.7,,6.5,360,60,3997
102,백령도,2021-01-03 06:00,-3,0,5.6,360,62,4041
102,백령도,2021-01-03 07:00,-3.1,,4.3,360,63,3726
102,백령도,2021-01-03 08:00,-3.7,,2.9,20,64,3708
102,백령도,2021-01-03 09:00,-3.9,0,2.8,70,62,2784
102,백령도,2021-01-03 10:00,-3.9,,3.4,70,62,2406
102,백령도,2021-01-03 11:00,-3.4,,2.2,360,62,2793
102,백령도,2021-01-03 12:00,-2.6,0,3.1,360,60,3176
102,백령도,2021-01-03 13:00,-3.1,,3.6,360,63,4257
102,백령도,2021-01-03 14:00,-3,,2.2,20,62,4323
102,백령도,2021-01-03 15:00,-2.8,0,3,360,59,4579
102,백령도,2021-01-03 16:00,-3.4,,2.6,340,61,4588
102,백령도,2021-01-03 17:00,-3.5,,.9,50,62,4359
102,백령도,2021-01-03 18:00,-3.9,,.5,20,65,4080
102,백령도,2021-01-03 19:00,-4.5,,0,0,69,2648
102,백령도,2021-01-03 20:00,-4.2,,0,0,69,3436
102,백령도,2021-01-03 21:00,-4.3,,0,0,70,4279
102,백령도,2021-01-03 22:00,-3,,0,0,66,4319
102,백령도,2021-01-03 23:00,-2.8,,0,0,66,3988
102,백령도,2021-01-04 00:00,-3.2,,0,0,68,2302
102,백령도,2021-01-04 01:00,-2.7,,0,0,74,3410
102,백령도,2021-01-04 02:00,-2.6,,3.1,90,76,3719
102,백령도,2021-01-04 03:00,-2.6,,2.7,90,75,3302
102,백령도,2021-01-04 04:00,-2.8,,2.7,110,76,3952
102,백령도,2021-01-04 05:00,-2.9,,3.9,110,77,4039
102,백령도,2021-01-04 06:00,-2.8,,2.9,110,77,3975
102,백령도,2021-01-04 07:00,-2.8,,2.9,110,79,3922
102,백령도,2021-01-04 08:00,-3,,3.3,110,77,3941
102,백령도,2021-01-04 09:00,-2.5,0,3,110,74,3238
102,백령도,2021-01-04 10:00,-2.4,,4.2,110,81,1686
102,백령도,2021-01-04 11:00,-1.8,,4.6,110,70,3102
102,백령도,2021-01-04 12:00,-1.2,0,3.9,110,71,3053
102,백령도,2021-01-04 13:00,-1.2,,5,140,71,2846
102,백령도,2021-01-04 14:00,-.8,,6.1,140,73,2805
102,백령도,2021-01-04 15:00,-.8,0,6.3,140,78,876
102,백령도,2021-01-04 16:00,-1,,6.8,140,82,1181
102,백령도,2021-01-04 17:00,-2,,6,90,89,174
102,백령도,2021-01-04 18:00,-2.8,2.2,6.1,90,95,81
102,백령도,2021-01-04 19:00,-2.7,,6,70,94,705
102,백령도,2021-01-04 20:00,-2.2,,6.4,70,78,2414
102,백령도,2021-01-04 21:00,-2,.8,4.1,50,77,2331
102,백령도,2021-01-04 22:00,-1.4,,1.7,50,78,2549
102,백령도,2021-01-04 23:00,-1.2,,1.2,20,81,2253
102,백령도,2021-01-05 00:00,-2.3,1.7,3.7,360,93,153
102,백령도,2021-01-05 01:00,-2.7,,3.1,20,86,856
102,백령도,2021-01-05 02:00,-3.4,,3.6,50,89,420
102,백령도,2021-01-05 03:00,-3.6,2.8,2.3,50,94,230
102,백령도,2021-01-05 04:00,-3.2,,8.4,360,68,2241
102,백령도,2021-01-05 05:00,-3.8,,7.4,360,61,3487
102,백령도,2021-01-05 06:00,-4,.5,7.1,360,57,4039
102,백령도,2021-01-05 07:00,-4.2,,9.5,340,57,3377
102,백령도,2021-01-05 08:00,-4.5,,7.9,340,60,4200
102,백령도,2021-01-05 09:00,-4.8,,8.6,340,57,4047
102,백령도,2021-01-05 10:00,-5,,8.9,340,61,4102
102,백령도,2021-01-05 11:00,-5.2,,6.7,340,64,2543
102,백령도,2021-01-05 12:00,-5,0,7.5,340,56,4540
102,백령도,2021-01-05 13:00,-5.1,,9.2,340,58,5000
102,백령도,2021-01-05 14:00,-5.1,,8.6,340,61,4992
102,백령도,2021-01-05 15:00,-5.6,0,8,340,72,2335
102,백령도,2021-01-05 16:00,-5.3,,7.2,340,63,4996
102,백령도,2021-01-05 17:00,-5.8,,7.9,340,63,5000
102,백령도,2021-01-05 18:00,-5.8,0,5.2,340,64,4991
102,백령도,2021-01-05 19:00,-5.5,,4.9,340,61,5000
102,백령도,2021-01-05 20:00,-5.5,,6.6,340,63,5000
102,백령도,2021-01-05 21:00,-5.3,,5.2,340,61,4929
102,백령도,2021-01-05 22:00,-5.1,,5.1,340,59,4510
102,백령도,2021-01-05 23:00,-5.1,,6.2,340,62,4454
102,백령도,2021-01-06 00:00,-4.7,0,5.5,340,61,4884
102,백령도,2021-01-06 01:00,-4.6,,6.2,340,59,4810
102,백령도,2021-01-06 02:00,-4.6,,4.9,340,58,4811
102,백령도,2021-01-06 03:00,-4.5,0,3.4,320,54,5000
102,백령도,2021-01-06 04:00,-4.3,,4.2,320,55,5000
102,백령도,2021-01-06 05:00,-4.5,,5,340,62,4172
102,백령도,2021-01-06 06:00,-5.2,.1,6.7,340,83,419
102,백령도,2021-01-06 07:00,-4.8,,6.5,320,53,5000
102,백령도,2021-01-06 08:00,-5.1,,5.3,340,51,4997
102,백령도,2021-01-06 09:00,-4.9,0,2.8,360,41,4999
102,백령도,2021-01-06 10:00,-3.8,,2.2,320,41,4995
102,백령도,2021-01-06 11:00,-3.8,,2.6,290,40,4959
102,백령도,2021-01-06 12:00,-3.1,,2.4,200,41,4803
102,백령도,2021-01-06 13:00,-2.9,,4.5,200,41,4919
102,백령도,2021-01-06 14:00,-2.9,,4.9,200,48,4674
102,백령도,2021-01-06 15:00,-2.8,0,6,230,74,519
102,백령도,2021-01-06 16:00,-1.6,,11.1,250,53,1367
102,백령도,2021-01-06 17:00,-2.6,,13.6,320,71,1643
102,백령도,2021-01-06 18:00,-4.1,1.4,12.2,320,90,193
102,백령도,2021-01-06 19:00,-5,,9.2,340,90,318
102,백령도,2021-01-06 20:00,-5.7,,8.9,340,93,99
102,백령도,2021-01-06 21:00,-7.5,3.5,14.1,340,93,90
102,백령도,2021-01-06 22:00,-8.1,,12.3,320,87,90
102,백령도,2021-01-06 23:00,-8.6,,11.9,320,81,90
102,백령도,2021-01-07 00:00,-9.2,1.1,11.3,320,72,1848
102,백령도,2021-01-07 01:00,-10.4,,11.4,320,83,90
102,백령도,2021-01-07 02:00,-11.3,,11.8,340,78,90
102,백령도,2021-01-07 03:00,-11.3,.7,12.5,340,85,91
102,백령도,2021-01-07 04:00,-11.3,,12.8,340,80,90
102,백령도,2021-01-07 05:00,-11.4,,15.3,340,82,80
102,백령도,2021-01-07 06:00,-11.5,.6,13.4,340,81,343
102,백령도,2021-01-07 07:00,-11.5,,12.8,340,71,689
102,백령도,2021-01-07 08:00,-11.4,,11.7,340,72,666
102,백령도,2021-01-07 09:00,-11.5,.1,10.6,340,76,545
102,백령도,2021-01-07 10:00,-11.4,,10.9,340,79,175
102,백령도,2021-01-07 11:00,-11.1,,11.5,340,74,413
102,백령도,2021-01-07 12:00,-11.1,0,10.1,340,72,374
102,백령도,2021-01-07 13:00,-10.8,,9.7,320,65,1118
102,백령도,2021-01-07 14:00,-10.5,,8.8,320,70,676
102,백령도,2021-01-07 15:00,-10.6,0,8.2,340,77,195
102,백령도,2021-01-07 16:00,-10.1,,7.8,320,84,199
102,백령도,2021-01-07 17:00,-10.4,,9.1,320,81,294
102,백령도,2021-01-07 18:00,-10.7,.7,8.7,320,80,112
102,백령도,2021-01-07 19:00,-10.4,,8.3,320,72,509
102,백령도,2021-01-07 20:00,-10.3,,9.4,320,69,836
102,백령도,2021-01-07 21:00,-9.9,0,9.6,320,74,590
102,백령도,2021-01-07 22:00,-10.2,,11.2,320,71,505
102,백령도,2021-01-07 23:00,-10.4,,9.7,340,77,400
102,백령도,2021-01-08 00:00,-11.2,0,13,340,83,410
102,백령도,2021-01-08 01:00,-11.1,,10.9,360,83,116
102,백령도,2021-01-08 02:00,-11.1,,11,340,82,182
102,백령도,2021-01-08 03:00,-10.8,0,12,340,71,578
102,백령도,2021-01-08 04:00,-10.8,,10.6,340,76,153
102,백령도,2021-01-08 05:00,-10.7,,9.3,340,82,193
102,백령도,2021-01-08 06:00,-10.7,0,8.4,340,83,175
102,백령도,2021-01-08 07:00,-10.5,,7.3,360,77,471
102,백령도,2021-01-08 08:00,-10.3,,7.9,340,80,376
102,백령도,2021-01-08 09:00,-10.2,.4,7.2,360,85,168
102,백령도,2021-01-08 10:00,-10.3,,5.4,360,84,198
102,백령도,2021-01-08 11:00,-11.4,,1.9,50,89,127
102,백령도,2021-01-08 12:00,-11,3.1,2.1,50,90,117
102,백령도,2021-01-08 13:00,-9.7,,4.3,360,90,164
102,백령도,2021-01-08 14:00,-8.9,,7.5,320,76,657
102,백령도,2021-01-08 15:00,-8.9,1.7,8.1,320,72,764
102,백령도,2021-01-08 16:00,-8.9,,8.1,320,73,513
102,백령도,2021-01-08 17:00,-8.5,,6.3,340,73,1627
102,백령도,2021-01-08 18:00,-8.5,0,7.6,340,74,899
102,백령도,2021-01-08 19:00,-8,,6.7,340,62,4687
102,백령도,2021-01-08 20:00,-8,,7.3,340,57,4476
102,백령도,2021-01-08 21:00,-7.4,0,5.9,320,72,3280
102,백령도,2021-01-08 22:00,-7.4,,5.1,320,71,3584
102,백령도,2021-01-08 23:00,-7.3,,5.5,340,77,878
102,백령도,2021-01-09 00:00,-6.9,.3,7.8,340,68,2595
102,백령도,2021-01-09 01:00,-10.2,,5.3,70,89,103
102,백령도,2021-01-09 02:00,-10.5,,3.4,70,90,214
102,백령도,2021-01-09 03:00,-10.3,2.1,4.4,70,90,421
102,백령도,2021-01-09 04:00,-10.2,,3.5,70,90,137
102,백령도,2021-01-09 05:00,-10.5,,3.6,70,89,452
102,백령도,2021-01-09 06:00,-10.3,2.7,4,70,89,167
102,백령도,2021-01-09 07:00,-10.3,,3.2,70,89,123
102,백령도,2021-01-09 08:00,-10.5,,3.7,70,86,414
102,백령도,2021-01-09 09:00,-10.2,2.6,2.4,70,78,3572
102,백령도,2021-01-09 10:00,-9.2,,3.2,70,74,3556
102,백령도,2021-01-09 11:00,-9.2,,2.8,70,80,498
102,백령도,2021-01-09 12:00,-8.9,.5,2.9,50,87,145
102,백령도,2021-01-09 13:00,-8.4,,1.9,50,85,281
102,백령도,2021-01-09 14:00,-8.2,,1.6,20,85,803
102,백령도,2021-01-09 15:00,-7.4,3.7,.7,20,90,389
102,백령도,2021-01-09 16:00,-6.6,,5.4,320,85,289
102,백령도,2021-01-09 17:00,-6.2,,6.3,340,83,1406
102,백령도,2021-01-09 18:00,-5.7,.5,6.2,340,79,923
102,백령도,2021-01-09 19:00,-5.1,,6.9,320,73,1329
102,백령도,2021-01-09 20:00,-4.6,,5.9,340,71,2245
102,백령도,2021-01-09 21:00,-4.7,0,6.8,340,78,740
102,백령도,2021-01-09 22:00,-4.5,,5.7,340,88,284
102,백령도,2021-01-09 23:00,-5.3,,2.1,70,90,738
102,백령도,2021-01-10 00:00,-5.4,.2,.7,50,91,1375
102,백령도,2021-01-10 01:00,-5.5,,3,70,89,2640
102,백령도,2021-01-10 02:00,-6.4,,2,70,83,3390
102,백령도,2021-01-10 03:00,-5.9,.1,2.5,70,74,3550
102,백령도,2021-01-10 04:00,-5.9,,3.2,90,71,3552
102,백령도,2021-01-10 05:00,-6.8,,1.6,70,71,3393
102,백령도,2021-01-10 06:00,-6.4,,.9,90,71,3663
102,백령도,2021-01-10 07:00,-5.8,,2.2,110,76,3152
102,백령도,2021-01-10 08:00,-5.6,,1.8,140,75,3381
102,백령도,2021-01-10 09:00,-4.7,0,1.8,140,71,3570
102,백령도,2021-01-10 10:00,-3.4,,2.9,140,72,2937
102,백령도,2021-01-10 11:00,-3.8,,3.3,110,82,338
102,백령도,2021-01-10 12:00,-4.4,1.2,5.3,110,93,77
102,백령도,2021-01-10 13:00,-4.2,,6.9,110,96,28
102,백령도,2021-01-10 14:00,-4.6,,8.5,90,96,108
102,백령도,2021-01-10 15:00,-5,11.9,7.9,90,96,64
102,백령도,2021-01-10 16:00,-4.9,,6.2,70,92,305
102,백령도,2021-01-10 17:00,-5.4,,3.8,50,84,1855
102,백령도,2021-01-10 18:00,-5.2,.5,2.8,20,74,3179
102,백령도,2021-01-10 19:00,-4.5,,2.3,20,75,2888
102,백령도,2021-01-10 20:00,-4.3,,2.9,50,76,3117
102,백령도,2021-01-10 21:00,-4.5,0,2.7,50,73,3285
102,백령도,2021-01-10 22:00,-4.3,,2.5,50,71,3443
102,백령도,2021-01-10 23:00,-4,,1.9,50,66,3337
102,백령도,2021-01-11 00:00,-4,,2.3,50,67,3190
102,백령도,2021-01-11 01:00,-3.7,,1.6,50,66,3042
102,백령도,2021-01-11 02:00,-3.9,,2.3,70,67,2716
102,백령도,2021-01-11 03:00,-4.3,,2.2,70,67,3014
102,백령도,2021-01-11 04:00,-4.7,,1.9,70,71,2824
102,백령도,2021-01-11 05:00,-4.5,,2.1,90,70,2894
102,백령도,2021-01-11 06:00,-4.5,,0,0,74,2061
102,백령도,2021-01-11 07:00,-4.5,,.8,140,74,2366
102,백령도,2021-01-11 08:00,-4.6,,2.1,110,72,2664
102,백령도,2021-01-11 09:00,-4.5,0,.6,110,69,2578
102,백령도,2021-01-11 10:00,-4,,2.7,110,66,2430
102,백령도,2021-01-11 11:00,-3.5,,3.2,110,66,2264
102,백령도,2021-01-11 12:00,-3.7,0,3,110,71,939
102,백령도,2021-01-11 13:00,-4,,3.9,90,78,1487
102,백령도,2021-01-11 14:00,-3.5,,3.2,110,82,2037
102,백령도,2021-01-11 15:00,-3.3,0,4,90,79,2115
102,백령도,2021-01-11 16:00,-3.2,,3.4,90,77,1950
102,백령도,2021-01-11 17:00,-3.6,,3.3,70,79,583
102,백령도,2021-01-11 18:00,-3.9,.8,3.4,90,86,693
102,백령도,2021-01-11 19:00,-3.9,,3,110,90,2081
102,백령도,2021-01-11 20:00,-3.9,,2.4,110,88,2175
102,백령도,2021-01-11 21:00,-4.4,.6,.1,0,88,1731
102,백령도,2021-01-11 22:00,-4,,1.8,160,90,1965
102,백령도,2021-01-11 23:00,-4,,1.9,110,89,2153
102,백령도,2021-01-12 00:00,-2.6,,3.8,140,89,2339
102,백령도,2021-01-12 01:00,-2.9,,1.5,230,95,32
102,백령도,2021-01-12 02:00,-1.9,,3.1,230,98,1420
102,백령도,2021-01-12 03:00,-1.6,8,3.5,270,98,53
102,백령도,2021-01-12 04:00,-1.4,,.3,0,96,434
102,백령도,2021-01-12 05:00,-1.1,,4,250,71,2162
102,백령도,2021-01-12 06:00,-1.7,1,3.1,270,77,1867
102,백령도,2021-01-12 07:00,-.7,,4.4,270,86,1607
102,백령도,2021-01-12 08:00,-.5,,2,270,75,1939
102,백령도,2021-01-12 09:00,-.4,0,3.3,250,55,2539
102,백령도,2021-01-12 10:00,.4,,4.3,250,48,2115
102,백령도,2021-01-12 11:00,1,,4.2,250,45,2191
102,백령도,2021-01-12 12:00,1.2,,5.5,250,46,2065
102,백령도,2021-01-12 13:00,1.2,,7.1,250,42,2078
102,백령도,2021-01-12 14:00,1.1,,6,250,44,2141
102,백령도,2021-01-12 15:00,1.5,,5.4,250,40,2436
102,백령도,2021-01-12 16:00,1.9,,4.2,250,42,2481
102,백령도,2021-01-12 17:00,1.6,,4.7,250,43,2388
102,백령도,2021-01-12 18:00,1.8,,4.4,250,43,2182
102,백령도,2021-01-12 19:00,2.1,,3.7,250,54,2039
102,백령도,2021-01-12 20:00,3.1,,5.1,230,52,2119
102,백령도,2021-01-12 21:00,3.5,,6,250,53,1966
102,백령도,2021-01-12 22:00,3.6,,5.6,250,53,1782
102,백령도,2021-01-12 23:00,3.7,,4.9,250,51,1781
102,백령도,2021-01-13 00:00,3.6,,4.8,250,45,1761
102,백령도,2021-01-13 01:00,3.6,,5,250,53,1533
102,백령도,2021-01-13 02:00,3.9,,5.2,250,49,1512
102,백령도,2021-01-13 03:00,3.4,,3.2,230,52,1504
102,백령도,2021-01-13 04:00,3.8,,3.4,230,44,1532
102,백령도,2021-01-13 05:00,4.3,,2.9,230,47,1583
102,백령도,2021-01-13 06:00,4.8,,3.8,230,49,1561
102,백령도,2021-01-13 07:00,5.3,,4.7,230,44,1583
102,백령도,2021-01-13 08:00,5.5,,5.1,230,45,1579
102,백령도,2021-01-13 09:00,5.8,,4.4,230,49,1534
102,백령도,2021-01-13 10:00,6.4,,5.2,230,53,1567
102,백령도,2021-01-13 11:00,7.1,,6.3,250,53,1585
102,백령도,2021-01-13 12:00,7.7,,5.5,250,58,1774
102,백령도,2021-01-13 13:00,7.4,,6.5,250,67,1482
102,백령도,2021-01-13 14:00,7.2,,6.7,290,64,1395
102,백령도,2021-01-13 15:00,6.7,,6.6,320,63,1332
102,백령도,2021-01-13 16:00,6,,4.8,340,66,1070
102,백령도,2021-01-13 17:00,5.2,,8.2,340,54,1400
102,백령도,2021-01-13 18:00,3.5,,5.6,360,66,1174
102,백령도,2021-01-13 19:00,3.3,,6,360,65,1176
102,백령도,2021-01-13 20:00,2.9,,6.7,360,57,1800
102,백령도,2021-01-13 21:00,2.5,,5.4,360,57,2164
102,백령도,2021-01-13 22:00,2.3,,6.6,340,45,3403
102,백령도,2021-01-13 23:00,1.9,,6.5,340,45,4401
102,백령도,2021-01-14 00:00,1.3,,4.4,360,55,3355
102,백령도,2021-01-14 01:00,.6,,2.4,360,48,4092
102,백령도,2021-01-14 02:00,0,,1.9,20,39,4877
102,백령도,2021-01-14 03:00,-.5,,1.7,20,42,4980
102,백령도,2021-01-14 04:00,-1,,0,0,44,4826
102,백령도,2021-01-14 05:00,-1,,0,0,45,4557
102,백령도,2021-01-14 06:00,-.4,,.7,50,38,4929
102,백령도,2021-01-14 07:00,-.9,,3.1,70,56,4854
102,백령도,2021-01-14 08:00,-.9,,3.6,90,53,4207
102,백령도,2021-01-14 09:00,-.4,,4,90,46,4420
102,백령도,2021-01-14 10:00,.3,,4.3,110,40,4420
102,백령도,2021-01-14 11:00,1,,3.9,110,33,4555
102,백령도,2021-01-14 12:00,1.5,,3.5,110,29,4583
102,백령도,2021-01-14 13:00,1.7,,6.2,140,28,4529
102,백령도,2021-01-14 14:00,2.1,,6,140,38,4230
102,백령도,2021-01-14 15:00,2.4,,6.4,140,31,4315
102,백령도,2021-01-14 16:00,2.5,,6.2,110,31,4294
102,백령도,2021-01-14 17:00,2.4,,4.8,110,33,3949
102,백령도,2021-01-14 18:00,2.2,,5.6,110,36,3179
102,백령도,2021-01-14 19:00,2.4,,5.5,110,39,2829
102,백령도,2021-01-14 20:00,2.3,,4.3,110,45,2663
102,백령도,2021-01-14 21:00,2.9,,5.4,110,47,2384
102,백령도,2021-01-14 22:00,2.9,,4.7,110,48,2350
102,백령도,2021-01-14 23:00,3.4,,3.8,110,51,2337
102,백령도,2021-01-15 00:00,3.9,,4.6,140,63,2002
102,백령도,2021-01-15 01:00,4.2,,3.8,140,72,1792
102,백령도,2021-01-15 02:00,4.5,,6.6,140,77,1649
102,백령도,2021-01-15 03:00,4.5,,3.7,140,84,1405
102,백령도,2021-01-15 04:00,4.7,,3.8,110,87,1167
102,백령도,2021-01-15 05:00,4.8,,5.9,140,90,928
102,백령도,2021-01-15 06:00,5.5,,3.8,140,97,354
102,백령도,2021-01-15 07:00,7,,2.6,180,99,458
102,백령도,2021-01-15 08:00,8.2,,5.1,230,98,1279
102,백령도,2021-01-15 09:00,8.1,,4.8,230,97,1485
102,백령도,2021-01-15 10:00,7.5,,4.9,270,89,1065
102,백령도,2021-01-15 11:00,6.6,,4.4,290,87,665
102,백령도,2021-01-15 12:00,6.1,,6,290,92,647
102,백령도,2021-01-15 13:00,2.5,,11,340,95,805
102,백령도,2021-01-15 14:00,2.6,,6.7,340,89,1293
102,백령도,2021-01-15 15:00,1.9,,7.6,340,85,1227
102,백령도,2021-01-15 16:00,1.7,,10,320,81,1041
102,백령도,2021-01-15 17:00,.8,,9.2,340,77,1247
102,백령도,2021-01-15 18:00,0,,8.5,340,78,1257
102,백령도,2021-01-15 19:00,-1,,10,340,79,1238
102,백령도,2021-01-15 20:00,-1.6,,9.4,340,77,1580
102,백령도,2021-01-15 21:00,-2.1,,10.9,340,80,1595
102,백령도,2021-01-15 22:00,-2.6,,10.3,340,82,1640
102,백령도,2021-01-15 23:00,-3.1,,10.8,340,80,1826
102,백령도,2021-01-16 00:00,-3.1,,10.7,340,80,2094
102,백령도,2021-01-16 01:00,-3.4,,11.7,340,76,2748
102,백령도,2021-01-16 02:00,-3.6,,11.7,340,76,3086
102,백령도,2021-01-16 03:00,-3.9,,13.4,340,78,2998
102,백령도,2021-01-16 04:00,-4.3,,13.3,340,73,3301
102,백령도,2021-01-16 05:00,-4.6,,12.6,340,74,3634
102,백령도,2021-01-16 06:00,-4.8,,11.5,340,74,3671
102,백령도,2021-01-16 07:00,-4.7,,12.1,340,74,4076
102,백령도,2021-01-16 08:00,-4.7,,11.4,340,72,4367
102,백령도,2021-01-16 09:00,-4.6,,11.1,340,65,4788
102,백령도,2021-01-16 10:00,-4.3,,10.6,340,62,4954
102,백령도,2021-01-16 11:00,-4.6,,9.5,340,63,4978
102,백령도,2021-01-16 12:00,-5.1,,10.1,340,68,4687
102,백령도,2021-01-16 13:00,-4.9,,9.3,340,66,4827
102,백령도,2021-01-16 14:00,-5.1,,8.9,340,65,4702
102,백령도,2021-01-16 15:00,-4.8,0,8,320,59,5000
102,백령도,2021-01-16 16:00,-5.2,,9.3,340,61,4918
102,백령도,2021-01-16 17:00,-4.9,,8.2,320,61,4983
102,백령도,2021-01-16 18:00,-4.7,,9.2,340,61,4997
102,백령도,2021-01-16 19:00,-4.7,,7.1,320,55,4989
102,백령도,2021-01-16 20:00,-4.4,,7.4,340,57,5000
102,백령도,2021-01-16 21:00,-4,,9.2,340,50,5000
102,백령도,2021-01-16 22:00,-3.9,,8.2,320,48,5000
102,백령도,2021-01-16 23:00,-3.7,,7.2,340,53,5000
102,백령도,2021-01-17 00:00,-3.7,,8.3,340,55,5000
102,백령도,2021-01-17 01:00,-4,,8.9,340,62,3579
102,백령도,2021-01-17 02:00,-4.6,,8.2,340,55,4782
102,백령도,2021-01-17 03:00,-4.4,,8.4,340,57,4996
102,백령도,2021-01-17 04:00,-4.7,,8.9,340,56,4968
102,백령도,2021-01-17 05:00,-4.4,,7.9,340,52,5000
102,백령도,2021-01-17 06:00,-4.2,,7.5,340,55,4999
102,백령도,2021-01-17 07:00,-4.1,,3.9,340,53,5000
102,백령도,2021-01-17 08:00,-4.4,,.9,360,58,4999
102,백령도,2021-01-17 09:00,-3.9,0,1.4,110,63,4360
102,백령도,2021-01-17 10:00,-4.1,,2.5,140,69,4084
102,백령도,2021-01-17 11:00,-3.5,,2.7,140,78,1678
102,백령도,2021-01-17 12:00,-3,.3,2.9,90,89,487
102,백령도,2021-01-17 13:00,-3.2,,1.7,110,93,55
102,백령도,2021-01-17 14:00,-1.9,,2,90,86,2917
102,백령도,2021-01-17 15:00,-.8,2.2,4.2,290,59,3724
102,백령도,2021-01-17 16:00,-.7,,4.9,290,63,3576
102,백령도,2021-01-17 17:00,-1,,4.9,270,76,2446
102,백령도,2021-01-17 18:00,-.5,0,6.4,290,58,3937
102,백령도,2021-01-17 19:00,-.3,,7.2,290,54,3965
102,백령도,2021-01-17 20:00,-.4,,5.4,290,49,4006
102,백령도,2021-01-17 21:00,.1,0,5.8,320,52,4152
102,백령도,2021-01-17 22:00,-.7,,5.4,290,71,2394
102,백령도,2021-01-17 23:00,.5,,5.7,290,45,3890
102,백령도,2021-01-18 00:00,.2,.1,4.9,270,42,3443
102,백령도,2021-01-18 01:00,.1,,4.2,250,41,3277
102,백령도,2021-01-18 02:00,.6,,4.9,270,36,3328
102,백령도,2021-01-18 03:00,.8,,3.6,270,38,3175
102,백령도,2021-01-18 04:00,1.2,,4.2,270,36,2882
102,백령도,2021-01-18 05:00,1.6,,4.3,250,37,2407
102,백령도,2021-01-18 06:00,1.8,,5.9,270,39,2370
102,백령도,2021-01-18 07:00,1.5,,5.1,290,42,2521
102,백령도,2021-01-18 08:00,1.5,,5.9,320,55,2504
102,백령도,2021-01-18 09:00,0,.2,8.1,320,90,1016
102,백령도,2021-01-18 10:00,-.6,,8.6,340,92,649
102,백령도,2021-01-18 11:00,.1,,5.3,340,80,1902
102,백령도,2021-01-18 12:00,.4,.3,7.5,340,58,2678
102,백령도,2021-01-18 13:00,-.2,,10.1,340,55,3502
102,백령도,2021-01-18 14:00,-.7,,10.6,340,47,4883
102,백령도,2021-01-18 15:00,-1.2,,10.6,340,47,4184
102,백령도,2021-01-18 16:00,-1.6,,11.1,340,46,4960
102,백령도,2021-01-18 17:00,-2.1,,10.7,340,46,4703
102,백령도,2021-01-18 18:00,-3.5,,12.7,340,58,4168
102,백령도,2021-01-18 19:00,-4.3,,11.3,340,58,4963
102,백령도,2021-01-18 20:00,-5.2,,12.5,340,44,4993
102,백령도,2021-01-18 21:00,-6.3,,11.8,340,55,4849
102,백령도,2021-01-18 22:00,-6.8,,11.5,340,57,4948
102,백령도,2021-01-18 23:00,-7.1,,9.8,360,59,4775
102,백령도,2021-01-19 00:00,-7.2,,7.1,360,61,4955
102,백령도,2021-01-19 01:00,-7.9,,3.8,20,54,5000
102,백령도,2021-01-19 02:00,-8.6,,3.1,20,55,4984
102,백령도,2021-01-19 03:00,-9.2,,2.9,20,55,4988
102,백령도,2021-01-19 04:00,-9.8,,2.5,20,54,4998
102,백령도,2021-01-19 05:00,-10.3,,3,50,49,4999
102,백령도,2021-01-19 06:00,-10.4,,2,50,47,5000
102,백령도,2021-01-19 07:00,-10,,1.1,70,43,5000
102,백령도,2021-01-19 08:00,-10.5,,1.5,20,39,5000
102,백령도,2021-01-19 09:00,-8.4,,0,0,35,5000
102,백령도,2021-01-19 10:00,-6.9,,.7,70,31,4999
102,백령도,2021-01-19 11:00,-6.1,,1.4,360,31,5000
102,백령도,2021-01-19 12:00,-6,,1.7,90,33,4991
102,백령도,2021-01-19 13:00,-4.8,,1.9,90,28,4995
102,백령도,2021-01-19 14:00,-5,,1.3,110,29,4999
102,백령도,2021-01-19 15:00,-4.3,,2.4,90,34,4861
102,백령도,2021-01-19 16:00,-4.3,,1.9,140,29,4999
102,백령도,2021-01-19 17:00,-4.4,,1.7,140,33,4987
102,백령도,2021-01-19 18:00,-4.9,,0,0,37,5000
102,백령도,2021-01-19 19:00,-4.7,,1.9,140,41,5000
102,백령도,2021-01-19 20:00,-4.2,,2.3,140,46,4974
102,백령도,2021-01-19 21:00,-3.7,,1.9,140,53,5000
102,백령도,2021-01-19 22:00,-3.5,,2.4,140,58,5000
102,백령도,2021-01-19 23:00,-3.4,,2,140,61,5000
102,백령도,2021-01-20 00:00,-3.3,,3.4,110,57,4999
102,백령도,2021-01-20 01:00,-3.5,,3.3,110,57,4994
102,백령도,2021-01-20 02:00,-3.2,,3.9,110,60,4994
102,백령도,2021-01-20 03:00,-3.2,,3.9,110,58,4974
102,백령도,2021-01-20 04:00,-3.3,,4,110,58,4842
102,백령도,2021-01-20 05:00,-3.5,,4.1,110,57,4822
102,백령도,2021-01-20 06:00,-3.4,,4.2,110,52,4931
102,백령도,2021-01-20 07:00,-3,,4.5,110,51,4863
102,백령도,2021-01-20 08:00,-3.4,,4.4,110,50,4816
102,백령도,2021-01-20 09:00,-2.6,,5.4,110,46,4700
102,백령도,2021-01-20 10:00,-1.8,,5.3,110,47,3783
102,백령도,2021-01-20 11:00,-.7,,6.8,140,56,3409
102,백령도,2021-01-20 12:00,-.2,,6.1,140,58,3228
102,백령도,2021-01-20 13:00,1.2,,6.5,140,57,3094
102,백령도,2021-01-20 14:00,1.7,,5.6,140,58,3040
102,백령도,2021-01-20 15:00,2.3,,6.2,160,59,3325
102,백령도,2021-01-20 16:00,2.2,,5.8,140,72,2481
102,백령도,2021-01-20 17:00,2.3,,6.2,140,75,2451
102,백령도,2021-01-20 18:00,1.9,,4.4,140,78,2381
102,백령도,2021-01-20 19:00,2.3,,3.5,140,76,2245
102,백령도,2021-01-20 20:00,2.2,,3.5,140,75,2020
102,백령도,2021-01-20 21:00,2,,3.5,110,77,2197
102,백령도,2021-01-20 22:00,2,,2.5,140,75,2178
102,백령도,2021-01-20 23:00,2.2,,2.8,140,76,2239
102,백령도,2021-01-21 00:00,2.4,,2.7,110,72,2520
102,백령도,2021-01-21 01:00,2.5,,3.4,90,76,2372
102,백령도,2021-01-21 02:00,3,,1.6,90,74,2493
102,백령도,2021-01-21 03:00,2.8,,1.3,110,72,2783
102,백령도,2021-01-21 04:00,3.2,,1.5,110,73,2704
102,백령도,2021-01-21 05:00,3.4,,2.7,110,70,2846
102,백령도,2021-01-21 06:00,2.8,,3.7,90,74,2569
102,백령도,2021-01-21 07:00,3.1,,3.5,110,69,2804
102,백령도,2021-01-21 08:00,3,,2,110,74,2308
102,백령도,2021-01-21 09:00,3.5,,3,110,72,2328
102,백령도,2021-01-21 10:00,3.8,,3.7,110,66,2349
102,백령도,2021-01-21 11:00,3.8,,3.5,110,69,2070
102,백령도,2021-01-21 12:00,4.5,,4.9,110,67,2194
102,백령도,2021-01-21 13:00,4.4,,4.1,140,69,2067
102,백령도,2021-01-21 14:00,4.1,,3.4,110,76,1631
102,백령도,2021-01-21 15:00,4.2,0,3.4,110,85,1323
102,백령도,2021-01-21 16:00,3.9,,2.8,110,91,707
102,백령도,2021-01-21 17:00,3.8,,3.2,110,96,510
102,백령도,2021-01-21 18:00,3.7,.7,3.3,110,97,450
102,백령도,2021-01-21 19:00,3.9,,2.3,140,98,350
102,백령도,2021-01-21 20:00,3.6,,2.9,140,98,202
102,백령도,2021-01-21 21:00,3.6,.1,3.2,140,99,169
102,백령도,2021-01-21 22:00,3.8,,2.9,140,100,51
102,백령도,2021-01-21 23:00,3.9,,1.8,160,100,22
102,백령도,2021-01-22 00:00,3.8,.1,1.2,110,100,21
102,백령도,2021-01-22 01:00,3.6,,0,0,100,21
102,백령도,2021-01-22 02:00,3.7,,0,0,100,16
102,백령도,2021-01-22 03:00,3.9,0,0,0,100,14
102,백령도,2021-01-22 04:00,3.8,,0,0,100,12
102,백령도,2021-01-22 05:00,4,,0,0,100,15
102,백령도,2021-01-22 06:00,4.2,0,0,0,100,19
102,백령도,2021-01-22 07:00,4.3,,0,0,100,14
102,백령도,2021-01-22 08:00,4.5,,1.4,320,100,18
102,백령도,2021-01-22 09:00,4,,2.6,340,100,14
102,백령도,2021-01-22 10:00,4.1,,2,320,100,23
102,백령도,2021-01-22 11:00,3.9,,3.8,360,100,308
102,백령도,2021-01-22 12:00,3.8,,3.4,360,100,328
102,백령도,2021-01-22 13:00,3.8,,4.2,340,100,853
102,백령도,2021-01-22 14:00,4.4,,4.6,320,100,858
102,백령도,2021-01-22 15:00,4.7,,3.8,340,100,1083
102,백령도,2021-01-22 16:00,5.1,,3.1,340,96,1257
102,백령도,2021-01-22 17:00,3.9,,3.1,320,94,1003
102,백령도,2021-01-22 18:00,3.2,,4.3,340,96,873
102,백령도,2021-01-22 19:00,3.2,,3.4,340,97,784
102,백령도,2021-01-22 20:00,3,,3.7,340,97,916
102,백령도,2021-01-22 21:00,3,,2,20,98,913
102,백령도,2021-01-22 22:00,2.8,,2.9,20,97,834
102,백령도,2021-01-22 23:00,2.5,,2.2,50,97,889
102,백령도,2021-01-23 00:00,2.5,,2,50,98,809
102,백령도,2021-01-23 01:00,2.6,,2.8,50,97,911
102,백령도,2021-01-23 02:00,2.2,,1.7,20,96,588
102,백령도,2021-01-23 03:00,2.7,,.7,360,97,664
102,백령도,2021-01-23 04:00,3,,1,50,97,811
102,백령도,2021-01-23 05:00,3.4,,1.4,70,97,941
102,백령도,2021-01-23 06:00,3.5,,2.7,50,97,1107
102,백령도,2021-01-23 07:00,3.6,,2,20,94,1347
102,백령도,2021-01-23 08:00,3.9,,2.1,20,93,1507
102,백령도,2021-01-23 09:00,4.4,,2.3,50,92,1947
102,백령도,2021-01-23 10:00,5,,2.6,50,86,2147
102,백령도,2021-01-23 11:00,5.6,,2.1,50,82,2153
102,백령도,2021-01-23 12:00,5.9,,2.5,50,80,2685
102,백령도,2021-01-23 13:00,7.2,,1.8,70,70,3224
102,백령도,2021-01-23 14:00,6.6,,1.2,340,74,3121
102,백령도,2021-01-23 15:00,7.2,,1.8,340,70,3610
102,백령도,2021-01-23 16:00,7.1,,1.8,360,72,3528
102,백령도,2021-01-23 17:00,6.7,,1.7,360,72,3632
102,백령도,2021-01-23 18:00,6.4,,1.9,360,74,3942
102,백령도,2021-01-23 19:00,6.5,,3.9,50,75,3502
102,백령도,2021-01-23 20:00,6.3,,3.9,50,77,3558
102,백령도,2021-01-23 21:00,6.7,,3.5,50,72,4182
102,백령도,2021-01-23 22:00,6.3,,3.5,50,77,3650
102,백령도,2021-01-23 23:00,5.9,,2.5,70,81,3328
102,백령도,2021-01-24 00:00,5.4,,1.6,90,85,3250
102,백령도,2021-01-24 01:00,5,,2.8,110,88,2906
102,백령도,2021-01-24 02:00,4.2,,2.2,90,88,3371
102,백령도,2021-01-24 03:00,4.2,,2.1,90,90,3153
102,백령도,2021-01-24 04:00,4.2,,1.2,90,92,3104
102,백령도,2021-01-24 05:00,4.5,,1.7,90,87,3679
102,백령도,2021-01-24 06:00,4.8,,0,0,85,4038
102,백령도,2021-01-24 07:00,4.5,,.1,0,86,2989
102,백령도,2021-01-24 08:00,4.5,,0,0,82,4595
102,백령도,2021-01-24 09:00,5,,1.9,110,84,4017
102,백령도,2021-01-24 10:00,6.2,,1.9,110,75,4006
102,백령도,2021-01-24 11:00,7.3,,1.8,90,68,4453
102,백령도,2021-01-24 12:00,8.2,,2.2,140,62,4849
102,백령도,2021-01-24 13:00,8.6,,2.7,110,59,4871
102,백령도,2021-01-24 14:00,9,,2,140,59,4941
102,백령도,2021-01-24 15:00,9,,1.1,70,60,4757
102,백령도,2021-01-24 16:00,7.6,,.2,0,64,4876
102,백령도,2021-01-24 17:00,6.9,,.6,340,65,4953
102,백령도,2021-01-24 18:00,6,,0,0,75,4825
102,백령도,2021-01-24 19:00,5.2,,1.7,290,77,5000
102,백령도,2021-01-24 20:00,5.2,,1.5,320,76,4957
102,백령도,2021-01-24 21:00,6,,0,0,73,4995
102,백령도,2021-01-24 22:00,6.6,,0,0,69,4907
102,백령도,2021-01-24 23:00,6,,.9,50,74,4745
102,백령도,2021-01-25 00:00,6.2,,0,0,75,4518
102,백령도,2021-01-25 01:00,6.6,,0,0,72,4134
102,백령도,2021-01-25 02:00,4.8,,1.3,320,81,4005
102,백령도,2021-01-25 03:00,5.6,,0,0,77,4383
102,백령도,2021-01-25 04:00,4.1,,2.5,70,93,2139
102,백령도,2021-01-25 05:00,3.7,,1.6,110,96,1498
102,백령도,2021-01-25 06:00,3.9,,2.3,90,91,2207
102,백령도,2021-01-25 07:00,4,,2.2,90,93,2015
102,백령도,2021-01-25 08:00,3.8,,2.3,110,93,1952
102,백령도,2021-01-25 09:00,4.8,,2.4,110,91,2225
102,백령도,2021-01-25 10:00,6.1,,1.3,140,81,2941
102,백령도,2021-01-25 11:00,6.2,,2.3,110,82,2734
102,백령도,2021-01-25 12:00,6.8,,2.6,140,74,2737
102,백령도,2021-01-25 13:00,7.6,,3.1,140,74,2653
102,백령도,2021-01-25 14:00,7.9,,3.8,140,68,2750
102,백령도,2021-01-25 15:00,8,,3,140,67,2778
102,백령도,2021-01-25 16:00,8,,2.8,140,68,2775
102,백령도,2021-01-25 17:00,7.2,,1.6,140,71,2399
102,백령도,2021-01-25 18:00,6.2,,0,0,74,2225
102,백령도,2021-01-25 19:00,5.9,,1.4,160,80,2171
102,백령도,2021-01-25 20:00,6,,2.3,160,80,2234
102,백령도,2021-01-25 21:00,5.3,,.3,0,88,1359
102,백령도,2021-01-25 22:00,5.5,,0,0,87,1322
102,백령도,2021-01-25 23:00,5.4,,2.4,200,91,1051
102,백령도,2021-01-26 00:00,5.1,,2.3,200,93,900
102,백령도,2021-01-26 01:00,4.7,,1.3,110,96,669
102,백령도,2021-01-26 02:00,4.8,,0,0,97,616
102,백령도,2021-01-26 03:00,4.8,,0,0,98,535
102,백령도,2021-01-26 04:00,4.5,,0,0,98,508
102,백령도,2021-01-26 05:00,4.4,,0,0,98,365
102,백령도,2021-01-26 06:00,5.2,0,0,0,99,429
102,백령도,2021-01-26 07:00,6.4,,2.7,290,98,871
102,백령도,2021-01-26 08:00,5.5,,4.2,320,98,950
102,백령도,2021-01-26 09:00,5,.1,5.1,320,98,1794
102,백령도,2021-01-26 10:00,4.8,,4.4,320,96,2380
102,백령도,2021-01-26 11:00,5.2,,5,320,92,3760
102,백령도,2021-01-26 12:00,4.9,0,6.5,320,89,4175
102,백령도,2021-01-26 13:00,5,,6.7,320,88,2723
102,백령도,2021-01-26 14:00,5.2,,7.3,320,88,1887
102,백령도,2021-01-26 15:00,4.9,,6.4,340,85,1572
102,백령도,2021-01-26 16:00,4.9,,6.1,340,83,1397
102,백령도,2021-01-26 17:00,4.7,,5.2,340,84,1300
102,백령도,2021-01-26 18:00,4.6,,7.2,340,66,1640
102,백령도,2021-01-26 19:00,4.6,,6.4,340,70,1420
102,백령도,2021-01-26 20:00,4.3,,3.8,320,72,1399
102,백령도,2021-01-26 21:00,4.6,,5.3,340,70,1317
102,백령도,2021-01-26 22:00,4.9,,8.4,340,60,1762
102,백령도,2021-01-26 23:00,4,,7.7,360,49,2443
102,백령도,2021-01-27 00:00,3.4,,5.6,360,35,3444
102,백령도,2021-01-27 01:00,3.3,,4.8,360,23,4910
102,백령도,2021-01-27 02:00,2.8,,3.7,360,28,4560
102,백령도,2021-01-27 03:00,2.8,,3.9,360,28,4214
102,백령도,2021-01-27 04:00,2.3,,3.5,20,30,4120
102,백령도,2021-01-27 05:00,1.6,,3,360,30,4274
102,백령도,2021-01-27 06:00,1.5,,2.4,20,33,4433
102,백령도,2021-01-27 07:00,1.4,,1.9,20,31,4253
102,백령도,2021-01-27 08:00,1,,1.8,20,32,4489
102,백령도,2021-01-27 09:00,1.7,,1.9,20,28,4354
102,백령도,2021-01-27 10:00,2.5,,2.5,360,27,4549
102,백령도,2021-01-27 11:00,3.3,,2.4,50,23,4662
102,백령도,2021-01-27 12:00,3.4,,2.7,340,22,4549
102,백령도,2021-01-27 13:00,3.2,,4.7,340,21,4984
102,백령도,2021-01-27 14:00,3.1,,3.6,340,20,4985
102,백령도,2021-01-27 15:00,3.2,,3.5,340,17,4990
102,백령도,2021-01-27 16:00,2.7,,2.6,340,19,4980
102,백령도,2021-01-27 17:00,2.6,,.6,340,21,4999
102,백령도,2021-01-27 18:00,1.5,,0,0,25,4699
102,백령도,2021-01-27 19:00,.9,,0,0,27,4880
102,백령도,2021-01-27 20:00,1.1,,0,0,24,4891
102,백령도,2021-01-27 21:00,1.8,,2.3,200,30,4992
102,백령도,2021-01-27 22:00,1.2,,2.2,180,39,4980
102,백령도,2021-01-27 23:00,2.1,,3.3,180,44,4948
102,백령도,2021-01-28 00:00,2.9,,4,180,42,4969
102,백령도,2021-01-28 01:00,3.2,,3.1,180,45,4887
102,백령도,2021-01-28 02:00,3.8,,4,180,43,4056
102,백령도,2021-01-28 03:00,4.2,,4.8,200,48,4792
102,백령도,2021-01-28 04:00,4.9,,6,230,62,4362
102,백령도,2021-01-28 05:00,5.8,,7,230,70,3391
102,백령도,2021-01-28 06:00,2.9,.7,8.1,270,92,428
102,백령도,2021-01-28 07:00,2.2,,9.9,290,92,674
102,백령도,2021-01-28 08:00,1.5,,11.6,320,86,2413
102,백령도,2021-01-28 09:00,.6,.9,8.2,340,77,2307
102,백령도,2021-01-28 10:00,.3,,9.5,340,65,2444
102,백령도,2021-01-28 11:00,-.8,,9.1,320,58,2943
102,백령도,2021-01-28 12:00,-1.9,0,13.8,340,51,3701
102,백령도,2021-01-28 13:00,-2.2,,12.5,340,51,3814
102,백령도,2021-01-28 14:00,-2.5,,10.7,340,44,4939
102,백령도,2021-01-28 15:00,-3,0,13.5,320,46,4995
102,백령도,2021-01-28 16:00,-4.1,,11.7,320,43,4848
102,백령도,2021-01-28 17:00,-4.7,,11,320,47,4921
102,백령도,2021-01-28 18:00,-5.5,,16,340,46,4701
102,백령도,2021-01-28 19:00,-5.5,,15.4,340,47,4751
102,백령도,2021-01-28 20:00,-5.8,,16.6,340,50,3906
102,백령도,2021-01-28 21:00,-6,,17,340,54,3797
102,백령도,2021-01-28 22:00,-6,,13.5,340,54,3821
102,백령도,2021-01-28 23:00,-5.8,,14.3,340,49,4791
102,백령도,2021-01-29 00:00,-6.4,0,14.2,340,55,4288
102,백령도,2021-01-29 01:00,-6.3,,12.3,340,46,4848
102,백령도,2021-01-29 02:00,-6.3,,11.9,340,49,4928
102,백령도,2021-01-29 03:00,-6.6,,11.9,340,52,4859
102,백령도,2021-01-29 04:00,-6.6,,10.2,340,55,4977
102,백령도,2021-01-29 05:00,-6.6,,9.6,340,54,4988
102,백령도,2021-01-29 06:00,-6.5,,7.7,340,56,4992
102,백령도,2021-01-29 07:00,-6.7,,7.7,340,56,4996
102,백령도,2021-01-29 08:00,-6.6,,5.7,340,56,4999
102,백령도,2021-01-29 09:00,-6.4,,5.7,360,55,4912
102,백령도,2021-01-29 10:00,-6,,5.1,360,53,4954
102,백령도,2021-01-29 11:00,-5.3,,4.1,360,51,4983
102,백령도,2021-01-29 12:00,-5.2,,4,360,50,4879
102,백령도,2021-01-29 13:00,-4.6,,4.8,360,52,4841
102,백령도,2021-01-29 14:00,-4.6,,5.1,340,51,4839
102,백령도,2021-01-29 15:00,-4.4,,1,360,52,4778
102,백령도,2021-01-29 16:00,-4.6,,2.7,340,53,4820
102,백령도,2021-01-29 17:00,-4.7,,1.2,70,58,4718
102,백령도,2021-01-29 18:00,-5.5,,2,90,62,4986
102,백령도,2021-01-29 19:00,-5,,2.4,140,67,4851
102,백령도,2021-01-29 20:00,-4.4,,3.4,140,71,4934
102,백령도,2021-01-29 21:00,-3.7,,4.1,140,74,4981
102,백령도,2021-01-29 22:00,-2.3,,5,140,83,3935
102,백령도,2021-01-29 23:00,-1.1,,5.8,160,86,2583
102,백령도,2021-01-30 00:00,-.8,0,4.7,160,88,2647
102,백령도,2021-01-30 01:00,0,,5.3,160,90,2489
102,백령도,2021-01-30 02:00,1.4,,4.8,160,90,2977
102,백령도,2021-01-30 03:00,2.3,.1,3.5,140,90,2604
102,백령도,2021-01-30 04:00,4.2,,3.3,250,76,1953
102,백령도,2021-01-30 05:00,4,,2.6,270,79,1615
102,백령도,2021-01-30 06:00,.8,,3.9,70,93,1415
102,백령도,2021-01-30 07:00,-.2,,2.8,90,95,1180
102,백령도,2021-01-30 08:00,.2,,1.5,70,96,1104
102,백령도,2021-01-30 09:00,.6,,1.7,70,96,1117
102,백령도,2021-01-30 10:00,2.6,,.4,0,86,1563
102,백령도,2021-01-30 11:00,4.3,,6.4,340,67,1818
102,백령도,2021-01-30 12:00,3.5,,6,340,60,2182
102,백령도,2021-01-30 13:00,3.1,,4.1,340,58,2244
102,백령도,2021-01-30 14:00,2.4,,4.4,340,64,2051
102,백령도,2021-01-30 15:00,2.1,,5.7,340,56,2105
102,백령도,2021-01-30 16:00,2.2,,5.4,360,55,2482
102,백령도,2021-01-30 17:00,1.8,,4.1,360,47,3781
102,백령도,2021-01-30 18:00,.8,,3.3,50,37,4937
102,백령도,2021-01-30 19:00,.4,,1.9,20,48,4633
102,백령도,2021-01-30 20:00,.2,,2.7,50,42,4385
102,백령도,2021-01-30 21:00,-.7,,0,0,43,4676
102,백령도,2021-01-30 22:00,-.1,,1.7,50,46,4702
102,백령도,2021-01-30 23:00,0,,2,70,49,4660
102,백령도,2021-01-31 00:00,.1,,3.4,90,58,3735
102,백령도,2021-01-31 01:00,.6,,4.1,90,57,3592
102,백령도,2021-01-31 02:00,.5,,4.2,110,58,3623
102,백령도,2021-01-31 03:00,.9,,4.2,110,51,4185
102,백령도,2021-01-31 04:00,1,,4.7,110,57,3514
102,백령도,2021-01-31 05:00,1.1,,5.5,140,65,3511
102,백령도,2021-01-31 06:00,.3,,6.6,140,68,2988
102,백령도,2021-01-31 07:00,.4,,5.3,140,73,2902
102,백령도,2021-01-31 08:00,.7,,5.3,140,78,2549
102,백령도,2021-01-31 09:00,.4,,7,110,83,2268
102,백령도,2021-01-31 10:00,.9,,5.9,110,83,1917
102,백령도,2021-01-31 11:00,1.8,,6.2,110,79,1909
102,백령도,2021-01-31 12:00,2.9,,6.6,140,76,1717
102,백령도,2021-01-31 13:00,3.9,,6.7,140,72,1802
102,백령도,2021-01-31 14:00,4.2,,7.1,140,78,1663
102,백령도,2021-01-31 15:00,4.5,,6.6,140,84,1468
102,백령도,2021-01-31 16:00,4.9,,6.1,140,88,1364
102,백령도,2021-01-31 17:00,5.1,,5.9,140,93,1112
102,백령도,2021-01-31 18:00,6.1,,5.8,140,96,990
102,백령도,2021-01-31 19:00,6.6,,4.9,140,97,1141
102,백령도,2021-01-31 20:00,7.8,,4.8,180,96,1690
102,백령도,2021-01-31 21:00,7.7,,4.8,180,97,1600
102,백령도,2021-01-31 22:00,8.4,,4.9,180,96,2027
102,백령도,2021-01-31 23:00,8.8,,5.7,200,95,2232
102,백령도,2021-02-01 00:00,8.6,,3.7,230,96,1820
102,백령도,2021-02-01 01:00,8.3,,4.6,200,97,1560
102,백령도,2021-02-01 02:00,8.3,,4.8,230,97,1563
102,백령도,2021-02-01 03:00,8,,5.7,230,96,1827
102,백령도,2021-02-01 04:00,6.8,,4.5,250,95,1208
102,백령도,2021-02-01 05:00,5.7,,3.1,230,98,656
102,백령도,2021-02-01 06:00,4.8,,.7,230,98,371
102,백령도,2021-02-01 07:00,4.5,,.9,270,100,310
102,백령도,2021-02-01 08:00,4.3,,1.7,250,100,248
102,백령도,2021-02-01 09:00,4.7,,0,0,100,110
102,백령도,2021-02-01 10:00,5.7,,1.7,200,100,310
102,백령도,2021-02-01 11:00,6.6,,4.2,290,95,562
102,백령도,2021-02-01 12:00,6.8,,5.1,290,90,459
102,백령도,2021-02-01 13:00,4.8,,7.6,320,81,522
102,백령도,2021-02-01 14:00,2.2,,10.4,340,85,416
102,백령도,2021-02-01 15:00,3.2,,10.3,340,78,748
102,백령도,2021-02-01 16:00,2.4,,11.8,340,73,1147
102,백령도,2021-02-01 17:00,1.9,,13.1,340,45,3383
102,백령도,2021-02-01 18:00,.5,,12.1,340,56,2208
102,백령도,2021-02-01 19:00,-.7,,10.3,340,63,1958
102,백령도,2021-02-01 20:00,-1.3,,13.1,340,56,2707
102,백령도,2021-02-01 21:00,-1.5,,14.3,340,58,2961
102,백령도,2021-02-01 22:00,-2.5,,15.3,340,56,3303
102,백령도,2021-02-01 23:00,-3.2,,14.4,340,51,3732
102,백령도,2021-02-02 00:00,-3.9,,13.1,340,56,3998
102,백령도,2021-02-02 01:00,-3.9,,12.8,340,55,3938
102,백령도,2021-02-02 02:00,-4.1,,12.7,340,54,4395
102,백령도,2021-02-02 03:00,-4.1,,14.1,340,47,4972
102,백령도,2021-02-02 04:00,-4.7,,12.7,340,50,4735
102,백령도,2021-02-02 05:00,-5.3,,10.6,360,62,4381
102,백령도,2021-02-02 06:00,-6.2,,10.4,360,56,4601
102,백령도,2021-02-02 07:00,-6.4,,9.2,340,58,4730
102,백령도,2021-02-02 08:00,-6.5,,8.8,340,57,4936
102,백령도,2021-02-02 09:00,-6,,7.9,360,56,4925
102,백령도,2021-02-02 10:00,-5.7,,7.4,340,54,4908
102,백령도,2021-02-02 11:00,-5.4,,7.2,360,53,4825
102,백령도,2021-02-02 12:00,-5.1,,6.8,340,56,4954
102,백령도,2021-02-02 13:00,-4.8,,5,360,61,2739
102,백령도,2021-02-02 14:00,-4.8,,3.8,340,65,1239
102,백령도,2021-02-02 15:00,-4.8,.1,3.7,340,64,2418
102,백령도,2021-02-02 16:00,-4.8,,1.6,20,64,1773
102,백령도,2021-02-02 17:00,-6.2,,2.9,360,79,404
102,백령도,2021-02-02 18:00,-6.8,0,1.4,20,75,4739
102,백령도,2021-02-02 19:00,-6.5,,2.5,340,70,4980
102,백령도,2021-02-02 20:00,-5.8,,3.1,320,73,4796
102,백령도,2021-02-02 21:00,-5.6,.4,2.8,360,87,525
102,백령도,2021-02-02 22:00,-5.5,,0,0,89,1071
102,백령도,2021-02-02 23:00,-5.1,,5,50,87,3592
102,백령도,2021-02-03 00:00,-5.7,.4,1.7,70,82,4143
102,백령도,2021-02-03 01:00,-5.3,,1.3,70,77,4119
102,백령도,2021-02-03 02:00,-5.8,,0,0,82,3635
102,백령도,2021-02-03 03:00,-5.5,,1.4,140,84,3720
102,백령도,2021-02-03 04:00,-5.2,,0,0,83,3820
102,백령도,2021-02-03 05:00,-4.7,,1.6,140,86,3485
102,백령도,2021-02-03 06:00,-3.8,,1.5,160,76,4165
102,백령도,2021-02-03 07:00,-3.1,,.9,160,58,4249
102,백령도,2021-02-03 08:00,-3,,.9,160,58,3795
102,백령도,2021-02-03 09:00,-1.2,,.6,180,57,3291
102,백령도,2021-02-03 10:00,-.3,,.6,180,59,3626
102,백령도,2021-02-03 11:00,1.2,,4.1,200,59,4520
102,백령도,2021-02-03 12:00,2.7,,5.3,250,48,4762
102,백령도,2021-02-03 13:00,3.1,,5.1,230,43,4480
102,백령도,2021-02-03 14:00,3.7,,5.5,250,41,3456
102,백령도,2021-02-03 15:00,3.3,,5.2,230,54,2685
102,백령도,2021-02-03 16:00,4,,3.9,230,62,2211
102,백령도,2021-02-03 17:00,4.4,,5.8,250,64,1871
102,백령도,2021-02-03 18:00,4.5,0,5.8,250,65,1966
102,백령도,2021-02-03 19:00,4.8,,6.1,250,77,1817
102,백령도,2021-02-03 20:00,4.7,,6.9,270,82,1474
102,백령도,2021-02-03 21:00,4.3,0,5.5,290,72,1461
102,백령도,2021-02-03 22:00,1,,11.6,340,95,120
102,백령도,2021-02-03 23:00,-.9,,8.2,340,90,284
102,백령도,2021-02-04 00:00,-1.7,.9,9.5,360,82,371
102,백령도,2021-02-04 01:00,-1.8,,8.9,360,67,602
102,백령도,2021-02-04 02:00,-2.3,,8.9,360,62,724
102,백령도,2021-02-04 03:00,-2.5,,11,340,54,4471
102,백령도,2021-02-04 04:00,-2.8,,9.9,340,49,4908
102,백령도,2021-02-04 05:00,-2.9,,8.5,360,51,4733
102,백령도,2021-02-04 06:00,-2.9,,9,340,49,4661
102,백령도,2021-02-04 07:00,-3,,6.7,360,46,4994
102,백령도,2021-02-04 08:00,-3.2,,3.7,360,45,5000
102,백령도,2021-02-04 09:00,-2.7,,2.8,20,45,4768
102,백령도,2021-02-04 10:00,-2.2,,2.4,90,44,4914
102,백령도,2021-02-04 11:00,-1.6,,2,90,44,4935
102,백령도,2021-02-04 12:00,-1,,2.8,140,44,4911
102,백령도,2021-02-04 13:00,-.4,,4.7,180,46,4792
102,백령도,2021-02-04 14:00,.5,,3.8,200,46,4952
102,백령도,2021-02-04 15:00,1.3,,4.9,200,51,4979
102,백령도,2021-02-04 16:00,2.3,,3.7,200,52,4980
102,백령도,2021-02-04 17:00,2.9,,3.4,230,54,4959
102,백령도,2021-02-04 18:00,2.6,,3.8,230,54,4933
102,백령도,2021-02-04 19:00,2.6,,4.2,230,61,4639
102,백령도,2021-02-04 20:00,2.7,,4,230,65,4214
102,백령도,2021-02-04 21:00,3,,4.6,230,66,4356
102,백령도,2021-02-04 22:00,3.1,,5.1,230,69,4141
102,백령도,2021-02-04 23:00,3.6,,6.2,230,70,3907
102,백령도,2021-02-05 00:00,4,,7.2,250,68,3786
102,백령도,2021-02-05 01:00,4.2,,6.6,250,62,3726
102,백령도,2021-02-05 02:00,4.1,,5.9,230,66,3036
102,백령도,2021-02-05 03:00,4.3,,6.2,230,72,2447
102,백령도,2021-02-05 04:00,4.4,,5.7,230,72,2509
102,백령도,2021-02-05 05:00,4.4,,5,230,77,2291
102,백령도,2021-02-05 06:00,4.7,,5.3,200,78,1929
102,백령도,2021-02-05 07:00,5,,5.5,230,78,1491
102,백령도,2021-02-05 08:00,4.9,,5.8,230,73,1919
102,백령도,2021-02-05 09:00,5.8,,5.3,230,72,2153
102,백령도,2021-02-05 10:00,6.4,,5,230,68,2286
102,백령도,2021-02-05 11:00,7.2,,5.3,230,66,2351
102,백령도,2021-02-05 12:00,7.4,,6.2,230,66,2189
102,백령도,2021-02-05 13:00,7.7,,6.2,230,67,2251
102,백령도,2021-02-05 14:00,7.8,,6.9,230,67,2168
102,백령도,2021-02-05 15:00,8.1,,5.9,230,62,2397
102,백령도,2021-02-05 16:00,7.6,,5.9,230,66,2399
102,백령도,2021-02-05 17:00,7.2,,5.1,200,72,2390
102,백령도,2021-02-05 18:00,6.9,,5.3,230,77,2343
102,백령도,2021-02-05 19:00,6.4,,4.2,200,83,2300
102,백령도,2021-02-05 20:00,6.7,,4.9,230,80,2505
102,백령도,2021-02-05 21:00,6.6,,3.8,230,84,1952
102,백령도,2021-02-05 22:00,6.6,,3.9,230,88,1426
102,백령도,2021-02-05 23:00,6.5,,5,230,88,1108
102,백령도,2021-02-06 00:00,6.2,,5.4,230,90,719
102,백령도,2021-02-06 01:00,6,,5.3,230,92,568
102,백령도,2021-02-06 02:00,5.9,,5.4,230,94,503
102,백령도,2021-02-06 03:00,5.8,,4.7,230,95,426
102,백령도,2021-02-06 04:00,5.8,,3.6,230,96,354
102,백령도,2021-02-06 05:00,5.5,,.2,0,96,322
102,백령도,2021-02-06 06:00,5.4,,0,0,97,268
102,백령도,2021-02-06 07:00,4.7,,1.6,110,98,193
102,백령도,2021-02-06 08:00,4.5,,.3,0,99,69
102,백령도,2021-02-06 09:00,5,,1.9,110,100,130
102,백령도,2021-02-06 10:00,5.4,,2.8,90,99,162
102,백령도,2021-02-06 11:00,6.6,,3,110,99,434
102,백령도,2021-02-06 12:00,7.7,,4,140,92,596
102,백령도,2021-02-06 13:00,7.4,,3.4,180,90,664
102,백령도,2021-02-06 14:00,8.9,,3.6,180,84,697
102,백령도,2021-02-06 15:00,9.7,,1.9,230,76,734
102,백령도,2021-02-06 16:00,9.2,,2.4,200,78,662
102,백령도,2021-02-06 17:00,8,,4.1,250,83,570
102,백령도,2021-02-06 18:00,6.6,,2.9,290,87,503
102,백령도,2021-02-06 19:00,5.2,,2.5,290,93,276
102,백령도,2021-02-06 20:00,4.1,,4.8,320,98,150
102,백령도,2021-02-06 21:00,4.3,,4.4,340,100,14
102,백령도,2021-02-06 22:00,3.9,,4.3,320,100,15
102,백령도,2021-02-06 23:00,3,,4.4,320,100,95
102,백령도,2021-02-07 00:00,2.2,,5.8,340,100,118
102,백령도,2021-02-07 01:00,2.4,,2.1,340,99,444
102,백령도,2021-02-07 02:00,3.2,,6,340,80,963
102,백령도,2021-02-07 03:00,3.1,,6.1,340,80,1438
102,백령도,2021-02-07 04:00,2.4,,4,360,87,1266
102,백령도,2021-02-07 05:00,2.7,,6.9,360,81,1811
102,백령도,2021-02-07 06:00,2.3,,6.8,340,81,1812
102,백령도,2021-02-07 07:00,2.1,,5.3,360,81,1918
102,백령도,2021-02-07 08:00,1.8,,7.2,360,77,2001
102,백령도,2021-02-07 09:00,1.9,,6.4,360,65,2346
102,백령도,2021-02-07 10:00,2,,6.2,360,53,2801
102,백령도,2021-02-07 11:00,2.3,,6.9,360,42,3661
102,백령도,2021-02-07 12:00,2.2,,7.5,360,41,4148
102,백령도,2021-02-07 13:00,2,,9.3,360,40,4428
102,백령도,2021-02-07 14:00,2,,8.4,360,47,4814
102,백령도,2021-02-07 15:00,1.8,,8.9,340,46,4492
102,백령도,2021-02-07 16:00,.9,,10.6,340,49,3259
102,백령도,2021-02-07 17:00,.4,,10.1,340,53,2360
102,백령도,2021-02-07 18:00,-.1,,9.8,340,51,3009
102,백령도,2021-02-07 19:00,-.1,,8.8,340,44,3876
102,백령도,2021-02-07 20:00,-.1,,11.1,340,44,4831
102,백령도,2021-02-07 21:00,-.4,,11.6,340,47,4101
102,백령도,2021-02-07 22:00,-.8,,12.1,340,46,4482
102,백령도,2021-02-07 23:00,-1.3,,12.3,340,52,4470
102,백령도,2021-02-08 00:00,-1.5,,11.6,340,49,4639
102,백령도,2021-02-08 01:00,-1.8,,11,340,49,4840
102,백령도,2021-02-08 02:00,-2.3,,11.4,340,46,4942
102,백령도,2021-02-08 03:00,-2.7,,10.8,340,46,4964
102,백령도,2021-02-08 04:00,-2.8,,11.4,340,48,4993
102,백령도,2021-02-08 05:00,-2.6,,11.8,360,42,5000
102,백령도,2021-02-08 06:00,-2.6,,11,340,49,5000
102,백령도,2021-02-08 07:00,-2.7,,10.3,360,47,4999
102,백령도,2021-02-08 08:00,-3,,10.8,340,47,4985
102,백령도,2021-02-08 09:00,-2.5,,9.8,360,45,4988
102,백령도,2021-02-08 10:00,-2.1,,8.8,360,45,4782
102,백령도,2021-02-08 11:00,-1.4,,8.3,340,44,4924
102,백령도,2021-02-08 12:00,-1.1,,7.1,340,45,4886
102,백령도,2021-02-08 13:00,-.6,,8.1,340,42,4981
102,백령도,2021-02-08 14:00,-.4,,8.3,340,42,4834
102,백령도,2021-02-08 15:00,-.4,,8.9,340,40,4996
102,백령도,2021-02-08 16:00,-.5,,7.6,340,43,4999
102,백령도,2021-02-08 17:00,-1,,7.2,340,46,4976
102,백령도,2021-02-08 18:00,-1.3,,7.5,340,47,4998
102,백령도,2021-02-08 19:00,-1.1,,6.3,340,47,4990
102,백령도,2021-02-08 20:00,-.8,,8.1,340,47,4976
102,백령도,2021-02-08 21:00,-.5,,5,340,47,4603
102,백령도,2021-02-08 22:00,-.1,,6.6,320,42,4781
102,백령도,2021-02-08 23:00,.1,,6.1,340,47,4851
102,백령도,2021-02-09 00:00,.3,,5.5,320,47,4787
102,백령도,2021-02-09 01:00,-.1,,6.4,340,54,4428
102,백령도,2021-02-09 02:00,-.3,,6,340,46,4816
102,백령도,2021-02-09 03:00,-.8,,2.6,340,44,4871
102,백령도,2021-02-09 04:00,-1,,2.2,360,49,4958
102,백령도,2021-02-09 05:00,-1.9,,0,0,52,4963
102,백령도,2021-02-09 06:00,-2.1,,1.3,290,53,4838
102,백령도,2021-02-09 07:00,-2.7,,1.1,200,58,4893
102,백령도,2021-02-09 08:00,-1.4,,.1,0,51,4990
102,백령도,2021-02-09 09:00,1,,1.3,160,48,3927
102,백령도,2021-02-09 10:00,3,,1.6,230,47,4930
102,백령도,2021-02-09 11:00,4.2,,4.2,250,43,4997
102,백령도,2021-02-09 12:00,4.5,,6.3,230,53,4732
102,백령도,2021-02-09 13:00,5.3,,5.4,230,47,3997
102,백령도,2021-02-09 14:00,5.7,,4.7,230,48,3416
102,백령도,2021-02-09 15:00,5.8,,5.7,270,52,2479
102,백령도,2021-02-09 16:00,5.8,,4.2,230,41,2816
102,백령도,2021-02-09 17:00,5.5,,4,230,43,3002
102,백령도,2021-02-09 18:00,4.8,,3.4,230,57,2563
102,백령도,2021-02-09 19:00,4.5,,3.7,230,64,2152
102,백령도,2021-02-09 20:00,4.3,,3.2,230,67,2148
102,백령도,2021-02-09 21:00,4.3,,3.1,230,68,2191
102,백령도,2021-02-09 22:00,4.4,,3.7,230,70,2272
102,백령도,2021-02-09 23:00,4.6,,3.9,230,73,2195
102,백령도,2021-02-10 00:00,4.5,,5,250,67,2473
102,백령도,2021-02-10 01:00,4.3,,4.4,250,69,2346
102,백령도,2021-02-10 02:00,4.1,,4,250,75,3467
102,백령도,2021-02-10 03:00,3.7,,3.3,250,77,3369
102,백령도,2021-02-10 04:00,3.8,,3.1,230,76,3507
102,백령도,2021-02-10 05:00,3.9,,3.9,230,77,3304
102,백령도,2021-02-10 06:00,4.1,,4.1,230,81,2841
102,백령도,2021-02-10 07:00,4.2,,4.6,230,83,2646
102,백령도,2021-02-10 08:00,4.4,,4.1,230,86,2400
102,백령도,2021-02-10 09:00,5.2,,4.4,230,85,2460
102,백령도,2021-02-10 10:00,6.1,,4.2,250,82,2447
102,백령도,2021-02-10 11:00,6.1,,5.9,250,81,2338
102,백령도,2021-02-10 12:00,7.9,,3.9,250,76,2320
102,백령도,2021-02-10 13:00,8,,4.6,250,58,2512
102,백령도,2021-02-10 14:00,8.7,,4.6,270,55,2327
102,백령도,2021-02-10 15:00,8.2,,4,250,65,2112
102,백령도,2021-02-10 16:00,7.2,,4.3,290,71,1865
102,백령도,2021-02-10 17:00,6.3,,2.7,290,81,1559
102,백령도,2021-02-10 18:00,5.5,,2.1,290,78,1540
102,백령도,2021-02-10 19:00,4.7,,2.4,230,86,1327
102,백령도,2021-02-10 20:00,4.3,,0,0,90,1045
102,백령도,2021-02-10 21:00,4.3,,0,0,88,970
102,백령도,2021-02-10 22:00,4.1,,0,0,88,916
102,백령도,2021-02-10 23:00,4.3,,0,0,90,839
102,백령도,2021-02-11 00:00,3.9,,0,0,93,661
102,백령도,2021-02-11 01:00,3.4,,0,0,93,471
102,백령도,2021-02-11 02:00,2.9,,2,90,98,34
102,백령도,2021-02-11 03:00,1.7,,2.2,90,99,14
102,백령도,2021-02-11 04:00,2,,1.5,110,100,19
102,백령도,2021-02-11 05:00,2.9,,2.3,140,100,60
102,백령도,2021-02-11 06:00,2.1,,2.9,160,100,25
102,백령도,2021-02-11 07:00,1.6,,3.6,140,100,25
102,백령도,2021-02-11 08:00,1.3,,3.6,140,100,23
102,백령도,2021-02-11 09:00,1.8,,3.1,140,100,34
102,백령도,2021-02-11 10:00,1.9,,3.4,110,100,29
102,백령도,2021-02-11 11:00,2,,4.3,110,100,172
102,백령도,2021-02-11 12:00,2.7,,3.7,110,100,279
102,백령도,2021-02-11 13:00,3.4,,4.3,140,100,509
102,백령도,2021-02-11 14:00,4.1,,4,140,99,587
102,백령도,2021-02-11 15:00,4,,4.7,140,93,610
102,백령도,2021-02-11 16:00,4.7,,4.1,180,89,753
102,백령도,2021-02-11 17:00,4.5,,4.2,160,90,749
102,백령도,2021-02-11 18:00,4,,3.2,140,93,628
102,백령도,2021-02-11 19:00,4,,3.2,180,93,616
102,백령도,2021-02-11 20:00,4.1,,4.9,180,93,564
102,백령도,2021-02-11 21:00,2.7,,3.3,160,98,39
102,백령도,2021-02-11 22:00,2.5,,2.7,160,100,25
102,백령도,2021-02-11 23:00,2.5,,4,180,100,23
102,백령도,2021-02-12 00:00,2.1,,2,140,100,44
102,백령도,2021-02-12 01:00,1.9,,.5,200,100,62
102,백령도,2021-02-12 02:00,2.3,,.1,0,100,332
102,백령도,2021-02-12 03:00,2.1,,2.4,110,100,253
102,백령도,2021-02-12 04:00,2.7,,2.3,110,100,293
102,백령도,2021-02-12 05:00,2.5,,3,110,100,219
102,백령도,2021-02-12 06:00,1.9,,3.5,110,100,54
102,백령도,2021-02-12 07:00,1.7,,4.4,140,100,17
102,백령도,2021-02-12 08:00,2,,3.2,140,100,17
102,백령도,2021-02-12 09:00,2.2,,3.4,180,100,19
102,백령도,2021-02-12 10:00,2.7,,3.1,180,100,30
102,백령도,2021-02-12 11:00,3,,.1,0,100,95
102,백령도,2021-02-12 12:00,3.2,,1.6,90,100,287
102,백령도,2021-02-12 13:00,4.6,,2.6,110,100,614
102,백령도,2021-02-12 14:00,6.2,,2.2,90,98,1155
102,백령도,2021-02-12 15:00,5.8,,2.1,90,88,1011
102,백령도,2021-02-12 16:00,6.2,,2,140,85,1112
102,백령도,2021-02-12 17:00,4.1,,.3,0,93,747
102,백령도,2021-02-12 18:00,3.1,,0,0,98,268
102,백령도,2021-02-12 19:00,2.1,,0,0,99,38
102,백령도,2021-02-12 20:00,3.8,,0,0,99,627
102,백령도,2021-02-12 21:00,3.4,,0,0,97,670
102,백령도,2021-02-12 22:00,4,,0,0,96,700
102,백령도,2021-02-12 23:00,3.3,,0,0,97,615
102,백령도,2021-02-13 00:00,4.6,,0,0,94,958
102,백령도,2021-02-13 01:00,4.5,,0,0,96,743
102,백령도,2021-02-13 02:00,4.2,,0,0,97,581
102,백령도,2021-02-13 03:00,3.2,,1.8,90,99,199
102,백령도,2021-02-13 04:00,3.2,,0,0,100,435
102,백령도,2021-02-13 05:00,3.5,,0,0,100,606
102,백령도,2021-02-13 06:00,3.8,,0,0,100,612
102,백령도,2021-02-13 07:00,4.4,,2.2,90,99,479
102,백령도,2021-02-13 08:00,3.9,,2,90,99,468
102,백령도,2021-02-13 09:00,4.9,,2.1,90,99,526
102,백령도,2021-02-13 10:00,5.3,,1.8,110,97,657
102,백령도,2021-02-13 11:00,5.8,,2.5,140,95,706
102,백령도,2021-02-13 12:00,7,,2.4,160,93,856
102,백령도,2021-02-13 13:00,6.8,,2.7,110,90,908
102,백령도,2021-02-13 14:00,7.3,,3.2,110,87,1077
102,백령도,2021-02-13 15:00,7,,2.7,180,85,1104
102,백령도,2021-02-13 16:00,6.4,,3.3,160,91,877
102,백령도,2021-02-13 17:00,5.6,,1.3,160,95,700
102,백령도,2021-02-13 18:00,5.2,,1.9,160,97,473
102,백령도,2021-02-13 19:00,4.6,,0,0,98,366
102,백령도,2021-02-13 20:00,4.1,,.6,70,99,382
102,백령도,2021-02-13 21:00,3.9,,.1,0,100,24
102,백령도,2021-02-13 22:00,3.3,,0,0,100,16
102,백령도,2021-02-13 23:00,2.9,,.7,140,100,18
102,백령도,2021-02-14 00:00,2,,0,0,100,19
102,백령도,2021-02-14 01:00,2.5,,0,0,100,574
102,백령도,2021-02-14 02:00,1.5,,0,0,100,28
102,백령도,2021-02-14 03:00,1.5,,.6,320,100,535
102,백령도,2021-02-14 04:00,1.6,,0,0,100,36
102,백령도,2021-02-14 05:00,1.6,,1.2,290,100,54
102,백령도,2021-02-14 06:00,2.3,,2.1,180,100,484
102,백령도,2021-02-14 07:00,3.1,,0,0,100,456
102,백령도,2021-02-14 08:00,3.3,,2.3,320,100,173
102,백령도,2021-02-14 09:00,4,,1.7,70,100,255
102,백령도,2021-02-14 10:00,4.5,,.4,0,100,661
102,백령도,2021-02-14 11:00,5.5,,0,0,100,1270
102,백령도,2021-02-14 12:00,6,,.4,0,100,1392
102,백령도,2021-02-14 13:00,7.6,,1.5,140,92,1769
102,백령도,2021-02-14 14:00,8.6,,.3,0,77,1639
102,백령도,2021-02-14 15:00,7.2,0,1.1,320,92,1261
102,백령도,2021-02-14 16:00,7.4,,1.7,110,86,1410
102,백령도,2021-02-14 17:00,6.8,,2.1,180,86,1226
102,백령도,2021-02-14 18:00,6.2,0,1.4,320,90,1297
102,백령도,2021-02-14 19:00,4.8,,2.7,320,97,629
102,백령도,2021-02-14 20:00,5.2,,3.2,320,99,596
102,백령도,2021-02-14 21:00,5.3,0,0,0,99,682
102,백령도,2021-02-14 22:00,5.7,,1.4,290,98,1387
102,백령도,2021-02-14 23:00,5.3,,3.7,290,99,1119
102,백령도,2021-02-15 00:00,5.9,.3,5.1,290,100,390
102,백령도,2021-02-15 01:00,5.7,,4.5,290,100,318
102,백령도,2021-02-15 02:00,2.8,,10.4,340,99,235
102,백령도,2021-02-15 03:00,1.6,.6,11.1,340,99,498
102,백령도,2021-02-15 04:00,2,,9.2,340,98,573
102,백령도,2021-02-15 05:00,.9,,9.1,340,97,754
102,백령도,2021-02-15 06:00,0,0,10.2,340,90,1468
102,백령도,2021-02-15 07:00,-.8,,8.7,340,84,2255
102,백령도,2021-02-15 08:00,-1.3,,12,340,82,3047
102,백령도,2021-02-15 09:00,-1.6,,10.2,340,72,3913
102,백령도,2021-02-15 10:00,-1.6,,10.6,340,66,3330
102,백령도,2021-02-15 11:00,-1.6,,11.1,320,53,3663
102,백령도,2021-02-15 12:00,-2.1,,10,320,59,3565
102,백령도,2021-02-15 13:00,-2.4,,11.1,320,58,3940
102,백령도,2021-02-15 14:00,-3,,10.8,320,59,3632
102,백령도,2021-02-15 15:00,-2.3,,8.5,320,62,4341
102,백령도,2021-02-15 16:00,-3,,9.6,320,58,4751
102,백령도,2021-02-15 17:00,-2.9,,8.8,340,59,4908
102,백령도,2021-02-15 18:00,-3.2,,9.1,320,54,4995
102,백령도,2021-02-15 19:00,-2.9,,9.8,320,54,4993
102,백령도,2021-02-15 20:00,-2.6,,10.3,320,52,5000
102,백령도,2021-02-15 21:00,-2.5,,8.9,320,51,4999
102,백령도,2021-02-15 22:00,-2.5,,7,320,57,4936
102,백령도,2021-02-15 23:00,-2.4,,9.4,320,48,4998
102,백령도,2021-02-16 00:00,-2.5,,8,340,47,4999
102,백령도,2021-02-16 01:00,-2.5,,9.2,340,50,5000
102,백령도,2021-02-16 02:00,-2.8,,5.1,360,52,4995
102,백령도,2021-02-16 03:00,-3,,3.6,360,54,4960
102,백령도,2021-02-16 04:00,-3.4,,2.9,20,53,4997
102,백령도,2021-02-16 05:00,-3.4,,3.3,360,53,4978
102,백령도,2021-02-16 06:00,-4,0,3.1,360,65,2785
102,백령도,2021-02-16 07:00,-4.8,,2.7,360,82,1658
102,백령도,2021-02-16 08:00,-5,,3.4,50,88,508
102,백령도,2021-02-16 09:00,-5,.6,3.5,50,91,299
102,백령도,2021-02-16 10:00,-4.8,,3.5,70,93,219
102,백령도,2021-02-16 11:00,-4.3,,4,70,91,139
102,백령도,2021-02-16 12:00,-3.2,1.2,5.3,360,66,2760
102,백령도,2021-02-16 13:00,-2.6,,7.6,360,58,3787
102,백령도,2021-02-16 14:00,-2.4,,9.2,360,48,4440
102,백령도,2021-02-16 15:00,-2.8,0,9.9,340,51,4993
102,백령도,2021-02-16 16:00,-3.5,,9.8,340,47,5000
102,백령도,2021-02-16 17:00,-3.6,,10.7,340,48,4794
102,백령도,2021-02-16 18:00,-3.7,,11.1,340,46,5000
102,백령도,2021-02-16 19:00,-4.4,,8.9,340,60,2643
102,백령도,2021-02-16 20:00,-4,,11.3,340,50,4286
102,백령도,2021-02-16 21:00,-4.4,0,12.4,340,51,4138
102,백령도,2021-02-16 22:00,-4.7,,11,340,57,3959
102,백령도,2021-02-16 23:00,-4.9,,12.7,340,47,4265
102,백령도,2021-02-17 00:00,-5.4,0,13.8,340,48,4884
102,백령도,2021-02-17 01:00,-6,,12.1,340,44,4927
102,백령도,2021-02-17 02:00,-6.3,,10.9,340,45,4667
102,백령도,2021-02-17 03:00,-6.7,0,12.1,340,55,4113
102,백령도,2021-02-17 04:00,-7,,11.8,340,56,3614
102,백령도,2021-02-17 05:00,-7.4,,12.4,340,54,4015
102,백령도,2021-02-17 06:00,-7.6,0,10.8,340,57,3898
102,백령도,2021-02-17 07:00,-7.8,,13.2,340,56,4075
102,백령도,2021-02-17 08:00,-8.6,,12.9,340,81,794
102,백령도,2021-02-17 09:00,-8.2,0,12.4,340,61,3446
102,백령도,2021-02-17 10:00,-8.3,,11.8,340,66,1850
102,백령도,2021-02-17 11:00,-8.1,,10.2,340,72,2162
102,백령도,2021-02-17 12:00,-7.2,0,9.8,340,67,2880
102,백령도,2021-02-17 13:00,-7.4,,11.7,340,64,2784
102,백령도,2021-02-17 14:00,-6.6,,8.7,340,65,2647
102,백령도,2021-02-17 15:00,-7.2,.1,9.5,320,74,796
102,백령도,2021-02-17 16:00,-6.6,,10.2,320,64,3558
102,백령도,2021-02-17 17:00,-6.4,,10.3,340,61,3289
102,백령도,2021-02-17 18:00,-6.5,0,11,340,62,2015
102,백령도,2021-02-17 19:00,-6,,10.8,340,56,3479
102,백령도,2021-02-17 20:00,-5.8,,11.9,340,64,3226
102,백령도,2021-02-17 21:00,-5.7,0,14.4,340,63,2294
102,백령도,2021-02-17 22:00,-5.7,,14.2,340,57,4541
102,백령도,2021-02-17 23:00,-5.5,,13.9,340,57,4299
102,백령도,2021-02-18 00:00,-5.3,0,15.5,340,54,4454
102,백령도,2021-02-18 01:00,-5.3,,12.1,360,58,4286
102,백령도,2021-02-18 02:00,-5.2,,12.3,340,59,3860
102,백령도,2021-02-18 03:00,-5.4,,11.5,360,52,4589
102,백령도,2021-02-18 04:00,-5.1,,9.5,360,53,4436
102,백령도,2021-02-18 05:00,-4.6,,12.5,340,50,4630
102,백령도,2021-02-18 06:00,-4.4,,11.9,340,49,4717
102,백령도,2021-02-18 07:00,-3.9,,11.7,340,48,4895
102,백령도,2021-02-18 08:00,-3.8,,11.7,340,48,4964
102,백령도,2021-02-18 09:00,-3.3,,10.7,340,49,4870
102,백령도,2021-02-18 10:00,-2.8,,11.4,340,43,4999
102,백령도,2021-02-18 11:00,-2.4,,11.3,340,47,4398
102,백령도,2021-02-18 12:00,-2.2,,9.9,340,40,4408
102,백령도,2021-02-18 13:00,-2,,10.1,340,41,4566
102,백령도,2021-02-18 14:00,-1.6,,9.7,340,41,4568
102,백령도,2021-02-18 15:00,-1.4,,8.9,340,43,4627
102,백령도,2021-02-18 16:00,-1.5,,6.6,340,43,4661
102,백령도,2021-02-18 17:00,-1.6,,7.4,340,48,4794
102,백령도,2021-02-18 18:00,-2.1,,6.2,340,53,4983
102,백령도,2021-02-18 19:00,-2.3,,4.8,320,54,4996
102,백령도,2021-02-18 20:00,-1.8,,5.3,320,58,4998
102,백령도,2021-02-18 21:00,-1.5,,4.3,320,59,4989
102,백령도,2021-02-18 22:00,-1.3,,3.3,320,58,4634
102,백령도,2021-02-18 23:00,-2,,2,270,61,4604
102,백령도,2021-02-19 00:00,-1.5,,2.4,270,61,4698
102,백령도,2021-02-19 01:00,-.7,,2,270,60,4880
102,백령도,2021-02-19 02:00,-.5,,.5,250,61,4848
102,백령도,2021-02-19 03:00,.2,,0,0,62,4892
102,백령도,2021-02-19 04:00,-.3,,1.5,200,70,4744
102,백령도,2021-02-19 05:00,1,,.3,0,64,4226
102,백령도,2021-02-19 06:00,.7,,2,160,72,3517
102,백령도,2021-02-19 07:00,1.1,,3,110,79,2986
102,백령도,2021-02-19 08:00,.1,,4.2,110,93,2398
102,백령도,2021-02-19 09:00,1.4,,5.7,140,92,2253
102,백령도,2021-02-19 10:00,2.3,,5.9,140,91,2002
102,백령도,2021-02-19 11:00,7.2,,7,180,72,1992
102,백령도,2021-02-19 12:00,7.6,,7,180,69,2063
102,백령도,2021-02-19 13:00,7.7,,7.9,230,66,2173
102,백령도,2021-02-19 14:00,8.5,,6.3,200,60,2277
102,백령도,2021-02-19 15:00,8.2,,7.7,200,65,2066
102,백령도,2021-02-19 16:00,8.2,,7.3,230,66,1762
102,백령도,2021-02-19 17:00,7.9,,7.3,230,71,1585
102,백령도,2021-02-19 18:00,7.3,,7.1,230,77,1317
102,백령도,2021-02-19 19:00,7,,7.3,200,81,1126
102,백령도,2021-02-19 20:00,6.8,,8.6,230,83,976
102,백령도,2021-02-19 21:00,6.8,,8.8,230,84,826
102,백령도,2021-02-19 22:00,7.2,,8.7,230,84,782
102,백령도,2021-02-19 23:00,7.4,,7.7,230,83,771
102,백령도,2021-02-20 00:00,7.8,,7.9,230,80,820
102,백령도,2021-02-20 01:00,8,,7.6,250,78,851
102,백령도,2021-02-20 02:00,8.3,,2.9,270,71,929
102,백령도,2021-02-20 03:00,6.1,,4.2,320,89,504
102,백령도,2021-02-20 04:00,5.6,,4.5,340,89,506
102,백령도,2021-02-20 05:00,5.6,,4,340,83,662
102,백령도,2021-02-20 06:00,5.4,,3,340,78,793
102,백령도,2021-02-20 07:00,4.6,,2.7,340,88,578
102,백령도,2021-02-20 08:00,3.5,,3.1,320,95,346
102,백령도,2021-02-20 09:00,5.1,,0,0,89,617
102,백령도,2021-02-20 10:00,7.5,,1.8,290,67,1042
102,백령도,2021-02-20 11:00,10.5,,.9,340,23,3952
102,백령도,2021-02-20 12:00,11.9,,.5,360,21,3339
102,백령도,2021-02-20 13:00,12.4,,2,180,20,3021
102,백령도,2021-02-20 14:00,11.5,,3.9,200,22,2874
102,백령도,2021-02-20 15:00,11.5,,5.7,180,23,2678
102,백령도,2021-02-20 16:00,11,,5.8,180,27,2521
102,백령도,2021-02-20 17:00,10.5,,5.4,160,24,3281
102,백령도,2021-02-20 18:00,7.7,,4.2,140,55,1740
102,백령도,2021-02-20 19:00,7.1,,4.4,160,63,1750
102,백령도,2021-02-20 20:00,6.5,,3.4,160,73,1368
102,백령도,2021-02-20 21:00,6.4,,2.9,160,78,933
102,백령도,2021-02-20 22:00,7,,2.1,180,83,653
102,백령도,2021-02-20 23:00,6.5,,3.6,160,87,603
102,백령도,2021-02-21 00:00,4.3,,3.6,90,96,270
102,백령도,2021-02-21 01:00,4.7,,3.7,110,98,244
102,백령도,2021-02-21 02:00,4.5,,3.6,90,97,189
102,백령도,2021-02-21 03:00,4.5,,3.8,110,98,187
102,백령도,2021-02-21 04:00,4.1,,4.6,140,99,152
102,백령도,2021-02-21 05:00,4.3,,3.2,140,100,13
102,백령도,2021-02-21 06:00,4.4,,4,110,100,15
102,백령도,2021-02-21 07:00,4.2,,5,110,100,14
102,백령도,2021-02-21 08:00,3.9,,5.3,140,100,15
102,백령도,2021-02-21 09:00,4.1,,5.7,110,100,18
102,백령도,2021-02-21 10:00,4.6,,4.8,110,99,19
102,백령도,2021-02-21 11:00,5.7,,5.8,140,99,381
102,백령도,2021-02-21 12:00,7.6,,6.6,140,99,721
102,백령도,2021-02-21 13:00,10.1,,6.9,160,80,1440
102,백령도,2021-02-21 14:00,10.3,,5.2,140,76,1440
102,백령도,2021-02-21 15:00,10.1,,7.2,160,78,1408
102,백령도,2021-02-21 16:00,10.1,,3.6,180,76,1486
102,백령도,2021-02-21 17:00,10,,2.1,160,78,1402
102,백령도,2021-02-21 18:00,7.4,,2.5,110,86,1177
102,백령도,2021-02-21 19:00,6.4,,2.4,180,92,911
102,백령도,2021-02-21 20:00,6.7,,2.5,200,95,653
102,백령도,2021-02-21 21:00,6.7,,.3,0,94,657
102,백령도,2021-02-21 22:00,7.1,,0,0,98,599
102,백령도,2021-02-21 23:00,4.8,,2.7,90,98,255
102,백령도,2021-02-22 00:00,5.3,,2.6,110,99,361
102,백령도,2021-02-22 01:00,5.5,,.2,0,99,353
102,백령도,2021-02-22 02:00,4.3,,3,70,99,287
102,백령도,2021-02-22 03:00,4.5,,2.3,90,99,336
102,백령도,2021-02-22 04:00,4.4,,3,20,99,310
102,백령도,2021-02-22 05:00,4.7,,4.1,320,99,376
102,백령도,2021-02-22 06:00,4.2,,6.5,360,93,525
102,백령도,2021-02-22 07:00,3.8,,9.5,340,77,1018
102,백령도,2021-02-22 08:00,3.8,,6.1,360,76,1707
102,백령도,2021-02-22 09:00,4.1,,10.6,340,69,2134
102,백령도,2021-02-22 10:00,3.7,,13.1,340,62,2476
102,백령도,2021-02-22 11:00,3.6,,14.2,340,61,2586
102,백령도,2021-02-22 12:00,3.8,,11.2,340,55,3072
102,백령도,2021-02-22 13:00,3.7,,12.2,340,47,3628
102,백령도,2021-02-22 14:00,3.4,,14.9,340,39,4153
102,백령도,2021-02-22 15:00,3.2,,15,340,38,4377
102,백령도,2021-02-22 16:00,3.3,,13.3,340,36,4491
102,백령도,2021-02-22 17:00,2.7,,15,340,40,4507
102,백령도,2021-02-22 18:00,2.2,,14.8,340,39,4421
102,백령도,2021-02-22 19:00,2,,13.1,340,37,4358
102,백령도,2021-02-22 20:00,1.7,,11.8,340,35,4266
102,백령도,2021-02-22 21:00,1.3,,15.3,340,34,3547
102,백령도,2021-02-22 22:00,.8,,14.6,340,32,2868
102,백령도,2021-02-22 23:00,.3,,11.2,340,38,3339
102,백령도,2021-02-23 00:00,-.1,,9.7,340,44,3651
102,백령도,2021-02-23 01:00,-.5,,10,360,41,4301
102,백령도,2021-02-23 02:00,-.9,,9.8,340,43,4241
102,백령도,2021-02-23 03:00,-1,,8.4,340,45,4326
102,백령도,2021-02-23 04:00,-1.4,,9,360,45,4138
102,백령도,2021-02-23 05:00,-1.4,,8.1,360,47,4198
102,백령도,2021-02-23 06:00,-1.7,,8.8,360,46,4564
102,백령도,2021-02-23 07:00,-1.8,,9.1,360,46,4565
102,백령도,2021-02-23 08:00,-1.9,,8.1,360,46,4547
102,백령도,2021-02-23 09:00,-1.8,,10,360,43,4213
102,백령도,2021-02-23 10:00,-1.6,,9.5,360,41,3475
102,백령도,2021-02-23 11:00,-1.2,,8.7,360,39,3638
102,백령도,2021-02-23 12:00,-1,,8.2,360,36,3901
102,백령도,2021-02-23 13:00,-1.3,,8.8,340,40,3901
102,백령도,2021-02-23 14:00,-1.1,,7.1,360,38,4175
102,백령도,2021-02-23 15:00,-1.3,,8.3,340,41,4079
102,백령도,2021-02-23 16:00,-1.4,,7.7,360,44,4271
102,백령도,2021-02-23 17:00,-1.6,,8.1,340,47,4077
102,백령도,2021-02-23 18:00,-2,,8.2,340,49,4716
102,백령도,2021-02-23 19:00,-1.9,,6.9,360,47,4966
102,백령도,2021-02-23 20:00,-1.6,,5.8,360,43,4978
102,백령도,2021-02-23 21:00,-1.1,,4.1,340,42,4682
102,백령도,2021-02-23 22:00,-.7,,4.1,360,39,4646
102,백령도,2021-02-23 23:00,-.5,,5,360,45,4617
102,백령도,2021-02-24 00:00,-.5,,5.9,360,46,4627
102,백령도,2021-02-24 01:00,-.4,,5.2,360,46,4566
102,백령도,2021-02-24 02:00,-.3,,5.2,360,50,4277
102,백령도,2021-02-24 03:00,-1,,1,20,44,4553
102,백령도,2021-02-24 04:00,-1.1,,2.4,50,45,4462
102,백령도,2021-02-24 05:00,-1.2,,2.7,50,33,4578
102,백령도,2021-02-24 06:00,-1.3,,2.8,50,32,4833
102,백령도,2021-02-24 07:00,-1.1,,2.1,360,26,4805
102,백령도,2021-02-24 08:00,-1,,2.7,70,30,4713
102,백령도,2021-02-24 09:00,.2,,3.4,70,23,4697
102,백령도,2021-02-24 10:00,1.4,,1.7,90,24,4582
102,백령도,2021-02-24 11:00,2.1,,.4,0,32,4589
102,백령도,2021-02-24 12:00,3,,.2,0,29,4610
102,백령도,2021-02-24 13:00,3.6,,1.7,70,33,4712
102,백령도,2021-02-24 14:00,4.1,,.7,50,31,4709
102,백령도,2021-02-24 15:00,3.2,,2.7,290,30,4858
102,백령도,2021-02-24 16:00,2.8,,3.4,320,36,4955
102,백령도,2021-02-24 17:00,2.1,,3.3,320,41,4990
102,백령도,2021-02-24 18:00,1.5,,2.9,320,45,4962
102,백령도,2021-02-24 19:00,1.2,,4.3,320,52,4909
102,백령도,2021-02-24 20:00,1,,2.8,340,51,4919
102,백령도,2021-02-24 21:00,.8,,2.3,320,55,4997
102,백령도,2021-02-24 22:00,.3,,1.5,320,57,4970
102,백령도,2021-02-24 23:00,.9,,0,0,56,4941
102,백령도,2021-02-25 00:00,1,,0,0,49,4954
102,백령도,2021-02-25 01:00,.2,,1.2,320,52,4996
102,백령도,2021-02-25 02:00,1.4,,1.9,340,43,4836
102,백령도,2021-02-25 03:00,1.4,,3.8,340,58,4785
102,백령도,2021-02-25 04:00,1.3,,3.4,360,49,4904
102,백령도,2021-02-25 05:00,1.3,,3.2,360,58,4879
102,백령도,2021-02-25 06:00,1.8,,2.6,20,35,4999
102,백령도,2021-02-25 07:00,1.9,,1.9,20,26,4994
102,백령도,2021-02-25 08:00,1.9,,1.5,50,28,4999
102,백령도,2021-02-25 09:00,2.7,,0,0,25,4984
102,백령도,2021-02-25 10:00,2.9,,2.9,360,26,5000
102,백령도,2021-02-25 11:00,3.4,,2.3,340,28,4997
102,백령도,2021-02-25 12:00,4.1,,1.9,20,31,4968
102,백령도,2021-02-25 13:00,4.2,,2.4,340,27,4937
102,백령도,2021-02-25 14:00,6,,.5,360,20,4921
102,백령도,2021-02-25 15:00,4.4,,3.8,340,41,4869
102,백령도,2021-02-25 16:00,4.4,,3.3,340,49,4816
102,백령도,2021-02-25 17:00,4.1,,4.4,360,49,4461
102,백령도,2021-02-25 18:00,3.2,,3.7,360,50,3758
102,백령도,2021-02-25 19:00,2.5,,3.2,340,54,3558
102,백령도,2021-02-25 20:00,1.6,,.7,290,60,3404
102,백령도,2021-02-25 21:00,1.7,,0,0,63,3081
102,백령도,2021-02-25 22:00,1,,1.5,340,72,2739
102,백령도,2021-02-25 23:00,1.1,,2,360,74,2701
102,백령도,2021-02-26 00:00,2.2,,3.6,360,68,2467
102,백령도,2021-02-26 01:00,2.6,,2.7,360,61,2633
102,백령도,2021-02-26 02:00,3.3,,2.5,360,42,2821
102,백령도,2021-02-26 03:00,2,,2.2,340,51,2761
102,백령도,2021-02-26 04:00,2.5,,3.4,360,55,3532
102,백령도,2021-02-26 05:00,3.3,,2.1,50,47,3478
102,백령도,2021-02-26 06:00,3.5,,3,50,37,3743
102,백령도,2021-02-26 07:00,2.6,,1.2,70,58,3239
102,백령도,2021-02-26 08:00,4.6,,2,50,33,3437
102,백령도,2021-02-26 09:00,5.2,,3.2,360,36,3354
102,백령도,2021-02-26 10:00,6.6,,2.4,70,38,2969
102,백령도,2021-02-26 11:00,7.9,,2.9,70,26,2984
102,백령도,2021-02-26 12:00,10,,2.5,70,21,3463
102,백령도,2021-02-26 13:00,10.5,,2.4,340,21,3886
102,백령도,2021-02-26 14:00,10.1,,5,360,23,3538
102,백령도,2021-02-26 15:00,8.5,,6.3,340,31,4019
102,백령도,2021-02-26 16:00,7.3,,3,320,50,2726
102,백령도,2021-02-26 17:00,6.3,,2.9,320,48,3401
102,백령도,2021-02-26 18:00,5.2,,2.9,290,57,3779
102,백령도,2021-02-26 19:00,4.6,,3.5,340,53,3843
102,백령도,2021-02-26 20:00,4.5,,3.6,320,56,4054
102,백령도,2021-02-26 21:00,5,,3.1,340,33,4689
102,백령도,2021-02-26 22:00,3.9,,3.6,320,54,4667
102,백령도,2021-02-26 23:00,5.4,,3.7,360,32,4853
102,백령도,2021-02-27 00:00,5.6,,1.7,20,33,4712
102,백령도,2021-02-27 01:00,5.7,,1.6,20,27,3926
102,백령도,2021-02-27 02:00,4.2,,1.9,70,49,4073
102,백령도,2021-02-27 03:00,3.9,,2.8,70,54,3805
102,백령도,2021-02-27 04:00,2.7,,1.8,110,60,3286
102,백령도,2021-02-27 05:00,2.7,,2.3,90,65,2794
102,백령도,2021-02-27 06:00,3.6,,4,90,57,3196
102,백령도,2021-02-27 07:00,3.1,,3.3,110,69,2973
102,백령도,2021-02-27 08:00,4.6,,5.1,110,56,3454
102,백령도,2021-02-27 09:00,5.3,,6.6,110,61,3544
102,백령도,2021-02-27 10:00,6.8,,6.2,140,53,3874
102,백령도,2021-02-27 11:00,7.6,,7.7,140,50,3935
102,백령도,2021-02-27 12:00,9,,6.8,140,50,3917
102,백령도,2021-02-27 13:00,9,,7.5,140,52,4370
102,백령도,2021-02-27 14:00,9.5,,6.6,140,47,4171
102,백령도,2021-02-27 15:00,9.5,,5.1,140,47,3933
102,백령도,2021-02-27 16:00,10,,5.3,140,45,3947
102,백령도,2021-02-27 17:00,9.5,,2.8,160,46,3822
102,백령도,2021-02-27 18:00,8,,2.8,200,55,1958
102,백령도,2021-02-27 19:00,7.2,,0,0,56,3301
102,백령도,2021-02-27 20:00,5.6,,0,0,62,3845
102,백령도,2021-02-27 21:00,5,,0,0,72,3193
102,백령도,2021-02-27 22:00,5.3,,0,0,69,3091
102,백령도,2021-02-27 23:00,5.9,,0,0,65,3454
102,백령도,2021-02-28 00:00,5.7,,1.6,110,62,3413
102,백령도,2021-02-28 01:00,4.5,,1.8,90,79,2809
102,백령도,2021-02-28 02:00,4.1,,1.9,90,82,2025
102,백령도,2021-02-28 03:00,3.5,,2.7,110,91,1124
102,백령도,2021-02-28 04:00,4.5,,3.4,110,74,2859
102,백령도,2021-02-28 05:00,3.9,,3.9,140,77,3504
102,백령도,2021-02-28 06:00,4.3,,4.5,140,75,4186
102,백령도,2021-02-28 07:00,3.4,,2.7,90,87,3316
102,백령도,2021-02-28 08:00,4.3,,3.3,110,76,3835
102,백령도,2021-02-28 09:00,5.7,,4,140,65,4245
102,백령도,2021-02-28 10:00,6.2,,4.9,110,61,3452
102,백령도,2021-02-28 11:00,6.7,,4.4,110,55,3656
102,백령도,2021-02-28 12:00,7.1,,4.1,140,54,3516
102,백령도,2021-02-28 13:00,6.2,,2.7,160,66,3305
102,백령도,2021-02-28 14:00,6.9,,3.2,140,56,3821
102,백령도,2021-02-28 15:00,6.8,,2.9,160,58,3272
102,백령도,2021-02-28 16:00,6.2,,1.5,180,64,1791
102,백령도,2021-02-28 17:00,5.6,,1.6,180,70,1633
102,백령도,2021-02-28 18:00,6,0,2.5,160,63,3445
102,백령도,2021-02-28 19:00,5.7,,.1,0,66,2886
102,백령도,2021-02-28 20:00,4.9,,0,0,80,2901
102,백령도,2021-02-28 21:00,5,0,1.3,180,80,2788
102,백령도,2021-02-28 22:00,5.2,,0,0,74,2875
102,백령도,2021-02-28 23:00,5.1,,0,0,74,2879
102,백령도,2021-03-01 00:00,6.1,0,2.3,20,66,2188
102,백령도,2021-03-01 01:00,5.3,,3.9,360,81,1453
102,백령도,2021-03-01 02:00,4,,4.9,360,92,525
102,백령도,2021-03-01 03:00,3.8,5.2,.4,0,95,482
102,백령도,2021-03-01 04:00,3.7,,1.4,360,96,484
102,백령도,2021-03-01 05:00,3.4,,2.2,360,97,415
102,백령도,2021-03-01 06:00,3.1,12.4,2.5,360,97,585
102,백령도,2021-03-01 07:00,3,,1.9,20,98,743
102,백령도,2021-03-01 08:00,3.1,,3.2,360,98,982
102,백령도,2021-03-01 09:00,3.3,7,3.2,360,98,1294
102,백령도,2021-03-01 10:00,3.3,,5.3,340,97,856
102,백령도,2021-03-01 11:00,3.1,,7.4,360,97,824
102,백령도,2021-03-01 12:00,2.9,2.5,8.2,360,97,996
102,백령도,2021-03-01 13:00,2.8,,9.4,360,97,1462
102,백령도,2021-03-01 14:00,2.6,,8.2,360,97,1415
102,백령도,2021-03-01 15:00,2.4,.3,8.2,360,97,1610
102,백령도,2021-03-01 16:00,2.3,,6.1,360,97,1569
102,백령도,2021-03-01 17:00,2.2,,7,360,96,1869
102,백령도,2021-03-01 18:00,2.4,0,7.2,360,97,1889
102,백령도,2021-03-01 19:00,2.6,,6.4,360,95,2075
102,백령도,2021-03-01 20:00,2.3,,7.7,360,94,2110
102,백령도,2021-03-01 21:00,2.2,0,6.9,360,93,2397
102,백령도,2021-03-01 22:00,2.3,,6.9,360,89,2820
102,백령도,2021-03-01 23:00,2.1,,6.2,360,87,3218
102,백령도,2021-03-02 00:00,1.9,,4.7,360,84,3514
102,백령도,2021-03-02 01:00,1.5,,6.6,360,83,3642
102,백령도,2021-03-02 02:00,1.7,,6.1,360,80,4446
102,백령도,2021-03-02 03:00,1.6,,7.1,340,77,4659
102,백령도,2021-03-02 04:00,1.1,,7.9,340,75,4639
102,백령도,2021-03-02 05:00,.8,,8.7,340,73,4231
102,백령도,2021-03-02 06:00,.5,,8.3,340,73,3943
102,백령도,2021-03-02 07:00,.2,,8,340,73,3852
102,백령도,2021-03-02 08:00,.3,,6.3,340,71,3986
102,백령도,2021-03-02 09:00,1,,4.8,340,69,4290
102,백령도,2021-03-02 10:00,1.8,,5.3,360,69,4089
102,백령도,2021-03-02 11:00,2.1,,5.6,340,65,3949
102,백령도,2021-03-02 12:00,2.4,,5.8,340,61,4079
102,백령도,2021-03-02 13:00,2.6,,5.9,320,60,4307
102,백령도,2021-03-02 14:00,2.8,,5.3,340,56,4519
102,백령도,2021-03-02 15:00,3,,4.9,340,60,4110
102,백령도,2021-03-02 16:00,2.9,,4.9,340,63,4035
102,백령도,2021-03-02 17:00,2.5,,4.5,340,62,4058
102,백령도,2021-03-02 18:00,1.7,,3.5,340,63,3813
102,백령도,2021-03-02 19:00,1.3,,4.4,340,65,4131
102,백령도,2021-03-02 20:00,1.1,,3.6,340,66,4464
102,백령도,2021-03-02 21:00,.8,,.1,0,73,3895
102,백령도,2021-03-02 22:00,.6,,0,0,74,4087
102,백령도,2021-03-02 23:00,-.6,,.7,180,76,3184
102,백령도,2021-03-03 00:00,.4,,.2,0,67,4338
102,백령도,2021-03-03 01:00,.4,,1.7,200,72,4692
102,백령도,2021-03-03 02:00,.6,,.8,230,71,4719
102,백령도,2021-03-03 03:00,1.8,,0,0,66,4672
102,백령도,2021-03-03 04:00,1.8,,0,0,66,4861
102,백령도,2021-03-03 05:00,1.6,,2,180,75,4489
102,백령도,2021-03-03 06:00,2,,.8,180,73,4324
102,백령도,2021-03-03 07:00,2.4,,2,200,72,4340
102,백령도,2021-03-03 08:00,3.1,,1.2,180,70,4074
102,백령도,2021-03-03 09:00,5.1,,4.3,180,64,4745
102,백령도,2021-03-03 10:00,6.2,,5.2,180,63,4559
102,백령도,2021-03-03 11:00,6.6,,6.6,160,63,4537
102,백령도,2021-03-03 12:00,7,,7.2,180,65,3746
102,백령도,2021-03-03 13:00,7,,7.7,180,66,4188
102,백령도,2021-03-03 14:00,7.1,,8.2,180,65,4203
102,백령도,2021-03-03 15:00,6.7,,7.4,160,69,4052
102,백령도,2021-03-03 16:00,6.6,,8.2,160,70,4095
102,백령도,2021-03-03 17:00,5.9,,6.7,160,74,3895
102,백령도,2021-03-03 18:00,5.3,,7,180,72,4145
102,백령도,2021-03-03 19:00,4.8,,5.8,160,77,4155
102,백령도,2021-03-03 20:00,4.7,,5.5,160,82,3997
102,백령도,2021-03-03 21:00,4.5,,5.5,160,88,3835
102,백령도,2021-03-03 22:00,4.3,,5.2,160,88,4021
102,백령도,2021-03-03 23:00,4,,4.1,160,81,4535
102,백령도,2021-03-04 00:00,3.6,,4,160,90,2591
102,백령도,2021-03-04 01:00,3.5,,4,160,93,2093
102,백령도,2021-03-04 02:00,3.9,,4.7,140,93,1907
102,백령도,2021-03-04 03:00,3.7,,4.1,110,92,1275
102,백령도,2021-03-04 04:00,4.6,,3.6,140,90,1777
102,백령도,2021-03-04 05:00,4.8,,3.8,140,87,2231
102,백령도,2021-03-04 06:00,4.1,,3.5,110,90,1644
102,백령도,2021-03-04 07:00,4.5,,5,140,84,2296
102,백령도,2021-03-04 08:00,5,,4.5,140,86,1995
102,백령도,2021-03-04 09:00,5.2,0,4,140,86,1589
102,백령도,2021-03-04 10:00,5.6,,5,140,89,1379
102,백령도,2021-03-04 11:00,6.2,,4.9,140,85,1584
102,백령도,2021-03-04 12:00,6.7,.1,5.1,140,86,2023
102,백령도,2021-03-04 13:00,7.9,,6.1,160,76,3457
102,백령도,2021-03-04 14:00,7.4,,3.8,160,78,3395
102,백령도,2021-03-04 15:00,7.7,,3.4,160,79,2538
102,백령도,2021-03-04 16:00,7.8,,3.3,180,81,3119
102,백령도,2021-03-04 17:00,6.6,,3.5,180,88,2220
102,백령도,2021-03-04 18:00,6.3,,3.1,180,90,1681
102,백령도,2021-03-04 19:00,5.8,,2.4,180,93,1397
102,백령도,2021-03-04 20:00,5.3,,2.5,180,95,993
102,백령도,2021-03-04 21:00,6.1,,2.2,200,94,693
102,백령도,2021-03-04 22:00,6.3,,1.6,200,94,1746
102,백령도,2021-03-04 23:00,6.4,,2.3,160,94,1950
102,백령도,2021-03-05 00:00,5.5,,2.1,110,96,916
102,백령도,2021-03-05 01:00,5.5,,2.4,140,92,1322
102,백령도,2021-03-05 02:00,5.7,,1.4,140,95,1047
102,백령도,2021-03-05 03:00,5.2,,.5,110,98,354
102,백령도,2021-03-05 04:00,4.3,,0,0,99,21
102,백령도,2021-03-05 05:00,4.4,,0,0,99,512
102,백령도,2021-03-05 06:00,4.4,,.9,160,99,368
102,백령도,2021-03-05 07:00,4.7,,1,90,99,213
102,백령도,2021-03-05 08:00,5.1,,0,0,99,41
102,백령도,2021-03-05 09:00,5.2,,1.3,160,99,91
102,백령도,2021-03-05 10:00,5.2,,1.8,180,99,179
102,백령도,2021-03-05 11:00,5.5,,2.6,90,99,227
102,백령도,2021-03-05 12:00,6.1,,2.5,70,99,226
102,백령도,2021-03-05 13:00,7.5,,1.6,110,97,2250
102,백령도,2021-03-05 14:00,6.8,,3,200,89,1968
102,백령도,2021-03-05 15:00,7.2,,5.7,320,90,3545
102,백령도,2021-03-05 16:00,6.3,,3.7,320,96,1367
102,백령도,2021-03-05 17:00,6.1,,3.3,320,96,2570
102,백령도,2021-03-05 18:00,5.4,,8.2,340,93,3082
102,백령도,2021-03-05 19:00,5.2,,8,340,92,2408
102,백령도,2021-03-05 20:00,3.7,,10,340,96,1010
102,백령도,2021-03-05 21:00,3.4,,8.5,340,91,2148
102,백령도,2021-03-05 22:00,3.3,,6.7,360,91,2563
102,백령도,2021-03-05 23:00,3.2,,9,340,90,2737
102,백령도,2021-03-06 00:00,2.7,,7.5,360,82,3230
102,백령도,2021-03-06 01:00,2.3,,8.4,360,82,3026
102,백령도,2021-03-06 02:00,2.1,,8.8,360,80,3070
102,백령도,2021-03-06 03:00,1.5,,8.1,360,76,3417
102,백령도,2021-03-06 04:00,1.1,,7.9,360,77,3252
102,백령도,2021-03-06 05:00,.7,,6.4,360,75,3261
102,백령도,2021-03-06 06:00,.5,,7.2,360,74,3353
102,백령도,2021-03-06 07:00,.3,,8.5,360,71,3444
102,백령도,2021-03-06 08:00,.4,,8.3,340,69,3507
102,백령도,2021-03-06 09:00,.7,,8.8,340,69,3496
102,백령도,2021-03-06 10:00,1.1,,9.4,360,63,3726
102,백령도,2021-03-06 11:00,1.8,,7.4,360,64,4069
102,백령도,2021-03-06 12:00,1.9,,7.2,340,63,3936
102,백령도,2021-03-06 13:00,2.3,,7.9,340,62,3989
102,백령도,2021-03-06 14:00,2,,8.8,340,65,3601
102,백령도,2021-03-06 15:00,2.2,,7.1,340,66,3399
102,백령도,2021-03-06 16:00,2.5,,6.9,340,69,3197
102,백령도,2021-03-06 17:00,3,,6.5,340,70,3109
102,백령도,2021-03-06 18:00,2.7,,5.4,340,74,2918
102,백령도,2021-03-06 19:00,2.4,,5.4,340,78,2887
102,백령도,2021-03-06 20:00,2.4,,3.7,340,82,2816
102,백령도,2021-03-06 21:00,2.6,,4.2,360,82,2910
102,백령도,2021-03-06 22:00,2.2,,1.7,340,80,3108
102,백령도,2021-03-06 23:00,2.6,,.4,0,77,3117
102,백령도,2021-03-07 00:00,2.9,,1.6,50,69,3793
102,백령도,2021-03-07 01:00,2.3,,1.7,50,73,3592
102,백령도,2021-03-07 02:00,2.5,,0,0,75,2942
102,백령도,2021-03-07 03:00,2,,0,0,79,3172
102,백령도,2021-03-07 04:00,1.3,,0,0,82,2898
102,백령도,2021-03-07 05:00,2.2,,0,0,81,3049
102,백령도,2021-03-07 06:00,2,,0,0,87,2428
102,백령도,2021-03-07 07:00,2.2,,0,0,87,2247
102,백령도,2021-03-07 08:00,2.1,,0,0,87,2260
102,백령도,2021-03-07 09:00,3.7,,1.1,140,81,2624
102,백령도,2021-03-07 10:00,4.8,,2.6,110,66,3515
102,백령도,2021-03-07 11:00,5.3,,2.1,180,61,3601
102,백령도,2021-03-07 12:00,5.7,,2.6,180,58,3564
102,백령도,2021-03-07 13:00,5.6,,3.8,360,62,3334
102,백령도,2021-03-07 14:00,5.8,,4.7,320,74,2826
102,백령도,2021-03-07 15:00,5.1,,5.3,320,73,3124
102,백령도,2021-03-07 16:00,5.1,,5.6,320,70,3510
102,백령도,2021-03-07 17:00,4.2,,5.8,340,75,3197
102,백령도,2021-03-07 18:00,3.5,,4.7,320,83,2800
102,백령도,2021-03-07 19:00,2.4,,4.8,320,85,2811
102,백령도,2021-03-07 20:00,2.1,,3.6,340,85,3008
102,백령도,2021-03-07 21:00,2.2,,6,320,82,3538
102,백령도,2021-03-07 22:00,2.1,,4.8,320,78,3991
102,백령도,2021-03-07 23:00,2,,4.6,340,77,4176
102,백령도,2021-03-08 00:00,2.2,,5.5,340,73,4340
102,백령도,2021-03-08 01:00,2.1,,6.2,340,71,3660
102,백령도,2021-03-08 02:00,1.8,,4.9,340,71,4202
102,백령도,2021-03-08 03:00,1.7,,4.2,340,74,4491
102,백령도,2021-03-08 04:00,1.2,,4.1,360,79,3428
102,백령도,2021-03-08 05:00,1.2,,3.8,340,74,3892
102,백령도,2021-03-08 06:00,.8,,.7,50,71,4166
102,백령도,2021-03-08 07:00,1.3,,0,0,65,4203
102,백령도,2021-03-08 08:00,2.3,,2.3,70,59,4141
102,백령도,2021-03-08 09:00,4.1,,1.6,70,43,4506
102,백령도,2021-03-08 10:00,4.8,,2.6,90,48,3837
102,백령도,2021-03-08 11:00,6.4,,2.1,90,31,4213
102,백령도,2021-03-08 12:00,7.6,,1.3,90,28,4262
102,백령도,2021-03-08 13:00,6.5,,3.1,340,44,3754
102,백령도,2021-03-08 14:00,6.5,,3.8,290,44,3942
102,백령도,2021-03-08 15:00,6.4,,4.9,290,52,4300
102,백령도,2021-03-08 16:00,6.5,,4.1,290,51,3094
102,백령도,2021-03-08 17:00,5.7,,4.6,320,57,2734
102,백령도,2021-03-08 18:00,4.8,,4.4,320,69,2103
102,백령도,2021-03-08 19:00,3.9,,2.9,340,77,1553
102,백령도,2021-03-08 20:00,3.6,,2.4,340,78,1347
102,백령도,2021-03-08 21:00,2.7,,1.5,340,81,1345
102,백령도,2021-03-08 22:00,2.8,,1.8,320,83,1509
102,백령도,2021-03-08 23:00,3,,0,0,73,1701
102,백령도,2021-03-09 00:00,3.5,,0,0,56,2378
102,백령도,2021-03-09 01:00,3.5,,2.1,290,35,3546
102,백령도,2021-03-09 02:00,3.3,,2.1,290,36,3019
102,백령도,2021-03-09 03:00,3.1,,1.8,290,46,2655
102,백령도,2021-03-09 04:00,2.8,,1.8,290,66,2257
102,백령도,2021-03-09 05:00,2.9,,2,270,87,1304
102,백령도,2021-03-09 06:00,3.1,,0,0,91,1012
102,백령도,2021-03-09 07:00,3.2,,0,0,92,898
102,백령도,2021-03-09 08:00,3.6,,1.6,110,92,925
102,백령도,2021-03-09 09:00,5,,0,0,84,1242
102,백령도,2021-03-09 10:00,6.6,,2.2,180,75,1724
102,백령도,2021-03-09 11:00,7.9,,3.3,180,71,2033
102,백령도,2021-03-09 12:00,7.8,,2,90,74,1757
102,백령도,2021-03-09 13:00,9.1,,2.2,340,64,2090
102,백령도,2021-03-09 14:00,9.1,,2.2,360,64,2134
102,백령도,2021-03-09 15:00,9.6,,3.3,270,47,2140
102,백령도,2021-03-09 16:00,8.9,,4.4,270,53,2021
102,백령도,2021-03-09 17:00,8.2,,4.1,250,58,1877
102,백령도,2021-03-09 18:00,7.3,,2.2,250,69,1659
102,백령도,2021-03-09 19:00,5.9,,1.7,270,69,1895
102,백령도,2021-03-09 20:00,5.2,,2.6,270,69,1752
102,백령도,2021-03-09 21:00,5.4,,2.6,290,72,1531
102,백령도,2021-03-09 22:00,5.1,,2.3,290,87,958
102,백령도,2021-03-09 23:00,5,,3.1,320,89,976
102,백령도,2021-03-10 00:00,4.5,,2.3,320,90,872
102,백령도,2021-03-10 01:00,4.1,,2.6,320,92,728
102,백령도,2021-03-10 02:00,3.7,,0,0,95,476
102,백령도,2021-03-10 03:00,3.3,,1.2,320,97,276
102,백령도,2021-03-10 04:00,3.4,,0,0,98,354
102,백령도,2021-03-10 05:00,3.3,,0,0,97,292
102,백령도,2021-03-10 06:00,3.4,,0,0,97,417
102,백령도,2021-03-10 07:00,2.8,,0,0,98,261
102,백령도,2021-03-10 08:00,3.3,,1.9,90,97,391
102,백령도,2021-03-10 09:00,5.2,,1.7,90,93,604
102,백령도,2021-03-10 10:00,6.5,,1.9,110,82,737
102,백령도,2021-03-10 11:00,8.1,,3.3,110,61,911
102,백령도,2021-03-10 12:00,8.7,,4.1,180,54,990
102,백령도,2021-03-10 13:00,9.4,,4.3,160,52,1248
102,백령도,2021-03-10 14:00,10.2,,2,180,57,1079
102,백령도,2021-03-10 15:00,10.5,,2.3,290,53,1042
102,백령도,2021-03-10 16:00,9.5,,3.5,180,45,1239
102,백령도,2021-03-10 17:00,9.4,,2.5,200,46,1066
102,백령도,2021-03-10 18:00,8.7,,1,200,51,862
102,백령도,2021-03-10 19:00,6,,1.4,290,71,878
102,백령도,2021-03-10 20:00,6.2,,.1,0,70,897
102,백령도,2021-03-10 21:00,4.3,,1.9,180,80,512
102,백령도,2021-03-10 22:00,4.6,,2,180,93,487
102,백령도,2021-03-10 23:00,4.4,,1.7,110,94,462
102,백령도,2021-03-11 00:00,4.3,,2.5,110,97,241
102,백령도,2021-03-11 01:00,4.1,,1.7,140,96,376
102,백령도,2021-03-11 02:00,4.5,,1.8,160,85,579
102,백령도,2021-03-11 03:00,4.7,,0,0,88,474
102,백령도,2021-03-11 04:00,4.1,,1.4,180,96,404
102,백령도,2021-03-11 05:00,5.4,,.2,0,97,143
102,백령도,2021-03-11 06:00,5.8,,1.5,160,98,168
102,백령도,2021-03-11 07:00,5.4,,0,0,97,173
102,백령도,2021-03-11 08:00,5.2,,.3,0,97,163
102,백령도,2021-03-11 09:00,5.5,,2.8,140,98,155
102,백령도,2021-03-11 10:00,5.6,,4,140,95,208
102,백령도,2021-03-11 11:00,5.8,,4.1,140,94,298
102,백령도,2021-03-11 12:00,8.8,,3.2,140,78,738
102,백령도,2021-03-11 13:00,9.2,,3.4,140,66,634
102,백령도,2021-03-11 14:00,9.2,,2.2,180,64,524
102,백령도,2021-03-11 15:00,8.5,,1.8,180,66,639
102,백령도,2021-03-11 16:00,8.1,,2,180,73,551
102,백령도,2021-03-11 17:00,8.7,,0,0,69,640
102,백령도,2021-03-11 18:00,7.8,,0,0,78,588
102,백령도,2021-03-11 19:00,6.5,,.2,0,83,494
102,백령도,2021-03-11 20:00,7.4,,2.1,290,78,644
102,백령도,2021-03-11 21:00,6.9,,.9,270,80,560
102,백령도,2021-03-11 22:00,6,,3.7,340,88,420
102,백령도,2021-03-11 23:00,5.9,,3,320,89,397
102,백령도,2021-03-12 00:00,5.5,,2.8,320,92,325
102,백령도,2021-03-12 01:00,6.1,,4,290,89,436
102,백령도,2021-03-12 02:00,5.4,,.7,270,93,329
102,백령도,2021-03-12 03:00,5.3,,1.9,340,91,439
102,백령도,2021-03-12 04:00,4.4,,3.1,320,96,182
102,백령도,2021-03-12 05:00,4.4,,2.9,320,97,257
102,백령도,2021-03-12 06:00,6.3,0,5.1,340,76,952
102,백령도,2021-03-12 07:00,5.7,,2.1,340,84,806
102,백령도,2021-03-12 08:00,6.3,,3.5,360,90,637
102,백령도,2021-03-12 09:00,6.9,0,2.6,50,89,621
102,백령도,2021-03-12 10:00,6.8,,3.3,340,90,544
102,백령도,2021-03-12 11:00,8.1,,4.5,360,81,599
102,백령도,2021-03-12 12:00,7.3,.1,4,320,86,568
102,백령도,2021-03-12 13:00,8.5,,5.1,320,83,594
102,백령도,2021-03-12 14:00,7.3,,6.8,320,86,459
102,백령도,2021-03-12 15:00,8.2,,4.3,320,81,496
102,백령도,2021-03-12 16:00,7,,6.5,320,84,432
102,백령도,2021-03-12 17:00,6.2,,6.5,320,90,324
102,백령도,2021-03-12 18:00,5.7,,7,320,92,254
102,백령도,2021-03-12 19:00,5.5,,5.6,320,95,208
102,백령도,2021-03-12 20:00,6.1,,3.4,340,93,337
102,백령도,2021-03-12 21:00,5.6,,.8,290,93,328
102,백령도,2021-03-12 22:00,6.3,,1.7,320,87,539
102,백령도,2021-03-12 23:00,6.8,,1.6,270,85,610
102,백령도,2021-03-13 00:00,7.4,,0,0,80,748
102,백령도,2021-03-13 01:00,7.2,,0,0,83,700
102,백령도,2021-03-13 02:00,8.1,,0,0,79,729
102,백령도,2021-03-13 03:00,5.2,,0,0,90,542
102,백령도,2021-03-13 04:00,4.9,,2,320,95,280
102,백령도,2021-03-13 05:00,4.5,,1.5,320,97,155
102,백령도,2021-03-13 06:00,4.6,,1.8,290,98,140
102,백령도,2021-03-13 07:00,4.9,,1.3,290,98,167
102,백령도,2021-03-13 08:00,6.8,,1.7,200,86,592
102,백령도,2021-03-13 09:00,7.6,,1.7,180,76,549
102,백령도,2021-03-13 10:00,9.1,,1.8,180,68,1272
102,백령도,2021-03-13 11:00,9.9,,2,180,59,1484
102,백령도,2021-03-13 12:00,10.1,0,1.2,290,60,988
102,백령도,2021-03-13 13:00,9.3,,1.1,320,72,895
102,백령도,2021-03-13 14:00,9.9,,1.8,270,63,1242
102,백령도,2021-03-13 15:00,9.4,0,4.2,250,59,1559
102,백령도,2021-03-13 16:00,8.3,,3.8,320,70,1022
102,백령도,2021-03-13 17:00,7.9,,2.7,320,80,443
102,백령도,2021-03-13 18:00,7.2,0,1,320,81,424
102,백령도,2021-03-13 19:00,6,,2.4,290,85,365
102,백령도,2021-03-13 20:00,5.1,,1.6,290,90,277
102,백령도,2021-03-13 21:00,4.7,,2.4,290,94,229
102,백령도,2021-03-13 22:00,4.6,,2,290,96,147
102,백령도,2021-03-13 23:00,4.5,,2.5,290,97,132
102,백령도,2021-03-14 00:00,3.9,,0,0,97,110
102,백령도,2021-03-14 01:00,3.5,,0,0,99,91
102,백령도,2021-03-14 02:00,3.8,,2.6,290,99,59
102,백령도,2021-03-14 03:00,3.7,,3.1,320,99,61
102,백령도,2021-03-14 04:00,3.8,,3,320,99,58
102,백령도,2021-03-14 05:00,3.5,,2.9,320,99,9
102,백령도,2021-03-14 06:00,3.8,,2.5,320,99,89
102,백령도,2021-03-14 07:00,3.6,,2.2,320,99,168
102,백령도,2021-03-14 08:00,4.2,,1.4,290,99,161
102,백령도,2021-03-14 09:00,6.6,,.8,320,98,620
102,백령도,2021-03-14 10:00,7.9,,.2,0,81,981
102,백령도,2021-03-14 11:00,9.2,,2.1,90,75,1121
102,백령도,2021-03-14 12:00,9.9,,2,250,69,1081
102,백령도,2021-03-14 13:00,10.1,,.9,70,64,1345
102,백령도,2021-03-14 14:00,11,,1.4,70,65,1179
102,백령도,2021-03-14 15:00,11.3,,2.9,180,61,1296
102,백령도,2021-03-14 16:00,10.3,,2.3,200,67,1238
102,백령도,2021-03-14 17:00,9.6,,2.4,200,69,1406
102,백령도,2021-03-14 18:00,8.4,,2.6,180,77,1017
102,백령도,2021-03-14 19:00,6.8,,2.6,160,85,825
102,백령도,2021-03-14 20:00,6.2,,3,180,92,464
102,백령도,2021-03-14 21:00,6.6,,4.6,180,96,230
102,백령도,2021-03-14 22:00,5.1,,1.4,140,98,172
102,백령도,2021-03-14 23:00,5,,2.4,140,99,22
102,백령도,2021-03-15 00:00,5.1,,4.2,160,99,18
102,백령도,2021-03-15 01:00,5.1,,4.5,160,99,17
102,백령도,2021-03-15 02:00,5.1,,3.7,140,99,18
102,백령도,2021-03-15 03:00,5,,3.4,160,99,21
102,백령도,2021-03-15 04:00,5,,4.2,160,99,22
102,백령도,2021-03-15 05:00,4.6,,4.1,140,99,25
102,백령도,2021-03-15 06:00,4.3,,4.8,160,99,45
102,백령도,2021-03-15 07:00,4.2,,4.5,160,99,55
102,백령도,2021-03-15 08:00,4.1,,6.2,140,99,51
102,백령도,2021-03-15 09:00,4,,6.1,140,99,89
102,백령도,2021-03-15 10:00,4.3,,5.4,160,99,305
102,백령도,2021-03-15 11:00,4.4,,8.1,140,99,343
102,백령도,2021-03-15 12:00,5.2,,5.6,140,99,661
102,백령도,2021-03-15 13:00,5.5,,5.8,140,99,771
102,백령도,2021-03-15 14:00,6,,5.5,140,96,893
102,백령도,2021-03-15 15:00,6.6,,4,160,91,932
102,백령도,2021-03-15 16:00,7.4,,3.8,160,86,958
102,백령도,2021-03-15 17:00,7.5,,5.6,160,86,897
102,백령도,2021-03-15 18:00,7.6,,3.9,180,87,812
102,백령도,2021-03-15 19:00,8.6,,3.8,180,86,739
102,백령도,2021-03-15 20:00,8.5,,4.6,200,89,652
102,백령도,2021-03-15 21:00,8.6,,5.8,230,92,514
102,백령도,2021-03-15 22:00,8.9,,5.1,270,95,379
102,백령도,2021-03-15 23:00,6.9,,6.5,320,98,108
102,백령도,2021-03-16 00:00,6.3,.2,5.6,340,99,630
102,백령도,2021-03-16 01:00,5.9,,5,340,90,1448
102,백령도,2021-03-16 02:00,5.3,,4.3,340,90,1919
102,백령도,2021-03-16 03:00,4.9,0,4.7,360,83,2528
102,백령도,2021-03-16 04:00,4.7,,5.2,340,86,2238
102,백령도,2021-03-16 05:00,5.3,,8,360,58,2153
102,백령도,2021-03-16 06:00,5.5,,8.9,360,49,2030
102,백령도,2021-03-16 07:00,5.5,,8.3,360,44,2440
102,백령도,2021-03-16 08:00,5.4,,11.1,340,44,2817
102,백령도,2021-03-16 09:00,5.6,,9.4,340,39,2731
102,백령도,2021-03-16 10:00,5.8,,8.9,360,38,2854
102,백령도,2021-03-16 11:00,5.8,,8.4,360,36,2931
102,백령도,2021-03-16 12:00,6.1,,7.6,340,37,3101
102,백령도,2021-03-16 13:00,5.9,,9.8,340,37,3314
102,백령도,2021-03-16 14:00,5.5,,8.8,340,37,3400
102,백령도,2021-03-16 15:00,5.3,,9.5,340,35,3685
102,백령도,2021-03-16 16:00,5.1,,10.5,340,35,3782
102,백령도,2021-03-16 17:00,5.3,,8.1,340,39,3936
102,백령도,2021-03-16 18:00,4.7,,7.4,340,44,3737
102,백령도,2021-03-16 19:00,4.5,,7.6,340,46,3810
102,백령도,2021-03-16 20:00,4.9,,5.3,340,43,3845
102,백령도,2021-03-16 21:00,5,,4,340,52,3753
102,백령도,2021-03-16 22:00,4.5,,3.9,320,65,3326
102,백령도,2021-03-16 23:00,4.7,,4.1,320,70,3379
102,백령도,2021-03-17 00:00,4.7,,4.9,320,81,3169
102,백령도,2021-03-17 01:00,5.2,,5.2,340,70,3777
102,백령도,2021-03-17 02:00,5.2,,5.8,360,50,3488
102,백령도,2021-03-17 03:00,4.7,,5.3,360,55,3403
102,백령도,2021-03-17 04:00,4.1,,4.8,340,62,3103
102,백령도,2021-03-17 05:00,3.8,,2.7,360,70,3137
102,백령도,2021-03-17 06:00,2.8,,3.2,360,67,3360
102,백령도,2021-03-17 07:00,3.7,,1.9,20,58,3654
102,백령도,2021-03-17 08:00,4.1,,1.5,340,65,3668
102,백령도,2021-03-17 09:00,5.5,,3.5,340,52,3932
102,백령도,2021-03-17 10:00,6.6,,3.5,360,43,4104
102,백령도,2021-03-17 11:00,7,,4,340,48,4284
102,백령도,2021-03-17 12:00,7,,4.8,340,50,3929
102,백령도,2021-03-17 13:00,7.2,,6.5,340,44,4147
102,백령도,2021-03-17 14:00,7.6,,6.4,340,39,4364
102,백령도,2021-03-17 15:00,8,,5.1,340,39,4100
102,백령도,2021-03-17 16:00,7.5,,4.7,320,40,3692
102,백령도,2021-03-17 17:00,6.2,,7.7,320,51,3970
102,백령도,2021-03-17 18:00,5.5,,6.2,320,60,3737
102,백령도,2021-03-17 19:00,4.9,,5.5,290,69,4048
102,백령도,2021-03-17 20:00,5.1,,5.4,340,70,3523
102,백령도,2021-03-17 21:00,4.9,,4.4,320,74,3119
102,백령도,2021-03-17 22:00,6.1,,3.5,320,49,3958
102,백령도,2021-03-17 23:00,5.6,,4.6,320,60,4008
102,백령도,2021-03-18 00:00,6.1,,5.3,320,51,3696
102,백령도,2021-03-18 01:00,6.4,,5.2,340,46,3665
102,백령도,2021-03-18 02:00,6.3,,2.4,340,44,3600
102,백령도,2021-03-18 03:00,4.9,,.2,0,57,3483
102,백령도,2021-03-18 04:00,5.2,,2.7,320,57,3310
102,백령도,2021-03-18 05:00,3.3,,2.2,320,71,3122
102,백령도,2021-03-18 06:00,4.1,,2,320,73,2985
102,백령도,2021-03-18 07:00,4.7,,1.1,270,65,3283
102,백령도,2021-03-18 08:00,6.2,,0,0,45,3915
102,백령도,2021-03-18 09:00,7.6,,0,0,57,3446
102,백령도,2021-03-18 10:00,9.1,,0,0,50,3573
102,백령도,2021-03-18 11:00,9.1,,1.3,90,59,2736
102,백령도,2021-03-18 12:00,10.1,,2.2,340,44,3458
102,백령도,2021-03-18 13:00,10.7,,2.9,340,41,3727
102,백령도,2021-03-18 14:00,10,,3.6,290,38,3303
102,백령도,2021-03-18 15:00,8.1,,4.4,340,62,2955
102,백령도,2021-03-18 16:00,7.2,,4.7,340,64,2963
102,백령도,2021-03-18 17:00,6.9,,3.8,320,55,3121
102,백령도,2021-03-18 18:00,6.6,,5.5,340,52,2530
102,백령도,2021-03-18 19:00,6.8,,2.6,320,54,2571
102,백령도,2021-03-18 20:00,7.5,,4.2,360,47,2661
102,백령도,2021-03-18 21:00,7.4,,3.2,360,42,3443
102,백령도,2021-03-18 22:00,8,,2.8,20,40,3188
102,백령도,2021-03-18 23:00,8.2,,1.1,360,42,2765
102,백령도,2021-03-19 00:00,7,,0,0,52,2960
102,백령도,2021-03-19 01:00,6.2,,3.3,320,78,3573
102,백령도,2021-03-19 02:00,6.5,,1.7,290,71,3704
102,백령도,2021-03-19 03:00,6.3,,2.2,290,73,3599
102,백령도,2021-03-19 04:00,6.9,,2.9,320,72,3521
102,백령도,2021-03-19 05:00,5.7,,0,0,81,3215
102,백령도,2021-03-19 06:00,5,,1.6,290,83,2987
102,백령도,2021-03-19 07:00,5.4,,2,320,75,3067
102,백령도,2021-03-19 08:00,7,,0,0,67,3097
102,백령도,2021-03-19 09:00,10.5,,1,90,43,3217
102,백령도,2021-03-19 10:00,10.6,,1.6,90,47,2563
102,백령도,2021-03-19 11:00,12.1,,2,70,44,2248
102,백령도,2021-03-19 12:00,13.3,,2.4,110,45,1958
102,백령도,2021-03-19 13:00,12.8,,2.7,110,48,1678
102,백령도,2021-03-19 14:00,11.7,,3.3,180,41,2286
102,백령도,2021-03-19 15:00,11.5,,3.4,180,38,2509
102,백령도,2021-03-19 16:00,11.6,,1.5,180,41,1768
102,백령도,2021-03-19 17:00,9.1,,1.9,340,61,1621
102,백령도,2021-03-19 18:00,8.8,,0,0,63,1701
102,백령도,2021-03-19 19:00,8.1,,0,0,59,1702
102,백령도,2021-03-19 20:00,7.5,,0,0,77,1643
102,백령도,2021-03-19 21:00,6.8,,0,0,84,1951
102,백령도,2021-03-19 22:00,6.6,,.3,0,85,1407
102,백령도,2021-03-19 23:00,7.4,,0,0,69,2249
102,백령도,2021-03-20 00:00,7.5,,.8,90,62,2905
102,백령도,2021-03-20 01:00,7.5,,0,0,60,3081
102,백령도,2021-03-20 02:00,7.4,,0,0,69,2381
102,백령도,2021-03-20 03:00,7.4,0,1.7,230,61,2602
102,백령도,2021-03-20 04:00,6,,0,0,85,1894
102,백령도,2021-03-20 05:00,6.2,,1.4,180,79,2316
102,백령도,2021-03-20 06:00,5.6,.2,1.9,290,88,2064
102,백령도,2021-03-20 07:00,5.6,,2.3,340,86,1255
102,백령도,2021-03-20 08:00,5.2,,4.9,340,90,839
102,백령도,2021-03-20 09:00,4.7,1.6,3.4,360,92,842
102,백령도,2021-03-20 10:00,5.3,,0,0,92,1206
102,백령도,2021-03-20 11:00,5.7,,2,320,90,1615
102,백령도,2021-03-20 12:00,7.5,.2,1.4,290,81,2609
102,백령도,2021-03-20 13:00,6.6,,4.2,320,81,2362
102,백령도,2021-03-20 14:00,5.6,,5.1,290,91,697
102,백령도,2021-03-20 15:00,4.9,,6.4,320,92,597
102,백령도,2021-03-20 16:00,4.8,,6.4,320,90,702
102,백령도,2021-03-20 17:00,4.7,,6.2,320,88,663
102,백령도,2021-03-20 18:00,4.9,,5.8,320,89,690
102,백령도,2021-03-20 19:00,4.9,,6.3,320,91,742
102,백령도,2021-03-20 20:00,5,,3.2,340,90,732
102,백령도,2021-03-20 21:00,4.9,,4.6,320,91,730
102,백령도,2021-03-20 22:00,5.2,,5,290,91,765
102,백령도,2021-03-20 23:00,5.1,,5.9,290,92,673
102,백령도,2021-03-21 00:00,5,,7.1,290,93,634
102,백령도,2021-03-21 01:00,4.9,,6.8,320,94,537
102,백령도,2021-03-21 02:00,4.9,,4.9,320,94,514
102,백령도,2021-03-21 03:00,4.6,,4.3,290,95,485
102,백령도,2021-03-21 04:00,4.8,,6.6,320,94,611
102,백령도,2021-03-21 05:00,4.7,,5.4,320,93,658
102,백령도,2021-03-21 06:00,4.8,,4.5,320,90,659
102,백령도,2021-03-21 07:00,4.6,,6.6,320,89,1024
102,백령도,2021-03-21 08:00,4.7,,5.5,340,90,1245
102,백령도,2021-03-21 09:00,5.3,,8.1,320,73,1648
102,백령도,2021-03-21 10:00,5.6,,9,320,54,4343
102,백령도,2021-03-21 11:00,5.7,,9,320,53,3355
102,백령도,2021-03-21 12:00,5.6,,11,320,55,4169
102,백령도,2021-03-21 13:00,5.8,,10,320,58,4250
102,백령도,2021-03-21 14:00,5.6,,10.9,320,56,3801
102,백령도,2021-03-21 15:00,6.2,,9,320,55,4058
102,백령도,2021-03-21 16:00,6.1,,9.4,320,56,3919
102,백령도,2021-03-21 17:00,5.5,,9.2,320,58,3543
102,백령도,2021-03-21 18:00,4.9,,9.1,320,56,3499
102,백령도,2021-03-21 19:00,4.5,,8.3,320,59,3526
102,백령도,2021-03-21 20:00,4.6,,7.7,320,57,3721
102,백령도,2021-03-21 21:00,4.4,,5.8,320,58,3892
102,백령도,2021-03-21 22:00,4.5,,5,320,63,3892
102,백령도,2021-03-21 23:00,4.9,,9.6,320,55,3900
102,백령도,2021-03-22 00:00,4.9,,7.7,320,58,3838
102,백령도,2021-03-22 01:00,4.8,,7.6,320,56,3972
102,백령도,2021-03-22 02:00,4.6,,5.1,290,65,3579
102,백령도,2021-03-22 03:00,4.3,,4.9,290,67,3248
102,백령도,2021-03-22 04:00,3.6,,2.6,270,71,3329
102,백령도,2021-03-22 05:00,4,,3.1,270,74,3375
102,백령도,2021-03-22 06:00,4.4,,4.6,270,75,3430
102,백령도,2021-03-22 07:00,4.5,,3.9,270,77,2985
102,백령도,2021-03-22 08:00,5.7,,4.3,270,77,2587
102,백령도,2021-03-22 09:00,6.7,,3.7,290,77,2761
102,백령도,2021-03-22 10:00,7.4,,3,290,56,3286
102,백령도,2021-03-22 11:00,8,,3.8,320,50,3585
102,백령도,2021-03-22 12:00,8.2,,5.7,320,61,3000
102,백령도,2021-03-22 13:00,9.1,,5.7,320,54,3036
102,백령도,2021-03-22 14:00,8,,6.4,320,70,2586
102,백령도,2021-03-22 15:00,7.9,,6.1,290,70,2472
102,백령도,2021-03-22 16:00,7.6,,5.1,320,72,2352
102,백령도,2021-03-22 17:00,7.5,,5.2,290,69,2364
102,백령도,2021-03-22 18:00,7,,3.7,290,69,2273
102,백령도,2021-03-22 19:00,5.8,,2.7,270,67,2588
102,백령도,2021-03-22 20:00,5.3,,3,270,82,2080
102,백령도,2021-03-22 21:00,6.1,,3,250,57,3094
102,백령도,2021-03-22 22:00,5.6,,3.3,230,68,2591
102,백령도,2021-03-22 23:00,5.8,,4.8,200,82,1843
102,백령도,2021-03-23 00:00,6.2,,5.2,200,77,1876
102,백령도,2021-03-23 01:00,6.2,,3.5,200,80,1706
102,백령도,2021-03-23 02:00,6.1,,3.2,200,87,1269
102,백령도,2021-03-23 03:00,6.1,,3.1,160,88,1194
102,백령도,2021-03-23 04:00,5.4,,2,140,91,1057
102,백령도,2021-03-23 05:00,5,,2.5,110,97,519
102,백령도,2021-03-23 06:00,6.1,,1.8,140,91,924
102,백령도,2021-03-23 07:00,5.8,,1.9,110,94,780
102,백령도,2021-03-23 08:00,6.9,,1.7,110,93,1036
102,백령도,2021-03-23 09:00,7.9,,2.8,90,89,1082
102,백령도,2021-03-23 10:00,10.2,,4.5,160,71,1690
102,백령도,2021-03-23 11:00,10.5,,4.8,180,71,1609
102,백령도,2021-03-23 12:00,12,,5.8,180,54,1846
102,백령도,2021-03-23 13:00,12.8,,6.1,250,47,1999
102,백령도,2021-03-23 14:00,12.2,,6.4,230,49,1753
102,백령도,2021-03-23 15:00,11.4,,6.2,230,59,1935
102,백령도,2021-03-23 16:00,10.6,,6.4,200,64,2038
102,백령도,2021-03-23 17:00,10.5,,5.8,200,65,2071
102,백령도,2021-03-23 18:00,9.2,,7.5,200,71,2124
102,백령도,2021-03-23 19:00,8.5,,6.9,200,78,2075
102,백령도,2021-03-23 20:00,8.5,,6.6,200,78,1822
102,백령도,2021-03-23 21:00,8.2,,5.4,200,81,1450
102,백령도,2021-03-23 22:00,8.1,,5,180,81,1416
102,백령도,2021-03-23 23:00,8.1,,4.2,180,78,1528
102,백령도,2021-03-24 00:00,8.4,,6.6,180,76,1620
102,백령도,2021-03-24 01:00,8.3,,5.9,180,79,1549
102,백령도,2021-03-24 02:00,8.2,,5.4,180,83,1294
102,백령도,2021-03-24 03:00,7.9,,6,160,85,1257
102,백령도,2021-03-24 04:00,7.4,,3.9,160,89,1074
102,백령도,2021-03-24 05:00,7.2,,4.9,160,93,931
102,백령도,2021-03-24 06:00,7,,5.6,160,96,899
102,백령도,2021-03-24 07:00,6.6,,4.5,160,96,832
102,백령도,2021-03-24 08:00,7.4,,5.7,160,94,1419
102,백령도,2021-03-24 09:00,8.4,,4.3,160,91,1913
102,백령도,2021-03-24 10:00,9.8,,4.2,160,85,2439
102,백령도,2021-03-24 11:00,10.2,,3.8,140,80,2500
102,백령도,2021-03-24 12:00,10.8,,5.7,160,80,2691
102,백령도,2021-03-24 13:00,11,,3.7,160,77,2975
102,백령도,2021-03-24 14:00,10.7,,3.9,160,79,2200
102,백령도,2021-03-24 15:00,10.3,,4.7,180,83,2665
102,백령도,2021-03-24 16:00,9.6,,4.9,180,88,2792
102,백령도,2021-03-24 17:00,9.2,,4.4,200,90,2641
102,백령도,2021-03-24 18:00,8,,5,200,93,2356
102,백령도,2021-03-24 19:00,7.1,,1.9,90,95,1706
102,백령도,2021-03-24 20:00,7.6,,.8,110,96,1880
102,백령도,2021-03-24 21:00,7.2,,2.4,110,97,1850
102,백령도,2021-03-24 22:00,7.9,,1.7,140,97,1003
102,백령도,2021-03-24 23:00,7.7,,1.5,140,98,910
102,백령도,2021-03-25 00:00,7.7,,.7,160,99,478
102,백령도,2021-03-25 01:00,7.4,,0,0,99,303
102,백령도,2021-03-25 02:00,7.5,,0,0,99,692
102,백령도,2021-03-25 03:00,7.2,,.7,110,99,480
102,백령도,2021-03-25 04:00,7,,2.2,140,99,577
102,백령도,2021-03-25 05:00,6.6,,1.8,110,98,484
102,백령도,2021-03-25 06:00,6.4,,2.2,140,98,474
102,백령도,2021-03-25 07:00,6.2,,1.6,110,98,358
102,백령도,2021-03-25 08:00,6.3,,1.7,110,98,431
102,백령도,2021-03-25 09:00,6.7,,1.8,140,96,636
102,백령도,2021-03-25 10:00,7.3,,2.3,140,94,720
102,백령도,2021-03-25 11:00,7,,3.6,160,93,778
102,백령도,2021-03-25 12:00,7.7,,4.2,180,88,929
102,백령도,2021-03-25 13:00,8.4,,4.3,160,88,883
102,백령도,2021-03-25 14:00,9.7,,2.7,180,79,1044
102,백령도,2021-03-25 15:00,8.6,,2.4,180,84,910
102,백령도,2021-03-25 16:00,9.1,,.3,0,84,961
102,백령도,2021-03-25 17:00,8,,1.7,90,85,865
102,백령도,2021-03-25 18:00,6.7,,3.2,200,89,701
102,백령도,2021-03-25 19:00,5.2,,2.6,180,96,339
102,백령도,2021-03-25 20:00,4.8,,2.5,160,98,79
102,백령도,2021-03-25 21:00,4.8,,.4,0,99,161
102,백령도,2021-03-25 22:00,4.5,,.5,110,99,47
102,백령도,2021-03-25 23:00,4.2,,1.7,160,99,36
102,백령도,2021-03-26 00:00,3.6,,2.1,160,99,35
102,백령도,2021-03-26 01:00,3.6,,1.9,160,99,36
102,백령도,2021-03-26 02:00,3,,1.5,160,99,36
102,백령도,2021-03-26 03:00,3.1,,2.4,140,99,35
102,백령도,2021-03-26 04:00,3.2,,2.5,140,99,45
102,백령도,2021-03-26 05:00,3.3,,3.8,140,99,34
102,백령도,2021-03-26 06:00,3.1,,3.8,140,99,34
102,백령도,2021-03-26 07:00,3.3,,4.4,140,99,79
102,백령도,2021-03-26 08:00,3.6,,4.8,140,99,90
102,백령도,2021-03-26 09:00,4,,5,140,99,272
102,백령도,2021-03-26 10:00,4.4,,6.7,140,99,401
102,백령도,2021-03-26 11:00,4.7,,6.2,140,99,504
102,백령도,2021-03-26 12:00,5.6,,6,140,99,809
102,백령도,2021-03-26 13:00,6,,5.1,140,96,896
102,백령도,2021-03-26 14:00,6.8,,5,160,89,1077
102,백령도,2021-03-26 15:00,6.8,,4.5,160,88,961
102,백령도,2021-03-26 16:00,7.3,,5.5,160,88,990
102,백령도,2021-03-26 17:00,7.5,,3.9,160,88,994
102,백령도,2021-03-26 18:00,6.9,,3,180,86,949
102,백령도,2021-03-26 19:00,7.1,,1.1,180,83,997
102,백령도,2021-03-26 20:00,6.4,,1.6,180,91,422
102,백령도,2021-03-26 21:00,6.4,,.3,0,91,750
102,백령도,2021-03-26 22:00,5.8,,3.9,180,96,424
102,백령도,2021-03-26 23:00,4.6,,1.2,110,97,266
102,백령도,2021-03-27 00:00,4.6,,3,110,99,547
102,백령도,2021-03-27 01:00,5.2,,3,110,99,471
102,백령도,2021-03-27 02:00,5.5,,3.7,160,99,436
102,백령도,2021-03-27 03:00,6.8,,2.9,140,88,961
102,백령도,2021-03-27 04:00,6.8,,4.3,110,95,470
102,백령도,2021-03-27 05:00,7.7,,4.6,110,81,916
102,백령도,2021-03-27 06:00,7.3,.8,4.8,90,90,704
102,백령도,2021-03-27 07:00,7.7,,3.3,110,90,726
102,백령도,2021-03-27 08:00,7.4,,4.2,90,94,438
102,백령도,2021-03-27 09:00,7.5,7.1,3.3,110,96,278
102,백령도,2021-03-27 10:00,7.5,,4,110,98,216
102,백령도,2021-03-27 11:00,7.8,,5.4,110,99,201
102,백령도,2021-03-27 12:00,7.9,14.2,6.2,90,99,138
102,백령도,2021-03-27 13:00,7.9,,5.6,110,99,198
102,백령도,2021-03-27 14:00,7.8,,6.4,90,99,241
102,백령도,2021-03-27 15:00,7.7,9.8,4.7,110,99,130
102,백령도,2021-03-27 16:00,7.9,,6.2,110,99,204
102,백령도,2021-03-27 17:00,8.9,,6.7,110,99,754
102,백령도,2021-03-27 18:00,9.2,1.8,6.6,110,99,795
102,백령도,2021-03-27 19:00,9.1,,6.1,140,99,277
102,백령도,2021-03-27 20:00,9,,4.7,110,99,226
102,백령도,2021-03-27 21:00,9.4,2.3,5.9,110,99,101
102,백령도,2021-03-27 22:00,9.2,,4.6,110,99,53
102,백령도,2021-03-27 23:00,9.2,,3.8,110,99,68
102,백령도,2021-03-28 00:00,9.1,1.7,2,110,99,69
102,백령도,2021-03-28 01:00,9.1,,0,0,99,90
102,백령도,2021-03-28 02:00,8.2,,2.1,290,99,29
102,백령도,2021-03-28 03:00,7.9,.1,2.8,290,99,48
102,백령도,2021-03-28 04:00,6.7,,6,290,99,35
102,백령도,2021-03-28 05:00,6.4,,6,320,99,39
102,백령도,2021-03-28 06:00,6.5,.4,6.2,320,99,21
102,백령도,2021-03-28 07:00,6.6,,5.1,320,99,21
102,백령도,2021-03-28 08:00,6.6,,5.2,290,99,177
102,백령도,2021-03-28 09:00,6.9,,5.3,290,99,353
102,백령도,2021-03-28 10:00,7.6,,4.5,290,99,706
102,백령도,2021-03-28 11:00,9,,2.7,230,99,2399
102,백령도,2021-03-28 12:00,9.2,,4.6,230,94,2696
102,백령도,2021-03-28 13:00,8.6,,5.4,200,93,2073
102,백령도,2021-03-28 14:00,8.2,,3.9,200,94,1454
102,백령도,2021-03-28 15:00,8.1,,5.8,200,95,1101
102,백령도,2021-03-28 16:00,7.7,,3.7,180,97,642
102,백령도,2021-03-28 17:00,8.1,,3.8,160,98,672
102,백령도,2021-03-28 18:00,7.8,,4.5,160,97,550
102,백령도,2021-03-28 19:00,7.7,,5.5,180,98,404
102,백령도,2021-03-28 20:00,7.5,,2.8,140,99,405
102,백령도,2021-03-28 21:00,8.5,,3,230,99,27
102,백령도,2021-03-28 22:00,8.4,,5.8,290,99,164
102,백령도,2021-03-28 23:00,8,,6.2,290,99,113
102,백령도,2021-03-29 00:00,7.3,,5.7,290,99,102
102,백령도,2021-03-29 01:00,6.8,,5.4,320,99,13
102,백령도,2021-03-29 02:00,6.4,,3.4,320,99,9
102,백령도,2021-03-29 03:00,6.4,,2,320,99,9
102,백령도,2021-03-29 04:00,6.3,,1,320,99,47
102,백령도,2021-03-29 05:00,5.7,,1.4,320,99,12
102,백령도,2021-03-29 06:00,5.3,,2.8,290,99,193
102,백령도,2021-03-29 07:00,5.2,,2,290,99,263
102,백령도,2021-03-29 08:00,6.8,,2,290,99,386
102,백령도,2021-03-29 09:00,8.5,,3.6,320,79,525
102,백령도,2021-03-29 10:00,10.6,,3.3,290,48,633
102,백령도,2021-03-29 11:00,12.1,,3.7,290,43,922
102,백령도,2021-03-29 12:00,11.7,,4.5,290,42,943
102,백령도,2021-03-29 13:00,11.9,,3.8,290,38,1372
102,백령도,2021-03-29 14:00,10,,4.6,290,63,997
102,백령도,2021-03-29 15:00,10.2,,4.5,290,60,1393
102,백령도,2021-03-29 16:00,9.8,,4.2,290,56,1975
102,백령도,2021-03-29 17:00,9.6,,3.9,290,45,2625
102,백령도,2021-03-29 18:00,9.6,,2,320,43,3487
102,백령도,2021-03-29 19:00,8,,2.8,290,39,3720
102,백령도,2021-03-29 20:00,7.3,,2.8,290,39,3818
102,백령도,2021-03-29 21:00,7.4,,1.6,270,28,4358
102,백령도,2021-03-29 22:00,7.5,,0,0,31,3914
102,백령도,2021-03-29 23:00,6.6,,1.9,290,36,3787
102,백령도,2021-03-30 00:00,7.4,,.7,290,27,4203
102,백령도,2021-03-30 01:00,7.5,,1.4,320,32,4189
102,백령도,2021-03-30 02:00,6.4,,0,0,39,3775
102,백령도,2021-03-30 03:00,5.8,,3.3,320,46,3726
102,백령도,2021-03-30 04:00,6.3,,2.9,290,56,3165
102,백령도,2021-03-30 05:00,5.9,,3.5,290,67,2872
102,백령도,2021-03-30 06:00,5.5,,3.1,290,71,3030
102,백령도,2021-03-30 07:00,5.7,,2.5,290,64,3620
102,백령도,2021-03-30 08:00,8.2,,.9,290,52,3665
102,백령도,2021-03-30 09:00,9.7,,3.6,290,34,4165
102,백령도,2021-03-30 10:00,10.5,,4.3,320,28,4134
102,백령도,2021-03-30 11:00,12,,3.4,340,20,4312
102,백령도,2021-03-30 12:00,12.8,,3.6,340,15,4456
102,백령도,2021-03-30 13:00,12.3,,5,320,18,4439
102,백령도,2021-03-30 14:00,12.6,,3.6,290,18,4201
102,백령도,2021-03-30 15:00,12.8,,3.7,290,18,3565
102,백령도,2021-03-30 16:00,12.5,,2.8,290,19,3524
102,백령도,2021-03-30 17:00,12,,2.3,290,23,3412
102,백령도,2021-03-30 18:00,10.7,,2.1,290,29,3635
102,백령도,2021-03-30 19:00,8.5,,.1,0,46,3120
102,백령도,2021-03-30 20:00,8.4,,0,0,32,3304
102,백령도,2021-03-30 21:00,7.9,,0,0,37,1812
102,백령도,2021-03-30 22:00,7.3,,0,0,32,3233
102,백령도,2021-03-30 23:00,7.6,,0,0,38,3013
102,백령도,2021-03-31 00:00,8.2,,0,0,23,3207
102,백령도,2021-03-31 01:00,7.1,,0,0,23,3233
102,백령도,2021-03-31 02:00,8.1,,.1,0,25,3560
102,백령도,2021-03-31 03:00,8.4,,0,0,14,3754
102,백령도,2021-03-31 04:00,7.4,,1.9,340,38,4350
102,백령도,2021-03-31 05:00,7.9,,0,0,29,3898
102,백령도,2021-03-31 06:00,8.8,,0,0,15,2202
102,백령도,2021-03-31 07:00,6.2,,2.1,90,70,2883
102,백령도,2021-03-31 08:00,8.3,,1.7,90,61,2773
102,백령도,2021-03-31 09:00,10.6,,.9,140,54,2801
102,백령도,2021-03-31 10:00,11.9,,1.7,90,32,3022
102,백령도,2021-03-31 11:00,13.1,,2.8,90,28,2000
102,백령도,2021-03-31 12:00,15.6,,2.8,180,19,2924
102,백령도,2021-03-31 13:00,16.3,,.6,140,16,3089
102,백령도,2021-03-31 14:00,16.6,,1.5,340,17,3095
102,백령도,2021-03-31 15:00,13.5,,4,320,22,3105
102,백령도,2021-03-31 16:00,14,,4,320,20,3384
102,백령도,2021-03-31 17:00,12.5,,4.8,290,21,3161
102,백령도,2021-03-31 18:00,11.4,,3,320,33,3194
102,백령도,2021-03-31 19:00,9.2,,3,320,48,2548
102,백령도,2021-03-31 20:00,10.2,,3.4,320,36,2955
102,백령도,2021-03-31 21:00,10.1,,1.9,320,33,3230
102,백령도,2021-03-31 22:00,11.8,,2.1,360,21,3816
102,백령도,2021-03-31 23:00,13.4,,1.8,20,17,3844
102,백령도,2021-04-01 00:00,13.1,,2.4,50,16,3901
102,백령도,2021-04-01 01:00,14.2,,2.7,20,11,3988
102,백령도,2021-04-01 02:00,13.1,,2.5,360,14,3988
102,백령도,2021-04-01 03:00,12.8,,1.9,20,12,4258
102,백령도,2021-04-01 04:00,12.9,,2.9,20,14,4080
102,백령도,2021-04-01 05:00,13.3,,2.4,20,14,3940
102,백령도,2021-04-01 06:00,10,,2.6,70,37,3610
102,백령도,2021-04-01 07:00,10.7,,2.2,110,36,3296
102,백령도,2021-04-01 08:00,11.3,,2.8,110,44,2776
102,백령도,2021-04-01 09:00,13.1,,3.7,90,33,2908
102,백령도,2021-04-01 10:00,15,,3.3,110,32,2874
102,백령도,2021-04-01 11:00,16.5,,7.8,110,28,3707
102,백령도,2021-04-01 12:00,18.1,,6.4,110,26,3835
102,백령도,2021-04-01 13:00,17.6,,6.3,110,23,3766
102,백령도,2021-04-01 14:00,18.5,,6.3,110,20,3784
102,백령도,2021-04-01 15:00,18.7,,6.5,140,22,3547
102,백령도,2021-04-01 16:00,18.9,,5.9,140,24,3885
102,백령도,2021-04-01 17:00,18.5,,5.1,160,24,3770
102,백령도,2021-04-01 18:00,16.5,,3.8,180,24,3725
102,백령도,2021-04-01 19:00,16.4,,3.3,160,23,3453
102,백령도,2021-04-01 20:00,15.3,,1.8,110,26,3207
102,백령도,2021-04-01 21:00,14.5,,1.5,70,31,3188
102,백령도,2021-04-01 22:00,14.5,,0,0,33,3421
102,백령도,2021-04-01 23:00,13.6,,1.1,110,39,3391
102,백령도,2021-04-02 00:00,15,,7,140,29,4074
102,백령도,2021-04-02 01:00,13.6,,4.4,110,44,3761
102,백령도,2021-04-02 02:00,13.6,,5.6,110,52,3403
102,백령도,2021-04-02 03:00,13.9,0,6.2,110,45,3382
102,백령도,2021-04-02 04:00,12.8,0,5.8,110,46,3417
102,백령도,2021-04-02 05:00,12.4,0,4.3,110,45,3657
102,백령도,2021-04-02 06:00,13,0,6.4,110,37,3703
102,백령도,2021-04-02 07:00,12.2,0,5.1,110,43,3645
102,백령도,2021-04-02 08:00,12.9,0,5.4,140,39,3599
102,백령도,2021-04-02 09:00,13.4,,4.1,110,39,3398
102,백령도,2021-04-02 10:00,15.4,,5.8,110,33,4003
102,백령도,2021-04-02 11:00,15.3,,4.4,110,34,4073
102,백령도,2021-04-02 12:00,15.3,,4.5,140,32,3941
102,백령도,2021-04-02 13:00,14.8,,5.1,140,32,3813
102,백령도,2021-04-02 14:00,15,0,4.3,140,31,3930
102,백령도,2021-04-02 15:00,16.2,0,2.6,140,29,3804
102,백령도,2021-04-02 16:00,15.9,0,1.9,140,32,4004
102,백령도,2021-04-02 17:00,15.5,0,0,0,36,3854
102,백령도,2021-04-02 18:00,12.7,0,1.8,290,48,3632
102,백령도,2021-04-02 19:00,13,0,0,0,48,3534
102,백령도,2021-04-02 20:00,13.2,0,0,0,43,3289
102,백령도,2021-04-02 21:00,13,0,2.4,340,48,3484
102,백령도,2021-04-02 22:00,12.5,0,2.2,340,51,3761
102,백령도,2021-04-02 23:00,11.1,0,3.2,340,63,2815
102,백령도,2021-04-03 00:00,9.9,0,4.5,340,70,3462
102,백령도,2021-04-03 01:00,8.4,.1,5.3,340,83,3375
102,백령도,2021-04-03 02:00,7.7,.6,6.3,360,90,1899
102,백령도,2021-04-03 03:00,7.9,.2,6.1,360,92,2990
102,백령도,2021-04-03 04:00,8.2,.1,4.4,360,96,2536
102,백령도,2021-04-03 05:00,8.5,1.2,4.7,360,97,2073
102,백령도,2021-04-03 06:00,9.8,4.3,3.7,20,98,512
102,백령도,2021-04-03 07:00,9.4,6.2,4.3,70,98,455
102,백령도,2021-04-03 08:00,9.7,5.5,3.9,50,99,491
102,백령도,2021-04-03 09:00,9.1,8.5,4.5,70,99,283
102,백령도,2021-04-03 10:00,9.8,7.1,2.7,90,99,172
102,백령도,2021-04-03 11:00,9.7,2,2,360,99,105
102,백령도,2021-04-03 12:00,8,1.8,5.9,360,99,809
102,백령도,2021-04-03 13:00,8.2,.7,7.1,360,99,448
102,백령도,2021-04-03 14:00,8,.7,7.4,340,99,1511
102,백령도,2021-04-03 15:00,8,.9,6.3,340,99,1605
102,백령도,2021-04-03 16:00,8.3,1.3,8,340,99,1548
102,백령도,2021-04-03 17:00,8.2,.2,4.3,360,99,3643
102,백령도,2021-04-03 18:00,8.2,.1,6,340,97,2713
102,백령도,2021-04-03 19:00,9,0,6.2,340,94,4409
102,백령도,2021-04-03 20:00,9.2,0,4.8,340,90,4798
102,백령도,2021-04-03 21:00,8,,7.5,340,92,3514
102,백령도,2021-04-03 22:00,8.1,,9.3,360,92,3659
102,백령도,2021-04-03 23:00,8.8,,7.5,340,90,4261
102,백령도,2021-04-04 00:00,8.5,,9.2,360,88,4514
102,백령도,2021-04-04 01:00,8.3,,7.6,340,82,4155
102,백령도,2021-04-04 02:00,8.2,,8.2,340,80,3815
102,백령도,2021-04-04 03:00,8,,5.7,340,76,3796
102,백령도,2021-04-04 04:00,7.6,,5.9,340,78,3916
102,백령도,2021-04-04 05:00,7.1,,5.1,340,76,4296
102,백령도,2021-04-04 06:00,7,,1.7,320,71,4646
102,백령도,2021-04-04 07:00,7,,6.3,360,67,4791
102,백령도,2021-04-04 08:00,7.1,,6.2,340,65,4663
102,백령도,2021-04-04 09:00,7.8,,7.1,340,61,4297
102,백령도,2021-04-04 10:00,7.9,,6.7,340,63,3966
102,백령도,2021-04-04 11:00,8.7,,7.3,340,59,3851
102,백령도,2021-04-04 12:00,8.9,,6.4,340,60,3936
102,백령도,2021-04-04 13:00,8.6,,8.2,340,62,3560
102,백령도,2021-04-04 14:00,8.4,,8.9,340,57,3714
102,백령도,2021-04-04 15:00,9.1,,8.1,340,54,4160
102,백령도,2021-04-04 16:00,9.1,,6.7,340,52,4376
102,백령도,2021-04-04 17:00,8.7,,6.6,340,56,4446
102,백령도,2021-04-04 18:00,8.3,,3.8,340,59,4225
102,백령도,2021-04-04 19:00,6.9,,3,290,75,4701
102,백령도,2021-04-04 20:00,7,,4.7,320,72,4893
102,백령도,2021-04-04 21:00,7.1,,3.9,320,69,4765
102,백령도,2021-04-04 22:00,6.6,,2.7,340,73,4001
102,백령도,2021-04-04 23:00,7.1,,3.9,340,70,4219
102,백령도,2021-04-05 00:00,7.6,,4.3,320,64,4238
102,백령도,2021-04-05 01:00,8,,3.4,340,57,4614
102,백령도,2021-04-05 02:00,6.7,,3.1,320,74,4223
102,백령도,2021-04-05 03:00,6.1,,2.3,290,82,3669
102,백령도,2021-04-05 04:00,6,,2.9,270,83,3531
102,백령도,2021-04-05 05:00,5.8,,3.2,290,86,2766
102,백령도,2021-04-05 06:00,5.6,,3.7,320,88,2185
102,백령도,2021-04-05 07:00,6.2,,3.5,320,83,2338
102,백령도,2021-04-05 08:00,8.1,,1,340,69,3004
102,백령도,2021-04-05 09:00,10.3,,2.2,340,37,4710
102,백령도,2021-04-05 10:00,12.4,,1.8,90,28,4704
102,백령도,2021-04-05 11:00,13.6,,2.7,90,20,4891
102,백령도,2021-04-05 12:00,13.6,,2.7,110,22,4938
102,백령도,2021-04-05 13:00,12.9,,3.7,200,23,4851
102,백령도,2021-04-05 14:00,13.8,,2.3,180,26,4842
102,백령도,2021-04-05 15:00,13.8,,3.5,230,22,4955
102,백령도,2021-04-05 16:00,13.5,,2.9,230,26,4743
102,백령도,2021-04-05 17:00,12,,1.4,250,28,4563
102,백령도,2021-04-05 18:00,10.2,,2.5,320,54,3816
102,백령도,2021-04-05 19:00,8.4,,1.9,290,73,3178
102,백령도,2021-04-05 20:00,8.3,,3.4,290,54,3491
102,백령도,2021-04-05 21:00,8,,.5,290,46,3751
102,백령도,2021-04-05 22:00,8.9,,0,0,34,3833
102,백령도,2021-04-05 23:00,8.9,,0,0,28,4389
102,백령도,2021-04-06 00:00,8,,0,0,28,4478
102,백령도,2021-04-06 01:00,8.7,,0,0,22,3944
102,백령도,2021-04-06 02:00,8.6,,1.5,290,28,3615
102,백령도,2021-04-06 03:00,8.4,,0,0,47,3076
102,백령도,2021-04-06 04:00,8.3,,0,0,51,2906
102,백령도,2021-04-06 05:00,7.8,,1.8,320,59,2461
102,백령도,2021-04-06 06:00,8.5,,0,0,57,2091
102,백령도,2021-04-06 07:00,7.9,,0,0,61,2113
102,백령도,2021-04-06 08:00,10.9,,2.9,290,54,1911
102,백령도,2021-04-06 09:00,11.3,,3.7,320,55,1781
102,백령도,2021-04-06 10:00,13.4,,4.3,290,42,2041
102,백령도,2021-04-06 11:00,15.2,,4.5,290,37,2041
102,백령도,2021-04-06 12:00,13.1,,6.1,320,47,1673
102,백령도,2021-04-06 13:00,13.2,,5,290,53,1587
102,백령도,2021-04-06 14:00,12.8,,6.3,290,52,1440
102,백령도,2021-04-06 15:00,16.1,,3.9,290,38,1925
102,백령도,2021-04-06 16:00,15.6,,4.7,290,34,1937
102,백령도,2021-04-06 17:00,14.5,,5,290,39,2099
102,백령도,2021-04-06 18:00,13.4,,6.5,290,40,1949
102,백령도,2021-04-06 19:00,10.1,,4.9,290,67,1497
102,백령도,2021-04-06 20:00,9.6,,5.4,290,70,1510
102,백령도,2021-04-06 21:00,9.6,,5.4,290,71,1534
102,백령도,2021-04-06 22:00,9.3,,4.7,290,73,1599
102,백령도,2021-04-06 23:00,9.5,,4.6,320,69,1912
102,백령도,2021-04-07 00:00,8.7,,4.1,290,75,1826
102,백령도,2021-04-07 01:00,9.1,,4,290,71,1992
102,백령도,2021-04-07 02:00,8.4,,3.8,320,75,1768
102,백령도,2021-04-07 03:00,8,,5,290,79,1538
102,백령도,2021-04-07 04:00,8.1,,5.6,290,80,1416
102,백령도,2021-04-07 05:00,7.9,,5,320,80,1362
102,백령도,2021-04-07 06:00,7.3,,4.8,320,84,1112
102,백령도,2021-04-07 07:00,7.6,,3.5,320,84,1105
102,백령도,2021-04-07 08:00,9,,4.3,290,77,1387
102,백령도,2021-04-07 09:00,9.9,,5.1,290,72,1582
102,백령도,2021-04-07 10:00,10.7,,5.2,290,68,1543
102,백령도,2021-04-07 11:00,10.9,,6.2,320,67,1391
102,백령도,2021-04-07 12:00,11.6,,5.6,320,59,1842
102,백령도,2021-04-07 13:00,12.8,,4.3,320,46,2635
102,백령도,2021-04-07 14:00,13.2,,3.4,290,46,2996
102,백령도,2021-04-07 15:00,12.6,,3.8,290,50,2648
102,백령도,2021-04-07 16:00,13.7,,3.6,340,30,3646
102,백령도,2021-04-07 17:00,10.7,,4.2,320,51,3176
102,백령도,2021-04-07 18:00,10.4,,3.6,320,50,3566
102,백령도,2021-04-07 19:00,9.4,,3.9,320,52,3881
102,백령도,2021-04-07 20:00,9.2,,4.2,290,48,3929
102,백령도,2021-04-07 21:00,9.2,,4.5,320,47,3868
102,백령도,2021-04-07 22:00,7.8,,3.9,320,69,4177
102,백령도,2021-04-07 23:00,9,,7.1,320,56,4035
102,백령도,2021-04-08 00:00,8.5,,6.2,320,62,3474
102,백령도,2021-04-08 01:00,7.5,,3.2,320,67,3495
102,백령도,2021-04-08 02:00,7.6,,4.1,340,58,3354
102,백령도,2021-04-08 03:00,7.3,,4.2,340,60,3164
102,백령도,2021-04-08 04:00,6.6,,2.8,320,70,3033
102,백령도,2021-04-08 05:00,6.7,,4.3,320,71,3222
102,백령도,2021-04-08 06:00,6.7,,4,360,78,3729
102,백령도,2021-04-08 07:00,7.5,,3.5,320,61,4492
102,백령도,2021-04-08 08:00,8.1,,6,340,55,4149
102,백령도,2021-04-08 09:00,8.6,,6.9,340,52,4044
102,백령도,2021-04-08 10:00,9,,7.6,340,54,4168
102,백령도,2021-04-08 11:00,9.4,,7.9,340,46,3798
102,백령도,2021-04-08 12:00,9.7,,7,340,46,4009
102,백령도,2021-04-08 13:00,10.2,,5.2,340,41,4056
102,백령도,2021-04-08 14:00,11.2,,3.8,320,41,3981
102,백령도,2021-04-08 15:00,11,,4.2,320,42,4013
102,백령도,2021-04-08 16:00,9.6,,5.1,320,54,3465
102,백령도,2021-04-08 17:00,9.8,,4.2,290,51,3804
102,백령도,2021-04-08 18:00,8.9,,4.3,290,47,3677
102,백령도,2021-04-08 19:00,7.6,,4.4,290,66,4018
102,백령도,2021-04-08 20:00,7.6,,5.2,290,68,3915
102,백령도,2021-04-08 21:00,8.8,,3.8,290,45,4394
102,백령도,2021-04-08 22:00,8.6,,3.5,290,48,4526
102,백령도,2021-04-08 23:00,8,,4,290,58,4565
102,백령도,2021-04-09 00:00,7.7,,4.3,320,69,4202
102,백령도,2021-04-09 01:00,7.1,,3.8,290,78,3604
102,백령도,2021-04-09 02:00,6.9,,3.3,320,81,3279
102,백령도,2021-04-09 03:00,5.8,,1.5,340,87,2926
102,백령도,2021-04-09 04:00,7.1,,1.7,20,67,3217
102,백령도,2021-04-09 05:00,6.8,,2.3,70,73,2858
102,백령도,2021-04-09 06:00,8.1,,3,360,48,3553
102,백령도,2021-04-09 07:00,8,,1.3,50,52,3511
102,백령도,2021-04-09 08:00,9,,0,0,54,3478
102,백령도,2021-04-09 09:00,11.3,,2,70,32,3162
102,백령도,2021-04-09 10:00,11.7,,1.4,90,28,3152
102,백령도,2021-04-09 11:00,12.5,,3,70,27,2237
102,백령도,2021-04-09 12:00,13.4,,2.5,90,30,3343
102,백령도,2021-04-09 13:00,14.1,,1.2,20,31,3622
102,백령도,2021-04-09 14:00,12.7,,2.9,290,37,3312
102,백령도,2021-04-09 15:00,12.2,,4,320,34,2965
102,백령도,2021-04-09 16:00,11.5,,4.3,290,44,2687
102,백령도,2021-04-09 17:00,11.4,,3.4,290,40,3000
102,백령도,2021-04-09 18:00,10.3,,3.2,320,43,2828
102,백령도,2021-04-09 19:00,8.5,,2.7,320,59,2942
102,백령도,2021-04-09 20:00,7.2,,1.8,290,68,3298
102,백령도,2021-04-09 21:00,7.2,,1.7,290,67,3259
102,백령도,2021-04-09 22:00,7.9,,.1,0,54,3433
102,백령도,2021-04-09 23:00,7.3,,0,0,55,3432
102,백령도,2021-04-10 00:00,6.7,,0,0,74,3222
102,백령도,2021-04-10 01:00,7.4,,0,0,71,3188
102,백령도,2021-04-10 02:00,8.4,,.1,0,63,3001
102,백령도,2021-04-10 03:00,7.6,,2.2,90,67,3287
102,백령도,2021-04-10 04:00,8.5,,2.8,140,63,3256
102,백령도,2021-04-10 05:00,8.2,,2.8,160,68,3474
102,백령도,2021-04-10 06:00,8,,.3,0,75,3472
102,백령도,2021-04-10 07:00,8.1,,2.2,110,87,2771
102,백령도,2021-04-10 08:00,8.8,,2.9,140,87,2656
102,백령도,2021-04-10 09:00,9.8,,4.7,140,80,3168
102,백령도,2021-04-10 10:00,10.5,,5.1,140,73,2883
102,백령도,2021-04-10 11:00,11,,4.6,140,68,2696
102,백령도,2021-04-10 12:00,11.7,,4.3,140,65,2928
102,백령도,2021-04-10 13:00,12.2,,2.8,180,56,3017
102,백령도,2021-04-10 14:00,12.8,,3.6,180,58,3195
102,백령도,2021-04-10 15:00,11.9,,4.1,180,65,3050
102,백령도,2021-04-10 16:00,11.3,,4.2,160,65,2783
102,백령도,2021-04-10 17:00,11,,3.3,160,75,2705
102,백령도,2021-04-10 18:00,9.8,,3.8,160,83,2903
102,백령도,2021-04-10 19:00,9.3,,2.3,140,89,2420
102,백령도,2021-04-10 20:00,8.9,,2.3,140,94,1784
102,백령도,2021-04-10 21:00,8.4,,2.3,160,96,782
102,백령도,2021-04-10 22:00,8.2,,2.1,160,98,580
102,백령도,2021-04-10 23:00,8.1,,.8,140,98,648
102,백령도,2021-04-11 00:00,8.5,,1.2,160,99,1123
102,백령도,2021-04-11 01:00,8,,0,0,97,1148
102,백령도,2021-04-11 02:00,8,,0,0,97,1232
102,백령도,2021-04-11 03:00,7.6,,1.1,140,98,994
102,백령도,2021-04-11 04:00,7.5,,1.1,140,99,549
102,백령도,2021-04-11 05:00,7.2,,2,90,99,304
102,백령도,2021-04-11 06:00,7.7,,2.9,140,99,1037
102,백령도,2021-04-11 07:00,8,,1.8,140,98,1233
102,백령도,2021-04-11 08:00,8.8,,1.9,90,98,1067
102,백령도,2021-04-11 09:00,10,,3.3,110,89,2445
102,백령도,2021-04-11 10:00,11,,4,140,84,2808
102,백령도,2021-04-11 11:00,12,,4,160,79,3063
102,백령도,2021-04-11 12:00,13.4,,4,160,72,3408
102,백령도,2021-04-11 13:00,13.6,,4.2,160,61,4052
102,백령도,2021-04-11 14:00,13.1,,3.5,180,63,3994
102,백령도,2021-04-11 15:00,15.3,,3.2,160,50,4052
102,백령도,2021-04-11 16:00,14.8,,3,160,32,4595
102,백령도,2021-04-11 17:00,14.1,,2.5,160,43,4213
102,백령도,2021-04-11 18:00,12.1,,1.6,200,61,3895
102,백령도,2021-04-11 19:00,11.7,,2.3,200,57,2830
102,백령도,2021-04-11 20:00,11,,1.6,180,63,2996
102,백령도,2021-04-11 21:00,11.5,,.7,160,45,3687
102,백령도,2021-04-11 22:00,10.4,,1.3,110,73,3345
102,백령도,2021-04-11 23:00,11.2,,1.4,140,46,3796
102,백령도,2021-04-12 00:00,10.6,,1.7,110,60,3722
102,백령도,2021-04-12 01:00,11.2,,1.8,110,42,3898
102,백령도,2021-04-12 02:00,9.9,,1.8,180,55,3685
102,백령도,2021-04-12 03:00,11.5,,1.5,110,47,3571
102,백령도,2021-04-12 04:00,11,,2.5,140,49,3606
102,백령도,2021-04-12 05:00,10.8,0,2.2,110,51,3090
102,백령도,2021-04-12 06:00,10.2,0,1.6,110,73,2993
102,백령도,2021-04-12 07:00,10.4,0,2.2,140,78,2882
102,백령도,2021-04-12 08:00,11.3,0,3.7,140,58,2982
102,백령도,2021-04-12 09:00,11.5,0,2.6,140,54,2618
102,백령도,2021-04-12 10:00,11.3,0,3.6,110,63,2898
102,백령도,2021-04-12 11:00,13,0,4.1,110,60,2606
102,백령도,2021-04-12 12:00,12.9,0,7.1,140,46,2666
102,백령도,2021-04-12 13:00,9.8,.9,5.7,140,81,1310
102,백령도,2021-04-12 14:00,10,1.2,4.3,140,90,896
102,백령도,2021-04-12 15:00,9.7,2.2,7.1,140,96,450
102,백령도,2021-04-12 16:00,9.5,2.2,6.4,110,98,149
102,백령도,2021-04-12 17:00,9.3,3.2,4.4,110,99,158
102,백령도,2021-04-12 18:00,9.6,3.8,6.8,110,99,473
102,백령도,2021-04-12 19:00,9.7,1.5,6.7,110,99,258
102,백령도,2021-04-12 20:00,10,.6,5.2,110,99,1080
102,백령도,2021-04-12 21:00,10.1,.3,4.3,110,99,471
102,백령도,2021-04-12 22:00,9.7,0,2,70,99,58
102,백령도,2021-04-12 23:00,10.5,0,1.9,20,99,139
102,백령도,2021-04-13 00:00,9.3,.4,5,360,99,84
102,백령도,2021-04-13 01:00,9.1,.1,5,340,99,191
102,백령도,2021-04-13 02:00,8.2,,8.7,340,99,868
102,백령도,2021-04-13 03:00,8,,8.9,340,99,1366
102,백령도,2021-04-13 04:00,7.8,,8,340,99,1465
102,백령도,2021-04-13 05:00,7.2,,11.8,340,92,3439
102,백령도,2021-04-13 06:00,6.7,,12.1,340,84,3748
102,백령도,2021-04-13 07:00,6.2,,13.1,340,80,3713
102,백령도,2021-04-13 08:00,6.3,,10.4,340,74,4023
102,백령도,2021-04-13 09:00,6.3,,10.9,340,72,3775
102,백령도,2021-04-13 10:00,6.2,,13.1,340,65,3880
102,백령도,2021-04-13 11:00,6.6,,9.2,340,65,3534
102,백령도,2021-04-13 12:00,6.6,,9.1,340,59,3504
102,백령도,2021-04-13 13:00,6.7,,9.9,340,56,3844
102,백령도,2021-04-13 14:00,6.9,,8.8,320,52,3941
102,백령도,2021-04-13 15:00,6.7,,9.4,320,53,3938
102,백령도,2021-04-13 16:00,6.7,,11.1,320,48,4083
102,백령도,2021-04-13 17:00,6.6,,9.6,320,48,4370
102,백령도,2021-04-13 18:00,6.3,,7.7,320,49,4397
102,백령도,2021-04-13 19:00,5.8,,8.4,320,50,4379
102,백령도,2021-04-13 20:00,5.9,,8.2,320,48,4227
102,백령도,2021-04-13 21:00,6.1,,8,320,58,4284
102,백령도,2021-04-13 22:00,6.4,,8,320,60,4006
102,백령도,2021-04-13 23:00,6.5,,7.7,320,63,3851
102,백령도,2021-04-14 00:00,6.4,,6,320,72,3644
102,백령도,2021-04-14 01:00,6.6,,8.1,340,57,4269
102,백령도,2021-04-14 02:00,6.1,,5.2,340,58,3882
102,백령도,2021-04-14 03:00,5.8,,3.5,320,59,4137
102,백령도,2021-04-14 04:00,5.9,,5.7,320,61,4089
102,백령도,2021-04-14 05:00,5.5,,4.2,320,69,3833
102,백령도,2021-04-14 06:00,5.3,,3,320,66,3780
102,백령도,2021-04-14 07:00,5.1,,1.6,290,69,3912
102,백령도,2021-04-14 08:00,6.7,,2,230,62,3929
102,백령도,2021-04-14 09:00,8.8,,3.3,250,30,4500
102,백령도,2021-04-14 10:00,9.3,,4.3,230,38,4710
102,백령도,2021-04-14 11:00,9.4,,5.9,230,54,4533
102,백령도,2021-04-14 12:00,11,,5.6,250,46,3964
102,백령도,2021-04-14 13:00,11.1,,6.8,250,49,3545
102,백령도,2021-04-14 14:00,11.8,,5.8,270,46,3126
102,백령도,2021-04-14 15:00,11.8,,7,270,45,2951
102,백령도,2021-04-14 16:00,11.8,,6.1,270,49,2628
102,백령도,2021-04-14 17:00,11.3,,5,250,54,2407
102,백령도,2021-04-14 18:00,10.4,,4,250,60,2179
102,백령도,2021-04-14 19:00,9.2,,2.4,250,69,2089
102,백령도,2021-04-14 20:00,7.7,,2.1,230,86,1727
102,백령도,2021-04-14 21:00,7.4,,2.4,270,87,1576
102,백령도,2021-04-14 22:00,7.6,,1.6,250,78,1640
102,백령도,2021-04-14 23:00,6.2,,.3,0,93,820
102,백령도,2021-04-15 00:00,6.2,,.1,0,96,575
102,백령도,2021-04-15 01:00,6.5,,.6,110,97,831
102,백령도,2021-04-15 02:00,6.6,,0,0,96,1354
102,백령도,2021-04-15 03:00,7.3,,0,0,84,3149
102,백령도,2021-04-15 04:00,6.9,,0,0,86,2628
102,백령도,2021-04-15 05:00,6.7,,2.2,140,95,1488
102,백령도,2021-04-15 06:00,6.9,,2.2,160,94,1874
102,백령도,2021-04-15 07:00,7.7,,3.2,140,92,2264
102,백령도,2021-04-15 08:00,8.3,,2.1,140,96,1549
102,백령도,2021-04-15 09:00,9.6,,4.8,140,83,2908
102,백령도,2021-04-15 10:00,10.8,,4.1,140,75,2894
102,백령도,2021-04-15 11:00,10.9,,5.7,140,71,2964
102,백령도,2021-04-15 12:00,11.5,,6.1,160,73,2930
102,백령도,2021-04-15 13:00,11.6,,6.3,180,72,3040
102,백령도,2021-04-15 14:00,11.2,,7.6,180,74,2985
102,백령도,2021-04-15 15:00,11.1,,6,180,76,2995
102,백령도,2021-04-15 16:00,10.8,,5.6,180,76,2784
102,백령도,2021-04-15 17:00,10.7,,5.6,160,78,2990
102,백령도,2021-04-15 18:00,9.8,,3.5,160,80,3003
102,백령도,2021-04-15 19:00,8.8,,5.3,160,85,2878
102,백령도,2021-04-15 20:00,8.4,,4.3,160,86,2930
102,백령도,2021-04-15 21:00,8.3,,5.8,180,86,2637
102,백령도,2021-04-15 22:00,8.7,,4.2,160,70,4703
102,백령도,2021-04-15 23:00,9.2,,7,160,56,4429
102,백령도,2021-04-16 00:00,8.3,,5.4,160,80,4069
102,백령도,2021-04-16 01:00,8.6,,4.3,160,76,4428
102,백령도,2021-04-16 02:00,9.9,,6.8,160,60,4567
102,백령도,2021-04-16 03:00,9,0,3.4,180,78,3748
102,백령도,2021-04-16 04:00,8.7,.2,6.6,160,87,3611
102,백령도,2021-04-16 05:00,9.6,.1,5.2,200,89,3280
102,백령도,2021-04-16 06:00,9.5,0,4.8,200,91,2869
102,백령도,2021-04-16 07:00,9.2,,3.8,230,94,2268
102,백령도,2021-04-16 08:00,10.1,,4.6,250,91,2386
102,백령도,2021-04-16 09:00,11,,5.9,250,82,2243
102,백령도,2021-04-16 10:00,12,,5.4,250,73,1637
102,백령도,2021-04-16 11:00,12.3,,8.5,270,54,1488
102,백령도,2021-04-16 12:00,12.7,,8.2,290,42,2076
102,백령도,2021-04-16 13:00,12.9,,8.4,290,43,2432
102,백령도,2021-04-16 14:00,12.8,,8,290,38,2720
102,백령도,2021-04-16 15:00,13.7,,5.3,290,30,3104
102,백령도,2021-04-16 16:00,13.7,,4.5,290,32,3427
102,백령도,2021-04-16 17:00,12.7,,5.3,290,29,3477
102,백령도,2021-04-16 18:00,11.2,,4.8,270,37,3600
102,백령도,2021-04-16 19:00,10.1,,1.8,230,44,3541
102,백령도,2021-04-16 20:00,9,,1.5,290,49,3422
102,백령도,2021-04-16 21:00,8.3,,1.2,200,64,3221
102,백령도,2021-04-16 22:00,8.9,,3.6,250,60,3597
102,백령도,2021-04-16 23:00,9.5,,5.2,230,47,3580
102,백령도,2021-04-17 00:00,10.1,,5.6,250,40,3564
102,백령도,2021-04-17 01:00,10.6,,3.7,270,29,3009
102,백령도,2021-04-17 02:00,10.8,,8.1,290,48,2119
102,백령도,2021-04-17 03:00,9.7,,5.3,270,60,2238
102,백령도,2021-04-17 04:00,11.2,,3.8,230,35,2179
102,백령도,2021-04-17 05:00,10.9,,6.1,230,38,2223
102,백령도,2021-04-17 06:00,10.8,,6.6,230,38,1951
102,백령도,2021-04-17 07:00,11,,6.8,250,38,2024
102,백령도,2021-04-17 08:00,9.6,,7.7,250,67,2055
102,백령도,2021-04-17 09:00,9.5,,8.5,250,71,2433
102,백령도,2021-04-17 10:00,10.2,,6.2,290,63,2086
102,백령도,2021-04-17 11:00,10.2,,6,290,66,2156
102,백령도,2021-04-17 12:00,10.1,,7.3,290,68,2288
102,백령도,2021-04-17 13:00,10.3,,7.9,290,63,3256
102,백령도,2021-04-17 14:00,10.5,,7,290,55,3762
102,백령도,2021-04-17 15:00,10.4,,7.3,290,60,3616
102,백령도,2021-04-17 16:00,10.8,,6.6,290,62,3378
102,백령도,2021-04-17 17:00,9.7,,6.9,290,64,3419
102,백령도,2021-04-17 18:00,9.1,,7.8,290,63,3570
102,백령도,2021-04-17 19:00,8.4,,7.2,320,70,3818
102,백령도,2021-04-17 20:00,7.8,,6.4,320,75,3784
102,백령도,2021-04-17 21:00,7.6,,7,320,79,3558
102,백령도,2021-04-17 22:00,7.6,,5.3,320,79,3570
102,백령도,2021-04-17 23:00,7.7,,4.3,320,77,3419
102,백령도,2021-04-18 00:00,7.5,,7.6,320,81,3356
102,백령도,2021-04-18 01:00,7.3,,7.5,320,84,3069
102,백령도,2021-04-18 02:00,7.5,,8,320,81,2947
102,백령도,2021-04-18 03:00,7.6,,6,340,77,3070
102,백령도,2021-04-18 04:00,7.7,,7.9,340,73,3229
102,백령도,2021-04-18 05:00,7.2,,4.5,320,84,2767
102,백령도,2021-04-18 06:00,7,,4.1,340,85,2393
102,백령도,2021-04-18 07:00,7.3,,4.7,320,89,1710
102,백령도,2021-04-18 08:00,7.9,,8,340,81,2439
102,백령도,2021-04-18 09:00,9.2,,6.5,340,66,2955
102,백령도,2021-04-18 10:00,9.7,,5.1,340,64,3119
102,백령도,2021-04-18 11:00,10.3,,5.3,340,57,3152
102,백령도,2021-04-18 12:00,10.8,,5.1,290,66,2951
102,백령도,2021-04-18 13:00,10.3,,5.4,290,65,2949
102,백령도,2021-04-18 14:00,10.8,,4.5,290,66,2741
102,백령도,2021-04-18 15:00,10.8,,5,290,68,2777
102,백령도,2021-04-18 16:00,10.9,,5.7,320,63,2855
102,백령도,2021-04-18 17:00,11.6,,3.5,290,48,3468
102,백령도,2021-04-18 18:00,11.1,,3.9,270,40,3584
102,백령도,2021-04-18 19:00,9.9,,1.8,250,48,3303
102,백령도,2021-04-18 20:00,8.1,,.1,0,67,3041
102,백령도,2021-04-18 21:00,9.1,,4.3,230,74,2379
102,백령도,2021-04-18 22:00,8.9,,0,0,63,2513
102,백령도,2021-04-18 23:00,8.5,,.6,180,72,2430
102,백령도,2021-04-19 00:00,9.1,,0,0,65,2897
102,백령도,2021-04-19 01:00,8.8,,0,0,75,3188
102,백령도,2021-04-19 02:00,8.8,,0,0,65,4256
102,백령도,2021-04-19 03:00,9.4,,.1,0,62,3865
102,백령도,2021-04-19 04:00,8.6,,0,0,72,3113
102,백령도,2021-04-19 05:00,9.7,,1.2,250,69,3543
102,백령도,2021-04-19 06:00,9.6,,2.5,290,71,3307
102,백령도,2021-04-19 07:00,10.3,,2.2,290,69,3286
102,백령도,2021-04-19 08:00,11.9,,.4,0,62,3101
102,백령도,2021-04-19 09:00,13.1,,4.2,270,54,2979
102,백령도,2021-04-19 10:00,14.3,,3.7,270,51,2971
102,백령도,2021-04-19 11:00,15.2,,3.7,250,44,2722
102,백령도,2021-04-19 12:00,16.3,,1.3,290,48,2931
102,백령도,2021-04-19 13:00,16.6,,.7,340,49,3016
102,백령도,2021-04-19 14:00,17.1,,2.6,290,49,2537
102,백령도,2021-04-19 15:00,16.4,,1.4,90,53,2142
102,백령도,2021-04-19 16:00,15.3,,2.8,200,57,1788
102,백령도,2021-04-19 17:00,15.5,,2.5,160,57,2138
102,백령도,2021-04-19 18:00,14.8,,2,200,50,2523
102,백령도,2021-04-19 19:00,13.1,,4.7,230,55,2481
102,백령도,2021-04-19 20:00,13.7,,5.2,230,40,2889
102,백령도,2021-04-19 21:00,12.8,,6.2,230,51,2403
102,백령도,2021-04-19 22:00,12.1,,4.9,230,58,2161
102,백령도,2021-04-19 23:00,10.3,,3.1,140,78,1800
102,백령도,2021-04-20 00:00,9.1,,1.9,140,85,1347
102,백령도,2021-04-20 01:00,8.7,,2.2,110,93,1023
102,백령도,2021-04-20 02:00,8.7,,2,140,94,991
102,백령도,2021-04-20 03:00,8.6,,1.8,160,95,855
102,백령도,2021-04-20 04:00,8.4,,2.7,110,96,617
102,백령도,2021-04-20 05:00,8.5,,2.4,140,97,834
102,백령도,2021-04-20 06:00,8.5,,1.9,110,97,994
102,백령도,2021-04-20 07:00,9.3,,3.2,140,94,1600
102,백령도,2021-04-20 08:00,10.3,,3.9,140,90,2212
102,백령도,2021-04-20 09:00,11,,4.8,140,85,2517
102,백령도,2021-04-20 10:00,12.4,,4.7,140,81,2881
102,백령도,2021-04-20 11:00,12.8,,4.9,140,76,3387
102,백령도,2021-04-20 12:00,13.8,,3.9,160,74,3360
102,백령도,2021-04-20 13:00,13.5,,3.8,160,73,3576
102,백령도,2021-04-20 14:00,13.2,,3.1,180,76,3446
102,백령도,2021-04-20 15:00,12.7,,3.3,160,79,3480
102,백령도,2021-04-20 16:00,12.5,,4,180,80,3282
102,백령도,2021-04-20 17:00,12.1,,2.5,160,82,3258
102,백령도,2021-04-20 18:00,12,,1.8,180,84,3339
102,백령도,2021-04-20 19:00,11.3,,.5,180,89,3538
102,백령도,2021-04-20 20:00,10.5,,0,0,91,2239
102,백령도,2021-04-20 21:00,9.1,,2,90,94,1784
102,백령도,2021-04-20 22:00,9.3,,0,0,96,1229
102,백령도,2021-04-20 23:00,9.4,,1.7,180,97,913
102,백령도,2021-04-21 00:00,9.1,,.4,0,97,716
102,백령도,2021-04-21 01:00,8.9,,0,0,98,667
102,백령도,2021-04-21 02:00,8.3,,0,0,98,621
102,백령도,2021-04-21 03:00,8.3,,1.7,90,98,438
102,백령도,2021-04-21 04:00,8.2,,1.3,110,99,348
102,백령도,2021-04-21 05:00,8.4,,2.7,110,99,309
102,백령도,2021-04-21 06:00,8.6,,2.4,110,99,372
102,백령도,2021-04-21 07:00,9.6,,2.3,110,99,575
102,백령도,2021-04-21 08:00,10.9,,2,110,97,1723
102,백령도,2021-04-21 09:00,12.6,,2.7,110,85,2581
102,백령도,2021-04-21 10:00,14.5,,2.4,140,73,2703
102,백령도,2021-04-21 11:00,16.7,,2.5,140,51,3118
102,백령도,2021-04-21 12:00,18.8,,2.6,110,32,3482
102,백령도,2021-04-21 13:00,17.7,,3.1,180,48,3259
102,백령도,2021-04-21 14:00,17.1,,2.6,200,51,3378
102,백령도,2021-04-21 15:00,16.6,,3.9,200,36,3340
102,백령도,2021-04-21 16:00,16.8,,3.1,200,29,3023
102,백령도,2021-04-21 17:00,17.2,,2.3,230,28,2874
102,백령도,2021-04-21 18:00,11.6,,2.2,320,81,2844
102,백령도,2021-04-21 19:00,12.1,,0,0,81,3176
102,백령도,2021-04-21 20:00,10.9,,1.6,320,88,2346
102,백령도,2021-04-21 21:00,11.3,,.2,0,87,2544
102,백령도,2021-04-21 22:00,12.3,,1.2,250,70,3009
102,백령도,2021-04-21 23:00,12.8,,0,0,57,2827
102,백령도,2021-04-22 00:00,12.2,,.7,200,71,2937
102,백령도,2021-04-22 01:00,12,,.1,0,60,2901
102,백령도,2021-04-22 02:00,10.8,,.9,110,79,2911
102,백령도,2021-04-22 03:00,11.5,0,3.2,70,65,3406
102,백령도,2021-04-22 04:00,12.4,0,4.2,110,64,3149
102,백령도,2021-04-22 05:00,12.1,0,4.1,110,67,2799
102,백령도,2021-04-22 06:00,13.5,,3.7,140,52,1829
102,백령도,2021-04-22 07:00,14,,4.9,140,48,2024
102,백령도,2021-04-22 08:00,13.3,,4.4,160,55,2267
102,백령도,2021-04-22 09:00,13.2,,2.6,180,65,2062
102,백령도,2021-04-22 10:00,15.7,,2.9,160,44,2239
102,백령도,2021-04-22 11:00,17.8,,3.3,140,35,2795
102,백령도,2021-04-22 12:00,17.6,,5,140,36,2986
102,백령도,2021-04-22 13:00,17.7,,2.8,110,40,2869
102,백령도,2021-04-22 14:00,17.9,,4.3,160,35,2529
102,백령도,2021-04-22 15:00,16.1,,3.3,180,45,2127
102,백령도,2021-04-22 16:00,16.9,,4.8,160,37,1617
102,백령도,2021-04-22 17:00,15.1,,2.4,180,48,1566
102,백령도,2021-04-22 18:00,15.5,,2.1,230,47,2497
102,백령도,2021-04-22 19:00,14.1,.1,3.2,230,66,2617
102,백령도,2021-04-22 20:00,15.5,0,6.2,110,54,3931
102,백령도,2021-04-22 21:00,14.5,0,6.1,110,58,3434
102,백령도,2021-04-22 22:00,16.2,0,3.9,140,51,3778
102,백령도,2021-04-22 23:00,16.3,0,5.3,230,49,3749
102,백령도,2021-04-23 00:00,15.3,0,3.8,180,55,3643
102,백령도,2021-04-23 01:00,15.5,0,4.6,90,51,3949
102,백령도,2021-04-23 02:00,17,0,1.7,110,42,4029
102,백령도,2021-04-23 03:00,16.2,0,4.6,160,43,4072
102,백령도,2021-04-23 04:00,17.2,0,6.8,160,40,3937
102,백령도,2021-04-23 05:00,17.7,0,5.3,160,34,4130
102,백령도,2021-04-23 06:00,16.4,0,5,140,40,3870
102,백령도,2021-04-23 07:00,13.3,0,2.4,110,69,3070
102,백령도,2021-04-23 08:00,12.1,.7,4.4,90,83,3564
102,백령도,2021-04-23 09:00,12.9,.2,7.4,70,80,2281
102,백령도,2021-04-23 10:00,13,.1,8.4,70,81,1979
102,백령도,2021-04-23 11:00,14.9,.1,7.4,90,68,3088
102,백령도,2021-04-23 12:00,15.9,0,5.8,90,70,2895
102,백령도,2021-04-23 13:00,14.9,,8.7,90,66,3300
102,백령도,2021-04-23 14:00,14.3,,5.7,70,67,3544
102,백령도,2021-04-23 15:00,15.7,0,2.5,90,60,3552
102,백령도,2021-04-23 16:00,16.2,0,2.3,160,60,3818
102,백령도,2021-04-23 17:00,16.7,0,2.4,70,54,4063
102,백령도,2021-04-23 18:00,12.6,.9,3.5,360,83,2944
102,백령도,2021-04-23 19:00,13.4,0,7,50,79,3946
102,백령도,2021-04-23 20:00,13.2,0,9.4,50,83,3668
102,백령도,2021-04-23 21:00,12.6,0,7.5,50,85,3195
102,백령도,2021-04-23 22:00,12.6,,3.9,70,84,3572
102,백령도,2021-04-23 23:00,12.1,,2.5,70,84,3546
102,백령도,2021-04-24 00:00,12,,1.9,90,84,3827
102,백령도,2021-04-24 01:00,12.7,,3.1,90,79,4085
102,백령도,2021-04-24 02:00,13.3,,2.4,110,74,4232
102,백령도,2021-04-24 03:00,13,,3.1,360,73,4230
102,백령도,2021-04-24 04:00,12.9,0,3.2,340,74,4024
102,백령도,2021-04-24 05:00,10.4,0,6.9,320,89,2754
102,백령도,2021-04-24 06:00,11.4,.2,3.8,340,86,2490
102,백령도,2021-04-24 07:00,11.8,.9,7.4,360,87,1143
102,백령도,2021-04-24 08:00,10.4,.7,4.7,340,90,2396
102,백령도,2021-04-24 09:00,11.1,.4,2.8,320,90,1762
102,백령도,2021-04-24 10:00,14.4,.9,3.2,20,74,4679
102,백령도,2021-04-24 11:00,15.9,0,.1,0,74,4345
102,백령도,2021-04-24 12:00,16.8,,2.8,70,64,3835
102,백령도,2021-04-24 13:00,17.5,,2.8,70,64,4076
102,백령도,2021-04-24 14:00,19.1,,1.3,50,57,4174
102,백령도,2021-04-24 15:00,17.3,,3.1,320,61,4117
102,백령도,2021-04-24 16:00,15.3,,4,320,61,3828
102,백령도,2021-04-24 17:00,15.7,,3.5,320,56,4306
102,백령도,2021-04-24 18:00,15.3,,2.7,320,53,4310
102,백령도,2021-04-24 19:00,12.4,,3.2,290,60,4126
102,백령도,2021-04-24 20:00,11.4,,3.2,290,67,4608
102,백령도,2021-04-24 21:00,10.7,,4.1,320,78,3673
102,백령도,2021-04-24 22:00,10.5,,3.8,320,79,3216
102,백령도,2021-04-24 23:00,10.3,,3.5,320,78,3382
102,백령도,2021-04-25 00:00,10.6,,3.7,290,78,3951
102,백령도,2021-04-25 01:00,10.6,,5.3,290,83,3364
102,백령도,2021-04-25 02:00,10.7,,5.2,320,86,1766
102,백령도,2021-04-25 03:00,9.4,,4.8,320,91,1083
102,백령도,2021-04-25 04:00,9.3,,5,340,94,709
102,백령도,2021-04-25 05:00,9.1,,4.3,320,95,641
102,백령도,2021-04-25 06:00,10,,3.5,320,92,1106
102,백령도,2021-04-25 07:00,11.5,,1.9,320,85,1870
102,백령도,2021-04-25 08:00,13.2,,2.2,90,76,2719
102,백령도,2021-04-25 09:00,14.6,,2.7,90,70,2993
102,백령도,2021-04-25 10:00,15.3,,3.5,90,64,3034
102,백령도,2021-04-25 11:00,17.5,,2.7,110,55,3259
102,백령도,2021-04-25 12:00,18.4,,4.1,140,53,3243
102,백령도,2021-04-25 13:00,19.5,,3,140,50,3478
102,백령도,2021-04-25 14:00,16.8,,3.4,320,60,2968
102,백령도,2021-04-25 15:00,17.3,,3.6,320,53,3197
102,백령도,2021-04-25 16:00,17.7,,3.1,320,54,3229
102,백령도,2021-04-25 17:00,16.6,,3,320,55,3214
102,백령도,2021-04-25 18:00,16.2,,3.7,340,54,3579
102,백령도,2021-04-25 19:00,13.4,,3.1,320,62,3591
102,백령도,2021-04-25 20:00,12.4,,3.8,320,67,3728
102,백령도,2021-04-25 21:00,11.1,,2.3,320,74,3799
102,백령도,2021-04-25 22:00,11.3,,2.5,320,72,3855
102,백령도,2021-04-25 23:00,12.2,,2.8,320,67,3982
102,백령도,2021-04-26 00:00,12.3,,2.3,320,67,4072
102,백령도,2021-04-26 01:00,12.6,,1.4,320,66,4259
102,백령도,2021-04-26 02:00,12.4,,1.6,320,63,4374
102,백령도,2021-04-26 03:00,10.8,,1.1,360,72,4125
102,백령도,2021-04-26 04:00,11.3,,0,0,72,4297
102,백령도,2021-04-26 05:00,11.6,,0,0,74,4018
102,백령도,2021-04-26 06:00,11.2,,0,0,78,3925
102,백령도,2021-04-26 07:00,10.4,,0,0,84,3244
102,백령도,2021-04-26 08:00,12.2,,.1,0,75,3055
102,백령도,2021-04-26 09:00,13.4,,0,0,75,2617
102,백령도,2021-04-26 10:00,13.7,,3.8,110,78,1443
102,백령도,2021-04-26 11:00,13.6,,6.2,160,75,2793
102,백령도,2021-04-26 12:00,13.9,,5.8,160,67,3238
102,백령도,2021-04-26 13:00,12.5,,4.7,180,82,2531
102,백령도,2021-04-26 14:00,12.9,,5.6,180,89,2086
102,백령도,2021-04-26 15:00,13.6,,6,180,84,2659
102,백령도,2021-04-26 16:00,12.8,,5.2,180,86,2399
102,백령도,2021-04-26 17:00,12.2,,4.3,160,90,2602
102,백령도,2021-04-26 18:00,11.4,,3.8,180,94,2075
102,백령도,2021-04-26 19:00,11.8,,4.8,180,85,3489
102,백령도,2021-04-26 20:00,10.9,,2.3,180,92,2622
102,백령도,2021-04-26 21:00,12.2,,2.7,180,82,3618
102,백령도,2021-04-26 22:00,11.9,,3.3,180,84,3676
102,백령도,2021-04-26 23:00,12.4,,3.5,200,84,3770
102,백령도,2021-04-27 00:00,12.3,,3.9,200,86,3892
102,백령도,2021-04-27 01:00,12.1,,5.7,230,88,3502
102,백령도,2021-04-27 02:00,12.3,,4.6,200,87,3607
102,백령도,2021-04-27 03:00,12.1,0,4.1,200,89,3476
102,백령도,2021-04-27 04:00,12.2,.1,3.7,230,89,3322
102,백령도,2021-04-27 05:00,11.6,0,4.5,200,92,3232
102,백령도,2021-04-27 06:00,12.3,.1,3.4,200,89,3594
102,백령도,2021-04-27 07:00,11,0,3.2,160,93,2685
102,백령도,2021-04-27 08:00,10.5,0,3.5,140,96,2616
102,백령도,2021-04-27 09:00,10.8,0,2.2,160,97,2004
102,백령도,2021-04-27 10:00,11.2,.5,2.3,200,97,1995
102,백령도,2021-04-27 11:00,12.6,0,4.4,180,92,1584
102,백령도,2021-04-27 12:00,12.1,0,6.3,160,93,3369
102,백령도,2021-04-27 13:00,12,,5.1,160,92,3375
102,백령도,2021-04-27 14:00,12.2,,6.7,160,91,3704
102,백령도,2021-04-27 15:00,12.6,,5.1,180,92,2323
102,백령도,2021-04-27 16:00,12.8,0,6.1,180,93,1372
102,백령도,2021-04-27 17:00,13.2,0,5.6,200,91,2615
102,백령도,2021-04-27 18:00,11.7,0,6.9,230,97,603
102,백령도,2021-04-27 19:00,11.8,.2,4.8,230,99,399
102,백령도,2021-04-27 20:00,11.5,0,4.9,200,99,48
102,백령도,2021-04-27 21:00,11.4,0,6.6,250,99,38
102,백령도,2021-04-27 22:00,11.2,.6,5.4,230,99,157
102,백령도,2021-04-27 23:00,10.9,,4.8,250,99,181
102,백령도,2021-04-28 00:00,10.9,,4,250,99,183
102,백령도,2021-04-28 01:00,11.2,,4.8,250,99,194
102,백령도,2021-04-28 02:00,11.4,,6.6,250,91,490
102,백령도,2021-04-28 03:00,12.4,,4.7,270,70,1069
102,백령도,2021-04-28 04:00,12,,5.3,290,68,907
102,백령도,2021-04-28 05:00,11,,5.5,290,74,822
102,백령도,2021-04-28 06:00,10.4,,4.4,290,76,809
102,백령도,2021-04-28 07:00,11,,1.2,270,69,1113
102,백령도,2021-04-28 08:00,12.2,,.6,290,66,1218
102,백령도,2021-04-28 09:00,14.1,,1.7,320,51,1585
102,백령도,2021-04-28 10:00,14.4,,.9,180,61,1084
102,백령도,2021-04-28 11:00,16.2,,1.7,180,53,1319
102,백령도,2021-04-28 12:00,15.9,,1.3,70,46,1492
102,백령도,2021-04-28 13:00,15.7,,2.7,90,55,1129
102,백령도,2021-04-28 14:00,16.9,,4.2,180,44,1060
102,백령도,2021-04-28 15:00,15.6,,4.2,250,45,1368
102,백령도,2021-04-28 16:00,14.8,,2.7,320,52,1295
102,백령도,2021-04-28 17:00,14,,2.9,290,53,1522
102,백령도,2021-04-28 18:00,13.4,,2.6,200,61,1265
102,백령도,2021-04-28 19:00,11.8,,1.6,320,64,1761
102,백령도,2021-04-28 20:00,11.3,,1.9,200,74,1586
102,백령도,2021-04-28 21:00,11.6,,.5,250,58,2367
102,백령도,2021-04-28 22:00,11.5,,.8,340,49,2592
102,백령도,2021-04-28 23:00,9.9,,2.5,90,80,1720
102,백령도,2021-04-29 00:00,9.9,,3.2,160,82,1529
102,백령도,2021-04-29 01:00,10,,.8,140,83,1284
102,백령도,2021-04-29 02:00,10.6,,.9,160,72,1767
102,백령도,2021-04-29 03:00,10.2,,2.3,90,78,1498
102,백령도,2021-04-29 04:00,10.1,,1.3,180,86,725
102,백령도,2021-04-29 05:00,9.8,,1.2,90,87,734
102,백령도,2021-04-29 06:00,10,0,.3,0,88,635
102,백령도,2021-04-29 07:00,10.1,0,2.9,180,89,601
102,백령도,2021-04-29 08:00,12.3,0,3.9,160,69,1170
102,백령도,2021-04-29 09:00,14.7,,4,160,51,2055
102,백령도,2021-04-29 10:00,15.5,,3.5,140,46,2034
102,백령도,2021-04-29 11:00,16.1,,4.9,140,40,2301
102,백령도,2021-04-29 12:00,16.2,,5.5,140,39,2282
102,백령도,2021-04-29 13:00,15.7,,4.7,140,40,2249
102,백령도,2021-04-29 14:00,16.1,,4.8,160,48,2129
102,백령도,2021-04-29 15:00,15.6,,4.7,160,53,1926
102,백령도,2021-04-29 16:00,12.6,,6,160,73,1595
102,백령도,2021-04-29 17:00,13.3,,6.4,140,64,1861
102,백령도,2021-04-29 18:00,12.8,,4.3,160,63,1866
102,백령도,2021-04-29 19:00,11.4,,6.6,160,80,1559
102,백령도,2021-04-29 20:00,11.3,,7,140,78,1386
102,백령도,2021-04-29 21:00,11.4,,6.9,140,77,1400
102,백령도,2021-04-29 22:00,11.5,,5,110,79,1396
102,백령도,2021-04-29 23:00,11,0,6,160,91,877
102,백령도,2021-04-30 00:00,10.6,0,4.8,180,86,1817
102,백령도,2021-04-30 01:00,9.6,1.7,3,200,94,290
102,백령도,2021-04-30 02:00,9.3,.4,2.4,160,97,806
102,백령도,2021-04-30 03:00,9,,3.8,160,97,585
102,백령도,2021-04-30 04:00,9.1,,3.5,140,98,568
102,백령도,2021-04-30 05:00,9.2,0,3.3,110,98,987
102,백령도,2021-04-30 06:00,9.2,.1,3.6,110,97,1431
102,백령도,2021-04-30 07:00,9.4,0,1.8,140,95,2269
102,백령도,2021-04-30 08:00,9.9,,2.3,160,95,1983
102,백령도,2021-04-30 09:00,8.5,0,4,20,98,758
102,백령도,2021-04-30 10:00,9.5,0,2.6,340,98,1004
102,백령도,2021-04-30 11:00,10.3,,5.3,320,93,1429
102,백령도,2021-04-30 12:00,10,,7.1,320,88,1899
102,백령도,2021-04-30 13:00,9.9,,7.4,320,88,1724
102,백령도,2021-04-30 14:00,9.7,,5.5,320,85,1552
102,백령도,2021-04-30 15:00,9,,5.9,320,89,1501
102,백령도,2021-04-30 16:00,9.4,,4.9,320,90,1820
102,백령도,2021-04-30 17:00,8.9,,4.8,290,90,1086
102,백령도,2021-04-30 18:00,9.7,,4.1,290,76,1964
102,백령도,2021-04-30 19:00,9.7,,3.2,290,75,2442
102,백령도,2021-04-30 20:00,7.7,,2.1,320,87,1785
102,백령도,2021-04-30 21:00,6.7,,0,0,94,1097
102,백령도,2021-04-30 22:00,7.1,,0,0,95,1106
102,백령도,2021-04-30 23:00,7,,1.3,270,84,2926
102,백령도,2021-05-01 00:00,7.2,,2.2,320,87,3618
102,백령도,2021-05-01 01:00,7.1,,0,0,90,3992
102,백령도,2021-05-01 02:00,7.3,,2.5,290,84,4635
102,백령도,2021-05-01 03:00,7.5,,2.6,290,88,4601
102,백령도,2021-05-01 04:00,7.7,,3.7,290,90,4619
102,백령도,2021-05-01 05:00,7.8,,3.2,290,89,3462
102,백령도,2021-05-01 06:00,8.3,,4.4,290,89,2034
102,백령도,2021-05-01 07:00,8.7,,9.3,340,90,1198
102,백령도,2021-05-01 08:00,8.8,0,6.3,340,84,2187
102,백령도,2021-05-01 09:00,9,0,8.3,340,87,2038
102,백령도,2021-05-01 10:00,9.4,0,5.1,320,91,2260
102,백령도,2021-05-01 11:00,10.5,,6.2,320,82,1609
102,백령도,2021-05-01 12:00,10.6,,6.9,290,81,1171
102,백령도,2021-05-01 13:00,11.3,,7,290,82,955
102,백령도,2021-05-01 14:00,11.2,,7.4,290,83,840
102,백령도,2021-05-01 15:00,11,,7.7,290,82,889
102,백령도,2021-05-01 16:00,11.1,,6.5,290,82,996
102,백령도,2021-05-01 17:00,10.9,,6.4,320,84,1243
102,백령도,2021-05-01 18:00,9.8,,7.1,340,89,927
102,백령도,2021-05-01 19:00,9.8,,2.2,360,77,3647
102,백령도,2021-05-01 20:00,9.6,,1.2,340,80,3568
102,백령도,2021-05-01 21:00,9.5,,1.6,360,79,3800
102,백령도,2021-05-01 22:00,8.4,,.4,0,87,3323
102,백령도,2021-05-01 23:00,8.8,,2.8,290,90,2689
102,백령도,2021-05-02 00:00,8.5,,3.7,290,92,3137
102,백령도,2021-05-02 01:00,9,,3.3,320,86,3699
102,백령도,2021-05-02 02:00,8.5,,3.1,320,90,3742
102,백령도,2021-05-02 03:00,8.6,,2.8,320,93,1515
102,백령도,2021-05-02 04:00,8.6,,2.5,320,92,2330
102,백령도,2021-05-02 05:00,8.7,,3.5,320,87,2265
102,백령도,2021-05-02 06:00,7.7,,.1,0,90,1730
102,백령도,2021-05-02 07:00,9.1,,5,320,90,1128
102,백령도,2021-05-02 08:00,10.4,,4.6,360,79,1477
102,백령도,2021-05-02 09:00,11.6,,4.6,340,73,1698
102,백령도,2021-05-02 10:00,12.8,,5,340,63,2209
102,백령도,2021-05-02 11:00,13.2,,3.4,320,67,2182
102,백령도,2021-05-02 12:00,12.1,,5.9,320,75,1690
102,백령도,2021-05-02 13:00,12.7,,5.9,320,77,1610
102,백령도,2021-05-02 14:00,12.1,,7.2,320,71,1563
102,백령도,2021-05-02 15:00,13.1,,4.8,320,62,1713
102,백령도,2021-05-02 16:00,13.2,,5.2,320,55,1768
102,백령도,2021-05-02 17:00,12.9,,3.5,320,58,1636
102,백령도,2021-05-02 18:00,13,,3.2,320,52,1834
102,백령도,2021-05-02 19:00,11.3,,4.4,290,67,1758
102,백령도,2021-05-02 20:00,10.3,,2.6,290,65,1974
102,백령도,2021-05-02 21:00,10.7,,3,270,51,2581
102,백령도,2021-05-02 22:00,10.4,,3.1,270,61,2282
102,백령도,2021-05-02 23:00,9.8,,1.9,290,62,2933
102,백령도,2021-05-03 00:00,9.1,,1.7,290,63,3245
102,백령도,2021-05-03 01:00,10.3,,2.2,290,52,3775
102,백령도,2021-05-03 02:00,8.8,,.7,230,78,2692
102,백령도,2021-05-03 03:00,7.9,,0,0,91,1408
102,백령도,2021-05-03 04:00,8,,.1,0,92,1075
102,백령도,2021-05-03 05:00,8,,.2,0,95,772
102,백령도,2021-05-03 06:00,7.7,,0,0,96,672
102,백령도,2021-05-03 07:00,9.3,,0,0,94,959
102,백령도,2021-05-03 08:00,11.3,,1.9,160,81,1650
102,백령도,2021-05-03 09:00,12.4,,3.4,180,69,2070
102,백령도,2021-05-03 10:00,13.2,,3.6,180,63,2033
102,백령도,2021-05-03 11:00,14.2,,4.2,160,60,2118
102,백령도,2021-05-03 12:00,14.6,,4.6,180,57,2259
102,백령도,2021-05-03 13:00,14.6,,5.6,180,59,1925
102,백령도,2021-05-03 14:00,13.9,,5.9,160,59,1804
102,백령도,2021-05-03 15:00,13.3,,5,160,65,1775
102,백령도,2021-05-03 16:00,12.5,,5.9,160,77,1583
102,백령도,2021-05-03 17:00,11.5,,6.6,160,85,1358
102,백령도,2021-05-03 18:00,11.1,,4.7,160,89,1298
102,백령도,2021-05-03 19:00,10.8,,3.3,180,92,1263
102,백령도,2021-05-03 20:00,10.4,,5.1,140,92,1212
102,백령도,2021-05-03 21:00,10.4,,2.7,160,93,1146
102,백령도,2021-05-03 22:00,10.4,,4.2,160,94,1013
102,백령도,2021-05-03 23:00,10,,5.1,140,95,738
102,백령도,2021-05-04 00:00,10.2,,5.5,140,96,681
102,백령도,2021-05-04 01:00,10.5,,5.5,140,94,1119
102,백령도,2021-05-04 02:00,10.3,,5.2,140,94,836
102,백령도,2021-05-04 03:00,10.7,,4.4,140,93,1251
102,백령도,2021-05-04 04:00,11.4,,6.5,140,90,1819
102,백령도,2021-05-04 05:00,11,1.9,7.2,140,97,621
102,백령도,2021-05-04 06:00,11.2,1.3,5.4,140,98,585
102,백령도,2021-05-04 07:00,11.2,.7,7.4,140,99,415
102,백령도,2021-05-04 08:00,11,.1,4.7,160,99,304
102,백령도,2021-05-04 09:00,11.4,.2,7.5,160,99,261
102,백령도,2021-05-04 10:00,11.3,.1,3.8,180,99,147
102,백령도,2021-05-04 11:00,10.8,.6,3.2,160,99,41
102,백령도,2021-05-04 12:00,12.3,.8,2.7,200,99,66
102,백령도,2021-05-04 13:00,12.7,.9,2.6,270,99,90
102,백령도,2021-05-04 14:00,11.9,0,1.1,270,99,90
102,백령도,2021-05-04 15:00,11.2,.8,4,290,99,90
102,백령도,2021-05-04 16:00,10.1,.1,4.3,320,99,72
102,백령도,2021-05-04 17:00,9.8,1,3.9,290,99,90
102,백령도,2021-05-04 18:00,9.5,1.3,3.6,320,99,39
102,백령도,2021-05-04 19:00,9.3,1.7,3.9,320,99,49
102,백령도,2021-05-04 20:00,9.2,.6,5.5,320,99,211
102,백령도,2021-05-04 21:00,9.2,0,3.6,320,99,39
102,백령도,2021-05-04 22:00,9,,5.5,340,99,33
102,백령도,2021-05-04 23:00,8.9,,4.5,320,99,766
102,백령도,2021-05-05 00:00,8.6,,4.7,290,99,636
102,백령도,2021-05-05 01:00,8.2,,4.2,290,99,459
102,백령도,2021-05-05 02:00,8.2,,3.5,290,99,1126
102,백령도,2021-05-05 03:00,8.2,,2,270,99,4573
102,백령도,2021-05-05 04:00,8.4,,4.5,270,99,716
102,백령도,2021-05-05 05:00,8.5,,4,230,98,1210
102,백령도,2021-05-05 06:00,9.5,,7.2,250,89,1135
102,백령도,2021-05-05 07:00,10.5,,7.1,290,81,1733
102,백령도,2021-05-05 08:00,11.3,,7.2,290,74,2054
102,백령도,2021-05-05 09:00,11.8,,7.6,290,75,1928
102,백령도,2021-05-05 10:00,13.5,,7.6,290,54,2018
102,백령도,2021-05-05 11:00,14.3,,8.2,290,46,2240
102,백령도,2021-05-05 12:00,14.6,,8.4,290,45,2342
102,백령도,2021-05-05 13:00,16.3,,7.4,290,34,2686
102,백령도,2021-05-05 14:00,16.1,,5.5,250,36,2555
102,백령도,2021-05-05 15:00,16.3,,5.7,290,36,2535
102,백령도,2021-05-05 16:00,16.4,,5.9,270,33,2969
102,백령도,2021-05-05 17:00,15.5,,4.7,230,40,2841
102,백령도,2021-05-05 18:00,13.9,,6.7,230,48,2619
102,백령도,2021-05-05 19:00,13.3,,4.2,230,50,2733
102,백령도,2021-05-05 20:00,14,,5.5,230,44,2727
102,백령도,2021-05-05 21:00,12.2,,5.7,200,68,2456
102,백령도,2021-05-05 22:00,13,,4.9,230,53,2507
102,백령도,2021-05-05 23:00,12.9,,6.2,230,53,2578
102,백령도,2021-05-06 00:00,12.9,,6.5,200,53,2548
102,백령도,2021-05-06 01:00,12.7,,7.4,230,59,2554
102,백령도,2021-05-06 02:00,13.1,,7.7,230,56,2622
102,백령도,2021-05-06 03:00,14.3,,6.2,230,49,2214
102,백령도,2021-05-06 04:00,13.7,,6.3,230,63,1839
102,백령도,2021-05-06 05:00,13.9,,4.8,200,67,1247
102,백령도,2021-05-06 06:00,11.9,,3.9,140,85,848
102,백령도,2021-05-06 07:00,12,,3.6,140,88,681
102,백령도,2021-05-06 08:00,13.5,,4.8,160,84,687
102,백령도,2021-05-06 09:00,13.8,,4.4,140,84,693
102,백령도,2021-05-06 10:00,14.1,,6.5,140,82,742
102,백령도,2021-05-06 11:00,13.9,,6.6,140,81,846
102,백령도,2021-05-06 12:00,14.5,,6.8,140,82,866
102,백령도,2021-05-06 13:00,14.9,,4.5,140,79,815
102,백령도,2021-05-06 14:00,15.4,,6.7,160,68,1453
102,백령도,2021-05-06 15:00,15.3,,5.7,180,61,1762
102,백령도,2021-05-06 16:00,16.7,,6.4,200,50,2185
102,백령도,2021-05-06 17:00,16.3,,7.7,180,50,2275
102,백령도,2021-05-06 18:00,14.8,,7.6,160,58,1953
102,백령도,2021-05-06 19:00,14.8,,7.8,180,53,1998
102,백령도,2021-05-06 20:00,14.6,,7.4,180,51,2039
102,백령도,2021-05-06 21:00,15.5,,10.2,180,40,2145
102,백령도,2021-05-06 22:00,15.2,,10.4,160,42,2135
102,백령도,2021-05-06 23:00,14.4,,8.9,160,50,2171
102,백령도,2021-05-07 00:00,13.5,,7.3,160,59,1949
102,백령도,2021-05-07 01:00,13,,8.2,160,67,1859
102,백령도,2021-05-07 02:00,13.9,,7.4,180,74,1775
102,백령도,2021-05-07 03:00,14,,8.3,200,79,1669
102,백령도,2021-05-07 04:00,12.8,,7.1,200,88,1308
102,백령도,2021-05-07 05:00,12.9,,7.4,230,91,1162
102,백령도,2021-05-07 06:00,13.1,,8.9,230,92,956
102,백령도,2021-05-07 07:00,13.3,,7.9,250,90,926
102,백령도,2021-05-07 08:00,12.7,0,10.4,270,63,746
102,백령도,2021-05-07 09:00,12.4,,10.3,290,58,417
102,백령도,2021-05-07 10:00,13.3,,10,270,49,371
102,백령도,2021-05-07 11:00,13.9,,8.7,270,54,387
102,백령도,2021-05-07 12:00,13.4,,10.9,270,58,373
102,백령도,2021-05-07 13:00,13.2,,7.4,290,69,384
102,백령도,2021-05-07 14:00,12.9,,8.4,290,67,547
102,백령도,2021-05-07 15:00,13.7,,8.1,290,56,308
102,백령도,2021-05-07 16:00,13.5,,8,290,56,275
102,백령도,2021-05-07 17:00,13.4,,8.6,290,55,287
102,백령도,2021-05-07 18:00,12.4,,7.5,290,65,322
102,백령도,2021-05-07 19:00,12.5,,6.1,290,59,441
102,백령도,2021-05-07 20:00,12.9,,4.4,270,53,717
102,백령도,2021-05-07 21:00,12.3,,4.1,250,60,1136
102,백령도,2021-05-07 22:00,11.9,,2.8,230,64,1589
102,백령도,2021-05-07 23:00,12.3,,2,250,61,2022
102,백령도,2021-05-08 00:00,9.9,,.5,180,78,1954
102,백령도,2021-05-08 01:00,11.9,,6.5,230,66,2197
102,백령도,2021-05-08 02:00,12.5,,6,200,59,1069
102,백령도,2021-05-08 03:00,11.2,,7.3,200,75,742
102,백령도,2021-05-08 04:00,11.8,,5.6,230,75,930
102,백령도,2021-05-08 05:00,12.4,,4.7,200,72,1294
102,백령도,2021-05-08 06:00,12.5,,5.6,200,74,1118
102,백령도,2021-05-08 07:00,13.4,,6.2,200,66,1100
102,백령도,2021-05-08 08:00,14.3,,8.5,200,62,1074
102,백령도,2021-05-08 09:00,13.9,,8.9,200,68,1112
102,백령도,2021-05-08 10:00,14.3,,9.2,200,67,1158
102,백령도,2021-05-08 11:00,14.4,,8.6,230,68,1030
102,백령도,2021-05-08 12:00,14.5,,8.6,230,72,928
102,백령도,2021-05-08 13:00,14.4,,8.7,230,74,838
102,백령도,2021-05-08 14:00,14.8,,7.5,230,73,789
102,백령도,2021-05-08 15:00,14,,7.7,290,70,616
102,백령도,2021-05-08 16:00,13.5,,6.2,290,72,704
102,백령도,2021-05-08 17:00,12.8,,4.8,320,76,755
102,백령도,2021-05-08 18:00,12.8,,4.1,320,77,945
102,백령도,2021-05-08 19:00,11.7,,3.7,290,77,1239
102,백령도,2021-05-08 20:00,10.8,,4.1,290,77,1986
102,백령도,2021-05-08 21:00,10.3,,3.3,290,77,3137
102,백령도,2021-05-08 22:00,9.6,,.6,290,83,3302
102,백령도,2021-05-08 23:00,10.1,,1.9,320,80,3748
102,백령도,2021-05-09 00:00,9.8,,0,0,78,3871
102,백령도,2021-05-09 01:00,9.5,,.8,230,79,3485
102,백령도,2021-05-09 02:00,10.2,,3.8,270,81,3234
102,백령도,2021-05-09 03:00,10.1,,3.2,290,75,3569
102,백령도,2021-05-09 04:00,11.6,,5.3,290,61,3035
102,백령도,2021-05-09 05:00,11.4,,4.4,290,57,3474
102,백령도,2021-05-09 06:00,10.9,,4,290,59,3380
102,백령도,2021-05-09 07:00,12,,5.9,290,57,2368
102,백령도,2021-05-09 08:00,13.3,,5.5,290,53,2884
102,백령도,2021-05-09 09:00,16,,6.5,290,29,2758
102,백령도,2021-05-09 10:00,17.6,,5.8,290,23,3598
102,백령도,2021-05-09 11:00,18.4,,5.3,290,20,3371
102,백령도,2021-05-09 12:00,16.1,,6.3,290,33,3291
102,백령도,2021-05-09 13:00,16.9,,5,290,32,3470
102,백령도,2021-05-09 14:00,17.2,,5.2,290,25,3631
102,백령도,2021-05-09 15:00,17.7,,4.8,290,25,3183
102,백령도,2021-05-09 16:00,17.5,,5.1,320,27,3196
102,백령도,2021-05-09 17:00,17.3,,4.6,290,22,3175
102,백령도,2021-05-09 18:00,16.3,,3.3,320,26,3145
102,백령도,2021-05-09 19:00,15.9,,2.6,250,26,3350
102,백령도,2021-05-09 20:00,14.5,,.3,0,26,3063
102,백령도,2021-05-09 21:00,14.2,,1,270,26,3946
102,백령도,2021-05-09 22:00,13.8,,0,0,29,3544
102,백령도,2021-05-09 23:00,11.6,,2,90,64,3473
102,백령도,2021-05-10 00:00,12.3,,1.7,90,56,3715
102,백령도,2021-05-10 01:00,12.8,,0,0,50,3656
102,백령도,2021-05-10 02:00,12.1,,1,200,60,3724
102,백령도,2021-05-10 03:00,14,0,4,250,38,2245
102,백령도,2021-05-10 04:00,11,4.3,4,250,85,854
102,백령도,2021-05-10 05:00,10.1,3.3,3.5,180,95,1086
102,백령도,2021-05-10 06:00,10.5,.7,5.1,180,92,2369
102,백령도,2021-05-10 07:00,10.3,2.7,5.3,180,94,603
102,백령도,2021-05-10 08:00,10.2,1.1,5.9,180,96,866
102,백령도,2021-05-10 09:00,10.5,1.6,6.2,180,95,1236
102,백령도,2021-05-10 10:00,10.6,.7,8.8,180,94,1740
102,백령도,2021-05-10 11:00,10.9,0,6.5,180,95,2770
102,백령도,2021-05-10 12:00,12.1,,3.6,110,93,2934
102,백령도,2021-05-10 13:00,13.5,,3.4,140,84,3710
102,백령도,2021-05-10 14:00,13.6,,3.2,140,83,4167
102,백령도,2021-05-10 15:00,13.2,,4,160,81,3866
102,백령도,2021-05-10 16:00,14.3,,3.2,140,80,4005
102,백령도,2021-05-10 17:00,13.1,,1.3,70,84,4075
102,백령도,2021-05-10 18:00,13.8,,.5,340,78,4359
102,백령도,2021-05-10 19:00,12.2,,2.3,320,85,4056
102,백령도,2021-05-10 20:00,10.1,,1.6,320,93,3316
102,백령도,2021-05-10 21:00,9.5,,0,0,94,2755
102,백령도,2021-05-10 22:00,9.5,,0,0,97,2665
102,백령도,2021-05-10 23:00,10,,0,0,95,3061
102,백령도,2021-05-11 00:00,11,,2.3,50,89,3608
102,백령도,2021-05-11 01:00,10.6,,.5,20,90,3564
102,백령도,2021-05-11 02:00,11.1,,3.6,20,86,4177
102,백령도,2021-05-11 03:00,10.9,,3,50,88,4183
102,백령도,2021-05-11 04:00,10.2,,2.6,70,92,3544
102,백령도,2021-05-11 05:00,11.5,,2.7,20,83,4248
102,백령도,2021-05-11 06:00,11.2,,3.1,50,85,3355
102,백령도,2021-05-11 07:00,12.5,,2.2,70,78,3006
102,백령도,2021-05-11 08:00,13.6,,2.9,90,73,3037
102,백령도,2021-05-11 09:00,15.3,,4.2,110,69,2425
102,백령도,2021-05-11 10:00,16.4,,3.2,90,70,2915
102,백령도,2021-05-11 11:00,18.1,,2.8,110,56,2933
102,백령도,2021-05-11 12:00,20,,4.4,140,42,3015
102,백령도,2021-05-11 13:00,21.1,,4.8,110,35,3227
102,백령도,2021-05-11 14:00,21.3,,3.4,110,31,4066
102,백령도,2021-05-11 15:00,21.6,,6.6,140,26,3686
102,백령도,2021-05-11 16:00,19.6,,4.8,180,39,2368
102,백령도,2021-05-11 17:00,19.2,,6.6,180,36,2131
102,백령도,2021-05-11 18:00,19.2,,5.7,160,38,2149
102,백령도,2021-05-11 19:00,18.7,,5.1,160,43,2168
102,백령도,2021-05-11 20:00,17.8,,3,140,51,2185
102,백령도,2021-05-11 21:00,17.3,,3.1,160,54,2325
102,백령도,2021-05-11 22:00,16.5,,3,140,62,1881
102,백령도,2021-05-11 23:00,15.5,0,4.8,160,76,2063
102,백령도,2021-05-12 00:00,13.9,0,6.3,140,94,2087
102,백령도,2021-05-12 01:00,13.8,0,4.1,140,94,2604
102,백령도,2021-05-12 02:00,13.8,0,5,110,93,3331
102,백령도,2021-05-12 03:00,14.5,0,4.1,110,79,4135
102,백령도,2021-05-12 04:00,14.9,,4.2,140,71,4056
102,백령도,2021-05-12 05:00,14.8,,2.9,140,64,4332
102,백령도,2021-05-12 06:00,15.4,,4.5,140,52,3828
102,백령도,2021-05-12 07:00,15.5,0,3.8,140,51,3994
102,백령도,2021-05-12 08:00,15.6,0,5,140,47,4297
102,백령도,2021-05-12 09:00,16.1,,3.2,140,44,4222
102,백령도,2021-05-12 10:00,17.2,,4.7,140,39,4637
102,백령도,2021-05-12 11:00,17.7,,4.6,140,37,4356
102,백령도,2021-05-12 12:00,19.3,,5,160,36,4363
102,백령도,2021-05-12 13:00,20,,3.6,140,35,4355
102,백령도,2021-05-12 14:00,19.2,,4.7,160,32,4078
102,백령도,2021-05-12 15:00,19.5,,4.9,180,26,3865
102,백령도,2021-05-12 16:00,19.2,,3.2,200,29,2961
102,백령도,2021-05-12 17:00,20.4,,.6,250,38,3246
102,백령도,2021-05-12 18:00,17.1,,1.9,340,49,3600
102,백령도,2021-05-12 19:00,14,,1.8,290,64,3304
102,백령도,2021-05-12 20:00,12.8,,.2,0,76,2479
102,백령도,2021-05-12 21:00,13.2,,2.2,320,64,2987
102,백령도,2021-05-12 22:00,14.3,,2.1,320,60,3657
102,백령도,2021-05-12 23:00,14.6,,2.8,320,58,3268
102,백령도,2021-05-13 00:00,13.6,,1.9,290,62,3256
102,백령도,2021-05-13 01:00,13.8,,1.7,290,60,4000
102,백령도,2021-05-13 02:00,14.4,,0,0,60,3631
102,백령도,2021-05-13 03:00,12.8,,2.4,320,69,3231
102,백령도,2021-05-13 04:00,12.7,,2.6,320,73,3236
102,백령도,2021-05-13 05:00,13.7,,1.9,320,76,3251
102,백령도,2021-05-13 06:00,13.4,,1.8,340,78,3248
102,백령도,2021-05-13 07:00,15.5,,0,0,81,3242
102,백령도,2021-05-13 08:00,17.5,,.4,0,80,3510
102,백령도,2021-05-13 09:00,19.2,,1.5,340,80,4096
102,백령도,2021-05-13 10:00,20.3,,2.2,340,78,4451
102,백령도,2021-05-13 11:00,20.7,,1.1,340,74,4526
102,백령도,2021-05-13 12:00,22.2,,2.8,340,71,4516
102,백령도,2021-05-13 13:00,21.3,,3.4,290,75,3704
102,백령도,2021-05-13 14:00,18.7,,4.5,320,70,2688
102,백령도,2021-05-13 15:00,17.7,,5.9,320,73,2299
102,백령도,2021-05-13 16:00,17.4,,4.9,290,74,2464
102,백령도,2021-05-13 17:00,17.7,,3.1,290,78,2879
102,백령도,2021-05-13 18:00,18.5,,3.2,320,77,2743
102,백령도,2021-05-13 19:00,17.5,,3.6,320,83,2419
102,백령도,2021-05-13 20:00,16.1,,2.5,290,89,2058
102,백령도,2021-05-13 21:00,15.7,,3.8,290,90,1793
102,백령도,2021-05-13 22:00,15.4,,1.1,290,91,1634
102,백령도,2021-05-13 23:00,15.1,,2,290,92,1520
102,백령도,2021-05-14 00:00,15,,1.4,320,93,1503
102,백령도,2021-05-14 01:00,14.9,,1.1,290,94,1303
102,백령도,2021-05-14 02:00,14.5,,0,0,94,1106
102,백령도,2021-05-14 03:00,13.8,,0,0,96,930
102,백령도,2021-05-14 04:00,13.7,,0,0,97,859
102,백령도,2021-05-14 05:00,15.1,,0,0,96,1668
102,백령도,2021-05-14 06:00,15.1,,0,0,97,1423
102,백령도,2021-05-14 07:00,16.4,,1.6,90,95,1492
102,백령도,2021-05-14 08:00,17.9,,3,90,90,1932
102,백령도,2021-05-14 09:00,19.7,,2.4,110,80,2053
102,백령도,2021-05-14 10:00,20.2,,3.8,140,75,2459
102,백령도,2021-05-14 11:00,22.8,,3.1,140,69,3052
102,백령도,2021-05-14 12:00,19.8,,4.1,180,81,2151
102,백령도,2021-05-14 13:00,20.5,,5.1,160,79,1954
102,백령도,2021-05-14 14:00,22.6,,5,160,72,2424
102,백령도,2021-05-14 15:00,21.5,,5,160,69,2104
102,백령도,2021-05-14 16:00,19.9,,4.2,200,75,2268
102,백령도,2021-05-14 17:00,19.6,,4.3,200,75,3201
102,백령도,2021-05-14 18:00,19.1,,0,0,77,2535
102,백령도,2021-05-14 19:00,17.4,,0,0,85,2175
102,백령도,2021-05-14 20:00,15.2,,0,0,92,1228
102,백령도,2021-05-14 21:00,14.6,,0,0,96,599
102,백령도,2021-05-14 22:00,14.6,,.8,140,95,643
102,백령도,2021-05-14 23:00,14.1,,2.6,180,96,334
102,백령도,2021-05-15 00:00,15.4,,0,0,96,877
102,백령도,2021-05-15 01:00,15.7,0,0,0,94,1129
102,백령도,2021-05-15 02:00,16.7,0,1.2,110,88,2530
102,백령도,2021-05-15 03:00,16.5,0,0,0,92,1527
102,백령도,2021-05-15 04:00,15.1,0,2.1,90,93,1123
102,백령도,2021-05-15 05:00,15.7,.2,1.6,110,96,673
102,백령도,2021-05-15 06:00,15.8,.2,1.8,90,98,269
102,백령도,2021-05-15 07:00,15.7,0,1.8,90,99,304
102,백령도,2021-05-15 08:00,17,0,2.7,90,98,814
102,백령도,2021-05-15 09:00,18,,2.4,110,93,1683
102,백령도,2021-05-15 10:00,17.7,,3,160,88,2088
102,백령도,2021-05-15 11:00,16.7,0,4.3,160,89,1136
102,백령도,2021-05-15 12:00,17.3,1.5,3.7,110,95,451
102,백령도,2021-05-15 13:00,17.2,.2,3,110,97,341
102,백령도,2021-05-15 14:00,17.5,,.2,0,98,511
102,백령도,2021-05-15 15:00,17.6,0,1.8,90,97,399
102,백령도,2021-05-15 16:00,17.8,0,1.7,110,97,312
102,백령도,2021-05-15 17:00,18.2,,1.3,90,97,338
102,백령도,2021-05-15 18:00,17.9,,1.4,70,96,244
102,백령도,2021-05-15 19:00,18.5,,.1,0,97,288
102,백령도,2021-05-15 20:00,16.1,0,0,0,99,69
102,백령도,2021-05-15 21:00,17.9,0,2.5,20,99,950
102,백령도,2021-05-15 22:00,17,0,.5,340,96,884
102,백령도,2021-05-15 23:00,18.1,,.9,50,95,1274
102,백령도,2021-05-16 00:00,17.1,,0,0,97,596
102,백령도,2021-05-16 01:00,17.8,,0,0,97,874
102,백령도,2021-05-16 02:00,16.1,,0,0,98,541
102,백령도,2021-05-16 03:00,17.6,0,.2,0,98,545
102,백령도,2021-05-16 04:00,18.4,0,.6,20,98,405
102,백령도,2021-05-16 05:00,15.1,.1,.8,290,98,181
102,백령도,2021-05-16 06:00,15.5,0,1.3,290,99,158
102,백령도,2021-05-16 07:00,16.1,.2,2.1,320,99,69
102,백령도,2021-05-16 08:00,15.7,.3,2.3,320,99,148
102,백령도,2021-05-16 09:00,16.3,.5,1.9,320,99,177
102,백령도,2021-05-16 10:00,17.8,1.1,0,0,99,166
102,백령도,2021-05-16 11:00,17.4,.6,0,0,99,139
102,백령도,2021-05-16 12:00,15.2,0,2.3,290,99,46
102,백령도,2021-05-16 13:00,14.4,.8,2.4,320,99,60
102,백령도,2021-05-16 14:00,15.8,.7,3.1,340,99,359
102,백령도,2021-05-16 15:00,16.7,.5,0,0,99,182
102,백령도,2021-05-16 16:00,17.5,.7,0,0,99,478
102,백령도,2021-05-16 17:00,17,1.3,1.5,20,99,482
102,백령도,2021-05-16 18:00,14.2,2.1,3.4,360,99,183
102,백령도,2021-05-16 19:00,13.2,1.1,4.3,340,99,900
102,백령도,2021-05-16 20:00,13.5,0,4.5,360,99,3053
102,백령도,2021-05-16 21:00,14,0,3.3,360,99,2743
102,백령도,2021-05-16 22:00,14.5,,2.2,20,97,2835
102,백령도,2021-05-16 23:00,11.8,,2.8,320,98,904
102,백령도,2021-05-17 00:00,11.8,,5.6,340,99,841
102,백령도,2021-05-17 01:00,13,,2.4,340,99,2488
102,백령도,2021-05-17 02:00,12.4,,3.7,360,97,2207
102,백령도,2021-05-17 03:00,13.2,,4.2,360,93,3136
102,백령도,2021-05-17 04:00,12.9,,1.9,320,94,3553
102,백령도,2021-05-17 05:00,11.1,,2.3,320,98,1997
102,백령도,2021-05-17 06:00,11.9,,3.6,320,97,3098
102,백령도,2021-05-17 07:00,11.7,,1.2,340,96,2827
102,백령도,2021-05-17 08:00,12.9,,2.7,290,93,2813
102,백령도,2021-05-17 09:00,12,,3.2,320,93,2913
102,백령도,2021-05-17 10:00,13.9,,3.2,320,89,2908
102,백령도,2021-05-17 11:00,12.9,,3.9,320,91,2443
102,백령도,2021-05-17 12:00,12.6,,4.6,290,90,2622
102,백령도,2021-05-17 13:00,13.4,,4.1,290,91,2563
102,백령도,2021-05-17 14:00,15.4,,4.6,320,82,2547
102,백령도,2021-05-17 15:00,16.8,,2.3,320,78,3187
102,백령도,2021-05-17 16:00,16.3,,3.9,320,75,3454
102,백령도,2021-05-17 17:00,17.2,,2.6,320,60,4314
102,백령도,2021-05-17 18:00,16.4,,2.4,320,55,4577
102,백령도,2021-05-17 19:00,15.3,,0,0,59,4483
102,백령도,2021-05-17 20:00,13.9,,2.3,290,66,4499
102,백령도,2021-05-17 21:00,13,,2.3,290,71,4008
102,백령도,2021-05-17 22:00,13.6,,1.7,290,66,2437
102,백령도,2021-05-17 23:00,14.2,,1.1,180,56,4724
102,백령도,2021-05-18 00:00,15.2,,1.4,290,43,4515
102,백령도,2021-05-18 01:00,15.1,,0,0,46,2748
102,백령도,2021-05-18 02:00,12.3,,0,0,73,2952
102,백령도,2021-05-18 03:00,12.8,,0,0,60,1852
102,백령도,2021-05-18 04:00,11.2,,2.1,110,91,1115
102,백령도,2021-05-18 05:00,11.7,,1,160,92,480
102,백령도,2021-05-18 06:00,11.8,,1.7,180,88,524
102,백령도,2021-05-18 07:00,12.7,,1.1,180,90,527
102,백령도,2021-05-18 08:00,16.1,,.1,0,73,910
102,백령도,2021-05-18 09:00,16.8,,.5,110,76,1250
102,백령도,2021-05-18 10:00,17,,2.2,160,69,1136
102,백령도,2021-05-18 11:00,18.2,,2.5,180,68,1092
102,백령도,2021-05-18 12:00,18.2,,3.5,160,63,1139
102,백령도,2021-05-18 13:00,19.5,,2.8,200,67,1016
102,백령도,2021-05-18 14:00,20.4,,1.9,340,59,1317
102,백령도,2021-05-18 15:00,20.7,,0,0,55,1318
102,백령도,2021-05-18 16:00,20.2,,.9,90,65,1144
102,백령도,2021-05-18 17:00,19.8,,2.6,200,63,1084
102,백령도,2021-05-18 18:00,19.8,,0,0,62,1111
102,백령도,2021-05-18 19:00,17.2,,2,180,71,928
102,백령도,2021-05-18 20:00,14.8,,0,0,87,592
102,백령도,2021-05-18 21:00,14.1,,0,0,96,267
102,백령도,2021-05-18 22:00,14.8,,1,200,86,554
102,백령도,2021-05-18 23:00,14.1,,0,0,88,590
102,백령도,2021-05-19 00:00,13.6,,1.1,180,95,206
102,백령도,2021-05-19 01:00,12.7,,0,0,96,310
102,백령도,2021-05-19 02:00,11.8,,0,0,97,201
102,백령도,2021-05-19 03:00,11.1,,1.3,160,99,12
102,백령도,2021-05-19 04:00,10.8,,1.8,140,99,12
102,백령도,2021-05-19 05:00,11.6,,1.8,140,99,11
102,백령도,2021-05-19 06:00,10.8,,2.4,110,99,11
102,백령도,2021-05-19 07:00,11.6,,1.5,140,99,11
102,백령도,2021-05-19 08:00,12.9,,1.4,140,99,28
102,백령도,2021-05-19 09:00,15.3,,3.6,140,99,612
102,백령도,2021-05-19 10:00,16.3,,3.4,180,84,919
102,백령도,2021-05-19 11:00,15.5,,3,180,86,1341
102,백령도,2021-05-19 12:00,16.7,,3.5,180,81,1530
102,백령도,2021-05-19 13:00,15.9,,5.2,180,85,1727
102,백령도,2021-05-19 14:00,17.3,,5.3,180,75,2105
102,백령도,2021-05-19 15:00,18.7,,3.9,180,74,1908
102,백령도,2021-05-19 16:00,17.7,,4.2,180,76,1718
102,백령도,2021-05-19 17:00,17.8,,3.5,180,76,1704
102,백령도,2021-05-19 18:00,17.5,,3.2,180,75,1658
102,백령도,2021-05-19 19:00,15.5,,4.7,180,90,1152
102,백령도,2021-05-19 20:00,14.9,,2.4,180,89,1038
102,백령도,2021-05-19 21:00,15.4,,3.1,180,80,1059
102,백령도,2021-05-19 22:00,12.3,,2.7,90,97,19
102,백령도,2021-05-19 23:00,13.6,,1.7,110,99,176
102,백령도,2021-05-20 00:00,14.2,,0,0,98,418
102,백령도,2021-05-20 01:00,14.5,,0,0,91,576
102,백령도,2021-05-20 02:00,14.2,,2,90,87,822
102,백령도,2021-05-20 03:00,14.4,,2.6,70,83,1073
102,백령도,2021-05-20 04:00,13.9,,.6,110,84,1234
102,백령도,2021-05-20 05:00,14.6,,0,0,79,1520
102,백령도,2021-05-20 06:00,15.2,,0,0,85,1299
102,백령도,2021-05-20 07:00,15.8,,2.6,70,71,2119
102,백령도,2021-05-20 08:00,16.6,,2.3,70,64,2510
102,백령도,2021-05-20 09:00,16.9,,1.3,70,67,2237
102,백령도,2021-05-20 10:00,18,,0,0,66,2132
102,백령도,2021-05-20 11:00,18.7,0,0,0,59,2411
102,백령도,2021-05-20 12:00,16.8,.1,4.4,20,68,1758
102,백령도,2021-05-20 13:00,16.1,0,3.8,360,63,3059
102,백령도,2021-05-20 14:00,16,0,4.5,340,65,2572
102,백령도,2021-05-20 15:00,16.5,0,5.1,340,59,2698
102,백령도,2021-05-20 16:00,16.3,0,4.5,340,64,2621
102,백령도,2021-05-20 17:00,16.6,0,4.9,360,66,1898
102,백령도,2021-05-20 18:00,14.3,.1,6.3,340,84,798
102,백령도,2021-05-20 19:00,13.7,1.1,5.5,360,89,784
102,백령도,2021-05-20 20:00,12.9,.5,4.8,340,91,837
102,백령도,2021-05-20 21:00,13.8,0,5.8,340,88,2060
102,백령도,2021-05-20 22:00,14.1,0,3.8,340,85,2729
102,백령도,2021-05-20 23:00,13.9,,6.1,360,87,3295
102,백령도,2021-05-21 00:00,13.8,,5.6,360,87,3371
102,백령도,2021-05-21 01:00,13.1,,4.1,340,89,2990
102,백령도,2021-05-21 02:00,13.9,.1,4.1,340,87,3562
102,백령도,2021-05-21 03:00,12.9,0,5.8,340,88,3070
102,백령도,2021-05-21 04:00,12.8,,2.9,320,87,2313
102,백령도,2021-05-21 05:00,12.3,,3.5,320,89,1726
102,백령도,2021-05-21 06:00,12,,4.3,290,92,1548
102,백령도,2021-05-21 07:00,12.2,,2.8,290,91,1476
102,백령도,2021-05-21 08:00,13.7,,4.1,340,82,3881
102,백령도,2021-05-21 09:00,14.9,,2.5,360,82,4551
102,백령도,2021-05-21 10:00,14,,.7,290,87,4394
102,백령도,2021-05-21 11:00,16.4,,.5,20,74,4357
102,백령도,2021-05-21 12:00,18.7,,1,90,62,4210
102,백령도,2021-05-21 13:00,18.7,,1.5,340,65,4679
102,백령도,2021-05-21 14:00,19.7,,2.4,360,53,4961
102,백령도,2021-05-21 15:00,20.5,,2.7,360,52,4998
102,백령도,2021-05-21 16:00,18.1,,4.8,290,60,4532
102,백령도,2021-05-21 17:00,18,,2.6,290,61,4414
102,백령도,2021-05-21 18:00,19.3,,1.8,290,53,4937
102,백령도,2021-05-21 19:00,17.8,,1.7,230,61,4899
102,백령도,2021-05-21 20:00,16,,.6,200,68,4949
102,백령도,2021-05-21 21:00,15.2,,0,0,75,4454
102,백령도,2021-05-21 22:00,14.9,,1.4,230,76,4666
102,백령도,2021-05-21 23:00,13.7,,.3,0,80,3946
102,백령도,2021-05-22 00:00,14,,0,0,81,4993
102,백령도,2021-05-22 01:00,14.4,,0,0,84,3131
102,백령도,2021-05-22 02:00,11.9,,2.4,90,92,2096
102,백령도,2021-05-22 03:00,12,,2.3,90,93,1930
102,백령도,2021-05-22 04:00,12.6,,2,110,92,2257
102,백령도,2021-05-22 05:00,14,,0,0,85,2475
102,백령도,2021-05-22 06:00,13.6,,0,0,88,1865
102,백령도,2021-05-22 07:00,14.4,,.3,0,92,1096
102,백령도,2021-05-22 08:00,16.1,,.2,0,84,1947
102,백령도,2021-05-22 09:00,17.5,,0,0,74,2313
102,백령도,2021-05-22 10:00,17.9,,2.7,180,75,2262
102,백령도,2021-05-22 11:00,18.9,,2.1,180,68,2064
102,백령도,2021-05-22 12:00,18.1,,3.5,200,74,1869
102,백령도,2021-05-22 13:00,19.7,,2.5,200,66,2127
102,백령도,2021-05-22 14:00,20.1,,3.2,180,62,2342
102,백령도,2021-05-22 15:00,19.9,,3.1,200,61,2718
102,백령도,2021-05-22 16:00,19.8,,3.9,180,57,3239
102,백령도,2021-05-22 17:00,19.1,,2,200,62,3519
102,백령도,2021-05-22 18:00,18.6,,.9,160,68,2869
102,백령도,2021-05-22 19:00,16.7,,.3,0,78,2470
102,백령도,2021-05-22 20:00,14.3,,1.8,110,93,835
102,백령도,2021-05-22 21:00,14.3,,4,180,95,563
102,백령도,2021-05-22 22:00,14.8,,3.3,180,92,1069
102,백령도,2021-05-22 23:00,14.6,,3.2,180,90,1839
102,백령도,2021-05-23 00:00,14.8,,4.3,180,91,1257
102,백령도,2021-05-23 01:00,14.8,,1.8,180,93,700
102,백령도,2021-05-23 02:00,14.1,,1.8,140,91,1558
102,백령도,2021-05-23 03:00,12.9,,2.1,90,96,1121
102,백령도,2021-05-23 04:00,12.9,,1.9,90,95,1006
102,백령도,2021-05-23 05:00,13,,2,110,95,769
102,백령도,2021-05-23 06:00,13.4,,2.2,160,96,674
102,백령도,2021-05-23 07:00,14.8,,1.6,160,96,770
102,백령도,2021-05-23 08:00,15.6,,4.6,160,93,1967
102,백령도,2021-05-23 09:00,16.6,,4.5,160,87,2943
102,백령도,2021-05-23 10:00,16.9,,5,160,85,3088
102,백령도,2021-05-23 11:00,16.3,,6.1,160,85,2677
102,백령도,2021-05-23 12:00,16.5,,6.1,160,86,2832
102,백령도,2021-05-23 13:00,16.1,,4.1,180,87,2312
102,백령도,2021-05-23 14:00,17,,3.8,180,76,3555
102,백령도,2021-05-23 15:00,17,,3.5,180,73,4227
102,백령도,2021-05-23 16:00,15.9,,2.6,180,79,3122
102,백령도,2021-05-23 17:00,16.9,,3.6,180,76,3654
102,백령도,2021-05-23 18:00,16.9,,4.8,200,81,3495
102,백령도,2021-05-23 19:00,16.2,,1.5,230,89,2116
102,백령도,2021-05-23 20:00,15.2,,2.2,250,92,1037
102,백령도,2021-05-23 21:00,14.9,,0,0,94,678
102,백령도,2021-05-23 22:00,14.8,,4.1,290,96,352
102,백령도,2021-05-23 23:00,14.4,,4.4,320,97,375
102,백령도,2021-05-24 00:00,14.1,0,2.9,320,98,286
102,백령도,2021-05-24 01:00,13.4,0,2.5,320,99,218
102,백령도,2021-05-24 02:00,13.2,,3.5,320,99,612
102,백령도,2021-05-24 03:00,12.6,,3.2,320,99,110
102,백령도,2021-05-24 04:00,12.5,,2.8,320,99,271
102,백령도,2021-05-24 05:00,12.2,,4.3,320,99,132
102,백령도,2021-05-24 06:00,11.7,,3.9,320,99,21
102,백령도,2021-05-24 07:00,12.1,,4.4,290,99,80
102,백령도,2021-05-24 08:00,13.8,,4.8,290,99,1003
102,백령도,2021-05-24 09:00,15.2,,5.4,290,88,1119
102,백령도,2021-05-24 10:00,17.2,,4.3,320,75,1272
102,백령도,2021-05-24 11:00,17.6,,4,290,75,1138
102,백령도,2021-05-24 12:00,17.9,,5.2,320,75,1039
102,백령도,2021-05-24 13:00,17.1,,6.3,290,79,1006
102,백령도,2021-05-24 14:00,17.4,,4.2,320,79,913
102,백령도,2021-05-24 15:00,19.9,,1.6,270,60,1097
102,백령도,2021-05-24 16:00,19.5,,1,70,63,1122
102,백령도,2021-05-24 17:00,20.4,,5.1,290,36,1483
102,백령도,2021-05-24 18:00,20.1,,5.1,270,32,1623
102,백령도,2021-05-24 19:00,17.8,,3.7,270,53,1447
102,백령도,2021-05-24 20:00,15.3,,4.2,250,90,790
102,백령도,2021-05-24 21:00,15.2,,5.1,250,83,1120
102,백령도,2021-05-24 22:00,15.7,,3,250,65,1643
102,백령도,2021-05-24 23:00,15.7,,2.4,230,62,1694
102,백령도,2021-05-25 00:00,15.6,,3.5,230,63,1583
102,백령도,2021-05-25 01:00,15.7,,2.2,250,62,1590
102,백령도,2021-05-25 02:00,14.2,,0,0,80,1343
102,백령도,2021-05-25 03:00,15.5,0,5.8,290,46,1134
102,백령도,2021-05-25 04:00,14,0,2.6,250,64,1104
102,백령도,2021-05-25 05:00,10.9,2.5,9.3,320,94,468
102,백령도,2021-05-25 06:00,10.3,3.4,5.1,110,97,1364
102,백령도,2021-05-25 07:00,11.2,0,2.7,140,94,2482
102,백령도,2021-05-25 08:00,12,,3.9,180,89,3068
102,백령도,2021-05-25 09:00,13.9,,2.1,180,81,4186
102,백령도,2021-05-25 10:00,15.1,,4,230,76,4536
102,백령도,2021-05-25 11:00,16.8,,5.5,250,75,3573
102,백령도,2021-05-25 12:00,17.4,,8.4,270,55,3541
102,백령도,2021-05-25 13:00,17.4,,8.5,270,62,3038
102,백령도,2021-05-25 14:00,17.5,,7.4,270,65,2580
102,백령도,2021-05-25 15:00,18.1,,7.3,290,54,3224
102,백령도,2021-05-25 16:00,18,,7.2,270,46,3711
102,백령도,2021-05-25 17:00,18.1,,6,290,37,4400
102,백령도,2021-05-25 18:00,17.8,,4.6,270,35,4608
102,백령도,2021-05-25 19:00,16.8,,2.1,270,46,4035
102,백령도,2021-05-25 20:00,14.4,,3,250,72,3091
102,백령도,2021-05-25 21:00,13.4,,1.7,200,84,2629
102,백령도,2021-05-25 22:00,13.5,,3.2,230,79,3189
102,백령도,2021-05-25 23:00,13.4,,3.6,230,78,3585
102,백령도,2021-05-26 00:00,12.6,,0,0,83,3359
102,백령도,2021-05-26 01:00,13.8,,3.1,180,71,3775
102,백령도,2021-05-26 02:00,11.9,,2.7,110,92,2370
102,백령도,2021-05-26 03:00,13.1,,4.1,140,94,1518
102,백령도,2021-05-26 04:00,13.4,,5.5,160,96,771
102,백령도,2021-05-26 05:00,12.9,,5.1,140,98,246
102,백령도,2021-05-26 06:00,13.2,,6.3,140,99,337
102,백령도,2021-05-26 07:00,14.2,,7.3,140,96,1218
102,백령도,2021-05-26 08:00,14.8,,6.2,140,90,1599
102,백령도,2021-05-26 09:00,15.4,,6.2,160,88,1642
102,백령도,2021-05-26 10:00,16,,10.2,160,84,1624
102,백령도,2021-05-26 11:00,17.8,,8.9,160,69,2010
102,백령도,2021-05-26 12:00,18.4,,8.7,180,67,2002
102,백령도,2021-05-26 13:00,19.5,,8.8,200,66,1973
102,백령도,2021-05-26 14:00,19.6,,7,200,69,1810
102,백령도,2021-05-26 15:00,20.1,,5.9,180,70,1743
102,백령도,2021-05-26 16:00,18.5,,6.5,200,76,1637
102,백령도,2021-05-26 17:00,17.8,,7.5,200,80,1540
102,백령도,2021-05-26 18:00,17.8,,6.9,200,81,1563
102,백령도,2021-05-26 19:00,16.6,,6.5,200,89,1168
102,백령도,2021-05-26 20:00,17,,6.5,200,89,930
102,백령도,2021-05-26 21:00,15.7,,5.2,180,91,1025
102,백령도,2021-05-26 22:00,16.5,,7.3,230,86,1724
102,백령도,2021-05-26 23:00,15.6,,7.1,200,91,1403
102,백령도,2021-05-27 00:00,16,,8.5,230,92,1628
102,백령도,2021-05-27 01:00,15.5,,7.3,200,94,1494
102,백령도,2021-05-27 02:00,15.3,.6,6.7,230,95,1347
102,백령도,2021-05-27 03:00,14.8,1.6,5.6,230,97,785
102,백령도,2021-05-27 04:00,14.7,5,7.9,230,98,764
102,백령도,2021-05-27 05:00,14.7,.1,7.4,230,98,725
102,백령도,2021-05-27 06:00,14.7,0,7,230,99,406
102,백령도,2021-05-27 07:00,14.1,,6.1,270,99,381
102,백령도,2021-05-27 08:00,12.8,,8.4,320,99,182
102,백령도,2021-05-27 09:00,13.1,,6.2,320,99,709
102,백령도,2021-05-27 10:00,15.3,,6.6,290,93,1031
102,백령도,2021-05-27 11:00,16,,7.5,290,90,938
102,백령도,2021-05-27 12:00,16.6,,7,290,88,640
102,백령도,2021-05-27 13:00,16.1,,6.8,290,85,492
102,백령도,2021-05-27 14:00,16,,7.4,290,84,610
102,백령도,2021-05-27 15:00,17.1,,5.7,290,74,1019
102,백령도,2021-05-27 16:00,17.9,,5.1,290,67,1693
102,백령도,2021-05-27 17:00,18.9,,4,290,60,2174
102,백령도,2021-05-27 18:00,18.9,,2.2,290,56,1919
102,백령도,2021-05-27 19:00,17.3,,2.2,250,63,2470
102,백령도,2021-05-27 20:00,14.6,,1,200,89,1146
102,백령도,2021-05-27 21:00,14.2,,2.7,200,89,1271
102,백령도,2021-05-27 22:00,13.7,,2.4,180,89,1006
102,백령도,2021-05-27 23:00,14.2,,2.3,250,86,1266
102,백령도,2021-05-28 00:00,13.5,.3,.6,340,91,689
102,백령도,2021-05-28 01:00,13.8,2.9,2.6,160,96,571
102,백령도,2021-05-28 02:00,13.5,5.6,4.4,160,94,740
102,백령도,2021-05-28 03:00,13.4,2.6,6.9,160,92,523
102,백령도,2021-05-28 04:00,12.7,1.5,8.8,160,96,530
102,백령도,2021-05-28 05:00,12.6,0,11.4,140,97,620
102,백령도,2021-05-28 06:00,12.5,,10.3,160,96,915
102,백령도,2021-05-28 07:00,13.2,,3.9,140,93,1302
102,백령도,2021-05-28 08:00,13.7,,7.3,140,90,1607
102,백령도,2021-05-28 09:00,14.5,,7.4,160,89,1293
102,백령도,2021-05-28 10:00,14.5,,6.4,140,89,1050
102,백령도,2021-05-28 11:00,15.8,,4.5,160,88,1277
102,백령도,2021-05-28 12:00,18.1,,6.1,250,80,1480
102,백령도,2021-05-28 13:00,17.8,,6.6,270,81,1519
102,백령도,2021-05-28 14:00,16.7,,9.2,290,88,1053
102,백령도,2021-05-28 15:00,16.7,,8.6,290,88,778
102,백령도,2021-05-28 16:00,15.7,,8.9,290,87,692
102,백령도,2021-05-28 17:00,15.9,,8.7,290,86,751
102,백령도,2021-05-28 18:00,15.2,,7.7,290,84,1417
102,백령도,2021-05-28 19:00,14.6,,6.9,320,83,1798
102,백령도,2021-05-28 20:00,14.2,,6,290,86,1854
102,백령도,2021-05-28 21:00,14.4,,6.4,290,85,2056
102,백령도,2021-05-28 22:00,13.7,,5.6,290,89,1623
102,백령도,2021-05-28 23:00,13.5,,4.9,320,91,1568
102,백령도,2021-05-29 00:00,13.4,,5.1,290,93,1381
102,백령도,2021-05-29 01:00,13.3,,5.2,290,84,3176
102,백령도,2021-05-29 02:00,12.4,,2.6,320,89,2833
102,백령도,2021-05-29 03:00,11.7,,1.8,340,91,2562
102,백령도,2021-05-29 04:00,11.7,,3.5,270,93,2748
102,백령도,2021-05-29 05:00,12,,3.2,270,91,3387
102,백령도,2021-05-29 06:00,13,,2.7,290,87,4521
102,백령도,2021-05-29 07:00,14.5,,1.9,340,82,4495
102,백령도,2021-05-29 08:00,14.9,0,1.4,360,83,4207
102,백령도,2021-05-29 09:00,16.8,0,1.7,20,65,4956
102,백령도,2021-05-29 10:00,15.4,0,.1,0,74,4946
102,백령도,2021-05-29 11:00,17.5,,1.5,290,60,4677
102,백령도,2021-05-29 12:00,17.1,0,1.7,360,63,4763
102,백령도,2021-05-29 13:00,14.5,0,2.7,360,80,4429
102,백령도,2021-05-29 14:00,13,0,3.1,360,91,2234
102,백령도,2021-05-29 15:00,13.5,.6,3.1,70,95,1973
102,백령도,2021-05-29 16:00,13.5,0,4.2,110,91,4607
102,백령도,2021-05-29 17:00,13.4,,2.6,70,93,4757
102,백령도,2021-05-29 18:00,14.1,,3.9,110,89,4598
102,백령도,2021-05-29 19:00,14.2,,3.7,110,87,4933
102,백령도,2021-05-29 20:00,13.3,,2.4,140,92,4578
102,백령도,2021-05-29 21:00,13.1,,3.2,110,93,4141
102,백령도,2021-05-29 22:00,12.8,,2.6,110,95,3236
102,백령도,2021-05-29 23:00,12.4,,2.4,110,96,2894
102,백령도,2021-05-30 00:00,12.1,,2,110,95,2917
102,백령도,2021-05-30 01:00,11.7,,0,0,97,1945
102,백령도,2021-05-30 02:00,11.6,,1.9,90,98,1033
102,백령도,2021-05-30 03:00,11.3,,0,0,98,1969
102,백령도,2021-05-30 04:00,11.5,,1.9,90,97,2304
102,백령도,2021-05-30 05:00,11.2,,1.8,90,96,2818
102,백령도,2021-05-30 06:00,11.4,,1.8,110,97,2205
102,백령도,2021-05-30 07:00,12.9,,2.4,90,95,2940
102,백령도,2021-05-30 08:00,13.6,,3.6,110,90,3778
102,백령도,2021-05-30 09:00,15.6,,3,110,81,4101
102,백령도,2021-05-30 10:00,16.8,,3.8,110,74,4944
102,백령도,2021-05-30 11:00,17.8,,3.7,110,70,4931
102,백령도,2021-05-30 12:00,19.8,,4.9,140,56,4647
102,백령도,2021-05-30 13:00,20.2,,5.4,140,55,4739
102,백령도,2021-05-30 14:00,20.1,,5,140,53,4828
102,백령도,2021-05-30 15:00,19.1,,4.5,140,53,4767
102,백령도,2021-05-30 16:00,19.3,,2.8,140,52,4468
102,백령도,2021-05-30 17:00,18.8,,4.1,160,51,4506
102,백령도,2021-05-30 18:00,19,,2.1,110,50,3811
102,백령도,2021-05-30 19:00,16.4,,0,0,70,3764
102,백령도,2021-05-30 20:00,16.7,0,0,0,69,2829
102,백령도,2021-05-30 21:00,16.8,0,0,0,70,2638
102,백령도,2021-05-30 22:00,15.3,0,3.3,140,93,904
102,백령도,2021-05-30 23:00,15.6,,3,140,92,1157
102,백령도,2021-05-31 00:00,14.8,,3.7,110,97,403
102,백령도,2021-05-31 01:00,15.2,,3.7,110,98,406
102,백령도,2021-05-31 02:00,14.9,,1.9,90,99,114
102,백령도,2021-05-31 03:00,15,,2.6,110,99,63
102,백령도,2021-05-31 04:00,14.9,,2.6,140,99,127
102,백령도,2021-05-31 05:00,14.7,,3.2,110,99,332
102,백령도,2021-05-31 06:00,14.7,,2.5,110,99,354
102,백령도,2021-05-31 07:00,14.9,,3,90,99,666
102,백령도,2021-05-31 08:00,15.1,,3.5,90,97,920
102,백령도,2021-05-31 09:00,15.9,,3.8,110,92,1654
102,백령도,2021-05-31 10:00,16.8,,3.1,110,92,2511
102,백령도,2021-05-31 11:00,17,,3.9,140,91,2276
102,백령도,2021-05-31 12:00,18.5,,5.8,140,85,2975
102,백령도,2021-05-31 13:00,18.1,,6.2,140,85,2489
102,백령도,2021-05-31 14:00,19.4,,5.5,140,82,2582
102,백령도,2021-05-31 15:00,17.7,,7,140,88,1822
102,백령도,2021-05-31 16:00,18.4,,6.1,140,88,1917
102,백령도,2021-05-31 17:00,16.9,,7.2,140,92,1413
102,백령도,2021-05-31 18:00,16.5,,6.6,140,96,787
102,백령도,2021-05-31 19:00,15.5,,6.8,140,98,120
102,백령도,2021-05-31 20:00,15.1,,7.3,140,99,143
102,백령도,2021-05-31 21:00,15,0,7,160,99,120
102,백령도,2021-05-31 22:00,15.2,0,7.3,140,99,620
102,백령도,2021-05-31 23:00,15.3,.1,6.3,140,92,1620
102,백령도,2021-06-01 00:00,15.3,0,6.9,140,90,2551
102,백령도,2021-06-01 01:00,15.5,,6.3,140,83,2717
102,백령도,2021-06-01 02:00,16.1,,7,160,84,2692
102,백령도,2021-06-01 03:00,14.7,2.3,1.4,90,94,547
102,백령도,2021-06-01 04:00,15.3,7.9,.1,0,95,224
102,백령도,2021-06-01 05:00,14.8,4.2,4.8,140,98,528
102,백령도,2021-06-01 06:00,14.8,1,5,140,98,1088
102,백령도,2021-06-01 07:00,14.9,0,10.3,160,90,2788
102,백령도,2021-06-01 08:00,15.1,0,6.8,140,89,2815
102,백령도,2021-06-01 09:00,14.7,4,6.8,160,95,1147
102,백령도,2021-06-01 10:00,15.5,1.2,2.5,180,97,638
102,백령도,2021-06-01 11:00,16.7,0,7.2,200,94,1076
102,백령도,2021-06-01 12:00,16.1,.9,6.5,200,96,440
102,백령도,2021-06-01 13:00,14.8,.3,4.8,110,97,273
102,백령도,2021-06-01 14:00,15.5,0,6.1,180,98,487
102,백령도,2021-06-01 15:00,16.6,0,2.8,160,95,1088
102,백령도,2021-06-01 16:00,16.6,,3.8,160,95,1134
102,백령도,2021-06-01 17:00,16.5,,3.3,160,90,1507
102,백령도,2021-06-01 18:00,16.2,0,4.4,140,91,1452
102,백령도,2021-06-01 19:00,16.5,0,2.9,140,87,1387
102,백령도,2021-06-01 20:00,16.6,,3.2,110,85,2031
102,백령도,2021-06-01 21:00,15.3,,2.5,110,92,1260
102,백령도,2021-06-01 22:00,16,,1.9,110,89,1569
102,백령도,2021-06-01 23:00,15.2,,1.6,90,91,1168
102,백령도,2021-06-02 00:00,15.4,,2.5,110,93,1056
102,백령도,2021-06-02 01:00,15.3,,1.6,110,93,1105
102,백령도,2021-06-02 02:00,15.4,,3.3,110,91,1329
102,백령도,2021-06-02 03:00,15.3,,3.8,110,92,1183
102,백령도,2021-06-02 04:00,15.2,,.5,140,94,823
102,백령도,2021-06-02 05:00,16.3,,4.4,160,93,1127
102,백령도,2021-06-02 06:00,16.4,,5.1,140,90,1427
102,백령도,2021-06-02 07:00,17.1,,5.8,140,89,1713
102,백령도,2021-06-02 08:00,17.8,,6.7,140,84,1973
102,백령도,2021-06-02 09:00,18.5,,4.5,140,84,1718
102,백령도,2021-06-02 10:00,19,,6.2,140,82,1864
102,백령도,2021-06-02 11:00,20,,5.7,140,80,1761
102,백령도,2021-06-02 12:00,19,,6,140,82,747
102,백령도,2021-06-02 13:00,19.7,,5,140,80,797
102,백령도,2021-06-02 14:00,19.6,,5.8,140,77,887
102,백령도,2021-06-02 15:00,20.2,,4.4,140,73,856
102,백령도,2021-06-02 16:00,20.8,,4.4,160,68,963
102,백령도,2021-06-02 17:00,18.8,,4.4,160,78,593
102,백령도,2021-06-02 18:00,18,,3,180,81,708
102,백령도,2021-06-02 19:00,18.1,,2.8,160,85,990
102,백령도,2021-06-02 20:00,17.9,,2.6,180,94,810
102,백령도,2021-06-02 21:00,17.6,,3.1,160,96,821
102,백령도,2021-06-02 22:00,19.3,,4.5,200,95,1615
102,백령도,2021-06-02 23:00,18.5,,5.9,200,97,1097
102,백령도,2021-06-03 00:00,18.5,,4.5,200,92,2354
102,백령도,2021-06-03 01:00,18.8,,4,230,82,3974
102,백령도,2021-06-03 02:00,17.7,,2.4,200,89,2692
102,백령도,2021-06-03 03:00,16.8,,1.8,180,98,515
102,백령도,2021-06-03 04:00,16.8,,1.9,180,95,1324
102,백령도,2021-06-03 05:00,15.8,,1.7,140,99,294
102,백령도,2021-06-03 06:00,16.1,,.3,0,99,28
102,백령도,2021-06-03 07:00,15.8,1,.7,180,99,86
102,백령도,2021-06-03 08:00,16,1.1,4.6,140,99,141
102,백령도,2021-06-03 09:00,15.6,.9,3.2,160,99,33
102,백령도,2021-06-03 10:00,15.9,1.7,3.1,180,99,105
102,백령도,2021-06-03 11:00,15.8,1.8,2.7,180,99,88
102,백령도,2021-06-03 12:00,16.3,.5,2.9,180,99,204
102,백령도,2021-06-03 13:00,16.4,.2,2,200,99,260
102,백령도,2021-06-03 14:00,17,.1,2.4,250,99,311
102,백령도,2021-06-03 15:00,16.9,.1,2.6,270,99,212
102,백령도,2021-06-03 16:00,16.2,.2,2.4,320,99,359
102,백령도,2021-06-03 17:00,15.4,1.1,6.2,340,99,2287
102,백령도,2021-06-03 18:00,15.9,.3,.1,0,99,4720
102,백령도,2021-06-03 19:00,15.7,0,2.4,140,97,2926
102,백령도,2021-06-03 20:00,14.6,0,5.6,290,97,1648
102,백령도,2021-06-03 21:00,15.1,,2.8,290,99,692
102,백령도,2021-06-03 22:00,14.8,,2.4,270,99,1255
102,백령도,2021-06-03 23:00,14.4,,3.1,290,99,26
102,백령도,2021-06-04 00:00,13.7,,4.7,270,99,55
102,백령도,2021-06-04 01:00,13.1,,0,0,99,603
102,백령도,2021-06-04 02:00,13.3,,0,0,97,742
102,백령도,2021-06-04 03:00,13.4,,1.7,290,87,2665
102,백령도,2021-06-04 04:00,13.7,,0,0,84,2675
102,백령도,2021-06-04 05:00,13.5,,2.8,250,89,1907
102,백령도,2021-06-04 06:00,14.6,,1.7,250,83,2336
102,백령도,2021-06-04 07:00,12.9,,2.2,90,97,1008
102,백령도,2021-06-04 08:00,17.2,,3.1,230,74,2860
102,백령도,2021-06-04 09:00,19.2,,3.7,250,54,3896
102,백령도,2021-06-04 10:00,20.2,,6.3,250,46,4444
102,백령도,2021-06-04 11:00,20.6,,7.8,250,45,3874
102,백령도,2021-06-04 12:00,22.4,,6.5,250,33,4681
102,백령도,2021-06-04 13:00,21.5,,5.4,200,43,3346
102,백령도,2021-06-04 14:00,22.1,,6,230,39,3250
102,백령도,2021-06-04 15:00,22,,7.1,230,38,3340
102,백령도,2021-06-04 16:00,22.8,,9.2,250,24,4923
102,백령도,2021-06-04 17:00,21.2,,6.6,230,34,4731
102,백령도,2021-06-04 18:00,19.8,,6.8,230,41,3856
102,백령도,2021-06-04 19:00,18.1,,6.8,230,63,2022
102,백령도,2021-06-04 20:00,17.4,,6.5,230,75,1360
102,백령도,2021-06-04 21:00,17.1,,6.9,230,81,1083
102,백령도,2021-06-04 22:00,17.5,,8,230,79,1010
102,백령도,2021-06-04 23:00,17.2,,6.6,230,80,966
102,백령도,2021-06-05 00:00,17.3,,8.3,230,84,770
102,백령도,2021-06-05 01:00,17,,7.8,250,88,593
102,백령도,2021-06-05 02:00,16.7,,6.2,250,91,488
102,백령도,2021-06-05 03:00,16,,2.4,230,93,401
102,백령도,2021-06-05 04:00,14.8,,0,0,95,247
102,백령도,2021-06-05 05:00,14.5,,0,0,97,241
102,백령도,2021-06-05 06:00,14.5,,0,0,98,220
102,백령도,2021-06-05 07:00,15.9,,0,0,97,338
102,백령도,2021-06-05 08:00,16.8,,0,0,92,430
102,백령도,2021-06-05 09:00,17.9,,1.6,110,89,451
102,백령도,2021-06-05 10:00,19.4,,.5,90,83,651
102,백령도,2021-06-05 11:00,21.1,,.3,0,70,1283
102,백령도,2021-06-05 12:00,19.5,,3.9,180,74,857
102,백령도,2021-06-05 13:00,21.7,,3.1,180,65,939
102,백령도,2021-06-05 14:00,22.8,,2.8,290,46,1810
102,백령도,2021-06-05 15:00,24.3,,3.6,270,29,3008
102,백령도,2021-06-05 16:00,22,,4,200,50,1906
102,백령도,2021-06-05 17:00,22.1,,4.1,230,48,2823
102,백령도,2021-06-05 18:00,20.8,,4.5,200,49,2279
102,백령도,2021-06-05 19:00,20.5,,4,200,44,3361
102,백령도,2021-06-05 20:00,20,,5,200,42,3515
102,백령도,2021-06-05 21:00,19.3,,4.6,200,49,3073
102,백령도,2021-06-05 22:00,20.4,,5.8,230,38,4838
102,백령도,2021-06-05 23:00,18.3,,2.8,200,53,3136
102,백령도,2021-06-06 00:00,14.7,,2,110,85,1108
102,백령도,2021-06-06 01:00,14.9,,3.6,180,89,917
102,백령도,2021-06-06 02:00,14.5,,1.7,140,93,526
102,백령도,2021-06-06 03:00,13.9,,2.1,90,97,46
102,백령도,2021-06-06 04:00,14.4,,3.1,140,99,14
102,백령도,2021-06-06 05:00,14.4,,2.7,140,99,15
102,백령도,2021-06-06 06:00,14.7,,5.2,140,99,19
102,백령도,2021-06-06 07:00,15.3,.1,4.4,140,99,27
102,백령도,2021-06-06 08:00,15.4,0,4.6,140,99,26
102,백령도,2021-06-06 09:00,15.4,0,5,140,99,29
102,백령도,2021-06-06 10:00,15.9,,3.8,110,99,62
102,백령도,2021-06-06 11:00,17.9,,4.3,140,99,586
102,백령도,2021-06-06 12:00,18.5,,6,140,99,705
102,백령도,2021-06-06 13:00,18.3,,5.3,160,93,1224
102,백령도,2021-06-06 14:00,19.5,,5.1,140,88,1348
102,백령도,2021-06-06 15:00,19.9,,6.1,160,85,1559
102,백령도,2021-06-06 16:00,20,,4.8,160,85,1489
102,백령도,2021-06-06 17:00,19.7,,5.4,160,85,1577
102,백령도,2021-06-06 18:00,18.8,,5.6,160,90,1366
102,백령도,2021-06-06 19:00,17.8,,5.3,160,94,1070
102,백령도,2021-06-06 20:00,17.4,,5.2,160,96,660
102,백령도,2021-06-06 21:00,16.8,,4.9,160,97,462
102,백령도,2021-06-06 22:00,16.6,,4.5,140,99,374
102,백령도,2021-06-06 23:00,16.1,,3.6,140,99,25
102,백령도,2021-06-07 00:00,15.9,,3.4,110,99,15
102,백령도,2021-06-07 01:00,16.4,,2.4,110,99,21
102,백령도,2021-06-07 02:00,16.5,,4.3,140,99,23
102,백령도,2021-06-07 03:00,16.6,,2.8,110,99,22
102,백령도,2021-06-07 04:00,16.6,,3.7,140,99,45
102,백령도,2021-06-07 05:00,16.3,,2.9,110,99,25
102,백령도,2021-06-07 06:00,16.2,,3.4,140,99,25
102,백령도,2021-06-07 07:00,16.2,.1,3.1,140,99,24
102,백령도,2021-06-07 08:00,16.5,0,3.5,110,99,23
102,백령도,2021-06-07 09:00,16.8,,5.5,140,99,48
102,백령도,2021-06-07 10:00,16.3,.3,4.6,140,99,29
102,백령도,2021-06-07 11:00,16.1,.2,2.6,110,99,24
102,백령도,2021-06-07 12:00,17.5,0,4,140,99,132
102,백령도,2021-06-07 13:00,17.3,0,5.7,160,99,256
102,백령도,2021-06-07 14:00,18.7,0,5.9,140,99,1531
102,백령도,2021-06-07 15:00,18.7,,6.4,140,90,2129
102,백령도,2021-06-07 16:00,18.2,,5.6,110,89,1802
102,백령도,2021-06-07 17:00,17.9,0,4.7,110,92,1724
102,백령도,2021-06-07 18:00,18.2,0,5,140,91,2443
102,백령도,2021-06-07 19:00,17.7,0,3.6,110,94,1805
102,백령도,2021-06-07 20:00,17.9,0,3.1,110,94,1387
102,백령도,2021-06-07 21:00,17.6,0,6.3,140,96,1541
102,백령도,2021-06-07 22:00,17.1,0,5.1,140,97,994
102,백령도,2021-06-07 23:00,16,.1,4,110,99,404
102,백령도,2021-06-08 00:00,16.9,0,3,110,99,495
102,백령도,2021-06-08 01:00,16.3,0,3.7,90,99,816
102,백령도,2021-06-08 02:00,15.9,,2.2,90,98,980
102,백령도,2021-06-08 03:00,17.1,.3,5.4,140,98,1473
102,백령도,2021-06-08 04:00,16.3,0,6.8,140,96,1571
102,백령도,2021-06-08 05:00,15.9,,6.1,160,99,25
102,백령도,2021-06-08 06:00,16.8,,6.9,160,99,110
102,백령도,2021-06-08 07:00,16.6,,6.5,160,99,178
102,백령도,2021-06-08 08:00,17.1,,6.2,160,99,617
102,백령도,2021-06-08 09:00,16.6,,2.8,140,99,61
102,백령도,2021-06-08 10:00,16.4,,1.8,90,99,25
102,백령도,2021-06-08 11:00,17.1,,4.2,110,99,392
102,백령도,2021-06-08 12:00,17.5,,4.7,140,99,1304
102,백령도,2021-06-08 13:00,16.9,0,7.3,140,99,592
102,백령도,2021-06-08 14:00,17.1,0,7.2,140,99,1463
102,백령도,2021-06-08 15:00,18,0,6.4,160,98,2164
102,백령도,2021-06-08 16:00,17.6,,6.3,160,97,1152
102,백령도,2021-06-08 17:00,16.9,,4.4,140,99,129
102,백령도,2021-06-08 18:00,17,,3.9,160,99,145
102,백령도,2021-06-08 19:00,16.2,,1.7,140,99,146
102,백령도,2021-06-08 20:00,16.1,,2.5,140,99,48
102,백령도,2021-06-08 21:00,16.3,,.5,110,99,24
102,백령도,2021-06-08 22:00,16.3,,1.5,110,99,34
102,백령도,2021-06-08 23:00,17.1,,1.8,140,99,24
102,백령도,2021-06-09 00:00,15.9,,1.8,180,99,15
102,백령도,2021-06-09 01:00,16.6,,3.7,180,99,23
102,백령도,2021-06-09 02:00,16.3,,3.4,180,99,30
102,백령도,2021-06-09 03:00,16.8,,2.5,180,99,42
102,백령도,2021-06-09 04:00,16.7,,1.5,180,99,23
102,백령도,2021-06-09 05:00,16.5,,2.1,160,99,30
102,백령도,2021-06-09 06:00,15.5,,1.3,110,99,23
102,백령도,2021-06-09 07:00,16,,1.6,90,99,28
102,백령도,2021-06-09 08:00,16.3,,1.6,110,99,60
102,백령도,2021-06-09 09:00,17.4,,1.9,200,99,4135
102,백령도,2021-06-09 10:00,18.6,,2.2,180,99,5000
102,백령도,2021-06-09 11:00,20.9,,2.4,110,89,4906
102,백령도,2021-06-09 12:00,21.8,,2.7,110,83,4115
102,백령도,2021-06-09 13:00,22,,2.5,200,76,4797
102,백령도,2021-06-09 14:00,23.6,,2.8,110,74,4726
102,백령도,2021-06-09 15:00,23.8,,2.6,180,72,4971
102,백령도,2021-06-09 16:00,24.2,,2.6,180,67,4685
102,백령도,2021-06-09 17:00,24.3,,3.1,160,64,4847
102,백령도,2021-06-09 18:00,23.3,,2.8,180,67,3828
102,백령도,2021-06-09 19:00,22.9,,2.9,160,74,3504
102,백령도,2021-06-09 20:00,20.3,,2.7,180,87,801
102,백령도,2021-06-09 21:00,20.9,,3.7,180,83,2298
102,백령도,2021-06-09 22:00,22.2,,4.5,160,78,3240
102,백령도,2021-06-09 23:00,17.9,,0,0,94,529
102,백령도,2021-06-10 00:00,19.6,,.6,140,87,1342
102,백령도,2021-06-10 01:00,19.5,,2.1,140,88,1042
102,백령도,2021-06-10 02:00,19.5,,3.7,110,87,1392
102,백령도,2021-06-10 03:00,19.4,,3.1,140,89,1541
102,백령도,2021-06-10 04:00,20.4,,6.2,140,83,2405
102,백령도,2021-06-10 05:00,19.7,,6.4,140,84,1770
102,백령도,2021-06-10 06:00,18.1,0,1.8,230,92,821
102,백령도,2021-06-10 07:00,18.2,3.2,2.4,200,96,481
102,백령도,2021-06-10 08:00,17.7,10.4,4.6,160,99,79
102,백령도,2021-06-10 09:00,17.9,14.7,5.8,160,99,193
102,백령도,2021-06-10 10:00,17.4,11.5,5.2,160,99,160
102,백령도,2021-06-10 11:00,17.3,9.1,5.9,160,99,163
102,백령도,2021-06-10 12:00,17,4.1,6.7,160,99,192
102,백령도,2021-06-10 13:00,16.7,1,5.3,140,99,204
102,백령도,2021-06-10 14:00,17,.9,6.1,160,99,230
102,백령도,2021-06-10 15:00,17.4,8,3.9,180,99,184
102,백령도,2021-06-10 16:00,16.9,14.4,1.8,180,99,176
102,백령도,2021-06-10 17:00,17.2,5.2,0,0,99,91
102,백령도,2021-06-10 18:00,16.8,8.6,2.4,90,99,22
102,백령도,2021-06-10 19:00,16.7,9.9,3.1,70,99,51
102,백령도,2021-06-10 20:00,16.8,19.3,3.5,70,99,27
102,백령도,2021-06-10 21:00,17.4,7.2,7.5,110,99,146
102,백령도,2021-06-10 22:00,16.7,3,6.4,110,99,227
102,백령도,2021-06-10 23:00,17.6,1.1,5.8,110,99,348
102,백령도,2021-06-11 00:00,17.5,0,5.7,140,99,387
102,백령도,2021-06-11 01:00,17.2,.3,4.6,160,99,172
102,백령도,2021-06-11 02:00,16.3,.1,3.4,340,99,21
102,백령도,2021-06-11 03:00,15.8,0,3,290,99,34
102,백령도,2021-06-11 04:00,15.7,0,3.8,320,99,19
102,백령도,2021-06-11 05:00,16.5,,2.2,270,99,802
102,백령도,2021-06-11 06:00,16.4,,3.8,290,99,158
102,백령도,2021-06-11 07:00,16.5,,3.5,290,99,26
102,백령도,2021-06-11 08:00,16.8,,2.3,290,99,381
102,백령도,2021-06-11 09:00,17.6,,2.5,320,100,891
102,백령도,2021-06-11 10:00,19.7,,1.3,270,100,4149
102,백령도,2021-06-11 11:00,19.1,,0,0,95,2708
102,백령도,2021-06-11 12:00,20.2,,1.4,180,93,2542
102,백령도,2021-06-11 13:00,20.8,,.5,20,88,2189
102,백령도,2021-06-11 14:00,18.4,,1,340,99,627
102,백령도,2021-06-11 15:00,21.4,,2.2,140,89,1887
102,백령도,2021-06-11 16:00,19.9,,.9,340,93,2358
102,백령도,2021-06-11 17:00,20.1,,.2,0,91,2048
102,백령도,2021-06-11 18:00,18.6,,0,0,97,1425
102,백령도,2021-06-11 19:00,18.1,,0,0,98,762
102,백령도,2021-06-11 20:00,16.8,,0,0,99,54
102,백령도,2021-06-11 21:00,16.2,,0,0,99,29
102,백령도,2021-06-11 22:00,16.4,,0,0,99,9
102,백령도,2021-06-11 23:00,16.3,,0,0,99,21
102,백령도,2021-06-12 00:00,15.8,,0,0,99,31
102,백령도,2021-06-12 01:00,15.4,,1.1,180,99,21
102,백령도,2021-06-12 02:00,15.2,,.4,0,99,22
102,백령도,2021-06-12 03:00,15,,0,0,99,15
102,백령도,2021-06-12 04:00,14.7,,2.4,90,99,17
102,백령도,2021-06-12 05:00,14.6,,0,0,99,111
102,백령도,2021-06-12 06:00,15,,0,0,99,38
102,백령도,2021-06-12 07:00,16.3,,0,0,99,43
102,백령도,2021-06-12 08:00,17.5,,.2,0,99,703
102,백령도,2021-06-12 09:00,19.2,,1.5,140,99,1624
102,백령도,2021-06-12 10:00,18.9,,2,290,98,3723
102,백령도,2021-06-12 11:00,17.2,,3.3,290,99,583
102,백령도,2021-06-12 12:00,19.5,,2.4,320,94,2175
102,백령도,2021-06-12 13:00,19,,2.7,290,90,4326
102,백령도,2021-06-12 14:00,17.8,,4.7,290,91,3499
102,백령도,2021-06-12 15:00,18,,4.3,320,93,4914
102,백령도,2021-06-12 16:00,16.4,,6.1,290,95,312
102,백령도,2021-06-12 17:00,16.3,,5,290,99,27
102,백령도,2021-06-12 18:00,16.3,,4.3,290,99,204
102,백령도,2021-06-12 19:00,16.5,,2.2,290,98,5000
102,백령도,2021-06-12 20:00,16,,1.9,290,97,4905
102,백령도,2021-06-12 21:00,15.7,,1.9,320,98,3449
102,백령도,2021-06-12 22:00,14.8,,2.6,320,98,3436
102,백령도,2021-06-12 23:00,14.6,,3.5,320,99,3376
102,백령도,2021-06-13 00:00,14.2,,3.7,290,99,255
102,백령도,2021-06-13 01:00,14.7,,3.8,320,99,4682
102,백령도,2021-06-13 02:00,14.1,,4.8,320,99,35
102,백령도,2021-06-13 03:00,14.2,,3.6,290,99,26
102,백령도,2021-06-13 04:00,14.3,,3.3,320,99,43
102,백령도,2021-06-13 05:00,14.6,,4.3,290,99,22
102,백령도,2021-06-13 06:00,14.9,0,3.6,290,99,24
102,백령도,2021-06-13 07:00,14.7,0,3.1,320,99,25
102,백령도,2021-06-13 08:00,14.9,0,4.3,290,99,21
102,백령도,2021-06-13 09:00,16,0,3,320,99,4499
102,백령도,2021-06-13 10:00,17.5,,3.2,320,97,5000
102,백령도,2021-06-13 11:00,17.4,,3.7,320,89,5000
102,백령도,2021-06-13 12:00,18.3,,3.7,290,79,5000
102,백령도,2021-06-13 13:00,18.2,,3.8,320,84,5000
102,백령도,2021-06-13 14:00,19.5,,2.8,320,87,4731
102,백령도,2021-06-13 15:00,17.5,,3.3,320,95,940
102,백령도,2021-06-13 16:00,19.7,,2.8,270,87,1808
102,백령도,2021-06-13 17:00,18.1,,3.2,320,90,1254
102,백령도,2021-06-13 18:00,19.2,,0,0,90,1248
102,백령도,2021-06-13 19:00,17.2,,1.3,90,92,1156
102,백령도,2021-06-13 20:00,14.4,,0,0,99,33
102,백령도,2021-06-13 21:00,15.1,,0,0,99,10
102,백령도,2021-06-13 22:00,15.8,,0,0,99,13
102,백령도,2021-06-13 23:00,16.4,,1.5,230,99,148
102,백령도,2021-06-14 00:00,16.1,,.2,0,99,82
102,백령도,2021-06-14 01:00,15.1,,0,0,99,30
102,백령도,2021-06-14 02:00,15.7,,2.3,230,99,202
102,백령도,2021-06-14 03:00,16.4,,.1,0,99,299
102,백령도,2021-06-14 04:00,14.9,,1.4,90,99,41
102,백령도,2021-06-14 05:00,14.9,,1.6,110,99,23
102,백령도,2021-06-14 06:00,14.9,,1.5,110,99,8
102,백령도,2021-06-14 07:00,15.5,,1.8,140,99,14
102,백령도,2021-06-14 08:00,15.7,,2.6,180,99,41
102,백령도,2021-06-14 09:00,16.4,,1.2,140,99,760
102,백령도,2021-06-14 10:00,16.3,,2.7,140,99,143
102,백령도,2021-06-14 11:00,17.5,,3.8,140,99,494
102,백령도,2021-06-14 12:00,18.3,,3.3,160,99,1631
102,백령도,2021-06-14 13:00,18.2,,.7,180,97,1156
102,백령도,2021-06-14 14:00,19.2,,1.7,200,95,1199
102,백령도,2021-06-14 15:00,18.4,,1.7,180,94,84
102,백령도,2021-06-14 16:00,19.5,,2.5,140,92,1299
102,백령도,2021-06-14 17:00,17.1,,2.4,200,96,638
102,백령도,2021-06-14 18:00,17.2,,1.9,180,98,1371
102,백령도,2021-06-14 19:00,17.4,,0,0,98,1292
102,백령도,2021-06-14 20:00,16.5,,1.3,180,99,769
102,백령도,2021-06-14 21:00,16.7,,1.2,140,99,352
102,백령도,2021-06-14 22:00,16.4,,.9,90,99,32
102,백령도,2021-06-14 23:00,15.9,,2.1,110,99,41
102,백령도,2021-06-15 00:00,16.1,,1.8,110,99,104
102,백령도,2021-06-15 01:00,16.8,,0,0,99,1273
102,백령도,2021-06-15 02:00,16.7,,0,0,99,1848
102,백령도,2021-06-15 03:00,16.8,,2.7,160,99,1375
102,백령도,2021-06-15 04:00,16.9,,4.5,160,99,1180
102,백령도,2021-06-15 05:00,16.9,,4.3,160,99,1086
102,백령도,2021-06-15 06:00,16.9,0,6.1,160,99,602
102,백령도,2021-06-15 07:00,16.9,.8,6.2,160,99,444
102,백령도,2021-06-15 08:00,17.3,.7,1.7,140,99,567
102,백령도,2021-06-15 09:00,17.6,.2,3.3,160,99,599
102,백령도,2021-06-15 10:00,19.5,0,2.7,110,96,1259
102,백령도,2021-06-15 11:00,18.6,,1.1,90,97,1044
102,백령도,2021-06-15 12:00,18,.4,1.1,90,99,214
102,백령도,2021-06-15 13:00,18.2,.9,2.3,90,99,52
102,백령도,2021-06-15 14:00,18.8,.6,1.7,70,99,123
102,백령도,2021-06-15 15:00,19.1,.4,2.9,70,99,82
102,백령도,2021-06-15 16:00,19.2,.3,1,90,99,624
102,백령도,2021-06-15 17:00,20.4,0,2,70,99,996
102,백령도,2021-06-15 18:00,20.6,,0,0,98,911
102,백령도,2021-06-15 19:00,19.3,,0,0,98,1022
102,백령도,2021-06-15 20:00,17.9,,0,0,98,529
102,백령도,2021-06-15 21:00,19.9,,2.5,50,95,1507
102,백령도,2021-06-15 22:00,19.5,,2,70,94,1803
102,백령도,2021-06-15 23:00,18.9,,2.3,360,96,1651
102,백령도,2021-06-16 00:00,19.9,,2.6,50,94,2883
102,백령도,2021-06-16 01:00,19.3,,3.1,70,95,2471
102,백령도,2021-06-16 02:00,18.8,,1.9,90,94,3310
102,백령도,2021-06-16 03:00,18.5,,1.6,90,93,3392
102,백령도,2021-06-16 04:00,18.7,,3.5,90,88,4964
102,백령도,2021-06-16 05:00,18.7,,2.3,90,86,4996
102,백령도,2021-06-16 06:00,19.1,,1.1,70,84,4999
102,백령도,2021-06-16 07:00,20.6,,2.3,70,78,4999
102,백령도,2021-06-16 08:00,21.1,,3.6,90,79,4913
102,백령도,2021-06-16 09:00,21.5,,3.7,90,79,4997
102,백령도,2021-06-16 10:00,23.2,,3.9,90,69,4997
102,백령도,2021-06-16 11:00,24.3,,5.1,90,64,5000
102,백령도,2021-06-16 12:00,24.5,,3.2,90,62,4996
102,백령도,2021-06-16 13:00,26.9,,2.3,140,54,4436
102,백령도,2021-06-16 14:00,26.4,,1.6,90,54,4999
102,백령도,2021-06-16 15:00,26.5,,3.1,140,51,5000
102,백령도,2021-06-16 16:00,22.7,,3.6,320,67,4787
102,백령도,2021-06-16 17:00,21.3,,4.1,320,77,4597
102,백령도,2021-06-16 18:00,20.7,,1.9,320,78,4720
102,백령도,2021-06-16 19:00,22.5,,2,340,72,4991
102,백령도,2021-06-16 20:00,21.2,,0,0,82,3377
102,백령도,2021-06-16 21:00,20.3,,0,0,87,4909
102,백령도,2021-06-16 22:00,20.8,,0,0,80,5000
102,백령도,2021-06-16 23:00,21.3,,0,0,77,5000
102,백령도,2021-06-17 00:00,22.4,,3.3,140,75,4998
102,백령도,2021-06-17 01:00,21.7,,3.2,110,75,5000
102,백령도,2021-06-17 02:00,19.9,,.4,0,86,4449
102,백령도,2021-06-17 03:00,20.3,,3.4,140,82,4995
102,백령도,2021-06-17 04:00,19.8,,4.4,140,82,4994
102,백령도,2021-06-17 05:00,19.2,,4.3,140,85,4999
102,백령도,2021-06-17 06:00,18.6,,3.2,110,88,4969
102,백령도,2021-06-17 07:00,19,,5.4,140,87,4999
102,백령도,2021-06-17 08:00,18.5,0,3.7,110,91,4637
102,백령도,2021-06-17 09:00,19.7,0,3.7,110,86,4270
102,백령도,2021-06-17 10:00,20,0,4.4,140,83,4590
102,백령도,2021-06-17 11:00,19.3,0,6.1,140,88,2652
102,백령도,2021-06-17 12:00,18.7,0,7.3,160,86,3381
102,백령도,2021-06-17 13:00,18.5,0,4.4,160,88,2534
102,백령도,2021-06-17 14:00,18.8,0,5.8,160,87,2283
102,백령도,2021-06-17 15:00,18.4,0,4.7,160,91,1472
102,백령도,2021-06-17 16:00,18.7,0,3.4,160,90,1739
102,백령도,2021-06-17 17:00,18.9,0,2.1,160,91,1756
102,백령도,2021-06-17 18:00,18.5,,2.4,160,91,1584
102,백령도,2021-06-17 19:00,17.8,,3.7,180,95,1026
102,백령도,2021-06-17 20:00,17.6,0,2.6,160,98,662
102,백령도,2021-06-17 21:00,17.2,0,2.5,180,99,388
102,백령도,2021-06-17 22:00,17.3,0,2.4,180,99,219
102,백령도,2021-06-17 23:00,19.2,.4,4.6,200,99,743
102,백령도,2021-06-18 00:00,18.9,.4,4.7,200,99,352
102,백령도,2021-06-18 01:00,18.8,1.4,4.8,200,99,366
102,백령도,2021-06-18 02:00,18.7,2,5.5,200,99,367
102,백령도,2021-06-18 03:00,18.4,.7,4.8,200,99,427
102,백령도,2021-06-18 04:00,19,1.1,5.8,230,99,604
102,백령도,2021-06-18 05:00,18.6,.3,5.7,270,99,56
102,백령도,2021-06-18 06:00,18.1,0,4.5,290,99,27
102,백령도,2021-06-18 07:00,17.7,,5.4,320,99,32
102,백령도,2021-06-18 08:00,18.3,,5.1,320,99,43
102,백령도,2021-06-18 09:00,18.6,,3.1,290,99,657
102,백령도,2021-06-18 10:00,20,,3.6,320,97,3046
102,백령도,2021-06-18 11:00,20.3,,4.1,290,91,2396
102,백령도,2021-06-18 12:00,19.9,,4.1,320,92,1948
102,백령도,2021-06-18 13:00,21.7,,2.2,270,87,3953
102,백령도,2021-06-18 14:00,19.4,,4.2,290,91,1631
102,백령도,2021-06-18 15:00,19.5,,3,320,92,1202
102,백령도,2021-06-18 16:00,19.1,,0,0,93,904
102,백령도,2021-06-18 17:00,19,,2.5,320,94,603
102,백령도,2021-06-18 18:00,19.3,,1.8,250,94,555
102,백령도,2021-06-18 19:00,19.3,,1.1,270,92,531
102,백령도,2021-06-18 20:00,18.1,,1.1,320,95,412
102,백령도,2021-06-18 21:00,18.1,,0,0,96,386
102,백령도,2021-06-18 22:00,17,,0,0,99,174
102,백령도,2021-06-18 23:00,16.5,,0,0,99,138
102,백령도,2021-06-19 00:00,16.6,,.1,0,99,14
102,백령도,2021-06-19 01:00,16.9,,0,0,99,9
102,백령도,2021-06-19 02:00,16.6,,0,0,99,30
102,백령도,2021-06-19 03:00,16.1,,1.2,140,99,53
102,백령도,2021-06-19 04:00,15.3,,2.4,160,99,74
102,백령도,2021-06-19 05:00,15.2,,2.6,140,99,143
102,백령도,2021-06-19 06:00,15.3,,3.8,140,99,191
102,백령도,2021-06-19 07:00,15.4,,5.2,140,99,235
102,백령도,2021-06-19 08:00,16,,4.7,140,99,377
102,백령도,2021-06-19 09:00,17.1,,5.1,140,95,419
102,백령도,2021-06-19 10:00,18.4,,5,140,92,460
102,백령도,2021-06-19 11:00,19.5,,5.9,140,86,550
102,백령도,2021-06-19 12:00,19.5,,6,140,88,601
102,백령도,2021-06-19 13:00,18.5,,6.9,160,93,386
102,백령도,2021-06-19 14:00,19.4,,5.1,160,94,475
102,백령도,2021-06-19 15:00,19.1,,4.5,160,94,394
102,백령도,2021-06-19 16:00,19.8,,5.4,180,92,537
102,백령도,2021-06-19 17:00,19.1,,4.3,180,95,492
102,백령도,2021-06-19 18:00,18.1,,3.8,180,98,179
102,백령도,2021-06-19 19:00,18,,2.6,160,99,70
102,백령도,2021-06-19 20:00,16.6,,2.6,110,99,14
102,백령도,2021-06-19 21:00,16.8,,2.8,140,99,14
102,백령도,2021-06-19 22:00,16.6,,4.3,160,99,24
102,백령도,2021-06-19 23:00,16.9,,6.2,160,99,29
102,백령도,2021-06-20 00:00,17,,5,140,99,16
102,백령도,2021-06-20 01:00,17,,5.3,140,99,17
102,백령도,2021-06-20 02:00,17.3,,4.4,140,99,13
102,백령도,2021-06-20 03:00,17.5,,4.9,140,99,13
102,백령도,2021-06-20 04:00,17.4,,4.4,140,99,12
102,백령도,2021-06-20 05:00,17.4,,4.7,140,99,11
102,백령도,2021-06-20 06:00,17.5,,5.2,140,99,11
102,백령도,2021-06-20 07:00,17.3,.1,5.4,140,99,12
102,백령도,2021-06-20 08:00,17.3,.1,5.2,140,99,12
102,백령도,2021-06-20 09:00,17.4,0,4.9,140,99,16
102,백령도,2021-06-20 10:00,17.6,,4.3,140,99,33
102,백령도,2021-06-20 11:00,18.3,,3.5,110,99,98
102,백령도,2021-06-20 12:00,18.4,,2.8,90,99,110
102,백령도,2021-06-20 13:00,20.1,,2.6,90,99,376
102,백령도,2021-06-20 14:00,21.8,,1.3,70,88,610
102,백령도,2021-06-20 15:00,23.2,,2.2,360,82,879
102,백령도,2021-06-20 16:00,23.2,,2.9,340,79,1109
102,백령도,2021-06-20 17:00,17.6,,4.3,320,97,27
102,백령도,2021-06-20 18:00,17.5,,4.1,320,99,17
102,백령도,2021-06-20 19:00,16.9,,3.5,320,99,12
102,백령도,2021-06-20 20:00,16.4,,2.2,290,99,14
102,백령도,2021-06-20 21:00,15.8,,1.3,320,99,101
102,백령도,2021-06-20 22:00,17,,4.3,290,99,20
102,백령도,2021-06-20 23:00,18.1,,3.4,290,99,16
102,백령도,2021-06-21 00:00,18.4,,2.7,290,99,14
102,백령도,2021-06-21 01:00,17.2,,0,0,99,267
102,백령도,2021-06-21 02:00,16.8,,0,0,99,474
102,백령도,2021-06-21 03:00,17.6,,2.2,290,92,781
102,백령도,2021-06-21 04:00,16.7,,1.3,290,98,542
102,백령도,2021-06-21 05:00,16.6,,.1,0,96,273
102,백령도,2021-06-21 06:00,18.2,,0,0,96,515
102,백령도,2021-06-21 07:00,19.7,,1.1,290,94,564
102,백령도,2021-06-21 08:00,20.2,,.8,340,89,832
102,백령도,2021-06-21 09:00,21.5,,0,0,86,1106
102,백령도,2021-06-21 10:00,22.9,,0,0,80,1367
102,백령도,2021-06-21 11:00,24.4,,.8,140,72,1804
102,백령도,2021-06-21 12:00,23.9,,2.5,320,64,2482
102,백령도,2021-06-21 13:00,24.1,,3.1,320,61,3093
102,백령도,2021-06-21 14:00,25.1,,2.4,290,51,4399
102,백령도,2021-06-21 15:00,25.3,,2.5,290,51,4633
102,백령도,2021-06-21 16:00,25.1,,2,290,44,4818
102,백령도,2021-06-21 17:00,23.8,,2.6,290,47,4382
102,백령도,2021-06-21 18:00,23,,2,270,58,4092
102,백령도,2021-06-21 19:00,23,,.3,0,53,4996
102,백령도,2021-06-21 20:00,20.1,,2,270,80,2399
102,백령도,2021-06-21 21:00,21.2,,.3,0,53,5000
102,백령도,2021-06-21 22:00,18.1,,0,0,83,3139
102,백령도,2021-06-21 23:00,19.9,,0,0,82,2382
102,백령도,2021-06-22 00:00,20,.3,3.3,270,84,1255
102,백령도,2021-06-22 01:00,20.5,0,3.7,230,78,2137
102,백령도,2021-06-22 02:00,18.3,0,2.7,50,90,1420
102,백령도,2021-06-22 03:00,18.9,0,.9,70,89,1355
102,백령도,2021-06-22 04:00,18,.1,2.3,90,92,1281
102,백령도,2021-06-22 05:00,17.7,0,1.6,180,92,1380
102,백령도,2021-06-22 06:00,17.4,0,1.5,90,94,1314
102,백령도,2021-06-22 07:00,19.1,,2,90,92,2358
102,백령도,2021-06-22 08:00,20.2,,3.2,90,81,3594
102,백령도,2021-06-22 09:00,21.6,,2.3,110,71,4151
102,백령도,2021-06-22 10:00,21.5,,4.5,160,87,1297
102,백령도,2021-06-22 11:00,21.2,,4.1,180,87,1348
102,백령도,2021-06-22 12:00,21.8,,4.5,160,81,1843
102,백령도,2021-06-22 13:00,21.8,,5,160,65,4307
102,백령도,2021-06-22 14:00,22,,3.3,200,70,3014
102,백령도,2021-06-22 15:00,21.9,,3.6,180,62,3649
102,백령도,2021-06-22 16:00,22.6,,1.4,200,59,4347
102,백령도,2021-06-22 17:00,23.8,,.7,200,50,4725
102,백령도,2021-06-22 18:00,20.8,,.5,90,80,2206
102,백령도,2021-06-22 19:00,19.4,,.5,70,83,1951
102,백령도,2021-06-22 20:00,19.6,,0,0,87,2303
102,백령도,2021-06-22 21:00,18.7,,0,0,84,2754
102,백령도,2021-06-22 22:00,18.4,,0,0,89,2250
102,백령도,2021-06-22 23:00,17.5,,0,0,91,2081
102,백령도,2021-06-23 00:00,19.4,,2.3,20,81,3359
102,백령도,2021-06-23 01:00,18.8,,0,0,85,2735
102,백령도,2021-06-23 02:00,18,,.7,90,91,2002
102,백령도,2021-06-23 03:00,17.8,,.1,0,94,1543
102,백령도,2021-06-23 04:00,18,,0,0,96,1347
102,백령도,2021-06-23 05:00,17.6,,1.4,90,94,1802
102,백령도,2021-06-23 06:00,17.4,,0,0,96,1271
102,백령도,2021-06-23 07:00,18,,0,0,97,1286
102,백령도,2021-06-23 08:00,20.8,,0,0,80,2997
102,백령도,2021-06-23 09:00,22.2,,0,0,70,4668
102,백령도,2021-06-23 10:00,22.8,,2.5,360,67,4651
102,백령도,2021-06-23 11:00,23.1,,2.9,290,62,4672
102,백령도,2021-06-23 12:00,22.2,,3.9,290,66,3766
102,백령도,2021-06-23 13:00,21.9,,4.1,290,71,3631
102,백령도,2021-06-23 14:00,21.2,,4.2,320,80,2524
102,백령도,2021-06-23 15:00,21.8,,4.5,290,72,3632
102,백령도,2021-06-23 16:00,21.8,,4,320,72,3626
102,백령도,2021-06-23 17:00,21.5,,3.9,320,70,3391
102,백령도,2021-06-23 18:00,21.2,,3.8,320,67,4416
102,백령도,2021-06-23 19:00,20.7,,2.8,290,68,4093
102,백령도,2021-06-23 20:00,18.6,,3.8,290,84,3349
102,백령도,2021-06-23 21:00,18.1,,3.6,320,95,1537
102,백령도,2021-06-23 22:00,17.9,,2.8,290,97,1040
102,백령도,2021-06-23 23:00,17.8,,3.4,320,98,572
102,백령도,2021-06-24 00:00,18,,3.3,320,99,786
102,백령도,2021-06-24 01:00,18.3,,2.1,320,98,894
102,백령도,2021-06-24 02:00,17.5,,0,0,97,1002
102,백령도,2021-06-24 03:00,17.6,,1.1,320,96,1164
102,백령도,2021-06-24 04:00,17.7,,0,0,95,1012
102,백령도,2021-06-24 05:00,17.7,,0,0,96,857
102,백령도,2021-06-24 06:00,18.3,,0,0,97,817
102,백령도,2021-06-24 07:00,19,,0,0,91,1154
102,백령도,2021-06-24 08:00,21.1,,0,0,77,2689
102,백령도,2021-06-24 09:00,22,,1.4,110,67,3522
102,백령도,2021-06-24 10:00,22.4,,2,110,72,3300
102,백령도,2021-06-24 11:00,22.2,,3.3,140,63,4023
102,백령도,2021-06-24 12:00,22.4,,2.3,160,68,3629
102,백령도,2021-06-24 13:00,23.2,,2.2,160,69,3235
102,백령도,2021-06-24 14:00,23.6,,.7,180,68,2596
102,백령도,2021-06-24 15:00,24,,.3,0,70,3048
102,백령도,2021-06-24 16:00,23.4,,1.2,90,60,3297
102,백령도,2021-06-24 17:00,22,,.2,0,77,2000
102,백령도,2021-06-24 18:00,22.5,,0,0,78,1909
102,백령도,2021-06-24 19:00,21,,0,0,87,1444
102,백령도,2021-06-24 20:00,20,,0,0,91,969
102,백령도,2021-06-24 21:00,18.9,,0,0,94,830
102,백령도,2021-06-24 22:00,18.6,,0,0,95,845
102,백령도,2021-06-24 23:00,18.7,,0,0,95,793
102,백령도,2021-06-25 00:00,19,,0,0,94,717
102,백령도,2021-06-25 01:00,18.1,,0,0,97,544
102,백령도,2021-06-25 02:00,17.7,,0,0,98,378
102,백령도,2021-06-25 03:00,17.3,,1.7,200,99,175
102,백령도,2021-06-25 04:00,17.8,,0,0,99,293
102,백령도,2021-06-25 05:00,17.2,,0,0,99,318
102,백령도,2021-06-25 06:00,17.1,,.7,110,99,34
102,백령도,2021-06-25 07:00,17.7,,1.6,110,99,377
102,백령도,2021-06-25 08:00,18.8,,0,0,99,372
102,백령도,2021-06-25 09:00,20.7,,1,160,94,920
102,백령도,2021-06-25 10:00,19.1,,2.8,110,95,255
102,백령도,2021-06-25 11:00,20.2,,4,140,96,688
102,백령도,2021-06-25 12:00,21.7,,4,140,89,1874
102,백령도,2021-06-25 13:00,21.4,,3.9,140,86,2425
102,백령도,2021-06-25 14:00,20.7,,4.3,160,88,2369
102,백령도,2021-06-25 15:00,20.3,,4.4,160,90,1383
102,백령도,2021-06-25 16:00,19.6,,2,160,93,741
102,백령도,2021-06-25 17:00,18.6,0,1.8,200,96,581
102,백령도,2021-06-25 18:00,18.6,0,.2,0,98,386
102,백령도,2021-06-25 19:00,18.5,.1,1.9,180,99,170
102,백령도,2021-06-25 20:00,18.8,0,2.5,160,99,158
102,백령도,2021-06-25 21:00,18.3,0,2,110,99,246
102,백령도,2021-06-25 22:00,18.6,.1,0,0,99,237
102,백령도,2021-06-25 23:00,18.2,0,2.7,180,99,151
102,백령도,2021-06-26 00:00,18.3,.3,3.1,180,99,81
102,백령도,2021-06-26 01:00,19.3,.2,3.3,180,99,62
102,백령도,2021-06-26 02:00,19.3,.2,4,160,99,21
102,백령도,2021-06-26 03:00,19.1,.1,4.4,160,99,17
102,백령도,2021-06-26 04:00,18.7,.4,3,140,99,21
102,백령도,2021-06-26 05:00,18.8,.3,4.2,140,99,43
102,백령도,2021-06-26 06:00,18.6,.9,5.1,140,99,22
102,백령도,2021-06-26 07:00,18.8,.1,6.1,140,99,31
102,백령도,2021-06-26 08:00,19.3,.6,5.3,140,99,34
102,백령도,2021-06-26 09:00,19.4,.1,3.7,140,99,30
102,백령도,2021-06-26 10:00,19.4,,4.3,140,99,43
102,백령도,2021-06-26 11:00,19.6,,5.4,140,99,90
102,백령도,2021-06-26 12:00,19.4,,6.3,140,99,308
102,백령도,2021-06-26 13:00,19.9,,6.6,140,99,656
102,백령도,2021-06-26 14:00,20.3,,5.4,140,96,780
102,백령도,2021-06-26 15:00,20.2,,5.2,140,94,641
102,백령도,2021-06-26 16:00,20.5,,3.3,160,95,482
102,백령도,2021-06-26 17:00,20.5,,3.6,160,96,454
102,백령도,2021-06-26 18:00,21,,3.4,160,93,778
102,백령도,2021-06-26 19:00,20.2,,4.3,140,94,561
102,백령도,2021-06-26 20:00,20.1,,4.3,140,95,522
102,백령도,2021-06-26 21:00,20.1,,3.5,140,96,442
102,백령도,2021-06-26 22:00,20.3,,3,160,92,572
102,백령도,2021-06-26 23:00,20.2,,3,140,92,543
102,백령도,2021-06-27 00:00,20.2,,4.6,140,93,391
102,백령도,2021-06-27 01:00,20.2,,2.8,110,94,454
102,백령도,2021-06-27 02:00,19.8,,2.4,110,96,453
102,백령도,2021-06-27 03:00,19.7,,2.2,110,97,380
102,백령도,2021-06-27 04:00,19.4,,1.6,140,98,347
102,백령도,2021-06-27 05:00,19.6,,3.9,160,97,520
102,백령도,2021-06-27 06:00,18.8,,2.3,110,99,242
102,백령도,2021-06-27 07:00,20.2,,2.9,110,94,1086
102,백령도,2021-06-27 08:00,20.9,,2.8,140,90,1724
102,백령도,2021-06-27 09:00,21,,3.1,110,89,1521
102,백령도,2021-06-27 10:00,22.9,,3.4,110,85,2076
102,백령도,2021-06-27 11:00,23.1,,3.3,110,82,1615
102,백령도,2021-06-27 12:00,24.4,,3.9,140,77,2002
102,백령도,2021-06-27 13:00,23.8,,3.2,180,76,1288
102,백령도,2021-06-27 14:00,23.2,,3.3,180,79,1403
102,백령도,2021-06-27 15:00,24.2,,4.5,180,74,1696
102,백령도,2021-06-27 16:00,23.7,,4,180,71,2753
102,백령도,2021-06-27 17:00,22.3,,0,0,75,1930
102,백령도,2021-06-27 18:00,21,0,0,0,86,1229
102,백령도,2021-06-27 19:00,20.1,0,.1,0,94,592
102,백령도,2021-06-27 20:00,21.2,0,0,0,90,701
102,백령도,2021-06-27 21:00,19.9,0,0,0,94,873
102,백령도,2021-06-27 22:00,19.4,0,2.3,320,93,1065
102,백령도,2021-06-27 23:00,19.2,,1.3,290,95,709
102,백령도,2021-06-28 00:00,19.8,,0,0,92,900
102,백령도,2021-06-28 01:00,20.6,,1.7,290,87,1759
102,백령도,2021-06-28 02:00,19.5,,3.1,320,92,933
102,백령도,2021-06-28 03:00,19.1,,1.7,290,94,605
102,백령도,2021-06-28 04:00,18.3,,1,340,96,418
102,백령도,2021-06-28 05:00,18.4,,0,0,97,424
102,백령도,2021-06-28 06:00,19.8,,0,0,93,804
102,백령도,2021-06-28 07:00,20.7,,.1,0,91,1021
102,백령도,2021-06-28 08:00,22.1,,0,0,89,1245
102,백령도,2021-06-28 09:00,23.6,,.2,0,82,1615
102,백령도,2021-06-28 10:00,23.9,,3.3,140,78,1885
102,백령도,2021-06-28 11:00,24.7,,2.9,160,78,1900
102,백령도,2021-06-28 12:00,25.1,,3.4,160,77,1341
102,백령도,2021-06-28 13:00,24.8,,3.1,180,78,1286
102,백령도,2021-06-28 14:00,24.7,,2.6,140,73,1208
102,백령도,2021-06-28 15:00,25.3,,.8,110,71,1180
102,백령도,2021-06-28 16:00,23.6,,1.3,290,82,1229
102,백령도,2021-06-28 17:00,23.7,,2.2,320,76,1524
102,백령도,2021-06-28 18:00,23.1,,1.6,320,80,1413
102,백령도,2021-06-28 19:00,22.7,,0,0,85,1367
102,백령도,2021-06-28 20:00,21.2,,0,0,93,1028
102,백령도,2021-06-28 21:00,20.3,,0,0,95,892
102,백령도,2021-06-28 22:00,20,,0,0,97,415
102,백령도,2021-06-28 23:00,19.9,,0,0,99,516
102,백령도,2021-06-29 00:00,19.8,,0,0,97,814
102,백령도,2021-06-29 01:00,19.9,,0,0,97,485
102,백령도,2021-06-29 02:00,19.8,,0,0,97,496
102,백령도,2021-06-29 03:00,20,,0,0,99,400
102,백령도,2021-06-29 04:00,20.8,,0,0,94,952
102,백령도,2021-06-29 05:00,20.4,,0,0,95,760
102,백령도,2021-06-29 06:00,20.6,,0,0,95,883
102,백령도,2021-06-29 07:00,20.3,,1.8,110,96,553
102,백령도,2021-06-29 08:00,20.9,,0,0,96,675
102,백령도,2021-06-29 09:00,22.4,,.5,200,88,1187
102,백령도,2021-06-29 10:00,22.5,,2,200,86,1377
102,백령도,2021-06-29 11:00,23.2,,2.6,180,84,1559
102,백령도,2021-06-29 12:00,24.2,,3.2,200,78,1646
102,백령도,2021-06-29 13:00,25.8,,2.4,200,72,2145
102,백령도,2021-06-29 14:00,24.6,,3.3,180,79,1611
102,백령도,2021-06-29 15:00,24.3,,3.3,180,77,1772
102,백령도,2021-06-29 16:00,23.9,,2.8,200,85,1612
102,백령도,2021-06-29 17:00,23.8,,2.7,180,86,1325
102,백령도,2021-06-29 18:00,23.4,,3.3,200,90,1327
102,백령도,2021-06-29 19:00,23.1,,3,230,90,1217
102,백령도,2021-06-29 20:00,22.1,,1.1,200,95,454
102,백령도,2021-06-29 21:00,20.5,,1.9,180,98,227
102,백령도,2021-06-29 22:00,19.5,,0,0,99,118
102,백령도,2021-06-29 23:00,19.2,,0,0,99,459
102,백령도,2021-06-30 00:00,19.1,,0,0,99,203
102,백령도,2021-06-30 01:00,19.3,,0,0,99,220
102,백령도,2021-06-30 02:00,19.9,,0,0,99,113
102,백령도,2021-06-30 03:00,19.4,,2.4,180,99,35
102,백령도,2021-06-30 04:00,18.9,,1,200,99,34
102,백령도,2021-06-30 05:00,19.1,,2.5,180,99,30
102,백령도,2021-06-30 06:00,19.1,,1.9,180,99,23
102,백령도,2021-06-30 07:00,20.1,,1.6,180,99,79
102,백령도,2021-06-30 08:00,19.7,,1.7,180,99,33
102,백령도,2021-06-30 09:00,19.7,,2.6,180,99,137
102,백령도,2021-06-30 10:00,21.5,,2.7,180,99,1044
102,백령도,2021-06-30 11:00,23.1,,2.5,180,90,1282
102,백령도,2021-06-30 12:00,23.2,,4.5,160,91,894
102,백령도,2021-06-30 13:00,23.7,,4.9,160,91,897
102,백령도,2021-06-30 14:00,24.4,,3.5,180,85,1186
102,백령도,2021-06-30 15:00,24.8,,5,180,77,1985
102,백령도,2021-06-30 16:00,24.5,,4.3,180,81,1907
102,백령도,2021-06-30 17:00,24.3,,3.6,180,80,1962
102,백령도,2021-06-30 18:00,23.1,,2.9,200,86,1295
102,백령도,2021-06-30 19:00,21.3,,2.2,180,92,1062
102,백령도,2021-06-30 20:00,19.9,,1.9,180,99,23
102,백령도,2021-06-30 21:00,19.6,,2.8,180,99,31
102,백령도,2021-06-30 22:00,18.6,,1.9,180,99,21
102,백령도,2021-06-30 23:00,18.5,,0,0,99,22
102,백령도,2021-07-01 00:00,18.4,,1.6,160,99,17
102,백령도,2021-07-01 01:00,18.5,,0,0,99,18
102,백령도,2021-07-01 02:00,17.8,,1.6,90,99,12
102,백령도,2021-07-01 03:00,18.7,,2.3,140,99,25
102,백령도,2021-07-01 04:00,18.8,,1.9,140,99,21
102,백령도,2021-07-01 05:00,18.6,,1.9,140,99,22
102,백령도,2021-07-01 06:00,19.2,,2.4,140,99,36
102,백령도,2021-07-01 07:00,19.2,,0,0,99,22
102,백령도,2021-07-01 08:00,19.5,,1.7,110,99,20
102,백령도,2021-07-01 09:00,20,,2.9,180,99,65
102,백령도,2021-07-01 10:00,21.1,,4.3,180,99,1120
102,백령도,2021-07-01 11:00,22.2,,5.5,160,98,2446
102,백령도,2021-07-01 12:00,24.2,,4.4,180,84,2383
102,백령도,2021-07-01 13:00,24.5,,3.8,160,76,2624
102,백령도,2021-07-01 14:00,25.6,,.5,180,71,2579
102,백령도,2021-07-01 15:00,25.7,,2.2,340,68,3270
102,백령도,2021-07-01 16:00,25.1,,2,340,68,3581
102,백령도,2021-07-01 17:00,25.7,,2.1,290,53,4507
102,백령도,2021-07-01 18:00,24.7,,3,320,62,4281
102,백령도,2021-07-01 19:00,23.8,,.8,320,77,3370
102,백령도,2021-07-01 20:00,21.7,,1.4,320,94,1280
102,백령도,2021-07-01 21:00,21.1,,1.2,320,97,525
102,백령도,2021-07-01 22:00,20.9,,0,0,94,1200
102,백령도,2021-07-01 23:00,20.9,,0,0,92,1796
102,백령도,2021-07-02 00:00,20.7,,0,0,88,2293
102,백령도,2021-07-02 01:00,21.5,,0,0,82,2827
102,백령도,2021-07-02 02:00,21.4,,0,0,81,2801
102,백령도,2021-07-02 03:00,20.6,,0,0,85,2398
102,백령도,2021-07-02 04:00,20.7,,.1,0,84,2269
102,백령도,2021-07-02 05:00,19.6,,2.2,320,92,1618
102,백령도,2021-07-02 06:00,20.4,,2.1,290,88,1958
102,백령도,2021-07-02 07:00,21.4,,0,0,86,1762
102,백령도,2021-07-02 08:00,22.3,,0,0,86,1770
102,백령도,2021-07-02 09:00,22.5,,0,0,87,1352
102,백령도,2021-07-02 10:00,22.5,,2.2,110,91,1027
102,백령도,2021-07-02 11:00,24.5,,0,0,83,1271
102,백령도,2021-07-02 12:00,27.3,,1,110,71,1934
102,백령도,2021-07-02 13:00,25,,2.7,290,75,1322
102,백령도,2021-07-02 14:00,25.8,,1.1,320,73,1500
102,백령도,2021-07-02 15:00,27.6,,2.8,140,63,1290
102,백령도,2021-07-02 16:00,27.3,,1.2,180,58,1453
102,백령도,2021-07-02 17:00,26.9,,1.7,180,61,1319
102,백령도,2021-07-02 18:00,26.1,,0,0,65,1377
102,백령도,2021-07-02 19:00,25.2,,.6,140,66,1328
102,백령도,2021-07-02 20:00,24.5,,0,0,67,1495
102,백령도,2021-07-02 21:00,24,,0,0,66,1683
102,백령도,2021-07-02 22:00,22.1,,0,0,88,1107
102,백령도,2021-07-02 23:00,22.8,,0,0,82,1016
102,백령도,2021-07-03 00:00,22.9,,0,0,86,953
102,백령도,2021-07-03 01:00,22.4,,.5,110,93,683
102,백령도,2021-07-03 02:00,22.3,,1,110,97,435
102,백령도,2021-07-03 03:00,22,,3.3,90,98,471
102,백령도,2021-07-03 04:00,22,,4,110,92,1463
102,백령도,2021-07-03 05:00,22.4,,4.4,110,85,2979
102,백령도,2021-07-03 06:00,21.3,,4,110,86,2856
102,백령도,2021-07-03 07:00,21.6,,4.5,110,86,2797
102,백령도,2021-07-03 08:00,21.8,,5.8,110,86,2601
102,백령도,2021-07-03 09:00,21.8,,5.2,110,85,2509
102,백령도,2021-07-03 10:00,20.5,,4.2,110,88,2283
102,백령도,2021-07-03 11:00,21.2,,5.2,110,84,2712
102,백령도,2021-07-03 12:00,21.1,0,4.7,110,84,2624
102,백령도,2021-07-03 13:00,19.9,.6,4.1,110,91,1291
102,백령도,2021-07-03 14:00,19.4,1.9,3.3,110,94,437
102,백령도,2021-07-03 15:00,19,7.2,4.2,90,98,258
102,백령도,2021-07-03 16:00,18.9,8.1,5.6,90,99,174
102,백령도,2021-07-03 17:00,19.2,7.5,8.6,90,99,249
102,백령도,2021-07-03 18:00,19,3,7.5,90,99,354
102,백령도,2021-07-03 19:00,19.5,1.1,8.4,110,98,821
102,백령도,2021-07-03 20:00,19.5,.9,9.4,110,96,1400
102,백령도,2021-07-03 21:00,19.2,.6,8.1,110,97,650
102,백령도,2021-07-03 22:00,19,.9,7.3,110,99,1297
102,백령도,2021-07-03 23:00,18.9,.2,6.8,110,99,1639
102,백령도,2021-07-04 00:00,18.7,.3,3.9,110,99,1100
102,백령도,2021-07-04 01:00,18.9,.5,5.9,110,99,726
102,백령도,2021-07-04 02:00,18.7,.2,3.6,90,99,2027
102,백령도,2021-07-04 03:00,19,0,4.4,90,99,3488
102,백령도,2021-07-04 04:00,19,0,2.9,20,98,3208
102,백령도,2021-07-04 05:00,18.7,.1,2.8,340,99,386
102,백령도,2021-07-04 06:00,18.2,.2,2.6,320,99,305
102,백령도,2021-07-04 07:00,18.4,0,2.7,340,99,1280
102,백령도,2021-07-04 08:00,18.1,0,3.1,320,99,1556
102,백령도,2021-07-04 09:00,20.2,0,1.9,20,99,889
102,백령도,2021-07-04 10:00,17.5,.2,4.5,290,99,408
102,백령도,2021-07-04 11:00,19.5,,4,290,98,2021
102,백령도,2021-07-04 12:00,19,,5.8,320,97,726
102,백령도,2021-07-04 13:00,19.8,,5.4,320,95,936
102,백령도,2021-07-04 14:00,19.9,,5.3,320,97,680
102,백령도,2021-07-04 15:00,20.8,,5.5,320,93,4321
102,백령도,2021-07-04 16:00,20.6,,5.2,320,93,4968
102,백령도,2021-07-04 17:00,20.6,,4.4,320,92,4988
102,백령도,2021-07-04 18:00,20.9,,2.4,320,93,4999
102,백령도,2021-07-04 19:00,20.8,,3,290,94,4917
102,백령도,2021-07-04 20:00,20.8,,.4,0,94,4909
102,백령도,2021-07-04 21:00,20.3,,0,0,96,3750
102,백령도,2021-07-04 22:00,20.1,,2.3,230,96,3407
102,백령도,2021-07-04 23:00,19.6,,.7,200,98,1308
102,백령도,2021-07-05 00:00,19,,.1,0,99,513
102,백령도,2021-07-05 01:00,19,,0,0,99,531
102,백령도,2021-07-05 02:00,18.3,,0,0,99,228
102,백령도,2021-07-05 03:00,18.2,,0,0,99,144
102,백령도,2021-07-05 04:00,18.7,,.6,180,99,218
102,백령도,2021-07-05 05:00,18.8,,1.6,160,99,254
102,백령도,2021-07-05 06:00,18.8,,.5,90,99,108
102,백령도,2021-07-05 07:00,19.8,,3.9,140,99,543
102,백령도,2021-07-05 08:00,19.6,,3.8,140,99,829
102,백령도,2021-07-05 09:00,20.6,,4.7,160,98,800
102,백령도,2021-07-05 10:00,21,,5.7,160,95,3766
102,백령도,2021-07-05 11:00,20.8,,5.4,160,95,3832
102,백령도,2021-07-05 12:00,20.6,,3.6,160,95,3961
102,백령도,2021-07-05 13:00,21.2,,5.9,160,93,4327
102,백령도,2021-07-05 14:00,20.2,,5.9,160,97,600
102,백령도,2021-07-05 15:00,20.7,,4.1,140,94,800
102,백령도,2021-07-05 16:00,20.5,,3.2,140,95,4180
102,백령도,2021-07-05 17:00,20.3,,4,140,95,3632
102,백령도,2021-07-05 18:00,20.7,,4.5,140,93,4650
102,백령도,2021-07-05 19:00,20.5,,3.6,140,94,3543
102,백령도,2021-07-05 20:00,20.1,,2.6,140,95,2918
102,백령도,2021-07-05 21:00,19.9,,0,0,96,2317
102,백령도,2021-07-05 22:00,20,,2,140,96,2477
102,백령도,2021-07-05 23:00,19.3,,0,0,97,1232
102,백령도,2021-07-06 00:00,19.4,,0,0,99,918
102,백령도,2021-07-06 01:00,18.8,,0,0,98,850
102,백령도,2021-07-06 02:00,18.3,,0,0,99,29
102,백령도,2021-07-06 03:00,18.9,,1.8,70,99,1143
102,백령도,2021-07-06 04:00,18.4,,.1,0,99,1033
102,백령도,2021-07-06 05:00,18.8,,0,0,99,1508
102,백령도,2021-07-06 06:00,18.9,,0,0,99,1162
102,백령도,2021-07-06 07:00,20,,0,0,97,2220
102,백령도,2021-07-06 08:00,21.9,,1.5,90,88,2620
102,백령도,2021-07-06 09:00,22.7,,0,0,83,2532
102,백령도,2021-07-06 10:00,23.3,,2.3,110,81,2475
102,백령도,2021-07-06 11:00,24.4,,1.8,110,75,2932
102,백령도,2021-07-06 12:00,24.3,,.5,320,74,2951
102,백령도,2021-07-06 13:00,25.6,,.1,0,69,3070
102,백령도,2021-07-06 14:00,25.1,,.6,340,70,3537
102,백령도,2021-07-06 15:00,24.6,,1.2,340,74,3256
102,백령도,2021-07-06 16:00,24.6,,1.7,320,69,3663
102,백령도,2021-07-06 17:00,23.4,,2.5,320,81,3811
102,백령도,2021-07-06 18:00,22.6,,1.7,320,81,4215
102,백령도,2021-07-06 19:00,21.9,,1.7,320,84,4244
102,백령도,2021-07-06 20:00,20.8,,0,0,89,3347
102,백령도,2021-07-06 21:00,20.3,,.2,0,93,3058
102,백령도,2021-07-06 22:00,20.7,,0,0,86,3536
102,백령도,2021-07-06 23:00,20.5,,0,0,85,2413
102,백령도,2021-07-07 00:00,21.3,,0,0,89,1200
102,백령도,2021-07-07 01:00,20.6,,0,0,90,821
102,백령도,2021-07-07 02:00,19.9,,2,180,97,579
102,백령도,2021-07-07 03:00,20.7,,0,0,87,1841
102,백령도,2021-07-07 04:00,19.1,,.2,0,94,1327
102,백령도,2021-07-07 05:00,19.4,,0,0,95,979
102,백령도,2021-07-07 06:00,19.8,,0,0,97,572
102,백령도,2021-07-07 07:00,20.6,,0,0,96,716
102,백령도,2021-07-07 08:00,22.2,,0,0,92,755
102,백령도,2021-07-07 09:00,24.4,,1,160,82,1155
102,백령도,2021-07-07 10:00,23.7,,2.1,160,83,917
102,백령도,2021-07-07 11:00,23.9,,3.3,180,81,1028
102,백령도,2021-07-07 12:00,24.1,,3.5,180,83,3137
102,백령도,2021-07-07 13:00,24.4,,0,0,85,2400
102,백령도,2021-07-07 14:00,24.7,,.2,0,85,1756
102,백령도,2021-07-07 15:00,22.9,,2.1,320,88,1176
102,백령도,2021-07-07 16:00,22.5,,2.6,320,92,1905
102,백령도,2021-07-07 17:00,22.4,,1.9,290,93,1773
102,백령도,2021-07-07 18:00,22.6,,1.4,290,93,1681
102,백령도,2021-07-07 19:00,22,,1.8,290,91,1029
102,백령도,2021-07-07 20:00,21.6,,1.6,290,94,841
102,백령도,2021-07-07 21:00,21.7,,1.2,320,92,1120
102,백령도,2021-07-07 22:00,21.6,,0,0,93,920
102,백령도,2021-07-07 23:00,21.7,,1.2,200,96,809
102,백령도,2021-07-08 00:00,20.6,,1.9,320,96,733
102,백령도,2021-07-08 01:00,21.2,,1.3,270,94,1142
102,백령도,2021-07-08 02:00,20,,1.5,290,95,979
102,백령도,2021-07-08 03:00,19.3,,1.9,320,93,985
102,백령도,2021-07-08 04:00,19.2,,2.5,320,88,1546
102,백령도,2021-07-08 05:00,19.1,,2.8,320,89,1773
102,백령도,2021-07-08 06:00,19.1,,2.6,320,90,1644
102,백령도,2021-07-08 07:00,19.9,,2.2,290,90,1569
102,백령도,2021-07-08 08:00,21.4,,.7,290,89,1538
102,백령도,2021-07-08 09:00,22.3,,2.6,320,83,1504
102,백령도,2021-07-08 10:00,24.1,,1.7,340,78,1786
102,백령도,2021-07-08 11:00,26.3,,.9,90,70,1674
102,백령도,2021-07-08 12:00,25.8,,2.1,90,72,1623
102,백령도,2021-07-08 13:00,23.3,,3.1,290,71,1477
102,백령도,2021-07-08 14:00,24.7,,2.5,320,76,1558
102,백령도,2021-07-08 15:00,25.4,,2,200,79,1186
102,백령도,2021-07-08 16:00,25.1,,2.1,290,74,1249
102,백령도,2021-07-08 17:00,22.6,,2.8,320,89,856
102,백령도,2021-07-08 18:00,24.3,,.9,320,84,1111
102,백령도,2021-07-08 19:00,23.8,,.1,0,86,1133
102,백령도,2021-07-08 20:00,21.2,,.8,230,94,585
102,백령도,2021-07-08 21:00,20.5,,.4,0,98,304
102,백령도,2021-07-08 22:00,20.7,,0,0,96,416
102,백령도,2021-07-08 23:00,20.4,,0,0,96,447
102,백령도,2021-07-09 00:00,20.9,,0,0,97,491
102,백령도,2021-07-09 01:00,20,,.2,0,98,294
102,백령도,2021-07-09 02:00,20.3,,0,0,98,271
102,백령도,2021-07-09 03:00,20.1,,0,0,99,286
102,백령도,2021-07-09 04:00,20.3,,0,0,97,304
102,백령도,2021-07-09 05:00,19.7,,0,0,98,230
102,백령도,2021-07-09 06:00,19.7,,0,0,99,176
102,백령도,2021-07-09 07:00,20.6,,0,0,99,259
102,백령도,2021-07-09 08:00,22.6,,0,0,90,785
102,백령도,2021-07-09 09:00,22.4,,1.1,20,90,701
102,백령도,2021-07-09 10:00,24.6,,1.4,360,80,1056
102,백령도,2021-07-09 11:00,25.3,,.8,360,78,1145
102,백령도,2021-07-09 12:00,25.2,,1,110,75,1253
102,백령도,2021-07-09 13:00,24,,2.6,200,79,1290
102,백령도,2021-07-09 14:00,25.5,,1.2,320,79,1366
102,백령도,2021-07-09 15:00,25.1,,1.6,340,81,1192
102,백령도,2021-07-09 16:00,24.7,,3.2,180,81,1223
102,백령도,2021-07-09 17:00,24.4,,3.1,180,82,1586
102,백령도,2021-07-09 18:00,24.4,,3.4,180,83,2232
102,백령도,2021-07-09 19:00,23,,2.2,180,90,1396
102,백령도,2021-07-09 20:00,22,,1.4,180,95,1055
102,백령도,2021-07-09 21:00,21.3,,1.6,160,98,581
102,백령도,2021-07-09 22:00,21.6,,2.6,160,99,107
102,백령도,2021-07-09 23:00,21.2,,1.9,180,99,51
102,백령도,2021-07-10 00:00,20.3,,2,110,99,23
102,백령도,2021-07-10 01:00,21.1,,1.4,110,99,28
102,백령도,2021-07-10 02:00,21.5,,3.2,160,99,72
102,백령도,2021-07-10 03:00,20.9,,3.3,180,99,84
102,백령도,2021-07-10 04:00,20.9,,2.3,180,99,33
102,백령도,2021-07-10 05:00,20.9,,2,200,99,159
102,백령도,2021-07-10 06:00,21.2,,1.9,180,99,120
102,백령도,2021-07-10 07:00,20.9,,1.5,180,99,18
102,백령도,2021-07-10 08:00,21,,1.8,180,99,112
102,백령도,2021-07-10 09:00,23.6,,2.7,180,99,538
102,백령도,2021-07-10 10:00,23.4,,2.7,110,93,1203
102,백령도,2021-07-10 11:00,23.2,,3.6,140,94,955
102,백령도,2021-07-10 12:00,23.6,,4.4,180,89,820
102,백령도,2021-07-10 13:00,25.5,,3.9,180,85,880
102,백령도,2021-07-10 14:00,25.4,,5.7,200,88,686
102,백령도,2021-07-10 15:00,25.7,,4.8,230,83,728
102,백령도,2021-07-10 16:00,26.4,,4.6,230,78,1013
102,백령도,2021-07-10 17:00,26.4,,4.2,230,70,1616
102,백령도,2021-07-10 18:00,26.7,,1.4,270,70,1680
102,백령도,2021-07-10 19:00,22.2,,1.8,90,93,429
102,백령도,2021-07-10 20:00,21.5,,1.6,90,98,238
102,백령도,2021-07-10 21:00,21.4,,1.6,180,99,40
102,백령도,2021-07-10 22:00,21.9,,3.6,160,99,133
102,백령도,2021-07-10 23:00,22.2,,4.5,160,99,47
102,백령도,2021-07-11 00:00,22.2,,4.5,160,99,14
102,백령도,2021-07-11 01:00,21.6,,2.8,140,99,15
102,백령도,2021-07-11 02:00,21.3,,2.1,140,99,19
102,백령도,2021-07-11 03:00,20.9,,1.1,90,99,11
102,백령도,2021-07-11 04:00,21.7,,2.8,140,99,19
102,백령도,2021-07-11 05:00,21.7,,2.4,140,99,23
102,백령도,2021-07-11 06:00,21.4,0,2.1,160,99,16
102,백령도,2021-07-11 07:00,21.4,.1,4.2,140,99,19
102,백령도,2021-07-11 08:00,21.2,0,3.1,140,99,27
102,백령도,2021-07-11 09:00,21,0,1.5,180,99,30
102,백령도,2021-07-11 10:00,21.9,0,1.8,180,99,69
102,백령도,2021-07-11 11:00,23.2,0,3,140,99,293
102,백령도,2021-07-11 12:00,22.8,,.7,160,99,158
102,백령도,2021-07-11 13:00,23.5,0,1.9,90,99,242
102,백령도,2021-07-11 14:00,23.9,,1.6,110,96,221
102,백령도,2021-07-11 15:00,23.2,,2.8,160,99,237
102,백령도,2021-07-11 16:00,23.9,,3.7,140,98,174
102,백령도,2021-07-11 17:00,23,,5.3,140,99,65
102,백령도,2021-07-11 18:00,22.8,,5.5,160,99,59
102,백령도,2021-07-11 19:00,22.5,,4.6,160,99,27
102,백령도,2021-07-11 20:00,22.9,,3.8,160,99,21
102,백령도,2021-07-11 21:00,22,,2.6,140,99,12
102,백령도,2021-07-11 22:00,21.3,,2.3,110,99,11
102,백령도,2021-07-11 23:00,22.6,,2.7,140,99,11
102,백령도,2021-07-12 00:00,22.4,,2.4,140,99,17
102,백령도,2021-07-12 01:00,21.2,,5.1,160,99,17
102,백령도,2021-07-12 02:00,21,,2.3,140,99,12
102,백령도,2021-07-12 03:00,20.3,,1.8,110,99,9
102,백령도,2021-07-12 04:00,20.8,,2,110,99,9
102,백령도,2021-07-12 05:00,21.2,,2.5,110,99,95
102,백령도,2021-07-12 06:00,21.5,,2,110,99,453
102,백령도,2021-07-12 07:00,21.2,,2.5,140,99,110
102,백령도,2021-07-12 08:00,20.6,,4.6,140,99,62
102,백령도,2021-07-12 09:00,21.2,,5.1,140,99,961
102,백령도,2021-07-12 10:00,22.1,,5.5,140,99,147
102,백령도,2021-07-12 11:00,22.8,,6,140,99,176
102,백령도,2021-07-12 12:00,22.6,,6.4,140,99,80
102,백령도,2021-07-12 13:00,22.7,,5.9,140,99,80
102,백령도,2021-07-12 14:00,24.3,,6.1,140,99,80
102,백령도,2021-07-12 15:00,24,,5.8,140,96,300
102,백령도,2021-07-12 16:00,23.6,,7.3,140,98,300
102,백령도,2021-07-12 17:00,24.1,,7.5,140,97,713
102,백령도,2021-07-12 18:00,24,,6.7,140,96,665
102,백령도,2021-07-12 19:00,24,,6.3,140,98,387
102,백령도,2021-07-12 20:00,23.8,,4.6,140,98,581
102,백령도,2021-07-12 21:00,23.5,,5.9,140,98,530
102,백령도,2021-07-12 22:00,23.2,,6.8,140,99,199
102,백령도,2021-07-12 23:00,22.9,,5.5,160,99,90
102,백령도,2021-07-13 00:00,22.8,,6.6,140,99,422
102,백령도,2021-07-13 01:00,23.1,,5.2,160,99,679
102,백령도,2021-07-13 02:00,23.2,,5.8,140,99,876
102,백령도,2021-07-13 03:00,23.1,,5.7,140,99,973
102,백령도,2021-07-13 04:00,22.6,,8.3,140,99,961
102,백령도,2021-07-13 05:00,22.3,,8.4,140,99,976
102,백령도,2021-07-13 06:00,22.1,,7.3,140,99,885
102,백령도,2021-07-13 07:00,22.1,,7.5,140,99,1243
102,백령도,2021-07-13 08:00,22.1,,7.4,140,98,1315
102,백령도,2021-07-13 09:00,22.9,,7.7,140,97,1802
102,백령도,2021-07-13 10:00,22.7,,6.8,140,95,1952
102,백령도,2021-07-13 11:00,22.5,,4.1,160,96,1555
102,백령도,2021-07-13 12:00,22.4,,3.9,160,95,1547
102,백령도,2021-07-13 13:00,22.5,,4.8,160,96,1424
102,백령도,2021-07-13 14:00,22.5,,4.5,160,97,1235
102,백령도,2021-07-13 15:00,22.5,0,6.9,140,97,1228
102,백령도,2021-07-13 16:00,22.8,,6.1,140,96,1413
102,백령도,2021-07-13 17:00,23.5,,5,140,96,1731
102,백령도,2021-07-13 18:00,23.5,,7.9,160,95,1844
102,백령도,2021-07-13 19:00,23,,6.5,160,94,1919
102,백령도,2021-07-13 20:00,23.3,,7.2,160,96,2008
102,백령도,2021-07-13 21:00,23.4,,7,160,96,1929
102,백령도,2021-07-13 22:00,23.7,,6.8,160,97,1706
102,백령도,2021-07-13 23:00,23.7,,7.6,160,96,2222
102,백령도,2021-07-14 00:00,22.7,,7.8,160,96,1666
102,백령도,2021-07-14 01:00,23.7,,8.2,160,96,1850
102,백령도,2021-07-14 02:00,22.3,,6.8,160,97,1249
102,백령도,2021-07-14 03:00,22.7,,8.9,140,97,1477
102,백령도,2021-07-14 04:00,22.7,,5.2,140,97,1511
102,백령도,2021-07-14 05:00,22.1,,6.7,140,98,1218
102,백령도,2021-07-14 06:00,22,,3.9,160,99,854
102,백령도,2021-07-14 07:00,22.2,0,6.6,140,99,1057
102,백령도,2021-07-14 08:00,22,,4.6,160,98,1068
102,백령도,2021-07-14 09:00,22.2,,4.8,160,99,918
102,백령도,2021-07-14 10:00,22.6,,5.6,140,98,1359
102,백령도,2021-07-14 11:00,21.7,,5.8,160,96,1100
102,백령도,2021-07-14 12:00,22.6,0,5.6,140,99,484
102,백령도,2021-07-14 13:00,23.1,.2,6.6,160,99,422
102,백령도,2021-07-14 14:00,22,.1,5.5,140,99,455
102,백령도,2021-07-14 15:00,21.8,.1,6.4,140,99,279
102,백령도,2021-07-14 16:00,22.6,.1,5.9,140,99,467
102,백령도,2021-07-14 17:00,22.9,0,5.6,140,99,607
102,백령도,2021-07-14 18:00,23.2,.1,6.1,140,99,991
102,백령도,2021-07-14 19:00,22.8,0,6.4,160,99,842
102,백령도,2021-07-14 20:00,22.9,0,6,160,99,850
102,백령도,2021-07-14 21:00,23,0,7.1,160,99,850
102,백령도,2021-07-14 22:00,22.9,0,6.5,140,99,850
102,백령도,2021-07-14 23:00,23.2,0,6.6,140,99,850
102,백령도,2021-07-15 00:00,23.7,0,8,160,98,800
102,백령도,2021-07-15 01:00,23.9,0,7.2,160,98,1856
102,백령도,2021-07-15 02:00,22.2,0,5.9,140,99,932
102,백령도,2021-07-15 03:00,23.6,,6,160,99,1739
102,백령도,2021-07-15 04:00,22.2,,6.8,140,99,1056
102,백령도,2021-07-15 05:00,22.6,,5.3,140,99,1754
102,백령도,2021-07-15 06:00,22.1,,5.7,140,99,909
102,백령도,2021-07-15 07:00,21.9,,5.9,140,99,600
102,백령도,2021-07-15 08:00,22.9,,5.6,140,99,1941
102,백령도,2021-07-15 09:00,23.1,,4.9,160,98,1318
102,백령도,2021-07-15 10:00,22.5,,5,140,97,1638
102,백령도,2021-07-15 11:00,24.1,,7.1,160,93,2665
102,백령도,2021-07-15 12:00,24.3,,5,160,92,2331
102,백령도,2021-07-15 13:00,24.6,,5.4,160,94,1918
102,백령도,2021-07-15 14:00,25.9,,4.7,160,92,2950
102,백령도,2021-07-15 15:00,25,,3.3,140,89,2127
102,백령도,2021-07-15 16:00,23.7,,4.9,140,93,1516
102,백령도,2021-07-15 17:00,23.9,,6,160,93,2392
102,백령도,2021-07-15 18:00,23.8,,5.8,160,96,2003
102,백령도,2021-07-15 19:00,23.4,,6.5,160,97,1852
102,백령도,2021-07-15 20:00,22.8,,5.5,160,97,1550
102,백령도,2021-07-15 21:00,23.1,,4.5,160,96,1602
102,백령도,2021-07-15 22:00,22.8,,3.1,180,98,1500
102,백령도,2021-07-15 23:00,22.4,,1.5,140,99,850
102,백령도,2021-07-16 00:00,21.6,,2,90,98,723
102,백령도,2021-07-16 01:00,22.4,,3.6,110,99,1420
102,백령도,2021-07-16 02:00,23.1,,2.4,140,98,2424
102,백령도,2021-07-16 03:00,22.9,,2.1,110,98,2232
102,백령도,2021-07-16 04:00,22.9,,2.3,110,98,1474
102,백령도,2021-07-16 05:00,23.2,,3,140,97,2520
102,백령도,2021-07-16 06:00,22.6,,2.4,110,99,1244
102,백령도,2021-07-16 07:00,24.1,,2.5,110,96,4222
102,백령도,2021-07-16 08:00,24.9,,4.4,140,92,4721
102,백령도,2021-07-16 09:00,25.7,,3.4,160,89,4827
102,백령도,2021-07-16 10:00,25.7,,3.3,160,87,4842
102,백령도,2021-07-16 11:00,26.2,,4,160,89,3515
102,백령도,2021-07-16 12:00,27.2,,3.9,160,85,2888
102,백령도,2021-07-16 13:00,27.7,,4.3,160,83,4720
102,백령도,2021-07-16 14:00,28.2,,3.6,160,74,5000
102,백령도,2021-07-16 15:00,28.5,,3.7,180,70,5000
102,백령도,2021-07-16 16:00,29.3,,3.3,180,68,5000
102,백령도,2021-07-16 17:00,28.6,,3.6,250,65,5000
102,백령도,2021-07-16 18:00,27.9,,2.1,200,73,5000
102,백령도,2021-07-16 19:00,25.5,,1.4,360,80,4997
102,백령도,2021-07-16 20:00,24.5,,1.7,340,87,4987
102,백령도,2021-07-16 21:00,24.4,,2.2,70,91,4635
102,백령도,2021-07-16 22:00,24.3,,1.1,20,92,4703
102,백령도,2021-07-16 23:00,23.2,,1.6,90,94,4391
102,백령도,2021-07-17 00:00,23.8,,1.7,90,93,3447
102,백령도,2021-07-17 01:00,23.5,,.6,200,92,4844
102,백령도,2021-07-17 02:00,23.9,,2.7,160,93,4818
102,백령도,2021-07-17 03:00,23.4,,2.3,180,90,3969
102,백령도,2021-07-17 04:00,23.2,,.6,290,91,4406
102,백령도,2021-07-17 05:00,22.5,,.2,0,95,3294
102,백령도,2021-07-17 06:00,23.6,,.8,140,88,4296
102,백령도,2021-07-17 07:00,23.5,,1.7,110,89,3595
102,백령도,2021-07-17 08:00,24.7,,1.6,110,86,3773
102,백령도,2021-07-17 09:00,25.4,,2.2,70,84,3125
102,백령도,2021-07-17 10:00,26.1,,3,70,83,1826
102,백령도,2021-07-17 11:00,27,,3.8,90,78,2146
102,백령도,2021-07-17 12:00,27.7,,2.5,110,72,2020
102,백령도,2021-07-17 13:00,27.9,,3.7,180,68,2512
102,백령도,2021-07-17 14:00,28.8,,3.3,160,58,3908
102,백령도,2021-07-17 15:00,28.1,,5.5,180,57,4790
102,백령도,2021-07-17 16:00,28.3,,2.8,180,55,4856
102,백령도,2021-07-17 17:00,25.6,,3.1,320,72,3617
102,백령도,2021-07-17 18:00,25.1,,3.7,320,78,3212
102,백령도,2021-07-17 19:00,25.2,,2.1,320,77,3500
102,백령도,2021-07-17 20:00,23.6,,1.5,320,89,2252
102,백령도,2021-07-17 21:00,22.6,,2,320,92,1602
102,백령도,2021-07-17 22:00,22.3,,2.5,360,93,1858
102,백령도,2021-07-17 23:00,23.9,,1.8,20,89,2485
102,백령도,2021-07-18 00:00,23.6,,1.2,90,92,1814
102,백령도,2021-07-18 01:00,23.6,,1.9,140,95,1375
102,백령도,2021-07-18 02:00,23.4,,1.6,90,96,1528
102,백령도,2021-07-18 03:00,22.5,,1.7,110,98,1100
102,백령도,2021-07-18 04:00,23,,1,140,94,3447
102,백령도,2021-07-18 05:00,22.9,,1.1,110,95,1928
102,백령도,2021-07-18 06:00,23,,3.2,160,95,1106
102,백령도,2021-07-18 07:00,23.6,,2.1,160,92,2451
102,백령도,2021-07-18 08:00,24.4,,2.8,140,90,2605
102,백령도,2021-07-18 09:00,24.7,,4.4,140,86,2038
102,백령도,2021-07-18 10:00,25.8,,4.6,140,83,2800
102,백령도,2021-07-18 11:00,26.2,,4.8,140,82,3152
102,백령도,2021-07-18 12:00,26.8,,4.2,160,75,4380
102,백령도,2021-07-18 13:00,27.2,,3.7,140,77,3785
102,백령도,2021-07-18 14:00,27.5,,3.1,180,75,3920
102,백령도,2021-07-18 15:00,28,,2.5,180,71,4203
102,백령도,2021-07-18 16:00,27.5,,1.3,200,70,4505
102,백령도,2021-07-18 17:00,27,,1.4,180,71,4347
102,백령도,2021-07-18 18:00,27.1,,1.3,340,70,4514
102,백령도,2021-07-18 19:00,24.9,,1.4,320,83,3378
102,백령도,2021-07-18 20:00,23.8,,1.5,290,89,2268
102,백령도,2021-07-18 21:00,23.2,,1.7,320,92,2244
102,백령도,2021-07-18 22:00,23,,1.7,320,93,2061
102,백령도,2021-07-18 23:00,23.1,,1.1,290,93,2324
102,백령도,2021-07-19 00:00,23.8,,.1,0,90,3400
102,백령도,2021-07-19 01:00,24.1,,.7,340,89,3796
102,백령도,2021-07-19 02:00,24.4,0,1.4,90,88,3489
102,백령도,2021-07-19 03:00,23.7,0,2.2,110,94,1869
102,백령도,2021-07-19 04:00,24.2,0,3.1,140,92,1903
102,백령도,2021-07-19 05:00,22.5,0,2.3,180,95,1545
102,백령도,2021-07-19 06:00,22.4,0,2.9,110,98,627
102,백령도,2021-07-19 07:00,23.5,.8,2.3,110,94,1059
102,백령도,2021-07-19 08:00,25,.4,2.5,110,92,2337
102,백령도,2021-07-19 09:00,25.2,,4.3,110,87,3516
102,백령도,2021-07-19 10:00,25.8,,5.2,140,87,2000
102,백령도,2021-07-19 11:00,26.6,,5.9,140,80,3603
102,백령도,2021-07-19 12:00,27.1,,5.4,140,75,4666
102,백령도,2021-07-19 13:00,26.6,,3.9,160,74,4913
102,백령도,2021-07-19 14:00,27.1,,3.9,180,73,4841
102,백령도,2021-07-19 15:00,27.1,,5.2,160,73,4514
102,백령도,2021-07-19 16:00,27.1,,4.8,160,73,4588
102,백령도,2021-07-19 17:00,26.7,,4.5,160,79,4064
102,백령도,2021-07-19 18:00,25.9,,2.6,200,83,3708
102,백령도,2021-07-19 19:00,25.7,,1.9,160,87,3749
102,백령도,2021-07-19 20:00,23.8,,1.5,110,93,1996
102,백령도,2021-07-19 21:00,23.3,,2.1,110,95,1221
102,백령도,2021-07-19 22:00,23.4,,1.6,90,95,1308
102,백령도,2021-07-19 23:00,22.9,,.1,0,96,1074
102,백령도,2021-07-20 00:00,23.4,,1,110,94,1554
102,백령도,2021-07-20 01:00,22.6,,1.3,140,96,909
102,백령도,2021-07-20 02:00,23,,1.7,110,96,1299
102,백령도,2021-07-20 03:00,22.8,,1.3,110,96,1013
102,백령도,2021-07-20 04:00,22.3,,1,160,96,750
102,백령도,2021-07-20 05:00,22.8,,2.1,110,96,1276
102,백령도,2021-07-20 06:00,23,,2.2,140,98,636
102,백령도,2021-07-20 07:00,24.2,,1.4,110,96,1105
102,백령도,2021-07-20 08:00,25.5,,2.3,110,90,2683
102,백령도,2021-07-20 09:00,26.6,,2.3,110,89,2420
102,백령도,2021-07-20 10:00,27.6,,2.3,110,84,3151
102,백령도,2021-07-20 11:00,28.3,,2.3,110,77,3527
102,백령도,2021-07-20 12:00,28.5,,3.1,110,69,3165
102,백령도,2021-07-20 13:00,28.8,,3,180,64,4099
102,백령도,2021-07-20 14:00,29.6,,3.3,180,59,4842
102,백령도,2021-07-20 15:00,30.7,,1.5,200,53,4948
102,백령도,2021-07-20 16:00,29.1,,2.8,160,57,4747
102,백령도,2021-07-20 17:00,28.4,,2.2,70,62,4540
102,백령도,2021-07-20 18:00,27.9,,1.4,70,66,4365
102,백령도,2021-07-20 19:00,25.8,,1.6,320,81,2506
102,백령도,2021-07-20 20:00,24.4,,1.7,320,88,1288
102,백령도,2021-07-20 21:00,24,,1,320,88,1877
102,백령도,2021-07-20 22:00,24.6,,.7,50,83,4142
102,백령도,2021-07-20 23:00,23.7,,1.6,320,89,3078
102,백령도,2021-07-21 00:00,24.5,,1.7,70,83,4747
102,백령도,2021-07-21 01:00,24.6,,2.2,70,83,4975
102,백령도,2021-07-21 02:00,24.7,,1.8,20,81,4998
102,백령도,2021-07-21 03:00,24.8,,1,70,79,4999
102,백령도,2021-07-21 04:00,24.1,,1.6,70,84,4954
102,백령도,2021-07-21 05:00,23.9,,.6,320,87,4551
102,백령도,2021-07-21 06:00,24.1,,1.4,70,88,4312
102,백령도,2021-07-21 07:00,26,,1.1,70,80,2718
102,백령도,2021-07-21 08:00,27.2,,1.8,70,70,4736
102,백령도,2021-07-21 09:00,28,,1.8,70,65,4877
102,백령도,2021-07-21 10:00,29,,2.1,90,62,4828
102,백령도,2021-07-21 11:00,29.6,,1.5,90,58,4899
102,백령도,2021-07-21 12:00,30.1,,1,70,57,4810
102,백령도,2021-07-21 13:00,29,,2.6,320,59,4847
102,백령도,2021-07-21 14:00,29.6,,2.6,320,57,4742
102,백령도,2021-07-21 15:00,27.6,,3.6,320,66,4558
102,백령도,2021-07-21 16:00,29,,3.9,340,57,4810
102,백령도,2021-07-21 17:00,27.8,,2.9,320,62,4934
102,백령도,2021-07-21 18:00,28.1,,2.3,320,59,4987
102,백령도,2021-07-21 19:00,26.8,,2,320,66,4785
102,백령도,2021-07-21 20:00,24.6,,2,320,73,4763
102,백령도,2021-07-21 21:00,24.2,,2.1,320,78,4342
102,백령도,2021-07-21 22:00,23.8,,2.2,290,80,4367
102,백령도,2021-07-21 23:00,23.3,,1.9,290,84,4643
102,백령도,2021-07-22 00:00,26,,1.4,20,78,4559
102,백령도,2021-07-22 01:00,25.9,,1.7,70,76,3746
102,백령도,2021-07-22 02:00,25.3,,1.9,50,81,3265
102,백령도,2021-07-22 03:00,24.8,,1.9,90,85,2995
102,백령도,2021-07-22 04:00,24.7,,1.6,90,86,2834
102,백령도,2021-07-22 05:00,24.1,,1.8,90,91,1983
102,백령도,2021-07-22 06:00,24.6,,1.5,90,91,2159
102,백령도,2021-07-22 07:00,25.7,,2.2,90,87,2539
102,백령도,2021-07-22 08:00,26.9,,3.3,110,83,2338
102,백령도,2021-07-22 09:00,27.7,,3.4,110,81,2398
102,백령도,2021-07-22 10:00,28.4,,2.9,140,73,2627
102,백령도,2021-07-22 11:00,28.9,,3.7,140,61,3473
102,백령도,2021-07-22 12:00,29.6,,2.9,160,48,4612
102,백령도,2021-07-22 13:00,29.2,,3.2,180,52,4364
102,백령도,2021-07-22 14:00,29.4,,3.1,160,49,4053
102,백령도,2021-07-22 15:00,28.3,,3.2,180,53,3618
102,백령도,2021-07-22 16:00,29.1,,1.8,320,50,3188
102,백령도,2021-07-22 17:00,26.6,,2.8,320,60,3529
102,백령도,2021-07-22 18:00,26.5,,3,320,66,3128
102,백령도,2021-07-22 19:00,25.8,,2.2,320,69,3192
102,백령도,2021-07-22 20:00,24.8,,2.2,320,76,2644
102,백령도,2021-07-22 21:00,24.4,,2.4,320,81,2276
102,백령도,2021-07-22 22:00,24.5,,1.9,320,79,2715
102,백령도,2021-07-22 23:00,24,,1.8,290,77,3294
102,백령도,2021-07-23 00:00,25.2,,1.4,290,64,4283
102,백령도,2021-07-23 01:00,26.2,,1.2,90,64,4296
102,백령도,2021-07-23 02:00,25.9,,.4,0,69,4224
102,백령도,2021-07-23 03:00,25.4,,.9,70,72,3916
102,백령도,2021-07-23 04:00,24.9,,.8,70,85,2501
102,백령도,2021-07-23 05:00,24.6,,1.1,110,86,2031
102,백령도,2021-07-23 06:00,24.6,,1.2,90,88,1927
102,백령도,2021-07-23 07:00,25.7,,1.3,90,78,3282
102,백령도,2021-07-23 08:00,26.6,,1.5,90,80,2346
102,백령도,2021-07-23 09:00,27.6,,2.8,140,80,2258
102,백령도,2021-07-23 10:00,28.7,,2.6,110,78,2069
102,백령도,2021-07-23 11:00,29.4,,3.2,160,64,2649
102,백령도,2021-07-23 12:00,29.8,,3.2,160,60,2633
102,백령도,2021-07-23 13:00,29.5,,3,180,59,2632
102,백령도,2021-07-23 14:00,29.3,,3.4,200,57,2811
102,백령도,2021-07-23 15:00,30.9,,2.8,180,47,3974
102,백령도,2021-07-23 16:00,29.1,,2.1,340,64,2345
102,백령도,2021-07-23 17:00,28.4,,2,320,69,2307
102,백령도,2021-07-23 18:00,28,,1.7,320,73,2074
102,백령도,2021-07-23 19:00,26.6,,2.2,290,85,1563
102,백령도,2021-07-23 20:00,25.2,,1.9,320,91,1206
102,백령도,2021-07-23 21:00,24.6,,2.1,290,93,1081
102,백령도,2021-07-23 22:00,24.5,,1.5,290,92,1328
102,백령도,2021-07-23 23:00,25.2,,.4,0,81,2176
102,백령도,2021-07-24 00:00,24.6,,.8,70,81,2036
102,백령도,2021-07-24 01:00,24.6,,.4,0,84,1884
102,백령도,2021-07-24 02:00,24.7,,1.2,50,85,2011
102,백령도,2021-07-24 03:00,24.4,,.2,0,88,1539
102,백령도,2021-07-24 04:00,24.4,,.8,140,95,1200
102,백령도,2021-07-24 05:00,24.3,,.1,0,93,1624
102,백령도,2021-07-24 06:00,24.4,,.8,110,91,1340
102,백령도,2021-07-24 07:00,25.1,,.1,0,92,1200
102,백령도,2021-07-24 08:00,27.3,,1.1,110,81,1824
102,백령도,2021-07-24 09:00,27.9,,1.5,70,71,1853
102,백령도,2021-07-24 10:00,28.7,,1.4,90,68,2191
102,백령도,2021-07-24 11:00,30.1,,2,180,58,2752
102,백령도,2021-07-24 12:00,30.3,,1.6,200,54,2600
102,백령도,2021-07-24 13:00,30.4,,1.6,320,58,2607
102,백령도,2021-07-24 14:00,30.6,,2,320,58,2765
102,백령도,2021-07-24 15:00,30.7,,1.1,110,55,2325
102,백령도,2021-07-24 16:00,28.7,,3.1,320,58,2903
102,백령도,2021-07-24 17:00,28.8,,3.1,320,54,3841
102,백령도,2021-07-24 18:00,28.8,,1.8,320,55,3550
102,백령도,2021-07-24 19:00,28.6,,1.3,320,59,3364
102,백령도,2021-07-24 20:00,26.4,,1.5,320,66,3177
102,백령도,2021-07-24 21:00,25.4,,1.3,340,72,2817
102,백령도,2021-07-24 22:00,25.2,,.3,0,73,2759
102,백령도,2021-07-24 23:00,25.3,,1.4,290,74,2756
102,백령도,2021-07-25 00:00,25.4,,.5,360,71,1330
102,백령도,2021-07-25 01:00,26.7,,1.4,50,43,3778
102,백령도,2021-07-25 02:00,26.1,,1.7,70,52,1860
102,백령도,2021-07-25 03:00,24.7,,1.9,90,62,1676
102,백령도,2021-07-25 04:00,24.4,,1.6,110,77,1200
102,백령도,2021-07-25 05:00,24.2,,.9,110,88,1686
102,백령도,2021-07-25 06:00,23.9,,1.5,90,87,1754
102,백령도,2021-07-25 07:00,25.8,,1.5,90,75,2535
102,백령도,2021-07-25 08:00,27,,1.9,90,67,2755
102,백령도,2021-07-25 09:00,28.6,,2.5,90,54,3230
102,백령도,2021-07-25 10:00,29.1,,3.3,110,63,2484
102,백령도,2021-07-25 11:00,29.3,,4.3,110,65,2161
102,백령도,2021-07-25 12:00,28.9,,4.3,180,58,2727
102,백령도,2021-07-25 13:00,28.6,,5.8,180,56,3007
102,백령도,2021-07-25 14:00,29.5,,2.8,180,57,3021
102,백령도,2021-07-25 15:00,28.8,,4.9,180,57,2866
102,백령도,2021-07-25 16:00,29.2,,3.9,180,55,3082
102,백령도,2021-07-25 17:00,28.4,,4.2,180,57,3075
102,백령도,2021-07-25 18:00,27.7,,3,180,61,2693
102,백령도,2021-07-25 19:00,27.2,,1.4,200,64,2684
102,백령도,2021-07-25 20:00,25.1,,1,200,79,1571
102,백령도,2021-07-25 21:00,24.8,,.1,0,87,1397
102,백령도,2021-07-25 22:00,23.4,,.8,110,93,1100
102,백령도,2021-07-25 23:00,22.4,,1.8,200,96,1100
102,백령도,2021-07-26 00:00,22.3,,1.1,70,97,1300
102,백령도,2021-07-26 01:00,22.9,,1.6,90,93,1200
102,백령도,2021-07-26 02:00,23.7,,1.6,70,85,2331
102,백령도,2021-07-26 03:00,23.4,,2.2,70,83,2490
102,백령도,2021-07-26 04:00,23.1,,1.2,70,87,2005
102,백령도,2021-07-26 05:00,23.2,,1.8,90,87,2001
102,백령도,2021-07-26 06:00,22.8,,1.9,90,87,1617
102,백령도,2021-07-26 07:00,24.1,,2.4,110,88,1946
102,백령도,2021-07-26 08:00,25.3,,2.4,110,82,2311
102,백령도,2021-07-26 09:00,27.1,,3.2,140,70,2937
102,백령도,2021-07-26 10:00,27.8,,5,140,70,2507
102,백령도,2021-07-26 11:00,28.2,,4.7,160,65,2968
102,백령도,2021-07-26 12:00,28.6,,4.4,160,60,3959
102,백령도,2021-07-26 13:00,28.2,,4.8,180,58,3694
102,백령도,2021-07-26 14:00,28.7,,3.5,180,59,3692
102,백령도,2021-07-26 15:00,28.7,,3.3,180,59,3151
102,백령도,2021-07-26 16:00,27.4,,6.6,180,64,2758
102,백령도,2021-07-26 17:00,27,,5.4,180,66,2438
102,백령도,2021-07-26 18:00,26.8,,2.9,200,66,2716
102,백령도,2021-07-26 19:00,26.7,,2,180,60,3398
102,백령도,2021-07-26 20:00,23.6,,.5,90,82,1943
102,백령도,2021-07-26 21:00,22.9,,1.2,90,89,1623
102,백령도,2021-07-26 22:00,22.4,,.4,0,89,2232
102,백령도,2021-07-26 23:00,22.5,,.9,250,89,2325
102,백령도,2021-07-27 00:00,22.6,,.9,290,86,2982
102,백령도,2021-07-27 01:00,24.3,,.9,70,70,4781
102,백령도,2021-07-27 02:00,23.6,,.8,340,69,4970
102,백령도,2021-07-27 03:00,24.5,,1.5,70,62,5000
102,백령도,2021-07-27 04:00,23.4,,1.7,90,73,4992
102,백령도,2021-07-27 05:00,23.4,,.4,0,78,4037
102,백령도,2021-07-27 06:00,23.5,,.9,340,70,4916
102,백령도,2021-07-27 07:00,26.3,,1.7,360,64,4766
102,백령도,2021-07-27 08:00,28,,1.8,70,59,3984
102,백령도,2021-07-27 09:00,28.2,,2.7,70,62,3293
102,백령도,2021-07-27 10:00,29.3,,1.9,70,56,2894
102,백령도,2021-07-27 11:00,30.7,,2,70,51,3311
102,백령도,2021-07-27 12:00,31.1,,2,110,46,3452
102,백령도,2021-07-27 13:00,31.4,,1.7,180,47,3825
102,백령도,2021-07-27 14:00,30.8,,2.1,290,50,3307
102,백령도,2021-07-27 15:00,29.8,,3.2,290,53,3426
102,백령도,2021-07-27 16:00,30,,3.4,320,48,4028
102,백령도,2021-07-27 17:00,28.8,,2.6,320,53,3989
102,백령도,2021-07-27 18:00,27.8,,2.6,320,57,3050
102,백령도,2021-07-27 19:00,26.8,,3.6,320,62,3315
102,백령도,2021-07-27 20:00,25.3,,2.8,320,69,3100
102,백령도,2021-07-27 21:00,25,,2.2,320,71,3567
102,백령도,2021-07-27 22:00,24.6,,1.1,320,70,3690
102,백령도,2021-07-27 23:00,25.5,,.6,20,64,3678
102,백령도,2021-07-28 00:00,26.4,,1.5,360,55,5000
102,백령도,2021-07-28 01:00,26.2,,2.2,50,53,5000
102,백령도,2021-07-28 02:00,25.7,,.7,110,58,4981
102,백령도,2021-07-28 03:00,25.4,,.8,110,61,4937
102,백령도,2021-07-28 04:00,24.1,,1.6,160,69,4142
102,백령도,2021-07-28 05:00,24.9,,1,160,72,3559
102,백령도,2021-07-28 06:00,24.6,,.3,0,74,2234
102,백령도,2021-07-28 07:00,24.9,,.6,90,82,1577
102,백령도,2021-07-28 08:00,26.6,,.8,360,70,3047
102,백령도,2021-07-28 09:00,27.9,,1.4,340,61,3209
102,백령도,2021-07-28 10:00,29.2,,1.5,90,58,3201
102,백령도,2021-07-28 11:00,29.3,,1.6,340,55,3841
102,백령도,2021-07-28 12:00,30,,1.7,90,55,3303
102,백령도,2021-07-28 13:00,29.8,,2.3,340,53,3029
102,백령도,2021-07-28 14:00,31,,2.6,340,48,3253
102,백령도,2021-07-28 15:00,29.4,,3.4,320,48,4240
102,백령도,2021-07-28 16:00,30.3,,2.6,320,40,4975
102,백령도,2021-07-28 17:00,29.5,,2.2,320,40,4999
102,백령도,2021-07-28 18:00,30.3,,2.4,360,34,5000
102,백령도,2021-07-28 19:00,25.7,,2.4,320,71,2956
102,백령도,2021-07-28 20:00,24.7,,2.3,290,87,1844
102,백령도,2021-07-28 21:00,25,,2.7,290,77,3190
102,백령도,2021-07-28 22:00,24.4,,2.4,290,82,2892
102,백령도,2021-07-28 23:00,24.6,,3,290,90,2065
102,백령도,2021-07-29 00:00,24.5,,2.3,320,91,1652
102,백령도,2021-07-29 01:00,24.4,,2.1,320,96,824
102,백령도,2021-07-29 02:00,24.1,,2.1,340,97,482
102,백령도,2021-07-29 03:00,23.8,,2.2,290,95,1281
102,백령도,2021-07-29 04:00,24.3,,.8,340,90,1783
102,백령도,2021-07-29 05:00,23.3,,1.3,180,99,94
102,백령도,2021-07-29 06:00,23.6,,.3,0,98,644
102,백령도,2021-07-29 07:00,24.3,,0,0,91,2250
102,백령도,2021-07-29 08:00,25.1,,1.4,110,87,2335
102,백령도,2021-07-29 09:00,25,,3.2,90,82,2926
102,백령도,2021-07-29 10:00,27.2,,2.9,180,67,3604
102,백령도,2021-07-29 11:00,28.1,,3.3,180,55,4437
102,백령도,2021-07-29 12:00,29.8,,2.5,180,49,4771
102,백령도,2021-07-29 13:00,28.7,,3.1,200,61,4469
102,백령도,2021-07-29 14:00,29.2,,3.5,180,65,3830
102,백령도,2021-07-29 15:00,28.6,,3.6,180,70,4180
102,백령도,2021-07-29 16:00,29.4,,3.5,180,72,4457
102,백령도,2021-07-29 17:00,28.2,,3.3,180,76,4408
102,백령도,2021-07-29 18:00,26.9,,2.3,200,89,2514
102,백령도,2021-07-29 19:00,26.4,,1.9,180,94,1991
102,백령도,2021-07-29 20:00,25.3,,2.7,160,97,386
102,백령도,2021-07-29 21:00,24.9,,3.7,160,98,336
102,백령도,2021-07-29 22:00,24.6,,3,140,99,146
102,백령도,2021-07-29 23:00,24.5,,4,140,99,45
102,백령도,2021-07-30 00:00,24.1,,5,140,99,221
102,백령도,2021-07-30 01:00,24.3,,5.4,140,98,1272
102,백령도,2021-07-30 02:00,24.2,,6.5,140,97,1309
102,백령도,2021-07-30 03:00,24,,4.4,140,98,643
102,백령도,2021-07-30 04:00,23.6,,5.5,140,99,271
102,백령도,2021-07-30 05:00,23.8,,6.1,140,99,320
102,백령도,2021-07-30 06:00,23.8,,6.4,140,99,517
102,백령도,2021-07-30 07:00,23.7,,6.8,140,98,950
102,백령도,2021-07-30 08:00,23.7,,8.1,140,97,1385
102,백령도,2021-07-30 09:00,23.3,,8.1,140,96,1322
102,백령도,2021-07-30 10:00,22.9,0,8,140,98,628
102,백령도,2021-07-30 11:00,23.5,0,8.2,140,96,1098
102,백령도,2021-07-30 12:00,24,0,8.5,140,94,1317
102,백령도,2021-07-30 13:00,23.6,0,8.2,140,96,1344
102,백령도,2021-07-30 14:00,23.7,1.6,6.3,140,96,548
102,백령도,2021-07-30 15:00,23.6,2.6,5,140,99,408
102,백령도,2021-07-30 16:00,23.7,0,4.7,140,98,598
102,백령도,2021-07-30 17:00,23.6,,4.5,140,99,713
102,백령도,2021-07-30 18:00,23.3,,4.8,140,99,415
102,백령도,2021-07-30 19:00,24,,3.1,140,99,505
102,백령도,2021-07-30 20:00,24,,3.5,140,99,546
102,백령도,2021-07-30 21:00,23.6,.1,1.9,180,99,522
102,백령도,2021-07-30 22:00,25.1,0,4.4,200,91,1669
102,백령도,2021-07-30 23:00,25.1,,3.9,200,91,2030
102,백령도,2021-07-31 00:00,24.6,0,3.8,200,91,1594
102,백령도,2021-07-31 01:00,24.9,,3.1,200,88,1769
102,백령도,2021-07-31 02:00,24.9,,2.9,200,90,1432
102,백령도,2021-07-31 03:00,24.8,,3.3,200,90,1389
102,백령도,2021-07-31 04:00,24,,2.5,180,94,810
102,백령도,2021-07-31 05:00,23.6,,2.3,180,95,688
102,백령도,2021-07-31 06:00,23.5,,3.1,180,96,583
102,백령도,2021-07-31 07:00,24.3,,4.3,140,95,771
102,백령도,2021-07-31 08:00,24.4,,4.2,140,95,871
102,백령도,2021-07-31 09:00,25,,4.2,140,93,969
102,백령도,2021-07-31 10:00,25.4,,4.4,140,92,919
102,백령도,2021-07-31 11:00,25.2,,5.5,140,93,691
102,백령도,2021-07-31 12:00,25.7,,5.2,160,92,748
102,백령도,2021-07-31 13:00,25.9,,6.8,160,93,804
102,백령도,2021-07-31 14:00,26.6,0,6,160,92,980
102,백령도,2021-07-31 15:00,26.6,,4.8,160,90,1349
102,백령도,2021-07-31 16:00,25.9,,4.2,160,91,1265
102,백령도,2021-07-31 17:00,27,,5.2,180,90,1147
102,백령도,2021-07-31 18:00,26.5,0,3.9,180,92,1088
102,백령도,2021-07-31 19:00,26.5,,4,200,93,889
102,백령도,2021-07-31 20:00,26.1,,3.4,200,95,695
102,백령도,2021-07-31 21:00,25.9,,4.1,200,95,516
102,백령도,2021-07-31 22:00,25.9,,2.9,230,93,682
102,백령도,2021-07-31 23:00,24.9,,2,200,96,299
102,백령도,2021-08-01 00:00,24.6,,2.3,200,98,231
102,백령도,2021-08-01 01:00,24.5,,1.9,200,98,249
102,백령도,2021-08-01 02:00,24.2,,1.8,180,99,140
102,백령도,2021-08-01 03:00,23.9,,1.7,180,99,138
102,백령도,2021-08-01 04:00,23,,1.4,110,99,46
102,백령도,2021-08-01 05:00,23.9,.1,2.6,160,99,60
102,백령도,2021-08-01 06:00,23.3,0,1.6,180,99,109
102,백령도,2021-08-01 07:00,23.5,0,.5,110,99,170
102,백령도,2021-08-01 08:00,23.6,.2,2,110,99,232
102,백령도,2021-08-01 09:00,24.9,0,1.8,110,99,815
102,백령도,2021-08-01 10:00,25.1,,4.5,140,97,619
102,백령도,2021-08-01 11:00,24.4,,5,160,97,867
102,백령도,2021-08-01 12:00,24.8,,6.3,160,92,2144
102,백령도,2021-08-01 13:00,26.4,,4.1,160,83,3182
102,백령도,2021-08-01 14:00,26.4,,3.8,140,85,2017
102,백령도,2021-08-01 15:00,26.3,,3.1,140,86,2039
102,백령도,2021-08-01 16:00,26.1,,3.2,140,89,1311
102,백령도,2021-08-01 17:00,26.1,,3.7,160,90,1268
102,백령도,2021-08-01 18:00,25.5,,1.4,200,91,963
102,백령도,2021-08-01 19:00,23.9,,1.4,90,93,957
102,백령도,2021-08-01 20:00,24.5,,.1,0,93,845
102,백령도,2021-08-01 21:00,23.2,.5,1.5,290,98,315
102,백령도,2021-08-01 22:00,23.8,19.8,1.8,290,99,110
102,백령도,2021-08-01 23:00,23.7,20.9,2,290,99,563
102,백령도,2021-08-02 00:00,23.6,0,1,290,99,630
102,백령도,2021-08-02 01:00,22.4,0,2.7,340,99,3063
102,백령도,2021-08-02 02:00,22.6,0,1.3,340,99,1829
102,백령도,2021-08-02 03:00,22.7,0,.7,290,99,1915
102,백령도,2021-08-02 04:00,22.8,0,.2,0,98,2467
102,백령도,2021-08-02 05:00,22.5,0,1.5,180,99,1030
102,백령도,2021-08-02 06:00,22.1,,1.1,160,99,730
102,백령도,2021-08-02 07:00,22.4,,.9,140,99,1489
102,백령도,2021-08-02 08:00,24,,1,160,95,2606
102,백령도,2021-08-02 09:00,24.7,,2.1,90,91,3627
102,백령도,2021-08-02 10:00,25.2,,1.5,160,90,4501
102,백령도,2021-08-02 11:00,24.8,,1.9,180,89,4375
102,백령도,2021-08-02 12:00,26.1,,1.7,180,87,4004
102,백령도,2021-08-02 13:00,27.3,,2.8,180,85,3217
102,백령도,2021-08-02 14:00,27.4,,4,180,84,1976
102,백령도,2021-08-02 15:00,27.5,,3,180,81,1885
102,백령도,2021-08-02 16:00,27.5,,2.2,250,80,2172
102,백령도,2021-08-02 17:00,27.4,,2.6,250,74,2218
102,백령도,2021-08-02 18:00,27.3,,2.3,270,78,2240
102,백령도,2021-08-02 19:00,26.3,,1.2,320,84,2061
102,백령도,2021-08-02 20:00,24.8,,0,0,93,1340
102,백령도,2021-08-02 21:00,24.4,,.1,0,95,1018
102,백령도,2021-08-02 22:00,24.1,,1.1,110,95,711
102,백령도,2021-08-02 23:00,23.7,,1,110,97,453
102,백령도,2021-08-03 00:00,23.1,,.9,160,99,286
102,백령도,2021-08-03 01:00,22.9,,1,160,99,280
102,백령도,2021-08-03 02:00,23.7,,1.8,180,99,87
102,백령도,2021-08-03 03:00,23.4,,.6,160,99,72
102,백령도,2021-08-03 04:00,23.4,,.4,0,99,51
102,백령도,2021-08-03 05:00,22.4,,1.2,90,99,11
102,백령도,2021-08-03 06:00,23.1,,1.2,110,99,31
102,백령도,2021-08-03 07:00,23.4,.5,2.4,110,99,32
102,백령도,2021-08-03 08:00,24.3,.1,4.6,140,99,355
102,백령도,2021-08-03 09:00,23.6,0,3.2,90,99,432
102,백령도,2021-08-03 10:00,23.6,21.9,1.4,320,99,885
102,백령도,2021-08-03 11:00,25.4,.1,2.6,70,95,1968
102,백령도,2021-08-03 12:00,26.2,.4,1.7,90,95,2521
102,백령도,2021-08-03 13:00,27.6,,2.5,110,86,4580
102,백령도,2021-08-03 14:00,26.9,,4,140,86,3877
102,백령도,2021-08-03 15:00,27.4,,4.3,180,82,4656
102,백령도,2021-08-03 16:00,26.9,,3.8,180,87,3198
102,백령도,2021-08-03 17:00,27.3,,3.5,160,85,4589
102,백령도,2021-08-03 18:00,26.5,,4.1,160,89,2686
102,백령도,2021-08-03 19:00,26.1,,1.5,180,90,3061
102,백령도,2021-08-03 20:00,25.3,,1.5,180,95,1256
102,백령도,2021-08-03 21:00,24.7,,.9,200,98,470
102,백령도,2021-08-03 22:00,25.1,,2.4,160,99,694
102,백령도,2021-08-03 23:00,24.4,,1.3,230,99,61
102,백령도,2021-08-04 00:00,23.9,,1.1,90,99,14
102,백령도,2021-08-04 01:00,23.6,,1,90,99,11
102,백령도,2021-08-04 02:00,23.9,,1.8,110,99,13
102,백령도,2021-08-04 03:00,24.4,0,2.3,140,99,80
102,백령도,2021-08-04 04:00,24.1,.3,1.4,110,99,995
102,백령도,2021-08-04 05:00,24.4,0,2.1,110,99,603
102,백령도,2021-08-04 06:00,22.8,14.4,3.2,160,99,777
102,백령도,2021-08-04 07:00,22.8,0,1.4,90,99,698
102,백령도,2021-08-04 08:00,23.6,2.9,.9,180,99,595
102,백령도,2021-08-04 09:00,24.6,3.7,4.8,160,99,315
102,백령도,2021-08-04 10:00,24.4,.4,3.3,180,99,589
102,백령도,2021-08-04 11:00,25.3,0,4.5,200,98,716
102,백령도,2021-08-04 12:00,25.8,.2,4.1,200,97,1546
102,백령도,2021-08-04 13:00,25.4,0,3.9,180,96,1285
102,백령도,2021-08-04 14:00,26.4,0,4.1,180,94,3460
102,백령도,2021-08-04 15:00,26.6,,2.7,180,92,3274
102,백령도,2021-08-04 16:00,26.9,,3.5,180,91,3618
102,백령도,2021-08-04 17:00,26.9,,3.2,180,91,3436
102,백령도,2021-08-04 18:00,26.9,,3.1,230,90,4552
102,백령도,2021-08-04 19:00,26.5,,3.3,200,91,4392
102,백령도,2021-08-04 20:00,25.9,0,1.9,230,97,1515
102,백령도,2021-08-04 21:00,26.1,0,3.2,230,96,3350
102,백령도,2021-08-04 22:00,25.8,,3.3,230,94,4725
102,백령도,2021-08-04 23:00,25.4,0,3.6,200,97,1893
102,백령도,2021-08-05 00:00,24.9,0,1.6,200,96,4414
102,백령도,2021-08-05 01:00,25.4,,1.8,200,94,3589
102,백령도,2021-08-05 02:00,24.9,,2.5,200,96,1758
102,백령도,2021-08-05 03:00,25.3,,3.1,200,96,1446
102,백령도,2021-08-05 04:00,24.5,,2.3,200,97,853
102,백령도,2021-08-05 05:00,24.3,,1.5,180,98,543
102,백령도,2021-08-05 06:00,23.7,,1.2,140,99,557
102,백령도,2021-08-05 07:00,23.8,,1.8,110,99,185
102,백령도,2021-08-05 08:00,24.4,,1.3,140,99,347
102,백령도,2021-08-05 09:00,26,,1.8,140,98,883
102,백령도,2021-08-05 10:00,26.8,,2.8,160,93,1584
102,백령도,2021-08-05 11:00,27.1,,4.3,160,90,2181
102,백령도,2021-08-05 12:00,27.1,,2.9,160,92,1802
102,백령도,2021-08-05 13:00,25.4,0,4.8,140,94,935
102,백령도,2021-08-05 14:00,23.4,29.9,.8,230,99,110
102,백령도,2021-08-05 15:00,23.5,4,2.3,90,99,920
102,백령도,2021-08-05 16:00,23.2,7.3,2.5,90,99,994
102,백령도,2021-08-05 17:00,24,0,1.2,50,98,4151
102,백령도,2021-08-05 18:00,23.7,0,1.1,70,98,2439
102,백령도,2021-08-05 19:00,24,,1.9,90,96,2188
102,백령도,2021-08-05 20:00,23.4,,1.3,110,98,1117
102,백령도,2021-08-05 21:00,24.1,,1.8,140,98,1002
102,백령도,2021-08-05 22:00,24.1,,2.4,160,99,548
102,백령도,2021-08-05 23:00,23.4,,1.2,200,99,216
102,백령도,2021-08-06 00:00,24.1,,1.9,200,99,485
102,백령도,2021-08-06 01:00,24.5,,1.6,230,98,1907
102,백령도,2021-08-06 02:00,23.4,,1.3,180,99,476
102,백령도,2021-08-06 03:00,23.8,,.4,0,99,994
102,백령도,2021-08-06 04:00,23.3,,1.3,110,99,559
102,백령도,2021-08-06 05:00,23.4,,.7,90,99,89
102,백령도,2021-08-06 06:00,23.2,,1.3,160,99,301
102,백령도,2021-08-06 07:00,23.4,,.6,140,99,371
102,백령도,2021-08-06 08:00,24.7,,.9,180,99,1063
102,백령도,2021-08-06 09:00,25.3,0,1.5,360,96,2083
102,백령도,2021-08-06 10:00,24.4,,1.8,20,99,60
102,백령도,2021-08-06 11:00,25.1,,1.6,360,94,2217
102,백령도,2021-08-06 12:00,24.5,0,1.6,230,98,1551
102,백령도,2021-08-06 13:00,24.1,0,2,320,98,1493
102,백령도,2021-08-06 14:00,24.5,,1.7,110,94,2281
102,백령도,2021-08-06 15:00,23.4,,3.1,140,97,1705
102,백령도,2021-08-06 16:00,22.9,,4.4,160,96,3016
102,백령도,2021-08-06 17:00,23.4,,5.4,140,93,3770
102,백령도,2021-08-06 18:00,23.5,,2.5,180,90,4282
102,백령도,2021-08-06 19:00,23.5,,.8,250,87,4978
102,백령도,2021-08-06 20:00,23,,.9,340,92,4321
102,백령도,2021-08-06 21:00,21.8,,1.1,90,97,3075
102,백령도,2021-08-06 22:00,21.7,,2.4,90,97,3182
102,백령도,2021-08-06 23:00,21.7,,2.2,90,98,3299
102,백령도,2021-08-07 00:00,21.7,,2.2,90,98,3595
102,백령도,2021-08-07 01:00,21.7,,1.6,90,96,4493
102,백령도,2021-08-07 02:00,21.8,,1.2,110,97,3593
102,백령도,2021-08-07 03:00,21.4,,1.7,70,96,3224
102,백령도,2021-08-07 04:00,21.5,,1.6,50,98,1871
102,백령도,2021-08-07 05:00,21.2,,.8,90,99,1231
102,백령도,2021-08-07 06:00,21.5,,.1,0,99,1201
102,백령도,2021-08-07 07:00,22.4,,.2,0,97,2432
102,백령도,2021-08-07 08:00,24.4,,1.5,340,86,4060
102,백령도,2021-08-07 09:00,25,,1,340,84,4204
102,백령도,2021-08-07 10:00,24.9,,2.2,290,83,4095
102,백령도,2021-08-07 11:00,25.3,,3.6,360,82,3984
102,백령도,2021-08-07 12:00,25.3,,3.5,340,77,4328
102,백령도,2021-08-07 13:00,26.5,,4.4,340,71,4232
102,백령도,2021-08-07 14:00,26.6,,5.1,340,67,4623
102,백령도,2021-08-07 15:00,25.7,,4.2,340,71,4842
102,백령도,2021-08-07 16:00,26.2,,3.3,360,70,4837
102,백령도,2021-08-07 17:00,26.2,,2.5,340,76,4908
102,백령도,2021-08-07 18:00,25.2,,2.8,340,79,4715
102,백령도,2021-08-07 19:00,24,,1.9,340,89,3576
102,백령도,2021-08-07 20:00,22.4,,1.2,340,96,2185
102,백령도,2021-08-07 21:00,22.8,,.9,360,96,2415
102,백령도,2021-08-07 22:00,22.9,,2.4,340,96,2684
102,백령도,2021-08-07 23:00,22.6,,.6,200,97,1782
102,백령도,2021-08-08 00:00,22.6,,2,290,97,2012
102,백령도,2021-08-08 01:00,22.7,,4.2,320,98,1694
102,백령도,2021-08-08 02:00,23,,3.2,320,96,1663
102,백령도,2021-08-08 03:00,22.5,,1.3,340,97,1209
102,백령도,2021-08-08 04:00,22.6,,2,340,97,1106
102,백령도,2021-08-08 05:00,22.6,,1.7,320,98,822
102,백령도,2021-08-08 06:00,22.5,,1.1,290,98,799
102,백령도,2021-08-08 07:00,23.1,,2.2,340,99,759
102,백령도,2021-08-08 08:00,24.3,,2.2,340,97,1200
102,백령도,2021-08-08 09:00,25.7,,1,20,90,1549
102,백령도,2021-08-08 10:00,25.2,,2,290,90,1483
102,백령도,2021-08-08 11:00,25.2,,3,290,90,1362
102,백령도,2021-08-08 12:00,25.8,,2.5,320,90,1358
102,백령도,2021-08-08 13:00,27.6,,2.9,290,78,2479
102,백령도,2021-08-08 14:00,25.4,,3.7,290,84,2103
102,백령도,2021-08-08 15:00,25.9,,4.1,320,85,1762
102,백령도,2021-08-08 16:00,24.2,,5.3,320,90,2021
102,백령도,2021-08-08 17:00,24.5,,4.4,320,90,2101
102,백령도,2021-08-08 18:00,24.4,,3.3,320,90,1771
102,백령도,2021-08-08 19:00,23.3,,3.4,320,90,1496
102,백령도,2021-08-08 20:00,23.6,,3.2,340,89,1357
102,백령도,2021-08-08 21:00,23.2,,1.3,320,94,1200
102,백령도,2021-08-08 22:00,23.8,,2.1,90,92,1281
102,백령도,2021-08-08 23:00,23.3,,1.6,90,92,1860
102,백령도,2021-08-09 00:00,22.9,,1.5,70,93,2160
102,백령도,2021-08-09 01:00,22.8,,1.4,70,92,3797
102,백령도,2021-08-09 02:00,22.7,,1.2,90,93,2560
102,백령도,2021-08-09 03:00,23.2,,2.2,70,89,2817
102,백령도,2021-08-09 04:00,22,,1.9,70,95,2061
102,백령도,2021-08-09 05:00,22.8,,.7,110,92,3271
102,백령도,2021-08-09 06:00,22.3,,.2,0,91,3472
102,백령도,2021-08-09 07:00,23.6,,.8,270,91,3662
102,백령도,2021-08-09 08:00,24.8,,1.9,320,79,4522
102,백령도,2021-08-09 09:00,27.4,,1,20,62,4487
102,백령도,2021-08-09 10:00,28,,1.8,70,51,4919
102,백령도,2021-08-09 11:00,28.3,,1.9,340,51,4945
102,백령도,2021-08-09 12:00,27.9,,2.3,340,55,4951
102,백령도,2021-08-09 13:00,26.7,,3.8,320,60,4799
102,백령도,2021-08-09 14:00,25.8,,2.9,290,67,4602
102,백령도,2021-08-09 15:00,26.2,,3.1,290,65,4766
102,백령도,2021-08-09 16:00,26.3,,3.1,320,59,4679
102,백령도,2021-08-09 17:00,26.2,,2.3,270,60,4588
102,백령도,2021-08-09 18:00,26.4,,1.3,320,60,4355
102,백령도,2021-08-09 19:00,25.5,,1.7,110,70,4464
102,백령도,2021-08-09 20:00,25.4,,2.4,250,65,4658
102,백령도,2021-08-09 21:00,24.2,,1,290,73,4639
102,백령도,2021-08-09 22:00,24.7,,.4,0,66,4806
102,백령도,2021-08-09 23:00,24.1,,.2,0,77,4911
102,백령도,2021-08-10 00:00,24.3,,.3,0,73,4953
102,백령도,2021-08-10 01:00,24.6,,.7,110,80,4680
102,백령도,2021-08-10 02:00,23.3,,1.6,290,93,3619
102,백령도,2021-08-10 03:00,22.9,,1.6,110,89,3520
102,백령도,2021-08-10 04:00,22.9,,.5,200,92,2818
102,백령도,2021-08-10 05:00,22.9,,1,110,91,3102
102,백령도,2021-08-10 06:00,22.9,,1.2,160,87,2822
102,백령도,2021-08-10 07:00,23.3,,2,200,87,1922
102,백령도,2021-08-10 08:00,24.9,,1.4,110,86,3770
102,백령도,2021-08-10 09:00,25.5,,1.7,110,79,3397
102,백령도,2021-08-10 10:00,27.1,,1.1,70,78,3137
102,백령도,2021-08-10 11:00,26.7,,2.8,180,78,2031
102,백령도,2021-08-10 12:00,27,,2.5,200,73,1758
102,백령도,2021-08-10 13:00,28,,2.4,230,71,1349
102,백령도,2021-08-10 14:00,27.6,,1.6,320,72,1377
102,백령도,2021-08-10 15:00,26.2,,2.1,90,82,1007
102,백령도,2021-08-10 16:00,26.2,,1.7,70,81,918
102,백령도,2021-08-10 17:00,27.8,,2,270,69,1410
102,백령도,2021-08-10 18:00,27.1,,2,200,74,1482
102,백령도,2021-08-10 19:00,25.4,,2,200,86,900
102,백령도,2021-08-10 20:00,24.4,,1.4,140,92,645
102,백령도,2021-08-10 21:00,23.6,,1.8,200,95,390
102,백령도,2021-08-10 22:00,23.6,,.6,270,94,664
102,백령도,2021-08-10 23:00,23.3,,2,140,94,870
102,백령도,2021-08-11 00:00,23.5,,.8,180,95,823
102,백령도,2021-08-11 01:00,23.7,,2.8,140,96,708
102,백령도,2021-08-11 02:00,23.2,,1.7,110,97,729
102,백령도,2021-08-11 03:00,22.6,,2.3,110,98,582
102,백령도,2021-08-11 04:00,22.8,,2.7,90,98,563
102,백령도,2021-08-11 05:00,22.7,,2.7,110,98,588
102,백령도,2021-08-11 06:00,22.4,0,2.5,110,98,501
102,백령도,2021-08-11 07:00,20.7,3.6,5.1,360,95,574
102,백령도,2021-08-11 08:00,21.6,.4,2.6,180,94,1307
102,백령도,2021-08-11 09:00,23,,4.1,140,94,1148
102,백령도,2021-08-11 10:00,23.8,,3.9,110,94,1346
102,백령도,2021-08-11 11:00,25.2,,4.2,140,86,2247
102,백령도,2021-08-11 12:00,25.5,,3.5,110,87,2160
102,백령도,2021-08-11 13:00,26.6,,3.4,110,79,2258
102,백령도,2021-08-11 14:00,26.5,,5.1,160,78,1445
102,백령도,2021-08-11 15:00,27.1,,3.7,140,65,2591
102,백령도,2021-08-11 16:00,26.6,,3.7,180,72,1701
102,백령도,2021-08-11 17:00,26.4,,1.8,180,86,1059
102,백령도,2021-08-11 18:00,26.2,,1.1,160,89,899
102,백령도,2021-08-11 19:00,24.6,,.7,160,96,441
102,백령도,2021-08-11 20:00,24.1,,.8,160,98,250
102,백령도,2021-08-11 21:00,23.8,,.7,230,99,91
102,백령도,2021-08-11 22:00,23.3,,1.5,90,99,200
102,백령도,2021-08-11 23:00,22.8,,1,160,99,17
102,백령도,2021-08-12 00:00,23.2,,1.6,90,99,12
102,백령도,2021-08-12 01:00,23,,.8,110,99,290
102,백령도,2021-08-12 02:00,22.7,,1.7,70,99,264
102,백령도,2021-08-12 03:00,22.8,,0,0,99,340
102,백령도,2021-08-12 04:00,22.9,,1.4,110,99,382
102,백령도,2021-08-12 05:00,22.8,,.9,90,99,356
102,백령도,2021-08-12 06:00,22.4,,1.6,70,98,346
102,백령도,2021-08-12 07:00,22.8,,1.4,70,96,588
102,백령도,2021-08-12 08:00,23.7,,.8,50,94,897
102,백령도,2021-08-12 09:00,23.9,,2.1,70,88,1197
102,백령도,2021-08-12 10:00,24.8,,1.7,50,87,1290
102,백령도,2021-08-12 11:00,25.5,,1.4,70,84,1205
102,백령도,2021-08-12 12:00,25.5,,1.9,140,75,1511
102,백령도,2021-08-12 13:00,24.3,,2,340,85,1292
102,백령도,2021-08-12 14:00,24.7,,2.1,290,86,1295
102,백령도,2021-08-12 15:00,24.9,,2.7,340,86,1337
102,백령도,2021-08-12 16:00,23.6,,4.1,320,89,1235
102,백령도,2021-08-12 17:00,22.9,,3,340,91,1206
102,백령도,2021-08-12 18:00,22,,4.4,340,93,1069
102,백령도,2021-08-12 19:00,21.7,,3.8,360,91,1400
102,백령도,2021-08-12 20:00,21.9,,4.6,340,85,1747
102,백령도,2021-08-12 21:00,20.7,,3,320,92,1422
102,백령도,2021-08-12 22:00,20.6,,3.4,340,95,1066
102,백령도,2021-08-12 23:00,20.4,,3.4,320,95,1178
102,백령도,2021-08-13 00:00,21.2,,3.8,340,91,1936
102,백령도,2021-08-13 01:00,21.1,,3.1,340,93,1854
102,백령도,2021-08-13 02:00,21.4,,2.9,340,90,2555
102,백령도,2021-08-13 03:00,20.7,,2.5,340,94,2000
102,백령도,2021-08-13 04:00,20.2,,2.7,340,95,1770
102,백령도,2021-08-13 05:00,20.9,,3,360,94,2130
102,백령도,2021-08-13 06:00,20.8,,3.6,360,95,2110
102,백령도,2021-08-13 07:00,21.2,,3,360,95,1642
102,백령도,2021-08-13 08:00,21.2,,2.8,340,94,1284
102,백령도,2021-08-13 09:00,22.5,,3.7,360,90,1250
102,백령도,2021-08-13 10:00,22.9,,3.2,360,90,1280
102,백령도,2021-08-13 11:00,22.3,,2.4,320,90,1234
102,백령도,2021-08-13 12:00,23.2,,2.4,320,89,1479
102,백령도,2021-08-13 13:00,23.1,,2.8,320,90,1558
102,백령도,2021-08-13 14:00,24.1,,3.5,320,83,1813
102,백령도,2021-08-13 15:00,24.5,,3.3,340,76,2196
102,백령도,2021-08-13 16:00,23.8,,3.2,320,84,1909
102,백령도,2021-08-13 17:00,23.6,,3.9,340,77,2742
102,백령도,2021-08-13 18:00,22.8,,2.6,320,84,2221
102,백령도,2021-08-13 19:00,21.7,,2.9,320,93,969
102,백령도,2021-08-13 20:00,21.3,,2.9,320,95,606
102,백령도,2021-08-13 21:00,21.1,,1.3,290,97,439
102,백령도,2021-08-13 22:00,20.9,,1.8,290,97,465
102,백령도,2021-08-13 23:00,20.8,,1.7,290,97,563
102,백령도,2021-08-14 00:00,20.7,,1.7,290,98,544
102,백령도,2021-08-14 01:00,21.3,,.8,360,97,639
102,백령도,2021-08-14 02:00,22.9,,2.2,20,91,994
102,백령도,2021-08-14 03:00,22.3,,1.9,50,93,878
102,백령도,2021-08-14 04:00,22.3,,1.7,70,95,795
102,백령도,2021-08-14 05:00,22,,1.5,20,96,846
102,백령도,2021-08-14 06:00,22.3,,.8,70,93,959
102,백령도,2021-08-14 07:00,22.6,,1.6,70,93,920
102,백령도,2021-08-14 08:00,22.8,,1.4,70,94,793
102,백령도,2021-08-14 09:00,22.8,,2.2,90,92,1100
102,백령도,2021-08-14 10:00,23.7,,3.2,90,78,2385
102,백령도,2021-08-14 11:00,24.6,,4.9,70,68,2325
102,백령도,2021-08-14 12:00,26.5,,4.4,90,61,3359
102,백령도,2021-08-14 13:00,26.8,,2.3,110,57,3438
102,백령도,2021-08-14 14:00,27.2,,2.8,140,53,3977
102,백령도,2021-08-14 15:00,27.5,,3,140,53,4220
102,백령도,2021-08-14 16:00,26.9,,2.4,270,56,3830
102,백령도,2021-08-14 17:00,25.1,,2.8,290,65,3075
102,백령도,2021-08-14 18:00,25.1,,2.1,320,65,3065
102,백령도,2021-08-14 19:00,23.8,,1.7,320,73,3310
102,백령도,2021-08-14 20:00,22.6,,1.2,290,84,2699
102,백령도,2021-08-14 21:00,22.5,,1.1,320,84,3015
102,백령도,2021-08-14 22:00,22.2,,1.5,290,86,3051
102,백령도,2021-08-14 23:00,23,,1.1,110,81,3017
102,백령도,2021-08-15 00:00,23,,2.4,140,73,3475
102,백령도,2021-08-15 01:00,22,,2.2,90,81,3686
102,백령도,2021-08-15 02:00,21.5,,1.2,110,92,2390
102,백령도,2021-08-15 03:00,21.8,,2.6,110,93,2512
102,백령도,2021-08-15 04:00,21.1,,1.9,90,93,2722
102,백령도,2021-08-15 05:00,20.9,,2.5,110,93,2750
102,백령도,2021-08-15 06:00,20.7,,2.5,90,93,2893
102,백령도,2021-08-15 07:00,21.3,,2.7,90,90,3092
102,백령도,2021-08-15 08:00,22.5,,2.9,110,80,3466
102,백령도,2021-08-15 09:00,23.2,,3.2,110,74,3326
102,백령도,2021-08-15 10:00,24.9,,3.3,140,61,3042
102,백령도,2021-08-15 11:00,25.2,,5.1,110,61,3364
102,백령도,2021-08-15 12:00,25.2,,5.4,140,63,3309
102,백령도,2021-08-15 13:00,26,,4.4,140,65,3429
102,백령도,2021-08-15 14:00,26.3,,4.1,140,60,3680
102,백령도,2021-08-15 15:00,26.4,,4.1,160,57,3997
102,백령도,2021-08-15 16:00,25.7,,4.4,160,56,3689
102,백령도,2021-08-15 17:00,25.4,,3.8,180,64,3431
102,백령도,2021-08-15 18:00,25,,3.5,180,66,3604
102,백령도,2021-08-15 19:00,24,,2.2,200,75,3188
102,백령도,2021-08-15 20:00,22,,.4,0,90,2654
102,백령도,2021-08-15 21:00,21.9,,1.3,70,91,2479
102,백령도,2021-08-15 22:00,22.4,,.4,0,83,3162
102,백령도,2021-08-15 23:00,21.3,,.5,70,85,2630
102,백령도,2021-08-16 00:00,22.2,,0,0,78,3167
102,백령도,2021-08-16 01:00,22.1,,.7,140,78,3280
102,백령도,2021-08-16 02:00,22.9,,1.2,110,68,2742
102,백령도,2021-08-16 03:00,21.7,,1.6,90,81,2034
102,백령도,2021-08-16 04:00,20.9,,1.8,90,89,1747
102,백령도,2021-08-16 05:00,21,,1.6,110,94,1383
102,백령도,2021-08-16 06:00,21.1,,1.5,110,96,1287
102,백령도,2021-08-16 07:00,22,,2.4,110,96,1225
102,백령도,2021-08-16 08:00,23.2,,2.9,110,84,2235
102,백령도,2021-08-16 09:00,23.7,,3.5,110,82,2336
102,백령도,2021-08-16 10:00,24.5,,4.1,110,79,1984
102,백령도,2021-08-16 11:00,25.7,,3.7,110,77,2101
102,백령도,2021-08-16 12:00,25.7,,4.7,140,77,2924
102,백령도,2021-08-16 13:00,26.4,,4.3,160,73,3467
102,백령도,2021-08-16 14:00,25.6,,5.1,180,75,2934
102,백령도,2021-08-16 15:00,25.8,,4.3,180,76,2608
102,백령도,2021-08-16 16:00,26,,4.3,180,75,2342
102,백령도,2021-08-16 17:00,25.5,,2.7,140,79,2290
102,백령도,2021-08-16 18:00,25.1,,2.4,200,82,1960
102,백령도,2021-08-16 19:00,24.6,,1.1,200,87,1945
102,백령도,2021-08-16 20:00,22.2,,1.7,90,96,852
102,백령도,2021-08-16 21:00,22.3,,.3,0,96,993
102,백령도,2021-08-16 22:00,21.7,,.8,340,97,939
102,백령도,2021-08-16 23:00,22.1,,.4,0,98,814
102,백령도,2021-08-17 00:00,22,,.1,0,98,716
102,백령도,2021-08-17 01:00,22.2,,2,90,95,1180
102,백령도,2021-08-17 02:00,21.6,,1.8,90,97,822
102,백령도,2021-08-17 03:00,21.8,,1.5,90,97,858
102,백령도,2021-08-17 04:00,21.8,,1.9,90,95,1515
102,백령도,2021-08-17 05:00,21.6,,1.6,110,96,1334
102,백령도,2021-08-17 06:00,21.9,,2.2,110,96,1367
102,백령도,2021-08-17 07:00,22.1,,1.8,110,92,1626
102,백령도,2021-08-17 08:00,23.1,,2.8,110,93,1661
102,백령도,2021-08-17 09:00,24.5,,3.1,90,84,2042
102,백령도,2021-08-17 10:00,24.7,,1.3,90,77,2118
102,백령도,2021-08-17 11:00,23.9,,3.1,180,75,1880
102,백령도,2021-08-17 12:00,23.5,,3.1,200,78,1919
102,백령도,2021-08-17 13:00,24,,2,340,83,1984
102,백령도,2021-08-17 14:00,25,,1.9,50,79,1705
102,백령도,2021-08-17 15:00,24.2,,2.7,340,79,1893
102,백령도,2021-08-17 16:00,23.5,,2.8,340,75,2793
102,백령도,2021-08-17 17:00,24,,1.9,290,79,2680
102,백령도,2021-08-17 18:00,23.2,,3.5,320,79,2603
102,백령도,2021-08-17 19:00,23.1,,3.6,340,68,3730
102,백령도,2021-08-17 20:00,22.1,,3.5,340,77,4179
102,백령도,2021-08-17 21:00,22,,2.2,340,87,2349
102,백령도,2021-08-17 22:00,21.6,,1.8,20,92,1976
102,백령도,2021-08-17 23:00,22.1,,4.9,110,89,2208
102,백령도,2021-08-18 00:00,20.8,,3.5,110,92,2677
102,백령도,2021-08-18 01:00,20.8,,3.5,110,95,2629
102,백령도,2021-08-18 02:00,21,,3.5,110,94,3340
102,백령도,2021-08-18 03:00,21.2,,2.2,110,94,3758
102,백령도,2021-08-18 04:00,21.1,,2.1,90,94,3703
102,백령도,2021-08-18 05:00,20.9,0,2.2,90,96,3115
102,백령도,2021-08-18 06:00,20.8,,1.9,90,95,3077
102,백령도,2021-08-18 07:00,22,,3.1,90,87,3773
102,백령도,2021-08-18 08:00,22.3,,2.8,90,82,3376
102,백령도,2021-08-18 09:00,23.1,,2.9,90,78,3563
102,백령도,2021-08-18 10:00,23.7,,4.1,90,69,3357
102,백령도,2021-08-18 11:00,24.9,,3.8,110,65,3485
102,백령도,2021-08-18 12:00,25.6,,6.4,140,55,3573
102,백령도,2021-08-18 13:00,25.7,,5.2,140,57,3889
102,백령도,2021-08-18 14:00,26.5,,3.7,140,54,4373
102,백령도,2021-08-18 15:00,26.6,,2.4,90,48,4952
102,백령도,2021-08-18 16:00,26.8,,2.7,140,50,4698
102,백령도,2021-08-18 17:00,25.6,,3.7,340,55,3750
102,백령도,2021-08-18 18:00,24.8,,3.9,360,58,3542
102,백령도,2021-08-18 19:00,23.7,,3.2,360,68,2979
102,백령도,2021-08-18 20:00,22.5,,2.1,320,82,2153
102,백령도,2021-08-18 21:00,21.6,,1.3,320,89,1917
102,백령도,2021-08-18 22:00,21.6,,1.8,360,90,1882
102,백령도,2021-08-18 23:00,23.1,,1,90,82,2621
102,백령도,2021-08-19 00:00,22.3,,1.2,110,89,2388
102,백령도,2021-08-19 01:00,22.4,,2.6,110,84,3320
102,백령도,2021-08-19 02:00,22.2,,2.9,110,78,4148
102,백령도,2021-08-19 03:00,22,,3.1,110,73,3902
102,백령도,2021-08-19 04:00,21.7,,3.6,110,71,3887
102,백령도,2021-08-19 05:00,21.5,,3,110,76,3731
102,백령도,2021-08-19 06:00,21.5,,3.5,110,68,4162
102,백령도,2021-08-19 07:00,21.8,,3.8,110,64,3883
102,백령도,2021-08-19 08:00,22.6,,5.3,110,60,3615
102,백령도,2021-08-19 09:00,23.3,,4.6,90,63,3362
102,백령도,2021-08-19 10:00,23.9,,4.8,90,62,3199
102,백령도,2021-08-19 11:00,25.3,,5,110,50,2911
102,백령도,2021-08-19 12:00,25.9,,5.5,140,46,3614
102,백령도,2021-08-19 13:00,26,,5.8,140,45,3379
102,백령도,2021-08-19 14:00,26.1,,4.9,160,52,3436
102,백령도,2021-08-19 15:00,25.7,,4.4,160,52,3437
102,백령도,2021-08-19 16:00,25.9,,4,180,54,3361
102,백령도,2021-08-19 17:00,25.1,,5,180,55,3445
102,백령도,2021-08-19 18:00,24.8,,4.1,160,62,3108
102,백령도,2021-08-19 19:00,24.1,,3.1,180,67,2597
102,백령도,2021-08-19 20:00,23.5,,3.1,160,74,2353
102,백령도,2021-08-19 21:00,22.6,,1.7,110,87,2035
102,백령도,2021-08-19 22:00,22.8,,3.1,110,81,2053
102,백령도,2021-08-19 23:00,22.6,,2.2,160,80,2189
102,백령도,2021-08-20 00:00,22.6,,2.6,160,78,2280
102,백령도,2021-08-20 01:00,22.3,,2.6,160,90,1516
102,백령도,2021-08-20 02:00,21.9,,2.2,110,92,1462
102,백령도,2021-08-20 03:00,21.9,,3.2,110,91,1555
102,백령도,2021-08-20 04:00,22.6,,4.5,140,92,1853
102,백령도,2021-08-20 05:00,22.9,,4.3,140,92,1878
102,백령도,2021-08-20 06:00,22.6,,4.1,110,93,1928
102,백령도,2021-08-20 07:00,22.9,,4.8,110,94,2030
102,백령도,2021-08-20 08:00,23.7,,5.5,140,91,2715
102,백령도,2021-08-20 09:00,24.2,0,6.7,140,80,3287
102,백령도,2021-08-20 10:00,23.8,0,6.1,140,86,2219
102,백령도,2021-08-20 11:00,24.6,,5.5,140,87,1905
102,백령도,2021-08-20 12:00,24.6,,5.1,140,87,2042
102,백령도,2021-08-20 13:00,24.6,,4.8,140,81,2631
102,백령도,2021-08-20 14:00,22.3,4.8,7.9,180,94,320
102,백령도,2021-08-20 15:00,22.2,2.6,9,160,95,661
102,백령도,2021-08-20 16:00,22.3,.3,5.3,160,95,1011
102,백령도,2021-08-20 17:00,22.5,.3,5.9,160,95,1030
102,백령도,2021-08-20 18:00,22.2,.9,3.8,160,96,709
102,백령도,2021-08-20 19:00,22.2,1.1,5.4,140,98,705
102,백령도,2021-08-20 20:00,22,1.2,3.8,140,99,796
102,백령도,2021-08-20 21:00,21.8,1.3,3.9,140,98,417
102,백령도,2021-08-20 22:00,21.7,.9,3.6,160,99,468
102,백령도,2021-08-20 23:00,21.8,3.8,3.6,140,99,574
102,백령도,2021-08-21 00:00,21.8,29.4,3.1,140,99,101
102,백령도,2021-08-21 01:00,22,4.2,3.6,90,99,1204
102,백령도,2021-08-21 02:00,23.6,2.5,7.5,140,99,583
102,백령도,2021-08-21 03:00,23.4,3.8,7.5,140,98,377
102,백령도,2021-08-21 04:00,23.2,6,8.1,140,98,634
102,백령도,2021-08-21 05:00,22.9,8,7,140,98,109
102,백령도,2021-08-21 06:00,21,32.7,5.1,180,97,356
102,백령도,2021-08-21 07:00,21.2,12.2,7.6,160,99,161
102,백령도,2021-08-21 08:00,21.5,9.3,4.9,140,99,317
102,백령도,2021-08-21 09:00,21.6,2.1,5.5,110,98,1170
102,백령도,2021-08-21 10:00,21.6,.3,6.1,70,99,1061
102,백령도,2021-08-21 11:00,23.1,0,3.9,140,98,1486
102,백령도,2021-08-21 12:00,23.7,,2.8,200,93,2615
102,백령도,2021-08-21 13:00,21.1,,10,340,98,1718
102,백령도,2021-08-21 14:00,22.1,,8.1,340,97,4744
102,백령도,2021-08-21 15:00,22.7,,4.2,320,94,3343
102,백령도,2021-08-21 16:00,23.1,,5.1,320,93,3216
102,백령도,2021-08-21 17:00,22.3,,6,320,95,1948
102,백령도,2021-08-21 18:00,22.4,,5.5,320,94,2123
102,백령도,2021-08-21 19:00,21.8,,4.5,320,96,2002
102,백령도,2021-08-21 20:00,21.5,,3.3,290,98,1610
102,백령도,2021-08-21 21:00,21.4,,2.8,320,98,1484
102,백령도,2021-08-21 22:00,21,,.8,270,99,917
102,백령도,2021-08-21 23:00,21.3,,1.7,270,99,1701
102,백령도,2021-08-22 00:00,22.1,,2.1,270,98,2795
102,백령도,2021-08-22 01:00,23,,1.8,270,97,1731
102,백령도,2021-08-22 02:00,23.2,,2.1,270,95,1038
102,백령도,2021-08-22 03:00,23.3,,2.2,250,94,966
102,백령도,2021-08-22 04:00,23.2,,1.7,270,92,1259
102,백령도,2021-08-22 05:00,22.6,,2.6,290,91,1372
102,백령도,2021-08-22 06:00,22.6,,2.4,270,90,1701
102,백령도,2021-08-22 07:00,23.2,,4,290,90,1359
102,백령도,2021-08-22 08:00,23.4,,3.1,290,91,1163
102,백령도,2021-08-22 09:00,24,,2.6,320,90,1144
102,백령도,2021-08-22 10:00,24.6,,3.1,320,88,1195
102,백령도,2021-08-22 11:00,25.7,,3.4,320,86,1326
102,백령도,2021-08-22 12:00,26.6,,2,360,59,2587
102,백령도,2021-08-22 13:00,27.1,,.9,340,51,3103
102,백령도,2021-08-22 14:00,26.2,,3.9,200,67,2030
102,백령도,2021-08-22 15:00,26,,4.5,200,64,2014
102,백령도,2021-08-22 16:00,25.4,,2.7,200,80,1774
102,백령도,2021-08-22 17:00,25.8,,3.5,230,72,1988
102,백령도,2021-08-22 18:00,25.4,,2.9,230,77,1596
102,백령도,2021-08-22 19:00,24,,2.4,200,86,1104
102,백령도,2021-08-22 20:00,23,,2.1,180,92,600
102,백령도,2021-08-22 21:00,23.3,,2.4,160,89,985
102,백령도,2021-08-22 22:00,23.5,,3.7,160,92,929
102,백령도,2021-08-22 23:00,23.5,,4,160,93,705
102,백령도,2021-08-23 00:00,23.2,,2.3,160,92,883
102,백령도,2021-08-23 01:00,22.8,,1.5,140,97,374
102,백령도,2021-08-23 02:00,22.8,,1.8,140,99,203
102,백령도,2021-08-23 03:00,22.4,,2.2,90,99,187
102,백령도,2021-08-23 04:00,22.4,,2.4,90,99,255
102,백령도,2021-08-23 05:00,22.3,,1.5,110,99,262
102,백령도,2021-08-23 06:00,22.7,,3.7,110,98,414
102,백령도,2021-08-23 07:00,22.7,,4.7,140,98,352
102,백령도,2021-08-23 08:00,23.1,,4.7,110,98,430
102,백령도,2021-08-23 09:00,23.3,,3.7,110,97,522
102,백령도,2021-08-23 10:00,23.6,,5.4,140,97,467
102,백령도,2021-08-23 11:00,24.3,,3.8,140,94,708
102,백령도,2021-08-23 12:00,24.3,,6.5,140,93,852
102,백령도,2021-08-23 13:00,23.8,,5.9,140,95,685
102,백령도,2021-08-23 14:00,23.5,,5.4,140,94,1978
102,백령도,2021-08-23 15:00,23,,6,140,91,2524
102,백령도,2021-08-23 16:00,22.8,,7.4,160,93,2727
102,백령도,2021-08-23 17:00,22.5,,8,140,91,2756
102,백령도,2021-08-23 18:00,22.2,0,6.5,140,94,2122
102,백령도,2021-08-23 19:00,22,0,6.6,140,93,2685
102,백령도,2021-08-23 20:00,21.6,.1,4.8,140,93,2469
102,백령도,2021-08-23 21:00,21.7,0,4.1,110,94,2499
102,백령도,2021-08-23 22:00,21.5,.6,4,110,97,1128
102,백령도,2021-08-23 23:00,21.5,1.4,5.8,140,98,745
102,백령도,2021-08-24 00:00,21.5,1,4.9,110,98,793
102,백령도,2021-08-24 01:00,21.4,1.4,5.2,110,98,1306
102,백령도,2021-08-24 02:00,20.9,.6,5,90,98,1421
102,백령도,2021-08-24 03:00,20.7,1.2,4.7,70,97,644
102,백령도,2021-08-24 04:00,20.6,2.9,4.6,90,98,661
102,백령도,2021-08-24 05:00,20.7,3.7,5.3,90,99,205
102,백령도,2021-08-24 06:00,20.8,25.5,5.8,90,99,49
102,백령도,2021-08-24 07:00,21,14.6,7.2,90,99,380
102,백령도,2021-08-24 08:00,20.9,1.2,5.8,90,99,568
102,백령도,2021-08-24 09:00,20.9,1.1,6.3,90,99,711
102,백령도,2021-08-24 10:00,21.3,.6,6.4,90,99,434
102,백령도,2021-08-24 11:00,22,1.2,4.9,90,99,1554
102,백령도,2021-08-24 12:00,22.6,0,4.7,90,99,1802
102,백령도,2021-08-24 13:00,23.3,,.8,70,97,2062
102,백령도,2021-08-24 14:00,24.7,,3.6,90,93,2918
102,백령도,2021-08-24 15:00,24.3,,.7,110,96,1535
102,백령도,2021-08-24 16:00,22,,5.4,320,98,3443
102,백령도,2021-08-24 17:00,22.7,,4.7,290,95,4048
102,백령도,2021-08-24 18:00,23,,4.7,290,94,4853
102,백령도,2021-08-24 19:00,22.5,,3.2,270,96,4165
102,백령도,2021-08-24 20:00,22.4,,1.4,290,96,3226
102,백령도,2021-08-24 21:00,22.9,,1.8,250,97,3084
102,백령도,2021-08-24 22:00,23.8,,2.9,250,94,2874
102,백령도,2021-08-24 23:00,23.9,,2.7,250,92,3305
102,백령도,2021-08-25 00:00,23.7,,2.6,230,94,2715
102,백령도,2021-08-25 01:00,22.8,,2.1,250,93,3935
102,백령도,2021-08-25 02:00,22.6,,2.1,250,95,3175
102,백령도,2021-08-25 03:00,22.2,,1.1,200,96,2593
102,백령도,2021-08-25 04:00,21.9,,1.3,160,98,2479
102,백령도,2021-08-25 05:00,21.8,,.7,160,99,1246
102,백령도,2021-08-25 06:00,21.3,,1.4,110,99,2000
102,백령도,2021-08-25 07:00,21.6,,1.3,110,99,2000
102,백령도,2021-08-25 08:00,23.2,,1.8,140,99,1589
102,백령도,2021-08-25 09:00,24.3,,2.2,110,93,2286
102,백령도,2021-08-25 10:00,24.6,,3.3,140,92,3106
102,백령도,2021-08-25 11:00,25.6,,3.5,140,85,3729
102,백령도,2021-08-25 12:00,25.7,,4.1,140,84,3165
102,백령도,2021-08-25 13:00,26.5,,3.8,140,82,3207
102,백령도,2021-08-25 14:00,26.3,,4.1,180,79,2407
102,백령도,2021-08-25 15:00,26.2,,5.3,160,87,1146
102,백령도,2021-08-25 16:00,26.2,,3.8,160,90,972
102,백령도,2021-08-25 17:00,25.6,,3.6,180,86,1214
102,백령도,2021-08-25 18:00,24.7,,3.4,180,91,1246
102,백령도,2021-08-25 19:00,24.2,,4,180,93,828
102,백령도,2021-08-25 20:00,24.2,,4.7,160,95,735
102,백령도,2021-08-25 21:00,23.6,,2,180,96,515
102,백령도,2021-08-25 22:00,24,,1.4,200,95,499
102,백령도,2021-08-25 23:00,23.7,,2.6,180,96,279
102,백령도,2021-08-26 00:00,23.6,,2.3,180,97,215
102,백령도,2021-08-26 01:00,24.1,,3.3,200,96,330
102,백령도,2021-08-26 02:00,24.1,,3,200,95,336
102,백령도,2021-08-26 03:00,24.3,,2.7,200,96,339
102,백령도,2021-08-26 04:00,23.9,,2,180,97,255
102,백령도,2021-08-26 05:00,23.8,0,2.4,180,97,197
102,백령도,2021-08-26 06:00,24.4,7.3,5.2,180,98,140
102,백령도,2021-08-26 07:00,24,5.5,1,270,98,346
102,백령도,2021-08-26 08:00,24.3,0,.4,0,98,272
102,백령도,2021-08-26 09:00,25.1,,.9,360,96,347
102,백령도,2021-08-26 10:00,25.8,,.6,290,89,623
102,백령도,2021-08-26 11:00,26.1,,2.9,230,87,716
102,백령도,2021-08-26 12:00,26.8,,2.7,270,77,1049
102,백령도,2021-08-26 13:00,27.7,,3.2,250,54,1998
102,백령도,2021-08-26 14:00,28,,3.8,270,49,1510
102,백령도,2021-08-26 15:00,26.5,,3.5,290,66,1259
102,백령도,2021-08-26 16:00,27,,2.9,250,71,1176
102,백령도,2021-08-26 17:00,25.9,,2.7,250,73,1321
102,백령도,2021-08-26 18:00,25.4,,2.1,250,78,1198
102,백령도,2021-08-26 19:00,24.9,,2.2,230,63,2557
102,백령도,2021-08-26 20:00,23.5,,2.5,180,85,1340
102,백령도,2021-08-26 21:00,24.2,,3.6,200,83,1501
102,백령도,2021-08-26 22:00,24.3,,2.7,200,83,1311
102,백령도,2021-08-26 23:00,24.6,,3.2,200,85,1211
102,백령도,2021-08-27 00:00,25.1,,4.8,230,65,3544
102,백령도,2021-08-27 01:00,25.1,,4.9,230,64,3711
102,백령도,2021-08-27 02:00,24.5,0,4.8,270,65,3534
102,백령도,2021-08-27 03:00,25,0,5.1,270,56,3467
102,백령도,2021-08-27 04:00,23.6,0,2.1,200,65,3013
102,백령도,2021-08-27 05:00,22.9,0,2.9,290,78,2307
102,백령도,2021-08-27 06:00,22.3,0,.6,320,80,2809
102,백령도,2021-08-27 07:00,21.5,0,1,270,89,2817
102,백령도,2021-08-27 08:00,22.1,0,1,200,86,1912
102,백령도,2021-08-27 09:00,22.4,.1,1.2,140,89,1912
102,백령도,2021-08-27 10:00,22.4,0,2,180,90,2476
102,백령도,2021-08-27 11:00,22.8,0,3.8,160,84,2489
102,백령도,2021-08-27 12:00,22.8,0,4.2,160,80,2418
102,백령도,2021-08-27 13:00,22.7,0,3.6,180,82,2420
102,백령도,2021-08-27 14:00,22.9,0,2.7,200,76,4468
102,백령도,2021-08-27 15:00,23.3,0,1.9,230,75,4764
102,백령도,2021-08-27 16:00,23.6,0,2.2,230,75,4491
102,백령도,2021-08-27 17:00,24,,2.5,230,66,4996
102,백령도,2021-08-27 18:00,23.6,,2.9,230,68,5000
102,백령도,2021-08-27 19:00,23,,2.7,250,76,4995
102,백령도,2021-08-27 20:00,22.6,,2.4,250,78,4969
102,백령도,2021-08-27 21:00,22.5,,2.8,250,79,4969
102,백령도,2021-08-27 22:00,22.6,,2.9,250,86,3630
102,백령도,2021-08-27 23:00,22.6,,2.9,250,89,2118
102,백령도,2021-08-28 00:00,22.8,,2.7,250,87,1786
102,백령도,2021-08-28 01:00,22.7,,2.7,250,89,1754
102,백령도,2021-08-28 02:00,22.5,,1.7,270,91,1459
102,백령도,2021-08-28 03:00,22.5,,1.9,230,92,1500
102,백령도,2021-08-28 04:00,22.5,,1.7,250,92,1374
102,백령도,2021-08-28 05:00,22.8,,2.3,250,92,1311
102,백령도,2021-08-28 06:00,22.7,,2.3,250,92,1172
102,백령도,2021-08-28 07:00,22.8,,2.5,250,91,1036
102,백령도,2021-08-28 08:00,23.5,,2.1,250,90,1192
102,백령도,2021-08-28 09:00,24.8,,3.4,250,78,1735
102,백령도,2021-08-28 10:00,24.8,,3.5,270,71,2389
102,백령도,2021-08-28 11:00,25.3,,4.3,320,69,2163
102,백령도,2021-08-28 12:00,24.9,,3.5,320,69,2211
102,백령도,2021-08-28 13:00,25.3,,3.7,290,68,2120
102,백령도,2021-08-28 14:00,26.6,,3.7,320,66,2361
102,백령도,2021-08-28 15:00,26.3,,2.5,270,60,2526
102,백령도,2021-08-28 16:00,25.3,,3.1,270,66,2291
102,백령도,2021-08-28 17:00,25.1,,2.4,250,66,2302
102,백령도,2021-08-28 18:00,24.9,,1.8,250,69,2255
102,백령도,2021-08-28 19:00,23.9,,1.5,230,80,1723
102,백령도,2021-08-28 20:00,22.6,,1,250,88,1289
102,백령도,2021-08-28 21:00,21.9,,1.2,250,92,1133
102,백령도,2021-08-28 22:00,22.1,,1.6,270,90,1110
102,백령도,2021-08-28 23:00,23,,2,250,85,1500
102,백령도,2021-08-29 00:00,23.1,,2.4,250,86,1699
102,백령도,2021-08-29 01:00,22.5,0,.9,270,90,1656
102,백령도,2021-08-29 02:00,22.5,,.8,320,90,1730
102,백령도,2021-08-29 03:00,22.4,0,2.5,290,92,2319
102,백령도,2021-08-29 04:00,22.3,0,1.6,250,91,2762
102,백령도,2021-08-29 05:00,21.8,.1,1.8,290,93,2093
102,백령도,2021-08-29 06:00,22.2,0,2.1,270,92,2479
102,백령도,2021-08-29 07:00,22.2,0,1.8,270,92,1968
102,백령도,2021-08-29 08:00,22.6,0,1.9,270,91,3241
102,백령도,2021-08-29 09:00,22.2,.3,2.3,270,92,1736
102,백령도,2021-08-29 10:00,22.9,.2,2.5,270,90,3473
102,백령도,2021-08-29 11:00,23.6,,4.1,250,82,4368
102,백령도,2021-08-29 12:00,23.7,0,3.5,270,82,4154
102,백령도,2021-08-29 13:00,23.3,0,3.8,290,86,2363
102,백령도,2021-08-29 14:00,24.1,0,3.8,290,80,3209
102,백령도,2021-08-29 15:00,23.3,0,3.9,290,85,2626
102,백령도,2021-08-29 16:00,23.6,0,4.1,320,88,2246
102,백령도,2021-08-29 17:00,23.5,,4.3,320,89,2081
102,백령도,2021-08-29 18:00,23.3,,2.9,290,90,1549
102,백령도,2021-08-29 19:00,22.8,,3,290,93,1440
102,백령도,2021-08-29 20:00,22.3,,2.2,290,95,978
102,백령도,2021-08-29 21:00,22.5,,2.1,270,95,771
102,백령도,2021-08-29 22:00,22.5,,1.7,270,94,734
102,백령도,2021-08-29 23:00,22.3,,1.9,320,94,719
102,백령도,2021-08-30 00:00,22.3,,2.2,270,96,543
102,백령도,2021-08-30 01:00,22.6,,1.5,270,93,829
102,백령도,2021-08-30 02:00,22,,2,290,95,701
102,백령도,2021-08-30 03:00,22.2,,2.1,270,96,605
102,백령도,2021-08-30 04:00,22.2,,1.5,290,97,436
102,백령도,2021-08-30 05:00,22.2,,1.5,270,98,397
102,백령도,2021-08-30 06:00,22.5,,.9,290,98,347
102,백령도,2021-08-30 07:00,22.4,,1.5,270,98,282
102,백령도,2021-08-30 08:00,23,.1,1.5,320,98,368
102,백령도,2021-08-30 09:00,23.4,0,2,340,95,561
102,백령도,2021-08-30 10:00,23.9,0,.9,320,92,749
102,백령도,2021-08-30 11:00,25.1,0,1,320,89,1039
102,백령도,2021-08-30 12:00,24.7,,1.6,20,86,1200
102,백령도,2021-08-30 13:00,26.6,,.8,70,81,1203
102,백령도,2021-08-30 14:00,25.5,,1,140,81,1359
102,백령도,2021-08-30 15:00,25.7,,2.3,180,73,1460
102,백령도,2021-08-30 16:00,25.1,,1.8,360,65,2586
102,백령도,2021-08-30 17:00,24.8,,2.1,230,77,1675
102,백령도,2021-08-30 18:00,24.6,,1.2,320,69,2142
102,백령도,2021-08-30 19:00,23.4,,.6,250,82,1599
102,백령도,2021-08-30 20:00,22,,0,0,92,990
102,백령도,2021-08-30 21:00,21.8,,1.1,200,93,737
102,백령도,2021-08-30 22:00,21.5,,1,270,97,592
102,백령도,2021-08-30 23:00,21.2,,.5,250,95,772
102,백령도,2021-08-31 00:00,21.5,,1.2,340,93,932
102,백령도,2021-08-31 01:00,20.2,,1.8,340,98,131
102,백령도,2021-08-31 02:00,20.3,,1.1,320,99,13
102,백령도,2021-08-31 03:00,20.7,,1.3,50,99,194
102,백령도,2021-08-31 04:00,21,,1.9,70,99,613
102,백령도,2021-08-31 05:00,20.9,0,2.2,70,99,847
102,백령도,2021-08-31 06:00,21,.1,.8,180,99,183
102,백령도,2021-08-31 07:00,21.2,.1,.8,110,97,505
102,백령도,2021-08-31 08:00,21.4,.1,1.2,110,97,645
102,백령도,2021-08-31 09:00,21.6,0,.2,0,93,1250
102,백령도,2021-08-31 10:00,21.4,0,1.4,290,95,1852
102,백령도,2021-08-31 11:00,20,.4,3.3,200,91,2439
102,백령도,2021-08-31 12:00,19.9,.4,3.4,180,94,1304
102,백령도,2021-08-31 13:00,19.4,.2,3,160,96,1047
102,백령도,2021-08-31 14:00,19.6,2.6,2.4,160,97,784
102,백령도,2021-08-31 15:00,19.5,2.1,2,110,98,609
102,백령도,2021-08-31 16:00,19,.6,4.1,110,95,878
102,백령도,2021-08-31 17:00,18.7,1.4,6.1,110,92,671
102,백령도,2021-08-31 18:00,18.2,1.7,3.9,70,96,321
102,백령도,2021-08-31 19:00,18.5,1.4,4.7,70,98,559
102,백령도,2021-08-31 20:00,18.8,.4,4.5,70,98,584
102,백령도,2021-08-31 21:00,18.6,3.1,2.7,50,99,221
102,백령도,2021-08-31 22:00,18.5,1.8,2.8,50,99,1302
102,백령도,2021-08-31 23:00,18.9,0,4.3,50,96,2670
102,백령도,2021-09-01 00:00,18.9,,3.6,50,92,3685
102,백령도,2021-09-01 01:00,19.2,,3.9,50,90,4422
102,백령도,2021-09-01 02:00,19.2,,3.3,50,89,4383
102,백령도,2021-09-01 03:00,19.2,,3.1,360,89,4790
102,백령도,2021-09-01 04:00,19.6,,3.5,360,87,3376
102,백령도,2021-09-01 05:00,19.7,,1.9,360,87,3098
102,백령도,2021-09-01 06:00,20.1,,3.5,360,83,3920
102,백령도,2021-09-01 07:00,20.5,,4.4,360,82,4056
102,백령도,2021-09-01 08:00,20.9,,4,360,80,3813
102,백령도,2021-09-01 09:00,21.5,,2.8,340,74,3785
102,백령도,2021-09-01 10:00,22.6,,3.1,360,68,4751
102,백령도,2021-09-01 11:00,22.2,,2.6,340,72,4634
102,백령도,2021-09-01 12:00,23.9,,3.7,360,61,4507
102,백령도,2021-09-01 13:00,23.6,,4.7,340,67,4422
102,백령도,2021-09-01 14:00,24,,4.6,340,64,4664
102,백령도,2021-09-01 15:00,24.5,,3.5,340,62,4952
102,백령도,2021-09-01 16:00,23.8,,4.5,340,66,4921
102,백령도,2021-09-01 17:00,23.8,,3.8,340,73,4417
102,백령도,2021-09-01 18:00,23.6,,3.8,340,72,4831
102,백령도,2021-09-01 19:00,22.5,,4.3,340,79,4404
102,백령도,2021-09-01 20:00,22.2,,3.2,340,83,4216
102,백령도,2021-09-01 21:00,21.7,,2.6,340,90,3350
102,백령도,2021-09-01 22:00,21.3,,2.6,360,91,3295
102,백령도,2021-09-01 23:00,20.6,,1.6,320,94,2846
102,백령도,2021-09-02 00:00,20.6,,.7,340,94,2579
102,백령도,2021-09-02 01:00,21,,1.6,90,93,2958
102,백령도,2021-09-02 02:00,21,,2.4,110,87,4988
102,백령도,2021-09-02 03:00,20.9,,1.6,110,91,4989
102,백령도,2021-09-02 04:00,20.6,,1.8,90,93,4936
102,백령도,2021-09-02 05:00,20.5,,2.2,90,93,2459
102,백령도,2021-09-02 06:00,20.2,,2.4,90,93,4947
102,백령도,2021-09-02 07:00,20.7,,2.1,90,87,5000
102,백령도,2021-09-02 08:00,21.6,,2.6,90,82,4984
102,백령도,2021-09-02 09:00,22.2,,2.5,110,81,4993
102,백령도,2021-09-02 10:00,23.5,,2.8,110,71,4566
102,백령도,2021-09-02 11:00,23.3,,3.7,140,65,4912
102,백령도,2021-09-02 12:00,24.9,,3.4,160,59,4999
102,백령도,2021-09-02 13:00,24.3,,3.5,140,60,4979
102,백령도,2021-09-02 14:00,24.3,,3.2,180,65,4958
102,백령도,2021-09-02 15:00,24.6,,2.8,160,63,5000
102,백령도,2021-09-02 16:00,24.6,,3,180,62,5000
102,백령도,2021-09-02 17:00,23.5,,2.5,180,66,5000
102,백령도,2021-09-02 18:00,23.9,,.8,230,62,4999
102,백령도,2021-09-02 19:00,22.5,,.9,320,82,5000
102,백령도,2021-09-02 20:00,21.3,,1.7,360,92,4884
102,백령도,2021-09-02 21:00,20.6,,1.2,360,94,4444
102,백령도,2021-09-02 22:00,20.5,,.9,360,95,3737
102,백령도,2021-09-02 23:00,20.5,,.8,270,97,2999
102,백령도,2021-09-03 00:00,19.7,,1.2,340,96,1685
102,백령도,2021-09-03 01:00,19.8,,1.6,320,98,2115
102,백령도,2021-09-03 02:00,20.5,,1.6,340,97,3915
102,백령도,2021-09-03 03:00,20,,1.8,360,96,4116
102,백령도,2021-09-03 04:00,20.9,,1.9,360,94,4396
102,백령도,2021-09-03 05:00,21.6,,1.8,20,88,4988
102,백령도,2021-09-03 06:00,21,,2.5,50,92,4309
102,백령도,2021-09-03 07:00,21.4,,2,70,92,4426
102,백령도,2021-09-03 08:00,22.2,,2.8,90,89,3754
102,백령도,2021-09-03 09:00,23.4,,3.4,90,86,3153
102,백령도,2021-09-03 10:00,23.5,,3.7,90,81,1237
102,백령도,2021-09-03 11:00,24,,5,140,73,2936
102,백령도,2021-09-03 12:00,24.4,,4.4,140,73,3199
102,백령도,2021-09-03 13:00,24.8,,3.6,180,69,3350
102,백령도,2021-09-03 14:00,25,,3.9,180,62,4445
102,백령도,2021-09-03 15:00,24.9,,4.2,180,64,4649
102,백령도,2021-09-03 16:00,25.1,,2.4,180,58,4748
102,백령도,2021-09-03 17:00,25.1,,1,50,63,4521
102,백령도,2021-09-03 18:00,23.9,,2.2,360,76,4301
102,백령도,2021-09-03 19:00,22.1,,1.1,360,91,2899
102,백령도,2021-09-03 20:00,21.6,,1.7,320,94,2145
102,백령도,2021-09-03 21:00,21.3,,1.8,340,96,1242
102,백령도,2021-09-03 22:00,21.3,,2.2,360,96,873
102,백령도,2021-09-03 23:00,21.5,,2.1,360,96,1006
102,백령도,2021-09-04 00:00,21.2,,2.4,70,97,1200
102,백령도,2021-09-04 01:00,21,,1.7,70,95,1275
102,백령도,2021-09-04 02:00,21.5,,2,110,97,1047
102,백령도,2021-09-04 03:00,21.2,,2.9,110,84,3173
102,백령도,2021-09-04 04:00,20.6,,3.1,110,74,4883
102,백령도,2021-09-04 05:00,20.6,,4.6,110,61,4999
102,백령도,2021-09-04 06:00,20.4,,3.8,110,63,5000
102,백령도,2021-09-04 07:00,20.7,,4.2,90,68,4990
102,백령도,2021-09-04 08:00,21.5,,4.1,90,66,4928
102,백령도,2021-09-04 09:00,21.6,,4.5,110,60,4778
102,백령도,2021-09-04 10:00,22.9,,4.5,110,53,4747
102,백령도,2021-09-04 11:00,23.7,,2.7,110,57,4939
102,백령도,2021-09-04 12:00,23.8,,5.4,140,53,4771
102,백령도,2021-09-04 13:00,24.3,,4.7,160,55,4950
102,백령도,2021-09-04 14:00,24.7,,3.7,160,59,4975
102,백령도,2021-09-04 15:00,24.3,,3.9,140,56,4997
102,백령도,2021-09-04 16:00,24.4,,3,160,58,4992
102,백령도,2021-09-04 17:00,23.5,,2,160,62,5000
102,백령도,2021-09-04 18:00,23.5,,1.7,110,61,5000
102,백령도,2021-09-04 19:00,21.8,,1,90,78,4927
102,백령도,2021-09-04 20:00,20.5,,.8,50,84,4662
102,백령도,2021-09-04 21:00,21.5,,2.3,20,84,4993
102,백령도,2021-09-04 22:00,21.7,,.8,90,81,5000
102,백령도,2021-09-04 23:00,21.1,,1,110,87,4986
102,백령도,2021-09-05 00:00,21.2,,2.9,90,91,4175
102,백령도,2021-09-05 01:00,21.2,,3.1,90,86,4027
102,백령도,2021-09-05 02:00,21.4,,4.7,110,61,5000
102,백령도,2021-09-05 03:00,21.1,,4.8,110,56,5000
102,백령도,2021-09-05 04:00,21,,5.2,110,52,5000
102,백령도,2021-09-05 05:00,20.8,,5.2,110,51,5000
102,백령도,2021-09-05 06:00,20.9,,5.6,110,49,4999
102,백령도,2021-09-05 07:00,20.7,,5.1,110,54,5000
102,백령도,2021-09-05 08:00,20.9,,5.3,90,61,4952
102,백령도,2021-09-05 09:00,21.2,0,4.6,90,62,4880
102,백령도,2021-09-05 10:00,22,0,4.7,110,58,4681
102,백령도,2021-09-05 11:00,23.1,,3.8,110,59,4975
102,백령도,2021-09-05 12:00,22.8,,3.7,140,60,4977
102,백령도,2021-09-05 13:00,23.6,,4.1,110,57,4930
102,백령도,2021-09-05 14:00,23.6,,3.9,110,60,4988
102,백령도,2021-09-05 15:00,24,,6.2,110,58,4992
102,백령도,2021-09-05 16:00,24.2,,4.2,140,60,4995
102,백령도,2021-09-05 17:00,24.3,,4.4,110,61,4991
102,백령도,2021-09-05 18:00,23.8,,3.5,110,62,5000
102,백령도,2021-09-05 19:00,23.5,,3.7,110,62,4810
102,백령도,2021-09-05 20:00,23.2,0,2.9,140,73,5000
102,백령도,2021-09-05 21:00,22.3,0,2.9,160,86,4031
102,백령도,2021-09-05 22:00,22.4,,1.3,140,83,4948
102,백령도,2021-09-05 23:00,22.4,,3.2,110,72,2009
102,백령도,2021-09-06 00:00,22,,3,110,68,3058
102,백령도,2021-09-06 01:00,21.6,,3.8,90,71,3166
102,백령도,2021-09-06 02:00,21.7,,5.2,110,59,2985
102,백령도,2021-09-06 03:00,21.6,,5.1,110,62,2309
102,백령도,2021-09-06 04:00,21.6,,5.2,110,61,4589
102,백령도,2021-09-06 05:00,21.7,0,6,110,57,4382
102,백령도,2021-09-06 06:00,21.7,0,6.8,110,58,3903
102,백령도,2021-09-06 07:00,21.5,0,7,110,57,3860
102,백령도,2021-09-06 08:00,21.3,0,7,110,55,3939
102,백령도,2021-09-06 09:00,20.4,0,6.8,110,66,1900
102,백령도,2021-09-06 10:00,20.8,.2,7.5,110,64,2498
102,백령도,2021-09-06 11:00,22,0,8.1,110,59,3788
102,백령도,2021-09-06 12:00,22.2,0,7.5,110,62,3560
102,백령도,2021-09-06 13:00,20.9,0,6.6,110,75,1344
102,백령도,2021-09-06 14:00,19.9,1.8,7,140,92,770
102,백령도,2021-09-06 15:00,19.2,8.7,7.7,110,97,270
102,백령도,2021-09-06 16:00,19.2,2.2,8,110,96,433
102,백령도,2021-09-06 17:00,19.6,3.5,7.9,110,97,414
102,백령도,2021-09-06 18:00,19.7,2.4,9.5,110,96,684
102,백령도,2021-09-06 19:00,19.5,1.4,10.5,110,97,355
102,백령도,2021-09-06 20:00,19.7,9,10.7,110,98,437
102,백령도,2021-09-06 21:00,19.6,.6,11.7,110,97,1130
102,백령도,2021-09-06 22:00,18.6,0,12,110,95,1203
102,백령도,2021-09-06 23:00,18.8,0,11.6,110,96,923
102,백령도,2021-09-07 00:00,18.9,1.7,11.1,110,98,552
102,백령도,2021-09-07 01:00,19,3.1,9.9,110,98,520
102,백령도,2021-09-07 02:00,19.8,3.1,7.6,110,99,356
102,백령도,2021-09-07 03:00,20.1,9.1,7.2,140,99,276
102,백령도,2021-09-07 04:00,20.6,10.6,7.5,140,99,162
102,백령도,2021-09-07 05:00,21.6,3.5,3.3,140,99,859
102,백령도,2021-09-07 06:00,22.9,.3,3.8,250,99,1652
102,백령도,2021-09-07 07:00,22.5,.1,4,230,97,1071
102,백령도,2021-09-07 08:00,22.3,.3,1.4,250,98,1400
102,백령도,2021-09-07 09:00,19.7,0,3.7,360,98,1200
102,백령도,2021-09-07 10:00,19.1,0,3.3,360,97,4978
102,백령도,2021-09-07 11:00,20.2,.3,3.9,360,97,4967
102,백령도,2021-09-07 12:00,21,,5.4,340,91,5000
102,백령도,2021-09-07 13:00,20.7,,8.4,340,89,4998
102,백령도,2021-09-07 14:00,21.1,,9.6,340,85,4993
102,백령도,2021-09-07 15:00,20.6,,7.9,340,86,4959
102,백령도,2021-09-07 16:00,20.5,,8.5,340,85,4948
102,백령도,2021-09-07 17:00,19.9,,9.2,340,89,4367
102,백령도,2021-09-07 18:00,19.9,,7.3,340,91,3727
102,백령도,2021-09-07 19:00,20.1,,6.5,360,89,5000
102,백령도,2021-09-07 20:00,20.1,,5.2,360,89,4999
102,백령도,2021-09-07 21:00,20.3,,5.2,360,87,5000
102,백령도,2021-09-07 22:00,20.5,,4.6,340,84,5000
102,백령도,2021-09-07 23:00,20.1,,3.2,320,91,5000
102,백령도,2021-09-08 00:00,20.6,,4.9,320,83,5000
102,백령도,2021-09-08 01:00,20.5,,3.3,320,86,4756
102,백령도,2021-09-08 02:00,20.7,,3.6,340,89,5000
102,백령도,2021-09-08 03:00,20.4,,3.8,320,88,5000
102,백령도,2021-09-08 04:00,20.3,,3.7,340,91,5000
102,백령도,2021-09-08 05:00,20.2,,3.8,340,91,5000
102,백령도,2021-09-08 06:00,20,,2.7,340,91,5000
102,백령도,2021-09-08 07:00,20.5,,3.7,340,90,4985
102,백령도,2021-09-08 08:00,21.2,,2,360,88,5000
102,백령도,2021-09-08 09:00,21.9,,2.5,360,81,5000
102,백령도,2021-09-08 10:00,22.1,,3.1,290,73,5000
102,백령도,2021-09-08 11:00,22.8,,2.8,320,69,4975
102,백령도,2021-09-08 12:00,23.3,,3.5,290,59,4930
102,백령도,2021-09-08 13:00,23.2,,3.6,320,64,3834
102,백령도,2021-09-08 14:00,23.3,,3.5,290,70,4213
102,백령도,2021-09-08 15:00,23.7,,3.9,320,71,3472
102,백령도,2021-09-08 16:00,23.1,,3.8,320,67,3884
102,백령도,2021-09-08 17:00,22.9,,3,320,67,4383
102,백령도,2021-09-08 18:00,22.3,,2.3,320,73,4591
102,백령도,2021-09-08 19:00,20.7,,.9,270,89,3028
102,백령도,2021-09-08 20:00,19.6,,1.7,270,93,2225
102,백령도,2021-09-08 21:00,19.2,,1.4,270,91,2557
102,백령도,2021-09-08 22:00,19.8,,.9,290,92,2987
102,백령도,2021-09-08 23:00,20.5,,1.5,250,91,3911
102,백령도,2021-09-09 00:00,19.8,,1,180,92,2830
102,백령도,2021-09-09 01:00,19.3,,1.4,180,94,1973
102,백령도,2021-09-09 02:00,19.8,,1.4,90,93,2298
102,백령도,2021-09-09 03:00,19.5,,1.5,90,96,1028
102,백령도,2021-09-09 04:00,19.5,,2.1,90,98,1100
102,백령도,2021-09-09 05:00,19.6,,2.2,110,99,445
102,백령도,2021-09-09 06:00,19.6,,1.9,140,99,524
102,백령도,2021-09-09 07:00,20.2,,1.8,110,99,1200
102,백령도,2021-09-09 08:00,21.4,,2.5,140,98,1012
102,백령도,2021-09-09 09:00,22.2,,4.3,160,92,1886
102,백령도,2021-09-09 10:00,23,,4.7,180,84,3961
102,백령도,2021-09-09 11:00,23.4,,4.8,180,79,4031
102,백령도,2021-09-09 12:00,23.5,,5.3,180,77,3506
102,백령도,2021-09-09 13:00,24.3,,4.6,180,73,4583
102,백령도,2021-09-09 14:00,24.2,,5.1,160,71,4528
102,백령도,2021-09-09 15:00,24.3,,4.4,180,67,4898
102,백령도,2021-09-09 16:00,23.7,,3.5,160,70,4568
102,백령도,2021-09-09 17:00,23.2,,3,160,72,3928
102,백령도,2021-09-09 18:00,22.9,,2.6,160,77,3960
102,백령도,2021-09-09 19:00,21.8,,2.6,140,87,2471
102,백령도,2021-09-09 20:00,21.5,,2,160,91,2003
102,백령도,2021-09-09 21:00,21.6,,2.3,140,91,2094
102,백령도,2021-09-09 22:00,21.6,,3.6,160,90,1848
102,백령도,2021-09-09 23:00,21.1,,2.9,160,91,1256
102,백령도,2021-09-10 00:00,21.2,,2.8,180,89,1745
102,백령도,2021-09-10 01:00,20.8,,.3,0,93,1620
102,백령도,2021-09-10 02:00,21,,1.1,160,89,2092
102,백령도,2021-09-10 03:00,21,,1.3,180,93,1025
102,백령도,2021-09-10 04:00,20.4,,1.8,160,94,1080
102,백령도,2021-09-10 05:00,20.6,,2.1,160,95,811
102,백령도,2021-09-10 06:00,20.7,,2.3,160,94,1043
102,백령도,2021-09-10 07:00,21.1,,1.8,160,96,1095
102,백령도,2021-09-10 08:00,22.3,,2.3,140,91,1798
102,백령도,2021-09-10 09:00,22.8,,3.3,140,91,1837
102,백령도,2021-09-10 10:00,23.5,,4.2,110,91,1373
102,백령도,2021-09-10 11:00,23.5,,3.1,140,87,2080
102,백령도,2021-09-10 12:00,24.5,,3.9,180,80,1463
102,백령도,2021-09-10 13:00,24.6,,7,180,76,3151
102,백령도,2021-09-10 14:00,25.1,,3.7,180,61,4087
102,백령도,2021-09-10 15:00,24.7,,3.5,180,69,4162
102,백령도,2021-09-10 16:00,23.9,,3.6,200,73,3715
102,백령도,2021-09-10 17:00,24,,2.8,200,75,3594
102,백령도,2021-09-10 18:00,23.4,,1.6,200,80,2781
102,백령도,2021-09-10 19:00,21.7,,1,160,92,988
102,백령도,2021-09-10 20:00,21.7,,2.3,180,93,990
102,백령도,2021-09-10 21:00,21.3,,1,200,95,597
102,백령도,2021-09-10 22:00,21.3,,1.1,180,96,412
102,백령도,2021-09-10 23:00,20.8,,1.3,180,97,500
102,백령도,2021-09-11 00:00,21.1,,.7,140,98,523
102,백령도,2021-09-11 01:00,21.1,,.1,0,97,1060
102,백령도,2021-09-11 02:00,21.1,,.7,140,98,820
102,백령도,2021-09-11 03:00,20.7,,.9,140,98,510
102,백령도,2021-09-11 04:00,20.4,,1.5,160,99,510
102,백령도,2021-09-11 05:00,20.9,,1.7,160,99,256
102,백령도,2021-09-11 06:00,21.4,,2.5,140,99,536
102,백령도,2021-09-11 07:00,21.5,,2.9,140,98,718
102,백령도,2021-09-11 08:00,22.3,,3.3,140,98,1115
102,백령도,2021-09-11 09:00,22.9,,6.1,160,90,2423
102,백령도,2021-09-11 10:00,23.4,,5.1,160,84,2937
102,백령도,2021-09-11 11:00,24.6,,3.9,160,78,2967
102,백령도,2021-09-11 12:00,24.8,,5.2,160,73,3840
102,백령도,2021-09-11 13:00,25.2,,4.8,180,61,4978
102,백령도,2021-09-11 14:00,25.4,,3.4,180,70,4769
102,백령도,2021-09-11 15:00,25.1,,3.2,180,71,4944
102,백령도,2021-09-11 16:00,25.3,,3.7,180,72,4971
102,백령도,2021-09-11 17:00,24.3,,4.5,180,77,4698
102,백령도,2021-09-11 18:00,23.1,,1.7,180,89,4229
102,백령도,2021-09-11 19:00,22.7,,3.5,140,96,1866
102,백령도,2021-09-11 20:00,22.9,,4,140,95,2996
102,백령도,2021-09-11 21:00,22.8,,5,160,93,3682
102,백령도,2021-09-11 22:00,22.4,,4.4,160,94,3008
102,백령도,2021-09-11 23:00,22.6,,5.9,160,95,2710
102,백령도,2021-09-12 00:00,22.4,,3,160,91,2110
102,백령도,2021-09-12 01:00,22,,2.2,180,93,2105
102,백령도,2021-09-12 02:00,22.3,0,2.2,230,93,3920
102,백령도,2021-09-12 03:00,22.5,,3,250,95,3406
102,백령도,2021-09-12 04:00,21.6,,1.1,50,98,1067
102,백령도,2021-09-12 05:00,22.2,,.5,270,97,1201
102,백령도,2021-09-12 06:00,21.3,,1.9,90,97,1669
102,백령도,2021-09-12 07:00,20.8,,2.3,70,97,1921
102,백령도,2021-09-12 08:00,21.4,,2.1,90,95,2553
102,백령도,2021-09-12 09:00,22.6,,3.2,90,86,3407
102,백령도,2021-09-12 10:00,22.5,,2.4,90,85,3078
102,백령도,2021-09-12 11:00,24.2,,2.1,90,75,2916
102,백령도,2021-09-12 12:00,24.4,,2.5,70,68,3619
102,백령도,2021-09-12 13:00,24.6,,2.3,340,65,3868
102,백령도,2021-09-12 14:00,24.2,,4,360,70,3760
102,백령도,2021-09-12 15:00,23.4,,4.8,340,72,2944
102,백령도,2021-09-12 16:00,23,,4.5,340,72,3074
102,백령도,2021-09-12 17:00,22.6,,4.6,340,69,3642
102,백령도,2021-09-12 18:00,22,,3.6,340,73,3137
102,백령도,2021-09-12 19:00,20.7,,3.9,340,76,4335
102,백령도,2021-09-12 20:00,20,,2.7,340,86,4117
102,백령도,2021-09-12 21:00,19.3,,.8,270,86,4554
102,백령도,2021-09-12 22:00,19,,1.5,290,87,4614
102,백령도,2021-09-12 23:00,19.7,,.5,270,91,4278
102,백령도,2021-09-13 00:00,19,,1.5,90,91,2961
102,백령도,2021-09-13 01:00,19.3,,1.5,110,91,2381
102,백령도,2021-09-13 02:00,19.1,,1.6,90,94,1895
102,백령도,2021-09-13 03:00,19.1,,2,90,93,2025
102,백령도,2021-09-13 04:00,19.3,,2.4,90,92,2972
102,백령도,2021-09-13 05:00,19,,1.8,90,90,3420
102,백령도,2021-09-13 06:00,19,,1.9,90,93,2471
102,백령도,2021-09-13 07:00,19.6,,1.6,110,89,2259
102,백령도,2021-09-13 08:00,21.2,,2,110,82,3082
102,백령도,2021-09-13 09:00,22.2,,2.5,90,83,2850
102,백령도,2021-09-13 10:00,22.8,,3.3,110,69,2489
102,백령도,2021-09-13 11:00,23.5,,3.1,90,68,2756
102,백령도,2021-09-13 12:00,24.9,,2.5,140,67,2204
102,백령도,2021-09-13 13:00,25.3,,3.4,160,63,2333
102,백령도,2021-09-13 14:00,25.5,,3.6,140,63,2095
102,백령도,2021-09-13 15:00,24.7,,4,180,69,1827
102,백령도,2021-09-13 16:00,25.2,,1.7,160,65,2073
102,백령도,2021-09-13 17:00,24.3,,2.1,340,73,1770
102,백령도,2021-09-13 18:00,22.7,,2.6,340,77,2651
102,백령도,2021-09-13 19:00,21.8,,3.1,340,75,2753
102,백령도,2021-09-13 20:00,20.8,,2.2,320,80,2931
102,백령도,2021-09-13 21:00,20.7,,3.1,320,83,2489
102,백령도,2021-09-13 22:00,20.8,,2.4,340,85,2500
102,백령도,2021-09-13 23:00,21.4,,3,340,76,2863
102,백령도,2021-09-14 00:00,21.9,,2.1,20,71,3259
102,백령도,2021-09-14 01:00,21.9,,1.8,20,73,3095
102,백령도,2021-09-14 02:00,21.2,,2.1,50,82,2502
102,백령도,2021-09-14 03:00,21.3,,2.8,70,84,2396
102,백령도,2021-09-14 04:00,21.3,,2.3,70,84,2289
102,백령도,2021-09-14 05:00,21.3,,1.8,20,85,1933
102,백령도,2021-09-14 06:00,21,,2.1,70,85,1723
102,백령도,2021-09-14 07:00,21,,1.8,90,90,1442
102,백령도,2021-09-14 08:00,22.8,,1.3,70,77,1959
102,백령도,2021-09-14 09:00,23.5,,1.9,70,74,1684
102,백령도,2021-09-14 10:00,24.3,,2.5,70,71,1769
102,백령도,2021-09-14 11:00,25.1,,2,70,64,1937
102,백령도,2021-09-14 12:00,25,,2.5,340,63,2145
102,백령도,2021-09-14 13:00,25.4,,3.8,360,63,2460
102,백령도,2021-09-14 14:00,25.6,,4.3,340,63,2466
102,백령도,2021-09-14 15:00,25.1,,4.7,360,66,2278
102,백령도,2021-09-14 16:00,24.6,,4.3,340,69,2125
102,백령도,2021-09-14 17:00,24.1,,4.7,340,69,1722
102,백령도,2021-09-14 18:00,23.3,,4.1,340,75,1946
102,백령도,2021-09-14 19:00,22.5,,3.6,290,83,2039
102,백령도,2021-09-14 20:00,22,,3.2,290,88,2126
102,백령도,2021-09-14 21:00,22,,2,320,85,2378
102,백령도,2021-09-14 22:00,22.4,,3,320,78,2814
102,백령도,2021-09-14 23:00,22.7,,2.4,320,70,3007
102,백령도,2021-09-15 00:00,21.7,,1,90,82,2311
102,백령도,2021-09-15 01:00,21.9,,1,70,84,2225
102,백령도,2021-09-15 02:00,21.4,,2.5,90,90,1699
102,백령도,2021-09-15 03:00,21.4,,4,90,79,2854
102,백령도,2021-09-15 04:00,20.8,,3.8,90,81,2909
102,백령도,2021-09-15 05:00,20.3,,3.7,90,78,3450
102,백령도,2021-09-15 06:00,20.3,,3.3,110,74,3957
102,백령도,2021-09-15 07:00,20.5,,3.8,110,66,4780
102,백령도,2021-09-15 08:00,21.6,,3.9,90,66,4483
102,백령도,2021-09-15 09:00,22.5,,4.2,90,59,3849
102,백령도,2021-09-15 10:00,23.4,,3.4,90,53,4680
102,백령도,2021-09-15 11:00,24,,4.1,90,57,4626
102,백령도,2021-09-15 12:00,25,,3.4,90,51,4802
102,백령도,2021-09-15 13:00,25.1,,2.7,70,47,4826
102,백령도,2021-09-15 14:00,25.6,,1.5,110,42,4924
102,백령도,2021-09-15 15:00,24.5,,4.3,340,56,4963
102,백령도,2021-09-15 16:00,24.4,,2.8,320,58,4870
102,백령도,2021-09-15 17:00,24.3,,4,340,52,4533
102,백령도,2021-09-15 18:00,23.2,,2.9,340,68,3630
102,백령도,2021-09-15 19:00,21.8,,3.4,320,82,2643
102,백령도,2021-09-15 20:00,21.1,,1.2,360,91,1852
102,백령도,2021-09-15 21:00,22.2,,4.2,90,65,4689
102,백령도,2021-09-15 22:00,21.4,,3.7,90,71,4596
102,백령도,2021-09-15 23:00,20.9,,3.6,90,70,4909
102,백령도,2021-09-16 00:00,20.9,,3.8,90,60,5000
102,백령도,2021-09-16 01:00,21.1,,4.7,110,53,4993
102,백령도,2021-09-16 02:00,20.7,,5,110,54,4986
102,백령도,2021-09-16 03:00,20.4,,4.4,110,56,4997
102,백령도,2021-09-16 04:00,20.3,,3.9,110,59,5000
102,백령도,2021-09-16 05:00,19.7,,3.6,90,66,5000
102,백령도,2021-09-16 06:00,19.6,,3.6,90,65,5000
102,백령도,2021-09-16 07:00,19.9,,3.9,90,64,4997
102,백령도,2021-09-16 08:00,20.8,,3.3,90,58,4904
102,백령도,2021-09-16 09:00,21.8,,3.4,90,54,4727
102,백령도,2021-09-16 10:00,22.6,,3.7,90,52,4477
102,백령도,2021-09-16 11:00,22.8,,3.5,90,49,4968
102,백령도,2021-09-16 12:00,23.7,,2.5,70,50,4920
102,백령도,2021-09-16 13:00,23.7,,2.1,110,46,4949
102,백령도,2021-09-16 14:00,24.6,,1.6,110,44,4968
102,백령도,2021-09-16 15:00,23.3,,4.1,340,53,4987
102,백령도,2021-09-16 16:00,22.7,,2.9,340,60,4999
102,백령도,2021-09-16 17:00,22.1,,6.1,340,62,5000
102,백령도,2021-09-16 18:00,22.1,,4.7,340,60,4999
102,백령도,2021-09-16 19:00,21.3,,5.1,360,72,4991
102,백령도,2021-09-16 20:00,21.4,,4,340,74,4732
102,백령도,2021-09-16 21:00,21.2,,2.5,360,76,3877
102,백령도,2021-09-16 22:00,21.2,,2.4,340,67,4269
102,백령도,2021-09-16 23:00,21.3,,1.8,340,67,4612
102,백령도,2021-09-17 00:00,20.9,,2.1,50,67,4500
102,백령도,2021-09-17 01:00,20.9,,1.2,360,65,4560
102,백령도,2021-09-17 02:00,21.2,,2.2,340,69,4867
102,백령도,2021-09-17 03:00,20.7,,1.4,340,74,4915
102,백령도,2021-09-17 04:00,20.6,,3.1,70,82,4613
102,백령도,2021-09-17 05:00,20.4,,1.5,70,78,4274
102,백령도,2021-09-17 06:00,20.2,,1.8,20,75,4182
102,백령도,2021-09-17 07:00,20.2,,3,50,70,4244
102,백령도,2021-09-17 08:00,21.6,,3.3,50,65,4807
102,백령도,2021-09-17 09:00,22.2,,2.4,50,59,4836
102,백령도,2021-09-17 10:00,21.2,,4,50,68,4126
102,백령도,2021-09-17 11:00,23.7,,3.7,70,57,4547
102,백령도,2021-09-17 12:00,23.7,,2.5,70,51,4756
102,백령도,2021-09-17 13:00,23.7,,3.1,340,52,4848
102,백령도,2021-09-17 14:00,22.4,,8.1,340,65,3612
102,백령도,2021-09-17 15:00,23.2,,5.7,360,60,4446
102,백령도,2021-09-17 16:00,23,,5.4,360,60,3523
102,백령도,2021-09-17 17:00,22.7,,4.9,360,68,3116
102,백령도,2021-09-17 18:00,22.3,,3.3,340,66,3682
102,백령도,2021-09-17 19:00,21.5,,2.4,340,69,3567
102,백령도,2021-09-17 20:00,21.3,,2.1,340,75,3902
102,백령도,2021-09-17 21:00,21.2,,2.6,340,81,3397
102,백령도,2021-09-17 22:00,21,,2.1,340,86,3125
102,백령도,2021-09-17 23:00,20.6,,2.8,360,92,2552
102,백령도,2021-09-18 00:00,20.8,,1.8,360,89,3021
102,백령도,2021-09-18 01:00,20.4,,1.6,70,84,2988
102,백령도,2021-09-18 02:00,20.3,,2.3,90,90,2083
102,백령도,2021-09-18 03:00,20.7,,2.1,110,88,2464
102,백령도,2021-09-18 04:00,20.3,,2.1,110,86,2902
102,백령도,2021-09-18 05:00,20.2,,1.6,110,86,3366
102,백령도,2021-09-18 06:00,20.1,,1.7,110,88,3476
102,백령도,2021-09-18 07:00,20.2,,2,90,88,3226
102,백령도,2021-09-18 08:00,21.7,,1.9,110,80,4114
102,백령도,2021-09-18 09:00,22.6,,2.2,90,73,4483
102,백령도,2021-09-18 10:00,23.5,,2.4,90,59,4521
102,백령도,2021-09-18 11:00,23.7,,2.5,140,54,4962
102,백령도,2021-09-18 12:00,24.7,,3.1,140,46,4978
102,백령도,2021-09-18 13:00,24.5,,2.4,180,45,4999
102,백령도,2021-09-18 14:00,24.2,,3,320,54,4973
102,백령도,2021-09-18 15:00,24.2,,2.8,320,51,5000
102,백령도,2021-09-18 16:00,24.1,,3.7,320,55,5000
102,백령도,2021-09-18 17:00,23.1,,3.5,320,67,5000
102,백령도,2021-09-18 18:00,21.8,,2.8,320,83,4989
102,백령도,2021-09-18 19:00,21.4,,3.3,340,78,4995
102,백령도,2021-09-18 20:00,21,,2,340,78,5000
102,백령도,2021-09-18 21:00,20.5,,1.2,290,81,4998
102,백령도,2021-09-18 22:00,20.2,,1,320,84,4947
102,백령도,2021-09-18 23:00,20.4,,1.1,320,81,4989
102,백령도,2021-09-19 00:00,20.7,,.5,290,78,5000
102,백령도,2021-09-19 01:00,21,,.8,50,70,5000
102,백령도,2021-09-19 02:00,21,,1.4,110,74,5000
102,백령도,2021-09-19 03:00,20.9,,1.2,90,82,4979
102,백령도,2021-09-19 04:00,20.7,,1.5,70,89,4492
102,백령도,2021-09-19 05:00,20.6,,.6,50,89,4665
102,백령도,2021-09-19 06:00,20.5,,1.2,140,89,3951
102,백령도,2021-09-19 07:00,21,,1.3,110,87,3637
102,백령도,2021-09-19 08:00,21.4,,1.3,90,87,3282
102,백령도,2021-09-19 09:00,22,0,2,140,83,3373
102,백령도,2021-09-19 10:00,22.3,0,1.9,140,85,3644
102,백령도,2021-09-19 11:00,22.4,0,2.1,90,83,2758
102,백령도,2021-09-19 12:00,22.6,0,1.7,90,80,2907
102,백령도,2021-09-19 13:00,22.5,0,2.5,90,78,2659
102,백령도,2021-09-19 14:00,22.6,,2.3,90,81,3036
102,백령도,2021-09-19 15:00,22.4,,1.9,110,87,2537
102,백령도,2021-09-19 16:00,22.9,,2.1,110,87,1954
102,백령도,2021-09-19 17:00,22.8,,2.2,110,88,1364
102,백령도,2021-09-19 18:00,22.4,0,1.8,140,89,2677
102,백령도,2021-09-19 19:00,21.9,0,1.3,140,90,2572
102,백령도,2021-09-19 20:00,22,,1.4,140,90,2529
102,백령도,2021-09-19 21:00,21.9,,1.7,140,93,2261
102,백령도,2021-09-19 22:00,21.9,,2.1,110,96,1067
102,백령도,2021-09-19 23:00,21.4,,1.6,90,97,502
102,백령도,2021-09-20 00:00,21.5,,1.7,110,98,527
102,백령도,2021-09-20 01:00,21.1,,2.5,110,97,699
102,백령도,2021-09-20 02:00,20.8,,2.7,110,95,1083
102,백령도,2021-09-20 03:00,21.3,,4.6,140,82,3769
102,백령도,2021-09-20 04:00,20.9,,3.7,140,79,4373
102,백령도,2021-09-20 05:00,20.9,,3.6,110,82,4199
102,백령도,2021-09-20 06:00,20.5,,4.2,110,84,4243
102,백령도,2021-09-20 07:00,20.9,,5.3,140,90,3269
102,백령도,2021-09-20 08:00,21.9,,5.6,140,88,2608
102,백령도,2021-09-20 09:00,22.4,,5.4,110,85,2813
102,백령도,2021-09-20 10:00,22.6,,6.2,140,89,1964
102,백령도,2021-09-20 11:00,23,,6.9,140,91,1523
102,백령도,2021-09-20 12:00,23.5,,7.1,140,86,2230
102,백령도,2021-09-20 13:00,23.3,,7.8,140,76,3073
102,백령도,2021-09-20 14:00,22.7,,9,140,77,2549
102,백령도,2021-09-20 15:00,22.7,,10.1,140,71,3583
102,백령도,2021-09-20 16:00,22.8,,8.8,140,71,3205
102,백령도,2021-09-20 17:00,22.7,,8.8,140,78,2981
102,백령도,2021-09-20 18:00,22,0,8.5,140,85,1284
102,백령도,2021-09-20 19:00,20.7,6,8.7,140,93,239
102,백령도,2021-09-20 20:00,20.9,3.5,10.2,140,92,459
102,백령도,2021-09-20 21:00,20.8,10.9,11.2,140,97,306
102,백령도,2021-09-20 22:00,21.4,4.8,10.6,140,99,228
102,백령도,2021-09-20 23:00,21.7,5.4,9.3,140,98,208
102,백령도,2021-09-21 00:00,21.1,11.5,3,200,98,378
102,백령도,2021-09-21 01:00,22.3,,5.9,230,86,2089
102,백령도,2021-09-21 02:00,22.2,,4.9,230,85,2469
102,백령도,2021-09-21 03:00,21.9,,5.1,200,88,2080
102,백령도,2021-09-21 04:00,20.5,.4,5.2,230,85,3629
102,백령도,2021-09-21 05:00,21,,4.4,230,74,4692
102,백령도,2021-09-21 06:00,20.6,,4,250,79,4624
102,백령도,2021-09-21 07:00,20.9,,4.8,250,79,3746
102,백령도,2021-09-21 08:00,21.2,,4.5,250,78,3551
102,백령도,2021-09-21 09:00,21.9,,4.7,230,72,3713
102,백령도,2021-09-21 10:00,22.3,,4.7,200,68,3792
102,백령도,2021-09-21 11:00,22.7,,4.1,200,68,4599
102,백령도,2021-09-21 12:00,23.7,,6.5,230,60,4756
102,백령도,2021-09-21 13:00,24,,5.9,200,63,4519
102,백령도,2021-09-21 14:00,24.2,,6.3,180,65,4417
102,백령도,2021-09-21 15:00,23.1,,6.4,180,74,2762
102,백령도,2021-09-21 16:00,23.2,,6.8,200,69,3301
102,백령도,2021-09-21 17:00,21.9,5.6,4,230,91,1117
102,백령도,2021-09-21 18:00,17.2,24.5,6.6,230,86,355
102,백령도,2021-09-21 19:00,18.7,2.4,1.8,180,82,1940
102,백령도,2021-09-21 20:00,19.1,,2.1,180,89,1478
102,백령도,2021-09-21 21:00,20.4,,2.7,270,93,829
102,백령도,2021-09-21 22:00,20.3,,4.1,290,86,3579
102,백령도,2021-09-21 23:00,20.4,,5.5,290,76,4540
102,백령도,2021-09-22 00:00,19.6,,3,270,81,4609
102,백령도,2021-09-22 01:00,19.5,,3.1,270,77,4605
102,백령도,2021-09-22 02:00,19.5,,2.8,270,78,4802
102,백령도,2021-09-22 03:00,20.1,,4.5,290,75,4289
102,백령도,2021-09-22 04:00,20.1,,4.2,290,70,4993
102,백령도,2021-09-22 05:00,19.8,,3.5,290,79,4845
102,백령도,2021-09-22 06:00,19.7,,3,290,80,4938
102,백령도,2021-09-22 07:00,19.9,,3.3,290,73,5000
102,백령도,2021-09-22 08:00,20.8,,2.4,290,73,4988
102,백령도,2021-09-22 09:00,21.2,,3.4,320,73,4721
102,백령도,2021-09-22 10:00,21.9,0,5.2,290,63,4966
102,백령도,2021-09-22 11:00,22.1,,6.8,290,57,4919
102,백령도,2021-09-22 12:00,22.2,,7.3,290,57,5000
102,백령도,2021-09-22 13:00,21.9,,7.3,320,58,4931
102,백령도,2021-09-22 14:00,21.6,,7.9,320,59,4917
102,백령도,2021-09-22 15:00,21.6,,6.2,320,56,4958
102,백령도,2021-09-22 16:00,21.2,,6.3,320,57,4987
102,백령도,2021-09-22 17:00,20.8,,5.8,320,62,4971
102,백령도,2021-09-22 18:00,20.2,,4.9,320,64,4911
102,백령도,2021-09-22 19:00,19.4,,3.1,320,69,4947
102,백령도,2021-09-22 20:00,18.9,,1.7,270,77,4466
102,백령도,2021-09-22 21:00,19,,1.2,250,79,3312
102,백령도,2021-09-22 22:00,18.7,,1.2,250,86,3217
102,백령도,2021-09-22 23:00,19.8,,2.1,250,79,3570
102,백령도,2021-09-23 00:00,20.4,,4.1,320,77,3829
102,백령도,2021-09-23 01:00,20.4,,3.5,320,62,4311
102,백령도,2021-09-23 02:00,20,,3.2,320,69,4327
102,백령도,2021-09-23 03:00,20.2,,3.9,320,72,3982
102,백령도,2021-09-23 04:00,20.1,,3.2,320,69,3986
102,백령도,2021-09-23 05:00,20,,3.6,320,76,3462
102,백령도,2021-09-23 06:00,20.3,,4.5,320,74,4409
102,백령도,2021-09-23 07:00,20.7,,4.4,320,64,4934
102,백령도,2021-09-23 08:00,21.2,,3.2,320,69,4887
102,백령도,2021-09-23 09:00,21.9,,4.3,320,67,4811
102,백령도,2021-09-23 10:00,22.4,,4.5,320,68,4716
102,백령도,2021-09-23 11:00,22.3,,6.8,340,58,4752
102,백령도,2021-09-23 12:00,22.9,,5.2,320,46,5000
102,백령도,2021-09-23 13:00,22.9,,6.3,320,48,4983
102,백령도,2021-09-23 14:00,22.4,,5.6,340,54,4780
102,백령도,2021-09-23 15:00,21.5,,6.3,340,55,4851
102,백령도,2021-09-23 16:00,20.9,,6.2,340,53,4969
102,백령도,2021-09-23 17:00,20.8,,7,340,55,4970
102,백령도,2021-09-23 18:00,20,,7.7,340,59,4996
102,백령도,2021-09-23 19:00,19.4,,4.5,340,69,4987
102,백령도,2021-09-23 20:00,19.4,,3.2,340,69,4999
102,백령도,2021-09-23 21:00,19.4,,3.7,360,70,5000
102,백령도,2021-09-23 22:00,19.3,,2.8,340,71,4574
102,백령도,2021-09-23 23:00,19.1,,2.6,340,76,4949
102,백령도,2021-09-24 00:00,19.5,,2.7,340,75,4861
102,백령도,2021-09-24 01:00,18.5,,1.6,320,86,2787
102,백령도,2021-09-24 02:00,19.1,,2.8,340,85,2539
102,백령도,2021-09-24 03:00,19.5,,1.1,360,85,3510
102,백령도,2021-09-24 04:00,18.2,,.6,230,95,3145
102,백령도,2021-09-24 05:00,17.9,,.1,0,90,3682
102,백령도,2021-09-24 06:00,18.5,,2,70,95,1944
102,백령도,2021-09-24 07:00,18.1,,.5,90,97,1179
102,백령도,2021-09-24 08:00,19.6,,.5,160,94,2000
102,백령도,2021-09-24 09:00,21.3,,.4,0,71,4300
102,백령도,2021-09-24 10:00,22.1,,.7,70,59,4994
102,백령도,2021-09-24 11:00,23.2,,1.9,90,52,4936
102,백령도,2021-09-24 12:00,21.8,,2,50,55,4988
102,백령도,2021-09-24 13:00,22.9,,2.1,90,53,4739
102,백령도,2021-09-24 14:00,23.2,,2.3,90,47,4994
102,백령도,2021-09-24 15:00,23,,2.6,110,49,4995
102,백령도,2021-09-24 16:00,23.1,,3.2,140,50,4961
102,백령도,2021-09-24 17:00,22.1,,3,140,58,4945
102,백령도,2021-09-24 18:00,21.2,,1.9,200,71,4720
102,백령도,2021-09-24 19:00,20.4,,1.4,230,71,4641
102,백령도,2021-09-24 20:00,20.5,,.6,20,71,4647
102,백령도,2021-09-24 21:00,19.8,,1.4,70,91,3040
102,백령도,2021-09-24 22:00,19.7,,.9,50,93,3216
102,백령도,2021-09-24 23:00,19.8,,1.8,50,92,3225
102,백령도,2021-09-25 00:00,19.6,,1.9,70,91,3160
102,백령도,2021-09-25 01:00,20.2,,2.4,110,89,2857
102,백령도,2021-09-25 02:00,20.2,,4.5,110,78,4929
102,백령도,2021-09-25 03:00,20.2,,4.6,110,80,4994
102,백령도,2021-09-25 04:00,20.1,,3.8,110,84,4943
102,백령도,2021-09-25 05:00,20,,4.1,110,82,4997
102,백령도,2021-09-25 06:00,19.8,,3.1,110,83,5000
102,백령도,2021-09-25 07:00,19.9,,3.1,110,80,5000
102,백령도,2021-09-25 08:00,20.2,,3.4,110,76,5000
102,백령도,2021-09-25 09:00,20.5,0,3.3,110,75,5000
102,백령도,2021-09-25 10:00,20.6,0,3.7,110,74,4997
102,백령도,2021-09-25 11:00,20.9,,3.6,90,70,4987
102,백령도,2021-09-25 12:00,21.5,,3.2,90,73,4992
102,백령도,2021-09-25 13:00,21.3,,2.9,90,71,4881
102,백령도,2021-09-25 14:00,21.8,,2.4,90,73,4866
102,백령도,2021-09-25 15:00,22,,3.1,90,73,4785
102,백령도,2021-09-25 16:00,21.8,0,2.3,70,73,4975
102,백령도,2021-09-25 17:00,21.5,0,1.8,70,80,4821
102,백령도,2021-09-25 18:00,21.1,0,1.9,70,84,4756
102,백령도,2021-09-25 19:00,20.7,0,2.2,70,88,3470
102,백령도,2021-09-25 20:00,20.7,,1.8,90,89,3521
102,백령도,2021-09-25 21:00,20.8,,2.5,90,89,3726
102,백령도,2021-09-25 22:00,20.7,,2.7,110,84,4578
102,백령도,2021-09-25 23:00,20.3,,2.2,90,84,4964
102,백령도,2021-09-26 00:00,20.3,,2.6,90,85,4813
102,백령도,2021-09-26 01:00,20.2,,2.4,90,89,4247
102,백령도,2021-09-26 02:00,19.9,,2.1,90,89,4019
102,백령도,2021-09-26 03:00,19.9,,2.4,90,88,4561
102,백령도,2021-09-26 04:00,20,,3.1,90,86,4973
102,백령도,2021-09-26 05:00,20.1,,3.6,110,85,4952
102,백령도,2021-09-26 06:00,20,,3.3,90,86,4592
102,백령도,2021-09-26 07:00,20,,3.3,110,84,4853
102,백령도,2021-09-26 08:00,20.2,,3.2,110,84,4584
102,백령도,2021-09-26 09:00,20.4,,3.7,110,84,4571
102,백령도,2021-09-26 10:00,21.8,,3.3,110,72,4620
102,백령도,2021-09-26 11:00,21.9,,4.3,110,63,4845
102,백령도,2021-09-26 12:00,22,,3.8,140,63,4955
102,백령도,2021-09-26 13:00,22.3,,4.4,110,65,4995
102,백령도,2021-09-26 14:00,21.7,,3.2,140,68,4961
102,백령도,2021-09-26 15:00,21.6,,3.2,180,68,4792
102,백령도,2021-09-26 16:00,21.6,,3.3,180,67,4894
102,백령도,2021-09-26 17:00,21.3,,1.6,140,71,4932
102,백령도,2021-09-26 18:00,20.9,,1.5,110,78,4914
102,백령도,2021-09-26 19:00,20.1,,1.4,50,87,4998
102,백령도,2021-09-26 20:00,20.2,,.8,50,87,4889
102,백령도,2021-09-26 21:00,20.2,,1.2,70,88,4561
102,백령도,2021-09-26 22:00,20.2,,.3,0,84,4988
102,백령도,2021-09-26 23:00,20.3,,.6,50,81,4999
102,백령도,2021-09-27 00:00,19.9,,1.3,90,89,4620
102,백령도,2021-09-27 01:00,20.3,,2.2,90,93,3877
102,백령도,2021-09-27 02:00,20.3,,2.4,90,93,3195
102,백령도,2021-09-27 03:00,20.3,,2.7,90,92,2979
102,백령도,2021-09-27 04:00,20.2,,3.2,90,93,3251
102,백령도,2021-09-27 05:00,20.2,,3,140,84,4972
102,백령도,2021-09-27 06:00,20.2,,4.3,110,83,4857
102,백령도,2021-09-27 07:00,20.1,,3.4,110,87,4641
102,백령도,2021-09-27 08:00,20.3,,5.2,110,83,4590
102,백령도,2021-09-27 09:00,20.5,0,4.6,110,80,4701
102,백령도,2021-09-27 10:00,20.5,0,4.9,110,76,4470
102,백령도,2021-09-27 11:00,19.9,0,4.9,110,85,2184
102,백령도,2021-09-27 12:00,20.2,.1,3.9,110,82,3807
102,백령도,2021-09-27 13:00,19.8,0,3.1,110,86,3343
102,백령도,2021-09-27 14:00,19.5,0,4.1,90,83,4417
102,백령도,2021-09-27 15:00,20,0,4.3,90,75,4925
102,백령도,2021-09-27 16:00,19.5,0,4.3,90,79,4512
102,백령도,2021-09-27 17:00,19.8,0,3.3,110,76,4325
102,백령도,2021-09-27 18:00,19.3,.1,2.7,110,85,2985
102,백령도,2021-09-27 19:00,19.1,.3,2.8,110,87,1647
102,백령도,2021-09-27 20:00,19.4,.1,3.1,110,83,4651
102,백령도,2021-09-27 21:00,19.2,0,2.8,110,84,4021
102,백령도,2021-09-27 22:00,19.3,0,3.5,110,84,3620
102,백령도,2021-09-27 23:00,19.4,0,2.8,110,85,4377
102,백령도,2021-09-28 00:00,19.4,0,3.3,110,85,4646
102,백령도,2021-09-28 01:00,19.4,0,2.9,90,84,4872
102,백령도,2021-09-28 02:00,19.6,0,2.5,110,81,4987
102,백령도,2021-09-28 03:00,19.6,,2.2,90,85,4606
102,백령도,2021-09-28 04:00,19.4,,2.5,70,86,4277
102,백령도,2021-09-28 05:00,19.1,.1,3.2,110,89,2697
102,백령도,2021-09-28 06:00,19.4,0,4.3,110,83,3607
102,백령도,2021-09-28 07:00,19.4,0,4.4,110,84,4187
102,백령도,2021-09-28 08:00,19.1,0,5,110,86,1503
102,백령도,2021-09-28 09:00,18.6,2.6,4.9,110,94,913
102,백령도,2021-09-28 10:00,18.9,.4,5.8,110,96,955
102,백령도,2021-09-28 11:00,19.2,.2,5.1,110,97,958
102,백령도,2021-09-28 12:00,19.2,.1,5.1,110,96,856
102,백령도,2021-09-28 13:00,19.2,1.3,4.6,110,98,371
102,백령도,2021-09-28 14:00,19.4,.6,5.3,110,98,732
102,백령도,2021-09-28 15:00,19.3,.8,4.5,110,98,167
102,백령도,2021-09-28 16:00,19.4,.6,5,110,98,704
102,백령도,2021-09-28 17:00,19.1,0,5.3,110,98,341
102,백령도,2021-09-28 18:00,18.9,1.6,5.7,110,98,319
102,백령도,2021-09-28 19:00,18.9,.6,5.4,110,98,199
102,백령도,2021-09-28 20:00,18.7,1.1,5.1,110,98,476
102,백령도,2021-09-28 21:00,18.6,2,5.7,110,98,333
102,백령도,2021-09-28 22:00,18.5,.5,5.8,110,98,547
102,백령도,2021-09-28 23:00,18.9,.4,5,90,99,550
102,백령도,2021-09-29 00:00,19,.2,6.2,90,99,751
102,백령도,2021-09-29 01:00,18.7,2.7,4.9,90,99,371
102,백령도,2021-09-29 02:00,19.3,0,4.1,70,99,488
102,백령도,2021-09-29 03:00,18.9,2.9,3.9,360,99,681
102,백령도,2021-09-29 04:00,18.4,6.1,2.4,20,99,860
102,백령도,2021-09-29 05:00,18.4,1.3,1.5,340,97,3045
102,백령도,2021-09-29 06:00,18.7,.1,2.3,360,96,4863
102,백령도,2021-09-29 07:00,18.6,.5,3,360,96,2055
102,백령도,2021-09-29 08:00,19.3,.2,3,360,94,5000
102,백령도,2021-09-29 09:00,19.8,,3.2,360,93,5000
102,백령도,2021-09-29 10:00,20.3,,2.3,360,89,4985
102,백령도,2021-09-29 11:00,21.3,,1.9,50,79,5000
102,백령도,2021-09-29 12:00,21.9,,1.2,360,69,5000
102,백령도,2021-09-29 13:00,21.6,,5.5,340,72,4962
102,백령도,2021-09-29 14:00,21.9,,5.5,340,80,4258
102,백령도,2021-09-29 15:00,21.9,,5.8,340,79,3378
102,백령도,2021-09-29 16:00,21.7,,6.3,340,81,3454
102,백령도,2021-09-29 17:00,21.6,,4,340,83,4100
102,백령도,2021-09-29 18:00,20.7,,3.6,340,88,3695
102,백령도,2021-09-29 19:00,20.1,,2.4,320,94,2948
102,백령도,2021-09-29 20:00,19.9,,2.8,320,97,1661
102,백령도,2021-09-29 21:00,19.7,,2.6,320,97,2019
102,백령도,2021-09-29 22:00,19.5,,2.6,320,95,1880
102,백령도,2021-09-29 23:00,19.5,,2.6,320,94,1469
102,백령도,2021-09-30 00:00,19.6,,3.1,320,92,1457
102,백령도,2021-09-30 01:00,18.4,,1.2,290,96,693
102,백령도,2021-09-30 02:00,17.9,,1.5,290,98,419
102,백령도,2021-09-30 03:00,18.8,,1.9,320,99,502
102,백령도,2021-09-30 04:00,18.6,,.9,250,98,222
102,백령도,2021-09-30 05:00,19.1,,.4,0,98,316
102,백령도,2021-09-30 06:00,18.8,,1.1,290,98,238
102,백령도,2021-09-30 07:00,18.7,,1.2,320,98,22
102,백령도,2021-09-30 08:00,19.8,,.7,360,99,348
102,백령도,2021-09-30 09:00,21.1,,1.4,360,94,479
102,백령도,2021-09-30 10:00,21.7,,1.5,290,83,960
102,백령도,2021-09-30 11:00,22,,3.3,320,87,640
102,백령도,2021-09-30 12:00,22.7,,2.8,320,73,907
102,백령도,2021-09-30 13:00,23,,2.2,290,69,980
102,백령도,2021-09-30 14:00,22.7,,3.5,320,69,982
102,백령도,2021-09-30 15:00,22.3,,3.7,290,83,617
102,백령도,2021-09-30 16:00,23.8,,1.1,140,56,2601
102,백령도,2021-09-30 17:00,23.1,,1.7,180,68,1497
102,백령도,2021-09-30 18:00,21.4,,2,290,82,1097
102,백령도,2021-09-30 19:00,20.5,,3.4,340,94,345
102,백령도,2021-09-30 20:00,19.8,,1.2,270,96,253
102,백령도,2021-09-30 21:00,19,,1.5,290,98,176
102,백령도,2021-09-30 22:00,18.9,,1.3,290,98,120
102,백령도,2021-09-30 23:00,18.7,,1.4,320,98,30
102,백령도,2021-10-01 00:00,18.9,,.8,320,98,80
102,백령도,2021-10-01 01:00,18.5,,1.5,320,98,24
102,백령도,2021-10-01 02:00,19.3,,3.4,340,98,277
102,백령도,2021-10-01 03:00,19.9,,2.5,360,99,366
102,백령도,2021-10-01 04:00,19.8,,2.2,340,98,377
102,백령도,2021-10-01 05:00,20.2,,1.8,320,85,1071
102,백령도,2021-10-01 06:00,18.1,0,14.6,360,80,1894
102,백령도,2021-10-01 07:00,17.2,5.9,7.9,70,91,1741
102,백령도,2021-10-01 08:00,18.2,,6.2,110,83,2887
102,백령도,2021-10-01 09:00,19.8,,3.3,110,82,3379
102,백령도,2021-10-01 10:00,20.7,,4.3,180,76,3409
102,백령도,2021-10-01 11:00,21.7,,5.1,180,71,3936
102,백령도,2021-10-01 12:00,22.1,,5.2,180,64,4123
102,백령도,2021-10-01 13:00,22,,3.3,180,63,3742
102,백령도,2021-10-01 14:00,21.8,,4,320,72,3926
102,백령도,2021-10-01 15:00,21.7,,3.3,360,73,3636
102,백령도,2021-10-01 16:00,21.6,,2.2,360,73,3587
102,백령도,2021-10-01 17:00,20.5,.1,1.3,360,88,2750
102,백령도,2021-10-01 18:00,20.2,,.4,0,91,2256
102,백령도,2021-10-01 19:00,19.8,.3,3.8,200,93,684
102,백령도,2021-10-01 20:00,19.3,.5,3.5,70,94,1893
102,백령도,2021-10-01 21:00,19.4,,2.4,70,95,1776
102,백령도,2021-10-01 22:00,19.8,,2.4,110,94,1698
102,백령도,2021-10-01 23:00,19,,1.5,70,95,1594
102,백령도,2021-10-02 00:00,18.6,,1.5,20,96,1777
102,백령도,2021-10-02 01:00,17.7,,1.1,270,98,789
102,백령도,2021-10-02 02:00,18.5,,3.7,340,98,2316
102,백령도,2021-10-02 03:00,19,,5.5,340,84,4368
102,백령도,2021-10-02 04:00,18.8,,5,340,82,4530
102,백령도,2021-10-02 05:00,18.2,,2,20,83,4579
102,백령도,2021-10-02 06:00,18.3,,.4,0,83,4463
102,백령도,2021-10-02 07:00,17,,1.4,200,94,1822
102,백령도,2021-10-02 08:00,19.1,,.2,0,85,2875
102,백령도,2021-10-02 09:00,20.3,,2.4,110,80,4515
102,백령도,2021-10-02 10:00,20.7,,2.3,140,73,4263
102,백령도,2021-10-02 11:00,21.3,,2.7,180,67,3773
102,백령도,2021-10-02 12:00,21.7,,2.9,180,67,4047
102,백령도,2021-10-02 13:00,21.7,,3.3,160,65,4221
102,백령도,2021-10-02 14:00,21.9,,3,180,64,3596
102,백령도,2021-10-02 15:00,21.9,,2.1,180,64,4467
102,백령도,2021-10-02 16:00,22,,2,160,60,4381
102,백령도,2021-10-02 17:00,21,,2.6,180,64,3788
102,백령도,2021-10-02 18:00,20.4,,3,160,69,3284
102,백령도,2021-10-02 19:00,19.8,,1.9,160,78,2768
102,백령도,2021-10-02 20:00,19.9,,1.7,160,79,1916
102,백령도,2021-10-02 21:00,21,,3.5,160,83,182
102,백령도,2021-10-02 22:00,21.3,,3.6,160,89,189
102,백령도,2021-10-02 23:00,21.6,,3.8,160,91,226
102,백령도,2021-10-03 00:00,21.7,,3.9,160,93,451
102,백령도,2021-10-03 01:00,21.8,,3.7,160,93,120
102,백령도,2021-10-03 02:00,22.1,,5.5,160,92,127
102,백령도,2021-10-03 03:00,22.2,,4.7,160,92,119
102,백령도,2021-10-03 04:00,22.3,,6.2,160,90,154
102,백령도,2021-10-03 05:00,22.1,,6.9,180,91,155
102,백령도,2021-10-03 06:00,21.7,,3.7,180,89,1446
102,백령도,2021-10-03 07:00,22,,4.8,180,85,2167
102,백령도,2021-10-03 08:00,22.5,,3.4,180,84,1130
102,백령도,2021-10-03 09:00,23.1,,4.5,180,81,1436
102,백령도,2021-10-03 10:00,23.9,,4.3,180,78,2300
102,백령도,2021-10-03 11:00,23.9,,6.4,160,78,2109
102,백령도,2021-10-03 12:00,23.4,,7.7,160,87,1912
102,백령도,2021-10-03 13:00,23.2,,6.8,160,89,1763
102,백령도,2021-10-03 14:00,23.5,,7.1,160,89,1685
102,백령도,2021-10-03 15:00,23.3,,7.8,160,89,1583
102,백령도,2021-10-03 16:00,23.1,,7.7,160,91,1389
102,백령도,2021-10-03 17:00,23.3,,5.9,180,88,1477
102,백령도,2021-10-03 18:00,23,,7.1,160,91,1220
102,백령도,2021-10-03 19:00,22.9,,5.5,160,91,1129
102,백령도,2021-10-03 20:00,22.9,,7.5,160,92,1079
102,백령도,2021-10-03 21:00,22.6,,6.6,160,94,851
102,백령도,2021-10-03 22:00,22.7,,5.8,160,93,940
102,백령도,2021-10-03 23:00,22.9,,4.8,180,91,1214
102,백령도,2021-10-04 00:00,23,,4,180,90,1313
102,백령도,2021-10-04 01:00,23.3,,5.8,200,89,1435
102,백령도,2021-10-04 02:00,23.2,,6.7,180,90,1433
102,백령도,2021-10-04 03:00,23.5,,6.8,200,89,1520
102,백령도,2021-10-04 04:00,23.5,,5.1,200,91,1415
102,백령도,2021-10-04 05:00,23.4,,4.8,200,92,1325
102,백령도,2021-10-04 06:00,23.6,.1,5.4,200,92,725
102,백령도,2021-10-04 07:00,22.9,5.7,4.7,180,95,368
102,백령도,2021-10-04 08:00,23.3,.8,9.8,200,95,588
102,백령도,2021-10-04 09:00,23.6,0,7.2,200,94,813
102,백령도,2021-10-04 10:00,23.9,.1,9.1,200,93,1081
102,백령도,2021-10-04 11:00,23.3,.7,8.3,230,95,610
102,백령도,2021-10-04 12:00,23.5,.2,7.4,230,94,1474
102,백령도,2021-10-04 13:00,23.9,,7.6,250,90,2004
102,백령도,2021-10-04 14:00,23.3,0,6.7,230,89,2923
102,백령도,2021-10-04 15:00,22.6,0,5.4,250,94,1870
102,백령도,2021-10-04 16:00,21.6,0,3.6,290,95,1765
102,백령도,2021-10-04 17:00,20.9,.4,3.6,320,97,1728
102,백령도,2021-10-04 18:00,20.3,,3.4,340,96,2128
102,백령도,2021-10-04 19:00,20,0,3.8,320,96,1484
102,백령도,2021-10-04 20:00,19.3,3.5,2.3,320,97,1881
102,백령도,2021-10-04 21:00,19.7,.7,3.5,320,97,2007
102,백령도,2021-10-04 22:00,19.9,4.1,.3,0,98,1672
102,백령도,2021-10-04 23:00,19.8,0,1.4,270,98,1026
102,백령도,2021-10-05 00:00,19.2,.4,4.2,320,98,508
102,백령도,2021-10-05 01:00,18.9,0,2.4,340,98,1122
102,백령도,2021-10-05 02:00,19.2,,1.4,290,98,1294
102,백령도,2021-10-05 03:00,19.1,,1.3,290,98,880
102,백령도,2021-10-05 04:00,19.2,,.3,0,98,932
102,백령도,2021-10-05 05:00,19.3,,1.7,180,98,731
102,백령도,2021-10-05 06:00,18.9,,5.3,320,98,460
102,백령도,2021-10-05 07:00,18.3,,3.5,340,98,2274
102,백령도,2021-10-05 08:00,18.6,,2.4,320,98,2378
102,백령도,2021-10-05 09:00,19.1,,2.7,320,97,3346
102,백령도,2021-10-05 10:00,18.9,,5.8,320,94,2838
102,백령도,2021-10-05 11:00,18.1,,5.5,320,95,2800
102,백령도,2021-10-05 12:00,18.4,,6,340,93,4541
102,백령도,2021-10-05 13:00,18.4,,4.8,320,90,4962
102,백령도,2021-10-05 14:00,17.4,0,5.7,320,97,875
102,백령도,2021-10-05 15:00,17.9,.1,6.2,340,92,3540
102,백령도,2021-10-05 16:00,18,,7.3,340,88,3820
102,백령도,2021-10-05 17:00,17.8,,6.9,340,88,3768
102,백령도,2021-10-05 18:00,18,,7.1,340,86,3868
102,백령도,2021-10-05 19:00,17.9,,5.6,340,83,4396
102,백령도,2021-10-05 20:00,17.9,,4,340,86,4802
102,백령도,2021-10-05 21:00,17.2,,2.2,360,91,5000
102,백령도,2021-10-05 22:00,18,,2.3,20,91,5000
102,백령도,2021-10-05 23:00,17.9,,2,20,91,4966
102,백령도,2021-10-06 00:00,17.9,,1.9,20,92,4125
102,백령도,2021-10-06 01:00,17.8,,1.6,20,90,4810
102,백령도,2021-10-06 02:00,17.9,,1.5,50,89,5000
102,백령도,2021-10-06 03:00,17.6,,2.9,50,89,4997
102,백령도,2021-10-06 04:00,17.6,,1.2,50,91,4778
102,백령도,2021-10-06 05:00,17.6,,.6,110,92,4605
102,백령도,2021-10-06 06:00,17.2,,1,290,96,2990
102,백령도,2021-10-06 07:00,17.4,,.8,320,95,2454
102,백령도,2021-10-06 08:00,18,0,.5,110,95,1706
102,백령도,2021-10-06 09:00,19.1,0,1.8,140,93,3030
102,백령도,2021-10-06 10:00,18.9,,3.3,110,92,3353
102,백령도,2021-10-06 11:00,19.2,,4.2,140,92,4966
102,백령도,2021-10-06 12:00,19.4,,4.2,140,92,4432
102,백령도,2021-10-06 13:00,19.7,,3.9,140,91,4971
102,백령도,2021-10-06 14:00,19.5,,3.8,140,93,4175
102,백령도,2021-10-06 15:00,19,0,4,140,96,488
102,백령도,2021-10-06 16:00,18.8,.3,4.2,110,98,590
102,백령도,2021-10-06 17:00,19,.3,3.9,140,99,1902
102,백령도,2021-10-06 18:00,19.5,.3,2.1,160,98,1418
102,백령도,2021-10-06 19:00,19.1,0,.5,270,99,1554
102,백령도,2021-10-06 20:00,19.1,0,1.4,110,99,735
102,백령도,2021-10-06 21:00,19.3,0,.7,110,98,1017
102,백령도,2021-10-06 22:00,19,0,.2,0,99,1219
102,백령도,2021-10-06 23:00,18.5,0,1.3,270,99,495
102,백령도,2021-10-07 00:00,18.8,,4.3,320,99,1924
102,백령도,2021-10-07 01:00,18.5,,4,340,97,2408
102,백령도,2021-10-07 02:00,18.4,,3.3,340,95,2533
102,백령도,2021-10-07 03:00,18.4,,3,320,94,2818
102,백령도,2021-10-07 04:00,17.9,,3.8,320,93,3753
102,백령도,2021-10-07 05:00,17.8,,3.2,340,91,4667
102,백령도,2021-10-07 06:00,17.8,,4.3,290,90,4978
102,백령도,2021-10-07 07:00,17.5,,4.5,320,86,4792
102,백령도,2021-10-07 08:00,17.5,,5,290,83,4878
102,백령도,2021-10-07 09:00,17.5,,4.5,290,78,4999
102,백령도,2021-10-07 10:00,17.4,,4.8,290,75,4966
102,백령도,2021-10-07 11:00,17.5,0,4.7,290,82,4926
102,백령도,2021-10-07 12:00,18.2,,4.1,320,77,4966
102,백령도,2021-10-07 13:00,18.5,,4.7,320,66,5000
102,백령도,2021-10-07 14:00,18.8,,4.8,320,66,5000
102,백령도,2021-10-07 15:00,18.6,,5,340,73,5000
102,백령도,2021-10-07 16:00,17.7,,3.9,340,76,5000
102,백령도,2021-10-07 17:00,17.2,,3.9,320,75,5000
102,백령도,2021-10-07 18:00,17.1,,3.9,320,75,5000
102,백령도,2021-10-07 19:00,17.1,,3.5,340,70,5000
102,백령도,2021-10-07 20:00,17.2,,4,320,69,5000
102,백령도,2021-10-07 21:00,17.3,,4.1,340,69,5000
102,백령도,2021-10-07 22:00,17.3,,3.4,340,75,5000
102,백령도,2021-10-07 23:00,17.4,,3.1,360,76,5000
102,백령도,2021-10-08 00:00,17.1,,1.3,340,80,5000
102,백령도,2021-10-08 01:00,16.5,,.5,180,85,5000
102,백령도,2021-10-08 02:00,17.1,,1.5,50,85,5000
102,백령도,2021-10-08 03:00,16.6,,1.4,90,87,5000
102,백령도,2021-10-08 04:00,16.7,,1,90,93,4513
102,백령도,2021-10-08 05:00,16,,1.6,180,96,2600
102,백령도,2021-10-08 06:00,16.5,,.6,250,91,4920
102,백령도,2021-10-08 07:00,17.1,,1.2,70,88,5000
102,백령도,2021-10-08 08:00,17,,1.3,70,92,4986
102,백령도,2021-10-08 09:00,17.8,0,1,90,88,4958
102,백령도,2021-10-08 10:00,18.1,0,1.1,110,88,3726
102,백령도,2021-10-08 11:00,18.7,0,.9,110,83,4815
102,백령도,2021-10-08 12:00,19,0,1.4,140,82,4995
102,백령도,2021-10-08 13:00,19,,.6,160,76,4978
102,백령도,2021-10-08 14:00,19.3,,1.4,110,77,4997
102,백령도,2021-10-08 15:00,19.1,,1.8,110,77,5000
102,백령도,2021-10-08 16:00,19.1,,2.1,110,80,4912
102,백령도,2021-10-08 17:00,19,,1.4,90,82,4857
102,백령도,2021-10-08 18:00,18.6,,.7,70,87,4215
102,백령도,2021-10-08 19:00,17.7,,.2,0,88,2685
102,백령도,2021-10-08 20:00,17.6,,.9,140,88,2937
102,백령도,2021-10-08 21:00,17,,1,200,93,2561
102,백령도,2021-10-08 22:00,17.8,,1.9,70,89,3285
102,백령도,2021-10-08 23:00,18.4,,2.2,110,91,3007
102,백령도,2021-10-09 00:00,18.7,,3,90,91,2759
102,백령도,2021-10-09 01:00,18.8,,3.1,110,91,2295
102,백령도,2021-10-09 02:00,19.1,,3.6,140,94,916
102,백령도,2021-10-09 03:00,19.3,,3.9,140,92,1114
102,백령도,2021-10-09 04:00,19.3,,3.8,110,93,1578
102,백령도,2021-10-09 05:00,19.1,0,2.7,110,94,1708
102,백령도,2021-10-09 06:00,19.1,0,3,110,93,2272
102,백령도,2021-10-09 07:00,19.5,0,3.2,140,91,2158
102,백령도,2021-10-09 08:00,19.6,,3.2,110,91,2566
102,백령도,2021-10-09 09:00,19.8,0,4.1,140,88,2930
102,백령도,2021-10-09 10:00,20,0,3.4,140,88,3095
102,백령도,2021-10-09 11:00,21,,4.9,110,85,3766
102,백령도,2021-10-09 12:00,20.7,,5.3,110,87,3502
102,백령도,2021-10-09 13:00,21.3,,4.7,140,82,3947
102,백령도,2021-10-09 14:00,22,,6.3,140,80,3641
102,백령도,2021-10-09 15:00,22.2,,5.6,140,82,3323
102,백령도,2021-10-09 16:00,22.2,,4.2,140,86,2858
102,백령도,2021-10-09 17:00,21.7,,4.6,160,89,1804
102,백령도,2021-10-09 18:00,21.1,,4.8,140,95,1349
102,백령도,2021-10-09 19:00,21.1,,4.1,160,95,1446
102,백령도,2021-10-09 20:00,21.2,,3.9,140,95,1306
102,백령도,2021-10-09 21:00,21.3,,4.2,160,95,1045
102,백령도,2021-10-09 22:00,21.3,,3.6,160,95,760
102,백령도,2021-10-09 23:00,21.5,,3.7,160,96,824
102,백령도,2021-10-10 00:00,21.6,,1.7,200,94,1345
102,백령도,2021-10-10 01:00,22.5,,3.7,200,93,1182
102,백령도,2021-10-10 02:00,22.4,,3.2,200,94,1005
102,백령도,2021-10-10 03:00,22,0,3.8,180,96,483
102,백령도,2021-10-10 04:00,22.6,2.4,5.8,200,97,195
102,백령도,2021-10-10 05:00,19.8,17.5,5,320,98,266
102,백령도,2021-10-10 06:00,19.8,3,4.6,290,98,341
102,백령도,2021-10-10 07:00,19,4.2,3.7,320,98,659
102,백령도,2021-10-10 08:00,18.3,0,4.9,340,98,2763
102,백령도,2021-10-10 09:00,17.8,.6,4.5,320,94,950
102,백령도,2021-10-10 10:00,17.6,4.4,4.7,320,97,613
102,백령도,2021-10-10 11:00,18.2,.8,4.9,320,98,930
102,백령도,2021-10-10 12:00,19.1,0,3.9,340,94,1725
102,백령도,2021-10-10 13:00,19.2,,7.8,340,76,1984
102,백령도,2021-10-10 14:00,18.8,,7.1,340,73,1966
102,백령도,2021-10-10 15:00,18.3,,7.7,340,72,2117
102,백령도,2021-10-10 16:00,17.7,,11,340,63,2386
102,백령도,2021-10-10 17:00,17,,8.2,340,51,3162
102,백령도,2021-10-10 18:00,16.6,,10.2,340,52,3265
102,백령도,2021-10-10 19:00,16.4,,9.8,340,47,4330
102,백령도,2021-10-10 20:00,15.7,0,10.2,340,52,3217
102,백령도,2021-10-10 21:00,15.5,0,9.6,360,50,3129
102,백령도,2021-10-10 22:00,14.7,0,10.1,340,56,1811
102,백령도,2021-10-10 23:00,14.9,0,10.6,340,47,2899
102,백령도,2021-10-11 00:00,15.5,0,9.1,360,41,4514
102,백령도,2021-10-11 01:00,14.5,0,8.3,360,52,2781
102,백령도,2021-10-11 02:00,14.5,.5,5.7,360,52,3214
102,백령도,2021-10-11 03:00,15,.1,8.5,360,39,4828
102,백령도,2021-10-11 04:00,15.1,,7.9,360,36,4755
102,백령도,2021-10-11 05:00,15.1,,4.7,360,39,4852
102,백령도,2021-10-11 06:00,14.7,,4.9,360,39,4934
102,백령도,2021-10-11 07:00,14.7,,3.8,360,40,4882
102,백령도,2021-10-11 08:00,15.4,,5.9,360,35,4857
102,백령도,2021-10-11 09:00,15.9,,6.1,360,35,4775
102,백령도,2021-10-11 10:00,16.4,,7.2,360,35,4810
102,백령도,2021-10-11 11:00,17,,7.5,360,32,4540
102,백령도,2021-10-11 12:00,16.7,,7.6,360,33,4882
102,백령도,2021-10-11 13:00,17,,7.8,360,33,4794
102,백령도,2021-10-11 14:00,16.7,,8.6,340,38,4916
102,백령도,2021-10-11 15:00,17.1,,4.7,360,32,4958
102,백령도,2021-10-11 16:00,16.9,,2.6,20,35,4983
102,백령도,2021-10-11 17:00,16.5,,4.6,360,38,4989
102,백령도,2021-10-11 18:00,15.8,,3.7,360,41,4878
102,백령도,2021-10-11 19:00,15.4,,2.9,20,42,4963
102,백령도,2021-10-11 20:00,15.5,,3.1,20,43,4896
102,백령도,2021-10-11 21:00,15.5,,2.6,360,42,4988
102,백령도,2021-10-11 22:00,15.5,,2.1,20,43,4894
102,백령도,2021-10-11 23:00,15.8,,1.8,20,42,4713
102,백령도,2021-10-12 00:00,16,,2.6,50,43,4636
102,백령도,2021-10-12 01:00,15.4,,1.3,70,49,4110
102,백령도,2021-10-12 02:00,15.7,,3.2,50,46,3672
102,백령도,2021-10-12 03:00,15.4,,2.1,70,52,3538
102,백령도,2021-10-12 04:00,15.2,,1.9,70,57,3701
102,백령도,2021-10-12 05:00,15,,2.3,70,65,3558
102,백령도,2021-10-12 06:00,14.7,,2.4,90,67,3720
102,백령도,2021-10-12 07:00,15.2,,1.9,70,70,3683
102,백령도,2021-10-12 08:00,16.5,,2.6,70,64,3428
102,백령도,2021-10-12 09:00,17.2,,2.8,70,61,4176
102,백령도,2021-10-12 10:00,17.9,,3.2,90,60,4309
102,백령도,2021-10-12 11:00,18.4,,4.2,90,57,4295
102,백령도,2021-10-12 12:00,19.9,,3.9,90,51,4696
102,백령도,2021-10-12 13:00,20.2,,3.6,90,53,4830
102,백령도,2021-10-12 14:00,20.1,,3.8,140,49,4971
102,백령도,2021-10-12 15:00,21.1,,4,140,49,4891
102,백령도,2021-10-12 16:00,20.8,,4,140,51,4963
102,백령도,2021-10-12 17:00,19.9,,2.6,140,54,4844
102,백령도,2021-10-12 18:00,19.3,,2.2,110,58,4785
102,백령도,2021-10-12 19:00,18.5,,.9,270,68,4514
102,백령도,2021-10-12 20:00,17.7,,.1,0,73,3918
102,백령도,2021-10-12 21:00,18.3,,1.5,110,69,4619
102,백령도,2021-10-12 22:00,17.9,,2.4,110,69,4483
102,백령도,2021-10-12 23:00,17.6,,2.9,90,64,4738
102,백령도,2021-10-13 00:00,17.3,,3.3,90,66,4810
102,백령도,2021-10-13 01:00,17,,3.4,90,63,4881
102,백령도,2021-10-13 02:00,16.9,,3.6,90,63,4780
102,백령도,2021-10-13 03:00,16.7,,3.4,90,66,4631
102,백령도,2021-10-13 04:00,16.4,,3.1,90,68,4702
102,백령도,2021-10-13 05:00,16.5,,3.7,90,67,4980
102,백령도,2021-10-13 06:00,16.1,,3.1,90,72,4859
102,백령도,2021-10-13 07:00,16.1,,3.9,90,71,4758
102,백령도,2021-10-13 08:00,17.2,,3.5,90,64,4949
102,백령도,2021-10-13 09:00,18.2,,3.5,90,57,4828
102,백령도,2021-10-13 10:00,18.9,,3.8,90,55,4234
102,백령도,2021-10-13 11:00,19.3,,4.3,110,51,4947
102,백령도,2021-10-13 12:00,19.7,,2.5,90,51,4771
102,백령도,2021-10-13 13:00,20.6,,1.7,90,46,4941
102,백령도,2021-10-13 14:00,20.7,,1.8,90,47,4894
102,백령도,2021-10-13 15:00,20.6,,3.2,160,44,4944
102,백령도,2021-10-13 16:00,20.6,,2,160,49,4978
102,백령도,2021-10-13 17:00,19.3,,2.7,320,55,4885
102,백령도,2021-10-13 18:00,18.1,,2.7,320,61,4995
102,백령도,2021-10-13 19:00,18.2,,2.7,340,63,5000
102,백령도,2021-10-13 20:00,18.3,,4.1,340,62,4996
102,백령도,2021-10-13 21:00,17.4,,2.5,340,69,4898
102,백령도,2021-10-13 22:00,17.8,,.7,340,66,4955
102,백령도,2021-10-13 23:00,17.3,,.1,0,69,4992
102,백령도,2021-10-14 00:00,17,,.3,0,70,4951
102,백령도,2021-10-14 01:00,16.5,,1.4,290,74,4892
102,백령도,2021-10-14 02:00,16.4,,2.1,320,75,4982
102,백령도,2021-10-14 03:00,17,,1.7,340,72,4965
102,백령도,2021-10-14 04:00,16.1,,1.1,320,82,4723
102,백령도,2021-10-14 05:00,16.4,,2,270,86,4854
102,백령도,2021-10-14 06:00,16.2,,2,290,85,4900
102,백령도,2021-10-14 07:00,16.5,,1.6,290,80,4997
102,백령도,2021-10-14 08:00,17.7,,1.6,290,75,4969
102,백령도,2021-10-14 09:00,19.3,,2.5,320,60,4993
102,백령도,2021-10-14 10:00,19.7,,2.3,320,55,4999
102,백령도,2021-10-14 11:00,20.5,,1.6,290,51,4996
102,백령도,2021-10-14 12:00,19.9,,3.5,320,56,4999
102,백령도,2021-10-14 13:00,21.3,,3,250,59,4863
102,백령도,2021-10-14 14:00,21.1,,2.9,250,64,4805
102,백령도,2021-10-14 15:00,19.8,,4,290,70,4196
102,백령도,2021-10-14 16:00,19,,4.6,320,79,2430
102,백령도,2021-10-14 17:00,19.2,,4.2,320,70,2751
102,백령도,2021-10-14 18:00,18.8,,3.7,340,70,2561
102,백령도,2021-10-14 19:00,18.7,,3.7,340,66,3030
102,백령도,2021-10-14 20:00,18.3,0,6.1,340,71,2780
102,백령도,2021-10-14 21:00,18.1,0,6.3,340,58,2982
102,백령도,2021-10-14 22:00,18,0,3.5,340,75,1391
102,백령도,2021-10-14 23:00,17.8,0,3.5,320,86,944
102,백령도,2021-10-15 00:00,18.4,0,4.6,320,79,1263
102,백령도,2021-10-15 01:00,18.7,.1,5.8,340,72,2383
102,백령도,2021-10-15 02:00,18.2,0,4.5,360,71,3114
102,백령도,2021-10-15 03:00,18.3,0,5,360,76,2686
102,백령도,2021-10-15 04:00,18.5,0,5.2,360,68,4051
102,백령도,2021-10-15 05:00,18.2,0,2.5,20,69,3982
102,백령도,2021-10-15 06:00,18,0,2.3,20,68,4033
102,백령도,2021-10-15 07:00,17.9,0,2.5,360,69,4182
102,백령도,2021-10-15 08:00,18,,3.4,360,63,4048
102,백령도,2021-10-15 09:00,18.1,,2.4,70,57,3743
102,백령도,2021-10-15 10:00,18.5,,1.8,20,45,4544
102,백령도,2021-10-15 11:00,19.8,,1.6,20,46,4517
102,백령도,2021-10-15 12:00,19.8,,5.5,340,49,4192
102,백령도,2021-10-15 13:00,20.1,,5.1,340,46,4386
102,백령도,2021-10-15 14:00,20.1,,7.6,360,44,4332
102,백령도,2021-10-15 15:00,19.1,,8,360,48,4007
102,백령도,2021-10-15 16:00,19.2,,7,360,38,4791
102,백령도,2021-10-15 17:00,19.1,,7,360,38,4797
102,백령도,2021-10-15 18:00,19.1,,5.7,360,33,4910
102,백령도,2021-10-15 19:00,18.8,,7.6,360,38,4711
102,백령도,2021-10-15 20:00,17.6,0,2.9,320,38,3245
102,백령도,2021-10-15 21:00,18.3,0,3.2,360,40,4927
102,백령도,2021-10-15 22:00,18.7,,4.7,340,37,4909
102,백령도,2021-10-15 23:00,19.1,,9.2,340,38,4350
102,백령도,2021-10-16 00:00,17.9,,8.3,360,48,2747
102,백령도,2021-10-16 01:00,16.5,,9.8,360,53,2598
102,백령도,2021-10-16 02:00,14.7,,12.3,360,35,2938
102,백령도,2021-10-16 03:00,13.7,,13.3,360,36,2465
102,백령도,2021-10-16 04:00,12.9,,13,360,37,2662
102,백령도,2021-10-16 05:00,11.9,,13.1,340,37,2742
102,백령도,2021-10-16 06:00,10.9,,13.7,340,36,2735
102,백령도,2021-10-16 07:00,10,,14.2,360,34,2663
102,백령도,2021-10-16 08:00,9.3,,13.8,340,35,2786
102,백령도,2021-10-16 09:00,9.1,,13.7,360,35,2905
102,백령도,2021-10-16 10:00,8.9,,13.5,360,38,2890
102,백령도,2021-10-16 11:00,8.2,,14.5,340,35,2858
102,백령도,2021-10-16 12:00,8.4,,13.6,360,32,3226
102,백령도,2021-10-16 13:00,8.1,,13.8,340,34,3331
102,백령도,2021-10-16 14:00,8.2,,15.1,340,33,3002
102,백령도,2021-10-16 15:00,7.7,,14.1,340,34,3216
102,백령도,2021-10-16 16:00,7.9,,13.6,340,40,3244
102,백령도,2021-10-16 17:00,7.9,,13.2,340,35,3236
102,백령도,2021-10-16 18:00,8.2,,12.2,340,41,3248
102,백령도,2021-10-16 19:00,8.4,,13.7,340,36,3116
102,백령도,2021-10-16 20:00,8.6,,14.4,340,32,3016
102,백령도,2021-10-16 21:00,8.2,,13.7,340,33,2805
102,백령도,2021-10-16 22:00,7.4,,13.1,340,29,2945
102,백령도,2021-10-16 23:00,7,,13.1,340,28,2921
102,백령도,2021-10-17 00:00,6.7,,14.3,340,34,2914
102,백령도,2021-10-17 01:00,6.5,,12.8,360,34,3070
102,백령도,2021-10-17 02:00,6.3,,10.2,360,31,3347
102,백령도,2021-10-17 03:00,6.5,,9.6,360,34,3222
102,백령도,2021-10-17 04:00,6.4,,8.7,360,34,3210
102,백령도,2021-10-17 05:00,6.5,,9.5,360,35,3424
102,백령도,2021-10-17 06:00,6.7,,8.8,360,35,3311
102,백령도,2021-10-17 07:00,6.8,,7.9,360,32,3475
102,백령도,2021-10-17 08:00,6.6,,5,70,36,3372
102,백령도,2021-10-17 09:00,7.2,,3.9,70,33,3333
102,백령도,2021-10-17 10:00,8.1,,3.2,50,31,3567
102,백령도,2021-10-17 11:00,8.6,,5.9,360,30,3606
102,백령도,2021-10-17 12:00,9.1,,6.8,340,25,3889
102,백령도,2021-10-17 13:00,9.4,,5.5,360,23,4066
102,백령도,2021-10-17 14:00,9.6,,5,360,23,4352
102,백령도,2021-10-17 15:00,9.6,,5.3,340,23,4134
102,백령도,2021-10-17 16:00,10.2,,4.7,340,26,4038
102,백령도,2021-10-17 17:00,9.8,,4,290,27,4378
102,백령도,2021-10-17 18:00,8.9,,3.1,320,33,4399
102,백령도,2021-10-17 19:00,8,,1.9,250,40,4040
102,백령도,2021-10-17 20:00,7.7,,2.1,180,43,4509
102,백령도,2021-10-17 21:00,8,,1.7,180,42,4775
102,백령도,2021-10-17 22:00,8.8,,1.4,160,44,4731
102,백령도,2021-10-17 23:00,9.2,,2.4,160,50,4753
102,백령도,2021-10-18 00:00,10,,1.7,110,54,4910
102,백령도,2021-10-18 01:00,10.7,,3.1,110,59,4834
102,백령도,2021-10-18 02:00,11.8,,3.5,140,58,4954
102,백령도,2021-10-18 03:00,12.1,,2.6,160,54,4901
102,백령도,2021-10-18 04:00,12.4,,.9,160,55,4694
102,백령도,2021-10-18 05:00,12.3,0,1.8,70,62,2586
102,백령도,2021-10-18 06:00,12.1,0,.8,90,68,2580
102,백령도,2021-10-18 07:00,12,0,.8,140,66,3234
102,백령도,2021-10-18 08:00,11.9,,1.4,200,67,2542
102,백령도,2021-10-18 09:00,13.8,,2.7,90,66,1549
102,백령도,2021-10-18 10:00,13.4,,1.6,250,67,1853
102,백령도,2021-10-18 11:00,15.9,,4.6,230,28,3362
102,백령도,2021-10-18 12:00,15.9,,6.3,270,23,4518
102,백령도,2021-10-18 13:00,15.8,,5.4,250,29,3917
102,백령도,2021-10-18 14:00,15.9,,4.7,250,29,3450
102,백령도,2021-10-18 15:00,16.1,,5.4,250,31,3824
102,백령도,2021-10-18 16:00,16.1,,3.1,250,36,3953
102,백령도,2021-10-18 17:00,15.2,,.7,230,44,3780
102,백령도,2021-10-18 18:00,12.9,0,2.7,200,79,2132
102,백령도,2021-10-18 19:00,12.3,0,1.8,180,87,1319
102,백령도,2021-10-18 20:00,12.6,,2.4,180,83,1686
102,백령도,2021-10-18 21:00,13,,.7,250,74,2285
102,백령도,2021-10-18 22:00,13.1,,1.8,50,75,2300
102,백령도,2021-10-18 23:00,12.4,,2.4,90,87,1227
102,백령도,2021-10-19 00:00,11.7,,1.1,160,90,1105
102,백령도,2021-10-19 01:00,10.9,,.8,200,88,801
102,백령도,2021-10-19 02:00,12.3,,.6,230,86,1248
102,백령도,2021-10-19 03:00,13.6,.6,7.1,340,67,1249
102,백령도,2021-10-19 04:00,12.4,1.5,9.1,340,73,1271
102,백령도,2021-10-19 05:00,13.3,0,8.2,340,62,1457
102,백령도,2021-10-19 06:00,12.8,,8.5,340,58,1502
102,백령도,2021-10-19 07:00,12.4,,8,340,54,1555
102,백령도,2021-10-19 08:00,12.2,,2.8,20,66,1936
102,백령도,2021-10-19 09:00,12,,8.7,340,63,1627
102,백령도,2021-10-19 10:00,11.6,,9.8,340,49,2823
102,백령도,2021-10-19 11:00,11.3,,10.1,340,48,4370
102,백령도,2021-10-19 12:00,10.8,,9.6,340,49,3792
102,백령도,2021-10-19 13:00,11.2,,9.7,360,46,3849
102,백령도,2021-10-19 14:00,11,,9.9,360,38,4267
102,백령도,2021-10-19 15:00,11.5,,10.1,360,32,4683
102,백령도,2021-10-19 16:00,11.6,,10.3,340,29,4893
102,백령도,2021-10-19 17:00,11.2,,9.9,360,24,4865
102,백령도,2021-10-19 18:00,10.6,,10.1,340,27,4852
102,백령도,2021-10-19 19:00,10.7,,9.8,340,28,4963
102,백령도,2021-10-19 20:00,10.9,,10.3,360,31,4927
102,백령도,2021-10-19 21:00,10.9,,8.2,360,29,4810
102,백령도,2021-10-19 22:00,10.7,,6.3,360,29,4978
102,백령도,2021-10-19 23:00,10.3,,5.5,360,28,4949
102,백령도,2021-10-20 00:00,10.2,,7.8,360,26,4996
102,백령도,2021-10-20 01:00,9.9,,7.5,360,31,4977
102,백령도,2021-10-20 02:00,9.6,,3.6,360,37,4853
102,백령도,2021-10-20 03:00,9.7,,7,360,36,4859
102,백령도,2021-10-20 04:00,8.8,,3.2,20,42,4806
102,백령도,2021-10-20 05:00,8.2,,2.9,50,43,4965
102,백령도,2021-10-20 06:00,7.8,,2.7,20,44,4981
102,백령도,2021-10-20 07:00,7.4,,1.2,50,45,4893
102,백령도,2021-10-20 08:00,8.3,,2.7,20,40,4862
102,백령도,2021-10-20 09:00,9.1,,2.1,360,40,4398
102,백령도,2021-10-20 10:00,9.5,,3.4,360,39,4744
102,백령도,2021-10-20 11:00,10.4,,4.8,340,40,4819
102,백령도,2021-10-20 12:00,11,,4.6,360,39,4431
102,백령도,2021-10-20 13:00,11.4,,5.6,360,39,4802
102,백령도,2021-10-20 14:00,11.7,,5.9,360,34,4847
102,백령도,2021-10-20 15:00,11.5,,6.1,360,38,4824
102,백령도,2021-10-20 16:00,11.2,,6.3,340,34,4890
102,백령도,2021-10-20 17:00,10.7,,7.3,340,34,4767
102,백령도,2021-10-20 18:00,10.1,,5.5,360,39,4844
102,백령도,2021-10-20 19:00,10.7,,6.1,360,43,4653
102,백령도,2021-10-20 20:00,10.9,,4.5,360,38,4872
102,백령도,2021-10-20 21:00,10.2,,2.6,50,38,4738
102,백령도,2021-10-20 22:00,10.1,,1.9,50,39,4683
102,백령도,2021-10-20 23:00,9.6,,1.4,70,47,4820
102,백령도,2021-10-21 00:00,10,,1.4,50,42,4988
102,백령도,2021-10-21 01:00,9.7,,2.1,70,47,4696
102,백령도,2021-10-21 02:00,9.8,,.1,0,43,4742
102,백령도,2021-10-21 03:00,10.1,,.6,90,35,4888
102,백령도,2021-10-21 04:00,10.5,,1.4,70,34,4999
102,백령도,2021-10-21 05:00,10,,1.6,70,39,4965
102,백령도,2021-10-21 06:00,9.8,,2.2,70,44,4693
102,백령도,2021-10-21 07:00,9.8,,2.6,70,47,4340
102,백령도,2021-10-21 08:00,10.3,,1.6,70,48,4169
102,백령도,2021-10-21 09:00,11.9,,2.6,90,43,4072
102,백령도,2021-10-21 10:00,12.2,,2.1,110,43,3088
102,백령도,2021-10-21 11:00,14.2,,1.8,140,28,4638
102,백령도,2021-10-21 12:00,14.2,,1.9,340,29,4577
102,백령도,2021-10-21 13:00,13.9,,2.9,340,32,4727
102,백령도,2021-10-21 14:00,14.3,,3.9,360,33,4238
102,백령도,2021-10-21 15:00,14.1,,4,340,31,4160
102,백령도,2021-10-21 16:00,13.7,,5.3,340,35,3555
102,백령도,2021-10-21 17:00,13.1,,5.1,340,39,3252
102,백령도,2021-10-21 18:00,12.3,,4.3,340,40,3299
102,백령도,2021-10-21 19:00,12.4,,3.6,360,41,4344
102,백령도,2021-10-21 20:00,12.7,,3.5,340,36,4786
102,백령도,2021-10-21 21:00,12.8,,5.2,340,28,4910
102,백령도,2021-10-21 22:00,13,,4.9,340,22,4916
102,백령도,2021-10-21 23:00,12.7,,3,20,26,4937
102,백령도,2021-10-22 00:00,12.4,,2.4,20,32,4896
102,백령도,2021-10-22 01:00,12.4,,2.9,360,34,4947
102,백령도,2021-10-22 02:00,13.2,,3.3,360,29,4305
102,백령도,2021-10-22 03:00,14,,4.7,340,27,3515
102,백령도,2021-10-22 04:00,13.9,,5.4,340,28,3297
102,백령도,2021-10-22 05:00,14.1,0,5.8,340,24,2739
102,백령도,2021-10-22 06:00,14.2,,4.9,320,31,2569
102,백령도,2021-10-22 07:00,14,,6.2,340,33,2339
102,백령도,2021-10-22 08:00,12.4,,4.1,50,34,4643
102,백령도,2021-10-22 09:00,13.8,,2,360,31,3546
102,백령도,2021-10-22 10:00,13.9,,2.1,360,29,3534
102,백령도,2021-10-22 11:00,14.7,,4.2,340,35,3235
102,백령도,2021-10-22 12:00,15.2,,5.8,360,32,3194
102,백령도,2021-10-22 13:00,15.3,,5.4,340,28,3209
102,백령도,2021-10-22 14:00,15.4,,7.3,340,23,3502
102,백령도,2021-10-22 15:00,15.1,,7.9,340,21,3321
102,백령도,2021-10-22 16:00,15,,7.9,360,24,3883
102,백령도,2021-10-22 17:00,14.6,,7.6,340,26,3887
102,백령도,2021-10-22 18:00,14.2,,7.2,360,22,4765
102,백령도,2021-10-22 19:00,14.5,,7.3,340,24,4344
102,백령도,2021-10-22 20:00,14.4,,5.9,340,25,4081
102,백령도,2021-10-22 21:00,14.8,,7.1,360,19,4198
102,백령도,2021-10-22 22:00,14.9,,6.2,360,20,3934
102,백령도,2021-10-22 23:00,14.7,,3.9,360,21,3835
102,백령도,2021-10-23 00:00,14.8,,5.6,340,27,3782
102,백령도,2021-10-23 01:00,14.7,,5.1,340,26,4036
102,백령도,2021-10-23 02:00,14.4,,3.2,320,27,3777
102,백령도,2021-10-23 03:00,14.5,,4.2,340,31,2630
102,백령도,2021-10-23 04:00,14,,3.5,340,30,2875
102,백령도,2021-10-23 05:00,13.2,,1.9,50,31,3449
102,백령도,2021-10-23 06:00,12.6,,1.4,70,31,3895
102,백령도,2021-10-23 07:00,12.3,,1.8,90,35,3661
102,백령도,2021-10-23 08:00,12.8,,1,160,39,3402
102,백령도,2021-10-23 09:00,14.8,,2.1,110,31,4096
102,백령도,2021-10-23 10:00,15.6,,2.3,140,22,4633
102,백령도,2021-10-23 11:00,16.4,,2.2,90,20,4426
102,백령도,2021-10-23 12:00,16.8,,1.9,160,15,4300
102,백령도,2021-10-23 13:00,16.7,,1.6,340,20,3728
102,백령도,2021-10-23 14:00,16.7,,2.5,340,28,3187
102,백령도,2021-10-23 15:00,16.3,,3.6,290,28,2832
102,백령도,2021-10-23 16:00,15.3,,3.4,320,31,2954
102,백령도,2021-10-23 17:00,15.2,,2.6,320,32,2801
102,백령도,2021-10-23 18:00,13.5,,1.6,270,39,1878
102,백령도,2021-10-23 19:00,12.1,,1.7,270,44,2278
102,백령도,2021-10-23 20:00,12.3,,1.3,270,41,2107
102,백령도,2021-10-23 21:00,12.2,,1.9,250,45,4495
102,백령도,2021-10-23 22:00,12.4,,1.7,250,48,4343
102,백령도,2021-10-23 23:00,12,,1.9,270,49,4136
102,백령도,2021-10-24 00:00,12.4,,1.8,270,43,4388
102,백령도,2021-10-24 01:00,12.2,,1.2,270,44,4610
102,백령도,2021-10-24 02:00,12.2,,1.4,270,45,4778
102,백령도,2021-10-24 03:00,12.1,,1.1,270,46,4921
102,백령도,2021-10-24 04:00,12.1,,.5,180,45,2202
102,백령도,2021-10-24 05:00,12.5,,.6,200,49,4864
102,백령도,2021-10-24 06:00,11.6,,.7,180,61,4067
102,백령도,2021-10-24 07:00,12,,.8,140,46,4950
102,백령도,2021-10-24 08:00,12.9,,1.5,140,56,4667
102,백령도,2021-10-24 09:00,14.8,,1.3,140,45,4525
102,백령도,2021-10-24 10:00,15.2,,1.7,180,32,4915
102,백령도,2021-10-24 11:00,16.1,,1.7,180,29,4768
102,백령도,2021-10-24 12:00,16,,2.3,180,30,4971
102,백령도,2021-10-24 13:00,16.1,,1.5,160,28,4590
102,백령도,2021-10-24 14:00,15.8,,.8,50,35,4973
102,백령도,2021-10-24 15:00,15.9,,2.5,320,30,5000
102,백령도,2021-10-24 16:00,14.8,,2.5,270,37,4999
102,백령도,2021-10-24 17:00,14.9,,1.9,290,37,4973
102,백령도,2021-10-24 18:00,13.2,,2.1,250,45,4744
102,백령도,2021-10-24 19:00,12,,2.1,250,49,4834
102,백령도,2021-10-24 20:00,12.1,,2.2,250,46,4976
102,백령도,2021-10-24 21:00,12.7,,2,250,40,4999
102,백령도,2021-10-24 22:00,12.1,,2.1,270,43,5000
102,백령도,2021-10-24 23:00,12.2,,1.4,250,45,5000
102,백령도,2021-10-25 00:00,12.7,,1,250,42,5000
102,백령도,2021-10-25 01:00,12.2,,.9,230,47,4967
102,백령도,2021-10-25 02:00,12,,1,200,47,4998
102,백령도,2021-10-25 03:00,12.3,,1.3,180,45,4787
102,백령도,2021-10-25 04:00,12.3,,1.5,200,47,4944
102,백령도,2021-10-25 05:00,11.5,,1.5,180,50,4860
102,백령도,2021-10-25 06:00,12,,1.7,180,53,4409
102,백령도,2021-10-25 07:00,11.8,,1.3,160,57,4438
102,백령도,2021-10-25 08:00,12.8,,1.3,160,56,4127
102,백령도,2021-10-25 09:00,14.9,,1.3,140,46,3499
102,백령도,2021-10-25 10:00,15.8,,2.5,140,42,4221
102,백령도,2021-10-25 11:00,16.3,,3.3,110,45,4438
102,백령도,2021-10-25 12:00,16.3,,3.9,140,44,3748
102,백령도,2021-10-25 13:00,16.9,,3.4,140,42,4348
102,백령도,2021-10-25 14:00,17.3,,2.8,160,42,3846
102,백령도,2021-10-25 15:00,17.2,,1.7,50,38,2369
102,백령도,2021-10-25 16:00,16.8,,1.6,360,42,2538
102,백령도,2021-10-25 17:00,16,,1.2,200,44,2168
102,백령도,2021-10-25 18:00,14.2,,1.2,200,57,1043
102,백령도,2021-10-25 19:00,13.5,,1.4,180,60,1663
102,백령도,2021-10-25 20:00,13,,1.3,160,73,1493
102,백령도,2021-10-25 21:00,13.7,,.7,180,69,1124
102,백령도,2021-10-25 22:00,13.1,,1.4,160,74,1077
102,백령도,2021-10-25 23:00,13,,1.2,180,79,1003
102,백령도,2021-10-26 00:00,13.2,,1,180,75,1169
102,백령도,2021-10-26 01:00,13.3,,1.3,180,73,990
102,백령도,2021-10-26 02:00,13.1,,1.5,180,79,823
102,백령도,2021-10-26 03:00,13.7,,0,0,72,1216
102,백령도,2021-10-26 04:00,13.6,,.2,0,65,1181
102,백령도,2021-10-26 05:00,14.2,,.7,250,51,1822
102,백령도,2021-10-26 06:00,13.3,,1,180,57,2001
102,백령도,2021-10-26 07:00,13.2,,1.5,180,64,1691
102,백령도,2021-10-26 08:00,14.2,,1.3,160,64,1848
102,백령도,2021-10-26 09:00,15.6,,1.8,180,64,1744
102,백령도,2021-10-26 10:00,17.1,,2.1,180,57,1965
102,백령도,2021-10-26 11:00,18,,3.2,200,40,1486
102,백령도,2021-10-26 12:00,18.3,,3.6,200,40,1443
102,백령도,2021-10-26 13:00,18.1,,4.6,200,28,1240
102,백령도,2021-10-26 14:00,18.2,,4.5,200,58,1116
102,백령도,2021-10-26 15:00,17.8,,4.6,200,61,783
102,백령도,2021-10-26 16:00,17.5,,3.8,230,64,890
102,백령도,2021-10-26 17:00,16.8,,4.2,230,69,758
102,백령도,2021-10-26 18:00,16.2,,3.7,230,69,833
102,백령도,2021-10-26 19:00,16.1,,3.7,230,65,589
102,백령도,2021-10-26 20:00,16.2,,3.7,230,67,490
102,백령도,2021-10-26 21:00,16.3,,4.4,250,71,466
102,백령도,2021-10-26 22:00,16.3,,4.2,250,75,444
102,백령도,2021-10-26 23:00,16.3,,4.1,270,80,279
102,백령도,2021-10-27 00:00,16.5,,7.7,320,70,246
102,백령도,2021-10-27 01:00,16.2,,8.6,340,69,657
102,백령도,2021-10-27 02:00,15.6,,8.8,340,54,1619
102,백령도,2021-10-27 03:00,15.3,,8.2,360,53,1700
102,백령도,2021-10-27 04:00,15,,5.5,360,50,2352
102,백령도,2021-10-27 05:00,14.6,,3.8,360,47,2883
102,백령도,2021-10-27 06:00,14.9,,6.3,360,38,4571
102,백령도,2021-10-27 07:00,14.9,,6.3,340,38,4894
102,백령도,2021-10-27 08:00,15.1,,6.7,340,39,4988
102,백령도,2021-10-27 09:00,15.4,,7.8,340,33,4956
102,백령도,2021-10-27 10:00,15.8,,6.8,340,34,4962
102,백령도,2021-10-27 11:00,16.2,,7.4,340,38,4940
102,백령도,2021-10-27 12:00,16.1,,7.7,340,33,4999
102,백령도,2021-10-27 13:00,16.1,,7.1,340,35,5000
102,백령도,2021-10-27 14:00,16.2,,7,340,37,5000
102,백령도,2021-10-27 15:00,16.1,,5.1,320,36,5000
102,백령도,2021-10-27 16:00,15.6,,5.9,320,38,5000
102,백령도,2021-10-27 17:00,15,,5.9,320,40,5000
102,백령도,2021-10-27 18:00,14.4,,7.1,320,40,5000
102,백령도,2021-10-27 19:00,14.4,,5.7,320,40,5000
102,백령도,2021-10-27 20:00,14.8,,4.6,320,43,5000
102,백령도,2021-10-27 21:00,15.3,,5.8,320,49,4990
102,백령도,2021-10-27 22:00,15.7,,6.3,320,57,4991
102,백령도,2021-10-27 23:00,16,,6.2,320,55,4719
102,백령도,2021-10-28 00:00,16.1,,5.4,340,49,4923
102,백령도,2021-10-28 01:00,16.2,,6.3,340,49,4988
102,백령도,2021-10-28 02:00,16.2,,6.6,340,48,5000
102,백령도,2021-10-28 03:00,16.4,,6.6,340,43,5000
102,백령도,2021-10-28 04:00,15.7,,3.5,340,45,5000
102,백령도,2021-10-28 05:00,15.6,,3.1,360,43,5000
102,백령도,2021-10-28 06:00,15.1,,2.7,360,49,5000
102,백령도,2021-10-28 07:00,14.8,,2,360,53,5000
102,백령도,2021-10-28 08:00,15.4,,2.3,360,51,4997
102,백령도,2021-10-28 09:00,16.6,,1.8,360,54,4999
102,백령도,2021-10-28 10:00,17.2,,2.6,340,47,4988
102,백령도,2021-10-28 11:00,17.6,,3.5,340,39,4989
102,백령도,2021-10-28 12:00,18,,3.8,360,30,4977
102,백령도,2021-10-28 13:00,18.2,,4,360,30,4984
102,백령도,2021-10-28 14:00,17.8,,4.4,340,38,4803
102,백령도,2021-10-28 15:00,17.4,,3.8,340,38,4820
102,백령도,2021-10-28 16:00,17,,5,340,39,2524
102,백령도,2021-10-28 17:00,15.7,,4.5,360,41,1910
102,백령도,2021-10-28 18:00,14.5,,3.1,360,48,5000
102,백령도,2021-10-28 19:00,14.2,,3.6,360,47,5000
102,백령도,2021-10-28 20:00,14.3,,2.5,20,38,5000
102,백령도,2021-10-28 21:00,14.2,,3,360,38,5000
102,백령도,2021-10-28 22:00,14.2,,3.8,360,39,5000
102,백령도,2021-10-28 23:00,13.7,,2.1,20,44,5000
102,백령도,2021-10-29 00:00,12.7,,1.4,360,51,4999
102,백령도,2021-10-29 01:00,13.2,,2.2,50,49,4847
102,백령도,2021-10-29 02:00,12.9,,1.7,70,52,4979
102,백령도,2021-10-29 03:00,12.3,,2.3,90,73,4657
102,백령도,2021-10-29 04:00,12.2,,2.5,90,66,3855
102,백령도,2021-10-29 05:00,12.8,,2.9,110,60,3825
102,백령도,2021-10-29 06:00,12.3,,1.9,110,61,3868
102,백령도,2021-10-29 07:00,12.5,,3,110,69,3649
102,백령도,2021-10-29 08:00,13.3,,3.1,90,69,3788
102,백령도,2021-10-29 09:00,14.3,,3.9,90,65,3921
102,백령도,2021-10-29 10:00,15.7,,4.7,90,63,4628
102,백령도,2021-10-29 11:00,16.3,,6,110,64,3703
102,백령도,2021-10-29 12:00,17,,5.5,140,61,3606
102,백령도,2021-10-29 13:00,17.2,,5.5,140,62,4123
102,백령도,2021-10-29 14:00,17.6,,4.5,140,61,3865
102,백령도,2021-10-29 15:00,16.9,,6,140,63,4343
102,백령도,2021-10-29 16:00,16.6,,4.3,140,68,3839
102,백령도,2021-10-29 17:00,16.4,,3.5,140,71,2577
102,백령도,2021-10-29 18:00,15.4,,2.2,140,75,2892
102,백령도,2021-10-29 19:00,15.3,,2.5,140,77,3103
102,백령도,2021-10-29 20:00,15.2,,2.3,140,77,3700
102,백령도,2021-10-29 21:00,15.2,,1.8,200,68,1871
102,백령도,2021-10-29 22:00,15,,1.3,200,62,2415
102,백령도,2021-10-29 23:00,14.5,,1,200,64,2508
102,백령도,2021-10-30 00:00,14.9,,1,180,65,2522
102,백령도,2021-10-30 01:00,14.7,,1.4,180,69,2356
102,백령도,2021-10-30 02:00,13.8,,1.2,180,74,2571
102,백령도,2021-10-30 03:00,14,,.7,200,74,2987
102,백령도,2021-10-30 04:00,14.3,,.3,0,75,4732
102,백령도,2021-10-30 05:00,14.2,,.8,180,74,4904
102,백령도,2021-10-30 06:00,14.4,,1.3,110,69,4996
102,백령도,2021-10-30 07:00,13.8,,1.8,90,89,2200
102,백령도,2021-10-30 08:00,13.8,,2.1,110,91,1616
102,백령도,2021-10-30 09:00,15.7,,2.1,110,82,2593
102,백령도,2021-10-30 10:00,15.7,,2.7,110,80,2286
102,백령도,2021-10-30 11:00,15.6,,3.1,140,78,1840
102,백령도,2021-10-30 12:00,17.6,,2.9,140,65,3460
102,백령도,2021-10-30 13:00,17.6,,3.1,140,62,3324
102,백령도,2021-10-30 14:00,17.8,,3.3,160,65,2943
102,백령도,2021-10-30 15:00,17.2,,3.2,160,69,2741
102,백령도,2021-10-30 16:00,16.8,,3,160,71,2735
102,백령도,2021-10-30 17:00,16.1,,2,180,74,2198
102,백령도,2021-10-30 18:00,14.4,,1.1,180,83,1490
102,백령도,2021-10-30 19:00,14,,1.5,180,87,1080
102,백령도,2021-10-30 20:00,14.4,,1.8,200,87,1382
102,백령도,2021-10-30 21:00,13.8,,1.3,180,91,859
102,백령도,2021-10-30 22:00,13.8,,1.6,180,91,571
102,백령도,2021-10-30 23:00,14.4,,1.8,200,86,1251
102,백령도,2021-10-31 00:00,14,,1.2,180,85,1863
102,백령도,2021-10-31 01:00,13.9,,1.9,180,85,1643
102,백령도,2021-10-31 02:00,14.5,,1.3,200,82,2387
102,백령도,2021-10-31 03:00,14.2,,1,160,80,3696
102,백령도,2021-10-31 04:00,13.6,,1.5,160,86,1196
102,백령도,2021-10-31 05:00,14.3,,2.4,160,89,1413
102,백령도,2021-10-31 06:00,14.1,,2.1,180,93,846
102,백령도,2021-10-31 07:00,14.1,,2,160,91,1077
102,백령도,2021-10-31 08:00,15.6,,1.1,160,86,2203
102,백령도,2021-10-31 09:00,15.8,,.8,160,88,1154
102,백령도,2021-10-31 10:00,16.5,,1.3,140,88,1194
102,백령도,2021-10-31 11:00,16.6,,3.4,140,88,1127
102,백령도,2021-10-31 12:00,16.8,,4.5,160,86,1166
102,백령도,2021-10-31 13:00,16.9,0,4.7,160,83,1265
102,백령도,2021-10-31 14:00,14.5,.5,6.5,250,71,630
102,백령도,2021-10-31 15:00,15.5,0,3.3,360,73,1738
102,백령도,2021-10-31 16:00,15.5,,.7,90,73,1610
102,백령도,2021-10-31 17:00,15,,.5,230,75,1619
102,백령도,2021-10-31 18:00,14.4,,2.5,340,76,2250
102,백령도,2021-10-31 19:00,13.7,,1.6,270,79,2024
102,백령도,2021-10-31 20:00,14.8,,2.8,320,73,2891
102,백령도,2021-10-31 21:00,14.8,,3.7,340,73,3134
102,백령도,2021-10-31 22:00,14.7,,3.6,340,71,2760
102,백령도,2021-10-31 23:00,14.6,,3.6,320,69,1753
102,백령도,2021-11-01 00:00,14.5,,5.2,320,71,1697
102,백령도,2021-11-01 01:00,14.5,,4.3,320,72,1570
102,백령도,2021-11-01 02:00,14.1,,4.3,340,78,1291
102,백령도,2021-11-01 03:00,13.8,,5.9,320,74,1617
102,백령도,2021-11-01 04:00,13.2,,5.9,320,74,2099
102,백령도,2021-11-01 05:00,12.8,,6.4,320,69,2641
102,백령도,2021-11-01 06:00,12.2,,6.1,320,66,2934
102,백령도,2021-11-01 07:00,12.3,,5.4,340,70,3106
102,백령도,2021-11-01 08:00,12.7,,5.1,320,71,3003
102,백령도,2021-11-01 09:00,13.3,,4.5,340,63,2886
102,백령도,2021-11-01 10:00,13.3,,4.7,320,66,2931
102,백령도,2021-11-01 11:00,13.8,,5.5,340,64,2644
102,백령도,2021-11-01 12:00,13.7,,6.1,340,63,2733
102,백령도,2021-11-01 13:00,13.8,,5.3,340,63,2842
102,백령도,2021-11-01 14:00,13.1,,5.6,320,64,2766
102,백령도,2021-11-01 15:00,12.8,,5.9,320,67,2768
102,백령도,2021-11-01 16:00,12.4,,5.5,320,63,2997
102,백령도,2021-11-01 17:00,12,,4.9,340,64,3056
102,백령도,2021-11-01 18:00,12,,5.1,340,62,3274
102,백령도,2021-11-01 19:00,12.1,,5.9,340,65,3134
102,백령도,2021-11-01 20:00,12.3,,5.5,320,59,3383
102,백령도,2021-11-01 21:00,12.3,,4.5,320,62,3790
102,백령도,2021-11-01 22:00,11.9,,4,320,62,4040
102,백령도,2021-11-01 23:00,12,,4,320,61,3423
102,백령도,2021-11-02 00:00,12.1,,4.2,320,60,3347
102,백령도,2021-11-02 01:00,12.1,,3.3,320,59,3514
102,백령도,2021-11-02 02:00,12.2,,4.2,320,57,3198
102,백령도,2021-11-02 03:00,12.3,,4.4,340,59,2795
102,백령도,2021-11-02 04:00,12.3,,5.4,340,60,3253
102,백령도,2021-11-02 05:00,12,,4.6,340,57,3703
102,백령도,2021-11-02 06:00,12.1,,5.3,340,61,3465
102,백령도,2021-11-02 07:00,11.9,,5.6,340,62,2911
102,백령도,2021-11-02 08:00,11.8,,3.4,320,63,3071
102,백령도,2021-11-02 09:00,12.4,,3.6,320,58,3211
102,백령도,2021-11-02 10:00,12.5,,3.5,320,57,3309
102,백령도,2021-11-02 11:00,12.7,,3,320,55,3272
102,백령도,2021-11-02 12:00,12.9,,3.2,340,57,2889
102,백령도,2021-11-02 13:00,12.8,,4.3,320,57,3200
102,백령도,2021-11-02 14:00,13,,4.2,320,56,3129
102,백령도,2021-11-02 15:00,12.8,,4.1,320,57,2953
102,백령도,2021-11-02 16:00,12.5,,4.9,340,60,3056
102,백령도,2021-11-02 17:00,12,,4.7,340,62,3324
102,백령도,2021-11-02 18:00,11.4,,3.7,340,61,3294
102,백령도,2021-11-02 19:00,11.5,,4.1,340,58,4110
102,백령도,2021-11-02 20:00,11.8,,4.9,340,53,4991
102,백령도,2021-11-02 21:00,11.7,,3.4,340,50,5000
102,백령도,2021-11-02 22:00,11.7,,3.4,340,50,4999
102,백령도,2021-11-02 23:00,11.4,,2,320,53,4999
102,백령도,2021-11-03 00:00,12,,2.4,340,54,3716
102,백령도,2021-11-03 01:00,11.6,,2.1,320,60,1892
102,백령도,2021-11-03 02:00,11.1,,2.1,270,64,1474
102,백령도,2021-11-03 03:00,11.4,,2,270,65,1285
102,백령도,2021-11-03 04:00,11.9,,1.9,290,65,1155
102,백령도,2021-11-03 05:00,12.6,,2.1,270,67,1236
102,백령도,2021-11-03 06:00,13.1,,3.6,250,67,1438
102,백령도,2021-11-03 07:00,12.5,,1.8,250,70,1408
102,백령도,2021-11-03 08:00,13,,2.3,230,71,1258
102,백령도,2021-11-03 09:00,13.4,,2.6,250,74,1068
102,백령도,2021-11-03 10:00,14.7,,2.6,180,68,1207
102,백령도,2021-11-03 11:00,15.4,,3,180,67,1215
102,백령도,2021-11-03 12:00,14.3,.6,1.1,320,86,598
102,백령도,2021-11-03 13:00,15.3,,3.4,320,70,1317
102,백령도,2021-11-03 14:00,15.4,,2.6,320,69,1373
102,백령도,2021-11-03 15:00,16.5,,3.1,250,62,1163
102,백령도,2021-11-03 16:00,15.6,,3.8,230,66,1031
102,백령도,2021-11-03 17:00,15.3,,1.6,250,69,812
102,백령도,2021-11-03 18:00,14,,1.4,250,76,687
102,백령도,2021-11-03 19:00,13.6,,1.6,230,78,616
102,백령도,2021-11-03 20:00,13.3,,2.3,230,80,572
102,백령도,2021-11-03 21:00,13.2,,1.3,230,81,508
102,백령도,2021-11-03 22:00,13.4,,1.1,230,82,437
102,백령도,2021-11-03 23:00,12.7,,1.7,230,86,397
102,백령도,2021-11-04 00:00,13.2,,1.5,230,82,487
102,백령도,2021-11-04 01:00,12.9,,2.2,230,84,454
102,백령도,2021-11-04 02:00,13.3,,.6,250,82,468
102,백령도,2021-11-04 03:00,13,,.6,180,83,411
102,백령도,2021-11-04 04:00,12.6,,1.8,230,87,353
102,백령도,2021-11-04 05:00,12.6,,1.8,200,87,229
102,백령도,2021-11-04 06:00,13.4,,1.7,200,88,199
102,백령도,2021-11-04 07:00,13.4,,1.9,200,91,164
102,백령도,2021-11-04 08:00,13.8,,1.8,230,91,200
102,백령도,2021-11-04 09:00,15.2,,2.1,230,85,289
102,백령도,2021-11-04 10:00,16.7,,2.4,290,74,416
102,백령도,2021-11-04 11:00,15.1,,4.7,90,82,536
102,백령도,2021-11-04 12:00,16.4,,3.3,110,74,719
102,백령도,2021-11-04 13:00,17.8,,2.5,160,71,621
102,백령도,2021-11-04 14:00,17.3,,2.9,160,72,546
102,백령도,2021-11-04 15:00,17.1,,3.7,160,74,588
102,백령도,2021-11-04 16:00,16.3,,3,180,79,525
102,백령도,2021-11-04 17:00,15.5,,2.3,180,83,412
102,백령도,2021-11-04 18:00,14.5,,1.6,160,89,326
102,백령도,2021-11-04 19:00,14.4,,2.5,140,89,292
102,백령도,2021-11-04 20:00,14.6,,3.9,160,90,280
102,백령도,2021-11-04 21:00,14.6,,4.1,160,90,271
102,백령도,2021-11-04 22:00,14.7,,4.3,180,91,241
102,백령도,2021-11-04 23:00,14.6,,2.9,160,92,174
102,백령도,2021-11-05 00:00,14.9,,3.3,160,88,173
102,백령도,2021-11-05 01:00,15,,3.3,160,89,159
102,백령도,2021-11-05 02:00,14.9,,2.9,140,90,122
102,백령도,2021-11-05 03:00,14.8,,2.6,160,90,114
102,백령도,2021-11-05 04:00,14.9,,2.2,160,93,137
102,백령도,2021-11-05 05:00,14.9,,2.8,160,92,146
102,백령도,2021-11-05 06:00,14.8,,2.2,140,93,106
102,백령도,2021-11-05 07:00,14.6,,2.7,140,96,39
102,백령도,2021-11-05 08:00,14.3,,2.9,140,95,93
102,백령도,2021-11-05 09:00,14,,2.7,110,94,76
102,백령도,2021-11-05 10:00,14,,2.8,140,95,122
102,백령도,2021-11-05 11:00,13.9,,3.6,110,94,156
102,백령도,2021-11-05 12:00,14.7,,4.1,110,88,264
102,백령도,2021-11-05 13:00,14.7,,4.3,140,88,317
102,백령도,2021-11-05 14:00,15.5,,4.1,140,85,326
102,백령도,2021-11-05 15:00,16.4,,3.5,110,82,360
102,백령도,2021-11-05 16:00,16,,3.9,140,81,473
102,백령도,2021-11-05 17:00,15.3,,3.1,160,84,348
102,백령도,2021-11-05 18:00,14.2,,1.8,160,87,241
102,백령도,2021-11-05 19:00,13.9,,2.3,160,89,181
102,백령도,2021-11-05 20:00,14,,1.7,140,88,187
102,백령도,2021-11-05 21:00,13.5,,1.3,110,90,131
102,백령도,2021-11-05 22:00,13.3,,2,70,89,187
102,백령도,2021-11-05 23:00,13.7,,2.3,70,88,209
102,백령도,2021-11-06 00:00,13.5,,2.5,90,84,269
102,백령도,2021-11-06 01:00,13.5,,2.5,90,86,254
102,백령도,2021-11-06 02:00,13,,2.2,90,87,246
102,백령도,2021-11-06 03:00,13.1,,2.9,90,82,454
102,백령도,2021-11-06 04:00,13.7,,2.4,90,74,698
102,백령도,2021-11-06 05:00,13.5,,2.7,90,78,581
102,백령도,2021-11-06 06:00,13.1,,2.2,90,79,596
102,백령도,2021-11-06 07:00,13.4,,3,90,74,759
102,백령도,2021-11-06 08:00,13.6,,2.2,110,78,768
102,백령도,2021-11-06 09:00,15.3,,2.6,90,70,1076
102,백령도,2021-11-06 10:00,15.7,,3.3,90,65,1252
102,백령도,2021-11-06 11:00,17,,3,110,52,1642
102,백령도,2021-11-06 12:00,17.6,,2.4,90,54,1617
102,백령도,2021-11-06 13:00,17.5,,2.1,90,53,1799
102,백령도,2021-11-06 14:00,17.9,,1.8,90,53,1909
102,백령도,2021-11-06 15:00,18.2,,2.1,90,49,2236
102,백령도,2021-11-06 16:00,18.1,,1.3,90,48,2528
102,백령도,2021-11-06 17:00,16.8,,.3,0,56,2148
102,백령도,2021-11-06 18:00,14.2,,1.4,320,73,1238
102,백령도,2021-11-06 19:00,15.3,,2.9,340,74,1245
102,백령도,2021-11-06 20:00,15,,2.6,340,75,1261
102,백령도,2021-11-06 21:00,15,,2.7,340,70,1566
102,백령도,2021-11-06 22:00,14.2,,1.2,20,71,1815
102,백령도,2021-11-06 23:00,15.1,,1.6,20,54,1651
102,백령도,2021-11-07 00:00,14.2,,2.1,70,70,1335
102,백령도,2021-11-07 01:00,12.3,,2,140,80,1082
102,백령도,2021-11-07 02:00,13.2,,2.1,90,77,1050
102,백령도,2021-11-07 03:00,13.6,,2,70,67,1401
102,백령도,2021-11-07 04:00,13.5,,1.2,70,67,1591
102,백령도,2021-11-07 05:00,12.6,,.6,360,68,1601
102,백령도,2021-11-07 06:00,14.1,,1.4,70,62,1853
102,백령도,2021-11-07 07:00,13,,2.6,110,62,1763
102,백령도,2021-11-07 08:00,13.3,,2.9,140,70,1390
102,백령도,2021-11-07 09:00,14.3,,3,110,72,1149
102,백령도,2021-11-07 10:00,15.6,,3.7,110,71,1367
102,백령도,2021-11-07 11:00,16.1,,3.1,140,73,1352
102,백령도,2021-11-07 12:00,16.7,,6.2,140,69,1357
102,백령도,2021-11-07 13:00,16.6,,6.6,140,70,1396
102,백령도,2021-11-07 14:00,16.7,,5.5,140,64,2164
102,백령도,2021-11-07 15:00,16.4,,5.3,140,67,2110
102,백령도,2021-11-07 16:00,16,,6,140,73,2010
102,백령도,2021-11-07 17:00,15.7,,5.7,140,76,1645
102,백령도,2021-11-07 18:00,15.5,,4.6,140,81,1335
102,백령도,2021-11-07 19:00,15.7,,5.5,140,80,1547
102,백령도,2021-11-07 20:00,16,,6.8,140,72,2985
102,백령도,2021-11-07 21:00,16.4,,6.1,140,71,2578
102,백령도,2021-11-07 22:00,16.6,,6.2,140,69,4014
102,백령도,2021-11-07 23:00,16.7,,7.3,140,74,3294
102,백령도,2021-11-08 00:00,16.9,,8.7,140,69,3144
102,백령도,2021-11-08 01:00,16.8,,9.3,140,69,2506
102,백령도,2021-11-08 02:00,15.8,,10.7,140,82,637
102,백령도,2021-11-08 03:00,15.4,2.3,7.2,160,81,695
102,백령도,2021-11-08 04:00,7.9,,11.4,290,85,1038
102,백령도,2021-11-08 05:00,7.3,,10.3,290,88,467
102,백령도,2021-11-08 06:00,6.4,15.1,9.3,290,84,1225
102,백령도,2021-11-08 07:00,5.5,,9.4,290,77,3588
102,백령도,2021-11-08 08:00,6.1,,10.6,290,64,3931
102,백령도,2021-11-08 09:00,6.5,.6,11.9,290,55,3861
102,백령도,2021-11-08 10:00,7,,11.4,290,57,4200
102,백령도,2021-11-08 11:00,6.8,,9.7,290,60,3982
102,백령도,2021-11-08 12:00,8.8,0,9,290,59,4503
102,백령도,2021-11-08 13:00,4.5,,6.6,290,76,2892
102,백령도,2021-11-08 14:00,4.8,,7.6,270,68,4159
102,백령도,2021-11-08 15:00,7.3,.7,9.8,290,58,4952
102,백령도,2021-11-08 16:00,6.3,,8.7,290,56,4350
102,백령도,2021-11-08 17:00,5.9,,7.8,290,55,4999
102,백령도,2021-11-08 18:00,5.9,0,9.8,290,56,4417
102,백령도,2021-11-08 19:00,6.2,,9.4,290,53,5000
102,백령도,2021-11-08 20:00,6.4,,8.8,290,58,4998
102,백령도,2021-11-08 21:00,5.9,0,10.1,320,64,4999
102,백령도,2021-11-08 22:00,5.9,,10.6,320,55,5000
102,백령도,2021-11-08 23:00,6,,9,320,48,5000
102,백령도,2021-11-09 00:00,5.8,0,7.5,290,53,5000
102,백령도,2021-11-09 01:00,3.3,,5.9,290,81,733
102,백령도,2021-11-09 02:00,3.8,,7.2,320,72,2934
102,백령도,2021-11-09 03:00,5.6,2.3,7,290,66,4587
102,백령도,2021-11-09 04:00,5,,5.9,290,68,3460
102,백령도,2021-11-09 05:00,6.5,,6.1,290,61,4967
102,백령도,2021-11-09 06:00,6.8,1.1,7.5,290,53,5000
102,백령도,2021-11-09 07:00,6.6,,6.7,290,55,5000
102,백령도,2021-11-09 08:00,7.3,,7.1,290,54,4998
102,백령도,2021-11-09 09:00,8.3,0,7.8,290,52,4862
102,백령도,2021-11-09 10:00,7.8,,6.7,290,54,4660
102,백령도,2021-11-09 11:00,8.5,,6.9,290,52,4997
102,백령도,2021-11-09 12:00,8.9,0,6.8,290,59,3840
102,백령도,2021-11-09 13:00,6.8,,7.7,290,54,4232
102,백령도,2021-11-09 14:00,7.9,,8.8,320,55,4997
102,백령도,2021-11-09 15:00,7.7,0,8.8,320,51,4696
102,백령도,2021-11-09 16:00,6.6,,7,320,58,4597
102,백령도,2021-11-09 17:00,6.5,,8.5,320,59,4844
102,백령도,2021-11-09 18:00,7.4,.1,10.6,320,48,4987
102,백령도,2021-11-09 19:00,6.8,,8.6,320,59,4637
102,백령도,2021-11-09 20:00,6,,8.9,320,56,4510
102,백령도,2021-11-09 21:00,5.3,.2,9,320,55,3692
102,백령도,2021-11-09 22:00,6.3,,8,320,51,4637
102,백령도,2021-11-09 23:00,6.8,,8.3,320,52,4966
102,백령도,2021-11-10 00:00,6.7,0,7.5,320,54,4528
102,백령도,2021-11-10 01:00,6.9,,6.7,320,54,4975
102,백령도,2021-11-10 02:00,6.9,,7.6,320,47,5000
102,백령도,2021-11-10 03:00,6.4,0,8,320,58,5000
102,백령도,2021-11-10 04:00,3.6,,3.6,270,85,4369
102,백령도,2021-11-10 05:00,6.3,,7.1,340,71,4996
102,백령도,2021-11-10 06:00,7.1,1.8,7.6,340,65,4942
102,백령도,2021-11-10 07:00,7.3,,10.3,320,52,5000
102,백령도,2021-11-10 08:00,5.6,,9.6,320,62,4087
102,백령도,2021-11-10 09:00,4.5,.2,8.8,320,70,3115
102,백령도,2021-11-10 10:00,6.3,,9,320,59,3267
102,백령도,2021-11-10 11:00,6.5,,6.7,290,69,4634
102,백령도,2021-11-10 12:00,5.8,.2,7.3,320,66,3901
102,백령도,2021-11-10 13:00,7.1,,6.6,320,74,4426
102,백령도,2021-11-10 14:00,7.3,,7.5,320,65,3520
102,백령도,2021-11-10 15:00,11.8,.1,10.1,320,47,4995
102,백령도,2021-11-10 16:00,9,,9,320,43,4993
102,백령도,2021-11-10 17:00,9.1,,8,320,48,4530
102,백령도,2021-11-10 18:00,9.4,0,10,320,44,4996
102,백령도,2021-11-10 19:00,9.3,,10.5,320,44,4935
102,백령도,2021-11-10 20:00,9.1,,9.5,320,43,4994
102,백령도,2021-11-10 21:00,9.2,,7.8,320,44,4999
102,백령도,2021-11-10 22:00,8.4,,11.6,340,35,4931
102,백령도,2021-11-10 23:00,8.6,,11.8,340,45,4972
102,백령도,2021-11-11 00:00,8.8,,11.5,340,41,4998
102,백령도,2021-11-11 01:00,8.8,,10.8,340,41,5000
102,백령도,2021-11-11 02:00,8.9,,8.1,340,41,5000
102,백령도,2021-11-11 03:00,9.1,,7.5,320,35,5000
102,백령도,2021-11-11 04:00,9.2,,8,320,34,5000
102,백령도,2021-11-11 05:00,9.2,,8.5,320,33,5000
102,백령도,2021-11-11 06:00,9.2,,8.3,320,33,5000
102,백령도,2021-11-11 07:00,9,,8.2,320,32,5000
102,백령도,2021-11-11 08:00,9.2,,7.1,320,37,5000
102,백령도,2021-11-11 09:00,10.9,,8.4,320,33,5000
102,백령도,2021-11-11 10:00,10.7,,9.7,320,34,4994
102,백령도,2021-11-11 11:00,10.9,,8.5,320,39,4934
102,백령도,2021-11-11 12:00,9.2,0,7.8,290,52,4938
102,백령도,2021-11-11 13:00,8.9,,8.9,320,43,4611
102,백령도,2021-11-11 14:00,9.2,,9.1,320,42,5000
102,백령도,2021-11-11 15:00,8.9,0,10,320,33,5000
102,백령도,2021-11-11 16:00,7.5,,9.3,320,42,4108
102,백령도,2021-11-11 17:00,6.8,,8.6,340,59,4825
102,백령도,2021-11-11 18:00,7.4,0,11.1,320,35,5000
102,백령도,2021-11-11 19:00,6.5,,10.9,320,51,5000
102,백령도,2021-11-11 20:00,7.1,,9.3,320,47,5000
102,백령도,2021-11-11 21:00,6.4,0,10.9,340,53,4099
102,백령도,2021-11-11 22:00,7,,8.9,320,38,5000
102,백령도,2021-11-11 23:00,6.8,,9.3,320,38,5000
102,백령도,2021-11-12 00:00,6.7,0,12.9,340,33,4985
102,백령도,2021-11-12 01:00,6.8,,9.5,340,38,5000
102,백령도,2021-11-12 02:00,6.9,,7.4,340,34,4999
102,백령도,2021-11-12 03:00,6.8,,6.9,320,38,5000
102,백령도,2021-11-12 04:00,7,,7.3,320,34,5000
102,백령도,2021-11-12 05:00,7.2,,8,320,31,5000
102,백령도,2021-11-12 06:00,7,,7.7,320,30,5000
102,백령도,2021-11-12 07:00,7.1,,8.9,320,29,5000
102,백령도,2021-11-12 08:00,7.4,,7.8,320,30,5000
102,백령도,2021-11-12 09:00,8.9,,8.1,320,30,5000
102,백령도,2021-11-12 10:00,8.3,,7.6,320,31,5000
102,백령도,2021-11-12 11:00,8.6,,6.7,340,28,5000
102,백령도,2021-11-12 12:00,12.5,,7.4,320,29,5000
102,백령도,2021-11-12 13:00,9.1,,7.6,320,32,5000
102,백령도,2021-11-12 14:00,9.7,,6.7,320,30,5000
102,백령도,2021-11-12 15:00,9.5,,6.2,340,35,5000
102,백령도,2021-11-12 16:00,10.6,,6.5,320,33,5000
102,백령도,2021-11-12 17:00,9.1,,6.9,320,36,5000
102,백령도,2021-11-12 18:00,9.1,,5.9,320,40,4999
102,백령도,2021-11-12 19:00,8.9,,5.8,320,35,5000
102,백령도,2021-11-12 20:00,9.1,,4.2,340,41,5000
102,백령도,2021-11-12 21:00,9.4,,4.9,320,39,5000
102,백령도,2021-11-12 22:00,9.6,,3.4,320,41,4999
102,백령도,2021-11-12 23:00,9.3,,2.3,290,42,5000
102,백령도,2021-11-13 00:00,9.9,,4,290,41,5000
102,백령도,2021-11-13 01:00,8.2,,2.6,90,59,4987
102,백령도,2021-11-13 02:00,7.4,,3.6,90,69,4918
102,백령도,2021-11-13 03:00,6.9,,3.2,90,67,4999
102,백령도,2021-11-13 04:00,6.6,,2.8,90,65,4998
102,백령도,2021-11-13 05:00,7.1,,3.1,90,67,5000
102,백령도,2021-11-13 06:00,7.2,,3.2,90,70,3466
102,백령도,2021-11-13 07:00,7.2,,3.3,110,75,4544
102,백령도,2021-11-13 08:00,9.3,,2.8,110,73,4526
102,백령도,2021-11-13 09:00,12,,3.1,90,71,3188
102,백령도,2021-11-13 10:00,11.4,,3.7,110,71,3931
102,백령도,2021-11-13 11:00,14,,1.9,90,67,3160
102,백령도,2021-11-13 12:00,16.3,,5.1,230,46,3330
102,백령도,2021-11-13 13:00,16.5,,5,230,34,4637
102,백령도,2021-11-13 14:00,15.8,,4.9,230,39,3191
102,백령도,2021-11-13 15:00,16.3,,3.5,230,38,2466
102,백령도,2021-11-13 16:00,15.2,,4.1,230,37,2600
102,백령도,2021-11-13 17:00,13.4,,4.1,230,43,2360
102,백령도,2021-11-13 18:00,12.3,,3.1,230,50,2095
102,백령도,2021-11-13 19:00,10.9,,1.9,200,58,1769
102,백령도,2021-11-13 20:00,10.2,,1.6,250,63,1622
102,백령도,2021-11-13 21:00,11.5,,2.4,230,54,1708
102,백령도,2021-11-13 22:00,11.8,,2.5,230,54,1665
102,백령도,2021-11-13 23:00,12.2,,3.8,250,56,1377
102,백령도,2021-11-14 00:00,12.2,,3.4,230,52,1553
102,백령도,2021-11-14 01:00,12.1,,3.5,230,57,1458
102,백령도,2021-11-14 02:00,12.2,,4,250,57,1255
102,백령도,2021-11-14 03:00,11.3,,2.7,250,59,1010
102,백령도,2021-11-14 04:00,11.8,,3.4,250,56,1073
102,백령도,2021-11-14 05:00,11.2,,2.7,250,56,1226
102,백령도,2021-11-14 06:00,11.5,,2.4,250,53,1311
102,백령도,2021-11-14 07:00,11.3,,2.4,250,54,1258
102,백령도,2021-11-14 08:00,12.1,,2.7,250,57,1086
102,백령도,2021-11-14 09:00,15.5,,2.7,250,50,1117
102,백령도,2021-11-14 10:00,17.2,,3,270,50,1054
102,백령도,2021-11-14 11:00,17.8,,4.5,290,49,1619
102,백령도,2021-11-14 12:00,18.1,,5.1,290,45,1769
102,백령도,2021-11-14 13:00,18.7,,4.8,290,51,1805
102,백령도,2021-11-14 14:00,18.1,,4.5,290,41,1796
102,백령도,2021-11-14 15:00,16.7,,5.9,290,43,1859
102,백령도,2021-11-14 16:00,16.4,,4.6,290,42,1997
102,백령도,2021-11-14 17:00,13.8,,3.8,290,41,2787
102,백령도,2021-11-14 18:00,11.1,,3.1,290,49,2510
102,백령도,2021-11-14 19:00,10.5,,2.7,270,55,2921
102,백령도,2021-11-14 20:00,10.3,,2.8,290,55,3338
102,백령도,2021-11-14 21:00,11.5,,3.2,320,51,3590
102,백령도,2021-11-14 22:00,11.7,,3.6,320,51,3840
102,백령도,2021-11-14 23:00,11.2,,2.9,290,54,3643
102,백령도,2021-11-15 00:00,10.5,,2,290,56,1465
102,백령도,2021-11-15 01:00,11.1,,2.4,320,51,3328
102,백령도,2021-11-15 02:00,10.7,,2.2,290,53,3840
102,백령도,2021-11-15 03:00,10.6,,2.5,290,51,3498
102,백령도,2021-11-15 04:00,11.8,,3.3,320,46,3315
102,백령도,2021-11-15 05:00,12,,3.3,360,53,2572
102,백령도,2021-11-15 06:00,11,,2.4,50,65,2807
102,백령도,2021-11-15 07:00,10.9,,2.6,20,65,2332
102,백령도,2021-11-15 08:00,11.4,,1.6,20,65,2319
102,백령도,2021-11-15 09:00,13.7,,1.9,360,57,2630
102,백령도,2021-11-15 10:00,15.6,,2.6,360,46,3726
102,백령도,2021-11-15 11:00,16.6,,2.5,360,44,4055
102,백령도,2021-11-15 12:00,15.1,,2.9,360,40,4537
102,백령도,2021-11-15 13:00,13.8,,2.8,290,39,4768
102,백령도,2021-11-15 14:00,13.2,,2.8,360,46,3931
102,백령도,2021-11-15 15:00,14.3,,3.2,360,51,3456
102,백령도,2021-11-15 16:00,12,,2.7,340,50,4101
102,백령도,2021-11-15 17:00,11.2,,2.9,340,56,3285
102,백령도,2021-11-15 18:00,10.7,,2.9,340,56,3642
102,백령도,2021-11-15 19:00,10.7,,3.8,340,47,4825
102,백령도,2021-11-15 20:00,10.5,,5,340,49,4937
102,백령도,2021-11-15 21:00,10.4,,4.5,360,49,4924
102,백령도,2021-11-15 22:00,10.4,,5.3,340,45,4994
102,백령도,2021-11-15 23:00,10.3,,4.3,360,39,5000
102,백령도,2021-11-16 00:00,10.2,,3.6,340,41,4999
102,백령도,2021-11-16 01:00,10.3,,3.8,340,43,4960
102,백령도,2021-11-16 02:00,10.4,,3.9,340,43,4566
102,백령도,2021-11-16 03:00,10.4,,3.5,340,45,4021
102,백령도,2021-11-16 04:00,10.3,,3,340,45,3638
102,백령도,2021-11-16 05:00,10.9,,4.4,340,42,3054
102,백령도,2021-11-16 06:00,9.6,,3,50,52,4306
102,백령도,2021-11-16 07:00,9.4,,2.3,360,57,3780
102,백령도,2021-11-16 08:00,10.3,,4,340,49,2479
102,백령도,2021-11-16 09:00,13.2,,2.8,340,45,3342
102,백령도,2021-11-16 10:00,14,,4,320,37,3644
102,백령도,2021-11-16 11:00,14.6,,4,320,36,4368
102,백령도,2021-11-16 12:00,14.9,,5.4,320,35,4730
102,백령도,2021-11-16 13:00,14.4,,4.6,320,37,4900
102,백령도,2021-11-16 14:00,11.5,,4.7,340,35,4922
102,백령도,2021-11-16 15:00,11,,5.2,340,39,4994
102,백령도,2021-11-16 16:00,10.3,,5.6,340,39,4999
102,백령도,2021-11-16 17:00,9.6,,4,320,52,4985
102,백령도,2021-11-16 18:00,9.1,,4.2,320,51,5000
102,백령도,2021-11-16 19:00,8.8,,3.9,320,54,5000
102,백령도,2021-11-16 20:00,9.2,,4.4,320,52,4999
102,백령도,2021-11-16 21:00,9.2,,3.9,320,56,4983
102,백령도,2021-11-16 22:00,8.9,,3.2,320,58,4942
102,백령도,2021-11-16 23:00,9,,3.1,320,57,4995
102,백령도,2021-11-17 00:00,9.4,,3.4,320,53,5000
102,백령도,2021-11-17 01:00,9.6,,3.3,320,56,5000
102,백령도,2021-11-17 02:00,9.9,,4.4,320,56,5000
102,백령도,2021-11-17 03:00,9.9,,3.2,320,53,5000
102,백령도,2021-11-17 04:00,8.5,,1.8,50,69,4950
102,백령도,2021-11-17 05:00,8.5,,1.9,90,75,4476
102,백령도,2021-11-17 06:00,8.4,,1.6,140,77,4285
102,백령도,2021-11-17 07:00,7.5,,1.8,160,81,3772
102,백령도,2021-11-17 08:00,8.3,,1.9,140,79,4221
102,백령도,2021-11-17 09:00,10.7,,2.5,140,68,4005
102,백령도,2021-11-17 10:00,11.5,,2.7,160,63,4715
102,백령도,2021-11-17 11:00,11.7,,4.1,160,62,4810
102,백령도,2021-11-17 12:00,12,,3.1,200,52,3284
102,백령도,2021-11-17 13:00,12.3,,3.1,180,58,2679
102,백령도,2021-11-17 14:00,12.1,,4,180,60,2573
102,백령도,2021-11-17 15:00,12.1,,4.5,180,64,2335
102,백령도,2021-11-17 16:00,12,,4.7,160,70,2190
102,백령도,2021-11-17 17:00,11.8,,3.7,160,75,1837
102,백령도,2021-11-17 18:00,11.7,,3.7,180,79,1299
102,백령도,2021-11-17 19:00,11.9,,4.8,180,81,1446
102,백령도,2021-11-17 20:00,11.8,,2.4,160,84,1302
102,백령도,2021-11-17 21:00,12.5,,2.3,200,89,1024
102,백령도,2021-11-17 22:00,13.5,,3.5,230,86,1171
102,백령도,2021-11-17 23:00,13.5,,3.7,230,85,1132
102,백령도,2021-11-18 00:00,13.6,,4,230,84,1204
102,백령도,2021-11-18 01:00,13.7,,3.8,230,86,1192
102,백령도,2021-11-18 02:00,13.7,,4.4,230,86,1171
102,백령도,2021-11-18 03:00,13.9,,4.9,250,87,1218
102,백령도,2021-11-18 04:00,13.8,,4.5,230,88,1163
102,백령도,2021-11-18 05:00,13.7,,4.3,230,90,964
102,백령도,2021-11-18 06:00,13.7,,4,250,90,618
102,백령도,2021-11-18 07:00,13.3,,3.8,250,89,412
102,백령도,2021-11-18 08:00,13,,3.1,250,82,437
102,백령도,2021-11-18 09:00,13.6,,2.8,270,81,429
102,백령도,2021-11-18 10:00,14.4,,2.7,250,79,388
102,백령도,2021-11-18 11:00,14.7,,3.2,270,71,338
102,백령도,2021-11-18 12:00,14.9,,3.7,270,68,338
102,백령도,2021-11-18 13:00,15.2,,3.7,270,68,344
102,백령도,2021-11-18 14:00,15.3,,4,230,66,340
102,백령도,2021-11-18 15:00,15.1,,2.5,200,72,341
102,백령도,2021-11-18 16:00,14.1,,3.2,180,80,280
102,백령도,2021-11-18 17:00,13.2,,2.4,180,88,224
102,백령도,2021-11-18 18:00,13.3,,3.5,200,91,196
102,백령도,2021-11-18 19:00,13.7,,4.5,200,95,181
102,백령도,2021-11-18 20:00,14,,5.4,230,92,332
102,백령도,2021-11-18 21:00,14.3,,5.4,230,91,369
102,백령도,2021-11-18 22:00,14.3,,5.7,230,93,332
102,백령도,2021-11-18 23:00,13.8,,5.4,230,94,351
102,백령도,2021-11-19 00:00,14.1,,6.1,230,93,410
102,백령도,2021-11-19 01:00,14.1,,6.8,230,93,420
102,백령도,2021-11-19 02:00,14.1,,6.3,250,93,437
102,백령도,2021-11-19 03:00,14,,5.7,250,94,418
102,백령도,2021-11-19 04:00,14,,4.9,270,90,471
102,백령도,2021-11-19 05:00,13.7,,4.1,290,90,381
102,백령도,2021-11-19 06:00,14.1,,5,320,87,316
102,백령도,2021-11-19 07:00,13.5,,6,340,85,185
102,백령도,2021-11-19 08:00,12.8,,5.5,360,82,234
102,백령도,2021-11-19 09:00,12.6,,5.8,360,74,404
102,백령도,2021-11-19 10:00,12.7,,6,360,68,916
102,백령도,2021-11-19 11:00,12.8,,6.7,360,64,1300
102,백령도,2021-11-19 12:00,12.6,,7.4,360,55,2564
102,백령도,2021-11-19 13:00,12.7,,6.8,360,52,2856
102,백령도,2021-11-19 14:00,12.3,,6.3,360,51,3138
102,백령도,2021-11-19 15:00,11.8,,5.1,360,51,3343
102,백령도,2021-11-19 16:00,11.2,,4.2,360,55,3602
102,백령도,2021-11-19 17:00,10.3,,4.3,360,56,3946
102,백령도,2021-11-19 18:00,9.5,,2.6,360,61,4342
102,백령도,2021-11-19 19:00,9.4,,3.1,340,61,4714
102,백령도,2021-11-19 20:00,9.4,,3.4,340,60,4830
102,백령도,2021-11-19 21:00,9.9,,4.4,340,58,4934
102,백령도,2021-11-19 22:00,9.9,,4.8,340,56,5000
102,백령도,2021-11-19 23:00,9.8,,4.3,340,53,5000
102,백령도,2021-11-20 00:00,9.9,,4.4,340,53,5000
102,백령도,2021-11-20 01:00,9.8,,4.2,340,55,5000
102,백령도,2021-11-20 02:00,9.8,,3.6,340,52,5000
102,백령도,2021-11-20 03:00,9.5,,3.4,340,56,5000
102,백령도,2021-11-20 04:00,9.9,,3.5,360,58,4999
102,백령도,2021-11-20 05:00,9.6,,2.4,360,60,4992
102,백령도,2021-11-20 06:00,8.8,,2,50,67,4930
102,백령도,2021-11-20 07:00,8.3,,2,70,75,4055
102,백령도,2021-11-20 08:00,9,,1.8,20,64,4667
102,백령도,2021-11-20 09:00,10.3,,2.7,360,62,4854
102,백령도,2021-11-20 10:00,11.1,,3,360,57,4848
102,백령도,2021-11-20 11:00,11.3,,2.1,340,56,4902
102,백령도,2021-11-20 12:00,12.5,,3.2,360,49,4760
102,백령도,2021-11-20 13:00,12.7,,3.4,360,50,4977
102,백령도,2021-11-20 14:00,12.8,,4,340,51,4919
102,백령도,2021-11-20 15:00,12.6,,5.4,340,50,4996
102,백령도,2021-11-20 16:00,12.3,,4.7,360,48,4988
102,백령도,2021-11-20 17:00,11.4,,2.4,360,58,4064
102,백령도,2021-11-20 18:00,10.5,,1.5,50,62,3732
102,백령도,2021-11-20 19:00,9.8,,1.9,340,64,3728
102,백령도,2021-11-20 20:00,10.4,,.7,360,66,3235
102,백령도,2021-11-20 21:00,10.8,,1.4,70,64,3854
102,백령도,2021-11-20 22:00,10.6,,1.8,70,64,3706
102,백령도,2021-11-20 23:00,10.8,,.9,70,69,3550
102,백령도,2021-11-21 00:00,10.2,,.9,110,75,2874
102,백령도,2021-11-21 01:00,9.8,,.6,20,78,3053
102,백령도,2021-11-21 02:00,10.2,,2.3,110,74,2779
102,백령도,2021-11-21 03:00,10.4,,1.3,140,74,2605
102,백령도,2021-11-21 04:00,10,,1.6,160,74,2625
102,백령도,2021-11-21 05:00,10.4,,1.2,140,70,2714
102,백령도,2021-11-21 06:00,10.8,,1.9,160,78,2050
102,백령도,2021-11-21 07:00,11,,2,180,76,2127
102,백령도,2021-11-21 08:00,11.3,,1.6,200,78,2021
102,백령도,2021-11-21 09:00,11.7,0,1.8,200,81,2468
102,백령도,2021-11-21 10:00,12.5,,2.2,200,71,3317
102,백령도,2021-11-21 11:00,11.7,,1.6,160,81,1928
102,백령도,2021-11-21 12:00,12.6,.1,3.3,180,78,2468
102,백령도,2021-11-21 13:00,12.4,,2.6,200,81,2176
102,백령도,2021-11-21 14:00,12.4,,2.4,200,81,2222
102,백령도,2021-11-21 15:00,12.7,0,2.7,200,87,2464
102,백령도,2021-11-21 16:00,13,,3.5,230,84,1800
102,백령도,2021-11-21 17:00,11.1,,7.7,290,89,2406
102,백령도,2021-11-21 18:00,10.6,.4,7.8,290,86,3093
102,백령도,2021-11-21 19:00,9.3,,8.5,290,85,1438
102,백령도,2021-11-21 20:00,8.1,,10.5,290,84,1379
102,백령도,2021-11-21 21:00,8,1.1,11.7,320,74,1998
102,백령도,2021-11-21 22:00,7.9,,9.5,320,71,2091
102,백령도,2021-11-21 23:00,7.9,,11.8,320,65,1885
102,백령도,2021-11-22 00:00,7.3,,11,320,54,1999
102,백령도,2021-11-22 01:00,7,,10.5,320,54,1933
102,백령도,2021-11-22 02:00,6.7,,8,320,51,1958
102,백령도,2021-11-22 03:00,3.6,0,10,320,83,1100
102,백령도,2021-11-22 04:00,5.3,,5.8,320,68,2089
102,백령도,2021-11-22 05:00,4.5,,7.8,320,73,2933
102,백령도,2021-11-22 06:00,5.7,.3,7.4,320,52,2918
102,백령도,2021-11-22 07:00,5,,9.3,320,68,3009
102,백령도,2021-11-22 08:00,4.7,,12.5,320,47,4070
102,백령도,2021-11-22 09:00,4.3,0,10.8,320,58,4368
102,백령도,2021-11-22 10:00,4.3,,11.4,320,58,4555
102,백령도,2021-11-22 11:00,4.8,,11.3,320,59,4085
102,백령도,2021-11-22 12:00,3.1,0,9.3,290,74,2880
102,백령도,2021-11-22 13:00,4.2,,11.8,320,50,3810
102,백령도,2021-11-22 14:00,4.2,,11,320,56,3795
102,백령도,2021-11-22 15:00,3.7,0,10.4,320,55,3799
102,백령도,2021-11-22 16:00,2.8,,8.8,320,59,3241
102,백령도,2021-11-22 17:00,3.1,,9.4,320,63,3496
102,백령도,2021-11-22 18:00,3.4,0,10,320,61,3902
102,백령도,2021-11-22 19:00,3.4,,9.8,320,56,3311
102,백령도,2021-11-22 20:00,3.4,,9.7,320,51,4482
102,백령도,2021-11-22 21:00,2.9,0,9.5,320,53,2593
102,백령도,2021-11-22 22:00,2.9,,10.6,340,62,4716
102,백령도,2021-11-22 23:00,2.5,,11.2,320,58,4199
102,백령도,2021-11-23 00:00,2.5,0,9.7,340,52,4753
102,백령도,2021-11-23 01:00,2.4,,8.5,340,47,4984
102,백령도,2021-11-23 02:00,2.5,,9.9,340,45,4865
102,백령도,2021-11-23 03:00,2.5,0,7.7,320,44,4723
102,백령도,2021-11-23 04:00,1.8,,7.1,340,59,1898
102,백령도,2021-11-23 05:00,2.6,,6.1,340,60,4100
102,백령도,2021-11-23 06:00,2.6,0,5.2,320,58,3301
102,백령도,2021-11-23 07:00,3,,6.9,320,55,4499
102,백령도,2021-11-23 08:00,3.2,,6.6,320,58,4540
102,백령도,2021-11-23 09:00,3.1,0,7.9,320,55,3451
102,백령도,2021-11-23 10:00,2.8,,7.6,290,56,3421
102,백령도,2021-11-23 11:00,2.7,,8.9,320,53,4695
102,백령도,2021-11-23 12:00,2,0,8.3,320,66,4400
102,백령도,2021-11-23 13:00,2.5,,7.8,320,71,2123
102,백령도,2021-11-23 14:00,3,,7.3,290,68,3282
102,백령도,2021-11-23 15:00,3.4,0,7.9,290,57,4962
102,백령도,2021-11-23 16:00,3.9,,9,320,54,4991
102,백령도,2021-11-23 17:00,4.3,,9.4,320,50,4995
102,백령도,2021-11-23 18:00,4.8,0,8.6,320,51,4998
102,백령도,2021-11-23 19:00,5.2,,9.1,320,53,5000
102,백령도,2021-11-23 20:00,5.6,,10.5,320,48,5000
102,백령도,2021-11-23 21:00,5.6,,9.1,320,48,4998
102,백령도,2021-11-23 22:00,5,,8.3,320,42,5000
102,백령도,2021-11-23 23:00,4.8,,6.2,320,43,5000
102,백령도,2021-11-24 00:00,5.1,,4.4,320,51,5000
102,백령도,2021-11-24 01:00,5.2,,4.2,340,53,5000
102,백령도,2021-11-24 02:00,5.8,,4.8,290,55,4793
102,백령도,2021-11-24 03:00,4.6,0,1.6,230,65,4981
102,백령도,2021-11-24 04:00,5.4,,3,250,66,4874
102,백령도,2021-11-24 05:00,6,,3.4,250,66,4320
102,백령도,2021-11-24 06:00,7.8,,6.3,290,50,4460
102,백령도,2021-11-24 07:00,8.4,,7.3,320,39,4909
102,백령도,2021-11-24 08:00,8.9,,7.1,290,42,4344
102,백령도,2021-11-24 09:00,9.4,,7.4,290,44,3990
102,백령도,2021-11-24 10:00,9.8,,6.2,290,42,3889
102,백령도,2021-11-24 11:00,9.9,,6.5,290,42,3912
102,백령도,2021-11-24 12:00,9.7,,5.2,290,46,3077
102,백령도,2021-11-24 13:00,8.8,,4.2,270,62,2563
102,백령도,2021-11-24 14:00,10.6,,6.8,250,52,2177
102,백령도,2021-11-24 15:00,11,0,7.2,250,38,3096
102,백령도,2021-11-24 16:00,10.5,,7.3,270,27,4678
102,백령도,2021-11-24 17:00,9.8,,5.4,250,30,4377
102,백령도,2021-11-24 18:00,9.7,,5.1,250,39,4570
102,백령도,2021-11-24 19:00,10,,4.9,250,38,4849
102,백령도,2021-11-24 20:00,10,,4.4,250,43,4411
102,백령도,2021-11-24 21:00,10,,4.2,250,44,4004
102,백령도,2021-11-24 22:00,9.8,,3.4,270,41,3884
102,백령도,2021-11-24 23:00,10.1,,3.8,250,45,2956
102,백령도,2021-11-25 00:00,10,,4.2,270,50,2683
102,백령도,2021-11-25 01:00,10.7,,5.1,320,62,1900
102,백령도,2021-11-25 02:00,8.7,,3.3,360,79,1526
102,백령도,2021-11-25 03:00,8.3,,1.9,340,76,1607
102,백령도,2021-11-25 04:00,8.1,,2,250,73,1690
102,백령도,2021-11-25 05:00,8.1,,2,360,67,1841
102,백령도,2021-11-25 06:00,7.2,,3,50,56,2479
102,백령도,2021-11-25 07:00,5.9,,2.7,70,59,2685
102,백령도,2021-11-25 08:00,6.3,,2.7,50,54,3221
102,백령도,2021-11-25 09:00,7,,2.4,50,55,3022
102,백령도,2021-11-25 10:00,7.6,,2.9,360,48,3410
102,백령도,2021-11-25 11:00,8.4,,3.2,340,48,3251
102,백령도,2021-11-25 12:00,8.4,,3.9,340,52,3258
102,백령도,2021-11-25 13:00,8.6,,7.1,340,49,3293
102,백령도,2021-11-25 14:00,8.7,,6.2,340,50,3171
102,백령도,2021-11-25 15:00,8.2,,5.6,340,54,3343
102,백령도,2021-11-25 16:00,7.6,,5.3,340,56,3085
102,백령도,2021-11-25 17:00,6.8,,4.6,340,58,3655
102,백령도,2021-11-25 18:00,6.5,,4.9,340,52,4551
102,백령도,2021-11-25 19:00,6.4,,4.1,340,48,4928
102,백령도,2021-11-25 20:00,6.6,,4.3,340,48,4991
102,백령도,2021-11-25 21:00,6.5,,3.5,320,47,4991
102,백령도,2021-11-25 22:00,6.5,,3.2,340,49,5000
102,백령도,2021-11-25 23:00,6.9,,4.7,340,48,4977
102,백령도,2021-11-26 00:00,7,,4,340,49,4915
102,백령도,2021-11-26 01:00,6.8,,2.7,320,49,4846
102,백령도,2021-11-26 02:00,6.8,,2.7,320,51,4478
102,백령도,2021-11-26 03:00,5.9,,2,270,56,4622
102,백령도,2021-11-26 04:00,7.7,,4.1,340,46,4694
102,백령도,2021-11-26 05:00,7.7,,2.5,360,59,4709
102,백령도,2021-11-26 06:00,6.5,,3.6,70,70,3610
102,백령도,2021-11-26 07:00,5.3,,3.6,70,72,4207
102,백령도,2021-11-26 08:00,4.7,,2,90,75,3564
102,백령도,2021-11-26 09:00,6.6,,2.3,140,61,3963
102,백령도,2021-11-26 10:00,6.5,,3.3,70,66,3727
102,백령도,2021-11-26 11:00,7.2,,2.7,70,57,4264
102,백령도,2021-11-26 12:00,7.9,,3.1,70,49,4665
102,백령도,2021-11-26 13:00,7,,3,70,48,4851
102,백령도,2021-11-26 14:00,6.8,,2.9,360,56,4556
102,백령도,2021-11-26 15:00,7.1,,4.8,360,63,4040
102,백령도,2021-11-26 16:00,6.6,,3.1,360,73,3214
102,백령도,2021-11-26 17:00,6.6,,7.1,340,54,4987
102,백령도,2021-11-26 18:00,6.2,,7.6,340,53,4932
102,백령도,2021-11-26 19:00,6.3,,8.2,360,47,5000
102,백령도,2021-11-26 20:00,6.3,,8,360,48,4992
102,백령도,2021-11-26 21:00,6.4,,7.6,360,52,4999
102,백령도,2021-11-26 22:00,6.1,,7,360,53,4966
102,백령도,2021-11-26 23:00,6.1,,6.7,360,54,4939
102,백령도,2021-11-27 00:00,5.9,,5.8,360,54,4978
102,백령도,2021-11-27 01:00,5.5,,6.1,360,56,4525
102,백령도,2021-11-27 02:00,5.4,,6.3,340,56,4643
102,백령도,2021-11-27 03:00,5,,4.7,360,62,4291
102,백령도,2021-11-27 04:00,4.4,,3,20,66,4024
102,백령도,2021-11-27 05:00,4.3,,3.2,360,68,4499
102,백령도,2021-11-27 06:00,3.7,,1.5,360,73,3915
102,백령도,2021-11-27 07:00,3.7,,2.2,360,72,3804
102,백령도,2021-11-27 08:00,3.9,,2.6,340,72,3474
102,백령도,2021-11-27 09:00,4.9,,3.5,340,70,3548
102,백령도,2021-11-27 10:00,5.8,,4.4,360,65,3553
102,백령도,2021-11-27 11:00,6.6,,3.1,360,65,3616
102,백령도,2021-11-27 12:00,7.3,,3.6,360,63,3543
102,백령도,2021-11-27 13:00,7.7,,4.2,340,62,3990
102,백령도,2021-11-27 14:00,7.6,,3.8,360,63,4053
102,백령도,2021-11-27 15:00,7.7,,3.3,340,63,4135
102,백령도,2021-11-27 16:00,7.6,,2.7,340,59,4308
102,백령도,2021-11-27 17:00,6.6,,2.3,340,61,4658
102,백령도,2021-11-27 18:00,5,,.7,290,66,4090
102,백령도,2021-11-27 19:00,5.3,,.7,230,69,4448
102,백령도,2021-11-27 20:00,6.1,,.4,0,62,4658
102,백령도,2021-11-27 21:00,6.1,,.4,0,64,4612
102,백령도,2021-11-27 22:00,5.3,,.7,230,67,4571
102,백령도,2021-11-27 23:00,5.6,,.2,0,66,4608
102,백령도,2021-11-28 00:00,5.4,,1.1,230,65,4511
102,백령도,2021-11-28 01:00,5.5,,1.4,200,66,3100
102,백령도,2021-11-28 02:00,6.4,,.5,160,60,2876
102,백령도,2021-11-28 03:00,6.2,,.5,160,60,3105
102,백령도,2021-11-28 04:00,5.9,,.5,230,62,3618
102,백령도,2021-11-28 05:00,5.7,,.2,0,66,3681
102,백령도,2021-11-28 06:00,6.4,,1.1,140,63,4249
102,백령도,2021-11-28 07:00,6.2,,1.9,140,77,3927
102,백령도,2021-11-28 08:00,6.3,,2,140,83,3225
102,백령도,2021-11-28 09:00,7.4,,3.3,140,83,2931
102,백령도,2021-11-28 10:00,8.2,,4,140,82,2146
102,백령도,2021-11-28 11:00,9.4,,4.9,180,67,3490
102,백령도,2021-11-28 12:00,9.8,,5,160,61,3483
102,백령도,2021-11-28 13:00,9.6,,4.7,180,63,3549
102,백령도,2021-11-28 14:00,9.7,,4.6,180,62,3153
102,백령도,2021-11-28 15:00,10.1,,4.3,160,59,3627
102,백령도,2021-11-28 16:00,9.6,,3.5,180,61,2731
102,백령도,2021-11-28 17:00,8.8,,1.8,160,66,1604
102,백령도,2021-11-28 18:00,8.3,,1.3,180,71,1148
102,백령도,2021-11-28 19:00,8.5,,1.9,160,74,4106
102,백령도,2021-11-28 20:00,7.9,,2.1,140,84,1743
102,백령도,2021-11-28 21:00,8.3,,2.5,140,85,1296
102,백령도,2021-11-28 22:00,8.1,,2,140,89,935
102,백령도,2021-11-28 23:00,8.4,,3,160,90,704
102,백령도,2021-11-29 00:00,8.1,,1.8,160,79,4999
102,백령도,2021-11-29 01:00,8.7,,1.7,180,79,4612
102,백령도,2021-11-29 02:00,8.5,,1.8,160,82,4574
102,백령도,2021-11-29 03:00,8.9,,1.4,160,83,4903
102,백령도,2021-11-29 04:00,8.8,,2,70,89,3262
102,백령도,2021-11-29 05:00,8.5,,4.1,90,90,724
102,백령도,2021-11-29 06:00,8.4,,3.4,110,89,801
102,백령도,2021-11-29 07:00,8.3,,2.9,110,89,645
102,백령도,2021-11-29 08:00,8.5,,3.3,140,85,923
102,백령도,2021-11-29 09:00,9.2,,3.4,140,83,1013
102,백령도,2021-11-29 10:00,9.7,,4.2,140,79,1033
102,백령도,2021-11-29 11:00,10.2,,3.7,140,78,1050
102,백령도,2021-11-29 12:00,10.3,,4.2,140,79,1009
102,백령도,2021-11-29 13:00,10.3,,4.1,140,83,790
102,백령도,2021-11-29 14:00,10.7,,4.2,140,88,701
102,백령도,2021-11-29 15:00,10.6,.1,4,140,94,440
102,백령도,2021-11-29 16:00,10.1,,4,140,100,166
102,백령도,2021-11-29 17:00,10.3,,3.2,160,93,1384
102,백령도,2021-11-29 18:00,10.3,.9,3.1,140,92,2695
102,백령도,2021-11-29 19:00,10.5,,4.6,110,96,543
102,백령도,2021-11-29 20:00,11.2,,4.2,140,97,762
102,백령도,2021-11-29 21:00,11.8,.6,6.7,180,89,3717
102,백령도,2021-11-29 22:00,12,,9.9,160,85,4215
102,백령도,2021-11-29 23:00,11.7,,10,180,89,2388
102,백령도,2021-11-30 00:00,11.5,1.1,6.8,160,93,2783
102,백령도,2021-11-30 01:00,11.6,,7.6,180,94,3331
102,백령도,2021-11-30 02:00,10.7,,1.9,290,99,546
102,백령도,2021-11-30 03:00,10.2,7.5,2.3,90,100,591
102,백령도,2021-11-30 04:00,9.6,,1.2,320,100,395
102,백령도,2021-11-30 05:00,10.2,,.7,270,99,3763
102,백령도,2021-11-30 06:00,10.2,.2,1.9,50,95,4818
102,백령도,2021-11-30 07:00,9.9,,1.9,90,100,1100
102,백령도,2021-11-30 08:00,9.5,,2.2,320,97,243
102,백령도,2021-11-30 09:00,8.9,7.6,9.9,320,92,3006
102,백령도,2021-11-30 10:00,8.1,,11.3,320,88,1718
102,백령도,2021-11-30 11:00,7.3,,11.7,320,90,1485
102,백령도,2021-11-30 12:00,6.5,1,12,320,82,2631
102,백령도,2021-11-30 13:00,5.8,,12.6,320,84,1809
102,백령도,2021-11-30 14:00,5.1,,12.8,320,79,2706
102,백령도,2021-11-30 15:00,4.8,0,12.6,320,78,1980
102,백령도,2021-11-30 16:00,4.8,,14,320,65,2934
102,백령도,2021-11-30 17:00,4.5,,13,340,65,3011
102,백령도,2021-11-30 18:00,4,0,12.8,340,58,2943
102,백령도,2021-11-30 19:00,4,,17,340,56,2474
102,백령도,2021-11-30 20:00,3.7,,14.6,340,59,2342
102,백령도,2021-11-30 21:00,2.9,0,15,340,68,1729
102,백령도,2021-11-30 22:00,2.9,,13.2,340,65,1253
102,백령도,2021-11-30 23:00,3,,14.9,340,61,3899
102,백령도,2021-12-01 00:00,2.3,0,12.8,340,57,3998
102,백령도,2021-12-01 01:00,2.3,,14.5,340,60,3867
102,백령도,2021-12-01 02:00,2,,14.8,340,52,4340
102,백령도,2021-12-01 03:00,1.9,0,13.9,340,59,2176
102,백령도,2021-12-01 04:00,2.1,,10.6,340,59,4065
102,백령도,2021-12-01 05:00,1.8,,14.6,340,59,2706
102,백령도,2021-12-01 06:00,1.9,0,13.3,340,52,2110
102,백령도,2021-12-01 07:00,.9,,13.7,340,74,1740
102,백령도,2021-12-01 08:00,.8,,13.3,340,72,709
102,백령도,2021-12-01 09:00,1.7,0,14.4,340,56,4380
102,백령도,2021-12-01 10:00,1.2,,12.4,340,63,2266
102,백령도,2021-12-01 11:00,1.4,,13,340,67,804
102,백령도,2021-12-01 12:00,2,0,11.3,340,62,1572
102,백령도,2021-12-01 13:00,2.6,,12.3,340,47,4938
102,백령도,2021-12-01 14:00,2.6,,10.3,340,51,4990
102,백령도,2021-12-01 15:00,2.7,0,11.1,340,54,4881
102,백령도,2021-12-01 16:00,2.8,,9.1,340,53,5000
102,백령도,2021-12-01 17:00,2.7,,10.6,340,47,5000
102,백령도,2021-12-01 18:00,2.8,0,7.3,340,44,5000
102,백령도,2021-12-01 19:00,3,,9,340,48,4999
102,백령도,2021-12-01 20:00,3,,8.8,340,48,5000
102,백령도,2021-12-01 21:00,3,,5.4,340,47,4996
102,백령도,2021-12-01 22:00,3.1,,6,320,52,4999
102,백령도,2021-12-01 23:00,3.1,,4.9,320,50,4978
102,백령도,2021-12-02 00:00,3.3,,5,320,50,5000
102,백령도,2021-12-02 01:00,3.2,,4.9,320,47,4996
102,백령도,2021-12-02 02:00,3.2,,4.7,320,48,5000
102,백령도,2021-12-02 03:00,2.8,,2.8,340,48,5000
102,백령도,2021-12-02 04:00,2.6,,2.5,320,51,5000
102,백령도,2021-12-02 05:00,1.3,,1.9,230,55,5000
102,백령도,2021-12-02 06:00,1.3,,2.5,200,56,5000
102,백령도,2021-12-02 07:00,3.6,,3.1,230,53,5000
102,백령도,2021-12-02 08:00,4.5,,3.6,230,53,5000
102,백령도,2021-12-02 09:00,5,0,5.6,230,64,4205
102,백령도,2021-12-02 10:00,6.2,,7.9,250,61,4573
102,백령도,2021-12-02 11:00,7.1,,9.1,250,47,4784
102,백령도,2021-12-02 12:00,7.8,0,7.9,250,41,4983
102,백령도,2021-12-02 13:00,7.8,,8.1,250,44,3942
102,백령도,2021-12-02 14:00,7.9,,8,250,41,3707
102,백령도,2021-12-02 15:00,8.2,,7.1,250,38,4290
102,백령도,2021-12-02 16:00,8.1,,8.3,250,44,3960
102,백령도,2021-12-02 17:00,7.3,,5.2,250,40,4352
102,백령도,2021-12-02 18:00,7.2,,6.1,250,42,4219
102,백령도,2021-12-02 19:00,7.5,,5.3,250,45,3963
102,백령도,2021-12-02 20:00,7.9,,7.1,250,47,3476
102,백령도,2021-12-02 21:00,8.6,,6.7,250,49,3081
102,백령도,2021-12-02 22:00,8.9,,6.4,270,53,2400
102,백령도,2021-12-02 23:00,9.5,,7.3,290,47,3760
102,백령도,2021-12-03 00:00,9.1,.1,9,320,50,3918
102,백령도,2021-12-03 01:00,8.6,,9.8,340,42,4435
102,백령도,2021-12-03 02:00,7.6,,9.9,340,43,4854
102,백령도,2021-12-03 03:00,7,,9.2,340,41,4693
102,백령도,2021-12-03 04:00,6.6,,11.2,340,39,4899
102,백령도,2021-12-03 05:00,5.8,,9.9,340,41,4747
102,백령도,2021-12-03 06:00,4.9,,10.3,340,46,4923
102,백령도,2021-12-03 07:00,4,,10.1,340,48,5000
102,백령도,2021-12-03 08:00,3.5,,9.9,340,44,5000
102,백령도,2021-12-03 09:00,3.7,,10.7,340,45,5000
102,백령도,2021-12-03 10:00,4.2,,8.7,340,41,4927
102,백령도,2021-12-03 11:00,3.6,,11.6,340,43,5000
102,백령도,2021-12-03 12:00,3.9,,9.2,340,43,5000
102,백령도,2021-12-03 13:00,3.5,,8.2,340,46,4855
102,백령도,2021-12-03 14:00,4.6,,8.2,340,44,5000
102,백령도,2021-12-03 15:00,4.3,,8.1,340,40,5000
102,백령도,2021-12-03 16:00,4.4,,10.1,340,48,4997
102,백령도,2021-12-03 17:00,4.3,,9.3,340,49,4997
102,백령도,2021-12-03 18:00,4.7,,7.2,340,49,4999
102,백령도,2021-12-03 19:00,5.3,,7.6,320,49,4999
102,백령도,2021-12-03 20:00,5.6,,8.1,320,47,4995
102,백령도,2021-12-03 21:00,5.8,,8.4,320,49,4993
102,백령도,2021-12-03 22:00,6.1,,8,340,45,5000
102,백령도,2021-12-03 23:00,6.1,,7.4,340,46,5000
102,백령도,2021-12-04 00:00,6.1,,5.6,320,45,4992
102,백령도,2021-12-04 01:00,5.9,,4.8,320,49,4999
102,백령도,2021-12-04 02:00,6.1,,4.2,320,50,5000
102,백령도,2021-12-04 03:00,6.2,,3.3,320,54,5000
102,백령도,2021-12-04 04:00,4.9,,1.6,110,63,2310
102,백령도,2021-12-04 05:00,5.4,,2.4,110,66,4989
102,백령도,2021-12-04 06:00,5.5,0,3.6,70,70,4967
102,백령도,2021-12-04 07:00,4.6,,2,90,71,4759
102,백령도,2021-12-04 08:00,4.7,,1.8,50,70,4995
102,백령도,2021-12-04 09:00,6,0,1.2,20,59,4959
102,백령도,2021-12-04 10:00,6.8,,7.7,340,50,4999
102,백령도,2021-12-04 11:00,6.7,,9.4,340,40,4999
102,백령도,2021-12-04 12:00,6.7,,8.1,340,43,4967
102,백령도,2021-12-04 13:00,6.4,,8.1,360,40,4999
102,백령도,2021-12-04 14:00,6.1,,6.8,360,43,4382
102,백령도,2021-12-04 15:00,5.6,,7.1,340,46,4827
102,백령도,2021-12-04 16:00,5.3,,5.8,360,45,4988
102,백령도,2021-12-04 17:00,4.8,,4.3,360,49,4937
102,백령도,2021-12-04 18:00,4.2,,2,20,48,4999
102,백령도,2021-12-04 19:00,4.2,,2.1,20,48,5000
102,백령도,2021-12-04 20:00,4,,1.2,20,52,5000
102,백령도,2021-12-04 21:00,4.4,,1.7,360,49,5000
102,백령도,2021-12-04 22:00,4.4,,2.2,360,45,4995
102,백령도,2021-12-04 23:00,3.9,,2.2,50,39,4998
102,백령도,2021-12-05 00:00,4,,.6,360,38,5000
102,백령도,2021-12-05 01:00,3.4,,1.3,90,44,5000
102,백령도,2021-12-05 02:00,3.4,,1.1,160,47,4028
102,백령도,2021-12-05 03:00,3.4,,1.9,140,55,5000
102,백령도,2021-12-05 04:00,3.8,,.8,160,46,5000
102,백령도,2021-12-05 05:00,3.9,,.5,180,44,5000
102,백령도,2021-12-05 06:00,4.2,,.5,160,43,5000
102,백령도,2021-12-05 07:00,4.7,,.7,160,42,5000
102,백령도,2021-12-05 08:00,4.6,,1.8,140,51,5000
102,백령도,2021-12-05 09:00,5.2,,2.3,140,59,3564
102,백령도,2021-12-05 10:00,6.6,,3.2,140,55,4421
102,백령도,2021-12-05 11:00,7.6,,4,160,48,4872
102,백령도,2021-12-05 12:00,8,,4.7,180,54,4816
102,백령도,2021-12-05 13:00,8,,5.1,180,52,4998
102,백령도,2021-12-05 14:00,8.4,,4.8,160,55,4938
102,백령도,2021-12-05 15:00,8.1,,5.5,160,60,3752
102,백령도,2021-12-05 16:00,7.5,,5.9,160,63,4556
102,백령도,2021-12-05 17:00,7.2,,4.7,160,68,4734
102,백령도,2021-12-05 18:00,7.2,,5.2,160,70,4761
102,백령도,2021-12-05 19:00,7.3,,4.5,160,71,4781
102,백령도,2021-12-05 20:00,7.6,,5.4,160,71,4992
102,백령도,2021-12-05 21:00,7.7,,4.9,160,71,4999
102,백령도,2021-12-05 22:00,7.9,,4,160,72,5000
102,백령도,2021-12-05 23:00,8.2,,5.2,160,71,4999
102,백령도,2021-12-06 00:00,8.4,,5,160,73,5000
102,백령도,2021-12-06 01:00,8.1,,3.3,180,77,4803
102,백령도,2021-12-06 02:00,8.6,,4.9,160,75,5000
102,백령도,2021-12-06 03:00,8.6,,3.6,180,77,4992
102,백령도,2021-12-06 04:00,8.8,,3.8,160,76,4998
102,백령도,2021-12-06 05:00,8.9,,3.7,160,75,4947
102,백령도,2021-12-06 06:00,9,,4.9,180,76,4999
102,백령도,2021-12-06 07:00,9.2,,4.2,160,78,4841
102,백령도,2021-12-06 08:00,8.6,,4.2,110,86,1654
102,백령도,2021-12-06 09:00,8.7,,5.1,140,84,1613
102,백령도,2021-12-06 10:00,9.2,,3.4,140,82,1716
102,백령도,2021-12-06 11:00,10.2,,4.5,180,77,2520
102,백령도,2021-12-06 12:00,10.6,0,5.1,160,74,4966
102,백령도,2021-12-06 13:00,11.1,,4.5,160,73,4914
102,백령도,2021-12-06 14:00,10.8,,4.6,180,74,4926
102,백령도,2021-12-06 15:00,10.4,0,4.4,180,79,4986
102,백령도,2021-12-06 16:00,9.9,,4.2,180,84,3948
102,백령도,2021-12-06 17:00,9.5,,3.2,180,83,4049
102,백령도,2021-12-06 18:00,8.8,,1.8,180,91,3688
102,백령도,2021-12-06 19:00,9.2,,2,200,88,3556
102,백령도,2021-12-06 20:00,9.2,,.5,140,86,3490
102,백령도,2021-12-06 21:00,8.6,0,1.9,110,93,1141
102,백령도,2021-12-06 22:00,8.1,,2,110,95,487
102,백령도,2021-12-06 23:00,8.6,,2.7,20,93,672
102,백령도,2021-12-07 00:00,7.9,1,2.9,20,86,937
102,백령도,2021-12-07 01:00,8.1,,2.6,360,87,1142
102,백령도,2021-12-07 02:00,7.2,,2.2,360,88,1052
102,백령도,2021-12-07 03:00,7.2,0,3.8,360,83,1434
102,백령도,2021-12-07 04:00,6.9,,4.2,360,77,1398
102,백령도,2021-12-07 05:00,6.8,,4.6,360,80,1404
102,백령도,2021-12-07 06:00,6.6,,4.8,360,76,1376
102,백령도,2021-12-07 07:00,6.2,,3.4,360,82,1224
102,백령도,2021-12-07 08:00,6.1,,5.6,340,82,1196
102,백령도,2021-12-07 09:00,7.1,,1.6,50,74,1432
102,백령도,2021-12-07 10:00,7.4,,3.9,360,73,1718
102,백령도,2021-12-07 11:00,8,,4,360,69,2133
102,백령도,2021-12-07 12:00,8.5,,3.8,340,66,2506
102,백령도,2021-12-07 13:00,8.8,,4.9,340,57,2706
102,백령도,2021-12-07 14:00,9.1,,4.7,360,50,3236
102,백령도,2021-12-07 15:00,9.1,,5.3,340,43,3930
102,백령도,2021-12-07 16:00,8.5,,5.4,340,51,3148
102,백령도,2021-12-07 17:00,7.8,,5.3,340,54,2823
102,백령도,2021-12-07 18:00,7.3,,3.3,340,55,3322
102,백령도,2021-12-07 19:00,6.8,,3,340,66,2680
102,백령도,2021-12-07 20:00,7,,3.4,360,70,2456
102,백령도,2021-12-07 21:00,6.6,,2.9,340,74,2041
102,백령도,2021-12-07 22:00,6.6,,.8,360,76,2144
102,백령도,2021-12-07 23:00,5.5,,1.2,360,79,2138
102,백령도,2021-12-08 00:00,5.6,,.7,320,82,2253
102,백령도,2021-12-08 01:00,4.8,,.9,70,78,2799
102,백령도,2021-12-08 02:00,6.2,,1.1,70,68,2468
102,백령도,2021-12-08 03:00,6.5,,2.6,50,73,2509
102,백령도,2021-12-08 04:00,6.2,,1.4,20,63,2463
102,백령도,2021-12-08 05:00,6.1,,1.4,50,70,2165
102,백령도,2021-12-08 06:00,5.3,,1,270,77,2020
102,백령도,2021-12-08 07:00,5.9,,.2,0,73,1973
102,백령도,2021-12-08 08:00,5.7,,.2,0,74,2013
102,백령도,2021-12-08 09:00,7.5,,2.3,70,61,1676
102,백령도,2021-12-08 10:00,7.9,,2.2,90,74,1143
102,백령도,2021-12-08 11:00,8.9,,1.7,90,65,1488
102,백령도,2021-12-08 12:00,9.5,,2.2,90,59,1639
102,백령도,2021-12-08 13:00,10.3,,1.6,90,55,1883
102,백령도,2021-12-08 14:00,10.2,,1.8,70,55,1951
102,백령도,2021-12-08 15:00,10.2,,1.4,110,50,1996
102,백령도,2021-12-08 16:00,9.9,,1,110,47,2215
102,백령도,2021-12-08 17:00,8.2,,1.5,200,62,1869
102,백령도,2021-12-08 18:00,7.1,,1.1,250,70,1215
102,백령도,2021-12-08 19:00,7,,1.3,270,72,1449
102,백령도,2021-12-08 20:00,7.7,,.1,0,72,1621
102,백령도,2021-12-08 21:00,7.3,,1.1,140,77,1655
102,백령도,2021-12-08 22:00,6.9,,1.4,160,82,1271
102,백령도,2021-12-08 23:00,7,,.4,0,82,1331
102,백령도,2021-12-09 00:00,7.6,,1.6,140,74,1616
102,백령도,2021-12-09 01:00,7.4,,1.9,140,79,1364
102,백령도,2021-12-09 02:00,6.9,,1.2,160,88,906
102,백령도,2021-12-09 03:00,6.8,,2.3,140,91,825
102,백령도,2021-12-09 04:00,6.9,,2.4,110,90,881
102,백령도,2021-12-09 05:00,6.8,,2.1,110,86,1041
102,백령도,2021-12-09 06:00,7.3,,2.4,160,83,1053
102,백령도,2021-12-09 07:00,7.2,,2.2,140,82,1066
102,백령도,2021-12-09 08:00,7.3,,2,140,83,1058
102,백령도,2021-12-09 09:00,7.6,,2.8,140,85,921
102,백령도,2021-12-09 10:00,8,,3.8,110,84,1002
102,백령도,2021-12-09 11:00,8.2,,3.1,110,86,883
102,백령도,2021-12-09 12:00,9.3,,3.5,140,82,922
102,백령도,2021-12-09 13:00,8.8,,4.3,140,86,810
102,백령도,2021-12-09 14:00,9.4,,4.3,110,86,760
102,백령도,2021-12-09 15:00,9.5,,5.1,140,87,711
102,백령도,2021-12-09 16:00,9.5,,5.5,140,87,764
102,백령도,2021-12-09 17:00,9.1,,4.8,140,90,710
102,백령도,2021-12-09 18:00,9.1,,3.8,140,91,664
102,백령도,2021-12-09 19:00,9.3,,5,140,90,623
102,백령도,2021-12-09 20:00,9,,5,140,91,565
102,백령도,2021-12-09 21:00,9.2,0,4.1,140,93,506
102,백령도,2021-12-09 22:00,8.7,,3.4,140,94,468
102,백령도,2021-12-09 23:00,8.7,,3.1,140,95,386
102,백령도,2021-12-10 00:00,8.7,.6,3.8,110,96,323
102,백령도,2021-12-10 01:00,8.6,,4.1,110,96,374
102,백령도,2021-12-10 02:00,8.5,,3.1,110,97,390
102,백령도,2021-12-10 03:00,8.6,.7,4.2,110,95,553
102,백령도,2021-12-10 04:00,8.5,,2.9,110,94,417
102,백령도,2021-12-10 05:00,8.4,,2.9,110,94,653
102,백령도,2021-12-10 06:00,8.1,1.3,1.5,110,98,322
102,백령도,2021-12-10 07:00,7.9,,.3,0,100,317
102,백령도,2021-12-10 08:00,7.7,,.7,140,97,283
102,백령도,2021-12-10 09:00,8.1,.1,.6,110,97,240
102,백령도,2021-12-10 10:00,8.6,,.2,0,98,390
102,백령도,2021-12-10 11:00,9.7,,3.4,320,83,832
102,백령도,2021-12-10 12:00,10.2,0,5.2,320,76,768
102,백령도,2021-12-10 13:00,10.9,,4.3,320,73,740
102,백령도,2021-12-10 14:00,10.7,,5.4,320,72,728
102,백령도,2021-12-10 15:00,9.8,,5.5,320,73,752
102,백령도,2021-12-10 16:00,9.6,,5.3,340,69,858
102,백령도,2021-12-10 17:00,9.3,,4.7,340,69,803
102,백령도,2021-12-10 18:00,9.3,,4.8,340,72,693
102,백령도,2021-12-10 19:00,9,,3.4,340,70,788
102,백령도,2021-12-10 20:00,8.4,,3.1,320,68,854
102,백령도,2021-12-10 21:00,8.6,,3.1,320,71,807
102,백령도,2021-12-10 22:00,8.1,,2.6,320,73,758
102,백령도,2021-12-10 23:00,8.2,,2.5,320,72,841
102,백령도,2021-12-11 00:00,7.7,,3.5,340,72,918
102,백령도,2021-12-11 01:00,7.3,,1.8,50,80,753
102,백령도,2021-12-11 02:00,7.1,,1.9,20,80,756
102,백령도,2021-12-11 03:00,6.9,,2.3,50,79,798
102,백령도,2021-12-11 04:00,6.7,,.9,50,81,764
102,백령도,2021-12-11 05:00,6,,.5,200,85,646
102,백령도,2021-12-11 06:00,6.2,,.8,200,83,705
102,백령도,2021-12-11 07:00,6.4,,1.5,180,82,716
102,백령도,2021-12-11 08:00,6.6,,1.3,320,81,854
102,백령도,2021-12-11 09:00,7.2,,.7,270,77,919
102,백령도,2021-12-11 10:00,8.7,,2.4,340,72,990
102,백령도,2021-12-11 11:00,8.7,,1.8,70,75,897
102,백령도,2021-12-11 12:00,9,,1.5,320,70,1106
102,백령도,2021-12-11 13:00,9.5,,2.9,320,67,1186
102,백령도,2021-12-11 14:00,9.7,,2.2,320,69,1115
102,백령도,2021-12-11 15:00,9.4,,1.8,320,72,1068
102,백령도,2021-12-11 16:00,9.1,,1.1,360,73,1021
102,백령도,2021-12-11 17:00,8.5,,1.3,340,77,909
102,백령도,2021-12-11 18:00,8.5,,2.1,320,73,1137
102,백령도,2021-12-11 19:00,8.3,,3.4,320,72,1328
102,백령도,2021-12-11 20:00,8,,3.5,320,69,1753
102,백령도,2021-12-11 21:00,8.1,,4.9,320,60,2476
102,백령도,2021-12-11 22:00,8.2,,5.8,320,59,1899
102,백령도,2021-12-11 23:00,8.5,,6.4,320,60,2067
102,백령도,2021-12-12 00:00,8.9,,5.8,320,57,2076
102,백령도,2021-12-12 01:00,9,,6.6,340,62,2070
102,백령도,2021-12-12 02:00,7.4,,2.4,20,79,1101
102,백령도,2021-12-12 03:00,7.1,,2.6,360,74,1266
102,백령도,2021-12-12 04:00,6.8,,4.2,360,69,1565
102,백령도,2021-12-12 05:00,6.1,,8.8,360,60,2485
102,백령도,2021-12-12 06:00,5.4,,9.4,360,58,2646
102,백령도,2021-12-12 07:00,4.8,,10.3,360,59,2899
102,백령도,2021-12-12 08:00,4,,10.7,360,57,3725
102,백령도,2021-12-12 09:00,3,,12.3,340,53,4914
102,백령도,2021-12-12 10:00,2.1,,12.6,360,53,4926
102,백령도,2021-12-12 11:00,1.7,,12.3,340,50,4993
102,백령도,2021-12-12 12:00,1.3,,12.2,340,44,4995
102,백령도,2021-12-12 13:00,.4,,12.6,340,49,4931
102,백령도,2021-12-12 14:00,.8,,12.3,340,52,4997
102,백령도,2021-12-12 15:00,.5,,12.8,340,56,4867
102,백령도,2021-12-12 16:00,.2,,11.6,340,53,4934
102,백령도,2021-12-12 17:00,.3,,10.5,340,54,4931
102,백령도,2021-12-12 18:00,.5,,9.2,340,52,4911
102,백령도,2021-12-12 19:00,.6,,10.7,340,49,4981
102,백령도,2021-12-12 20:00,.7,,10.5,340,44,4851
102,백령도,2021-12-12 21:00,.6,,9.5,340,49,4885
102,백령도,2021-12-12 22:00,.7,,10.6,340,51,4960
102,백령도,2021-12-12 23:00,.4,,10.4,340,49,4952
102,백령도,2021-12-13 00:00,.3,,8.6,340,51,4912
102,백령도,2021-12-13 01:00,.2,,9.9,340,52,4933
102,백령도,2021-12-13 02:00,.1,,10,340,50,4989
102,백령도,2021-12-13 03:00,.2,,9.6,340,50,4996
102,백령도,2021-12-13 04:00,-.1,,10.4,360,48,4999
102,백령도,2021-12-13 05:00,-.2,,9.4,360,49,4988
102,백령도,2021-12-13 06:00,-.1,,9.1,340,50,4906
102,백령도,2021-12-13 07:00,0,,7.7,360,49,4990
102,백령도,2021-12-13 08:00,.4,,6.9,340,52,4943
102,백령도,2021-12-13 09:00,1,,6,340,49,4892
102,백령도,2021-12-13 10:00,.4,,3,70,57,4830
102,백령도,2021-12-13 11:00,1.8,,2.4,90,55,4803
102,백령도,2021-12-13 12:00,1.6,,2,90,55,4853
102,백령도,2021-12-13 13:00,2,,2.3,110,58,4615
102,백령도,2021-12-13 14:00,1.6,,3.6,140,64,4732
102,백령도,2021-12-13 15:00,2.2,,3.3,160,69,4646
102,백령도,2021-12-13 16:00,2.8,,3.1,160,76,2558
102,백령도,2021-12-13 17:00,3.4,,2.3,200,79,3772
102,백령도,2021-12-13 18:00,4.4,.1,4.1,250,73,3829
102,백령도,2021-12-13 19:00,4.5,,3.1,270,63,4745
102,백령도,2021-12-13 20:00,4.7,,3.3,250,62,4982
102,백령도,2021-12-13 21:00,4.8,0,3.6,250,59,4905
102,백령도,2021-12-13 22:00,4.8,,3.6,270,57,4788
102,백령도,2021-12-13 23:00,4.7,,3.3,230,56,4796
102,백령도,2021-12-14 00:00,4.6,,4.1,230,55,4830
102,백령도,2021-12-14 01:00,4.2,,3.4,250,55,4876
102,백령도,2021-12-14 02:00,3.9,,3,230,57,4956
102,백령도,2021-12-14 03:00,3.5,,2.4,250,58,4972
102,백령도,2021-12-14 04:00,3.9,,2.6,230,60,4886
102,백령도,2021-12-14 05:00,4.2,,3.4,250,61,4151
102,백령도,2021-12-14 06:00,4.1,,2.3,250,62,3797
102,백령도,2021-12-14 07:00,4.5,,2.6,250,57,2431
102,백령도,2021-12-14 08:00,4.8,,2.7,230,55,1983
102,백령도,2021-12-14 09:00,5.8,,3.8,250,50,2001
102,백령도,2021-12-14 10:00,7.2,,3.6,250,49,1612
102,백령도,2021-12-14 11:00,7.9,,6,250,48,1254
102,백령도,2021-12-14 12:00,8.4,,5.7,250,51,972
102,백령도,2021-12-14 13:00,8.4,,5.2,250,52,940
102,백령도,2021-12-14 14:00,8.1,,5,250,53,890
102,백령도,2021-12-14 15:00,8.1,,3.5,250,57,889
102,백령도,2021-12-14 16:00,7.9,,3.3,270,60,900
102,백령도,2021-12-14 17:00,7.7,,2,230,67,953
102,백령도,2021-12-14 18:00,8,0,2.6,230,76,838
102,백령도,2021-12-14 19:00,8,,2.7,200,82,820
102,백령도,2021-12-14 20:00,8.5,,2.6,230,81,853
102,백령도,2021-12-14 21:00,8.2,,1.7,230,85,784
102,백령도,2021-12-14 22:00,9.7,,4.4,230,72,1115
102,백령도,2021-12-14 23:00,10,,6.2,230,72,1070
102,백령도,2021-12-15 00:00,10,0,6.3,250,76,896
102,백령도,2021-12-15 01:00,9.1,,4.8,270,82,566
102,백령도,2021-12-15 02:00,8.8,,5.4,270,74,588
102,백령도,2021-12-15 03:00,8.4,.8,4,270,72,557
102,백령도,2021-12-15 04:00,8.5,,3.7,270,68,600
102,백령도,2021-12-15 05:00,8.2,,3.4,290,70,580
102,백령도,2021-12-15 06:00,7.8,,2.6,270,71,578
102,백령도,2021-12-15 07:00,8.8,,3.7,290,69,459
102,백령도,2021-12-15 08:00,8.7,,3.1,270,70,489
102,백령도,2021-12-15 09:00,8.7,,3.6,270,69,534
102,백령도,2021-12-15 10:00,9.3,,3.6,290,65,567
102,백령도,2021-12-15 11:00,9.6,,4.1,290,57,727
102,백령도,2021-12-15 12:00,9.1,,4.6,290,60,740
102,백령도,2021-12-15 13:00,9.7,,4.4,290,53,914
102,백령도,2021-12-15 14:00,9.4,,4.3,290,50,987
102,백령도,2021-12-15 15:00,9,,4.8,320,59,711
102,백령도,2021-12-15 16:00,8.5,,3.3,320,60,723
102,백령도,2021-12-15 17:00,7.8,,2.2,320,56,835
102,백령도,2021-12-15 18:00,7.1,,1.1,270,63,719
102,백령도,2021-12-15 19:00,6.6,,.4,0,63,749
102,백령도,2021-12-15 20:00,6.1,,.4,0,65,745
102,백령도,2021-12-15 21:00,6,,.6,250,65,764
102,백령도,2021-12-15 22:00,6.9,,1.2,250,63,783
102,백령도,2021-12-15 23:00,6.4,,1.1,250,62,805
102,백령도,2021-12-16 00:00,6.9,,1.3,250,58,954
102,백령도,2021-12-16 01:00,6.8,,1.7,250,61,900
102,백령도,2021-12-16 02:00,6.6,,2.3,250,63,848
102,백령도,2021-12-16 03:00,6.7,,2,230,64,813
102,백령도,2021-12-16 04:00,7,,1.2,230,67,781
102,백령도,2021-12-16 05:00,7,,1,250,69,848
102,백령도,2021-12-16 06:00,7.4,,.2,0,68,974
102,백령도,2021-12-16 07:00,6.7,,1.7,230,70,987
102,백령도,2021-12-16 08:00,6.9,,1,200,67,1535
102,백령도,2021-12-16 09:00,7.5,,.7,230,65,1822
102,백령도,2021-12-16 10:00,8.9,,.5,250,66,1475
102,백령도,2021-12-16 11:00,9.8,,3.5,250,59,1401
102,백령도,2021-12-16 12:00,10.2,,4.2,250,58,1406
102,백령도,2021-12-16 13:00,10.1,,5.8,290,61,831
102,백령도,2021-12-16 14:00,10.2,,5.3,290,57,886
102,백령도,2021-12-16 15:00,10.2,,6.2,320,68,630
102,백령도,2021-12-16 16:00,9.2,,7.8,320,65,513
102,백령도,2021-12-16 17:00,8.4,,8.8,340,55,1306
102,백령도,2021-12-16 18:00,7.1,,9.1,360,67,866
102,백령도,2021-12-16 19:00,5.8,,11.2,340,59,1221
102,백령도,2021-12-16 20:00,5,,12.6,340,59,1844
102,백령도,2021-12-16 21:00,3.8,,10.7,340,61,1748
102,백령도,2021-12-16 22:00,2.6,,11.3,340,65,1442
102,백령도,2021-12-16 23:00,1.3,,12.1,340,63,1588
102,백령도,2021-12-17 00:00,.7,,13.9,340,65,1754
102,백령도,2021-12-17 01:00,.1,,13.9,340,62,2153
102,백령도,2021-12-17 02:00,-.4,,13.7,340,60,2234
102,백령도,2021-12-17 03:00,-.7,,13.3,340,57,2329
102,백령도,2021-12-17 04:00,-.7,,12.2,340,65,2883
102,백령도,2021-12-17 05:00,-1.7,,13.1,340,56,4420
102,백령도,2021-12-17 06:00,-2,,12.9,340,59,3974
102,백령도,2021-12-17 07:00,-2.7,,13.6,340,58,3023
102,백령도,2021-12-17 08:00,-3.1,,12.5,340,55,4926
102,백령도,2021-12-17 09:00,-3.7,0,13,340,62,3308
102,백령도,2021-12-17 10:00,-4.8,,14.2,340,77,612
102,백령도,2021-12-17 11:00,-4.5,,12.5,340,59,4835
102,백령도,2021-12-17 12:00,-5,0,14.3,340,65,3531
102,백령도,2021-12-17 13:00,-5.5,,11.2,340,70,1178
102,백령도,2021-12-17 14:00,-5.3,,10.2,320,77,1755
102,백령도,2021-12-17 15:00,-5.2,0,10.5,340,77,510
102,백령도,2021-12-17 16:00,-5.2,,9.9,340,83,543
102,백령도,2021-12-17 17:00,-4.9,,11.8,340,79,1025
102,백령도,2021-12-17 18:00,-4,0,12.3,340,59,4394
102,백령도,2021-12-17 19:00,-3.6,,13.1,340,66,4303
102,백령도,2021-12-17 20:00,-3.5,,12.8,340,56,4974
102,백령도,2021-12-17 21:00,-3.6,0,12,340,60,4651
102,백령도,2021-12-17 22:00,-3.1,,11.2,340,58,4965
102,백령도,2021-12-17 23:00,-2.9,,10.5,340,64,4961
102,백령도,2021-12-18 00:00,-2.9,0,9.5,340,61,4262
102,백령도,2021-12-18 01:00,-2.6,,7.6,340,54,5000
102,백령도,2021-12-18 02:00,-1.9,,6.9,340,53,4999
102,백령도,2021-12-18 03:00,-1.6,0,6.6,340,53,4884
102,백령도,2021-12-18 04:00,-1.4,,4,320,56,3508
102,백령도,2021-12-18 05:00,-3.2,,3,110,78,4879
102,백령도,2021-12-18 06:00,-3.5,0,4,140,76,4996
102,백령도,2021-12-18 07:00,-2.7,,3,140,82,4949
102,백령도,2021-12-18 08:00,-1.3,,3.7,140,84,2171
102,백령도,2021-12-18 09:00,-.7,.2,.8,270,89,2195
102,백령도,2021-12-18 10:00,1.2,,4.9,250,81,3566
102,백령도,2021-12-18 11:00,.2,,5,290,99,55
102,백령도,2021-12-18 12:00,1.5,2.2,7.6,270,81,3124
102,백령도,2021-12-18 13:00,1.9,,8.5,250,60,3618
102,백령도,2021-12-18 14:00,2.4,,8.1,250,47,4474
102,백령도,2021-12-18 15:00,2.8,,8,270,44,4668
102,백령도,2021-12-18 16:00,2.7,,8.2,250,44,4493
102,백령도,2021-12-18 17:00,2.2,,6.1,250,49,4541
102,백령도,2021-12-18 18:00,2.2,,7.4,250,54,4074
102,백령도,2021-12-18 19:00,3,,7.6,270,55,3391
102,백령도,2021-12-18 20:00,2.2,,8.6,320,94,1598
102,백령도,2021-12-18 21:00,1.8,1.2,5.2,270,94,1749
102,백령도,2021-12-18 22:00,3.4,,11.8,320,51,4433
102,백령도,2021-12-18 23:00,3,,10.1,320,47,4812
102,백령도,2021-12-19 00:00,2.4,0,12.5,320,47,4450
102,백령도,2021-12-19 01:00,1.8,,10.2,320,44,4880
102,백령도,2021-12-19 02:00,1.6,,9.9,320,46,4979
102,백령도,2021-12-19 03:00,1.1,,8.8,320,46,4999
102,백령도,2021-12-19 04:00,.9,,7.7,340,48,4999
102,백령도,2021-12-19 05:00,.9,,5.5,320,50,5000
102,백령도,2021-12-19 06:00,1.5,,5.3,320,52,5000
102,백령도,2021-12-19 07:00,1.7,,6,340,48,5000
102,백령도,2021-12-19 08:00,1.8,,4.9,320,48,5000
102,백령도,2021-12-19 09:00,2.7,,3.3,290,43,5000
102,백령도,2021-12-19 10:00,1.8,,2.5,90,63,4822
102,백령도,2021-12-19 11:00,2.9,,3.6,140,68,4856
102,백령도,2021-12-19 12:00,5.2,,4.7,270,49,4999
102,백령도,2021-12-19 13:00,6,,8.8,250,54,4780
102,백령도,2021-12-19 14:00,7,,6.5,270,45,4662
102,백령도,2021-12-19 15:00,7.3,,6.2,250,41,4607
102,백령도,2021-12-19 16:00,7,,6.5,250,45,4058
102,백령도,2021-12-19 17:00,6.5,,5.5,270,45,3777
102,백령도,2021-12-19 18:00,6.3,,4,270,45,3641
102,백령도,2021-12-19 19:00,6.6,,4.6,250,41,3961
102,백령도,2021-12-19 20:00,6.8,,4.6,270,41,3854
102,백령도,2021-12-19 21:00,7,,4.2,270,41,3860
102,백령도,2021-12-19 22:00,7.2,,4.4,250,43,3404
102,백령도,2021-12-19 23:00,7.3,,4.2,250,44,3069
102,백령도,2021-12-20 00:00,7.7,,5.4,250,42,2940
102,백령도,2021-12-20 01:00,7.2,,3.6,250,47,2912
102,백령도,2021-12-20 02:00,7.7,,5.4,250,53,2515
102,백령도,2021-12-20 03:00,7.7,,4.3,250,49,2615
102,백령도,2021-12-20 04:00,7.7,,5.1,250,48,2562
102,백령도,2021-12-20 05:00,7.8,,4.9,250,52,2478
102,백령도,2021-12-20 06:00,7.7,,3.6,250,60,1808
102,백령도,2021-12-20 07:00,7.6,,3.2,250,59,1631
102,백령도,2021-12-20 08:00,7.7,,3.6,230,61,1513
102,백령도,2021-12-20 09:00,8,,3.2,230,58,1530
102,백령도,2021-12-20 10:00,9.2,,2.9,250,54,1598
102,백령도,2021-12-20 11:00,10,,3.7,230,45,2111
102,백령도,2021-12-20 12:00,10.5,,5.4,230,44,2125
102,백령도,2021-12-20 13:00,10.6,,5.6,230,48,1917
102,백령도,2021-12-20 14:00,10.6,,6.1,230,47,1752
102,백령도,2021-12-20 15:00,10.3,,5.2,250,51,1770
102,백령도,2021-12-20 16:00,10.1,,4.7,250,56,1526
102,백령도,2021-12-20 17:00,9.4,,3,230,63,1259
102,백령도,2021-12-20 18:00,8.3,,2.6,230,71,1121
102,백령도,2021-12-20 19:00,8.4,,3,230,74,1044
102,백령도,2021-12-20 20:00,7.6,,.8,180,79,916
102,백령도,2021-12-20 21:00,6.9,,1.5,180,83,679
102,백령도,2021-12-20 22:00,8,,3.3,230,89,596
102,백령도,2021-12-20 23:00,8.7,,5.3,230,94,467
102,백령도,2021-12-21 00:00,8.6,,4.3,230,94,518
102,백령도,2021-12-21 01:00,8.5,,4,250,96,452
102,백령도,2021-12-21 02:00,7.9,,2.8,250,98,352
102,백령도,2021-12-21 03:00,7.6,,2.3,270,97,340
102,백령도,2021-12-21 04:00,8.7,,5.4,320,78,873
102,백령도,2021-12-21 05:00,8.9,,6.3,320,72,825
102,백령도,2021-12-21 06:00,8,,7.6,340,76,737
102,백령도,2021-12-21 07:00,6.8,,6.6,360,83,678
102,백령도,2021-12-21 08:00,6,,3.9,360,82,720
102,백령도,2021-12-21 09:00,6,,3.2,360,76,976
102,백령도,2021-12-21 10:00,6.4,,3.1,360,57,1761
102,백령도,2021-12-21 11:00,7.3,,5.9,360,49,2314
102,백령도,2021-12-21 12:00,7.4,,7.5,360,38,3748
102,백령도,2021-12-21 13:00,6.6,,9.8,340,33,4993
102,백령도,2021-12-21 14:00,5.8,,8.8,360,39,4997
102,백령도,2021-12-21 15:00,5.3,,9.2,360,36,4976
102,백령도,2021-12-21 16:00,4.8,,8.2,360,41,4941
102,백령도,2021-12-21 17:00,4.3,,8.5,360,45,4987
102,백령도,2021-12-21 18:00,3.8,,6.1,360,49,4998
102,백령도,2021-12-21 19:00,4,,7.5,360,43,4997
102,백령도,2021-12-21 20:00,4.1,,8,360,43,5000
102,백령도,2021-12-21 21:00,4,,6.5,360,43,4997
102,백령도,2021-12-21 22:00,3.6,,5.4,360,43,5000
102,백령도,2021-12-21 23:00,3.3,,3.8,360,49,5000
102,백령도,2021-12-22 00:00,3.1,,2.8,20,46,4999
102,백령도,2021-12-22 01:00,2.6,,3,360,51,5000
102,백령도,2021-12-22 02:00,2.6,,4.8,360,51,5000
102,백령도,2021-12-22 03:00,2.2,,2.6,20,54,5000
102,백령도,2021-12-22 04:00,1.7,,2.4,20,53,5000
102,백령도,2021-12-22 05:00,1.5,,3.2,20,55,5000
102,백령도,2021-12-22 06:00,1.2,,3.2,20,53,5000
102,백령도,2021-12-22 07:00,1.2,,2.2,20,50,5000
102,백령도,2021-12-22 08:00,1,,3,340,52,5000
102,백령도,2021-12-22 09:00,2.1,,2,340,50,5000
102,백령도,2021-12-22 10:00,3.8,,1.9,70,41,5000
102,백령도,2021-12-22 11:00,4,,3.5,90,28,5000
102,백령도,2021-12-22 12:00,5.3,,1.9,90,46,4946
102,백령도,2021-12-22 13:00,4.5,,1.8,70,33,4945
102,백령도,2021-12-22 14:00,5.2,,4.2,340,28,5000
102,백령도,2021-12-22 15:00,5.1,,3.3,340,31,5000
102,백령도,2021-12-22 16:00,4.5,,3.2,340,40,4996
102,백령도,2021-12-22 17:00,4,,1.3,360,37,5000
102,백령도,2021-12-22 18:00,2.9,,.5,20,37,4688
102,백령도,2021-12-22 19:00,2.4,,1.4,360,36,4996
102,백령도,2021-12-22 20:00,4,,1.6,360,33,5000
102,백령도,2021-12-22 21:00,3.6,,1.6,340,34,5000
102,백령도,2021-12-22 22:00,4.6,,3.1,360,33,5000
102,백령도,2021-12-22 23:00,4.8,,2.2,20,21,5000
102,백령도,2021-12-23 00:00,4.7,,2.1,50,29,5000
102,백령도,2021-12-23 01:00,4.7,,2.2,50,24,5000
102,백령도,2021-12-23 02:00,4.7,,2.8,50,25,5000
102,백령도,2021-12-23 03:00,4.3,,2.2,70,27,5000
102,백령도,2021-12-23 04:00,4.4,,1,70,28,5000
102,백령도,2021-12-23 05:00,4.8,,1.4,20,25,5000
102,백령도,2021-12-23 06:00,4.7,,1.5,50,36,4954
102,백령도,2021-12-23 07:00,4.8,,2.8,50,54,3945
102,백령도,2021-12-23 08:00,4.6,,.7,70,59,3801
102,백령도,2021-12-23 09:00,4.8,,1.3,90,58,3080
102,백령도,2021-12-23 10:00,5.9,,.9,50,54,3736
102,백령도,2021-12-23 11:00,6.5,,1.9,90,56,3702
102,백령도,2021-12-23 12:00,6.4,,1.2,110,54,3440
102,백령도,2021-12-23 13:00,7,,1.9,90,53,3978
102,백령도,2021-12-23 14:00,7.2,,1.6,110,49,4160
102,백령도,2021-12-23 15:00,7.1,,1.8,160,41,4253
102,백령도,2021-12-23 16:00,6.3,,2.2,140,42,4878
102,백령도,2021-12-23 17:00,6.2,,.7,180,48,3536
102,백령도,2021-12-23 18:00,6.2,,1.3,160,55,4145
102,백령도,2021-12-23 19:00,6.1,,.9,110,58,4695
102,백령도,2021-12-23 20:00,6.2,,1.2,140,63,4726
102,백령도,2021-12-23 21:00,6.4,,2.1,160,63,4954
102,백령도,2021-12-23 22:00,6.4,,1,160,62,4916
102,백령도,2021-12-23 23:00,5.7,,1,360,69,4680
102,백령도,2021-12-24 00:00,5.6,0,3.6,360,74,2022
102,백령도,2021-12-24 01:00,4.2,,4.2,360,76,1604
102,백령도,2021-12-24 02:00,2.9,,5.9,360,90,1293
102,백령도,2021-12-24 03:00,2.2,.2,6.5,360,94,1329
102,백령도,2021-12-24 04:00,1.8,,8.8,360,89,2529
102,백령도,2021-12-24 05:00,1.3,,8.4,360,91,1986
102,백령도,2021-12-24 06:00,.6,.2,10,360,90,1928
102,백령도,2021-12-24 07:00,0,,10.3,360,87,1876
102,백령도,2021-12-24 08:00,-.5,,10.3,360,85,1768
102,백령도,2021-12-24 09:00,-.9,0,9.9,340,81,2464
102,백령도,2021-12-24 10:00,-1.6,,10.5,360,76,2778
102,백령도,2021-12-24 11:00,-2,,11.4,340,70,3782
102,백령도,2021-12-24 12:00,-2.4,0,12.2,340,72,4456
102,백령도,2021-12-24 13:00,-2.9,,12.8,340,72,4486
102,백령도,2021-12-24 14:00,-3.2,,14,340,67,4751
102,백령도,2021-12-24 15:00,-3.7,,13.3,340,67,4736
102,백령도,2021-12-24 16:00,-3.9,,14.1,340,67,4204
102,백령도,2021-12-24 17:00,-3.9,,15.2,340,65,4041
102,백령도,2021-12-24 18:00,-4.2,,14.2,340,59,4172
102,백령도,2021-12-24 19:00,-4,,14.7,340,62,4132
102,백령도,2021-12-24 20:00,-4.4,,14.6,340,60,4455
102,백령도,2021-12-24 21:00,-5.1,,15.1,340,59,3625
102,백령도,2021-12-24 22:00,-5.6,,15.4,340,71,1861
102,백령도,2021-12-24 23:00,-6.3,,14.7,340,73,1581
102,백령도,2021-12-25 00:00,-7,0,14.8,340,72,700
102,백령도,2021-12-25 01:00,-7.2,,14.2,360,75,1145
102,백령도,2021-12-25 02:00,-7.6,,16,340,68,1815
102,백령도,2021-12-25 03:00,-8.2,0,14.6,340,71,1042
102,백령도,2021-12-25 04:00,-8.5,,14.4,340,70,1377
102,백령도,2021-12-25 05:00,-9.1,,13.8,360,81,139
102,백령도,2021-12-25 06:00,-9.1,0,12.9,340,88,65
102,백령도,2021-12-25 07:00,-9.3,,13.1,340,71,1141
102,백령도,2021-12-25 08:00,-9.1,,13.9,340,75,1036
102,백령도,2021-12-25 09:00,-9.4,0,12.7,340,83,140
102,백령도,2021-12-25 10:00,-9.3,,11,360,87,87
102,백령도,2021-12-25 11:00,-9.4,,9.2,360,84,157
102,백령도,2021-12-25 12:00,-9.8,.6,10.2,360,88,93
102,백령도,2021-12-25 13:00,-9.8,,10.8,360,88,66
102,백령도,2021-12-25 14:00,-9.7,,11.4,340,82,116
102,백령도,2021-12-25 15:00,-9.6,.6,10.6,360,89,45
102,백령도,2021-12-25 16:00,-9.4,,11.3,340,85,91
102,백령도,2021-12-25 17:00,-8.8,,10.5,360,79,572
102,백령도,2021-12-25 18:00,-8.8,.3,9.6,340,81,175
102,백령도,2021-12-25 19:00,-8.1,,8.9,340,77,2276
102,백령도,2021-12-25 20:00,-8.3,,9.8,360,76,840
102,백령도,2021-12-25 21:00,-8.3,0,9.7,360,82,137
102,백령도,2021-12-25 22:00,-8.1,,10.6,360,67,850
102,백령도,2021-12-25 23:00,-8.3,,11.4,360,75,548
102,백령도,2021-12-26 00:00,-8.6,.2,11.4,340,76,376
102,백령도,2021-12-26 01:00,-8.8,,12.1,360,78,214
102,백령도,2021-12-26 02:00,-8.5,,12.8,360,78,450
102,백령도,2021-12-26 03:00,-8.5,0,14.4,340,69,1831
102,백령도,2021-12-26 04:00,-8.4,,12.4,360,71,1241
102,백령도,2021-12-26 05:00,-8.5,,11.5,360,78,246
102,백령도,2021-12-26 06:00,-8.3,0,11.2,360,74,523
102,백령도,2021-12-26 07:00,-8.1,,9.2,360,79,324
102,백령도,2021-12-26 08:00,-8.2,,7.7,360,80,191
102,백령도,2021-12-26 09:00,-7.8,.1,7,360,79,322
102,백령도,2021-12-26 10:00,-7.3,,5.9,360,81,214
102,백령도,2021-12-26 11:00,-7.2,,5,360,81,434
102,백령도,2021-12-26 12:00,-7.2,.3,6.5,360,80,404
102,백령도,2021-12-26 13:00,-6.9,,7.4,360,78,379
102,백령도,2021-12-26 14:00,-6.3,,7.7,360,76,2064
102,백령도,2021-12-26 15:00,-6,0,8.4,340,70,944
102,백령도,2021-12-26 16:00,-5.9,,8.1,360,71,1221
102,백령도,2021-12-26 17:00,-5.6,,7.7,340,72,1973
102,백령도,2021-12-26 18:00,-5.6,.1,8.1,360,77,2003
102,백령도,2021-12-26 19:00,-5.4,,7,360,75,3695
102,백령도,2021-12-26 20:00,-5.1,,6.3,340,66,1740
102,백령도,2021-12-26 21:00,-4.8,.1,7,360,69,4820
102,백령도,2021-12-26 22:00,-4.5,,4.7,340,72,2702
102,백령도,2021-12-26 23:00,-4,,4.7,360,86,340
102,백령도,2021-12-27 00:00,-5.3,.7,3.5,70,88,1802
102,백령도,2021-12-27 01:00,-5.4,,3.2,70,91,1292
102,백령도,2021-12-27 02:00,-5.4,,2.8,70,91,2489
102,백령도,2021-12-27 03:00,-3.4,.3,5.7,340,65,4960
102,백령도,2021-12-27 04:00,-2.6,,5.1,320,57,4995
102,백령도,2021-12-27 05:00,-2.6,,2.8,20,66,3737
102,백령도,2021-12-27 06:00,-4.1,0,1.5,110,84,1683
102,백령도,2021-12-27 07:00,-3.8,,2.8,110,88,2322
102,백령도,2021-12-27 08:00,-3.3,,1.9,110,88,2384
102,백령도,2021-12-27 09:00,-2,0,2.5,110,87,2536
102,백령도,2021-12-27 10:00,-.2,,1.5,110,85,3356
102,백령도,2021-12-27 11:00,1.1,,2.3,50,84,961
102,백령도,2021-12-27 12:00,2,0,1.4,70,80,1336
102,백령도,2021-12-27 13:00,1.2,,2.9,50,83,2212
102,백령도,2021-12-27 14:00,3.7,,7.5,320,56,3570
102,백령도,2021-12-27 15:00,4,.1,7.6,320,54,3986
102,백령도,2021-12-27 16:00,4,,7.2,320,54,4051
102,백령도,2021-12-27 17:00,2.7,,2.9,20,74,2781
102,백령도,2021-12-27 18:00,3.2,,4.9,340,67,3048
102,백령도,2021-12-27 19:00,2.5,,5.1,360,71,3040
102,백령도,2021-12-27 20:00,.5,,2.4,50,70,3124
102,백령도,2021-12-27 21:00,.1,,2.8,50,61,3606
102,백령도,2021-12-27 22:00,-.2,,1.7,50,56,4194
102,백령도,2021-12-27 23:00,-.3,,3.1,70,52,4594
102,백령도,2021-12-28 00:00,-.6,,2.3,70,54,4436
102,백령도,2021-12-28 01:00,-.5,,1.4,70,53,4287
102,백령도,2021-12-28 02:00,-.6,,.6,140,56,4173
102,백령도,2021-12-28 03:00,-1.3,,2.5,140,62,3787
102,백령도,2021-12-28 04:00,-1.2,,2.5,140,59,3838
102,백령도,2021-12-28 05:00,-1.1,,2.5,140,58,4000
102,백령도,2021-12-28 06:00,0,,2.4,160,67,3253
102,백령도,2021-12-28 07:00,0,,3.4,140,70,3177
102,백령도,2021-12-28 08:00,.8,,4.7,110,70,2877
102,백령도,2021-12-28 09:00,.8,,4.8,110,85,1448
102,백령도,2021-12-28 10:00,.6,,5.7,110,85,1516
102,백령도,2021-12-28 11:00,1.1,,2.2,90,89,1364
102,백령도,2021-12-28 12:00,.6,0,4.5,90,93,642
102,백령도,2021-12-28 13:00,1.3,,4.4,110,89,1176
102,백령도,2021-12-28 14:00,1.8,,4,110,88,1176
102,백령도,2021-12-28 15:00,2.7,0,3.4,110,85,1126
102,백령도,2021-12-28 16:00,4.5,,3.8,230,59,1706
102,백령도,2021-12-28 17:00,4,,2.3,230,53,1991
102,백령도,2021-12-28 18:00,3.4,,2.3,230,45,3134
102,백령도,2021-12-28 19:00,3.2,,1.5,200,45,2416
102,백령도,2021-12-28 20:00,3.3,,1.5,200,55,1662
102,백령도,2021-12-28 21:00,4.4,,2.5,230,63,1875
102,백령도,2021-12-28 22:00,5.4,,3.2,230,60,1913
102,백령도,2021-12-28 23:00,5.4,,4.5,250,62,2040
102,백령도,2021-12-29 00:00,5.7,,4.9,250,62,2317
102,백령도,2021-12-29 01:00,5.4,,4.2,250,68,1894
102,백령도,2021-12-29 02:00,5.4,,4.2,230,63,2530
102,백령도,2021-12-29 03:00,5.2,,4.1,250,59,2837
102,백령도,2021-12-29 04:00,5.1,,4.4,270,59,2524
102,백령도,2021-12-29 05:00,5,,4.2,250,62,1867
102,백령도,2021-12-29 06:00,4.4,,3.4,250,54,2138
102,백령도,2021-12-29 07:00,4.1,,3.2,250,53,2135
102,백령도,2021-12-29 08:00,3.9,,2.4,250,57,1889
102,백령도,2021-12-29 09:00,4.7,,3.2,250,56,1628
102,백령도,2021-12-29 10:00,5.5,,3.6,270,57,1259
102,백령도,2021-12-29 11:00,5.9,,3.5,270,56,1446
102,백령도,2021-12-29 12:00,5.7,,7,290,61,1089
102,백령도,2021-12-29 13:00,5.4,,7.9,290,64,1039
102,백령도,2021-12-29 14:00,4.2,,8.3,320,71,712
102,백령도,2021-12-29 15:00,3,,8.3,320,64,1222
102,백령도,2021-12-29 16:00,1.5,,8.4,320,67,2407
102,백령도,2021-12-29 17:00,.6,,9.4,320,62,3405
102,백령도,2021-12-29 18:00,.6,,8.6,320,65,3250
102,백령도,2021-12-29 19:00,.6,,9,320,60,3273
102,백령도,2021-12-29 20:00,.4,,9.5,340,55,3566
102,백령도,2021-12-29 21:00,-.3,,11,320,56,3006
102,백령도,2021-12-29 22:00,-.8,,9.5,320,58,3686
102,백령도,2021-12-29 23:00,-1.5,,9.7,320,57,3887
102,백령도,2021-12-30 00:00,-1.4,,13.3,340,49,4910
102,백령도,2021-12-30 01:00,-1.4,,12.2,340,51,5000
102,백령도,2021-12-30 02:00,-1,,12,340,52,4984
102,백령도,2021-12-30 03:00,-1,,10.6,340,58,4971
102,백령도,2021-12-30 04:00,-.9,,9,340,51,4818
102,백령도,2021-12-30 05:00,-.7,,6.9,340,52,4962
102,백령도,2021-12-30 06:00,-.5,,5.3,320,51,4928
102,백령도,2021-12-30 07:00,-.1,,6.6,320,47,4993
102,백령도,2021-12-30 08:00,.3,,5.8,320,52,4927
102,백령도,2021-12-30 09:00,1,,4.8,340,55,4887
102,백령도,2021-12-30 10:00,-1,,4.9,90,68,4467
102,백령도,2021-12-30 11:00,-1.6,,3.2,110,83,3746
102,백령도,2021-12-30 12:00,-1.2,0,1.8,90,85,2019
102,백령도,2021-12-30 13:00,-1,,2.4,110,88,3854
102,백령도,2021-12-30 14:00,-1.4,,3.6,70,85,1741
102,백령도,2021-12-30 15:00,-2.1,.3,1,360,94,850
102,백령도,2021-12-30 16:00,.2,,10.1,320,48,4999
102,백령도,2021-12-30 17:00,-.3,,8.7,340,51,4957
102,백령도,2021-12-30 18:00,-.3,0,8.5,340,51,4587
102,백령도,2021-12-30 19:00,.1,,9.9,340,50,4911
102,백령도,2021-12-30 20:00,-.3,,12.8,340,42,4443
102,백령도,2021-12-30 21:00,-.6,,14.2,340,40,4532
102,백령도,2021-12-30 22:00,-.6,,12.8,340,49,4322
102,백령도,2021-12-30 23:00,-1,,12.1,340,46,4706
102,백령도,2021-12-31 00:00,-1.6,,11.5,340,46,4881
