지점,지점명,일시,기온(°C),강수량(mm),풍속(m/s),풍향(16방위),습도(%),시정(10m)
102,백령도,2019-01-01 01:00,-2.1,,5.5,320,61,4138
102,백령도,2019-01-01 02:00,-2,,6.3,320,65,3558
102,백령도,2019-01-01 03:00,-2.1,,6.1,320,66,2923
102,백령도,2019-01-01 04:00,-2.2,,7.2,320,64,2796
102,백령도,2019-01-01 05:00,-2.7,,5.2,320,67,2749
102,백령도,2019-01-01 06:00,-2.7,,5.3,320,65,2716
102,백령도,2019-01-01 07:00,-2.6,,6.7,320,67,2346
102,백령도,2019-01-01 08:00,-2.9,,6.1,320,67,2284
102,백령도,2019-01-01 09:00,-2.7,,6.6,320,66,2895
102,백령도,2019-01-01 10:00,-2.5,,7.8,320,62,3080
102,백령도,2019-01-01 11:00,-2.2,,7.3,320,60,3331
102,백령도,2019-01-01 12:00,-2.1,,8.2,320,58,3698
102,백령도,2019-01-01 13:00,-2,,7.8,320,58,3799
102,백령도,2019-01-01 14:00,-1.7,,6.5,320,55,4149
102,백령도,2019-01-01 15:00,-1.8,,8.3,320,55,3922
102,백령도,2019-01-01 16:00,-2.4,,8.1,340,60,3558
102,백령도,2019-01-01 17:00,-2.1,,9.2,320,60,4505
102,백령도,2019-01-01 18:00,-2,,8.6,320,57,4712
102,백령도,2019-01-01 19:00,-1.6,,8.5,320,51,4896
102,백령도,2019-01-01 20:00,-1.2,,8.9,320,55,4353
102,백령도,2019-01-01 21:00,-1,,8.3,320,57,4242
102,백령도,2019-01-01 22:00,-.9,,8.4,320,58,4232
102,백령도,2019-01-01 23:00,-1.1,,6.2,340,58,4067
102,백령도,2019-01-02 00:00,-1.1,,6.2,320,58,4267
102,백령도,2019-01-02 01:00,-1.7,,6.7,340,62,3109
102,백령도,2019-01-02 02:00,-2.5,,6,340,63,2830
102,백령도,2019-01-02 03:00,-2.6,,6.6,340,63,2890
102,백령도,2019-01-02 04:00,-2.7,,5.8,340,63,3390
102,백령도,2019-01-02 05:00,-2.8,,7,340,64,3332
102,백령도,2019-01-02 06:00,-2.6,,7.7,340,64,3833
102,백령도,2019-01-02 07:00,-2.4,,6.3,340,61,3969
102,백령도,2019-01-02 08:00,-2.4,,6.2,340,60,4208
102,백령도,2019-01-02 09:00,-2.1,,6.4,340,58,4474
102,백령도,2019-01-02 10:00,-1.7,,6.3,340,56,4413
102,백령도,2019-01-02 11:00,-1.5,,6.6,340,51,3810
102,백령도,2019-01-02 12:00,-.9,,6.7,340,54,3891
102,백령도,2019-01-02 13:00,-.9,,7.6,340,52,3778
102,백령도,2019-01-02 14:00,-.9,,8.1,340,51,4144
102,백령도,2019-01-02 15:00,-1,,8,340,49,4344
102,백령도,2019-01-02 16:00,-1,,7.1,340,52,4775
102,백령도,2019-01-02 17:00,-1.3,,6.5,340,55,4840
102,백령도,2019-01-02 18:00,-1.2,,5.7,340,56,4799
102,백령도,2019-01-02 19:00,-.9,,5.4,340,55,4750
102,백령도,2019-01-02 20:00,-.9,,5.6,340,56,4610
102,백령도,2019-01-02 21:00,-1.1,,5.3,340,57,4866
102,백령도,2019-01-02 22:00,-1.1,,5.8,340,53,4936
102,백령도,2019-01-02 23:00,-1,,4.9,320,49,4851
102,백령도,2019-01-03 00:00,-.9,,4.5,340,49,4772
102,백령도,2019-01-03 01:00,-.5,,5.6,340,51,4492
102,백령도,2019-01-03 02:00,-.3,,4.8,340,56,4494
102,백령도,2019-01-03 03:00,-.7,,3.1,360,58,4478
102,백령도,2019-01-03 04:00,-.9,,2.4,360,61,4388
102,백령도,2019-01-03 05:00,-2,,3,70,65,4112
102,백령도,2019-01-03 06:00,-2.5,,2.5,70,67,3793
102,백령도,2019-01-03 07:00,-3,,2.5,90,69,3194
102,백령도,2019-01-03 08:00,-2.5,,1.4,50,70,3780
102,백령도,2019-01-03 09:00,-1.1,,1.4,110,68,2491
102,백령도,2019-01-03 10:00,.6,,1.9,340,61,2931
102,백령도,2019-01-03 11:00,1.4,,2.3,360,57,3010
102,백령도,2019-01-03 12:00,1.5,,2.4,290,52,3069
102,백령도,2019-01-03 13:00,1.5,,2.5,320,49,3206
102,백령도,2019-01-03 14:00,1.7,,2.6,320,47,3292
102,백령도,2019-01-03 15:00,1.9,,3.1,320,52,3402
102,백령도,2019-01-03 16:00,2,,2.1,340,52,3320
102,백령도,2019-01-03 17:00,1.1,,1.8,290,55,3533
102,백령도,2019-01-03 18:00,-.4,,1,270,60,3299
102,백령도,2019-01-03 19:00,.3,,0,0,61,3005
102,백령도,2019-01-03 20:00,.1,,0,0,69,2872
102,백령도,2019-01-03 21:00,-.1,,.3,0,69,2925
102,백령도,2019-01-03 22:00,.1,,.5,110,71,2205
102,백령도,2019-01-03 23:00,-.1,,1.7,90,75,2631
102,백령도,2019-01-04 00:00,-.3,,1.9,90,74,2693
102,백령도,2019-01-04 01:00,-.5,,1.9,90,76,2382
102,백령도,2019-01-04 02:00,-.6,,1.8,90,78,2177
102,백령도,2019-01-04 03:00,-.6,,1.6,110,81,2257
102,백령도,2019-01-04 04:00,.1,,2,140,78,2577
102,백령도,2019-01-04 05:00,.1,,1.7,140,76,2153
102,백령도,2019-01-04 06:00,-.1,,2.5,140,78,2069
102,백령도,2019-01-04 07:00,0,,2.3,140,79,1372
102,백령도,2019-01-04 08:00,.2,,2.4,140,81,1510
102,백령도,2019-01-04 09:00,.7,,1.6,180,81,1145
102,백령도,2019-01-04 10:00,1.5,,2.5,140,78,1484
102,백령도,2019-01-04 11:00,2.2,,2.8,140,78,1627
102,백령도,2019-01-04 12:00,3,,3.6,140,79,1723
102,백령도,2019-01-04 13:00,4.8,,2.5,180,65,1291
102,백령도,2019-01-04 14:00,5,,3.9,270,57,607
102,백령도,2019-01-04 15:00,4.9,,3.9,290,59,746
102,백령도,2019-01-04 16:00,4.3,,5,320,69,466
102,백령도,2019-01-04 17:00,3.9,,4.6,320,71,366
102,백령도,2019-01-04 18:00,3.6,,5.4,320,68,374
102,백령도,2019-01-04 19:00,3.1,,5.3,320,72,379
102,백령도,2019-01-04 20:00,2.5,,6.5,320,71,388
102,백령도,2019-01-04 21:00,1.7,,5.9,340,72,664
102,백령도,2019-01-04 22:00,1,,5.5,340,68,787
102,백령도,2019-01-04 23:00,.9,,7.4,340,59,1387
102,백령도,2019-01-05 00:00,.5,,8.6,340,58,1700
102,백령도,2019-01-05 01:00,.2,,7.8,340,61,2327
102,백령도,2019-01-05 02:00,-.8,,8.6,340,55,3207
102,백령도,2019-01-05 03:00,-1.2,,8.5,340,53,4276
102,백령도,2019-01-05 04:00,-1.7,,9.1,340,52,4294
102,백령도,2019-01-05 05:00,-1.8,,8.9,360,55,4193
102,백령도,2019-01-05 06:00,-2,,8.8,360,53,4259
102,백령도,2019-01-05 07:00,-2.4,,9.5,340,48,4350
102,백령도,2019-01-05 08:00,-2.5,,7.1,360,52,4423
102,백령도,2019-01-05 09:00,-2.3,,8.1,360,49,4495
102,백령도,2019-01-05 10:00,-1.7,,8.2,360,48,4131
102,백령도,2019-01-05 11:00,-1.2,,8.2,360,45,4433
102,백령도,2019-01-05 12:00,-1,,9.1,340,45,3876
102,백령도,2019-01-05 13:00,-.8,,8.7,340,46,3902
102,백령도,2019-01-05 14:00,-.9,,7.9,360,48,3618
102,백령도,2019-01-05 15:00,-1.5,,8.6,340,50,4494
102,백령도,2019-01-05 16:00,-1.7,,8.4,360,52,4443
102,백령도,2019-01-05 17:00,-2.4,,8.2,340,56,4224
102,백령도,2019-01-05 18:00,-2.8,,6.7,360,59,4373
102,백령도,2019-01-05 19:00,-2.8,,7,360,60,4082
102,백령도,2019-01-05 20:00,-2.6,,7,360,61,4079
102,백령도,2019-01-05 21:00,-2.1,,8.2,340,59,3884
102,백령도,2019-01-05 22:00,-1.7,,8.4,360,56,4059
102,백령도,2019-01-05 23:00,-1.5,,7.6,340,57,4081
102,백령도,2019-01-06 00:00,-1.3,,7,340,58,4341
102,백령도,2019-01-06 01:00,-1.1,,7.7,340,57,4237
102,백령도,2019-01-06 02:00,-1.2,,8.3,340,57,4010
102,백령도,2019-01-06 03:00,-1.4,,7.3,340,59,3654
102,백령도,2019-01-06 04:00,-1.4,,8.7,340,60,3627
102,백령도,2019-01-06 05:00,-1.6,,7.4,340,62,3791
102,백령도,2019-01-06 06:00,-1.7,,6.5,360,66,3854
102,백령도,2019-01-06 07:00,-1.6,,5.2,360,66,4098
102,백령도,2019-01-06 08:00,-1.9,,2.1,360,69,3716
102,백령도,2019-01-06 09:00,-1.6,,1.5,360,69,3425
102,백령도,2019-01-06 10:00,-1,,2.1,340,68,2908
102,백령도,2019-01-06 11:00,.6,,2.8,340,65,3048
102,백령도,2019-01-06 12:00,.7,,6,320,61,3164
102,백령도,2019-01-06 13:00,1,,6.4,320,60,2856
102,백령도,2019-01-06 14:00,.9,,5.7,340,57,3006
102,백령도,2019-01-06 15:00,.7,,5.6,320,60,3027
102,백령도,2019-01-06 16:00,.3,,5.8,340,61,3229
102,백령도,2019-01-06 17:00,0,,4.1,340,63,3356
102,백령도,2019-01-06 18:00,-.4,,4.3,340,68,4486
102,백령도,2019-01-06 19:00,-.1,,4.1,340,69,4431
102,백령도,2019-01-06 20:00,-.1,,3.4,340,68,4700
102,백령도,2019-01-06 21:00,-.3,,3,320,68,4541
102,백령도,2019-01-06 22:00,-.5,,2.6,320,69,4202
102,백령도,2019-01-06 23:00,.4,,3.3,320,65,4302
102,백령도,2019-01-07 00:00,1,,4.5,320,53,3520
102,백령도,2019-01-07 01:00,1.3,,5,320,53,2738
102,백령도,2019-01-07 02:00,1.2,,5.5,320,57,1577
102,백령도,2019-01-07 03:00,1.2,,7.2,320,59,1655
102,백령도,2019-01-07 04:00,1.4,,7.2,320,62,1669
102,백령도,2019-01-07 05:00,1.6,,6.6,320,63,1493
102,백령도,2019-01-07 06:00,1.5,,5.6,320,65,1507
102,백령도,2019-01-07 07:00,1.4,,6.2,320,60,1513
102,백령도,2019-01-07 08:00,1.3,,4.7,320,65,1441
102,백령도,2019-01-07 09:00,1.2,,4.4,320,61,1429
102,백령도,2019-01-07 10:00,1.4,,5,340,63,1356
102,백령도,2019-01-07 11:00,1.9,,4.2,340,60,1401
102,백령도,2019-01-07 12:00,2.4,,4.7,320,57,1379
102,백령도,2019-01-07 13:00,2.1,,5,320,60,1287
102,백령도,2019-01-07 14:00,1.9,,4.8,320,59,1392
102,백령도,2019-01-07 15:00,2,,4.9,340,56,1532
102,백령도,2019-01-07 16:00,1.7,,4.4,340,55,1906
102,백령도,2019-01-07 17:00,1.1,,3.6,340,55,2125
102,백령도,2019-01-07 18:00,.9,,4,340,56,2441
102,백령도,2019-01-07 19:00,.5,,4.8,340,52,2831
102,백령도,2019-01-07 20:00,.3,,3,360,54,3111
102,백령도,2019-01-07 21:00,-.3,,1.7,50,61,3335
102,백령도,2019-01-07 22:00,-.3,,1.9,20,60,4020
102,백령도,2019-01-07 23:00,.1,,3.6,340,53,3814
102,백령도,2019-01-08 00:00,.1,,3.7,320,53,3492
102,백령도,2019-01-08 01:00,.4,,3.8,320,51,3579
102,백령도,2019-01-08 02:00,.8,,4.6,320,51,2760
102,백령도,2019-01-08 03:00,-.2,,7.8,340,61,2384
102,백령도,2019-01-08 04:00,-.7,,8,340,57,2621
102,백령도,2019-01-08 05:00,-1.1,,7.5,340,55,3151
102,백령도,2019-01-08 06:00,-1.4,,7.5,340,51,3517
102,백령도,2019-01-08 07:00,-1.4,,7.1,340,55,3232
102,백령도,2019-01-08 08:00,-1.5,,8.2,340,52,3511
102,백령도,2019-01-08 09:00,-1.4,,8.2,340,48,3785
102,백령도,2019-01-08 10:00,-1,,9.4,340,42,4445
102,백령도,2019-01-08 11:00,-1,,10.2,340,43,3880
102,백령도,2019-01-08 12:00,-1,,9.5,340,50,3589
102,백령도,2019-01-08 13:00,-.9,,8.6,340,52,3551
102,백령도,2019-01-08 14:00,-1.9,,10.9,340,51,3899
102,백령도,2019-01-08 15:00,-2.6,,10.3,340,51,4085
102,백령도,2019-01-08 16:00,-2.2,,8.5,340,52,4249
102,백령도,2019-01-08 17:00,-2.6,,9.1,340,54,4217
102,백령도,2019-01-08 18:00,-2.8,,11.1,340,45,4033
102,백령도,2019-01-08 19:00,-2.7,,11.1,340,48,4162
102,백령도,2019-01-08 20:00,-2.9,,10.6,340,46,3817
102,백령도,2019-01-08 21:00,-3.1,,10.7,360,45,3795
102,백령도,2019-01-08 22:00,-3.1,,11.3,340,52,3616
102,백령도,2019-01-08 23:00,-3.6,,10.1,360,52,4071
102,백령도,2019-01-09 00:00,-3.7,,8.1,360,56,3727
102,백령도,2019-01-09 01:00,-4,,8.4,360,55,3918
102,백령도,2019-01-09 02:00,-4.2,,7.4,360,57,3736
102,백령도,2019-01-09 03:00,-4.6,,3.3,20,58,3822
102,백령도,2019-01-09 04:00,-4.9,,4.7,360,58,3931
102,백령도,2019-01-09 05:00,-4.9,,5.9,340,60,3991
102,백령도,2019-01-09 06:00,-4.6,,4.5,340,64,3978
102,백령도,2019-01-09 07:00,-4.9,,2.7,20,67,3878
102,백령도,2019-01-09 08:00,-5.9,,3.1,50,67,3826
102,백령도,2019-01-09 09:00,-5,,3.1,50,65,3744
102,백령도,2019-01-09 10:00,-5,,3.4,50,66,3700
102,백령도,2019-01-09 11:00,-4.4,,3.6,70,65,3588
102,백령도,2019-01-09 12:00,-3.6,,1.5,90,61,3329
102,백령도,2019-01-09 13:00,-3.5,,1.3,90,61,2954
102,백령도,2019-01-09 14:00,-2,,.9,360,54,3156
102,백령도,2019-01-09 15:00,-2.3,,.8,70,61,3112
102,백령도,2019-01-09 16:00,-2.2,,1,110,63,3013
102,백령도,2019-01-09 17:00,-3,,1.1,160,69,3091
102,백령도,2019-01-09 18:00,-3.2,,1.3,230,73,2766
102,백령도,2019-01-09 19:00,-3.1,,.8,270,78,2306
102,백령도,2019-01-09 20:00,-2.9,,1,250,80,3294
102,백령도,2019-01-09 21:00,-2.8,,0,0,80,2676
102,백령도,2019-01-09 22:00,-2.9,,1.4,180,81,2894
102,백령도,2019-01-09 23:00,-2.2,,1.2,180,81,3055
102,백령도,2019-01-10 00:00,-1.5,,.9,230,76,3290
102,백령도,2019-01-10 01:00,-.8,,1.4,250,72,3557
102,백령도,2019-01-10 02:00,-1,,1.7,250,74,3760
102,백령도,2019-01-10 03:00,0,,1.4,250,71,3677
102,백령도,2019-01-10 04:00,.4,,2.2,270,68,3576
102,백령도,2019-01-10 05:00,.7,,1.9,250,68,3558
102,백령도,2019-01-10 06:00,1,,3,250,64,3494
102,백령도,2019-01-10 07:00,.9,,2.3,270,65,3209
102,백령도,2019-01-10 08:00,1,,3.1,250,65,2938
102,백령도,2019-01-10 09:00,1.6,,2.7,270,61,2569
102,백령도,2019-01-10 10:00,2.3,,3.2,270,61,2093
102,백령도,2019-01-10 11:00,2.7,,4.9,290,59,2306
102,백령도,2019-01-10 12:00,3.3,,4.8,290,54,1965
102,백령도,2019-01-10 13:00,2.9,,3.5,290,63,1599
102,백령도,2019-01-10 14:00,3.1,,4.7,270,64,1175
102,백령도,2019-01-10 15:00,3.4,,4.1,290,60,1437
102,백령도,2019-01-10 16:00,3.4,,4.2,290,64,1150
102,백령도,2019-01-10 17:00,3.6,,4.1,290,67,1150
102,백령도,2019-01-10 18:00,3.6,,3.7,290,68,1125
102,백령도,2019-01-10 19:00,3.7,,3,270,69,1313
102,백령도,2019-01-10 20:00,3.9,,5.1,290,67,1292
102,백령도,2019-01-10 21:00,3.8,,4.8,290,66,1352
102,백령도,2019-01-10 22:00,3.9,,4.8,290,67,1207
102,백령도,2019-01-10 23:00,3.9,,4.5,320,68,1137
102,백령도,2019-01-11 00:00,3.9,,5,320,65,1151
102,백령도,2019-01-11 01:00,3.9,,4.2,290,62,1162
102,백령도,2019-01-11 02:00,3.7,,3.3,320,70,1028
102,백령도,2019-01-11 03:00,3.5,,4.3,340,69,1028
102,백령도,2019-01-11 04:00,3.4,,3.3,340,70,971
102,백령도,2019-01-11 05:00,2.6,,2,50,75,965
102,백령도,2019-01-11 06:00,2.1,,2.9,70,77,946
102,백령도,2019-01-11 07:00,1.4,,1.9,90,82,830
102,백령도,2019-01-11 08:00,1.2,,1.7,110,83,820
102,백령도,2019-01-11 09:00,1.6,,1.8,90,81,863
102,백령도,2019-01-11 10:00,2.2,,2.7,90,77,919
102,백령도,2019-01-11 11:00,2.8,,2.5,110,71,965
102,백령도,2019-01-11 12:00,2.9,,1.9,140,70,976
102,백령도,2019-01-11 13:00,3.7,,2.4,90,66,965
102,백령도,2019-01-11 14:00,3.7,,1.9,110,69,941
102,백령도,2019-01-11 15:00,3.7,,2,140,70,928
102,백령도,2019-01-11 16:00,3.5,,1.7,140,73,913
102,백령도,2019-01-11 17:00,3,,1.2,110,74,875
102,백령도,2019-01-11 18:00,2.2,,0,0,76,703
102,백령도,2019-01-11 19:00,1.7,,0,0,78,713
102,백령도,2019-01-11 20:00,2.2,,1.6,70,78,820
102,백령도,2019-01-11 21:00,2.7,,1.4,50,71,914
102,백령도,2019-01-11 22:00,2.5,,1.3,70,66,987
102,백령도,2019-01-11 23:00,2.3,,0,0,70,946
102,백령도,2019-01-12 00:00,2.4,,0,0,77,797
102,백령도,2019-01-12 01:00,2.7,,0,0,75,813
102,백령도,2019-01-12 02:00,2.4,,1.3,90,76,818
102,백령도,2019-01-12 03:00,2.4,,1.6,70,71,764
102,백령도,2019-01-12 04:00,2.4,,0,0,71,738
102,백령도,2019-01-12 05:00,2.5,,0,0,70,852
102,백령도,2019-01-12 06:00,2.8,0,.1,0,69,948
102,백령도,2019-01-12 07:00,2.7,,1.2,50,71,945
102,백령도,2019-01-12 08:00,2.2,,0,0,76,719
102,백령도,2019-01-12 09:00,1.5,0,0,0,83,598
102,백령도,2019-01-12 10:00,1.8,,0,0,89,662
102,백령도,2019-01-12 11:00,2.5,,1.8,320,66,1276
102,백령도,2019-01-12 12:00,3.3,0,2.2,340,51,1788
102,백령도,2019-01-12 13:00,3.5,,2.4,360,39,1853
102,백령도,2019-01-12 14:00,3.9,,1.8,340,42,1806
102,백령도,2019-01-12 15:00,3.9,,3.7,320,51,1484
102,백령도,2019-01-12 16:00,3.9,,3.4,340,53,1415
102,백령도,2019-01-12 17:00,3.2,,2.3,340,60,1127
102,백령도,2019-01-12 18:00,2.4,,.8,360,70,920
102,백령도,2019-01-12 19:00,1.7,,0,0,74,550
102,백령도,2019-01-12 20:00,1.8,,0,0,76,773
102,백령도,2019-01-12 21:00,.6,,0,0,79,741
102,백령도,2019-01-12 22:00,1.4,,.6,200,79,688
102,백령도,2019-01-12 23:00,1.6,,1.7,290,79,630
102,백령도,2019-01-13 00:00,1.1,,1.4,250,79,628
102,백령도,2019-01-13 01:00,3.3,,2.9,320,78,915
102,백령도,2019-01-13 02:00,3.7,,3.1,320,74,957
102,백령도,2019-01-13 03:00,3.1,,2.9,320,75,722
102,백령도,2019-01-13 04:00,4,,3.5,320,73,494
102,백령도,2019-01-13 05:00,3.9,,4.3,320,73,607
102,백령도,2019-01-13 06:00,3.6,,2.7,340,73,546
102,백령도,2019-01-13 07:00,3.8,,3,320,72,563
102,백령도,2019-01-13 08:00,3.6,,2.7,320,72,562
102,백령도,2019-01-13 09:00,3.5,,1.9,290,72,550
102,백령도,2019-01-13 10:00,4.6,,2.4,320,71,537
102,백령도,2019-01-13 11:00,5,,3.4,320,69,583
102,백령도,2019-01-13 12:00,5.1,,3.9,290,64,655
102,백령도,2019-01-13 13:00,5,,4.2,290,64,689
102,백령도,2019-01-13 14:00,5.8,,4.2,290,67,668
102,백령도,2019-01-13 15:00,4.6,,3.6,290,68,607
102,백령도,2019-01-13 16:00,4.4,,3.7,270,69,579
102,백령도,2019-01-13 17:00,4.2,,3,270,67,578
102,백령도,2019-01-13 18:00,3.3,,2,250,71,535
102,백령도,2019-01-13 19:00,3.7,,1.7,250,71,425
102,백령도,2019-01-13 20:00,3.8,,2,250,77,377
102,백령도,2019-01-13 21:00,4.1,,3.9,250,80,320
102,백령도,2019-01-13 22:00,4,,1.3,20,81,272
102,백령도,2019-01-13 23:00,3.2,,2,20,82,273
102,백령도,2019-01-14 00:00,3.1,,1.9,20,80,273
102,백령도,2019-01-14 01:00,2.6,,1.9,50,83,258
102,백령도,2019-01-14 02:00,2.9,,.3,0,82,275
102,백령도,2019-01-14 03:00,2.6,,1.5,50,83,269
102,백령도,2019-01-14 04:00,2.5,,1.9,50,83,274
102,백령도,2019-01-14 05:00,2.2,,0,0,84,272
102,백령도,2019-01-14 06:00,2.3,,0,0,84,267
102,백령도,2019-01-14 07:00,2.5,,.8,250,75,360
102,백령도,2019-01-14 08:00,2.3,,1.6,250,75,362
102,백령도,2019-01-14 09:00,2.3,,1.5,320,77,377
102,백령도,2019-01-14 10:00,3.1,,.9,360,73,405
102,백령도,2019-01-14 11:00,2.9,,1.7,110,82,304
102,백령도,2019-01-14 12:00,2.5,,2.2,110,82,309
102,백령도,2019-01-14 13:00,2.7,,2,140,80,316
102,백령도,2019-01-14 14:00,2.7,,1.3,180,80,301
102,백령도,2019-01-14 15:00,3.1,,2.7,320,79,413
102,백령도,2019-01-14 16:00,2.9,,3.4,320,77,432
102,백령도,2019-01-14 17:00,2.6,,2.6,320,78,419
102,백령도,2019-01-14 18:00,2.4,,2.4,320,79,420
102,백령도,2019-01-14 19:00,1.6,,2.3,320,80,423
102,백령도,2019-01-14 20:00,1.6,,1.6,270,80,415
102,백령도,2019-01-14 21:00,1.9,,1.5,270,74,436
102,백령도,2019-01-14 22:00,1.1,,1.6,290,74,480
102,백령도,2019-01-14 23:00,1.3,,2.1,290,75,533
102,백령도,2019-01-15 00:00,1.2,,2.2,270,75,577
102,백령도,2019-01-15 01:00,2.4,,4.1,320,71,684
102,백령도,2019-01-15 02:00,2.6,,5.2,320,66,737
102,백령도,2019-01-15 03:00,2.4,,5.2,320,63,850
102,백령도,2019-01-15 04:00,2.7,,3.3,290,71,1189
102,백령도,2019-01-15 05:00,3,,4.1,320,74,1150
102,백령도,2019-01-15 06:00,2.9,0,5,340,65,806
102,백령도,2019-01-15 07:00,1.9,,2.8,360,78,583
102,백령도,2019-01-15 08:00,.2,,9.3,360,79,627
102,백령도,2019-01-15 09:00,-1.1,.1,8.9,360,79,606
102,백령도,2019-01-15 10:00,-1.1,,11.2,340,72,1662
102,백령도,2019-01-15 11:00,-1.5,,10.4,340,69,2572
102,백령도,2019-01-15 12:00,-3.6,0,13.2,340,66,2742
102,백령도,2019-01-15 13:00,-4,,10,340,63,2954
102,백령도,2019-01-15 14:00,-4.6,,11.8,340,66,2798
102,백령도,2019-01-15 15:00,-4.6,,10,340,60,2539
102,백령도,2019-01-15 16:00,-4.9,,10.9,340,60,3473
102,백령도,2019-01-15 17:00,-5.2,,13,340,59,3255
102,백령도,2019-01-15 18:00,-4.9,,12.6,340,60,3536
102,백령도,2019-01-15 19:00,-4.5,,11.8,340,60,3223
102,백령도,2019-01-15 20:00,-4.4,,10.9,340,60,3548
102,백령도,2019-01-15 21:00,-4.5,,10.9,340,59,3323
102,백령도,2019-01-15 22:00,-4.6,,10.2,340,60,3365
102,백령도,2019-01-15 23:00,-4.8,,10.3,340,60,3228
102,백령도,2019-01-16 00:00,-4.8,,9.9,340,61,3551
102,백령도,2019-01-16 01:00,-4.9,,11.1,340,63,3541
102,백령도,2019-01-16 02:00,-4.7,,9.6,340,61,3811
102,백령도,2019-01-16 03:00,-4.7,,9.7,340,63,3814
102,백령도,2019-01-16 04:00,-4.9,,9.4,360,59,3870
102,백령도,2019-01-16 05:00,-5,,8.3,340,61,4063
102,백령도,2019-01-16 06:00,-5,,7.9,340,58,4361
102,백령도,2019-01-16 07:00,-4.9,,7.1,360,60,4427
102,백령도,2019-01-16 08:00,-4.8,,6.6,360,59,4292
102,백령도,2019-01-16 09:00,-4.1,,5.8,340,57,4222
102,백령도,2019-01-16 10:00,-3,,3.7,320,56,4431
102,백령도,2019-01-16 11:00,-1.7,,4.3,290,48,3627
102,백령도,2019-01-16 12:00,-.4,,5.2,270,52,3719
102,백령도,2019-01-16 13:00,-.7,,4.5,290,73,1397
102,백령도,2019-01-16 14:00,1.5,,5.5,290,57,3460
102,백령도,2019-01-16 15:00,1.2,0,6.4,290,58,3716
102,백령도,2019-01-16 16:00,.9,,6.3,270,66,3041
102,백령도,2019-01-16 17:00,.4,,3.7,270,77,1934
102,백령도,2019-01-16 18:00,1,,6.7,290,60,2817
102,백령도,2019-01-16 19:00,1.1,,5.4,270,65,2492
102,백령도,2019-01-16 20:00,1.4,,7.1,270,64,2577
102,백령도,2019-01-16 21:00,1.3,,6.6,290,62,2572
102,백령도,2019-01-16 22:00,1.5,,7.8,270,57,2634
102,백령도,2019-01-16 23:00,1.8,,8,290,61,2496
102,백령도,2019-01-17 00:00,2,,8,290,61,2549
102,백령도,2019-01-17 01:00,2.1,,7.7,290,56,2661
102,백령도,2019-01-17 02:00,2,,7.7,320,60,2260
102,백령도,2019-01-17 03:00,1.5,,7.1,320,58,2057
102,백령도,2019-01-17 04:00,1.4,,6.9,290,59,1815
102,백령도,2019-01-17 05:00,1.7,,6.2,320,54,1984
102,백령도,2019-01-17 06:00,1.6,,6.2,340,53,2071
102,백령도,2019-01-17 07:00,1.5,,5.7,340,55,2138
102,백령도,2019-01-17 08:00,1.3,,5.2,340,60,2129
102,백령도,2019-01-17 09:00,.9,,2,20,70,2040
102,백령도,2019-01-17 10:00,1.6,,1.7,340,67,2025
102,백령도,2019-01-17 11:00,2.5,,3,360,61,1989
102,백령도,2019-01-17 12:00,2.8,,3.5,340,59,2045
102,백령도,2019-01-17 13:00,3.4,,3.4,320,59,2086
102,백령도,2019-01-17 14:00,3.5,,3.5,320,60,1933
102,백령도,2019-01-17 15:00,3.2,,3.7,340,56,2222
102,백령도,2019-01-17 16:00,3,,4.8,340,45,3200
102,백령도,2019-01-17 17:00,2.3,,3.6,340,47,3049
102,백령도,2019-01-17 18:00,1,,3.2,340,59,2948
102,백령도,2019-01-17 19:00,.8,,3.2,340,58,3204
102,백령도,2019-01-17 20:00,.5,,2.5,340,59,3331
102,백령도,2019-01-17 21:00,.1,,1.9,320,60,3320
102,백령도,2019-01-17 22:00,.8,,2.3,320,58,3334
102,백령도,2019-01-17 23:00,.4,,1.5,360,60,3429
102,백령도,2019-01-18 00:00,.9,,1.1,20,56,3967
102,백령도,2019-01-18 01:00,.6,,1.2,360,53,3821
102,백령도,2019-01-18 02:00,.3,,1.5,70,55,3849
102,백령도,2019-01-18 03:00,.2,,.5,110,59,3380
102,백령도,2019-01-18 04:00,0,,1.6,90,63,3261
102,백령도,2019-01-18 05:00,-.1,,2,110,64,3389
102,백령도,2019-01-18 06:00,.1,,1.7,110,67,2986
102,백령도,2019-01-18 07:00,-.1,,2.1,110,62,3206
102,백령도,2019-01-18 08:00,-.4,,2.7,110,61,3537
102,백령도,2019-01-18 09:00,.1,,2.7,140,58,3445
102,백령도,2019-01-18 10:00,1.8,,3.2,140,66,2440
102,백령도,2019-01-18 11:00,4.1,,4.8,160,65,2580
102,백령도,2019-01-18 12:00,4.6,,4.5,160,68,2216
102,백령도,2019-01-18 13:00,5.1,,4,180,52,1562
102,백령도,2019-01-18 14:00,5.6,,3.9,200,44,1289
102,백령도,2019-01-18 15:00,6,,3.4,200,46,1463
102,백령도,2019-01-18 16:00,5.3,,3.2,270,44,1555
102,백령도,2019-01-18 17:00,4.5,,1.1,270,49,1488
102,백령도,2019-01-18 18:00,3.4,,1.5,200,52,1133
102,백령도,2019-01-18 19:00,3.7,,1,200,49,1416
102,백령도,2019-01-18 20:00,3.5,,.7,110,48,1747
102,백령도,2019-01-18 21:00,2.7,,1.5,140,85,1176
102,백령도,2019-01-18 22:00,2.4,,2,140,88,1140
102,백령도,2019-01-18 23:00,2.2,,1.4,140,92,1112
102,백령도,2019-01-19 00:00,2.4,,1,140,92,1046
102,백령도,2019-01-19 01:00,1.9,,2.8,90,93,1041
102,백령도,2019-01-19 02:00,1.5,,3.2,90,91,1087
102,백령도,2019-01-19 03:00,1.8,,3.2,90,89,1120
102,백령도,2019-01-19 04:00,2,,2.1,110,88,1054
102,백령도,2019-01-19 05:00,1.9,,2.2,110,89,898
102,백령도,2019-01-19 06:00,2,,2.2,140,87,1025
102,백령도,2019-01-19 07:00,2.1,,2.5,110,85,1038
102,백령도,2019-01-19 08:00,2,,1.8,140,85,1061
102,백령도,2019-01-19 09:00,2.5,,2.6,110,85,1030
102,백령도,2019-01-19 10:00,3.1,,2.8,90,82,1071
102,백령도,2019-01-19 11:00,4.6,,2.9,90,76,1184
102,백령도,2019-01-19 12:00,4.3,,2.6,110,76,1112
102,백령도,2019-01-19 13:00,5.2,,2.8,140,74,1117
102,백령도,2019-01-19 14:00,6.1,,2.7,110,76,942
102,백령도,2019-01-19 15:00,6.4,,2.3,140,77,983
102,백령도,2019-01-19 16:00,4.9,,1.6,180,83,833
102,백령도,2019-01-19 17:00,5,,.6,160,84,827
102,백령도,2019-01-19 18:00,4.1,,.4,0,89,716
102,백령도,2019-01-19 19:00,3.5,,3.9,360,81,942
102,백령도,2019-01-19 20:00,2.7,,5.1,360,85,911
102,백령도,2019-01-19 21:00,2.4,,6.7,360,82,964
102,백령도,2019-01-19 22:00,2.5,,6.5,360,69,1154
102,백령도,2019-01-19 23:00,2.4,,7.8,340,53,2522
102,백령도,2019-01-20 00:00,1.6,,10.1,340,54,2183
102,백령도,2019-01-20 01:00,1,,10.8,340,56,2749
102,백령도,2019-01-20 02:00,.7,,11.5,340,58,3208
102,백령도,2019-01-20 03:00,.4,,13.2,340,54,3454
102,백령도,2019-01-20 04:00,-.1,,13.2,340,52,3231
102,백령도,2019-01-20 05:00,-.4,,11.9,340,54,3486
102,백령도,2019-01-20 06:00,-.6,,14,340,52,3628
102,백령도,2019-01-20 07:00,-.9,,12.5,340,54,3835
102,백령도,2019-01-20 08:00,-1.3,,12.9,340,52,3887
102,백령도,2019-01-20 09:00,-1.4,,11.9,340,51,4187
102,백령도,2019-01-20 10:00,-1.4,,11.9,340,51,3976
102,백령도,2019-01-20 11:00,-1.4,,12.4,340,50,4102
102,백령도,2019-01-20 12:00,-1.7,,11.7,340,49,4191
102,백령도,2019-01-20 13:00,-1.8,,12.2,340,48,4184
102,백령도,2019-01-20 14:00,-1.6,,11.8,340,52,4253
102,백령도,2019-01-20 15:00,-1.5,,10.3,340,51,4337
102,백령도,2019-01-20 16:00,-1.5,,10.3,340,52,4155
102,백령도,2019-01-20 17:00,-1.6,,9.1,340,50,4448
102,백령도,2019-01-20 18:00,-1.8,,8.2,320,53,4134
102,백령도,2019-01-20 19:00,-1.5,,8,320,54,4220
102,백령도,2019-01-20 20:00,-1.2,,7.6,320,51,4375
102,백령도,2019-01-20 21:00,-.7,,7.5,320,52,4349
102,백령도,2019-01-20 22:00,-.4,,8.6,320,52,4592
102,백령도,2019-01-20 23:00,-.2,,7.9,320,49,4666
102,백령도,2019-01-21 00:00,0,,7.9,320,47,4628
102,백령도,2019-01-21 01:00,.3,,6.9,320,48,4830
102,백령도,2019-01-21 02:00,.4,,5.3,290,55,4704
102,백령도,2019-01-21 03:00,1,,5,290,57,3832
102,백령도,2019-01-21 04:00,1.8,,5.1,290,60,3003
102,백령도,2019-01-21 05:00,1.6,,4.1,250,65,2909
102,백령도,2019-01-21 06:00,2,,3.9,270,66,2845
102,백령도,2019-01-21 07:00,2.4,,4.7,270,70,2757
102,백령도,2019-01-21 08:00,2.6,,5.2,270,68,2612
102,백령도,2019-01-21 09:00,3.5,,6.9,270,64,2380
102,백령도,2019-01-21 10:00,4.4,,7.2,270,67,1837
102,백령도,2019-01-21 11:00,5.3,,8.3,290,58,1915
102,백령도,2019-01-21 12:00,5.4,,8.3,290,52,2215
102,백령도,2019-01-21 13:00,5.8,,7.6,290,46,2551
102,백령도,2019-01-21 14:00,5.7,,7.4,320,49,2649
102,백령도,2019-01-21 15:00,5.6,,5.6,290,45,2596
102,백령도,2019-01-21 16:00,5.2,,6.5,320,48,2672
102,백령도,2019-01-21 17:00,4.5,,5.2,290,47,2504
102,백령도,2019-01-21 18:00,3.8,,5.6,320,52,2623
102,백령도,2019-01-21 19:00,3.5,,4.8,290,54,2747
102,백령도,2019-01-21 20:00,3.8,,5.9,290,61,2581
102,백령도,2019-01-21 21:00,3.6,,5.4,290,59,2310
102,백령도,2019-01-21 22:00,3.6,,4.7,290,60,2586
102,백령도,2019-01-21 23:00,3.5,,4.3,290,63,2438
102,백령도,2019-01-22 00:00,3.5,,5,290,63,2351
102,백령도,2019-01-22 01:00,3.6,,4.8,290,66,2297
102,백령도,2019-01-22 02:00,3.4,,3.6,290,64,2538
102,백령도,2019-01-22 03:00,2.6,,2.3,290,62,2763
102,백령도,2019-01-22 04:00,2.5,,2.2,270,59,2965
102,백령도,2019-01-22 05:00,2,,1.8,270,65,2768
102,백령도,2019-01-22 06:00,2.1,,1.6,290,72,2265
102,백령도,2019-01-22 07:00,1.7,,2.2,270,76,2077
102,백령도,2019-01-22 08:00,2.1,,2,250,70,2120
102,백령도,2019-01-22 09:00,2.7,,1.3,230,69,1820
102,백령도,2019-01-22 10:00,4.7,,2.2,270,66,1656
102,백령도,2019-01-22 11:00,5.3,,4,250,63,1452
102,백령도,2019-01-22 12:00,5.7,,5.2,270,53,1673
102,백령도,2019-01-22 13:00,6.1,,6,250,50,1338
102,백령도,2019-01-22 14:00,6.4,,6,250,47,1526
102,백령도,2019-01-22 15:00,6.1,,5.4,250,53,1478
102,백령도,2019-01-22 16:00,6.2,,4.1,270,54,1208
102,백령도,2019-01-22 17:00,5.3,,3.1,270,57,958
102,백령도,2019-01-22 18:00,4.2,,3.7,270,66,768
102,백령도,2019-01-22 19:00,4,,3.4,270,68,747
102,백령도,2019-01-22 20:00,3.8,,3.1,270,69,743
102,백령도,2019-01-22 21:00,3.4,,3.1,270,73,774
102,백령도,2019-01-22 22:00,3.7,,2.9,270,65,1180
102,백령도,2019-01-22 23:00,3.9,,3,270,72,852
102,백령도,2019-01-23 00:00,3.6,,2.5,270,76,755
102,백령도,2019-01-23 01:00,3,,3.2,270,73,1017
102,백령도,2019-01-23 02:00,3.6,,3.4,290,82,644
102,백령도,2019-01-23 03:00,3.7,,3.7,320,81,641
102,백령도,2019-01-23 04:00,3.7,,3.2,320,80,903
102,백령도,2019-01-23 05:00,2.9,,2.6,290,75,1459
102,백령도,2019-01-23 06:00,3.8,,3.3,320,69,1928
102,백령도,2019-01-23 07:00,3.3,,4.8,360,81,1057
102,백령도,2019-01-23 08:00,2.9,,4.7,360,70,1117
102,백령도,2019-01-23 09:00,3.4,,4,360,66,1322
102,백령도,2019-01-23 10:00,4.5,,5.3,360,52,1990
102,백령도,2019-01-23 11:00,5.3,,6.6,360,41,2692
102,백령도,2019-01-23 12:00,5.5,,6.4,340,42,3261
102,백령도,2019-01-23 13:00,5.1,,7.5,340,44,3790
102,백령도,2019-01-23 14:00,4.5,,10.5,340,46,3455
102,백령도,2019-01-23 15:00,3.9,,10.1,340,48,3297
102,백령도,2019-01-23 16:00,3.7,,11.3,340,43,3441
102,백령도,2019-01-23 17:00,3.1,,9.8,340,43,3587
102,백령도,2019-01-23 18:00,2.8,,9.2,340,43,2954
102,백령도,2019-01-23 19:00,3.1,,9.7,340,41,3418
102,백령도,2019-01-23 20:00,3.3,,10,340,44,3255
102,백령도,2019-01-23 21:00,3.3,,8.9,340,44,2920
102,백령도,2019-01-23 22:00,2.9,,8.4,340,40,3261
102,백령도,2019-01-23 23:00,2.4,,7.4,340,36,3348
102,백령도,2019-01-24 00:00,1.8,,6.1,360,47,3452
102,백령도,2019-01-24 01:00,1.3,,5.4,360,42,3381
102,백령도,2019-01-24 02:00,.8,,5.2,340,44,3881
102,백령도,2019-01-24 03:00,.4,,4.2,360,47,4258
102,백령도,2019-01-24 04:00,-.2,,3.1,360,41,4401
102,백령도,2019-01-24 05:00,-.7,,2.5,50,41,4897
102,백령도,2019-01-24 06:00,-1.1,,1.1,50,46,4891
102,백령도,2019-01-24 07:00,-1.1,,3.5,360,52,4677
102,백령도,2019-01-24 08:00,-1.2,,2.2,360,58,4770
102,백령도,2019-01-24 09:00,-.4,,3.7,360,57,3861
102,백령도,2019-01-24 10:00,.6,,2.9,360,55,3621
102,백령도,2019-01-24 11:00,1.2,,3.7,360,52,3753
102,백령도,2019-01-24 12:00,1.2,,3,340,51,3750
102,백령도,2019-01-24 13:00,1.9,,3.2,360,51,3581
102,백령도,2019-01-24 14:00,2.3,,3.9,320,50,3775
102,백령도,2019-01-24 15:00,2.1,,4.3,340,55,3940
102,백령도,2019-01-24 16:00,2.2,,4.5,340,54,4042
102,백령도,2019-01-24 17:00,1.9,,3.1,340,54,4305
102,백령도,2019-01-24 18:00,.4,,2.1,360,60,4056
102,백령도,2019-01-24 19:00,-.1,,2.1,320,62,3977
102,백령도,2019-01-24 20:00,-.7,,1.5,340,68,3597
102,백령도,2019-01-24 21:00,-.1,,2.7,340,69,4744
102,백령도,2019-01-24 22:00,1.2,,3.8,340,55,4256
102,백령도,2019-01-24 23:00,1.5,,3.9,340,49,4306
102,백령도,2019-01-25 00:00,1.8,,5.1,340,45,4200
102,백령도,2019-01-25 01:00,1.9,,4.6,340,48,3673
102,백령도,2019-01-25 02:00,1.9,,5.3,340,46,3076
102,백령도,2019-01-25 03:00,2,,6.2,340,45,2915
102,백령도,2019-01-25 04:00,1.6,,7.3,340,46,3069
102,백령도,2019-01-25 05:00,1,,8,340,45,3359
102,백령도,2019-01-25 06:00,.2,,8.8,340,48,3555
102,백령도,2019-01-25 07:00,-.2,,9.2,340,48,3148
102,백령도,2019-01-25 08:00,-.4,,10.6,340,46,2934
102,백령도,2019-01-25 09:00,-.5,,10.4,360,47,3077
102,백령도,2019-01-25 10:00,-.5,,12.2,340,44,3708
102,백령도,2019-01-25 11:00,-.5,,12.3,340,44,3779
102,백령도,2019-01-25 12:00,-.5,,12.4,340,43,3653
102,백령도,2019-01-25 13:00,-.8,,13.1,340,44,3532
102,백령도,2019-01-25 14:00,-1.2,,12.9,340,45,3871
102,백령도,2019-01-25 15:00,-1.5,,13.1,340,52,3444
102,백령도,2019-01-25 16:00,-1.4,,12.5,340,50,2932
102,백령도,2019-01-25 17:00,-1.7,,13.7,340,49,3002
102,백령도,2019-01-25 18:00,-1.5,,11.4,340,48,3054
102,백령도,2019-01-25 19:00,-1.2,,12.7,340,52,2869
102,백령도,2019-01-25 20:00,-1.1,,13.8,340,50,2761
102,백령도,2019-01-25 21:00,-1,,13.4,340,48,2752
102,백령도,2019-01-25 22:00,-1.2,,11.7,340,49,2714
102,백령도,2019-01-25 23:00,-1.4,,10.2,360,56,2538
102,백령도,2019-01-26 00:00,-1.5,,10,360,59,2609
102,백령도,2019-01-26 01:00,-1.9,,10.9,340,58,2969
102,백령도,2019-01-26 02:00,-1.9,,10.5,360,59,3469
102,백령도,2019-01-26 03:00,-2.3,,10.8,340,60,3831
102,백령도,2019-01-26 04:00,-2.5,,11.5,340,58,3756
102,백령도,2019-01-26 05:00,-2.7,,11.3,340,58,3622
102,백령도,2019-01-26 06:00,-3,,10.1,360,55,3665
102,백령도,2019-01-26 07:00,-3.2,,10.5,360,56,3917
102,백령도,2019-01-26 08:00,-3.1,,9.4,360,57,4023
102,백령도,2019-01-26 09:00,-2.7,,10.7,360,59,4214
102,백령도,2019-01-26 10:00,-1.7,,5.2,360,57,3923
102,백령도,2019-01-26 11:00,-1.3,,6.1,360,53,3268
102,백령도,2019-01-26 12:00,-.6,,7.6,360,54,3228
102,백령도,2019-01-26 13:00,-.1,,7.5,360,53,3403
102,백령도,2019-01-26 14:00,.2,,8.4,340,57,3313
102,백령도,2019-01-26 15:00,-.1,,9.7,340,58,3130
102,백령도,2019-01-26 16:00,-.1,,10.1,340,60,3448
102,백령도,2019-01-26 17:00,-.3,,9.1,340,60,3181
102,백령도,2019-01-26 18:00,-.4,,8.7,340,61,3343
102,백령도,2019-01-26 19:00,0,,8.5,340,60,3475
102,백령도,2019-01-26 20:00,.5,,8.3,340,53,3235
102,백령도,2019-01-26 21:00,1.1,,9.9,340,48,3148
102,백령도,2019-01-26 22:00,1.3,,6.9,340,53,2857
102,백령도,2019-01-26 23:00,1.3,,5.1,320,54,3091
102,백령도,2019-01-27 00:00,1.5,,4.6,320,53,3200
102,백령도,2019-01-27 01:00,1.5,,4.1,320,54,3040
102,백령도,2019-01-27 02:00,1.4,,4,320,61,3293
102,백령도,2019-01-27 03:00,1.4,,4.7,290,64,3192
102,백령도,2019-01-27 04:00,1.4,,4.9,320,64,3203
102,백령도,2019-01-27 05:00,1,,3,290,64,3933
102,백령도,2019-01-27 06:00,.9,,3.3,320,65,4495
102,백령도,2019-01-27 07:00,.1,,1.9,250,71,4240
102,백령도,2019-01-27 08:00,-.3,,1.6,250,77,2483
102,백령도,2019-01-27 09:00,1.9,,1.9,250,68,3634
102,백령도,2019-01-27 10:00,2.9,,2.9,250,64,3962
102,백령도,2019-01-27 11:00,3.8,,3.7,250,60,4688
102,백령도,2019-01-27 12:00,3.7,,4.6,230,61,4414
102,백령도,2019-01-27 13:00,3.3,,4,230,54,3069
102,백령도,2019-01-27 14:00,3.3,,5.2,230,53,3156
102,백령도,2019-01-27 15:00,3.6,,5.6,230,46,3732
102,백령도,2019-01-27 16:00,3.7,,4.2,250,45,3326
102,백령도,2019-01-27 17:00,3.7,,4.6,250,43,1705
102,백령도,2019-01-27 18:00,3.6,,3.8,250,50,1577
102,백령도,2019-01-27 19:00,3.8,,3.8,250,59,1426
102,백령도,2019-01-27 20:00,4.1,,4.3,250,63,1180
102,백령도,2019-01-27 21:00,4.2,,4.8,250,70,1074
102,백령도,2019-01-27 22:00,4.2,,6.1,250,70,1172
102,백령도,2019-01-27 23:00,3.8,,6.1,270,71,1055
102,백령도,2019-01-28 00:00,3.8,,6.3,250,69,1024
102,백령도,2019-01-28 01:00,3.5,,3.8,270,65,1047
102,백령도,2019-01-28 02:00,4.1,,6,270,65,961
102,백령도,2019-01-28 03:00,3.7,,9.6,320,62,741
102,백령도,2019-01-28 04:00,2.7,,9.8,340,62,696
102,백령도,2019-01-28 05:00,2.2,,8.4,340,58,852
102,백령도,2019-01-28 06:00,1.9,,8.3,340,45,1446
102,백령도,2019-01-28 07:00,1.5,,8.4,340,37,2000
102,백령도,2019-01-28 08:00,1.3,,8.4,340,39,2151
102,백령도,2019-01-28 09:00,1.3,,7.4,360,38,1899
102,백령도,2019-01-28 10:00,1.7,,7.3,340,38,1836
102,백령도,2019-01-28 11:00,2,,6.9,340,41,1760
102,백령도,2019-01-28 12:00,2.1,,8.5,340,32,2378
102,백령도,2019-01-28 13:00,1.9,,9.1,340,35,2374
102,백령도,2019-01-28 14:00,1.8,,8.1,340,31,2617
102,백령도,2019-01-28 15:00,2,,7.4,340,34,2513
102,백령도,2019-01-28 16:00,1.4,,8.6,340,36,2332
102,백령도,2019-01-28 17:00,1,,8.6,340,40,2331
102,백령도,2019-01-28 18:00,.6,,6.9,340,41,3139
102,백령도,2019-01-28 19:00,.6,,6.2,340,40,3331
102,백령도,2019-01-28 20:00,.6,,5.9,360,36,3396
102,백령도,2019-01-28 21:00,.7,,5.5,340,38,3409
102,백령도,2019-01-28 22:00,.6,,4.9,360,39,3322
102,백령도,2019-01-28 23:00,.7,,3.5,360,39,3060
102,백령도,2019-01-29 00:00,.7,,3.1,360,42,2507
102,백령도,2019-01-29 01:00,.3,,2.4,360,47,2404
102,백령도,2019-01-29 02:00,-.4,,1.9,50,48,2504
102,백령도,2019-01-29 03:00,-.4,,1.4,20,49,2612
102,백령도,2019-01-29 04:00,-.5,,1.4,360,53,2976
102,백령도,2019-01-29 05:00,-.2,,2.5,20,56,2963
102,백령도,2019-01-29 06:00,-.3,,1.8,20,57,2808
102,백령도,2019-01-29 07:00,-.9,,1.4,70,60,2847
102,백령도,2019-01-29 08:00,-1,,1.6,70,57,3066
102,백령도,2019-01-29 09:00,.2,,1,90,54,1656
102,백령도,2019-01-29 10:00,1.6,,1.7,160,51,2135
102,백령도,2019-01-29 11:00,2.7,,2.4,160,48,2329
102,백령도,2019-01-29 12:00,2.7,,2.5,160,49,2422
102,백령도,2019-01-29 13:00,3.1,,3.3,110,48,2394
102,백령도,2019-01-29 14:00,3.6,,3.8,110,50,2503
102,백령도,2019-01-29 15:00,3.1,,4.8,160,51,2350
102,백령도,2019-01-29 16:00,3.2,,4.5,180,56,2347
102,백령도,2019-01-29 17:00,2.7,,2.5,160,63,2371
102,백령도,2019-01-29 18:00,2,,2.6,160,67,2550
102,백령도,2019-01-29 19:00,1.9,,2.9,140,71,2442
102,백령도,2019-01-29 20:00,1.7,,2.2,140,73,2168
102,백령도,2019-01-29 21:00,2.2,,3.3,160,75,2435
102,백령도,2019-01-29 22:00,2.3,,2.3,180,77,2059
102,백령도,2019-01-29 23:00,2.4,,1.3,230,68,2634
102,백령도,2019-01-30 00:00,2.2,,.6,200,64,3641
102,백령도,2019-01-30 01:00,2.5,,1.3,180,64,3286
102,백령도,2019-01-30 02:00,3,,1.5,140,68,3043
102,백령도,2019-01-30 03:00,1.7,,3.4,90,86,1279
102,백령도,2019-01-30 04:00,1.4,,2.7,90,87,1806
102,백령도,2019-01-30 05:00,1.6,,2.9,90,90,1860
102,백령도,2019-01-30 06:00,1.4,,2.2,110,91,1813
102,백령도,2019-01-30 07:00,1.3,,2.5,90,93,1537
102,백령도,2019-01-30 08:00,1.1,,2.6,110,95,1178
102,백령도,2019-01-30 09:00,1.6,,2.1,110,95,1320
102,백령도,2019-01-30 10:00,2.5,,2.1,140,91,1497
102,백령도,2019-01-30 11:00,3.7,,3.1,110,87,1553
102,백령도,2019-01-30 12:00,3.9,,3.1,90,83,1578
102,백령도,2019-01-30 13:00,3.8,,2.5,90,81,1612
102,백령도,2019-01-30 14:00,4.5,,1.3,110,79,1626
102,백령도,2019-01-30 15:00,5.9,,3.3,290,70,1776
102,백령도,2019-01-30 16:00,4.8,,4.6,320,79,1294
102,백령도,2019-01-30 17:00,2.4,,5.7,360,79,1332
102,백령도,2019-01-30 18:00,2.1,,7.7,360,76,1134
102,백령도,2019-01-30 19:00,2.8,,6.5,360,45,2070
102,백령도,2019-01-30 20:00,2.6,,8.4,360,38,2896
102,백령도,2019-01-30 21:00,2.1,,8.7,360,38,3288
102,백령도,2019-01-30 22:00,1.5,,7.7,360,42,3361
102,백령도,2019-01-30 23:00,.7,,8.7,360,42,3235
102,백령도,2019-01-31 00:00,0,,8.5,360,49,3498
102,백령도,2019-01-31 01:00,-.4,,9.3,360,50,3469
102,백령도,2019-01-31 02:00,-1.1,,7.9,360,50,3642
102,백령도,2019-01-31 03:00,-1.8,,10.6,360,52,3448
102,백령도,2019-01-31 04:00,-2.3,,8.8,360,52,3515
102,백령도,2019-01-31 05:00,-2.9,,8.1,360,49,3840
102,백령도,2019-01-31 06:00,-3.4,,10,360,54,3514
102,백령도,2019-01-31 07:00,-3.8,,9.5,360,51,3633
102,백령도,2019-01-31 08:00,-4.1,,9.4,360,52,3631
102,백령도,2019-01-31 09:00,-4,,8.9,360,52,3637
102,백령도,2019-01-31 10:00,-4.1,,10,360,51,3678
102,백령도,2019-01-31 11:00,-4.1,,10.8,360,49,3637
102,백령도,2019-01-31 12:00,-3.6,,10.4,360,49,3643
102,백령도,2019-01-31 13:00,-3.1,,10.1,340,48,4071
102,백령도,2019-01-31 14:00,-3.3,,10.9,340,50,4084
102,백령도,2019-01-31 15:00,-3.1,,10.8,340,52,4104
102,백령도,2019-01-31 16:00,-2.8,,10.5,340,51,4410
102,백령도,2019-01-31 17:00,-3,,10.6,340,50,4253
102,백령도,2019-01-31 18:00,-3.2,,10.7,340,50,3947
102,백령도,2019-01-31 19:00,-3.2,,7.9,320,53,4418
102,백령도,2019-01-31 20:00,-2.6,,9.3,320,49,4439
102,백령도,2019-01-31 21:00,-1.9,,10.5,320,45,4553
102,백령도,2019-01-31 22:00,-1.7,,9.6,320,45,4850
102,백령도,2019-01-31 23:00,-1.6,,9,320,53,4452
102,백령도,2019-02-01 00:00,-1.6,,8,320,51,4446
102,백령도,2019-02-01 01:00,-1.3,,9.6,320,55,4007
102,백령도,2019-02-01 02:00,-1.1,,8.3,320,55,3551
102,백령도,2019-02-01 03:00,-1.1,,6.5,320,53,3701
102,백령도,2019-02-01 04:00,-.9,,6.5,320,52,3562
102,백령도,2019-02-01 05:00,-.7,,5.8,320,54,3554
102,백령도,2019-02-01 06:00,-.6,,4.2,320,55,3219
102,백령도,2019-02-01 07:00,-.7,,2.4,290,55,3136
102,백령도,2019-02-01 08:00,-1.2,,2.8,270,52,3324
102,백령도,2019-02-01 09:00,.3,,3.4,270,48,2733
102,백령도,2019-02-01 10:00,1.4,,4.9,270,44,2745
102,백령도,2019-02-01 11:00,1.9,,5.3,270,46,2678
102,백령도,2019-02-01 12:00,2.9,,5.1,270,46,2565
102,백령도,2019-02-01 13:00,2.1,,7.2,250,58,1852
102,백령도,2019-02-01 14:00,2.5,,5.3,270,54,1969
102,백령도,2019-02-01 15:00,2.9,,5.8,290,49,1720
102,백령도,2019-02-01 16:00,3,,5.4,290,38,1936
102,백령도,2019-02-01 17:00,2.3,,4.9,250,44,1877
102,백령도,2019-02-01 18:00,1.5,,3.3,250,42,2068
102,백령도,2019-02-01 19:00,1,,3,230,40,2198
102,백령도,2019-02-01 20:00,.9,,1.7,250,39,2196
102,백령도,2019-02-01 21:00,1.2,,2.7,250,40,2060
102,백령도,2019-02-01 22:00,1.5,,3.3,200,49,1766
102,백령도,2019-02-01 23:00,2,,3.9,230,47,1691
102,백령도,2019-02-02 00:00,2.3,,3.7,230,56,1153
102,백령도,2019-02-02 01:00,2.5,,3.3,230,57,1260
102,백령도,2019-02-02 02:00,2.9,,2.8,230,57,1089
102,백령도,2019-02-02 03:00,3.5,,3.7,230,63,1091
102,백령도,2019-02-02 04:00,3.9,,3.2,230,64,1004
102,백령도,2019-02-02 05:00,4,,5.2,250,64,938
102,백령도,2019-02-02 06:00,3.9,,3.8,230,65,753
102,백령도,2019-02-02 07:00,4.1,,4.1,230,65,806
102,백령도,2019-02-02 08:00,4.1,,2.9,230,68,730
102,백령도,2019-02-02 09:00,4.6,,3.1,230,72,640
102,백령도,2019-02-02 10:00,5.7,,5.5,200,61,839
102,백령도,2019-02-02 11:00,5.7,,6,200,63,824
102,백령도,2019-02-02 12:00,6.5,,6.4,200,66,921
102,백령도,2019-02-02 13:00,6.9,,6.8,180,62,998
102,백령도,2019-02-02 14:00,7.1,,7.2,180,67,927
102,백령도,2019-02-02 15:00,6.6,,6.6,180,64,926
102,백령도,2019-02-02 16:00,6.1,,5.4,180,72,903
102,백령도,2019-02-02 17:00,5.6,,8.2,160,77,918
102,백령도,2019-02-02 18:00,5.4,,5.1,180,83,882
102,백령도,2019-02-02 19:00,5.3,,4.1,160,86,985
102,백령도,2019-02-02 20:00,5,,5.2,140,86,1006
102,백령도,2019-02-02 21:00,4.7,,5.6,140,88,935
102,백령도,2019-02-02 22:00,4.5,,5.6,140,88,893
102,백령도,2019-02-02 23:00,4.1,,6.2,140,90,684
102,백령도,2019-02-03 00:00,3.7,.7,5.2,140,95,352
102,백령도,2019-02-03 01:00,3.3,,6.5,140,97,245
102,백령도,2019-02-03 02:00,2.8,,7.2,110,98,255
102,백령도,2019-02-03 03:00,2.6,3.4,6.7,110,98,164
102,백령도,2019-02-03 04:00,2.5,,6.1,110,99,178
102,백령도,2019-02-03 05:00,2.6,,6.1,110,99,197
102,백령도,2019-02-03 06:00,2.6,4.4,5.9,110,99,219
102,백령도,2019-02-03 07:00,2.8,,5.2,110,99,163
102,백령도,2019-02-03 08:00,2.9,,5.2,90,100,194
102,백령도,2019-02-03 09:00,3.3,4.4,4.9,90,100,216
102,백령도,2019-02-03 10:00,3.4,,2.7,20,100,394
102,백령도,2019-02-03 11:00,3.3,,4.3,360,99,425
102,백령도,2019-02-03 12:00,3.6,.4,3,340,100,270
102,백령도,2019-02-03 13:00,3,,7.3,340,100,349
102,백령도,2019-02-03 14:00,3.4,,6.5,340,98,543
102,백령도,2019-02-03 15:00,3.3,0,9,340,97,617
102,백령도,2019-02-03 16:00,3.4,,9.6,340,94,860
102,백령도,2019-02-03 17:00,3.6,,6.5,340,89,364
102,백령도,2019-02-03 18:00,3.6,,9,320,84,416
102,백령도,2019-02-03 19:00,3.5,,10.6,320,62,925
102,백령도,2019-02-03 20:00,3.1,,11.7,320,57,897
102,백령도,2019-02-03 21:00,1.8,,10.5,340,59,959
102,백령도,2019-02-03 22:00,1.1,,11.5,340,64,1510
102,백령도,2019-02-03 23:00,-.1,,14.1,340,67,1222
102,백령도,2019-02-04 00:00,-.1,,12.4,340,65,1318
102,백령도,2019-02-04 01:00,-.3,,9.6,340,65,1252
102,백령도,2019-02-04 02:00,-.6,,10.8,340,61,1571
102,백령도,2019-02-04 03:00,-1,,9,340,65,1701
102,백령도,2019-02-04 04:00,-1.4,,8.7,340,60,2019
102,백령도,2019-02-04 05:00,-1.6,,7.9,360,51,2797
102,백령도,2019-02-04 06:00,-1.8,,7.2,360,52,3283
102,백령도,2019-02-04 07:00,-1.8,,5.2,360,43,3861
102,백령도,2019-02-04 08:00,-2,,5.6,360,37,4558
102,백령도,2019-02-04 09:00,-1.7,,4.8,340,38,4331
102,백령도,2019-02-04 10:00,-1.1,,3.8,360,39,3458
102,백령도,2019-02-04 11:00,-.7,,2.3,340,41,3414
102,백령도,2019-02-04 12:00,-.8,,1.6,340,40,3376
102,백령도,2019-02-04 13:00,0,,2.5,360,38,3503
102,백령도,2019-02-04 14:00,.9,,1.5,340,35,3238
102,백령도,2019-02-04 15:00,.2,,2.6,180,41,3277
102,백령도,2019-02-04 16:00,.2,,3.2,180,47,3478
102,백령도,2019-02-04 17:00,.1,,2.3,180,49,3261
102,백령도,2019-02-04 18:00,-.5,,2,180,54,2685
102,백령도,2019-02-04 19:00,.1,,3.2,180,59,3605
102,백령도,2019-02-04 20:00,.8,,4.9,180,61,3468
102,백령도,2019-02-04 21:00,1,,3.8,180,66,2694
102,백령도,2019-02-04 22:00,1.9,,4.3,200,70,2500
102,백령도,2019-02-04 23:00,3.1,,5.2,200,72,2085
102,백령도,2019-02-05 00:00,3.9,,5.9,200,74,1762
102,백령도,2019-02-05 01:00,4.3,,4.4,200,77,1614
102,백령도,2019-02-05 02:00,4.9,,3.4,200,78,1506
102,백령도,2019-02-05 03:00,5.2,,3.2,200,80,1474
102,백령도,2019-02-05 04:00,5.2,,2.9,230,77,1495
102,백령도,2019-02-05 05:00,5.1,,2.7,200,77,1436
102,백령도,2019-02-05 06:00,4.8,,2.5,200,80,1333
102,백령도,2019-02-05 07:00,5,,2.2,200,83,1331
102,백령도,2019-02-05 08:00,5.3,,2.5,200,85,1309
102,백령도,2019-02-05 09:00,6.1,,3.6,200,80,1470
102,백령도,2019-02-05 10:00,6.9,,4.2,230,77,1485
102,백령도,2019-02-05 11:00,7.6,,4.3,230,72,1361
102,백령도,2019-02-05 12:00,7.7,,5,230,74,1438
102,백령도,2019-02-05 13:00,8.1,,5.6,200,72,1618
102,백령도,2019-02-05 14:00,8.3,,6,200,73,1509
102,백령도,2019-02-05 15:00,8,,6.3,200,78,1424
102,백령도,2019-02-05 16:00,7.7,,5.4,200,79,1394
102,백령도,2019-02-05 17:00,7.5,,3.5,200,80,1327
102,백령도,2019-02-05 18:00,6.6,,3.1,200,85,1301
102,백령도,2019-02-05 19:00,6.6,,3.4,230,85,1378
102,백령도,2019-02-05 20:00,6.2,,3.1,200,86,1230
102,백령도,2019-02-05 21:00,6.4,,4,200,83,1267
102,백령도,2019-02-05 22:00,6.6,,3.1,200,81,1315
102,백령도,2019-02-05 23:00,6.5,,3.5,200,83,1276
102,백령도,2019-02-06 00:00,6.4,,3.4,200,87,1193
102,백령도,2019-02-06 01:00,5.9,,2.7,200,90,1160
102,백령도,2019-02-06 02:00,5.6,,1.6,200,92,1033
102,백령도,2019-02-06 03:00,5.5,,1.4,200,94,1056
102,백령도,2019-02-06 04:00,5.2,,1.8,200,94,1019
102,백령도,2019-02-06 05:00,4,,1.5,160,97,718
102,백령도,2019-02-06 06:00,4.6,,3,180,98,648
102,백령도,2019-02-06 07:00,3.3,,5.3,140,98,668
102,백령도,2019-02-06 08:00,3.6,,2.9,160,98,726
102,백령도,2019-02-06 09:00,4.1,,3.4,140,96,993
102,백령도,2019-02-06 10:00,4.9,,3.3,110,95,1151
102,백령도,2019-02-06 11:00,6.7,,3.8,180,90,1444
102,백령도,2019-02-06 12:00,7,,3.2,230,91,1413
102,백령도,2019-02-06 13:00,5.9,,5.8,320,91,792
102,백령도,2019-02-06 14:00,4.5,,5.4,340,96,421
102,백령도,2019-02-06 15:00,4.2,,4.8,340,92,526
102,백령도,2019-02-06 16:00,3.2,,3.9,360,94,448
102,백령도,2019-02-06 17:00,1.9,,5.7,340,92,424
102,백령도,2019-02-06 18:00,1.4,,5,360,92,428
102,백령도,2019-02-06 19:00,1.3,,5.8,360,91,479
102,백령도,2019-02-06 20:00,1.4,,4.6,360,88,535
102,백령도,2019-02-06 21:00,1.1,,5.7,360,91,495
102,백령도,2019-02-06 22:00,1.1,,6.7,360,83,727
102,백령도,2019-02-06 23:00,.6,,6.6,360,74,1015
102,백령도,2019-02-07 00:00,-.3,,9.8,340,70,1789
102,백령도,2019-02-07 01:00,-.4,,8.7,340,71,2657
102,백령도,2019-02-07 02:00,-1.1,,12.6,340,75,2440
102,백령도,2019-02-07 03:00,-1.5,,13.4,340,68,2785
102,백령도,2019-02-07 04:00,-2.3,,13.4,340,63,2980
102,백령도,2019-02-07 05:00,-2.8,,16.2,340,48,3188
102,백령도,2019-02-07 06:00,-3.4,,15.5,340,53,2856
102,백령도,2019-02-07 07:00,-4,,14.1,340,54,2905
102,백령도,2019-02-07 08:00,-5.1,,13.2,340,51,2847
102,백령도,2019-02-07 09:00,-5.8,,12.9,360,56,2342
102,백령도,2019-02-07 10:00,-6,,12.2,360,61,3004
102,백령도,2019-02-07 11:00,-6.2,,12.8,360,55,3375
102,백령도,2019-02-07 12:00,-6.4,,13.6,360,56,3344
102,백령도,2019-02-07 13:00,-7.1,,12.3,360,55,3297
102,백령도,2019-02-07 14:00,-7.3,,11.1,340,57,3118
102,백령도,2019-02-07 15:00,-7.7,,11.6,340,57,3369
102,백령도,2019-02-07 16:00,-7.8,,9.9,340,59,3336
102,백령도,2019-02-07 17:00,-7.9,,9.5,340,64,3620
102,백령도,2019-02-07 18:00,-7.6,,8.8,340,64,3774
102,백령도,2019-02-07 19:00,-7,,8.8,340,64,3736
102,백령도,2019-02-07 20:00,-6.7,,11.1,340,57,4048
102,백령도,2019-02-07 21:00,-6.7,,10.4,360,59,4214
102,백령도,2019-02-07 22:00,-6.8,,12.2,340,59,3764
102,백령도,2019-02-07 23:00,-7,,11.5,340,62,3585
102,백령도,2019-02-08 00:00,-7.5,,10.8,360,62,3452
102,백령도,2019-02-08 01:00,-8,,9.7,360,62,3522
102,백령도,2019-02-08 02:00,-8.4,,7,360,62,3443
102,백령도,2019-02-08 03:00,-8.8,,7.5,360,58,3878
102,백령도,2019-02-08 04:00,-8.8,,4.9,360,60,3767
102,백령도,2019-02-08 05:00,-9,,5.2,360,60,3834
102,백령도,2019-02-08 06:00,-9,,6.1,360,62,3829
102,백령도,2019-02-08 07:00,-9.2,,5.7,360,61,4030
102,백령도,2019-02-08 08:00,-9.1,,4.7,360,61,4206
102,백령도,2019-02-08 09:00,-8.5,,4.6,360,58,4233
102,백령도,2019-02-08 10:00,-7.6,,7.2,360,55,4393
102,백령도,2019-02-08 11:00,-6.5,,6.4,360,61,4064
102,백령도,2019-02-08 12:00,-6.3,,7.4,340,58,4175
102,백령도,2019-02-08 13:00,-5.7,,8.4,340,60,4242
102,백령도,2019-02-08 14:00,-5.6,,9.5,340,61,3984
102,백령도,2019-02-08 15:00,-5.7,,10.1,340,56,3998
102,백령도,2019-02-08 16:00,-5.8,,7.9,340,54,4195
102,백령도,2019-02-08 17:00,-6.5,,8,340,61,3936
102,백령도,2019-02-08 18:00,-6.8,,6.4,340,67,3705
102,백령도,2019-02-08 19:00,-6.7,,6.6,360,66,3523
102,백령도,2019-02-08 20:00,-5.9,,6.2,340,67,3354
102,백령도,2019-02-08 21:00,-5.4,,6,340,67,4030
102,백령도,2019-02-08 22:00,-5.1,,7.3,340,64,4054
102,백령도,2019-02-08 23:00,-4.8,,8.2,340,64,3729
102,백령도,2019-02-09 00:00,-4.8,,7.7,340,61,3489
102,백령도,2019-02-09 01:00,-4.5,,5.7,340,57,3649
102,백령도,2019-02-09 02:00,-3.9,,6.5,320,52,3945
102,백령도,2019-02-09 03:00,-4.1,,6.7,320,50,4167
102,백령도,2019-02-09 04:00,-4.9,,9.4,340,52,2938
102,백령도,2019-02-09 05:00,-5.3,,10,340,53,3267
102,백령도,2019-02-09 06:00,-5.6,,12,340,52,3494
102,백령도,2019-02-09 07:00,-5.9,,10.9,360,50,4141
102,백령도,2019-02-09 08:00,-6.3,,11.3,340,47,4201
102,백령도,2019-02-09 09:00,-6,,11.9,340,49,3991
102,백령도,2019-02-09 10:00,-5.5,,11.3,340,48,3712
102,백령도,2019-02-09 11:00,-5,,10.8,340,51,3103
102,백령도,2019-02-09 12:00,-4.8,,11.3,340,47,2968
102,백령도,2019-02-09 13:00,-4.8,,10.5,340,49,3219
102,백령도,2019-02-09 14:00,-5.1,,10.3,340,46,3086
102,백령도,2019-02-09 15:00,-4.8,,9,360,44,3592
102,백령도,2019-02-09 16:00,-4.9,,9.4,360,47,3294
102,백령도,2019-02-09 17:00,-5,,9.1,360,49,3413
102,백령도,2019-02-09 18:00,-5.4,,9,360,55,3613
102,백령도,2019-02-09 19:00,-5.4,,8.2,360,54,3590
102,백령도,2019-02-09 20:00,-5.2,,6.7,360,53,3719
102,백령도,2019-02-09 21:00,-5,,6.2,360,53,3870
102,백령도,2019-02-09 22:00,-4.7,,6.3,340,52,3701
102,백령도,2019-02-09 23:00,-4.4,,5.8,340,51,3323
102,백령도,2019-02-10 00:00,-4.2,,7.4,340,51,3464
102,백령도,2019-02-10 01:00,-4.5,,6.8,360,53,3171
102,백령도,2019-02-10 02:00,-4.7,,6.8,360,55,3060
102,백령도,2019-02-10 03:00,-4.8,,7.7,360,57,3011
102,백령도,2019-02-10 04:00,-5.1,,6.5,360,56,2972
102,백령도,2019-02-10 05:00,-5.2,,6.3,360,53,3118
102,백령도,2019-02-10 06:00,-5.2,,6,360,52,3112
102,백령도,2019-02-10 07:00,-5.5,,3.5,360,54,3201
102,백령도,2019-02-10 08:00,-6.2,,2.6,50,57,3140
102,백령도,2019-02-10 09:00,-5.9,,1.8,20,54,3191
102,백령도,2019-02-10 10:00,-5.2,,3.1,360,55,3076
102,백령도,2019-02-10 11:00,-4.7,,4.2,360,57,2942
102,백령도,2019-02-10 12:00,-4,,5.1,360,58,3096
102,백령도,2019-02-10 13:00,-3.9,,6.5,360,52,3916
102,백령도,2019-02-10 14:00,-4.1,,8.5,340,57,3972
102,백령도,2019-02-10 15:00,-3.9,,8.7,340,56,3681
102,백령도,2019-02-10 16:00,-3.8,,8.9,340,51,3784
102,백령도,2019-02-10 17:00,-3.7,,7.8,340,48,4102
102,백령도,2019-02-10 18:00,-3.9,,7.1,360,48,4345
102,백령도,2019-02-10 19:00,-3.9,,6.4,340,48,4631
102,백령도,2019-02-10 20:00,-3.6,,6.5,340,47,4919
102,백령도,2019-02-10 21:00,-3.4,,5.8,340,46,4808
102,백령도,2019-02-10 22:00,-3.1,,5.1,340,44,4460
102,백령도,2019-02-10 23:00,-3,,4.5,320,43,4527
102,백령도,2019-02-11 00:00,-3,,3.5,340,44,4567
102,백령도,2019-02-11 01:00,-2.4,,5.1,320,48,4422
102,백령도,2019-02-11 02:00,-2.4,,6.2,320,48,4183
102,백령도,2019-02-11 03:00,-2.4,,7.8,320,51,4139
102,백령도,2019-02-11 04:00,-2.6,,7.9,320,51,4288
102,백령도,2019-02-11 05:00,-2.7,,8.3,320,49,4560
102,백령도,2019-02-11 06:00,-2.9,,7.4,320,42,4666
102,백령도,2019-02-11 07:00,-2.9,,5.8,340,46,4154
102,백령도,2019-02-11 08:00,-2.7,,5.9,320,47,3599
102,백령도,2019-02-11 09:00,-2.1,,5.9,320,44,3175
102,백령도,2019-02-11 10:00,-1.6,,6,340,44,2352
102,백령도,2019-02-11 11:00,-1,,5.7,340,42,2144
102,백령도,2019-02-11 12:00,-.5,,5.9,340,47,1985
102,백령도,2019-02-11 13:00,-.5,,6.1,340,46,1802
102,백령도,2019-02-11 14:00,-.2,,5.6,340,45,1708
102,백령도,2019-02-11 15:00,-.2,,5.6,340,45,1770
102,백령도,2019-02-11 16:00,-.3,,4.2,340,45,1831
102,백령도,2019-02-11 17:00,-.8,,2.9,340,50,1768
102,백령도,2019-02-11 18:00,-1.6,,1.7,340,56,1763
102,백령도,2019-02-11 19:00,-2.1,,.3,0,59,1576
102,백령도,2019-02-11 20:00,-2.1,,1.2,180,61,1566
102,백령도,2019-02-11 21:00,-1.5,,.1,0,61,1319
102,백령도,2019-02-11 22:00,-1.3,,1.6,110,69,1216
102,백령도,2019-02-11 23:00,-1.5,,.5,140,84,374
102,백령도,2019-02-12 00:00,-1.6,0,1.2,110,92,743
102,백령도,2019-02-12 01:00,-1.4,,1.7,70,93,376
102,백령도,2019-02-12 02:00,-1.1,,2.6,70,93,640
102,백령도,2019-02-12 03:00,-1.6,0,2.5,70,93,406
102,백령도,2019-02-12 04:00,-1.6,,1.9,90,94,422
102,백령도,2019-02-12 05:00,-1.6,,2.3,90,93,577
102,백령도,2019-02-12 06:00,-1.2,0,2.5,90,90,615
102,백령도,2019-02-12 07:00,-1.7,,1.7,50,89,689
102,백령도,2019-02-12 08:00,-1.6,,1.9,20,86,984
102,백령도,2019-02-12 09:00,-1.4,,2.7,50,75,1155
102,백령도,2019-02-12 10:00,-1.2,,5.1,70,69,1109
102,백령도,2019-02-12 11:00,-1,,5.5,70,40,1979
102,백령도,2019-02-12 12:00,-.1,,4.3,70,36,1880
102,백령도,2019-02-12 13:00,.3,,2,20,32,2137
102,백령도,2019-02-12 14:00,.5,,5,360,32,2991
102,백령도,2019-02-12 15:00,-.2,,6.5,360,28,3434
102,백령도,2019-02-12 16:00,-.3,,6.1,340,31,3181
102,백령도,2019-02-12 17:00,-.8,,3,360,31,2956
102,백령도,2019-02-12 18:00,-1.7,,1.7,360,33,3013
102,백령도,2019-02-12 19:00,-2,,3.4,360,33,3549
102,백령도,2019-02-12 20:00,-2.6,,3.2,360,42,3177
102,백령도,2019-02-12 21:00,-2.2,,4.5,340,49,3401
102,백령도,2019-02-12 22:00,-1.9,,4.6,360,56,3395
102,백령도,2019-02-12 23:00,-1.7,,5,360,57,3627
102,백령도,2019-02-13 00:00,-1.9,,3.5,360,57,3687
102,백령도,2019-02-13 01:00,-2,,3.1,360,53,3979
102,백령도,2019-02-13 02:00,-1.8,,3.1,360,55,3950
102,백령도,2019-02-13 03:00,-2,,4.6,360,53,3586
102,백령도,2019-02-13 04:00,-2.3,,2.2,50,55,3431
102,백령도,2019-02-13 05:00,-2.4,,2.2,20,55,3244
102,백령도,2019-02-13 06:00,-2.4,,2.9,360,59,3419
102,백령도,2019-02-13 07:00,-2.1,,6.3,340,57,3103
102,백령도,2019-02-13 08:00,-2.5,,7.8,340,58,3035
102,백령도,2019-02-13 09:00,-2.6,,7.6,340,51,3705
102,백령도,2019-02-13 10:00,-2.3,,8.3,340,40,4389
102,백령도,2019-02-13 11:00,-2,,7,340,43,4469
102,백령도,2019-02-13 12:00,-2.1,,7.4,340,43,4248
102,백령도,2019-02-13 13:00,-2.1,,6.9,360,47,3437
102,백령도,2019-02-13 14:00,-2.1,,7.5,340,42,3640
102,백령도,2019-02-13 15:00,-2,,7.8,340,37,4644
102,백령도,2019-02-13 16:00,-2.7,,7.2,340,39,4930
102,백령도,2019-02-13 17:00,-2.5,,7.5,340,43,4874
102,백령도,2019-02-13 18:00,-3.6,,6.5,360,47,4609
102,백령도,2019-02-13 19:00,-3.8,,5.8,360,46,3880
102,백령도,2019-02-13 20:00,-3.8,,5.2,360,44,4069
102,백령도,2019-02-13 21:00,-3.7,,4.2,360,43,4390
102,백령도,2019-02-13 22:00,-3.2,,5.1,360,40,4259
102,백령도,2019-02-13 23:00,-3,,5.9,360,34,4212
102,백령도,2019-02-14 00:00,-2.9,,3.9,360,36,4296
102,백령도,2019-02-14 01:00,-2.8,,5.3,360,34,4312
102,백령도,2019-02-14 02:00,-2.8,,4.8,360,35,4591
102,백령도,2019-02-14 03:00,-2.8,,5.9,360,40,4205
102,백령도,2019-02-14 04:00,-3.5,,3.1,20,41,4190
102,백령도,2019-02-14 05:00,-4.3,,2.2,50,43,4396
102,백령도,2019-02-14 06:00,-4.6,,2.7,20,39,4707
102,백령도,2019-02-14 07:00,-4.8,,2.7,20,35,4746
102,백령도,2019-02-14 08:00,-4.8,,1.9,20,31,4641
102,백령도,2019-02-14 09:00,-3.6,,2.7,360,33,4587
102,백령도,2019-02-14 10:00,-3.4,,3.5,340,41,4555
102,백령도,2019-02-14 11:00,-2.4,,4.7,340,42,3724
102,백령도,2019-02-14 12:00,-1.6,,4.3,340,40,3709
102,백령도,2019-02-14 13:00,-1.5,,3.8,340,37,3988
102,백령도,2019-02-14 14:00,-1,,3.5,360,41,3712
102,백령도,2019-02-14 15:00,-1.2,,4.5,340,48,3642
102,백령도,2019-02-14 16:00,-1,,4.2,340,51,3835
102,백령도,2019-02-14 17:00,-1.8,,3.8,340,55,3519
102,백령도,2019-02-14 18:00,-2.4,,2.3,340,54,3586
102,백령도,2019-02-14 19:00,-2.2,,3.6,320,56,3773
102,백령도,2019-02-14 20:00,-2,,4.3,320,52,4395
102,백령도,2019-02-14 21:00,-1.6,,5.6,320,56,3601
102,백령도,2019-02-14 22:00,-1.5,,4.6,340,58,4267
102,백령도,2019-02-14 23:00,-1.4,,3,340,57,4196
102,백령도,2019-02-15 00:00,-1.3,,2.6,320,57,4175
102,백령도,2019-02-15 01:00,-1.8,,3,290,70,1944
102,백령도,2019-02-15 02:00,-2.6,,1.7,320,91,271
102,백령도,2019-02-15 03:00,-2.6,1,1.4,290,94,322
102,백령도,2019-02-15 04:00,-2.7,,.4,0,96,414
102,백령도,2019-02-15 05:00,-2.7,,.1,0,97,284
102,백령도,2019-02-15 06:00,-2.7,1.6,.2,0,97,327
102,백령도,2019-02-15 07:00,-2.3,,1.3,270,97,372
102,백령도,2019-02-15 08:00,-2.4,,1.1,180,97,432
102,백령도,2019-02-15 09:00,-1.4,.5,1.4,160,98,283
102,백령도,2019-02-15 10:00,-.5,,1.2,180,98,186
102,백령도,2019-02-15 11:00,.4,,3.7,270,98,457
102,백령도,2019-02-15 12:00,.7,.7,3.9,270,92,455
102,백령도,2019-02-15 13:00,1.9,,5,270,80,981
102,백령도,2019-02-15 14:00,-.1,,9,320,93,477
102,백령도,2019-02-15 15:00,.5,0,7.6,320,83,1545
102,백령도,2019-02-15 16:00,.5,,6.5,290,77,1715
102,백령도,2019-02-15 17:00,-.4,,7.4,320,87,1669
102,백령도,2019-02-15 18:00,-.5,0,7.4,320,70,1947
102,백령도,2019-02-15 19:00,-.9,,7.4,290,63,1827
102,백령도,2019-02-15 20:00,-1.2,,8.1,320,64,2079
102,백령도,2019-02-15 21:00,-1.6,,6.5,320,60,2028
102,백령도,2019-02-15 22:00,-1.7,,6.8,320,60,1997
102,백령도,2019-02-15 23:00,-1.7,,6.6,320,65,1703
102,백령도,2019-02-16 00:00,-2.2,0,7.7,340,63,1887
102,백령도,2019-02-16 01:00,-2.7,,8.2,320,59,2089
102,백령도,2019-02-16 02:00,-2.8,,7.4,320,58,2178
102,백령도,2019-02-16 03:00,-3,,10.6,340,61,1981
102,백령도,2019-02-16 04:00,-3.1,,10.9,340,60,1828
102,백령도,2019-02-16 05:00,-3.1,,9.3,340,64,1722
102,백령도,2019-02-16 06:00,-3.3,,10,340,63,1782
102,백령도,2019-02-16 07:00,-3.3,,8.4,340,64,1790
102,백령도,2019-02-16 08:00,-3.2,,8.3,340,64,1811
102,백령도,2019-02-16 09:00,-3.1,,9.2,340,67,1800
102,백령도,2019-02-16 10:00,-2.8,,8.7,340,65,1852
102,백령도,2019-02-16 11:00,-2.7,,8.3,340,66,1921
102,백령도,2019-02-16 12:00,-2.2,,8.8,340,66,2062
102,백령도,2019-02-16 13:00,-2.2,,9.1,340,67,2297
102,백령도,2019-02-16 14:00,-1.7,,9.4,340,64,2399
102,백령도,2019-02-16 15:00,-1.7,,8.7,340,62,2874
102,백령도,2019-02-16 16:00,-1.1,,6.3,340,56,3690
102,백령도,2019-02-16 17:00,-1.3,,6.5,340,54,4521
102,백령도,2019-02-16 18:00,-2.1,,7.3,320,52,4177
102,백령도,2019-02-16 19:00,-2.3,,6.7,320,61,3726
102,백령도,2019-02-16 20:00,-2.4,,4.9,340,58,4252
102,백령도,2019-02-16 21:00,-1.6,,6,340,48,4708
102,백령도,2019-02-16 22:00,-1.2,,6.9,340,48,4787
102,백령도,2019-02-16 23:00,-1,,5.3,340,53,4570
102,백령도,2019-02-17 00:00,-.7,,6.1,340,53,4154
102,백령도,2019-02-17 01:00,-1.2,,7.1,340,49,3335
102,백령도,2019-02-17 02:00,-1.4,,7.6,340,50,3112
102,백령도,2019-02-17 03:00,-1.8,,6.3,340,51,3129
102,백령도,2019-02-17 04:00,-1.5,,7.1,340,47,3462
102,백령도,2019-02-17 05:00,-1.3,,8.4,340,49,3715
102,백령도,2019-02-17 06:00,-1.2,,7.8,340,48,3770
102,백령도,2019-02-17 07:00,-1.4,,6.1,360,51,3759
102,백령도,2019-02-17 08:00,-.9,,6.5,340,49,3952
102,백령도,2019-02-17 09:00,-.2,,5.5,340,46,3410
102,백령도,2019-02-17 10:00,.5,,6.6,340,45,3636
102,백령도,2019-02-17 11:00,1.1,,6.2,340,42,3597
102,백령도,2019-02-17 12:00,1.6,,6.2,340,43,3624
102,백령도,2019-02-17 13:00,2.1,,5.4,340,41,3752
102,백령도,2019-02-17 14:00,2.1,,6.3,320,45,3760
102,백령도,2019-02-17 15:00,2.8,,5.6,320,42,3585
102,백령도,2019-02-17 16:00,2.6,,6,320,43,3641
102,백령도,2019-02-17 17:00,2.1,,5.6,320,45,3521
102,백령도,2019-02-17 18:00,1.3,,4.7,320,51,3684
102,백령도,2019-02-17 19:00,.9,,3.9,320,51,4264
102,백령도,2019-02-17 20:00,.7,,3.5,320,52,4302
102,백령도,2019-02-17 21:00,.8,,4,320,49,4319
102,백령도,2019-02-17 22:00,1,,4.4,320,52,3560
102,백령도,2019-02-17 23:00,.9,,3.2,290,58,3583
102,백령도,2019-02-18 00:00,.2,,2.3,290,61,3473
102,백령도,2019-02-18 01:00,.3,,1.6,270,62,3449
102,백령도,2019-02-18 02:00,.2,,1.5,270,67,3426
102,백령도,2019-02-18 03:00,1.6,,4.5,340,60,3141
102,백령도,2019-02-18 04:00,1.2,,2.3,320,62,3107
102,백령도,2019-02-18 05:00,0,,1.4,110,78,2732
102,백령도,2019-02-18 06:00,-.6,,1.3,180,81,2616
102,백령도,2019-02-18 07:00,-.4,,.8,180,83,2402
102,백령도,2019-02-18 08:00,.6,,0,0,76,2500
102,백령도,2019-02-18 09:00,1.2,,3.1,90,88,2260
102,백령도,2019-02-18 10:00,1.5,,2.3,110,83,2346
102,백령도,2019-02-18 11:00,3.4,,2.1,180,63,3022
102,백령도,2019-02-18 12:00,3.7,,3.3,140,69,2964
102,백령도,2019-02-18 13:00,2.9,,3.4,110,72,2951
102,백령도,2019-02-18 14:00,2.5,,3.1,160,75,3040
102,백령도,2019-02-18 15:00,2.7,,2,160,77,2072
102,백령도,2019-02-18 16:00,2.7,,1.8,180,75,2381
102,백령도,2019-02-18 17:00,2.7,,1.6,140,77,2802
102,백령도,2019-02-18 18:00,2.4,,1.6,140,80,2500
102,백령도,2019-02-18 19:00,2.2,,1.7,140,82,2585
102,백령도,2019-02-18 20:00,2.1,,1.2,140,82,2553
102,백령도,2019-02-18 21:00,2.1,,1.6,160,81,2507
102,백령도,2019-02-18 22:00,2,,1.4,110,82,2550
102,백령도,2019-02-18 23:00,1.6,,1.8,90,83,2065
102,백령도,2019-02-19 00:00,1.7,,2.7,90,84,2298
102,백령도,2019-02-19 01:00,1.7,,2.1,90,83,1957
102,백령도,2019-02-19 02:00,.1,,1,90,93,141
102,백령도,2019-02-19 03:00,-.1,1.6,1.9,70,97,138
102,백령도,2019-02-19 04:00,-.4,,2.8,70,98,115
102,백령도,2019-02-19 05:00,-.7,,4.2,50,99,516
102,백령도,2019-02-19 06:00,-.7,2.1,3.1,70,98,1704
102,백령도,2019-02-19 07:00,-.6,,2.2,50,97,1621
102,백령도,2019-02-19 08:00,-.5,,2.4,50,94,1072
102,백령도,2019-02-19 09:00,-.2,0,2.4,50,92,1517
102,백령도,2019-02-19 10:00,.4,,1.5,360,90,1341
102,백령도,2019-02-19 11:00,.7,,2.2,340,87,1821
102,백령도,2019-02-19 12:00,1.7,,3.4,360,79,2119
102,백령도,2019-02-19 13:00,1.9,,3.5,360,82,2219
102,백령도,2019-02-19 14:00,2.7,,3,360,72,2746
102,백령도,2019-02-19 15:00,2.3,,3.6,340,76,2535
102,백령도,2019-02-19 16:00,1.9,,3.6,340,80,2378
102,백령도,2019-02-19 17:00,1.7,,3,320,82,2351
102,백령도,2019-02-19 18:00,.7,0,1.7,290,94,480
102,백령도,2019-02-19 19:00,.5,,1,270,97,495
102,백령도,2019-02-19 20:00,1.4,,5.2,290,86,2345
102,백령도,2019-02-19 21:00,1.4,.3,5.8,320,76,1700
102,백령도,2019-02-19 22:00,1.5,,5,320,72,1553
102,백령도,2019-02-19 23:00,1.7,,5.4,320,70,1272
102,백령도,2019-02-20 00:00,2,,5.3,320,77,1113
102,백령도,2019-02-20 01:00,1.9,,4.3,320,80,1072
102,백령도,2019-02-20 02:00,2.2,,5.1,320,72,1120
102,백령도,2019-02-20 03:00,2.2,,5.6,320,71,713
102,백령도,2019-02-20 04:00,1.7,,5.1,290,82,487
102,백령도,2019-02-20 05:00,2.2,,7.9,320,79,423
102,백령도,2019-02-20 06:00,2,0,7.7,320,67,602
102,백령도,2019-02-20 07:00,1.9,,6.7,320,75,440
102,백령도,2019-02-20 08:00,1.6,,5.9,320,75,531
102,백령도,2019-02-20 09:00,2,,6.5,320,74,520
102,백령도,2019-02-20 10:00,2.4,,6.4,340,70,579
102,백령도,2019-02-20 11:00,3.2,,5.2,340,71,537
102,백령도,2019-02-20 12:00,3.4,,5.9,340,68,646
102,백령도,2019-02-20 13:00,3.4,,5.9,320,70,518
102,백령도,2019-02-20 14:00,3.6,,6.1,320,67,612
102,백령도,2019-02-20 15:00,3.5,,5.9,320,65,679
102,백령도,2019-02-20 16:00,3.5,,5.4,320,66,802
102,백령도,2019-02-20 17:00,3,,4.4,340,69,871
102,백령도,2019-02-20 18:00,2.2,,3.8,320,73,824
102,백령도,2019-02-20 19:00,2.1,,6,320,70,1092
102,백령도,2019-02-20 20:00,1.8,,4.8,340,75,1082
102,백령도,2019-02-20 21:00,1.9,,5.1,340,72,1318
102,백령도,2019-02-20 22:00,2.2,,5.9,340,72,1146
102,백령도,2019-02-20 23:00,2.2,,3.9,340,71,1126
102,백령도,2019-02-21 00:00,2.1,,3.1,320,77,809
102,백령도,2019-02-21 01:00,2.3,,4,320,81,401
102,백령도,2019-02-21 02:00,2.5,,4.7,340,79,438
102,백령도,2019-02-21 03:00,2.6,,5.1,340,78,528
102,백령도,2019-02-21 04:00,2,,2.6,360,81,601
102,백령도,2019-02-21 05:00,1.4,,1.8,340,84,576
102,백령도,2019-02-21 06:00,1.1,,1.4,340,90,470
102,백령도,2019-02-21 07:00,.7,,1.5,320,87,564
102,백령도,2019-02-21 08:00,1.1,,2.4,340,90,489
102,백령도,2019-02-21 09:00,2.9,,3,340,80,799
102,백령도,2019-02-21 10:00,3.6,,4.9,340,68,1534
102,백령도,2019-02-21 11:00,3.7,,4,360,75,923
102,백령도,2019-02-21 12:00,3.9,,5.4,360,71,1081
102,백령도,2019-02-21 13:00,4.4,,4.8,320,68,1206
102,백령도,2019-02-21 14:00,4.1,,6.1,320,70,1187
102,백령도,2019-02-21 15:00,4.2,,5.9,320,68,1263
102,백령도,2019-02-21 16:00,4,,5.7,320,70,1251
102,백령도,2019-02-21 17:00,3.9,,5.3,320,70,1262
102,백령도,2019-02-21 18:00,2.9,,6.5,340,72,1285
102,백령도,2019-02-21 19:00,2.6,,6,340,70,1386
102,백령도,2019-02-21 20:00,2.3,,4.3,340,76,1334
102,백령도,2019-02-21 21:00,2.1,,3.1,340,78,1137
102,백령도,2019-02-21 22:00,1.7,,.8,360,83,992
102,백령도,2019-02-21 23:00,-.2,,1.7,320,91,759
102,백령도,2019-02-22 00:00,.7,,.4,0,90,892
102,백령도,2019-02-22 01:00,-.1,,1.8,270,90,697
102,백령도,2019-02-22 02:00,.2,,2.4,290,92,833
102,백령도,2019-02-22 03:00,1,,1.6,320,85,1115
102,백령도,2019-02-22 04:00,.6,,2.6,320,91,942
102,백령도,2019-02-22 05:00,1.4,,3.5,320,91,917
102,백령도,2019-02-22 06:00,2.1,,3.6,320,90,748
102,백령도,2019-02-22 07:00,2.4,,2.6,320,90,474
102,백령도,2019-02-22 08:00,2.1,,2.9,340,90,409
102,백령도,2019-02-22 09:00,3.2,,2.6,360,78,644
102,백령도,2019-02-22 10:00,4,,4,340,72,692
102,백령도,2019-02-22 11:00,4.6,,3.8,340,70,623
102,백령도,2019-02-22 12:00,5,,4.2,320,71,613
102,백령도,2019-02-22 13:00,4.7,,6.1,320,70,831
102,백령도,2019-02-22 14:00,4.4,,6.4,320,76,790
102,백령도,2019-02-22 15:00,4.8,,5.3,320,76,760
102,백령도,2019-02-22 16:00,3.8,,7.7,320,80,805
102,백령도,2019-02-22 17:00,3.9,,3.1,320,79,920
102,백령도,2019-02-22 18:00,2.9,,5.9,320,85,887
102,백령도,2019-02-22 19:00,3,,6.7,320,82,945
102,백령도,2019-02-22 20:00,3.3,,7,340,79,1213
102,백령도,2019-02-22 21:00,3.2,,2.6,290,83,1012
102,백령도,2019-02-22 22:00,3.5,,5.5,320,81,964
102,백령도,2019-02-22 23:00,3.2,,4.3,290,84,1036
102,백령도,2019-02-23 00:00,3.8,,3.6,320,75,980
102,백령도,2019-02-23 01:00,3.4,,3.2,290,77,630
102,백령도,2019-02-23 02:00,3.7,,5.2,320,74,571
102,백령도,2019-02-23 03:00,4.4,,3.4,340,60,795
102,백령도,2019-02-23 04:00,5,,3.3,320,50,1094
102,백령도,2019-02-23 05:00,3.9,,3.3,320,57,1174
102,백령도,2019-02-23 06:00,4.5,,2,320,50,1506
102,백령도,2019-02-23 07:00,3.2,,1.8,270,51,1644
102,백령도,2019-02-23 08:00,5,,2.9,360,41,2053
102,백령도,2019-02-23 09:00,5.3,,2.5,70,47,1877
102,백령도,2019-02-23 10:00,6.6,,1.9,70,38,1922
102,백령도,2019-02-23 11:00,7.9,,2.4,70,39,1921
102,백령도,2019-02-23 12:00,8.9,,2.3,90,31,1935
102,백령도,2019-02-23 13:00,9.5,,3.1,90,26,1916
102,백령도,2019-02-23 14:00,10.4,,2.7,110,25,2220
102,백령도,2019-02-23 15:00,10.2,,1.1,230,26,1697
102,백령도,2019-02-23 16:00,9.7,,3.2,200,25,2593
102,백령도,2019-02-23 17:00,7.1,,2,290,51,1433
102,백령도,2019-02-23 18:00,5.4,,2.1,320,55,1414
102,백령도,2019-02-23 19:00,3.2,,1.5,290,76,964
102,백령도,2019-02-23 20:00,3.3,,1.6,320,53,1523
102,백령도,2019-02-23 21:00,3.1,,1,290,46,1618
102,백령도,2019-02-23 22:00,4.5,,0,0,38,1832
102,백령도,2019-02-23 23:00,4.8,,0,0,35,1962
102,백령도,2019-02-24 00:00,2.9,,2,360,43,1938
102,백령도,2019-02-24 01:00,3.1,,.1,0,57,1743
102,백령도,2019-02-24 02:00,3.1,,0,0,51,1791
102,백령도,2019-02-24 03:00,2.3,,1.5,180,45,1964
102,백령도,2019-02-24 04:00,2.3,,1.2,230,46,1925
102,백령도,2019-02-24 05:00,2.7,,1.1,200,46,1836
102,백령도,2019-02-24 06:00,2.2,,.7,340,63,1752
102,백령도,2019-02-24 07:00,1.7,,.5,340,86,1221
102,백령도,2019-02-24 08:00,2.3,,1.6,90,92,753
102,백령도,2019-02-24 09:00,4,,.2,0,81,984
102,백령도,2019-02-24 10:00,4.9,,1.7,70,80,1155
102,백령도,2019-02-24 11:00,5.7,,2.2,90,75,1189
102,백령도,2019-02-24 12:00,6.7,,2.3,110,72,1255
102,백령도,2019-02-24 13:00,7.2,,3,180,68,1429
102,백령도,2019-02-24 14:00,7.7,,2.1,340,66,1576
102,백령도,2019-02-24 15:00,8.7,,2.2,270,44,2114
102,백령도,2019-02-24 16:00,7.5,,4.8,290,63,1951
102,백령도,2019-02-24 17:00,7.7,,2.3,290,54,1924
102,백령도,2019-02-24 18:00,4.9,,3.1,290,81,1413
102,백령도,2019-02-24 19:00,3.4,,2.3,290,86,1161
102,백령도,2019-02-24 20:00,3.6,,2.1,270,66,1932
102,백령도,2019-02-24 21:00,3.9,,2.7,230,87,853
102,백령도,2019-02-24 22:00,3.5,,1.5,290,89,538
102,백령도,2019-02-24 23:00,3.6,,3,290,79,871
102,백령도,2019-02-25 00:00,3.7,,3.9,290,87,593
102,백령도,2019-02-25 01:00,3.6,,4.1,290,91,409
102,백령도,2019-02-25 02:00,3.7,,3,320,92,323
102,백령도,2019-02-25 03:00,3.8,,3.9,340,71,585
102,백령도,2019-02-25 04:00,3.5,,3.5,340,67,831
102,백령도,2019-02-25 05:00,3.6,,5.7,360,58,1171
102,백령도,2019-02-25 06:00,2.8,,3.1,340,66,1113
102,백령도,2019-02-25 07:00,2.6,,4.4,340,62,1177
102,백령도,2019-02-25 08:00,2.8,,5.4,340,61,1340
102,백령도,2019-02-25 09:00,3.6,,5.9,360,54,1687
102,백령도,2019-02-25 10:00,4.3,,5.5,360,54,2021
102,백령도,2019-02-25 11:00,5.4,,6.8,360,48,2685
102,백령도,2019-02-25 12:00,5.9,,7.1,340,49,2863
102,백령도,2019-02-25 13:00,5.5,,9.3,340,50,2769
102,백령도,2019-02-25 14:00,5.3,,9.3,340,46,2875
102,백령도,2019-02-25 15:00,4.7,,9.1,340,52,3041
102,백령도,2019-02-25 16:00,4.2,,9.3,340,54,3048
102,백령도,2019-02-25 17:00,4.1,,8.7,340,43,3679
102,백령도,2019-02-25 18:00,3.8,,8.3,340,41,3540
102,백령도,2019-02-25 19:00,3.5,,6.8,340,51,3602
102,백령도,2019-02-25 20:00,3.4,,4.9,340,50,3323
102,백령도,2019-02-25 21:00,3.2,,5.2,320,58,3216
102,백령도,2019-02-25 22:00,3.4,,5,320,61,2926
102,백령도,2019-02-25 23:00,3.6,,5,320,64,2436
102,백령도,2019-02-26 00:00,3.2,,3.8,320,69,2590
102,백령도,2019-02-26 01:00,3.6,,4.7,320,71,2258
102,백령도,2019-02-26 02:00,3.4,,3.3,320,74,2013
102,백령도,2019-02-26 03:00,3.3,,5.5,340,67,1957
102,백령도,2019-02-26 04:00,2.8,,3,340,60,1990
102,백령도,2019-02-26 05:00,2.6,,3.7,340,61,1978
102,백령도,2019-02-26 06:00,2.7,,3.6,340,61,2094
102,백령도,2019-02-26 07:00,2.8,,7.3,340,57,2221
102,백령도,2019-02-26 08:00,2.6,,5.9,340,58,2238
102,백령도,2019-02-26 09:00,3,,4.6,360,61,1987
102,백령도,2019-02-26 10:00,3.5,,5.2,340,57,2012
102,백령도,2019-02-26 11:00,4.6,,5.8,340,49,2232
102,백령도,2019-02-26 12:00,4.9,,4.5,340,43,2518
102,백령도,2019-02-26 13:00,5.7,,4,340,46,2394
102,백령도,2019-02-26 14:00,6.2,,5.6,340,34,2957
102,백령도,2019-02-26 15:00,7.4,,5,340,23,3897
102,백령도,2019-02-26 16:00,6.2,,3.6,320,53,2850
102,백령도,2019-02-26 17:00,5.1,,2.6,320,48,3008
102,백령도,2019-02-26 18:00,3.9,,4.1,320,70,2230
102,백령도,2019-02-26 19:00,3.8,,5.3,340,68,1937
102,백령도,2019-02-26 20:00,3.9,,3.8,320,72,1625
102,백령도,2019-02-26 21:00,3.7,,3,340,74,1461
102,백령도,2019-02-26 22:00,3.8,,4,320,77,1340
102,백령도,2019-02-26 23:00,3.8,,3.7,340,81,1368
102,백령도,2019-02-27 00:00,4,,3.5,340,75,1751
102,백령도,2019-02-27 01:00,3.9,,3.3,340,76,1865
102,백령도,2019-02-27 02:00,3.7,,3.1,320,80,1725
102,백령도,2019-02-27 03:00,3.6,,2.9,320,81,1679
102,백령도,2019-02-27 04:00,3.2,,1.6,320,83,1629
102,백령도,2019-02-27 05:00,2.7,,1.4,320,85,1580
102,백령도,2019-02-27 06:00,2.7,,1.8,320,71,2168
102,백령도,2019-02-27 07:00,2.6,,1.3,290,64,2438
102,백령도,2019-02-27 08:00,2.6,,1.7,290,62,1996
102,백령도,2019-02-27 09:00,4.7,,1.7,290,61,2191
102,백령도,2019-02-27 10:00,5.9,,2.5,340,62,2037
102,백령도,2019-02-27 11:00,6.9,,1.7,320,58,1950
102,백령도,2019-02-27 12:00,7.4,,2.4,340,55,1840
102,백령도,2019-02-27 13:00,8.7,,1.3,360,51,1520
102,백령도,2019-02-27 14:00,8.8,,2.5,320,32,1489
102,백령도,2019-02-27 15:00,8.5,,2.9,320,32,1351
102,백령도,2019-02-27 16:00,7.4,,3.7,290,54,1040
102,백령도,2019-02-27 17:00,6.7,,3.1,290,53,1060
102,백령도,2019-02-27 18:00,5.3,,3.8,290,70,887
102,백령도,2019-02-27 19:00,4.5,,3.5,290,81,706
102,백령도,2019-02-27 20:00,4.2,,3.2,290,67,1032
102,백령도,2019-02-27 21:00,3.9,,3.7,290,72,1009
102,백령도,2019-02-27 22:00,3.7,,3.3,290,81,894
102,백령도,2019-02-27 23:00,3.7,,3.4,290,81,986
102,백령도,2019-02-28 00:00,3.9,,3.4,290,77,1191
102,백령도,2019-02-28 01:00,3.7,,3.6,290,83,483
102,백령도,2019-02-28 02:00,3.6,,3,290,85,271
102,백령도,2019-02-28 03:00,3.3,,3.2,290,89,171
102,백령도,2019-02-28 04:00,3.2,,3.2,290,93,109
102,백령도,2019-02-28 05:00,3.1,,3.3,320,95,105
102,백령도,2019-02-28 06:00,3.2,,3.9,320,95,140
102,백령도,2019-02-28 07:00,3,,4,340,96,110
102,백령도,2019-02-28 08:00,3,,3.5,320,96,130
102,백령도,2019-02-28 09:00,3.6,,4,320,95,186
102,백령도,2019-02-28 10:00,4.3,,4.6,320,93,269
102,백령도,2019-02-28 11:00,5.3,,4.1,320,88,495
102,백령도,2019-02-28 12:00,6.4,,3.9,320,75,811
102,백령도,2019-02-28 13:00,6.8,,4,290,67,1010
102,백령도,2019-02-28 14:00,6.5,,3.8,290,58.3,1100
102,백령도,2019-02-28 15:00,6.3,,4.6,290,56,1196
102,백령도,2019-02-28 16:00,5.7,,4.5,320,68,1065
102,백령도,2019-02-28 17:00,5.4,,4.6,290,77,824
102,백령도,2019-02-28 18:00,5,,3,290,83,647
102,백령도,2019-02-28 19:00,3.6,,2.7,290,89,470
102,백령도,2019-02-28 20:00,3.4,,3.6,290,94,276
102,백령도,2019-02-28 21:00,2.9,,2.7,320,96,217
102,백령도,2019-02-28 22:00,2.7,,2.2,290,96,272
102,백령도,2019-02-28 23:00,2.9,,2.5,290,81,553
102,백령도,2019-03-01 00:00,3,,2.8,290,70,458
102,백령도,2019-03-01 01:00,3.7,,2.5,270,68,345
102,백령도,2019-03-01 02:00,3.3,,3.2,270,82,253
102,백령도,2019-03-01 03:00,3.9,,5.6,290,87,280
102,백령도,2019-03-01 04:00,3.6,,4.4,290,88,293
102,백령도,2019-03-01 05:00,3.1,,3.5,290,92,247
102,백령도,2019-03-01 06:00,2.8,,2.3,320,93,224
102,백령도,2019-03-01 07:00,2.5,,2.1,320,96,171
102,백령도,2019-03-01 08:00,2.4,,1.9,320,97,125
102,백령도,2019-03-01 09:00,3.9,,5.3,320,96,126
102,백령도,2019-03-01 10:00,2.6,,5.6,320,97,72
102,백령도,2019-03-01 11:00,3.5,,4.2,320,98,158
102,백령도,2019-03-01 12:00,8.3,,3.9,340,49,487
102,백령도,2019-03-01 13:00,9.1,,4.3,340,41,636
102,백령도,2019-03-01 14:00,10.1,,4.4,340,31,756
102,백령도,2019-03-01 15:00,5,,3.6,320,79,251
102,백령도,2019-03-01 16:00,3.4,,4,320,88,149
102,백령도,2019-03-01 17:00,2.4,,3.6,290,93,135
102,백령도,2019-03-01 18:00,2.1,,2.9,290,92,205
102,백령도,2019-03-01 19:00,.9,,2.7,290,97,56
102,백령도,2019-03-01 20:00,1.8,,3.4,290,98,103
102,백령도,2019-03-01 21:00,1.7,,2.5,320,98,159
102,백령도,2019-03-01 22:00,1.6,,2.2,290,98,183
102,백령도,2019-03-01 23:00,2.4,,3.1,290,84,595
102,백령도,2019-03-02 00:00,3,,3.3,320,82,588
102,백령도,2019-03-02 01:00,2.5,,3.2,320,83,580
102,백령도,2019-03-02 02:00,3,,2.5,290,74,766
102,백령도,2019-03-02 03:00,3.6,,1.4,320,64,1036
102,백령도,2019-03-02 04:00,4.7,,2.8,360,51,1321
102,백령도,2019-03-02 05:00,3,,.1,0,73,1023
102,백령도,2019-03-02 06:00,2.8,,2,90,85,773
102,백령도,2019-03-02 07:00,2.4,,2.2,110,80,793
102,백령도,2019-03-02 08:00,2.9,,1.6,110,78,971
102,백령도,2019-03-02 09:00,5,,.5,140,63,1085
102,백령도,2019-03-02 10:00,7.3,,1.1,140,49,1377
102,백령도,2019-03-02 11:00,9.6,,2.3,160,30,1712
102,백령도,2019-03-02 12:00,9.7,,1.8,200,24,1440
102,백령도,2019-03-02 13:00,9,,1.7,320,49,1426
102,백령도,2019-03-02 14:00,9.7,,1.8,320,41,1748
102,백령도,2019-03-02 15:00,10.2,,2.6,290,35,1687
102,백령도,2019-03-02 16:00,9.2,,4.1,290,36,1565
102,백령도,2019-03-02 17:00,6.5,,4.5,290,71,1202
102,백령도,2019-03-02 18:00,5.5,,2.1,290,82,816
102,백령도,2019-03-02 19:00,4.2,,1.4,290,88,515
102,백령도,2019-03-02 20:00,3.3,,1.9,290,91,403
102,백령도,2019-03-02 21:00,3.6,,2.3,320,86,454
102,백령도,2019-03-02 22:00,3.9,,2.8,320,82,495
102,백령도,2019-03-02 23:00,3.3,,1.1,290,83,421
102,백령도,2019-03-03 00:00,3.8,,1.5,290,76,341
102,백령도,2019-03-03 01:00,4.7,,2.1,320,70,328
102,백령도,2019-03-03 02:00,4.6,,1.6,320,70,303
102,백령도,2019-03-03 03:00,4.9,,2,320,65,309
102,백령도,2019-03-03 04:00,4.7,,1.9,320,68,289
102,백령도,2019-03-03 05:00,4.6,,2,320,68,277
102,백령도,2019-03-03 06:00,4.4,,0,0,68,300
102,백령도,2019-03-03 07:00,4.5,,0,0,70,282
102,백령도,2019-03-03 08:00,5.1,,0,0,67,319
102,백령도,2019-03-03 09:00,5.7,,1.8,90,69,351
102,백령도,2019-03-03 10:00,6.6,,2.2,90,71,355
102,백령도,2019-03-03 11:00,8.8,,1.3,90,53,433
102,백령도,2019-03-03 12:00,10.6,,1.5,110,46,443
102,백령도,2019-03-03 13:00,8.1,,3.3,320,53,411
102,백령도,2019-03-03 14:00,7.6,,4.1,320,58,329
102,백령도,2019-03-03 15:00,8,,3.6,320,59,382
102,백령도,2019-03-03 16:00,8.3,,2.8,320,59,384
102,백령도,2019-03-03 17:00,7.9,,3.5,320,57,407
102,백령도,2019-03-03 18:00,6.5,,2.3,290,68,337
102,백령도,2019-03-03 19:00,5.5,,2.6,290,74,315
102,백령도,2019-03-03 20:00,5.3,,3.2,290,76,347
102,백령도,2019-03-03 21:00,5.5,,4.5,320,76,274
102,백령도,2019-03-03 22:00,5,,3.2,320,82,253
102,백령도,2019-03-03 23:00,4.8,,3.7,290,88,228
102,백령도,2019-03-04 00:00,5,,4.2,320,84,231
102,백령도,2019-03-04 01:00,4.9,,4.5,320,87,240
102,백령도,2019-03-04 02:00,4.9,,4,320,85,233
102,백령도,2019-03-04 03:00,3.8,,4.2,320,92,160
102,백령도,2019-03-04 04:00,2.5,,4.3,290,97,108
102,백령도,2019-03-04 05:00,2.7,,4.8,290,97,181
102,백령도,2019-03-04 06:00,2.7,,4.7,290,99,19
102,백령도,2019-03-04 07:00,2.2,,5.3,320,99,51
102,백령도,2019-03-04 08:00,2.3,,5.6,320,100,70
102,백령도,2019-03-04 09:00,2.9,,5,320,100,104
102,백령도,2019-03-04 10:00,3.1,,4.7,290,99,123
102,백령도,2019-03-04 11:00,3.5,,5,290,97,152
102,백령도,2019-03-04 12:00,5.9,,4.8,290,84,266
102,백령도,2019-03-04 13:00,8.5,,4.9,290,70,246
102,백령도,2019-03-04 14:00,9.1,,5.6,290,68,219
102,백령도,2019-03-04 15:00,9.6,,5.8,290,66,243
102,백령도,2019-03-04 16:00,8.2,,6.8,290,72,249
102,백령도,2019-03-04 17:00,8.1,,5,290,71,302
102,백령도,2019-03-04 18:00,6.4,,5.4,290,82,256
102,백령도,2019-03-04 19:00,5.7,,5,290,86,241
102,백령도,2019-03-04 20:00,5.3,,4.9,290,90,206
102,백령도,2019-03-04 21:00,5.1,,4.5,290,90,197
102,백령도,2019-03-04 22:00,5.3,,5,290,86,221
102,백령도,2019-03-04 23:00,5.6,,3.6,270,77,275
102,백령도,2019-03-05 00:00,5.7,,3.7,290,76,277
102,백령도,2019-03-05 01:00,5.2,,3.6,290,80,248
102,백령도,2019-03-05 02:00,4.2,,2.2,270,81,230
102,백령도,2019-03-05 03:00,4,,1.9,250,92,155
102,백령도,2019-03-05 04:00,3.9,,1.7,230,94,125
102,백령도,2019-03-05 05:00,4.4,,2.4,250,97,92
102,백령도,2019-03-05 06:00,4.1,,1.1,250,93,148
102,백령도,2019-03-05 07:00,4.5,,.6,200,92,173
102,백령도,2019-03-05 08:00,3.4,,.9,160,95,101
102,백령도,2019-03-05 09:00,3.3,,2.3,90,99,5
102,백령도,2019-03-05 10:00,3.7,,2.8,110,100,9
102,백령도,2019-03-05 11:00,3.7,,3.4,110,100,14
102,백령도,2019-03-05 12:00,4.4,,3.6,110,100,77
102,백령도,2019-03-05 13:00,4.5,,4.5,140,100,90
102,백령도,2019-03-05 14:00,4.8,,4.3,160,99,148
102,백령도,2019-03-05 15:00,4.9,,3.6,160,98,166
102,백령도,2019-03-05 16:00,4.7,,4.2,160,96,143
102,백령도,2019-03-05 17:00,5.2,,3.5,180,96,207
102,백령도,2019-03-05 18:00,4.8,,3.2,180,98,222
102,백령도,2019-03-05 19:00,4.7,,1.5,160,97,264
102,백령도,2019-03-05 20:00,5.7,,2.2,200,98,322
102,백령도,2019-03-05 21:00,6.6,,3.7,180,90,469
102,백령도,2019-03-05 22:00,6.3,,2.9,200,90,406
102,백령도,2019-03-05 23:00,6,,2.3,180,94,253
102,백령도,2019-03-06 00:00,6.1,,2.9,180,94,236
102,백령도,2019-03-06 01:00,4.9,,1.8,90,96,108
102,백령도,2019-03-06 02:00,4.5,,1.4,90,99,56
102,백령도,2019-03-06 03:00,4.4,,.3,0,98,55
102,백령도,2019-03-06 04:00,4.5,,.9,180,100,38
102,백령도,2019-03-06 05:00,4.3,,2.2,320,100,65
102,백령도,2019-03-06 06:00,4.2,,2.6,70,100,25
102,백령도,2019-03-06 07:00,4.1,,1.6,50,100,11
102,백령도,2019-03-06 08:00,4.5,,0,0,100,15
102,백령도,2019-03-06 09:00,4.7,0,1.1,70,100,19
102,백령도,2019-03-06 10:00,5.3,,2.2,340,100,252
102,백령도,2019-03-06 11:00,6.1,,2.8,340,98,346
102,백령도,2019-03-06 12:00,7,,4.3,340,86,440
102,백령도,2019-03-06 13:00,6.1,,5.1,340,86,360
102,백령도,2019-03-06 14:00,4.1,,5.2,340,94,172
102,백령도,2019-03-06 15:00,3.7,,5,340,94,237
102,백령도,2019-03-06 16:00,4.2,,5.4,340,92,291
102,백령도,2019-03-06 17:00,4.3,,5.5,320,90,315
102,백령도,2019-03-06 18:00,4.2,,4,340,92,292
102,백령도,2019-03-06 19:00,4,,3.1,340,96,175
102,백령도,2019-03-06 20:00,4.4,,3.9,320,94,343
102,백령도,2019-03-06 21:00,5.3,,9.2,340,67,1952
102,백령도,2019-03-06 22:00,5.2,,9.5,340,60,2160
102,백령도,2019-03-06 23:00,4.9,,10.6,340,53,2308
102,백령도,2019-03-07 00:00,4.2,,10.3,340,55,2321
102,백령도,2019-03-07 01:00,3.7,,9,360,58,2526
102,백령도,2019-03-07 02:00,3.3,,8,360,61,2449
102,백령도,2019-03-07 03:00,2.9,,9.2,340,65,2290
102,백령도,2019-03-07 04:00,2.6,,9.1,360,63,2202
102,백령도,2019-03-07 05:00,2.3,,6,360,61,2197
102,백령도,2019-03-07 06:00,2.1,,3.9,360,62,2199
102,백령도,2019-03-07 07:00,2.1,,6.2,340,61,2273
102,백령도,2019-03-07 08:00,2.5,,9.9,340,58,2349
102,백령도,2019-03-07 09:00,3,,7.6,340,61,2274
102,백령도,2019-03-07 10:00,3.8,,7.4,340,55,2293
102,백령도,2019-03-07 11:00,4,,7.5,340,56,2348
102,백령도,2019-03-07 12:00,4.3,,9.2,340,55,2435
102,백령도,2019-03-07 13:00,4.3,,7.7,340,49,2414
102,백령도,2019-03-07 14:00,4.3,,9.1,340,56,2265
102,백령도,2019-03-07 15:00,4.2,,9.8,340,57,2456
102,백령도,2019-03-07 16:00,4.6,,7.3,340,48,2872
102,백령도,2019-03-07 17:00,4.7,,5.5,340,50,2896
102,백령도,2019-03-07 18:00,4.1,,6.2,320,55,2821
102,백령도,2019-03-07 19:00,3.5,,4.8,320,61,2498
102,백령도,2019-03-07 20:00,3.7,,5.4,320,64,2448
102,백령도,2019-03-07 21:00,3.7,,4.2,290,70,2212
102,백령도,2019-03-07 22:00,3.5,,4.3,290,78,1772
102,백령도,2019-03-07 23:00,3.6,,5.7,290,80,2468
102,백령도,2019-03-08 00:00,3.7,,5.2,290,80,2605
102,백령도,2019-03-08 01:00,3.5,,3.7,290,81,2743
102,백령도,2019-03-08 02:00,3.1,,3.5,290,82,2787
102,백령도,2019-03-08 03:00,3.3,,4.2,320,78,3080
102,백령도,2019-03-08 04:00,3.3,,4.1,320,75,3092
102,백령도,2019-03-08 05:00,3.1,,4.1,340,76,2920
102,백령도,2019-03-08 06:00,1.6,,.9,290,80,1869
102,백령도,2019-03-08 07:00,1.7,,1.3,270,84,2404
102,백령도,2019-03-08 08:00,2.6,,.6,290,80,2151
102,백령도,2019-03-08 09:00,4.6,,2.8,270,73,2107
102,백령도,2019-03-08 10:00,6.7,,1.6,340,52,2067
102,백령도,2019-03-08 11:00,7.5,,2.3,90,60,1730
102,백령도,2019-03-08 12:00,8.3,,2.3,90,57,1801
102,백령도,2019-03-08 13:00,7.9,,2.4,90,58,1944
102,백령도,2019-03-08 14:00,9,,2.2,250,32,2585
102,백령도,2019-03-08 15:00,9.1,,2.9,290,37,2458
102,백령도,2019-03-08 16:00,8.3,,3.5,270,30,2476
102,백령도,2019-03-08 17:00,7.9,,3.5,250,36,2463
102,백령도,2019-03-08 18:00,6.4,,2.4,250,47,2302
102,백령도,2019-03-08 19:00,4.5,,1.1,180,67,1758
102,백령도,2019-03-08 20:00,3.8,,2.8,200,79,1440
102,백령도,2019-03-08 21:00,3.6,,3.1,200,82,1103
102,백령도,2019-03-08 22:00,3.2,,2.1,180,85,1312
102,백령도,2019-03-08 23:00,2.5,,1.4,180,85,1384
102,백령도,2019-03-09 00:00,2.7,,2,180,82,1637
102,백령도,2019-03-09 01:00,4,,1.3,160,77,2112
102,백령도,2019-03-09 02:00,3.7,,1.6,110,80,1971
102,백령도,2019-03-09 03:00,3,,1.6,140,89,1273
102,백령도,2019-03-09 04:00,2.9,,1.8,110,93,1000
102,백령도,2019-03-09 05:00,2.7,,1.6,140,96,594
102,백령도,2019-03-09 06:00,2.6,,2.4,110,97,428
102,백령도,2019-03-09 07:00,3.3,,2.8,110,98,346
102,백령도,2019-03-09 08:00,3.3,,4.1,140,98,448
102,백령도,2019-03-09 09:00,3.8,,4.9,140,98,572
102,백령도,2019-03-09 10:00,3.7,,4.9,140,95,602
102,백령도,2019-03-09 11:00,4.9,,4.6,140,94,1159
102,백령도,2019-03-09 12:00,5.6,,4.8,160,76,1941
102,백령도,2019-03-09 13:00,6.6,,4.9,160,76,2002
102,백령도,2019-03-09 14:00,5.6,,4.2,140,79,1927
102,백령도,2019-03-09 15:00,5.8,,5,140,77,1968
102,백령도,2019-03-09 16:00,5.5,,4.2,140,71,2087
102,백령도,2019-03-09 17:00,5.4,,3.7,160,69,2184
102,백령도,2019-03-09 18:00,4.7,,2,180,77,1582
102,백령도,2019-03-09 19:00,3.4,,1.4,70,83,1734
102,백령도,2019-03-09 20:00,2.5,,.6,140,88,1430
102,백령도,2019-03-09 21:00,3.1,,1.5,90,89,1646
102,백령도,2019-03-09 22:00,3.8,,.6,110,72,2228
102,백령도,2019-03-09 23:00,4.6,,.2,0,47,3637
102,백령도,2019-03-10 00:00,4,,.9,50,59,2736
102,백령도,2019-03-10 01:00,3.7,,1.7,70,69,2298
102,백령도,2019-03-10 02:00,4,,1.5,70,66,2235
102,백령도,2019-03-10 03:00,3.4,,0,0,61,2196
102,백령도,2019-03-10 04:00,3.5,,1.7,340,63,2217
102,백령도,2019-03-10 05:00,4.7,,1.1,360,46,2593
102,백령도,2019-03-10 06:00,4.1,,1.3,320,53,2539
102,백령도,2019-03-10 07:00,3.9,,1.6,320,69,1767
102,백령도,2019-03-10 08:00,4.7,,1.3,340,61,1601
102,백령도,2019-03-10 09:00,6.4,,1.3,290,52,1667
102,백령도,2019-03-10 10:00,7.4,,3.6,320,52,1299
102,백령도,2019-03-10 11:00,7.8,,3.5,320,56,1271
102,백령도,2019-03-10 12:00,8.4,,3.7,340,57,1442
102,백령도,2019-03-10 13:00,7.4,,4.9,320,61,1875
102,백령도,2019-03-10 14:00,7.6,,6,340,47,2022
102,백령도,2019-03-10 15:00,7.1,,5.7,320,58,1304
102,백령도,2019-03-10 16:00,6.3,,5.6,320,64,1103
102,백령도,2019-03-10 17:00,5.9,,3.9,340,62,1125
102,백령도,2019-03-10 18:00,4.5,,6.1,320,79,856
102,백령도,2019-03-10 19:00,3.8,,5,320,90,737
102,백령도,2019-03-10 20:00,3.7,,5.4,320,93,701
102,백령도,2019-03-10 21:00,3.6,,5.1,320,92,663
102,백령도,2019-03-10 22:00,3.6,,3.9,320,95,539
102,백령도,2019-03-10 23:00,2.8,,4.4,290,98,57
102,백령도,2019-03-11 00:00,2.9,,4.3,320,98,859
102,백령도,2019-03-11 01:00,2.6,,5.4,290,99,475
102,백령도,2019-03-11 02:00,2,,6,320,99,75
102,백령도,2019-03-11 03:00,2.1,,5.3,320,100,51
102,백령도,2019-03-11 04:00,2.1,,4.7,290,100,141
102,백령도,2019-03-11 05:00,2.1,,4.1,290,100,146
102,백령도,2019-03-11 06:00,1.9,,3.6,290,100,110
102,백령도,2019-03-11 07:00,2,,4.3,290,100,129
102,백령도,2019-03-11 08:00,2.1,,2.6,290,100,255
102,백령도,2019-03-11 09:00,2.9,,3.7,290,99,413
102,백령도,2019-03-11 10:00,3.8,,3.1,320,91,579
102,백령도,2019-03-11 11:00,4.3,,1.7,360,88,659
102,백령도,2019-03-11 12:00,6.4,,1.2,90,72,576
102,백령도,2019-03-11 13:00,4.9,,2.1,320,83,787
102,백령도,2019-03-11 14:00,4.5,,3.7,290,87,695
102,백령도,2019-03-11 15:00,4.3,,3.6,320,93,507
102,백령도,2019-03-11 16:00,4.4,,3.4,320,96,318
102,백령도,2019-03-11 17:00,5.2,,2.7,320,92,532
102,백령도,2019-03-11 18:00,4.7,0,2.8,320,92,501
102,백령도,2019-03-11 19:00,3.8,,2.6,290,94,400
102,백령도,2019-03-11 20:00,3.8,,2.7,270,94,376
102,백령도,2019-03-11 21:00,3.5,,3.5,270,96,312
102,백령도,2019-03-11 22:00,3.4,,4,270,98,229
102,백령도,2019-03-11 23:00,3.1,,1.7,270,98,197
102,백령도,2019-03-12 00:00,3.4,,2.2,230,98,206
102,백령도,2019-03-12 01:00,3.9,,2.8,230,96,132
102,백령도,2019-03-12 02:00,4.9,,3.9,250,92,254
102,백령도,2019-03-12 03:00,4.6,,3.1,290,95,214
102,백령도,2019-03-12 04:00,4.4,,4.2,320,94,266
102,백령도,2019-03-12 05:00,4.6,,3.9,360,68,1142
102,백령도,2019-03-12 06:00,3.3,,5,340,83,790
102,백령도,2019-03-12 07:00,2.7,,5.9,340,92,462
102,백령도,2019-03-12 08:00,3.6,,9.2,340,65,2065
102,백령도,2019-03-12 09:00,3.7,,9.2,340,52,2120
102,백령도,2019-03-12 10:00,3.6,,9.1,340,57.4,2218
102,백령도,2019-03-12 11:00,3.1,,8.8,340,42,2479
102,백령도,2019-03-12 12:00,2.6,,10.1,340,34,2913
102,백령도,2019-03-12 13:00,2.5,,7.7,340,38,3089
102,백령도,2019-03-12 14:00,2.7,,7.8,340,35,3359
102,백령도,2019-03-12 15:00,3,,7.4,340,34,3426
102,백령도,2019-03-12 16:00,2.4,,8.9,320,35,3242
102,백령도,2019-03-12 17:00,2.6,,8.9,320,30,3655
102,백령도,2019-03-12 18:00,2.4,,8.3,320,39,3331
102,백령도,2019-03-12 19:00,2.5,,9.1,320,33,3768
102,백령도,2019-03-12 20:00,2.7,,10,320,39,3477
102,백령도,2019-03-12 21:00,2.9,,11.2,320,37,3498
102,백령도,2019-03-12 22:00,3,,9.3,320,35,3617
102,백령도,2019-03-12 23:00,2.6,,6.5,320,47,3921
102,백령도,2019-03-13 00:00,2.6,,6.4,290,44,3841
102,백령도,2019-03-13 01:00,2.6,,6.6,320,50,3596
102,백령도,2019-03-13 02:00,2.2,,4.1,290,55,3400
102,백령도,2019-03-13 03:00,1.8,,3.2,250,61,3329
102,백령도,2019-03-13 04:00,2,,3.9,250,64,3534
102,백령도,2019-03-13 05:00,2.5,,4.7,270,64,3415
102,백령도,2019-03-13 06:00,2.4,,3.4,270,71,3155
102,백령도,2019-03-13 07:00,3.2,,6,290,57,3292
102,백령도,2019-03-13 08:00,4.1,,8,320,37,3321
102,백령도,2019-03-13 09:00,4,,8.4,340,41,3083
102,백령도,2019-03-13 10:00,3.7,,7.5,340,50,2597
102,백령도,2019-03-13 11:00,4.7,,4.9,340,33,2873
102,백령도,2019-03-13 12:00,4.5,,6.2,320,35,3133
102,백령도,2019-03-13 13:00,4.7,,6.8,320,33,3232
102,백령도,2019-03-13 14:00,5.1,,6.9,290,35,3053
102,백령도,2019-03-13 15:00,5.2,,7.5,290,34,2770
102,백령도,2019-03-13 16:00,4.3,,6.2,320,36,3383
102,백령도,2019-03-13 17:00,3.8,,6.3,320,36,3906
102,백령도,2019-03-13 18:00,3.6,,5.1,290,40,3798
102,백령도,2019-03-13 19:00,2.5,,4.1,290,42,3617
102,백령도,2019-03-13 20:00,2.5,,3.5,290,44,3575
102,백령도,2019-03-13 21:00,1.9,,3.6,290,50,3494
102,백령도,2019-03-13 22:00,1.8,,3.6,270,50,3658
102,백령도,2019-03-13 23:00,1.6,,3.2,290,56,3631
102,백령도,2019-03-14 00:00,1.8,,3.1,270,59,3661
102,백령도,2019-03-14 01:00,2.2,,2.5,270,57,3845
102,백령도,2019-03-14 02:00,2.1,,1.8,250,58,3729
102,백령도,2019-03-14 03:00,1.5,,2.5,270,59,3986
102,백령도,2019-03-14 04:00,2.4,,1.6,250,58,3975
102,백령도,2019-03-14 05:00,2,,2.2,250,60,3888
102,백령도,2019-03-14 06:00,2.7,,2,230,65,4022
102,백령도,2019-03-14 07:00,1.7,,.7,180,69,3566
102,백령도,2019-03-14 08:00,3.5,,2.3,200,67,2794
102,백령도,2019-03-14 09:00,5.4,,.9,160,62,3045
102,백령도,2019-03-14 10:00,6,,3.2,110,62,3515
102,백령도,2019-03-14 11:00,6,,5.1,140,63,3669
102,백령도,2019-03-14 12:00,6,,5.8,140,74,3459
102,백령도,2019-03-14 13:00,5.9,,5.4,140,78,3064
102,백령도,2019-03-14 14:00,6.4,,5.9,140,79,2642
102,백령도,2019-03-14 15:00,6,,5.5,140,85,2277
102,백령도,2019-03-14 16:00,5.8,,5,140,89,1707
102,백령도,2019-03-14 17:00,6,,4,140,90,1294
102,백령도,2019-03-14 18:00,5.6,,2.5,140,91,1092
102,백령도,2019-03-14 19:00,4.5,,1.7,70,96,200
102,백령도,2019-03-14 20:00,4.2,,.1,0,97,473
102,백령도,2019-03-14 21:00,3.8,,.9,90,98,466
102,백령도,2019-03-14 22:00,3.1,,1.3,200,98,424
102,백령도,2019-03-14 23:00,3.3,,.9,110,95,548
102,백령도,2019-03-15 00:00,2.2,,2.4,180,97,110
102,백령도,2019-03-15 01:00,1.7,,1,180,100,10
102,백령도,2019-03-15 02:00,3,,.4,0,100,249
102,백령도,2019-03-15 03:00,.7,,2.4,180,100,9
102,백령도,2019-03-15 04:00,1.4,,1.4,200,100,92
102,백령도,2019-03-15 05:00,4,,3,90,97,12
102,백령도,2019-03-15 06:00,1.9,,2.1,110,100,19
102,백령도,2019-03-15 07:00,2.2,,2.8,140,100,23
102,백령도,2019-03-15 08:00,2.5,,3.1,140,100,39
102,백령도,2019-03-15 09:00,2.7,,4.1,140,100,90
102,백령도,2019-03-15 10:00,2.7,,3.9,110,100,386
102,백령도,2019-03-15 11:00,3.2,,6,140,100,626
102,백령도,2019-03-15 12:00,5.2,,4.9,180,97,1393
102,백령도,2019-03-15 13:00,5.8,,5.1,160,80,1553
102,백령도,2019-03-15 14:00,3.8,,9.1,290,88,2230
102,백령도,2019-03-15 15:00,2.9,0,10.2,290,84,2759
102,백령도,2019-03-15 16:00,3.1,,12.4,320,88,2560
102,백령도,2019-03-15 17:00,2.5,,9.5,320,90,2345
102,백령도,2019-03-15 18:00,2.2,,13.3,340,93,1766
102,백령도,2019-03-15 19:00,2.3,,12.9,340,92,1151
102,백령도,2019-03-15 20:00,2.7,,13.2,340,87,1673
102,백령도,2019-03-15 21:00,3.6,,12.5,340,74,2098
102,백령도,2019-03-15 22:00,3.9,,10.2,340,67,2354
102,백령도,2019-03-15 23:00,3.7,,7.1,340,69,1757
102,백령도,2019-03-16 00:00,3.5,,7,340,69,1817
102,백령도,2019-03-16 01:00,3.2,,4.9,340,72,1790
102,백령도,2019-03-16 02:00,3.2,,5.1,340,71,1826
102,백령도,2019-03-16 03:00,3.1,,4.4,340,71,1730
102,백령도,2019-03-16 04:00,2.8,,3.2,320,74,1579
102,백령도,2019-03-16 05:00,3.1,,4.9,320,70,1803
102,백령도,2019-03-16 06:00,3.2,,2.2,320,64,2172
102,백령도,2019-03-16 07:00,2.7,,.3,0,67,1671
102,백령도,2019-03-16 08:00,3.4,,1.1,200,65,2019
102,백령도,2019-03-16 09:00,4.7,,2.3,200,62,2067
102,백령도,2019-03-16 10:00,4.8,,3.6,230,57,2116
102,백령도,2019-03-16 11:00,5.4,,3.9,230,58,2156
102,백령도,2019-03-16 12:00,6.7,,3.9,200,55,2241
102,백령도,2019-03-16 13:00,7.1,,5.2,180,56,2413
102,백령도,2019-03-16 14:00,7.5,,4.9,180,61,2379
102,백령도,2019-03-16 15:00,7.2,,4.4,200,63,2594
102,백령도,2019-03-16 16:00,6.6,,4.3,200,64,2805
102,백령도,2019-03-16 17:00,6.7,,3.7,200,66,3113
102,백령도,2019-03-16 18:00,6.4,,2.9,180,71,3162
102,백령도,2019-03-16 19:00,5.1,,2.8,140,89,1895
102,백령도,2019-03-16 20:00,4.8,,2.6,140,90,2228
102,백령도,2019-03-16 21:00,4.1,,1.9,160,92,1611
102,백령도,2019-03-16 22:00,4,,1.8,160,94,1360
102,백령도,2019-03-16 23:00,3.9,,1.1,160,97,888
102,백령도,2019-03-17 00:00,3.6,,1.5,180,98,587
102,백령도,2019-03-17 01:00,2.7,,1.7,290,98,564
102,백령도,2019-03-17 02:00,2.3,,1.2,320,100,103
102,백령도,2019-03-17 03:00,2.1,,1.5,290,100,72
102,백령도,2019-03-17 04:00,2.4,,2.5,290,100,355
102,백령도,2019-03-17 05:00,2.5,,2.8,290,100,890
102,백령도,2019-03-17 06:00,2.2,,2.7,290,100,1937
102,백령도,2019-03-17 07:00,2.1,,1.9,320,99,1542
102,백령도,2019-03-17 08:00,3.4,,1.9,290,96,1952
102,백령도,2019-03-17 09:00,5.4,,2.3,340,83,1968
102,백령도,2019-03-17 10:00,6.3,,2.9,320,76,2182
102,백령도,2019-03-17 11:00,7.5,,2.8,340,66,2338
102,백령도,2019-03-17 12:00,8.2,,4.5,340,53,2696
102,백령도,2019-03-17 13:00,8.5,,3.7,340,47,3196
102,백령도,2019-03-17 14:00,8.3,,5.2,340,42,3112
102,백령도,2019-03-17 15:00,8.7,,4.3,340,32,4203
102,백령도,2019-03-17 16:00,8.6,,3.4,360,35,3799
102,백령도,2019-03-17 17:00,7.7,,3.3,320,38,3893
102,백령도,2019-03-17 18:00,6.9,,2.2,290,50,3267
102,백령도,2019-03-17 19:00,4.9,,1.3,230,66,2530
102,백령도,2019-03-17 20:00,4.2,,.7,230,75,1600
102,백령도,2019-03-17 21:00,3.9,,1.2,180,80,2231
102,백령도,2019-03-17 22:00,4.2,,1.4,200,79,2128
102,백령도,2019-03-17 23:00,3.8,,3,200,82,2465
102,백령도,2019-03-18 00:00,4.1,,2.8,200,86,2397
102,백령도,2019-03-18 01:00,3.9,,1.4,110,89,2255
102,백령도,2019-03-18 02:00,2.9,,1.4,160,93,1752
102,백령도,2019-03-18 03:00,3.3,,1.8,90,93,1861
102,백령도,2019-03-18 04:00,3.5,,1.9,110,98,529
102,백령도,2019-03-18 05:00,4,,3,160,99,887
102,백령도,2019-03-18 06:00,3.9,,2.4,160,99,454
102,백령도,2019-03-18 07:00,4.3,,2,160,99,276
102,백령도,2019-03-18 08:00,5.2,,4.8,160,100,370
102,백령도,2019-03-18 09:00,5.6,,4.3,160,99,374
102,백령도,2019-03-18 10:00,5.9,,5.3,140,99,798
102,백령도,2019-03-18 11:00,6.5,,4.5,160,93,1334
102,백령도,2019-03-18 12:00,7,,6.6,160,90,1501
102,백령도,2019-03-18 13:00,7.7,,7.8,160,84,1890
102,백령도,2019-03-18 14:00,7.6,,6,160,82,2067
102,백령도,2019-03-18 15:00,7.6,,5.8,160,83,2152
102,백령도,2019-03-18 16:00,7.9,,7.2,160,77,2338
102,백령도,2019-03-18 17:00,7,,6.8,160,81,2225
102,백령도,2019-03-18 18:00,6.4,,6.8,160,86,2479
102,백령도,2019-03-18 19:00,5.9,,5.6,160,86,2786
102,백령도,2019-03-18 20:00,5.3,,4.6,140,92,2226
102,백령도,2019-03-18 21:00,5.3,,5,160,92,2348
102,백령도,2019-03-18 22:00,5.2,,5.2,160,91,2610
102,백령도,2019-03-18 23:00,5.2,,4.9,140,92,2537
102,백령도,2019-03-19 00:00,5.2,,4.8,140,91,2538
102,백령도,2019-03-19 01:00,5.3,,5,140,90,3047
102,백령도,2019-03-19 02:00,5.6,,5.3,160,89,3144
102,백령도,2019-03-19 03:00,5.6,,4.8,140,89,3230
102,백령도,2019-03-19 04:00,5.6,,4.9,140,87,3688
102,백령도,2019-03-19 05:00,6,,4.5,140,85,3939
102,백령도,2019-03-19 06:00,5.9,,5,140,88,3579
102,백령도,2019-03-19 07:00,5.9,,4.3,140,89,3155
102,백령도,2019-03-19 08:00,6.2,,4.7,140,90,2880
102,백령도,2019-03-19 09:00,6,,6.1,140,88,2155
102,백령도,2019-03-19 10:00,6.9,,5.2,140,85,2015
102,백령도,2019-03-19 11:00,7.2,,5.6,140,86,2234
102,백령도,2019-03-19 12:00,7.8,,4.5,110,87,1878
102,백령도,2019-03-19 13:00,9,,4.5,140,86,1775
102,백령도,2019-03-19 14:00,8.4,,5.6,140,88,1497
102,백령도,2019-03-19 15:00,8.7,,4.9,140,91,821
102,백령도,2019-03-19 16:00,7.9,,5.5,140,94,395
102,백령도,2019-03-19 17:00,8,,4.6,140,96,313
102,백령도,2019-03-19 18:00,7.5,,3.7,160,95,491
102,백령도,2019-03-19 19:00,7,,4.8,160,98,276
102,백령도,2019-03-19 20:00,7.3,,6.3,160,97,367
102,백령도,2019-03-19 21:00,6.5,,4.8,160,98,241
102,백령도,2019-03-19 22:00,5.7,,3.8,160,99,39
102,백령도,2019-03-19 23:00,5.5,,3.1,140,100,17
102,백령도,2019-03-20 00:00,5.5,,4.9,140,100,18
102,백령도,2019-03-20 01:00,5.9,,5,140,100,86
102,백령도,2019-03-20 02:00,6.1,,5.1,140,100,70
102,백령도,2019-03-20 03:00,6.1,,6,140,100,29
102,백령도,2019-03-20 04:00,6.2,,6,140,100,142
102,백령도,2019-03-20 05:00,6,,4.3,140,100,64
102,백령도,2019-03-20 06:00,5.7,,4.4,140,100,14
102,백령도,2019-03-20 07:00,5.8,,5,140,100,16
102,백령도,2019-03-20 08:00,5.8,,5.3,110,100,18
102,백령도,2019-03-20 09:00,6,,7.2,110,100,19
102,백령도,2019-03-20 10:00,6.7,,6.5,110,100,193
102,백령도,2019-03-20 11:00,7.2,,3.4,110,100,276
102,백령도,2019-03-20 12:00,8.2,0,4.7,140,100,372
102,백령도,2019-03-20 13:00,7.4,,4.2,110,98,135
102,백령도,2019-03-20 14:00,7.2,,3.9,110,99,106
102,백령도,2019-03-20 15:00,7.2,5.3,5.1,110,100,112
102,백령도,2019-03-20 16:00,7.6,,6,110,97,289
102,백령도,2019-03-20 17:00,7.3,,6.1,110,99,147
102,백령도,2019-03-20 18:00,6.9,6.7,6.1,110,100,31
102,백령도,2019-03-20 19:00,7,,7.1,90,100,62
102,백령도,2019-03-20 20:00,7.1,,6.2,110,100,89
102,백령도,2019-03-20 21:00,7.2,8.1,4.7,110,100,91
102,백령도,2019-03-20 22:00,7.5,,4.9,90,100,223
102,백령도,2019-03-20 23:00,8,,4.6,90,100,250
102,백령도,2019-03-21 00:00,7.3,1.5,2,70,100,121
102,백령도,2019-03-21 01:00,7.4,,2.2,360,100,61
102,백령도,2019-03-21 02:00,7,,3.5,360,100,119
102,백령도,2019-03-21 03:00,6.7,.6,3.5,340,100,154
102,백령도,2019-03-21 04:00,5.9,,3,290,100,52
102,백령도,2019-03-21 05:00,5.3,,5.7,320,100,99
102,백령도,2019-03-21 06:00,5.4,,4.3,320,100,228
102,백령도,2019-03-21 07:00,5.5,,7.3,320,100,351
102,백령도,2019-03-21 08:00,5.9,,6.4,320,100,905
102,백령도,2019-03-21 09:00,6,,7.9,290,99,328
102,백령도,2019-03-21 10:00,5.7,,7.7,290,94,1134
102,백령도,2019-03-21 11:00,4.4,,10,320,90,1665
102,백령도,2019-03-21 12:00,3.5,,11.9,320,84,1313
102,백령도,2019-03-21 13:00,3.3,,12.9,320,83,1192
102,백령도,2019-03-21 14:00,3.9,,10.4,320,76,1422
102,백령도,2019-03-21 15:00,3.2,,11.9,340,71,1628
102,백령도,2019-03-21 16:00,3.3,,16.4,340,69,1973
102,백령도,2019-03-21 17:00,2.9,,17.3,340,68,1973
102,백령도,2019-03-21 18:00,2.3,,17.2,340,71,1876
102,백령도,2019-03-21 19:00,2.6,,13.8,340,71,2083
102,백령도,2019-03-21 20:00,2.7,,11.8,340,66,2504
102,백령도,2019-03-21 21:00,3.1,,13.5,340,53,2776
102,백령도,2019-03-21 22:00,2.8,,13,340,52,2977
102,백령도,2019-03-21 23:00,2.7,,14.2,340,54,3201
102,백령도,2019-03-22 00:00,2.4,,14.3,340,57,3106
102,백령도,2019-03-22 01:00,1.8,,12.7,340,54,3323
102,백령도,2019-03-22 02:00,1.5,,11.7,360,51,3693
102,백령도,2019-03-22 03:00,1.3,,10.7,360,53,3463
102,백령도,2019-03-22 04:00,1.2,,10.1,360,51,3509
102,백령도,2019-03-22 05:00,1,,8.7,360,50,3465
102,백령도,2019-03-22 06:00,1.2,,7.9,360,46,3438
102,백령도,2019-03-22 07:00,1.4,,8.3,360,49,3486
102,백령도,2019-03-22 08:00,2.1,,7.2,360,52,3620
102,백령도,2019-03-22 09:00,2.8,,8,360,50,3728
102,백령도,2019-03-22 10:00,3.4,,8.1,360,50,4034
102,백령도,2019-03-22 11:00,4.5,,7,360,53,4020
102,백령도,2019-03-22 12:00,4.4,,8.9,340,52,3799
102,백령도,2019-03-22 13:00,4.5,,8.3,340,50,3890
102,백령도,2019-03-22 14:00,4.7,,8.1,340,49,4153
102,백령도,2019-03-22 15:00,5.2,,5.6,340,47,4230
102,백령도,2019-03-22 16:00,5,,6.5,320,42,4411
102,백령도,2019-03-22 17:00,4.7,,5.2,320,40,4514
102,백령도,2019-03-22 18:00,4.4,,4,290,43,4622
102,백령도,2019-03-22 19:00,3,,2.4,270,55,4324
102,백령도,2019-03-22 20:00,2.2,,2.6,270,59,4372
102,백령도,2019-03-22 21:00,2.1,,1.7,270,62,3984
102,백령도,2019-03-22 22:00,1.9,,1.7,290,65,4178
102,백령도,2019-03-22 23:00,2.6,,2.2,270,63,4139
102,백령도,2019-03-23 00:00,3.1,,1.7,270,67,3894
102,백령도,2019-03-23 01:00,3.1,,.8,250,71,3361
102,백령도,2019-03-23 02:00,3,,2,250,76,2692
102,백령도,2019-03-23 03:00,3.1,,2.8,230,80,2851
102,백령도,2019-03-23 04:00,3.6,,4,230,83,2426
102,백령도,2019-03-23 05:00,4,,4.3,230,83,2684
102,백령도,2019-03-23 06:00,4.2,,4.9,250,86,2520
102,백령도,2019-03-23 07:00,4.4,,4,250,89,2111
102,백령도,2019-03-23 08:00,4.8,,2.6,290,89,2066
102,백령도,2019-03-23 09:00,5.1,,3.3,320,87,1576
102,백령도,2019-03-23 10:00,4.1,,8.4,340,76,1652
102,백령도,2019-03-23 11:00,4.8,,9.8,340,71,2091
102,백령도,2019-03-23 12:00,4.4,,11.8,340,66,2516
102,백령도,2019-03-23 13:00,4.8,,8.3,340,65,2354
102,백령도,2019-03-23 14:00,5.3,,7.3,340,50,2911
102,백령도,2019-03-23 15:00,5.4,,8.5,320,47,3150
102,백령도,2019-03-23 16:00,4.7,,10.2,320,42,3174
102,백령도,2019-03-23 17:00,4.6,,9.4,320,37,3555
102,백령도,2019-03-23 18:00,4.2,,8.2,320,38,3436
102,백령도,2019-03-23 19:00,3.6,,6.7,320,43,4110
102,백령도,2019-03-23 20:00,3.9,,6.7,320,50,3952
102,백령도,2019-03-23 21:00,4.1,,7.1,320,51,3636
102,백령도,2019-03-23 22:00,4.3,,7,320,52,3471
102,백령도,2019-03-23 23:00,4.2,,6.3,320,53,3199
102,백령도,2019-03-24 00:00,4.1,,5.5,320,55,3309
102,백령도,2019-03-24 01:00,4,,5.6,320,55,3444
102,백령도,2019-03-24 02:00,3.4,,5.1,320,62,3343
102,백령도,2019-03-24 03:00,3.3,,4.6,320,61,3542
102,백령도,2019-03-24 04:00,2.8,,3.5,290,65,3514
102,백령도,2019-03-24 05:00,2.8,,3.8,290,67,3477
102,백령도,2019-03-24 06:00,2.1,,2.4,270,71,3446
102,백령도,2019-03-24 07:00,2.7,,2.9,250,68,3445
102,백령도,2019-03-24 08:00,4,,2.3,250,61,3509
102,백령도,2019-03-24 09:00,5.2,,4.1,250,58,3148
102,백령도,2019-03-24 10:00,5.8,,5.1,230,49,3585
102,백령도,2019-03-24 11:00,6.4,,5.7,230,40,4089
102,백령도,2019-03-24 12:00,6.9,,7.6,250,43,4237
102,백령도,2019-03-24 13:00,7.4,,6.3,230,50,3713
102,백령도,2019-03-24 14:00,6.9,,6.6,200,51,3716
102,백령도,2019-03-24 15:00,7.7,,5.6,200,55,3522
102,백령도,2019-03-24 16:00,7.3,,6.5,200,56,3401
102,백령도,2019-03-24 17:00,6.9,,6.8,230,60,2840
102,백령도,2019-03-24 18:00,6.6,,7.2,230,67,2420
102,백령도,2019-03-24 19:00,6,,5.3,200,77,1958
102,백령도,2019-03-24 20:00,5.9,,4.8,200,81,2333
102,백령도,2019-03-24 21:00,6.2,,5.8,200,84,2422
102,백령도,2019-03-24 22:00,6.2,,5.1,200,87,2065
102,백령도,2019-03-24 23:00,6.2,,4.4,200,89,1831
102,백령도,2019-03-25 00:00,6.4,,4.4,200,92,1508
102,백령도,2019-03-25 01:00,6.5,,4.5,200,93,1093
102,백령도,2019-03-25 02:00,6.2,,3.5,180,95,756
102,백령도,2019-03-25 03:00,6.5,,4.5,160,96,741
102,백령도,2019-03-25 04:00,6.5,,4.8,180,95,726
102,백령도,2019-03-25 05:00,6.4,,3.7,180,94,688
102,백령도,2019-03-25 06:00,6.3,,3.1,180,95,550
102,백령도,2019-03-25 07:00,6.4,,3.6,180,95,467
102,백령도,2019-03-25 08:00,6.9,,2.1,140,95,483
102,백령도,2019-03-25 09:00,7.6,,2.7,180,93,571
102,백령도,2019-03-25 10:00,8.5,,5.9,200,89,656
102,백령도,2019-03-25 11:00,9.5,,6.7,200,85,790
102,백령도,2019-03-25 12:00,9.9,,8.6,230,81,857
102,백령도,2019-03-25 13:00,10,,8.1,230,80,867
102,백령도,2019-03-25 14:00,10.1,,8.3,230,82,881
102,백령도,2019-03-25 15:00,9.7,,8.2,230,83,876
102,백령도,2019-03-25 16:00,9.6,,7.5,230,83,870
102,백령도,2019-03-25 17:00,9.2,,7.3,230,85,777
102,백령도,2019-03-25 18:00,8.5,,5.3,200,90,674
102,백령도,2019-03-25 19:00,7.5,,4.6,200,96,493
102,백령도,2019-03-25 20:00,7.8,,5.3,200,95,533
102,백령도,2019-03-25 21:00,7.7,,5.3,200,96,514
102,백령도,2019-03-25 22:00,7.4,,5.3,200,97,399
102,백령도,2019-03-25 23:00,7.6,,2.9,200,98,355
102,백령도,2019-03-26 00:00,7.3,,2.5,200,97,273
102,백령도,2019-03-26 01:00,6.5,,.7,290,97,190
102,백령도,2019-03-26 02:00,5.5,,1.6,290,99,91
102,백령도,2019-03-26 03:00,5.7,,2.1,360,100,70
102,백령도,2019-03-26 04:00,5.4,,1.3,340,100,77
102,백령도,2019-03-26 05:00,3.7,,1.7,340,100,4
102,백령도,2019-03-26 06:00,2.4,,1.1,360,100,5
102,백령도,2019-03-26 07:00,3.6,,1.2,90,100,9
102,백령도,2019-03-26 08:00,5.8,,1.2,70,100,175
102,백령도,2019-03-26 09:00,7.5,,.8,90,100,384
102,백령도,2019-03-26 10:00,9.2,,.6,320,87,625
102,백령도,2019-03-26 11:00,9.9,,2.4,90,79,783
102,백령도,2019-03-26 12:00,9.5,,3,180,78,767
102,백령도,2019-03-26 13:00,11.2,,2.5,180,66,938
102,백령도,2019-03-26 14:00,10.5,,3.4,200,62,986
102,백령도,2019-03-26 15:00,10.4,,4.1,180,66,994
102,백령도,2019-03-26 16:00,8.8,,3.5,180,76,1081
102,백령도,2019-03-26 17:00,5.4,,2.5,90,92,589
102,백령도,2019-03-26 18:00,5.5,,2.8,180,93,503
102,백령도,2019-03-26 19:00,4.2,,3.1,200,97,304
102,백령도,2019-03-26 20:00,3.9,,4,140,96,287
102,백령도,2019-03-26 21:00,3.6,,5.3,140,99,346
102,백령도,2019-03-26 22:00,3.9,,2.3,140,99,318
102,백령도,2019-03-26 23:00,4.7,,3.3,140,98,747
102,백령도,2019-03-27 00:00,6.4,,5.6,160,87,829
102,백령도,2019-03-27 01:00,6.4,,6.1,160,93,517
102,백령도,2019-03-27 02:00,6.6,,1.6,140,95,312
102,백령도,2019-03-27 03:00,5.5,,2.7,90,98,170
102,백령도,2019-03-27 04:00,5.4,,2.3,90,99,125
102,백령도,2019-03-27 05:00,5.8,,2,110,100,115
102,백령도,2019-03-27 06:00,6.1,,2.8,140,100,151
102,백령도,2019-03-27 07:00,5.7,,1.4,110,100,112
102,백령도,2019-03-27 08:00,6.8,,2.1,90,100,154
102,백령도,2019-03-27 09:00,6.6,,3.4,110,98,288
102,백령도,2019-03-27 10:00,8.1,,2,90,99,460
102,백령도,2019-03-27 11:00,11.3,,2.3,200,80,567
102,백령도,2019-03-27 12:00,11.8,,4.4,270,73,647
102,백령도,2019-03-27 13:00,11.4,,4.8,290,76,615
102,백령도,2019-03-27 14:00,10.7,,6.1,290,76,652
102,백령도,2019-03-27 15:00,6.9,,8.5,320,89,335
102,백령도,2019-03-27 16:00,5.4,,8.5,320,97,142
102,백령도,2019-03-27 17:00,5.9,,6.6,340,98,252
102,백령도,2019-03-27 18:00,5.7,,3.9,320,96,268
102,백령도,2019-03-27 19:00,5.1,,3.6,340,96,453
102,백령도,2019-03-27 20:00,5.8,,6.2,320,90,613
102,백령도,2019-03-27 21:00,6.2,,5,320,79,1112
102,백령도,2019-03-27 22:00,6.9,,8.9,340,65,2526
102,백령도,2019-03-27 23:00,6.9,,7.7,340,60,2471
102,백령도,2019-03-28 00:00,6.4,,9.3,360,55,2509
102,백령도,2019-03-28 01:00,5.7,,6.5,360,56,2674
102,백령도,2019-03-28 02:00,5.4,,5.4,360,56,3200
102,백령도,2019-03-28 03:00,5.3,,9.3,360,52,3514
102,백령도,2019-03-28 04:00,4.9,,6.1,340,53,2938
102,백령도,2019-03-28 05:00,4.6,,5,360,52,2798
102,백령도,2019-03-28 06:00,4.4,,5.8,360,55,2845
102,백령도,2019-03-28 07:00,4.1,,5.2,360,53,2942
102,백령도,2019-03-28 08:00,4.6,,3.7,360,49,3156
102,백령도,2019-03-28 09:00,5.4,,3.2,360,43,3152
102,백령도,2019-03-28 10:00,6,,5,340,45,3025
102,백령도,2019-03-28 11:00,6.3,,6,340,44,3007
102,백령도,2019-03-28 12:00,6.2,,6.8,360,41,3399
102,백령도,2019-03-28 13:00,5.9,,7.2,340,46,3363
102,백령도,2019-03-28 14:00,6.4,,6,360,39,3601
102,백령도,2019-03-28 15:00,5.5,,7.7,340,40,3518
102,백령도,2019-03-28 16:00,4.8,,7.4,340,40,3578
102,백령도,2019-03-28 17:00,4.8,,7.4,340,42,3870
102,백령도,2019-03-28 18:00,4.4,,5.8,340,44,3598
102,백령도,2019-03-28 19:00,4.3,,4.4,320,44,3844
102,백령도,2019-03-28 20:00,4.5,,7.1,320,44,3623
102,백령도,2019-03-28 21:00,4.4,0,5,320,50,3805
102,백령도,2019-03-28 22:00,4.6,,4.9,320,55,3902
102,백령도,2019-03-28 23:00,4.7,,5.4,320,54,3701
102,백령도,2019-03-29 00:00,4.8,0,3.4,340,67,3441
102,백령도,2019-03-29 01:00,4.9,,8.1,340,65,3499
102,백령도,2019-03-29 02:00,4.6,,7.6,340,57,2963
102,백령도,2019-03-29 03:00,5.1,,5.9,340,52,3230
102,백령도,2019-03-29 04:00,4.7,,5.8,340,63,3257
102,백령도,2019-03-29 05:00,4.6,,2.2,340,68,2968
102,백령도,2019-03-29 06:00,4,,3,340,72,2672
102,백령도,2019-03-29 07:00,3.4,,1.7,340,77,2358
102,백령도,2019-03-29 08:00,4.8,,2.5,320,74,2395
102,백령도,2019-03-29 09:00,5.6,,3.9,320,69,2463
102,백령도,2019-03-29 10:00,5.7,,3.7,320,69,2088
102,백령도,2019-03-29 11:00,6.6,,4.1,320,61,2296
102,백령도,2019-03-29 12:00,7.8,,4,290,35,2653
102,백령도,2019-03-29 13:00,8.1,,3.9,320,42,2543
102,백령도,2019-03-29 14:00,8.4,,4,320,29,2822
102,백령도,2019-03-29 15:00,8.5,,4.8,320,28,2872
102,백령도,2019-03-29 16:00,8.3,,4.9,290,25,2843
102,백령도,2019-03-29 17:00,7.1,,3.9,290,33,2806
102,백령도,2019-03-29 18:00,6.5,,2.6,290,36,2851
102,백령도,2019-03-29 19:00,5.9,,2.9,270,43,2851
102,백령도,2019-03-29 20:00,5.9,,4.3,250,60,2973
102,백령도,2019-03-29 21:00,4.7,0,6,250,68,2703
102,백령도,2019-03-29 22:00,3.8,,5.3,250,88,898
102,백령도,2019-03-29 23:00,3.4,,1.7,250,93,1006
102,백령도,2019-03-30 00:00,4,1.3,1.5,230,95,686
102,백령도,2019-03-30 01:00,4.1,,.3,0,95,876
102,백령도,2019-03-30 02:00,4.2,,2.1,230,94,798
102,백령도,2019-03-30 03:00,4.4,,.9,230,95,803
102,백령도,2019-03-30 04:00,4.4,,1.1,230,94,826
102,백령도,2019-03-30 05:00,4.3,,1.5,180,95,668
102,백령도,2019-03-30 06:00,4.8,,3.1,200,94,745
102,백령도,2019-03-30 07:00,5.1,,2.2,200,95,663
102,백령도,2019-03-30 08:00,6,,3.5,200,91,1188
102,백령도,2019-03-30 09:00,6.4,0,6.7,250,83,1361
102,백령도,2019-03-30 10:00,6.4,,7.4,250,71,1952
102,백령도,2019-03-30 11:00,7.2,,8.1,270,58,2336
102,백령도,2019-03-30 12:00,7.9,0,8.8,250,53,3103
102,백령도,2019-03-30 13:00,6.2,,11.7,290,59,2944
102,백령도,2019-03-30 14:00,5.2,,10.9,290,64,2417
102,백령도,2019-03-30 15:00,3.5,0,9.4,290,79,2110
102,백령도,2019-03-30 16:00,3.8,,10.7,290,71,2111
102,백령도,2019-03-30 17:00,3.3,,11.5,290,73,1781
102,백령도,2019-03-30 18:00,3.4,0,10.9,290,77,1682
102,백령도,2019-03-30 19:00,3.5,,11.7,320,78,1736
102,백령도,2019-03-30 20:00,3.4,,12.4,320,73,2021
102,백령도,2019-03-30 21:00,3.4,,12.2,320,72,2103
102,백령도,2019-03-30 22:00,3.3,,13,320,66,2035
102,백령도,2019-03-30 23:00,3.8,,10.2,320,58,2192
102,백령도,2019-03-31 00:00,4.1,,10.6,320,51,2716
102,백령도,2019-03-31 01:00,4.1,,10.2,320,47,2883
102,백령도,2019-03-31 02:00,4.1,,12.3,320,48,3018
102,백령도,2019-03-31 03:00,4.2,,12.8,320,39,3082
102,백령도,2019-03-31 04:00,4,,12.2,320,42,3037
102,백령도,2019-03-31 05:00,3.8,,12.1,320,45,3025
102,백령도,2019-03-31 06:00,3.6,,10.6,320,45,2993
102,백령도,2019-03-31 07:00,3.7,,11.6,320,46,3007
102,백령도,2019-03-31 08:00,4.2,,10.6,320,45,3114
102,백령도,2019-03-31 09:00,4.7,,10.6,320,47,3315
102,백령도,2019-03-31 10:00,5.2,,9.7,320,44,3222
102,백령도,2019-03-31 11:00,5.8,,9.2,320,47,3442
102,백령도,2019-03-31 12:00,5.9,,8.7,320,46,3367
102,백령도,2019-03-31 13:00,6.4,,8.3,320,45,3678
102,백령도,2019-03-31 14:00,6.8,,7.3,320,51,3349
102,백령도,2019-03-31 15:00,7,,7.2,320,47,3425
102,백령도,2019-03-31 16:00,6.5,,6.8,320,46,3425
102,백령도,2019-03-31 17:00,6.2,,6.2,290,43,3497
102,백령도,2019-03-31 18:00,5.7,,5.7,290,48,3534
102,백령도,2019-03-31 19:00,4.5,,5.1,290,60,3480
102,백령도,2019-03-31 20:00,4.4,,5.1,290,59,3751
102,백령도,2019-03-31 21:00,4.5,,5.3,290,64,3636
102,백령도,2019-03-31 22:00,4.6,,6,290,70,3374
102,백령도,2019-03-31 23:00,4.5,,5.4,290,75,2886
102,백령도,2019-04-01 00:00,4.4,,5.5,290,76,3263
102,백령도,2019-04-01 01:00,4.3,,4,290,76,3257
102,백령도,2019-04-01 02:00,4.1,,3.7,290,77,3553
102,백령도,2019-04-01 03:00,4.1,,3.6,320,77,3426
102,백령도,2019-04-01 04:00,4,,3.2,290,76,3451
102,백령도,2019-04-01 05:00,4.1,,2.9,320,76,3280
102,백령도,2019-04-01 06:00,3.6,,2.3,250,76,3253
102,백령도,2019-04-01 07:00,3.9,,2.1,270,73,3128
102,백령도,2019-04-01 08:00,5.9,,2.7,270,68,2890
102,백령도,2019-04-01 09:00,7,,3.3,320,43,3559
102,백령도,2019-04-01 10:00,7.4,,3.2,320,42,3656
102,백령도,2019-04-01 11:00,8.7,,5.1,320,33,3848
102,백령도,2019-04-01 12:00,8.6,,5,290,32,3463
102,백령도,2019-04-01 13:00,8.8,,4.3,320,31,3537
102,백령도,2019-04-01 14:00,8.9,,4.8,320,35,3631
102,백령도,2019-04-01 15:00,9.2,,5.2,290,32,3577
102,백령도,2019-04-01 16:00,7.8,,5.8,290,49,3463
102,백령도,2019-04-01 17:00,7.7,,4.3,290,45,3408
102,백령도,2019-04-01 18:00,6.4,,3.9,290,63,3092
102,백령도,2019-04-01 19:00,4.9,,2.1,270,74,3175
102,백령도,2019-04-01 20:00,3.8,,1.8,270,67,3240
102,백령도,2019-04-01 21:00,3.5,,1.8,270,46,3848
102,백령도,2019-04-01 22:00,3.8,,1.9,270,38,3867
102,백령도,2019-04-01 23:00,4.1,,3.2,270,54,3802
102,백령도,2019-04-02 00:00,4.1,,3.5,270,62,3650
102,백령도,2019-04-02 01:00,4,,3.4,270,68,3460
102,백령도,2019-04-02 02:00,4.1,,2.9,290,80,3765
102,백령도,2019-04-02 03:00,3.8,,2.3,290,79,3367
102,백령도,2019-04-02 04:00,3.7,,2.3,270,80,3388
102,백령도,2019-04-02 05:00,4.4,,3.9,320,70,3550
102,백령도,2019-04-02 06:00,4.7,,4.9,320,71,3279
102,백령도,2019-04-02 07:00,4.6,,2.9,320,74,2935
102,백령도,2019-04-02 08:00,5.7,,3.6,340,67,2906
102,백령도,2019-04-02 09:00,6.4,,2.9,340,60,2847
102,백령도,2019-04-02 10:00,8.2,,1.4,50,38,3400
102,백령도,2019-04-02 11:00,9.1,,1.7,290,21,3406
102,백령도,2019-04-02 12:00,10.5,,2.6,340,17,3845
102,백령도,2019-04-02 13:00,9.7,,4.9,320,21,3435
102,백령도,2019-04-02 14:00,9.5,,4.7,290,20,3421
102,백령도,2019-04-02 15:00,10,,4.8,320,21,3258
102,백령도,2019-04-02 16:00,9.8,,5.1,290,21,3408
102,백령도,2019-04-02 17:00,8.4,,5.7,290,47,3009
102,백령도,2019-04-02 18:00,7.6,,4.5,290,54,2802
102,백령도,2019-04-02 19:00,6.1,,4.7,250,69,3071
102,백령도,2019-04-02 20:00,5.7,,5.5,250,80,3366
102,백령도,2019-04-02 21:00,6.4,,4.6,270,42,3878
102,백령도,2019-04-02 22:00,6.1,,4.3,270,60,3626
102,백령도,2019-04-02 23:00,5.5,,3.3,270,71,3872
102,백령도,2019-04-03 00:00,4.9,,2.9,270,75,4244
102,백령도,2019-04-03 01:00,5.3,,3,320,77,3287
102,백령도,2019-04-03 02:00,5.7,,5.1,360,60,2613
102,백령도,2019-04-03 03:00,5.2,,5.5,340,68,2330
102,백령도,2019-04-03 04:00,4.9,,4.9,340,71,2221
102,백령도,2019-04-03 05:00,4.5,,3.7,320,74,2126
102,백령도,2019-04-03 06:00,4.3,,1.9,320,79,2051
102,백령도,2019-04-03 07:00,2.7,,1.9,290,86,1679
102,백령도,2019-04-03 08:00,5.8,,2,340,67,2043
102,백령도,2019-04-03 09:00,7.1,,2.1,320,61,2333
102,백령도,2019-04-03 10:00,7.2,,3.6,320,60,2251
102,백령도,2019-04-03 11:00,6.7,,5.3,320,64,2458
102,백령도,2019-04-03 12:00,7.2,,5.7,320,59,2875
102,백령도,2019-04-03 13:00,7.9,,3.7,320,47,2805
102,백령도,2019-04-03 14:00,9,,3.5,320,31,2866
102,백령도,2019-04-03 15:00,9.5,,5.4,290,29,3142
102,백령도,2019-04-03 16:00,9.6,,5.5,290,25,3181
102,백령도,2019-04-03 17:00,8.9,,4.7,290,28,3297
102,백령도,2019-04-03 18:00,7.6,,4.4,250,39,3336
102,백령도,2019-04-03 19:00,6.5,,1.6,250,43,3130
102,백령도,2019-04-03 20:00,5.5,,1.8,230,65,2795
102,백령도,2019-04-03 21:00,6.1,,5.5,230,62,3002
102,백령도,2019-04-03 22:00,6,,3.6,200,64,2897
102,백령도,2019-04-03 23:00,6.6,,6.5,230,69,2702
102,백령도,2019-04-04 00:00,6.6,,5.2,230,71,2550
102,백령도,2019-04-04 01:00,6.7,,6,230,71,2676
102,백령도,2019-04-04 02:00,6.7,,4.2,200,73,2461
102,백령도,2019-04-04 03:00,5.9,,1.6,160,80,2249
102,백령도,2019-04-04 04:00,6,,2.2,200,79,2288
102,백령도,2019-04-04 05:00,6.7,,1.9,230,76,2526
102,백령도,2019-04-04 06:00,6.2,,2,160,78,2522
102,백령도,2019-04-04 07:00,7.5,,6,230,72,2787
102,백령도,2019-04-04 08:00,8.9,,6.7,230,62,2842
102,백령도,2019-04-04 09:00,9.8,,7,230,59,2895
102,백령도,2019-04-04 10:00,11,,8.2,230,51,2715
102,백령도,2019-04-04 11:00,11.4,,8.5,230,50,2779
102,백령도,2019-04-04 12:00,11.2,,9.4,230,54,2647
102,백령도,2019-04-04 13:00,12.4,,8.7,230,38,2930
102,백령도,2019-04-04 14:00,12.1,,8.7,230,38,2975
102,백령도,2019-04-04 15:00,11.5,,8.9,230,38,2975
102,백령도,2019-04-04 16:00,10.6,,8.2,230,49,2837
102,백령도,2019-04-04 17:00,10.1,,9.3,230,50,2832
102,백령도,2019-04-04 18:00,9.5,,7,230,60,2824
102,백령도,2019-04-04 19:00,9.3,,7.5,230,56,3044
102,백령도,2019-04-04 20:00,8.9,,9.4,230,68,2712
102,백령도,2019-04-04 21:00,8.9,,8,230,72,2602
102,백령도,2019-04-04 22:00,8.5,,9.6,230,82,2058
102,백령도,2019-04-04 23:00,8.5,,11.1,230,82,1930
102,백령도,2019-04-05 00:00,8.6,,8.9,230,79,1980
102,백령도,2019-04-05 01:00,8.9,,10.5,230,82,1478
102,백령도,2019-04-05 02:00,9.2,,10,230,82,1212
102,백령도,2019-04-05 03:00,8.4,,7.9,250,88,946
102,백령도,2019-04-05 04:00,8,,5.7,290,89,773
102,백령도,2019-04-05 05:00,7.2,,5.4,290,92,619
102,백령도,2019-04-05 06:00,7.8,,3.8,340,82,755
102,백령도,2019-04-05 07:00,8,,4.1,340,72,1245
102,백령도,2019-04-05 08:00,8.9,,4.6,340,57,1210
102,백령도,2019-04-05 09:00,9.6,,7.4,340,36,1860
102,백령도,2019-04-05 10:00,9.1,,6.6,340,48,1683
102,백령도,2019-04-05 11:00,10.1,,7.2,340,30,2417
102,백령도,2019-04-05 12:00,9.8,,6.5,340,32,2371
102,백령도,2019-04-05 13:00,10.1,,4.6,340,47,2224
102,백령도,2019-04-05 14:00,10.2,,8.1,340,24,2521
102,백령도,2019-04-05 15:00,9.1,,5.3,320,47,2877
102,백령도,2019-04-05 16:00,9.3,,5.5,290,41,2821
102,백령도,2019-04-05 17:00,9.2,,4.7,320,39,2924
102,백령도,2019-04-05 18:00,8.9,,3.6,290,30,2922
102,백령도,2019-04-05 19:00,7.5,,2.4,270,47,2663
102,백령도,2019-04-05 20:00,7.6,,1.3,270,32,2793
102,백령도,2019-04-05 21:00,7.6,,3.1,290,22,3069
102,백령도,2019-04-05 22:00,7,,.3,0,32,2868
102,백령도,2019-04-05 23:00,6.2,,2,230,43,2706
102,백령도,2019-04-06 00:00,7.1,,2.9,270,48,2319
102,백령도,2019-04-06 01:00,7.2,,1.6,270,37,2559
102,백령도,2019-04-06 02:00,5.9,,1,320,41,2468
102,백령도,2019-04-06 03:00,5.8,,2.3,270,64,2340
102,백령도,2019-04-06 04:00,6.3,,1,50,58,2398
102,백령도,2019-04-06 05:00,6.1,0,.6,110,63,2313
102,백령도,2019-04-06 06:00,6,,1.7,110,64,2141
102,백령도,2019-04-06 07:00,6.2,,1.4,180,66,2054
102,백령도,2019-04-06 08:00,7,,1.3,160,62,1915
102,백령도,2019-04-06 09:00,7.7,,2.5,140,52,2383
102,백령도,2019-04-06 10:00,7.3,,2.9,140,59,2234
102,백령도,2019-04-06 11:00,7.7,,2.7,110,61,2244
102,백령도,2019-04-06 12:00,7.5,,3.8,140,66,2315
102,백령도,2019-04-06 13:00,7.2,,4.2,90,74,2178
102,백령도,2019-04-06 14:00,7.6,,2.9,110,67,2188
102,백령도,2019-04-06 15:00,8.2,,3,110,61,1702
102,백령도,2019-04-06 16:00,8.3,,2.1,140,62,1833
102,백령도,2019-04-06 17:00,9.2,,2.7,140,43,2133
102,백령도,2019-04-06 18:00,9.4,,3,140,40,2142
102,백령도,2019-04-06 19:00,8.6,,2.2,110,51,2180
102,백령도,2019-04-06 20:00,9.1,,1.9,140,45,2013
102,백령도,2019-04-06 21:00,7.2,,1.7,90,69,2087
102,백령도,2019-04-06 22:00,8,,.8,110,56,1329
102,백령도,2019-04-06 23:00,7.3,,1.1,90,59,1687
102,백령도,2019-04-07 00:00,5.5,,2,340,66,1877
102,백령도,2019-04-07 01:00,6.4,,3.1,340,71,2069
102,백령도,2019-04-07 02:00,6.6,,3.4,360,71,2134
102,백령도,2019-04-07 03:00,5.9,,2.2,340,75,1997
102,백령도,2019-04-07 04:00,6.8,,2,320,61,2185
102,백령도,2019-04-07 05:00,6.9,,2.4,340,60,2357
102,백령도,2019-04-07 06:00,6.7,,2.6,340,59,2422
102,백령도,2019-04-07 07:00,7.8,,1.9,360,47,2702
102,백령도,2019-04-07 08:00,8.8,,1.5,360,40,2688
102,백령도,2019-04-07 09:00,10.5,,3.6,70,30,2887
102,백령도,2019-04-07 10:00,11.9,,3.9,70,23,2699
102,백령도,2019-04-07 11:00,12.3,,2,90,24,2873
102,백령도,2019-04-07 12:00,13,,2.6,340,19,3414
102,백령도,2019-04-07 13:00,12.1,,3.9,340,28,3347
102,백령도,2019-04-07 14:00,11.9,,4.9,340,24,3406
102,백령도,2019-04-07 15:00,11.8,,4.6,340,28,3473
102,백령도,2019-04-07 16:00,10.4,,4.6,340,30,3528
102,백령도,2019-04-07 17:00,10.5,,4.6,320,28,3762
102,백령도,2019-04-07 18:00,8,,5.3,320,41,3516
102,백령도,2019-04-07 19:00,6.7,,4.8,320,55,3399
102,백령도,2019-04-07 20:00,6.2,,4,320,50,3783
102,백령도,2019-04-07 21:00,5.5,,2.8,290,49,3805
102,백령도,2019-04-07 22:00,5.6,,2.8,290,54,3745
102,백령도,2019-04-07 23:00,5.7,,2.7,320,52,3719
102,백령도,2019-04-08 00:00,6.5,,3.4,290,47,3701
102,백령도,2019-04-08 01:00,6.4,,3.9,320,53,3672
102,백령도,2019-04-08 02:00,6.3,,3.1,290,56,3825
102,백령도,2019-04-08 03:00,6.1,,1.9,320,49,3829
102,백령도,2019-04-08 04:00,6.7,,3.2,320,44,3775
102,백령도,2019-04-08 05:00,6,,3.3,320,48,3921
102,백령도,2019-04-08 06:00,5.9,,3.4,320,72,3675
102,백령도,2019-04-08 07:00,6.3,,2.9,340,68,3262
102,백령도,2019-04-08 08:00,7.7,,5,340,53,3118
102,백령도,2019-04-08 09:00,8.4,,4.9,340,49,3173
102,백령도,2019-04-08 10:00,9.3,,5.5,340,44,3253
102,백령도,2019-04-08 11:00,9.4,,5.9,340,45,3342
102,백령도,2019-04-08 12:00,9.5,,7,340,44,3233
102,백령도,2019-04-08 13:00,10.1,,4.1,340,49,3268
102,백령도,2019-04-08 14:00,9.1,,5.9,340,48,2919
102,백령도,2019-04-08 15:00,8.5,,6.1,340,56,2786
102,백령도,2019-04-08 16:00,8.5,,4.9,320,57,2753
102,백령도,2019-04-08 17:00,7.5,,4.4,320,61,2770
102,백령도,2019-04-08 18:00,7.4,,3.7,320,53,3189
102,백령도,2019-04-08 19:00,7.3,,4.1,340,47,3514
102,백령도,2019-04-08 20:00,7,,3.2,320,52,3586
102,백령도,2019-04-08 21:00,5.8,,3.1,290,60,3671
102,백령도,2019-04-08 22:00,6.2,,3.3,320,67,3728
102,백령도,2019-04-08 23:00,6.5,,2.7,290,65,3851
102,백령도,2019-04-09 00:00,6.7,,2.5,320,59,3746
102,백령도,2019-04-09 01:00,7.4,,1.1,320,50,3713
102,백령도,2019-04-09 02:00,7.5,,1.9,340,47,3563
102,백령도,2019-04-09 03:00,8.3,,2.3,360,34,3525
102,백령도,2019-04-09 04:00,7.9,,2.7,360,38,3375
102,백령도,2019-04-09 05:00,7,,1.8,90,57,3448
102,백령도,2019-04-09 06:00,6.9,,2.1,90,59,3262
102,백령도,2019-04-09 07:00,7.3,,3.1,110,61,3219
102,백령도,2019-04-09 08:00,7.6,,3.1,90,58,2904
102,백령도,2019-04-09 09:00,8.8,,3.1,90,48,2601
102,백령도,2019-04-09 10:00,8.7,,3.8,90,50,2742
102,백령도,2019-04-09 11:00,9.4,,4.5,90,45,2622
102,백령도,2019-04-09 12:00,9.1,0,3,90,51,2657
102,백령도,2019-04-09 13:00,8.3,.1,6.2,70,62,1567
102,백령도,2019-04-09 14:00,8,.7,1.6,90,77,1480
102,백령도,2019-04-09 15:00,6.9,1.4,2.7,50,84,1651
102,백령도,2019-04-09 16:00,6.5,1.2,3.3,70,88,1172
102,백령도,2019-04-09 17:00,6.4,1.9,5.9,90,89,953
102,백령도,2019-04-09 18:00,6,2.1,4.3,70,94,845
102,백령도,2019-04-09 19:00,5.7,3.1,4.7,70,95,920
102,백령도,2019-04-09 20:00,5.5,2,3.8,90,96,1096
102,백령도,2019-04-09 21:00,5.4,.8,3.7,70,96,1302
102,백령도,2019-04-09 22:00,5.7,.4,3.7,50,98,1548
102,백령도,2019-04-09 23:00,5.8,.8,4.1,50,98,1243
102,백령도,2019-04-10 00:00,5.6,.2,5.1,50,95,2888
102,백령도,2019-04-10 01:00,5.6,0,5.4,50,91,4143
102,백령도,2019-04-10 02:00,5.6,,6.1,50,91,4228
102,백령도,2019-04-10 03:00,5.8,,3.8,50,88,4891
102,백령도,2019-04-10 04:00,6.1,,1.8,20,85,4926
102,백령도,2019-04-10 05:00,6.2,,.8,320,86,4832
102,백령도,2019-04-10 06:00,6.1,,2.3,50,87,4337
102,백령도,2019-04-10 07:00,6.3,,2.3,320,88,4749
102,백령도,2019-04-10 08:00,6.5,0,2.2,360,85,2321
102,백령도,2019-04-10 09:00,6.6,0,2.7,340,85,4535
102,백령도,2019-04-10 10:00,7.1,.1,5.7,360,84,3457
102,백령도,2019-04-10 11:00,8.1,,5.4,340,78,3480
102,백령도,2019-04-10 12:00,9.1,,6.5,340,68,3956
102,백령도,2019-04-10 13:00,9.6,,5.6,340,69,4052
102,백령도,2019-04-10 14:00,10.3,,4.5,340,68,3930
102,백령도,2019-04-10 15:00,9.1,,6.2,290,75,3789
102,백령도,2019-04-10 16:00,8.5,,6,290,78,3546
102,백령도,2019-04-10 17:00,8.3,,5.1,320,75,2645
102,백령도,2019-04-10 18:00,7.9,,4.3,290,80,2406
102,백령도,2019-04-10 19:00,6.8,,2.6,290,78,3434
102,백령도,2019-04-10 20:00,5.8,,3.3,290,78,4148
102,백령도,2019-04-10 21:00,6.5,,2.2,270,65,4109
102,백령도,2019-04-10 22:00,5.8,,.5,230,77,2394
102,백령도,2019-04-10 23:00,6.6,,.7,180,76,2224
102,백령도,2019-04-11 00:00,5.1,,1.8,200,85,1498
102,백령도,2019-04-11 01:00,5,,2.5,180,91,758
102,백령도,2019-04-11 02:00,5.2,,1.1,230,89,1437
102,백령도,2019-04-11 03:00,5.3,,.9,340,94,1326
102,백령도,2019-04-11 04:00,5.4,,0,0,91,1732
102,백령도,2019-04-11 05:00,4.9,,.2,0,97,691
102,백령도,2019-04-11 06:00,4.8,,.7,70,99,617
102,백령도,2019-04-11 07:00,4.7,,1.8,90,99,257
102,백령도,2019-04-11 08:00,6.2,,1.9,90,99,1418
102,백령도,2019-04-11 09:00,7.1,,1.4,90,88,1931
102,백령도,2019-04-11 10:00,9.4,,1.9,90,74,2257
102,백령도,2019-04-11 11:00,10.8,,2.1,90,48,2541
102,백령도,2019-04-11 12:00,12.2,,1.3,320,51,2785
102,백령도,2019-04-11 13:00,13.4,,1.2,250,50,2459
102,백령도,2019-04-11 14:00,14.1,,1.9,320,41,2962
102,백령도,2019-04-11 15:00,13.2,,3.2,290,40,2717
102,백령도,2019-04-11 16:00,13,,3,290,36,2960
102,백령도,2019-04-11 17:00,11.6,,3.6,290,44,2734
102,백령도,2019-04-11 18:00,11,,2.5,290,45,2987
102,백령도,2019-04-11 19:00,9.3,,2.1,290,63,2910
102,백령도,2019-04-11 20:00,7.5,,2.4,290,70,2859
102,백령도,2019-04-11 21:00,6.8,,2.8,290,83,2145
102,백령도,2019-04-11 22:00,6.6,,2.7,320,75,3035
102,백령도,2019-04-11 23:00,6.6,,2.9,290,72,3068
102,백령도,2019-04-12 00:00,7.5,,3.4,290,44,3500
102,백령도,2019-04-12 01:00,8,,4.7,290,53,2745
102,백령도,2019-04-12 02:00,8.6,,4.6,270,46,2900
102,백령도,2019-04-12 03:00,7.6,,4.9,290,63,2653
102,백령도,2019-04-12 04:00,7.2,,4.2,290,65,2469
102,백령도,2019-04-12 05:00,6.7,,3.7,290,72,2049
102,백령도,2019-04-12 06:00,7,,3.9,290,69,1575
102,백령도,2019-04-12 07:00,7.6,,3.8,290,68,1357
102,백령도,2019-04-12 08:00,9,,3.6,290,62,1393
102,백령도,2019-04-12 09:00,10.2,,4.2,290,50,1651
102,백령도,2019-04-12 10:00,11,,3.9,290,46,1695
102,백령도,2019-04-12 11:00,11.9,,3.9,290,46,1609
102,백령도,2019-04-12 12:00,12.5,,4.5,290,40,1819
102,백령도,2019-04-12 13:00,12.3,,5.7,290,40,1859
102,백령도,2019-04-12 14:00,12.6,,4.9,290,40,1673
102,백령도,2019-04-12 15:00,12.9,,4.7,290,42,1609
102,백령도,2019-04-12 16:00,11.4,,4.6,290,54,937
102,백령도,2019-04-12 17:00,11.1,,3.7,320,54,1047
102,백령도,2019-04-12 18:00,10.9,,2.5,250,55,1086
102,백령도,2019-04-12 19:00,9.1,,1.7,180,80,489
102,백령도,2019-04-12 20:00,7.5,,2.2,200,90,274
102,백령도,2019-04-12 21:00,7.6,,3.6,200,89,404
102,백령도,2019-04-12 22:00,8.5,,3.5,200,67,1013
102,백령도,2019-04-12 23:00,7.9,,3.3,200,85,709
102,백령도,2019-04-13 00:00,8.5,,3.8,230,82,651
102,백령도,2019-04-13 01:00,8.7,,4.1,230,79,695
102,백령도,2019-04-13 02:00,8.7,,4.6,230,79,661
102,백령도,2019-04-13 03:00,8.3,,3.1,230,82,553
102,백령도,2019-04-13 04:00,7.4,,1.6,180,91,271
102,백령도,2019-04-13 05:00,6.9,,1.6,160,94,238
102,백령도,2019-04-13 06:00,6.5,,2.1,160,96,183
102,백령도,2019-04-13 07:00,6.9,,2.6,160,98,151
102,백령도,2019-04-13 08:00,7.6,,2.2,160,99,183
102,백령도,2019-04-13 09:00,8.3,,3,160,94,359
102,백령도,2019-04-13 10:00,7.1,,5.2,160,98,112
102,백령도,2019-04-13 11:00,6.8,,5.8,140,98,124
102,백령도,2019-04-13 12:00,7.9,,5.3,160,93,678
102,백령도,2019-04-13 13:00,8.6,,5.6,180,86,1079
102,백령도,2019-04-13 14:00,9.6,,4.8,160,79,1426
102,백령도,2019-04-13 15:00,10.7,,4.5,180,66,2099
102,백령도,2019-04-13 16:00,11,,4.6,180,57,2576
102,백령도,2019-04-13 17:00,10.5,,4.6,160,58,2691
102,백령도,2019-04-13 18:00,9.9,,5,180,58,2804
102,백령도,2019-04-13 19:00,9.7,,3,200,57,1033
102,백령도,2019-04-13 20:00,9.4,,4.6,180,58,1683
102,백령도,2019-04-13 21:00,9.6,,4.8,180,57,2858
102,백령도,2019-04-13 22:00,9,,3.7,180,67,2791
102,백령도,2019-04-13 23:00,8.8,,3,180,69,2920
102,백령도,2019-04-14 00:00,9.4,,2,180,65,2809
102,백령도,2019-04-14 01:00,9.4,,5.5,230,70,2805
102,백령도,2019-04-14 02:00,9.3,0,4,230,72,2888
102,백령도,2019-04-14 03:00,7.5,2.1,5.8,250,92,584
102,백령도,2019-04-14 04:00,7.9,2.7,5.6,230,94,427
102,백령도,2019-04-14 05:00,6.4,1,6.1,250,92,1163
102,백령도,2019-04-14 06:00,6.5,.4,4.5,200,96,1013
102,백령도,2019-04-14 07:00,7.1,0,4.4,250,97,1165
102,백령도,2019-04-14 08:00,7.9,,3.5,290,97,1137
102,백령도,2019-04-14 09:00,7.6,,5.2,320,98,1085
102,백령도,2019-04-14 10:00,8.5,,3.8,320,94,2024
102,백령도,2019-04-14 11:00,8,,3.9,320,94,1689
102,백령도,2019-04-14 12:00,9.2,,5.8,290,91,1341
102,백령도,2019-04-14 13:00,7.7,,6.8,320,97,401
102,백령도,2019-04-14 14:00,9,,7.2,290,90,541
102,백령도,2019-04-14 15:00,9.7,,7.1,320,79,777
102,백령도,2019-04-14 16:00,10.3,,7.4,320,62,1484
102,백령도,2019-04-14 17:00,9.3,,6.5,320,64,1950
102,백령도,2019-04-14 18:00,8.3,,7.2,320,73,2207
102,백령도,2019-04-14 19:00,7.8,,6.4,320,65,3061
102,백령도,2019-04-14 20:00,7,,4.2,320,72,3120
102,백령도,2019-04-14 21:00,7.8,,5.5,320,60,3429
102,백령도,2019-04-14 22:00,6.9,,3.8,290,71,3506
102,백령도,2019-04-14 23:00,7,,3.7,290,68,3901
102,백령도,2019-04-15 00:00,7.3,,4.4,290,68,3692
102,백령도,2019-04-15 01:00,7,,3.9,290,74,3106
102,백령도,2019-04-15 02:00,6.9,,2.8,320,67,3055
102,백령도,2019-04-15 03:00,7.7,,3.4,290,53,2855
102,백령도,2019-04-15 04:00,8.5,,1.8,290,35,2674
102,백령도,2019-04-15 05:00,7.5,,1.1,270,56,2509
102,백령도,2019-04-15 06:00,7.5,,1.4,200,57,2384
102,백령도,2019-04-15 07:00,7.1,,1.2,160,61,2383
102,백령도,2019-04-15 08:00,8.8,,1.5,160,60,2331
102,백령도,2019-04-15 09:00,10.8,,2.5,180,61,2173
102,백령도,2019-04-15 10:00,11.9,,4.4,180,57,2538
102,백령도,2019-04-15 11:00,14.1,,3.9,180,48,2775
102,백령도,2019-04-15 12:00,16.5,,4.7,250,31,3098
102,백령도,2019-04-15 13:00,16.2,,5.5,230,30,2816
102,백령도,2019-04-15 14:00,15.5,,6.5,230,42,2324
102,백령도,2019-04-15 15:00,14.5,,6.7,230,48,1982
102,백령도,2019-04-15 16:00,14.6,,5.8,230,50,1845
102,백령도,2019-04-15 17:00,13.3,,5.3,200,60,1494
102,백령도,2019-04-15 18:00,11.8,,6,230,69,1248
102,백령도,2019-04-15 19:00,10.9,,8.1,230,75,1345
102,백령도,2019-04-15 20:00,10.6,,5.9,230,75,1319
102,백령도,2019-04-15 21:00,9.5,,4.5,200,83,960
102,백령도,2019-04-15 22:00,9.3,,2.9,180,84,1019
102,백령도,2019-04-15 23:00,9.6,,3.6,160,83,1033
102,백령도,2019-04-16 00:00,9.6,,4.3,180,79,1205
102,백령도,2019-04-16 01:00,9.7,,4,200,74,1577
102,백령도,2019-04-16 02:00,10.1,,4.8,180,66,2196
102,백령도,2019-04-16 03:00,9.9,,3.9,180,65,2343
102,백령도,2019-04-16 04:00,8.8,,3.4,180,75,2221
102,백령도,2019-04-16 05:00,7.8,,4.1,160,86,1782
102,백령도,2019-04-16 06:00,7.5,,3.1,180,87,1506
102,백령도,2019-04-16 07:00,8,,2.8,140,87,1414
102,백령도,2019-04-16 08:00,8.9,,3.8,140,83,1574
102,백령도,2019-04-16 09:00,9.8,,5.3,140,81,1556
102,백령도,2019-04-16 10:00,9.7,,6.6,140,81,1372
102,백령도,2019-04-16 11:00,11,,6.2,140,73,1565
102,백령도,2019-04-16 12:00,11.4,,6.2,140,71,1599
102,백령도,2019-04-16 13:00,11.1,,5.5,140,67,1714
102,백령도,2019-04-16 14:00,10.7,,4.7,160,70,1688
102,백령도,2019-04-16 15:00,10.8,,5.6,160,67,1871
102,백령도,2019-04-16 16:00,10.5,,4.4,140,71,1688
102,백령도,2019-04-16 17:00,10.4,,4.5,140,68,1612
102,백령도,2019-04-16 18:00,9.9,,3.9,140,62,1875
102,백령도,2019-04-16 19:00,9.6,,2.8,160,57,2179
102,백령도,2019-04-16 20:00,9.6,,3.5,160,49,2412
102,백령도,2019-04-16 21:00,10,,3.3,180,41,2497
102,백령도,2019-04-16 22:00,8.7,,3.8,180,52,2430
102,백령도,2019-04-16 23:00,9.8,,2.7,160,40,2688
102,백령도,2019-04-17 00:00,9,,2.6,110,48,2774
102,백령도,2019-04-17 01:00,7.7,,1,90,67,2734
102,백령도,2019-04-17 02:00,8.4,,1.1,140,51,2962
102,백령도,2019-04-17 03:00,8,,2,110,61,2907
102,백령도,2019-04-17 04:00,7.8,,2.1,140,61,2857
102,백령도,2019-04-17 05:00,7.9,,4.9,160,72,2511
102,백령도,2019-04-17 06:00,8.1,,4.2,180,74,2941
102,백령도,2019-04-17 07:00,8.3,,2.9,180,80,2688
102,백령도,2019-04-17 08:00,10.6,,2.5,140,74,2582
102,백령도,2019-04-17 09:00,12.3,,4.3,160,70,2809
102,백령도,2019-04-17 10:00,12.7,,6.1,160,70,3019
102,백령도,2019-04-17 11:00,13.2,,6.7,180,61,2891
102,백령도,2019-04-17 12:00,13.2,,5.9,180,61,2592
102,백령도,2019-04-17 13:00,14.7,,6.2,180,63,2681
102,백령도,2019-04-17 14:00,14.1,,6,180,65,2657
102,백령도,2019-04-17 15:00,14.3,,6.1,200,65,2983
102,백령도,2019-04-17 16:00,13.5,,6.7,200,69,2831
102,백령도,2019-04-17 17:00,13.4,,5.6,200,67,3152
102,백령도,2019-04-17 18:00,12.5,,5.4,180,73,3217
102,백령도,2019-04-17 19:00,12,,3.8,180,72,3753
102,백령도,2019-04-17 20:00,11.3,,4.3,180,76,3781
102,백령도,2019-04-17 21:00,11.8,,4.3,180,71,4583
102,백령도,2019-04-17 22:00,12.6,,5.7,200,63,3824
102,백령도,2019-04-17 23:00,12.9,,6.8,200,63,4143
102,백령도,2019-04-18 00:00,11.9,,6.2,200,74,4215
102,백령도,2019-04-18 01:00,12.8,,6.2,200,65,4605
102,백령도,2019-04-18 02:00,13.3,,7,200,59,4292
102,백령도,2019-04-18 03:00,9.7,,3.6,160,81,3532
102,백령도,2019-04-18 04:00,9.2,,3.3,160,92,2526
102,백령도,2019-04-18 05:00,8.8,,4.3,160,94,1912
102,백령도,2019-04-18 06:00,9.6,,4,160,94,2252
102,백령도,2019-04-18 07:00,10.3,,6.1,180,91,2396
102,백령도,2019-04-18 08:00,10.6,,2.3,200,92,2219
102,백령도,2019-04-18 09:00,11.1,,3.1,180,93,1736
102,백령도,2019-04-18 10:00,12.2,,4.2,250,90,2026
102,백령도,2019-04-18 11:00,11.8,,3.4,290,89,1683
102,백령도,2019-04-18 12:00,11.3,,2.9,340,91,1780
102,백령도,2019-04-18 13:00,11.1,,,,84,1900
102,백령도,2019-04-18 14:00,11.9,,6.9,340,80,2088
102,백령도,2019-04-18 15:00,11.8,,6.8,340,66,1683
102,백령도,2019-04-18 16:00,11.5,,6.1,340,58,1999
102,백령도,2019-04-18 17:00,11.6,,5.6,360,55,2388
102,백령도,2019-04-18 18:00,11.1,,6.4,360,54,2741
102,백령도,2019-04-18 19:00,10.8,,6.2,340,53,3033
102,백령도,2019-04-18 20:00,9.5,,3.1,340,62,3212
102,백령도,2019-04-18 21:00,8.2,,2.8,320,71,3758
102,백령도,2019-04-18 22:00,9.4,,3,360,57,3908
102,백령도,2019-04-18 23:00,9.1,,2.4,320,61,4065
102,백령도,2019-04-19 00:00,9.1,,2.4,340,62,3717
102,백령도,2019-04-19 01:00,7.9,,3,320,73,4144
102,백령도,2019-04-19 02:00,8.8,,3.3,320,67,4012
102,백령도,2019-04-19 03:00,7.6,,3.4,340,72,4409
102,백령도,2019-04-19 04:00,8.4,,3.7,360,71,4602
102,백령도,2019-04-19 05:00,9.3,,3.6,360,60,4314
102,백령도,2019-04-19 06:00,8.1,,2.7,340,66,4542
102,백령도,2019-04-19 07:00,8.2,,3.1,290,70,4135
102,백령도,2019-04-19 08:00,9.2,,.6,140,65,3133
102,백령도,2019-04-19 09:00,9.9,,4.1,160,60,2893
102,백령도,2019-04-19 10:00,10.8,,1.6,160,62,2526
102,백령도,2019-04-19 11:00,11.3,,1.8,90,49,2482
102,백령도,2019-04-19 12:00,13,,1.7,90,49,2590
102,백령도,2019-04-19 13:00,13.4,,2,90,57,2294
102,백령도,2019-04-19 14:00,12.7,,3.4,290,58,2897
102,백령도,2019-04-19 15:00,12,,3.5,320,57,2534
102,백령도,2019-04-19 16:00,11.6,,4.5,320,47,2721
102,백령도,2019-04-19 17:00,11.5,,4.1,320,50,2563
102,백령도,2019-04-19 18:00,10.8,,4.1,320,56,2463
102,백령도,2019-04-19 19:00,9.4,,3.2,320,62,2504
102,백령도,2019-04-19 20:00,8.3,,2.7,320,68,2779
102,백령도,2019-04-19 21:00,8.8,,2.8,320,63,2754
102,백령도,2019-04-19 22:00,8.9,,2.3,320,58,2943
102,백령도,2019-04-19 23:00,8.7,,2.4,290,57,3064
102,백령도,2019-04-20 00:00,9.2,,1.4,110,57,3177
102,백령도,2019-04-20 01:00,7.9,,1.6,180,70,3094
102,백령도,2019-04-20 02:00,8.5,,0,0,65,3390
102,백령도,2019-04-20 03:00,8.8,,.9,160,66,3381
102,백령도,2019-04-20 04:00,7.4,,2,180,80,2759
102,백령도,2019-04-20 05:00,6.6,,1.8,180,83,2395
102,백령도,2019-04-20 06:00,6.8,,2,200,82,2350
102,백령도,2019-04-20 07:00,6.3,,1.5,180,92,1600
102,백령도,2019-04-20 08:00,5.7,,2.7,200,98,215
102,백령도,2019-04-20 09:00,6.6,,2.7,180,98,494
102,백령도,2019-04-20 10:00,7.9,,2.3,180,97,885
102,백령도,2019-04-20 11:00,8.3,,3.3,180,97,461
102,백령도,2019-04-20 12:00,9,,3.8,140,95,755
102,백령도,2019-04-20 13:00,9,,2.8,140,98,635
102,백령도,2019-04-20 14:00,8.6,,3.2,140,98,156
102,백령도,2019-04-20 15:00,8.6,,3.9,140,99,176
102,백령도,2019-04-20 16:00,8.7,,3.3,140,100,271
102,백령도,2019-04-20 17:00,9.1,,3.2,140,100,348
102,백령도,2019-04-20 18:00,9.2,0,1.8,110,100,84
102,백령도,2019-04-20 19:00,8.9,,1.6,140,100,40
102,백령도,2019-04-20 20:00,9.2,0,1.8,110,100,30
102,백령도,2019-04-20 21:00,9.3,0,.7,110,100,32
102,백령도,2019-04-20 22:00,9,,1.9,110,100,25
102,백령도,2019-04-20 23:00,9.4,,2.5,140,100,33
102,백령도,2019-04-21 00:00,9.4,,2.2,160,100,98
102,백령도,2019-04-21 01:00,9.4,,1.3,140,100,86
102,백령도,2019-04-21 02:00,8.2,,.3,0,100,30
102,백령도,2019-04-21 03:00,8.7,,.4,0,100,28
102,백령도,2019-04-21 04:00,8.7,,1.4,340,100,32
102,백령도,2019-04-21 05:00,9,0,2.3,340,100,44
102,백령도,2019-04-21 06:00,9.4,0,2.5,340,100,337
102,백령도,2019-04-21 07:00,8.8,0,3.2,360,100,257
102,백령도,2019-04-21 08:00,9.4,0,1.7,340,100,375
102,백령도,2019-04-21 09:00,9.6,,2.9,340,100,487
102,백령도,2019-04-21 10:00,10.2,,2.4,340,100,1242
102,백령도,2019-04-21 11:00,12.9,,2,360,80,1885
102,백령도,2019-04-21 12:00,13,,1.4,320,70,2434
102,백령도,2019-04-21 13:00,11.1,,4.2,320,78,1903
102,백령도,2019-04-21 14:00,11.7,,4.5,290,77,1595
102,백령도,2019-04-21 15:00,10.9,,5.1,320,79,1759
102,백령도,2019-04-21 16:00,10.3,,5.1,320,81,1718
102,백령도,2019-04-21 17:00,9.4,,5,320,86,1664
102,백령도,2019-04-21 18:00,8.7,,4.3,290,85,1804
102,백령도,2019-04-21 19:00,7.5,,5.1,320,93,1084
102,백령도,2019-04-21 20:00,7.3,,4.3,290,95,1030
102,백령도,2019-04-21 21:00,7.5,,2.9,320,92,1227
102,백령도,2019-04-21 22:00,7.8,,3.4,290,89,1510
102,백령도,2019-04-21 23:00,7.6,,3.6,320,90,1429
102,백령도,2019-04-22 00:00,7.1,,3.3,320,93,1028
102,백령도,2019-04-22 01:00,6.6,,2.8,290,96,690
102,백령도,2019-04-22 02:00,6.6,,2.6,290,96,854
102,백령도,2019-04-22 03:00,6.5,,2.2,320,96,844
102,백령도,2019-04-22 04:00,7,,2,290,92,1328
102,백령도,2019-04-22 05:00,7.9,,1.3,290,85,1854
102,백령도,2019-04-22 06:00,8.6,,1.5,70,77,1983
102,백령도,2019-04-22 07:00,8,,2.1,70,91,1384
102,백령도,2019-04-22 08:00,10.1,,1.8,90,87,1332
102,백령도,2019-04-22 09:00,11.2,,1.9,90,82,1357
102,백령도,2019-04-22 10:00,13.5,,3.6,110,74,1482
102,백령도,2019-04-22 11:00,14.4,,3.5,110,73,1414
102,백령도,2019-04-22 12:00,16.7,,2.9,110,61,1722
102,백령도,2019-04-22 13:00,17,,3.5,110,60,1901
102,백령도,2019-04-22 14:00,16.3,,4.3,180,59,1917
102,백령도,2019-04-22 15:00,16.5,,4,180,55,2104
102,백령도,2019-04-22 16:00,16.8,,4,180,52,1985
102,백령도,2019-04-22 17:00,16.2,,.7,290,62,2058
102,백령도,2019-04-22 18:00,12.4,,1.8,320,72,1813
102,백령도,2019-04-22 19:00,11.3,,1.1,320,76,1929
102,백령도,2019-04-22 20:00,9.9,,1.1,290,85,1431
102,백령도,2019-04-22 21:00,10.4,,0,0,79,1844
102,백령도,2019-04-22 22:00,10.2,,0,0,80,1629
102,백령도,2019-04-22 23:00,9.8,,1.2,160,86,1706
102,백령도,2019-04-23 00:00,8.7,,1.3,180,91,1337
102,백령도,2019-04-23 01:00,9.3,,.9,180,90,1394
102,백령도,2019-04-23 02:00,8.7,,.9,90,93,1373
102,백령도,2019-04-23 03:00,9.1,,1.9,110,94,1224
102,백령도,2019-04-23 04:00,9.1,,2.4,140,97,1003
102,백령도,2019-04-23 05:00,8.1,,2.4,110,95,1100
102,백령도,2019-04-23 06:00,9.6,,2.2,140,86,1718
102,백령도,2019-04-23 07:00,10.3,,2.5,110,86,1671
102,백령도,2019-04-23 08:00,11.9,,1.9,90,77,1730
102,백령도,2019-04-23 09:00,12.7,,2.1,160,66,2247
102,백령도,2019-04-23 10:00,13.6,,4.4,140,61,2279
102,백령도,2019-04-23 11:00,14,,3.9,140,60,2124
102,백령도,2019-04-23 12:00,13.9,0,1.4,110,68,1924
102,백령도,2019-04-23 13:00,15.8,0,2.3,140,61,2189
102,백령도,2019-04-23 14:00,15.7,0,1.2,90,66,1949
102,백령도,2019-04-23 15:00,17.1,0,1.6,20,67,2256
102,백령도,2019-04-23 16:00,16.2,0,1.3,340,72,2206
102,백령도,2019-04-23 17:00,16,,1.8,290,72,2304
102,백령도,2019-04-23 18:00,13.9,0,3,290,86,1872
102,백령도,2019-04-23 19:00,14.3,0,4.3,340,85,1784
102,백령도,2019-04-23 20:00,14,0,2.3,320,87,1850
102,백령도,2019-04-23 21:00,13.9,0,.8,270,88,1711
102,백령도,2019-04-23 22:00,12.9,,1.2,270,91,1532
102,백령도,2019-04-23 23:00,13.2,,1.9,290,88,1759
102,백령도,2019-04-24 00:00,12.8,,1.6,290,89,1736
102,백령도,2019-04-24 01:00,13.2,,1.1,320,88,1786
102,백령도,2019-04-24 02:00,12.9,0,1.5,290,89,1657
102,백령도,2019-04-24 03:00,12.2,0,2.1,320,92,1421
102,백령도,2019-04-24 04:00,11.7,0,1.6,290,94,1188
102,백령도,2019-04-24 05:00,11.4,,2.2,320,95,1058
102,백령도,2019-04-24 06:00,10.8,,2.5,320,94,1099
102,백령도,2019-04-24 07:00,10.7,,3.3,320,93,1194
102,백령도,2019-04-24 08:00,10.9,,4.1,320,93,1348
102,백령도,2019-04-24 09:00,11.7,,4.3,320,88,1709
102,백령도,2019-04-24 10:00,15.8,,3.6,290,77,2023
102,백령도,2019-04-24 11:00,15.8,,4.9,320,81,2016
102,백령도,2019-04-24 12:00,11.7,,6.6,290,90,572
102,백령도,2019-04-24 13:00,11,,6.1,290,91,720
102,백령도,2019-04-24 14:00,11.4,,6.1,320,90,1060
102,백령도,2019-04-24 15:00,12,,7.9,320,88,1326
102,백령도,2019-04-24 16:00,12.5,,7.7,320,87,1213
102,백령도,2019-04-24 17:00,13.7,,5,320,83,1303
102,백령도,2019-04-24 18:00,11.8,,5.4,290,89,810
102,백령도,2019-04-24 19:00,11.1,,4.9,320,92,568
102,백령도,2019-04-24 20:00,10.1,,4,290,92,598
102,백령도,2019-04-24 21:00,10.5,,3.6,290,78,1119
102,백령도,2019-04-24 22:00,10.3,,3.7,320,72,1761
102,백령도,2019-04-24 23:00,9.7,,5.2,320,76,2013
102,백령도,2019-04-25 00:00,9.9,,5.9,320,74,2399
102,백령도,2019-04-25 01:00,9.6,,3.4,320,76,2515
102,백령도,2019-04-25 02:00,8.6,,4.5,320,83,2369
102,백령도,2019-04-25 03:00,8.5,,3.6,290,81.3,2332
102,백령도,2019-04-25 04:00,8.5,,3.4,290,80,2482
102,백령도,2019-04-25 05:00,8.6,,4.7,290,79,2595
102,백령도,2019-04-25 06:00,7.9,,2.5,320,86,2357
102,백령도,2019-04-25 07:00,11.5,,1.5,90,69,2312
102,백령도,2019-04-25 08:00,12.3,,1.1,110,71,2073
102,백령도,2019-04-25 09:00,14.4,,2.7,160,72,1863
102,백령도,2019-04-25 10:00,14.6,,5,160,74,1945
102,백령도,2019-04-25 11:00,14.1,,3,250,81,1932
102,백령도,2019-04-25 12:00,7.7,.7,4.6,290,97,1011
102,백령도,2019-04-25 13:00,8.5,.4,3.9,320,97,1040
102,백령도,2019-04-25 14:00,8.7,.2,3.8,320,98,836
102,백령도,2019-04-25 15:00,6.9,.9,6.9,320,99,355
102,백령도,2019-04-25 16:00,6.7,.5,4.7,320,100,739
102,백령도,2019-04-25 17:00,6.4,0,7.2,320,100,1442
102,백령도,2019-04-25 18:00,6.2,,7.3,320,100,2085
102,백령도,2019-04-25 19:00,6.1,,7.4,320,100,1585
102,백령도,2019-04-25 20:00,6,,8.1,320,100,600
102,백령도,2019-04-25 21:00,6.2,,7.1,320,100,1305
102,백령도,2019-04-25 22:00,6.7,,4.7,320,100,868
102,백령도,2019-04-25 23:00,7,,3,360,100,27
102,백령도,2019-04-26 00:00,7.3,,4.7,360,100,1285
102,백령도,2019-04-26 01:00,7.1,,5.5,360,100,1965
102,백령도,2019-04-26 02:00,6.8,,6,340,100,1487
102,백령도,2019-04-26 03:00,6.7,,5.8,360,100,3147
102,백령도,2019-04-26 04:00,6.5,,5.7,360,98,3219
102,백령도,2019-04-26 05:00,6.5,,5.1,360,96,2931
102,백령도,2019-04-26 06:00,6.5,,4.1,360,93,2944
102,백령도,2019-04-26 07:00,6.5,,5.7,360,93,2671
102,백령도,2019-04-26 08:00,6.8,,6,360,92,2614
102,백령도,2019-04-26 09:00,7.2,,6.1,360,91,3935
102,백령도,2019-04-26 10:00,8,,5.8,340,87,3436
102,백령도,2019-04-26 11:00,8.2,,6.2,340,85,3409
102,백령도,2019-04-26 12:00,8.1,,5.9,340,82,3717
102,백령도,2019-04-26 13:00,8,,5,340,84,4476
102,백령도,2019-04-26 14:00,8.8,,6.2,340,83,3428
102,백령도,2019-04-26 15:00,9.8,,5.9,340,76,2912
102,백령도,2019-04-26 16:00,9.4,,7.7,340,76,3471
102,백령도,2019-04-26 17:00,9.1,,5.7,340,78,3430
102,백령도,2019-04-26 18:00,9.1,,3.3,320,78,3892
102,백령도,2019-04-26 19:00,8.4,,1.6,290,78,3989
102,백령도,2019-04-26 20:00,7,,3,290,85,4425
102,백령도,2019-04-26 21:00,6.8,,3.7,340,90,4356
102,백령도,2019-04-26 22:00,6.4,,3.3,290,90,3871
102,백령도,2019-04-26 23:00,5.7,,2.6,290,92,2828
102,백령도,2019-04-27 00:00,5.9,,2.7,290,88,3499
102,백령도,2019-04-27 01:00,6.5,,2.2,270,78,4110
102,백령도,2019-04-27 02:00,7.2,,1.4,290,72,4659
102,백령도,2019-04-27 03:00,7.1,,.4,0,72,4044
102,백령도,2019-04-27 04:00,7.8,,1,200,71,4507
102,백령도,2019-04-27 05:00,6.7,,1.8,180,75,3456
102,백령도,2019-04-27 06:00,6.4,,1.5,160,85,3073
102,백령도,2019-04-27 07:00,7.7,,1.1,140,84,2614
102,백령도,2019-04-27 08:00,9.5,,.6,200,77,3071
102,백령도,2019-04-27 09:00,11.2,,2.8,180,64,3379
102,백령도,2019-04-27 10:00,12,,3.9,180,56,4018
102,백령도,2019-04-27 11:00,12.3,,3.9,180,58,3524
102,백령도,2019-04-27 12:00,12.8,,3.2,230,52,4044
102,백령도,2019-04-27 13:00,12.8,,3.6,180,50,3808
102,백령도,2019-04-27 14:00,12.8,,3.7,180,50,3597
102,백령도,2019-04-27 15:00,12.1,,3.1,200,51,3693
102,백령도,2019-04-27 16:00,11.3,,2.7,230,57,3363
102,백령도,2019-04-27 17:00,11.3,,2,230,57,3729
102,백령도,2019-04-27 18:00,10.8,,1.7,200,63,3671
102,백령도,2019-04-27 19:00,9.8,,2.5,200,73,4189
102,백령도,2019-04-27 20:00,9.6,,1.8,270,79,3970
102,백령도,2019-04-27 21:00,9.8,,.7,230,79,3848
102,백령도,2019-04-27 22:00,9.9,,2.5,270,74,3481
102,백령도,2019-04-27 23:00,10.7,0,5.3,320,65,2585
102,백령도,2019-04-28 00:00,9.8,0,6.5,360,69,2537
102,백령도,2019-04-28 01:00,9,0,3.1,360,75,3576
102,백령도,2019-04-28 02:00,8.4,0,2,360,82,2978
102,백령도,2019-04-28 03:00,8.5,0,.5,320,82,3328
102,백령도,2019-04-28 04:00,8.3,0,2.1,360,84,4342
102,백령도,2019-04-28 05:00,8.7,0,1.5,50,80,4361
102,백령도,2019-04-28 06:00,8.5,,1.9,70,83,4423
102,백령도,2019-04-28 07:00,8.6,,2.1,90,89,3419
102,백령도,2019-04-28 08:00,9.1,,2.4,90,87,2788
102,백령도,2019-04-28 09:00,9.9,,2.6,110,83,2403
102,백령도,2019-04-28 10:00,11.6,,4,140,72,3122
102,백령도,2019-04-28 11:00,12,,3.7,140,71,2889
102,백령도,2019-04-28 12:00,12.6,,4.5,180,61,3221
102,백령도,2019-04-28 13:00,12.7,,4.2,180,54,3422
102,백령도,2019-04-28 14:00,12.8,,4.3,180,61,3190
102,백령도,2019-04-28 15:00,13.6,,2.4,180,51,3618
102,백령도,2019-04-28 16:00,13.1,,3.5,180,49,3568
102,백령도,2019-04-28 17:00,12.4,,3.6,180,49,3766
102,백령도,2019-04-28 18:00,11.9,,3,200,53,2862
102,백령도,2019-04-28 19:00,10.8,,1.2,200,61,1535
102,백령도,2019-04-28 20:00,9.9,,.8,270,64,4468
102,백령도,2019-04-28 21:00,8.7,,.2,0,71,2344
102,백령도,2019-04-28 22:00,8.2,,1,90,82,3687
102,백령도,2019-04-28 23:00,8.3,,1,70,81,4525
102,백령도,2019-04-29 00:00,8.6,,1.1,70,78,3964
102,백령도,2019-04-29 01:00,7.9,,1.3,90,77,4336
102,백령도,2019-04-29 02:00,7.7,,.5,90,80,3803
102,백령도,2019-04-29 03:00,7.7,,1.2,90,86,3105
102,백령도,2019-04-29 04:00,7.4,,.7,70,89,2812
102,백령도,2019-04-29 05:00,7.3,,1.8,110,85,3772
102,백령도,2019-04-29 06:00,7.8,,1.5,90,82,3791
102,백령도,2019-04-29 07:00,8.3,,2,90,80,3596
102,백령도,2019-04-29 08:00,8.7,,2.7,90,87,3230
102,백령도,2019-04-29 09:00,9.7,,2.4,110,82,3040
102,백령도,2019-04-29 10:00,11.2,,2.4,110,67,2747
102,백령도,2019-04-29 11:00,12.6,,3.2,140,60,2278
102,백령도,2019-04-29 12:00,12.4,,2.3,110,63,2310
102,백령도,2019-04-29 13:00,14.1,,1.3,70,58,2489
102,백령도,2019-04-29 14:00,14.8,,1.9,140,50,3239
102,백령도,2019-04-29 15:00,13.5,,3.1,320,59,2772
102,백령도,2019-04-29 16:00,12.9,,3.7,320,60,2658
102,백령도,2019-04-29 17:00,12.3,,4.6,320,61,2872
102,백령도,2019-04-29 18:00,11.1,,4.8,320,66,2993
102,백령도,2019-04-29 19:00,10,,4.7,340,67,3200
102,백령도,2019-04-29 20:00,9.7,,4.1,340,70,3363
102,백령도,2019-04-29 21:00,9.7,,3.5,320,67,3254
102,백령도,2019-04-29 22:00,8.9,,2.4,320,71,3626
102,백령도,2019-04-29 23:00,7.9,,1.9,290,76,3904
102,백령도,2019-04-30 00:00,8.2,,1.7,320,73,4303
102,백령도,2019-04-30 01:00,9.3,,1.6,320,65,4618
102,백령도,2019-04-30 02:00,9.7,,1.6,320,65,4558
102,백령도,2019-04-30 03:00,9.8,,.9,290,65,4583
102,백령도,2019-04-30 04:00,9.4,,1.2,290,66,4551
102,백령도,2019-04-30 05:00,8.8,,.3,0,74,4768
102,백령도,2019-04-30 06:00,7.8,,2.1,320,84,4213
102,백령도,2019-04-30 07:00,8.4,,1.3,290,82,3117
102,백령도,2019-04-30 08:00,11.9,,1.9,340,62,3491
102,백령도,2019-04-30 09:00,14.3,,1.6,360,49,4156
102,백령도,2019-04-30 10:00,14.4,,1.7,340,45,3661
102,백령도,2019-04-30 11:00,16.3,,2.7,340,32,3990
102,백령도,2019-04-30 12:00,16.4,,3,290,30,4079
102,백령도,2019-04-30 13:00,16.6,,1.8,320,38,3895
102,백령도,2019-04-30 14:00,15.4,,2.8,200,40,3884
102,백령도,2019-04-30 15:00,15.9,,4.2,180,42,3452
102,백령도,2019-04-30 16:00,15.1,,2.6,180,49,3391
102,백령도,2019-04-30 17:00,14,,2.2,180,56,3337
102,백령도,2019-04-30 18:00,13.3,,2.2,180,61,3134
102,백령도,2019-04-30 19:00,12.6,,1.3,200,60,2234
102,백령도,2019-04-30 20:00,11.9,,1,250,67,3330
102,백령도,2019-04-30 21:00,10.9,,1.7,200,76,3069
102,백령도,2019-04-30 22:00,11,,1.9,230,85,3089
102,백령도,2019-04-30 23:00,10.3,,.6,180,88,2288
102,백령도,2019-05-01 00:00,8.9,,.3,0,93,1784
102,백령도,2019-05-01 01:00,10.3,,1.9,270,89,2004
102,백령도,2019-05-01 02:00,10.2,,.4,0,95,1096
102,백령도,2019-05-01 03:00,9.8,,1.9,320,96,681
102,백령도,2019-05-01 04:00,9.7,,2.7,320,98,570
102,백령도,2019-05-01 05:00,9.1,,1.8,320,99,252
102,백령도,2019-05-01 06:00,8.8,,3,320,100,44
102,백령도,2019-05-01 07:00,8.4,,2,340,100,22
102,백령도,2019-05-01 08:00,8.5,,3.8,320,100,71
102,백령도,2019-05-01 09:00,10,,5,320,100,1434
102,백령도,2019-05-01 10:00,12.4,,3.8,290,80,1895
102,백령도,2019-05-01 11:00,13.6,,4.3,290,74,1606
102,백령도,2019-05-01 12:00,12.9,,5.5,320,76,1717
102,백령도,2019-05-01 13:00,12.3,,6.8,320,81,1259
102,백령도,2019-05-01 14:00,13.1,,5.8,320,76,1095
102,백령도,2019-05-01 15:00,13.8,,5.8,320,66,1210
102,백령도,2019-05-01 16:00,14.5,,6,320,55,1464
102,백령도,2019-05-01 17:00,14.1,,5.9,320,54,1414
102,백령도,2019-05-01 18:00,13.6,,6.7,320,47,1390
102,백령도,2019-05-01 19:00,11.9,,6.1,290,59,1265
102,백령도,2019-05-01 20:00,10.7,,6.3,290,69,1338
102,백령도,2019-05-01 21:00,10.3,,4.1,320,76,1450
102,백령도,2019-05-01 22:00,11.7,,6.1,320,62,1983
102,백령도,2019-05-01 23:00,13,,6.9,340,48,2401
102,백령도,2019-05-02 00:00,12.8,,5.1,340,49,2754
102,백령도,2019-05-02 01:00,12.9,,5.7,340,48,2852
102,백령도,2019-05-02 02:00,12.8,,4.7,340,47,2922
102,백령도,2019-05-02 03:00,11.5,,3.6,320,55,2740
102,백령도,2019-05-02 04:00,10.8,,4.7,320,63,2999
102,백령도,2019-05-02 05:00,9.9,,3.5,320,69,2826
102,백령도,2019-05-02 06:00,10.2,,3.9,290,62,2831
102,백령도,2019-05-02 07:00,12.4,,1.9,320,51,2479
102,백령도,2019-05-02 08:00,16,,1.8,360,32,2881
102,백령도,2019-05-02 09:00,18.7,,1.9,340,21,3221
102,백령도,2019-05-02 10:00,19.6,,1.7,230,19,3330
102,백령도,2019-05-02 11:00,19.7,,3.5,320,17,3578
102,백령도,2019-05-02 12:00,20.3,,4.4,270,19,3016
102,백령도,2019-05-02 13:00,20.2,,4.4,230,20,2959
102,백령도,2019-05-02 14:00,20.4,,5.2,230,17,3452
102,백령도,2019-05-02 15:00,19.7,,4.9,200,19,2810
102,백령도,2019-05-02 16:00,18.4,,4.6,230,31,2326
102,백령도,2019-05-02 17:00,17,,3.9,250,43,1986
102,백령도,2019-05-02 18:00,16.4,,2.5,270,49,1177
102,백령도,2019-05-02 19:00,13.7,,1.6,320,63,1580
102,백령도,2019-05-02 20:00,11.9,,1.4,250,74,1319
102,백령도,2019-05-02 21:00,11.1,,1.1,250,80,1243
102,백령도,2019-05-02 22:00,10.9,,0,0,81,1226
102,백령도,2019-05-02 23:00,11.2,,.6,270,79,1194
102,백령도,2019-05-03 00:00,10.2,,2.1,110,83,1068
102,백령도,2019-05-03 01:00,8.8,,2,90,94,661
102,백령도,2019-05-03 02:00,9.4,,1.9,110,91,724
102,백령도,2019-05-03 03:00,9.2,,1.7,110,91,775
102,백령도,2019-05-03 04:00,8.2,,1.5,230,96,390
102,백령도,2019-05-03 05:00,8.6,,1.6,180,94,492
102,백령도,2019-05-03 06:00,8.6,,2.5,110,95,540
102,백령도,2019-05-03 07:00,10.5,,2.8,110,90,1103
102,백령도,2019-05-03 08:00,12,,3.4,140,86,1474
102,백령도,2019-05-03 09:00,12.3,,4.2,110,84,1410
102,백령도,2019-05-03 10:00,14.1,,4.2,140,75,1508
102,백령도,2019-05-03 11:00,14.6,,3.7,180,69,1556
102,백령도,2019-05-03 12:00,15.2,,3.3,180,67,1619
102,백령도,2019-05-03 13:00,15.4,,3.8,180,63,1529
102,백령도,2019-05-03 14:00,19.4,,3.1,340,47,1539
102,백령도,2019-05-03 15:00,18.6,,4.2,320,49,1321
102,백령도,2019-05-03 16:00,18.6,,4.8,320,43,1332
102,백령도,2019-05-03 17:00,18.9,,4.2,320,42,1449
102,백령도,2019-05-03 18:00,16.9,,4.7,290,52,1453
102,백령도,2019-05-03 19:00,14.8,,3.2,290,63,1192
102,백령도,2019-05-03 20:00,14.5,,3.5,290,58,1564
102,백령도,2019-05-03 21:00,15.4,,3.5,290,49,1875
102,백령도,2019-05-03 22:00,15.7,,1.9,290,44,2094
102,백령도,2019-05-03 23:00,14.3,,1.9,270,55,1937
102,백령도,2019-05-04 00:00,14.7,,2.6,270,53,1798
102,백령도,2019-05-04 01:00,15,,.6,230,52,1800
102,백령도,2019-05-04 02:00,14.3,,1.2,270,53,1552
102,백령도,2019-05-04 03:00,10.3,,3.2,90,84,790
102,백령도,2019-05-04 04:00,10.6,,2.8,90,84,779
102,백령도,2019-05-04 05:00,10.4,,2.8,110,86,760
102,백령도,2019-05-04 06:00,10.3,,1.8,160,88,711
102,백령도,2019-05-04 07:00,11.4,,2.5,180,84,794
102,백령도,2019-05-04 08:00,13.3,,2.5,180,73,1083
102,백령도,2019-05-04 09:00,14.6,,3.5,180,72,1087
102,백령도,2019-05-04 10:00,15.2,,3.1,180,73,980
102,백령도,2019-05-04 11:00,16.4,,2.8,180,62,1208
102,백령도,2019-05-04 12:00,17.5,,2.2,180,60,1180
102,백령도,2019-05-04 13:00,19.7,,3.3,180,44,1429
102,백령도,2019-05-04 14:00,21.8,,2,180,44,1509
102,백령도,2019-05-04 15:00,22,,.9,90,42,1518
102,백령도,2019-05-04 16:00,20.5,,1.9,110,42,1487
102,백령도,2019-05-04 17:00,20.2,,3.2,180,35,2025
102,백령도,2019-05-04 18:00,18.2,,2,180,51,1776
102,백령도,2019-05-04 19:00,17.1,,1.2,230,47,1985
102,백령도,2019-05-04 20:00,15.2,,0,0,55,1300
102,백령도,2019-05-04 21:00,14.8,,.8,340,55,2011
102,백령도,2019-05-04 22:00,15,,0,0,47,1922
102,백령도,2019-05-04 23:00,16.6,,0,0,32,2528
102,백령도,2019-05-05 00:00,15.3,,0,0,46,2051
102,백령도,2019-05-05 01:00,14,,.8,200,45,2410
102,백령도,2019-05-05 02:00,13.1,,.2,0,50,2297
102,백령도,2019-05-05 03:00,12.5,,1.7,180,60,1796
102,백령도,2019-05-05 04:00,12.2,,.5,160,60,1644
102,백령도,2019-05-05 05:00,11.1,,1.4,110,84,820
102,백령도,2019-05-05 06:00,11.3,,2,90,86,891
102,백령도,2019-05-05 07:00,13,,1,160,63,1480
102,백령도,2019-05-05 08:00,15.2,,1.7,160,54,1591
102,백령도,2019-05-05 09:00,18.5,,1.7,180,46,1763
102,백령도,2019-05-05 10:00,20.8,,3.1,290,27,2057
102,백령도,2019-05-05 11:00,21.6,,3.7,270,23,2164
102,백령도,2019-05-05 12:00,19.1,,6.2,290,29,1883
102,백령도,2019-05-05 13:00,18.1,,6.9,290,41,1739
102,백령도,2019-05-05 14:00,15.4,,7.4,290,59,1397
102,백령도,2019-05-05 15:00,14.2,,5.8,320,66,1499
102,백령도,2019-05-05 16:00,12.8,,9.1,340,67,2092
102,백령도,2019-05-05 17:00,11.5,,8.8,340,74,1986
102,백령도,2019-05-05 18:00,10.5,,8.3,360,80,2575
102,백령도,2019-05-05 19:00,10.2,,7.9,340,81,2313
102,백령도,2019-05-05 20:00,10.9,,8.2,340,76,2870
102,백령도,2019-05-05 21:00,11.2,0,10.8,360,58,2520
102,백령도,2019-05-05 22:00,11.6,,11,360,46,2652
102,백령도,2019-05-05 23:00,11,,10,360,48,2719
102,백령도,2019-05-06 00:00,11,,10.8,360,44,2938
102,백령도,2019-05-06 01:00,10.7,,8.5,360,44,3098
102,백령도,2019-05-06 02:00,10.4,,6,340,46,3124
102,백령도,2019-05-06 03:00,9.8,,6.4,360,53,3100
102,백령도,2019-05-06 04:00,9.5,,6.5,360,53,3133
102,백령도,2019-05-06 05:00,8.7,,5.9,340,65,3718
102,백령도,2019-05-06 06:00,8.4,,4.4,340,70,3640
102,백령도,2019-05-06 07:00,9.4,,3.1,340,60,2942
102,백령도,2019-05-06 08:00,10.3,,4.8,360,54,3049
102,백령도,2019-05-06 09:00,10.5,,6.7,340,59,2917
102,백령도,2019-05-06 10:00,11.7,,5.4,340,48,2977
102,백령도,2019-05-06 11:00,12.8,,5.3,340,34,3006
102,백령도,2019-05-06 12:00,12.9,,3.8,320,38,2955
102,백령도,2019-05-06 13:00,12.4,,5.1,290,52,2630
102,백령도,2019-05-06 14:00,12.6,,5.8,290,60,2233
102,백령도,2019-05-06 15:00,12.2,,5.6,320,51,2129
102,백령도,2019-05-06 16:00,12.5,,4.8,290,60,2055
102,백령도,2019-05-06 17:00,12.2,,4.4,290,54,2108
102,백령도,2019-05-06 18:00,12.4,,3.1,290,48,2160
102,백령도,2019-05-06 19:00,10.9,,2.9,290,58,2245
102,백령도,2019-05-06 20:00,10.7,,1.4,290,42,2426
102,백령도,2019-05-06 21:00,10.4,,2,270,53,2463
102,백령도,2019-05-06 22:00,10.2,,2.1,270,67,2121
102,백령도,2019-05-06 23:00,9.9,,3.2,290,74,1982
102,백령도,2019-05-07 00:00,9.9,,3.4,290,71,2139
102,백령도,2019-05-07 01:00,9.9,,3.8,290,70,2520
102,백령도,2019-05-07 02:00,9.5,,3.7,290,74,3005
102,백령도,2019-05-07 03:00,9.2,,3.8,290,78,3062
102,백령도,2019-05-07 04:00,9.2,,3.1,290,77,2892
102,백령도,2019-05-07 05:00,9.5,,1.6,270,70,3268
102,백령도,2019-05-07 06:00,9.4,,1.3,290,69,3212
102,백령도,2019-05-07 07:00,9.8,,.5,230,76,2135
102,백령도,2019-05-07 08:00,12.7,,1.5,160,65,2260
102,백령도,2019-05-07 09:00,16.8,,3.4,270,34,2751
102,백령도,2019-05-07 10:00,18,,6.4,270,25,2497
102,백령도,2019-05-07 11:00,18.4,,6.4,270,28,2534
102,백령도,2019-05-07 12:00,18.4,,9,270,27,2323
102,백령도,2019-05-07 13:00,18.3,,8.8,270,28,2248
102,백령도,2019-05-07 14:00,18.5,,7.6,290,30,2056
102,백령도,2019-05-07 15:00,18,,5.8,270,34,2035
102,백령도,2019-05-07 16:00,17,,6.9,250,38,1935
102,백령도,2019-05-07 17:00,16,,7.2,250,45,1950
102,백령도,2019-05-07 18:00,16.4,,6.2,250,38,1889
102,백령도,2019-05-07 19:00,14.8,,5.9,250,44,2023
102,백령도,2019-05-07 20:00,13.7,,4.5,250,51,1992
102,백령도,2019-05-07 21:00,13.6,,6.7,250,49,2254
102,백령도,2019-05-07 22:00,13.6,,7.8,250,51,2434
102,백령도,2019-05-07 23:00,13.7,,7.9,250,51,2429
102,백령도,2019-05-08 00:00,13.4,,8.6,250,53,2357
102,백령도,2019-05-08 01:00,13.6,,5.6,250,52,2392
102,백령도,2019-05-08 02:00,12.3,,2.5,250,62,2755
102,백령도,2019-05-08 03:00,12.5,,4.3,230,63,2502
102,백령도,2019-05-08 04:00,11.4,,1.2,90,66,2543
102,백령도,2019-05-08 05:00,12.3,,4.7,250,67,2594
102,백령도,2019-05-08 06:00,11.1,,2,250,75,2426
102,백령도,2019-05-08 07:00,12.5,,1.9,250,72,2117
102,백령도,2019-05-08 08:00,14.7,,3.9,250,60,1909
102,백령도,2019-05-08 09:00,16.3,,2.3,290,55,1965
102,백령도,2019-05-08 10:00,16.4,,1.9,340,52,1889
102,백령도,2019-05-08 11:00,18.1,,3.2,290,43,1651
102,백령도,2019-05-08 12:00,18.9,,2.8,290,43,1548
102,백령도,2019-05-08 13:00,18.7,,2.7,250,42,1452
102,백령도,2019-05-08 14:00,17.2,,4.2,270,48,1462
102,백령도,2019-05-08 15:00,18.7,,3.1,250,46,1463
102,백령도,2019-05-08 16:00,17.9,,3.7,230,47,1430
102,백령도,2019-05-08 17:00,17.4,,3.7,250,47,1551
102,백령도,2019-05-08 18:00,16.7,,1.8,230,53,1555
102,백령도,2019-05-08 19:00,14.5,,1.6,250,66,1541
102,백령도,2019-05-08 20:00,14.2,,6,230,61,1838
102,백령도,2019-05-08 21:00,14.5,,7.3,250,53,1919
102,백령도,2019-05-08 22:00,14.1,,6.8,230,55,1985
102,백령도,2019-05-08 23:00,14.2,,7.9,230,52,2161
102,백령도,2019-05-09 00:00,14.8,,8.5,250,31,2534
102,백령도,2019-05-09 01:00,13.8,,9.4,250,44,2426
102,백령도,2019-05-09 02:00,13.5,,7.5,250,47,2523
102,백령도,2019-05-09 03:00,13.6,,7.1,250,41,2629
102,백령도,2019-05-09 04:00,13.4,,6.2,250,41,2559
102,백령도,2019-05-09 05:00,13.2,,5,250,42,2501
102,백령도,2019-05-09 06:00,13.2,,7.2,250,45,2580
102,백령도,2019-05-09 07:00,13.5,,7.9,250,48,2534
102,백령도,2019-05-09 08:00,14.6,,7.5,250,42,2595
102,백령도,2019-05-09 09:00,15.3,,5.2,270,44,2615
102,백령도,2019-05-09 10:00,15.9,,5.7,250,43,2704
102,백령도,2019-05-09 11:00,17.7,,2.2,250,46,2458
102,백령도,2019-05-09 12:00,15.9,,2.5,90,52,2570
102,백령도,2019-05-09 13:00,17.4,,2.9,90,48,2592
102,백령도,2019-05-09 14:00,18.5,,1.8,360,48,2214
102,백령도,2019-05-09 15:00,19.2,,3,290,40,1416
102,백령도,2019-05-09 16:00,18.8,,2.1,70,50,1916
102,백령도,2019-05-09 17:00,16.5,,4.2,230,64,1853
102,백령도,2019-05-09 18:00,14.7,,3.5,200,76,1185
102,백령도,2019-05-09 19:00,13.5,,1.3,200,82,1817
102,백령도,2019-05-09 20:00,12,,.3,0,90,1541
102,백령도,2019-05-09 21:00,11.3,,1.6,180,95,689
102,백령도,2019-05-09 22:00,11,,.3,0,98,531
102,백령도,2019-05-09 23:00,11,,1.2,200,99,445
102,백령도,2019-05-10 00:00,11.2,,1.8,230,100,439
102,백령도,2019-05-10 01:00,11.2,,.8,180,99,323
102,백령도,2019-05-10 02:00,11,,1.4,140,100,372
102,백령도,2019-05-10 03:00,9.1,,2.4,110,100,21
102,백령도,2019-05-10 04:00,9.7,,2.7,110,100,21
102,백령도,2019-05-10 05:00,10,,2.7,110,100,24
102,백령도,2019-05-10 06:00,10,,2.9,110,100,28
102,백령도,2019-05-10 07:00,9.8,,3,110,100,27
102,백령도,2019-05-10 08:00,9.6,,3.3,140,100,41
102,백령도,2019-05-10 09:00,10.1,,3.1,140,100,75
102,백령도,2019-05-10 10:00,9.7,,4.4,160,100,158
102,백령도,2019-05-10 11:00,10.5,,4.6,160,100,225
102,백령도,2019-05-10 12:00,11.6,,3.8,160,99,653
102,백령도,2019-05-10 13:00,11.9,,2.9,180,89,1685
102,백령도,2019-05-10 14:00,14.8,,2.5,180,81,2099
102,백령도,2019-05-10 15:00,14.8,,2.4,200,76,2117
102,백령도,2019-05-10 16:00,16.3,,2.2,180,71,2635
102,백령도,2019-05-10 17:00,15.8,,2.1,180,72,2022
102,백령도,2019-05-10 18:00,15.3,,2.1,180,74,2443
102,백령도,2019-05-10 19:00,13.5,,1,200,83,2291
102,백령도,2019-05-10 20:00,12.7,,1.2,250,87,1460
102,백령도,2019-05-10 21:00,11.9,,2.6,270,91,1347
102,백령도,2019-05-10 22:00,12,,.6,200,80,2440
102,백령도,2019-05-10 23:00,11.7,,.8,270,92,1650
102,백령도,2019-05-11 00:00,10.8,,.8,90,92,1512
102,백령도,2019-05-11 01:00,11.2,,1,90,91,1874
102,백령도,2019-05-11 02:00,10.4,,.4,0,95,1581
102,백령도,2019-05-11 03:00,9.4,,1.1,160,86,1770
102,백령도,2019-05-11 04:00,11,,1.6,320,65,2925
102,백령도,2019-05-11 05:00,10.4,,.8,250,83,2032
102,백령도,2019-05-11 06:00,9.4,,2.9,290,95,1087
102,백령도,2019-05-11 07:00,11.8,,1.8,290,93,1895
102,백령도,2019-05-11 08:00,14,,2.2,320,82,2792
102,백령도,2019-05-11 09:00,14.8,,2.9,320,78,2777
102,백령도,2019-05-11 10:00,17.6,,1.8,320,59,3208
102,백령도,2019-05-11 11:00,17.4,,2.1,320,56,2825
102,백령도,2019-05-11 12:00,16.7,,4.8,320,60,3044
102,백령도,2019-05-11 13:00,18.2,,4.3,320,33,3750
102,백령도,2019-05-11 14:00,17.3,,4.1,320,35,4123
102,백령도,2019-05-11 15:00,18.7,,2.6,320,34,3902
102,백령도,2019-05-11 16:00,18,,3,290,40,3650
102,백령도,2019-05-11 17:00,17.9,,2.2,320,38,3729
102,백령도,2019-05-11 18:00,15.5,,2.7,320,53,3645
102,백령도,2019-05-11 19:00,14.9,,1.4,290,46,4035
102,백령도,2019-05-11 20:00,12.1,,1.3,320,64,4251
102,백령도,2019-05-11 21:00,11.7,,1.3,290,68,4147
102,백령도,2019-05-11 22:00,11.6,,1.6,290,65,4426
102,백령도,2019-05-11 23:00,11.9,,2,270,75,4393
102,백령도,2019-05-12 00:00,12.3,,1.4,270,72,4712
102,백령도,2019-05-12 01:00,11.6,,2,290,71,4496
102,백령도,2019-05-12 02:00,12,,.5,340,47,3804
102,백령도,2019-05-12 03:00,11.3,,2.2,70,79,3826
102,백령도,2019-05-12 04:00,11.7,,0,0,71,3919
102,백령도,2019-05-12 05:00,10.6,,.2,0,64,4183
102,백령도,2019-05-12 06:00,10.4,,2.3,110,80,2858
102,백령도,2019-05-12 07:00,11.4,,1,160,73,2383
102,백령도,2019-05-12 08:00,13.1,,1.2,160,59,3070
102,백령도,2019-05-12 09:00,16.2,,1.6,140,50,3066
102,백령도,2019-05-12 10:00,17.2,,2.1,110,45,3129
102,백령도,2019-05-12 11:00,19.1,,2.1,160,26,3872
102,백령도,2019-05-12 12:00,19,,3.4,110,21,3929
102,백령도,2019-05-12 13:00,19.7,,3.1,140,19,4218
102,백령도,2019-05-12 14:00,20.2,,2.5,160,20,4474
102,백령도,2019-05-12 15:00,18.4,,3.7,200,23,4005
102,백령도,2019-05-12 16:00,19.9,,2.3,180,22,4020
102,백령도,2019-05-12 17:00,18.3,,2.7,200,26,3800
102,백령도,2019-05-12 18:00,18.4,,2.8,200,25,3583
102,백령도,2019-05-12 19:00,16.7,,3.8,230,24,3175
102,백령도,2019-05-12 20:00,14.2,,2.4,160,61,3537
102,백령도,2019-05-12 21:00,12.1,,1.6,110,61,2414
102,백령도,2019-05-12 22:00,13,,2.9,160,78,720
102,백령도,2019-05-12 23:00,11.6,,2.3,180,89,970
102,백령도,2019-05-13 00:00,12.6,,1.7,160,73,777
102,백령도,2019-05-13 01:00,13,,3,160,75,723
102,백령도,2019-05-13 02:00,12.7,,2.8,160,87,660
102,백령도,2019-05-13 03:00,12.9,,2.8,160,87,981
102,백령도,2019-05-13 04:00,12.7,,3.6,140,85,984
102,백령도,2019-05-13 05:00,13.5,,3.4,160,77,974
102,백령도,2019-05-13 06:00,12.9,,5.5,160,80,769
102,백령도,2019-05-13 07:00,12.8,,5.7,140,82,698
102,백령도,2019-05-13 08:00,12.7,0,3,160,88,2803
102,백령도,2019-05-13 09:00,12.5,.6,3.3,160,95,1037
102,백령도,2019-05-13 10:00,12.5,1.8,5.3,160,97,665
102,백령도,2019-05-13 11:00,12.3,.4,5.2,160,98,466
102,백령도,2019-05-13 12:00,11.7,1,3.5,200,99,428
102,백령도,2019-05-13 13:00,13.4,.1,2.4,200,93,1923
102,백령도,2019-05-13 14:00,13.1,0,4.6,180,91,1499
102,백령도,2019-05-13 15:00,13.4,,4.3,230,92,1384
102,백령도,2019-05-13 16:00,14,,2.9,230,87,2232
102,백령도,2019-05-13 17:00,13.5,,3.7,230,93,1496
102,백령도,2019-05-13 18:00,12.7,,2.5,200,96,985
102,백령도,2019-05-13 19:00,12.6,,2.7,200,96,605
102,백령도,2019-05-13 20:00,12.2,,1.6,250,94,1011
102,백령도,2019-05-13 21:00,11.2,,.3,0,93,1164
102,백령도,2019-05-13 22:00,10.3,,1,140,97,608
102,백령도,2019-05-13 23:00,10.3,,1.9,90,100,16
102,백령도,2019-05-14 00:00,10.1,,2.2,110,100,18
102,백령도,2019-05-14 01:00,8.8,,1.8,140,100,49
102,백령도,2019-05-14 02:00,7.4,,2.1,140,100,97
102,백령도,2019-05-14 03:00,8.5,,1.7,110,100,13
102,백령도,2019-05-14 04:00,8.2,,1.9,140,100,18
102,백령도,2019-05-14 05:00,9.7,,1.7,140,100,15
102,백령도,2019-05-14 06:00,11.9,,2.1,140,93,17
102,백령도,2019-05-14 07:00,10.1,,2.9,110,100,17
102,백령도,2019-05-14 08:00,10.6,,2.4,110,100,27
102,백령도,2019-05-14 09:00,11.2,,2.4,110,100,88
102,백령도,2019-05-14 10:00,12.6,,2.9,140,100,817
102,백령도,2019-05-14 11:00,16,,3.7,160,83,1979
102,백령도,2019-05-14 12:00,16.4,,4.1,160,73,2194
102,백령도,2019-05-14 13:00,17.4,,3.7,180,68,2238
102,백령도,2019-05-14 14:00,17.1,,4.2,180,60,2699
102,백령도,2019-05-14 15:00,17.2,,4.4,180,57,2977
102,백령도,2019-05-14 16:00,16.3,,4,180,76,1662
102,백령도,2019-05-14 17:00,16.3,,3.4,200,77,1613
102,백령도,2019-05-14 18:00,16.3,,1.8,200,81,1416
102,백령도,2019-05-14 19:00,15.1,,1.1,110,84,1286
102,백령도,2019-05-14 20:00,13.5,,.6,180,92,702
102,백령도,2019-05-14 21:00,12.4,,2,180,96,445
102,백령도,2019-05-14 22:00,12.6,,0,0,97,710
102,백령도,2019-05-14 23:00,11.4,,.4,0,97,421
102,백령도,2019-05-15 00:00,11.8,,1.3,90,98,491
102,백령도,2019-05-15 01:00,12.4,,.7,160,98,423
102,백령도,2019-05-15 02:00,12.7,,1,140,98,449
102,백령도,2019-05-15 03:00,12.8,,0,0,97,422
102,백령도,2019-05-15 04:00,11.4,,2.3,90,98,351
102,백령도,2019-05-15 05:00,12,,1.8,90,98,437
102,백령도,2019-05-15 06:00,12.4,,2.2,140,98,493
102,백령도,2019-05-15 07:00,13.2,,2.8,140,95,783
102,백령도,2019-05-15 08:00,14.4,,3.3,160,92,1096
102,백령도,2019-05-15 09:00,14.6,,3.7,160,87,1220
102,백령도,2019-05-15 10:00,14.1,,4.1,160,93,970
102,백령도,2019-05-15 11:00,16.4,,2.9,140,92,1184
102,백령도,2019-05-15 12:00,16.1,,3.2,140,87,1400
102,백령도,2019-05-15 13:00,16.2,,1.6,180,89,1188
102,백령도,2019-05-15 14:00,16.8,,2.7,110,79,1705
102,백령도,2019-05-15 15:00,14.8,,3.9,180,93,1002
102,백령도,2019-05-15 16:00,16.2,,2.5,180,88,788
102,백령도,2019-05-15 17:00,16,,2.8,200,86,1123
102,백령도,2019-05-15 18:00,14.8,,2.4,180,91,1093
102,백령도,2019-05-15 19:00,13.1,,1.7,180,97,874
102,백령도,2019-05-15 20:00,11.6,,2.9,180,100,72
102,백령도,2019-05-15 21:00,11.4,,1.7,160,100,623
102,백령도,2019-05-15 22:00,11.6,,1.9,160,100,596
102,백령도,2019-05-15 23:00,11.4,,1.8,160,100,245
102,백령도,2019-05-16 00:00,11.5,,1.3,110,100,320
102,백령도,2019-05-16 01:00,12.2,,2.5,160,100,320
102,백령도,2019-05-16 02:00,12.3,,.9,160,100,394
102,백령도,2019-05-16 03:00,12.6,,1.7,110,99,626
102,백령도,2019-05-16 04:00,12.8,,3,160,95,832
102,백령도,2019-05-16 05:00,11.8,,2.2,90,99,517
102,백령도,2019-05-16 06:00,12.8,,2.4,140,97,1118
102,백령도,2019-05-16 07:00,14,,1.6,140,93,1381
102,백령도,2019-05-16 08:00,15.1,,1.8,160,85,1950
102,백령도,2019-05-16 09:00,17.3,,2.2,160,67,2330
102,백령도,2019-05-16 10:00,18.7,,4.3,160,66,1969
102,백령도,2019-05-16 11:00,19.2,,4.5,160,63,2554
102,백령도,2019-05-16 12:00,20,,4.9,160,51,2931
102,백령도,2019-05-16 13:00,20.3,,5.5,180,55,2507
102,백령도,2019-05-16 14:00,21.2,,3.5,180,56,2113
102,백령도,2019-05-16 15:00,20.8,,4.9,180,52,2265
102,백령도,2019-05-16 16:00,19.4,,3.5,200,61,1504
102,백령도,2019-05-16 17:00,19.6,,3.5,180,63,1302
102,백령도,2019-05-16 18:00,19.4,,2.3,180,67,989
102,백령도,2019-05-16 19:00,17.5,,2.2,200,75,661
102,백령도,2019-05-16 20:00,16.8,,2.3,200,80,441
102,백령도,2019-05-16 21:00,16.6,,2,200,82,645
102,백령도,2019-05-16 22:00,14.9,,1.7,200,90,666
102,백령도,2019-05-16 23:00,13.1,,1.4,110,97,359
102,백령도,2019-05-17 00:00,13.9,,1.5,110,95,384
102,백령도,2019-05-17 01:00,13.6,,1.9,140,96,403
102,백령도,2019-05-17 02:00,13.8,,2.5,160,98,219
102,백령도,2019-05-17 03:00,14.2,,1.8,160,98,217
102,백령도,2019-05-17 04:00,13.2,,1.9,90,96,265
102,백령도,2019-05-17 05:00,14.6,,2,110,93,478
102,백령도,2019-05-17 06:00,15.3,,2.1,160,90,617
102,백령도,2019-05-17 07:00,16,,1.5,110,85,692
102,백령도,2019-05-17 08:00,17.3,,2.8,140,79,1347
102,백령도,2019-05-17 09:00,18.3,,3.1,140,75,1452
102,백령도,2019-05-17 10:00,19.1,,4,140,75,1768
102,백령도,2019-05-17 11:00,18.1,,5.1,160,71,1128
102,백령도,2019-05-17 12:00,17.8,,4.6,180,72,1119
102,백령도,2019-05-17 13:00,19.3,,4.3,160,66,1371
102,백령도,2019-05-17 14:00,20.3,,4,140,61,2197
102,백령도,2019-05-17 15:00,19.8,,2.7,160,61,2169
102,백령도,2019-05-17 16:00,20.4,,1.8,110,62,2119
102,백령도,2019-05-17 17:00,20.4,,1.5,110,63,2014
102,백령도,2019-05-17 18:00,20.2,,1,180,69,2394
102,백령도,2019-05-17 19:00,18.7,,2.2,180,73,1649
102,백령도,2019-05-17 20:00,18.1,,2.3,180,78,2359
102,백령도,2019-05-17 21:00,18,,1.2,180,79,2301
102,백령도,2019-05-17 22:00,17,,.5,270,83,3229
102,백령도,2019-05-17 23:00,15.8,,2.6,320,88,2045
102,백령도,2019-05-18 00:00,15.2,,4,290,88,2167
102,백령도,2019-05-18 01:00,15.2,,3.2,340,91,2473
102,백령도,2019-05-18 02:00,16.5,,4,340,87,2701
102,백령도,2019-05-18 03:00,16,,2.7,340,87,2699
102,백령도,2019-05-18 04:00,15,,1.8,320,92,1889
102,백령도,2019-05-18 05:00,15.9,,2.2,360,89,2731
102,백령도,2019-05-18 06:00,16.9,,3,20,88,2815
102,백령도,2019-05-18 07:00,16.5,,3.6,360,88,2623
102,백령도,2019-05-18 08:00,17.6,,4,70,83,2257
102,백령도,2019-05-18 09:00,19.2,,4.3,90,76,1500
102,백령도,2019-05-18 10:00,21.7,,2.8,110,68,1994
102,백령도,2019-05-18 11:00,22.2,,5,140,62,2670
102,백령도,2019-05-18 12:00,23.1,,5.9,140,51,3169
102,백령도,2019-05-18 13:00,22.4,,4.1,180,56,2922
102,백령도,2019-05-18 14:00,22.5,,5.8,160,54,2417
102,백령도,2019-05-18 15:00,22,,7.5,160,56,2154
102,백령도,2019-05-18 16:00,21.4,,5.6,160,56,2751
102,백령도,2019-05-18 17:00,20.7,,6.1,160,59,3149
102,백령도,2019-05-18 18:00,18.7,,7.6,160,66,3241
102,백령도,2019-05-18 19:00,17.6,,5.8,160,79,4529
102,백령도,2019-05-18 20:00,16,,6.4,180,83,4017
102,백령도,2019-05-18 21:00,14.8,,5.9,140,94,1165
102,백령도,2019-05-18 22:00,14.8,0,6,140,98,1308
102,백령도,2019-05-18 23:00,15.5,.3,5.6,140,99,693
102,백령도,2019-05-19 00:00,15.6,.3,3.7,140,100,853
102,백령도,2019-05-19 01:00,15.8,.8,3.7,140,100,266
102,백령도,2019-05-19 02:00,15.8,1,5.5,110,100,247
102,백령도,2019-05-19 03:00,15.7,.7,4.6,110,100,87
102,백령도,2019-05-19 04:00,15.4,2.1,3.5,110,100,110
102,백령도,2019-05-19 05:00,15.6,.8,5.6,110,100,115
102,백령도,2019-05-19 06:00,15.3,.5,5.2,110,100,38
102,백령도,2019-05-19 07:00,15.3,1.5,5.2,110,100,90
102,백령도,2019-05-19 08:00,15.4,.8,3.7,110,100,171
102,백령도,2019-05-19 09:00,16.1,.4,4.8,110,100,583
102,백령도,2019-05-19 10:00,15.8,2.3,5.4,110,100,407
102,백령도,2019-05-19 11:00,15.8,0,6.3,140,100,1197
102,백령도,2019-05-19 12:00,15.8,0,6.3,140,100,592
102,백령도,2019-05-19 13:00,15.7,.4,6.1,140,100,547
102,백령도,2019-05-19 14:00,15.5,.1,5.9,140,100,460
102,백령도,2019-05-19 15:00,15.5,.6,4.6,140,100,595
102,백령도,2019-05-19 16:00,14.7,0,3.3,160,100,571
102,백령도,2019-05-19 17:00,14.5,.2,3.5,160,100,343
102,백령도,2019-05-19 18:00,14.5,.1,2.4,160,100,321
102,백령도,2019-05-19 19:00,14.2,.2,2.4,180,100,55
102,백령도,2019-05-19 20:00,15.7,.1,2.5,230,100,667
102,백령도,2019-05-19 21:00,15.4,.1,2.2,200,100,302
102,백령도,2019-05-19 22:00,15,.3,2.8,200,100,164
102,백령도,2019-05-19 23:00,15.9,.1,7,250,100,128
102,백령도,2019-05-20 00:00,16.3,0,4.4,270,99,1285
102,백령도,2019-05-20 01:00,16.7,,4.2,270,83,1843
102,백령도,2019-05-20 02:00,15.7,,8,270,71,2889
102,백령도,2019-05-20 03:00,14.1,,6.8,290,75,2862
102,백령도,2019-05-20 04:00,13.4,,7.1,290,76,2813
102,백령도,2019-05-20 05:00,12.9,,7.4,290,78,2725
102,백령도,2019-05-20 06:00,12.4,,6.7,290,78,2771
102,백령도,2019-05-20 07:00,12.5,,6.7,290,75,3122
102,백령도,2019-05-20 08:00,13.6,,8,290,67,2977
102,백령도,2019-05-20 09:00,13.6,,7.4,290,66,3239
102,백령도,2019-05-20 10:00,13.1,,7.9,320,67,3439
102,백령도,2019-05-20 11:00,14.2,,7.7,290,67,3479
102,백령도,2019-05-20 12:00,14.7,,6.8,290,56,3995
102,백령도,2019-05-20 13:00,15.9,,7.1,270,58,3582
102,백령도,2019-05-20 14:00,16,,7.9,270,53,3810
102,백령도,2019-05-20 15:00,16.4,,7.2,290,53,3654
102,백령도,2019-05-20 16:00,15.4,,7.7,270,61,3020
102,백령도,2019-05-20 17:00,16,,6.5,290,57,2981
102,백령도,2019-05-20 18:00,14.9,,7,290,63,2699
102,백령도,2019-05-20 19:00,14.6,,6.7,270,61,2821
102,백령도,2019-05-20 20:00,14.2,,4.4,270,58,3140
102,백령도,2019-05-20 21:00,14.2,,5.9,270,59,3207
102,백령도,2019-05-20 22:00,14.3,,4.8,270,58,3489
102,백령도,2019-05-20 23:00,14.6,,6.1,270,58,3382
102,백령도,2019-05-21 00:00,14.8,,6.1,270,57,3486
102,백령도,2019-05-21 01:00,14.9,,5.7,270,57,3455
102,백령도,2019-05-21 02:00,14.2,,5.5,270,65,3586
102,백령도,2019-05-21 03:00,13.7,,4.8,270,70,3660
102,백령도,2019-05-21 04:00,13.4,,7.3,250,78,3488
102,백령도,2019-05-21 05:00,13.2,,4.3,270,77,3976
102,백령도,2019-05-21 06:00,14,,4.2,250,68,4059
102,백령도,2019-05-21 07:00,15.3,,5.8,270,62,3667
102,백령도,2019-05-21 08:00,16.6,,6.5,270,57,3729
102,백령도,2019-05-21 09:00,17.9,,6.4,270,51,3975
102,백령도,2019-05-21 10:00,19.6,,9.5,270,36,3806
102,백령도,2019-05-21 11:00,20.5,,5.6,270,37,3978
102,백령도,2019-05-21 12:00,20.9,,8.8,270,32,3229
102,백령도,2019-05-21 13:00,20.9,,6.6,270,41,2654
102,백령도,2019-05-21 14:00,20.7,,5.8,250,41,2900
102,백령도,2019-05-21 15:00,21.1,,5.4,250,36,2970
102,백령도,2019-05-21 16:00,21.2,,4.6,270,37,3013
102,백령도,2019-05-21 17:00,21.3,,5.1,270,30,3342
102,백령도,2019-05-21 18:00,20,,4,250,36,3240
102,백령도,2019-05-21 19:00,16.4,,4.4,250,56,2308
102,백령도,2019-05-21 20:00,16,,4.7,250,50,2765
102,백령도,2019-05-21 21:00,15.3,,4.8,270,54,2637
102,백령도,2019-05-21 22:00,15.9,,4.2,270,43,3153
102,백령도,2019-05-21 23:00,16.3,,4.8,250,44,3377
102,백령도,2019-05-22 00:00,16.1,,4.9,250,46,3332
102,백령도,2019-05-22 01:00,16.1,,5.2,270,40,3479
102,백령도,2019-05-22 02:00,17.6,,4.6,250,30,3648
102,백령도,2019-05-22 03:00,14,,1.5,140,61,2552
102,백령도,2019-05-22 04:00,11.9,,1.6,50,79,1938
102,백령도,2019-05-22 05:00,16.8,,6,250,48,3016
102,백령도,2019-05-22 06:00,17.5,,5.5,230,42,3323
102,백령도,2019-05-22 07:00,18.8,,7.1,250,38,3382
102,백령도,2019-05-22 08:00,20.5,,6.7,250,29,3905
102,백령도,2019-05-22 09:00,20.7,,9,250,32,3673
102,백령도,2019-05-22 10:00,21.6,,8.4,250,33,3726
102,백령도,2019-05-22 11:00,21.9,,7.4,250,34,3662
102,백령도,2019-05-22 12:00,23.2,,6.1,250,32,3202
102,백령도,2019-05-22 13:00,22.9,,6.6,270,30,3172
102,백령도,2019-05-22 14:00,24.3,,7.3,270,27,2374
102,백령도,2019-05-22 15:00,22.4,,5.6,270,36,2085
102,백령도,2019-05-22 16:00,22.1,,5.2,250,38,2282
102,백령도,2019-05-22 17:00,21.4,,1.2,90,44,1946
102,백령도,2019-05-22 18:00,19.5,,1.1,90,53,2087
102,백령도,2019-05-22 19:00,18.8,,1.1,160,61,2171
102,백령도,2019-05-22 20:00,16,,1.8,180,69,2632
102,백령도,2019-05-22 21:00,14.6,,.7,230,77,2497
102,백령도,2019-05-22 22:00,13.5,,1.1,160,78,2082
102,백령도,2019-05-22 23:00,12.1,,2.2,180,92,1207
102,백령도,2019-05-23 00:00,12.6,,1.3,140,89,1470
102,백령도,2019-05-23 01:00,11.6,,2.2,110,98,542
102,백령도,2019-05-23 02:00,11.7,,.8,140,97,663
102,백령도,2019-05-23 03:00,12.1,,2.7,110,98,457
102,백령도,2019-05-23 04:00,11.8,,2.6,110,99,352
102,백령도,2019-05-23 05:00,11.5,,2.6,110,100,177
102,백령도,2019-05-23 06:00,11.8,,2.3,110,100,287
102,백령도,2019-05-23 07:00,10.9,,4.3,180,99,24
102,백령도,2019-05-23 08:00,12.6,,2.6,140,100,530
102,백령도,2019-05-23 09:00,14.1,,3.5,140,96,1177
102,백령도,2019-05-23 10:00,16.5,,3.7,140,85,1486
102,백령도,2019-05-23 11:00,17.6,,3.7,140,74,1929
102,백령도,2019-05-23 12:00,20.4,,3.9,140,67,1817
102,백령도,2019-05-23 13:00,19.9,,4.1,160,70,1564
102,백령도,2019-05-23 14:00,19.7,,3.8,180,65,1839
102,백령도,2019-05-23 15:00,18.1,,5,180,73,1670
102,백령도,2019-05-23 16:00,18.5,,3.1,180,72,1559
102,백령도,2019-05-23 17:00,18.1,,3.8,180,73,1613
102,백령도,2019-05-23 18:00,16.9,,3.2,200,79,1407
102,백령도,2019-05-23 19:00,16.2,,3.3,180,82,1499
102,백령도,2019-05-23 20:00,13.6,,2.3,70,94,650
102,백령도,2019-05-23 21:00,14.3,,2.9,140,95,755
102,백령도,2019-05-23 22:00,14,,1.8,140,97,494
102,백령도,2019-05-23 23:00,14.7,,3.3,90,95,734
102,백령도,2019-05-24 00:00,14.8,,3.6,110,92,990
102,백령도,2019-05-24 01:00,15.4,,3.5,110,86,1233
102,백령도,2019-05-24 02:00,15.8,,3.3,110,85,1275
102,백령도,2019-05-24 03:00,15.5,,3.3,140,88,1106
102,백령도,2019-05-24 04:00,14.5,,5.8,110,94,623
102,백령도,2019-05-24 05:00,14.8,,5.5,110,92,728
102,백령도,2019-05-24 06:00,15,,4.9,110,93,675
102,백령도,2019-05-24 07:00,14.9,,4.9,110,92,674
102,백령도,2019-05-24 08:00,16.9,,5.1,110,85,842
102,백령도,2019-05-24 09:00,18.1,,6,140,80,855
102,백령도,2019-05-24 10:00,18.7,,6.6,140,74,1023
102,백령도,2019-05-24 11:00,19.6,,7.2,140,71,1129
102,백령도,2019-05-24 12:00,20.9,,5.9,140,67,1179
102,백령도,2019-05-24 13:00,21.6,,5.3,140,62,1263
102,백령도,2019-05-24 14:00,20.9,,5.6,160,64,1236
102,백령도,2019-05-24 15:00,20.4,,5.3,140,66,1370
102,백령도,2019-05-24 16:00,19.4,,4.3,160,70,1327
102,백령도,2019-05-24 17:00,19.5,,4.1,160,72,1400
102,백령도,2019-05-24 18:00,18,,2.8,140,78,1214
102,백령도,2019-05-24 19:00,17.2,,1.1,140,84,1096
102,백령도,2019-05-24 20:00,15.6,,1.8,160,92,695
102,백령도,2019-05-24 21:00,14.4,,4.3,160,93,548
102,백령도,2019-05-24 22:00,14.6,,3.3,160,94,530
102,백령도,2019-05-24 23:00,15.5,,4.2,140,93,706
102,백령도,2019-05-25 00:00,15.3,,6,160,92,675
102,백령도,2019-05-25 01:00,14.6,,3.3,140,97,352
102,백령도,2019-05-25 02:00,14.2,,2.5,110,99,202
102,백령도,2019-05-25 03:00,13.9,,2.7,110,100,131
102,백령도,2019-05-25 04:00,14.3,,3.1,140,100,190
102,백령도,2019-05-25 05:00,13.7,,3.4,110,100,63
102,백령도,2019-05-25 06:00,12.9,,3.1,110,100,21
102,백령도,2019-05-25 07:00,12.9,,4.6,140,100,21
102,백령도,2019-05-25 08:00,13.5,,5.1,140,100,33
102,백령도,2019-05-25 09:00,14.1,,6.6,140,100,85
102,백령도,2019-05-25 10:00,17.8,,6.6,140,83,874
102,백령도,2019-05-25 11:00,18.1,,6.8,140,74,1769
102,백령도,2019-05-25 12:00,18.5,,7.1,140,74,2507
102,백령도,2019-05-25 13:00,18.7,,6.2,140,80,2615
102,백령도,2019-05-25 14:00,16.8,,5.9,140,89,2235
102,백령도,2019-05-25 15:00,15.6,,7.7,140,93,1788
102,백령도,2019-05-25 16:00,16.3,,6.9,140,90,2007
102,백령도,2019-05-25 17:00,16.2,,7.7,140,91,1994
102,백령도,2019-05-25 18:00,16.3,,6.7,140,92,2173
102,백령도,2019-05-25 19:00,15.2,,8.2,140,95,1566
102,백령도,2019-05-25 20:00,15.4,,8.2,140,96,1563
102,백령도,2019-05-25 21:00,15.9,,7.5,140,95,1940
102,백령도,2019-05-25 22:00,14.9,,7.3,140,96,1516
102,백령도,2019-05-25 23:00,15,,6.5,140,96,1446
102,백령도,2019-05-26 00:00,15.1,,5,140,96,1470
102,백령도,2019-05-26 01:00,16.5,,6.7,160,90,2324
102,백령도,2019-05-26 02:00,15.5,,6.7,160,94,1788
102,백령도,2019-05-26 03:00,15.4,,6.6,140,94,1924
102,백령도,2019-05-26 04:00,15.2,,6.3,140,94,1928
102,백령도,2019-05-26 05:00,15,,6.1,140,94,1799
102,백령도,2019-05-26 06:00,15.6,,5.7,140,94,1863
102,백령도,2019-05-26 07:00,16.3,,5.6,140,91,2188
102,백령도,2019-05-26 08:00,17.1,,5.9,140,90,2198
102,백령도,2019-05-26 09:00,17.2,,5.9,140,87,2257
102,백령도,2019-05-26 10:00,18,,5.1,140,85,2296
102,백령도,2019-05-26 11:00,18.7,,6,160,83,2480
102,백령도,2019-05-26 12:00,18.3,,8,160,84,2546
102,백령도,2019-05-26 13:00,18.9,,6,160,81,2498
102,백령도,2019-05-26 14:00,19.1,,7,160,81,2361
102,백령도,2019-05-26 15:00,19.7,,8.3,160,76,2186
102,백령도,2019-05-26 16:00,19.6,,9,160,70,2544
102,백령도,2019-05-26 17:00,19.3,,8.2,160,70,2589
102,백령도,2019-05-26 18:00,18.1,,6.5,160,80,2647
102,백령도,2019-05-26 19:00,17.8,.3,9.1,160,92,1056
102,백령도,2019-05-26 20:00,17.5,.5,6.7,160,93,1997
102,백령도,2019-05-26 21:00,17.6,0,10.1,160,88,2690
102,백령도,2019-05-26 22:00,17.5,0,9.9,160,90,2535
102,백령도,2019-05-26 23:00,17.6,0,10.3,160,91,2438
102,백령도,2019-05-27 00:00,16.9,0,9.1,160,93,2110
102,백령도,2019-05-27 01:00,15.9,.5,9,160,99,854
102,백령도,2019-05-27 02:00,15.5,1,5.4,160,100,373
102,백령도,2019-05-27 03:00,15.7,.7,9.1,160,100,782
102,백령도,2019-05-27 04:00,15.2,0,4.1,160,100,416
102,백령도,2019-05-27 05:00,14.6,2.4,5.8,160,100,246
102,백령도,2019-05-27 06:00,14.8,2,5.1,140,100,258
102,백령도,2019-05-27 07:00,14.8,1.2,4.1,160,100,238
102,백령도,2019-05-27 08:00,14.9,1,5,160,100,325
102,백령도,2019-05-27 09:00,15,.3,3.5,160,100,404
102,백령도,2019-05-27 10:00,15,1.3,4,180,100,136
102,백령도,2019-05-27 11:00,15,.1,2.1,200,100,91
102,백령도,2019-05-27 12:00,14.5,0,6.2,290,100,38
102,백령도,2019-05-27 13:00,13.4,0,8.5,320,100,43
102,백령도,2019-05-27 14:00,13.4,,7.4,320,100,2878
102,백령도,2019-05-27 15:00,13.7,,9.1,320,84,3108
102,백령도,2019-05-27 16:00,14.3,,7.7,320,81,2718
102,백령도,2019-05-27 17:00,14.8,,7,320,75,2857
102,백령도,2019-05-27 18:00,14.3,,9,320,74,2897
102,백령도,2019-05-27 19:00,13.9,,8,320,76,3185
102,백령도,2019-05-27 20:00,13.4,,7.7,320,78,3248
102,백령도,2019-05-27 21:00,13.3,,9.1,340,78,3652
102,백령도,2019-05-27 22:00,12.9,,5.8,320,83,3713
102,백령도,2019-05-27 23:00,12.2,,5,320,88,3273
102,백령도,2019-05-28 00:00,12.3,,4.8,320,87,3795
102,백령도,2019-05-28 01:00,12.5,,5.1,340,83,3909
102,백령도,2019-05-28 02:00,12.1,,3.4,320,86,3603
102,백령도,2019-05-28 03:00,12.3,,4.2,290,88,3913
102,백령도,2019-05-28 04:00,11.5,,3.4,290,95,3202
102,백령도,2019-05-28 05:00,11.7,,3.2,290,95,3151
102,백령도,2019-05-28 06:00,12.4,,3.3,290,92,3699
102,백령도,2019-05-28 07:00,14.1,,4,290,87,3761
102,백령도,2019-05-28 08:00,15.1,,4.1,290,78,3761
102,백령도,2019-05-28 09:00,16.7,,4.5,290,66,3880
102,백령도,2019-05-28 10:00,17.5,,5,290,61,4303
102,백령도,2019-05-28 11:00,19.5,,5,290,44,4249
102,백령도,2019-05-28 12:00,21.5,,5.4,290,35,4435
102,백령도,2019-05-28 13:00,22.1,,6.3,270,31,4288
102,백령도,2019-05-28 14:00,23.6,,6.4,250,22,4448
102,백령도,2019-05-28 15:00,22,,7.8,250,31,4120
102,백령도,2019-05-28 16:00,20.2,,7.7,250,49,3243
102,백령도,2019-05-28 17:00,20,,6.1,270,51,3159
102,백령도,2019-05-28 18:00,19.3,,7.4,270,53,2787
102,백령도,2019-05-28 19:00,18.3,,6.8,290,56,2747
102,백령도,2019-05-28 20:00,16.9,,6.3,290,63,2593
102,백령도,2019-05-28 21:00,16.8,,6.1,290,64,2768
102,백령도,2019-05-28 22:00,17.1,,5.5,290,59,2726
102,백령도,2019-05-28 23:00,18.3,,4.8,290,46,2760
102,백령도,2019-05-29 00:00,19.2,,3.7,290,37,3003
102,백령도,2019-05-29 01:00,16.9,,2.6,320,56,1853
102,백령도,2019-05-29 02:00,14.1,,2.2,250,78,1938
102,백령도,2019-05-29 03:00,14.5,,3.6,320,76,1647
102,백령도,2019-05-29 04:00,14.1,,2,320,80,1535
102,백령도,2019-05-29 05:00,15.3,,2.5,290,69,2018
102,백령도,2019-05-29 06:00,13.8,,1.1,270,80,1609
102,백령도,2019-05-29 07:00,15.9,,.2,0,76,1904
102,백령도,2019-05-29 08:00,18,,1.8,340,62,2243
102,백령도,2019-05-29 09:00,18.8,,2.7,290,61,2464
102,백령도,2019-05-29 10:00,19.8,,4.1,320,57,2326
102,백령도,2019-05-29 11:00,21.5,,2.6,270,49,2980
102,백령도,2019-05-29 12:00,22,,3.3,290,50,2808
102,백령도,2019-05-29 13:00,19.4,,5,290,57,2352
102,백령도,2019-05-29 14:00,19.7,,5.6,290,60,2391
102,백령도,2019-05-29 15:00,19.4,,5.7,320,64,2305
102,백령도,2019-05-29 16:00,20.1,,4.9,290,59,2256
102,백령도,2019-05-29 17:00,19.8,,4.5,290,59,2070
102,백령도,2019-05-29 18:00,20.6,,3.6,290,51,2416
102,백령도,2019-05-29 19:00,20.4,,1.5,320,47,2880
102,백령도,2019-05-29 20:00,18,,1.2,180,65,3065
102,백령도,2019-05-29 21:00,15.7,,1.4,200,68,2870
102,백령도,2019-05-29 22:00,16.7,,.8,290,53,3632
102,백령도,2019-05-29 23:00,16.2,,.5,180,68,2094
102,백령도,2019-05-30 00:00,16.2,,.6,20,65,2476
102,백령도,2019-05-30 01:00,17.3,,4,200,62,1934
102,백령도,2019-05-30 02:00,17.6,,1.9,230,60,2200
102,백령도,2019-05-30 03:00,16,,3.7,180,74,1885
102,백령도,2019-05-30 04:00,14.1,,2,140,81,1619
102,백령도,2019-05-30 05:00,14,,1.7,90,88,1246
102,백령도,2019-05-30 06:00,14.6,,2,110,82,1499
102,백령도,2019-05-30 07:00,16.2,,2,160,79,1765
102,백령도,2019-05-30 08:00,17.2,,2.5,180,78,2006
102,백령도,2019-05-30 09:00,18.7,,3.2,230,70,2523
102,백령도,2019-05-30 10:00,19.2,,2.7,160,69,2536
102,백령도,2019-05-30 11:00,19.7,,3,200,68,2765
102,백령도,2019-05-30 12:00,21.2,,.8,20,64,2741
102,백령도,2019-05-30 13:00,20.2,,1.9,90,69,2779
102,백령도,2019-05-30 14:00,20.4,,3.8,180,64,2489
102,백령도,2019-05-30 15:00,20.7,,4.1,250,56,2843
102,백령도,2019-05-30 16:00,19.6,,5.1,270,65,2241
102,백령도,2019-05-30 17:00,19,,6.7,230,66,2273
102,백령도,2019-05-30 18:00,19.7,,9.7,250,51,3343
102,백령도,2019-05-30 19:00,20,0,6.4,230,45,4022
102,백령도,2019-05-30 20:00,19.1,,8.6,230,50,3817
102,백령도,2019-05-30 21:00,17.4,,9.3,230,62,3731
102,백령도,2019-05-30 22:00,16.7,,8.5,230,64,3582
102,백령도,2019-05-30 23:00,16.9,,7.1,250,58,3955
102,백령도,2019-05-31 00:00,16.4,,6.9,250,65,4178
102,백령도,2019-05-31 01:00,15.3,,5.3,250,76,3986
102,백령도,2019-05-31 02:00,15.3,,5.1,250,73,4261
102,백령도,2019-05-31 03:00,15.2,,2.4,290,70,4611
102,백령도,2019-05-31 04:00,13.9,,2.1,360,84,3467
102,백령도,2019-05-31 05:00,12.8,,1.3,180,87,3278
102,백령도,2019-05-31 06:00,12.6,,2.1,180,92,2518
102,백령도,2019-05-31 07:00,14.6,,2,200,81,3660
102,백령도,2019-05-31 08:00,16,,3.4,200,72,3788
102,백령도,2019-05-31 09:00,16.8,,4.2,230,69,4087
102,백령도,2019-05-31 10:00,17.2,,5.1,230,69,4162
102,백령도,2019-05-31 11:00,17.9,,5.6,230,62,4167
102,백령도,2019-05-31 12:00,19,,4.6,230,61,4195
102,백령도,2019-05-31 13:00,19.1,,5.1,270,63,4058
102,백령도,2019-05-31 14:00,19.4,,5.6,270,62,4058
102,백령도,2019-05-31 15:00,18.9,,6.4,270,59,4316
102,백령도,2019-05-31 16:00,19.2,,5.1,250,60,4125
102,백령도,2019-05-31 17:00,18.6,,4.5,250,61,4106
102,백령도,2019-05-31 18:00,17.7,,4.8,230,62,4251
102,백령도,2019-05-31 19:00,16.6,,3.4,230,79,3964
102,백령도,2019-05-31 20:00,15.3,,3.3,230,93,2120
102,백령도,2019-05-31 21:00,14.9,,3.7,230,94,1921
102,백령도,2019-05-31 22:00,14.9,,4.1,200,93,1758
102,백령도,2019-05-31 23:00,14.5,,2.8,200,97,1269
102,백령도,2019-06-01 00:00,13.9,,2.5,180,99,277
102,백령도,2019-06-01 01:00,14.5,,2.3,230,99,628
102,백령도,2019-06-01 02:00,14.5,,1.7,230,99,477
102,백령도,2019-06-01 03:00,13.7,,2,230,100,209
102,백령도,2019-06-01 04:00,13.3,,1.3,250,100,326
102,백령도,2019-06-01 05:00,13.3,,1.4,230,100,277
102,백령도,2019-06-01 06:00,13.1,,1.7,200,100,96
102,백령도,2019-06-01 07:00,13,,2.2,110,100,207
102,백령도,2019-06-01 08:00,13.3,,3,140,100,670
102,백령도,2019-06-01 09:00,14.6,,4.7,160,94,950
102,백령도,2019-06-01 10:00,16.3,,5.5,160,86,1213
102,백령도,2019-06-01 11:00,16,,5.5,160,92,1053
102,백령도,2019-06-01 12:00,17,,3.5,160,91,1459
102,백령도,2019-06-01 13:00,16.6,,5.2,160,88,1842
102,백령도,2019-06-01 14:00,16.7,,4.9,160,90,1474
102,백령도,2019-06-01 15:00,16,,5.4,160,91,2019
102,백령도,2019-06-01 16:00,16.8,,4.5,160,90,2169
102,백령도,2019-06-01 17:00,16.3,,5,180,91,2141
102,백령도,2019-06-01 18:00,15.8,,2.6,160,95,1803
102,백령도,2019-06-01 19:00,15.3,,3.5,140,97,1404
102,백령도,2019-06-01 20:00,15,,3.9,160,98,1037
102,백령도,2019-06-01 21:00,14.8,,3.9,160,99,762
102,백령도,2019-06-01 22:00,14.6,,5.5,160,100,768
102,백령도,2019-06-01 23:00,14.2,,4.9,160,100,521
102,백령도,2019-06-02 00:00,14.1,,4.4,160,100,622
102,백령도,2019-06-02 01:00,13.9,,5.2,160,100,317
102,백령도,2019-06-02 02:00,13.7,,4.7,160,100,47
102,백령도,2019-06-02 03:00,13.6,,5.1,140,100,90
102,백령도,2019-06-02 04:00,13.6,,5.5,140,100,306
102,백령도,2019-06-02 05:00,13.6,,5.6,140,100,645
102,백령도,2019-06-02 06:00,14.1,,5.4,160,100,1105
102,백령도,2019-06-02 07:00,14.5,,6.2,160,99,1448
102,백령도,2019-06-02 08:00,15.3,,5.1,160,97,2170
102,백령도,2019-06-02 09:00,15.7,,5.4,160,92,2802
102,백령도,2019-06-02 10:00,16.1,,5.3,140,89,3025
102,백령도,2019-06-02 11:00,16.9,,6.2,160,86,2974
102,백령도,2019-06-02 12:00,18,,5,160,83,3094
102,백령도,2019-06-02 13:00,17.9,,6.8,160,83,3091
102,백령도,2019-06-02 14:00,18,,5.3,160,83,3071
102,백령도,2019-06-02 15:00,17.6,,6.6,180,84,3331
102,백령도,2019-06-02 16:00,18.7,,4.4,160,77,3397
102,백령도,2019-06-02 17:00,18.1,,3,160,79,3475
102,백령도,2019-06-02 18:00,16.8,,4.6,160,89,2985
102,백령도,2019-06-02 19:00,15.5,,4.9,160,95,2013
102,백령도,2019-06-02 20:00,15,,5.1,160,98,909
102,백령도,2019-06-02 21:00,14.6,,4.8,160,100,345
102,백령도,2019-06-02 22:00,15.3,,5.1,160,100,336
102,백령도,2019-06-02 23:00,14.9,,3.6,160,100,571
102,백령도,2019-06-03 00:00,14.5,,2.9,160,100,342
102,백령도,2019-06-03 01:00,14.3,,2.7,160,100,378
102,백령도,2019-06-03 02:00,14.5,,2.3,180,100,357
102,백령도,2019-06-03 03:00,14.4,,2.5,160,100,394
102,백령도,2019-06-03 04:00,14.6,,3.4,160,100,392
102,백령도,2019-06-03 05:00,14.6,,3.8,180,100,388
102,백령도,2019-06-03 06:00,15.8,,7.8,180,100,634
102,백령도,2019-06-03 07:00,15.6,,7.7,140,100,866
102,백령도,2019-06-03 08:00,15.6,,3.8,140,99,875
102,백령도,2019-06-03 09:00,16.3,,4.3,290,95,1862
102,백령도,2019-06-03 10:00,16.4,0,1.4,160,96,1421
102,백령도,2019-06-03 11:00,17.6,,2.8,70,89,2095
102,백령도,2019-06-03 12:00,17.3,,6.2,160,89,2601
102,백령도,2019-06-03 13:00,15.4,1.3,8,140,98,480
102,백령도,2019-06-03 14:00,16.9,0,10.1,160,90,2104
102,백령도,2019-06-03 15:00,16.8,,10,160,89,2197
102,백령도,2019-06-03 16:00,19.2,,6.6,160,75,2696
102,백령도,2019-06-03 17:00,18.5,,5.9,180,75,2574
102,백령도,2019-06-03 18:00,18,,5.3,180,82,2634
102,백령도,2019-06-03 19:00,16.8,,3.5,200,88,2424
102,백령도,2019-06-03 20:00,16.5,,4.8,180,88,2541
102,백령도,2019-06-03 21:00,16.4,,2.8,160,86,2797
102,백령도,2019-06-03 22:00,15.4,,2.1,160,94,1908
102,백령도,2019-06-03 23:00,15.6,,1.2,160,94,1854
102,백령도,2019-06-04 00:00,15.4,,1.5,180,94,1703
102,백령도,2019-06-04 01:00,15.8,0,5,180,97,765
102,백령도,2019-06-04 02:00,15.6,1.1,6.2,160,99,365
102,백령도,2019-06-04 03:00,15.6,.3,6.4,160,100,595
102,백령도,2019-06-04 04:00,15.8,,4.6,160,100,468
102,백령도,2019-06-04 05:00,15.2,,3.6,160,100,346
102,백령도,2019-06-04 06:00,15.2,,4.1,140,100,381
102,백령도,2019-06-04 07:00,15,,4.5,160,100,255
102,백령도,2019-06-04 08:00,14.9,,5.2,140,100,49
102,백령도,2019-06-04 09:00,15.4,,4.5,140,100,78
102,백령도,2019-06-04 10:00,15.7,,3.7,140,100,135
102,백령도,2019-06-04 11:00,16.1,,3.4,160,100,461
102,백령도,2019-06-04 12:00,16.6,,1.9,160,100,814
102,백령도,2019-06-04 13:00,17,,2.2,200,99,638
102,백령도,2019-06-04 14:00,17,,2.4,140,95,1005
102,백령도,2019-06-04 15:00,16.6,,2.3,180,96,1082
102,백령도,2019-06-04 16:00,18,,1.5,180,94,1440
102,백령도,2019-06-04 17:00,17.5,,2.3,180,93,1617
102,백령도,2019-06-04 18:00,16.5,,1.5,200,96,1051
102,백령도,2019-06-04 19:00,17.1,,.7,160,96,1484
102,백령도,2019-06-04 20:00,16.4,,2.7,160,97,1340
102,백령도,2019-06-04 21:00,16,,.8,200,100,539
102,백령도,2019-06-04 22:00,16.4,,2.6,200,100,880
102,백령도,2019-06-04 23:00,14.7,,2.7,90,99,370
102,백령도,2019-06-05 00:00,16.2,,1.7,230,100,821
102,백령도,2019-06-05 01:00,16.3,,1.5,200,100,474
102,백령도,2019-06-05 02:00,14.8,,1.6,110,100,27
102,백령도,2019-06-05 03:00,14.8,,3,140,100,24
102,백령도,2019-06-05 04:00,15.1,0,3.8,160,100,26
102,백령도,2019-06-05 05:00,15.1,0,3.9,140,100,29
102,백령도,2019-06-05 06:00,15.3,0,3.7,140,100,58
102,백령도,2019-06-05 07:00,15.2,0,2.8,140,100,89
102,백령도,2019-06-05 08:00,15.5,0,3.2,140,100,99
102,백령도,2019-06-05 09:00,15.7,0,3.6,140,100,91
102,백령도,2019-06-05 10:00,15.9,0,3.5,140,100,129
102,백령도,2019-06-05 11:00,16.3,0,2.7,180,100,850
102,백령도,2019-06-05 12:00,16.3,0,2.9,180,100,411
102,백령도,2019-06-05 13:00,16.7,0,3.1,160,100,1465
102,백령도,2019-06-05 14:00,16.8,,2.4,160,99,688
102,백령도,2019-06-05 15:00,16.3,,3.6,140,99,776
102,백령도,2019-06-05 16:00,15.9,,5.4,160,100,276
102,백령도,2019-06-05 17:00,15.6,0,7,160,100,224
102,백령도,2019-06-05 18:00,15.4,,1.6,200,100,267
102,백령도,2019-06-05 19:00,16.8,,2.6,200,100,2299
102,백령도,2019-06-05 20:00,16.2,,3.3,180,100,900
102,백령도,2019-06-05 21:00,16,,1.8,230,100,861
102,백령도,2019-06-05 22:00,15.8,,.9,160,100,352
102,백령도,2019-06-05 23:00,15.7,,1.4,200,100,45
102,백령도,2019-06-06 00:00,15.5,,1,180,100,33
102,백령도,2019-06-06 01:00,15.6,,1.4,160,100,90
102,백령도,2019-06-06 02:00,15.4,,.9,200,100,80
102,백령도,2019-06-06 03:00,15.2,,.1,0,100,432
102,백령도,2019-06-06 04:00,14.5,,.5,90,100,54
102,백령도,2019-06-06 05:00,14.4,,1.3,90,100,55
102,백령도,2019-06-06 06:00,14.6,,3.7,90,100,35
102,백령도,2019-06-06 07:00,14.8,0,3.8,140,100,44
102,백령도,2019-06-06 08:00,14.8,0,4.2,160,100,56
102,백령도,2019-06-06 09:00,14.7,0,4.6,140,100,65
102,백령도,2019-06-06 10:00,15,0,5.1,140,100,301
102,백령도,2019-06-06 11:00,14.9,0,4.1,160,100,66
102,백령도,2019-06-06 12:00,15.1,0,1.2,110,100,90
102,백령도,2019-06-06 13:00,15,0,1.4,180,100,424
102,백령도,2019-06-06 14:00,15.9,0,.7,110,100,935
102,백령도,2019-06-06 15:00,16.3,1.2,1.5,230,100,1192
102,백령도,2019-06-06 16:00,15.9,1,1.4,70,100,807
102,백령도,2019-06-06 17:00,15.8,3.3,3.8,360,100,485
102,백령도,2019-06-06 18:00,16,2.4,3.5,20,100,1265
102,백령도,2019-06-06 19:00,16,.6,3.8,70,100,1114
102,백령도,2019-06-06 20:00,17.1,.6,3.5,50,97,1914
102,백령도,2019-06-06 21:00,16,.1,3.2,70,97,1727
102,백령도,2019-06-06 22:00,16.4,0,4,110,95,2122
102,백령도,2019-06-06 23:00,16.7,0,4.7,90,89,2592
102,백령도,2019-06-07 00:00,17.8,0,4.5,70,83,3091
102,백령도,2019-06-07 01:00,16.2,0,3.9,340,96,1015
102,백령도,2019-06-07 02:00,15.1,2.4,4.7,360,98,441
102,백령도,2019-06-07 03:00,16.2,1,3.1,340,97,721
102,백령도,2019-06-07 04:00,16.2,0,5.4,360,98,793
102,백령도,2019-06-07 05:00,15.5,0,5.5,340,95,1270
102,백령도,2019-06-07 06:00,16.3,0,3.4,50,95,1591
102,백령도,2019-06-07 07:00,16.4,.5,4,340,91,2557
102,백령도,2019-06-07 08:00,16.6,0,3.5,360,93,1543
102,백령도,2019-06-07 09:00,17.6,0,3.3,340,93,1733
102,백령도,2019-06-07 10:00,19.5,,4,340,84,2511
102,백령도,2019-06-07 11:00,19.6,,4.1,340,83,2486
102,백령도,2019-06-07 12:00,19.3,,6.1,360,83,2096
102,백령도,2019-06-07 13:00,20.1,,6.5,340,81,2642
102,백령도,2019-06-07 14:00,20.6,,5.7,340,76,2872
102,백령도,2019-06-07 15:00,20.3,,5,340,75,3051
102,백령도,2019-06-07 16:00,20.7,,4.9,340,71,3510
102,백령도,2019-06-07 17:00,20.6,,3.3,320,72,3264
102,백령도,2019-06-07 18:00,18.4,,3.8,320,79,2258
102,백령도,2019-06-07 19:00,15.6,,6.3,320,91,738
102,백령도,2019-06-07 20:00,15.4,,4.8,320,95,542
102,백령도,2019-06-07 21:00,15.6,,3.7,320,93,758
102,백령도,2019-06-07 22:00,15.8,,1.9,320,90,1184
102,백령도,2019-06-07 23:00,16.3,,3.6,290,86,1348
102,백령도,2019-06-08 00:00,16,,2.2,290,88,1417
102,백령도,2019-06-08 01:00,16.2,,2.3,320,87,1670
102,백령도,2019-06-08 02:00,15.6,,2.3,290,92,960
102,백령도,2019-06-08 03:00,16.9,,0,0,81,1953
102,백령도,2019-06-08 04:00,16.1,,2.2,110,89,1555
102,백령도,2019-06-08 05:00,15.7,,2.2,110,91,1372
102,백령도,2019-06-08 06:00,15.4,,2.3,90,95,1207
102,백령도,2019-06-08 07:00,16.5,,1.1,140,92,1590
102,백령도,2019-06-08 08:00,18.5,,2.6,140,82,2216
102,백령도,2019-06-08 09:00,18.4,,4,180,81,2238
102,백령도,2019-06-08 10:00,18.4,,6.1,180,79,2441
102,백령도,2019-06-08 11:00,20.3,,5.3,160,73,2991
102,백령도,2019-06-08 12:00,20.1,,4,160,76,2727
102,백령도,2019-06-08 13:00,20.1,,3.8,160,77,2856
102,백령도,2019-06-08 14:00,20.4,,4,160,73,3268
102,백령도,2019-06-08 15:00,18.2,,4.9,180,85,2203
102,백령도,2019-06-08 16:00,19,,4.7,200,79,2817
102,백령도,2019-06-08 17:00,18.9,,3.6,180,75,2861
102,백령도,2019-06-08 18:00,17.8,,3,180,84,2399
102,백령도,2019-06-08 19:00,18.1,,2.2,180,81,1976
102,백령도,2019-06-08 20:00,17.2,,3.3,160,86,2352
102,백령도,2019-06-08 21:00,15.7,,3,180,95,1120
102,백령도,2019-06-08 22:00,16.1,,1.9,160,94,1537
102,백령도,2019-06-08 23:00,14.8,,2.5,90,97,919
102,백령도,2019-06-09 00:00,14.9,0,2.5,110,100,617
102,백령도,2019-06-09 01:00,15.8,,1.3,110,98,952
102,백령도,2019-06-09 02:00,15.4,,2,110,99,658
102,백령도,2019-06-09 03:00,15.8,,3,160,99,731
102,백령도,2019-06-09 04:00,15.8,,4,160,99,745
102,백령도,2019-06-09 05:00,15.7,,2.6,140,99,475
102,백령도,2019-06-09 06:00,15.5,,2,180,100,270
102,백령도,2019-06-09 07:00,15.8,,3.7,160,100,519
102,백령도,2019-06-09 08:00,15.7,,5.8,140,100,763
102,백령도,2019-06-09 09:00,16.6,,4.7,140,97,1131
102,백령도,2019-06-09 10:00,15.7,,5.1,160,98,848
102,백령도,2019-06-09 11:00,15.8,,5.2,160,100,384
102,백령도,2019-06-09 12:00,15.3,0,5.7,160,100,118
102,백령도,2019-06-09 13:00,15.3,0,2.9,140,100,146
102,백령도,2019-06-09 14:00,15.6,,4.3,140,100,332
102,백령도,2019-06-09 15:00,16.2,,3.9,140,99,697
102,백령도,2019-06-09 16:00,16.4,,3.2,140,97,1312
102,백령도,2019-06-09 17:00,16.3,,3.1,140,97,1463
102,백령도,2019-06-09 18:00,16.4,0,4.4,140,97,1015
102,백령도,2019-06-09 19:00,15.3,0,1.8,180,99,432
102,백령도,2019-06-09 20:00,15.4,2.7,2.9,160,100,124
102,백령도,2019-06-09 21:00,15.9,1,3.5,160,100,249
102,백령도,2019-06-09 22:00,16.1,.3,3.1,160,100,220
102,백령도,2019-06-09 23:00,15.3,2.7,2.8,160,100,94
102,백령도,2019-06-10 00:00,15.1,0,3.7,160,100,147
102,백령도,2019-06-10 01:00,15.8,5.7,1.6,160,100,120
102,백령도,2019-06-10 02:00,15.8,0,2.2,160,100,124
102,백령도,2019-06-10 03:00,15.5,.1,3.7,160,100,127
102,백령도,2019-06-10 04:00,15.8,.1,3,160,100,156
102,백령도,2019-06-10 05:00,15.7,3.9,3.5,160,100,355
102,백령도,2019-06-10 06:00,14.8,.3,1.9,110,100,34
102,백령도,2019-06-10 07:00,15.1,.2,4.3,140,100,732
102,백령도,2019-06-10 08:00,15.3,.7,3.4,110,100,456
102,백령도,2019-06-10 09:00,15.1,1.5,5.2,110,100,1201
102,백령도,2019-06-10 10:00,15.4,.1,5,110,100,2271
102,백령도,2019-06-10 11:00,15.3,0,4.5,110,100,1443
102,백령도,2019-06-10 12:00,16,,5.2,140,94,3165
102,백령도,2019-06-10 13:00,16.1,,5,110,93,2832
102,백령도,2019-06-10 14:00,17.4,,4,140,90,2886
102,백령도,2019-06-10 15:00,17.7,,4.2,140,86,2509
102,백령도,2019-06-10 16:00,17.8,,3.4,140,81,2972
102,백령도,2019-06-10 17:00,18.1,,3.7,140,81,2586
102,백령도,2019-06-10 18:00,16.8,,3.7,180,86,2300
102,백령도,2019-06-10 19:00,16.8,,2.2,160,87,2060
102,백령도,2019-06-10 20:00,15.4,,.1,0,93,1416
102,백령도,2019-06-10 21:00,14.4,,.5,340,97,1357
102,백령도,2019-06-10 22:00,14.2,,1.1,290,98,1041
102,백령도,2019-06-10 23:00,14.4,,1.6,290,96,1055
102,백령도,2019-06-11 00:00,15.1,,1,290,93,2074
102,백령도,2019-06-11 01:00,15,,.5,180,95,1756
102,백령도,2019-06-11 02:00,14.9,,1.3,90,95,1595
102,백령도,2019-06-11 03:00,14.6,,.8,50,97,1402
102,백령도,2019-06-11 04:00,14.5,,.6,140,99,1199
102,백령도,2019-06-11 05:00,14.3,,2,70,98,2038
102,백령도,2019-06-11 06:00,14.3,,1.8,90,94,3217
102,백령도,2019-06-11 07:00,15.7,,1.9,90,88,3427
102,백령도,2019-06-11 08:00,16.8,,2.5,90,81,3984
102,백령도,2019-06-11 09:00,17.8,,2.7,90,76,3557
102,백령도,2019-06-11 10:00,19.2,,1.9,90,62,3799
102,백령도,2019-06-11 11:00,20.4,,2.3,140,59,4149
102,백령도,2019-06-11 12:00,19.6,,2.4,320,63,3272
102,백령도,2019-06-11 13:00,19.8,,3,320,63,3595
102,백령도,2019-06-11 14:00,20,,3.8,320,67,3045
102,백령도,2019-06-11 15:00,19.2,,4.6,290,71,3564
102,백령도,2019-06-11 16:00,19,,4.7,290,72,3768
102,백령도,2019-06-11 17:00,18.8,,5,320,76,2868
102,백령도,2019-06-11 18:00,18.3,,4.6,320,80,3517
102,백령도,2019-06-11 19:00,17.5,,4.2,290,87,2798
102,백령도,2019-06-11 20:00,16.2,,4.6,320,91,2947
102,백령도,2019-06-11 21:00,15.4,,2.9,290,94,2682
102,백령도,2019-06-11 22:00,14.8,,2,320,93,2658
102,백령도,2019-06-11 23:00,14.9,,2.6,320,92,3169
102,백령도,2019-06-12 00:00,14.5,,1.1,290,94,2761
102,백령도,2019-06-12 01:00,14.4,,1.5,320,96,2687
102,백령도,2019-06-12 02:00,15.1,,.9,320,92,3434
102,백령도,2019-06-12 03:00,14.6,,.9,290,91,4000
102,백령도,2019-06-12 04:00,16,,0,0,80,4841
102,백령도,2019-06-12 05:00,14.7,,.5,270,86,4390
102,백령도,2019-06-12 06:00,15.8,,1.1,340,83,4713
102,백령도,2019-06-12 07:00,16.4,,1.2,340,84,3927
102,백령도,2019-06-12 08:00,18.2,,.9,90,78,3616
102,백령도,2019-06-12 09:00,19.7,,1.3,250,72,4282
102,백령도,2019-06-12 10:00,19.9,,2.7,320,64,3972
102,백령도,2019-06-12 11:00,20.6,,1.2,270,66,4101
102,백령도,2019-06-12 12:00,21.5,,3.2,320,63,3981
102,백령도,2019-06-12 13:00,22,,2.3,230,60,3571
102,백령도,2019-06-12 14:00,22.5,,2.3,290,61,3476
102,백령도,2019-06-12 15:00,22.2,,1.8,90,61,2943
102,백령도,2019-06-12 16:00,21.8,,1.6,90,63,3042
102,백령도,2019-06-12 17:00,21.8,,1.3,90,65,2906
102,백령도,2019-06-12 18:00,21.4,,1.2,200,58,3029
102,백령도,2019-06-12 19:00,20.4,,1.3,200,60,3544
102,백령도,2019-06-12 20:00,18.5,,1,200,68,3550
102,백령도,2019-06-12 21:00,17.5,,3.1,180,94,1054
102,백령도,2019-06-12 22:00,17.4,,1.9,200,93,1295
102,백령도,2019-06-12 23:00,17.5,,2.3,230,95,1080
102,백령도,2019-06-13 00:00,14.7,,.9,110,100,152
102,백령도,2019-06-13 01:00,14.9,,1.8,90,100,13
102,백령도,2019-06-13 02:00,15.7,,1.6,110,100,98
102,백령도,2019-06-13 03:00,15.6,,1.5,110,100,246
102,백령도,2019-06-13 04:00,14.8,,1.4,110,100,74
102,백령도,2019-06-13 05:00,15.1,,2,180,100,90
102,백령도,2019-06-13 06:00,16,,2.2,140,100,93
102,백령도,2019-06-13 07:00,15.9,,1.4,110,100,84
102,백령도,2019-06-13 08:00,16.5,,2.8,140,100,1102
102,백령도,2019-06-13 09:00,18.5,,2.8,180,94,1185
102,백령도,2019-06-13 10:00,18.5,,3.4,160,90,1989
102,백령도,2019-06-13 11:00,18.1,,4.9,180,91,1720
102,백령도,2019-06-13 12:00,19.2,,5.4,180,89,1689
102,백령도,2019-06-13 13:00,18.9,,4.4,180,87,1454
102,백령도,2019-06-13 14:00,19.8,,4.1,160,87,1660
102,백령도,2019-06-13 15:00,19.8,,5.7,160,89,1663
102,백령도,2019-06-13 16:00,19.8,,4.4,180,84,2021
102,백령도,2019-06-13 17:00,19.3,,3.5,200,87,2032
102,백령도,2019-06-13 18:00,19,,2.5,200,88,1951
102,백령도,2019-06-13 19:00,18.4,,2,180,91,1550
102,백령도,2019-06-13 20:00,17.5,,1.5,180,97,968
102,백령도,2019-06-13 21:00,16.9,,2.3,140,98,754
102,백령도,2019-06-13 22:00,16.5,,.3,0,100,496
102,백령도,2019-06-13 23:00,16.1,,2.9,180,100,147
102,백령도,2019-06-14 00:00,16.1,,2.1,180,100,284
102,백령도,2019-06-14 01:00,15.9,,2.5,180,100,51
102,백령도,2019-06-14 02:00,15.2,,3.3,180,100,44
102,백령도,2019-06-14 03:00,16,,1.9,200,100,625
102,백령도,2019-06-14 04:00,16,,1.4,140,100,655
102,백령도,2019-06-14 05:00,15.3,,.4,0,100,704
102,백령도,2019-06-14 06:00,14.9,,2,90,100,23
102,백령도,2019-06-14 07:00,15.9,,1.8,90,100,153
102,백령도,2019-06-14 08:00,16.2,,1.3,70,100,95
102,백령도,2019-06-14 09:00,16.7,,.7,160,100,636
102,백령도,2019-06-14 10:00,17.2,,.5,230,100,758
102,백령도,2019-06-14 11:00,18,0,.3,0,99,962
102,백령도,2019-06-14 12:00,18.2,0,.8,90,95,1410
102,백령도,2019-06-14 13:00,18.4,0,.5,200,92,1233
102,백령도,2019-06-14 14:00,19.3,,2.5,180,84,1580
102,백령도,2019-06-14 15:00,19.7,,2.5,180,78,1654
102,백령도,2019-06-14 16:00,21.4,,1.6,50,74,1794
102,백령도,2019-06-14 17:00,19.7,,3.1,320,85,1738
102,백령도,2019-06-14 18:00,19.3,,3,340,87,1999
102,백령도,2019-06-14 19:00,19,,1.2,290,90,1537
102,백령도,2019-06-14 20:00,17.4,,1.7,290,96,869
102,백령도,2019-06-14 21:00,16.8,,3.3,320,99,544
102,백령도,2019-06-14 22:00,16.6,.7,3,320,100,127
102,백령도,2019-06-14 23:00,16,.1,.7,270,100,636
102,백령도,2019-06-15 00:00,15.4,,3.5,320,100,25
102,백령도,2019-06-15 01:00,15.5,,3.1,340,100,828
102,백령도,2019-06-15 02:00,15.2,,2.5,340,100,768
102,백령도,2019-06-15 03:00,14.7,,2.5,290,100,25
102,백령도,2019-06-15 04:00,14.4,,3.6,320,100,453
102,백령도,2019-06-15 05:00,13.9,,2.8,290,100,22
102,백령도,2019-06-15 06:00,13.3,,3.3,320,100,19
102,백령도,2019-06-15 07:00,13.6,,3.1,320,100,55
102,백령도,2019-06-15 08:00,14.8,,3.8,320,100,51
102,백령도,2019-06-15 09:00,15.6,,6,340,100,740
102,백령도,2019-06-15 10:00,16.7,,5.2,340,100,756
102,백령도,2019-06-15 11:00,15.4,,4.5,320,98,381
102,백령도,2019-06-15 12:00,15.2,,5.4,290,98,94
102,백령도,2019-06-15 13:00,16.2,,5.6,290,99,770
102,백령도,2019-06-15 14:00,18.4,,5.6,340,82,1893
102,백령도,2019-06-15 15:00,18.5,,5.1,320,78,2224
102,백령도,2019-06-15 16:00,18.4,,5.8,320,76,2197
102,백령도,2019-06-15 17:00,18.3,,5.6,320,78,1917
102,백령도,2019-06-15 18:00,17.4,,6,320,77,2116
102,백령도,2019-06-15 19:00,16.9,,5.4,320,80,2421
102,백령도,2019-06-15 20:00,16,,4.5,320,84,2548
102,백령도,2019-06-15 21:00,16.4,,6.3,320,82,2627
102,백령도,2019-06-15 22:00,16.5,,5.2,340,79,2774
102,백령도,2019-06-15 23:00,16.3,,6.1,320,82,2675
102,백령도,2019-06-16 00:00,15.6,,4.5,340,87,2496
102,백령도,2019-06-16 01:00,15.2,,5,340,89,2522
102,백령도,2019-06-16 02:00,15.8,,5.4,340,86,3429
102,백령도,2019-06-16 03:00,15.2,,3.6,340,88,3635
102,백령도,2019-06-16 04:00,14.8,,3.3,340,92,3355
102,백령도,2019-06-16 05:00,14.8,,3.6,340,91,3575
102,백령도,2019-06-16 06:00,14.5,,4.4,320,93,3084
102,백령도,2019-06-16 07:00,15,,4.5,290,91,2757
102,백령도,2019-06-16 08:00,15.6,,3.4,320,88,3008
102,백령도,2019-06-16 09:00,16.9,,3.3,290,84,2862
102,백령도,2019-06-16 10:00,16.3,,4.6,320,85,2835
102,백령도,2019-06-16 11:00,17.9,,4.3,320,81,2780
102,백령도,2019-06-16 12:00,18.3,,3.8,320,79,2941
102,백령도,2019-06-16 13:00,19.1,,5.2,320,81,3007
102,백령도,2019-06-16 14:00,19.3,,4.6,320,75,2778
102,백령도,2019-06-16 15:00,18,,4.8,320,75,3409
102,백령도,2019-06-16 16:00,18.1,,5.1,320,78,2950
102,백령도,2019-06-16 17:00,18.3,,4,320,79,2000
102,백령도,2019-06-16 18:00,16.3,,5.4,320,87,2881
102,백령도,2019-06-16 19:00,16.5,,3.5,320,87,2783
102,백령도,2019-06-16 20:00,15.8,,3.6,320,91,2360
102,백령도,2019-06-16 21:00,15.6,,3,320,92,2159
102,백령도,2019-06-16 22:00,15.8,,1.8,290,91,2374
102,백령도,2019-06-16 23:00,15.7,,3.4,290,94,1911
102,백령도,2019-06-17 00:00,15.9,0,2,320,97,1532
102,백령도,2019-06-17 01:00,16.2,,2.2,290,97,1420
102,백령도,2019-06-17 02:00,16.4,,2.4,320,97,1306
102,백령도,2019-06-17 03:00,15.7,,1.7,320,97,1084
102,백령도,2019-06-17 04:00,15.3,,1.5,270,99,683
102,백령도,2019-06-17 05:00,15.6,,1.1,320,99,478
102,백령도,2019-06-17 06:00,15.9,,1.2,200,98,696
102,백령도,2019-06-17 07:00,17.5,,0,0,93,1218
102,백령도,2019-06-17 08:00,18.3,,.9,360,89,1436
102,백령도,2019-06-17 09:00,20.2,,1.3,90,80,1544
102,백령도,2019-06-17 10:00,21.3,,3.2,160,77,1616
102,백령도,2019-06-17 11:00,21.4,,3.2,50,73,1928
102,백령도,2019-06-17 12:00,21.3,,3.8,180,68,2084
102,백령도,2019-06-17 13:00,21.7,,3.9,180,68,2196
102,백령도,2019-06-17 14:00,21.8,,3.6,180,71,2213
102,백령도,2019-06-17 15:00,21.4,,4.2,180,70,2318
102,백령도,2019-06-17 16:00,21.1,,3.2,230,71,2501
102,백령도,2019-06-17 17:00,19.5,,3.5,180,81,2030
102,백령도,2019-06-17 18:00,19.6,,2.9,200,83,1903
102,백령도,2019-06-17 19:00,18.2,,3.4,180,92,1847
102,백령도,2019-06-17 20:00,17.8,,4.1,160,96,1389
102,백령도,2019-06-17 21:00,17.8,,4.7,160,96,1193
102,백령도,2019-06-17 22:00,17,,4.4,180,99,597
102,백령도,2019-06-17 23:00,17.6,,4.5,180,97,1088
102,백령도,2019-06-18 00:00,16.8,,3.5,180,97,800
102,백령도,2019-06-18 01:00,16.4,,3.2,180,99,585
102,백령도,2019-06-18 02:00,17,,3.5,140,96,1221
102,백령도,2019-06-18 03:00,17.1,,3.2,140,97,1084
102,백령도,2019-06-18 04:00,16.8,,3.9,140,98,1257
102,백령도,2019-06-18 05:00,16.3,,3.6,140,99,1002
102,백령도,2019-06-18 06:00,16.4,,3.5,110,99,1063
102,백령도,2019-06-18 07:00,17.3,,3.8,140,92,1975
102,백령도,2019-06-18 08:00,17.2,,7.4,140,93,1791
102,백령도,2019-06-18 09:00,17.5,,7.9,140,93,2183
102,백령도,2019-06-18 10:00,17.5,,8.1,140,91,2218
102,백령도,2019-06-18 11:00,17.4,,7.3,140,92,1971
102,백령도,2019-06-18 12:00,18,,5.4,140,94,1558
102,백령도,2019-06-18 13:00,19.3,,3.6,140,92,1355
102,백령도,2019-06-18 14:00,19.4,,3.2,160,89,1530
102,백령도,2019-06-18 15:00,20.3,,3.6,180,86,1851
102,백령도,2019-06-18 16:00,19.6,,4,180,93,1607
102,백령도,2019-06-18 17:00,18.6,.1,2.3,140,97,848
102,백령도,2019-06-18 18:00,18.2,2,5.1,160,100,575
102,백령도,2019-06-18 19:00,17.6,0,2.8,180,98,984
102,백령도,2019-06-18 20:00,16.8,3.8,2.9,180,99,155
102,백령도,2019-06-18 21:00,18.4,.2,4.2,200,96,1264
102,백령도,2019-06-18 22:00,18.2,1.7,3.1,200,96,1037
102,백령도,2019-06-18 23:00,17.2,.2,5,180,97,868
102,백령도,2019-06-19 00:00,17.5,0,3.5,180,98,910
102,백령도,2019-06-19 01:00,18.4,,2.4,230,97,1354
102,백령도,2019-06-19 02:00,17.4,1.4,7.2,200,99,471
102,백령도,2019-06-19 03:00,18.4,.4,5.5,230,98,970
102,백령도,2019-06-19 04:00,18.2,2,3.2,230,99,980
102,백령도,2019-06-19 05:00,18.4,0,4,230,98,993
102,백령도,2019-06-19 06:00,18.6,0,4,230,99,933
102,백령도,2019-06-19 07:00,19.1,,3.3,250,97,944
102,백령도,2019-06-19 08:00,18.9,0,2.9,230,98,741
102,백령도,2019-06-19 09:00,19.5,0,3.5,250,95,1327
102,백령도,2019-06-19 10:00,19.8,,3.6,250,95,1372
102,백령도,2019-06-19 11:00,20.4,,2,250,92,1615
102,백령도,2019-06-19 12:00,19.2,,3.1,180,96,816
102,백령도,2019-06-19 13:00,20.5,,3.5,180,93,923
102,백령도,2019-06-19 14:00,20.6,,3,200,91,1273
102,백령도,2019-06-19 15:00,20.3,,3.2,230,91,1615
102,백령도,2019-06-19 16:00,20.1,,3,250,93,1304
102,백령도,2019-06-19 17:00,19.7,,2.2,200,96,849
102,백령도,2019-06-19 18:00,19.5,,1.8,250,95,741
102,백령도,2019-06-19 19:00,19.1,,1.8,230,97,579
102,백령도,2019-06-19 20:00,18.9,,1.2,230,99,484
102,백령도,2019-06-19 21:00,18.7,,.6,180,99,343
102,백령도,2019-06-19 22:00,18.5,,.2,0,100,332
102,백령도,2019-06-19 23:00,18.1,,.9,180,100,179
102,백령도,2019-06-20 00:00,17.9,,1.2,200,100,31
102,백령도,2019-06-20 01:00,18.2,,1.8,200,100,35
102,백령도,2019-06-20 02:00,18.1,,1.4,230,100,45
102,백령도,2019-06-20 03:00,17.9,,.8,180,100,63
102,백령도,2019-06-20 04:00,17.7,,.5,110,100,541
102,백령도,2019-06-20 05:00,17.4,0,1.7,180,100,487
102,백령도,2019-06-20 06:00,17.7,0,1.1,160,100,459
102,백령도,2019-06-20 07:00,17.7,,1.2,160,100,484
102,백령도,2019-06-20 08:00,18.1,,1.8,200,100,913
102,백령도,2019-06-20 09:00,18.9,,2,200,100,1150
102,백령도,2019-06-20 10:00,18.6,0,2.1,180,100,656
102,백령도,2019-06-20 11:00,20.1,0,2.7,180,95,1678
102,백령도,2019-06-20 12:00,19.1,,2.4,200,97,1045
102,백령도,2019-06-20 13:00,19.3,,2.8,200,98,1172
102,백령도,2019-06-20 14:00,20.1,,2.6,180,93,1791
102,백령도,2019-06-20 15:00,20.1,,3,180,91,1845
102,백령도,2019-06-20 16:00,20,,2.1,200,91,1789
102,백령도,2019-06-20 17:00,19.5,,1.9,180,93,1631
102,백령도,2019-06-20 18:00,19.5,,2.1,200,95,1963
102,백령도,2019-06-20 19:00,19.3,,2,200,96,1227
102,백령도,2019-06-20 20:00,19.2,,1.7,200,97,805
102,백령도,2019-06-20 21:00,18.6,,2.5,180,98,805
102,백령도,2019-06-20 22:00,18.4,,.9,160,99,774
102,백령도,2019-06-20 23:00,17.8,,1.8,180,100,356
102,백령도,2019-06-21 00:00,18.2,,1,180,100,426
102,백령도,2019-06-21 01:00,18.7,,2.5,200,100,624
102,백령도,2019-06-21 02:00,18.5,,2,180,100,501
102,백령도,2019-06-21 03:00,18.6,,.7,180,100,525
102,백령도,2019-06-21 04:00,18.5,,1.8,200,100,513
102,백령도,2019-06-21 05:00,18.3,,1.1,160,100,515
102,백령도,2019-06-21 06:00,18.1,,1.3,180,100,475
102,백령도,2019-06-21 07:00,18.9,,.2,0,100,679
102,백령도,2019-06-21 08:00,19.5,,1.7,250,99,1023
102,백령도,2019-06-21 09:00,19.8,,1.4,200,97,742
102,백령도,2019-06-21 10:00,19,,1.9,340,98,1010
102,백령도,2019-06-21 11:00,20.6,,2.5,320,93,1556
102,백령도,2019-06-21 12:00,20.3,,2.4,320,93,1317
102,백령도,2019-06-21 13:00,20.7,,3.2,290,92,1544
102,백령도,2019-06-21 14:00,21.4,,2.4,320,90,1733
102,백령도,2019-06-21 15:00,20.4,,2.5,290,92,1591
102,백령도,2019-06-21 16:00,18.6,,3.6,320,94,1536
102,백령도,2019-06-21 17:00,17.1,,2.6,290,99,1295
102,백령도,2019-06-21 18:00,17.3,,2.9,320,99,298
102,백령도,2019-06-21 19:00,15.2,,3.4,320,99,74
102,백령도,2019-06-21 20:00,15.3,,3.1,320,100,22
102,백령도,2019-06-21 21:00,15.7,,3.6,320,100,20
102,백령도,2019-06-21 22:00,15.5,,2.9,320,100,34
102,백령도,2019-06-21 23:00,16.1,,3.9,320,100,25
102,백령도,2019-06-22 00:00,16.2,,3,320,100,20
102,백령도,2019-06-22 01:00,16.4,,2,320,100,10
102,백령도,2019-06-22 02:00,16.3,,1.1,320,100,159
102,백령도,2019-06-22 03:00,16.9,,.8,270,100,479
102,백령도,2019-06-22 04:00,16.9,,.7,340,100,732
102,백령도,2019-06-22 05:00,15.6,,1.6,90,100,291
102,백령도,2019-06-22 06:00,15.7,,1.1,110,100,378
102,백령도,2019-06-22 07:00,17,,1.3,90,100,668
102,백령도,2019-06-22 08:00,18.6,,2.5,110,96,1248
102,백령도,2019-06-22 09:00,20.2,,2.5,90,79,3334
102,백령도,2019-06-22 10:00,21.8,,2.5,140,70,3890
102,백령도,2019-06-22 11:00,22.5,,2.7,140,62,4473
102,백령도,2019-06-22 12:00,20.4,,3,320,77,2866
102,백령도,2019-06-22 13:00,20,,4,290,83,2321
102,백령도,2019-06-22 14:00,21.2,,4.3,290,72,3489
102,백령도,2019-06-22 15:00,21,,4,320,71,3604
102,백령도,2019-06-22 16:00,20.8,,4.8,320,72,2958
102,백령도,2019-06-22 17:00,20.9,,5,320,62,3640
102,백령도,2019-06-22 18:00,20,,3.8,320,69,3326
102,백령도,2019-06-22 19:00,18.5,,2.4,320,78,2324
102,백령도,2019-06-22 20:00,17,,2,320,85,2217
102,백령도,2019-06-22 21:00,16.5,,3.1,320,86,2003
102,백령도,2019-06-22 22:00,16.2,,2.1,320,84,2055
102,백령도,2019-06-22 23:00,16.3,,2.6,320,84,2328
102,백령도,2019-06-23 00:00,16.8,,1.5,290,82,2742
102,백령도,2019-06-23 01:00,19,,1.4,50,67,4705
102,백령도,2019-06-23 02:00,17.3,,5.9,360,81,3289
102,백령도,2019-06-23 03:00,18.1,,4,340,81,3275
102,백령도,2019-06-23 04:00,18.6,,.9,50,76,3660
102,백령도,2019-06-23 05:00,18.2,,1.7,70,78,3600
102,백령도,2019-06-23 06:00,18.6,,1.4,90,78,3470
102,백령도,2019-06-23 07:00,20.5,,.7,90,75,3035
102,백령도,2019-06-23 08:00,21.6,,.7,110,66,3087
102,백령도,2019-06-23 09:00,23.2,,2.1,110,54,4229
102,백령도,2019-06-23 10:00,24.1,,2.3,140,47,4552
102,백령도,2019-06-23 11:00,24.6,,3.2,110,41,4581
102,백령도,2019-06-23 12:00,24.3,,3.4,180,40,4699
102,백령도,2019-06-23 13:00,24.5,,2.9,180,37,4871
102,백령도,2019-06-23 14:00,23.5,,3.5,290,48,4514
102,백령도,2019-06-23 15:00,25.5,,1.2,70,42,4541
102,백령도,2019-06-23 16:00,25.5,,1,140,44,4281
102,백령도,2019-06-23 17:00,24.1,,2.8,320,46,4732
102,백령도,2019-06-23 18:00,23.8,,3,290,46,4574
102,백령도,2019-06-23 19:00,22.6,,3,290,49,4770
102,백령도,2019-06-23 20:00,20.2,,2.6,290,70,4674
102,백령도,2019-06-23 21:00,19.1,,2.8,290,77,4381
102,백령도,2019-06-23 22:00,18.9,,3.2,290,88,3375
102,백령도,2019-06-23 23:00,18.4,,2.4,320,93,2429
102,백령도,2019-06-24 00:00,18.1,,.6,320,96,1867
102,백령도,2019-06-24 01:00,17.8,,.3,0,96,1566
102,백령도,2019-06-24 02:00,17.8,,1,320,100,403
102,백령도,2019-06-24 03:00,17.9,,2.2,290,100,293
102,백령도,2019-06-24 04:00,18,,0,0,100,435
102,백령도,2019-06-24 05:00,17.3,,.6,290,100,270
102,백령도,2019-06-24 06:00,18.5,,.9,340,100,25
102,백령도,2019-06-24 07:00,18.4,,.6,320,100,17
102,백령도,2019-06-24 08:00,19.1,,.5,160,100,1505
102,백령도,2019-06-24 09:00,22,,1.3,140,82,3091
102,백령도,2019-06-24 10:00,23,,1.4,340,72,4049
102,백령도,2019-06-24 11:00,23.7,,1.1,340,70,3616
102,백령도,2019-06-24 12:00,25.2,,1.2,340,59,4219
102,백령도,2019-06-24 13:00,25.3,,1.7,90,54,4528
102,백령도,2019-06-24 14:00,25.2,,2.1,70,53,4221
102,백령도,2019-06-24 15:00,26.1,,3.4,250,44,4399
102,백령도,2019-06-24 16:00,25.8,,2.9,200,52,3890
102,백령도,2019-06-24 17:00,25,,3.1,200,54,4246
102,백령도,2019-06-24 18:00,24.3,,3.9,230,57,4029
102,백령도,2019-06-24 19:00,22.6,,3.5,230,73,2871
102,백령도,2019-06-24 20:00,21.3,,2.9,250,79,2591
102,백령도,2019-06-24 21:00,20.7,,2.2,230,79,3172
102,백령도,2019-06-24 22:00,20.3,,2,200,90,1758
102,백령도,2019-06-24 23:00,19.1,,1.8,180,97,493
102,백령도,2019-06-25 00:00,16.8,,1.7,140,97,221
102,백령도,2019-06-25 01:00,16.5,,1.1,140,100,656
102,백령도,2019-06-25 02:00,16.8,,1.4,110,100,449
102,백령도,2019-06-25 03:00,17.1,,.7,110,100,188
102,백령도,2019-06-25 04:00,17.3,,1.4,90,100,53
102,백령도,2019-06-25 05:00,17.2,,1.6,90,100,51
102,백령도,2019-06-25 06:00,16.5,,1.9,90,100,26
102,백령도,2019-06-25 07:00,16.8,,1.7,110,100,281
102,백령도,2019-06-25 08:00,17.6,,2.6,110,100,1001
102,백령도,2019-06-25 09:00,19.8,,3.2,110,97,1368
102,백령도,2019-06-25 10:00,20.5,,3.8,140,88,1987
102,백령도,2019-06-25 11:00,21.4,,3.5,160,85,2666
102,백령도,2019-06-25 12:00,22.5,,3.5,160,80,2405
102,백령도,2019-06-25 13:00,22.3,,3.8,160,80,2694
102,백령도,2019-06-25 14:00,21.8,,5.1,160,83,2448
102,백령도,2019-06-25 15:00,22,,3.4,180,82,2491
102,백령도,2019-06-25 16:00,21.4,,3,200,83,2592
102,백령도,2019-06-25 17:00,22.1,,2.6,180,83,2528
102,백령도,2019-06-25 18:00,20.1,,1.5,110,90,2815
102,백령도,2019-06-25 19:00,18.9,,1,180,96,1574
102,백령도,2019-06-25 20:00,19,,.9,180,95,1708
102,백령도,2019-06-25 21:00,17,,1.2,110,97,1921
102,백령도,2019-06-25 22:00,16.4,,1.8,110,98,1569
102,백령도,2019-06-25 23:00,16.3,,.8,140,100,19
102,백령도,2019-06-26 00:00,17.2,,1.3,110,100,534
102,백령도,2019-06-26 01:00,16.7,,1.1,360,100,1140
102,백령도,2019-06-26 02:00,16.9,,.4,0,100,1793
102,백령도,2019-06-26 03:00,16.2,,1.8,290,99,935
102,백령도,2019-06-26 04:00,18.3,,1.3,50,82,3133
102,백령도,2019-06-26 05:00,17.8,,1.3,70,84,3473
102,백령도,2019-06-26 06:00,18.2,,.3,0,83,2925
102,백령도,2019-06-26 07:00,17.9,,.3,0,91,1712
102,백령도,2019-06-26 08:00,20.2,,1.8,70,79,2721
102,백령도,2019-06-26 09:00,20,,2.2,90,84,2547
102,백령도,2019-06-26 10:00,21.8,,2.3,110,69,2829
102,백령도,2019-06-26 11:00,24.1,,1.6,110,58,3677
102,백령도,2019-06-26 12:00,22,,1.8,320,69,3009
102,백령도,2019-06-26 13:00,24.6,,2.6,180,54,3938
102,백령도,2019-06-26 14:00,25.4,,2.5,160,53,3761
102,백령도,2019-06-26 15:00,26.7,,1.9,110,53,3678
102,백령도,2019-06-26 16:00,24.1,,1.9,320,60,3734
102,백령도,2019-06-26 17:00,23.5,,3,200,65,2890
102,백령도,2019-06-26 18:00,22.7,,2.7,290,58,3639
102,백령도,2019-06-26 19:00,22.7,,2.3,140,66,2356
102,백령도,2019-06-26 20:00,20.3,,1.3,180,79,1891
102,백령도,2019-06-26 21:00,19.4,,2.8,290,79,2149
102,백령도,2019-06-26 22:00,18.2,,1.5,290,84,2117
102,백령도,2019-06-26 23:00,18.3,,1.8,290,81,2283
102,백령도,2019-06-27 00:00,18.6,,1.7,290,74,2940
102,백령도,2019-06-27 01:00,18.7,,2.2,320,70,3620
102,백령도,2019-06-27 02:00,17.7,,2.4,320,74,3528
102,백령도,2019-06-27 03:00,17.2,,1.7,290,79,2757
102,백령도,2019-06-27 04:00,17.1,,2.1,320,82,2144
102,백령도,2019-06-27 05:00,17.4,,2.5,320,80,2219
102,백령도,2019-06-27 06:00,18.1,,2,320,75,2870
102,백령도,2019-06-27 07:00,18.3,,2.7,340,81,1939
102,백령도,2019-06-27 08:00,20.7,,2.6,320,70,2716
102,백령도,2019-06-27 09:00,22.7,,2.9,320,58,3637
102,백령도,2019-06-27 10:00,21.9,,3.4,320,66,2816
102,백령도,2019-06-27 11:00,22.3,,3.9,320,70,2512
102,백령도,2019-06-27 12:00,23.3,,4.2,320,60,3177
102,백령도,2019-06-27 13:00,21.8,,5.8,320,71,2663
102,백령도,2019-06-27 14:00,20.2,,5.6,320,76,1605
102,백령도,2019-06-27 15:00,19.8,,5.6,320,80,1486
102,백령도,2019-06-27 16:00,22.3,,5.9,320,61,2844
102,백령도,2019-06-27 17:00,21.4,,5.9,320,73,2968
102,백령도,2019-06-27 18:00,21.1,,5.5,320,71,3796
102,백령도,2019-06-27 19:00,19.8,,5.9,290,86,2907
102,백령도,2019-06-27 20:00,19.8,,4.5,320,83,3733
102,백령도,2019-06-27 21:00,19.9,,4.1,320,76,4528
102,백령도,2019-06-27 22:00,19.5,,2.7,320,77,4486
102,백령도,2019-06-27 23:00,19.6,,3.3,290,69,4848
102,백령도,2019-06-28 00:00,19.3,,2.8,320,76,4844
102,백령도,2019-06-28 01:00,19.9,,2.7,320,79,4233
102,백령도,2019-06-28 02:00,20.2,,.5,290,71,4812
102,백령도,2019-06-28 03:00,20.5,,1.3,290,64,4950
102,백령도,2019-06-28 04:00,20.8,,1.4,320,53,4822
102,백령도,2019-06-28 05:00,21,,.8,250,53,4729
102,백령도,2019-06-28 06:00,20.3,,1.9,290,58,4631
102,백령도,2019-06-28 07:00,21.1,,1.8,290,60,4445
102,백령도,2019-06-28 08:00,22.2,,1.4,290,71,4298
102,백령도,2019-06-28 09:00,23.7,,.7,360,62,3303
102,백령도,2019-06-28 10:00,23.7,,3.4,90,65,3553
102,백령도,2019-06-28 11:00,22.9,,2.4,160,69,3571
102,백령도,2019-06-28 12:00,24.3,,2.9,110,62,3613
102,백령도,2019-06-28 13:00,25.3,,2.1,180,55,3407
102,백령도,2019-06-28 14:00,24.5,,1.5,340,60,3097
102,백령도,2019-06-28 15:00,22.8,,3.7,230,84,1929
102,백령도,2019-06-28 16:00,22.2,0,2.8,180,88,1529
102,백령도,2019-06-28 17:00,21.4,0,1.7,180,94,666
102,백령도,2019-06-28 18:00,20.8,0,2.7,200,96,760
102,백령도,2019-06-28 19:00,21,,1.2,180,96,691
102,백령도,2019-06-28 20:00,20.7,,2.1,200,96,701
102,백령도,2019-06-28 21:00,19.8,.4,2.7,180,98,401
102,백령도,2019-06-28 22:00,19.7,.1,2.3,180,99,308
102,백령도,2019-06-28 23:00,20,0,3,200,96,976
102,백령도,2019-06-29 00:00,20,0,2,180,95,797
102,백령도,2019-06-29 01:00,19.8,,1,180,94,927
102,백령도,2019-06-29 02:00,19.3,0,1.6,140,98,577
102,백령도,2019-06-29 03:00,19,.2,1.2,180,100,200
102,백령도,2019-06-29 04:00,19,.1,1.2,140,100,216
102,백령도,2019-06-29 05:00,19.2,,1.1,160,100,277
102,백령도,2019-06-29 06:00,18.9,,2.5,180,100,80
102,백령도,2019-06-29 07:00,18.7,,2.3,180,100,425
102,백령도,2019-06-29 08:00,19.9,,2.4,180,96,1297
102,백령도,2019-06-29 09:00,21.5,,3.5,160,92,1928
102,백령도,2019-06-29 10:00,21.8,,5,160,84,2292
102,백령도,2019-06-29 11:00,22.2,,4.4,160,81,2433
102,백령도,2019-06-29 12:00,22.5,,4.5,180,77,2747
102,백령도,2019-06-29 13:00,22.5,,4.8,180,74,3193
102,백령도,2019-06-29 14:00,22,,4.6,180,74,3035
102,백령도,2019-06-29 15:00,22.5,,4.7,180,75,3164
102,백령도,2019-06-29 16:00,22.2,,4.9,180,71,3354
102,백령도,2019-06-29 17:00,21.6,,3.3,180,75,3166
102,백령도,2019-06-29 18:00,22.6,,2.1,200,72,3002
102,백령도,2019-06-29 19:00,21,,.8,50,79,3001
102,백령도,2019-06-29 20:00,18.6,,1.5,320,88,2746
102,백령도,2019-06-29 21:00,18.7,,1.1,250,88,2205
102,백령도,2019-06-29 22:00,19,,1.3,290,92,2368
102,백령도,2019-06-29 23:00,19,,1.3,320,93,2142
102,백령도,2019-06-30 00:00,19.1,,1.6,270,95,1757
102,백령도,2019-06-30 01:00,19.7,,1.8,270,97,1302
102,백령도,2019-06-30 02:00,19.5,,1,270,98,920
102,백령도,2019-06-30 03:00,20.2,,2.9,270,99,1090
102,백령도,2019-06-30 04:00,20.7,,1.3,250,99,951
102,백령도,2019-06-30 05:00,20.1,,.1,0,99,870
102,백령도,2019-06-30 06:00,19.3,,.5,160,100,912
102,백령도,2019-06-30 07:00,20.9,,.7,290,99,796
102,백령도,2019-06-30 08:00,21.7,,3.4,290,97,757
102,백령도,2019-06-30 09:00,23.1,,2.6,290,91,988
102,백령도,2019-06-30 10:00,23.1,,3.5,320,90,958
102,백령도,2019-06-30 11:00,23.5,,3.7,290,86,844
102,백령도,2019-06-30 12:00,24,,4,320,80,847
102,백령도,2019-06-30 13:00,21.7,,5.1,320,84,1802
102,백령도,2019-06-30 14:00,22.3,,4.5,320,81,2499
102,백령도,2019-06-30 15:00,22.3,,4.7,320,82,3610
102,백령도,2019-06-30 16:00,22.2,,4.1,320,80,3733
102,백령도,2019-06-30 17:00,22.4,,3.6,320,81,2102
102,백령도,2019-06-30 18:00,21.2,,4.4,320,85,1415
102,백령도,2019-06-30 19:00,21.2,,3.5,290,85,1305
102,백령도,2019-06-30 20:00,20,,2.5,290,89,1131
102,백령도,2019-06-30 21:00,19.1,,1.4,290,94,754
102,백령도,2019-06-30 22:00,18.8,,2.1,290,95,824
102,백령도,2019-06-30 23:00,19.4,,1.1,270,94,917
102,백령도,2019-07-01 00:00,19.4,,1.4,250,92,1077
102,백령도,2019-07-01 01:00,19.2,,1.5,270,92,1167
102,백령도,2019-07-01 02:00,19.1,,2,270,92,1135
102,백령도,2019-07-01 03:00,19.1,,2.7,320,96,912
102,백령도,2019-07-01 04:00,19.4,,2.5,290,97,826
102,백령도,2019-07-01 05:00,19.3,,2.3,320,98,669
102,백령도,2019-07-01 06:00,18.9,,1.9,290,99,493
102,백령도,2019-07-01 07:00,20.4,,.6,320,98,656
102,백령도,2019-07-01 08:00,21.8,,.9,340,91,992
102,백령도,2019-07-01 09:00,23.2,,2.3,360,87,1528
102,백령도,2019-07-01 10:00,23.6,,2.1,340,82,1364
102,백령도,2019-07-01 11:00,24.4,,2.2,200,78,2180
102,백령도,2019-07-01 12:00,23.6,,2.5,320,80,1874
102,백령도,2019-07-01 13:00,25.5,,1.1,90,70,2392
102,백령도,2019-07-01 14:00,26.1,,4,250,63,3260
102,백령도,2019-07-01 15:00,25,,4,250,70,2755
102,백령도,2019-07-01 16:00,24.5,,4.4,200,74,2969
102,백령도,2019-07-01 17:00,24.5,,4.5,250,70,3598
102,백령도,2019-07-01 18:00,24.1,,4.1,250,74,3219
102,백령도,2019-07-01 19:00,23.3,,3.6,270,75,3173
102,백령도,2019-07-01 20:00,22,,1.7,250,82,2598
102,백령도,2019-07-01 21:00,20.7,,1.5,270,90,1682
102,백령도,2019-07-01 22:00,20.7,,1.9,270,85,2571
102,백령도,2019-07-01 23:00,20.7,,1.8,270,86,3287
102,백령도,2019-07-02 00:00,20.4,,1.9,290,88,2943
102,백령도,2019-07-02 01:00,20.4,,2,270,89,2738
102,백령도,2019-07-02 02:00,20.7,,1.7,270,86,3024
102,백령도,2019-07-02 03:00,20.3,,1.6,270,88,2732
102,백령도,2019-07-02 04:00,18.9,,.2,0,96,1419
102,백령도,2019-07-02 05:00,18.7,,.3,0,97,1138
102,백령도,2019-07-02 06:00,18.9,,0,0,98,818
102,백령도,2019-07-02 07:00,20,,.1,0,96,785
102,백령도,2019-07-02 08:00,21,,2,360,96,921
102,백령도,2019-07-02 09:00,22.9,,1.6,90,84,2103
102,백령도,2019-07-02 10:00,24.4,,1.5,140,74,2733
102,백령도,2019-07-02 11:00,24.1,,2.6,200,76,2590
102,백령도,2019-07-02 12:00,25.5,,1.5,160,69,3019
102,백령도,2019-07-02 13:00,26.3,,2.1,200,63,3443
102,백령도,2019-07-02 14:00,27.1,,2.8,290,50,3845
102,백령도,2019-07-02 15:00,27.5,,2.3,290,45,4286
102,백령도,2019-07-02 16:00,26.4,,2.7,270,54,4367
102,백령도,2019-07-02 17:00,25.7,,3.8,230,57,4077
102,백령도,2019-07-02 18:00,25,,3.7,250,59,4003
102,백령도,2019-07-02 19:00,23.7,,2.6,320,74,4095
102,백령도,2019-07-02 20:00,22.2,,1.2,270,78,4038
102,백령도,2019-07-02 21:00,20.7,,.6,140,86,3424
102,백령도,2019-07-02 22:00,19.6,,0,0,89,2867
102,백령도,2019-07-02 23:00,19.6,,.4,0,90,2813
102,백령도,2019-07-03 00:00,19.9,,.2,0,90,2584
102,백령도,2019-07-03 01:00,18.8,,1.1,160,95,1727
102,백령도,2019-07-03 02:00,18.3,,.6,200,98,915
102,백령도,2019-07-03 03:00,18.7,,1.2,110,97,1102
102,백령도,2019-07-03 04:00,19.1,,1.2,90,97,993
102,백령도,2019-07-03 05:00,18.3,,2.1,110,97,1502
102,백령도,2019-07-03 06:00,17.5,,1.4,160,98,982
102,백령도,2019-07-03 07:00,18.3,,2.5,90,100,43
102,백령도,2019-07-03 08:00,18.2,,2.3,90,100,1109
102,백령도,2019-07-03 09:00,18.9,,1.9,110,98,985
102,백령도,2019-07-03 10:00,19.9,,2.4,160,98,1022
102,백령도,2019-07-03 11:00,20.6,,2.3,180,96,1790
102,백령도,2019-07-03 12:00,22.2,,1,160,96,2148
102,백령도,2019-07-03 13:00,23.1,,3.2,180,83,2713
102,백령도,2019-07-03 14:00,22.6,,2.6,200,89,2309
102,백령도,2019-07-03 15:00,23.2,,1.6,320,84,2973
102,백령도,2019-07-03 16:00,21.5,0,1.4,200,91,1801
102,백령도,2019-07-03 17:00,23.7,0,1.7,270,81,2839
102,백령도,2019-07-03 18:00,23.5,,1,110,76,3059
102,백령도,2019-07-03 19:00,23,,1.9,230,77,3249
102,백령도,2019-07-03 20:00,20.9,,1.5,200,96,816
102,백령도,2019-07-03 21:00,20.1,,1.3,270,98,511
102,백령도,2019-07-03 22:00,20.2,,1.6,250,99,642
102,백령도,2019-07-03 23:00,20.2,,1.4,270,99,649
102,백령도,2019-07-04 00:00,19.9,,0,0,99,338
102,백령도,2019-07-04 01:00,18.8,,1.1,180,100,14
102,백령도,2019-07-04 02:00,17.4,,0,0,100,38
102,백령도,2019-07-04 03:00,16.5,,1.6,90,100,49
102,백령도,2019-07-04 04:00,16.9,,1.6,110,100,27
102,백령도,2019-07-04 05:00,17.2,,1,140,100,32
102,백령도,2019-07-04 06:00,17.5,,1.4,180,100,54
102,백령도,2019-07-04 07:00,18.3,,2.2,110,100,55
102,백령도,2019-07-04 08:00,17.5,,2.4,180,100,55
102,백령도,2019-07-04 09:00,19,,2,180,100,325
102,백령도,2019-07-04 10:00,21.9,,2,140,100,1123
102,백령도,2019-07-04 11:00,23.1,,2.7,180,85,1747
102,백령도,2019-07-04 12:00,23.8,,2.7,180,81,2150
102,백령도,2019-07-04 13:00,22.3,,3.5,180,86,2065
102,백령도,2019-07-04 14:00,24.8,,3.8,200,77,2860
102,백령도,2019-07-04 15:00,24.8,,5.1,180,79,2624
102,백령도,2019-07-04 16:00,24.6,,4.4,200,81,2222
102,백령도,2019-07-04 17:00,24.3,,3.6,180,82,2240
102,백령도,2019-07-04 18:00,22.9,,2.6,200,88,1970
102,백령도,2019-07-04 19:00,21.8,,2.5,200,92,1717
102,백령도,2019-07-04 20:00,20.6,,2.1,200,96,986
102,백령도,2019-07-04 21:00,21.3,,2.9,200,97,703
102,백령도,2019-07-04 22:00,21.1,,1.9,230,97,617
102,백령도,2019-07-04 23:00,19.5,,2,180,99,249
102,백령도,2019-07-05 00:00,17.2,,1.6,140,100,21
102,백령도,2019-07-05 01:00,18.2,,.9,160,100,11
102,백령도,2019-07-05 02:00,18.5,,1.7,140,100,18
102,백령도,2019-07-05 03:00,18.4,,1.4,140,100,25
102,백령도,2019-07-05 04:00,18.5,,2.1,160,100,16
102,백령도,2019-07-05 05:00,18.2,,1.9,110,100,18
102,백령도,2019-07-05 06:00,18.5,,3,110,100,22
102,백령도,2019-07-05 07:00,18.7,,2.2,140,100,29
102,백령도,2019-07-05 08:00,18.7,,2.7,140,100,33
102,백령도,2019-07-05 09:00,18.2,,4.1,140,100,73
102,백령도,2019-07-05 10:00,18.8,,3.7,140,100,293
102,백령도,2019-07-05 11:00,20.9,,3.7,160,100,500
102,백령도,2019-07-05 12:00,21.5,,4.9,160,92,400
102,백령도,2019-07-05 13:00,22,,4.2,180,89,2279
102,백령도,2019-07-05 14:00,23.4,,3.6,160,82,2337
102,백령도,2019-07-05 15:00,23,,3.2,200,82,2345
102,백령도,2019-07-05 16:00,23,,2.5,200,81,2566
102,백령도,2019-07-05 17:00,22.8,,2,180,82,2483
102,백령도,2019-07-05 18:00,22.4,,2.5,180,84,2947
102,백령도,2019-07-05 19:00,22,,1.6,180,87,2805
102,백령도,2019-07-05 20:00,18.7,,2.6,180,95,1528
102,백령도,2019-07-05 21:00,17.6,,1.8,160,100,28
102,백령도,2019-07-05 22:00,18.1,,1.5,160,100,21
102,백령도,2019-07-05 23:00,17.5,,1.5,140,100,28
102,백령도,2019-07-06 00:00,17.2,,1.4,140,100,14
102,백령도,2019-07-06 01:00,18.8,,.7,160,100,552
102,백령도,2019-07-06 02:00,16.3,,2.4,110,100,88
102,백령도,2019-07-06 03:00,16.7,,1.1,140,100,27
102,백령도,2019-07-06 04:00,16.4,,1.1,140,100,28
102,백령도,2019-07-06 05:00,17,,1.6,140,100,447
102,백령도,2019-07-06 06:00,16.9,,.3,0,100,1903
102,백령도,2019-07-06 07:00,18.5,,1.5,90,100,1945
102,백령도,2019-07-06 08:00,20.9,,2,110,81,2922
102,백령도,2019-07-06 09:00,23,,2.5,110,61,3661
102,백령도,2019-07-06 10:00,25.2,,2.6,140,48,3753
102,백령도,2019-07-06 11:00,26.4,,3.2,160,41,3901
102,백령도,2019-07-06 12:00,26.9,,3.3,180,43,3971
102,백령도,2019-07-06 13:00,26.3,,4.1,180,57,3754
102,백령도,2019-07-06 14:00,26.5,,5,160,49,2582
102,백령도,2019-07-06 15:00,27.6,,4.3,160,44,3126
102,백령도,2019-07-06 16:00,26.5,,3.9,180,42,3493
102,백령도,2019-07-06 17:00,26.2,,3.8,180,43,3820
102,백령도,2019-07-06 18:00,27.3,,2.2,180,39,3889
102,백령도,2019-07-06 19:00,23.4,,2.2,320,57,3228
102,백령도,2019-07-06 20:00,20.7,,3.1,290,68,2539
102,백령도,2019-07-06 21:00,20.6,,1.9,320,67,3451
102,백령도,2019-07-06 22:00,21,,1.6,340,64,3705
102,백령도,2019-07-06 23:00,22.9,,1.2,340,55,3683
102,백령도,2019-07-07 00:00,22.7,,.6,70,58,3708
102,백령도,2019-07-07 01:00,22,,1.7,110,62,3639
102,백령도,2019-07-07 02:00,21.7,,3.3,110,79,3312
102,백령도,2019-07-07 03:00,22.4,,3.7,160,74,3261
102,백령도,2019-07-07 04:00,21.8,,2.3,140,78,3126
102,백령도,2019-07-07 05:00,21.3,,2.9,110,81,2857
102,백령도,2019-07-07 06:00,20.7,,2,110,83,2702
102,백령도,2019-07-07 07:00,22.3,,4,110,70,3240
102,백령도,2019-07-07 08:00,22.6,,3.4,110,71,2914
102,백령도,2019-07-07 09:00,25,,4,110,63,3070
102,백령도,2019-07-07 10:00,26.1,,4.7,110,59,3225
102,백령도,2019-07-07 11:00,24.7,,4.9,140,61,3382
102,백령도,2019-07-07 12:00,25.9,,4.7,160,58,3535
102,백령도,2019-07-07 13:00,25.1,,4.8,180,60,3333
102,백령도,2019-07-07 14:00,24.7,,4.4,180,60,2864
102,백령도,2019-07-07 15:00,23.5,,3,290,65,3204
102,백령도,2019-07-07 16:00,23,,3.1,320,68,2784
102,백령도,2019-07-07 17:00,22.2,,3.3,320,72,2634
102,백령도,2019-07-07 18:00,22.4,,3.9,340,72,2844
102,백령도,2019-07-07 19:00,21.2,.3,3.3,340,81,2593
102,백령도,2019-07-07 20:00,21,0,3.4,340,79,2833
102,백령도,2019-07-07 21:00,21.3,,5.6,360,76,3112
102,백령도,2019-07-07 22:00,19.9,,2.9,360,84,2802
102,백령도,2019-07-07 23:00,20.5,,2.2,360,84,2946
102,백령도,2019-07-08 00:00,19.4,,1.7,320,88,2641
102,백령도,2019-07-08 01:00,20,,.7,110,85,2808
102,백령도,2019-07-08 02:00,19.9,,1.9,90,85,2741
102,백령도,2019-07-08 03:00,20.1,,2.3,90,79,3362
102,백령도,2019-07-08 04:00,19,,2.3,90,80,3946
102,백령도,2019-07-08 05:00,18.9,,2.5,110,82,4130
102,백령도,2019-07-08 06:00,18.9,,2.6,110,80,4695
102,백령도,2019-07-08 07:00,19.5,,2.6,110,77,4621
102,백령도,2019-07-08 08:00,20.6,,4.1,90,72,4081
102,백령도,2019-07-08 09:00,22.1,,3.5,90,64,4137
102,백령도,2019-07-08 10:00,23.1,,5.2,110,56,4248
102,백령도,2019-07-08 11:00,24.8,,4.7,140,52,4199
102,백령도,2019-07-08 12:00,24.8,,4.4,140,51,4723
102,백령도,2019-07-08 13:00,25.7,,3.5,140,46,3844
102,백령도,2019-07-08 14:00,23.7,,2.9,320,57,4075
102,백령도,2019-07-08 15:00,24.4,,3.5,290,51,4509
102,백령도,2019-07-08 16:00,24.6,,3.5,320,48,4434
102,백령도,2019-07-08 17:00,23.6,,3.8,320,51,4287
102,백령도,2019-07-08 18:00,22,,5.3,320,56,4514
102,백령도,2019-07-08 19:00,21.6,,4.9,340,57,4464
102,백령도,2019-07-08 20:00,20.4,,3.1,340,64,4545
102,백령도,2019-07-08 21:00,19.4,,3.8,360,75,4221
102,백령도,2019-07-08 22:00,19.3,,2.3,340,78,4000
102,백령도,2019-07-08 23:00,19.2,,3.4,340,74,4410
102,백령도,2019-07-09 00:00,18.2,,1.5,290,79,2583
102,백령도,2019-07-09 01:00,19.7,,2.5,50,68,4563
102,백령도,2019-07-09 02:00,19.7,,2.5,50,67,4825
102,백령도,2019-07-09 03:00,19,,1.7,50,72,4500
102,백령도,2019-07-09 04:00,18.9,,1.6,110,75,4470
102,백령도,2019-07-09 05:00,18.5,,1.5,90,79,4126
102,백령도,2019-07-09 06:00,18.6,,2,110,81,2607
102,백령도,2019-07-09 07:00,20.1,,2.7,90,78,4094
102,백령도,2019-07-09 08:00,20.7,,3.7,110,70,3704
102,백령도,2019-07-09 09:00,21.5,,3.7,90,70,4085
102,백령도,2019-07-09 10:00,22.7,,3.6,110,61,4518
102,백령도,2019-07-09 11:00,24,,3.6,110,56,4636
102,백령도,2019-07-09 12:00,23.5,,4.4,140,57,4211
102,백령도,2019-07-09 13:00,23.3,,3.3,180,58,4560
102,백령도,2019-07-09 14:00,24.5,,4.9,180,55,4423
102,백령도,2019-07-09 15:00,24.2,,3.6,320,55,4607
102,백령도,2019-07-09 16:00,23.7,,3.4,290,59,4514
102,백령도,2019-07-09 17:00,23.6,,2.6,320,59,4556
102,백령도,2019-07-09 18:00,24.1,,2.3,340,53,4593
102,백령도,2019-07-09 19:00,21.8,,2.2,290,64,4259
102,백령도,2019-07-09 20:00,20.4,,2,320,70,4740
102,백령도,2019-07-09 21:00,19.7,,.8,290,75,3609
102,백령도,2019-07-09 22:00,20.7,,2.6,20,65,4966
102,백령도,2019-07-09 23:00,20.6,,1.6,20,66,4883
102,백령도,2019-07-10 00:00,21.1,,1.4,50,65,4725
102,백령도,2019-07-10 01:00,20.9,,1.9,90,67,4618
102,백령도,2019-07-10 02:00,20.2,,1.6,110,74,4618
102,백령도,2019-07-10 03:00,20.9,,3.2,110,70,4535
102,백령도,2019-07-10 04:00,20.5,,4,90,71,4490
102,백령도,2019-07-10 05:00,19.7,,2.7,90,79,4596
102,백령도,2019-07-10 06:00,19.9,,3.2,110,74,4730
102,백령도,2019-07-10 07:00,20,,3.6,110,73,4781
102,백령도,2019-07-10 08:00,20.5,,3.8,110,72,4532
102,백령도,2019-07-10 09:00,21,,4.1,110,70,3956
102,백령도,2019-07-10 10:00,20.3,,2.7,110,75,4068
102,백령도,2019-07-10 11:00,21.2,,2.9,90,71,3807
102,백령도,2019-07-10 12:00,21.2,,2.9,90,70,4047
102,백령도,2019-07-10 13:00,21.7,0,3,110,69,4071
102,백령도,2019-07-10 14:00,21.9,,2.3,90,68,3924
102,백령도,2019-07-10 15:00,22.2,,2.3,90,66,4000
102,백령도,2019-07-10 16:00,21.5,.1,.8,90,77,3401
102,백령도,2019-07-10 17:00,21,0,2,140,78,3409
102,백령도,2019-07-10 18:00,20,.4,1.7,90,86,2616
102,백령도,2019-07-10 19:00,19.6,.1,2.5,90,87,3709
102,백령도,2019-07-10 20:00,18.8,.1,2.8,90,88,2383
102,백령도,2019-07-10 21:00,18.1,.9,1.4,90,93,779
102,백령도,2019-07-10 22:00,17.8,2.6,.5,90,98,607
102,백령도,2019-07-10 23:00,17.2,4.4,1.4,320,99,293
102,백령도,2019-07-11 00:00,17.1,6.8,1.5,360,100,346
102,백령도,2019-07-11 01:00,16.9,5.2,2.2,360,100,230
102,백령도,2019-07-11 02:00,16.8,3.1,2,360,100,366
102,백령도,2019-07-11 03:00,16.6,2.5,2.6,340,100,338
102,백령도,2019-07-11 04:00,16.7,2.3,3.8,360,100,556
102,백령도,2019-07-11 05:00,16.6,2.8,3.7,360,100,338
102,백령도,2019-07-11 06:00,16.7,.9,3.9,340,100,690
102,백령도,2019-07-11 07:00,17.1,.6,1.8,340,100,832
102,백령도,2019-07-11 08:00,17.5,.8,2.4,360,100,428
102,백령도,2019-07-11 09:00,18.1,.3,2.6,320,100,2085
102,백령도,2019-07-11 10:00,19.8,,1.8,320,95,4185
102,백령도,2019-07-11 11:00,19.1,,3.4,290,92,3257
102,백령도,2019-07-11 12:00,19.6,,4.7,320,92,3539
102,백령도,2019-07-11 13:00,20.1,,5.3,320,88,2612
102,백령도,2019-07-11 14:00,20.6,,4.7,320,82,3395
102,백령도,2019-07-11 15:00,20.7,,5.2,290,85,2810
102,백령도,2019-07-11 16:00,20.3,,6,320,85,2337
102,백령도,2019-07-11 17:00,20.1,,5,320,86,3222
102,백령도,2019-07-11 18:00,19.7,,4.5,320,88,3574
102,백령도,2019-07-11 19:00,19,,4.3,320,90,3806
102,백령도,2019-07-11 20:00,17.8,,2.4,290,95,2302
102,백령도,2019-07-11 21:00,17.4,,3,290,98,1331
102,백령도,2019-07-11 22:00,17.4,,1.5,290,99,1237
102,백령도,2019-07-11 23:00,17.7,,2.3,290,98,3106
102,백령도,2019-07-12 00:00,18,,1.9,290,98,3274
102,백령도,2019-07-12 01:00,18.7,,1.5,270,98,3344
102,백령도,2019-07-12 02:00,18.3,,.5,180,97,3074
102,백령도,2019-07-12 03:00,18,,.8,200,99,2059
102,백령도,2019-07-12 04:00,18.5,,1.3,180,98,2570
102,백령도,2019-07-12 05:00,18,,1.7,180,100,884
102,백령도,2019-07-12 06:00,17.9,,1.7,180,100,369
102,백령도,2019-07-12 07:00,19.1,,1.7,140,100,1846
102,백령도,2019-07-12 08:00,20,,1.6,140,100,2156
102,백령도,2019-07-12 09:00,20.5,,2.6,180,93,3614
102,백령도,2019-07-12 10:00,21.9,,3.1,160,89,3763
102,백령도,2019-07-12 11:00,22.4,,3.6,160,92,4197
102,백령도,2019-07-12 12:00,21.8,,3.6,140,89,3517
102,백령도,2019-07-12 13:00,20.7,0,3.4,160,95,3216
102,백령도,2019-07-12 14:00,19.7,1.3,2.3,180,99,550
102,백령도,2019-07-12 15:00,22.4,.9,4,180,97,860
102,백령도,2019-07-12 16:00,21.9,,4.4,180,94,1653
102,백령도,2019-07-12 17:00,22.5,,2.7,180,91,1697
102,백령도,2019-07-12 18:00,21.5,,3.3,200,96,1094
102,백령도,2019-07-12 19:00,21.9,,2.5,200,97,1013
102,백령도,2019-07-12 20:00,21,,2.1,180,99,416
102,백령도,2019-07-12 21:00,19.9,,2.1,180,100,56
102,백령도,2019-07-12 22:00,19.8,,1,200,100,28
102,백령도,2019-07-12 23:00,20,,1.9,160,100,35
102,백령도,2019-07-13 00:00,20.1,,2.6,180,100,30
102,백령도,2019-07-13 01:00,20.4,,1.3,160,100,29
102,백령도,2019-07-13 02:00,20.2,,1.2,180,100,41
102,백령도,2019-07-13 03:00,20,,1.5,180,100,23
102,백령도,2019-07-13 04:00,20.6,,1.8,200,100,22
102,백령도,2019-07-13 05:00,20,,.8,180,100,21
102,백령도,2019-07-13 06:00,18.6,,2.2,90,100,33
102,백령도,2019-07-13 07:00,19.2,,1.6,110,100,14
102,백령도,2019-07-13 08:00,20.4,,1.3,110,100,60
102,백령도,2019-07-13 09:00,20.9,,1.6,110,100,38
102,백령도,2019-07-13 10:00,21.1,,1.7,110,100,98
102,백령도,2019-07-13 11:00,23.9,,2.7,140,100,648
102,백령도,2019-07-13 12:00,23.7,,2.4,160,92,704
102,백령도,2019-07-13 13:00,22.5,,3.5,180,91,990
102,백령도,2019-07-13 14:00,21.4,,4.8,180,89,1092
102,백령도,2019-07-13 15:00,24,,2.9,180,86,1135
102,백령도,2019-07-13 16:00,24.1,,1.6,140,84,1254
102,백령도,2019-07-13 17:00,22.8,,1.6,180,91,1014
102,백령도,2019-07-13 18:00,22.2,,1.6,160,93,980
102,백령도,2019-07-13 19:00,21.9,,.8,180,94,413
102,백령도,2019-07-13 20:00,19.9,,1.2,320,97,519
102,백령도,2019-07-13 21:00,19.8,,.4,0,98,653
102,백령도,2019-07-13 22:00,19,,1.6,70,100,727
102,백령도,2019-07-13 23:00,20.1,,.4,0,100,82
102,백령도,2019-07-14 00:00,20,,.2,0,100,17
102,백령도,2019-07-14 01:00,19.2,,1.1,110,100,19
102,백령도,2019-07-14 02:00,19.9,,.7,140,100,14
102,백령도,2019-07-14 03:00,20.1,,1.2,110,100,21
102,백령도,2019-07-14 04:00,18.9,,1.7,90,100,21
102,백령도,2019-07-14 05:00,19,,1.1,90,100,21
102,백령도,2019-07-14 06:00,19.4,,1,140,100,32
102,백령도,2019-07-14 07:00,19.3,,1.9,180,100,25
102,백령도,2019-07-14 08:00,20,,1.3,160,100,53
102,백령도,2019-07-14 09:00,20.5,,2.1,160,100,67
102,백령도,2019-07-14 10:00,20.6,,2.9,160,100,728
102,백령도,2019-07-14 11:00,21.2,,2.4,140,100,1223
102,백령도,2019-07-14 12:00,21.5,,2.9,140,99,953
102,백령도,2019-07-14 13:00,20.9,,3,140,95,910
102,백령도,2019-07-14 14:00,21.9,,2.8,180,93,1294
102,백령도,2019-07-14 15:00,22.3,,2.9,180,92,1420
102,백령도,2019-07-14 16:00,22.4,,2.8,180,91,1753
102,백령도,2019-07-14 17:00,23,,.5,180,89,1687
102,백령도,2019-07-14 18:00,22,,1.7,320,90,1362
102,백령도,2019-07-14 19:00,18.6,,2.2,320,99,116
102,백령도,2019-07-14 20:00,18.5,,2.2,320,100,22
102,백령도,2019-07-14 21:00,18.3,,1,320,100,29
102,백령도,2019-07-14 22:00,18.7,,.5,320,100,65
102,백령도,2019-07-14 23:00,18.8,,0,0,100,20
102,백령도,2019-07-15 00:00,17.7,,1.1,90,100,20
102,백령도,2019-07-15 01:00,18.2,,1.3,110,100,25
102,백령도,2019-07-15 02:00,17.7,,2.7,90,100,31
102,백령도,2019-07-15 03:00,18.5,,1.2,110,100,35
102,백령도,2019-07-15 04:00,18.4,,1.3,140,100,37
102,백령도,2019-07-15 05:00,18.9,,1.7,90,100,21
102,백령도,2019-07-15 06:00,19.3,,1.4,90,100,17
102,백령도,2019-07-15 07:00,19.5,,2.3,110,100,17
102,백령도,2019-07-15 08:00,19.7,,2.8,110,100,15
102,백령도,2019-07-15 09:00,20.1,,2.2,110,100,38
102,백령도,2019-07-15 10:00,20.1,,3.8,110,100,184
102,백령도,2019-07-15 11:00,21.5,,3.1,140,100,2843
102,백령도,2019-07-15 12:00,21.7,,3.7,140,94,3669
102,백령도,2019-07-15 13:00,21.7,,4.9,140,97,1638
102,백령도,2019-07-15 14:00,22.3,,4.6,140,94,1007
102,백령도,2019-07-15 15:00,20.7,,4,140,97,526
102,백령도,2019-07-15 16:00,22.5,,3.5,110,92,1823
102,백령도,2019-07-15 17:00,22.7,,4.4,140,85,2914
102,백령도,2019-07-15 18:00,22.3,,3.2,140,86,2993
102,백령도,2019-07-15 19:00,20.9,,2.9,140,91,1574
102,백령도,2019-07-15 20:00,20.4,,2.8,140,93,2442
102,백령도,2019-07-15 21:00,20.4,,3.4,140,92,3143
102,백령도,2019-07-15 22:00,20.4,,3,140,92,2775
102,백령도,2019-07-15 23:00,20.3,,3.2,140,94,1573
102,백령도,2019-07-16 00:00,20,,3.7,140,97,1067
102,백령도,2019-07-16 01:00,19.8,,2.9,110,98,909
102,백령도,2019-07-16 02:00,19.2,,2.4,140,100,527
102,백령도,2019-07-16 03:00,19.8,,2.3,110,98,888
102,백령도,2019-07-16 04:00,19.9,,2.4,110,98,809
102,백령도,2019-07-16 05:00,19.8,,2.7,110,97,699
102,백령도,2019-07-16 06:00,19.6,,2.7,110,98,650
102,백령도,2019-07-16 07:00,20.3,,2.3,110,96,753
102,백령도,2019-07-16 08:00,20.6,,2.9,110,96,795
102,백령도,2019-07-16 09:00,21.2,,2.6,110,96,668
102,백령도,2019-07-16 10:00,22.1,,3.5,110,92,739
102,백령도,2019-07-16 11:00,22.8,,2.9,110,90,899
102,백령도,2019-07-16 12:00,24.2,,3.5,140,86,2064
102,백령도,2019-07-16 13:00,24.8,,4,140,81,2565
102,백령도,2019-07-16 14:00,23.3,,5.2,160,85,1773
102,백령도,2019-07-16 15:00,25.1,,3.4,160,80,1686
102,백령도,2019-07-16 16:00,24,,3.4,180,84,1845
102,백령도,2019-07-16 17:00,22.2,,3.3,200,91,2087
102,백령도,2019-07-16 18:00,21.7,,3.2,180,96,1275
102,백령도,2019-07-16 19:00,21.3,,2.8,180,99,340
102,백령도,2019-07-16 20:00,21,,1.4,160,100,111
102,백령도,2019-07-16 21:00,19.4,,1.6,110,100,27
102,백령도,2019-07-16 22:00,20.2,,1.5,110,100,21
102,백령도,2019-07-16 23:00,19.7,,1.6,140,100,28
102,백령도,2019-07-17 00:00,20.5,,1.5,140,100,27
102,백령도,2019-07-17 01:00,20.6,,1.5,160,100,31
102,백령도,2019-07-17 02:00,20.3,,1.7,160,100,26
102,백령도,2019-07-17 03:00,20.1,,2.5,160,100,22
102,백령도,2019-07-17 04:00,19.6,,2,180,100,26
102,백령도,2019-07-17 05:00,19.5,,2.1,160,100,32
102,백령도,2019-07-17 06:00,18.8,,2.5,200,100,21
102,백령도,2019-07-17 07:00,19.2,,2.3,140,100,22
102,백령도,2019-07-17 08:00,19.8,,3.4,140,100,49
102,백령도,2019-07-17 09:00,19.8,,4.1,160,100,68
102,백령도,2019-07-17 10:00,20.2,,4,160,100,82
102,백령도,2019-07-17 11:00,19.7,,3.1,160,100,345
102,백령도,2019-07-17 12:00,21.1,,3.7,160,100,976
102,백령도,2019-07-17 13:00,21.7,,3.8,140,100,1113
102,백령도,2019-07-17 14:00,21.7,,3.5,160,95,1185
102,백령도,2019-07-17 15:00,21.9,,2.4,140,96,1689
102,백령도,2019-07-17 16:00,21.3,,2.9,180,95,1241
102,백령도,2019-07-17 17:00,20.5,,3.1,180,98,1008
102,백령도,2019-07-17 18:00,21.3,,1,140,98,1007
102,백령도,2019-07-17 19:00,21.3,,1,180,97,857
102,백령도,2019-07-17 20:00,20.3,,1.5,180,100,577
102,백령도,2019-07-17 21:00,20.2,,1.4,160,100,147
102,백령도,2019-07-17 22:00,18.7,,1.8,110,100,26
102,백령도,2019-07-17 23:00,19.5,,1.3,180,100,49
102,백령도,2019-07-18 00:00,18.6,,1.5,90,100,49
102,백령도,2019-07-18 01:00,19.4,,.3,0,100,500
102,백령도,2019-07-18 02:00,20.8,,0,0,100,1326
102,백령도,2019-07-18 03:00,20.7,,1,110,96,954
102,백령도,2019-07-18 04:00,20.4,,.7,70,100,305
102,백령도,2019-07-18 05:00,20.1,,.1,0,100,547
102,백령도,2019-07-18 06:00,20.1,,1.1,70,98,544
102,백령도,2019-07-18 07:00,20.1,,1,90,100,328
102,백령도,2019-07-18 08:00,22.1,,2.2,90,91,1019
102,백령도,2019-07-18 09:00,24,,1.5,110,83,1354
102,백령도,2019-07-18 10:00,25,,1.8,110,78,1134
102,백령도,2019-07-18 11:00,25.4,,2.1,140,72,1173
102,백령도,2019-07-18 12:00,27,,2.1,90,59,1510
102,백령도,2019-07-18 13:00,25.6,,2.1,340,73,1701
102,백령도,2019-07-18 14:00,26.5,,2.7,320,67,1898
102,백령도,2019-07-18 15:00,25.2,,3.5,320,74,2008
102,백령도,2019-07-18 16:00,26.2,,3.6,360,67,1969
102,백령도,2019-07-18 17:00,26.3,,3.4,340,64,2050
102,백령도,2019-07-18 18:00,25.6,,3.2,340,65,1987
102,백령도,2019-07-18 19:00,24,,1.8,290,71,1856
102,백령도,2019-07-18 20:00,21.6,,2.1,320,82,1684
102,백령도,2019-07-18 21:00,20.9,,1.9,290,85,1614
102,백령도,2019-07-18 22:00,20.8,,1.8,320,86,1554
102,백령도,2019-07-18 23:00,20.8,,1.6,290,86,1479
102,백령도,2019-07-19 00:00,20.8,,.9,290,85,1443
102,백령도,2019-07-19 01:00,22.3,,.5,50,76,1656
102,백령도,2019-07-19 02:00,21.4,,1.3,90,82,1441
102,백령도,2019-07-19 03:00,21.4,,1.2,90,86,1165
102,백령도,2019-07-19 04:00,20.5,,1.6,70,89,1033
102,백령도,2019-07-19 05:00,20.4,,.4,0,91,1076
102,백령도,2019-07-19 06:00,20.3,,1.2,90,91,955
102,백령도,2019-07-19 07:00,21.1,,1.2,110,91,979
102,백령도,2019-07-19 08:00,22.4,,2.1,90,87,1049
102,백령도,2019-07-19 09:00,23.7,,2.4,70,81,1125
102,백령도,2019-07-19 10:00,24.8,,3,90,79,1099
102,백령도,2019-07-19 11:00,26.6,,2.4,110,72,1421
102,백령도,2019-07-19 12:00,27.3,,2.2,90,68,1361
102,백령도,2019-07-19 13:00,27,,1.8,270,67,1619
102,백령도,2019-07-19 14:00,27.3,,2.6,340,64,1761
102,백령도,2019-07-19 15:00,26.9,,3.5,320,66,1626
102,백령도,2019-07-19 16:00,26.7,,2.9,320,68,1685
102,백령도,2019-07-19 17:00,27.5,,2.4,290,66,1663
102,백령도,2019-07-19 18:00,27.6,,2,290,65,1562
102,백령도,2019-07-19 19:00,28,,1.2,140,64,1945
102,백령도,2019-07-19 20:00,26.5,,2.6,160,70,1806
102,백령도,2019-07-19 21:00,25,,2.3,140,77,1189
102,백령도,2019-07-19 22:00,23.5,,.8,90,83,1102
102,백령도,2019-07-19 23:00,22.7,,0,0,88,881
102,백령도,2019-07-20 00:00,23.1,,1.6,70,89,952
102,백령도,2019-07-20 01:00,23.4,,1.2,90,88,1099
102,백령도,2019-07-20 02:00,23,,1.6,70,90,1524
102,백령도,2019-07-20 03:00,23.6,,1.8,50,91,1352
102,백령도,2019-07-20 04:00,24.3,,2.9,50,87,2337
102,백령도,2019-07-20 05:00,23.7,,2.6,70,87,2223
102,백령도,2019-07-20 06:00,23.7,,2.3,20,89,2987
102,백령도,2019-07-20 07:00,25.2,,4.8,50,81,3128
102,백령도,2019-07-20 08:00,26.3,,4,50,77,3158
102,백령도,2019-07-20 09:00,27.6,,5,70,71,3096
102,백령도,2019-07-20 10:00,27,,4.4,70,72,2739
102,백령도,2019-07-20 11:00,27.7,,4.4,110,69,3259
102,백령도,2019-07-20 12:00,25.8,,5.1,110,78,3638
102,백령도,2019-07-20 13:00,27.4,,5.2,70,72,4032
102,백령도,2019-07-20 14:00,27.7,,4.7,70,68,3250
102,백령도,2019-07-20 15:00,27,,4.3,70,69,3599
102,백령도,2019-07-20 16:00,27.2,,2.2,50,68,3322
102,백령도,2019-07-20 17:00,25.8,,1.8,320,74,3245
102,백령도,2019-07-20 18:00,27.6,,1.6,20,69,4577
102,백령도,2019-07-20 19:00,27,,2.9,20,71,4522
102,백령도,2019-07-20 20:00,27.4,,2.8,20,70,4593
102,백령도,2019-07-20 21:00,26.9,,2.5,360,73,4898
102,백령도,2019-07-20 22:00,24.2,,2.3,180,82,4840
102,백령도,2019-07-20 23:00,24.2,0,1.8,200,87,4040
102,백령도,2019-07-21 00:00,24.1,0,1.4,290,90,4629
102,백령도,2019-07-21 01:00,24.6,0,1.2,230,88,4318
102,백령도,2019-07-21 02:00,22.9,,1.1,320,90,4621
102,백령도,2019-07-21 03:00,23.1,,2.3,270,94,4236
102,백령도,2019-07-21 04:00,23.8,,.7,180,92,4711
102,백령도,2019-07-21 05:00,24.1,,2,250,95,2766
102,백령도,2019-07-21 06:00,22.2,,3.2,290,99,1513
102,백령도,2019-07-21 07:00,23.3,,3.4,290,91,3840
102,백령도,2019-07-21 08:00,22.9,,3,290,91,4377
102,백령도,2019-07-21 09:00,22.6,,4.7,290,88,4090
102,백령도,2019-07-21 10:00,24.1,,4.5,290,90,3660
102,백령도,2019-07-21 11:00,24.3,0,4,340,90,2439
102,백령도,2019-07-21 12:00,26.6,0,4.6,290,87,1675
102,백령도,2019-07-21 13:00,27.5,,5.7,290,77,1878
102,백령도,2019-07-21 14:00,27.9,,5.9,290,77,1878
102,백령도,2019-07-21 15:00,27.8,,6.3,290,79,1518
102,백령도,2019-07-21 16:00,26.6,,6.5,290,86,1114
102,백령도,2019-07-21 17:00,26.3,,5,290,89,788
102,백령도,2019-07-21 18:00,26.3,,3.6,290,89,639
102,백령도,2019-07-21 19:00,25,,4.1,250,94,467
102,백령도,2019-07-21 20:00,24.9,,2.5,250,95,426
102,백령도,2019-07-21 21:00,24.7,,2.9,250,96,316
102,백령도,2019-07-21 22:00,24.4,,3.3,250,97,256
102,백령도,2019-07-21 23:00,24.1,,2.5,250,98,233
102,백령도,2019-07-22 00:00,24,,2.1,200,97,384
102,백령도,2019-07-22 01:00,23.4,,1.3,200,99,151
102,백령도,2019-07-22 02:00,22.9,,2.4,200,100,29
102,백령도,2019-07-22 03:00,22.8,,1.7,200,100,24
102,백령도,2019-07-22 04:00,22.7,,1.8,180,100,24
102,백령도,2019-07-22 05:00,22.7,,1.8,180,100,28
102,백령도,2019-07-22 06:00,21.7,0,.9,140,100,18
102,백령도,2019-07-22 07:00,20.6,0,2,110,100,45
102,백령도,2019-07-22 08:00,22.8,,.8,160,100,288
102,백령도,2019-07-22 09:00,23.3,,2.4,180,100,437
102,백령도,2019-07-22 10:00,24.3,,2.3,160,94,1175
102,백령도,2019-07-22 11:00,25.4,,3.2,160,91,1581
102,백령도,2019-07-22 12:00,25.8,,3.1,180,90,1456
102,백령도,2019-07-22 13:00,27.1,,3.3,180,85,1657
102,백령도,2019-07-22 14:00,26.9,,4.2,180,84,1240
102,백령도,2019-07-22 15:00,27.3,,3.2,180,86,953
102,백령도,2019-07-22 16:00,25.9,,3.9,200,88,916
102,백령도,2019-07-22 17:00,25.5,,2.5,180,92,997
102,백령도,2019-07-22 18:00,24.6,,2.8,180,95,717
102,백령도,2019-07-22 19:00,23.8,,1.1,160,97,685
102,백령도,2019-07-22 20:00,22.3,,2.7,180,100,94
102,백령도,2019-07-22 21:00,21.7,,2,110,100,61
102,백령도,2019-07-22 22:00,21.2,,1.7,180,100,26
102,백령도,2019-07-22 23:00,22.2,,2.8,180,100,78
102,백령도,2019-07-23 00:00,20.2,,1.7,90,100,30
102,백령도,2019-07-23 01:00,22.3,,3.4,160,100,90
102,백령도,2019-07-23 02:00,22.3,,3.5,160,100,1099
102,백령도,2019-07-23 03:00,21.9,0,4.7,140,100,53
102,백령도,2019-07-23 04:00,21.9,0,4.1,140,100,75
102,백령도,2019-07-23 05:00,21.6,0,6.3,140,100,48
102,백령도,2019-07-23 06:00,21.7,0,4.5,140,100,48
102,백령도,2019-07-23 07:00,21.3,,6,140,100,42
102,백령도,2019-07-23 08:00,21.3,,5.3,160,100,99
102,백령도,2019-07-23 09:00,21.2,,5.9,160,100,70
102,백령도,2019-07-23 10:00,21.7,,4.5,140,100,90
102,백령도,2019-07-23 11:00,20.9,,5,140,100,76
102,백령도,2019-07-23 12:00,21.1,,4.4,140,100,136
102,백령도,2019-07-23 13:00,20.7,,5,140,100,110
102,백령도,2019-07-23 14:00,20.7,,6.1,140,100,97
102,백령도,2019-07-23 15:00,21.3,,5.4,140,100,120
102,백령도,2019-07-23 16:00,21,0,4.6,160,100,61
102,백령도,2019-07-23 17:00,21.1,0,5.5,140,100,74
102,백령도,2019-07-23 18:00,21.1,0,5.8,140,100,64
102,백령도,2019-07-23 19:00,21.4,0,5.3,160,100,52
102,백령도,2019-07-23 20:00,21.5,0,5.6,160,100,40
102,백령도,2019-07-23 21:00,22,0,4,160,100,43
102,백령도,2019-07-23 22:00,22.1,0,5.4,160,100,38
102,백령도,2019-07-23 23:00,22,0,5.2,160,100,35
102,백령도,2019-07-24 00:00,22.1,0,6,160,100,33
102,백령도,2019-07-24 01:00,21.6,,2.9,200,100,22
102,백령도,2019-07-24 02:00,22,0,3.5,160,100,31
102,백령도,2019-07-24 03:00,22.2,0,4.9,140,100,35
102,백령도,2019-07-24 04:00,22.1,0,4,160,100,34
102,백령도,2019-07-24 05:00,21.7,0,4.6,160,100,29
102,백령도,2019-07-24 06:00,21.3,0,4.6,160,100,27
102,백령도,2019-07-24 07:00,22.1,2.2,4.2,160,100,241
102,백령도,2019-07-24 08:00,21.3,8.4,1.6,160,100,135
102,백령도,2019-07-24 09:00,21.8,20.2,3.6,140,100,124
102,백령도,2019-07-24 10:00,22.6,3.4,4.8,140,100,346
102,백령도,2019-07-24 11:00,22.9,0,5.7,160,100,102
102,백령도,2019-07-24 12:00,23.1,,6.6,160,100,318
102,백령도,2019-07-24 13:00,22.9,,4.4,180,100,495
102,백령도,2019-07-24 14:00,22.9,0,3.7,160,100,83
102,백령도,2019-07-24 15:00,23.4,0,3,180,100,195
102,백령도,2019-07-24 16:00,22.7,,1.8,160,100,47
102,백령도,2019-07-24 17:00,22.4,0,2.6,140,100,34
102,백령도,2019-07-24 18:00,21.7,,3.5,160,100,33
102,백령도,2019-07-24 19:00,21.9,,4.4,160,100,25
102,백령도,2019-07-24 20:00,21.4,,4.6,160,100,21
102,백령도,2019-07-24 21:00,21.8,,4,160,100,22
102,백령도,2019-07-24 22:00,21.3,,5.1,140,100,24
102,백령도,2019-07-24 23:00,21.5,,4.3,140,100,21
102,백령도,2019-07-25 00:00,21.5,,2.3,110,100,18
102,백령도,2019-07-25 01:00,21.5,0,5,140,100,19
102,백령도,2019-07-25 02:00,21.4,0,3.5,160,100,18
102,백령도,2019-07-25 03:00,21.5,0,.5,70,100,13
102,백령도,2019-07-25 04:00,20.8,,2.1,90,100,13
102,백령도,2019-07-25 05:00,21.5,,2.5,90,100,13
102,백령도,2019-07-25 06:00,22,,3.3,110,100,14
102,백령도,2019-07-25 07:00,22.5,0,2.3,110,100,17
102,백령도,2019-07-25 08:00,22.4,0,1.7,110,100,23
102,백령도,2019-07-25 09:00,22.7,0,1.6,140,100,36
102,백령도,2019-07-25 10:00,22.7,,3.3,110,100,66
102,백령도,2019-07-25 11:00,22.8,,2.4,110,100,750
102,백령도,2019-07-25 12:00,23.7,,2.2,140,100,1057
102,백령도,2019-07-25 13:00,24.4,,3.3,140,100,1107
102,백령도,2019-07-25 14:00,25.5,,3,140,94,1609
102,백령도,2019-07-25 15:00,25.1,,2.6,140,95,1199
102,백령도,2019-07-25 16:00,25.3,,3.8,140,95,950
102,백령도,2019-07-25 17:00,23.7,,3.3,140,98,451
102,백령도,2019-07-25 18:00,23.5,,2.7,140,99,503
102,백령도,2019-07-25 19:00,23.2,,3.1,140,100,434
102,백령도,2019-07-25 20:00,22.5,,3.8,140,100,117
102,백령도,2019-07-25 21:00,22.4,,4.8,140,100,20
102,백령도,2019-07-25 22:00,22.4,,3.4,140,100,16
102,백령도,2019-07-25 23:00,22.4,0,2.1,160,100,17
102,백령도,2019-07-26 00:00,22,0,.6,140,100,14
102,백령도,2019-07-26 01:00,21.8,2.8,1,320,100,23
102,백령도,2019-07-26 02:00,20.3,31.5,4.4,290,100,333
102,백령도,2019-07-26 03:00,20.7,5,3.3,110,100,1319
102,백령도,2019-07-26 04:00,21,0,1.6,110,99,980
102,백령도,2019-07-26 05:00,21,.6,2,180,100,604
102,백령도,2019-07-26 06:00,21.2,1.6,2.9,140,100,379
102,백령도,2019-07-26 07:00,20.4,1.5,3,110,100,55
102,백령도,2019-07-26 08:00,21.5,0,1.6,110,100,685
102,백령도,2019-07-26 09:00,21.6,,2.5,140,100,1375
102,백령도,2019-07-26 10:00,22.2,,3.1,140,98,2001
102,백령도,2019-07-26 11:00,24.3,,2.8,110,93,2650
102,백령도,2019-07-26 12:00,24,,4.8,160,91,2543
102,백령도,2019-07-26 13:00,25.3,,4,140,83,3296
102,백령도,2019-07-26 14:00,25.4,,4.9,140,83,3738
102,백령도,2019-07-26 15:00,25.1,,3.7,180,86,3206
102,백령도,2019-07-26 16:00,25.2,,3.8,180,86,3838
102,백령도,2019-07-26 17:00,24.1,,3.8,180,91,3802
102,백령도,2019-07-26 18:00,24.4,,2.5,180,92,3669
102,백령도,2019-07-26 19:00,23.4,,1.4,180,95,3658
102,백령도,2019-07-26 20:00,21.7,,2.3,180,100,223
102,백령도,2019-07-26 21:00,21.1,,1.2,140,100,252
102,백령도,2019-07-26 22:00,21,,.6,180,100,35
102,백령도,2019-07-26 23:00,20.1,,.7,90,100,90
102,백령도,2019-07-27 00:00,20.3,,1.4,110,100,21
102,백령도,2019-07-27 01:00,20.9,,1.7,160,100,37
102,백령도,2019-07-27 02:00,21.2,,2,160,100,30
102,백령도,2019-07-27 03:00,21.9,,2.2,160,100,847
102,백령도,2019-07-27 04:00,21.8,,1.4,140,100,634
102,백령도,2019-07-27 05:00,21.8,,1.5,110,100,36
102,백령도,2019-07-27 06:00,21,,1.1,140,100,29
102,백령도,2019-07-27 07:00,22.6,,.8,110,100,1008
102,백령도,2019-07-27 08:00,23.3,,1.2,90,100,430
102,백령도,2019-07-27 09:00,24.9,,2.6,90,94,2489
102,백령도,2019-07-27 10:00,25.8,,1.8,110,92,3133
102,백령도,2019-07-27 11:00,24.3,,4.3,180,94,2203
102,백령도,2019-07-27 12:00,26.8,,2.7,160,89,1797
102,백령도,2019-07-27 13:00,26.5,,3.3,110,90,1482
102,백령도,2019-07-27 14:00,27.3,,3.7,140,86,1619
102,백령도,2019-07-27 15:00,24.5,,5,160,94,4035
102,백령도,2019-07-27 16:00,24.3,,5.1,180,92,4376
102,백령도,2019-07-27 17:00,24.1,,5.3,180,95,1832
102,백령도,2019-07-27 18:00,23.3,,3.3,160,100,1110
102,백령도,2019-07-27 19:00,23.6,,4.5,160,98,1655
102,백령도,2019-07-27 20:00,23,,3.6,160,100,689
102,백령도,2019-07-27 21:00,22.2,,3.4,110,100,98
102,백령도,2019-07-27 22:00,22.5,,2.4,110,100,207
102,백령도,2019-07-27 23:00,23.1,,4.6,140,100,408
102,백령도,2019-07-28 00:00,23.1,,3.8,140,100,31
102,백령도,2019-07-28 01:00,22.3,,4.6,140,100,24
102,백령도,2019-07-28 02:00,22.5,,4.3,140,100,32
102,백령도,2019-07-28 03:00,23.1,,3.6,160,100,93
102,백령도,2019-07-28 04:00,22.7,0,2.6,140,100,20
102,백령도,2019-07-28 05:00,22.6,0,2.4,140,100,22
102,백령도,2019-07-28 06:00,22.8,0,2.3,180,100,21
102,백령도,2019-07-28 07:00,23.4,.7,3.4,180,100,236
102,백령도,2019-07-28 08:00,23.5,5.7,1.7,180,100,739
102,백령도,2019-07-28 09:00,24.4,1,5,200,100,1643
102,백령도,2019-07-28 10:00,25,0,6.3,200,100,1476
102,백령도,2019-07-28 11:00,25.2,0,5.5,200,99,1076
102,백령도,2019-07-28 12:00,24.8,.7,5.5,200,100,821
102,백령도,2019-07-28 13:00,25,0,5.2,180,96,1680
102,백령도,2019-07-28 14:00,24.7,,3.7,180,96,1670
102,백령도,2019-07-28 15:00,26.1,,4.3,180,95,2270
102,백령도,2019-07-28 16:00,24.3,,4.6,160,100,1041
102,백령도,2019-07-28 17:00,23.8,,1.7,200,100,558
102,백령도,2019-07-28 18:00,24,0,4,160,100,858
102,백령도,2019-07-28 19:00,24.8,,2.9,200,100,1454
102,백령도,2019-07-28 20:00,24.9,,3.8,230,98,1547
102,백령도,2019-07-28 21:00,24.4,,3.8,180,96,1337
102,백령도,2019-07-28 22:00,23.9,0,4.8,160,100,296
102,백령도,2019-07-28 23:00,24,0,6.4,160,100,462
102,백령도,2019-07-29 00:00,24.2,,2.6,180,100,421
102,백령도,2019-07-29 01:00,23.3,,2.6,140,100,443
102,백령도,2019-07-29 02:00,23.7,,3,160,100,491
102,백령도,2019-07-29 03:00,24.2,,4.3,160,100,430
102,백령도,2019-07-29 04:00,24,,4.4,180,100,384
102,백령도,2019-07-29 05:00,23.9,0,6.5,160,100,209
102,백령도,2019-07-29 06:00,23.7,0,2.8,180,100,169
102,백령도,2019-07-29 07:00,24,.6,4.3,180,100,131
102,백령도,2019-07-29 08:00,24.5,.1,5.8,180,100,289
102,백령도,2019-07-29 09:00,25.2,0,4.9,180,100,483
102,백령도,2019-07-29 10:00,24.9,1.5,5.3,200,100,144
102,백령도,2019-07-29 11:00,24.9,3,5.4,200,100,183
102,백령도,2019-07-29 12:00,25,0,5.7,200,100,368
102,백령도,2019-07-29 13:00,25.3,0,4.4,200,100,606
102,백령도,2019-07-29 14:00,25.7,,5.6,200,99,816
102,백령도,2019-07-29 15:00,25.7,,6.6,180,97,1067
102,백령도,2019-07-29 16:00,25.3,,3.5,160,97,1117
102,백령도,2019-07-29 17:00,24.7,,4.3,180,99,708
102,백령도,2019-07-29 18:00,24.7,,4.6,160,100,645
102,백령도,2019-07-29 19:00,24.4,,5.9,160,100,123
102,백령도,2019-07-29 20:00,24.7,,4.2,180,100,507
102,백령도,2019-07-29 21:00,25.3,,5.2,200,100,717
102,백령도,2019-07-29 22:00,25.4,,5.1,180,99,781
102,백령도,2019-07-29 23:00,25.3,0,6.4,200,99,863
102,백령도,2019-07-30 00:00,25.2,,5.8,180,99,867
102,백령도,2019-07-30 01:00,25.1,,6.6,180,99,835
102,백령도,2019-07-30 02:00,24.8,,5.5,180,99,728
102,백령도,2019-07-30 03:00,25.1,,6.5,180,99,747
102,백령도,2019-07-30 04:00,25.2,,6.1,200,99,861
102,백령도,2019-07-30 05:00,24.8,,6.3,200,100,712
102,백령도,2019-07-30 06:00,24.7,,6.1,200,99,726
102,백령도,2019-07-30 07:00,24.9,,6,200,100,817
102,백령도,2019-07-30 08:00,25.4,,6.5,200,98,1063
102,백령도,2019-07-30 09:00,25.5,,7,230,99,905
102,백령도,2019-07-30 10:00,25.3,,4.3,200,99,724
102,백령도,2019-07-30 11:00,25.5,,5.1,200,99,709
102,백령도,2019-07-30 12:00,25.8,,5.6,180,98,777
102,백령도,2019-07-30 13:00,25.9,,5.4,180,98,785
102,백령도,2019-07-30 14:00,26,,5.1,200,97,877
102,백령도,2019-07-30 15:00,26.2,,5,200,97,965
102,백령도,2019-07-30 16:00,25.9,,5.6,180,98,797
102,백령도,2019-07-30 17:00,25.7,,5,200,99,590
102,백령도,2019-07-30 18:00,25.9,,4.9,230,99,715
102,백령도,2019-07-30 19:00,25.4,,2.9,230,100,426
102,백령도,2019-07-30 20:00,25.4,,1.6,230,100,377
102,백령도,2019-07-30 21:00,25.2,,1.7,180,100,262
102,백령도,2019-07-30 22:00,24.5,,2.2,180,100,200
102,백령도,2019-07-30 23:00,23.9,,5.4,160,100,54
102,백령도,2019-07-31 00:00,23.5,,3.6,180,100,24
102,백령도,2019-07-31 01:00,23.5,,3.6,180,100,25
102,백령도,2019-07-31 02:00,25.1,,5,200,100,211
102,백령도,2019-07-31 03:00,25.1,,5,230,100,86
102,백령도,2019-07-31 04:00,25,0,4.4,230,100,40
102,백령도,2019-07-31 05:00,24.8,0,2.8,200,100,63
102,백령도,2019-07-31 06:00,24.8,0,2.4,230,100,93
102,백령도,2019-07-31 07:00,24.6,0,2.1,200,100,55
102,백령도,2019-07-31 08:00,23.7,0,2.5,180,100,58
102,백령도,2019-07-31 09:00,24.1,1.7,5.9,200,100,388
102,백령도,2019-07-31 10:00,24.3,.1,4.1,200,96,2257
102,백령도,2019-07-31 11:00,23.8,0,2.2,180,98,1306
102,백령도,2019-07-31 12:00,25.4,,4,200,95,1780
102,백령도,2019-07-31 13:00,25,,4.2,200,98,1238
102,백령도,2019-07-31 14:00,24.8,,3.2,180,94,1555
102,백령도,2019-07-31 15:00,24,0,3.7,180,98,1106
102,백령도,2019-07-31 16:00,24,0,4.2,160,99,802
102,백령도,2019-07-31 17:00,24.1,,1.6,160,99,729
102,백령도,2019-07-31 18:00,23.4,,3.6,180,100,166
102,백령도,2019-07-31 19:00,22.8,,1.9,180,100,213
102,백령도,2019-07-31 20:00,22.8,,2.6,160,100,184
102,백령도,2019-07-31 21:00,22.8,,2.8,180,100,52
102,백령도,2019-07-31 22:00,23.4,,3.3,180,100,725
102,백령도,2019-07-31 23:00,23.3,,3.2,200,100,1012
102,백령도,2019-08-01 00:00,23.9,,3.1,180,96,1859
102,백령도,2019-08-01 01:00,23.5,,2.9,180,100,812
102,백령도,2019-08-01 02:00,23.3,,5.2,160,100,346
102,백령도,2019-08-01 03:00,22.9,,2.8,180,100,351
102,백령도,2019-08-01 04:00,22.6,,2.4,140,100,758
102,백령도,2019-08-01 05:00,22.2,.3,2.7,110,100,152
102,백령도,2019-08-01 06:00,21.8,0,2.3,90,100,40
102,백령도,2019-08-01 07:00,22.2,,2.4,90,100,21
102,백령도,2019-08-01 08:00,22.8,,2.6,90,100,22
102,백령도,2019-08-01 09:00,23.6,,1.2,110,100,59
102,백령도,2019-08-01 10:00,25,,1.2,90,100,994
102,백령도,2019-08-01 11:00,25.7,,.6,110,98,1269
102,백령도,2019-08-01 12:00,26.5,,2.4,180,95,1494
102,백령도,2019-08-01 13:00,26,,2.7,180,96,1286
102,백령도,2019-08-01 14:00,26.9,,2.9,180,94,1738
102,백령도,2019-08-01 15:00,25.8,,3.4,180,96,1294
102,백령도,2019-08-01 16:00,25.6,,4,180,97,1366
102,백령도,2019-08-01 17:00,24.8,,3.9,160,99,976
102,백령도,2019-08-01 18:00,24.6,0,3,180,100,454
102,백령도,2019-08-01 19:00,24.8,,3.7,180,100,828
102,백령도,2019-08-01 20:00,23.8,,2.1,180,100,246
102,백령도,2019-08-01 21:00,24.1,,1.7,180,100,281
102,백령도,2019-08-01 22:00,23.7,,1.9,140,100,65
102,백령도,2019-08-01 23:00,23.4,,1.7,140,100,32
102,백령도,2019-08-02 00:00,23.3,,1.7,160,100,84
102,백령도,2019-08-02 01:00,23,,2.6,160,100,35
102,백령도,2019-08-02 02:00,23,,1.7,160,100,26
102,백령도,2019-08-02 03:00,22.6,0,1.5,180,100,21
102,백령도,2019-08-02 04:00,23.5,0,2.1,160,100,28
102,백령도,2019-08-02 05:00,23.1,0,2,180,100,24
102,백령도,2019-08-02 06:00,22.7,0,1.2,180,100,25
102,백령도,2019-08-02 07:00,22.4,,3.3,200,100,25
102,백령도,2019-08-02 08:00,23.7,,3.4,180,100,25
102,백령도,2019-08-02 09:00,24.3,,4.2,160,100,689
102,백령도,2019-08-02 10:00,24.1,,5.2,160,100,95
102,백령도,2019-08-02 11:00,24.7,,4.2,160,100,455
102,백령도,2019-08-02 12:00,24.1,,3.4,140,99,182
102,백령도,2019-08-02 13:00,25,,3.5,140,96,1242
102,백령도,2019-08-02 14:00,26.5,,2.5,180,94,1993
102,백령도,2019-08-02 15:00,25.4,,3.2,180,95,1784
102,백령도,2019-08-02 16:00,26.7,,3.3,180,90,2331
102,백령도,2019-08-02 17:00,27,,2.6,160,86,2730
102,백령도,2019-08-02 18:00,26.3,,2.5,200,90,2612
102,백령도,2019-08-02 19:00,25.5,,2.8,200,95,1696
102,백령도,2019-08-02 20:00,24.8,,2.1,230,98,1070
102,백령도,2019-08-02 21:00,24.1,,.6,340,99,681
102,백령도,2019-08-02 22:00,21.7,,2.1,90,100,21
102,백령도,2019-08-02 23:00,21.7,,2.2,90,100,25
102,백령도,2019-08-03 00:00,22.5,,2,110,100,29
102,백령도,2019-08-03 01:00,23,,.8,160,100,42
102,백령도,2019-08-03 02:00,22.9,,2,180,100,28
102,백령도,2019-08-03 03:00,22.9,,1.3,110,100,113
102,백령도,2019-08-03 04:00,22.4,,1,90,100,69
102,백령도,2019-08-03 05:00,22.2,,1.4,90,100,24
102,백령도,2019-08-03 06:00,22.4,,1.2,90,100,80
102,백령도,2019-08-03 07:00,22.5,,2.5,180,100,22
102,백령도,2019-08-03 08:00,22.4,,1.9,180,100,49
102,백령도,2019-08-03 09:00,22.7,,1.8,110,100,149
102,백령도,2019-08-03 10:00,24.3,,3.5,160,100,2451
102,백령도,2019-08-03 11:00,25.6,,3.1,160,91,3358
102,백령도,2019-08-03 12:00,25.3,,2.7,200,90,2729
102,백령도,2019-08-03 13:00,25.7,,2.7,180,90,3546
102,백령도,2019-08-03 14:00,26.9,,2.5,180,84,3681
102,백령도,2019-08-03 15:00,27.1,,2.5,180,82,3784
102,백령도,2019-08-03 16:00,27,,2.6,200,83,3775
102,백령도,2019-08-03 17:00,27.6,,1.4,180,83,3747
102,백령도,2019-08-03 18:00,26.5,,1.5,340,85,4243
102,백령도,2019-08-03 19:00,25.3,,.6,90,91,2614
102,백령도,2019-08-03 20:00,24.2,,.1,0,94,2356
102,백령도,2019-08-03 21:00,23.4,,.7,90,98,1097
102,백령도,2019-08-03 22:00,23.5,,.9,110,98,1036
102,백령도,2019-08-03 23:00,22.5,,1.8,180,100,463
102,백령도,2019-08-04 00:00,22.7,,2.2,180,100,382
102,백령도,2019-08-04 01:00,22.9,,1,320,100,1003
102,백령도,2019-08-04 02:00,22.4,,1.1,90,100,418
102,백령도,2019-08-04 03:00,22.5,,0,0,100,1061
102,백령도,2019-08-04 04:00,21.8,,1.7,90,100,522
102,백령도,2019-08-04 05:00,22.3,,1.2,110,99,1507
102,백령도,2019-08-04 06:00,22.3,,.8,110,98,1637
102,백령도,2019-08-04 07:00,22.4,,1.3,140,99,1005
102,백령도,2019-08-04 08:00,23.4,,1.6,70,97,1772
102,백령도,2019-08-04 09:00,26.6,,.2,0,78,3108
102,백령도,2019-08-04 10:00,26.2,,1.9,90,85,3221
102,백령도,2019-08-04 11:00,27.2,,1.5,90,79,3198
102,백령도,2019-08-04 12:00,28.5,,1.1,50,69,4005
102,백령도,2019-08-04 13:00,28.8,,1.6,90,68,4153
102,백령도,2019-08-04 14:00,28.6,,1.5,340,73,3748
102,백령도,2019-08-04 15:00,29.4,,.5,50,66,4370
102,백령도,2019-08-04 16:00,28.9,,1,70,66,4085
102,백령도,2019-08-04 17:00,28,,1.1,320,70,4050
102,백령도,2019-08-04 18:00,27.9,,.8,230,57,4011
102,백령도,2019-08-04 19:00,25.5,,1.7,320,86,3156
102,백령도,2019-08-04 20:00,25.1,,1,290,89,2456
102,백령도,2019-08-04 21:00,24.8,,.8,270,86,2673
102,백령도,2019-08-04 22:00,24.4,,0,0,83,3064
102,백령도,2019-08-04 23:00,24.4,,0,0,80,3572
102,백령도,2019-08-05 00:00,25,,0,0,72,4952
102,백령도,2019-08-05 01:00,23.2,,.6,140,84,3205
102,백령도,2019-08-05 02:00,22.5,,1.1,180,89,3202
102,백령도,2019-08-05 03:00,22.1,,1.9,180,92,1936
102,백령도,2019-08-05 04:00,23.4,,.5,250,80,3995
102,백령도,2019-08-05 05:00,22.8,,1.1,320,85,3079
102,백령도,2019-08-05 06:00,22.2,,1.3,90,91,1528
102,백령도,2019-08-05 07:00,23.4,,1.7,90,89,1827
102,백령도,2019-08-05 08:00,24.4,,2.1,90,86,2025
102,백령도,2019-08-05 09:00,26.8,,1,90,77,2282
102,백령도,2019-08-05 10:00,27.9,,.8,20,73,2363
102,백령도,2019-08-05 11:00,27.9,,3.1,290,73,2574
102,백령도,2019-08-05 12:00,28,,2.6,340,75,2214
102,백령도,2019-08-05 13:00,27.7,,3.3,320,77,2626
102,백령도,2019-08-05 14:00,27.7,,3.5,320,79,2166
102,백령도,2019-08-05 15:00,28.4,,3.6,320,77,2722
102,백령도,2019-08-05 16:00,28.6,,3.1,340,70,3328
102,백령도,2019-08-05 17:00,27.8,,3.2,340,71,2955
102,백령도,2019-08-05 18:00,27.4,,4.2,340,72,3066
102,백령도,2019-08-05 19:00,26,,4.1,340,75,2212
102,백령도,2019-08-05 20:00,25,,2.8,340,77,2814
102,백령도,2019-08-05 21:00,23.8,,2.1,320,83,1987
102,백령도,2019-08-05 22:00,23.5,,2.1,320,85,1590
102,백령도,2019-08-05 23:00,24.1,,2.2,360,78,2866
102,백령도,2019-08-06 00:00,24.8,,1.1,340,74,3859
102,백령도,2019-08-06 01:00,26.1,,.4,0,67,4785
102,백령도,2019-08-06 02:00,26.2,,.4,0,69,3651
102,백령도,2019-08-06 03:00,25.3,,1.2,340,74,2852
102,백령도,2019-08-06 04:00,25.4,,.5,290,74,2849
102,백령도,2019-08-06 05:00,25.6,,1.5,90,76,1937
102,백령도,2019-08-06 06:00,25,,.2,0,79,1792
102,백령도,2019-08-06 07:00,25.2,,.9,290,81,1534
102,백령도,2019-08-06 08:00,25.1,,1.3,290,81,1779
102,백령도,2019-08-06 09:00,28.4,,1.4,90,70,1491
102,백령도,2019-08-06 10:00,28.9,,1.6,90,72,1386
102,백령도,2019-08-06 11:00,29.6,,1.8,70,69,1384
102,백령도,2019-08-06 12:00,29.9,,2.1,90,69,1355
102,백령도,2019-08-06 13:00,28.8,,2.6,290,72,1485
102,백령도,2019-08-06 14:00,28.9,,2.3,290,73,1316
102,백령도,2019-08-06 15:00,30,,2.2,290,69,1266
102,백령도,2019-08-06 16:00,30.2,,1.9,290,67,1407
102,백령도,2019-08-06 17:00,28.7,,2.5,290,72,1328
102,백령도,2019-08-06 18:00,26.4,,3,290,78,1082
102,백령도,2019-08-06 19:00,27,,2.4,320,78,1075
102,백령도,2019-08-06 20:00,26.1,,1.9,290,82,952
102,백령도,2019-08-06 21:00,25.2,,1.6,290,86,834
102,백령도,2019-08-06 22:00,24.7,,2.2,290,87,830
102,백령도,2019-08-06 23:00,23.5,,2.8,290,90,816
102,백령도,2019-08-07 00:00,25.4,,.8,290,85,946
102,백령도,2019-08-07 01:00,24.8,,1.3,290,88,842
102,백령도,2019-08-07 02:00,25.5,,1.6,320,86,962
102,백령도,2019-08-07 03:00,26,,1.2,90,85,894
102,백령도,2019-08-07 04:00,25.9,,1,90,88,763
102,백령도,2019-08-07 05:00,25.8,,.9,90,89,738
102,백령도,2019-08-07 06:00,25.3,,0,0,93,606
102,백령도,2019-08-07 07:00,25.3,,.4,0,94,558
102,백령도,2019-08-07 08:00,26,,.9,140,95,559
102,백령도,2019-08-07 09:00,27.6,,1.8,200,83,1031
102,백령도,2019-08-07 10:00,28.3,,1,90,80,1100
102,백령도,2019-08-07 11:00,28.7,,1.2,290,75,1349
102,백령도,2019-08-07 12:00,28.2,,3,180,69,2655
102,백령도,2019-08-07 13:00,28.7,,2.8,200,65,2357
102,백령도,2019-08-07 14:00,28.9,,2.6,180,65,2717
102,백령도,2019-08-07 15:00,28.8,,2.9,180,65,2823
102,백령도,2019-08-07 16:00,28.8,,2.4,180,67,2649
102,백령도,2019-08-07 17:00,29,,1.6,340,68,2590
102,백령도,2019-08-07 18:00,27.9,,1.5,90,72,2145
102,백령도,2019-08-07 19:00,27,,0,0,79,1866
102,백령도,2019-08-07 20:00,24.9,,1,140,85,1840
102,백령도,2019-08-07 21:00,23.7,,1.6,180,95,731
102,백령도,2019-08-07 22:00,23.7,,1.8,160,99,360
102,백령도,2019-08-07 23:00,23.4,,.5,200,100,105
102,백령도,2019-08-08 00:00,23.5,,0,0,100,31
102,백령도,2019-08-08 01:00,22.6,,1.3,140,100,16
102,백령도,2019-08-08 02:00,23.2,,1.5,140,100,12
102,백령도,2019-08-08 03:00,22.9,,1.4,180,100,83
102,백령도,2019-08-08 04:00,23.4,,1.6,160,100,100
102,백령도,2019-08-08 05:00,23.7,,1,140,100,50
102,백령도,2019-08-08 06:00,22.5,,1.9,110,100,12
102,백령도,2019-08-08 07:00,23.5,,1.6,110,100,12
102,백령도,2019-08-08 08:00,23.7,,2.6,110,100,22
102,백령도,2019-08-08 09:00,24,,1.3,160,100,288
102,백령도,2019-08-08 10:00,23.3,.2,3.8,160,100,124
102,백령도,2019-08-08 11:00,23.2,4,4.5,140,100,258
102,백령도,2019-08-08 12:00,23.7,.4,5.2,180,100,552
102,백령도,2019-08-08 13:00,24.3,,1.5,160,96,1176
102,백령도,2019-08-08 14:00,25.2,,2.1,200,91,1803
102,백령도,2019-08-08 15:00,25.5,,2.8,180,88,3491
102,백령도,2019-08-08 16:00,25.6,,1.1,160,90,2730
102,백령도,2019-08-08 17:00,25.3,,.8,160,94,1284
102,백령도,2019-08-08 18:00,24.8,,1.9,160,94,1642
102,백령도,2019-08-08 19:00,24.7,,1.8,180,93,1749
102,백령도,2019-08-08 20:00,23.8,,.4,0,96,1350
102,백령도,2019-08-08 21:00,23.3,,2,140,99,617
102,백령도,2019-08-08 22:00,22.7,,1.7,110,100,51
102,백령도,2019-08-08 23:00,23.7,,1.1,140,100,59
102,백령도,2019-08-09 00:00,23.2,,1.4,90,100,22
102,백령도,2019-08-09 01:00,23.6,,1,140,100,41
102,백령도,2019-08-09 02:00,23.6,,2,110,100,15
102,백령도,2019-08-09 03:00,23.7,,1.3,110,100,8
102,백령도,2019-08-09 04:00,23.8,,1.1,140,100,9
102,백령도,2019-08-09 05:00,23.3,,1.4,110,100,12
102,백령도,2019-08-09 06:00,23.6,,1.8,140,100,13
102,백령도,2019-08-09 07:00,23.1,.2,2.3,110,100,614
102,백령도,2019-08-09 08:00,23.8,,1.5,110,100,1515
102,백령도,2019-08-09 09:00,25.2,,2.6,110,91,2746
102,백령도,2019-08-09 10:00,25.2,,2.7,110,96,2115
102,백령도,2019-08-09 11:00,26.8,,3.2,110,93,2266
102,백령도,2019-08-09 12:00,27,,2.5,180,88,2931
102,백령도,2019-08-09 13:00,27.4,,2.5,180,86,3028
102,백령도,2019-08-09 14:00,27.6,,3.8,180,86,2639
102,백령도,2019-08-09 15:00,28.1,,2.9,180,85,2523
102,백령도,2019-08-09 16:00,27.9,,2.5,200,84,2766
102,백령도,2019-08-09 17:00,28.3,,2.9,180,79,3139
102,백령도,2019-08-09 18:00,27.5,,2.6,180,89,2664
102,백령도,2019-08-09 19:00,26.5,,.7,180,94,1896
102,백령도,2019-08-09 20:00,24.2,,1.8,90,100,420
102,백령도,2019-08-09 21:00,24.7,,.7,140,100,317
102,백령도,2019-08-09 22:00,23.7,,1.5,110,100,32
102,백령도,2019-08-09 23:00,23.8,,1.1,90,100,21
102,백령도,2019-08-10 00:00,23.8,,1.4,90,100,25
102,백령도,2019-08-10 01:00,24.2,,1.2,110,100,24
102,백령도,2019-08-10 02:00,24.2,,.7,140,100,39
102,백령도,2019-08-10 03:00,24.1,,1.3,110,100,15
102,백령도,2019-08-10 04:00,22.7,,1.4,90,100,19
102,백령도,2019-08-10 05:00,23.5,,1.3,110,100,29
102,백령도,2019-08-10 06:00,23.6,,2.3,110,100,40
102,백령도,2019-08-10 07:00,24.1,,2.4,110,100,188
102,백령도,2019-08-10 08:00,24.4,,2.8,110,100,788
102,백령도,2019-08-10 09:00,26,,4.4,110,98,1609
102,백령도,2019-08-10 10:00,27.4,,2.5,110,89,2212
102,백령도,2019-08-10 11:00,28.1,,3.2,110,83,2320
102,백령도,2019-08-10 12:00,29.2,,3.1,140,79,2374
102,백령도,2019-08-10 13:00,28.9,,2.2,70,82,1870
102,백령도,2019-08-10 14:00,29.7,,1.6,90,75,1960
102,백령도,2019-08-10 15:00,28.1,,2.6,340,79,2441
102,백령도,2019-08-10 16:00,30.5,,2.2,340,71,2759
102,백령도,2019-08-10 17:00,29.6,,1.7,360,72,2914
102,백령도,2019-08-10 18:00,29.4,,1.5,340,74,2931
102,백령도,2019-08-10 19:00,28.3,,.6,290,82,2775
102,백령도,2019-08-10 20:00,26.8,,1.1,290,85,2837
102,백령도,2019-08-10 21:00,27.3,,.8,340,83,2764
102,백령도,2019-08-10 22:00,28,,.4,0,82,2354
102,백령도,2019-08-10 23:00,25.3,,2.7,70,91,1953
102,백령도,2019-08-11 00:00,25.1,,3.3,110,92,2759
102,백령도,2019-08-11 01:00,25.2,,3.9,110,92,1782
102,백령도,2019-08-11 02:00,25.4,,5.6,110,89,2254
102,백령도,2019-08-11 03:00,26.6,,7.1,110,81,3222
102,백령도,2019-08-11 04:00,24.2,,4.4,110,91,2763
102,백령도,2019-08-11 05:00,24.7,,5.9,110,86,3081
102,백령도,2019-08-11 06:00,24.1,,4.5,110,91,2115
102,백령도,2019-08-11 07:00,24.2,,4.3,110,90,2226
102,백령도,2019-08-11 08:00,24.4,,5.1,110,86,2352
102,백령도,2019-08-11 09:00,24.2,,4.3,110,86,2282
102,백령도,2019-08-11 10:00,25.5,,4.6,110,81,2249
102,백령도,2019-08-11 11:00,26.3,,6.8,110,78,2432
102,백령도,2019-08-11 12:00,27.3,,9.4,110,73,2507
102,백령도,2019-08-11 13:00,26.7,,8,110,73,2470
102,백령도,2019-08-11 14:00,27.9,,8.3,110,70,2563
102,백령도,2019-08-11 15:00,26.9,0,8,110,75,1833
102,백령도,2019-08-11 16:00,27.6,0,9.3,110,71,2919
102,백령도,2019-08-11 17:00,27.5,0,8.3,110,71,2778
102,백령도,2019-08-11 18:00,25,.3,7.8,140,85,1053
102,백령도,2019-08-11 19:00,25,.1,5.9,110,87,2193
102,백령도,2019-08-11 20:00,24.2,2.5,7.9,140,91,340
102,백령도,2019-08-11 21:00,23.1,8.9,8.7,140,99,229
102,백령도,2019-08-11 22:00,23,9.2,7.2,110,100,166
102,백령도,2019-08-11 23:00,22.9,9.1,8.5,140,100,212
102,백령도,2019-08-12 00:00,23,1,8.5,110,100,527
102,백령도,2019-08-12 01:00,22.7,11,8.3,140,100,477
102,백령도,2019-08-12 02:00,22.6,.3,9.7,140,100,428
102,백령도,2019-08-12 03:00,23,0,7.1,140,100,1174
102,백령도,2019-08-12 04:00,23.3,,7.5,140,100,750
102,백령도,2019-08-12 05:00,23.7,,7.5,140,98,1018
102,백령도,2019-08-12 06:00,23.7,.1,7.8,140,99,660
102,백령도,2019-08-12 07:00,24.3,0,8.5,140,100,702
102,백령도,2019-08-12 08:00,24.6,,6.6,140,97,1051
102,백령도,2019-08-12 09:00,25.3,0,6.2,140,99,915
102,백령도,2019-08-12 10:00,24.8,0,7,140,98,728
102,백령도,2019-08-12 11:00,24.4,0,7.8,140,99,616
102,백령도,2019-08-12 12:00,25.1,,7.6,140,97,825
102,백령도,2019-08-12 13:00,25.6,,6,140,96,1178
102,백령도,2019-08-12 14:00,25.9,,4.8,140,92,1072
102,백령도,2019-08-12 15:00,26,,5.6,140,93,1033
102,백령도,2019-08-12 16:00,25.2,,6.1,140,94,827
102,백령도,2019-08-12 17:00,25.2,,4.4,140,96,637
102,백령도,2019-08-12 18:00,24.6,,5.7,140,98,467
102,백령도,2019-08-12 19:00,24.5,,5.8,140,100,435
102,백령도,2019-08-12 20:00,24.1,,5.6,140,100,272
102,백령도,2019-08-12 21:00,24.1,,6.1,140,100,357
102,백령도,2019-08-12 22:00,23.9,,6.3,140,100,244
102,백령도,2019-08-12 23:00,24.1,,4.1,140,100,305
102,백령도,2019-08-13 00:00,23.8,,6,140,100,323
102,백령도,2019-08-13 01:00,23.6,,5.7,140,99,539
102,백령도,2019-08-13 02:00,23.5,,6,140,100,368
102,백령도,2019-08-13 03:00,23.5,,5.6,140,98,696
102,백령도,2019-08-13 04:00,23.6,,4.2,140,99,667
102,백령도,2019-08-13 05:00,23.8,,4.9,140,100,578
102,백령도,2019-08-13 06:00,23.2,,7.6,140,100,395
102,백령도,2019-08-13 07:00,23.2,,7.6,140,100,662
102,백령도,2019-08-13 08:00,23.8,,6.3,140,98,1391
102,백령도,2019-08-13 09:00,23.9,,6.4,140,99,1063
102,백령도,2019-08-13 10:00,24,,6.3,140,98,1120
102,백령도,2019-08-13 11:00,23.6,0,7.2,140,98,1207
102,백령도,2019-08-13 12:00,23.7,0,5.8,140,97,1366
102,백령도,2019-08-13 13:00,23.2,.5,5.5,140,100,587
102,백령도,2019-08-13 14:00,24.7,0,6.7,140,97,1266
102,백령도,2019-08-13 15:00,24.4,,4,160,97,1223
102,백령도,2019-08-13 16:00,24.6,,4,160,96,1283
102,백령도,2019-08-13 17:00,24.8,,5.6,160,96,1185
102,백령도,2019-08-13 18:00,25,,3.9,160,97,1001
102,백령도,2019-08-13 19:00,24.7,,4.9,160,99,624
102,백령도,2019-08-13 20:00,24.9,,5.2,160,100,441
102,백령도,2019-08-13 21:00,24.9,,4.3,160,100,416
102,백령도,2019-08-13 22:00,24.8,,3.6,160,100,231
102,백령도,2019-08-13 23:00,24.3,,1.7,180,100,304
102,백령도,2019-08-14 00:00,24,,1.5,180,99,463
102,백령도,2019-08-14 01:00,23.9,,1.2,180,100,549
102,백령도,2019-08-14 02:00,23.5,,1.3,140,100,360
102,백령도,2019-08-14 03:00,23.7,,2.3,160,100,127
102,백령도,2019-08-14 04:00,23.3,,3.3,140,100,47
102,백령도,2019-08-14 05:00,23,,3.9,140,100,16
102,백령도,2019-08-14 06:00,23,,2.3,140,100,36
102,백령도,2019-08-14 07:00,22.8,,3.7,140,100,19
102,백령도,2019-08-14 08:00,23.1,,3.7,140,100,26
102,백령도,2019-08-14 09:00,23.5,,2.9,140,100,59
102,백령도,2019-08-14 10:00,25.8,,3,160,100,1092
102,백령도,2019-08-14 11:00,26,,2.6,160,92,1653
102,백령도,2019-08-14 12:00,26.7,,2.5,160,86,2473
102,백령도,2019-08-14 13:00,27.2,,2.6,180,82,2148
102,백령도,2019-08-14 14:00,28,,2.7,200,75,2366
102,백령도,2019-08-14 15:00,28.3,,2.3,180,72,2792
102,백령도,2019-08-14 16:00,27.3,,1.2,20,80,2431
102,백령도,2019-08-14 17:00,25.7,,1.5,320,89,2249
102,백령도,2019-08-14 18:00,25.9,,2.6,290,90,1915
102,백령도,2019-08-14 19:00,24.8,,2.7,320,92,1414
102,백령도,2019-08-14 20:00,24,,2.2,340,95,969
102,백령도,2019-08-14 21:00,23.8,,2.7,320,98,601
102,백령도,2019-08-14 22:00,24.1,,4.7,340,98,586
102,백령도,2019-08-14 23:00,23.7,,4.1,340,98,486
102,백령도,2019-08-15 00:00,23.5,,3.6,360,98,532
102,백령도,2019-08-15 01:00,23.4,.3,2.8,360,98,560
102,백령도,2019-08-15 02:00,22.8,2.9,1.5,320,100,198
102,백령도,2019-08-15 03:00,22.7,.1,1,290,100,388
102,백령도,2019-08-15 04:00,22.3,0,1.8,320,100,376
102,백령도,2019-08-15 05:00,22,0,3.4,320,100,302
102,백령도,2019-08-15 06:00,22.1,0,4.2,340,100,473
102,백령도,2019-08-15 07:00,22.1,,3,320,100,488
102,백령도,2019-08-15 08:00,22.6,,3.1,340,100,656
102,백령도,2019-08-15 09:00,22.7,,3.6,290,99,665
102,백령도,2019-08-15 10:00,22.5,0,3.2,290,100,466
102,백령도,2019-08-15 11:00,23.5,0,3,290,99,1077
102,백령도,2019-08-15 12:00,24.8,0,2.2,340,95,1825
102,백령도,2019-08-15 13:00,24.3,0,2.5,320,95,1720
102,백령도,2019-08-15 14:00,24.3,0,2.9,320,95,1768
102,백령도,2019-08-15 15:00,24.9,,2.7,340,92,2287
102,백령도,2019-08-15 16:00,24.3,,3.1,320,93,2214
102,백령도,2019-08-15 17:00,24.1,,2.6,360,94,2095
102,백령도,2019-08-15 18:00,23.5,,2.3,360,98,1885
102,백령도,2019-08-15 19:00,22.6,,2.3,320,99,1215
102,백령도,2019-08-15 20:00,22.7,,1.3,340,100,1213
102,백령도,2019-08-15 21:00,22.5,,1,290,100,1020
102,백령도,2019-08-15 22:00,22.1,,.9,290,100,961
102,백령도,2019-08-15 23:00,22.8,,0,0,100,1315
102,백령도,2019-08-16 00:00,22.2,,.4,0,100,860
102,백령도,2019-08-16 01:00,23,,3,290,100,1527
102,백령도,2019-08-16 02:00,23,,3.2,290,100,978
102,백령도,2019-08-16 03:00,22.8,,2,290,100,562
102,백령도,2019-08-16 04:00,22.3,.2,2.4,320,100,887
102,백령도,2019-08-16 05:00,22.3,0,2.6,290,100,1591
102,백령도,2019-08-16 06:00,23.1,,3.8,290,99,1687
102,백령도,2019-08-16 07:00,23.5,,4.3,290,99,1087
102,백령도,2019-08-16 08:00,23.7,,3.6,290,97,993
102,백령도,2019-08-16 09:00,23.8,,5.6,290,95,1284
102,백령도,2019-08-16 10:00,25.7,,4.8,290,90,1804
102,백령도,2019-08-16 11:00,25.8,,5.2,290,87,1839
102,백령도,2019-08-16 12:00,26.3,,6.5,290,87,1822
102,백령도,2019-08-16 13:00,26.6,,6.2,290,86,1959
102,백령도,2019-08-16 14:00,26.7,,5.7,290,84,2165
102,백령도,2019-08-16 15:00,27.1,,5.1,290,80,2141
102,백령도,2019-08-16 16:00,26.9,,5.5,270,72,2562
102,백령도,2019-08-16 17:00,26.6,,3.5,270,81,1489
102,백령도,2019-08-16 18:00,25.1,,4.6,250,86,1340
102,백령도,2019-08-16 19:00,24.5,,3.3,230,87,1712
102,백령도,2019-08-16 20:00,24.1,,4.2,250,88,2121
102,백령도,2019-08-16 21:00,23.7,,3.6,250,88,2294
102,백령도,2019-08-16 22:00,23.5,,3.6,250,87,2646
102,백령도,2019-08-16 23:00,23.4,,4.9,270,85,1988
102,백령도,2019-08-17 00:00,23.4,,5.5,250,86,1736
102,백령도,2019-08-17 01:00,23.4,,4,270,81,2569
102,백령도,2019-08-17 02:00,22.7,,2.9,270,84,3155
102,백령도,2019-08-17 03:00,22.9,,3.4,270,80,3795
102,백령도,2019-08-17 04:00,22.9,,3.5,270,78,3299
102,백령도,2019-08-17 05:00,22.5,,3,250,81,2989
102,백령도,2019-08-17 06:00,22.2,,3,250,85,2913
102,백령도,2019-08-17 07:00,22.8,,2.3,250,82,3586
102,백령도,2019-08-17 08:00,24.1,,4.1,250,76,3127
102,백령도,2019-08-17 09:00,24.9,,4.3,250,72,3258
102,백령도,2019-08-17 10:00,25.1,,5.2,250,75,2964
102,백령도,2019-08-17 11:00,25.3,,5.1,250,75,2100
102,백령도,2019-08-17 12:00,25.1,,5.5,250,73,2819
102,백령도,2019-08-17 13:00,24.9,,6.3,290,76,2850
102,백령도,2019-08-17 14:00,25.6,,5.8,290,74,2881
102,백령도,2019-08-17 15:00,25.8,,5,290,74,3317
102,백령도,2019-08-17 16:00,24.9,,5.8,270,76,3424
102,백령도,2019-08-17 17:00,25.1,,5.1,290,74,3917
102,백령도,2019-08-17 18:00,24.9,,2.2,320,70,4073
102,백령도,2019-08-17 19:00,23.7,,3.5,270,76,3867
102,백령도,2019-08-17 20:00,22.6,,3.1,270,80,3005
102,백령도,2019-08-17 21:00,22.7,,3.1,250,79,3142
102,백령도,2019-08-17 22:00,22.1,,1.9,250,84,2998
102,백령도,2019-08-17 23:00,21.7,,2.2,270,84,2837
102,백령도,2019-08-18 00:00,21.9,,2,270,85,2630
102,백령도,2019-08-18 01:00,21.8,,1.9,270,90,2121
102,백령도,2019-08-18 02:00,21.3,,1.8,230,93,2030
102,백령도,2019-08-18 03:00,21,,1.9,200,94,1396
102,백령도,2019-08-18 04:00,21.9,,1.6,250,89,3828
102,백령도,2019-08-18 05:00,21.4,,1.9,290,90,4535
102,백령도,2019-08-18 06:00,21.4,,1.9,270,91,4000
102,백령도,2019-08-18 07:00,21.2,,.9,270,94,2995
102,백령도,2019-08-18 08:00,23,,2.1,340,90,3316
102,백령도,2019-08-18 09:00,23.4,,2.3,70,90,1709
102,백령도,2019-08-18 10:00,24.5,,2.6,360,81,3305
102,백령도,2019-08-18 11:00,25.6,,2.5,360,61,3225
102,백령도,2019-08-18 12:00,25.7,,2.9,320,59,3551
102,백령도,2019-08-18 13:00,25.8,,3.6,290,66,3589
102,백령도,2019-08-18 14:00,26.1,,3,340,64,3604
102,백령도,2019-08-18 15:00,26,,3,320,66,3504
102,백령도,2019-08-18 16:00,25.5,,2.8,290,71,3574
102,백령도,2019-08-18 17:00,24.9,,3.2,290,71,4036
102,백령도,2019-08-18 18:00,24.4,,3.2,290,73,4054
102,백령도,2019-08-18 19:00,23.2,,3.2,320,78,4367
102,백령도,2019-08-18 20:00,21.7,,.6,250,87,3353
102,백령도,2019-08-18 21:00,20.8,,2.1,320,90,3632
102,백령도,2019-08-18 22:00,21,,1.6,290,89,3212
102,백령도,2019-08-18 23:00,20.9,,2.2,320,91,3842
102,백령도,2019-08-19 00:00,20.8,,.8,320,92,3338
102,백령도,2019-08-19 01:00,20.2,,0,0,93,2731
102,백령도,2019-08-19 02:00,20.9,,.8,110,92,3551
102,백령도,2019-08-19 03:00,21.1,,.6,90,90,3953
102,백령도,2019-08-19 04:00,20.5,,1.7,90,91,3256
102,백령도,2019-08-19 05:00,20.4,,2.1,110,93,3370
102,백령도,2019-08-19 06:00,20,,1.3,110,96,1951
102,백령도,2019-08-19 07:00,20.8,,.9,110,97,1678
102,백령도,2019-08-19 08:00,23.3,,0,0,88,3527
102,백령도,2019-08-19 09:00,23.4,,1.7,90,89,2854
102,백령도,2019-08-19 10:00,24.3,,1.7,140,72,3897
102,백령도,2019-08-19 11:00,25.8,,1.2,90,59,4496
102,백령도,2019-08-19 12:00,25.9,,2,340,64,3839
102,백령도,2019-08-19 13:00,26,,2.7,340,66,3994
102,백령도,2019-08-19 14:00,26.1,,2.8,340,69,4185
102,백령도,2019-08-19 15:00,26.4,,3.5,320,65,4322
102,백령도,2019-08-19 16:00,25.3,,3.4,340,66,4166
102,백령도,2019-08-19 17:00,24.4,,4.3,320,72,4046
102,백령도,2019-08-19 18:00,23.8,,3.2,320,74,4464
102,백령도,2019-08-19 19:00,22.4,,3.5,320,80,4812
102,백령도,2019-08-19 20:00,21.1,,3,320,88,4306
102,백령도,2019-08-19 21:00,20.8,,3,320,93,3366
102,백령도,2019-08-19 22:00,21.2,,3.6,340,79,4949
102,백령도,2019-08-19 23:00,21.1,,2.7,320,80,4990
102,백령도,2019-08-20 00:00,21.5,,2.7,360,76,4966
102,백령도,2019-08-20 01:00,19.8,,1.4,340,88,4556
102,백령도,2019-08-20 02:00,20.3,,1.2,290,87,4573
102,백령도,2019-08-20 03:00,21.2,,2,20,77,4562
102,백령도,2019-08-20 04:00,21.3,,1.8,50,80,4407
102,백령도,2019-08-20 05:00,20.8,,2.1,50,86,3520
102,백령도,2019-08-20 06:00,20.9,,2.2,50,89,2928
102,백령도,2019-08-20 07:00,21.4,,1.1,90,91,2510
102,백령도,2019-08-20 08:00,23.3,,1.6,90,83,2417
102,백령도,2019-08-20 09:00,23.9,,2.6,90,83,1916
102,백령도,2019-08-20 10:00,24.9,,2.2,90,80,1773
102,백령도,2019-08-20 11:00,25.7,,2.1,90,76,1959
102,백령도,2019-08-20 12:00,26.4,,3,90,72,2203
102,백령도,2019-08-20 13:00,26.6,,2.1,140,70,2130
102,백령도,2019-08-20 14:00,27.6,,2.8,160,66,2417
102,백령도,2019-08-20 15:00,26.8,,2.8,180,71,1977
102,백령도,2019-08-20 16:00,24.6,,3.2,290,79,2206
102,백령도,2019-08-20 17:00,25.6,,1.8,340,78,2248
102,백령도,2019-08-20 18:00,23.9,,1.4,340,82,2169
102,백령도,2019-08-20 19:00,23.2,,1,320,85,1932
102,백령도,2019-08-20 20:00,21.8,,1,320,91,1636
102,백령도,2019-08-20 21:00,22.6,,.1,0,88,1580
102,백령도,2019-08-20 22:00,22.5,,0,0,89,1212
102,백령도,2019-08-20 23:00,22.3,,0,0,91,1124
102,백령도,2019-08-21 00:00,22.8,,.8,140,91,925
102,백령도,2019-08-21 01:00,22.5,,.6,180,93,633
102,백령도,2019-08-21 02:00,22.5,,.7,140,94,581
102,백령도,2019-08-21 03:00,22.6,,.8,110,94,518
102,백령도,2019-08-21 04:00,22.4,,1,110,96,425
102,백령도,2019-08-21 05:00,22.1,,1,90,94,560
102,백령도,2019-08-21 06:00,22.1,,.9,90,96,480
102,백령도,2019-08-21 07:00,22.3,,.9,140,96,455
102,백령도,2019-08-21 08:00,23.2,,.8,160,96,476
102,백령도,2019-08-21 09:00,23.9,,1.7,180,92,516
102,백령도,2019-08-21 10:00,24.4,,.8,180,93,533
102,백령도,2019-08-21 11:00,24.4,,.8,140,94,558
102,백령도,2019-08-21 12:00,24.1,,1.5,160,93,495
102,백령도,2019-08-21 13:00,23.7,,1.6,180,96,290
102,백령도,2019-08-21 14:00,23.3,0,1.8,200,99,169
102,백령도,2019-08-21 15:00,24,0,.9,230,98,354
102,백령도,2019-08-21 16:00,24.6,,1.4,230,91,1207
102,백령도,2019-08-21 17:00,24.2,,.7,360,93,743
102,백령도,2019-08-21 18:00,24.7,,1,200,86,1730
102,백령도,2019-08-21 19:00,23.7,,.4,0,93,986
102,백령도,2019-08-21 20:00,22.5,,1.5,180,97,425
102,백령도,2019-08-21 21:00,22.1,,.9,270,96,1129
102,백령도,2019-08-21 22:00,21.6,,1,270,95,1337
102,백령도,2019-08-21 23:00,22.2,,.3,0,94,2359
102,백령도,2019-08-22 00:00,20.9,,1.6,270,97,1023
102,백령도,2019-08-22 01:00,20.6,,1.1,290,98,801
102,백령도,2019-08-22 02:00,20.1,,.8,340,100,356
102,백령도,2019-08-22 03:00,20.5,,0,0,98,395
102,백령도,2019-08-22 04:00,20.5,,0,0,100,108
102,백령도,2019-08-22 05:00,20.8,,0,0,100,192
102,백령도,2019-08-22 06:00,20.5,,0,0,100,131
102,백령도,2019-08-22 07:00,20.7,,0,0,100,182
102,백령도,2019-08-22 08:00,21.4,,0,0,100,214
102,백령도,2019-08-22 09:00,23.3,,1.7,320,93,544
102,백령도,2019-08-22 10:00,24.5,,2.8,290,87,888
102,백령도,2019-08-22 11:00,25.9,,3.2,290,77,1284
102,백령도,2019-08-22 12:00,25.8,,4.7,290,79,2071
102,백령도,2019-08-22 13:00,26.4,,4.3,320,79,1919
102,백령도,2019-08-22 14:00,25.6,,4.5,340,74,1826
102,백령도,2019-08-22 15:00,25.6,,4.7,290,79,1461
102,백령도,2019-08-22 16:00,25.3,,4.8,340,81,1263
102,백령도,2019-08-22 17:00,24.9,,4.3,340,79,1547
102,백령도,2019-08-22 18:00,23.4,,3.2,320,85,1378
102,백령도,2019-08-22 19:00,22.6,,2.7,320,90,1058
102,백령도,2019-08-22 20:00,22.3,,1,230,92,1077
102,백령도,2019-08-22 21:00,22.2,,.9,270,91,1129
102,백령도,2019-08-22 22:00,22.4,,3.5,320,89,2159
102,백령도,2019-08-22 23:00,21.8,,2.7,290,90,2411
102,백령도,2019-08-23 00:00,22.3,,2.1,270,92,1844
102,백령도,2019-08-23 01:00,22,,2.2,290,93,1315
102,백령도,2019-08-23 02:00,21.5,,2,290,97,467
102,백령도,2019-08-23 03:00,22,,2.1,290,94,764
102,백령도,2019-08-23 04:00,21.8,,1.7,290,97,563
102,백령도,2019-08-23 05:00,21.2,,1.3,320,96,689
102,백령도,2019-08-23 06:00,20.6,,1.2,290,99,459
102,백령도,2019-08-23 07:00,21.5,,2.2,320,92,1504
102,백령도,2019-08-23 08:00,22.3,,3.1,360,85,2113
102,백령도,2019-08-23 09:00,24,,2,360,72,2445
102,백령도,2019-08-23 10:00,24.5,,2.8,360,69,2667
102,백령도,2019-08-23 11:00,25.9,,2.9,360,60,2668
102,백령도,2019-08-23 12:00,26.2,,3.2,320,61,2795
102,백령도,2019-08-23 13:00,26.6,,2.8,320,65,2302
102,백령도,2019-08-23 14:00,25.6,,3.9,290,69,2155
102,백령도,2019-08-23 15:00,25.8,,3.9,320,72,2338
102,백령도,2019-08-23 16:00,25.5,,4.1,290,75,2257
102,백령도,2019-08-23 17:00,25.3,,3.9,290,76,2367
102,백령도,2019-08-23 18:00,24.7,,2.6,290,77,2630
102,백령도,2019-08-23 19:00,23.1,,2.1,320,84,2720
102,백령도,2019-08-23 20:00,21.5,,1.7,270,93,2231
102,백령도,2019-08-23 21:00,21.4,,1,270,93,2237
102,백령도,2019-08-23 22:00,21.2,,1.9,270,89,2671
102,백령도,2019-08-23 23:00,21.7,,1.6,290,85,3507
102,백령도,2019-08-24 00:00,21.7,,1.6,270,87,3972
102,백령도,2019-08-24 01:00,21.6,,1.6,270,89,3646
102,백령도,2019-08-24 02:00,22,,2.3,270,90,3353
102,백령도,2019-08-24 03:00,22.6,,2.5,290,91,3233
102,백령도,2019-08-24 04:00,22.6,,2.3,290,87,3625
102,백령도,2019-08-24 05:00,21.4,,1.6,340,90,2662
102,백령도,2019-08-24 06:00,21.5,,2.4,340,85,3139
102,백령도,2019-08-24 07:00,21.4,,2.9,340,86,3569
102,백령도,2019-08-24 08:00,21.4,,2.6,290,90,3378
102,백령도,2019-08-24 09:00,21.6,,3.4,340,85,3995
102,백령도,2019-08-24 10:00,22.4,,4.3,340,80,4021
102,백령도,2019-08-24 11:00,22.7,,5.5,340,78,3408
102,백령도,2019-08-24 12:00,23.3,,2.7,340,76,3202
102,백령도,2019-08-24 13:00,23.9,,3.5,340,71,3333
102,백령도,2019-08-24 14:00,24.2,,3.5,340,68,3448
102,백령도,2019-08-24 15:00,24.2,,4.3,320,71,3577
102,백령도,2019-08-24 16:00,23.8,,3.8,290,76,3531
102,백령도,2019-08-24 17:00,23.7,,4,320,76,3548
102,백령도,2019-08-24 18:00,23.3,,2.5,320,78,3887
102,백령도,2019-08-24 19:00,22.1,,1.7,290,85,3843
102,백령도,2019-08-24 20:00,20.8,,1.3,270,90,3348
102,백령도,2019-08-24 21:00,20.3,,1.5,250,88,3073
102,백령도,2019-08-24 22:00,20,,2.2,270,91,2924
102,백령도,2019-08-24 23:00,20.4,,2.1,290,89,3017
102,백령도,2019-08-25 00:00,20.6,,1.6,290,87,3930
102,백령도,2019-08-25 01:00,20.9,,1.6,290,89,3806
102,백령도,2019-08-25 02:00,20.8,,2.4,320,92,3679
102,백령도,2019-08-25 03:00,20.7,,.8,230,95,3018
102,백령도,2019-08-25 04:00,20.5,,1.1,290,96,2489
102,백령도,2019-08-25 05:00,20.6,,.4,0,98,1246
102,백령도,2019-08-25 06:00,20.6,,.3,0,100,1131
102,백령도,2019-08-25 07:00,21.1,,.8,110,97,981
102,백령도,2019-08-25 08:00,23,,.9,110,92,2056
102,백령도,2019-08-25 09:00,24,,1.6,180,87,2574
102,백령도,2019-08-25 10:00,25.1,,2.2,180,78,2923
102,백령도,2019-08-25 11:00,25.6,,.9,20,70,3296
102,백령도,2019-08-25 12:00,25.5,,1.3,140,75,3085
102,백령도,2019-08-25 13:00,26.2,,1.7,360,71,3247
102,백령도,2019-08-25 14:00,26.8,,3.8,200,61,3463
102,백령도,2019-08-25 15:00,26,,4.1,230,66,3269
102,백령도,2019-08-25 16:00,26.3,,3,230,68,3218
102,백령도,2019-08-25 17:00,26.6,,3.1,270,66,3324
102,백령도,2019-08-25 18:00,25.3,,2.9,290,74,3624
102,백령도,2019-08-25 19:00,23.9,,2.4,290,80,3280
102,백령도,2019-08-25 20:00,22.4,,1.9,320,86,2660
102,백령도,2019-08-25 21:00,22.1,,1.8,320,88,2386
102,백령도,2019-08-25 22:00,22.3,,.6,200,91,2023
102,백령도,2019-08-25 23:00,21.2,,1.7,180,93,1451
102,백령도,2019-08-26 00:00,21.4,,1.7,200,93,1138
102,백령도,2019-08-26 01:00,21.5,,0,0,92,2093
102,백령도,2019-08-26 02:00,20.6,,1,140,93,1455
102,백령도,2019-08-26 03:00,20.2,,2.2,90,98,608
102,백령도,2019-08-26 04:00,20.4,,1.6,90,100,359
102,백령도,2019-08-26 05:00,20.3,,1.7,90,100,350
102,백령도,2019-08-26 06:00,20.6,,1.7,110,100,237
102,백령도,2019-08-26 07:00,21,,0,0,100,325
102,백령도,2019-08-26 08:00,22.6,,1.8,110,95,1540
102,백령도,2019-08-26 09:00,22.7,,2.5,90,93,1753
102,백령도,2019-08-26 10:00,22.7,,3.5,90,91,1808
102,백령도,2019-08-26 11:00,24.4,,2.6,160,83,2475
102,백령도,2019-08-26 12:00,26.2,,3,140,79,2783
102,백령도,2019-08-26 13:00,26.2,,2.8,140,76,2962
102,백령도,2019-08-26 14:00,25.7,,3.3,160,77,2919
102,백령도,2019-08-26 15:00,25.1,,2.8,180,77,2710
102,백령도,2019-08-26 16:00,25.3,,2.6,200,72,3088
102,백령도,2019-08-26 17:00,24.4,,1.9,180,81,2624
102,백령도,2019-08-26 18:00,23.8,,1.8,180,84,2666
102,백령도,2019-08-26 19:00,23.4,,1.1,200,89,2192
102,백령도,2019-08-26 20:00,22.1,,.4,0,92,2043
102,백령도,2019-08-26 21:00,22.5,,.7,140,91,1930
102,백령도,2019-08-26 22:00,21.9,,1.4,230,91,2258
102,백령도,2019-08-26 23:00,21.8,,.6,160,93,1617
102,백령도,2019-08-27 00:00,21.3,0,.2,0,95,1200
102,백령도,2019-08-27 01:00,21.3,0,1.5,90,98,445
102,백령도,2019-08-27 02:00,21.3,.5,1.3,90,98,483
102,백령도,2019-08-27 03:00,21.3,.1,.8,90,99,579
102,백령도,2019-08-27 04:00,21.2,.1,1.4,140,98,814
102,백령도,2019-08-27 05:00,20.9,.1,2.5,160,87,2306
102,백령도,2019-08-27 06:00,20.7,,2.3,160,77,4107
102,백령도,2019-08-27 07:00,21,,1.3,160,75,4238
102,백령도,2019-08-27 08:00,21.1,,.2,0,84,3267
102,백령도,2019-08-27 09:00,22.8,,1.9,90,80,3253
102,백령도,2019-08-27 10:00,22.6,,2.4,90,81,2545
102,백령도,2019-08-27 11:00,22.3,,2.4,110,82,2669
102,백령도,2019-08-27 12:00,24.4,,2.5,110,65,3449
102,백령도,2019-08-27 13:00,24.2,,2.3,180,63,3614
102,백령도,2019-08-27 14:00,24.9,,1.4,360,69,3357
102,백령도,2019-08-27 15:00,23.3,,2.4,20,73,3352
102,백령도,2019-08-27 16:00,24.4,,1.4,360,71,3448
102,백령도,2019-08-27 17:00,24.6,,.8,360,72,3353
102,백령도,2019-08-27 18:00,23.3,,1.6,320,77,3782
102,백령도,2019-08-27 19:00,22.4,,1.2,320,83,3743
102,백령도,2019-08-27 20:00,21.4,,.6,320,89,3222
102,백령도,2019-08-27 21:00,21.3,,0,0,90,3231
102,백령도,2019-08-27 22:00,21.3,,1.4,270,91,3265
102,백령도,2019-08-27 23:00,20.5,,1.7,270,92,2983
102,백령도,2019-08-28 00:00,21.3,,0,0,88,3646
102,백령도,2019-08-28 01:00,20.4,,1,290,90,3360
102,백령도,2019-08-28 02:00,20.8,,.3,0,90,3250
102,백령도,2019-08-28 03:00,21,,.3,0,91,3202
102,백령도,2019-08-28 04:00,20.4,,1.7,110,94,2281
102,백령도,2019-08-28 05:00,20.1,,.5,140,97,1936
102,백령도,2019-08-28 06:00,20,,1,140,96,1659
102,백령도,2019-08-28 07:00,20.6,,1.2,110,98,1405
102,백령도,2019-08-28 08:00,22.5,,2,110,92,2759
102,백령도,2019-08-28 09:00,24,,1.6,110,86,3026
102,백령도,2019-08-28 10:00,23.9,,2.2,140,85,2806
102,백령도,2019-08-28 11:00,25.4,,2.5,110,81,2802
102,백령도,2019-08-28 12:00,25.9,,2.6,160,77,1910
102,백령도,2019-08-28 13:00,25.6,,2.4,180,74,789
102,백령도,2019-08-28 14:00,26.8,,3.7,180,66,873
102,백령도,2019-08-28 15:00,26.5,,4.5,180,72,722
102,백령도,2019-08-28 16:00,26.5,,4,230,72,895
102,백령도,2019-08-28 17:00,25.9,,4.2,200,74,1114
102,백령도,2019-08-28 18:00,25.3,,4.5,200,75,2176
102,백령도,2019-08-28 19:00,24.4,,2.8,230,83,1662
102,백령도,2019-08-28 20:00,24,,2.7,200,85,1374
102,백령도,2019-08-28 21:00,24.4,,3.5,230,83,1525
102,백령도,2019-08-28 22:00,24.7,,3.8,230,77,1350
102,백령도,2019-08-28 23:00,24.4,,3.4,230,80,1738
102,백령도,2019-08-29 00:00,24.2,,3.7,230,88,617
102,백령도,2019-08-29 01:00,23.9,,3.5,250,84,923
102,백령도,2019-08-29 02:00,23.9,,4.4,250,82,992
102,백령도,2019-08-29 03:00,23.5,,2.2,250,78,1551
102,백령도,2019-08-29 04:00,23.2,,2.7,250,74,2056
102,백령도,2019-08-29 05:00,22.6,,1.7,250,76,2142
102,백령도,2019-08-29 06:00,23,,3.1,250,67,3193
102,백령도,2019-08-29 07:00,24.1,,3.9,270,65,2631
102,백령도,2019-08-29 08:00,25.1,,3.4,250,65,2626
102,백령도,2019-08-29 09:00,25.9,,5,250,62,2669
102,백령도,2019-08-29 10:00,26.3,,5.7,250,63,2659
102,백령도,2019-08-29 11:00,26.2,,7.1,250,67,2688
102,백령도,2019-08-29 12:00,25.2,,6,290,75,2777
102,백령도,2019-08-29 13:00,24.9,,6.8,320,78,2253
102,백령도,2019-08-29 14:00,25.1,,6.7,290,76,1769
102,백령도,2019-08-29 15:00,24.8,,6.3,290,66,3377
102,백령도,2019-08-29 16:00,23.9,,7,290,67,3270
102,백령도,2019-08-29 17:00,23.5,,5,290,66,3241
102,백령도,2019-08-29 18:00,22.9,,4.8,290,70,3046
102,백령도,2019-08-29 19:00,21.7,,3.2,290,75,3173
102,백령도,2019-08-29 20:00,21.5,,4.9,290,74,3560
102,백령도,2019-08-29 21:00,21.4,,4.1,290,77,3005
102,백령도,2019-08-29 22:00,21.6,,4.6,290,75,2849
102,백령도,2019-08-29 23:00,21.5,,4.2,320,75,3976
102,백령도,2019-08-30 00:00,21.4,,5.1,340,77,3492
102,백령도,2019-08-30 01:00,20.6,,3.4,340,83,3296
102,백령도,2019-08-30 02:00,20.2,,2.4,320,80,3495
102,백령도,2019-08-30 03:00,19.5,,2,290,89,2642
102,백령도,2019-08-30 04:00,19.6,,2.1,320,89,3094
102,백령도,2019-08-30 05:00,19.8,,2.4,320,86,3104
102,백령도,2019-08-30 06:00,18.6,,1.2,270,93,2515
102,백령도,2019-08-30 07:00,19.7,,.4,0,88,3096
102,백령도,2019-08-30 08:00,21.6,,1.6,320,83,3332
102,백령도,2019-08-30 09:00,21.6,,1.8,320,77,3709
102,백령도,2019-08-30 10:00,22.1,,2.4,320,79,2385
102,백령도,2019-08-30 11:00,23.2,,3.9,270,74,2819
102,백령도,2019-08-30 12:00,24.3,,4.7,290,68,3247
102,백령도,2019-08-30 13:00,23.7,,5.6,320,71,3544
102,백령도,2019-08-30 14:00,23.8,,5.1,320,65,3724
102,백령도,2019-08-30 15:00,23.5,,5.4,320,68,3788
102,백령도,2019-08-30 16:00,23.2,,6,320,67,4481
102,백령도,2019-08-30 17:00,22.5,,3.9,340,75,3658
102,백령도,2019-08-30 18:00,21.8,,2.6,320,77,3690
102,백령도,2019-08-30 19:00,20.6,,2.1,290,83,3957
102,백령도,2019-08-30 20:00,19.4,,2.1,320,88,3960
102,백령도,2019-08-30 21:00,19.4,,1.3,270,90,3387
102,백령도,2019-08-30 22:00,19.4,,1.6,270,86,4033
102,백령도,2019-08-30 23:00,19.4,,1.8,270,83,4527
102,백령도,2019-08-31 00:00,20.1,,2.3,270,84,3892
102,백령도,2019-08-31 01:00,20.7,,2.4,270,83,3524
102,백령도,2019-08-31 02:00,20.8,,2.4,270,85,3669
102,백령도,2019-08-31 03:00,21.1,,3,290,89,3425
102,백령도,2019-08-31 04:00,20.4,,3.6,320,90,3122
102,백령도,2019-08-31 05:00,20,,2.4,320,90,3153
102,백령도,2019-08-31 06:00,19.9,,2.4,320,90,3400
102,백령도,2019-08-31 07:00,20.3,,2.6,340,88,3198
102,백령도,2019-08-31 08:00,21.6,,3.7,360,80,4235
102,백령도,2019-08-31 09:00,22.4,,4.3,340,76,3666
102,백령도,2019-08-31 10:00,23.2,,4.3,340,73,3412
102,백령도,2019-08-31 11:00,23.8,,5.3,340,68,3627
102,백령도,2019-08-31 12:00,24.5,,4.2,340,61,3970
102,백령도,2019-08-31 13:00,24.9,,4.2,340,57,3642
102,백령도,2019-08-31 14:00,24.9,,3.1,340,61,3899
102,백령도,2019-08-31 15:00,25.1,,3.1,320,58,3857
102,백령도,2019-08-31 16:00,24.3,,3.3,320,55,3872
102,백령도,2019-08-31 17:00,24.1,,3.1,290,56,3843
102,백령도,2019-08-31 18:00,23.7,,2.5,290,62,3819
102,백령도,2019-08-31 19:00,21.8,,1.8,270,72,3907
102,백령도,2019-08-31 20:00,20.6,,1.7,290,80,4086
102,백령도,2019-08-31 21:00,21.1,,2.1,270,85,4166
102,백령도,2019-08-31 22:00,20.5,,1.3,290,88,4052
102,백령도,2019-08-31 23:00,20.3,,.7,340,91,3465
102,백령도,2019-09-01 00:00,20.6,,.5,270,86,3920
102,백령도,2019-09-01 01:00,19.9,,.8,270,92,3575
102,백령도,2019-09-01 02:00,20.6,,.2,0,92,3473
102,백령도,2019-09-01 03:00,19.3,,1.3,110,96,2321
102,백령도,2019-09-01 04:00,19.3,,1.7,90,98,1535
102,백령도,2019-09-01 05:00,18.9,,1.5,180,98,1299
102,백령도,2019-09-01 06:00,19.5,,1,160,99,1102
102,백령도,2019-09-01 07:00,20,,1.3,90,99,1421
102,백령도,2019-09-01 08:00,21.2,,2.1,90,93,2865
102,백령도,2019-09-01 09:00,22.5,,2.3,110,86,2947
102,백령도,2019-09-01 10:00,23.5,,2.3,110,84,3130
102,백령도,2019-09-01 11:00,24.5,,2.9,110,52,3691
102,백령도,2019-09-01 12:00,25.6,,3.3,140,49,3619
102,백령도,2019-09-01 13:00,25.8,,2,160,42,3806
102,백령도,2019-09-01 14:00,25.9,,2.3,200,48,3879
102,백령도,2019-09-01 15:00,25.7,,2,180,42,3843
102,백령도,2019-09-01 16:00,25.4,,1.4,290,41,3836
102,백령도,2019-09-01 17:00,24.9,,2.4,320,68,2960
102,백령도,2019-09-01 18:00,23.6,,1.4,290,72,3190
102,백령도,2019-09-01 19:00,21.8,,1.3,180,75,3545
102,백령도,2019-09-01 20:00,20.6,,1.9,200,83,3407
102,백령도,2019-09-01 21:00,20.4,,1.7,200,84,3474
102,백령도,2019-09-01 22:00,20.6,,1.3,200,80,3794
102,백령도,2019-09-01 23:00,20.9,,0,0,81,3458
102,백령도,2019-09-02 00:00,19.4,,.8,290,90,3019
102,백령도,2019-09-02 01:00,18.6,,1.9,340,93,2573
102,백령도,2019-09-02 02:00,19.4,,1.1,340,92,2833
102,백령도,2019-09-02 03:00,20.2,,1,320,91,3037
102,백령도,2019-09-02 04:00,18.2,,1.4,360,97,1169
102,백령도,2019-09-02 05:00,18.4,,1.4,360,98,1392
102,백령도,2019-09-02 06:00,19.1,,1.4,70,94,1464
102,백령도,2019-09-02 07:00,18.7,,1.8,90,97,925
102,백령도,2019-09-02 08:00,20.3,,1.4,360,92,2239
102,백령도,2019-09-02 09:00,22.4,,2.5,340,79,3149
102,백령도,2019-09-02 10:00,23.7,,2.5,360,72,3368
102,백령도,2019-09-02 11:00,25.3,,1.6,360,57,3495
102,백령도,2019-09-02 12:00,24.6,,1.6,290,61,3607
102,백령도,2019-09-02 13:00,24.6,,2.9,320,74,3433
102,백령도,2019-09-02 14:00,23.7,,4.4,320,75,3425
102,백령도,2019-09-02 15:00,24.1,,3.1,320,76,3287
102,백령도,2019-09-02 16:00,24.1,,5.8,340,73,3481
102,백령도,2019-09-02 17:00,23.5,,5,340,77,3673
102,백령도,2019-09-02 18:00,23.3,,4.6,340,74,3709
102,백령도,2019-09-02 19:00,21.8,,2.1,340,82,4044
102,백령도,2019-09-02 20:00,21,,1.6,340,86,3760
102,백령도,2019-09-02 21:00,20.9,,2.1,340,86,3689
102,백령도,2019-09-02 22:00,20.6,,1.8,320,89,3473
102,백령도,2019-09-02 23:00,20.3,,1.9,320,89,3315
102,백령도,2019-09-03 00:00,20.2,,2.1,320,90,3199
102,백령도,2019-09-03 01:00,20.2,,1.7,320,86,3882
102,백령도,2019-09-03 02:00,19.7,,2,320,89,3562
102,백령도,2019-09-03 03:00,20.1,,2.6,340,86,3512
102,백령도,2019-09-03 04:00,19.2,,1.9,340,85,3928
102,백령도,2019-09-03 05:00,19.9,,2.1,340,82,3846
102,백령도,2019-09-03 06:00,20,,1.9,340,78,3917
102,백령도,2019-09-03 07:00,20.4,,2.3,340,81,3778
102,백령도,2019-09-03 08:00,22.3,,2,50,81,3252
102,백령도,2019-09-03 09:00,23.2,,1.7,360,69,3187
102,백령도,2019-09-03 10:00,24,,2.7,70,67,3150
102,백령도,2019-09-03 11:00,25,,1.6,90,63,2894
102,백령도,2019-09-03 12:00,25.7,,1.5,110,55,3259
102,백령도,2019-09-03 13:00,27.1,,1.9,90,56,2610
102,백령도,2019-09-03 14:00,24.9,,2,290,76,2998
102,백령도,2019-09-03 15:00,24.3,,2.8,290,78,2844
102,백령도,2019-09-03 16:00,23.3,,3.2,320,82,2479
102,백령도,2019-09-03 17:00,24.4,,1.6,320,70,2749
102,백령도,2019-09-03 18:00,22.7,,2.4,320,84,2115
102,백령도,2019-09-03 19:00,21.5,,1.2,290,94,1038
102,백령도,2019-09-03 20:00,21.5,,1.2,200,85,2015
102,백령도,2019-09-03 21:00,20.4,,.5,320,90,1986
102,백령도,2019-09-03 22:00,20,,1.2,320,94,1600
102,백령도,2019-09-03 23:00,19.9,,0,0,93,1523
102,백령도,2019-09-04 00:00,20.6,,1.6,90,93,1420
102,백령도,2019-09-04 01:00,20.7,,2.4,90,96,1005
102,백령도,2019-09-04 02:00,20.8,,1.7,110,98,734
102,백령도,2019-09-04 03:00,21.1,,3,90,96,961
102,백령도,2019-09-04 04:00,21.2,,3.9,90,95,3792
102,백령도,2019-09-04 05:00,21,,3,90,93,2813
102,백령도,2019-09-04 06:00,20.9,,2.7,90,93,2592
102,백령도,2019-09-04 07:00,20.7,.3,3.2,110,97,1186
102,백령도,2019-09-04 08:00,20.3,2,4.6,110,97,636
102,백령도,2019-09-04 09:00,20.3,3.1,4.6,110,98,672
102,백령도,2019-09-04 10:00,20.7,.5,4,110,98,1502
102,백령도,2019-09-04 11:00,21.1,,3.9,90,95,2980
102,백령도,2019-09-04 12:00,22.2,,5.4,110,93,3510
102,백령도,2019-09-04 13:00,21.7,,5.2,110,93,3730
102,백령도,2019-09-04 14:00,22,0,4.7,110,93,3222
102,백령도,2019-09-04 15:00,21.7,1.6,5.3,110,96,2611
102,백령도,2019-09-04 16:00,22.4,,6.7,110,94,2902
102,백령도,2019-09-04 17:00,21.6,,4.5,110,97,1903
102,백령도,2019-09-04 18:00,22.4,,4.6,110,96,1651
102,백령도,2019-09-04 19:00,22.6,.1,6.3,140,99,709
102,백령도,2019-09-04 20:00,23.1,1,4.9,140,99,942
102,백령도,2019-09-04 21:00,23.1,,5,160,99,1200
102,백령도,2019-09-04 22:00,22.4,4.7,1.8,160,99,734
102,백령도,2019-09-04 23:00,22.2,0,1.6,180,98,772
102,백령도,2019-09-05 00:00,22.2,,1.2,160,98,1133
102,백령도,2019-09-05 01:00,22.2,,2,160,96,1432
102,백령도,2019-09-05 02:00,22.4,,3.2,140,96,1493
102,백령도,2019-09-05 03:00,22.2,,2.7,140,99,888
102,백령도,2019-09-05 04:00,21.9,,1,160,100,503
102,백령도,2019-09-05 05:00,22.6,,3.2,250,92,2399
102,백령도,2019-09-05 06:00,22.3,,2.8,230,91,2168
102,백령도,2019-09-05 07:00,22.3,,2.7,250,90,2199
102,백령도,2019-09-05 08:00,23.2,,2.2,230,88,2102
102,백령도,2019-09-05 09:00,23.9,,1.1,250,86,2030
102,백령도,2019-09-05 10:00,22.6,,1.9,140,94,1268
102,백령도,2019-09-05 11:00,23.8,,2,140,90,1732
102,백령도,2019-09-05 12:00,23.4,,3.1,160,91,1752
102,백령도,2019-09-05 13:00,23.5,,3.5,140,90,2191
102,백령도,2019-09-05 14:00,23,,3.6,160,95,1423
102,백령도,2019-09-05 15:00,23.5,,2.9,160,94,2176
102,백령도,2019-09-05 16:00,23.1,,3.3,180,94,3005
102,백령도,2019-09-05 17:00,22.8,,3.9,160,95,3348
102,백령도,2019-09-05 18:00,22.6,,2.8,180,94,4196
102,백령도,2019-09-05 19:00,22.1,,4.9,140,97,3277
102,백령도,2019-09-05 20:00,22,,5,160,98,1876
102,백령도,2019-09-05 21:00,22.2,,4.2,160,95,2837
102,백령도,2019-09-05 22:00,22.4,,4.3,160,95,3222
102,백령도,2019-09-05 23:00,22.6,,3.8,160,95,3204
102,백령도,2019-09-06 00:00,21.8,,1.6,140,97,2614
102,백령도,2019-09-06 01:00,21.8,,1.5,140,97,3019
102,백령도,2019-09-06 02:00,21.9,,3.1,140,98,3224
102,백령도,2019-09-06 03:00,21.7,.5,4.4,140,99,1325
102,백령도,2019-09-06 04:00,21.6,0,3.2,160,96,3877
102,백령도,2019-09-06 05:00,21.1,.1,1.2,110,100,657
102,백령도,2019-09-06 06:00,20.9,3.7,2.1,70,100,116
102,백령도,2019-09-06 07:00,20.6,9,3,90,100,61
102,백령도,2019-09-06 08:00,20.4,.4,3.1,110,100,2241
102,백령도,2019-09-06 09:00,20.4,.2,1.9,90,100,499
102,백령도,2019-09-06 10:00,20.3,2.8,2.5,90,100,409
102,백령도,2019-09-06 11:00,20.6,4.9,2.7,90,100,148
102,백령도,2019-09-06 12:00,20.8,2.5,2.8,90,100,134
102,백령도,2019-09-06 13:00,21,1.6,2.1,90,100,422
102,백령도,2019-09-06 14:00,21.2,1.2,2.9,90,100,665
102,백령도,2019-09-06 15:00,21.2,.5,1.9,90,100,614
102,백령도,2019-09-06 16:00,21.4,.1,2.6,70,100,1517
102,백령도,2019-09-06 17:00,21.1,.1,2.2,340,99,1042
102,백령도,2019-09-06 18:00,21.5,.3,.4,0,100,806
102,백령도,2019-09-06 19:00,21.2,.1,1.3,70,100,1245
102,백령도,2019-09-06 20:00,21.2,.6,3.2,70,100,2786
102,백령도,2019-09-06 21:00,21,.3,1,110,100,1816
102,백령도,2019-09-06 22:00,21.3,.6,2.4,110,100,816
102,백령도,2019-09-06 23:00,21.3,6.5,2.2,70,100,153
102,백령도,2019-09-07 00:00,21.6,4,2.6,50,100,875
102,백령도,2019-09-07 01:00,21.3,2.8,2.7,360,100,695
102,백령도,2019-09-07 02:00,21.3,3.5,3.9,50,100,460
102,백령도,2019-09-07 03:00,21.8,2.6,3.8,50,100,1377
102,백령도,2019-09-07 04:00,21.8,1.1,4.1,20,99,2300
102,백령도,2019-09-07 05:00,21.6,3.2,7.1,70,100,370
102,백령도,2019-09-07 06:00,21.3,4,4.4,50,100,422
102,백령도,2019-09-07 07:00,21.8,.6,6.1,50,95,2604
102,백령도,2019-09-07 08:00,21.6,2.9,6.7,50,97,750
102,백령도,2019-09-07 09:00,21.4,8.8,7.3,50,99,188
102,백령도,2019-09-07 10:00,21.7,5.9,8,50,98,340
102,백령도,2019-09-07 11:00,21.8,8.3,8.6,50,99,197
102,백령도,2019-09-07 12:00,21.9,11.2,5.8,50,99,251
102,백령도,2019-09-07 13:00,21.9,10,4.5,360,100,179
102,백령도,2019-09-07 14:00,22,12,10.9,360,100,181
102,백령도,2019-09-07 15:00,22.3,2.8,17.7,340,99,524
102,백령도,2019-09-07 16:00,21.3,0,13.9,320,99,677
102,백령도,2019-09-07 17:00,20.2,0,14.8,320,100,650
102,백령도,2019-09-07 18:00,20.1,1,9.7,320,100,702
102,백령도,2019-09-07 19:00,20.3,.6,9.5,290,100,270
102,백령도,2019-09-07 20:00,20.5,.5,7.7,270,100,666
102,백령도,2019-09-07 21:00,22.2,0,7.5,250,96,833
102,백령도,2019-09-07 22:00,22.2,,7.8,250,97,544
102,백령도,2019-09-07 23:00,22.5,,6.4,270,94,672
102,백령도,2019-09-08 00:00,22.6,,7.1,250,94,700
102,백령도,2019-09-08 01:00,22.5,,5.5,270,95,540
102,백령도,2019-09-08 02:00,22.4,,5.2,270,95,402
102,백령도,2019-09-08 03:00,21.9,,3.9,250,97,278
102,백령도,2019-09-08 04:00,22,,4.4,250,99,230
102,백령도,2019-09-08 05:00,22.1,,3.9,270,97,279
102,백령도,2019-09-08 06:00,21.8,,3.6,290,98,231
102,백령도,2019-09-08 07:00,21.7,,3.6,290,99,196
102,백령도,2019-09-08 08:00,22.6,,3.3,290,97,282
102,백령도,2019-09-08 09:00,23.2,,3.8,290,93,402
102,백령도,2019-09-08 10:00,24,,3.3,320,88,507
102,백령도,2019-09-08 11:00,24,,3.8,290,90,459
102,백령도,2019-09-08 12:00,24.3,,2.7,290,86,558
102,백령도,2019-09-08 13:00,23.6,,2.6,320,89,482
102,백령도,2019-09-08 14:00,24.4,,3.6,320,85,547
102,백령도,2019-09-08 15:00,25,,2.7,320,81,804
102,백령도,2019-09-08 16:00,25.2,,.5,50,82,1027
102,백령도,2019-09-08 17:00,24.5,,2.7,320,81,1010
102,백령도,2019-09-08 18:00,23.4,,2.7,290,90,1120
102,백령도,2019-09-08 19:00,22.2,,1.9,320,96,255
102,백령도,2019-09-08 20:00,21.1,,1,290,98,129
102,백령도,2019-09-08 21:00,21.2,,.5,180,98,115
102,백령도,2019-09-08 22:00,20.8,,0,0,98,171
102,백령도,2019-09-08 23:00,21.1,,0,0,96,332
102,백령도,2019-09-09 00:00,21,,.4,0,95,363
102,백령도,2019-09-09 01:00,20.4,,1.8,340,98,211
102,백령도,2019-09-09 02:00,20.6,,1.2,320,100,134
102,백령도,2019-09-09 03:00,20.2,,1,320,98,224
102,백령도,2019-09-09 04:00,20.7,,0,0,95,385
102,백령도,2019-09-09 05:00,21.1,,1.7,50,92,664
102,백령도,2019-09-09 06:00,20.5,,1.6,70,96,478
102,백령도,2019-09-09 07:00,20.5,,1.2,70,98,365
102,백령도,2019-09-09 08:00,20.8,,1.3,110,97,378
102,백령도,2019-09-09 09:00,22.8,,2,110,93,659
102,백령도,2019-09-09 10:00,24,,2.4,70,84,962
102,백령도,2019-09-09 11:00,25,,1.9,90,75,1036
102,백령도,2019-09-09 12:00,25.7,,2,110,71,1150
102,백령도,2019-09-09 13:00,25.6,,1.7,180,73,1275
102,백령도,2019-09-09 14:00,25.8,,1.8,270,76,1251
102,백령도,2019-09-09 15:00,24,,2.3,320,80,1106
102,백령도,2019-09-09 16:00,23.8,,3.6,320,92,575
102,백령도,2019-09-09 17:00,24.6,,2.2,340,82,911
102,백령도,2019-09-09 18:00,23,,2.2,320,91,634
102,백령도,2019-09-09 19:00,21.2,,2,290,98,265
102,백령도,2019-09-09 20:00,21.5,,4.1,340,100,244
102,백령도,2019-09-09 21:00,21.2,,1.7,320,100,128
102,백령도,2019-09-09 22:00,21.1,,1.7,360,100,251
102,백령도,2019-09-09 23:00,22,,4.2,360,98,287
102,백령도,2019-09-10 00:00,22.8,,2.4,20,92,557
102,백령도,2019-09-10 01:00,22,,1.2,340,96,549
102,백령도,2019-09-10 02:00,22.5,,2.2,70,90,751
102,백령도,2019-09-10 03:00,22.6,,2.9,110,96,489
102,백령도,2019-09-10 04:00,22.1,,2.1,20,98,380
102,백령도,2019-09-10 05:00,22.4,,2.1,70,95,676
102,백령도,2019-09-10 06:00,22.2,,2.1,70,95,717
102,백령도,2019-09-10 07:00,22.6,,3.1,70,97,580
102,백령도,2019-09-10 08:00,22.7,,3.3,90,97,886
102,백령도,2019-09-10 09:00,22.9,0,3.3,90,97,1593
102,백령도,2019-09-10 10:00,22.5,0,5,110,90,3860
102,백령도,2019-09-10 11:00,22.4,,5.1,90,86,3353
102,백령도,2019-09-10 12:00,21.5,0,7.3,90,94,2312
102,백령도,2019-09-10 13:00,20.6,1.5,6.1,90,97,394
102,백령도,2019-09-10 14:00,20.7,.3,5.5,90,96,1731
102,백령도,2019-09-10 15:00,21,0,6.3,90,97,1627
102,백령도,2019-09-10 16:00,22.1,0,4.6,70,91,2383
102,백령도,2019-09-10 17:00,22.1,,5,70,90,2739
102,백령도,2019-09-10 18:00,21.7,,5.9,50,85,2716
102,백령도,2019-09-10 19:00,21.5,,4.1,50,85,3188
102,백령도,2019-09-10 20:00,22.1,,5.5,50,83,3341
102,백령도,2019-09-10 21:00,21.8,,2.6,340,87,3171
102,백령도,2019-09-10 22:00,21.7,,2.7,340,90,3268
102,백령도,2019-09-10 23:00,21.6,,3.7,360,90,2653
102,백령도,2019-09-11 00:00,21.2,,2.1,340,92,2345
102,백령도,2019-09-11 01:00,21.3,,4.8,360,91,2641
102,백령도,2019-09-11 02:00,21.4,,5.3,360,92,2250
102,백령도,2019-09-11 03:00,21.1,,2.2,340,97,1257
102,백령도,2019-09-11 04:00,20.8,,1.9,340,97,1165
102,백령도,2019-09-11 05:00,20.5,,2,340,96,1448
102,백령도,2019-09-11 06:00,20.6,,1.6,340,95,1614
102,백령도,2019-09-11 07:00,21.1,,2.5,340,94,1903
102,백령도,2019-09-11 08:00,21.7,,2.4,360,96,1657
102,백령도,2019-09-11 09:00,21.9,,2.5,360,96,1868
102,백령도,2019-09-11 10:00,23.6,,2.5,340,79,2750
102,백령도,2019-09-11 11:00,23.3,,3.6,340,81,2913
102,백령도,2019-09-11 12:00,24,,4.5,340,77,3028
102,백령도,2019-09-11 13:00,24.6,,3.3,360,74,3163
102,백령도,2019-09-11 14:00,23.5,,4.1,340,78,2875
102,백령도,2019-09-11 15:00,23,,4,340,83,2890
102,백령도,2019-09-11 16:00,23,,3.5,360,83,2899
102,백령도,2019-09-11 17:00,23,,3.3,320,86,2960
102,백령도,2019-09-11 18:00,21.8,,4,320,93,2160
102,백령도,2019-09-11 19:00,21.7,,3.6,340,92,2945
102,백령도,2019-09-11 20:00,21.2,,2,320,95,2403
102,백령도,2019-09-11 21:00,21.4,,1.4,290,95,2582
102,백령도,2019-09-11 22:00,21.7,,.7,50,94,2696
102,백령도,2019-09-11 23:00,21.9,,1.2,70,92,2714
102,백령도,2019-09-12 00:00,21.4,,.6,110,95,2088
102,백령도,2019-09-12 01:00,21.7,,1.4,90,96,1783
102,백령도,2019-09-12 02:00,21.4,,1.8,90,97,1498
102,백령도,2019-09-12 03:00,21.4,,2.8,110,94,3795
102,백령도,2019-09-12 04:00,21.2,,3.5,110,93,4270
102,백령도,2019-09-12 05:00,21.2,,3.4,90,89,4997
102,백령도,2019-09-12 06:00,21.1,,3,90,91,3568
102,백령도,2019-09-12 07:00,21,0,3.2,90,86,3631
102,백령도,2019-09-12 08:00,21.2,0,4.2,90,86,1988
102,백령도,2019-09-12 09:00,20.8,0,4.6,110,82,1360
102,백령도,2019-09-12 10:00,20.4,0,4.1,90,90,1069
102,백령도,2019-09-12 11:00,20.6,0,4,90,90,756
102,백령도,2019-09-12 12:00,21.5,0,3.8,110,84,4459
102,백령도,2019-09-12 13:00,20.6,0,5,110,92,3289
102,백령도,2019-09-12 14:00,19.5,.1,5.9,110,97,1888
102,백령도,2019-09-12 15:00,19.8,0,4.8,90,96,2835
102,백령도,2019-09-12 16:00,19.9,,4.5,90,94,3588
102,백령도,2019-09-12 17:00,20,,4.5,110,91,3685
102,백령도,2019-09-12 18:00,19.6,,4.6,110,92,2153
102,백령도,2019-09-12 19:00,19.4,,4.7,110,91,3907
102,백령도,2019-09-12 20:00,19.1,0,5.1,110,91,3646
102,백령도,2019-09-12 21:00,19.2,0,5.7,110,90,4136
102,백령도,2019-09-12 22:00,18.9,,6.1,110,91,3792
102,백령도,2019-09-12 23:00,18.8,,5.9,110,92,3833
102,백령도,2019-09-13 00:00,18.8,,5.5,110,94,3405
102,백령도,2019-09-13 01:00,18.9,,4.6,110,94,3532
102,백령도,2019-09-13 02:00,19.2,,4.6,110,95,3435
102,백령도,2019-09-13 03:00,19.1,,3.7,110,95,3651
102,백령도,2019-09-13 04:00,18.8,,3.9,110,95,3905
102,백령도,2019-09-13 05:00,18.9,,4.6,110,95,3977
102,백령도,2019-09-13 06:00,19.3,,4.4,110,93,4270
102,백령도,2019-09-13 07:00,19.3,,6,110,93,4101
102,백령도,2019-09-13 08:00,19.7,,5.2,110,93,3686
102,백령도,2019-09-13 09:00,20.9,,6.6,140,88,3832
102,백령도,2019-09-13 10:00,21.3,,6.2,140,83,3983
102,백령도,2019-09-13 11:00,21.7,,6.8,140,83,4147
102,백령도,2019-09-13 12:00,21.2,,4.5,160,88,3681
102,백령도,2019-09-13 13:00,22.8,,4.7,160,80,3966
102,백령도,2019-09-13 14:00,22.5,,5.3,180,83,4392
102,백령도,2019-09-13 15:00,22.5,,4.9,160,83,3990
102,백령도,2019-09-13 16:00,21.7,,3.7,160,88,4332
102,백령도,2019-09-13 17:00,21.4,,3.5,160,90,4035
102,백령도,2019-09-13 18:00,21.3,,4.4,160,91,3992
102,백령도,2019-09-13 19:00,20.6,,4.4,160,96,2634
102,백령도,2019-09-13 20:00,20.5,0,4.5,160,100,908
102,백령도,2019-09-13 21:00,21,0,3.2,160,100,1325
102,백령도,2019-09-13 22:00,21.3,,3,160,97,1883
102,백령도,2019-09-13 23:00,21.2,0,1.9,180,98,656
102,백령도,2019-09-14 00:00,21.3,.5,2.8,160,99,986
102,백령도,2019-09-14 01:00,21.5,.5,3,200,99,391
102,백령도,2019-09-14 02:00,21.1,2.4,3.7,230,100,333
102,백령도,2019-09-14 03:00,21,1.8,3.3,250,100,440
102,백령도,2019-09-14 04:00,20.4,1.6,2.4,270,100,589
102,백령도,2019-09-14 05:00,20.6,.5,2.5,250,100,611
102,백령도,2019-09-14 06:00,20.1,.1,3.1,340,100,2221
102,백령도,2019-09-14 07:00,20.2,0,2.4,340,100,2174
102,백령도,2019-09-14 08:00,20.4,,3,340,100,1981
102,백령도,2019-09-14 09:00,20.7,,3.6,340,97,2784
102,백령도,2019-09-14 10:00,21,,4.2,340,96,2786
102,백령도,2019-09-14 11:00,21.9,,4.1,340,93,2901
102,백령도,2019-09-14 12:00,21.7,,6.6,340,89,3173
102,백령도,2019-09-14 13:00,21.9,,6.5,340,85,3332
102,백령도,2019-09-14 14:00,21.5,,7.7,340,78,3984
102,백령도,2019-09-14 15:00,21.3,,7.8,340,72,4177
102,백령도,2019-09-14 16:00,21.8,,5.7,340,76,3828
102,백령도,2019-09-14 17:00,21.5,,4.4,340,75,3718
102,백령도,2019-09-14 18:00,21,,4.4,340,77,4157
102,백령도,2019-09-14 19:00,20.1,,3.2,340,82,4110
102,백령도,2019-09-14 20:00,20.5,,3.9,340,83,4102
102,백령도,2019-09-14 21:00,20.6,,4.4,340,80,4017
102,백령도,2019-09-14 22:00,20.5,,3.4,340,81,3787
102,백령도,2019-09-14 23:00,20.8,,2.7,340,84,3868
102,백령도,2019-09-15 00:00,20.5,,3.4,340,87,3832
102,백령도,2019-09-15 01:00,20.3,,1.8,340,86,4699
102,백령도,2019-09-15 02:00,19.9,,1.9,340,86,4971
102,백령도,2019-09-15 03:00,20,,1.3,340,83,5000
102,백령도,2019-09-15 04:00,20.1,,2.8,340,89,4967
102,백령도,2019-09-15 05:00,20.1,,4.4,340,90,4605
102,백령도,2019-09-15 06:00,19.5,,2.6,340,91,4889
102,백령도,2019-09-15 07:00,20.1,,2.1,360,87,4984
102,백령도,2019-09-15 08:00,20.4,,1.2,320,89,4789
102,백령도,2019-09-15 09:00,21.6,,2.4,340,77,4601
102,백령도,2019-09-15 10:00,22.2,,3.1,340,69,4567
102,백령도,2019-09-15 11:00,22.6,,3.9,340,67,4608
102,백령도,2019-09-15 12:00,22.5,,5.3,340,71,4598
102,백령도,2019-09-15 13:00,22.7,,4.6,340,71,4888
102,백령도,2019-09-15 14:00,22.4,,4.4,340,74,4774
102,백령도,2019-09-15 15:00,22.6,,3.4,340,77,4850
102,백령도,2019-09-15 16:00,22.2,,4.4,320,75,4700
102,백령도,2019-09-15 17:00,21.3,,4.7,320,80,4703
102,백령도,2019-09-15 18:00,20.3,,4.8,320,86,4486
102,백령도,2019-09-15 19:00,20.3,,5.8,320,82,4394
102,백령도,2019-09-15 20:00,20.1,,5.2,340,85,4741
102,백령도,2019-09-15 21:00,20,,4.7,340,81,4968
102,백령도,2019-09-15 22:00,20.2,,6.2,340,76,4877
102,백령도,2019-09-15 23:00,20.3,,4.4,340,67,5000
102,백령도,2019-09-16 00:00,20.2,,4.5,340,70,4999
102,백령도,2019-09-16 01:00,20.2,,2.8,360,73,4990
102,백령도,2019-09-16 02:00,20.2,,2.5,340,75,5000
102,백령도,2019-09-16 03:00,20.1,,2.6,340,80,4970
102,백령도,2019-09-16 04:00,20.6,,2.8,320,76,4998
102,백령도,2019-09-16 05:00,19.8,,1.6,340,90,4876
102,백령도,2019-09-16 06:00,19.9,,1.8,320,89,4670
102,백령도,2019-09-16 07:00,19.7,,1,270,92,3888
102,백령도,2019-09-16 08:00,20.6,,2.8,340,94,3348
102,백령도,2019-09-16 09:00,22.6,,1.4,340,86,3749
102,백령도,2019-09-16 10:00,23.4,,2.5,340,74,3575
102,백령도,2019-09-16 11:00,23.6,,4.5,360,74,3962
102,백령도,2019-09-16 12:00,24,,4.5,340,69,3978
102,백령도,2019-09-16 13:00,24.5,,5.2,340,64,4075
102,백령도,2019-09-16 14:00,23.9,,4.7,340,75,3752
102,백령도,2019-09-16 15:00,22.9,,6.9,340,82,3043
102,백령도,2019-09-16 16:00,22.6,,5.5,340,80,2795
102,백령도,2019-09-16 17:00,22.3,,6.8,340,77,2960
102,백령도,2019-09-16 18:00,21.7,,6.4,340,82,2715
102,백령도,2019-09-16 19:00,21.1,,5,340,82,2725
102,백령도,2019-09-16 20:00,20.6,,4,360,83,2838
102,백령도,2019-09-16 21:00,20.3,,3.4,340,85,2786
102,백령도,2019-09-16 22:00,20.4,,3.1,340,81,4089
102,백령도,2019-09-16 23:00,20.2,,2.5,360,82,4681
102,백령도,2019-09-17 00:00,20.3,,2.1,360,82,4153
102,백령도,2019-09-17 01:00,20.1,,2.4,360,86,3862
102,백령도,2019-09-17 02:00,20.2,,3.7,360,87,3461
102,백령도,2019-09-17 03:00,19.8,,2.9,360,91,3473
102,백령도,2019-09-17 04:00,19.1,,2.4,360,95,3255
102,백령도,2019-09-17 05:00,18.8,,.3,0,89,4510
102,백령도,2019-09-17 06:00,18.8,,1.6,340,83,4900
102,백령도,2019-09-17 07:00,18.1,,1.7,320,83,4837
102,백령도,2019-09-17 08:00,20.4,,1.6,340,78,4842
102,백령도,2019-09-17 09:00,21.3,,2.4,360,75,4535
102,백령도,2019-09-17 10:00,22.1,,2.1,360,70,4294
102,백령도,2019-09-17 11:00,21.4,,1.1,70,74,3894
102,백령도,2019-09-17 12:00,22.5,,2.3,340,72,4265
102,백령도,2019-09-17 13:00,21.8,,4.1,360,82,4067
102,백령도,2019-09-17 14:00,21.8,,3.4,340,80,4069
102,백령도,2019-09-17 15:00,21.7,,3.9,340,81,3916
102,백령도,2019-09-17 16:00,21,,3.7,340,87,3959
102,백령도,2019-09-17 17:00,20.6,,4.1,340,86,4295
102,백령도,2019-09-17 18:00,20,,4.1,340,85,4479
102,백령도,2019-09-17 19:00,19.7,,3.6,340,86,4455
102,백령도,2019-09-17 20:00,19.6,,3.3,340,85,4247
102,백령도,2019-09-17 21:00,19.6,,2.8,340,86,4464
102,백령도,2019-09-17 22:00,19.6,,4,320,87,4463
102,백령도,2019-09-17 23:00,19.5,,2.8,320,88,4568
102,백령도,2019-09-18 00:00,19,,2.1,340,83,4895
102,백령도,2019-09-18 01:00,19.4,,3,320,83,5000
102,백령도,2019-09-18 02:00,19.5,,2.7,320,89,4998
102,백령도,2019-09-18 03:00,19.6,,3,320,90,4799
102,백령도,2019-09-18 04:00,19.5,,11,340,79,2682
102,백령도,2019-09-18 05:00,19.1,,8.7,360,73,2575
102,백령도,2019-09-18 06:00,18.4,,9.5,360,58,3023
102,백령도,2019-09-18 07:00,18.1,,8.7,340,58,3033
102,백령도,2019-09-18 08:00,18.1,,8.9,360,59,3461
102,백령도,2019-09-18 09:00,18,,9.1,360,52,3561
102,백령도,2019-09-18 10:00,18,,9.8,360,45,3808
102,백령도,2019-09-18 11:00,18.2,,9.2,360,47,4268
102,백령도,2019-09-18 12:00,18.1,,9.6,340,47,4267
102,백령도,2019-09-18 13:00,18,,11.4,340,46,3895
102,백령도,2019-09-18 14:00,17.8,,12.1,340,43,3984
102,백령도,2019-09-18 15:00,17.6,,10.9,340,50,3952
102,백령도,2019-09-18 16:00,17.8,,10,340,48,4268
102,백령도,2019-09-18 17:00,17.8,,9.9,340,46,4417
102,백령도,2019-09-18 18:00,17.7,,10.8,340,44,4562
102,백령도,2019-09-18 19:00,17.6,,10,340,45,4507
102,백령도,2019-09-18 20:00,18.2,,10,340,45,4478
102,백령도,2019-09-18 21:00,18.5,,8.9,360,43,4739
102,백령도,2019-09-18 22:00,18.5,,8.3,360,46,4727
102,백령도,2019-09-18 23:00,18.4,,6.3,360,44,4661
102,백령도,2019-09-19 00:00,17.9,,9.4,360,48,4397
102,백령도,2019-09-19 01:00,17.8,,10.5,360,49,4470
102,백령도,2019-09-19 02:00,17.4,,4.7,360,50,4598
102,백령도,2019-09-19 03:00,16.8,,4.4,360,52,4894
102,백령도,2019-09-19 04:00,15.4,,3.7,360,55,4823
102,백령도,2019-09-19 05:00,15.4,,4.1,360,43,4988
102,백령도,2019-09-19 06:00,15.4,,3.3,20,42,4970
102,백령도,2019-09-19 07:00,15.8,,2.8,20,48,4915
102,백령도,2019-09-19 08:00,16.1,,4.3,50,49,4803
102,백령도,2019-09-19 09:00,17.4,,2.8,70,47,4749
102,백령도,2019-09-19 10:00,18.2,,2.6,70,46,4425
102,백령도,2019-09-19 11:00,18.8,,1.4,340,41,4680
102,백령도,2019-09-19 12:00,20.2,,2.9,340,40,4635
102,백령도,2019-09-19 13:00,20.6,,6,340,39,4725
102,백령도,2019-09-19 14:00,20.6,,5.5,360,45,4888
102,백령도,2019-09-19 15:00,20.3,,5.2,340,42,4945
102,백령도,2019-09-19 16:00,19.3,,4.9,340,52,4752
102,백령도,2019-09-19 17:00,18.9,,5.8,340,56,4948
102,백령도,2019-09-19 18:00,18.6,,3.5,340,57,4992
102,백령도,2019-09-19 19:00,18.1,,2.1,360,57,4994
102,백령도,2019-09-19 20:00,17.5,,1.7,340,59,4968
102,백령도,2019-09-19 21:00,17.2,,3.4,340,62,4990
102,백령도,2019-09-19 22:00,17.6,,3,340,67,4969
102,백령도,2019-09-19 23:00,17.6,,3.2,340,77,4617
102,백령도,2019-09-20 00:00,17.9,,3,340,77,4433
102,백령도,2019-09-20 01:00,18.3,,5.7,340,78,4750
102,백령도,2019-09-20 02:00,18.2,,4.5,340,82,4737
102,백령도,2019-09-20 03:00,18.3,,3.1,340,83,4569
102,백령도,2019-09-20 04:00,18.3,,2.9,340,84,4570
102,백령도,2019-09-20 05:00,18.2,,2.8,360,87,4543
102,백령도,2019-09-20 06:00,17.8,,2.3,50,88,3995
102,백령도,2019-09-20 07:00,17.5,,2.7,70,87,3835
102,백령도,2019-09-20 08:00,17.6,,.8,320,93,3601
102,백령도,2019-09-20 09:00,18.4,,1.7,20,83,4596
102,백령도,2019-09-20 10:00,19.6,,1.8,70,75,3948
102,백령도,2019-09-20 11:00,20,,2.4,70,62,4122
102,백령도,2019-09-20 12:00,20.1,,1.4,50,67,4357
102,백령도,2019-09-20 13:00,19.9,,1.3,70,62,4002
102,백령도,2019-09-20 14:00,20.4,,.2,0,59,4486
102,백령도,2019-09-20 15:00,20.4,,.6,50,65,3856
102,백령도,2019-09-20 16:00,20.6,,1.2,340,67,3343
102,백령도,2019-09-20 17:00,19.8,,2,340,73,4054
102,백령도,2019-09-20 18:00,19.4,,1.6,360,78,3767
102,백령도,2019-09-20 19:00,19.4,,2.4,20,75,2977
102,백령도,2019-09-20 20:00,19,,1.9,50,80,2729
102,백령도,2019-09-20 21:00,19.1,,2.7,70,79,2559
102,백령도,2019-09-20 22:00,18.6,,.8,70,83,2869
102,백령도,2019-09-20 23:00,18.2,,1,90,86,2673
102,백령도,2019-09-21 00:00,18.4,,2,50,81,3282
102,백령도,2019-09-21 01:00,18.4,,.8,90,83,3263
102,백령도,2019-09-21 02:00,18.4,,2.2,70,79,3523
102,백령도,2019-09-21 03:00,18.1,,2.1,90,81,3776
102,백령도,2019-09-21 04:00,18.4,,2.2,90,83,3718
102,백령도,2019-09-21 05:00,18.5,,1.8,70,81,3659
102,백령도,2019-09-21 06:00,18.5,,1.6,70,80,3749
102,백령도,2019-09-21 07:00,18.7,,1.9,70,80,3776
102,백령도,2019-09-21 08:00,19.1,,2.8,50,78,3815
102,백령도,2019-09-21 09:00,19.8,,2.3,70,78,3397
102,백령도,2019-09-21 10:00,20.2,,2.9,90,75,2694
102,백령도,2019-09-21 11:00,21.2,,2.4,50,70,3053
102,백령도,2019-09-21 12:00,21.5,,3,70,69,2728
102,백령도,2019-09-21 13:00,22.5,,1.7,50,59,3545
102,백령도,2019-09-21 14:00,22.2,,1.9,340,65,3493
102,백령도,2019-09-21 15:00,21.4,,4.3,360,70,3390
102,백령도,2019-09-21 16:00,21.4,,2.6,340,61,3725
102,백령도,2019-09-21 17:00,20.6,,4.3,340,70,3327
102,백령도,2019-09-21 18:00,20.4,,2,340,74,4481
102,백령도,2019-09-21 19:00,19.9,,2.2,50,76,3727
102,백령도,2019-09-21 20:00,19.3,,1.1,90,89,3066
102,백령도,2019-09-21 21:00,19.1,,1.2,70,92,3053
102,백령도,2019-09-21 22:00,18.6,,1.7,140,91,2458
102,백령도,2019-09-21 23:00,18,,.8,140,90,3344
102,백령도,2019-09-22 00:00,18,,1.5,160,90,4340
102,백령도,2019-09-22 01:00,17.2,,1.4,180,94,2115
102,백령도,2019-09-22 02:00,17.2,,.1,0,97,3018
102,백령도,2019-09-22 03:00,16.4,,1,360,98,2431
102,백령도,2019-09-22 04:00,16.7,,2.6,340,97,2802
102,백령도,2019-09-22 05:00,17.9,,2.3,360,92,4069
102,백령도,2019-09-22 06:00,18.4,,2.8,20,79,3588
102,백령도,2019-09-22 07:00,18.4,,3.1,50,78,3728
102,백령도,2019-09-22 08:00,18.3,,4.2,50,77,3667
102,백령도,2019-09-22 09:00,18.8,,5.3,50,77,3619
102,백령도,2019-09-22 10:00,19.6,,5.2,50,70,3316
102,백령도,2019-09-22 11:00,19.6,,3.9,50,71,2852
102,백령도,2019-09-22 12:00,21,,4.3,50,68,3021
102,백령도,2019-09-22 13:00,21.6,,4.4,50,62,3639
102,백령도,2019-09-22 14:00,21.8,,5.7,70,58,4063
102,백령도,2019-09-22 15:00,21.8,,5.3,70,59,4310
102,백령도,2019-09-22 16:00,23,,3.2,340,59,3717
102,백령도,2019-09-22 17:00,22.4,,2.9,20,56,4066
102,백령도,2019-09-22 18:00,21.4,,2.3,360,66,3474
102,백령도,2019-09-22 19:00,20.5,,3.4,360,68,4518
102,백령도,2019-09-22 20:00,19.8,,3,360,69,4188
102,백령도,2019-09-22 21:00,19.7,,3.3,360,68,4470
102,백령도,2019-09-22 22:00,19.2,,3,360,71,4582
102,백령도,2019-09-22 23:00,18.6,,2.3,360,72,4503
102,백령도,2019-09-23 00:00,18.6,,3.3,360,69,4418
102,백령도,2019-09-23 01:00,18.4,,4,360,67,4152
102,백령도,2019-09-23 02:00,17.9,,2.8,360,68,4172
102,백령도,2019-09-23 03:00,17.5,,1.7,340,68,4256
102,백령도,2019-09-23 04:00,17.7,,3.3,360,71,3896
102,백령도,2019-09-23 05:00,17.2,,2.7,360,68,4376
102,백령도,2019-09-23 06:00,17.2,,1.7,360,70,4469
102,백령도,2019-09-23 07:00,16.8,,2.3,340,75,3991
102,백령도,2019-09-23 08:00,18.2,,1.9,360,72,3675
102,백령도,2019-09-23 09:00,19.1,,1.8,360,66,3667
102,백령도,2019-09-23 10:00,20,,1.5,20,50,4300
102,백령도,2019-09-23 11:00,20.8,,1.9,90,42,3964
102,백령도,2019-09-23 12:00,21.5,,1.4,340,29,4859
102,백령도,2019-09-23 13:00,21.9,,2.4,320,45,4629
102,백령도,2019-09-23 14:00,21.7,,2.6,290,38,4800
102,백령도,2019-09-23 15:00,21,,3.4,290,48,4831
102,백령도,2019-09-23 16:00,21.4,,2.6,290,46,4674
102,백령도,2019-09-23 17:00,20.3,,2.7,320,62,4492
102,백령도,2019-09-23 18:00,19.5,,1.4,290,69,4288
102,백령도,2019-09-23 19:00,17.6,,0,0,80,2839
102,백령도,2019-09-23 20:00,16.9,,0,0,83,4243
102,백령도,2019-09-23 21:00,17.2,,0,0,82,4561
102,백령도,2019-09-23 22:00,16.9,,1,360,86,4427
102,백령도,2019-09-23 23:00,15.7,,.7,270,94,3415
102,백령도,2019-09-24 00:00,16.5,,.1,0,92,3557
102,백령도,2019-09-24 01:00,16,,0,0,93,4008
102,백령도,2019-09-24 02:00,15.7,,0,0,92,4490
102,백령도,2019-09-24 03:00,15.2,,1,290,89,4983
102,백령도,2019-09-24 04:00,15.8,,0,0,84,5000
102,백령도,2019-09-24 05:00,15.6,,.9,340,88,5000
102,백령도,2019-09-24 06:00,15.9,,0,0,88,5000
102,백령도,2019-09-24 07:00,15.8,,0,0,86,5000
102,백령도,2019-09-24 08:00,17.8,,.2,0,84,3915
102,백령도,2019-09-24 09:00,19.3,,0,0,76,3786
102,백령도,2019-09-24 10:00,21.6,,0,0,52,3047
102,백령도,2019-09-24 11:00,22,,2.3,290,35,4961
102,백령도,2019-09-24 12:00,22.4,,1.9,270,32,4776
102,백령도,2019-09-24 13:00,23,,2,290,31,4750
102,백령도,2019-09-24 14:00,23,,2.6,290,30,4864
102,백령도,2019-09-24 15:00,22.8,,3.6,320,44,4735
102,백령도,2019-09-24 16:00,22,,4.4,290,55,4708
102,백령도,2019-09-24 17:00,21.3,,4.1,270,59,4706
102,백령도,2019-09-24 18:00,20.3,,2.7,290,68,4554
102,백령도,2019-09-24 19:00,18.9,,1.6,250,80,4341
102,백령도,2019-09-24 20:00,18.1,,1.2,230,88,3750
102,백령도,2019-09-24 21:00,18,,1.4,270,88,3762
102,백령도,2019-09-24 22:00,17.8,,2.4,270,92,2392
102,백령도,2019-09-24 23:00,18.2,,1.2,290,95,1291
102,백령도,2019-09-25 00:00,17.3,,0,0,96,628
102,백령도,2019-09-25 01:00,17.7,,1,250,97,1226
102,백령도,2019-09-25 02:00,17.6,,.9,250,94,1581
102,백령도,2019-09-25 03:00,18,,1.2,250,93,2184
102,백령도,2019-09-25 04:00,17.9,,.7,230,95,2233
102,백령도,2019-09-25 05:00,17.7,,0,0,95,1869
102,백령도,2019-09-25 06:00,17.9,,0,0,95,1897
102,백령도,2019-09-25 07:00,17.6,,1.7,90,99,285
102,백령도,2019-09-25 08:00,18.6,,1.8,90,99,715
102,백령도,2019-09-25 09:00,19.5,,2.2,110,94,1357
102,백령도,2019-09-25 10:00,20.6,,2.2,90,93,1526
102,백령도,2019-09-25 11:00,20.7,,2.4,110,90,1947
102,백령도,2019-09-25 12:00,20.5,,2.5,180,85,2440
102,백령도,2019-09-25 13:00,21.3,,2.1,180,83,3399
102,백령도,2019-09-25 14:00,21.2,,1.4,250,82,3345
102,백령도,2019-09-25 15:00,21.5,,1.2,160,77,3594
102,백령도,2019-09-25 16:00,21.3,,2.8,180,77,3928
102,백령도,2019-09-25 17:00,21.2,,2.2,230,77,3985
102,백령도,2019-09-25 18:00,20.2,,2.3,230,81,4250
102,백령도,2019-09-25 19:00,19.4,,.6,200,87,3576
102,백령도,2019-09-25 20:00,18.9,,.1,0,89,3859
102,백령도,2019-09-25 21:00,18.6,,.2,0,93,3236
102,백령도,2019-09-25 22:00,18.4,,0,0,93,4116
102,백령도,2019-09-25 23:00,18,,.7,70,94,3352
102,백령도,2019-09-26 00:00,17.1,,1.1,340,98,1100
102,백령도,2019-09-26 01:00,17.1,,.3,0,100,334
102,백령도,2019-09-26 02:00,17.1,,0,0,99,1924
102,백령도,2019-09-26 03:00,17.7,,0,0,98,2326
102,백령도,2019-09-26 04:00,17.3,,0,0,99,718
102,백령도,2019-09-26 05:00,17.3,,1,70,98,760
102,백령도,2019-09-26 06:00,17.2,,.5,70,100,253
102,백령도,2019-09-26 07:00,17.1,,.6,70,100,166
102,백령도,2019-09-26 08:00,17.4,,.5,70,100,801
102,백령도,2019-09-26 09:00,19.2,,2,70,94,1219
102,백령도,2019-09-26 10:00,20.9,,2.1,90,82,2157
102,백령도,2019-09-26 11:00,21.5,,2.7,90,71,2658
102,백령도,2019-09-26 12:00,22.7,,2.6,90,70,2534
102,백령도,2019-09-26 13:00,23.5,,2.7,90,62,1513
102,백령도,2019-09-26 14:00,23.7,,1.9,160,53,2430
102,백령도,2019-09-26 15:00,23.2,,1.4,270,65,2413
102,백령도,2019-09-26 16:00,21.3,,1.9,320,72,2352
102,백령도,2019-09-26 17:00,21.2,,1.7,320,76,2545
102,백령도,2019-09-26 18:00,20.2,,1.4,320,83,2300
102,백령도,2019-09-26 19:00,19.2,,1.1,270,87,1981
102,백령도,2019-09-26 20:00,18.8,,1,320,83,2421
102,백령도,2019-09-26 21:00,20.2,,0,0,67,3439
102,백령도,2019-09-26 22:00,20.7,,.1,0,66,3194
102,백령도,2019-09-26 23:00,18.6,,1.1,320,78,2793
102,백령도,2019-09-27 00:00,18.4,,1.1,320,83,1679
102,백령도,2019-09-27 01:00,18.7,,.4,0,91,1132
102,백령도,2019-09-27 02:00,19.2,,.9,90,83,1154
102,백령도,2019-09-27 03:00,19,,.1,0,85,2331
102,백령도,2019-09-27 04:00,19,,.5,90,84,2172
102,백령도,2019-09-27 05:00,18.1,,.8,90,90,1599
102,백령도,2019-09-27 06:00,18.3,,1.4,90,96,834
102,백령도,2019-09-27 07:00,18.6,,1.4,90,97,602
102,백령도,2019-09-27 08:00,19.3,,1.1,90,98,734
102,백령도,2019-09-27 09:00,20.2,,1.8,110,92,1421
102,백령도,2019-09-27 10:00,21,,2,90,85,1668
102,백령도,2019-09-27 11:00,21.7,,2.5,110,80,1912
102,백령도,2019-09-27 12:00,22.2,,2.6,140,73,1575
102,백령도,2019-09-27 13:00,22.3,,2.3,180,84,1141
102,백령도,2019-09-27 14:00,23.2,,2.4,180,73,1656
102,백령도,2019-09-27 15:00,22.2,,.5,360,76,1648
102,백령도,2019-09-27 16:00,21.6,,1.4,180,80,1603
102,백령도,2019-09-27 17:00,20.8,,1,340,85,1603
102,백령도,2019-09-27 18:00,20.2,,.5,290,90,1330
102,백령도,2019-09-27 19:00,19.4,,1.5,270,95,897
102,백령도,2019-09-27 20:00,18.7,,.2,0,96,687
102,백령도,2019-09-27 21:00,18.8,,0,0,97,598
102,백령도,2019-09-27 22:00,18.1,,1,360,98,484
102,백령도,2019-09-27 23:00,18,,0,0,98,358
102,백령도,2019-09-28 00:00,18.2,,.9,320,100,243
102,백령도,2019-09-28 01:00,18,,.6,320,100,228
102,백령도,2019-09-28 02:00,18.3,,.4,0,100,335
102,백령도,2019-09-28 03:00,18.4,,.2,0,98,707
102,백령도,2019-09-28 04:00,17.7,,1.1,270,97,736
102,백령도,2019-09-28 05:00,17.1,,1.7,320,94,1072
102,백령도,2019-09-28 06:00,17.9,,1.7,320,90,2012
102,백령도,2019-09-28 07:00,18.1,,1.1,340,86,2541
102,백령도,2019-09-28 08:00,18.7,,.7,250,89,1489
102,백령도,2019-09-28 09:00,21.3,,.5,110,79,2135
102,백령도,2019-09-28 10:00,22.5,,1.4,90,58,3632
102,백령도,2019-09-28 11:00,22.8,,2.2,320,57,3944
102,백령도,2019-09-28 12:00,22.9,,2.5,290,52,3633
102,백령도,2019-09-28 13:00,22.1,,3.7,340,67,3076
102,백령도,2019-09-28 14:00,22.4,,3.6,290,67,2734
102,백령도,2019-09-28 15:00,22,,3.5,320,72,2418
102,백령도,2019-09-28 16:00,21.4,,4,320,66,2465
102,백령도,2019-09-28 17:00,20.7,,3,290,73,2210
102,백령도,2019-09-28 18:00,19.6,,1.3,320,81,1936
102,백령도,2019-09-28 19:00,18.4,,.9,230,90,1214
102,백령도,2019-09-28 20:00,18.1,,1.6,290,94,813
102,백령도,2019-09-28 21:00,18,,1,290,96,480
102,백령도,2019-09-28 22:00,18,,0,0,97,384
102,백령도,2019-09-28 23:00,17.9,,.9,270,99,265
102,백령도,2019-09-29 00:00,17.7,,1.8,290,99,199
102,백령도,2019-09-29 01:00,17.8,,1.1,290,99,135
102,백령도,2019-09-29 02:00,18.1,,.4,0,100,19
102,백령도,2019-09-29 03:00,18.3,,.3,0,100,138
102,백령도,2019-09-29 04:00,18.3,,.3,0,100,13
102,백령도,2019-09-29 05:00,18.1,,1.2,90,100,12
102,백령도,2019-09-29 06:00,17.9,,1.2,90,100,38
102,백령도,2019-09-29 07:00,17.7,,1.7,70,100,53
102,백령도,2019-09-29 08:00,18.1,,1.2,90,100,141
102,백령도,2019-09-29 09:00,19.4,,.6,110,100,324
102,백령도,2019-09-29 10:00,20.6,,.5,110,94,651
102,백령도,2019-09-29 11:00,20.9,,2.1,70,86,990
102,백령도,2019-09-29 12:00,22.6,,1.5,340,77,1417
102,백령도,2019-09-29 13:00,23.5,,.7,320,79,1569
102,백령도,2019-09-29 14:00,22.8,,1.5,90,79,1209
102,백령도,2019-09-29 15:00,22.9,,2,290,73,1564
102,백령도,2019-09-29 16:00,22.6,,2.1,320,76,1640
102,백령도,2019-09-29 17:00,22,,2.2,290,80,1442
102,백령도,2019-09-29 18:00,20.7,,1.9,270,90,1012
102,백령도,2019-09-29 19:00,19.3,,2.5,320,97,422
102,백령도,2019-09-29 20:00,18.7,,1.1,270,99,255
102,백령도,2019-09-29 21:00,19.4,,.8,270,100,43
102,백령도,2019-09-29 22:00,18.9,,1.9,320,100,7
102,백령도,2019-09-29 23:00,18.3,,1.6,290,100,8
102,백령도,2019-09-30 00:00,17.7,,1.8,290,100,9
102,백령도,2019-09-30 01:00,17.8,,1.6,290,100,11
102,백령도,2019-09-30 02:00,17.6,,0,0,100,11
102,백령도,2019-09-30 03:00,17.5,,2.1,290,100,12
102,백령도,2019-09-30 04:00,17.9,,2.9,340,100,53
102,백령도,2019-09-30 05:00,17.8,,2.3,340,100,126
102,백령도,2019-09-30 06:00,17.7,,1.9,320,100,132
102,백령도,2019-09-30 07:00,17.4,,.7,90,100,101
102,백령도,2019-09-30 08:00,18,,1.4,90,100,146
102,백령도,2019-09-30 09:00,18.3,,2.7,70,100,404
102,백령도,2019-09-30 10:00,19.4,,1.7,90,90,625
102,백령도,2019-09-30 11:00,20.8,,1.6,90,82,912
102,백령도,2019-09-30 12:00,21.6,,2.6,70,73,1017
102,백령도,2019-09-30 13:00,22.2,,2,110,68,1113
102,백령도,2019-09-30 14:00,22.3,,1.3,140,70,1111
102,백령도,2019-09-30 15:00,21.3,,2.8,200,74,1042
102,백령도,2019-09-30 16:00,21.3,,2.2,290,79,881
102,백령도,2019-09-30 17:00,20.8,,2.1,290,77,971
102,백령도,2019-09-30 18:00,19.3,,1.8,320,87,743
102,백령도,2019-09-30 19:00,18.1,,1.3,270,91,584
102,백령도,2019-09-30 20:00,18.3,,1.6,200,93,413
102,백령도,2019-09-30 21:00,17.5,,.8,290,96,378
102,백령도,2019-09-30 22:00,17.2,,1.9,320,99,207
102,백령도,2019-09-30 23:00,17.5,,0,0,100,156
102,백령도,2019-10-01 00:00,17.6,,0,0,100,138
102,백령도,2019-10-01 01:00,17.8,,1.3,140,100,120
102,백령도,2019-10-01 02:00,17.9,,1.4,90,100,28
102,백령도,2019-10-01 03:00,18.4,,.5,70,100,21
102,백령도,2019-10-01 04:00,18.1,,0,0,100,7
102,백령도,2019-10-01 05:00,17.6,,0,0,100,6
102,백령도,2019-10-01 06:00,17.3,,1.4,320,100,9
102,백령도,2019-10-01 07:00,17.4,,.1,0,100,10
102,백령도,2019-10-01 08:00,17.6,,1.1,90,100,12
102,백령도,2019-10-01 09:00,17.8,,1.3,90,100,35
102,백령도,2019-10-01 10:00,18,,1.7,70,100,38
102,백령도,2019-10-01 11:00,18.3,,1.6,110,100,269
102,백령도,2019-10-01 12:00,20.2,,2.1,110,98,557
102,백령도,2019-10-01 13:00,20.7,,3,180,83,678
102,백령도,2019-10-01 14:00,20.4,,2.9,320,88,545
102,백령도,2019-10-01 15:00,20.4,,2.6,320,91,480
102,백령도,2019-10-01 16:00,18.6,,2,290,96,335
102,백령도,2019-10-01 17:00,18.7,,1.1,290,94,594
102,백령도,2019-10-01 18:00,17,,1.4,290,99,132
102,백령도,2019-10-01 19:00,16.2,,0,0,100,51
102,백령도,2019-10-01 20:00,15.5,,0,0,100,8
102,백령도,2019-10-01 21:00,16.1,,1.7,110,100,186
102,백령도,2019-10-01 22:00,16.6,,1.2,70,100,202
102,백령도,2019-10-01 23:00,17,,.1,0,100,249
102,백령도,2019-10-02 00:00,16.9,,1.4,160,100,161
102,백령도,2019-10-02 01:00,18.3,,0,0,100,171
102,백령도,2019-10-02 02:00,18.2,,1.6,110,100,133
102,백령도,2019-10-02 03:00,18.2,,1.3,90,100,85
102,백령도,2019-10-02 04:00,18.7,,.6,90,100,111
102,백령도,2019-10-02 05:00,18.6,,.4,0,100,129
102,백령도,2019-10-02 06:00,18.8,,1.5,70,100,119
102,백령도,2019-10-02 07:00,18.6,,.8,90,99,167
102,백령도,2019-10-02 08:00,19,,1.4,70,98,181
102,백령도,2019-10-02 09:00,19.9,,2.6,90,97,305
102,백령도,2019-10-02 10:00,20.5,,3.2,90,96,339
102,백령도,2019-10-02 11:00,21.7,,2.3,50,92,665
102,백령도,2019-10-02 12:00,22.5,,2.7,50,85,940
102,백령도,2019-10-02 13:00,23.2,,1.6,70,84,802
102,백령도,2019-10-02 14:00,23.5,,1.5,70,83,870
102,백령도,2019-10-02 15:00,23.3,,1.2,50,81,996
102,백령도,2019-10-02 16:00,22.6,,.4,0,87,821
102,백령도,2019-10-02 17:00,21.6,,1.5,320,92,674
102,백령도,2019-10-02 18:00,21.1,,3,360,93,755
102,백령도,2019-10-02 19:00,21.4,,2.7,360,92,852
102,백령도,2019-10-02 20:00,21.1,0,2.6,340,92,905
102,백령도,2019-10-02 21:00,21.6,,3.2,360,88,1227
102,백령도,2019-10-02 22:00,21.4,,3.5,360,89,1141
102,백령도,2019-10-02 23:00,21.2,,2.2,360,88,1322
102,백령도,2019-10-03 00:00,20.3,,3.7,360,95,1021
102,백령도,2019-10-03 01:00,20.4,,4.4,360,91,1546
102,백령도,2019-10-03 02:00,20.7,,6.6,360,89,1705
102,백령도,2019-10-03 03:00,21.1,,6.6,340,85,2148
102,백령도,2019-10-03 04:00,21.4,,7.2,340,86,1753
102,백령도,2019-10-03 05:00,20.7,,5.1,340,90,1643
102,백령도,2019-10-03 06:00,20.6,,4.7,340,92,1701
102,백령도,2019-10-03 07:00,20.3,,4.9,340,95,1098
102,백령도,2019-10-03 08:00,20.9,,4,340,88,1497
102,백령도,2019-10-03 09:00,21.2,,5.5,320,86,1848
102,백령도,2019-10-03 10:00,22,,3.5,290,85,1657
102,백령도,2019-10-03 11:00,21.7,,5.4,290,85,1583
102,백령도,2019-10-03 12:00,22.2,,6.3,320,83,1748
102,백령도,2019-10-03 13:00,22.4,,6.2,340,78,2106
102,백령도,2019-10-03 14:00,21.6,,6.9,340,80,2055
102,백령도,2019-10-03 15:00,22.8,,4.8,340,72,2258
102,백령도,2019-10-03 16:00,22,,4.6,320,78,2099
102,백령도,2019-10-03 17:00,21,,3.8,320,84,1553
102,백령도,2019-10-03 18:00,19.9,,3.9,290,87,1015
102,백령도,2019-10-03 19:00,19.5,,4.1,320,91,766
102,백령도,2019-10-03 20:00,19.2,,2.9,290,91,825
102,백령도,2019-10-03 21:00,19.4,,3.1,290,92,734
102,백령도,2019-10-03 22:00,18.7,,2.2,290,91,768
102,백령도,2019-10-03 23:00,19.4,,3.5,290,91,809
102,백령도,2019-10-04 00:00,19.1,,4.4,290,94,450
102,백령도,2019-10-04 01:00,19,,4.8,320,95,328
102,백령도,2019-10-04 02:00,18.6,,4,320,97,314
102,백령도,2019-10-04 03:00,18.5,,3.9,320,97,284
102,백령도,2019-10-04 04:00,18.4,,3.6,320,99,230
102,백령도,2019-10-04 05:00,17.9,,2,320,99,157
102,백령도,2019-10-04 06:00,18.1,,3.4,320,100,188
102,백령도,2019-10-04 07:00,18.4,,4.2,320,98,286
102,백령도,2019-10-04 08:00,18.9,,4.7,320,95,456
102,백령도,2019-10-04 09:00,19.6,,4.3,320,93,632
102,백령도,2019-10-04 10:00,19.9,,4.7,340,89,732
102,백령도,2019-10-04 11:00,19.9,,5.3,340,87,889
102,백령도,2019-10-04 12:00,19.4,,7.6,340,86,1024
102,백령도,2019-10-04 13:00,19.2,,6.2,340,85,1078
102,백령도,2019-10-04 14:00,19,,7.2,340,81,1275
102,백령도,2019-10-04 15:00,18.5,,8.7,340,80,1187
102,백령도,2019-10-04 16:00,18.5,,8.9,340,80,1197
102,백령도,2019-10-04 17:00,17.6,,8.7,340,83,1197
102,백령도,2019-10-04 18:00,17.4,,9.8,340,84,1523
102,백령도,2019-10-04 19:00,17.5,,9.1,340,83,1795
102,백령도,2019-10-04 20:00,16.7,,8.6,340,84,2096
102,백령도,2019-10-04 21:00,16.2,,9.9,340,87,1817
102,백령도,2019-10-04 22:00,15.7,,11.3,340,88,1995
102,백령도,2019-10-04 23:00,15.3,,9.2,340,86,2205
102,백령도,2019-10-05 00:00,14.5,,10.6,340,89,1785
102,백령도,2019-10-05 01:00,14.6,,12.2,340,85,2667
102,백령도,2019-10-05 02:00,14.3,,12.5,340,83,3060
102,백령도,2019-10-05 03:00,14.1,,13.6,340,81,3013
102,백령도,2019-10-05 04:00,13.8,,13.6,340,80,2642
102,백령도,2019-10-05 05:00,13.7,,13.2,340,82,2328
102,백령도,2019-10-05 06:00,13.5,,11.7,340,79,2592
102,백령도,2019-10-05 07:00,13.8,,11.8,340,82,2774
102,백령도,2019-10-05 08:00,14,,10,340,82,3083
102,백령도,2019-10-05 09:00,14.3,,10.2,340,80,3228
102,백령도,2019-10-05 10:00,14.5,,9.9,340,76,3229
102,백령도,2019-10-05 11:00,14.8,,8.9,340,76,3065
102,백령도,2019-10-05 12:00,14.8,,9.9,340,74,2898
102,백령도,2019-10-05 13:00,15.5,,8.9,340,72,2899
102,백령도,2019-10-05 14:00,15.5,,7.8,360,71,3075
102,백령도,2019-10-05 15:00,15.8,,8.5,340,69,3237
102,백령도,2019-10-05 16:00,16.2,,9.6,340,66,3048
102,백령도,2019-10-05 17:00,16.4,,7.6,360,66,3227
102,백령도,2019-10-05 18:00,16.2,,6.8,360,67,3242
102,백령도,2019-10-05 19:00,16.3,,4.8,360,68,3473
102,백령도,2019-10-05 20:00,16.7,,5,360,67,3923
102,백령도,2019-10-05 21:00,16.8,,1.9,20,69,3710
102,백령도,2019-10-05 22:00,16.5,,2.5,360,72,3882
102,백령도,2019-10-05 23:00,16.6,,.8,340,72,4290
102,백령도,2019-10-06 00:00,16.7,,2.5,20,62,4571
102,백령도,2019-10-06 01:00,15.5,,2.1,70,69,4470
102,백령도,2019-10-06 02:00,15.1,,2.8,90,79,4148
102,백령도,2019-10-06 03:00,14.7,,2.5,90,81,4363
102,백령도,2019-10-06 04:00,14.2,,1.7,110,85,4529
102,백령도,2019-10-06 05:00,14.2,,3.1,110,85,4423
102,백령도,2019-10-06 06:00,13.9,,3,110,84,4486
102,백령도,2019-10-06 07:00,13.7,,2.9,110,81,4484
102,백령도,2019-10-06 08:00,15,,4.3,110,73,4366
102,백령도,2019-10-06 09:00,15.8,,3.7,110,71,3431
102,백령도,2019-10-06 10:00,16.6,,3.9,110,65,3609
102,백령도,2019-10-06 11:00,16.8,,5.6,140,67,3897
102,백령도,2019-10-06 12:00,17.7,,4.3,140,65,3655
102,백령도,2019-10-06 13:00,18.2,,3.6,110,68,3743
102,백령도,2019-10-06 14:00,18.4,,3.2,140,67,3651
102,백령도,2019-10-06 15:00,17.9,,2.3,180,70,3641
102,백령도,2019-10-06 16:00,17.4,,1.8,180,73,3805
102,백령도,2019-10-06 17:00,17.7,,2.1,180,72,3663
102,백령도,2019-10-06 18:00,16.4,,0,0,79,3921
102,백령도,2019-10-06 19:00,15.4,,0,0,85,3994
102,백령도,2019-10-06 20:00,15.5,,.2,0,86,3850
102,백령도,2019-10-06 21:00,15.6,,.6,340,85,3672
102,백령도,2019-10-06 22:00,15.4,,.7,320,87,3784
102,백령도,2019-10-06 23:00,15.8,,.9,360,86,4037
102,백령도,2019-10-07 00:00,15.6,,0,0,87,3841
102,백령도,2019-10-07 01:00,14.8,.2,0,0,96,1787
102,백령도,2019-10-07 02:00,14.7,.3,1.6,270,96,2671
102,백령도,2019-10-07 03:00,15.2,.1,1.8,340,93,3064
102,백령도,2019-10-07 04:00,15.6,0,3.9,320,92,3595
102,백령도,2019-10-07 05:00,15.8,0,2.9,360,91,3248
102,백령도,2019-10-07 06:00,15.7,0,3.9,340,91,3536
102,백령도,2019-10-07 07:00,15.2,.4,2.4,340,92,1987
102,백령도,2019-10-07 08:00,14.7,.2,2.7,340,86,2450
102,백령도,2019-10-07 09:00,14.5,.2,.3,0,93,1682
102,백령도,2019-10-07 10:00,14.3,.7,1,270,89,1970
102,백령도,2019-10-07 11:00,14.5,.1,.3,0,87,2916
102,백령도,2019-10-07 12:00,14.7,,1.8,290,80,3637
102,백령도,2019-10-07 13:00,15.4,0,1.2,290,77,3921
102,백령도,2019-10-07 14:00,16.4,,2.4,290,63,3755
102,백령도,2019-10-07 15:00,16.6,,2.6,290,64,3449
102,백령도,2019-10-07 16:00,17.1,,2.5,290,58,3992
102,백령도,2019-10-07 17:00,16.6,,2.7,290,59,3819
102,백령도,2019-10-07 18:00,15.1,,1.7,270,70,4156
102,백령도,2019-10-07 19:00,14.4,,1.4,250,69,4535
102,백령도,2019-10-07 20:00,14.8,,1.4,250,70,3569
102,백령도,2019-10-07 21:00,14.9,,2.2,250,76,3496
102,백령도,2019-10-07 22:00,15.4,,2.1,270,82,2588
102,백령도,2019-10-07 23:00,16.2,,4,290,80,2470
102,백령도,2019-10-08 00:00,16.5,,6.2,290,73,2597
102,백령도,2019-10-08 01:00,16.2,,4.6,270,77,2929
102,백령도,2019-10-08 02:00,16.8,,6.2,290,75,2765
102,백령도,2019-10-08 03:00,16.6,,4.7,270,78,2432
102,백령도,2019-10-08 04:00,16.7,,4.7,270,81,1733
102,백령도,2019-10-08 05:00,16.6,,4.6,270,86,1148
102,백령도,2019-10-08 06:00,15.4,1.7,8.7,340,73,1943
102,백령도,2019-10-08 07:00,14.6,,10.6,360,56,3105
102,백령도,2019-10-08 08:00,14.1,,12.1,360,51,3132
102,백령도,2019-10-08 09:00,14.1,,10.8,360,49,3667
102,백령도,2019-10-08 10:00,14,,11.2,340,42,3736
102,백령도,2019-10-08 11:00,14.1,,10.1,360,43,3445
102,백령도,2019-10-08 12:00,14.3,,9.6,340,41,4173
102,백령도,2019-10-08 13:00,14.4,,9.4,340,42,3950
102,백령도,2019-10-08 14:00,14.3,,9.3,340,44,3928
102,백령도,2019-10-08 15:00,14.5,,8.3,340,40,4112
102,백령도,2019-10-08 16:00,14.3,,8.3,340,46,4197
102,백령도,2019-10-08 17:00,14.2,,5.8,320,46,3817
102,백령도,2019-10-08 18:00,13.6,,5.9,320,51,3983
102,백령도,2019-10-08 19:00,13.3,,4.7,320,49,4408
102,백령도,2019-10-08 20:00,13.9,,5.2,320,44,4156
102,백령도,2019-10-08 21:00,14,,5.6,320,49,4492
102,백령도,2019-10-08 22:00,14.7,,5.6,320,48,4438
102,백령도,2019-10-08 23:00,14.9,,5.9,320,45,4331
102,백령도,2019-10-09 00:00,14.8,,5.4,320,39,4664
102,백령도,2019-10-09 01:00,14.6,,5,320,42,4481
102,백령도,2019-10-09 02:00,14.5,,3.8,320,46,4505
102,백령도,2019-10-09 03:00,14.7,,4.1,340,54,4096
102,백령도,2019-10-09 04:00,14.9,,4.7,340,50,4024
102,백령도,2019-10-09 05:00,14.8,,3.9,340,56,3943
102,백령도,2019-10-09 06:00,14.7,,3.2,360,53,3854
102,백령도,2019-10-09 07:00,13.7,,1.2,70,65,4563
102,백령도,2019-10-09 08:00,15.1,,.7,90,59,3691
102,백령도,2019-10-09 09:00,16.1,,1.5,140,58,3830
102,백령도,2019-10-09 10:00,16.7,,.8,160,52,4366
102,백령도,2019-10-09 11:00,17.2,,1.8,180,51,4070
102,백령도,2019-10-09 12:00,17.8,,1.7,20,44,4523
102,백령도,2019-10-09 13:00,17.7,,2.2,320,44,4612
102,백령도,2019-10-09 14:00,17.1,,3,320,48,4737
102,백령도,2019-10-09 15:00,17.7,,2.6,250,43,4664
102,백령도,2019-10-09 16:00,17.3,,2.3,270,42,4613
102,백령도,2019-10-09 17:00,16.9,,1,230,42,4541
102,백령도,2019-10-09 18:00,15.5,,1.3,200,52,4331
102,백령도,2019-10-09 19:00,14.1,,1.8,230,58,4840
102,백령도,2019-10-09 20:00,14.2,,1.8,230,59,4976
102,백령도,2019-10-09 21:00,14.2,,2.3,200,62,4909
102,백령도,2019-10-09 22:00,12.7,,2,180,68,4959
102,백령도,2019-10-09 23:00,12.5,,2.4,180,72,4957
102,백령도,2019-10-10 00:00,14.1,,2.7,200,67,4997
102,백령도,2019-10-10 01:00,13.3,,2.6,180,75,4995
102,백령도,2019-10-10 02:00,14.5,,3.1,180,74,4995
102,백령도,2019-10-10 03:00,14.3,,2.5,180,78,4955
102,백령도,2019-10-10 04:00,14.6,,2.2,160,80,4765
102,백령도,2019-10-10 05:00,15,,2.2,160,82,4753
102,백령도,2019-10-10 06:00,15,,2.3,180,85,4313
102,백령도,2019-10-10 07:00,16.3,,3.2,160,86,4195
102,백령도,2019-10-10 08:00,16.9,,3.3,160,85,3960
102,백령도,2019-10-10 09:00,17.5,,3.8,160,84,4246
102,백령도,2019-10-10 10:00,17.7,,3,140,83,4401
102,백령도,2019-10-10 11:00,18.3,,2.9,160,81,4101
102,백령도,2019-10-10 12:00,18.1,,4.5,160,81,3761
102,백령도,2019-10-10 13:00,17.4,,4.7,180,85,4117
102,백령도,2019-10-10 14:00,17.5,0,4.6,180,85,3934
102,백령도,2019-10-10 15:00,17,0,3.4,180,80,3264
102,백령도,2019-10-10 16:00,16.3,.1,1.4,250,93,867
102,백령도,2019-10-10 17:00,15.7,.5,.5,140,96,1026
102,백령도,2019-10-10 18:00,15.5,.1,.9,110,97,908
102,백령도,2019-10-10 19:00,15.5,,.7,90,96,940
102,백령도,2019-10-10 20:00,15.7,,2,50,93,1492
102,백령도,2019-10-10 21:00,15.2,0,.1,0,96,1112
102,백령도,2019-10-10 22:00,15.8,,.5,160,92,1414
102,백령도,2019-10-10 23:00,15.3,,.4,0,96,1250
102,백령도,2019-10-11 00:00,15.8,,1.4,290,92,1285
102,백령도,2019-10-11 01:00,16.8,,2.7,320,95,650
102,백령도,2019-10-11 02:00,17.1,,3.8,340,88,1539
102,백령도,2019-10-11 03:00,16.7,,1.5,320,92,1273
102,백령도,2019-10-11 04:00,17.3,,3.4,340,90,1453
102,백령도,2019-10-11 05:00,17.2,,1.3,20,90,1020
102,백령도,2019-10-11 06:00,16.9,,1.8,20,92,873
102,백령도,2019-10-11 07:00,16.2,,1.8,50,94,633
102,백령도,2019-10-11 08:00,17,,1.6,20,92,892
102,백령도,2019-10-11 09:00,17.6,,1.8,20,89,1115
102,백령도,2019-10-11 10:00,18.6,,3.5,340,81,1162
102,백령도,2019-10-11 11:00,19,,6.9,340,76,1331
102,백령도,2019-10-11 12:00,19.4,,5.7,340,74,1479
102,백령도,2019-10-11 13:00,19.9,,6.1,340,69,1550
102,백령도,2019-10-11 14:00,19.9,,5.8,340,75,1533
102,백령도,2019-10-11 15:00,20.1,,5.1,340,72,1470
102,백령도,2019-10-11 16:00,19.8,,4.6,340,73,1331
102,백령도,2019-10-11 17:00,18.8,,5.9,340,80,1210
102,백령도,2019-10-11 18:00,17.9,,4.2,340,86,1045
102,백령도,2019-10-11 19:00,17.1,,2.7,340,91,845
102,백령도,2019-10-11 20:00,17.3,,2.5,340,90,876
102,백령도,2019-10-11 21:00,18,,2.9,320,86,1037
102,백령도,2019-10-11 22:00,18.2,,2.9,340,83,1076
102,백령도,2019-10-11 23:00,17.8,,2.3,50,82,1211
102,백령도,2019-10-12 00:00,16.9,,2.5,90,87,1074
102,백령도,2019-10-12 01:00,17.1,,3.7,90,77,1767
102,백령도,2019-10-12 02:00,16.3,,2.7,90,81,1717
102,백령도,2019-10-12 03:00,16.9,,3.8,90,75,2097
102,백령도,2019-10-12 04:00,16.1,,3.4,90,78,1986
102,백령도,2019-10-12 05:00,16.5,,3.4,70,75,2033
102,백령도,2019-10-12 06:00,16.3,,2.5,70,76,1944
102,백령도,2019-10-12 07:00,16.1,,2.5,70,78,1892
102,백령도,2019-10-12 08:00,17.5,,4.4,90,66,2293
102,백령도,2019-10-12 09:00,18.2,,4.4,90,62,2486
102,백령도,2019-10-12 10:00,18.9,,3.4,90,56,2642
102,백령도,2019-10-12 11:00,19.2,,3.3,70,57,2552
102,백령도,2019-10-12 12:00,20.1,,3,360,56,2588
102,백령도,2019-10-12 13:00,20,,3.7,290,56,2712
102,백령도,2019-10-12 14:00,19.9,,4.7,340,58,2721
102,백령도,2019-10-12 15:00,19,,3.7,340,64,2196
102,백령도,2019-10-12 16:00,19.7,,4.2,340,61,2358
102,백령도,2019-10-12 17:00,18.8,,4.4,340,74,1873
102,백령도,2019-10-12 18:00,17.9,,3.6,340,82,1669
102,백령도,2019-10-12 19:00,17.9,,3,340,86,1413
102,백령도,2019-10-12 20:00,17.5,,1.9,90,87,1450
102,백령도,2019-10-12 21:00,17.4,,2.9,70,84,1545
102,백령도,2019-10-12 22:00,16.3,,3.5,140,68,2918
102,백령도,2019-10-12 23:00,15.6,,4.1,110,68,3037
102,백령도,2019-10-13 00:00,15.1,,4.8,110,66,3048
102,백령도,2019-10-13 01:00,14.8,,4.6,110,67,3177
102,백령도,2019-10-13 02:00,14.6,,4.6,110,68,3251
102,백령도,2019-10-13 03:00,14.3,,3.8,110,70,3212
102,백령도,2019-10-13 04:00,14.2,,4.1,110,70,3343
102,백령도,2019-10-13 05:00,14.3,,4.2,110,70,3353
102,백령도,2019-10-13 06:00,14.1,,3.8,110,71,3315
102,백령도,2019-10-13 07:00,13.9,,3.2,110,73,2959
102,백령도,2019-10-13 08:00,15,,3.1,110,70,3361
102,백령도,2019-10-13 09:00,15.9,,3.7,110,67,3063
102,백령도,2019-10-13 10:00,16.8,,3.8,110,62,3106
102,백령도,2019-10-13 11:00,17.5,,4,140,61,3187
102,백령도,2019-10-13 12:00,17.8,,3.9,160,60,3280
102,백령도,2019-10-13 13:00,18.9,,2,140,57,3382
102,백령도,2019-10-13 14:00,18.3,,2.9,200,60,3422
102,백령도,2019-10-13 15:00,18.7,,2.4,180,59,3448
102,백령도,2019-10-13 16:00,18,,1.4,320,63,3172
102,백령도,2019-10-13 17:00,17.8,,1.6,230,66,3253
102,백령도,2019-10-13 18:00,16.1,,1,250,77,3133
102,백령도,2019-10-13 19:00,14.5,,1.9,290,84,2883
102,백령도,2019-10-13 20:00,14.5,,2.4,290,87,2897
102,백령도,2019-10-13 21:00,15.6,,3.4,320,89,2834
102,백령도,2019-10-13 22:00,15.4,,2.3,290,92,2362
102,백령도,2019-10-13 23:00,16.4,,7.2,340,78,1911
102,백령도,2019-10-14 00:00,15.9,,5.6,360,79,1503
102,백령도,2019-10-14 01:00,14.9,,6.7,360,80,1758
102,백령도,2019-10-14 02:00,13.9,,7.3,340,84,1630
102,백령도,2019-10-14 03:00,13.5,,7.8,340,79,1833
102,백령도,2019-10-14 04:00,12.6,,8.6,340,80,1804
102,백령도,2019-10-14 05:00,12.1,,9.8,340,80,2145
102,백령도,2019-10-14 06:00,11.4,,9.8,340,77,2717
102,백령도,2019-10-14 07:00,11,,11.1,340,77,2726
102,백령도,2019-10-14 08:00,11,,11.4,340,68,2927
102,백령도,2019-10-14 09:00,11.2,,12.7,340,62,2809
102,백령도,2019-10-14 10:00,11.1,,13,340,58,2754
102,백령도,2019-10-14 11:00,11.6,,10.9,340,56,3034
102,백령도,2019-10-14 12:00,12,,11.3,340,51,3081
102,백령도,2019-10-14 13:00,12.1,,12.1,340,47,3246
102,백령도,2019-10-14 14:00,11.9,,12.2,340,49,3295
102,백령도,2019-10-14 15:00,11.9,,11.2,340,52,3060
102,백령도,2019-10-14 16:00,11.9,,10.4,340,49,3203
102,백령도,2019-10-14 17:00,11.8,,10.5,340,50,3502
102,백령도,2019-10-14 18:00,11.5,,10.6,340,46,3778
102,백령도,2019-10-14 19:00,11.6,,9.5,360,43,4053
102,백령도,2019-10-14 20:00,11.6,,10.2,340,46,3684
102,백령도,2019-10-14 21:00,11.7,,9.7,360,48,3850
102,백령도,2019-10-14 22:00,11.7,,10.1,340,51,3649
102,백령도,2019-10-14 23:00,11.2,,9.1,340,49,3597
102,백령도,2019-10-15 00:00,10.9,,8.9,360,54,3475
102,백령도,2019-10-15 01:00,10.7,,5.2,360,54,3663
102,백령도,2019-10-15 02:00,10.5,,5.1,360,57,3809
102,백령도,2019-10-15 03:00,9.8,,3.5,360,61,3692
102,백령도,2019-10-15 04:00,10,,3.3,20,63,3844
102,백령도,2019-10-15 05:00,10.1,,3.4,360,69,4185
102,백령도,2019-10-15 06:00,10.2,,3.5,360,69,3885
102,백령도,2019-10-15 07:00,10.6,,3.3,20,68,3767
102,백령도,2019-10-15 08:00,11.3,,2.9,360,66,3487
102,백령도,2019-10-15 09:00,12.4,,1.4,20,45,3789
102,백령도,2019-10-15 10:00,13.9,,2.2,70,41,3847
102,백령도,2019-10-15 11:00,14.4,,2.4,20,39,3895
102,백령도,2019-10-15 12:00,14.4,,2.3,90,51,3777
102,백령도,2019-10-15 13:00,15.1,,3,340,50,3643
102,백령도,2019-10-15 14:00,14.9,,3.4,360,53,3867
102,백령도,2019-10-15 15:00,15,,3.9,340,58,3854
102,백령도,2019-10-15 16:00,14.5,,3.9,320,61,3670
102,백령도,2019-10-15 17:00,14.2,,3.6,340,65,3517
102,백령도,2019-10-15 18:00,12.9,,2,340,70,3745
102,백령도,2019-10-15 19:00,12.9,,3.3,340,74,3793
102,백령도,2019-10-15 20:00,13.4,,3.6,340,76,3820
102,백령도,2019-10-15 21:00,13.3,,3.5,340,77,3609
102,백령도,2019-10-15 22:00,13.2,,3.4,340,79,3612
102,백령도,2019-10-15 23:00,13,,2.9,340,83,3761
102,백령도,2019-10-16 00:00,13,,3.3,340,83,3768
102,백령도,2019-10-16 01:00,12.8,,2.2,360,81,3797
102,백령도,2019-10-16 02:00,12.6,,2.4,360,82,3580
102,백령도,2019-10-16 03:00,12.6,,2.1,360,82,3759
102,백령도,2019-10-16 04:00,12.5,,1.4,20,82,3586
102,백령도,2019-10-16 05:00,12.7,,1.5,20,79,3552
102,백령도,2019-10-16 06:00,11.5,,.3,0,85,3500
102,백령도,2019-10-16 07:00,12.3,,0,0,80,3667
102,백령도,2019-10-16 08:00,12.6,,.2,0,83,2932
102,백령도,2019-10-16 09:00,13.8,,.5,160,76,2971
102,백령도,2019-10-16 10:00,14.1,,.5,230,74,3511
102,백령도,2019-10-16 11:00,15.1,,1.1,340,73,3198
102,백령도,2019-10-16 12:00,15,,3.6,320,62,3778
102,백령도,2019-10-16 13:00,14.8,,3.5,290,61,3920
102,백령도,2019-10-16 14:00,15.3,,3.6,320,51,3973
102,백령도,2019-10-16 15:00,15.4,,4.3,340,53,4444
102,백령도,2019-10-16 16:00,15,,4.2,320,59,4397
102,백령도,2019-10-16 17:00,14.5,,3.2,320,60,4344
102,백령도,2019-10-16 18:00,13.5,,3.4,320,66,4483
102,백령도,2019-10-16 19:00,13.6,,3.6,320,67,4663
102,백령도,2019-10-16 20:00,13.8,,4,320,67,4662
102,백령도,2019-10-16 21:00,13.8,,3,320,66,4782
102,백령도,2019-10-16 22:00,14,,3,320,57,4576
102,백령도,2019-10-16 23:00,14.1,,3,340,48,4704
102,백령도,2019-10-17 00:00,14.4,,3.6,340,48,4708
102,백령도,2019-10-17 01:00,14.3,,2.1,360,50,4724
102,백령도,2019-10-17 02:00,14.5,,2.2,360,49,4793
102,백령도,2019-10-17 03:00,14.4,,1.9,50,53,4673
102,백령도,2019-10-17 04:00,14.2,,2.5,360,57,4646
102,백령도,2019-10-17 05:00,14.2,,1.7,50,61,4722
102,백령도,2019-10-17 06:00,13.2,,.3,0,68,4683
102,백령도,2019-10-17 07:00,13.6,,1.3,70,72,4169
102,백령도,2019-10-17 08:00,14.6,,1,70,70,4158
102,백령도,2019-10-17 09:00,15.4,,1.7,70,69,3742
102,백령도,2019-10-17 10:00,16.9,,1.8,320,58,3950
102,백령도,2019-10-17 11:00,16.3,,2.2,340,58,3722
102,백령도,2019-10-17 12:00,17.4,,3.2,340,63,3587
102,백령도,2019-10-17 13:00,17.5,,3.5,340,58,3725
102,백령도,2019-10-17 14:00,17.4,,3.8,340,59,3628
102,백령도,2019-10-17 15:00,17.4,,4.8,320,63,3506
102,백령도,2019-10-17 16:00,17.4,,3.7,320,63,3559
102,백령도,2019-10-17 17:00,17,,2.9,340,55,4014
102,백령도,2019-10-17 18:00,16,,2.9,320,64,3520
102,백령도,2019-10-17 19:00,15.2,,2.7,340,71,3624
102,백령도,2019-10-17 20:00,14.3,,1.3,340,73,3571
102,백령도,2019-10-17 21:00,13.1,,1.1,290,79,3639
102,백령도,2019-10-17 22:00,14.1,,1.3,290,74,3750
102,백령도,2019-10-17 23:00,14.5,,2.1,360,75,3711
102,백령도,2019-10-18 00:00,13.9,,2.2,70,84,3062
102,백령도,2019-10-18 01:00,12.1,,1.7,160,91,2784
102,백령도,2019-10-18 02:00,13.9,,1.6,90,88,2570
102,백령도,2019-10-18 03:00,14,,2.4,70,84,2984
102,백령도,2019-10-18 04:00,13.9,,1.6,70,88,2351
102,백령도,2019-10-18 05:00,13.6,,2.1,90,85,2516
102,백령도,2019-10-18 06:00,14,,2.4,90,79,2406
102,백령도,2019-10-18 07:00,14.6,,4.2,110,77,2809
102,백령도,2019-10-18 08:00,15.4,,3.6,110,74,3168
102,백령도,2019-10-18 09:00,15.5,,4.4,110,72,3375
102,백령도,2019-10-18 10:00,17.4,,4.5,110,64,3565
102,백령도,2019-10-18 11:00,18.1,,3.3,110,63,3326
102,백령도,2019-10-18 12:00,17.9,,2.8,90,58,3423
102,백령도,2019-10-18 13:00,18.2,,1.7,140,55,3911
102,백령도,2019-10-18 14:00,17.8,,2.4,340,58,3751
102,백령도,2019-10-18 15:00,18.5,,1.6,70,53,3969
102,백령도,2019-10-18 16:00,18.6,,1,250,55,4249
102,백령도,2019-10-18 17:00,16.9,,3.7,320,69,3941
102,백령도,2019-10-18 18:00,16.3,,3.9,320,71,4296
102,백령도,2019-10-18 19:00,15.8,,4.2,320,73,4550
102,백령도,2019-10-18 20:00,16,,4.3,320,76,4159
102,백령도,2019-10-18 21:00,15.9,,3.2,320,79,4103
102,백령도,2019-10-18 22:00,16.1,,4.3,320,82,3850
102,백령도,2019-10-18 23:00,16.1,,3.4,320,84,3476
102,백령도,2019-10-19 00:00,16.2,,4,340,84,3594
102,백령도,2019-10-19 01:00,15.9,,2.9,320,87,3461
102,백령도,2019-10-19 02:00,15.9,,2.6,320,88,3778
102,백령도,2019-10-19 03:00,15.9,,3.3,320,88,3594
102,백령도,2019-10-19 04:00,15.8,,4.5,320,91,3477
102,백령도,2019-10-19 05:00,15.4,,4.1,320,93,2389
102,백령도,2019-10-19 06:00,15.5,,4.7,320,92,2338
102,백령도,2019-10-19 07:00,15.4,,5.2,320,83,3148
102,백령도,2019-10-19 08:00,15.9,,4.2,320,84,2430
102,백령도,2019-10-19 09:00,16.7,,4.2,320,80,2072
102,백령도,2019-10-19 10:00,17.1,,4.8,320,74,2148
102,백령도,2019-10-19 11:00,17.5,,5.4,320,70,2138
102,백령도,2019-10-19 12:00,17.7,,6.1,320,68,1153
102,백령도,2019-10-19 13:00,17.5,,6.2,320,73,851
102,백령도,2019-10-19 14:00,17.4,,6.3,320,70,867
102,백령도,2019-10-19 15:00,17.4,,5,320,68,907
102,백령도,2019-10-19 16:00,16.9,,4.4,320,71,812
102,백령도,2019-10-19 17:00,15.9,,5.3,320,77,620
102,백령도,2019-10-19 18:00,15.1,,3.8,320,82,538
102,백령도,2019-10-19 19:00,14.9,,3.5,320,84,549
102,백령도,2019-10-19 20:00,15,,3.9,320,82,589
102,백령도,2019-10-19 21:00,14.9,,2.9,320,83,575
102,백령도,2019-10-19 22:00,13.7,,.6,250,90,436
102,백령도,2019-10-19 23:00,13.4,,2.1,270,93,389
102,백령도,2019-10-20 00:00,13.6,,1.6,230,92,370
102,백령도,2019-10-20 01:00,13.3,,1.6,270,93,298
102,백령도,2019-10-20 02:00,13.5,,.1,0,94,287
102,백령도,2019-10-20 03:00,12.8,,1.3,270,96,248
102,백령도,2019-10-20 04:00,12.8,,0,0,94,340
102,백령도,2019-10-20 05:00,13.6,,0,0,93,461
102,백령도,2019-10-20 06:00,13.1,,0,0,94,439
102,백령도,2019-10-20 07:00,14.3,,0,0,91,515
102,백령도,2019-10-20 08:00,14.2,,1.3,140,91,278
102,백령도,2019-10-20 09:00,15.6,,1.1,160,90,389
102,백령도,2019-10-20 10:00,16.5,,2,180,80,554
102,백령도,2019-10-20 11:00,17.1,,3.3,160,75,739
102,백령도,2019-10-20 12:00,18,,3,160,72,802
102,백령도,2019-10-20 13:00,18,,3.8,160,73,805
102,백령도,2019-10-20 14:00,17.9,,3,180,70,869
102,백령도,2019-10-20 15:00,17.8,,2.7,180,71,842
102,백령도,2019-10-20 16:00,17.6,,3.1,180,74,730
102,백령도,2019-10-20 17:00,16.6,,2.1,200,78,693
102,백령도,2019-10-20 18:00,15.7,,1.5,200,89,493
102,백령도,2019-10-20 19:00,14.7,,.7,160,92,387
102,백령도,2019-10-20 20:00,14.4,,.4,0,93,339
102,백령도,2019-10-20 21:00,14.9,,.2,0,93,424
102,백령도,2019-10-20 22:00,14.7,,.1,0,95,318
102,백령도,2019-10-20 23:00,15,,.2,0,94,384
102,백령도,2019-10-21 00:00,14,,1.1,160,97,216
102,백령도,2019-10-21 01:00,14.5,,.1,0,98,218
102,백령도,2019-10-21 02:00,14.8,,.6,140,98,224
102,백령도,2019-10-21 03:00,14.7,,1.8,110,99,177
102,백령도,2019-10-21 04:00,14.4,,2.3,90,100,117
102,백령도,2019-10-21 05:00,14.1,,1.6,110,100,107
102,백령도,2019-10-21 06:00,13.7,,1.8,90,100,86
102,백령도,2019-10-21 07:00,13.9,,2.4,90,100,79
102,백령도,2019-10-21 08:00,14.4,,2.4,90,100,158
102,백령도,2019-10-21 09:00,15.5,,2.9,90,93,414
102,백령도,2019-10-21 10:00,17,,1.6,90,86,614
102,백령도,2019-10-21 11:00,17.6,,2.5,90,76,837
102,백령도,2019-10-21 12:00,19,,1.5,110,73,949
102,백령도,2019-10-21 13:00,20.2,,1.3,50,69,987
102,백령도,2019-10-21 14:00,19.5,,1.4,270,71,979
102,백령도,2019-10-21 15:00,18.4,,2.5,320,78,896
102,백령도,2019-10-21 16:00,18.3,,3.1,290,80,762
102,백령도,2019-10-21 17:00,17.3,,3.3,290,89,605
102,백령도,2019-10-21 18:00,16.4,,3.1,290,95,354
102,백령도,2019-10-21 19:00,16.3,,3.6,320,98,246
102,백령도,2019-10-21 20:00,16,,3.1,340,98,214
102,백령도,2019-10-21 21:00,16,,3,320,98,242
102,백령도,2019-10-21 22:00,15.6,,2.4,320,99,180
102,백령도,2019-10-21 23:00,15.5,,2.6,320,99,198
102,백령도,2019-10-22 00:00,15.3,,1.3,290,99,141
102,백령도,2019-10-22 01:00,15.2,,1.9,320,99,178
102,백령도,2019-10-22 02:00,15.5,,2.1,320,100,163
102,백령도,2019-10-22 03:00,15.4,,2.5,320,100,127
102,백령도,2019-10-22 04:00,14.9,,1.4,360,99,228
102,백령도,2019-10-22 05:00,14.9,,0,0,100,121
102,백령도,2019-10-22 06:00,14.3,,.1,0,100,139
102,백령도,2019-10-22 07:00,15.1,,0,0,99,173
102,백령도,2019-10-22 08:00,15.2,,1.3,70,93,429
102,백령도,2019-10-22 09:00,16.8,,1.8,110,91,596
102,백령도,2019-10-22 10:00,17.2,,2.2,110,86,507
102,백령도,2019-10-22 11:00,18.6,,2.5,140,64,819
102,백령도,2019-10-22 12:00,19.2,,2.6,110,66,779
102,백령도,2019-10-22 13:00,19.3,,3.1,140,72,551
102,백령도,2019-10-22 14:00,19.2,,3.8,140,73,867
102,백령도,2019-10-22 15:00,19.1,,3.9,160,75,1446
102,백령도,2019-10-22 16:00,18.8,,2.9,140,78,2229
102,백령도,2019-10-22 17:00,18.6,,2.1,160,81,1863
102,백령도,2019-10-22 18:00,17.2,,1.1,200,87,1332
102,백령도,2019-10-22 19:00,16.1,,.9,290,97,290
102,백령도,2019-10-22 20:00,15.6,,1.2,290,99,161
102,백령도,2019-10-22 21:00,15.6,,.6,290,100,149
102,백령도,2019-10-22 22:00,16.2,,0,0,99.6,387
102,백령도,2019-10-22 23:00,15.1,,0,0,100,102
102,백령도,2019-10-23 00:00,15.6,,.8,340,100,291
102,백령도,2019-10-23 01:00,14.9,,.7,320,100,267
102,백령도,2019-10-23 02:00,15.5,,.1,0,100,230
102,백령도,2019-10-23 03:00,15.7,,1.6,50,100,199
102,백령도,2019-10-23 04:00,15.6,,.6,20,100,187
102,백령도,2019-10-23 05:00,15.7,,.3,0,100,117
102,백령도,2019-10-23 06:00,15.2,,2.2,90,98,246
102,백령도,2019-10-23 07:00,15.1,,1.3,90,99,205
102,백령도,2019-10-23 08:00,15.8,,2,70,98,267
102,백령도,2019-10-23 09:00,15.8,,1.7,90,95,393
102,백령도,2019-10-23 10:00,16.8,,2.5,90,91,464
102,백령도,2019-10-23 11:00,17.4,,2.5,90,83,787
102,백령도,2019-10-23 12:00,18,,2.1,110,82,917
102,백령도,2019-10-23 13:00,18.1,,2.6,110,82,1023
102,백령도,2019-10-23 14:00,18.3,,2.5,110,79,1269
102,백령도,2019-10-23 15:00,18.5,,2.7,140,77,1597
102,백령도,2019-10-23 16:00,18.1,,2.1,90,79,1760
102,백령도,2019-10-23 17:00,17.6,,1.3,110,81,1805
102,백령도,2019-10-23 18:00,16.9,,.3,0,85,1661
102,백령도,2019-10-23 19:00,16.1,,.9,70,85,1784
102,백령도,2019-10-23 20:00,16.2,,.6,360,89,1397
102,백령도,2019-10-23 21:00,16.4,,.9,50,92,2572
102,백령도,2019-10-23 22:00,15.9,,1.6,70,89,1894
102,백령도,2019-10-23 23:00,15.8,,1.8,50,92,1490
102,백령도,2019-10-24 00:00,15.8,,2,70,89,1659
102,백령도,2019-10-24 01:00,15.1,,.4,0,91,1543
102,백령도,2019-10-24 02:00,15.9,,1.4,50,87,2124
102,백령도,2019-10-24 03:00,15.8,,2.2,50,84,2081
102,백령도,2019-10-24 04:00,15.7,,.6,50,85,2108
102,백령도,2019-10-24 05:00,15.3,,2.5,50,88,2013
102,백령도,2019-10-24 06:00,15.7,,1.9,70,84,2369
102,백령도,2019-10-24 07:00,15.8,,2.2,70,84,2176
102,백령도,2019-10-24 08:00,16.4,,2.1,90,79,2098
102,백령도,2019-10-24 09:00,17.5,,2.4,90,77,2086
102,백령도,2019-10-24 10:00,18.2,,4,90,71,2302
102,백령도,2019-10-24 11:00,18.1,,4.3,110,66,1182
102,백령도,2019-10-24 12:00,20.3,,1.8,90,57,2767
102,백령도,2019-10-24 13:00,20.9,,1.2,110,51,2840
102,백령도,2019-10-24 14:00,21.4,,1.9,160,43,3361
102,백령도,2019-10-24 15:00,19.7,,3.7,320,62,2792
102,백령도,2019-10-24 16:00,18.7,,3.9,320,74,2490
102,백령도,2019-10-24 17:00,18,,2.7,320,81,2276
102,백령도,2019-10-24 18:00,16.8,,1.8,340,84,2042
102,백령도,2019-10-24 19:00,17.1,,3.2,340,74,2526
102,백령도,2019-10-24 20:00,17,,3.3,320,83,2097
102,백령도,2019-10-24 21:00,16.3,,2.1,340,90,1647
102,백령도,2019-10-24 22:00,16.6,,1.5,340,88,1740
102,백령도,2019-10-24 23:00,16.7,,1.5,20,81,1837
102,백령도,2019-10-25 00:00,16,,1.5,90,84,1682
102,백령도,2019-10-25 01:00,15.6,,1,90,91,1412
102,백령도,2019-10-25 02:00,15.3,,1.7,110,89,1584
102,백령도,2019-10-25 03:00,15.3,,.2,0,87,1588
102,백령도,2019-10-25 04:00,14.9,,1.7,140,90,1635
102,백령도,2019-10-25 05:00,14.3,,.2,0,91,1878
102,백령도,2019-10-25 06:00,14.8,,.5,160,85,2669
102,백령도,2019-10-25 07:00,14.8,,.4,0,88,2255
102,백령도,2019-10-25 08:00,14.7,,1,180,89,1895
102,백령도,2019-10-25 09:00,17,,1.5,160,74,3144
102,백령도,2019-10-25 10:00,17.8,,2.8,180,67,3875
102,백령도,2019-10-25 11:00,17.1,,1.9,160,73,3369
102,백령도,2019-10-25 12:00,17.1,0,2.4,180,80,3667
102,백령도,2019-10-25 13:00,15.7,0,7,320,93,1442
102,백령도,2019-10-25 14:00,14.9,,8.6,320,93,1480
102,백령도,2019-10-25 15:00,13.9,,8.9,320,91,1794
102,백령도,2019-10-25 16:00,13.5,,9.2,320,84,2606
102,백령도,2019-10-25 17:00,13.3,,7.6,320,83,2819
102,백령도,2019-10-25 18:00,12.3,,7.5,320,78,2807
102,백령도,2019-10-25 19:00,11.8,,7.6,320,76,3506
102,백령도,2019-10-25 20:00,12.4,,8,340,71,3178
102,백령도,2019-10-25 21:00,11.6,,10.7,340,65,3123
102,백령도,2019-10-25 22:00,10.7,,10.3,340,65,2718
102,백령도,2019-10-25 23:00,9.7,,9.3,340,67,3333
102,백령도,2019-10-26 00:00,9.6,,7.7,340,67,3795
102,백령도,2019-10-26 01:00,9.6,,10.3,340,68,3527
102,백령도,2019-10-26 02:00,9.5,,10.1,340,70,3023
102,백령도,2019-10-26 03:00,9.4,,10.7,340,70,2792
102,백령도,2019-10-26 04:00,9.4,,10.3,340,71,2753
102,백령도,2019-10-26 05:00,9.4,,10.4,340,69,3160
102,백령도,2019-10-26 06:00,9.6,,9.3,340,71,3503
102,백령도,2019-10-26 07:00,9.5,,9.7,340,71,3585
102,백령도,2019-10-26 08:00,9.6,,9.4,340,70,3558
102,백령도,2019-10-26 09:00,9.6,,9.6,340,68,3566
102,백령도,2019-10-26 10:00,10.1,,9.6,340,70,3545
102,백령도,2019-10-26 11:00,10.5,,9,340,67,3197
102,백령도,2019-10-26 12:00,11,,9.5,340,65,3391
102,백령도,2019-10-26 13:00,11.5,,8.1,340,67,3474
102,백령도,2019-10-26 14:00,12,,6.8,340,66,3769
102,백령도,2019-10-26 15:00,12,,6.9,340,65,3938
102,백령도,2019-10-26 16:00,11.6,,8.4,340,63,4572
102,백령도,2019-10-26 17:00,11.3,,6.6,340,60,4491
102,백령도,2019-10-26 18:00,11.1,,5.3,340,60,4638
102,백령도,2019-10-26 19:00,11.2,,5.6,320,53,4981
102,백령도,2019-10-26 20:00,11.6,,6,320,51,4944
102,백령도,2019-10-26 21:00,11.8,,5.9,320,50,4886
102,백령도,2019-10-26 22:00,11.6,,4.8,320,54,4862
102,백령도,2019-10-26 23:00,11.9,,5.7,320,60,4421
102,백령도,2019-10-27 00:00,12.3,,5.4,320,57,4546
102,백령도,2019-10-27 01:00,12.1,,4.9,320,60,4317
102,백령도,2019-10-27 02:00,12.1,,4.9,320,60,4787
102,백령도,2019-10-27 03:00,12.6,,5,320,57,4559
102,백령도,2019-10-27 04:00,12.9,,4.7,320,53,4292
102,백령도,2019-10-27 05:00,11.9,,2.3,290,57,4351
102,백령도,2019-10-27 06:00,12.1,,1.6,250,59,4407
102,백령도,2019-10-27 07:00,11.9,,1.4,230,63,2553
102,백령도,2019-10-27 08:00,13.1,,2.3,270,59,4057
102,백령도,2019-10-27 09:00,14.4,,2.7,290,54,4272
102,백령도,2019-10-27 10:00,15.5,,3.9,270,48,3877
102,백령도,2019-10-27 11:00,16.2,,4,270,45,4041
102,백령도,2019-10-27 12:00,16.6,,4.9,290,47,4187
102,백령도,2019-10-27 13:00,16,,4.7,250,48,4415
102,백령도,2019-10-27 14:00,16,,4.4,270,44,4590
102,백령도,2019-10-27 15:00,15.6,,4.6,270,53,3637
102,백령도,2019-10-27 16:00,15.4,,3.6,230,55,3767
102,백령도,2019-10-27 17:00,14.7,,3.3,230,54,4146
102,백령도,2019-10-27 18:00,13.7,,2.4,230,55,4095
102,백령도,2019-10-27 19:00,13.2,,2.1,230,48,4737
102,백령도,2019-10-27 20:00,12.8,,1.1,230,50,3664
102,백령도,2019-10-27 21:00,13,,1.5,200,51,3840
102,백령도,2019-10-27 22:00,13.6,,2.9,200,51,3647
102,백령도,2019-10-27 23:00,13.5,,2.7,200,55,3160
102,백령도,2019-10-28 00:00,13.5,,2.5,200,57,3096
102,백령도,2019-10-28 01:00,13.3,,2.3,200,59,3234
102,백령도,2019-10-28 02:00,13.8,,3.1,200,57,3134
102,백령도,2019-10-28 03:00,13.2,,2.3,180,64,2808
102,백령도,2019-10-28 04:00,14.3,,2.4,200,68,2516
102,백령도,2019-10-28 05:00,13.6,,1.9,180,74,2150
102,백령도,2019-10-28 06:00,14.5,,3.5,200,71,2333
102,백령도,2019-10-28 07:00,14.7,,4.8,160,71,2982
102,백령도,2019-10-28 08:00,15.3,,5.8,160,73,2822
102,백령도,2019-10-28 09:00,16.4,,6.1,200,69,3123
102,백령도,2019-10-28 10:00,16.8,,7.5,180,63,2631
102,백령도,2019-10-28 11:00,17,,7.2,180,63,2765
102,백령도,2019-10-28 12:00,17.9,,8.9,180,62,3038
102,백령도,2019-10-28 13:00,18.4,,7.5,200,62,3303
102,백령도,2019-10-28 14:00,18.2,,8.7,200,61,2223
102,백령도,2019-10-28 15:00,17.7,,7.3,230,66,2428
102,백령도,2019-10-28 16:00,17.5,,8.7,230,66,1985
102,백령도,2019-10-28 17:00,13.2,4.9,7.1,270,83,356
102,백령도,2019-10-28 18:00,14.2,.1,3.2,270,78,1212
102,백령도,2019-10-28 19:00,14.3,,6.3,290,70,1453
102,백령도,2019-10-28 20:00,14.3,,7,290,65,1184
102,백령도,2019-10-28 21:00,14.3,,7.6,290,63,1271
102,백령도,2019-10-28 22:00,14.3,,7.1,290,59,1363
102,백령도,2019-10-28 23:00,14.3,,6.4,290,58,1558
102,백령도,2019-10-29 00:00,14.3,,6.4,320,56,1517
102,백령도,2019-10-29 01:00,14.2,,5.5,320,51,1862
102,백령도,2019-10-29 02:00,14,,4,290,54,1639
102,백령도,2019-10-29 03:00,13.4,,3.2,290,53,1720
102,백령도,2019-10-29 04:00,12.8,,2.7,270,54,1809
102,백령도,2019-10-29 05:00,12.5,,2.3,270,56,1933
102,백령도,2019-10-29 06:00,12.5,,2.4,270,55,2160
102,백령도,2019-10-29 07:00,12.5,,1.5,20,62,2775
102,백령도,2019-10-29 08:00,12.3,,2.6,20,61,2929
102,백령도,2019-10-29 09:00,13,,2.1,360,62,2964
102,백령도,2019-10-29 10:00,13.8,,3.4,340,58,3155
102,백령도,2019-10-29 11:00,13.9,,5.8,340,55,3852
102,백령도,2019-10-29 12:00,14,,5.9,320,48,4322
102,백령도,2019-10-29 13:00,13.9,,6.6,320,48,4251
102,백령도,2019-10-29 14:00,13.8,,7,320,54,3935
102,백령도,2019-10-29 15:00,13.6,,5.7,320,55,3859
102,백령도,2019-10-29 16:00,12.9,,5,340,58,3887
102,백령도,2019-10-29 17:00,12.1,,5.7,320,58,3519
102,백령도,2019-10-29 18:00,11.3,,6,320,56,4931
102,백령도,2019-10-29 19:00,11.3,,4.8,320,56,4945
102,백령도,2019-10-29 20:00,11.3,,5.2,320,58,4656
102,백령도,2019-10-29 21:00,11.7,,5.9,320,59,4430
102,백령도,2019-10-29 22:00,11.7,,4.5,320,61,4496
102,백령도,2019-10-29 23:00,11.7,,2.8,320,61,4726
102,백령도,2019-10-30 00:00,10.3,,1.7,250,66,4840
102,백령도,2019-10-30 01:00,10.1,,1.1,250,68,4993
102,백령도,2019-10-30 02:00,11.4,,1.5,270,52,5000
102,백령도,2019-10-30 03:00,10.8,,2.6,270,52,4943
102,백령도,2019-10-30 04:00,10.7,,2.3,270,54,5000
102,백령도,2019-10-30 05:00,11.6,,1.7,270,54,4983
102,백령도,2019-10-30 06:00,11.6,,1.1,250,60,3218
102,백령도,2019-10-30 07:00,11.6,,1.6,250,63,4670
102,백령도,2019-10-30 08:00,12.4,,1.6,250,64,4649
102,백령도,2019-10-30 09:00,14.2,,2.4,250,61,4130
102,백령도,2019-10-30 10:00,15.4,,2.5,250,57,3234
102,백령도,2019-10-30 11:00,16.1,,4.1,200,53,3361
102,백령도,2019-10-30 12:00,16.8,,5.1,200,49,3294
102,백령도,2019-10-30 13:00,16.8,,4.9,230,49,3118
102,백령도,2019-10-30 14:00,17.2,,5.2,250,44,2918
102,백령도,2019-10-30 15:00,17.2,,4.8,230,53,3865
102,백령도,2019-10-30 16:00,17.3,,3.6,200,54,4261
102,백령도,2019-10-30 17:00,16.4,,3.5,230,62,4341
102,백령도,2019-10-30 18:00,15.6,,2.9,230,69,4333
102,백령도,2019-10-30 19:00,15.4,,3,200,73,3987
102,백령도,2019-10-30 20:00,15.5,,3.6,200,75,3535
102,백령도,2019-10-30 21:00,15.6,,3.9,200,76,3350
102,백령도,2019-10-30 22:00,16,,4.4,200,74,3373
102,백령도,2019-10-30 23:00,16.3,,4.4,230,77,2932
102,백령도,2019-10-31 00:00,16.3,,4.8,230,78,2398
102,백령도,2019-10-31 01:00,16.4,,4.8,230,76,1836
102,백령도,2019-10-31 02:00,16.3,,4.7,230,78,1513
102,백령도,2019-10-31 03:00,16.3,,5.4,230,81,1244
102,백령도,2019-10-31 04:00,16,,4.7,230,84,1166
102,백령도,2019-10-31 05:00,16,,5.1,230,86,1118
102,백령도,2019-10-31 06:00,16,,5.2,230,88,1056
102,백령도,2019-10-31 07:00,15.9,,4.7,230,90,1026
102,백령도,2019-10-31 08:00,16.3,,4.7,230,91,1015
102,백령도,2019-10-31 09:00,17.1,,5.3,230,90,1032
102,백령도,2019-10-31 10:00,18,,6,230,87,1080
102,백령도,2019-10-31 11:00,18.9,,5.2,230,80,1079
102,백령도,2019-10-31 12:00,19.2,,6.4,250,73,1037
102,백령도,2019-10-31 13:00,19.5,,5.9,250,70,1038
102,백령도,2019-10-31 14:00,19.7,,5.8,270,68,1009
102,백령도,2019-10-31 15:00,19.7,,5.3,250,61,1022
102,백령도,2019-10-31 16:00,19.6,,3.8,270,61,998
102,백령도,2019-10-31 17:00,18.3,,4.1,290,51,1042
102,백령도,2019-10-31 18:00,16.7,,4.3,290,72,988
102,백령도,2019-10-31 19:00,16.3,,2.8,270,66,911
102,백령도,2019-10-31 20:00,15.8,,4.3,290,76,814
102,백령도,2019-10-31 21:00,15.4,,3.2,290,89,599
102,백령도,2019-10-31 22:00,15.4,,3.3,290,93,429
102,백령도,2019-10-31 23:00,15.1,,3.3,320,96,297
102,백령도,2019-11-01 00:00,15.2,,4.2,320,98,205
102,백령도,2019-11-01 01:00,15.2,,4.6,320,98,205
102,백령도,2019-11-01 02:00,15.2,,3.8,320,98,222
102,백령도,2019-11-01 03:00,16.1,,4.6,360,71,1613
102,백령도,2019-11-01 04:00,16.6,,3.4,360,41,4675
102,백령도,2019-11-01 05:00,16.3,,4.3,360,28,4849
102,백령도,2019-11-01 06:00,16.2,,5.1,360,29,4958
102,백령도,2019-11-01 07:00,15.4,,4.1,360,37,4980
102,백령도,2019-11-01 08:00,15.8,,6.6,360,33,4945
102,백령도,2019-11-01 09:00,16,,6.7,360,34,4841
102,백령도,2019-11-01 10:00,16.1,,7.8,360,35,4927
102,백령도,2019-11-01 11:00,16.2,,7.6,360,39,3600
102,백령도,2019-11-01 12:00,16.3,,6.7,360,41,4935
102,백령도,2019-11-01 13:00,16.6,,5.9,340,40,4414
102,백령도,2019-11-01 14:00,16.3,,7.9,340,42,4947
102,백령도,2019-11-01 15:00,16,,8.2,340,40,4961
102,백령도,2019-11-01 16:00,15.2,,6.1,340,48,4846
102,백령도,2019-11-01 17:00,14.6,,7,340,47,4996
102,백령도,2019-11-01 18:00,14.4,,6.4,340,50,4920
102,백령도,2019-11-01 19:00,14.6,,5.7,340,50,4885
102,백령도,2019-11-01 20:00,14.7,,6.2,340,47,4974
102,백령도,2019-11-01 21:00,14.8,,5.5,340,52,4923
102,백령도,2019-11-01 22:00,14.8,,4.7,360,51,4981
102,백령도,2019-11-01 23:00,14.3,,1.8,50,54,4960
102,백령도,2019-11-02 00:00,13.6,,1.8,50,56,4890
102,백령도,2019-11-02 01:00,12.5,,1.2,110,68,3992
102,백령도,2019-11-02 02:00,12.3,,2,20,65,4957
102,백령도,2019-11-02 03:00,12.9,,.3,0,68,5000
102,백령도,2019-11-02 04:00,13,,0,0,68,5000
102,백령도,2019-11-02 05:00,12.8,,0,0,67,4999
102,백령도,2019-11-02 06:00,13.5,,.9,110,70,3902
102,백령도,2019-11-02 07:00,12.8,,1.4,110,81,4201
102,백령도,2019-11-02 08:00,13,,1.6,110,82,3419
102,백령도,2019-11-02 09:00,14.3,,1.4,90,77,2793
102,백령도,2019-11-02 10:00,15.4,,1.6,110,59,4798
102,백령도,2019-11-02 11:00,16.6,,1.5,140,55,4762
102,백령도,2019-11-02 12:00,16.7,,1.1,70,51,4834
102,백령도,2019-11-02 13:00,16.1,,2.1,290,53,3997
102,백령도,2019-11-02 14:00,15.7,,2.8,290,67,3685
102,백령도,2019-11-02 15:00,15.5,,3.2,320,73,2237
102,백령도,2019-11-02 16:00,15.4,,3.5,340,74,1980
102,백령도,2019-11-02 17:00,15.3,,2.2,290,69,3294
102,백령도,2019-11-02 18:00,14.3,,2.2,290,69,3570
102,백령도,2019-11-02 19:00,14.6,,2.8,340,66,3035
102,백령도,2019-11-02 20:00,14.7,,3.4,340,65,3063
102,백령도,2019-11-02 21:00,14.4,,1.7,340,65,3624
102,백령도,2019-11-02 22:00,12.7,,1.7,270,74,4576
102,백령도,2019-11-02 23:00,15.1,,3.7,320,68,3359
102,백령도,2019-11-03 00:00,15.1,,3.4,340,66,3089
102,백령도,2019-11-03 01:00,15.2,,3.8,340,63,2808
102,백령도,2019-11-03 02:00,15.5,,5.9,340,74,2678
102,백령도,2019-11-03 03:00,15.4,,5.3,340,60,4158
102,백령도,2019-11-03 04:00,15.5,,6.7,340,61,4657
102,백령도,2019-11-03 05:00,15.5,,6.4,340,53,4022
102,백령도,2019-11-03 06:00,15.5,,5.3,340,51,3626
102,백령도,2019-11-03 07:00,15.8,,6.2,340,56,3099
102,백령도,2019-11-03 08:00,15.9,,4.8,360,60,3098
102,백령도,2019-11-03 09:00,16.9,,4.3,360,56,3568
102,백령도,2019-11-03 10:00,16.5,,2,360,58,3352
102,백령도,2019-11-03 11:00,18,,3.2,360,41,3677
102,백령도,2019-11-03 12:00,18.2,,1.8,70,39,3487
102,백령도,2019-11-03 13:00,17.9,,3.5,340,31,4109
102,백령도,2019-11-03 14:00,16.6,,5.1,340,40,4065
102,백령도,2019-11-03 15:00,17,,5.3,340,43,2567
102,백령도,2019-11-03 16:00,15.9,,3.7,340,51,2095
102,백령도,2019-11-03 17:00,15.7,,3.8,340,55,1892
102,백령도,2019-11-03 18:00,15.7,,4.2,340,60,1887
102,백령도,2019-11-03 19:00,15.9,,4.6,340,60,1989
102,백령도,2019-11-03 20:00,15.5,,3.7,340,68,2368
102,백령도,2019-11-03 21:00,15,,3.1,340,71,2424
102,백령도,2019-11-03 22:00,14.6,,3,340,78,2048
102,백령도,2019-11-03 23:00,14.9,,1.4,20,73,2341
102,백령도,2019-11-04 00:00,14.5,,1.5,360,70,2222
102,백령도,2019-11-04 01:00,13.9,,2.4,70,76,2094
102,백령도,2019-11-04 02:00,13.1,,1.2,160,80,1896
102,백령도,2019-11-04 03:00,13,,1.8,140,76,2575
102,백령도,2019-11-04 04:00,12.7,,2,140,77,3200
102,백령도,2019-11-04 05:00,11.9,,2.3,160,74,4986
102,백령도,2019-11-04 06:00,11.9,,1.9,110,79,4203
102,백령도,2019-11-04 07:00,11.3,,1.9,140,83,2608
102,백령도,2019-11-04 08:00,12.5,,1.8,160,75,4355
102,백령도,2019-11-04 09:00,14.2,,2.6,140,69,4928
102,백령도,2019-11-04 10:00,14.8,,2.5,110,65,4350
102,백령도,2019-11-04 11:00,15.5,,2.6,110,65,4618
102,백령도,2019-11-04 12:00,16.2,,2.4,160,65,4686
102,백령도,2019-11-04 13:00,15.3,,2.2,320,70,3690
102,백령도,2019-11-04 14:00,15.3,,2.7,360,74,4307
102,백령도,2019-11-04 15:00,14.9,,2.9,320,75,2896
102,백령도,2019-11-04 16:00,15,,3.7,290,77,2572
102,백령도,2019-11-04 17:00,14.1,,3.5,290,81,2405
102,백령도,2019-11-04 18:00,13.1,,3.4,320,82,2483
102,백령도,2019-11-04 19:00,12.9,,3.4,320,78,2977
102,백령도,2019-11-04 20:00,12.3,,2.9,320,76,3490
102,백령도,2019-11-04 21:00,11.5,,1.8,290,76,3647
102,백령도,2019-11-04 22:00,11.3,,2.1,290,73,3996
102,백령도,2019-11-04 23:00,11.5,,1.9,290,70,4047
102,백령도,2019-11-05 00:00,10.3,,1.9,270,77,4206
102,백령도,2019-11-05 01:00,10,,2.3,270,76,3745
102,백령도,2019-11-05 02:00,10.2,,2.5,270,76,3142
102,백령도,2019-11-05 03:00,9.7,,2.4,270,78,2384
102,백령도,2019-11-05 04:00,9.7,,1.9,270,76,2421
102,백령도,2019-11-05 05:00,9.9,,1.1,250,74,2346
102,백령도,2019-11-05 06:00,10,,1.3,250,69,2948
102,백령도,2019-11-05 07:00,10.1,,1.4,290,70,2550
102,백령도,2019-11-05 08:00,11.7,,2.6,320,72,2519
102,백령도,2019-11-05 09:00,13.5,,3.3,320,67,2154
102,백령도,2019-11-05 10:00,14.8,,3.8,340,57,1726
102,백령도,2019-11-05 11:00,16,,3.4,340,56,1574
102,백령도,2019-11-05 12:00,16.1,,5.8,340,42,2006
102,백령도,2019-11-05 13:00,16.1,,4.8,340,46,2213
102,백령도,2019-11-05 14:00,16.2,,5.2,340,48,2634
102,백령도,2019-11-05 15:00,15.3,,6,340,57,1960
102,백령도,2019-11-05 16:00,14.6,,5.1,340,51,2301
102,백령도,2019-11-05 17:00,13.7,,4.5,340,55,2250
102,백령도,2019-11-05 18:00,13.4,,5.6,340,65,2356
102,백령도,2019-11-05 19:00,13.3,,4.4,340,55,3111
102,백령도,2019-11-05 20:00,13.3,,5.6,340,50,3949
102,백령도,2019-11-05 21:00,13.4,,6.3,340,43,4219
102,백령도,2019-11-05 22:00,13.3,,5.6,340,39,4351
102,백령도,2019-11-05 23:00,13,,5,340,41,3782
102,백령도,2019-11-06 00:00,13.1,,6.7,340,46,3301
102,백령도,2019-11-06 01:00,12.6,,5.3,340,48,3312
102,백령도,2019-11-06 02:00,12.1,,4.1,320,51,3413
102,백령도,2019-11-06 03:00,11.9,,4,320,54,3273
102,백령도,2019-11-06 04:00,11.7,,3.6,320,55,3219
102,백령도,2019-11-06 05:00,11.4,,3.2,320,56,3237
102,백령도,2019-11-06 06:00,11.3,,3,320,55,3405
102,백령도,2019-11-06 07:00,10.2,,1.7,290,62,3372
102,백령도,2019-11-06 08:00,10.6,,2.3,290,65,3038
102,백령도,2019-11-06 09:00,12.8,,2.6,320,57,3211
102,백령도,2019-11-06 10:00,13.2,,3.7,320,55,3380
102,백령도,2019-11-06 11:00,13.1,,3.2,290,56,3362
102,백령도,2019-11-06 12:00,13.4,,3.4,290,54,3280
102,백령도,2019-11-06 13:00,13.6,,4,320,55,3342
102,백령도,2019-11-06 14:00,13.1,,3.9,320,57,3438
102,백령도,2019-11-06 15:00,12.8,,3.7,320,57,3432
102,백령도,2019-11-06 16:00,12.3,,3.1,320,56,3691
102,백령도,2019-11-06 17:00,11.9,,3,320,56,3858
102,백령도,2019-11-06 18:00,11.6,,3.8,320,59,3909
102,백령도,2019-11-06 19:00,11.5,,3.7,290,57,4039
102,백령도,2019-11-06 20:00,11.3,,3.6,320,61,4131
102,백령도,2019-11-06 21:00,11.7,,4.5,320,58,4701
102,백령도,2019-11-06 22:00,12.3,,5.8,320,59,4192
102,백령도,2019-11-06 23:00,12.9,,6.7,320,61,3123
102,백령도,2019-11-07 00:00,13,,7.1,320,57,2261
102,백령도,2019-11-07 01:00,13.3,,7.3,320,59,2114
102,백령도,2019-11-07 02:00,13,,9.6,340,56,1923
102,백령도,2019-11-07 03:00,12.6,,10,340,60,1333
102,백령도,2019-11-07 04:00,11.8,,10.3,340,55,1423
102,백령도,2019-11-07 05:00,11.2,,10.6,340,57,1836
102,백령도,2019-11-07 06:00,10.6,,11.5,340,50,2824
102,백령도,2019-11-07 07:00,9.8,,11.6,340,49,2916
102,백령도,2019-11-07 08:00,9.5,,10.8,340,52,3237
102,백령도,2019-11-07 09:00,9.3,,11.7,340,47,4008
102,백령도,2019-11-07 10:00,9.2,,12.1,340,44,3973
102,백령도,2019-11-07 11:00,9,,11.4,360,45,3761
102,백령도,2019-11-07 12:00,9,,10.9,340,46,4024
102,백령도,2019-11-07 13:00,9.1,,10.7,360,47,3972
102,백령도,2019-11-07 14:00,8.7,,10.5,340,46,4595
102,백령도,2019-11-07 15:00,8.8,,9.2,340,48,4340
102,백령도,2019-11-07 16:00,8.6,,10.4,340,47,4298
102,백령도,2019-11-07 17:00,8.7,,9.4,340,50,4046
102,백령도,2019-11-07 18:00,8.6,,10.8,340,46,4356
102,백령도,2019-11-07 19:00,9,,9.2,340,48,4802
102,백령도,2019-11-07 20:00,9.3,,10.6,340,47,4651
102,백령도,2019-11-07 21:00,9.5,,8.5,340,42,4951
102,백령도,2019-11-07 22:00,9.5,,9.4,340,47,4847
102,백령도,2019-11-07 23:00,9.3,,9.7,340,47,4190
102,백령도,2019-11-08 00:00,8.9,,7.5,360,47,4240
102,백령도,2019-11-08 01:00,8.6,,7.5,340,50,3911
102,백령도,2019-11-08 02:00,8.4,,7.8,360,52,3596
102,백령도,2019-11-08 03:00,8.4,,7,340,53,3840
102,백령도,2019-11-08 04:00,8.6,,7.1,360,49,4201
102,백령도,2019-11-08 05:00,8.8,,7,360,47,4460
102,백령도,2019-11-08 06:00,8.4,,4,360,48,4632
102,백령도,2019-11-08 07:00,7.7,,1.7,20,53,4678
102,백령도,2019-11-08 08:00,8.5,,4.3,360,49,4850
102,백령도,2019-11-08 09:00,9.4,,3.7,360,49,4721
102,백령도,2019-11-08 10:00,10.3,,5.4,360,47,4730
102,백령도,2019-11-08 11:00,11.3,,5.9,340,42,4914
102,백령도,2019-11-08 12:00,11.8,,7,340,36,4797
102,백령도,2019-11-08 13:00,12.3,,6,320,44,4498
102,백령도,2019-11-08 14:00,12.5,,6,340,54,3308
102,백령도,2019-11-08 15:00,12.8,,4.8,320,52,2542
102,백령도,2019-11-08 16:00,12.1,,6,320,58,2350
102,백령도,2019-11-08 17:00,12.2,,5.7,320,64,2388
102,백령도,2019-11-08 18:00,11.7,,3.9,340,65,2493
102,백령도,2019-11-08 19:00,12.2,,4.4,320,66,2493
102,백령도,2019-11-08 20:00,12.2,,4.6,320,65,2037
102,백령도,2019-11-08 21:00,12.2,,4.6,340,66,1749
102,백령도,2019-11-08 22:00,12.4,,4.1,320,65,1822
102,백령도,2019-11-08 23:00,12.4,,4.5,320,67,1771
102,백령도,2019-11-09 00:00,12.2,,3.5,340,67,1752
102,백령도,2019-11-09 01:00,12,,2.5,320,65,1888
102,백령도,2019-11-09 02:00,11.9,,2.4,320,63,1986
102,백령도,2019-11-09 03:00,12.2,,2.7,320,63,2063
102,백령도,2019-11-09 04:00,12.2,,2.8,340,65,2009
102,백령도,2019-11-09 05:00,11.3,,1.3,320,65,2264
102,백령도,2019-11-09 06:00,11.2,,2.1,70,84,1827
102,백령도,2019-11-09 07:00,10.4,,2.2,90,91,586
102,백령도,2019-11-09 08:00,10.8,,1.5,90,87,1170
102,백령도,2019-11-09 09:00,12.8,,1.3,90,71,2220
102,백령도,2019-11-09 10:00,13.6,,1.7,110,65,2962
102,백령도,2019-11-09 11:00,14.5,,2.3,50,61,2722
102,백령도,2019-11-09 12:00,15.2,,2,20,54,2722
102,백령도,2019-11-09 13:00,15.4,,2,340,55,2567
102,백령도,2019-11-09 14:00,15.1,,2.9,320,61,2290
102,백령도,2019-11-09 15:00,15.3,,2.6,320,58,2396
102,백령도,2019-11-09 16:00,14.3,,3.4,320,63,2141
102,백령도,2019-11-09 17:00,13.2,,1.7,290,67,2221
102,백령도,2019-11-09 18:00,11.2,,1,270,75,2160
102,백령도,2019-11-09 19:00,11.5,,1.5,250,77,2018
102,백령도,2019-11-09 20:00,10.9,,1.7,270,81,1897
102,백령도,2019-11-09 21:00,11.6,,1.5,230,82,1347
102,백령도,2019-11-09 22:00,10.5,,1.2,230,83,1314
102,백령도,2019-11-09 23:00,11.2,,1.8,230,79,1674
102,백령도,2019-11-10 00:00,10.9,,1.4,200,78,1633
102,백령도,2019-11-10 01:00,10.8,,1.5,200,82,1083
102,백령도,2019-11-10 02:00,11.7,,1.1,200,81,1047
102,백령도,2019-11-10 03:00,11.8,,1,200,79,946
102,백령도,2019-11-10 04:00,12.1,,1.6,200,76,1194
102,백령도,2019-11-10 05:00,12.2,,1.1,200,77,1051
102,백령도,2019-11-10 06:00,12.7,,2.4,160,76,1165
102,백령도,2019-11-10 07:00,13.2,,4.7,180,72,1473
102,백령도,2019-11-10 08:00,13.3,,3.3,200,73,1856
102,백령도,2019-11-10 09:00,14,,5.1,180,71,2159
102,백령도,2019-11-10 10:00,14.3,,7.2,180,65,2979
102,백령도,2019-11-10 11:00,14.7,,7.3,180,71,2773
102,백령도,2019-11-10 12:00,15.4,,10.1,180,65,3077
102,백령도,2019-11-10 13:00,15.3,,10.2,180,68,2454
102,백령도,2019-11-10 14:00,13.9,,6.8,160,82,1178
102,백령도,2019-11-10 15:00,13.2,13.7,6.2,230,90,1042
102,백령도,2019-11-10 16:00,10.5,,8.3,270,90,1713
102,백령도,2019-11-10 17:00,9.7,,1.8,230,93,2372
102,백령도,2019-11-10 18:00,9.9,4.6,1.7,200,93,2425
102,백령도,2019-11-10 19:00,10.3,,2.9,180,94,1418
102,백령도,2019-11-10 20:00,9.9,,5.5,250,95,859
102,백령도,2019-11-10 21:00,10.1,6.4,5.9,270,94,740
102,백령도,2019-11-10 22:00,10.6,,4.2,230,96,372
102,백령도,2019-11-10 23:00,12.1,,8.5,290,93,1796
102,백령도,2019-11-11 00:00,12.5,12.8,8.3,290,90,2568
102,백령도,2019-11-11 01:00,12.8,,8.9,290,84,2640
102,백령도,2019-11-11 02:00,13,,9.3,290,82,2296
102,백령도,2019-11-11 03:00,13,,8.6,290,85,2537
102,백령도,2019-11-11 04:00,12.9,,10.9,320,81,3288
102,백령도,2019-11-11 05:00,13,,10.4,320,78,2971
102,백령도,2019-11-11 06:00,13.1,,10.1,320,79,3084
102,백령도,2019-11-11 07:00,13.1,,9.1,320,80,2594
102,백령도,2019-11-11 08:00,13.1,,10.3,340,73,2938
102,백령도,2019-11-11 09:00,13.2,,9,340,71,3052
102,백령도,2019-11-11 10:00,13.3,,6.1,320,74,3473
102,백령도,2019-11-11 11:00,13.7,,7.6,340,68,3125
102,백령도,2019-11-11 12:00,14.2,,5.7,320,62,2874
102,백령도,2019-11-11 13:00,13.6,,7.3,320,61,2538
102,백령도,2019-11-11 14:00,13.7,,8,320,59,2979
102,백령도,2019-11-11 15:00,13.7,,6.7,340,55,3589
102,백령도,2019-11-11 16:00,13,,6.9,320,56,3962
102,백령도,2019-11-11 17:00,12.5,,6.9,320,58,3843
102,백령도,2019-11-11 18:00,12.2,,4.8,320,60,3905
102,백령도,2019-11-11 19:00,12.8,,5.7,320,57,4102
102,백령도,2019-11-11 20:00,13.1,,6.5,320,52,4357
102,백령도,2019-11-11 21:00,13.3,,6.3,340,49,4317
102,백령도,2019-11-11 22:00,13.5,,6.8,340,51,4192
102,백령도,2019-11-11 23:00,13.3,,4.2,340,49,4370
102,백령도,2019-11-12 00:00,13.2,,4.7,340,49,4525
102,백령도,2019-11-12 01:00,13.1,,4.2,340,49,4840
102,백령도,2019-11-12 02:00,12.7,,3.7,340,53,4277
102,백령도,2019-11-12 03:00,12.5,,3,340,54,4227
102,백령도,2019-11-12 04:00,11.7,,1.8,50,62,4282
102,백령도,2019-11-12 05:00,11.7,,1.5,20,58,4389
102,백령도,2019-11-12 06:00,11.2,,.4,0,50,4359
102,백령도,2019-11-12 07:00,11.2,,.7,20,47,4552
102,백령도,2019-11-12 08:00,12,,.4,0,42,4761
102,백령도,2019-11-12 09:00,12.5,,1.4,70,47,4525
102,백령도,2019-11-12 10:00,13.4,,.1,0,56,4192
102,백령도,2019-11-12 11:00,13.7,,1.9,110,53,3949
102,백령도,2019-11-12 12:00,14,,1.9,160,49,4386
102,백령도,2019-11-12 13:00,14.4,,1.8,160,40,4880
102,백령도,2019-11-12 14:00,13.9,,1.7,180,47,4755
102,백령도,2019-11-12 15:00,14.7,,2,200,41,4947
102,백령도,2019-11-12 16:00,13.9,,1.1,140,54,4518
102,백령도,2019-11-12 17:00,13.5,,1.7,160,55,3095
102,백령도,2019-11-12 18:00,12.7,,3.3,160,63,4369
102,백령도,2019-11-12 19:00,12.8,,3.4,160,68,4891
102,백령도,2019-11-12 20:00,12.8,,3.1,160,68,4934
102,백령도,2019-11-12 21:00,12.2,,1.9,160,72,4996
102,백령도,2019-11-12 22:00,12.4,,1.6,180,72,4998
102,백령도,2019-11-12 23:00,12.5,,1.6,160,74,5000
102,백령도,2019-11-13 00:00,12.7,,1.6,180,74,4214
102,백령도,2019-11-13 01:00,12.7,,2.5,160,76,4961
102,백령도,2019-11-13 02:00,13.8,,4.9,160,72,5000
102,백령도,2019-11-13 03:00,13.7,,4.9,160,74,4996
102,백령도,2019-11-13 04:00,13.5,,3.8,180,75,4993
102,백령도,2019-11-13 05:00,13.7,,4,180,76,4969
102,백령도,2019-11-13 06:00,14.1,,3.6,180,83,3886
102,백령도,2019-11-13 07:00,14.5,,5.3,200,84,4216
102,백령도,2019-11-13 08:00,14.9,,5.1,200,87,3951
102,백령도,2019-11-13 09:00,15.2,,5.9,200,91,2682
102,백령도,2019-11-13 10:00,12.6,,7.3,250,94,556
102,백령도,2019-11-13 11:00,13.8,,6.9,250,92,844
102,백령도,2019-11-13 12:00,12.5,5.1,7.9,290,91,334
102,백령도,2019-11-13 13:00,10.3,,14.6,340,94,1440
102,백령도,2019-11-13 14:00,8.3,,12.4,360,93,852
102,백령도,2019-11-13 15:00,8.4,4.1,14.2,340,80,4353
102,백령도,2019-11-13 16:00,8.3,,12.6,360,66,4383
102,백령도,2019-11-13 17:00,8,,12.6,340,68,4391
102,백령도,2019-11-13 18:00,7.7,,12.6,340,62,3875
102,백령도,2019-11-13 19:00,7.4,,11.8,340,60,3473
102,백령도,2019-11-13 20:00,7.1,,13.3,340,62,3315
102,백령도,2019-11-13 21:00,5.9,,12.6,340,50,4364
102,백령도,2019-11-13 22:00,5.2,,13,340,50,4073
102,백령도,2019-11-13 23:00,4.2,,14.8,340,45,4034
102,백령도,2019-11-14 00:00,4,,11.9,340,44,4535
102,백령도,2019-11-14 01:00,3.4,,12.2,340,42,4518
102,백령도,2019-11-14 02:00,3,,12.7,340,42,4666
102,백령도,2019-11-14 03:00,2.7,,8,340,46,4883
102,백령도,2019-11-14 04:00,2.6,,7.3,340,46,4737
102,백령도,2019-11-14 05:00,2.6,,6.5,340,49,4920
102,백령도,2019-11-14 06:00,2.8,,5.8,340,49,4813
102,백령도,2019-11-14 07:00,2.8,,6,340,49,4978
102,백령도,2019-11-14 08:00,2.9,,4,340,46,4938
102,백령도,2019-11-14 09:00,3.5,,3.5,340,40,4921
102,백령도,2019-11-14 10:00,4.5,,4.5,290,44,4850
102,백령도,2019-11-14 11:00,4.5,,4.8,320,36,4892
102,백령도,2019-11-14 12:00,5.4,,2.8,320,39,4785
102,백령도,2019-11-14 13:00,5.6,,2.5,340,39,4922
102,백령도,2019-11-14 14:00,5.1,,2.2,140,39,4939
102,백령도,2019-11-14 15:00,5.7,,3.6,160,52,3752
102,백령도,2019-11-14 16:00,5.5,,4.2,160,59,4572
102,백령도,2019-11-14 17:00,5.2,,6.9,160,63,4456
102,백령도,2019-11-14 18:00,5.5,,4.9,180,65,4786
102,백령도,2019-11-14 19:00,6.3,,7,180,63,4741
102,백령도,2019-11-14 20:00,7.2,,5,180,64,3915
102,백령도,2019-11-14 21:00,8.1,,6.8,200,62,4066
102,백령도,2019-11-14 22:00,9.4,,6.7,200,63,3677
102,백령도,2019-11-14 23:00,10.3,,7.2,200,66,3868
102,백령도,2019-11-15 00:00,11.2,0,7.6,200,70,3318
102,백령도,2019-11-15 01:00,12.1,,9,200,71,3256
102,백령도,2019-11-15 02:00,12.5,,6.7,230,78,1783
102,백령도,2019-11-15 03:00,13.3,.6,8.8,250,76,2695
102,백령도,2019-11-15 04:00,13.6,,7.1,250,77,2026
102,백령도,2019-11-15 05:00,13.8,,6.4,250,80,1918
102,백령도,2019-11-15 06:00,13.9,0,6.9,270,76,1860
102,백령도,2019-11-15 07:00,13.4,,4.3,270,80,1884
102,백령도,2019-11-15 08:00,12.2,,7.3,360,87,1251
102,백령도,2019-11-15 09:00,9.7,,6.3,360,92,1068
102,백령도,2019-11-15 10:00,9.8,,6.5,360,87,1253
102,백령도,2019-11-15 11:00,10.4,,4.5,360,71,1633
102,백령도,2019-11-15 12:00,10.3,,4.4,360,68,1940
102,백령도,2019-11-15 13:00,10.7,,3.2,50,42,2972
102,백령도,2019-11-15 14:00,11.5,,2.3,20,43,3565
102,백령도,2019-11-15 15:00,11,,2.6,20,36,4376
102,백령도,2019-11-15 16:00,10.7,,2.3,50,38,4558
102,백령도,2019-11-15 17:00,10.5,,4.8,70,27,4940
102,백령도,2019-11-15 18:00,9.8,,3.6,70,37,4638
102,백령도,2019-11-15 19:00,9.3,,2.7,70,50,4549
102,백령도,2019-11-15 20:00,8.7,,2.4,50,50,4517
102,백령도,2019-11-15 21:00,8.6,,2.6,50,40,4808
102,백령도,2019-11-15 22:00,8.1,,2.7,50,41,4930
102,백령도,2019-11-15 23:00,8,,2.4,50,35,4962
102,백령도,2019-11-16 00:00,7.4,,1.8,70,43,4870
102,백령도,2019-11-16 01:00,7.7,,1.5,50,47,4800
102,백령도,2019-11-16 02:00,7.6,,1.3,70,56,4131
102,백령도,2019-11-16 03:00,7.3,,.8,110,55,3567
102,백령도,2019-11-16 04:00,7.5,,2.1,50,51,3753
102,백령도,2019-11-16 05:00,6.8,,1.7,70,65,3061
102,백령도,2019-11-16 06:00,7.2,,2.1,50,46,4292
102,백령도,2019-11-16 07:00,6.9,,3,70,44,3634
102,백령도,2019-11-16 08:00,7.1,,2.6,70,46,3783
102,백령도,2019-11-16 09:00,8.6,,2.5,70,47,3748
102,백령도,2019-11-16 10:00,9,,4.3,70,34,4193
102,백령도,2019-11-16 11:00,9.8,,3.8,70,30,4294
102,백령도,2019-11-16 12:00,11,,2.8,50,25,4397
102,백령도,2019-11-16 13:00,11.7,,2.2,50,25,4176
102,백령도,2019-11-16 14:00,12,,3.2,50,32,3670
102,백령도,2019-11-16 15:00,12.3,,3.6,70,26,3628
102,백령도,2019-11-16 16:00,12.1,,3.2,70,30,3949
102,백령도,2019-11-16 17:00,11.2,,3.4,50,35,3729
102,백령도,2019-11-16 18:00,10.2,,3.3,50,42,3544
102,백령도,2019-11-16 19:00,9.8,,2,50,50,3575
102,백령도,2019-11-16 20:00,9.6,,2.8,50,52,3459
102,백령도,2019-11-16 21:00,9.3,,2.6,50,50,3281
102,백령도,2019-11-16 22:00,9,,2.6,70,51,3246
102,백령도,2019-11-16 23:00,9.2,,1.9,90,54,3407
102,백령도,2019-11-17 00:00,9.8,,3.2,90,56,3254
102,백령도,2019-11-17 01:00,9.5,,2.6,90,54,3106
102,백령도,2019-11-17 02:00,9.5,,2.9,70,59,3281
102,백령도,2019-11-17 03:00,9.9,,3.1,70,59,3261
102,백령도,2019-11-17 04:00,10.4,,4.5,90,53,3323
102,백령도,2019-11-17 05:00,10.6,,4,90,53,3379
102,백령도,2019-11-17 06:00,11.1,,5,90,45,3298
102,백령도,2019-11-17 07:00,10.8,,5.3,90,57,2753
102,백령도,2019-11-17 08:00,10.7,,4.6,90,61,2638
102,백령도,2019-11-17 09:00,9.3,.6,3.8,110,75,1010
102,백령도,2019-11-17 10:00,8.5,,4.6,110,86,272
102,백령도,2019-11-17 11:00,9.4,,6.3,90,94,562
102,백령도,2019-11-17 12:00,9.8,17.1,5.8,110,96,401
102,백령도,2019-11-17 13:00,10.1,,6.5,110,98,412
102,백령도,2019-11-17 14:00,10.7,,5.8,110,99,643
102,백령도,2019-11-17 15:00,10.2,11.4,8.6,110,97,680
102,백령도,2019-11-17 16:00,10.1,,7.4,110,97,1535
102,백령도,2019-11-17 17:00,9.9,,7.7,110,90,2911
102,백령도,2019-11-17 18:00,9.6,1,6.9,110,93,2846
102,백령도,2019-11-17 19:00,9.9,,5,110,95,2559
102,백령도,2019-11-17 20:00,10.1,,4.9,110,95,2337
102,백령도,2019-11-17 21:00,10.4,0,5.3,140,96,2254
102,백령도,2019-11-17 22:00,10.6,,1.5,290,97,1186
102,백령도,2019-11-17 23:00,10.8,,3.1,320,98,1903
102,백령도,2019-11-18 00:00,11.2,2,5.2,290,98,723
102,백령도,2019-11-18 01:00,10.2,,11.6,320,89,4501
102,백령도,2019-11-18 02:00,10.5,,12.3,320,80,4010
102,백령도,2019-11-18 03:00,7.7,1.5,15.7,340,87,3218
102,백령도,2019-11-18 04:00,6.3,,14.1,340,74,1857
102,백령도,2019-11-18 05:00,5.8,,14.3,340,68,1676
102,백령도,2019-11-18 06:00,5.7,,10.6,340,62,1664
102,백령도,2019-11-18 07:00,5.3,,12.2,340,63,1634
102,백령도,2019-11-18 08:00,4.5,,10,320,50,1737
102,백령도,2019-11-18 09:00,4.2,,9.9,340,51,1593
102,백령도,2019-11-18 10:00,3.8,,10,340,59,1547
102,백령도,2019-11-18 11:00,3.1,,9.1,340,63,1527
102,백령도,2019-11-18 12:00,3.1,,8,340,62,1682
102,백령도,2019-11-18 13:00,2.3,,10,340,63,2649
102,백령도,2019-11-18 14:00,2.6,,7.2,320,57,3188
102,백령도,2019-11-18 15:00,2.6,0,7.3,320,63,2857
102,백령도,2019-11-18 16:00,2.9,,7.6,320,55,3672
102,백령도,2019-11-18 17:00,3.4,,6.8,290,61,3361
102,백령도,2019-11-18 18:00,3,0,7.5,290,69,1735
102,백령도,2019-11-18 19:00,3.5,,8.6,320,76,4176
102,백령도,2019-11-18 20:00,5,,9.4,320,50,4389
102,백령도,2019-11-18 21:00,4.6,0,8.8,290,66,3348
102,백령도,2019-11-18 22:00,4.5,,9.8,320,55,4172
102,백령도,2019-11-18 23:00,3.7,,8.9,320,61,3417
102,백령도,2019-11-19 00:00,3.8,0,8.3,320,58,3614
102,백령도,2019-11-19 01:00,3.6,,8.8,320,59,3967
102,백령도,2019-11-19 02:00,1.6,,9.8,340,73,1976
102,백령도,2019-11-19 03:00,3.3,0,7.2,320,41,4386
102,백령도,2019-11-19 04:00,3.7,,7.8,320,50,4350
102,백령도,2019-11-19 05:00,3.7,,8.2,290,43,4348
102,백령도,2019-11-19 06:00,3.8,0,7.9,320,44,3948
102,백령도,2019-11-19 07:00,4.1,,9.3,320,43,3901
102,백령도,2019-11-19 08:00,4.1,,8.2,320,41,3639
102,백령도,2019-11-19 09:00,4.4,,9.1,320,41,3656
102,백령도,2019-11-19 10:00,4.7,,9.9,320,42,3828
102,백령도,2019-11-19 11:00,5.1,,8.3,320,43,3954
102,백령도,2019-11-19 12:00,5.2,,8.9,320,40,3876
102,백령도,2019-11-19 13:00,4.9,,8.4,320,41,4060
102,백령도,2019-11-19 14:00,4.9,,9.5,320,44,4239
102,백령도,2019-11-19 15:00,4.5,,8.9,320,43,4133
102,백령도,2019-11-19 16:00,3.9,,7.1,320,44,4462
102,백령도,2019-11-19 17:00,3.4,,6.4,340,47,4266
102,백령도,2019-11-19 18:00,3.2,,5.7,320,50,4346
102,백령도,2019-11-19 19:00,3.7,,5,320,52,4349
102,백령도,2019-11-19 20:00,4.1,,4.9,320,47,4813
102,백령도,2019-11-19 21:00,4.5,,6.5,320,49,4724
102,백령도,2019-11-19 22:00,4.7,,5.8,320,47,4843
102,백령도,2019-11-19 23:00,4.7,,5.9,340,47,4773
102,백령도,2019-11-20 00:00,4.8,,5.9,340,54,4492
102,백령도,2019-11-20 01:00,4.2,,5.5,340,53,4528
102,백령도,2019-11-20 02:00,3.7,,5.8,340,55,4082
102,백령도,2019-11-20 03:00,2.9,,5.7,360,49,4289
102,백령도,2019-11-20 04:00,2.1,,2.7,50,61,3871
102,백령도,2019-11-20 05:00,1.7,,3.4,50,60,4135
102,백령도,2019-11-20 06:00,1.6,,2.3,50,58,4038
102,백령도,2019-11-20 07:00,1.7,,2.9,50,54,4384
102,백령도,2019-11-20 08:00,2,,1.8,20,53,4611
102,백령도,2019-11-20 09:00,3.1,,1.7,70,54,4589
102,백령도,2019-11-20 10:00,3.8,,1.3,250,51,4626
102,백령도,2019-11-20 11:00,4.5,,.8,340,46,4316
102,백령도,2019-11-20 12:00,5.6,,1.9,70,52,4286
102,백령도,2019-11-20 13:00,5.2,,2.3,50,52,4327
102,백령도,2019-11-20 14:00,5.7,,2.1,340,50,4409
102,백령도,2019-11-20 15:00,6.3,,1.3,140,54,4411
102,백령도,2019-11-20 16:00,6,,1.6,180,52,4396
102,백령도,2019-11-20 17:00,5.3,,1.2,180,56,4303
102,백령도,2019-11-20 18:00,4.8,,.2,0,59,4198
102,백령도,2019-11-20 19:00,4,,1.2,200,65,4215
102,백령도,2019-11-20 20:00,3.9,,1.2,200,65,4460
102,백령도,2019-11-20 21:00,4.6,,.1,0,63,4595
102,백령도,2019-11-20 22:00,4.1,,1,180,65,4070
102,백령도,2019-11-20 23:00,5,,1.4,160,59,4641
102,백령도,2019-11-21 00:00,4.9,,1.4,160,57,4285
102,백령도,2019-11-21 01:00,4.6,,1.2,140,57,4579
102,백령도,2019-11-21 02:00,4.9,,2.3,140,60,4132
102,백령도,2019-11-21 03:00,4.9,,2.9,140,60,3997
102,백령도,2019-11-21 04:00,4.9,,3.4,140,63,4192
102,백령도,2019-11-21 05:00,4.9,,3,140,60,4074
102,백령도,2019-11-21 06:00,5.4,,3.1,140,56,4364
102,백령도,2019-11-21 07:00,6.1,,4.1,140,53,4442
102,백령도,2019-11-21 08:00,6.4,,4.1,140,56,3882
102,백령도,2019-11-21 09:00,7.5,,4.8,140,56,4088
102,백령도,2019-11-21 10:00,7.8,,4.5,140,56,3800
102,백령도,2019-11-21 11:00,8.1,,4.8,140,65,3771
102,백령도,2019-11-21 12:00,8.1,,4.9,140,69,3170
102,백령도,2019-11-21 13:00,8.3,,5,140,67,2951
102,백령도,2019-11-21 14:00,8.4,,5.5,140,68,2680
102,백령도,2019-11-21 15:00,8.5,,5.1,140,69,2736
102,백령도,2019-11-21 16:00,8.2,,4,110,72,2602
102,백령도,2019-11-21 17:00,7.4,,3.2,140,72,2592
102,백령도,2019-11-21 18:00,7.5,,5.2,140,68,2950
102,백령도,2019-11-21 19:00,8.2,,5.8,140,63,2897
102,백령도,2019-11-21 20:00,8.3,,6.6,110,67,2225
102,백령도,2019-11-21 21:00,8.3,,6,110,67,2228
102,백령도,2019-11-21 22:00,8,,3.5,110,66,2297
102,백령도,2019-11-21 23:00,8.1,,2.7,140,69,1991
102,백령도,2019-11-22 00:00,8,,2.8,90,69,1932
102,백령도,2019-11-22 01:00,8.2,,2.9,90,70,1896
102,백령도,2019-11-22 02:00,8.5,,3.7,90,69,1943
102,백령도,2019-11-22 03:00,8.4,,3.6,90,71,1892
102,백령도,2019-11-22 04:00,8.1,,3.6,90,70,1879
102,백령도,2019-11-22 05:00,8.1,,5.2,90,70,1817
102,백령도,2019-11-22 06:00,8.3,,4.3,90,66,1792
102,백령도,2019-11-22 07:00,8,,4.7,110,68,1722
102,백령도,2019-11-22 08:00,8.6,,4.9,110,58,2073
102,백령도,2019-11-22 09:00,10,,4.2,110,56,2304
102,백령도,2019-11-22 10:00,10.5,,5.5,110,51,2182
102,백령도,2019-11-22 11:00,11.3,,5.8,110,56,1973
102,백령도,2019-11-22 12:00,11.8,,6.4,140,57,2183
102,백령도,2019-11-22 13:00,12.5,,5.4,140,55,2179
102,백령도,2019-11-22 14:00,12.9,,5,140,54,2080
102,백령도,2019-11-22 15:00,13.7,,3.9,140,54,2213
102,백령도,2019-11-22 16:00,12.7,,4.3,140,53,2474
102,백령도,2019-11-22 17:00,11.8,,4,160,66,2199
102,백령도,2019-11-22 18:00,11.5,,3.6,140,64,2426
102,백령도,2019-11-22 19:00,11.3,,2.9,140,68,2188
102,백령도,2019-11-22 20:00,11,,2.3,140,76,1781
102,백령도,2019-11-22 21:00,11,,3.5,110,79,1864
102,백령도,2019-11-22 22:00,10.5,,2.7,110,78,1428
102,백령도,2019-11-22 23:00,10.3,,2.1,110,75,1565
102,백령도,2019-11-23 00:00,10.6,,2,110,75,1614
102,백령도,2019-11-23 01:00,10.7,,2.6,110,70,1864
102,백령도,2019-11-23 02:00,10.4,,2.5,110,70,1876
102,백령도,2019-11-23 03:00,10.1,,2.4,110,72,1728
102,백령도,2019-11-23 04:00,10.4,,2.4,110,73,1646
102,백령도,2019-11-23 05:00,10.6,,3.3,110,66,1956
102,백령도,2019-11-23 06:00,10.6,,3.6,110,60,2272
102,백령도,2019-11-23 07:00,10.7,,4,110,70,2143
102,백령도,2019-11-23 08:00,10.7,,4.2,140,77,1774
102,백령도,2019-11-23 09:00,11.3,,5.6,110,79,1994
102,백령도,2019-11-23 10:00,11.6,,4.7,140,80,1773
102,백령도,2019-11-23 11:00,11.6,,5.3,140,84,1600
102,백령도,2019-11-23 12:00,11.8,,2.9,140,86,1520
102,백령도,2019-11-23 13:00,12,,3.5,140,90,1312
102,백령도,2019-11-23 14:00,12.8,,6.2,140,87,1641
102,백령도,2019-11-23 15:00,12.4,0,5.7,140,90,1508
102,백령도,2019-11-23 16:00,12.9,,6.7,140,91,1677
102,백령도,2019-11-23 17:00,13,,5.5,140,91,1885
102,백령도,2019-11-23 18:00,13.3,0,5.5,140,90,2196
102,백령도,2019-11-23 19:00,13.4,,4.7,140,90,2379
102,백령도,2019-11-23 20:00,13.2,,4.3,140,92,1797
102,백령도,2019-11-23 21:00,13.3,,4.6,140,92,1894
102,백령도,2019-11-23 22:00,13.4,,4.4,160,91,2540
102,백령도,2019-11-23 23:00,13.5,,4.1,140,91,2918
102,백령도,2019-11-24 00:00,13.6,,3.1,140,91,2552
102,백령도,2019-11-24 01:00,13.2,,2.3,140,94,1880
102,백령도,2019-11-24 02:00,13.6,,3.2,140,91,2894
102,백령도,2019-11-24 03:00,13.2,,3.3,140,94,1829
102,백령도,2019-11-24 04:00,13.2,,2.7,180,94,1698
102,백령도,2019-11-24 05:00,13.2,,3.6,160,94,1944
102,백령도,2019-11-24 06:00,13.2,,3.8,160,95,1573
102,백령도,2019-11-24 07:00,13.3,,3.8,160,95,1286
102,백령도,2019-11-24 08:00,13.1,,2.1,180,99,336
102,백령도,2019-11-24 09:00,12.2,1.5,8.4,360,99,2105
102,백령도,2019-11-24 10:00,11.8,,5.7,360,99,4415
102,백령도,2019-11-24 11:00,11,,9.9,340,95,2712
102,백령도,2019-11-24 12:00,9.9,.3,11.2,340,93,1572
102,백령도,2019-11-24 13:00,9.3,,14.8,340,90,1985
102,백령도,2019-11-24 14:00,9,,13.3,340,85,1802
102,백령도,2019-11-24 15:00,9.2,0,13.7,340,77,3032
102,백령도,2019-11-24 16:00,7.9,,12.8,340,76,2859
102,백령도,2019-11-24 17:00,7.4,,12.4,340,78,3043
102,백령도,2019-11-24 18:00,6,0,13.7,340,73,3344
102,백령도,2019-11-24 19:00,5.5,,16.2,340,72,3262
102,백령도,2019-11-24 20:00,4.7,,17.7,340,65,2762
102,백령도,2019-11-24 21:00,4.3,0,18.2,340,63,2674
102,백령도,2019-11-24 22:00,3.8,,19.2,340,66,2553
102,백령도,2019-11-24 23:00,3.2,,15.6,340,62,2531
102,백령도,2019-11-25 00:00,2.3,0,15,340,69,2678
102,백령도,2019-11-25 01:00,1.8,,13.8,360,68,2642
102,백령도,2019-11-25 02:00,1.6,,13.6,360,71,2674
102,백령도,2019-11-25 03:00,1.1,,13.5,340,68,3148
102,백령도,2019-11-25 04:00,.9,,12.6,360,67,3654
102,백령도,2019-11-25 05:00,.7,,12.3,360,66,4146
102,백령도,2019-11-25 06:00,1,,12.8,340,71,4184
102,백령도,2019-11-25 07:00,.7,,12.7,360,64,4497
102,백령도,2019-11-25 08:00,.8,,12.3,360,64,4439
102,백령도,2019-11-25 09:00,1.2,,12.6,340,64,3738
102,백령도,2019-11-25 10:00,1.4,,11.9,360,62,3659
102,백령도,2019-11-25 11:00,1.8,,9.3,360,61,3652
102,백령도,2019-11-25 12:00,2.2,,6,360,61,3544
102,백령도,2019-11-25 13:00,2.2,,8.6,360,60,3567
102,백령도,2019-11-25 14:00,2.5,,5.7,360,58,4022
102,백령도,2019-11-25 15:00,2.9,,7.3,360,59,4213
102,백령도,2019-11-25 16:00,3.1,,9.3,340,59,4129
102,백령도,2019-11-25 17:00,3,,8.6,360,64,4468
102,백령도,2019-11-25 18:00,2.9,,8.3,360,65,4421
102,백령도,2019-11-25 19:00,3.2,,6.3,360,67,4255
102,백령도,2019-11-25 20:00,2.6,,2.7,20,71,4178
102,백령도,2019-11-25 21:00,2.7,,2.9,360,72,4173
102,백령도,2019-11-25 22:00,2.6,,2.1,20,73,4134
102,백령도,2019-11-25 23:00,2.9,,3.2,360,72,4083
102,백령도,2019-11-26 00:00,3.1,,5.1,340,73,4125
102,백령도,2019-11-26 01:00,2.6,,2.4,50,72,4315
102,백령도,2019-11-26 02:00,3.2,,1,20,69,4206
102,백령도,2019-11-26 03:00,2.8,,2.8,50,66,4467
102,백령도,2019-11-26 04:00,2.8,,2,50,65,4398
102,백령도,2019-11-26 05:00,2.7,,0,0,64,4598
102,백령도,2019-11-26 06:00,2.2,,1.7,270,64,4469
102,백령도,2019-11-26 07:00,3.4,,3,340,63,4509
102,백령도,2019-11-26 08:00,3.9,,3,340,75,3824
102,백령도,2019-11-26 09:00,5.3,,1.9,340,72,3968
102,백령도,2019-11-26 10:00,6.2,,1.8,340,68,3776
102,백령도,2019-11-26 11:00,6.5,,3.5,320,69,3651
102,백령도,2019-11-26 12:00,7.1,,4.2,340,65,3663
102,백령도,2019-11-26 13:00,7.3,,4.3,340,65,3519
102,백령도,2019-11-26 14:00,7.6,,5.4,340,63,3757
102,백령도,2019-11-26 15:00,7.4,,5.3,340,58,4535
102,백령도,2019-11-26 16:00,6.9,,6,340,59,4306
102,백령도,2019-11-26 17:00,6.2,,4.4,340,61,4504
102,백령도,2019-11-26 18:00,6,,5.6,360,62,4315
102,백령도,2019-11-26 19:00,6.4,,3.9,340,63,4313
102,백령도,2019-11-26 20:00,5.7,,2.3,50,75,2654
102,백령도,2019-11-26 21:00,5.7,,2.1,70,76,2701
102,백령도,2019-11-26 22:00,5.6,,1.6,160,78,2570
102,백령도,2019-11-26 23:00,7.5,,4.1,320,61,3512
102,백령도,2019-11-27 00:00,6.6,,3.2,70,74,3021
102,백령도,2019-11-27 01:00,6.5,,3.3,70,74,2996
102,백령도,2019-11-27 02:00,6,,3.3,50,71,3659
102,백령도,2019-11-27 03:00,6.1,,2,50,71,3866
102,백령도,2019-11-27 04:00,5.5,,3.2,20,71,3184
102,백령도,2019-11-27 05:00,5.5,,1.9,20,72,2489
102,백령도,2019-11-27 06:00,5.7,,8,360,62,2182
102,백령도,2019-11-27 07:00,5.3,,6.9,340,57,2403
102,백령도,2019-11-27 08:00,5.1,,8.1,340,53,2778
102,백령도,2019-11-27 09:00,5,,8.9,340,54,3198
102,백령도,2019-11-27 10:00,4.3,,9.5,340,51,3476
102,백령도,2019-11-27 11:00,4,,10.9,340,51,3532
102,백령도,2019-11-27 12:00,3.5,,11.3,340,55,3564
102,백령도,2019-11-27 13:00,3.8,,10.6,340,57,3842
102,백령도,2019-11-27 14:00,3,,10.9,360,57,3692
102,백령도,2019-11-27 15:00,3,,9.8,340,57,3570
102,백령도,2019-11-27 16:00,2.9,,10.5,360,57,3486
102,백령도,2019-11-27 17:00,2.9,,10,360,55,3753
102,백령도,2019-11-27 18:00,3,,11,360,56,3905
102,백령도,2019-11-27 19:00,3.2,,7.9,360,57,3900
102,백령도,2019-11-27 20:00,3.2,,8.2,360,56,3779
102,백령도,2019-11-27 21:00,3.1,,7.3,360,55,3828
102,백령도,2019-11-27 22:00,2.9,,7.2,360,56,3751
102,백령도,2019-11-27 23:00,2.7,,7,360,58,3868
102,백령도,2019-11-28 00:00,2.2,,6.5,360,58,3787
102,백령도,2019-11-28 01:00,2,,8.8,360,60,3688
102,백령도,2019-11-28 02:00,1.7,,9,360,60,3913
102,백령도,2019-11-28 03:00,1.5,,8.2,360,62,3616
102,백령도,2019-11-28 04:00,1.3,,7,360,64,3731
102,백령도,2019-11-28 05:00,1,,7.4,360,66,4063
102,백령도,2019-11-28 06:00,.8,,6.5,360,70,3977
102,백령도,2019-11-28 07:00,.8,,6.8,360,71,3979
102,백령도,2019-11-28 08:00,1,,7.1,360,71,3955
102,백령도,2019-11-28 09:00,1.6,,6.6,360,71,3738
102,백령도,2019-11-28 10:00,1.9,,6.3,340,68,3837
102,백령도,2019-11-28 11:00,3,,6.4,340,66,3882
102,백령도,2019-11-28 12:00,3.7,,6.1,360,63,4061
102,백령도,2019-11-28 13:00,4,,6.6,340,60,4105
102,백령도,2019-11-28 14:00,4,,6.5,340,62,4105
102,백령도,2019-11-28 15:00,3.7,,8.3,340,62,3888
102,백령도,2019-11-28 16:00,3.5,,7.9,340,62,3845
102,백령도,2019-11-28 17:00,3.2,,7.6,340,69,3883
102,백령도,2019-11-28 18:00,3.4,,8.1,340,62,3766
102,백령도,2019-11-28 19:00,3.6,,6.7,340,59,4079
102,백령도,2019-11-28 20:00,4,,7.7,340,51,4208
102,백령도,2019-11-28 21:00,4.3,,7.7,340,54,4391
102,백령도,2019-11-28 22:00,4.4,,7.5,340,48,4293
102,백령도,2019-11-28 23:00,4.4,,8.2,340,48,4413
102,백령도,2019-11-29 00:00,4.4,,7.3,340,52,4130
102,백령도,2019-11-29 01:00,4.3,,7.8,340,50,4119
102,백령도,2019-11-29 02:00,4.1,,8,340,54,3850
102,백령도,2019-11-29 03:00,3.9,,7.4,340,52,3674
102,백령도,2019-11-29 04:00,3.9,,6.9,340,56,4054
102,백령도,2019-11-29 05:00,3.7,,6.1,340,56,4087
102,백령도,2019-11-29 06:00,3.5,,6.8,340,54,4182
102,백령도,2019-11-29 07:00,3.3,,4.1,360,59,4395
102,백령도,2019-11-29 08:00,2.9,,2.3,360,68,3724
102,백령도,2019-11-29 09:00,3.2,,2.7,360,68,3565
102,백령도,2019-11-29 10:00,4,,4.5,360,62,3697
102,백령도,2019-11-29 11:00,4.3,,4.8,340,60,4026
102,백령도,2019-11-29 12:00,4.6,,5.4,360,59,3836
102,백령도,2019-11-29 13:00,5.3,,6.4,340,59,4096
102,백령도,2019-11-29 14:00,5.1,,5.2,360,59,3926
102,백령도,2019-11-29 15:00,4.9,,5.8,360,55,4369
102,백령도,2019-11-29 16:00,4.7,,4.6,340,55,4381
102,백령도,2019-11-29 17:00,3.8,,2.6,360,61,4480
102,백령도,2019-11-29 18:00,3.3,,4,360,63,4502
102,백령도,2019-11-29 19:00,3.3,,2.3,360,62,4545
102,백령도,2019-11-29 20:00,3.5,,2.4,360,65,4596
102,백령도,2019-11-29 21:00,3.3,,2,20,67,4235
102,백령도,2019-11-29 22:00,3.1,,1.4,50,64,4324
102,백령도,2019-11-29 23:00,3.4,,.7,70,60,4379
102,백령도,2019-11-30 00:00,2.9,,1.2,20,58,4433
102,백령도,2019-11-30 01:00,2.6,,.8,110,61,4415
102,백령도,2019-11-30 02:00,3.1,,1.3,70,58,4149
102,백령도,2019-11-30 03:00,2.6,,2.1,110,64,3523
102,백령도,2019-11-30 04:00,3,,1.1,140,58,3390
102,백령도,2019-11-30 05:00,3.1,,0,0,51,3608
102,백령도,2019-11-30 06:00,3.8,,1.1,140,47,3937
102,백령도,2019-11-30 07:00,3.7,,1.6,140,58,3431
102,백령도,2019-11-30 08:00,4.7,,0,0,55,3594
102,백령도,2019-11-30 09:00,5.7,,1,110,64,2727
102,백령도,2019-11-30 10:00,5.8,,2.7,110,64,2846
102,백령도,2019-11-30 11:00,6,,2.3,140,64,2690
102,백령도,2019-11-30 12:00,7.3,,2.3,140,59,2677
102,백령도,2019-11-30 13:00,6.9,,1.5,160,65,3010
102,백령도,2019-11-30 14:00,7.4,,1.1,140,66,3338
102,백령도,2019-11-30 15:00,7.6,,1.3,250,54,4300
102,백령도,2019-11-30 16:00,7.5,,2.2,230,55,4213
102,백령도,2019-11-30 17:00,7,,1.7,250,60,3625
102,백령도,2019-11-30 18:00,6.8,0,2.5,250,69,3858
102,백령도,2019-11-30 19:00,7,,3,250,75,2064
102,백령도,2019-11-30 20:00,6.6,,3.2,270,80,1875
102,백령도,2019-11-30 21:00,6.8,0,2.9,250,79,1938
102,백령도,2019-11-30 22:00,7.3,,3.4,250,77,1497
102,백령도,2019-11-30 23:00,7.1,,3.6,250,82,1044
102,백령도,2019-12-01 00:00,6.7,.5,2.5,250,91,524
102,백령도,2019-12-01 01:00,6.9,,2.8,320,93,840
102,백령도,2019-12-01 02:00,7.1,,4.2,290,86,926
102,백령도,2019-12-01 03:00,7.3,2.3,2.7,320,90,759
102,백령도,2019-12-01 04:00,7,,3,320,89,525
102,백령도,2019-12-01 05:00,7,,4.4,340,88,525
102,백령도,2019-12-01 06:00,6.6,1.5,4.1,360,87,560
102,백령도,2019-12-01 07:00,6.2,,1.9,50,88,671
102,백령도,2019-12-01 08:00,5.6,,2.3,50,92,511
102,백령도,2019-12-01 09:00,5.5,.2,2.5,50,90,618
102,백령도,2019-12-01 10:00,5.3,,2.6,50,90,644
102,백령도,2019-12-01 11:00,5,,3.3,50,90,683
102,백령도,2019-12-01 12:00,4.9,.1,2.1,20,91,756
102,백령도,2019-12-01 13:00,5.1,,3.5,360,85,1166
102,백령도,2019-12-01 14:00,4.7,,6,360,78,1565
102,백령도,2019-12-01 15:00,5.3,0,4.7,360,74,2128
102,백령도,2019-12-01 16:00,5.5,,5.6,340,61,2754
102,백령도,2019-12-01 17:00,5.4,,4.5,340,56,3264
102,백령도,2019-12-01 18:00,5.3,0,5.7,340,53,3634
102,백령도,2019-12-01 19:00,5,,3.4,340,55,4142
102,백령도,2019-12-01 20:00,4.8,,5.6,320,52,4359
102,백령도,2019-12-01 21:00,4.8,0,7.1,320,53,4549
102,백령도,2019-12-01 22:00,4.7,,8,320,44,4517
102,백령도,2019-12-01 23:00,5,,10.2,320,54,3483
102,백령도,2019-12-02 00:00,4.9,,10.3,320,54,3371
102,백령도,2019-12-02 01:00,4.5,,9.4,320,55,3415
102,백령도,2019-12-02 02:00,4,,10.2,320,54,3570
102,백령도,2019-12-02 03:00,3.6,,9.5,320,46,3914
102,백령도,2019-12-02 04:00,3.9,,8.1,340,47,3909
102,백령도,2019-12-02 05:00,2.7,,11.6,340,44,4393
102,백령도,2019-12-02 06:00,2.7,,9.1,340,46,3909
102,백령도,2019-12-02 07:00,2.5,,8.2,360,49,3793
102,백령도,2019-12-02 08:00,2.5,,7.8,340,49,3565
102,백령도,2019-12-02 09:00,1,0,10.4,340,79,561
102,백령도,2019-12-02 10:00,1.7,,9.5,340,61,3353
102,백령도,2019-12-02 11:00,1.4,,9.3,340,59,3283
102,백령도,2019-12-02 12:00,1.8,0,7.9,340,49,4195
102,백령도,2019-12-02 13:00,1.8,,7.4,320,44,4445
102,백령도,2019-12-02 14:00,1.9,,7.9,320,44,4534
102,백령도,2019-12-02 15:00,1.2,,9,320,46,4277
102,백령도,2019-12-02 16:00,1.5,,7.5,320,44,4765
102,백령도,2019-12-02 17:00,1.6,,6.9,290,60,4023
102,백령도,2019-12-02 18:00,1.8,0,6.3,290,70,3045
102,백령도,2019-12-02 19:00,3.1,,6.8,290,58,4459
102,백령도,2019-12-02 20:00,3.6,,8.7,320,50,4382
102,백령도,2019-12-02 21:00,3.7,0,7.6,320,50,4246
102,백령도,2019-12-02 22:00,2.7,,8,320,64,3567
102,백령도,2019-12-02 23:00,3.2,,6.5,340,51,4374
102,백령도,2019-12-03 00:00,3.1,0,5.1,320,48,4714
102,백령도,2019-12-03 01:00,3.8,,4.9,320,48,4110
102,백령도,2019-12-03 02:00,4.4,,6.8,290,47,4205
102,백령도,2019-12-03 03:00,4.2,,6.4,290,51,4021
102,백령도,2019-12-03 04:00,5.4,,6.4,290,41,4264
102,백령도,2019-12-03 05:00,5.7,,7,320,36,4678
102,백령도,2019-12-03 06:00,6.1,,7.3,290,38,4432
102,백령도,2019-12-03 07:00,6.2,,6.5,270,45,4399
102,백령도,2019-12-03 08:00,5.9,,6.4,290,57,3586
102,백령도,2019-12-03 09:00,6.1,0,6.2,320,58,3279
102,백령도,2019-12-03 10:00,6.3,,6.7,320,51,3207
102,백령도,2019-12-03 11:00,7.2,,7.7,320,44,3565
102,백령도,2019-12-03 12:00,7.4,0,6.8,320,43,3712
102,백령도,2019-12-03 13:00,7.9,,5.2,320,45,3675
102,백령도,2019-12-03 14:00,6.6,,6.6,320,48,3250
102,백령도,2019-12-03 15:00,4.9,0,5.4,320,72,1596
102,백령도,2019-12-03 16:00,5.8,,2.6,360,69,2767
102,백령도,2019-12-03 17:00,5.5,,1.8,140,67,2943
102,백령도,2019-12-03 18:00,5.2,0,2.4,110,75,2697
102,백령도,2019-12-03 19:00,6.8,,2.3,290,71,3117
102,백령도,2019-12-03 20:00,7.8,,7,290,49,3921
102,백령도,2019-12-03 21:00,5.9,0,5.4,50,81,2624
102,백령도,2019-12-03 22:00,4.9,,3.5,50,63,3532
102,백령도,2019-12-03 23:00,4.3,,1.5,20,62,3338
102,백령도,2019-12-04 00:00,3.9,0,3,20,52,3645
102,백령도,2019-12-04 01:00,3.4,,2,50,50,3535
102,백령도,2019-12-04 02:00,2.8,,1.3,50,60,3147
102,백령도,2019-12-04 03:00,2.7,,1.5,50,61,3249
102,백령도,2019-12-04 04:00,2.5,,1.4,70,62,3001
102,백령도,2019-12-04 05:00,2.6,,1.2,90,65,3005
102,백령도,2019-12-04 06:00,2.3,,2.4,70,74,2777
102,백령도,2019-12-04 07:00,2.2,,3.6,70,70,3029
102,백령도,2019-12-04 08:00,1.7,,3.8,70,58,3244
102,백령도,2019-12-04 09:00,3.2,,2.7,90,58,3342
102,백령도,2019-12-04 10:00,3.8,,3.5,90,55,3257
102,백령도,2019-12-04 11:00,3.9,,3.7,110,50,3353
102,백령도,2019-12-04 12:00,4.6,,2.7,110,49,3412
102,백령도,2019-12-04 13:00,4.8,,2,70,49,3483
102,백령도,2019-12-04 14:00,4.5,,2.4,70,49,3527
102,백령도,2019-12-04 15:00,5,,2.4,360,50,3552
102,백령도,2019-12-04 16:00,4.9,,1.4,360,53,3622
102,백령도,2019-12-04 17:00,4.1,,.6,340,59,3611
102,백령도,2019-12-04 18:00,3.2,,2.4,320,69,3627
102,백령도,2019-12-04 19:00,3.3,,3.9,360,66,3689
102,백령도,2019-12-04 20:00,2.9,,4.6,360,65,3704
102,백령도,2019-12-04 21:00,1.8,,3,50,70,3490
102,백령도,2019-12-04 22:00,1.2,,3,50,67,3474
102,백령도,2019-12-04 23:00,.8,,3.5,20,60,3537
102,백령도,2019-12-05 00:00,.2,,5.2,50,59,3630
102,백령도,2019-12-05 01:00,-.4,,4.6,50,56,4508
102,백령도,2019-12-05 02:00,-.8,,6,70,57,4649
102,백령도,2019-12-05 03:00,-.3,,4.2,360,56,4410
102,백령도,2019-12-05 04:00,-.9,,7.5,360,60,4846
102,백령도,2019-12-05 05:00,-1.3,,9.7,360,61,4899
102,백령도,2019-12-05 06:00,-2,,10.7,340,63,4807
102,백령도,2019-12-05 07:00,-2.3,,7.8,340,65,4701
102,백령도,2019-12-05 08:00,-3,,9.4,340,63,4711
102,백령도,2019-12-05 09:00,-3.1,,8.6,340,67,4584
102,백령도,2019-12-05 10:00,-2.9,,8.2,340,69,4844
102,백령도,2019-12-05 11:00,-2.8,,9.8,340,66,4879
102,백령도,2019-12-05 12:00,-3.4,0,10.6,340,65,4813
102,백령도,2019-12-05 13:00,-3.2,,7.4,320,57,4589
102,백령도,2019-12-05 14:00,-4,,10.3,340,73,1008
102,백령도,2019-12-05 15:00,-4.1,0,10.7,340,60,4876
102,백령도,2019-12-05 16:00,-4.2,,9.9,340,67,4478
102,백령도,2019-12-05 17:00,-3.9,,9.3,340,73,3101
102,백령도,2019-12-05 18:00,-3.8,0,9,340,69,4262
102,백령도,2019-12-05 19:00,-3.4,,8.6,360,65,4883
102,백령도,2019-12-05 20:00,-3.3,,9,340,66,4776
102,백령도,2019-12-05 21:00,-3,,6.1,360,64,4744
102,백령도,2019-12-05 22:00,-2.9,,7.8,340,59,4797
102,백령도,2019-12-05 23:00,-2.7,,6.8,340,58,4822
102,백령도,2019-12-06 00:00,-2.6,,6.7,360,63,4919
102,백령도,2019-12-06 01:00,-2.6,,8,340,62,4717
102,백령도,2019-12-06 02:00,-2.4,,6.9,340,64,4474
102,백령도,2019-12-06 03:00,-2.1,,6.5,340,65,4297
102,백령도,2019-12-06 04:00,-1.9,,6.1,360,64,4746
102,백령도,2019-12-06 05:00,-1.9,,6.9,340,65,4793
102,백령도,2019-12-06 06:00,-1.8,,7.1,340,67,4879
102,백령도,2019-12-06 07:00,-1.7,,7,340,69,4687
102,백령도,2019-12-06 08:00,-1.9,,6.8,340,67,4987
102,백령도,2019-12-06 09:00,-1.6,,7.1,340,63,4822
102,백령도,2019-12-06 10:00,-1.2,,6.5,360,61,4869
102,백령도,2019-12-06 11:00,-.3,,7,340,58,3963
102,백령도,2019-12-06 12:00,.3,,7.6,340,59,3939
102,백령도,2019-12-06 13:00,0,,7.3,340,61,3303
102,백령도,2019-12-06 14:00,.3,,5.7,340,61,3170
102,백령도,2019-12-06 15:00,.4,,4.5,320,61,3274
102,백령도,2019-12-06 16:00,.6,,2.2,320,60,3629
102,백령도,2019-12-06 17:00,.6,,2.8,270,60,3422
102,백령도,2019-12-06 18:00,.2,0,1.1,160,74,1355
102,백령도,2019-12-06 19:00,.4,,1.2,140,75,2271
102,백령도,2019-12-06 20:00,2.1,,4.3,250,61,4086
102,백령도,2019-12-06 21:00,2.2,0,4.7,250,62,4191
102,백령도,2019-12-06 22:00,2.6,,4.9,250,57,4245
102,백령도,2019-12-06 23:00,2.8,,5.2,270,54,3987
102,백령도,2019-12-07 00:00,3.2,,4.6,250,55,3827
102,백령도,2019-12-07 01:00,3.2,,5.2,250,60,3576
102,백령도,2019-12-07 02:00,3.3,,4.6,250,62,3186
102,백령도,2019-12-07 03:00,3.6,0,6.4,250,68,2567
102,백령도,2019-12-07 04:00,3.8,,5.6,250,67,2548
102,백령도,2019-12-07 05:00,3.9,,5.5,270,66,2479
102,백령도,2019-12-07 06:00,4.3,0,5.3,250,67,2313
102,백령도,2019-12-07 07:00,5,,5.4,270,69,1992
102,백령도,2019-12-07 08:00,4.8,,5.6,290,89,1348
102,백령도,2019-12-07 09:00,6.1,.2,7.7,320,70,1546
102,백령도,2019-12-07 10:00,6.4,,7.2,320,64,1534
102,백령도,2019-12-07 11:00,6.5,,7.5,320,60,1347
102,백령도,2019-12-07 12:00,6.2,0,5.5,340,76,1494
102,백령도,2019-12-07 13:00,6.1,,6.8,320,61,1705
102,백령도,2019-12-07 14:00,4.8,,6.9,340,73,1482
102,백령도,2019-12-07 15:00,4.5,,8.3,340,61,2000
102,백령도,2019-12-07 16:00,3.9,,6.3,340,61,3254
102,백령도,2019-12-07 17:00,2.9,,6.1,340,60,3881
102,백령도,2019-12-07 18:00,2.7,,5.5,340,56,4094
102,백령도,2019-12-07 19:00,2.6,,5.5,340,58,3887
102,백령도,2019-12-07 20:00,2.7,,5.1,340,60,3973
102,백령도,2019-12-07 21:00,2.6,,4.2,340,60,3660
102,백령도,2019-12-07 22:00,2.9,,5.2,340,58,3683
102,백령도,2019-12-07 23:00,2.9,,5.3,340,59,3594
102,백령도,2019-12-08 00:00,3.2,,4.9,360,62,3680
102,백령도,2019-12-08 01:00,3.3,,4.3,340,60,3640
102,백령도,2019-12-08 02:00,2.4,,1.7,70,66,3435
102,백령도,2019-12-08 03:00,2.3,,.2,0,67,3567
102,백령도,2019-12-08 04:00,1.8,,.7,140,70,3246
102,백령도,2019-12-08 05:00,1.6,,2.5,90,78,2987
102,백령도,2019-12-08 06:00,1.1,,2.2,110,79,2602
102,백령도,2019-12-08 07:00,1.1,,2.5,110,78,2546
102,백령도,2019-12-08 08:00,1.1,,2.1,140,76,2526
102,백령도,2019-12-08 09:00,2.6,,2.4,110,72,2563
102,백령도,2019-12-08 10:00,4.2,,3.1,110,72,2655
102,백령도,2019-12-08 11:00,4.6,,3.6,140,68,2468
102,백령도,2019-12-08 12:00,4.4,,4,140,71,2721
102,백령도,2019-12-08 13:00,6.1,,3.4,140,70,2727
102,백령도,2019-12-08 14:00,6.3,,3.2,200,53,4085
102,백령도,2019-12-08 15:00,6.4,,3.3,200,55,4262
102,백령도,2019-12-08 16:00,6.1,,3,200,53,4407
102,백령도,2019-12-08 17:00,5.5,,1.6,200,59,4196
102,백령도,2019-12-08 18:00,4.5,,1.4,180,66,3971
102,백령도,2019-12-08 19:00,4.8,,2,160,69,3719
102,백령도,2019-12-08 20:00,5.1,,1.9,160,73,2737
102,백령도,2019-12-08 21:00,6.4,,3.1,160,72,2021
102,백령도,2019-12-08 22:00,5.7,,3.9,140,85,1710
102,백령도,2019-12-08 23:00,5.8,,3.9,140,87,1541
102,백령도,2019-12-09 00:00,6,,4.2,140,87,1513
102,백령도,2019-12-09 01:00,5.9,,4.2,140,89,1430
102,백령도,2019-12-09 02:00,6.2,,4.6,110,89,1251
102,백령도,2019-12-09 03:00,5.7,0,4.7,90,92,1118
102,백령도,2019-12-09 04:00,6.1,,4.4,110,92,938
102,백령도,2019-12-09 05:00,6.5,,5.1,110,93,894
102,백령도,2019-12-09 06:00,6.6,,5.1,110,92,832
102,백령도,2019-12-09 07:00,6.2,,5.4,90,94,682
102,백령도,2019-12-09 08:00,7.5,,3,90,91,846
102,백령도,2019-12-09 09:00,9.4,,5.1,180,83,1088
102,백령도,2019-12-09 10:00,9.8,,5,160,83,1157
102,백령도,2019-12-09 11:00,8.3,,5.3,110,94,641
102,백령도,2019-12-09 12:00,8.7,1.4,2,180,94,407
102,백령도,2019-12-09 13:00,9.6,,4.9,200,93,615
102,백령도,2019-12-09 14:00,10.2,,5.6,200,91,711
102,백령도,2019-12-09 15:00,11.1,1.4,3.6,230,86,709
102,백령도,2019-12-09 16:00,10.9,,4.4,250,84,644
102,백령도,2019-12-09 17:00,10.3,,3.1,230,85,569
102,백령도,2019-12-09 18:00,9.5,,2.7,250,86,472
102,백령도,2019-12-09 19:00,8.7,,1.7,250,86,420
102,백령도,2019-12-09 20:00,8.4,,2,270,86,404
102,백령도,2019-12-09 21:00,7.9,,2.8,270,88,348
102,백령도,2019-12-09 22:00,7.7,,2.7,270,89,257
102,백령도,2019-12-09 23:00,7.3,,3.6,270,87,262
102,백령도,2019-12-10 00:00,7,,3,270,87,322
102,백령도,2019-12-10 01:00,6.8,,2.6,270,84,446
102,백령도,2019-12-10 02:00,7.2,,3.6,290,81,618
102,백령도,2019-12-10 03:00,7.5,,3.7,320,74,835
102,백령도,2019-12-10 04:00,7.2,,3,290,78,824
102,백령도,2019-12-10 05:00,6.8,,2.2,270,79,805
102,백령도,2019-12-10 06:00,6.5,,2.2,270,78,757
102,백령도,2019-12-10 07:00,6.8,,.9,250,80,719
102,백령도,2019-12-10 08:00,5.8,,1.7,180,84,613
102,백령도,2019-12-10 09:00,6.8,,1.9,200,81,622
102,백령도,2019-12-10 10:00,8.2,,1,180,76,727
102,백령도,2019-12-10 11:00,9.5,,2.5,180,72,847
102,백령도,2019-12-10 12:00,10.3,,3.4,140,71,915
102,백령도,2019-12-10 13:00,7.4,,4.9,140,94,398
102,백령도,2019-12-10 14:00,8,,5.3,140,95,445
102,백령도,2019-12-10 15:00,7.6,,5.2,140,93,450
102,백령도,2019-12-10 16:00,7.1,,5.5,140,96,327
102,백령도,2019-12-10 17:00,7.3,,5.6,140,97,227
102,백령도,2019-12-10 18:00,7.3,,5.2,140,98,194
102,백령도,2019-12-10 19:00,7,,5.6,110,99,139
102,백령도,2019-12-10 20:00,7.5,,3.8,110,100,123
102,백령도,2019-12-10 21:00,8.6,,4,140,100,143
102,백령도,2019-12-10 22:00,9.8,,2.8,140,100,205
102,백령도,2019-12-10 23:00,11.1,,2.6,200,98,320
102,백령도,2019-12-11 00:00,11.3,,6.3,250,92,500
102,백령도,2019-12-11 01:00,10.5,,4.3,270,90,342
102,백령도,2019-12-11 02:00,10,,5.2,290,91,231
102,백령도,2019-12-11 03:00,9.4,,6,290,83,348
102,백령도,2019-12-11 04:00,8.3,,6.6,290,77,446
102,백령도,2019-12-11 05:00,7.9,,6.3,290,74,578
102,백령도,2019-12-11 06:00,7.4,,5.4,290,73,600
102,백령도,2019-12-11 07:00,7.5,,5.9,320,69,712
102,백령도,2019-12-11 08:00,7.4,,6.2,320,70,711
102,백령도,2019-12-11 09:00,7.4,,6.2,290,68,775
102,백령도,2019-12-11 10:00,7.4,,7.3,290,61,1109
102,백령도,2019-12-11 11:00,7.3,,8.7,290,51,3088
102,백령도,2019-12-11 12:00,6.3,,10.3,320,50,3797
102,백령도,2019-12-11 13:00,5.5,,11.8,320,47,4184
102,백령도,2019-12-11 14:00,4.9,,10.9,320,54,3959
102,백령도,2019-12-11 15:00,5,,11.2,320,57,4095
102,백령도,2019-12-11 16:00,4.5,,10.2,320,48,4496
102,백령도,2019-12-11 17:00,4.3,,9.5,320,48,4237
102,백령도,2019-12-11 18:00,4.3,,9.7,320,47,4288
102,백령도,2019-12-11 19:00,4.1,,8,320,46,4316
102,백령도,2019-12-11 20:00,4.1,,9.4,320,41,4462
102,백령도,2019-12-11 21:00,3.9,,7.9,340,45,4103
102,백령도,2019-12-11 22:00,3.8,,9.8,340,55,3459
102,백령도,2019-12-11 23:00,3,,10.8,340,57,3092
102,백령도,2019-12-12 00:00,2.5,0,9.5,340,58,2970
102,백령도,2019-12-12 01:00,2.1,,9.4,340,56,3229
102,백령도,2019-12-12 02:00,1.9,,7.8,340,59,3584
102,백령도,2019-12-12 03:00,1.6,,7.8,360,57,4084
102,백령도,2019-12-12 04:00,1.5,,8,340,57,4453
102,백령도,2019-12-12 05:00,1.5,,6.9,360,60,4443
102,백령도,2019-12-12 06:00,1.4,,6,320,57,4552
102,백령도,2019-12-12 07:00,1.4,,5.9,340,57,4720
102,백령도,2019-12-12 08:00,1.4,,6,340,55,4652
102,백령도,2019-12-12 09:00,2,,5.2,340,53,4754
102,백령도,2019-12-12 10:00,2.1,,5.6,340,50,4701
102,백령도,2019-12-12 11:00,3.3,,4.9,340,47,4463
102,백령도,2019-12-12 12:00,3.6,,5.7,340,45,4633
102,백령도,2019-12-12 13:00,4.1,,5.1,320,45,4490
102,백령도,2019-12-12 14:00,4.1,,4.3,320,47,4495
102,백령도,2019-12-12 15:00,3.6,,3.3,320,50,4532
102,백령도,2019-12-12 16:00,4,,3.2,320,51,4587
102,백령도,2019-12-12 17:00,3.5,,3.1,290,55,4207
102,백령도,2019-12-12 18:00,3.4,,2.5,250,58,4164
102,백령도,2019-12-12 19:00,2.9,,1.6,250,59,4358
102,백령도,2019-12-12 20:00,3,,2.4,200,61,4381
102,백령도,2019-12-12 21:00,3.7,,3.2,230,62,4433
102,백령도,2019-12-12 22:00,4,,3,230,63,4199
102,백령도,2019-12-12 23:00,4.5,,4.2,200,63,4506
102,백령도,2019-12-13 00:00,4.5,,4.5,200,63,4585
102,백령도,2019-12-13 01:00,4.6,,3.8,200,63,4576
102,백령도,2019-12-13 02:00,5.1,,3.8,200,65,3754
102,백령도,2019-12-13 03:00,5.3,,3.9,200,67,4750
102,백령도,2019-12-13 04:00,5.8,,3.8,230,64,4602
102,백령도,2019-12-13 05:00,6,,4,200,65,4543
102,백령도,2019-12-13 06:00,6.5,,4.4,230,66,4359
102,백령도,2019-12-13 07:00,7,,4.4,230,65,4547
102,백령도,2019-12-13 08:00,7.3,,4.2,200,68,4421
102,백령도,2019-12-13 09:00,7.7,0,4,200,69,4386
102,백령도,2019-12-13 10:00,8.5,,4.7,200,69,4207
102,백령도,2019-12-13 11:00,8.7,,5.7,230,70,4183
102,백령도,2019-12-13 12:00,8.8,0,4.7,200,72,4140
102,백령도,2019-12-13 13:00,9.3,,5.4,200,71,3816
102,백령도,2019-12-13 14:00,9.7,,5.9,200,72,3827
102,백령도,2019-12-13 15:00,9.6,0,6.4,200,74,3776
102,백령도,2019-12-13 16:00,9.4,,5.4,230,83,4193
102,백령도,2019-12-13 17:00,9.9,,6.8,250,74,4397
102,백령도,2019-12-13 18:00,10,.4,6.9,250,72,4334
102,백령도,2019-12-13 19:00,10,,6.5,250,72,3728
102,백령도,2019-12-13 20:00,9.9,,6.1,270,77,2318
102,백령도,2019-12-13 21:00,9,.8,8.2,290,73,1238
102,백령도,2019-12-13 22:00,8.7,,7.3,290,74,830
102,백령도,2019-12-13 23:00,7.9,,9.6,320,69,599
102,백령도,2019-12-14 00:00,5.9,,14,340,64,1497
102,백령도,2019-12-14 01:00,5.1,,12.4,340,58,2899
102,백령도,2019-12-14 02:00,4.5,,12.5,340,61,3396
102,백령도,2019-12-14 03:00,3.8,,13.5,340,59,3641
102,백령도,2019-12-14 04:00,3.6,,10.3,360,61,3551
102,백령도,2019-12-14 05:00,3.5,,10,360,60,3635
102,백령도,2019-12-14 06:00,3.5,,9.9,340,62,3559
102,백령도,2019-12-14 07:00,3.3,,9.6,340,50,4246
102,백령도,2019-12-14 08:00,3.1,,9,360,54,4098
102,백령도,2019-12-14 09:00,3.5,,8.7,340,54,3983
102,백령도,2019-12-14 10:00,3.9,,8.4,360,52,4380
102,백령도,2019-12-14 11:00,4.3,,7.9,360,48,4168
102,백령도,2019-12-14 12:00,4,,7,360,50,4109
102,백령도,2019-12-14 13:00,4.1,,7.2,360,48,4086
102,백령도,2019-12-14 14:00,4.3,,7.5,360,48,3949
102,백령도,2019-12-14 15:00,3.9,,6,360,55,4018
102,백령도,2019-12-14 16:00,3.1,,5.9,360,58,4010
102,백령도,2019-12-14 17:00,2.6,,2.1,20,60,3958
102,백령도,2019-12-14 18:00,2.1,,5.1,360,56,4305
102,백령도,2019-12-14 19:00,2,,4.2,360,63,4159
102,백령도,2019-12-14 20:00,1.4,,3.2,50,62,4138
102,백령도,2019-12-14 21:00,1.2,,3.4,50,57,4186
102,백령도,2019-12-14 22:00,.6,,2.3,50,65,3888
102,백령도,2019-12-14 23:00,1,,2.6,50,66,3638
102,백령도,2019-12-15 00:00,.9,,2,20,66,3486
102,백령도,2019-12-15 01:00,.8,,.8,110,67,3276
102,백령도,2019-12-15 02:00,1.3,,1.4,110,65,3424
102,백령도,2019-12-15 03:00,1.5,,2.9,140,62,3364
102,백령도,2019-12-15 04:00,1.4,,2.4,140,67,3173
102,백령도,2019-12-15 05:00,1.3,,2,140,72,2885
102,백령도,2019-12-15 06:00,1.4,,1.6,110,74,2827
102,백령도,2019-12-15 07:00,1.6,,2,110,78,2672
102,백령도,2019-12-15 08:00,1.4,,2.4,110,82,2159
102,백령도,2019-12-15 09:00,3,,2.1,110,79,2096
102,백령도,2019-12-15 10:00,3.9,,2.5,110,75,2053
102,백령도,2019-12-15 11:00,5,,3,90,73,1965
102,백령도,2019-12-15 12:00,5,,2.3,110,73,1773
102,백령도,2019-12-15 13:00,5.8,,2.1,70,71,1825
102,백령도,2019-12-15 14:00,5.6,,2.2,90,72,1895
102,백령도,2019-12-15 15:00,6.1,,2.4,140,70,2009
102,백령도,2019-12-15 16:00,5.7,,2.3,180,75,1743
102,백령도,2019-12-15 17:00,4.9,,.8,110,78,1533
102,백령도,2019-12-15 18:00,4.5,,.7,90,82,1399
102,백령도,2019-12-15 19:00,4.7,,.1,0,82,951
102,백령도,2019-12-15 20:00,4.6,,.2,0,80,1905
102,백령도,2019-12-15 21:00,4.4,,1,70,81,2042
102,백령도,2019-12-15 22:00,3.8,,.1,0,82,1712
102,백령도,2019-12-15 23:00,4.5,,1.2,70,82,1771
102,백령도,2019-12-16 00:00,3.6,,1.8,90,86,1046
102,백령도,2019-12-16 01:00,3.9,,1.4,90,87,924
102,백령도,2019-12-16 02:00,3.9,,.8,90,85,916
102,백령도,2019-12-16 03:00,4.1,,1.8,90,83,880
102,백령도,2019-12-16 04:00,4.1,,.9,110,84,937
102,백령도,2019-12-16 05:00,4.2,,1.3,90,85,846
102,백령도,2019-12-16 06:00,4.5,,.3,0,84,921
102,백령도,2019-12-16 07:00,4.5,,1.1,140,87,714
102,백령도,2019-12-16 08:00,4.6,,1.2,110,85,876
102,백령도,2019-12-16 09:00,5.4,,1.8,110,85,932
102,백령도,2019-12-16 10:00,6.3,,2.9,110,83,1197
102,백령도,2019-12-16 11:00,6.8,,3.7,110,77,1336
102,백령도,2019-12-16 12:00,6.7,,2.9,110,74,1467
102,백령도,2019-12-16 13:00,7.4,,4.4,140,77,1266
102,백령도,2019-12-16 14:00,7.6,,4.4,140,84,916
102,백령도,2019-12-16 15:00,8.2,,4.9,140,87,896
102,백령도,2019-12-16 16:00,8.6,,4.5,110,87,981
102,백령도,2019-12-16 17:00,8.6,,4.1,140,87,1071
102,백령도,2019-12-16 18:00,8.6,,4.3,140,87,1089
102,백령도,2019-12-16 19:00,8.9,,3.6,140,88,1051
102,백령도,2019-12-16 20:00,9.2,,4.6,140,88,1111
102,백령도,2019-12-16 21:00,9.6,,4.9,140,92,1152
102,백령도,2019-12-16 22:00,10,,5,140,93,763
102,백령도,2019-12-16 23:00,10,,6.2,160,95,598
102,백령도,2019-12-17 00:00,10.4,2.7,7.9,160,95,1037
102,백령도,2019-12-17 01:00,11.1,,9.2,160,91,1901
102,백령도,2019-12-17 02:00,10.9,,6.3,180,93,948
102,백령도,2019-12-17 03:00,11,2.3,7.3,200,96,1138
102,백령도,2019-12-17 04:00,10.9,,6.3,230,97,1066
102,백령도,2019-12-17 05:00,10.3,,7.3,320,98,678
102,백령도,2019-12-17 06:00,9.2,3.6,7.6,320,98,3197
102,백령도,2019-12-17 07:00,8.7,,6,320,94,2996
102,백령도,2019-12-17 08:00,8.4,,9.9,340,90,4072
102,백령도,2019-12-17 09:00,8.1,0,10.5,340,87,4431
102,백령도,2019-12-17 10:00,7.4,,10.4,340,86,3266
102,백령도,2019-12-17 11:00,7.4,,10.6,340,83,2803
102,백령도,2019-12-17 12:00,6.9,,10.9,340,83,1798
102,백령도,2019-12-17 13:00,6.7,,11.9,340,81,1611
102,백령도,2019-12-17 14:00,6.1,,11.7,340,79,1643
102,백령도,2019-12-17 15:00,5.8,,10.2,340,80,1579
102,백령도,2019-12-17 16:00,5.5,,12,340,79,1790
102,백령도,2019-12-17 17:00,5.4,,11.7,340,74,2306
102,백령도,2019-12-17 18:00,4.9,,11.2,340,74,2346
102,백령도,2019-12-17 19:00,4.5,,13.2,340,73,2411
102,백령도,2019-12-17 20:00,4.1,,11.8,340,74,2424
102,백령도,2019-12-17 21:00,3.8,,12.4,340,77,2239
102,백령도,2019-12-17 22:00,3.1,,13.7,340,78,2226
102,백령도,2019-12-17 23:00,2.4,,14.4,340,76,2393
102,백령도,2019-12-18 00:00,2.1,,12.5,340,76,2499
102,백령도,2019-12-18 01:00,1.6,,11.8,340,73,2703
102,백령도,2019-12-18 02:00,1.2,,11.2,340,70,3068
102,백령도,2019-12-18 03:00,1,,11,340,73,3198
102,백령도,2019-12-18 04:00,.6,,11.3,340,72,3795
102,백령도,2019-12-18 05:00,.5,,11.7,340,72,4064
102,백령도,2019-12-18 06:00,.2,,9.7,360,73,4015
102,백령도,2019-12-18 07:00,-.1,,8.8,360,71,4272
102,백령도,2019-12-18 08:00,-.1,,9,340,71,4334
102,백령도,2019-12-18 09:00,.3,,8.3,360,69,3974
102,백령도,2019-12-18 10:00,.6,,9.1,340,68,3638
102,백령도,2019-12-18 11:00,.9,,8.3,340,67,3595
102,백령도,2019-12-18 12:00,.9,,10.2,340,68,3890
102,백령도,2019-12-18 13:00,.9,,9.8,340,70,3832
102,백령도,2019-12-18 14:00,1.1,,10.4,340,68,3733
102,백령도,2019-12-18 15:00,1,,9.7,340,61,3998
102,백령도,2019-12-18 16:00,1.2,,9.8,340,58,4005
102,백령도,2019-12-18 17:00,.9,,8,340,63,4451
102,백령도,2019-12-18 18:00,1,,7.9,340,61,4486
102,백령도,2019-12-18 19:00,.8,,6.6,340,63,4157
102,백령도,2019-12-18 20:00,.9,,7.4,340,63,4021
102,백령도,2019-12-18 21:00,.9,,6.8,340,62,4230
102,백령도,2019-12-18 22:00,1,,7,340,65,4210
102,백령도,2019-12-18 23:00,1.3,,6.5,340,62,4151
102,백령도,2019-12-19 00:00,1.3,,8.1,340,61,3873
102,백령도,2019-12-19 01:00,1.1,,8.5,340,63,3382
102,백령도,2019-12-19 02:00,1,,8.6,340,67,3279
102,백령도,2019-12-19 03:00,.9,,8.7,340,66,3770
102,백령도,2019-12-19 04:00,1,,8.2,340,64,4118
102,백령도,2019-12-19 05:00,.8,,7.4,340,64,4611
102,백령도,2019-12-19 06:00,.9,,6.9,360,69,4239
102,백령도,2019-12-19 07:00,.7,,6.6,360,65,4652
102,백령도,2019-12-19 08:00,.6,,6.4,360,63,4650
102,백령도,2019-12-19 09:00,1,,5.5,360,60,4493
102,백령도,2019-12-19 10:00,1.8,,4.7,360,55,4545
102,백령도,2019-12-19 11:00,2.4,,5.4,340,51,4541
102,백령도,2019-12-19 12:00,2.8,,5.3,360,50,4625
102,백령도,2019-12-19 13:00,3,,4.7,340,49,4466
102,백령도,2019-12-19 14:00,3.7,,3.1,340,45,4391
102,백령도,2019-12-19 15:00,3.4,,3.8,320,50,4211
102,백령도,2019-12-19 16:00,3.1,,3.2,290,56,3736
102,백령도,2019-12-19 17:00,3,,2.2,250,62,3383
102,백령도,2019-12-19 18:00,2.7,,2.8,250,72,3006
102,백령도,2019-12-19 19:00,2.1,,4.2,360,84,1341
102,백령도,2019-12-19 20:00,.8,,2.6,270,94,1161
102,백령도,2019-12-19 21:00,2.9,1.1,4.9,320,83,2022
102,백령도,2019-12-19 22:00,3.6,,7.7,320,68,3355
102,백령도,2019-12-19 23:00,3.1,,7.6,320,57,4249
102,백령도,2019-12-20 00:00,2.2,,4.7,340,73,3564
102,백령도,2019-12-20 01:00,1.1,,2.7,20,88,2487
102,백령도,2019-12-20 02:00,.7,,2.8,360,88,1077
102,백령도,2019-12-20 03:00,1.5,0,7.4,340,67,2511
102,백령도,2019-12-20 04:00,1,,9.4,340,66,2284
102,백령도,2019-12-20 05:00,.2,,8,340,59,3881
102,백령도,2019-12-20 06:00,-.3,,6.6,340,60,4606
102,백령도,2019-12-20 07:00,-.6,,6.3,340,56,4947
102,백령도,2019-12-20 08:00,-.7,,5.2,360,56,4943
102,백령도,2019-12-20 09:00,-.6,,4.4,360,54,4917
102,백령도,2019-12-20 10:00,-.2,,5.1,360,51,4637
102,백령도,2019-12-20 11:00,.4,,5.3,360,50,4578
102,백령도,2019-12-20 12:00,1,,5.7,340,48,4697
102,백령도,2019-12-20 13:00,.6,,6.3,340,45,4646
102,백령도,2019-12-20 14:00,1.2,,6,340,47,4575
102,백령도,2019-12-20 15:00,.8,,4,360,49,4792
102,백령도,2019-12-20 16:00,.7,,3.7,340,52,4362
102,백령도,2019-12-20 17:00,.3,,1.7,360,53,4596
102,백령도,2019-12-20 18:00,-.4,,1.8,90,61,4189
102,백령도,2019-12-20 19:00,-.6,,1.5,140,63,3196
102,백령도,2019-12-20 20:00,-.7,,.8,160,62,4077
102,백령도,2019-12-20 21:00,-.4,,1.2,180,63,4247
102,백령도,2019-12-20 22:00,.4,,1.1,200,63,4436
102,백령도,2019-12-20 23:00,1.3,,2.7,230,58,4748
102,백령도,2019-12-21 00:00,1.5,,1.8,230,60,4618
102,백령도,2019-12-21 01:00,2,,2.4,230,61,4595
102,백령도,2019-12-21 02:00,2.7,,2.8,230,62,4278
102,백령도,2019-12-21 03:00,3.2,,2.4,200,65,4297
102,백령도,2019-12-21 04:00,3.8,,2.5,230,67,3530
102,백령도,2019-12-21 05:00,4.5,,2.7,250,63,2412
102,백령도,2019-12-21 06:00,4.8,,2.7,250,60,1728
102,백령도,2019-12-21 07:00,5.3,,3.2,250,58,1448
102,백령도,2019-12-21 08:00,5.7,,4.4,250,68,1396
102,백령도,2019-12-21 09:00,5.4,0,2.5,230,78,1578
102,백령도,2019-12-21 10:00,6.8,,4.8,270,65,974
102,백령도,2019-12-21 11:00,7.1,,5.1,250,63,786
102,백령도,2019-12-21 12:00,6.5,0,5.1,250,70,618
102,백령도,2019-12-21 13:00,6.9,,5.8,250,65,676
102,백령도,2019-12-21 14:00,6.7,,4.7,250,72,536
102,백령도,2019-12-21 15:00,7.2,0,5,250,68,574
102,백령도,2019-12-21 16:00,7.3,,4.4,250,70,563
102,백령도,2019-12-21 17:00,6.7,,3,250,71,556
102,백령도,2019-12-21 18:00,6.4,,2.9,270,73,569
102,백령도,2019-12-21 19:00,6.3,,2.2,320,79,489
102,백령도,2019-12-21 20:00,5.7,,1.6,340,83,441
102,백령도,2019-12-21 21:00,5.1,,1.7,90,90,425
102,백령도,2019-12-21 22:00,4.6,,2.8,90,93,365
102,백령도,2019-12-21 23:00,5.1,,2,90,94,333
102,백령도,2019-12-22 00:00,5,,3.2,70,94,351
102,백령도,2019-12-22 01:00,4.4,,2,90,95,321
102,백령도,2019-12-22 02:00,4.3,,1.7,90,96,311
102,백령도,2019-12-22 03:00,4.5,,2.6,70,96,306
102,백령도,2019-12-22 04:00,4,,2.6,90,97,263
102,백령도,2019-12-22 05:00,3.9,,2.6,90,97,330
102,백령도,2019-12-22 06:00,3.8,,2,110,97,261
102,백령도,2019-12-22 07:00,4.7,,1.8,140,98,300
102,백령도,2019-12-22 08:00,4.6,,4.3,90,97,211
102,백령도,2019-12-22 09:00,3.9,.8,3.6,110,98,207
102,백령도,2019-12-22 10:00,4.1,,2.9,90,98,272
102,백령도,2019-12-22 11:00,4.8,,3.7,90,98,411
102,백령도,2019-12-22 12:00,4.6,,3,110,97,455
102,백령도,2019-12-22 13:00,5.4,,3.2,110,95,525
102,백령도,2019-12-22 14:00,6.3,,2.7,110,90,585
102,백령도,2019-12-22 15:00,6.2,0,4.1,140,90,528
102,백령도,2019-12-22 16:00,6.4,,4,160,92,501
102,백령도,2019-12-22 17:00,6.2,,4.8,140,93,458
102,백령도,2019-12-22 18:00,6.5,2.4,4.9,140,95,250
102,백령도,2019-12-22 19:00,6.6,,2.4,200,96,480
102,백령도,2019-12-22 20:00,6.5,,3,230,95,1357
102,백령도,2019-12-22 21:00,7.3,5.8,3.8,250,96,2836
102,백령도,2019-12-22 22:00,6.5,,6.6,290,92,879
102,백령도,2019-12-22 23:00,7.5,,8.2,320,80,861
102,백령도,2019-12-23 00:00,7.2,1.8,9.2,320,80,884
102,백령도,2019-12-23 01:00,6.3,,7.3,340,81,815
102,백령도,2019-12-23 02:00,5.6,,6.4,320,78,1033
102,백령도,2019-12-23 03:00,5.3,,6.9,340,77,1274
102,백령도,2019-12-23 04:00,5.3,,8.3,340,76,2013
102,백령도,2019-12-23 05:00,4.9,,7.8,340,78,1712
102,백령도,2019-12-23 06:00,4.5,,9.8,340,74,1070
102,백령도,2019-12-23 07:00,4,,8.7,340,75,1017
102,백령도,2019-12-23 08:00,3.8,,7.4,340,72,1202
102,백령도,2019-12-23 09:00,3.4,,6.9,340,73,1305
102,백령도,2019-12-23 10:00,3.4,,6.7,340,70,1476
102,백령도,2019-12-23 11:00,3.5,,6.8,340,69,1984
102,백령도,2019-12-23 12:00,3.7,,7.5,340,69,2561
102,백령도,2019-12-23 13:00,3.6,,7.2,340,69,2400
102,백령도,2019-12-23 14:00,3.4,,7.5,340,71,2225
102,백령도,2019-12-23 15:00,3.7,,8.5,340,72,2341
102,백령도,2019-12-23 16:00,3.3,,8.4,340,73,2511
102,백령도,2019-12-23 17:00,3,,8,360,69,2708
102,백령도,2019-12-23 18:00,2.8,,6.8,360,71,2905
102,백령도,2019-12-23 19:00,2.7,,7.1,360,67,3208
102,백령도,2019-12-23 20:00,2.8,,6.1,360,65,3380
102,백령도,2019-12-23 21:00,2.7,,6.1,360,62,3596
102,백령도,2019-12-23 22:00,2.2,,3.9,360,66,3449
102,백령도,2019-12-23 23:00,1.5,,2.8,20,71,3379
102,백령도,2019-12-24 00:00,1.3,,2,360,70,3358
102,백령도,2019-12-24 01:00,1.1,,2.8,50,65,3679
102,백령도,2019-12-24 02:00,.8,,2.8,20,63,3892
102,백령도,2019-12-24 03:00,.7,,2.9,360,61,4124
102,백령도,2019-12-24 04:00,.8,,2.5,20,53,4488
102,백령도,2019-12-24 05:00,.7,,2.9,50,41,4418
102,백령도,2019-12-24 06:00,.7,,3,20,39,4670
102,백령도,2019-12-24 07:00,.6,,2.7,360,32,4776
102,백령도,2019-12-24 08:00,.6,,2.6,20,31,4915
102,백령도,2019-12-24 09:00,1.8,,2.1,70,31,4819
102,백령도,2019-12-24 10:00,3,,2.3,70,28,3759
102,백령도,2019-12-24 11:00,3.7,,1.6,70,41,2768
102,백령도,2019-12-24 12:00,4.9,,1.7,140,43,4835
102,백령도,2019-12-24 13:00,6.1,,1.3,70,27,4951
102,백령도,2019-12-24 14:00,5.8,,2,90,19,4963
102,백령도,2019-12-24 15:00,5.3,,2.3,340,26,4857
102,백령도,2019-12-24 16:00,5.6,,1.9,360,31,4940
102,백령도,2019-12-24 17:00,5.2,,.5,270,36,4857
102,백령도,2019-12-24 18:00,2.3,,1.6,290,46,3948
102,백령도,2019-12-24 19:00,2.2,,1,250,42,4969
102,백령도,2019-12-24 20:00,2.3,,0,0,43,4902
102,백령도,2019-12-24 21:00,2.1,,.5,290,44,4938
102,백령도,2019-12-24 22:00,3,,.6,140,47,4856
102,백령도,2019-12-24 23:00,3.7,,.4,0,45,4971
102,백령도,2019-12-25 00:00,2.5,,.9,160,47,4975
102,백령도,2019-12-25 01:00,3.6,,1.4,230,45,4869
102,백령도,2019-12-25 02:00,3.1,,1.2,160,52,4987
102,백령도,2019-12-25 03:00,3.6,,.8,180,54,4935
102,백령도,2019-12-25 04:00,3.5,,1.4,180,60,4902
102,백령도,2019-12-25 05:00,3.9,,1.3,180,59,4910
102,백령도,2019-12-25 06:00,3.8,,1.4,180,63,4775
102,백령도,2019-12-25 07:00,5,,1.1,200,66,4348
102,백령도,2019-12-25 08:00,5,,1.4,20,73,3772
102,백령도,2019-12-25 09:00,5.2,,1.6,90,77,2387
102,백령도,2019-12-25 10:00,6.2,,3.1,90,80,1779
102,백령도,2019-12-25 11:00,7.2,,2,90,75,1796
102,백령도,2019-12-25 12:00,7.3,,2.5,110,75,1829
102,백령도,2019-12-25 13:00,7.4,,2,90,78,1831
102,백령도,2019-12-25 14:00,7.7,,1,50,74,1807
102,백령도,2019-12-25 15:00,7.1,,1.5,290,74,1599
102,백령도,2019-12-25 16:00,7.1,,0,0,75,1559
102,백령도,2019-12-25 17:00,6.9,,0,0,76,1426
102,백령도,2019-12-25 18:00,6.4,,0,0,77,1253
102,백령도,2019-12-25 19:00,6.1,,0,0,80,1007
102,백령도,2019-12-25 20:00,6.3,,3.9,70,85,1242
102,백령도,2019-12-25 21:00,5.3,,3.9,70,89,1111
102,백령도,2019-12-25 22:00,5.3,,3.6,50,89,878
102,백령도,2019-12-25 23:00,5.3,,2.4,50,84,531
102,백령도,2019-12-26 00:00,4.8,,3.3,360,82,575
102,백령도,2019-12-26 01:00,4.1,,3.2,360,84,649
102,백령도,2019-12-26 02:00,3.9,,3.9,360,84,842
102,백령도,2019-12-26 03:00,3.6,,6,360,84,1051
102,백령도,2019-12-26 04:00,3.5,,6.6,360,76,1303
102,백령도,2019-12-26 05:00,3.3,,4.9,360,78,1253
102,백령도,2019-12-26 06:00,3.3,,6.2,360,72,1416
102,백령도,2019-12-26 07:00,3.2,,6.1,340,72,1325
102,백령도,2019-12-26 08:00,3.1,,6.9,340,72,1467
102,백령도,2019-12-26 09:00,2.9,,6.9,340,67,1907
102,백령도,2019-12-26 10:00,2.6,,7.7,340,69,1591
102,백령도,2019-12-26 11:00,2.1,,7.2,340,68,1542
102,백령도,2019-12-26 12:00,2,,6.9,340,71,1619
102,백령도,2019-12-26 13:00,2.3,,8.2,340,70,2111
102,백령도,2019-12-26 14:00,1.9,,9.7,340,69,2663
102,백령도,2019-12-26 15:00,1.4,,9.4,340,66,3189
102,백령도,2019-12-26 16:00,1.4,,7,340,64,3442
102,백령도,2019-12-26 17:00,.9,,7.7,320,63,3606
102,백령도,2019-12-26 18:00,.8,,8.8,320,63,3128
102,백령도,2019-12-26 19:00,.7,,8.6,320,65,2995
102,백령도,2019-12-26 20:00,.7,,8.2,320,62,2730
102,백령도,2019-12-26 21:00,.4,,7,320,59,2932
102,백령도,2019-12-26 22:00,.4,,8.6,340,60,3044
102,백령도,2019-12-26 23:00,.1,,7.8,340,61,2679
102,백령도,2019-12-27 00:00,-.2,,8.7,340,64,2700
102,백령도,2019-12-27 01:00,-.3,,9.7,340,68,2556
102,백령도,2019-12-27 02:00,-.4,,8,340,65,3058
102,백령도,2019-12-27 03:00,-.4,,9.9,340,65,3351
102,백령도,2019-12-27 04:00,-.5,,9.3,340,60,3243
102,백령도,2019-12-27 05:00,-.4,,7.4,340,58,3780
102,백령도,2019-12-27 06:00,-.3,,7.8,340,62,3643
102,백령도,2019-12-27 07:00,0,,7.4,340,60,3902
102,백령도,2019-12-27 08:00,.3,,6.8,340,55,4548
102,백령도,2019-12-27 09:00,.6,,5.3,340,58,3459
102,백령도,2019-12-27 10:00,1.1,,4.7,340,55,3730
102,백령도,2019-12-27 11:00,1.9,,3.4,320,53,3999
102,백령도,2019-12-27 12:00,2.2,,3.6,320,47,4554
102,백령도,2019-12-27 13:00,2.8,,4.2,320,43,4363
102,백령도,2019-12-27 14:00,2.9,,4,320,44,4105
102,백령도,2019-12-27 15:00,3.4,,2.5,290,44,4118
102,백령도,2019-12-27 16:00,3.6,,3.4,290,41,3723
102,백령도,2019-12-27 17:00,2.8,,1.3,200,46,3446
102,백령도,2019-12-27 18:00,1.7,,1.6,200,50,3452
102,백령도,2019-12-27 19:00,2,,1.7,200,50,3462
102,백령도,2019-12-27 20:00,2.6,,2.3,230,52,3170
102,백령도,2019-12-27 21:00,2.8,,2.5,230,62,2413
102,백령도,2019-12-27 22:00,2.9,,1.9,230,62,2082
102,백령도,2019-12-27 23:00,3.2,,2.4,200,65,2177
102,백령도,2019-12-28 00:00,3,,2.2,230,64,2303
102,백령도,2019-12-28 01:00,3.3,,3,230,61,2621
102,백령도,2019-12-28 02:00,3.8,,2.2,230,52,3196
102,백령도,2019-12-28 03:00,4,,2,230,57,2466
102,백령도,2019-12-28 04:00,4.5,,2.9,230,53,2241
102,백령도,2019-12-28 05:00,4.3,,1.4,180,58,2076
102,백령도,2019-12-28 06:00,5.2,,1.8,180,61,2106
102,백령도,2019-12-28 07:00,5.8,,1.9,230,62,1716
102,백령도,2019-12-28 08:00,5.6,,1.7,200,70,1410
102,백령도,2019-12-28 09:00,6.2,0,2.7,250,67,1180
102,백령도,2019-12-28 10:00,5.4,,1.1,50,83,765
102,백령도,2019-12-28 11:00,5.6,,3.7,110,87,1076
102,백령도,2019-12-28 12:00,4.7,1,4.2,110,90,1055
102,백령도,2019-12-28 13:00,5.4,,5.4,90,90,1190
102,백령도,2019-12-28 14:00,6.1,,3.7,110,90,1153
102,백령도,2019-12-28 15:00,6.7,0,4.2,110,92,1304
102,백령도,2019-12-28 16:00,7.6,,3.2,140,79,1111
102,백령도,2019-12-28 17:00,7.9,,3.1,200,69,2067
102,백령도,2019-12-28 18:00,8.1,0,5.4,200,64,2440
102,백령도,2019-12-28 19:00,8,,5.2,200,65,2609
102,백령도,2019-12-28 20:00,8.1,,6.6,200,63,2437
102,백령도,2019-12-28 21:00,8.3,,6.7,200,73,2051
102,백령도,2019-12-28 22:00,8.3,,5,180,73,2050
102,백령도,2019-12-28 23:00,8.4,,5.6,200,65,2443
102,백령도,2019-12-29 00:00,7.9,,2.7,180,77,1870
102,백령도,2019-12-29 01:00,7.5,,2.3,180,70,2572
102,백령도,2019-12-29 02:00,8.2,,7.5,160,82,1916
102,백령도,2019-12-29 03:00,8.2,,5.6,180,82,1711
102,백령도,2019-12-29 04:00,8.2,,8.4,160,81,1864
102,백령도,2019-12-29 05:00,8.1,,8,160,79,1994
102,백령도,2019-12-29 06:00,8.2,,7.2,160,77,2123
102,백령도,2019-12-29 07:00,8.3,,8.2,180,75,2302
102,백령도,2019-12-29 08:00,8.1,,7.1,180,77,1856
102,백령도,2019-12-29 09:00,8.1,,4.4,160,76,1699
102,백령도,2019-12-29 10:00,7.3,,5,110,81,1239
102,백령도,2019-12-29 11:00,6.6,,6.4,140,83,1387
102,백령도,2019-12-29 12:00,6.4,0,6.4,110,84,1371
102,백령도,2019-12-29 13:00,5.6,,6.6,110,91,622
102,백령도,2019-12-29 14:00,6.2,,6.5,110,87,1345
102,백령도,2019-12-29 15:00,6.4,1.5,5.6,110,79,1671
102,백령도,2019-12-29 16:00,6.3,,5.3,110,78,1686
102,백령도,2019-12-29 17:00,6.2,,5.6,110,78,1665
102,백령도,2019-12-29 18:00,6.1,,6.4,110,78,1601
102,백령도,2019-12-29 19:00,6,,4.4,110,81,1388
102,백령도,2019-12-29 20:00,6,,4.6,110,86,1126
102,백령도,2019-12-29 21:00,5.9,,5.1,110,86,1114
102,백령도,2019-12-29 22:00,5.9,,4.4,110,86,1052
102,백령도,2019-12-29 23:00,5.8,,3.9,140,88,978
102,백령도,2019-12-30 00:00,6.1,,3.5,140,90,903
102,백령도,2019-12-30 01:00,6.1,,2.8,110,89,987
102,백령도,2019-12-30 02:00,6,,2.5,110,87,1005
102,백령도,2019-12-30 03:00,5.2,,1.8,140,88,1012
102,백령도,2019-12-30 04:00,5.8,,1.9,140,87,1053
102,백령도,2019-12-30 05:00,6,,2.1,160,87,1088
102,백령도,2019-12-30 06:00,6.2,,1,200,87,926
102,백령도,2019-12-30 07:00,6,,.3,0,90,649
102,백령도,2019-12-30 08:00,6.7,,2.1,200,95,517
102,백령도,2019-12-30 09:00,4.3,0,8.5,340,95,765
102,백령도,2019-12-30 10:00,3.7,,10.1,340,83,1467
102,백령도,2019-12-30 11:00,3.2,,10.2,340,82,1284
102,백령도,2019-12-30 12:00,2.6,0,10.3,340,70,1899
102,백령도,2019-12-30 13:00,2.2,,9.6,320,67,1980
102,백령도,2019-12-30 14:00,1.3,,9.1,320,63,2536
102,백령도,2019-12-30 15:00,0,,10.1,340,62,2607
102,백령도,2019-12-30 16:00,-.7,,9.9,320,65,2978
102,백령도,2019-12-30 17:00,-1.6,,9.5,340,67,3004
102,백령도,2019-12-30 18:00,-2,,10.4,340,63,3410
102,백령도,2019-12-30 19:00,-2.5,,12.7,320,56,4332
102,백령도,2019-12-30 20:00,-3.3,,12.7,320,61,3198
102,백령도,2019-12-30 21:00,-4.6,0,9.9,340,65,2854
102,백령도,2019-12-30 22:00,-5.6,,12.2,340,81,204
102,백령도,2019-12-30 23:00,-5.8,,16.3,340,74,1361
102,백령도,2019-12-31 00:00,-6.1,0,16.6,340,69,2296
