지점,지점명,일시,기온(°C),강수량(mm),풍속(m/s),풍향(16방위),습도(%),시정(10m)
102,백령도,2018-01-01 01:00,1.4,,6.1,290,31,2000
102,백령도,2018-01-01 02:00,1.2,,5.2,290,33,2000
102,백령도,2018-01-01 03:00,1,,3.3,290,32,2000
102,백령도,2018-01-01 04:00,1.1,,2.5,320,36,2000
102,백령도,2018-01-01 05:00,1.4,,2.6,290,40,2000
102,백령도,2018-01-01 06:00,1.3,,1.8,320,42,2000
102,백령도,2018-01-01 07:00,1.5,,2.9,290,44,2000
102,백령도,2018-01-01 08:00,1.4,,1.9,290,47,2000
102,백령도,2018-01-01 09:00,.7,,3,90,46,2000
102,백령도,2018-01-01 10:00,1.4,,3.1,90,47,2000
102,백령도,2018-01-01 11:00,2.2,,2.9,90,49,2000
102,백령도,2018-01-01 12:00,3,,2.2,110,45,1965
102,백령도,2018-01-01 13:00,4.4,,1.5,250,36,1623
102,백령도,2018-01-01 14:00,4.5,,2.4,250,38,1896
102,백령도,2018-01-01 15:00,4.3,,2.9,270,42,1980
102,백령도,2018-01-01 16:00,4,,5,290,23,2000
102,백령도,2018-01-01 17:00,3.1,,2.8,290,30,2000
102,백령도,2018-01-01 18:00,2.5,,3.2,290,34,2000
102,백령도,2018-01-01 19:00,2.4,,2.8,290,40,2000
102,백령도,2018-01-01 20:00,2.4,,2.6,290,42,2000
102,백령도,2018-01-01 21:00,2.3,,2.6,290,45,2000
102,백령도,2018-01-01 22:00,2.3,,2.2,290,47,1996
102,백령도,2018-01-01 23:00,2.6,,3.2,290,49,1991
102,백령도,2018-01-02 00:00,2.6,,3.6,290,48,2000
102,백령도,2018-01-02 01:00,2,,1,320,63,2000
102,백령도,2018-01-02 02:00,1.8,,1.3,340,68,2000
102,백령도,2018-01-02 03:00,.8,,2,20,63,2000
102,백령도,2018-01-02 04:00,-.8,,2.7,20,68,2000
102,백령도,2018-01-02 05:00,-1.4,,2.3,20,66,1973
102,백령도,2018-01-02 06:00,-1.8,,3.6,50,58,2000
102,백령도,2018-01-02 07:00,-2,,4.1,50,47,2000
102,백령도,2018-01-02 08:00,-2.3,,3.8,50,39,2000
102,백령도,2018-01-02 09:00,-2.2,,2.8,50,49,2000
102,백령도,2018-01-02 10:00,-1.5,,3.2,50,48,2000
102,백령도,2018-01-02 11:00,-1.1,,3.5,50,47,2000
102,백령도,2018-01-02 12:00,-.7,,2.8,50,48,2000
102,백령도,2018-01-02 13:00,0,,2.8,340,43,1974
102,백령도,2018-01-02 14:00,-.4,,2.4,340,46,2000
102,백령도,2018-01-02 15:00,-.8,,2.5,340,43,2000
102,백령도,2018-01-02 16:00,-1.2,,2.5,320,48,2000
102,백령도,2018-01-02 17:00,-1.8,,3.5,290,46,2000
102,백령도,2018-01-02 18:00,-2.1,,3.8,320,51,2000
102,백령도,2018-01-02 19:00,-2.5,,2.1,340,53,2000
102,백령도,2018-01-02 20:00,-2.5,,2.3,340,58,2000
102,백령도,2018-01-02 21:00,-2.2,,2.7,360,53,2000
102,백령도,2018-01-02 22:00,-2.1,,2.1,340,50,2000
102,백령도,2018-01-02 23:00,-2.3,,2.4,340,51,2000
102,백령도,2018-01-03 00:00,-2.6,,2.9,340,55,2000
102,백령도,2018-01-03 01:00,-2.9,,2.5,340,56,2000
102,백령도,2018-01-03 02:00,-3,,2.9,360,60,2000
102,백령도,2018-01-03 03:00,-3,,2.6,20,59,2000
102,백령도,2018-01-03 04:00,-3.2,,2.6,360,64,2000
102,백령도,2018-01-03 05:00,-3.5,,2.8,20,65,2000
102,백령도,2018-01-03 06:00,-3.6,,2.7,360,63,2000
102,백령도,2018-01-03 07:00,-3.7,,2.7,360,64,2000
102,백령도,2018-01-03 08:00,-3.9,,2.7,340,62,2000
102,백령도,2018-01-03 09:00,-3.7,,3,360,59,2000
102,백령도,2018-01-03 10:00,-3.5,,3.3,320,59,2000
102,백령도,2018-01-03 11:00,-3.5,,2.8,320,60,2000
102,백령도,2018-01-03 12:00,-3.3,,3.3,320,59,2000
102,백령도,2018-01-03 13:00,-3.3,,2.7,320,61,2000
102,백령도,2018-01-03 14:00,-3,,3.1,320,56,2000
102,백령도,2018-01-03 15:00,-3.6,0,2.7,320,59,2000
102,백령도,2018-01-03 16:00,-3.8,,2.8,320,60,2000
102,백령도,2018-01-03 17:00,-4.3,,3.1,340,60,2000
102,백령도,2018-01-03 18:00,-4.2,,3.3,320,60,2000
102,백령도,2018-01-03 19:00,-3.6,,3.1,320,61,2000
102,백령도,2018-01-03 20:00,-3.2,,3.3,320,56,2000
102,백령도,2018-01-03 21:00,-3.1,,3.4,320,56,2000
102,백령도,2018-01-03 22:00,-2.9,,3.9,320,56,2000
102,백령도,2018-01-03 23:00,-3.3,,3.2,340,56,2000
102,백령도,2018-01-04 00:00,-3.9,,3.9,320,57,2000
102,백령도,2018-01-04 01:00,-4.2,,3.4,340,56,2000
102,백령도,2018-01-04 02:00,-4.1,,3.3,340,57,2000
102,백령도,2018-01-04 03:00,-4.2,,3,340,57,2000
102,백령도,2018-01-04 04:00,-4.2,,2.7,340,58,2000
102,백령도,2018-01-04 05:00,-4.2,,3.4,340,60,2000
102,백령도,2018-01-04 06:00,-4.4,,3.4,340,60,2000
102,백령도,2018-01-04 07:00,-4.3,,2.9,360,62,2000
102,백령도,2018-01-04 08:00,-4.4,,2.5,360,63,2000
102,백령도,2018-01-04 09:00,-4.1,,2.6,360,61,2000
102,백령도,2018-01-04 10:00,-3.7,,2.2,320,60,2000
102,백령도,2018-01-04 11:00,-3,,2.2,340,58,2000
102,백령도,2018-01-04 12:00,-3.3,,3.1,320,62,2000
102,백령도,2018-01-04 13:00,-3.1,,3.1,320,62,2000
102,백령도,2018-01-04 14:00,-2.9,,3.3,320,62,2000
102,백령도,2018-01-04 15:00,-3.5,,2.5,360,66,2000
102,백령도,2018-01-04 16:00,-3.8,,2,340,70,2000
102,백령도,2018-01-04 17:00,-3.8,,1.7,360,72,2000
102,백령도,2018-01-04 18:00,-3.7,,1.8,340,71,2000
102,백령도,2018-01-04 19:00,-3.4,,2.1,320,72,2000
102,백령도,2018-01-04 20:00,-3.2,,1.8,320,73,2000
102,백령도,2018-01-04 21:00,-3.4,,1.5,320,72,2000
102,백령도,2018-01-04 22:00,-3.9,,2.2,50,76,2000
102,백령도,2018-01-04 23:00,-4.3,,1.4,50,75,2000
102,백령도,2018-01-05 00:00,-4.4,,1.5,360,68,2000
102,백령도,2018-01-05 01:00,-4,,1.4,340,65,2000
102,백령도,2018-01-05 02:00,-3.5,,1.5,360,71,2000
102,백령도,2018-01-05 03:00,-3.2,,1.4,20,77,2000
102,백령도,2018-01-05 04:00,-2.9,,1.4,360,73,2000
102,백령도,2018-01-05 05:00,-1.9,,3.4,320,63,2000
102,백령도,2018-01-05 06:00,-1.9,,3.4,290,64,2000
102,백령도,2018-01-05 07:00,-2.1,,3.5,290,67,1989
102,백령도,2018-01-05 08:00,-2.3,,4.1,290,65,2000
102,백령도,2018-01-05 09:00,-1.9,,3.8,290,65,2000
102,백령도,2018-01-05 10:00,-1.6,,3.7,290,64,2000
102,백령도,2018-01-05 11:00,-.8,,3.8,290,59,1944
102,백령도,2018-01-05 12:00,-.5,,4.5,290,56,1970
102,백령도,2018-01-05 13:00,-.2,,5.7,290,56,1982
102,백령도,2018-01-05 14:00,0,,4.5,290,54,2000
102,백령도,2018-01-05 15:00,.2,,3.9,290,54,2000
102,백령도,2018-01-05 16:00,-.1,,3.6,290,56,2000
102,백령도,2018-01-05 17:00,-.8,,3.6,290,60,2000
102,백령도,2018-01-05 18:00,-1.3,,3.8,290,63,2000
102,백령도,2018-01-05 19:00,-1,,3.5,320,54,2000
102,백령도,2018-01-05 20:00,-.8,,3.7,290,54,2000
102,백령도,2018-01-05 21:00,-.6,,4.4,290,49,2000
102,백령도,2018-01-05 22:00,-.1,,4.2,290,45,2000
102,백령도,2018-01-05 23:00,.2,,4.2,290,46,2000
102,백령도,2018-01-06 00:00,.2,,5.8,290,47,2000
102,백령도,2018-01-06 01:00,.1,,4.4,290,47,2000
102,백령도,2018-01-06 02:00,-.2,,4.3,290,52,2000
102,백령도,2018-01-06 03:00,-1,,3.1,320,57,2000
102,백령도,2018-01-06 04:00,-1.4,,2.7,360,54,2000
102,백령도,2018-01-06 05:00,-1.6,,2.3,340,53,2000
102,백령도,2018-01-06 06:00,-1.7,,2.6,340,53,2000
102,백령도,2018-01-06 07:00,-1.6,,2.3,340,56,2000
102,백령도,2018-01-06 08:00,-1.7,,2.2,360,55,2000
102,백령도,2018-01-06 09:00,-1,,2.2,360,48,2000
102,백령도,2018-01-06 10:00,-.3,,1.6,360,47,1961
102,백령도,2018-01-06 11:00,.2,,2,340,47,1975
102,백령도,2018-01-06 12:00,.7,,2.6,320,49,1943
102,백령도,2018-01-06 13:00,.7,,3.4,290,48,2000
102,백령도,2018-01-06 14:00,1.1,,2.9,320,49,1985
102,백령도,2018-01-06 15:00,.8,,2.3,320,52,2000
102,백령도,2018-01-06 16:00,-.2,,2.7,320,53,2000
102,백령도,2018-01-06 17:00,-1.1,,2.3,320,57,2000
102,백령도,2018-01-06 18:00,-1.7,,1.5,320,59,2000
102,백령도,2018-01-06 19:00,-1.7,,2,360,62,2000
102,백령도,2018-01-06 20:00,-1.7,,1.4,50,63,2000
102,백령도,2018-01-06 21:00,-1.4,,2,320,65,2000
102,백령도,2018-01-06 22:00,-1.1,,2.5,320,65,2000
102,백령도,2018-01-06 23:00,-.8,,2.4,340,64,2000
102,백령도,2018-01-07 00:00,-1,,2.1,50,69,2000
102,백령도,2018-01-07 01:00,-1.7,,2.6,50,73,1914
102,백령도,2018-01-07 02:00,-1.3,,3,50,71,1996
102,백령도,2018-01-07 03:00,-1.2,,1,70,68,1997
102,백령도,2018-01-07 04:00,-1.8,,3.4,50,70,2000
102,백령도,2018-01-07 05:00,-1.4,,3.9,50,57,2000
102,백령도,2018-01-07 06:00,-1.4,,6,50,60,2000
102,백령도,2018-01-07 07:00,-1.9,,4.2,50,57,2000
102,백령도,2018-01-07 08:00,-2.3,,2.8,70,58,2000
102,백령도,2018-01-07 09:00,-1.6,,2.1,90,56,2000
102,백령도,2018-01-07 10:00,-1,,1.2,160,53,2000
102,백령도,2018-01-07 11:00,.5,,1.2,90,41,2000
102,백령도,2018-01-07 12:00,.7,,1.6,90,32,2000
102,백령도,2018-01-07 13:00,.2,,3.2,90,46,2000
102,백령도,2018-01-07 14:00,.3,,2.2,70,44,2000
102,백령도,2018-01-07 15:00,.4,,1.4,90,53,1944
102,백령도,2018-01-07 16:00,.5,,1.2,70,47,2000
102,백령도,2018-01-07 17:00,.2,,.6,70,57,1999
102,백령도,2018-01-07 18:00,-.2,,.4,0,60,2000
102,백령도,2018-01-07 19:00,0,,0,0,59,2000
102,백령도,2018-01-07 20:00,.1,,1.6,140,58,2000
102,백령도,2018-01-07 21:00,.2,,1.6,110,55,2000
102,백령도,2018-01-07 22:00,-.2,,1.9,90,51,2000
102,백령도,2018-01-07 23:00,.1,,2.4,90,49,2000
102,백령도,2018-01-08 00:00,.2,,1.3,90,48,2000
102,백령도,2018-01-08 01:00,.4,,1.3,110,46,2000
102,백령도,2018-01-08 02:00,.6,,.8,200,47,2000
102,백령도,2018-01-08 03:00,.6,,.5,160,50,2000
102,백령도,2018-01-08 04:00,.8,,1.8,270,56,2000
102,백령도,2018-01-08 05:00,.9,,1.7,230,60,2000
102,백령도,2018-01-08 06:00,1.3,,1.9,250,67,2000
102,백령도,2018-01-08 07:00,1.5,,3.7,250,71,2000
102,백령도,2018-01-08 08:00,1.9,,4.5,270,72,2000
102,백령도,2018-01-08 09:00,1.6,0,5.2,290,86,2000
102,백령도,2018-01-08 10:00,.3,,3.1,290,94,166
102,백령도,2018-01-08 11:00,1.6,,.7,320,95,1498
102,백령도,2018-01-08 12:00,1.7,.4,1.9,290,94,1337
102,백령도,2018-01-08 13:00,1.2,,3.3,270,95,850
102,백령도,2018-01-08 14:00,.8,,7.1,270,95,274
102,백령도,2018-01-08 15:00,1,1,8.5,270,95,552
102,백령도,2018-01-08 16:00,1.6,,8.1,270,64,1968
102,백령도,2018-01-08 17:00,1.3,,11.3,290,71,1549
102,백령도,2018-01-08 18:00,-.6,.1,12,290,92,444
102,백령도,2018-01-08 19:00,.4,,14.6,290,47,1575
102,백령도,2018-01-08 20:00,-.4,,12.9,290,53,1789
102,백령도,2018-01-08 21:00,-1.5,0,15.8,290,58,1644
102,백령도,2018-01-08 22:00,-2.9,,15.1,290,76,230
102,백령도,2018-01-08 23:00,-3.5,,12.2,290,84,161
102,백령도,2018-01-09 00:00,-2.4,0,12.9,290,51,2000
102,백령도,2018-01-09 01:00,-2.9,,10.6,290,44,2000
102,백령도,2018-01-09 02:00,-3.4,,11.2,290,56,1699
102,백령도,2018-01-09 03:00,-2.9,0,13.2,290,47,2000
102,백령도,2018-01-09 04:00,-3.5,,12,290,47,1864
102,백령도,2018-01-09 05:00,-3.5,,9.5,290,50,2000
102,백령도,2018-01-09 06:00,-3.6,,12.2,290,50,2000
102,백령도,2018-01-09 07:00,-3.6,,9.4,290,50,2000
102,백령도,2018-01-09 08:00,-3.7,,8.7,290,53,2000
102,백령도,2018-01-09 09:00,-3.7,0,10.5,290,55,1765
102,백령도,2018-01-09 10:00,-3.3,,9.8,290,52,1982
102,백령도,2018-01-09 11:00,-3.4,,10,290,60,1674
102,백령도,2018-01-09 12:00,-3.2,0,8.7,290,57,1854
102,백령도,2018-01-09 13:00,-2.4,,6.6,290,53,1979
102,백령도,2018-01-09 14:00,-2.9,,6.2,290,54,1602
102,백령도,2018-01-09 15:00,-1.5,0,3.9,290,52,2000
102,백령도,2018-01-09 16:00,-2.1,,3.7,290,65,1388
102,백령도,2018-01-09 17:00,-3.1,,1,320,93,1220
102,백령도,2018-01-09 18:00,-2,.3,6.4,290,86,1676
102,백령도,2018-01-09 19:00,-1.9,,7.6,290,73,2000
102,백령도,2018-01-09 20:00,-1.3,,7.9,290,55,1976
102,백령도,2018-01-09 21:00,-2.8,.2,1.5,250,76,2000
102,백령도,2018-01-09 22:00,-4.1,,3,70,93,890
102,백령도,2018-01-09 23:00,-4.9,,4.2,50,93,110
102,백령도,2018-01-10 00:00,-5.1,1,2.7,50,93,120
102,백령도,2018-01-10 01:00,-5.2,,2.7,50,93,584
102,백령도,2018-01-10 02:00,-3.7,,6.7,290,44,1777
102,백령도,2018-01-10 03:00,-4.4,0,4.5,290,55,1983
102,백령도,2018-01-10 04:00,-4.6,,6.7,290,43,1995
102,백령도,2018-01-10 05:00,-4.8,,5.8,290,47,1864
102,백령도,2018-01-10 06:00,-5.5,0,7.3,290,49,1954
102,백령도,2018-01-10 07:00,-5.8,,8,290,42,1863
102,백령도,2018-01-10 08:00,-5.9,,9,290,42,2000
102,백령도,2018-01-10 09:00,-6.1,0,6.3,290,57,1894
102,백령도,2018-01-10 10:00,-6.4,,6.6,290,62,1779
102,백령도,2018-01-10 11:00,-7,,5.2,290,78,577
102,백령도,2018-01-10 12:00,-7.7,0,5,290,90,110
102,백령도,2018-01-10 13:00,-7.6,,4.1,320,84,443
102,백령도,2018-01-10 14:00,-7.8,,4.7,290,81,298
102,백령도,2018-01-10 15:00,-8,0,4.3,290,81,520
102,백령도,2018-01-10 16:00,-7.6,,3.9,290,82,631
102,백령도,2018-01-10 17:00,-8.1,,5.1,290,85,329
102,백령도,2018-01-10 18:00,-8.2,0,8.5,290,71,947
102,백령도,2018-01-10 19:00,-7.6,,7.3,290,61,1578
102,백령도,2018-01-10 20:00,-7.8,,5.5,320,73,1099
102,백령도,2018-01-10 21:00,-8.7,0,6,290,81,117
102,백령도,2018-01-10 22:00,-8.6,,4.9,320,75,602
102,백령도,2018-01-10 23:00,-8.9,,4.8,290,64,1224
102,백령도,2018-01-11 00:00,-9.2,.2,5.1,320,63,920
102,백령도,2018-01-11 01:00,-9.3,,4.6,290,74,418
102,백령도,2018-01-11 02:00,-9.4,,4.9,320,68,1095
102,백령도,2018-01-11 03:00,-9.4,0,5.5,320,65,1062
102,백령도,2018-01-11 04:00,-9.2,,4,320,62,1909
102,백령도,2018-01-11 05:00,-9.9,,4.2,320,81,426
102,백령도,2018-01-11 06:00,-9.8,.2,4.5,320,67,1820
102,백령도,2018-01-11 07:00,-10,,4.5,290,69,878
102,백령도,2018-01-11 08:00,-10.1,,5.7,320,62,1405
102,백령도,2018-01-11 09:00,-10.7,.1,4.5,320,67,518
102,백령도,2018-01-11 10:00,-10.3,,4.4,320,69,695
102,백령도,2018-01-11 11:00,-10,,5.4,290,59,1349
102,백령도,2018-01-11 12:00,-9.8,0,5.1,320,63,1053
102,백령도,2018-01-11 13:00,-9.8,,5.1,320,64,1053
102,백령도,2018-01-11 14:00,-9.7,,4.5,320,73,414
102,백령도,2018-01-11 15:00,-9.7,0,4.1,320,61,1695
102,백령도,2018-01-11 16:00,-9.8,,4.5,290,68,758
102,백령도,2018-01-11 17:00,-9.7,,5.4,290,73,740
102,백령도,2018-01-11 18:00,-9.9,.2,5.8,290,76,593
102,백령도,2018-01-11 19:00,-9.4,,5.7,290,68,1515
102,백령도,2018-01-11 20:00,-9.3,,5.4,290,63,1577
102,백령도,2018-01-11 21:00,-9.8,0,4.9,320,72,322
102,백령도,2018-01-11 22:00,-9.7,,4,320,69,1019
102,백령도,2018-01-11 23:00,-10,,4.3,320,59,1987
102,백령도,2018-01-12 00:00,-10.1,0,4.6,320,62,1087
102,백령도,2018-01-12 01:00,-9.9,,5.3,290,62,1277
102,백령도,2018-01-12 02:00,-9.7,,3.3,320,63,2000
102,백령도,2018-01-12 03:00,-9.6,0,2.2,320,63,2000
102,백령도,2018-01-12 04:00,-9.4,,4.9,320,60,2000
102,백령도,2018-01-12 05:00,-9.2,,4.9,290,58,2000
102,백령도,2018-01-12 06:00,-9,0,4.2,320,59,2000
102,백령도,2018-01-12 07:00,-8.7,,4.4,290,59,2000
102,백령도,2018-01-12 08:00,-8.5,,3.8,320,61,2000
102,백령도,2018-01-12 09:00,-8.1,0,3.7,290,59,2000
102,백령도,2018-01-12 10:00,-7.4,,2.8,320,57,1986
102,백령도,2018-01-12 11:00,-6.2,,2.5,320,49,1990
102,백령도,2018-01-12 12:00,-4.9,0,1.8,360,48,2000
102,백령도,2018-01-12 13:00,-5.1,,1.4,50,49,2000
102,백령도,2018-01-12 14:00,-5.1,,1.3,50,54,2000
102,백령도,2018-01-12 15:00,-5.5,,2.5,110,57,2000
102,백령도,2018-01-12 16:00,-4.7,,2.4,160,62,2000
102,백령도,2018-01-12 17:00,-5.5,,3.6,140,71,2000
102,백령도,2018-01-12 18:00,-5.5,0,4.3,110,89,680
102,백령도,2018-01-12 19:00,-4.4,,5.4,110,93,772
102,백령도,2018-01-12 20:00,-3.8,,6.7,110,94,313
102,백령도,2018-01-12 21:00,-3.8,.3,3.7,90,94,317
102,백령도,2018-01-12 22:00,-4.5,,4,90,94,657
102,백령도,2018-01-12 23:00,-5.2,,4.9,90,94,749
102,백령도,2018-01-13 00:00,-5.3,.1,4.8,90,94,1064
102,백령도,2018-01-13 01:00,-5,,4.6,90,94,1129
102,백령도,2018-01-13 02:00,-3.9,,4.5,110,94,851
102,백령도,2018-01-13 03:00,-3.4,0,4,140,94,656
102,백령도,2018-01-13 04:00,-3.3,,4,110,94,1015
102,백령도,2018-01-13 05:00,-3.7,,2.9,90,94,1156
102,백령도,2018-01-13 06:00,-2.9,0,2.2,140,94,945
102,백령도,2018-01-13 07:00,-3.2,,1.9,110,93,872
102,백령도,2018-01-13 08:00,-3.1,,4.6,140,94,507
102,백령도,2018-01-13 09:00,-2.8,0,5,110,94,282
102,백령도,2018-01-13 10:00,-2.2,,4.4,110,95,451
102,백령도,2018-01-13 11:00,-1.8,,4,110,95,336
102,백령도,2018-01-13 12:00,-1.2,0,3.7,110,95,282
102,백령도,2018-01-13 13:00,-1.6,,3.5,110,94,296
102,백령도,2018-01-13 14:00,-1.1,,3.6,110,94,658
102,백령도,2018-01-13 15:00,-1.1,,4.2,110,94,476
102,백령도,2018-01-13 16:00,-.8,,4.8,140,94,499
102,백령도,2018-01-13 17:00,-.1,,4.9,110,95,190
102,백령도,2018-01-13 18:00,.4,,4.8,110,95,172
102,백령도,2018-01-13 19:00,.5,,5,110,95,153
102,백령도,2018-01-13 20:00,.4,,4.4,110,95,129
102,백령도,2018-01-13 21:00,-.4,,4.9,90,95,58
102,백령도,2018-01-13 22:00,-.5,,5,90,96,28
102,백령도,2018-01-13 23:00,-.3,,5.6,90,96,37
102,백령도,2018-01-14 00:00,-.4,,5.6,90,96,49
102,백령도,2018-01-14 01:00,-.3,,5.8,90,96,71
102,백령도,2018-01-14 02:00,0,,5.4,110,96,86
102,백령도,2018-01-14 03:00,-.3,,5.8,110,96,62
102,백령도,2018-01-14 04:00,-.2,,6.3,110,96,38
102,백령도,2018-01-14 05:00,.1,,4.6,110,96,64
102,백령도,2018-01-14 06:00,3.8,,7.4,230,92,2000
102,백령도,2018-01-14 07:00,3.9,,5.5,230,70,2000
102,백령도,2018-01-14 08:00,4,,3.6,230,68,1979
102,백령도,2018-01-14 09:00,4.3,,5.2,230,69,2000
102,백령도,2018-01-14 10:00,4.5,,4.4,230,68,1991
102,백령도,2018-01-14 11:00,5.1,,4.8,230,66,2000
102,백령도,2018-01-14 12:00,5.2,,7,230,69,1924
102,백령도,2018-01-14 13:00,5.3,,7,230,70,2000
102,백령도,2018-01-14 14:00,5.7,,11.8,200,72,2000
102,백령도,2018-01-14 15:00,5.7,,12.6,200,71,2000
102,백령도,2018-01-14 16:00,5.8,,11.2,200,74,2000
102,백령도,2018-01-14 17:00,5.7,,10.4,200,77,2000
102,백령도,2018-01-14 18:00,5.8,,8.7,230,81,2000
102,백령도,2018-01-14 19:00,5.8,,6.6,230,82,2000
102,백령도,2018-01-14 20:00,6,,11.7,200,80,2000
102,백령도,2018-01-14 21:00,6.1,,8,230,83,2000
102,백령도,2018-01-14 22:00,6.2,,8,230,86,2000
102,백령도,2018-01-14 23:00,6.2,,8.9,270,86,2000
102,백령도,2018-01-15 00:00,5.5,,9.5,270,89,2000
102,백령도,2018-01-15 01:00,4.6,,5.7,270,78,1946
102,백령도,2018-01-15 02:00,4.1,,5.2,290,74,1588
102,백령도,2018-01-15 03:00,3.7,,5.6,290,75,1012
102,백령도,2018-01-15 04:00,3.5,,6.1,290,76,639
102,백령도,2018-01-15 05:00,2.5,,5.8,290,77,495
102,백령도,2018-01-15 06:00,2,,2.3,320,77,497
102,백령도,2018-01-15 07:00,1.7,,2,320,79,617
102,백령도,2018-01-15 08:00,1.6,,1.5,340,81,519
102,백령도,2018-01-15 09:00,1.7,,1,360,84,507
102,백령도,2018-01-15 10:00,2.7,,1.8,70,74,856
102,백령도,2018-01-15 11:00,3.4,,2.2,70,65,1078
102,백령도,2018-01-15 12:00,4,,1.2,320,60,1252
102,백령도,2018-01-15 13:00,3,,1.6,320,64,1049
102,백령도,2018-01-15 14:00,3.3,,1.3,20,62,1280
102,백령도,2018-01-15 15:00,3,,1.6,20,65,1396
102,백령도,2018-01-15 16:00,1.8,,2.1,50,69,1551
102,백령도,2018-01-15 17:00,1.2,,.9,50,69,1644
102,백령도,2018-01-15 18:00,1,,1.4,20,62,1918
102,백령도,2018-01-15 19:00,.9,,1.2,320,66,1971
102,백령도,2018-01-15 20:00,.9,,1,290,67,1942
102,백령도,2018-01-15 21:00,.8,,2.9,250,73,1836
102,백령도,2018-01-15 22:00,1.2,,1.5,340,75,1832
102,백령도,2018-01-15 23:00,1.1,,2.1,200,73,1955
102,백령도,2018-01-16 00:00,1.5,,1.3,250,71,2000
102,백령도,2018-01-16 01:00,1.9,,1.5,270,68,1999
102,백령도,2018-01-16 02:00,1.8,,2,160,69,1968
102,백령도,2018-01-16 03:00,1.8,,2.5,140,78,1778
102,백령도,2018-01-16 04:00,1.7,,2,110,80,1735
102,백령도,2018-01-16 05:00,1.4,,3.6,110,87,1290
102,백령도,2018-01-16 06:00,1.9,,3.9,140,86,1550
102,백령도,2018-01-16 07:00,1.8,,4.3,90,88,1382
102,백령도,2018-01-16 08:00,1.9,,4.9,90,81,1330
102,백령도,2018-01-16 09:00,1.6,0,5.7,110,86,904
102,백령도,2018-01-16 10:00,1.5,,6,90,86,739
102,백령도,2018-01-16 11:00,1.3,,5.2,90,89,535
102,백령도,2018-01-16 12:00,.6,.5,4.1,70,93,252
102,백령도,2018-01-16 13:00,.9,,3.7,90,93,477
102,백령도,2018-01-16 14:00,1.3,,3.9,90,89,557
102,백령도,2018-01-16 15:00,1.6,0,3.6,110,89,524
102,백령도,2018-01-16 16:00,1.8,,4,70,87,558
102,백령도,2018-01-16 17:00,1.7,,4.6,110,82,644
102,백령도,2018-01-16 18:00,1.5,,4.2,90,90,559
102,백령도,2018-01-16 19:00,1.4,,5,110,93,336
102,백령도,2018-01-16 20:00,1.4,,2.9,110,93,407
102,백령도,2018-01-16 21:00,1.1,,2.2,70,94,295
102,백령도,2018-01-16 22:00,1.2,,2.3,70,94,234
102,백령도,2018-01-16 23:00,1.2,,2.7,50,95,211
102,백령도,2018-01-17 00:00,1.2,,2.8,70,95,250
102,백령도,2018-01-17 01:00,1.3,,3.1,70,95,324
102,백령도,2018-01-17 02:00,1.6,,2.9,70,95,326
102,백령도,2018-01-17 03:00,1.8,,2.1,70,95,588
102,백령도,2018-01-17 04:00,1.6,,2.3,70,93,472
102,백령도,2018-01-17 05:00,1.8,,1.9,70,93,614
102,백령도,2018-01-17 06:00,1.9,,1.4,70,92,644
102,백령도,2018-01-17 07:00,2.6,,.9,20,81,845
102,백령도,2018-01-17 08:00,2.1,,1.1,70,83,825
102,백령도,2018-01-17 09:00,2.3,,.9,320,82,806
102,백령도,2018-01-17 10:00,2.9,,.5,290,82,809
102,백령도,2018-01-17 11:00,3.4,,2.2,250,84,732
102,백령도,2018-01-17 12:00,4.4,,1.3,270,77,831
102,백령도,2018-01-17 13:00,5.3,,1.9,200,78,799
102,백령도,2018-01-17 14:00,6.2,,2.7,200,65,826
102,백령도,2018-01-17 15:00,5.6,,1.6,180,71,850
102,백령도,2018-01-17 16:00,4.4,,2.4,200,83,718
102,백령도,2018-01-17 17:00,3.8,,1.4,200,92,541
102,백령도,2018-01-17 18:00,4,,4.9,270,84,310
102,백령도,2018-01-17 19:00,3.4,,3.3,270,75,666
102,백령도,2018-01-17 20:00,3.5,,4.2,290,72,807
102,백령도,2018-01-17 21:00,3.2,,4.8,290,71,980
102,백령도,2018-01-17 22:00,3.1,,3.8,290,69,1263
102,백령도,2018-01-17 23:00,3,,4.5,290,71,1331
102,백령도,2018-01-18 00:00,2.9,,4.6,290,71,1929
102,백령도,2018-01-18 01:00,2.8,,3.5,290,70,1815
102,백령도,2018-01-18 02:00,2.7,,3.7,290,62,2000
102,백령도,2018-01-18 03:00,1.2,,1.6,50,92,389
102,백령도,2018-01-18 04:00,.7,,1.5,50,94,462
102,백령도,2018-01-18 05:00,.6,,1.5,50,92,648
102,백령도,2018-01-18 06:00,.5,,1.1,20,73,1169
102,백령도,2018-01-18 07:00,.3,,1.4,20,83,897
102,백령도,2018-01-18 08:00,0,,1.1,360,80,965
102,백령도,2018-01-18 09:00,.3,,1.1,340,76,1131
102,백령도,2018-01-18 10:00,.8,,1.4,320,66,1481
102,백령도,2018-01-18 11:00,1.4,,.8,340,57,1874
102,백령도,2018-01-18 12:00,1.8,,.8,320,51,2000
102,백령도,2018-01-18 13:00,2.1,,.8,50,55,1973
102,백령도,2018-01-18 14:00,2.3,,1,360,50,1961
102,백령도,2018-01-18 15:00,1.7,,1.2,20,56,1988
102,백령도,2018-01-18 16:00,1.6,,1,20,57,2000
102,백령도,2018-01-18 17:00,.3,,1.3,50,64,1963
102,백령도,2018-01-18 18:00,-.2,,1.5,20,60,2000
102,백령도,2018-01-18 19:00,-.5,,1.6,70,58,2000
102,백령도,2018-01-18 20:00,-.5,,1.2,70,53,2000
102,백령도,2018-01-18 21:00,0,,1,140,44,2000
102,백령도,2018-01-18 22:00,-.1,,.9,90,42,2000
102,백령도,2018-01-18 23:00,.3,,.4,0,49,2000
102,백령도,2018-01-19 00:00,-.1,,1.7,70,50,2000
102,백령도,2018-01-19 01:00,.1,,1.9,70,55,2000
102,백령도,2018-01-19 02:00,.3,,1.9,110,54,2000
102,백령도,2018-01-19 03:00,.3,,2.1,140,57,2000
102,백령도,2018-01-19 04:00,.2,,2.4,140,59,2000
102,백령도,2018-01-19 05:00,.2,,3.4,140,66,2000
102,백령도,2018-01-19 06:00,.7,,3.1,180,64,2000
102,백령도,2018-01-19 07:00,.9,,2.8,180,68,2000
102,백령도,2018-01-19 08:00,1,,3,200,69,2000
102,백령도,2018-01-19 09:00,1.8,,1.6,200,63,2000
102,백령도,2018-01-19 10:00,3,,2.9,200,55,1913
102,백령도,2018-01-19 11:00,3.7,,3.3,250,50,1820
102,백령도,2018-01-19 12:00,4.5,,3.1,200,49,1965
102,백령도,2018-01-19 13:00,5.3,,3.8,230,46,1942
102,백령도,2018-01-19 14:00,5.5,,3,250,48,1920
102,백령도,2018-01-19 15:00,4.7,,6.4,250,50,1644
102,백령도,2018-01-19 16:00,4.9,,4.8,250,44,1991
102,백령도,2018-01-19 17:00,4.4,,4.4,250,46,1994
102,백령도,2018-01-19 18:00,3.7,,6.1,270,53,1648
102,백령도,2018-01-19 19:00,3.5,,5.5,270,57,1153
102,백령도,2018-01-19 20:00,3.5,,5.7,270,63,520
102,백령도,2018-01-19 21:00,3.7,,5.2,270,64,326
102,백령도,2018-01-19 22:00,3.6,,5.2,270,68,220
102,백령도,2018-01-19 23:00,3.7,,3.6,270,71,215
102,백령도,2018-01-20 00:00,3.6,,3.3,290,73,196
102,백령도,2018-01-20 01:00,3.4,,3.3,290,75,192
102,백령도,2018-01-20 02:00,3.4,,2.7,290,78,192
102,백령도,2018-01-20 03:00,3.2,,2.8,290,81,195
102,백령도,2018-01-20 04:00,3.2,,3.2,270,78,224
102,백령도,2018-01-20 05:00,3.1,,3.7,270,80,205
102,백령도,2018-01-20 06:00,3.3,,4.7,290,71,207
102,백령도,2018-01-20 07:00,3.4,,3.2,290,73,196
102,백령도,2018-01-20 08:00,2.7,,4.2,290,74,178
102,백령도,2018-01-20 09:00,2.5,,2.7,290,71,167
102,백령도,2018-01-20 10:00,2.6,,1.8,320,77,147
102,백령도,2018-01-20 11:00,2.7,,2,320,79,206
102,백령도,2018-01-20 12:00,2.8,,1.9,340,75,287
102,백령도,2018-01-20 13:00,3.2,,1.5,360,68,501
102,백령도,2018-01-20 14:00,3,,1.9,360,67,572
102,백령도,2018-01-20 15:00,1.9,,2.3,50,75,418
102,백령도,2018-01-20 16:00,1.9,,1.4,360,61,792
102,백령도,2018-01-20 17:00,1.1,,1.5,360,47,1942
102,백령도,2018-01-20 18:00,.5,,1.4,340,56,1905
102,백령도,2018-01-20 19:00,.3,,1.8,360,54,2000
102,백령도,2018-01-20 20:00,.2,,1.4,20,49,2000
102,백령도,2018-01-20 21:00,0,,2.2,20,47,2000
102,백령도,2018-01-20 22:00,-.2,,2.2,20,44,2000
102,백령도,2018-01-20 23:00,-.9,,3.5,50,48,2000
102,백령도,2018-01-21 00:00,-1.2,,3.2,50,44,2000
102,백령도,2018-01-21 01:00,-1.5,,3,50,45,2000
102,백령도,2018-01-21 02:00,-1.6,,3.8,50,42,2000
102,백령도,2018-01-21 03:00,-1.9,,3.3,50,43,2000
102,백령도,2018-01-21 04:00,-2.3,,4.4,50,45,2000
102,백령도,2018-01-21 05:00,-2.2,,4.1,50,37,2000
102,백령도,2018-01-21 06:00,-2.6,,2.8,50,39,2000
102,백령도,2018-01-21 07:00,-2.5,,2.8,50,42,2000
102,백령도,2018-01-21 08:00,-2.8,,4.2,70,38,2000
102,백령도,2018-01-21 09:00,-2,,3.2,70,33,2000
102,백령도,2018-01-21 10:00,-1.3,,3.5,70,27,2000
102,백령도,2018-01-21 11:00,-.7,,2.8,70,25,2000
102,백령도,2018-01-21 12:00,-.3,,2.7,70,25,2000
102,백령도,2018-01-21 13:00,-.1,,.9,50,26,2000
102,백령도,2018-01-21 14:00,-.5,,1.7,70,29,2000
102,백령도,2018-01-21 15:00,.7,,3.3,70,30,2000
102,백령도,2018-01-21 16:00,-.1,,3.7,90,27,2000
102,백령도,2018-01-21 17:00,-.5,,2.5,90,26,2000
102,백령도,2018-01-21 18:00,-.9,,2.7,70,34,2000
102,백령도,2018-01-21 19:00,-.1,,1.3,70,34,2000
102,백령도,2018-01-21 20:00,-.3,,1.8,70,35,2000
102,백령도,2018-01-21 21:00,-.4,,2.2,70,43,2000
102,백령도,2018-01-21 22:00,-.3,,2.1,70,43,2000
102,백령도,2018-01-21 23:00,-.4,,1.9,70,42,2000
102,백령도,2018-01-22 00:00,-.3,,2.4,70,44,2000
102,백령도,2018-01-22 01:00,-.4,,2.5,70,42,2000
102,백령도,2018-01-22 02:00,-.3,,2.4,70,43,2000
102,백령도,2018-01-22 03:00,-.3,,2.9,70,43,2000
102,백령도,2018-01-22 04:00,-.4,,2.7,70,45,2000
102,백령도,2018-01-22 05:00,-1.3,,3.6,70,53,1897
102,백령도,2018-01-22 06:00,-1.9,0,4.4,70,70,1774
102,백령도,2018-01-22 07:00,-2.9,,4.9,70,88,120
102,백령도,2018-01-22 08:00,-2.9,,5.5,70,93,338
102,백령도,2018-01-22 09:00,-2.5,1,4.2,70,93,935
102,백령도,2018-01-22 10:00,-2.3,,5.1,70,93,1013
102,백령도,2018-01-22 11:00,-2,,3.4,70,93,323
102,백령도,2018-01-22 12:00,-2.9,1,2,20,94,167
102,백령도,2018-01-22 13:00,-2.9,,2.6,20,94,182
102,백령도,2018-01-22 14:00,-3,,3.6,20,93,553
102,백령도,2018-01-22 15:00,-3.3,0,3.7,20,90,545
102,백령도,2018-01-22 16:00,-3.1,,3.2,20,91,556
102,백령도,2018-01-22 17:00,-3.9,,3.1,340,88,902
102,백령도,2018-01-22 18:00,-4.1,0,2.7,320,86,1141
102,백령도,2018-01-22 19:00,-4.6,,4.1,320,76,1758
102,백령도,2018-01-22 20:00,-5,,5.1,320,71,1888
102,백령도,2018-01-22 21:00,-5.8,,5.2,290,58,1900
102,백령도,2018-01-22 22:00,-6.6,,7,290,54,1818
102,백령도,2018-01-22 23:00,-7.4,,5.7,320,49,1990
102,백령도,2018-01-23 00:00,-7.9,,6,320,49,2000
102,백령도,2018-01-23 01:00,-8.8,,5.3,320,51,2000
102,백령도,2018-01-23 02:00,-9.4,,5.7,320,55,1978
102,백령도,2018-01-23 03:00,-10.3,,6.2,320,54,1941
102,백령도,2018-01-23 04:00,-10.6,,4.8,320,57,2000
102,백령도,2018-01-23 05:00,-10.8,,5.5,320,52,2000
102,백령도,2018-01-23 06:00,-11,,4.9,320,54,1939
102,백령도,2018-01-23 07:00,-11.1,,4.6,320,60,1065
102,백령도,2018-01-23 08:00,-11.1,,3.7,320,61,1112
102,백령도,2018-01-23 09:00,-11.1,0,3.6,320,67,722
102,백령도,2018-01-23 10:00,-10.6,,4.3,320,61,1416
102,백령도,2018-01-23 11:00,-10,,4.7,290,57,1397
102,백령도,2018-01-23 12:00,-10.2,0,4,320,72,386
102,백령도,2018-01-23 13:00,-9.6,,4.4,290,74,284
102,백령도,2018-01-23 14:00,-10.3,,4.3,320,82,110
102,백령도,2018-01-23 15:00,-10.4,.5,3.9,320,86,123
102,백령도,2018-01-23 16:00,-10.5,,5,290,78,558
102,백령도,2018-01-23 17:00,-10.7,,3.5,320,79,270
102,백령도,2018-01-23 18:00,-10.8,.2,5.3,290,66,1370
102,백령도,2018-01-23 19:00,-11.2,,3.3,320,69,731
102,백령도,2018-01-23 20:00,-11.2,,2.9,340,73,357
102,백령도,2018-01-23 21:00,-11.3,.1,3.2,320,75,833
102,백령도,2018-01-23 22:00,-11.2,,3.7,320,73,617
102,백령도,2018-01-23 23:00,-11.1,,2.9,320,51,1874
102,백령도,2018-01-24 00:00,-11,0,2.6,360,56,2000
102,백령도,2018-01-24 01:00,-11,,4.4,320,56,736
102,백령도,2018-01-24 02:00,-11,,3.5,320,67,367
102,백령도,2018-01-24 03:00,-11.1,0,3.6,340,68,444
102,백령도,2018-01-24 04:00,-11.3,,2.8,340,70,416
102,백령도,2018-01-24 05:00,-11,,3,360,82,367
102,백령도,2018-01-24 06:00,-11.5,0,3.2,20,79,184
102,백령도,2018-01-24 07:00,-11.8,,3.4,360,81,209
102,백령도,2018-01-24 08:00,-11.7,,3.3,340,69,858
102,백령도,2018-01-24 09:00,-11.7,.3,2.9,320,68,749
102,백령도,2018-01-24 10:00,-11.6,,3,320,67,654
102,백령도,2018-01-24 11:00,-11.8,,4.1,320,72,277
102,백령도,2018-01-24 12:00,-11.4,0,2.9,340,73,472
102,백령도,2018-01-24 13:00,-11.7,,2.9,320,81,100
102,백령도,2018-01-24 14:00,-11.2,,3.8,320,70,486
102,백령도,2018-01-24 15:00,-11.3,0,4.7,320,68,725
102,백령도,2018-01-24 16:00,-11.7,,3.8,320,70,520
102,백령도,2018-01-24 17:00,-12.2,,2.8,340,64,1150
102,백령도,2018-01-24 18:00,-12.3,0,3,340,69,622
102,백령도,2018-01-24 19:00,-11.8,,2.4,340,65,1426
102,백령도,2018-01-24 20:00,-11.5,,3.5,340,59,1610
102,백령도,2018-01-24 21:00,-11.3,0,3.1,320,66,999
102,백령도,2018-01-24 22:00,-11.1,,3.7,340,59,2000
102,백령도,2018-01-24 23:00,-11.2,,3.1,340,57,1848
102,백령도,2018-01-25 00:00,-11.2,0,2.9,340,58,2000
102,백령도,2018-01-25 01:00,-11.2,,3.9,360,56,2000
102,백령도,2018-01-25 02:00,-11.2,,3.9,360,57,1942
102,백령도,2018-01-25 03:00,-11.4,0,3.8,360,55,1893
102,백령도,2018-01-25 04:00,-11.8,,3.7,360,57,2000
102,백령도,2018-01-25 05:00,-11.6,,3.3,360,58,2000
102,백령도,2018-01-25 06:00,-11.5,0,3.2,360,61,2000
102,백령도,2018-01-25 07:00,-11.8,,3.4,320,58,1815
102,백령도,2018-01-25 08:00,-12.1,,3.8,340,58,2000
102,백령도,2018-01-25 09:00,-11.9,0,3.9,340,60,2000
102,백령도,2018-01-25 10:00,-11.5,,3.9,340,59,2000
102,백령도,2018-01-25 11:00,-11.1,,3,340,57,2000
102,백령도,2018-01-25 12:00,-11.4,,3.6,340,59,2000
102,백령도,2018-01-25 13:00,-11.3,,4,340,58,1100
102,백령도,2018-01-25 14:00,-11.4,,4.4,340,61,1800
102,백령도,2018-01-25 15:00,-11.7,0,4.4,320,61,850
102,백령도,2018-01-25 16:00,-11.6,,4.8,320,62,1800
102,백령도,2018-01-25 17:00,-11.3,,4.9,320,67,762
102,백령도,2018-01-25 18:00,-11.2,0,4.9,320,65,2000
102,백령도,2018-01-25 19:00,-11.2,,4.6,320,65,396
102,백령도,2018-01-25 20:00,-11.4,,3.6,340,63,2000
102,백령도,2018-01-25 21:00,-11.6,0,5.2,320,67,2000
102,백령도,2018-01-25 22:00,-11.7,,4,320,64,1372
102,백령도,2018-01-25 23:00,-12,,3.4,340,65,1315
102,백령도,2018-01-26 00:00,-12.4,0,3.7,340,70,430
102,백령도,2018-01-26 01:00,-13.1,,3.8,360,72,332
102,백령도,2018-01-26 02:00,-12.8,,3.5,340,74,244
102,백령도,2018-01-26 03:00,-13.1,0,4.4,360,68,1411
102,백령도,2018-01-26 04:00,-13.2,,5,360,75,300
102,백령도,2018-01-26 05:00,-13.3,,4.5,20,77,332
102,백령도,2018-01-26 06:00,-13.4,0,4,360,77,246
102,백령도,2018-01-26 07:00,-13.6,,3.8,360,76,285
102,백령도,2018-01-26 08:00,-13.4,,4.3,360,79,168
102,백령도,2018-01-26 09:00,-13.3,0,4.6,360,79,236
102,백령도,2018-01-26 10:00,-13.2,,3.8,360,79,312
102,백령도,2018-01-26 11:00,-12.9,,3.7,360,71,1243
102,백령도,2018-01-26 12:00,-12.8,0,3.8,340,70,1057
102,백령도,2018-01-26 13:00,-12.5,,2.6,360,75,263
102,백령도,2018-01-26 14:00,-12,,3.4,360,73,481
102,백령도,2018-01-26 15:00,-11.8,0,4,360,73,603
102,백령도,2018-01-26 16:00,-11.3,,3.2,360,74,1384
102,백령도,2018-01-26 17:00,-10.7,,3.2,360,72,1986
102,백령도,2018-01-26 18:00,-10.5,0,3.4,20,67,2000
102,백령도,2018-01-26 19:00,-9.7,,3.4,20,66,2000
102,백령도,2018-01-26 20:00,-9.4,,2.7,340,62,2000
102,백령도,2018-01-26 21:00,-8.8,,3,360,59,2000
102,백령도,2018-01-26 22:00,-8.7,,2.7,360,60,2000
102,백령도,2018-01-26 23:00,-8.5,,2.7,20,61,2000
102,백령도,2018-01-27 00:00,-8.6,,2.5,360,63,2000
102,백령도,2018-01-27 01:00,-8.5,,2.8,340,64,2000
102,백령도,2018-01-27 02:00,-8,,3.7,320,67,2000
102,백령도,2018-01-27 03:00,-7.6,,2.7,340,68,2000
102,백령도,2018-01-27 04:00,-7.6,,2.4,340,68,2000
102,백령도,2018-01-27 05:00,-7.7,,2.6,360,68,2000
102,백령도,2018-01-27 06:00,-8.1,,2.5,360,70,2000
102,백령도,2018-01-27 07:00,-8.4,,1.8,20,74,2000
102,백령도,2018-01-27 08:00,-9.1,,3.3,50,77,2000
102,백령도,2018-01-27 09:00,-8.2,,2.1,50,69,2000
102,백령도,2018-01-27 10:00,-7.5,,3.8,70,64,2000
102,백령도,2018-01-27 11:00,-6.5,,2,20,59,2000
102,백령도,2018-01-27 12:00,-6.4,,2.5,70,49,1985
102,백령도,2018-01-27 13:00,-5.4,,1.7,360,52,2000
102,백령도,2018-01-27 14:00,-5.1,,1.6,360,62,2000
102,백령도,2018-01-27 15:00,-3.9,,1.4,20,63,2000
102,백령도,2018-01-27 16:00,-4.7,,2.2,50,46,2000
102,백령도,2018-01-27 17:00,-5,,1.6,360,46,2000
102,백령도,2018-01-27 18:00,-5.4,,2.3,20,51,2000
102,백령도,2018-01-27 19:00,-5,,1.6,340,49,2000
102,백령도,2018-01-27 20:00,-4.8,,1.8,320,40,2000
102,백령도,2018-01-27 21:00,-4.6,,1.9,320,40,2000
102,백령도,2018-01-27 22:00,-4.4,,2.6,320,41,2000
102,백령도,2018-01-27 23:00,-4.2,,4.3,290,45,2000
102,백령도,2018-01-28 00:00,-4,,6.9,290,46,2000
102,백령도,2018-01-28 01:00,-3.9,,4.2,290,53,2000
102,백령도,2018-01-28 02:00,-3.8,,5,320,45,2000
102,백령도,2018-01-28 03:00,-3.9,,3,320,41,2000
102,백령도,2018-01-28 04:00,-3.8,,3.3,290,46,2000
102,백령도,2018-01-28 05:00,-3.8,,3,290,48,2000
102,백령도,2018-01-28 06:00,-3.7,,3.5,290,47,1966
102,백령도,2018-01-28 07:00,-3.8,,3.1,320,47,1993
102,백령도,2018-01-28 08:00,-5,,2.1,70,69,2000
102,백령도,2018-01-28 09:00,-4.9,0,2.5,50,61,2000
102,백령도,2018-01-28 10:00,-3.8,,2.6,320,44,1973
102,백령도,2018-01-28 11:00,-3.9,,2.9,320,44,2000
102,백령도,2018-01-28 12:00,-3.8,,2.4,320,43,2000
102,백령도,2018-01-28 13:00,-4.8,,2.7,340,46,2000
102,백령도,2018-01-28 14:00,-5.1,,3.9,320,45,2000
102,백령도,2018-01-28 15:00,-5.6,,3.6,320,52,2000
102,백령도,2018-01-28 16:00,-6,,3.7,320,54,2000
102,백령도,2018-01-28 17:00,-5.6,,5,290,49,2000
102,백령도,2018-01-28 18:00,-5.9,,7.5,290,43,2000
102,백령도,2018-01-28 19:00,-5.7,,6.2,290,43,2000
102,백령도,2018-01-28 20:00,-5.5,,6.9,290,45,2000
102,백령도,2018-01-28 21:00,-5.5,,7.5,290,43,2000
102,백령도,2018-01-28 22:00,-5.7,,9.8,290,43,2000
102,백령도,2018-01-28 23:00,-6,,6.5,290,46,2000
102,백령도,2018-01-29 00:00,-6.4,,4.8,290,45,2000
102,백령도,2018-01-29 01:00,-7.1,,4,320,43,2000
102,백령도,2018-01-29 02:00,-6.9,,4.6,290,41,2000
102,백령도,2018-01-29 03:00,-6.3,,5,290,44,2000
102,백령도,2018-01-29 04:00,-6.6,,5.9,290,79,178
102,백령도,2018-01-29 05:00,-5.3,,9,290,56,1379
102,백령도,2018-01-29 06:00,-5.9,0,8.5,290,61,1011
102,백령도,2018-01-29 07:00,-8.2,,4.5,50,79,667
102,백령도,2018-01-29 08:00,-9.5,,4.7,70,89,134
102,백령도,2018-01-29 09:00,-8.2,2.1,4,290,91,188
102,백령도,2018-01-29 10:00,-7.8,,5.3,290,66,958
102,백령도,2018-01-29 11:00,-7.1,,4,290,50,1929
102,백령도,2018-01-29 12:00,-7,.2,4,320,51,1691
102,백령도,2018-01-29 13:00,-5.6,,5.3,290,48,1875
102,백령도,2018-01-29 14:00,-6.4,,6,290,55,1821
102,백령도,2018-01-29 15:00,-6.1,0,7.1,290,48,1632
102,백령도,2018-01-29 16:00,-6.1,,6.8,290,50,1841
102,백령도,2018-01-29 17:00,-6.5,,6.3,290,47,2000
102,백령도,2018-01-29 18:00,-6,,7.1,290,46,2000
102,백령도,2018-01-29 19:00,-5.8,,7.5,290,50,1959
102,백령도,2018-01-29 20:00,-5.2,,8.2,290,44,2000
102,백령도,2018-01-29 21:00,-5.1,,6.3,290,50,2000
102,백령도,2018-01-29 22:00,-4.9,,6.3,290,47,2000
102,백령도,2018-01-29 23:00,-5.1,,5.7,290,44,2000
102,백령도,2018-01-30 00:00,-5.3,,3.8,320,47,2000
102,백령도,2018-01-30 01:00,-5.4,,3.1,320,42,2000
102,백령도,2018-01-30 02:00,-5.4,,2.6,320,44,2000
102,백령도,2018-01-30 03:00,-5.4,,1.3,360,51,2000
102,백령도,2018-01-30 04:00,-5.8,,1.4,90,54,2000
102,백령도,2018-01-30 05:00,-6,,2.2,110,53,2000
102,백령도,2018-01-30 06:00,-4.5,0,2.6,140,54,1846
102,백령도,2018-01-30 07:00,-3.7,,4.1,230,68,1376
102,백령도,2018-01-30 08:00,-2.2,,4.8,270,62,1640
102,백령도,2018-01-30 09:00,-1.5,0,4.2,320,55,2000
102,백령도,2018-01-30 10:00,-2.4,,2.4,360,79,2000
102,백령도,2018-01-30 11:00,-1.8,,6.8,270,91,1307
102,백령도,2018-01-30 12:00,-1.4,.5,6.1,290,92,1028
102,백령도,2018-01-30 13:00,.3,,6.7,290,60,1941
102,백령도,2018-01-30 14:00,.9,,6.6,290,52,2000
102,백령도,2018-01-30 15:00,1.1,0,5.6,290,46,1957
102,백령도,2018-01-30 16:00,1.2,,7.3,270,47,2000
102,백령도,2018-01-30 17:00,.8,,7.8,290,50,2000
102,백령도,2018-01-30 18:00,.6,,9,270,74,1645
102,백령도,2018-01-30 19:00,.8,,8.5,270,70,1991
102,백령도,2018-01-30 20:00,1,,8.4,290,52,2000
102,백령도,2018-01-30 21:00,1,,8.2,290,57,1976
102,백령도,2018-01-30 22:00,1,,9.1,290,57,1806
102,백령도,2018-01-30 23:00,.7,,8.7,290,54,2000
102,백령도,2018-01-31 00:00,.4,,10.1,290,43,2000
102,백령도,2018-01-31 01:00,.1,,7.9,290,35,2000
102,백령도,2018-01-31 02:00,-.6,,4,290,46,2000
102,백령도,2018-01-31 03:00,-1.5,,1.9,320,49,1993
102,백령도,2018-01-31 04:00,-2.5,,3.3,50,70,1885
102,백령도,2018-01-31 05:00,-2.9,,2,50,74,1877
102,백령도,2018-01-31 06:00,-3,,3.9,50,69,1915
102,백령도,2018-01-31 07:00,-3.2,,4.4,50,57,2000
102,백령도,2018-01-31 08:00,-3.4,,3.6,50,49,2000
102,백령도,2018-01-31 09:00,-3,,2.3,50,46,2000
102,백령도,2018-01-31 10:00,-2.4,,2.5,70,45,2000
102,백령도,2018-01-31 11:00,-1.9,,1.6,20,44,2000
102,백령도,2018-01-31 12:00,-2.1,,1.6,50,46,2000
102,백령도,2018-01-31 13:00,-2.2,,2,50,50,1947
102,백령도,2018-01-31 14:00,-1.9,,1.9,50,47,1973
102,백령도,2018-01-31 15:00,-2.4,,2.3,50,47,2000
102,백령도,2018-01-31 16:00,-2.6,,2.1,50,45,2000
102,백령도,2018-01-31 17:00,-3.5,,1.9,50,47,2000
102,백령도,2018-01-31 18:00,-4.1,,3.4,50,48,2000
102,백령도,2018-01-31 19:00,-4.3,,2.4,50,47,2000
102,백령도,2018-01-31 20:00,-4.2,,1.2,360,51,2000
102,백령도,2018-01-31 21:00,-3.4,,1.9,340,49,2000
102,백령도,2018-01-31 22:00,-3.2,,2,320,45,2000
102,백령도,2018-01-31 23:00,-4.6,,2.7,70,58,2000
102,백령도,2018-02-01 00:00,-4.6,,2,70,58,2000
102,백령도,2018-02-01 01:00,-3.8,,1.6,20,56,2000
102,백령도,2018-02-01 02:00,-3.5,,1.3,340,51,2000
102,백령도,2018-02-01 03:00,-3.5,,.9,90,54,2000
102,백령도,2018-02-01 04:00,-4,,2.3,110,58,2000
102,백령도,2018-02-01 05:00,-4,,2.8,110,56,2000
102,백령도,2018-02-01 06:00,-3.9,,2.5,110,52,2000
102,백령도,2018-02-01 07:00,-3.8,,2.4,140,55,2000
102,백령도,2018-02-01 08:00,-3.8,,2.3,110,56,2000
102,백령도,2018-02-01 09:00,-3.1,,3.4,70,56,2000
102,백령도,2018-02-01 10:00,-2,,2.5,90,52,2000
102,백령도,2018-02-01 11:00,-1.3,,2.8,70,47,2000
102,백령도,2018-02-01 12:00,-1.2,,2.7,70,48,2000
102,백령도,2018-02-01 13:00,-.4,,1.2,360,45,2000
102,백령도,2018-02-01 14:00,-.6,,1.9,50,44,2000
102,백령도,2018-02-01 15:00,-.8,,1.6,50,49,2000
102,백령도,2018-02-01 16:00,-1.3,,1.8,20,53,2000
102,백령도,2018-02-01 17:00,-1.6,,1.1,70,57,2000
102,백령도,2018-02-01 18:00,-2.4,,1.4,50,59,2000
102,백령도,2018-02-01 19:00,-2.8,,1.8,50,61,2000
102,백령도,2018-02-01 20:00,-2.5,,1.6,20,59,2000
102,백령도,2018-02-01 21:00,-3,,1.2,70,63,2000
102,백령도,2018-02-01 22:00,-2.2,,1.7,50,62,2000
102,백령도,2018-02-01 23:00,-2.5,,1.8,70,62,2000
102,백령도,2018-02-02 00:00,-2,,1.4,360,59,2000
102,백령도,2018-02-02 01:00,-2.2,,1.9,20,64,2000
102,백령도,2018-02-02 02:00,-2,,1.4,340,65,2000
102,백령도,2018-02-02 03:00,-1.9,,1.5,340,63,2000
102,백령도,2018-02-02 04:00,-1.8,,1.5,340,63,2000
102,백령도,2018-02-02 05:00,-1.8,,1.6,20,67,2000
102,백령도,2018-02-02 06:00,-1.6,,1.6,340,66,2000
102,백령도,2018-02-02 07:00,-1.8,,1.3,70,70,2000
102,백령도,2018-02-02 08:00,-1.7,,1.1,230,65,2000
102,백령도,2018-02-02 09:00,-1,,1.3,200,66,2000
102,백령도,2018-02-02 10:00,-.1,,.6,290,57,2000
102,백령도,2018-02-02 11:00,.8,,.4,0,54,2000
102,백령도,2018-02-02 12:00,1.3,,2,230,53,2000
102,백령도,2018-02-02 13:00,1.3,,3.1,270,56,2000
102,백령도,2018-02-02 14:00,1.2,,3.5,270,51,2000
102,백령도,2018-02-02 15:00,1.4,,3.2,250,49,2000
102,백령도,2018-02-02 16:00,1.4,,2.9,250,49,2000
102,백령도,2018-02-02 17:00,-1.3,,5.1,290,89,539
102,백령도,2018-02-02 18:00,-3.3,1,2.7,320,94,186
102,백령도,2018-02-02 19:00,-3.3,,2.9,320,93,193
102,백령도,2018-02-02 20:00,-3.5,,4.7,320,90,962
102,백령도,2018-02-02 21:00,-4,.1,5.1,320,69,1984
102,백령도,2018-02-02 22:00,-4.4,,5.3,320,55,1964
102,백령도,2018-02-02 23:00,-5.1,,5.8,320,52,1886
102,백령도,2018-02-03 00:00,-5.7,0,6.2,320,53,1993
102,백령도,2018-02-03 01:00,-6.2,,5.3,320,50,2000
102,백령도,2018-02-03 02:00,-6.8,,6.5,320,46,1943
102,백령도,2018-02-03 03:00,-7.1,,6.4,290,48,2000
102,백령도,2018-02-03 04:00,-7.5,,6,290,50,2000
102,백령도,2018-02-03 05:00,-7.5,,6.4,290,51,2000
102,백령도,2018-02-03 06:00,-8,,6,320,48,2000
102,백령도,2018-02-03 07:00,-7.9,,5.4,320,50,2000
102,백령도,2018-02-03 08:00,-7.9,,5.3,320,51,2000
102,백령도,2018-02-03 09:00,-7.9,,5.4,320,50,2000
102,백령도,2018-02-03 10:00,-7.8,,6.2,290,50,2000
102,백령도,2018-02-03 11:00,-7.4,,5.6,290,50,2000
102,백령도,2018-02-03 12:00,-7.3,,5,290,56,1652
102,백령도,2018-02-03 13:00,-6.9,,5.4,290,57,1927
102,백령도,2018-02-03 14:00,-7.1,,5.3,290,55,1748
102,백령도,2018-02-03 15:00,-7.4,,5.4,290,53,2000
102,백령도,2018-02-03 16:00,-7.7,,5.2,290,54,2000
102,백령도,2018-02-03 17:00,-7.7,,5.5,290,55,2000
102,백령도,2018-02-03 18:00,-7.7,0,5.7,290,50,2000
102,백령도,2018-02-03 19:00,-7.7,,6.1,290,50,2000
102,백령도,2018-02-03 20:00,-7.8,,5.5,290,48,2000
102,백령도,2018-02-03 21:00,-7.8,0,5.5,290,54,1543
102,백령도,2018-02-03 22:00,-7.9,,5.4,290,53,1692
102,백령도,2018-02-03 23:00,-8.6,,5.4,290,70,1026
102,백령도,2018-02-04 00:00,-8.7,0,5.1,320,62,1227
102,백령도,2018-02-04 01:00,-8.7,,5.9,320,54,2000
102,백령도,2018-02-04 02:00,-8.8,,5.8,320,56,1987
102,백령도,2018-02-04 03:00,-9.2,0,5.4,290,55,2000
102,백령도,2018-02-04 04:00,-9.1,,4.5,320,57,2000
102,백령도,2018-02-04 05:00,-9.3,,4.3,320,58,2000
102,백령도,2018-02-04 06:00,-9.2,,4.4,320,57,2000
102,백령도,2018-02-04 07:00,-9.1,,4.4,320,58,2000
102,백령도,2018-02-04 08:00,-9.2,,4.9,320,55,2000
102,백령도,2018-02-04 09:00,-8.7,,3.9,320,58,2000
102,백령도,2018-02-04 10:00,-8.1,,3.4,320,54,2000
102,백령도,2018-02-04 11:00,-8,,4.5,320,52,2000
102,백령도,2018-02-04 12:00,-7.6,,4.6,320,51,2000
102,백령도,2018-02-04 13:00,-7.3,,4.5,290,53,2000
102,백령도,2018-02-04 14:00,-6.9,,5,290,50,1966
102,백령도,2018-02-04 15:00,-6.9,,5.2,290,50,2000
102,백령도,2018-02-04 16:00,-6.8,,4.5,290,48,2000
102,백령도,2018-02-04 17:00,-7.1,,4.6,290,45,2000
102,백령도,2018-02-04 18:00,-7.6,,4.6,290,46,2000
102,백령도,2018-02-04 19:00,-7.3,,4.2,320,47,2000
102,백령도,2018-02-04 20:00,-7.2,,4.4,320,45,2000
102,백령도,2018-02-04 21:00,-7.1,,3.7,290,47,2000
102,백령도,2018-02-04 22:00,-6.6,,3.1,290,52,1699
102,백령도,2018-02-04 23:00,-6,,4.8,290,38,2000
102,백령도,2018-02-05 00:00,-6.1,0,4.6,290,35,2000
102,백령도,2018-02-05 01:00,-6.5,,4,320,44,2000
102,백령도,2018-02-05 02:00,-7.1,,4.4,290,45,2000
102,백령도,2018-02-05 03:00,-7.4,0,4.8,290,43,2000
102,백령도,2018-02-05 04:00,-7.8,,4.1,290,42,2000
102,백령도,2018-02-05 05:00,-7.9,,4.8,320,43,2000
102,백령도,2018-02-05 06:00,-8.3,,4.3,320,43,2000
102,백령도,2018-02-05 07:00,-8.5,,3.6,320,46,2000
102,백령도,2018-02-05 08:00,-8.5,,3.3,320,49,2000
102,백령도,2018-02-05 09:00,-8.4,,2.7,320,50,2000
102,백령도,2018-02-05 10:00,-8.3,,2.8,320,48,1996
102,백령도,2018-02-05 11:00,-7.8,,2.9,320,45,1932
102,백령도,2018-02-05 12:00,-7.8,,3.7,320,49,1960
102,백령도,2018-02-05 13:00,-7.3,,3.8,320,50,1932
102,백령도,2018-02-05 14:00,-7.1,,3.8,320,44,2000
102,백령도,2018-02-05 15:00,-8,,3.9,320,47,2000
102,백령도,2018-02-05 16:00,-8.3,,3.8,320,47,2000
102,백령도,2018-02-05 17:00,-8.5,,4.8,320,44,2000
102,백령도,2018-02-05 18:00,-8.6,,3.6,320,50,2000
102,백령도,2018-02-05 19:00,-8.5,,3,340,52,1932
102,백령도,2018-02-05 20:00,-7.8,,5,320,42,1907
102,백령도,2018-02-05 21:00,-7.6,,4.3,320,45,2000
102,백령도,2018-02-05 22:00,-7.9,,4.8,320,50,1799
102,백령도,2018-02-05 23:00,-7.7,,4.3,320,47,2000
102,백령도,2018-02-06 00:00,-8.3,0,3.3,340,56,1591
102,백령도,2018-02-06 01:00,-8.6,,4.1,320,57,1072
102,백령도,2018-02-06 02:00,-8.7,,2.6,340,59,1407
102,백령도,2018-02-06 03:00,-8.8,0,4.3,320,52,1762
102,백령도,2018-02-06 04:00,-9.1,,2.6,340,48,2000
102,백령도,2018-02-06 05:00,-9.3,,3.8,320,49,2000
102,백령도,2018-02-06 06:00,-9.6,0,2.7,340,52,2000
102,백령도,2018-02-06 07:00,-9.6,,2.8,320,53,2000
102,백령도,2018-02-06 08:00,-9.7,,2.9,340,54,1971
102,백령도,2018-02-06 09:00,-9.4,,3.9,320,53,1917
102,백령도,2018-02-06 10:00,-8.9,,3.2,320,58,1383
102,백령도,2018-02-06 11:00,-8.5,,4.8,320,52,1312
102,백령도,2018-02-06 12:00,-8.3,0,5,320,47,2000
102,백령도,2018-02-06 13:00,-8.3,,5.4,290,54,1833
102,백령도,2018-02-06 14:00,-7.8,,5,290,47,2000
102,백령도,2018-02-06 15:00,-8.5,0,4.4,290,67,801
102,백령도,2018-02-06 16:00,-8.5,,4.9,290,65,1022
102,백령도,2018-02-06 17:00,-8.6,,4.6,320,52,1904
102,백령도,2018-02-06 18:00,-9,0,3.2,320,52,2000
102,백령도,2018-02-06 19:00,-9,,3.8,290,48,2000
102,백령도,2018-02-06 20:00,-8.9,,2.9,320,45,2000
102,백령도,2018-02-06 21:00,-8.5,,2.3,320,46,2000
102,백령도,2018-02-06 22:00,-8.2,,2.9,320,45,2000
102,백령도,2018-02-06 23:00,-8.1,,1.8,320,47,2000
102,백령도,2018-02-07 00:00,-7.7,,2.7,320,47,2000
102,백령도,2018-02-07 01:00,-7.5,,2.2,340,46,2000
102,백령도,2018-02-07 02:00,-7.6,,1.4,340,49,2000
102,백령도,2018-02-07 03:00,-7.7,,1.7,50,51,2000
102,백령도,2018-02-07 04:00,-8.1,,1.8,70,55,2000
102,백령도,2018-02-07 05:00,-8.7,,1.4,70,58,2000
102,백령도,2018-02-07 06:00,-8.9,,2.7,70,61,2000
102,백령도,2018-02-07 07:00,-8.5,,2.3,70,57,2000
102,백령도,2018-02-07 08:00,-8.2,,2.9,90,57,2000
102,백령도,2018-02-07 09:00,-7.4,,2.7,90,56,2000
102,백령도,2018-02-07 10:00,-6,,2.2,110,56,2000
102,백령도,2018-02-07 11:00,-5.3,,2.5,110,53,2000
102,백령도,2018-02-07 12:00,-4.7,,2.7,110,53,2000
102,백령도,2018-02-07 13:00,-3.8,,1.7,290,49,1973
102,백령도,2018-02-07 14:00,-4.3,,3.1,90,57,2000
102,백령도,2018-02-07 15:00,-5.1,,2.8,70,63,2000
102,백령도,2018-02-07 16:00,-5.1,,2.3,70,65,1982
102,백령도,2018-02-07 17:00,-5.5,,1.5,50,66,2000
102,백령도,2018-02-07 18:00,-5.5,,1.7,70,69,2000
102,백령도,2018-02-07 19:00,-5.6,,2.5,70,72,2000
102,백령도,2018-02-07 20:00,-5.5,,1.9,110,70,2000
102,백령도,2018-02-07 21:00,-5.6,,.9,70,70,2000
102,백령도,2018-02-07 22:00,-5.6,,1.6,70,68,2000
102,백령도,2018-02-07 23:00,-5.8,,2.8,50,57,2000
102,백령도,2018-02-08 00:00,-6.1,,2.3,70,54,2000
102,백령도,2018-02-08 01:00,-6.1,,2.4,70,61,2000
102,백령도,2018-02-08 02:00,-5.7,,2.1,20,56,2000
102,백령도,2018-02-08 03:00,-5.6,,1.9,20,64,2000
102,백령도,2018-02-08 04:00,-5.5,,1.5,20,71,2000
102,백령도,2018-02-08 05:00,-5.8,,2,50,75,2000
102,백령도,2018-02-08 06:00,-6.6,,1.9,70,75,2000
102,백령도,2018-02-08 07:00,-6.9,,2.6,70,64,2000
102,백령도,2018-02-08 08:00,-6.3,,2.6,70,52,2000
102,백령도,2018-02-08 09:00,-5.3,,2.5,110,52,1993
102,백령도,2018-02-08 10:00,-3.9,,1.9,140,52,2000
102,백령도,2018-02-08 11:00,-2.6,,2,200,54,1981
102,백령도,2018-02-08 12:00,-2,,3.7,200,54,1945
102,백령도,2018-02-08 13:00,-1.3,,4,200,56,1975
102,백령도,2018-02-08 14:00,-1.3,,4.1,200,58,1948
102,백령도,2018-02-08 15:00,-.6,,3.6,230,57,1980
102,백령도,2018-02-08 16:00,-1.7,,2.7,200,63,2000
102,백령도,2018-02-08 17:00,-2.1,,1.7,180,66,2000
102,백령도,2018-02-08 18:00,-2.2,,1.6,160,68,2000
102,백령도,2018-02-08 19:00,-2.3,,,,70,2000
102,백령도,2018-02-08 20:00,-2.9,,3.4,140,75,1995
102,백령도,2018-02-08 21:00,-3.2,,5.3,110,78,1889
102,백령도,2018-02-08 22:00,-3,,4.3,140,77,1955
102,백령도,2018-02-08 23:00,-2.7,,2.7,140,75,1983
102,백령도,2018-02-09 00:00,-2.4,,2.4,160,70,2000
102,백령도,2018-02-09 01:00,-2.6,,3,110,71,1989
102,백령도,2018-02-09 02:00,-3.1,,4.7,110,77,1801
102,백령도,2018-02-09 03:00,-2.8,,6.2,110,78,1749
102,백령도,2018-02-09 04:00,-2.6,,7,110,75,1949
102,백령도,2018-02-09 05:00,-2.5,,6.3,110,69,1970
102,백령도,2018-02-09 06:00,-2.2,,7.4,110,65,1992
102,백령도,2018-02-09 07:00,-2.1,,6,110,67,1994
102,백령도,2018-02-09 08:00,-1.7,,5.7,110,69,1977
102,백령도,2018-02-09 09:00,-1.6,,4.1,110,71,1413
102,백령도,2018-02-09 10:00,-.7,,6.8,110,75,1318
102,백령도,2018-02-09 11:00,.4,,5.1,110,75,1106
102,백령도,2018-02-09 12:00,.2,,5,110,82,891
102,백령도,2018-02-09 13:00,.9,,3.9,110,85,669
102,백령도,2018-02-09 14:00,2.8,,2,230,78,959
102,백령도,2018-02-09 15:00,3.3,,4.5,250,73,1818
102,백령도,2018-02-09 16:00,3,,5,250,79,1913
102,백령도,2018-02-09 17:00,3,,6.2,270,85,1708
102,백령도,2018-02-09 18:00,2.7,,6,270,86,1491
102,백령도,2018-02-09 19:00,2.5,,5.6,270,85,1059
102,백령도,2018-02-09 20:00,2.5,,6.3,270,78,807
102,백령도,2018-02-09 21:00,2.1,,5.3,270,82,758
102,백령도,2018-02-09 22:00,2.2,,5.5,270,82,715
102,백령도,2018-02-09 23:00,2.3,,6.2,270,83,638
102,백령도,2018-02-10 00:00,2.1,,6.3,270,86,550
102,백령도,2018-02-10 01:00,2.2,,6.6,270,86,504
102,백령도,2018-02-10 02:00,1.9,,7.5,290,82,403
102,백령도,2018-02-10 03:00,1.4,,6.7,290,67,426
102,백령도,2018-02-10 04:00,1.2,,7.6,290,64,614
102,백령도,2018-02-10 05:00,.4,,3.9,290,83,381
102,백령도,2018-02-10 06:00,-1.2,,2.1,360,84,702
102,백령도,2018-02-10 07:00,-1.3,,2.3,320,65,1107
102,백령도,2018-02-10 08:00,-1.6,,3.4,320,51,1994
102,백령도,2018-02-10 09:00,-1.9,,3,340,45,2000
102,백령도,2018-02-10 10:00,-2.4,,3.5,320,46,2000
102,백령도,2018-02-10 11:00,-2.6,,4.3,320,42,2000
102,백령도,2018-02-10 12:00,-2.5,,3.5,320,38,1999
102,백령도,2018-02-10 13:00,-3.4,,4.2,320,35,2000
102,백령도,2018-02-10 14:00,-3.8,,4.2,320,31,1984
102,백령도,2018-02-10 15:00,-4.2,,4.5,320,34,2000
102,백령도,2018-02-10 16:00,-3.8,,6,290,35,2000
102,백령도,2018-02-10 17:00,-4.5,,8.4,290,34,2000
102,백령도,2018-02-10 18:00,-4.8,,9.8,290,32,2000
102,백령도,2018-02-10 19:00,-4.7,,8.2,290,37,2000
102,백령도,2018-02-10 20:00,-4,,9.8,290,39,2000
102,백령도,2018-02-10 21:00,-4.2,0,10.8,290,52,1561
102,백령도,2018-02-10 22:00,-3.7,,11.7,290,38,2000
102,백령도,2018-02-10 23:00,-4.2,,7.1,290,45,2000
102,백령도,2018-02-11 00:00,-4.6,0,6.6,290,36,2000
102,백령도,2018-02-11 01:00,-5,,5.4,290,40,2000
102,백령도,2018-02-11 02:00,-5.2,,4.7,290,35,2000
102,백령도,2018-02-11 03:00,-5.2,,6,290,33,2000
102,백령도,2018-02-11 04:00,-5.6,,7.8,290,31,2000
102,백령도,2018-02-11 05:00,-7.3,,2,360,55,2000
102,백령도,2018-02-11 06:00,-5.7,,7.6,290,34,2000
102,백령도,2018-02-11 07:00,-5.8,,9.1,290,30,2000
102,백령도,2018-02-11 08:00,-5.7,,5.7,290,36,2000
102,백령도,2018-02-11 09:00,-5.6,,5.5,290,33,2000
102,백령도,2018-02-11 10:00,-5,,5.3,290,36,2000
102,백령도,2018-02-11 11:00,-4.4,,4.8,290,34,2000
102,백령도,2018-02-11 12:00,-3.9,,6.7,290,36,2000
102,백령도,2018-02-11 13:00,-4.3,,5.8,290,50,1495
102,백령도,2018-02-11 14:00,-4.8,,8.1,290,57,1360
102,백령도,2018-02-11 15:00,-3.6,0,6.3,290,38,2000
102,백령도,2018-02-11 16:00,-3.9,,8.9,290,38,2000
102,백령도,2018-02-11 17:00,-4.2,,8,290,39,2000
102,백령도,2018-02-11 18:00,-4.8,0,8.5,290,52,1461
102,백령도,2018-02-11 19:00,-6.2,,4.8,290,90,149
102,백령도,2018-02-11 20:00,-5.9,,4.6,290,80,592
102,백령도,2018-02-11 21:00,-5.7,.7,6.7,290,46,1829
102,백령도,2018-02-11 22:00,-5.7,,8.6,290,40,2000
102,백령도,2018-02-11 23:00,-6,,6.5,290,41,2000
102,백령도,2018-02-12 00:00,-5.8,,9.5,290,35,2000
102,백령도,2018-02-12 01:00,-5.8,,7.3,290,35,2000
102,백령도,2018-02-12 02:00,-5.7,,8.2,290,37,2000
102,백령도,2018-02-12 03:00,-5.5,,7.8,290,33,2000
102,백령도,2018-02-12 04:00,-5.3,,6.7,290,35,2000
102,백령도,2018-02-12 05:00,-5.3,,7.2,290,38,2000
102,백령도,2018-02-12 06:00,-5.3,,5.1,290,40,2000
102,백령도,2018-02-12 07:00,-5.4,,5,290,44,1961
102,백령도,2018-02-12 08:00,-5.4,,5.4,290,49,2000
102,백령도,2018-02-12 09:00,-5.3,,4.8,290,49,2000
102,백령도,2018-02-12 10:00,-4.6,,4.4,290,54,1742
102,백령도,2018-02-12 11:00,-4.9,,3.9,290,48,2000
102,백령도,2018-02-12 12:00,-4.4,0,6.8,290,38,2000
102,백령도,2018-02-12 13:00,-3.7,,6.9,290,35,2000
102,백령도,2018-02-12 14:00,-3.9,,6,290,36,2000
102,백령도,2018-02-12 15:00,-2.6,,7.2,290,40,2000
102,백령도,2018-02-12 16:00,-3.5,,5.4,290,63,2000
102,백령도,2018-02-12 17:00,-2.8,,6.1,290,51,1966
102,백령도,2018-02-12 18:00,-3.3,0,7.5,290,62,1886
102,백령도,2018-02-12 19:00,-2.5,,9.2,290,46,2000
102,백령도,2018-02-12 20:00,-2.6,,9.8,290,41,2000
102,백령도,2018-02-12 21:00,-3.3,0,9.9,290,39,2000
102,백령도,2018-02-12 22:00,-3.1,,9.3,290,30,2000
102,백령도,2018-02-12 23:00,-3.3,,7.4,290,34,2000
102,백령도,2018-02-13 00:00,-3.4,,5.2,290,37,2000
102,백령도,2018-02-13 01:00,-3.4,,4.7,290,39,2000
102,백령도,2018-02-13 02:00,-3.4,,3,290,39,2000
102,백령도,2018-02-13 03:00,-2.5,,3.3,290,40,2000
102,백령도,2018-02-13 04:00,-2.1,,5,290,35,2000
102,백령도,2018-02-13 05:00,-2.3,,5,270,41,2000
102,백령도,2018-02-13 06:00,-1.5,,5.5,270,43,2000
102,백령도,2018-02-13 07:00,-.6,,5.7,270,43,2000
102,백령도,2018-02-13 08:00,-.4,,7.6,270,52,2000
102,백령도,2018-02-13 09:00,.4,,6.4,270,45,2000
102,백령도,2018-02-13 10:00,1.5,,4.8,250,40,2000
102,백령도,2018-02-13 11:00,2.3,,7.3,270,42,2000
102,백령도,2018-02-13 12:00,3.1,,7.9,270,49,2000
102,백령도,2018-02-13 13:00,3.7,,8.3,250,50,2000
102,백령도,2018-02-13 14:00,4.2,,9.4,270,42,2000
102,백령도,2018-02-13 15:00,4.2,,9.9,270,43,1996
102,백령도,2018-02-13 16:00,4.3,,8.8,250,49,1979
102,백령도,2018-02-13 17:00,4.1,,9.2,230,45,2000
102,백령도,2018-02-13 18:00,3.6,,10,230,57,2000
102,백령도,2018-02-13 19:00,3.7,,11.4,200,59,2000
102,백령도,2018-02-13 20:00,3.8,,14,200,62,2000
102,백령도,2018-02-13 21:00,3.8,,13.7,200,63,1974
102,백령도,2018-02-13 22:00,3.8,,14.4,200,65,1993
102,백령도,2018-02-13 23:00,4,,15.3,200,63,2000
102,백령도,2018-02-14 00:00,3.8,,13.7,200,69,1960
102,백령도,2018-02-14 01:00,3.8,,11.9,200,73,1703
102,백령도,2018-02-14 02:00,3.9,,11.1,230,80,1229
102,백령도,2018-02-14 03:00,4.1,,12.3,200,84,980
102,백령도,2018-02-14 04:00,4.3,,12.6,200,85,924
102,백령도,2018-02-14 05:00,4.4,,9.8,200,88,932
102,백령도,2018-02-14 06:00,5,,9,230,77,1217
102,백령도,2018-02-14 07:00,4.1,,8.8,270,82,1064
102,백령도,2018-02-14 08:00,4.1,,9.8,270,84,919
102,백령도,2018-02-14 09:00,4.4,,6.4,290,79,916
102,백령도,2018-02-14 10:00,3.3,,4.9,290,81,815
102,백령도,2018-02-14 11:00,2.7,,3.7,320,78,897
102,백령도,2018-02-14 12:00,2.7,,4.9,320,62,1191
102,백령도,2018-02-14 13:00,2.6,,4.2,320,60,973
102,백령도,2018-02-14 14:00,1.8,,4.1,320,45,1607
102,백령도,2018-02-14 15:00,1.2,,4,320,47,1722
102,백령도,2018-02-14 16:00,.2,,3.9,320,48,1902
102,백령도,2018-02-14 17:00,-.4,,2.5,320,49,1978
102,백령도,2018-02-14 18:00,-1,,2.3,340,46,2000
102,백령도,2018-02-14 19:00,-1.2,,2.4,340,40,2000
102,백령도,2018-02-14 20:00,-1.2,,2.2,340,37,2000
102,백령도,2018-02-14 21:00,-1,,1.9,320,36,2000
102,백령도,2018-02-14 22:00,-.9,,2.2,320,37,2000
102,백령도,2018-02-14 23:00,-1.1,,2.7,320,43,2000
102,백령도,2018-02-15 00:00,-1.4,,2.6,360,41,2000
102,백령도,2018-02-15 01:00,-1.9,,2.2,340,37,2000
102,백령도,2018-02-15 02:00,-2.5,,2.5,360,36,2000
102,백령도,2018-02-15 03:00,-2.9,,2.5,360,37,2000
102,백령도,2018-02-15 04:00,-3.4,,2.7,20,35,2000
102,백령도,2018-02-15 05:00,-3.5,,3.1,20,35,2000
102,백령도,2018-02-15 06:00,-3.8,,2.5,50,38,2000
102,백령도,2018-02-15 07:00,-4,,2.8,20,39,2000
102,백령도,2018-02-15 08:00,-3.7,,2.4,20,38,2000
102,백령도,2018-02-15 09:00,-2.9,,2.4,20,38,2000
102,백령도,2018-02-15 10:00,-2,,2.2,20,35,2000
102,백령도,2018-02-15 11:00,-1.6,,2.2,20,35,2000
102,백령도,2018-02-15 12:00,-1.1,,2,20,34,1991
102,백령도,2018-02-15 13:00,-1.2,,1.8,360,33,2000
102,백령도,2018-02-15 14:00,-.5,,1.8,340,33,2000
102,백령도,2018-02-15 15:00,-.9,,2.4,320,34,2000
102,백령도,2018-02-15 16:00,-1.2,,2.5,320,37,2000
102,백령도,2018-02-15 17:00,-2.1,,1.6,320,43,2000
102,백령도,2018-02-15 18:00,-3.1,,1.7,320,45,2000
102,백령도,2018-02-15 19:00,-3.3,,2.1,320,40,2000
102,백령도,2018-02-15 20:00,-3.2,,2,320,41,2000
102,백령도,2018-02-15 21:00,-3,,1.5,340,40,2000
102,백령도,2018-02-15 22:00,-2.9,,1.6,320,42,2000
102,백령도,2018-02-15 23:00,-2.6,,2.2,290,45,2000
102,백령도,2018-02-16 00:00,-2.3,,2,360,50,2000
102,백령도,2018-02-16 01:00,-2.3,,1.7,340,55,2000
102,백령도,2018-02-16 02:00,-3.1,,2,50,61,2000
102,백령도,2018-02-16 03:00,-2.4,,1.4,20,58,2000
102,백령도,2018-02-16 04:00,-2.3,,.5,360,57,2000
102,백령도,2018-02-16 05:00,-2,,1.1,270,55,2000
102,백령도,2018-02-16 06:00,-2,,2,230,56,2000
102,백령도,2018-02-16 07:00,-1.8,,2.4,250,56,2000
102,백령도,2018-02-16 08:00,-1.7,,2.7,230,57,2000
102,백령도,2018-02-16 09:00,-.8,,2.6,200,57,2000
102,백령도,2018-02-16 10:00,.5,,2.6,200,56,2000
102,백령도,2018-02-16 11:00,1.5,,5.2,250,54,1991
102,백령도,2018-02-16 12:00,2.3,,6.7,270,59,1972
102,백령도,2018-02-16 13:00,2.7,,5.9,270,59,2000
102,백령도,2018-02-16 14:00,2.7,,6.2,290,55,1950
102,백령도,2018-02-16 15:00,2.7,,5.8,290,61,1381
102,백령도,2018-02-16 16:00,1.4,,1.7,320,59,866
102,백령도,2018-02-16 17:00,.1,,2.5,320,57,1264
102,백령도,2018-02-16 18:00,-.5,,2.9,320,47,1966
102,백령도,2018-02-16 19:00,-.9,,3.5,320,43,2000
102,백령도,2018-02-16 20:00,-1.3,,4,290,44,2000
102,백령도,2018-02-16 21:00,-1.5,,3.4,320,44,2000
102,백령도,2018-02-16 22:00,-1.8,,4.4,290,34,2000
102,백령도,2018-02-16 23:00,-2.1,,4.2,320,32,2000
102,백령도,2018-02-17 00:00,-3.1,,2.6,320,37,2000
102,백령도,2018-02-17 01:00,-3.7,,2.5,320,38,2000
102,백령도,2018-02-17 02:00,-4.1,,2.1,340,38,2000
102,백령도,2018-02-17 03:00,-4.2,,2.4,360,38,2000
102,백령도,2018-02-17 04:00,-4.6,,2.3,20,39,2000
102,백령도,2018-02-17 05:00,-4.6,,2.2,20,35,2000
102,백령도,2018-02-17 06:00,-4.7,,1.9,360,33,2000
102,백령도,2018-02-17 07:00,-4.7,,1.8,360,35,2000
102,백령도,2018-02-17 08:00,-4.2,,2,320,33,2000
102,백령도,2018-02-17 09:00,-3.2,,2.5,320,33,2000
102,백령도,2018-02-17 10:00,-2.3,,2.9,320,32,2000
102,백령도,2018-02-17 11:00,-1,,1.9,340,30,2000
102,백령도,2018-02-17 12:00,-.2,,1.9,340,31,2000
102,백령도,2018-02-17 13:00,-.7,,1.8,50,39,2000
102,백령도,2018-02-17 14:00,-1.4,,1.1,360,37,2000
102,백령도,2018-02-17 15:00,-1.2,,2.4,320,35,2000
102,백령도,2018-02-17 16:00,-2.1,,1.9,340,38,2000
102,백령도,2018-02-17 17:00,-2.7,,1.8,50,47,2000
102,백령도,2018-02-17 18:00,-3.7,,1.1,20,48,2000
102,백령도,2018-02-17 19:00,-4.1,,1.4,360,51,2000
102,백령도,2018-02-17 20:00,-3.9,,.9,340,55,2000
102,백령도,2018-02-17 21:00,-3.7,,1.2,90,59,2000
102,백령도,2018-02-17 22:00,-3.1,,.7,320,58,2000
102,백령도,2018-02-17 23:00,-3,,1.5,290,56,2000
102,백령도,2018-02-18 00:00,-3,,2.1,270,59,2000
102,백령도,2018-02-18 01:00,-2.6,,2,270,60,2000
102,백령도,2018-02-18 02:00,-2.2,,1.5,290,58,2000
102,백령도,2018-02-18 03:00,-2,,.8,290,59,2000
102,백령도,2018-02-18 04:00,-1.8,,1,340,59,2000
102,백령도,2018-02-18 05:00,-1.9,,.4,0,60,2000
102,백령도,2018-02-18 06:00,-2,,1.5,110,58,2000
102,백령도,2018-02-18 07:00,-2.3,,3.3,140,69,2000
102,백령도,2018-02-18 08:00,-1.9,,3.3,140,57,2000
102,백령도,2018-02-18 09:00,-1.2,,3.4,110,47,2000
102,백령도,2018-02-18 10:00,-.6,,4,110,40,2000
102,백령도,2018-02-18 11:00,-.6,,4.7,110,38,2000
102,백령도,2018-02-18 12:00,.6,,3.1,140,32,2000
102,백령도,2018-02-18 13:00,.6,,2.1,140,38,2000
102,백령도,2018-02-18 14:00,1.5,,1.7,160,40,2000
102,백령도,2018-02-18 15:00,1,,2.2,200,41,2000
102,백령도,2018-02-18 16:00,-.1,,2.5,160,46,2000
102,백령도,2018-02-18 17:00,.4,,2,180,51,2000
102,백령도,2018-02-18 18:00,-.2,,3.7,160,56,2000
102,백령도,2018-02-18 19:00,-.2,,4.4,180,58,2000
102,백령도,2018-02-18 20:00,-.3,,3.6,160,59,2000
102,백령도,2018-02-18 21:00,0,,2.6,180,60,2000
102,백령도,2018-02-18 22:00,.2,,4.5,200,62,2000
102,백령도,2018-02-18 23:00,.6,,4.6,200,64,2000
102,백령도,2018-02-19 00:00,1.3,,3.8,230,71,2000
102,백령도,2018-02-19 01:00,1.6,,2.9,250,74,2000
102,백령도,2018-02-19 02:00,1.9,,2.3,290,82,2000
102,백령도,2018-02-19 03:00,1.5,,2.1,340,86,2000
102,백령도,2018-02-19 04:00,1.3,,2.5,320,90,1902
102,백령도,2018-02-19 05:00,1,,1.1,320,92,1783
102,백령도,2018-02-19 06:00,.6,,1.2,20,92,1574
102,백령도,2018-02-19 07:00,.3,,1.8,320,93,783
102,백령도,2018-02-19 08:00,-.1,,.4,0,93,1332
102,백령도,2018-02-19 09:00,0,,2.3,290,92,1351
102,백령도,2018-02-19 10:00,.3,,1.8,320,80,1870
102,백령도,2018-02-19 11:00,1,,1.1,70,77,1694
102,백령도,2018-02-19 12:00,1,,1.4,320,73,1616
102,백령도,2018-02-19 13:00,.8,,2.1,290,72,1636
102,백령도,2018-02-19 14:00,1.3,,1.9,270,73,1670
102,백령도,2018-02-19 15:00,1,,1.4,20,79,1602
102,백령도,2018-02-19 16:00,.2,,1.7,20,87,1181
102,백령도,2018-02-19 17:00,-.8,,2.2,20,91,796
102,백령도,2018-02-19 18:00,-1.5,,1.7,360,92,860
102,백령도,2018-02-19 19:00,-1.5,,3.1,290,92,873
102,백령도,2018-02-19 20:00,-1,,3.8,290,94,625
102,백령도,2018-02-19 21:00,-.6,,2.4,290,94,707
102,백령도,2018-02-19 22:00,-.4,,2.2,320,93,778
102,백령도,2018-02-19 23:00,-.4,,2.1,360,93,733
102,백령도,2018-02-20 00:00,-.6,,1.8,20,93,687
102,백령도,2018-02-20 01:00,-.5,,2.6,320,93,843
102,백령도,2018-02-20 02:00,-.3,,1.9,340,92,776
102,백령도,2018-02-20 03:00,-.9,,1.4,20,93,761
102,백령도,2018-02-20 04:00,-1.1,,1.7,20,92,870
102,백령도,2018-02-20 05:00,-1.4,,1.8,50,91,861
102,백령도,2018-02-20 06:00,-1.8,,1.9,50,88,978
102,백령도,2018-02-20 07:00,-1.8,,2.5,50,80,1196
102,백령도,2018-02-20 08:00,-1.1,,4.6,50,48,2000
102,백령도,2018-02-20 09:00,-.1,,2.9,50,36,2000
102,백령도,2018-02-20 10:00,.8,,5.5,70,26,2000
102,백령도,2018-02-20 11:00,1.7,,4.9,70,20,2000
102,백령도,2018-02-20 12:00,2,,4.5,70,16,2000
102,백령도,2018-02-20 13:00,2,,2.1,70,16,2000
102,백령도,2018-02-20 14:00,1.9,,2,70,23,2000
102,백령도,2018-02-20 15:00,.6,,2.6,50,35,2000
102,백령도,2018-02-20 16:00,-.3,,2.3,20,36,1980
102,백령도,2018-02-20 17:00,-.9,,2.1,50,32,2000
102,백령도,2018-02-20 18:00,-1.2,,1.1,20,39,2000
102,백령도,2018-02-20 19:00,-1.4,,1.3,340,40,2000
102,백령도,2018-02-20 20:00,-1.2,,2.6,320,39,2000
102,백령도,2018-02-20 21:00,-1,,2.1,320,34,2000
102,백령도,2018-02-20 22:00,-.9,,3,290,33,2000
102,백령도,2018-02-20 23:00,-.9,,2.6,320,37,2000
102,백령도,2018-02-21 00:00,-1.2,,2.7,320,39,2000
102,백령도,2018-02-21 01:00,-1.8,,2.1,360,40,2000
102,백령도,2018-02-21 02:00,-2.4,,1.6,360,42,2000
102,백령도,2018-02-21 03:00,-2.6,,1.7,360,38,2000
102,백령도,2018-02-21 04:00,-2.8,,1.2,20,42,2000
102,백령도,2018-02-21 05:00,-3.2,,1.7,50,39,2000
102,백령도,2018-02-21 06:00,-3.5,,1.7,50,37,2000
102,백령도,2018-02-21 07:00,-3.7,,2.1,50,39,2000
102,백령도,2018-02-21 08:00,-3.2,,1.8,50,35,2000
102,백령도,2018-02-21 09:00,-1.7,,2.2,70,31,2000
102,백령도,2018-02-21 10:00,-1.2,,1.9,70,34,2000
102,백령도,2018-02-21 11:00,-.4,,.7,70,35,2000
102,백령도,2018-02-21 12:00,-.3,,2.6,290,35,2000
102,백령도,2018-02-21 13:00,.5,,2.9,290,33,2000
102,백령도,2018-02-21 14:00,1.4,,2.9,270,38,2000
102,백령도,2018-02-21 15:00,1.3,,3.9,270,35,2000
102,백령도,2018-02-21 16:00,1.2,,3.8,250,40,2000
102,백령도,2018-02-21 17:00,1,,4.2,270,32,2000
102,백령도,2018-02-21 18:00,.3,,2.8,230,39,2000
102,백령도,2018-02-21 19:00,.1,,3.6,230,47,2000
102,백령도,2018-02-21 20:00,.4,,4.3,230,52,2000
102,백령도,2018-02-21 21:00,.8,,5.7,270,55,2000
102,백령도,2018-02-21 22:00,1.1,,7.7,270,55,2000
102,백령도,2018-02-21 23:00,1.3,,8.6,270,55,2000
102,백령도,2018-02-22 00:00,1.2,,6,270,55,1773
102,백령도,2018-02-22 01:00,1.2,,5.9,290,61,1782
102,백령도,2018-02-22 02:00,1.1,,7.3,270,65,1787
102,백령도,2018-02-22 03:00,1.2,,6.6,270,66,1390
102,백령도,2018-02-22 04:00,1.4,,6.9,270,68,1502
102,백령도,2018-02-22 05:00,1.3,,6,270,80,1514
102,백령도,2018-02-22 06:00,1.3,,6.8,270,87,1288
102,백령도,2018-02-22 07:00,1.5,,6.9,270,88,931
102,백령도,2018-02-22 08:00,1.8,,6.6,270,89,706
102,백령도,2018-02-22 09:00,2.3,0,7.5,270,81,749
102,백령도,2018-02-22 10:00,2.7,,9,270,78,712
102,백령도,2018-02-22 11:00,3.3,,10,270,69,981
102,백령도,2018-02-22 12:00,3.7,,10.2,270,61,1330
102,백령도,2018-02-22 13:00,3.8,,11,270,66,1083
102,백령도,2018-02-22 14:00,3.9,,11.4,270,71,793
102,백령도,2018-02-22 15:00,3.6,,10.5,270,74,964
102,백령도,2018-02-22 16:00,3.5,,7.5,250,76,966
102,백령도,2018-02-22 17:00,3.1,,7.6,230,75,1017
102,백령도,2018-02-22 18:00,2.8,,7.5,230,79,1060
102,백령도,2018-02-22 19:00,2.9,,5.3,250,81,1490
102,백령도,2018-02-22 20:00,2.8,,10,270,81,1007
102,백령도,2018-02-22 21:00,2.3,,10.3,270,86,546
102,백령도,2018-02-22 22:00,1.8,,4.5,290,89,443
102,백령도,2018-02-22 23:00,1.3,,2.6,290,93,406
102,백령도,2018-02-23 00:00,1.3,0,4,290,94,357
102,백령도,2018-02-23 01:00,1.2,,3.8,290,94,280
102,백령도,2018-02-23 02:00,1,,3.8,290,93,232
102,백령도,2018-02-23 03:00,.5,,3.1,290,92,268
102,백령도,2018-02-23 04:00,.7,,1.7,290,91,283
102,백령도,2018-02-23 05:00,.9,,1.8,110,87,314
102,백령도,2018-02-23 06:00,.4,,4.1,160,87,319
102,백령도,2018-02-23 07:00,.6,,4,160,88,320
102,백령도,2018-02-23 08:00,1,,5.5,160,92,255
102,백령도,2018-02-23 09:00,1.3,,4.4,110,93,201
102,백령도,2018-02-23 10:00,2.2,,4.4,110,93,288
102,백령도,2018-02-23 11:00,1.3,,5.7,110,94,30
102,백령도,2018-02-23 12:00,3.1,,6.4,90,93,347
102,백령도,2018-02-23 13:00,3.8,,4.2,110,90,260
102,백령도,2018-02-23 14:00,3.7,,2.8,110,92,218
102,백령도,2018-02-23 15:00,5.3,,3,160,93,247
102,백령도,2018-02-23 16:00,6.4,,5.7,200,88,378
102,백령도,2018-02-23 17:00,5.6,,5.6,250,87,429
102,백령도,2018-02-23 18:00,4.3,,5.4,250,93,262
102,백령도,2018-02-23 19:00,3.5,,5.5,270,94,168
102,백령도,2018-02-23 20:00,3.4,,5.9,290,93,228
102,백령도,2018-02-23 21:00,2.3,,2.6,320,94,76
102,백령도,2018-02-23 22:00,1.7,,2.2,20,95,13
102,백령도,2018-02-23 23:00,1.1,,3.4,20,95,230
102,백령도,2018-02-24 00:00,.3,,3.3,20,69,1007
102,백령도,2018-02-24 01:00,-.1,,3.3,20,73,1155
102,백령도,2018-02-24 02:00,-.3,,3.2,20,67,1296
102,백령도,2018-02-24 03:00,-.6,,3.9,20,51,1959
102,백령도,2018-02-24 04:00,-1.6,,2.9,20,59,2000
102,백령도,2018-02-24 05:00,-2.1,,3.4,360,53,2000
102,백령도,2018-02-24 06:00,-3,,3.5,20,57,2000
102,백령도,2018-02-24 07:00,-3.6,,3.4,20,61,2000
102,백령도,2018-02-24 08:00,-3.7,,3.1,20,61,2000
102,백령도,2018-02-24 09:00,-3.5,,3,50,58,2000
102,백령도,2018-02-24 10:00,-2.4,,2.9,50,52,2000
102,백령도,2018-02-24 11:00,-1.5,,3.3,50,44,2000
102,백령도,2018-02-24 12:00,-1.2,,2.5,50,45,1983
102,백령도,2018-02-24 13:00,-2.3,,3.3,20,49,2000
102,백령도,2018-02-24 14:00,-1.7,,3.1,20,44,2000
102,백령도,2018-02-24 15:00,-1.7,,2.8,20,43,2000
102,백령도,2018-02-24 16:00,-2.1,,2.6,20,37,2000
102,백령도,2018-02-24 17:00,-2.7,,2.5,20,44,2000
102,백령도,2018-02-24 18:00,-3.3,,2.4,20,46,2000
102,백령도,2018-02-24 19:00,-3.4,,2.5,20,46,2000
102,백령도,2018-02-24 20:00,-3.4,,2.1,360,39,2000
102,백령도,2018-02-24 21:00,-3.3,,2.3,20,41,2000
102,백령도,2018-02-24 22:00,-3.1,,2.1,20,39,2000
102,백령도,2018-02-24 23:00,-3.2,,2,50,48,2000
102,백령도,2018-02-25 00:00,-3,,2.1,50,40,2000
102,백령도,2018-02-25 01:00,-3,,2.3,20,50,2000
102,백령도,2018-02-25 02:00,-3.2,,1.9,50,54,2000
102,백령도,2018-02-25 03:00,-3.3,,1.7,20,54,2000
102,백령도,2018-02-25 04:00,-3.3,,2.6,50,62,2000
102,백령도,2018-02-25 05:00,-3.4,,2.5,50,67,2000
102,백령도,2018-02-25 06:00,-3.4,,2.1,50,68,2000
102,백령도,2018-02-25 07:00,-3.2,,2.7,70,64,2000
102,백령도,2018-02-25 08:00,-2.4,,1.3,50,60,2000
102,백령도,2018-02-25 09:00,-1,,1.4,50,59,2000
102,백령도,2018-02-25 10:00,-.2,,1.8,340,54,2000
102,백령도,2018-02-25 11:00,.2,,3.1,290,50,2000
102,백령도,2018-02-25 12:00,.7,,4,290,48,1984
102,백령도,2018-02-25 13:00,1.1,,4.1,290,53,1983
102,백령도,2018-02-25 14:00,1.3,,4.1,270,51,1954
102,백령도,2018-02-25 15:00,1.5,,4.5,290,43,1987
102,백령도,2018-02-25 16:00,1.6,,3.3,290,48,1996
102,백령도,2018-02-25 17:00,1.3,,3.9,290,48,1982
102,백령도,2018-02-25 18:00,.3,,3.6,290,45,2000
102,백령도,2018-02-25 19:00,-.5,,2.4,290,51,2000
102,백령도,2018-02-25 20:00,-.7,,2.8,290,51,2000
102,백령도,2018-02-25 21:00,-.5,,3.2,290,53,2000
102,백령도,2018-02-25 22:00,-.4,,3,290,52,2000
102,백령도,2018-02-25 23:00,-.4,,3.2,290,55,2000
102,백령도,2018-02-26 00:00,-.3,,2.8,290,56,2000
102,백령도,2018-02-26 01:00,-.3,,1.3,340,59,2000
102,백령도,2018-02-26 02:00,-.5,,1.4,360,61,2000
102,백령도,2018-02-26 03:00,-.2,,.7,20,63,2000
102,백령도,2018-02-26 04:00,-.3,,.4,0,64,2000
102,백령도,2018-02-26 05:00,-.6,,1.3,70,65,2000
102,백령도,2018-02-26 06:00,-.7,,1.5,90,64,2000
102,백령도,2018-02-26 07:00,-.9,,1.6,110,64,2000
102,백령도,2018-02-26 08:00,-.7,,3.7,110,69,1968
102,백령도,2018-02-26 09:00,.2,,3.7,90,67,1907
102,백령도,2018-02-26 10:00,1.6,,3.8,110,55,1965
102,백령도,2018-02-26 11:00,2.8,,3.7,140,49,2000
102,백령도,2018-02-26 12:00,3.8,,3.7,160,50,1939
102,백령도,2018-02-26 13:00,3.8,,4.7,160,52,1970
102,백령도,2018-02-26 14:00,3.6,,4.6,160,54,1903
102,백령도,2018-02-26 15:00,3.5,,5.6,160,68,1961
102,백령도,2018-02-26 16:00,3.4,,7.6,160,77,2000
102,백령도,2018-02-26 17:00,3.4,,4.3,180,75,2000
102,백령도,2018-02-26 18:00,3.3,,5.1,160,75,1991
102,백령도,2018-02-26 19:00,3.4,,5.4,160,77,1976
102,백령도,2018-02-26 20:00,3.5,,7,160,81,1907
102,백령도,2018-02-26 21:00,3.7,,4.3,160,83,1861
102,백령도,2018-02-26 22:00,2.9,,2.4,140,87,1648
102,백령도,2018-02-26 23:00,2.1,,3.2,140,93,928
102,백령도,2018-02-27 00:00,2.1,,3.7,140,94,802
102,백령도,2018-02-27 01:00,1.9,,3.6,90,94,517
102,백령도,2018-02-27 02:00,1.7,,5.2,110,95,449
102,백령도,2018-02-27 03:00,2.3,,4.2,140,95,768
102,백령도,2018-02-27 04:00,2.4,,4.6,140,95,724
102,백령도,2018-02-27 05:00,2.2,,4,140,95,660
102,백령도,2018-02-27 06:00,2.1,,4.2,110,95,745
102,백령도,2018-02-27 07:00,2,,4.5,110,95,607
102,백령도,2018-02-27 08:00,2.2,,3.4,110,95,339
102,백령도,2018-02-27 09:00,2.7,0,3.1,110,95,408
102,백령도,2018-02-27 10:00,2.5,,3.8,110,95,414
102,백령도,2018-02-27 11:00,2.4,,4.2,110,95,385
102,백령도,2018-02-27 12:00,3.2,0,4,110,95,870
102,백령도,2018-02-27 13:00,3,,4.3,70,92,985
102,백령도,2018-02-27 14:00,3.8,,3.8,90,89,874
102,백령도,2018-02-27 15:00,3.8,0,3.4,90,89,685
102,백령도,2018-02-27 16:00,3.6,,4,110,88,738
102,백령도,2018-02-27 17:00,3.2,,4.5,90,92,548
102,백령도,2018-02-27 18:00,2.7,,6.1,90,84,818
102,백령도,2018-02-27 19:00,2.4,,5.4,90,88,645
102,백령도,2018-02-27 20:00,2.5,,6.6,90,92,503
102,백령도,2018-02-27 21:00,2.1,,6.6,110,93,439
102,백령도,2018-02-27 22:00,2.2,,5.9,90,94,281
102,백령도,2018-02-27 23:00,2.1,,5.7,90,94,261
102,백령도,2018-02-28 00:00,2.2,,5.5,90,94,248
102,백령도,2018-02-28 01:00,2.5,,6.2,90,94,266
102,백령도,2018-02-28 02:00,2.6,,6.3,90,93,344
102,백령도,2018-02-28 03:00,2.6,,8.2,90,94,243
102,백령도,2018-02-28 04:00,3,,8,90,93,374
102,백령도,2018-02-28 05:00,3,,8.2,90,84,504
102,백령도,2018-02-28 06:00,2.9,,7.6,90,82,527
102,백령도,2018-02-28 07:00,3.2,,7.8,90,80,534
102,백령도,2018-02-28 08:00,3.7,,7.5,90,77,556
102,백령도,2018-02-28 09:00,3.9,,7.1,90,74,591
102,백령도,2018-02-28 10:00,4.5,,7.6,90,68,688
102,백령도,2018-02-28 11:00,5.4,,5,70,73,849
102,백령도,2018-02-28 12:00,3.5,0,7.3,90,91,425
102,백령도,2018-02-28 13:00,4.1,,3.6,50,93,437
102,백령도,2018-02-28 14:00,5.2,,6.2,70,77,824
102,백령도,2018-02-28 15:00,4.5,.8,7,70,80,854
102,백령도,2018-02-28 16:00,4.2,,6.9,90,88,687
102,백령도,2018-02-28 17:00,4.9,,5.8,70,82,1156
102,백령도,2018-02-28 18:00,4.3,0,4,70,84,1141
102,백령도,2018-02-28 19:00,3.3,,1.7,20,92,728
102,백령도,2018-02-28 20:00,3,,3.1,290,89,587
102,백령도,2018-02-28 21:00,2.9,,3.9,290,92,488
102,백령도,2018-02-28 22:00,3.1,,6.4,290,94,350
102,백령도,2018-02-28 23:00,3.1,,5.3,270,94,447
102,백령도,2018-03-01 00:00,3.3,,5.7,270,95,241
102,백령도,2018-03-01 01:00,3.4,,8.5,270,95,214
102,백령도,2018-03-01 02:00,3.5,,10.6,270,95,63
102,백령도,2018-03-01 03:00,2.3,0,12.7,290,95,204
102,백령도,2018-03-01 04:00,.7,,8,290,94,789
102,백령도,2018-03-01 05:00,-.1,,7.9,290,83,1128
102,백령도,2018-03-01 06:00,-1.6,0,8.9,290,69,1276
102,백령도,2018-03-01 07:00,-2.5,,8.7,290,67,1296
102,백령도,2018-03-01 08:00,-3,,7.6,320,61,1541
102,백령도,2018-03-01 09:00,-3.5,,7.8,320,56,1554
102,백령도,2018-03-01 10:00,-3.5,,7.2,320,55,1805
102,백령도,2018-03-01 11:00,-3,,7.2,320,51,1829
102,백령도,2018-03-01 12:00,-2.8,,6.9,320,52,1857
102,백령도,2018-03-01 13:00,-2,,5.6,320,50,1822
102,백령도,2018-03-01 14:00,-1.6,,6,290,46,1924
102,백령도,2018-03-01 15:00,-1.3,,6.3,290,43,2000
102,백령도,2018-03-01 16:00,-1.4,,5.9,290,44,1946
102,백령도,2018-03-01 17:00,-1.8,,5.9,290,47,2000
102,백령도,2018-03-01 18:00,-2.5,,4.2,320,48,2000
102,백령도,2018-03-01 19:00,-3.1,,4,320,51,2000
102,백령도,2018-03-01 20:00,-2.8,,3.5,290,48,2000
102,백령도,2018-03-01 21:00,-2.8,,3.2,320,45,2000
102,백령도,2018-03-01 22:00,-2.8,,2.5,290,48,2000
102,백령도,2018-03-01 23:00,-3.1,,3.2,320,47,2000
102,백령도,2018-03-02 00:00,-3.2,,3.3,320,43,2000
102,백령도,2018-03-02 01:00,-3.3,,1.5,320,41,2000
102,백령도,2018-03-02 02:00,-3.4,,1.7,360,41,2000
102,백령도,2018-03-02 03:00,-3.7,,1.5,50,41,2000
102,백령도,2018-03-02 04:00,-3.9,,2,50,43,2000
102,백령도,2018-03-02 05:00,-4.3,,2.7,70,44,2000
102,백령도,2018-03-02 06:00,-4.7,,1.7,70,46,2000
102,백령도,2018-03-02 07:00,-4.5,,3.3,90,47,2000
102,백령도,2018-03-02 08:00,-3.7,,1.3,140,31,2000
102,백령도,2018-03-02 09:00,-2.5,,2.1,200,31,2000
102,백령도,2018-03-02 10:00,-1.2,,3.3,200,39,2000
102,백령도,2018-03-02 11:00,0,,3.4,180,35,2000
102,백령도,2018-03-02 12:00,.7,,4,200,36,2000
102,백령도,2018-03-02 13:00,1.7,,4.3,200,40,2000
102,백령도,2018-03-02 14:00,1.9,,3,180,40,2000
102,백령도,2018-03-02 15:00,1.4,,5,160,42,2000
102,백령도,2018-03-02 16:00,2.3,,3.7,230,42,2000
102,백령도,2018-03-02 17:00,1.2,,3,180,48,2000
102,백령도,2018-03-02 18:00,1.1,,4.9,160,50,2000
102,백령도,2018-03-02 19:00,1.2,,6.2,160,56,2000
102,백령도,2018-03-02 20:00,1.4,,6,160,59,2000
102,백령도,2018-03-02 21:00,1.5,,4.8,160,58,2000
102,백령도,2018-03-02 22:00,1.7,,3.3,160,57,2000
102,백령도,2018-03-02 23:00,2,,4.7,160,58,2000
102,백령도,2018-03-03 00:00,2,,3.2,180,63,2000
102,백령도,2018-03-03 01:00,2.2,,2.3,180,75,2000
102,백령도,2018-03-03 02:00,2.5,,2.7,180,83,2000
102,백령도,2018-03-03 03:00,1,,4.1,110,87,2000
102,백령도,2018-03-03 04:00,1.1,,4.1,140,90,2000
102,백령도,2018-03-03 05:00,.9,,6.2,140,89,2000
102,백령도,2018-03-03 06:00,.8,,6.5,140,86,2000
102,백령도,2018-03-03 07:00,.5,,6.6,110,87,2000
102,백령도,2018-03-03 08:00,.9,,7.6,110,87,2000
102,백령도,2018-03-03 09:00,1.9,,7.2,110,82,1984
102,백령도,2018-03-03 10:00,2.5,,6.6,110,80,1992
102,백령도,2018-03-03 11:00,3.5,,6.4,140,70,1951
102,백령도,2018-03-03 12:00,4.2,,5.8,110,63,2000
102,백령도,2018-03-03 13:00,4.4,,5.7,110,62,2000
102,백령도,2018-03-03 14:00,5,,5.6,140,58,1985
102,백령도,2018-03-03 15:00,5.5,,6.7,160,60,1852
102,백령도,2018-03-03 16:00,5.8,,4.8,140,66,1858
102,백령도,2018-03-03 17:00,4.3,,5.2,140,77,1503
102,백령도,2018-03-03 18:00,3.6,,4.7,140,83,1261
102,백령도,2018-03-03 19:00,3.6,,5.4,140,88,1030
102,백령도,2018-03-03 20:00,5.2,,4.7,160,92,1165
102,백령도,2018-03-03 21:00,6.8,,3.5,200,93,1365
102,백령도,2018-03-03 22:00,6.9,,7.3,200,95,673
102,백령도,2018-03-03 23:00,6.6,,7.2,200,96,26
102,백령도,2018-03-04 00:00,6.4,,8.9,200,96,12
102,백령도,2018-03-04 01:00,6.3,,7.1,200,96,11
102,백령도,2018-03-04 02:00,6.2,,3.9,230,96,12
102,백령도,2018-03-04 03:00,6.7,,5,270,97,13
102,백령도,2018-03-04 04:00,6.6,,5.3,290,97,14
102,백령도,2018-03-04 05:00,5.8,,4.4,290,97,11
102,백령도,2018-03-04 06:00,4.7,0,2.1,360,97,11
102,백령도,2018-03-04 07:00,3.7,,3.6,50,97,8
102,백령도,2018-03-04 08:00,3.8,,3.3,50,97,14
102,백령도,2018-03-04 09:00,3.5,0,3.5,20,97,11
102,백령도,2018-03-04 10:00,3.5,,6.1,50,97,16
102,백령도,2018-03-04 11:00,4.1,,3.5,70,97,15
102,백령도,2018-03-04 12:00,4.1,4.1,3,50,97,11
102,백령도,2018-03-04 13:00,2.6,,2.7,50,97,11
102,백령도,2018-03-04 14:00,2,,2.3,360,96,12
102,백령도,2018-03-04 15:00,2.1,1.1,3.1,20,96,11
102,백령도,2018-03-04 16:00,1.8,,3.1,20,97,12
102,백령도,2018-03-04 17:00,1.7,,3.2,20,96,15
102,백령도,2018-03-04 18:00,1.9,5.8,5.2,50,96,90
102,백령도,2018-03-04 19:00,2.7,,8.6,50,97,713
102,백령도,2018-03-04 20:00,3.6,,8.9,50,97,801
102,백령도,2018-03-04 21:00,3.7,6.5,8.5,70,96,1148
102,백령도,2018-03-04 22:00,3.6,,7.8,70,96,1541
102,백령도,2018-03-04 23:00,3.9,,9,50,96,2000
102,백령도,2018-03-05 00:00,4.2,1.5,8.6,70,96,2000
102,백령도,2018-03-05 01:00,4.4,,4.1,50,96,2000
102,백령도,2018-03-05 02:00,2.2,,3.2,20,95,1206
102,백령도,2018-03-05 03:00,2.3,.8,3.6,20,94,1619
102,백령도,2018-03-05 04:00,1.6,,3.7,50,89,1996
102,백령도,2018-03-05 05:00,1.2,,3.6,20,82,2000
102,백령도,2018-03-05 06:00,.9,,2.7,360,81,1986
102,백령도,2018-03-05 07:00,.6,,3.7,20,78,1950
102,백령도,2018-03-05 08:00,.8,,3.5,20,74,2000
102,백령도,2018-03-05 09:00,1.3,,3.3,20,66,1983
102,백령도,2018-03-05 10:00,1.9,,3.4,20,61,1977
102,백령도,2018-03-05 11:00,2.1,,3.8,20,57,1992
102,백령도,2018-03-05 12:00,2.3,,3.3,20,55,2000
102,백령도,2018-03-05 13:00,1.9,,3.5,20,54,2000
102,백령도,2018-03-05 14:00,2.1,,4.1,20,50,1990
102,백령도,2018-03-05 15:00,1.7,,4.1,20,48,2000
102,백령도,2018-03-05 16:00,1.5,,3.9,20,49,2000
102,백령도,2018-03-05 17:00,1.2,,3.5,20,49,2000
102,백령도,2018-03-05 18:00,1,,3.7,20,47,2000
102,백령도,2018-03-05 19:00,.5,,3.2,20,52,2000
102,백령도,2018-03-05 20:00,.3,,2.8,50,54,2000
102,백령도,2018-03-05 21:00,.5,,2.3,360,52,2000
102,백령도,2018-03-05 22:00,.5,,1.5,360,54,2000
102,백령도,2018-03-05 23:00,.5,,1.9,340,63,2000
102,백령도,2018-03-06 00:00,.6,,2.1,360,61,2000
102,백령도,2018-03-06 01:00,.6,,1.9,320,63,2000
102,백령도,2018-03-06 02:00,.5,,3.4,320,62,2000
102,백령도,2018-03-06 03:00,.1,,4.1,320,61,2000
102,백령도,2018-03-06 04:00,-.1,,2.5,340,64,2000
102,백령도,2018-03-06 05:00,-.5,,2.8,360,63,2000
102,백령도,2018-03-06 06:00,-.7,,2.1,360,62,2000
102,백령도,2018-03-06 07:00,-.8,,2,360,64,2000
102,백령도,2018-03-06 08:00,-.5,,2.1,20,64,2000
102,백령도,2018-03-06 09:00,.4,,1.3,360,63,2000
102,백령도,2018-03-06 10:00,1.2,,2,20,60,2000
102,백령도,2018-03-06 11:00,1.4,,2,50,59,1995
102,백령도,2018-03-06 12:00,2.1,,1.8,50,52,2000
102,백령도,2018-03-06 13:00,2.2,,2.3,360,46,2000
102,백령도,2018-03-06 14:00,1.7,,2.4,360,51,2000
102,백령도,2018-03-06 15:00,1.4,,2,20,46,2000
102,백령도,2018-03-06 16:00,1,,3.4,20,44,2000
102,백령도,2018-03-06 17:00,.3,,2.4,360,47,2000
102,백령도,2018-03-06 18:00,.4,,2.3,20,46,2000
102,백령도,2018-03-06 19:00,-.3,,2.3,20,51,2000
102,백령도,2018-03-06 20:00,-.7,,2.1,20,54,2000
102,백령도,2018-03-06 21:00,-.5,,2.6,20,57,2000
102,백령도,2018-03-06 22:00,-.6,,2.7,50,53,2000
102,백령도,2018-03-06 23:00,-.7,,2.8,50,52,2000
102,백령도,2018-03-07 00:00,-.9,,2.4,50,51,2000
102,백령도,2018-03-07 01:00,-.6,,3.1,50,44,2000
102,백령도,2018-03-07 02:00,-.9,,2.4,50,46,2000
102,백령도,2018-03-07 03:00,-1,,2.2,20,48,2000
102,백령도,2018-03-07 04:00,-1.2,,2.2,70,59,2000
102,백령도,2018-03-07 05:00,-1.2,,3.2,50,62,2000
102,백령도,2018-03-07 06:00,-.7,,3.1,50,59,2000
102,백령도,2018-03-07 07:00,-.2,,2.4,50,59,2000
102,백령도,2018-03-07 08:00,.1,,2.7,70,45,2000
102,백령도,2018-03-07 09:00,1.1,,3.4,70,52,2000
102,백령도,2018-03-07 10:00,2.3,,4.5,90,48,2000
102,백령도,2018-03-07 11:00,3.5,,5.2,90,55,1981
102,백령도,2018-03-07 12:00,4.3,,4.9,90,59,1996
102,백령도,2018-03-07 13:00,4,,4.7,90,64,1952
102,백령도,2018-03-07 14:00,5,,4.9,90,62,1985
102,백령도,2018-03-07 15:00,3.9,,5,90,65,1866
102,백령도,2018-03-07 16:00,4.3,,2.4,110,63,1975
102,백령도,2018-03-07 17:00,3.8,,1.7,90,65,1677
102,백령도,2018-03-07 18:00,3.1,,.5,160,74,1736
102,백령도,2018-03-07 19:00,2.1,,1.4,360,77,1854
102,백령도,2018-03-07 20:00,2,,2.4,360,66,1966
102,백령도,2018-03-07 21:00,1.8,,1.5,20,72,2000
102,백령도,2018-03-07 22:00,1.5,,1.9,20,72,1976
102,백령도,2018-03-07 23:00,1.5,,2.6,20,72,1994
102,백령도,2018-03-08 00:00,1.2,,3,70,76,1945
102,백령도,2018-03-08 01:00,.7,,2.2,50,80,1711
102,백령도,2018-03-08 02:00,.8,,2.2,50,91,1410
102,백령도,2018-03-08 03:00,.1,,1.8,360,93,587
102,백령도,2018-03-08 04:00,-.1,,2.2,20,95,81
102,백령도,2018-03-08 05:00,-.2,,2.2,20,95,530
102,백령도,2018-03-08 06:00,-.3,,2.3,360,95,295
102,백령도,2018-03-08 07:00,-.3,,1.8,340,95,515
102,백령도,2018-03-08 08:00,-.4,,2.4,360,94,795
102,백령도,2018-03-08 09:00,-.4,,2,360,93,888
102,백령도,2018-03-08 10:00,-.4,,2.3,340,87,697
102,백령도,2018-03-08 11:00,-1,,2.1,340,86,728
102,백령도,2018-03-08 12:00,-.9,,3.1,320,83,935
102,백령도,2018-03-08 13:00,-.3,,3.5,320,78,942
102,백령도,2018-03-08 14:00,-.6,,4.6,320,75,985
102,백령도,2018-03-08 15:00,-.6,,4.7,320,70,1244
102,백령도,2018-03-08 16:00,.7,,4.8,320,63,1351
102,백령도,2018-03-08 17:00,.8,,5.2,320,58,1717
102,백령도,2018-03-08 18:00,.7,,3.8,320,55,1981
102,백령도,2018-03-08 19:00,.5,,4.2,320,57,2000
102,백령도,2018-03-08 20:00,.6,,5.5,320,56,2000
102,백령도,2018-03-08 21:00,.2,,5.4,320,58,2000
102,백령도,2018-03-08 22:00,-.2,,3.9,320,58,1998
102,백령도,2018-03-08 23:00,-.6,,5.2,320,59,1996
102,백령도,2018-03-09 00:00,-.8,,4.7,290,62,1963
102,백령도,2018-03-09 01:00,-.9,,4.2,320,59,2000
102,백령도,2018-03-09 02:00,-1.2,,1.9,340,61,1996
102,백령도,2018-03-09 03:00,-1.4,,2.4,340,64,1995
102,백령도,2018-03-09 04:00,-1.3,,3.3,340,62,2000
102,백령도,2018-03-09 05:00,-1.6,,2.1,320,66,1995
102,백령도,2018-03-09 06:00,-1.6,,2,320,65,2000
102,백령도,2018-03-09 07:00,-1.9,,2.4,20,67,2000
102,백령도,2018-03-09 08:00,-1.2,,2.1,360,64,2000
102,백령도,2018-03-09 09:00,.1,,2,50,57,2000
102,백령도,2018-03-09 10:00,1.2,,2.8,50,54,2000
102,백령도,2018-03-09 11:00,1.9,,2.2,340,46,2000
102,백령도,2018-03-09 12:00,1.7,,1.8,360,47,2000
102,백령도,2018-03-09 13:00,1.8,,3.2,290,55,2000
102,백령도,2018-03-09 14:00,1.9,,4.9,290,53,2000
102,백령도,2018-03-09 15:00,2,,4.9,290,56,2000
102,백령도,2018-03-09 16:00,2.3,,1.8,360,57,2000
102,백령도,2018-03-09 17:00,.5,,2.3,20,67,2000
102,백령도,2018-03-09 18:00,2.9,,.9,320,45,2000
102,백령도,2018-03-09 19:00,1.2,,1,340,,2000
102,백령도,2018-03-09 20:00,0,,2.3,270,76,2000
102,백령도,2018-03-09 21:00,.3,,1.5,270,70,2000
102,백령도,2018-03-09 22:00,2.1,,.1,0,,2000
102,백령도,2018-03-09 23:00,1,,3.1,200,,2000
102,백령도,2018-03-10 00:00,.1,,6.5,230,,2000
102,백령도,2018-03-10 01:00,1,,6.1,200,,2000
102,백령도,2018-03-10 02:00,1.6,,5.5,230,,2000
102,백령도,2018-03-10 03:00,1.8,,6.7,230,,2000
102,백령도,2018-03-10 04:00,1.9,,5.7,230,,2000
102,백령도,2018-03-10 05:00,1.9,,5.8,230,,2000
102,백령도,2018-03-10 06:00,1.9,,5.3,200,,2000
102,백령도,2018-03-10 07:00,2,,5.7,200,,2000
102,백령도,2018-03-10 08:00,2.7,,5.1,200,,2000
102,백령도,2018-03-10 09:00,3.7,,6.9,200,,2000
102,백령도,2018-03-10 10:00,4.4,,8.4,200,,2000
102,백령도,2018-03-10 11:00,5.6,,6.9,200,,1990
102,백령도,2018-03-10 12:00,6,,6.1,250,72,1549
102,백령도,2018-03-10 13:00,5.8,,6.5,250,75,1071
102,백령도,2018-03-10 14:00,5.6,,4.7,250,80,910
102,백령도,2018-03-10 15:00,6,,3.3,230,77,985
102,백령도,2018-03-10 16:00,5,,4.3,270,87,855
102,백령도,2018-03-10 17:00,3.9,,3.8,290,88,931
102,백령도,2018-03-10 18:00,3.3,,2.4,290,91,933
102,백령도,2018-03-10 19:00,2.4,,1.4,320,93,769
102,백령도,2018-03-10 20:00,2.2,,1.6,340,93,749
102,백령도,2018-03-10 21:00,1.9,,1.9,360,94,513
102,백령도,2018-03-10 22:00,1.5,,2,20,95,17
102,백령도,2018-03-10 23:00,2.1,,1.7,360,95,710
102,백령도,2018-03-11 00:00,2.2,,2,320,83,1227
102,백령도,2018-03-11 01:00,2.2,,2.5,320,80,1296
102,백령도,2018-03-11 02:00,.9,,2.1,340,93,633
102,백령도,2018-03-11 03:00,.7,,1.8,20,94,55
102,백령도,2018-03-11 04:00,.7,,2.1,360,95,1239
102,백령도,2018-03-11 05:00,.5,,2.6,360,91,1545
102,백령도,2018-03-11 06:00,1.4,,3.5,50,59,1779
102,백령도,2018-03-11 07:00,1.2,,3.3,50,50,1998
102,백령도,2018-03-11 08:00,1.9,,2.5,50,45,2000
102,백령도,2018-03-11 09:00,2.8,,2.9,70,46,1989
102,백령도,2018-03-11 10:00,4,,3.3,70,39,2000
102,백령도,2018-03-11 11:00,5.3,,3.1,70,23,2000
102,백령도,2018-03-11 12:00,6.3,,2.9,70,18,2000
102,백령도,2018-03-11 13:00,6.8,,2.5,250,46,1987
102,백령도,2018-03-11 14:00,6.6,,1.4,160,54,1981
102,백령도,2018-03-11 15:00,7.6,,1.4,230,52,1854
102,백령도,2018-03-11 16:00,6.5,,4.1,200,63,1452
102,백령도,2018-03-11 17:00,2.6,,2.3,70,80,1493
102,백령도,2018-03-11 18:00,3.9,,2.1,110,60,1749
102,백령도,2018-03-11 19:00,2.6,,3.4,160,77,1105
102,백령도,2018-03-11 20:00,1.9,,2.3,200,87,1248
102,백령도,2018-03-11 21:00,2,,4.6,160,94,640
102,백령도,2018-03-11 22:00,1.2,,3.7,140,89,793
102,백령도,2018-03-11 23:00,1.9,,4.7,160,94,238
102,백령도,2018-03-12 00:00,2,,4.8,140,94,228
102,백령도,2018-03-12 01:00,2.6,,4.8,140,95,21
102,백령도,2018-03-12 02:00,2.5,,5.9,160,96,27
102,백령도,2018-03-12 03:00,2.5,,4.6,140,96,60
102,백령도,2018-03-12 04:00,2,,6,140,96,19
102,백령도,2018-03-12 05:00,2,,5.1,140,96,19
102,백령도,2018-03-12 06:00,1.9,,4.4,140,96,13
102,백령도,2018-03-12 07:00,1.8,,5.8,140,96,16
102,백령도,2018-03-12 08:00,1.8,,6.3,110,96,38
102,백령도,2018-03-12 09:00,2,,5,110,96,64
102,백령도,2018-03-12 10:00,2.6,,4.9,110,96,529
102,백령도,2018-03-12 11:00,3.6,,4.9,140,96,772
102,백령도,2018-03-12 12:00,3.8,,4.4,160,95,488
102,백령도,2018-03-12 13:00,5,,4.5,160,94,450
102,백령도,2018-03-12 14:00,5.6,,5.8,160,93,655
102,백령도,2018-03-12 15:00,5.7,,3.7,180,93,546
102,백령도,2018-03-12 16:00,5.9,,4.5,230,93,617
102,백령도,2018-03-12 17:00,5.6,,3.7,180,92,693
102,백령도,2018-03-12 18:00,5,,3.5,200,93,1013
102,백령도,2018-03-12 19:00,4.5,,4.5,180,94,1282
102,백령도,2018-03-12 20:00,4.6,,4.1,230,94,1188
102,백령도,2018-03-12 21:00,5.1,,5.3,160,95,701
102,백령도,2018-03-12 22:00,5,,3.7,140,95,885
102,백령도,2018-03-12 23:00,5.1,,4,140,95,201
102,백령도,2018-03-13 00:00,4.7,,4.1,140,95,280
102,백령도,2018-03-13 01:00,5.5,,6.1,160,95,361
102,백령도,2018-03-13 02:00,6.1,,5.4,160,95,624
102,백령도,2018-03-13 03:00,6.4,0,4.8,160,95,602
102,백령도,2018-03-13 04:00,6.6,,5.9,160,96,262
102,백령도,2018-03-13 05:00,6.3,,5.5,180,96,13
102,백령도,2018-03-13 06:00,6.1,0,5.8,160,96,13
102,백령도,2018-03-13 07:00,4.9,,3.6,140,96,11
102,백령도,2018-03-13 08:00,5.2,,5,140,96,11
102,백령도,2018-03-13 09:00,5.8,0,6.5,140,97,11
102,백령도,2018-03-13 10:00,6,,6.9,140,97,13
102,백령도,2018-03-13 11:00,5.7,,6.6,140,97,19
102,백령도,2018-03-13 12:00,6,0,7.3,110,97,45
102,백령도,2018-03-13 13:00,8.9,,5.5,140,96,1861
102,백령도,2018-03-13 14:00,9.4,,4.6,160,86,1854
102,백령도,2018-03-13 15:00,10.6,,5.1,180,84,1755
102,백령도,2018-03-13 16:00,10.9,,4.8,180,80,1627
102,백령도,2018-03-13 17:00,10.5,,5.2,160,82,1268
102,백령도,2018-03-13 18:00,9.8,,5.7,160,90,1442
102,백령도,2018-03-13 19:00,9.7,,4.6,180,90,1624
102,백령도,2018-03-13 20:00,7.6,,5.6,160,93,1442
102,백령도,2018-03-13 21:00,7,,6.5,160,88,1740
102,백령도,2018-03-13 22:00,7.7,,7.4,160,93,1903
102,백령도,2018-03-13 23:00,7.8,,6.6,160,93,2000
102,백령도,2018-03-14 00:00,6.6,,7.6,160,94,1040
102,백령도,2018-03-14 01:00,5.6,,7.1,140,96,21
102,백령도,2018-03-14 02:00,6.2,,7.2,160,96,13
102,백령도,2018-03-14 03:00,6.4,,5.8,140,96,12
102,백령도,2018-03-14 04:00,7,,5.6,140,97,17
102,백령도,2018-03-14 05:00,6.2,,5.1,110,97,10
102,백령도,2018-03-14 06:00,6.7,0,5.7,140,97,9
102,백령도,2018-03-14 07:00,6.4,,7.8,110,97,9
102,백령도,2018-03-14 08:00,6.7,,7.2,110,97,8
102,백령도,2018-03-14 09:00,6.7,0,8.9,110,97,8
102,백령도,2018-03-14 10:00,7,,7.7,110,97,9
102,백령도,2018-03-14 11:00,7.5,,6.6,110,97,9
102,백령도,2018-03-14 12:00,9.7,0,4.4,140,97,1534
102,백령도,2018-03-14 13:00,9.8,,4.4,140,97,1933
102,백령도,2018-03-14 14:00,10.6,,5.2,160,96,2000
102,백령도,2018-03-14 15:00,12.1,,4.1,140,91,2000
102,백령도,2018-03-14 16:00,11.8,,3.9,180,92,2000
102,백령도,2018-03-14 17:00,12.5,,4.7,230,92,1976
102,백령도,2018-03-14 18:00,9.9,,4.8,180,96,12
102,백령도,2018-03-14 19:00,9.9,,3.9,180,97,14
102,백령도,2018-03-14 20:00,10.9,,6.9,230,97,15
102,백령도,2018-03-14 21:00,11,0,6.9,230,97,1566
102,백령도,2018-03-14 22:00,11,,7.3,230,97,1367
102,백령도,2018-03-14 23:00,9.9,,7.7,230,96,903
102,백령도,2018-03-15 00:00,10,,6.4,230,97,12
102,백령도,2018-03-15 01:00,9,,9,200,97,11
102,백령도,2018-03-15 02:00,8.8,,10.4,200,97,9
102,백령도,2018-03-15 03:00,8.6,0,9.5,200,97,9
102,백령도,2018-03-15 04:00,8.5,,7.8,200,97,9
102,백령도,2018-03-15 05:00,8.7,,5.8,200,97,9
102,백령도,2018-03-15 06:00,8.8,0,5,230,97,9
102,백령도,2018-03-15 07:00,8.4,,4,250,97,9
102,백령도,2018-03-15 08:00,7.7,,3.4,250,97,9
102,백령도,2018-03-15 09:00,7.6,0,1.7,230,97,9
102,백령도,2018-03-15 10:00,6.3,,4.9,290,97,9
102,백령도,2018-03-15 11:00,3,,2.2,360,97,7
102,백령도,2018-03-15 12:00,2.9,0,2.6,320,97,349
102,백령도,2018-03-15 13:00,3.6,,3.6,320,96,1122
102,백령도,2018-03-15 14:00,4.1,,3.6,320,96,1934
102,백령도,2018-03-15 15:00,4.5,,4.8,320,77,1986
102,백령도,2018-03-15 16:00,3.3,,2.9,340,81,1964
102,백령도,2018-03-15 17:00,3.3,,2.7,340,77,1981
102,백령도,2018-03-15 18:00,2.8,,3.2,340,74,1973
102,백령도,2018-03-15 19:00,2.5,,3,360,72,1989
102,백령도,2018-03-15 20:00,2.2,,3.8,360,69,1997
102,백령도,2018-03-15 21:00,1.7,,3.3,360,64,2000
102,백령도,2018-03-15 22:00,1,,3.9,360,54,2000
102,백령도,2018-03-15 23:00,.4,,3.1,360,52,2000
102,백령도,2018-03-16 00:00,0,,3.6,360,49,2000
102,백령도,2018-03-16 01:00,-.3,,4.2,20,52,2000
102,백령도,2018-03-16 02:00,-.4,,4,20,54,2000
102,백령도,2018-03-16 03:00,-.2,,3.1,360,53,2000
102,백령도,2018-03-16 04:00,-.5,,3,20,57,2000
102,백령도,2018-03-16 05:00,-.6,,2.9,20,59,2000
102,백령도,2018-03-16 06:00,-.7,,2.6,360,54,2000
102,백령도,2018-03-16 07:00,-.8,,2.2,20,56,2000
102,백령도,2018-03-16 08:00,0,,1.9,20,54,2000
102,백령도,2018-03-16 09:00,1,,2.3,20,55,2000
102,백령도,2018-03-16 10:00,1.8,,1.3,250,56,2000
102,백령도,2018-03-16 11:00,2.6,,1.5,360,54,2000
102,백령도,2018-03-16 12:00,3,,1.5,50,55,2000
102,백령도,2018-03-16 13:00,3.3,,1.9,340,54,2000
102,백령도,2018-03-16 14:00,3.6,,2.6,340,55,2000
102,백령도,2018-03-16 15:00,2.9,,2.2,360,57,2000
102,백령도,2018-03-16 16:00,3.3,,1.7,360,59,2000
102,백령도,2018-03-16 17:00,2.8,,1.8,360,64,2000
102,백령도,2018-03-16 18:00,2.4,,2.2,340,68,2000
102,백령도,2018-03-16 19:00,1.1,,1.8,340,75,2000
102,백령도,2018-03-16 20:00,1,,2.2,360,73,2000
102,백령도,2018-03-16 21:00,.7,,2.8,50,78,2000
102,백령도,2018-03-16 22:00,1.7,,2.7,50,63,2000
102,백령도,2018-03-16 23:00,1.4,,1,290,72,2000
102,백령도,2018-03-17 00:00,2.5,,2.6,290,53,2000
102,백령도,2018-03-17 01:00,2.4,,2.2,320,52,2000
102,백령도,2018-03-17 02:00,1.2,,1.9,320,74,2000
102,백령도,2018-03-17 03:00,1.3,,4.1,290,82,2000
102,백령도,2018-03-17 04:00,1.1,,1.7,320,79,2000
102,백령도,2018-03-17 05:00,1,,1.8,20,80,2000
102,백령도,2018-03-17 06:00,1.1,,3.6,50,83,2000
102,백령도,2018-03-17 07:00,1,,4.3,70,79,2000
102,백령도,2018-03-17 08:00,2.1,,4.1,70,69,2000
102,백령도,2018-03-17 09:00,3.2,,5,90,68,2000
102,백령도,2018-03-17 10:00,4.5,,4.3,90,69,2000
102,백령도,2018-03-17 11:00,6.9,,3.8,110,62,1978
102,백령도,2018-03-17 12:00,7.8,,3.4,160,56,1979
102,백령도,2018-03-17 13:00,8.4,,2,230,52,2000
102,백령도,2018-03-17 14:00,8.1,,2.2,180,48,1982
102,백령도,2018-03-17 15:00,9,,3.6,230,45,2000
102,백령도,2018-03-17 16:00,6.7,,3.1,230,55,2000
102,백령도,2018-03-17 17:00,7.9,,2.4,230,57,2000
102,백령도,2018-03-17 18:00,5.2,,3.6,200,77,2000
102,백령도,2018-03-17 19:00,4.2,,2.1,200,86,2000
102,백령도,2018-03-17 20:00,3.9,,2.3,180,92,1777
102,백령도,2018-03-17 21:00,3.8,,2.6,200,93,1531
102,백령도,2018-03-17 22:00,3.9,,2.7,180,93,1367
102,백령도,2018-03-17 23:00,3.8,,2,160,94,1267
102,백령도,2018-03-18 00:00,4,,2.1,200,94,1183
102,백령도,2018-03-18 01:00,4.1,,1.5,230,94,1512
102,백령도,2018-03-18 02:00,3.1,,1.1,70,94,514
102,백령도,2018-03-18 03:00,3.2,,1.8,50,95,559
102,백령도,2018-03-18 04:00,3.6,,1.5,90,95,963
102,백령도,2018-03-18 05:00,3.6,,2,70,95,1078
102,백령도,2018-03-18 06:00,3.9,,2.4,70,93,1770
102,백령도,2018-03-18 07:00,3.8,,2,70,88,2000
102,백령도,2018-03-18 08:00,3.9,,1.9,70,80,1992
102,백령도,2018-03-18 09:00,4.1,,3.1,110,88,1453
102,백령도,2018-03-18 10:00,4.6,,1.2,70,73,1782
102,백령도,2018-03-18 11:00,4.5,,2,90,77,985
102,백령도,2018-03-18 12:00,3.8,.3,1.9,90,87,1049
102,백령도,2018-03-18 13:00,3.6,,.8,50,93,649
102,백령도,2018-03-18 14:00,3,,2.8,70,95,351
102,백령도,2018-03-18 15:00,2.6,1.2,2,70,95,222
102,백령도,2018-03-18 16:00,2.8,,1.7,50,95,89
102,백령도,2018-03-18 17:00,2.7,,1,20,96,90
102,백령도,2018-03-18 18:00,2.8,.8,1.2,360,96,382
102,백령도,2018-03-18 19:00,2.3,,1.7,360,96,171
102,백령도,2018-03-18 20:00,2.4,,2,70,96,302
102,백령도,2018-03-18 21:00,2.6,.3,2.8,50,95,1067
102,백령도,2018-03-18 22:00,2.5,,1.5,50,95,1900
102,백령도,2018-03-18 23:00,2.5,,2,50,94,2000
102,백령도,2018-03-19 00:00,2.5,.2,1.7,50,91,2000
102,백령도,2018-03-19 01:00,2.8,,1.6,20,81,2000
102,백령도,2018-03-19 02:00,2.8,,1.6,50,81,2000
102,백령도,2018-03-19 03:00,2.5,0,1.9,360,84,1896
102,백령도,2018-03-19 04:00,2,,1.7,360,91,1496
102,백령도,2018-03-19 05:00,2,,1.8,340,93,862
102,백령도,2018-03-19 06:00,2.1,,1.5,360,93,757
102,백령도,2018-03-19 07:00,2,,2,320,93,632
102,백령도,2018-03-19 08:00,2.2,,2.5,360,94,591
102,백령도,2018-03-19 09:00,4.7,,2.1,50,84,1451
102,백령도,2018-03-19 10:00,6.4,,4.9,50,76,1891
102,백령도,2018-03-19 11:00,6.5,,2.3,50,76,1857
102,백령도,2018-03-19 12:00,5.9,,1.5,340,79,1197
102,백령도,2018-03-19 13:00,6.9,,2.1,340,70,1570
102,백령도,2018-03-19 14:00,7.5,,1.7,340,61,1808
102,백령도,2018-03-19 15:00,8.3,,1.9,20,54,2000
102,백령도,2018-03-19 16:00,8.4,,1.7,20,51,2000
102,백령도,2018-03-19 17:00,7.8,,1.6,340,53,2000
102,백령도,2018-03-19 18:00,7.1,,1.9,50,59,2000
102,백령도,2018-03-19 19:00,6.8,,2.9,50,62,2000
102,백령도,2018-03-19 20:00,8.9,,2.1,160,51,2000
102,백령도,2018-03-19 21:00,8.3,,3.7,160,59,2000
102,백령도,2018-03-19 22:00,7.9,,2.3,90,63,2000
102,백령도,2018-03-19 23:00,7.1,,3.8,70,67,2000
102,백령도,2018-03-20 00:00,6.5,,6,50,57,2000
102,백령도,2018-03-20 01:00,5.3,,6.4,70,61,2000
102,백령도,2018-03-20 02:00,5,,6.2,70,56,2000
102,백령도,2018-03-20 03:00,4.1,,6.4,70,59,2000
102,백령도,2018-03-20 04:00,3.9,,7.5,70,54,2000
102,백령도,2018-03-20 05:00,3.5,,8.6,70,52,2000
102,백령도,2018-03-20 06:00,3.1,,8.6,70,51,2000
102,백령도,2018-03-20 07:00,2.6,,7.5,70,55,2000
102,백령도,2018-03-20 08:00,3.6,,7.7,70,52,2000
102,백령도,2018-03-20 09:00,5.1,,7.4,70,46,2000
102,백령도,2018-03-20 10:00,6.4,,7.1,70,42,2000
102,백령도,2018-03-20 11:00,7.3,,6.2,70,39,2000
102,백령도,2018-03-20 12:00,8.3,,5.5,50,34,2000
102,백령도,2018-03-20 13:00,7.1,,5.5,70,39,2000
102,백령도,2018-03-20 14:00,5.8,,1.3,340,53,2000
102,백령도,2018-03-20 15:00,5.5,,1.3,320,56,2000
102,백령도,2018-03-20 16:00,5.1,,1.2,320,62,2000
102,백령도,2018-03-20 17:00,4.6,,.2,0,65,2000
102,백령도,2018-03-20 18:00,5.4,,.8,140,56,2000
102,백령도,2018-03-20 19:00,5.1,,3.3,90,53,2000
102,백령도,2018-03-20 20:00,4.3,,4.6,70,58,2000
102,백령도,2018-03-20 21:00,3.6,,7.2,70,51,2000
102,백령도,2018-03-20 22:00,3,,6.7,70,51,2000
102,백령도,2018-03-20 23:00,2.6,,6.6,70,51,2000
102,백령도,2018-03-21 00:00,2,,6.7,70,51,2000
102,백령도,2018-03-21 01:00,1.6,,5.6,70,48,2000
102,백령도,2018-03-21 02:00,1.4,,5.5,70,46,2000
102,백령도,2018-03-21 03:00,1.4,,6.7,70,44,2000
102,백령도,2018-03-21 04:00,.8,,5.2,70,42,2000
102,백령도,2018-03-21 05:00,.9,,4.7,70,41,2000
102,백령도,2018-03-21 06:00,.7,,2.9,70,43,2000
102,백령도,2018-03-21 07:00,.6,,3.2,50,51,2000
102,백령도,2018-03-21 08:00,1.5,,3.5,70,47,2000
102,백령도,2018-03-21 09:00,2.5,,3.8,50,40,2000
102,백령도,2018-03-21 10:00,2.9,,3.5,70,38,2000
102,백령도,2018-03-21 11:00,3.3,,4.5,70,33,2000
102,백령도,2018-03-21 12:00,4.3,,3.2,70,31,2000
102,백령도,2018-03-21 13:00,4.2,,2.1,320,38,2000
102,백령도,2018-03-21 14:00,3.4,,3.7,290,47,2000
102,백령도,2018-03-21 15:00,3.6,,3.1,290,51,2000
102,백령도,2018-03-21 16:00,3,,2.4,290,55,2000
102,백령도,2018-03-21 17:00,2.4,,2.5,320,52,2000
102,백령도,2018-03-21 18:00,2,,1.9,340,54,2000
102,백령도,2018-03-21 19:00,1.1,,1.7,340,62,2000
102,백령도,2018-03-21 20:00,.9,,2.1,340,64,2000
102,백령도,2018-03-21 21:00,.9,,1.6,340,66,2000
102,백령도,2018-03-21 22:00,1,,2.3,320,65,2000
102,백령도,2018-03-21 23:00,1.1,,2.6,320,65,2000
102,백령도,2018-03-22 00:00,1.1,,2.4,320,68,2000
102,백령도,2018-03-22 01:00,1.1,,2.5,320,68,2000
102,백령도,2018-03-22 02:00,1.1,,3,290,70,2000
102,백령도,2018-03-22 03:00,1.2,,2.6,320,71,2000
102,백령도,2018-03-22 04:00,1.2,,3.5,290,76,2000
102,백령도,2018-03-22 05:00,1.4,,4.1,290,87,2000
102,백령도,2018-03-22 06:00,1.6,,5,290,92,1067
102,백령도,2018-03-22 07:00,1.7,,4.5,290,93,682
102,백령도,2018-03-22 08:00,2.1,,3.9,290,89,817
102,백령도,2018-03-22 09:00,3,,3.9,290,75,1179
102,백령도,2018-03-22 10:00,3.8,,3.8,270,67,1612
102,백령도,2018-03-22 11:00,4.1,,4.6,270,60,1730
102,백령도,2018-03-22 12:00,5.2,,4.7,290,60,1929
102,백령도,2018-03-22 13:00,5,,5.1,290,62,1994
102,백령도,2018-03-22 14:00,5.8,,4.5,270,63,1171
102,백령도,2018-03-22 15:00,5.9,,4.6,270,64,1086
102,백령도,2018-03-22 16:00,5.5,,4.7,290,65,1430
102,백령도,2018-03-22 17:00,5.1,,3.9,290,61,1464
102,백령도,2018-03-22 18:00,4.4,,3,290,66,1492
102,백령도,2018-03-22 19:00,2.7,,3.2,290,73,1383
102,백령도,2018-03-22 20:00,2.6,,4.6,290,71,1344
102,백령도,2018-03-22 21:00,2.6,,4.2,290,81,1217
102,백령도,2018-03-22 22:00,2.1,,4,270,90,1013
102,백령도,2018-03-22 23:00,2.3,,4.4,270,93,775
102,백령도,2018-03-23 00:00,2.5,,5.1,250,91,1010
102,백령도,2018-03-23 01:00,2.7,,5.3,230,92,779
102,백령도,2018-03-23 02:00,2.9,,4.7,250,92,718
102,백령도,2018-03-23 03:00,3.1,,4.7,250,61,1228
102,백령도,2018-03-23 04:00,3.6,,4.9,250,53,1480
102,백령도,2018-03-23 05:00,3.5,,2.7,250,63,1254
102,백령도,2018-03-23 06:00,3.5,,2.9,230,70,1028
102,백령도,2018-03-23 07:00,3.4,,4.2,200,80,905
102,백령도,2018-03-23 08:00,3.9,,2.5,180,79,1010
102,백령도,2018-03-23 09:00,5.1,,3.1,180,75,1219
102,백령도,2018-03-23 10:00,6.2,,4.2,200,74,1291
102,백령도,2018-03-23 11:00,7.4,,3.3,200,58,1690
102,백령도,2018-03-23 12:00,8,,4.5,200,61,1593
102,백령도,2018-03-23 13:00,8.3,,5.8,200,58,1467
102,백령도,2018-03-23 14:00,8.6,,5.8,230,56,1538
102,백령도,2018-03-23 15:00,7.7,,6.1,200,66,1400
102,백령도,2018-03-23 16:00,7.5,,6.4,200,72,1126
102,백령도,2018-03-23 17:00,7,,5.5,230,74,1163
102,백령도,2018-03-23 18:00,6.4,,3.8,200,72,1452
102,백령도,2018-03-23 19:00,5.5,,2.7,200,73,1431
102,백령도,2018-03-23 20:00,5.5,,4.1,200,76,1202
102,백령도,2018-03-23 21:00,5.6,,5.2,200,80,1095
102,백령도,2018-03-23 22:00,5.5,,4.3,200,87,1043
102,백령도,2018-03-23 23:00,5.3,,3.6,180,84,1160
102,백령도,2018-03-24 00:00,5.5,,5.7,200,76,1232
102,백령도,2018-03-24 01:00,5.9,,5.6,200,81,1084
102,백령도,2018-03-24 02:00,5.8,,6.6,200,87,949
102,백령도,2018-03-24 03:00,5.9,,3.9,200,91,742
102,백령도,2018-03-24 04:00,5.6,,1.5,180,93,496
102,백령도,2018-03-24 05:00,5.8,,3.4,230,94,271
102,백령도,2018-03-24 06:00,5.6,,2.3,230,95,218
102,백령도,2018-03-24 07:00,5.4,,2.7,230,95,145
102,백령도,2018-03-24 08:00,4.9,,2.1,250,95,24
102,백령도,2018-03-24 09:00,5.1,,3,230,96,29
102,백령도,2018-03-24 10:00,5,,.7,250,96,40
102,백령도,2018-03-24 11:00,6,,.8,20,96,154
102,백령도,2018-03-24 12:00,7.3,,1.6,70,93,310
102,백령도,2018-03-24 13:00,7.6,,.9,70,80,397
102,백령도,2018-03-24 14:00,9.3,,.7,320,73,423
102,백령도,2018-03-24 15:00,10,,.9,270,71,480
102,백령도,2018-03-24 16:00,6.6,,3.6,230,88,207
102,백령도,2018-03-24 17:00,6.7,,1.9,230,90,203
102,백령도,2018-03-24 18:00,4.2,,2.2,230,94,38
102,백령도,2018-03-24 19:00,2.6,,1.6,230,95,13
102,백령도,2018-03-24 20:00,2.5,,2.3,230,95,92
102,백령도,2018-03-24 21:00,1.9,,3.2,230,95,13
102,백령도,2018-03-24 22:00,5.7,,5.3,230,67,486
102,백령도,2018-03-24 23:00,5.9,,6.8,230,58,645
102,백령도,2018-03-25 00:00,7.7,,7,250,46,819
102,백령도,2018-03-25 01:00,5,,5.1,230,62,683
102,백령도,2018-03-25 02:00,4.4,,4.3,200,71,534
102,백령도,2018-03-25 03:00,.8,,4.2,180,92,146
102,백령도,2018-03-25 04:00,1.4,,3.5,140,95,90
102,백령도,2018-03-25 05:00,1.1,,4.8,110,95,10
102,백령도,2018-03-25 06:00,1.3,,5.8,140,96,10
102,백령도,2018-03-25 07:00,1.4,,5.1,140,96,11
102,백령도,2018-03-25 08:00,1.8,,5.8,110,96,9
102,백령도,2018-03-25 09:00,2.3,,5.8,110,96,9
102,백령도,2018-03-25 10:00,2.8,,6.6,140,97,21
102,백령도,2018-03-25 11:00,3.5,,5,140,97,84
102,백령도,2018-03-25 12:00,4.1,,5.2,140,96,284
102,백령도,2018-03-25 13:00,4.8,,5.3,140,96,556
102,백령도,2018-03-25 14:00,5.4,,4.8,140,95,559
102,백령도,2018-03-25 15:00,5.1,,4.5,140,95,192
102,백령도,2018-03-25 16:00,5.4,,3.2,110,95,204
102,백령도,2018-03-25 17:00,4.8,,4.8,140,95,43
102,백령도,2018-03-25 18:00,4.4,,4.6,110,96,18
102,백령도,2018-03-25 19:00,4.1,,5.3,110,96,9
102,백령도,2018-03-25 20:00,3.8,,7.1,110,96,9
102,백령도,2018-03-25 21:00,3.7,0,6.3,140,96,8
102,백령도,2018-03-25 22:00,3.5,,5.4,140,97,8
102,백령도,2018-03-25 23:00,3.3,,5.7,140,97,9
102,백령도,2018-03-26 00:00,3,0,5.9,160,97,9
102,백령도,2018-03-26 01:00,2.9,,5.8,140,97,15
102,백령도,2018-03-26 02:00,2.7,,5.3,140,97,12
102,백령도,2018-03-26 03:00,2.7,0,6,140,97,9
102,백령도,2018-03-26 04:00,2.7,,6.2,160,97,10
102,백령도,2018-03-26 05:00,2.9,,5,140,97,10
102,백령도,2018-03-26 06:00,2.8,0,4.8,140,97,9
102,백령도,2018-03-26 07:00,2.8,,5.9,140,97,9
102,백령도,2018-03-26 08:00,2.8,,4.8,110,97,9
102,백령도,2018-03-26 09:00,3,0,5.2,110,97,8
102,백령도,2018-03-26 10:00,3.4,,4.9,110,97,9
102,백령도,2018-03-26 11:00,3.7,,5.4,140,97,19
102,백령도,2018-03-26 12:00,4,,4.9,140,97,43
102,백령도,2018-03-26 13:00,4.1,,4.9,140,97,95
102,백령도,2018-03-26 14:00,4.6,,4.5,110,96,872
102,백령도,2018-03-26 15:00,4.9,,5.6,140,95,380
102,백령도,2018-03-26 16:00,4.6,,5.2,140,94,238
102,백령도,2018-03-26 17:00,4.4,,6.5,140,95,161
102,백령도,2018-03-26 18:00,3.7,,8.8,140,96,21
102,백령도,2018-03-26 19:00,3.7,,5.5,140,97,14
102,백령도,2018-03-26 20:00,3.7,,6.2,140,97,11
102,백령도,2018-03-26 21:00,3.6,,5.5,140,97,11
102,백령도,2018-03-26 22:00,3.6,,6.7,140,97,11
102,백령도,2018-03-26 23:00,3.4,,6.3,140,97,9
102,백령도,2018-03-27 00:00,3.4,,5.8,110,97,9
102,백령도,2018-03-27 01:00,3.5,,6,140,97,9
102,백령도,2018-03-27 02:00,3.3,,6.2,110,97,8
102,백령도,2018-03-27 03:00,3.2,,6.9,110,97,9
102,백령도,2018-03-27 04:00,3.2,,7.5,110,97,8
102,백령도,2018-03-27 05:00,3.3,,7.9,110,97,8
102,백령도,2018-03-27 06:00,3.5,,8.3,140,97,9
102,백령도,2018-03-27 07:00,3.5,,8.6,110,97,8
102,백령도,2018-03-27 08:00,4,,6.3,110,97,8
102,백령도,2018-03-27 09:00,4.3,,7.2,110,97,8
102,백령도,2018-03-27 10:00,4.7,,5.3,140,97,9
102,백령도,2018-03-27 11:00,5.5,,6,140,97,14
102,백령도,2018-03-27 12:00,7.2,,5.6,110,97,508
102,백령도,2018-03-27 13:00,8,,6.7,110,94,920
102,백령도,2018-03-27 14:00,8.7,,5.5,140,89,973
102,백령도,2018-03-27 15:00,10.3,,5.3,140,83,831
102,백령도,2018-03-27 16:00,10.7,,4.9,160,82,715
102,백령도,2018-03-27 17:00,9.9,,5.4,160,86,503
102,백령도,2018-03-27 18:00,10.1,,6.4,160,89,462
102,백령도,2018-03-27 19:00,9.7,,5.9,180,90,445
102,백령도,2018-03-27 20:00,10.7,,4.8,180,84,519
102,백령도,2018-03-27 21:00,10.4,,9.5,200,86,545
102,백령도,2018-03-27 22:00,10,,11,200,86,587
102,백령도,2018-03-27 23:00,10.3,,11.5,200,77,771
102,백령도,2018-03-28 00:00,9.8,,11.9,200,81,935
102,백령도,2018-03-28 01:00,10.3,,13.4,200,77,1226
102,백령도,2018-03-28 02:00,10.3,,11.9,200,75,1509
102,백령도,2018-03-28 03:00,10.6,,10.6,200,72,1699
102,백령도,2018-03-28 04:00,10.7,,10.9,200,75,1772
102,백령도,2018-03-28 05:00,10.1,,9.9,200,84,1729
102,백령도,2018-03-28 06:00,9.5,,9.6,200,93,1284
102,백령도,2018-03-28 07:00,9.5,,6.9,200,93,1106
102,백령도,2018-03-28 08:00,10.1,,5.2,180,93,1075
102,백령도,2018-03-28 09:00,10.3,,5.8,160,92,1157
102,백령도,2018-03-28 10:00,11.2,,4.8,180,85,1387
102,백령도,2018-03-28 11:00,11.7,,5.8,200,83,1430
102,백령도,2018-03-28 12:00,12.1,,6.4,200,81,1334
102,백령도,2018-03-28 13:00,12.3,,7.6,200,79,1305
102,백령도,2018-03-28 14:00,12.2,,7.6,200,80,1296
102,백령도,2018-03-28 15:00,12.9,,6.5,200,77,1314
102,백령도,2018-03-28 16:00,11.8,,4,200,81,1344
102,백령도,2018-03-28 17:00,10.4,,3.9,160,84,1067
102,백령도,2018-03-28 18:00,8.7,,3.5,140,93,835
102,백령도,2018-03-28 19:00,7.2,,3.8,140,95,393
102,백령도,2018-03-28 20:00,6.3,,4.7,110,96,14
102,백령도,2018-03-28 21:00,5.8,,5.7,140,97,13
102,백령도,2018-03-28 22:00,5.8,,5.5,140,97,13
102,백령도,2018-03-28 23:00,5.7,,5.1,110,97,11
102,백령도,2018-03-29 00:00,5.8,,5,110,97,11
102,백령도,2018-03-29 01:00,6,,4.6,90,97,9
102,백령도,2018-03-29 02:00,6.1,,5.7,70,97,9
102,백령도,2018-03-29 03:00,6.2,,4.4,90,97,9
102,백령도,2018-03-29 04:00,6.9,,3.5,70,97,9
102,백령도,2018-03-29 05:00,4.6,,2.3,20,97,7
102,백령도,2018-03-29 06:00,5.5,,2.2,50,97,8
102,백령도,2018-03-29 07:00,5,,2.4,20,97,8
102,백령도,2018-03-29 08:00,5.8,,2.9,70,97,9
102,백령도,2018-03-29 09:00,8,,3.9,70,97,164
102,백령도,2018-03-29 10:00,9.2,,2.7,70,97,597
102,백령도,2018-03-29 11:00,9.7,,1.5,50,86,995
102,백령도,2018-03-29 12:00,11.3,,2.8,70,65,1677
102,백령도,2018-03-29 13:00,10,,3.7,20,59,1966
102,백령도,2018-03-29 14:00,10.2,,3.1,290,43,1977
102,백령도,2018-03-29 15:00,9.6,,3.2,360,41,1994
102,백령도,2018-03-29 16:00,9.4,,2.9,360,42,2000
102,백령도,2018-03-29 17:00,8,,2.7,360,47,2000
102,백령도,2018-03-29 18:00,7.8,,1.9,320,53,2000
102,백령도,2018-03-29 19:00,5.6,,2.3,20,61,2000
102,백령도,2018-03-29 20:00,6.7,,2.1,360,49,2000
102,백령도,2018-03-29 21:00,7.4,,3.2,20,41,2000
102,백령도,2018-03-29 22:00,7.9,,3,20,38,2000
102,백령도,2018-03-29 23:00,6.4,,2.2,50,52,2000
102,백령도,2018-03-30 00:00,7.1,,3.5,360,46,2000
102,백령도,2018-03-30 01:00,6.5,,3.8,360,51,2000
102,백령도,2018-03-30 02:00,9,,4.2,20,31,2000
102,백령도,2018-03-30 03:00,8.6,,4.5,20,33,2000
102,백령도,2018-03-30 04:00,8.7,,3.6,20,29,2000
102,백령도,2018-03-30 05:00,10.4,,3.5,360,19,2000
102,백령도,2018-03-30 06:00,8.2,,3.9,20,31,2000
102,백령도,2018-03-30 07:00,9.8,,2.9,70,21,2000
102,백령도,2018-03-30 08:00,10.1,,1.9,50,24,2000
102,백령도,2018-03-30 09:00,12.7,,3,90,24,2000
102,백령도,2018-03-30 10:00,13.3,,5.2,110,26,2000
102,백령도,2018-03-30 11:00,14.1,,4.2,110,30,2000
102,백령도,2018-03-30 12:00,14.6,,2.6,110,35,1976
102,백령도,2018-03-30 13:00,14.4,,2.6,90,49,1033
102,백령도,2018-03-30 14:00,13.3,,2.2,70,53,935
102,백령도,2018-03-30 15:00,14.7,,1.3,160,48,1088
102,백령도,2018-03-30 16:00,14.2,,2.3,230,48,1055
102,백령도,2018-03-30 17:00,12.4,,1.9,230,50,1471
102,백령도,2018-03-30 18:00,10.2,,2.4,250,46,2000
102,백령도,2018-03-30 19:00,7.9,,3.5,200,60,2000
102,백령도,2018-03-30 20:00,9,,2.6,200,48,2000
102,백령도,2018-03-30 21:00,8.4,,4.1,200,47,2000
102,백령도,2018-03-30 22:00,9.1,,4.7,200,36,2000
102,백령도,2018-03-30 23:00,8.2,,4.3,200,44,2000
102,백령도,2018-03-31 00:00,7.1,,5.4,200,89,2000
102,백령도,2018-03-31 01:00,8.8,,4.5,230,97,23
102,백령도,2018-03-31 02:00,8.2,,9,200,97,18
102,백령도,2018-03-31 03:00,8.9,,8.9,230,97,63
102,백령도,2018-03-31 04:00,9.5,,7.5,200,95,1179
102,백령도,2018-03-31 05:00,9.8,,7.4,200,94,1398
102,백령도,2018-03-31 06:00,8.4,,4.3,180,95,1206
102,백령도,2018-03-31 07:00,8.9,,7.5,230,95,1167
102,백령도,2018-03-31 08:00,8.8,,8.9,200,96,509
102,백령도,2018-03-31 09:00,9.2,,5.8,200,92,1980
102,백령도,2018-03-31 10:00,9.3,,4,200,91,1918
102,백령도,2018-03-31 11:00,8.7,,6.3,160,93,1163
102,백령도,2018-03-31 12:00,8.9,,3.8,180,95,617
102,백령도,2018-03-31 13:00,8.8,,5.5,180,95,281
102,백령도,2018-03-31 14:00,8.7,,5.8,200,95,127
102,백령도,2018-03-31 15:00,9.5,,7.3,200,94,172
102,백령도,2018-03-31 16:00,8.8,,8.3,200,95,48
102,백령도,2018-03-31 17:00,8.4,,5.2,200,96,48
102,백령도,2018-03-31 18:00,7.4,,4.9,180,97,17
102,백령도,2018-03-31 19:00,7,,6.1,180,97,17
102,백령도,2018-03-31 20:00,7.2,,4.6,160,97,13
102,백령도,2018-03-31 21:00,6.8,,5.2,160,97,12
102,백령도,2018-03-31 22:00,6.7,,5.4,160,97,10
102,백령도,2018-03-31 23:00,6.6,,4.4,140,97,12
102,백령도,2018-04-01 00:00,7.8,,5.8,160,97,13
102,백령도,2018-04-01 01:00,7.8,,2.9,160,97,12
102,백령도,2018-04-01 02:00,7.9,,1.8,140,97,13
102,백령도,2018-04-01 03:00,7.2,,3,90,97,13
102,백령도,2018-04-01 04:00,7.8,,1.7,90,97,11
102,백령도,2018-04-01 05:00,7.9,,2.2,110,97,10
102,백령도,2018-04-01 06:00,7.7,,6.1,140,97,9
102,백령도,2018-04-01 07:00,7.8,,5.8,140,97,10
102,백령도,2018-04-01 08:00,7.2,,4.3,140,97,10
102,백령도,2018-04-01 09:00,7.6,,5,140,97,12
102,백령도,2018-04-01 10:00,6.9,,4.7,110,97,11
102,백령도,2018-04-01 11:00,8.2,,2,110,97,19
102,백령도,2018-04-01 12:00,9.8,,3.2,160,97,604
102,백령도,2018-04-01 13:00,11.2,,3.9,160,97,1695
102,백령도,2018-04-01 14:00,11.7,,1.7,140,88,1802
102,백령도,2018-04-01 15:00,11.4,,2.7,110,84,1839
102,백령도,2018-04-01 16:00,9.5,,4.3,110,94,782
102,백령도,2018-04-01 17:00,9.3,,4.3,140,96,193
102,백령도,2018-04-01 18:00,8.7,,5.7,140,97,31
102,백령도,2018-04-01 19:00,8.3,,6.8,140,97,14
102,백령도,2018-04-01 20:00,8.5,,6.4,140,97,12
102,백령도,2018-04-01 21:00,8,,5.7,110,97,9
102,백령도,2018-04-01 22:00,8,,5,110,97,10
102,백령도,2018-04-01 23:00,8,,4.3,140,97,9
102,백령도,2018-04-02 00:00,8.1,,6.4,160,97,9
102,백령도,2018-04-02 01:00,8,,5.2,160,97,9
102,백령도,2018-04-02 02:00,8.4,,4.8,180,97,10
102,백령도,2018-04-02 03:00,7.9,,5.8,140,97,10
102,백령도,2018-04-02 04:00,7,,4.9,110,97,8
102,백령도,2018-04-02 05:00,7.6,,6.4,160,97,9
102,백령도,2018-04-02 06:00,7.5,,5.1,160,97,8
102,백령도,2018-04-02 07:00,7.6,,5.4,160,97,9
102,백령도,2018-04-02 08:00,7.6,,6.6,160,97,9
102,백령도,2018-04-02 09:00,7.9,,6.8,140,97,9
102,백령도,2018-04-02 10:00,8.8,,6.5,140,97,14
102,백령도,2018-04-02 11:00,8.9,,7.1,140,97,15
102,백령도,2018-04-02 12:00,9.2,,6.3,140,97,19
102,백령도,2018-04-02 13:00,9.8,,6.4,160,97,24
102,백령도,2018-04-02 14:00,9.9,,5.3,160,97,40
102,백령도,2018-04-02 15:00,9.3,,6,140,97,40
102,백령도,2018-04-02 16:00,10.5,,4.5,160,97,1453
102,백령도,2018-04-02 17:00,11.3,,4.5,160,94,1816
102,백령도,2018-04-02 18:00,11.1,,4.5,180,95,1131
102,백령도,2018-04-02 19:00,10.3,,4.9,180,97,683
102,백령도,2018-04-02 20:00,10.3,,6.5,160,97,55
102,백령도,2018-04-02 21:00,10,,6.3,180,97,10
102,백령도,2018-04-02 22:00,10.3,,5.8,180,97,10
102,백령도,2018-04-02 23:00,10,,6.5,180,97,10
102,백령도,2018-04-03 00:00,10.2,,4.8,180,97,10
102,백령도,2018-04-03 01:00,9.1,,6.3,160,97,10
102,백령도,2018-04-03 02:00,8.3,,4.8,110,97,10
102,백령도,2018-04-03 03:00,8.2,,5.2,140,97,11
102,백령도,2018-04-03 04:00,8.7,,6.1,160,97,10
102,백령도,2018-04-03 05:00,8.8,,4.8,160,97,10
102,백령도,2018-04-03 06:00,8.4,,4.4,140,97,12
102,백령도,2018-04-03 07:00,9,,4.1,140,97,11
102,백령도,2018-04-03 08:00,8.7,,1.6,110,97,12
102,백령도,2018-04-03 09:00,8.7,,3.8,160,97,11
102,백령도,2018-04-03 10:00,8.8,,2,140,97,14
102,백령도,2018-04-03 11:00,9.4,,.9,200,97,15
102,백령도,2018-04-03 12:00,9.5,,0,0,97,14
102,백령도,2018-04-03 13:00,7.1,3.3,2,50,97,13
102,백령도,2018-04-03 14:00,7.5,5.8,1.5,340,97,11
102,백령도,2018-04-03 15:00,7.8,.2,1.8,50,97,11
102,백령도,2018-04-03 16:00,7.7,0,1.5,50,97,11
102,백령도,2018-04-03 17:00,5.4,0,3.9,360,97,18
102,백령도,2018-04-03 18:00,6.5,,2.2,20,97,9
102,백령도,2018-04-03 19:00,4.4,,2.5,340,97,383
102,백령도,2018-04-03 20:00,4.6,,3.2,20,97,1044
102,백령도,2018-04-03 21:00,5.2,,3.8,20,97,1928
102,백령도,2018-04-03 22:00,4.3,0,3.7,20,94,1903
102,백령도,2018-04-03 23:00,4.3,0,4,20,92,1938
102,백령도,2018-04-04 00:00,3.9,0,3.3,360,85,1949
102,백령도,2018-04-04 01:00,3.6,,4.2,360,87,1770
102,백령도,2018-04-04 02:00,3,,4.3,360,93,1357
102,백령도,2018-04-04 03:00,2.7,,3.7,360,94,1159
102,백령도,2018-04-04 04:00,2.4,,3.8,360,95,897
102,백령도,2018-04-04 05:00,2.4,,3.8,360,96,654
102,백령도,2018-04-04 06:00,2.5,0,3.2,20,95,1094
102,백령도,2018-04-04 07:00,2.5,,3,360,92,1869
102,백령도,2018-04-04 08:00,2.9,,4,20,85,1972
102,백령도,2018-04-04 09:00,4.2,,3.3,20,77,1970
102,백령도,2018-04-04 10:00,5.3,,3.4,50,68,2000
102,백령도,2018-04-04 11:00,5.9,,3.4,20,60,1997
102,백령도,2018-04-04 12:00,6.2,,3.5,20,55,1964
102,백령도,2018-04-04 13:00,6.7,,2.3,360,56,1913
102,백령도,2018-04-04 14:00,7.7,,2.7,320,58,1983
102,백령도,2018-04-04 15:00,6.6,,2.1,360,60,2000
102,백령도,2018-04-04 16:00,7.9,,1.2,290,57,2000
102,백령도,2018-04-04 17:00,6.3,,3.2,20,63,2000
102,백령도,2018-04-04 18:00,6,,3.8,50,62,2000
102,백령도,2018-04-04 19:00,5.5,,2,360,64,2000
102,백령도,2018-04-04 20:00,5.4,,2.7,20,69,2000
102,백령도,2018-04-04 21:00,6.5,,3.1,20,65,2000
102,백령도,2018-04-04 22:00,6.8,,3.3,50,65,2000
102,백령도,2018-04-04 23:00,7.1,,4.1,70,67,2000
102,백령도,2018-04-05 00:00,8.2,,3.2,70,61,2000
102,백령도,2018-04-05 01:00,7.6,,5.1,70,59,2000
102,백령도,2018-04-05 02:00,8.5,,3.2,70,54,2000
102,백령도,2018-04-05 03:00,8.2,,4.9,70,56,2000
102,백령도,2018-04-05 04:00,7.9,,3.1,70,57,2000
102,백령도,2018-04-05 05:00,7.7,0,2.8,70,70,1980
102,백령도,2018-04-05 06:00,7.8,0,2.4,70,70,2000
102,백령도,2018-04-05 07:00,7.8,0,5.4,90,71,2000
102,백령도,2018-04-05 08:00,8,0,3.1,70,71,2000
102,백령도,2018-04-05 09:00,7.5,,3.2,70,77,2000
102,백령도,2018-04-05 10:00,7.6,,3.3,70,79,2000
102,백령도,2018-04-05 11:00,7,0,3.4,70,90,1720
102,백령도,2018-04-05 12:00,6.1,.1,5.9,70,96,24
102,백령도,2018-04-05 13:00,5.9,0,6,70,95,1777
102,백령도,2018-04-05 14:00,6,.4,4.9,70,96,643
102,백령도,2018-04-05 15:00,4.9,1.1,4.2,50,97,17
102,백령도,2018-04-05 16:00,4.3,.7,2.5,360,97,19
102,백령도,2018-04-05 17:00,4,1.9,1.4,20,97,11
102,백령도,2018-04-05 18:00,4.2,0,2.4,50,97,53
102,백령도,2018-04-05 19:00,5.2,0,2.6,360,95,1913
102,백령도,2018-04-05 20:00,5.5,0,2.3,320,94,1375
102,백령도,2018-04-05 21:00,4.1,,1.7,320,95,1047
102,백령도,2018-04-05 22:00,4.1,,2.8,290,97,25
102,백령도,2018-04-05 23:00,3.7,,4.2,290,96,630
102,백령도,2018-04-06 00:00,3.6,,4.6,290,95,1244
102,백령도,2018-04-06 01:00,3.4,,6.7,290,95,766
102,백령도,2018-04-06 02:00,3.3,,6.2,290,94,1665
102,백령도,2018-04-06 03:00,3.4,,7.3,290,94,911
102,백령도,2018-04-06 04:00,3,,7.8,290,93,664
102,백령도,2018-04-06 05:00,2.9,,8.2,290,89,634
102,백령도,2018-04-06 06:00,3,,6.9,290,89,551
102,백령도,2018-04-06 07:00,3.2,,5.5,290,89,537
102,백령도,2018-04-06 08:00,3.7,,5.8,290,87,563
102,백령도,2018-04-06 09:00,4.4,,8.2,290,87,442
102,백령도,2018-04-06 10:00,5.4,,7.3,270,78,597
102,백령도,2018-04-06 11:00,5.4,,11,270,64,810
102,백령도,2018-04-06 12:00,5.1,,8.7,270,61,962
102,백령도,2018-04-06 13:00,5.1,,10.6,270,62,1064
102,백령도,2018-04-06 14:00,5.9,,9.7,290,64,1039
102,백령도,2018-04-06 15:00,6.1,,9,270,60,1177
102,백령도,2018-04-06 16:00,5.5,,9.1,270,56,1503
102,백령도,2018-04-06 17:00,3.1,,8.3,290,78,922
102,백령도,2018-04-06 18:00,2,0,11.1,290,90,717
102,백령도,2018-04-06 19:00,2.4,0,8.6,290,64,1355
102,백령도,2018-04-06 20:00,2.5,,10.7,290,52,1999
102,백령도,2018-04-06 21:00,2.4,,8.7,290,48,2000
102,백령도,2018-04-06 22:00,2.3,,9.6,290,49,2000
102,백령도,2018-04-06 23:00,2.5,,7.3,290,41,2000
102,백령도,2018-04-07 00:00,2.8,,8.7,290,43,2000
102,백령도,2018-04-07 01:00,2.9,,9.8,290,39,2000
102,백령도,2018-04-07 02:00,3,,10,290,33,2000
102,백령도,2018-04-07 03:00,2.9,,10.5,290,40,2000
102,백령도,2018-04-07 04:00,2.9,,10.4,290,36,2000
102,백령도,2018-04-07 05:00,2.7,,11.8,290,60,2000
102,백령도,2018-04-07 06:00,2.8,,10.5,290,52,2000
102,백령도,2018-04-07 07:00,2.9,,9.3,290,55,2000
102,백령도,2018-04-07 08:00,3.1,,7.9,290,56,2000
102,백령도,2018-04-07 09:00,3.3,,8.4,290,48,2000
102,백령도,2018-04-07 10:00,4.1,,8.1,290,47,2000
102,백령도,2018-04-07 11:00,4.2,,8.1,290,43,2000
102,백령도,2018-04-07 12:00,4.3,,9.3,290,46,2000
102,백령도,2018-04-07 13:00,4.9,,8.1,290,48,2000
102,백령도,2018-04-07 14:00,4.9,,7.8,290,50,2000
102,백령도,2018-04-07 15:00,4.7,,8.3,290,48,2000
102,백령도,2018-04-07 16:00,5.5,,7.1,290,42,2000
102,백령도,2018-04-07 17:00,5.4,,8.1,290,42,2000
102,백령도,2018-04-07 18:00,4.6,,6.6,290,44,2000
102,백령도,2018-04-07 19:00,3.7,,7.5,290,46,2000
102,백령도,2018-04-07 20:00,3.5,,8.1,270,47,2000
102,백령도,2018-04-07 21:00,3.4,,7.1,290,50,2000
102,백령도,2018-04-07 22:00,3.4,,7.4,290,50,2000
102,백령도,2018-04-07 23:00,3.4,,9.5,290,48,2000
102,백령도,2018-04-08 00:00,3.2,,7.2,290,54,2000
102,백령도,2018-04-08 01:00,2.9,,6.1,270,60,2000
102,백령도,2018-04-08 02:00,3,,4.7,290,60,2000
102,백령도,2018-04-08 03:00,2.5,,4.5,270,65,2000
102,백령도,2018-04-08 04:00,2.9,,5.3,270,72,2000
102,백령도,2018-04-08 05:00,3,,5.2,230,66,2000
102,백령도,2018-04-08 06:00,3.3,,5.7,200,65,2000
102,백령도,2018-04-08 07:00,3.6,,4.6,230,67,2000
102,백령도,2018-04-08 08:00,4.1,,3.6,200,64,2000
102,백령도,2018-04-08 09:00,4.4,,3.9,160,58,2000
102,백령도,2018-04-08 10:00,4.7,,5.3,160,54,2000
102,백령도,2018-04-08 11:00,5.4,,4.3,140,54,2000
102,백령도,2018-04-08 12:00,5.2,,6.3,110,64,2000
102,백령도,2018-04-08 13:00,4.6,,8.1,110,69,2000
102,백령도,2018-04-08 14:00,4.3,0,9.9,90,72,2000
102,백령도,2018-04-08 15:00,4.7,0,9.8,70,72,2000
102,백령도,2018-04-08 16:00,4.2,0,7.5,70,81,2000
102,백령도,2018-04-08 17:00,5.3,,7.9,70,78,1979
102,백령도,2018-04-08 18:00,3.8,,8,70,84,1713
102,백령도,2018-04-08 19:00,3.4,,5.9,70,82,1986
102,백령도,2018-04-08 20:00,3,,4.1,70,82,1968
102,백령도,2018-04-08 21:00,2.4,,4.3,70,90,1574
102,백령도,2018-04-08 22:00,2.5,,3.5,70,88,1650
102,백령도,2018-04-08 23:00,2.8,,2.5,90,86,1796
102,백령도,2018-04-09 00:00,2.3,,1.9,160,92,1309
102,백령도,2018-04-09 01:00,3,,1.8,90,84,1832
102,백령도,2018-04-09 02:00,3.4,,.8,160,80,1932
102,백령도,2018-04-09 03:00,3.7,,1.8,250,79,1992
102,백령도,2018-04-09 04:00,3,,2.1,230,85,1863
102,백령도,2018-04-09 05:00,2.6,,2.3,250,93,991
102,백령도,2018-04-09 06:00,2.6,,3.7,200,95,411
102,백령도,2018-04-09 07:00,2.8,,2,90,95,318
102,백령도,2018-04-09 08:00,4.2,,3.1,110,92,946
102,백령도,2018-04-09 09:00,6.2,,1.8,180,78,1454
102,백령도,2018-04-09 10:00,7.4,,2,180,61,2000
102,백령도,2018-04-09 11:00,8.2,,3.1,230,61,2000
102,백령도,2018-04-09 12:00,9.1,,3.5,160,48,2000
102,백령도,2018-04-09 13:00,9.3,,2.8,140,57,2000
102,백령도,2018-04-09 14:00,7.5,,5.6,110,72,1733
102,백령도,2018-04-09 15:00,8.4,,5.4,140,54,2000
102,백령도,2018-04-09 16:00,7.6,,5.7,140,48,2000
102,백령도,2018-04-09 17:00,6.8,,5.7,140,51,2000
102,백령도,2018-04-09 18:00,6.2,,6.7,110,52,2000
102,백령도,2018-04-09 19:00,5.9,,6.4,110,53,2000
102,백령도,2018-04-09 20:00,5.8,,5.6,110,52,2000
102,백령도,2018-04-09 21:00,6.4,,6.2,110,42,2000
102,백령도,2018-04-09 22:00,6.7,,6.3,110,40,2000
102,백령도,2018-04-09 23:00,7,,6.7,110,39,2000
102,백령도,2018-04-10 00:00,6.4,,8.6,110,51,2000
102,백령도,2018-04-10 01:00,7.8,,8.3,110,35,2000
102,백령도,2018-04-10 02:00,7.9,,6.8,110,40,2000
102,백령도,2018-04-10 03:00,7.7,,5,140,51,2000
102,백령도,2018-04-10 04:00,8.4,,5.6,160,57,2000
102,백령도,2018-04-10 05:00,9.2,,9.2,160,63,2000
102,백령도,2018-04-10 06:00,9,,7.6,160,78,1979
102,백령도,2018-04-10 07:00,8.6,,7.5,160,91,1504
102,백령도,2018-04-10 08:00,8.9,,5.7,160,94,884
102,백령도,2018-04-10 09:00,8.9,,6.7,140,95,595
102,백령도,2018-04-10 10:00,10.5,,9.1,160,95,812
102,백령도,2018-04-10 11:00,10.2,,7.1,230,96,272
102,백령도,2018-04-10 12:00,9.9,,7.6,230,95,393
102,백령도,2018-04-10 13:00,9.8,,8.1,230,96,275
102,백령도,2018-04-10 14:00,9.7,,7.7,230,95,809
102,백령도,2018-04-10 15:00,9.7,,6.5,230,95,957
102,백령도,2018-04-10 16:00,8.9,,9.8,230,95,781
102,백령도,2018-04-10 17:00,8.6,,9.4,200,96,435
102,백령도,2018-04-10 18:00,8.2,,9.1,230,96,196
102,백령도,2018-04-10 19:00,7.6,,10.1,200,97,33
102,백령도,2018-04-10 20:00,7.6,,9.8,200,97,46
102,백령도,2018-04-10 21:00,7.4,,9.8,230,97,44
102,백령도,2018-04-10 22:00,7.6,,9.2,230,95,478
102,백령도,2018-04-10 23:00,7.6,,6.3,270,92,871
102,백령도,2018-04-11 00:00,8.5,,6.5,290,79,728
102,백령도,2018-04-11 01:00,6.4,,4.8,290,92,405
102,백령도,2018-04-11 02:00,5.2,,3.8,290,95,136
102,백령도,2018-04-11 03:00,6.2,,5.7,290,95,387
102,백령도,2018-04-11 04:00,6,,7.2,290,95,368
102,백령도,2018-04-11 05:00,7,,5.3,290,84,1305
102,백령도,2018-04-11 06:00,7.4,,5.6,290,74,1965
102,백령도,2018-04-11 07:00,8.5,,5.9,290,66,1949
102,백령도,2018-04-11 08:00,8.9,,7,290,63,2000
102,백령도,2018-04-11 09:00,8.2,,7.1,290,65,1996
102,백령도,2018-04-11 10:00,9.3,,3.9,290,58,2000
102,백령도,2018-04-11 11:00,9.8,,4.8,290,53,2000
102,백령도,2018-04-11 12:00,10.1,,5.1,290,46,2000
102,백령도,2018-04-11 13:00,11.4,,4.1,290,40,2000
102,백령도,2018-04-11 14:00,13.4,,3.9,290,27,2000
102,백령도,2018-04-11 15:00,12.8,,4.8,270,32,2000
102,백령도,2018-04-11 16:00,12.3,,6.1,270,44,2000
102,백령도,2018-04-11 17:00,13.2,,5.5,270,23,2000
102,백령도,2018-04-11 18:00,12.5,,6.8,270,24,2000
102,백령도,2018-04-11 19:00,8.8,,6.7,250,55,2000
102,백령도,2018-04-11 20:00,9.7,,7.5,250,52,2000
102,백령도,2018-04-11 21:00,9.6,,8,250,55,2000
102,백령도,2018-04-11 22:00,10.1,,7.9,250,51,2000
102,백령도,2018-04-11 23:00,9.7,,9.6,250,53,2000
102,백령도,2018-04-12 00:00,10.7,,11.5,250,46,2000
102,백령도,2018-04-12 01:00,8.9,,9.3,250,58,2000
102,백령도,2018-04-12 02:00,8.5,,10.3,230,61,2000
102,백령도,2018-04-12 03:00,8.6,,11.5,270,59,2000
102,백령도,2018-04-12 04:00,8.4,,11.8,270,59,2000
102,백령도,2018-04-12 05:00,7.3,,4.6,290,69,2000
102,백령도,2018-04-12 06:00,8.2,,4.4,320,63,2000
102,백령도,2018-04-12 07:00,8.5,,1.2,360,62,2000
102,백령도,2018-04-12 08:00,9.6,,1.6,360,56,2000
102,백령도,2018-04-12 09:00,11.1,,1.8,70,46,2000
102,백령도,2018-04-12 10:00,12.6,,1.6,50,40,2000
102,백령도,2018-04-12 11:00,13.3,,1.7,20,30,2000
102,백령도,2018-04-12 12:00,13.5,,1.5,340,28,2000
102,백령도,2018-04-12 13:00,13.7,,2.4,320,21,2000
102,백령도,2018-04-12 14:00,14,,2.7,320,15,2000
102,백령도,2018-04-12 15:00,14.5,,2.1,340,4,2000
102,백령도,2018-04-12 16:00,14.3,,2.5,340,3,2000
102,백령도,2018-04-12 17:00,13.8,,2.5,320,3,2000
102,백령도,2018-04-12 18:00,13.1,,2.8,340,8,2000
102,백령도,2018-04-12 19:00,11,,2.5,340,8,2000
102,백령도,2018-04-12 20:00,9.3,,4.1,290,19,2000
102,백령도,2018-04-12 21:00,7.7,,5,290,58,2000
102,백령도,2018-04-12 22:00,8.4,,5.2,290,51,2000
102,백령도,2018-04-12 23:00,8,,2.9,290,57,2000
102,백령도,2018-04-13 00:00,7.6,,1.8,340,56,2000
102,백령도,2018-04-13 01:00,9.2,,1.8,20,36,2000
102,백령도,2018-04-13 02:00,9.9,,3.6,50,25,2000
102,백령도,2018-04-13 03:00,10.1,,3.2,50,26,2000
102,백령도,2018-04-13 04:00,10.7,,3.6,50,16,2000
102,백령도,2018-04-13 05:00,10.6,,3.4,50,14,2000
102,백령도,2018-04-13 06:00,10.9,,2.4,70,14,2000
102,백령도,2018-04-13 07:00,11,,2.7,50,13,2000
102,백령도,2018-04-13 08:00,12.2,,3.2,70,14,2000
102,백령도,2018-04-13 09:00,12.4,,3.3,70,14,2000
102,백령도,2018-04-13 10:00,13.9,,4.2,50,10,2000
102,백령도,2018-04-13 11:00,14.9,,4.4,70,13,2000
102,백령도,2018-04-13 12:00,15.1,,4.7,70,12,2000
102,백령도,2018-04-13 13:00,14.8,,6.8,110,15,2000
102,백령도,2018-04-13 14:00,15.1,,5,90,16,2000
102,백령도,2018-04-13 15:00,14.8,,5.4,110,13,2000
102,백령도,2018-04-13 16:00,14.7,,5.1,90,15,2000
102,백령도,2018-04-13 17:00,14,,6.5,90,19,2000
102,백령도,2018-04-13 18:00,14,,4.4,90,18,2000
102,백령도,2018-04-13 19:00,14.1,,4.9,90,14,2000
102,백령도,2018-04-13 20:00,12.9,,2.4,90,22,2000
102,백령도,2018-04-13 21:00,13,,1.9,20,21,2000
102,백령도,2018-04-13 22:00,12.4,,1.8,50,22,2000
102,백령도,2018-04-13 23:00,11.2,,2.4,50,32,2000
102,백령도,2018-04-14 00:00,9.4,,3.9,50,44,2000
102,백령도,2018-04-14 01:00,8.6,0,3.6,70,51,2000
102,백령도,2018-04-14 02:00,10.3,0,3.5,50,42,2000
102,백령도,2018-04-14 03:00,9,0,2.4,230,54,2000
102,백령도,2018-04-14 04:00,7,.6,4.3,200,81,1967
102,백령도,2018-04-14 05:00,7.6,1.1,1.3,160,81,1449
102,백령도,2018-04-14 06:00,5.3,.6,2.1,50,94,526
102,백령도,2018-04-14 07:00,5.8,.2,2.2,360,93,884
102,백령도,2018-04-14 08:00,5.4,.2,1.1,320,96,81
102,백령도,2018-04-14 09:00,4.9,.4,1.4,360,96,12
102,백령도,2018-04-14 10:00,5.3,.1,1.6,360,97,11
102,백령도,2018-04-14 11:00,5.3,.2,1.4,360,97,13
102,백령도,2018-04-14 12:00,5.3,0,2.3,320,97,11
102,백령도,2018-04-14 13:00,6.4,,1.7,320,97,12
102,백령도,2018-04-14 14:00,6.9,,2.2,320,97,251
102,백령도,2018-04-14 15:00,6.2,,3.3,320,95,1671
102,백령도,2018-04-14 16:00,7,,2.5,290,90,2000
102,백령도,2018-04-14 17:00,5.5,,3.4,290,93,1979
102,백령도,2018-04-14 18:00,5.4,,5.8,290,92,2000
102,백령도,2018-04-14 19:00,5.4,,6.1,290,93,1903
102,백령도,2018-04-14 20:00,5.5,,6.1,290,93,1381
102,백령도,2018-04-14 21:00,5.3,,5.2,290,95,745
102,백령도,2018-04-14 22:00,5.7,,6,290,93,815
102,백령도,2018-04-14 23:00,6.5,,6.9,290,81,1424
102,백령도,2018-04-15 00:00,6.9,,7.2,290,67,1971
102,백령도,2018-04-15 01:00,6.4,,7.8,290,71,1957
102,백령도,2018-04-15 02:00,6.2,,9,290,74,1891
102,백령도,2018-04-15 03:00,6.7,,8.6,290,66,1514
102,백령도,2018-04-15 04:00,6.2,,6.9,290,70,1422
102,백령도,2018-04-15 05:00,5.5,,4.4,290,78,1544
102,백령도,2018-04-15 06:00,5.1,,2.3,340,84,1936
102,백령도,2018-04-15 07:00,5.2,,2.5,320,85,2000
102,백령도,2018-04-15 08:00,5.8,,2.8,320,80,2000
102,백령도,2018-04-15 09:00,6.3,,3.9,320,77,1965
102,백령도,2018-04-15 10:00,6.8,,3.5,320,73,2000
102,백령도,2018-04-15 11:00,7,,4.7,320,72,1957
102,백령도,2018-04-15 12:00,7.7,,4.6,290,69,1969
102,백령도,2018-04-15 13:00,8.2,,3.6,290,66,1999
102,백령도,2018-04-15 14:00,8,,5.6,290,63,2000
102,백령도,2018-04-15 15:00,7.7,,9.3,290,60,1987
102,백령도,2018-04-15 16:00,7.7,,8.5,290,62,2000
102,백령도,2018-04-15 17:00,7.5,,8.8,290,64,1994
102,백령도,2018-04-15 18:00,7.4,,8.3,290,65,2000
102,백령도,2018-04-15 19:00,6.7,,7.9,290,70,2000
102,백령도,2018-04-15 20:00,5.9,,6.9,290,79,2000
102,백령도,2018-04-15 21:00,6.2,,7.8,290,75,2000
102,백령도,2018-04-15 22:00,6.3,,7.3,290,72,2000
102,백령도,2018-04-15 23:00,6.8,,6.7,290,68,2000
102,백령도,2018-04-16 00:00,6.4,,5.6,290,71,2000
102,백령도,2018-04-16 01:00,5.6,,2.1,320,82,1984
102,백령도,2018-04-16 02:00,6.2,,2.6,340,71,2000
102,백령도,2018-04-16 03:00,7.2,,2.3,360,57,2000
102,백령도,2018-04-16 04:00,9.4,,2.2,20,39,2000
102,백령도,2018-04-16 05:00,9.7,,1.2,360,33,2000
102,백령도,2018-04-16 06:00,9.2,,1,320,38,2000
102,백령도,2018-04-16 07:00,6.6,,2.8,320,59,1952
102,백령도,2018-04-16 08:00,9.3,,1.9,340,41,1988
102,백령도,2018-04-16 09:00,10.9,,.3,0,32,2000
102,백령도,2018-04-16 10:00,12,,2.2,290,27,1886
102,백령도,2018-04-16 11:00,12.8,,2.5,290,23,2000
102,백령도,2018-04-16 12:00,15.3,,1.7,70,16,2000
102,백령도,2018-04-16 13:00,14.6,,3.1,290,16,2000
102,백령도,2018-04-16 14:00,14.9,,4.3,250,14,1966
102,백령도,2018-04-16 15:00,14.7,,4.3,270,16,2000
102,백령도,2018-04-16 16:00,14.9,,4.7,270,18,2000
102,백령도,2018-04-16 17:00,13.1,,5.2,270,20,2000
102,백령도,2018-04-16 18:00,11.8,,4.9,270,22,2000
102,백령도,2018-04-16 19:00,10.7,,4.5,270,24,2000
102,백령도,2018-04-16 20:00,9.6,,3.4,270,27,2000
102,백령도,2018-04-16 21:00,9.4,,3.8,250,31,2000
102,백령도,2018-04-16 22:00,9.1,,2.7,270,35,2000
102,백령도,2018-04-16 23:00,9.9,,3.6,250,25,2000
102,백령도,2018-04-17 00:00,9.5,,3.1,250,29,2000
102,백령도,2018-04-17 01:00,8.7,,3.4,250,48,2000
102,백령도,2018-04-17 02:00,8.7,,3,250,43,2000
102,백령도,2018-04-17 03:00,9.2,,3.5,250,37,2000
102,백령도,2018-04-17 04:00,8.6,,5,230,37,2000
102,백령도,2018-04-17 05:00,7.9,,4.2,230,50,2000
102,백령도,2018-04-17 06:00,7.8,,4.3,250,52,2000
102,백령도,2018-04-17 07:00,8.4,,3.9,250,45,2000
102,백령도,2018-04-17 08:00,9.1,,2.9,250,43,2000
102,백령도,2018-04-17 09:00,10.5,,2.1,230,31,2000
102,백령도,2018-04-17 10:00,12.1,,1.8,230,27,2000
102,백령도,2018-04-17 11:00,12.7,,3,230,27,1998
102,백령도,2018-04-17 12:00,13.2,,3.4,200,28,2000
102,백령도,2018-04-17 13:00,12,,4.2,250,38,2000
102,백령도,2018-04-17 14:00,12,,4.8,250,41,2000
102,백령도,2018-04-17 15:00,12.1,,4.5,250,40,2000
102,백령도,2018-04-17 16:00,12.7,,5.6,230,37,1842
102,백령도,2018-04-17 17:00,11.6,,4.7,230,39,2000
102,백령도,2018-04-17 18:00,10.7,,6.3,230,43,2000
102,백령도,2018-04-17 19:00,8.6,,5.6,200,64,2000
102,백령도,2018-04-17 20:00,7.6,,6,200,58,2000
102,백령도,2018-04-17 21:00,7.4,,5.5,200,59,2000
102,백령도,2018-04-17 22:00,7.2,,6.2,200,66,2000
102,백령도,2018-04-17 23:00,7.3,,6,200,58,2000
102,백령도,2018-04-18 00:00,7.2,,6.8,200,60,2000
102,백령도,2018-04-18 01:00,7.3,,5.9,200,57,2000
102,백령도,2018-04-18 02:00,7.2,,5.8,200,60,2000
102,백령도,2018-04-18 03:00,8,,5.6,200,50,2000
102,백령도,2018-04-18 04:00,7.3,,4.8,200,61,2000
102,백령도,2018-04-18 05:00,6.7,,4.3,180,71,2000
102,백령도,2018-04-18 06:00,6.6,,4.5,160,74,2000
102,백령도,2018-04-18 07:00,7.1,,4,180,72,2000
102,백령도,2018-04-18 08:00,8.6,,4.5,180,65,2000
102,백령도,2018-04-18 09:00,10,,4,180,56,1989
102,백령도,2018-04-18 10:00,10.5,,4.1,180,55,2000
102,백령도,2018-04-18 11:00,11.1,,4.1,200,61,1982
102,백령도,2018-04-18 12:00,12,,3.8,200,60,2000
102,백령도,2018-04-18 13:00,12.2,,4.4,230,58,1967
102,백령도,2018-04-18 14:00,12.5,,4.1,230,58,1959
102,백령도,2018-04-18 15:00,12.1,,3.7,180,57,1983
102,백령도,2018-04-18 16:00,12.8,,3.5,180,50,2000
102,백령도,2018-04-18 17:00,11.3,,3.2,180,57,2000
102,백령도,2018-04-18 18:00,10.4,,3,180,55,2000
102,백령도,2018-04-18 19:00,9.5,,4.6,230,62,2000
102,백령도,2018-04-18 20:00,8.8,,5.2,230,73,2000
102,백령도,2018-04-18 21:00,8.7,,5.7,230,82,2000
102,백령도,2018-04-18 22:00,9.5,,4.4,230,69,2000
102,백령도,2018-04-18 23:00,9.4,,3.1,200,70,2000
102,백령도,2018-04-19 00:00,9.9,,6.1,230,63,2000
102,백령도,2018-04-19 01:00,10.2,,7.9,230,58,1994
102,백령도,2018-04-19 02:00,10.6,,10,230,52,1915
102,백령도,2018-04-19 03:00,10.2,,7.9,230,54,1995
102,백령도,2018-04-19 04:00,10.1,,2.9,200,50,2000
102,백령도,2018-04-19 05:00,9.4,,3.4,200,52,2000
102,백령도,2018-04-19 06:00,9.7,,3.9,200,53,2000
102,백령도,2018-04-19 07:00,9,,5.9,160,62,2000
102,백령도,2018-04-19 08:00,9.7,,5.2,140,66,2000
102,백령도,2018-04-19 09:00,10.3,,5.3,160,64,2000
102,백령도,2018-04-19 10:00,11.4,,5.9,180,58,2000
102,백령도,2018-04-19 11:00,12.8,,3.2,180,57,2000
102,백령도,2018-04-19 12:00,13.6,,2.7,200,58,2000
102,백령도,2018-04-19 13:00,14.4,,2,200,58,2000
102,백령도,2018-04-19 14:00,14.5,,2.1,200,58,2000
102,백령도,2018-04-19 15:00,15,,2.5,160,59,2000
102,백령도,2018-04-19 16:00,11.8,,3.4,140,71,2000
102,백령도,2018-04-19 17:00,11.7,,3.9,180,74,2000
102,백령도,2018-04-19 18:00,10.8,,4.1,160,81,2000
102,백령도,2018-04-19 19:00,9.2,,5.1,160,91,2000
102,백령도,2018-04-19 20:00,9,,5.1,160,93,1881
102,백령도,2018-04-19 21:00,9.8,,5.3,160,94,1666
102,백령도,2018-04-19 22:00,9.5,,4.1,160,94,1330
102,백령도,2018-04-19 23:00,10.2,,4.3,160,94,1236
102,백령도,2018-04-20 00:00,8.5,,5,160,95,329
102,백령도,2018-04-20 01:00,7.9,,5.6,140,96,18
102,백령도,2018-04-20 02:00,8.5,,6.5,140,97,18
102,백령도,2018-04-20 03:00,8,,6.7,140,97,32
102,백령도,2018-04-20 04:00,7.7,,7.5,140,97,17
102,백령도,2018-04-20 05:00,6.9,,8.2,140,97,12
102,백령도,2018-04-20 06:00,7.2,,6.2,110,97,9
102,백령도,2018-04-20 07:00,7.3,,6.1,110,97,9
102,백령도,2018-04-20 08:00,7.8,,6.3,110,97,24
102,백령도,2018-04-20 09:00,10,,5.8,110,95,1695
102,백령도,2018-04-20 10:00,12.8,,4.9,110,77,1986
102,백령도,2018-04-20 11:00,14.2,,3.9,110,68,1995
102,백령도,2018-04-20 12:00,14.9,,4.2,110,65,1972
102,백령도,2018-04-20 13:00,16.2,,2.3,140,54,2000
102,백령도,2018-04-20 14:00,16.8,,4.4,160,42,2000
102,백령도,2018-04-20 15:00,16.8,,4.8,160,24,2000
102,백령도,2018-04-20 16:00,17.9,,3.8,230,18,2000
102,백령도,2018-04-20 17:00,17.2,,3.6,230,15,2000
102,백령도,2018-04-20 18:00,16.2,,2.5,180,14,2000
102,백령도,2018-04-20 19:00,14.2,,3.1,180,21,2000
102,백령도,2018-04-20 20:00,13.2,,4.1,160,29,2000
102,백령도,2018-04-20 21:00,12.4,,3,160,46,2000
102,백령도,2018-04-20 22:00,12.5,,2.5,180,46,2000
102,백령도,2018-04-20 23:00,12,,4.7,160,50,2000
102,백령도,2018-04-21 00:00,12.1,,6.1,160,48,2000
102,백령도,2018-04-21 01:00,9.9,,5.6,140,61,2000
102,백령도,2018-04-21 02:00,9.5,,5,140,62,2000
102,백령도,2018-04-21 03:00,11.8,,6.6,160,48,2000
102,백령도,2018-04-21 04:00,11.4,,5.6,160,41,2000
102,백령도,2018-04-21 05:00,11.6,,6.6,160,42,2000
102,백령도,2018-04-21 06:00,10.9,,5.8,160,53,2000
102,백령도,2018-04-21 07:00,10,,5.4,160,63,2000
102,백령도,2018-04-21 08:00,10.9,,4.2,140,66,2000
102,백령도,2018-04-21 09:00,12.4,,3.6,140,69,2000
102,백령도,2018-04-21 10:00,13.3,,3.3,160,71,2000
102,백령도,2018-04-21 11:00,14.5,,4.6,140,69,2000
102,백령도,2018-04-21 12:00,14.9,,3.9,140,68,2000
102,백령도,2018-04-21 13:00,14.9,,5,160,68,2000
102,백령도,2018-04-21 14:00,15.3,,5.4,160,68,2000
102,백령도,2018-04-21 15:00,15.4,,3.6,140,64,2000
102,백령도,2018-04-21 16:00,15.7,,3.8,160,67,2000
102,백령도,2018-04-21 17:00,14.4,,4.4,110,71,2000
102,백령도,2018-04-21 18:00,11.1,,3.8,90,83,2000
102,백령도,2018-04-21 19:00,9.9,,2.6,90,92,1452
102,백령도,2018-04-21 20:00,10.1,,4.3,110,95,997
102,백령도,2018-04-21 21:00,11.9,,6.9,140,93,1992
102,백령도,2018-04-21 22:00,10.2,,5.1,140,94,1794
102,백령도,2018-04-21 23:00,9.7,,4,90,96,475
102,백령도,2018-04-22 00:00,9.7,,5.7,90,96,546
102,백령도,2018-04-22 01:00,11,,6.8,90,96,1229
102,백령도,2018-04-22 02:00,12.1,,5.6,90,94,1972
102,백령도,2018-04-22 03:00,12.9,,6,90,93,2000
102,백령도,2018-04-22 04:00,13,,6,90,93,2000
102,백령도,2018-04-22 05:00,13.7,,6,90,92,2000
102,백령도,2018-04-22 06:00,13.7,0,5.8,70,93,1660
102,백령도,2018-04-22 07:00,13.2,.1,7.3,90,96,636
102,백령도,2018-04-22 08:00,12.9,.8,8.3,90,97,374
102,백령도,2018-04-22 09:00,11.7,.7,8.5,90,97,249
102,백령도,2018-04-22 10:00,11.8,.8,9,90,97,90
102,백령도,2018-04-22 11:00,13.4,1,8.2,70,97,552
102,백령도,2018-04-22 12:00,13.6,0,7.6,90,91,1973
102,백령도,2018-04-22 13:00,14.7,0,8.5,70,87,2000
102,백령도,2018-04-22 14:00,13.6,.8,9.3,90,94,1021
102,백령도,2018-04-22 15:00,12.6,.8,8.9,70,95,781
102,백령도,2018-04-22 16:00,11.9,1.6,10.5,70,96,578
102,백령도,2018-04-22 17:00,11.1,2.2,10.8,70,96,600
102,백령도,2018-04-22 18:00,11,3.2,9.1,70,97,116
102,백령도,2018-04-22 19:00,10.9,3.1,9.5,70,97,329
102,백령도,2018-04-22 20:00,10.5,6.5,12.2,70,97,179
102,백령도,2018-04-22 21:00,10.5,9.4,12,70,97,113
102,백령도,2018-04-22 22:00,10.2,8,11.1,70,97,71
102,백령도,2018-04-22 23:00,9.9,5,11.4,70,97,81
102,백령도,2018-04-23 00:00,9.8,7.7,10.4,70,97,23
102,백령도,2018-04-23 01:00,9.7,4.3,11.3,70,97,35
102,백령도,2018-04-23 02:00,9.5,2.6,10.7,70,97,117
102,백령도,2018-04-23 03:00,9.5,1.4,11,70,97,312
102,백령도,2018-04-23 04:00,9.2,1.6,10.6,70,97,37
102,백령도,2018-04-23 05:00,9.1,2.2,11.3,70,97,341
102,백령도,2018-04-23 06:00,9.1,1,10.9,70,97,529
102,백령도,2018-04-23 07:00,9.5,1.3,11.2,70,97,1241
102,백령도,2018-04-23 08:00,9.5,1,9.8,70,97,711
102,백령도,2018-04-23 09:00,9.7,.6,8.9,70,97,1358
102,백령도,2018-04-23 10:00,9.7,.3,9.4,70,97,821
102,백령도,2018-04-23 11:00,9.5,.2,8.9,70,97,410
102,백령도,2018-04-23 12:00,9.5,.4,9.4,70,97,107
102,백령도,2018-04-23 13:00,9.5,.2,9.8,70,97,129
102,백령도,2018-04-23 14:00,9.7,.1,8.6,70,97,110
102,백령도,2018-04-23 15:00,9.5,.2,8.3,70,97,272
102,백령도,2018-04-23 16:00,9.3,1.1,7.7,70,97,105
102,백령도,2018-04-23 17:00,9.2,1.8,7.9,70,97,32
102,백령도,2018-04-23 18:00,8.9,.6,6.9,50,97,42
102,백령도,2018-04-23 19:00,7.8,0,4.8,70,97,156
102,백령도,2018-04-23 20:00,7.8,0,4.7,50,97,945
102,백령도,2018-04-23 21:00,7.7,,4.6,70,97,2000
102,백령도,2018-04-23 22:00,7.5,,3.8,70,96,2000
102,백령도,2018-04-23 23:00,7.5,,3.3,50,95,2000
102,백령도,2018-04-24 00:00,7.6,,3.7,70,94,2000
102,백령도,2018-04-24 01:00,7.9,,3.5,50,93,2000
102,백령도,2018-04-24 02:00,8.2,,2.7,50,93,2000
102,백령도,2018-04-24 03:00,7.5,,3.1,20,92,2000
102,백령도,2018-04-24 04:00,7.4,,3.1,50,96,1272
102,백령도,2018-04-24 05:00,7.8,,4.7,50,94,2000
102,백령도,2018-04-24 06:00,7.6,,2.5,50,93,2000
102,백령도,2018-04-24 07:00,7.9,,1.9,50,92,2000
102,백령도,2018-04-24 08:00,8.5,,2.1,20,87,2000
102,백령도,2018-04-24 09:00,8.6,,1.7,360,87,2000
102,백령도,2018-04-24 10:00,9.8,,1.9,20,79,2000
102,백령도,2018-04-24 11:00,10.6,,2,340,76,2000
102,백령도,2018-04-24 12:00,11.1,,2,360,71,2000
102,백령도,2018-04-24 13:00,11,,2.1,360,72,2000
102,백령도,2018-04-24 14:00,11.8,,1.7,320,68,2000
102,백령도,2018-04-24 15:00,12.1,,2,290,64,2000
102,백령도,2018-04-24 16:00,10.9,,2.6,290,68,2000
102,백령도,2018-04-24 17:00,9.9,,2.4,320,73,2000
102,백령도,2018-04-24 18:00,10.1,,1.9,340,71,2000
102,백령도,2018-04-24 19:00,10.4,,1.7,50,67,2000
102,백령도,2018-04-24 20:00,10.4,,1.8,340,67,2000
102,백령도,2018-04-24 21:00,10.9,,2,50,65,2000
102,백령도,2018-04-24 22:00,9.7,,4,360,71,2000
102,백령도,2018-04-24 23:00,10.5,,3.5,50,69,2000
102,백령도,2018-04-25 00:00,12,,2.2,230,64,2000
102,백령도,2018-04-25 01:00,10.9,,2,320,68,2000
102,백령도,2018-04-25 02:00,11.7,,2.6,320,64,2000
102,백령도,2018-04-25 03:00,11.8,,4.2,360,63,2000
102,백령도,2018-04-25 04:00,11.9,,2.7,360,60,2000
102,백령도,2018-04-25 05:00,12.4,,2.6,360,59,2000
102,백령도,2018-04-25 06:00,12.3,,2.6,20,60,2000
102,백령도,2018-04-25 07:00,13.8,,1.8,360,54,2000
102,백령도,2018-04-25 08:00,15.1,,1.3,340,49,2000
102,백령도,2018-04-25 09:00,15.1,,1.4,340,47,2000
102,백령도,2018-04-25 10:00,15.7,,1.8,340,48,2000
102,백령도,2018-04-25 11:00,17.3,,2,320,43,2000
102,백령도,2018-04-25 12:00,17.1,,2.8,290,43,2000
102,백령도,2018-04-25 13:00,17,,3.3,290,44,1894
102,백령도,2018-04-25 14:00,16.8,,3.7,290,43,2000
102,백령도,2018-04-25 15:00,17,,3.8,290,45,2000
102,백령도,2018-04-25 16:00,16.5,,4.1,290,45,2000
102,백령도,2018-04-25 17:00,15.9,,3.8,290,46,2000
102,백령도,2018-04-25 18:00,15.6,,3.6,290,47,2000
102,백령도,2018-04-25 19:00,14.4,,3.6,290,49,2000
102,백령도,2018-04-25 20:00,14.7,,4.2,270,51,2000
102,백령도,2018-04-25 21:00,14.6,,4.1,270,52,2000
102,백령도,2018-04-25 22:00,15.1,,3.7,270,48,2000
102,백령도,2018-04-25 23:00,10.5,,4.2,230,70,1657
102,백령도,2018-04-26 00:00,10.9,,4.5,230,59,1426
102,백령도,2018-04-26 01:00,10.9,,6.3,250,62,1433
102,백령도,2018-04-26 02:00,11.7,,5.5,270,50,1606
102,백령도,2018-04-26 03:00,12.5,,4.5,270,45,1804
102,백령도,2018-04-26 04:00,12.7,,3.6,270,48,1584
102,백령도,2018-04-26 05:00,12.1,,3.2,270,53,1424
102,백령도,2018-04-26 06:00,13.8,,3.3,270,42,1599
102,백령도,2018-04-26 07:00,12.6,,1.5,230,49,1583
102,백령도,2018-04-26 08:00,12.5,,2.2,160,55,1686
102,백령도,2018-04-26 09:00,12.6,,2.3,200,64,1329
102,백령도,2018-04-26 10:00,13.8,,5,200,56,1608
102,백령도,2018-04-26 11:00,16.4,,3.5,200,45,1763
102,백령도,2018-04-26 12:00,15.5,,5.4,200,48,1824
102,백령도,2018-04-26 13:00,15.5,,6.5,230,49,1915
102,백령도,2018-04-26 14:00,15,,6.2,230,53,1963
102,백령도,2018-04-26 15:00,14.7,,5.8,230,56,1997
102,백령도,2018-04-26 16:00,13.6,,7.3,230,63,2000
102,백령도,2018-04-26 17:00,13.4,,6.8,230,67,2000
102,백령도,2018-04-26 18:00,11.8,,7.5,230,74,2000
102,백령도,2018-04-26 19:00,11,,8.3,230,79,2000
102,백령도,2018-04-26 20:00,10.7,,8.6,230,81,2000
102,백령도,2018-04-26 21:00,10.6,,9.2,230,82,2000
102,백령도,2018-04-26 22:00,10.1,,8.7,230,86,1975
102,백령도,2018-04-26 23:00,9.9,,8.4,230,91,1856
102,백령도,2018-04-27 00:00,9.9,,4.2,250,91,1394
102,백령도,2018-04-27 01:00,9.4,,2.2,270,93,1165
102,백령도,2018-04-27 02:00,9.5,,3.9,270,93,882
102,백령도,2018-04-27 03:00,9.7,,2.9,290,93,685
102,백령도,2018-04-27 04:00,10.2,,2,340,88,801
102,백령도,2018-04-27 05:00,10.8,,2.7,340,75,1099
102,백령도,2018-04-27 06:00,10.1,,1.9,320,79,1044
102,백령도,2018-04-27 07:00,10.3,,2.5,340,77,1027
102,백령도,2018-04-27 08:00,9.7,,3.5,340,78,877
102,백령도,2018-04-27 09:00,10.4,,4.1,360,73,1027
102,백령도,2018-04-27 10:00,12.9,,1.9,20,65,1244
102,백령도,2018-04-27 11:00,10,,3.7,340,83,1191
102,백령도,2018-04-27 12:00,13.1,,2.2,340,73,1324
102,백령도,2018-04-27 13:00,13.7,,2.6,340,65,1236
102,백령도,2018-04-27 14:00,13.5,,1.9,340,63,1667
102,백령도,2018-04-27 15:00,12.6,,3.4,290,61,1931
102,백령도,2018-04-27 16:00,13.5,,2.9,290,58,1987
102,백령도,2018-04-27 17:00,13.3,,2.6,290,53,2000
102,백령도,2018-04-27 18:00,13.1,,3.5,290,49,2000
102,백령도,2018-04-27 19:00,11.3,,4.4,290,51,2000
102,백령도,2018-04-27 20:00,11.9,,4.5,290,36,2000
102,백령도,2018-04-27 21:00,11.2,,5,290,45,2000
102,백령도,2018-04-27 22:00,12.4,,5,290,30,2000
102,백령도,2018-04-27 23:00,12.3,,4.5,290,30,2000
102,백령도,2018-04-28 00:00,11.8,,6.9,270,32,2000
102,백령도,2018-04-28 01:00,12.9,,6.4,290,21,2000
102,백령도,2018-04-28 02:00,13.1,,6.9,290,19,2000
102,백령도,2018-04-28 03:00,10.3,,6.7,270,50,2000
102,백령도,2018-04-28 04:00,10.1,,7.1,270,51,2000
102,백령도,2018-04-28 05:00,9.9,,6.8,270,53,2000
102,백령도,2018-04-28 06:00,9.7,,6.3,250,59,2000
102,백령도,2018-04-28 07:00,9.6,,4,250,73,1980
102,백령도,2018-04-28 08:00,11.5,,1.7,270,51,2000
102,백령도,2018-04-28 09:00,13.7,,.9,230,54,2000
102,백령도,2018-04-28 10:00,13.3,,4.6,200,61,1997
102,백령도,2018-04-28 11:00,13.1,,6.5,230,61,1963
102,백령도,2018-04-28 12:00,14.4,,5.4,250,55,1946
102,백령도,2018-04-28 13:00,15.5,,6.8,200,55,1920
102,백령도,2018-04-28 14:00,15.2,,8.3,200,57,1913
102,백령도,2018-04-28 15:00,15.5,,8.2,200,53,2000
102,백령도,2018-04-28 16:00,15.7,,10.5,200,52,2000
102,백령도,2018-04-28 17:00,15,,10.2,200,54,1996
102,백령도,2018-04-28 18:00,14.3,,7.8,200,39,2000
102,백령도,2018-04-28 19:00,13,,7.4,200,42,2000
102,백령도,2018-04-28 20:00,11.9,,4.8,200,50,2000
102,백령도,2018-04-28 21:00,11.7,,7.5,200,61,2000
102,백령도,2018-04-28 22:00,12.1,,6.2,200,64,2000
102,백령도,2018-04-28 23:00,11.6,,4.1,180,68,2000
102,백령도,2018-04-29 00:00,11.6,,5.1,180,71,2000
102,백령도,2018-04-29 01:00,11.6,,4.6,180,69,2000
102,백령도,2018-04-29 02:00,11.5,,5.4,180,70,2000
102,백령도,2018-04-29 03:00,11.2,,5.9,180,72,1989
102,백령도,2018-04-29 04:00,10.4,,6.1,160,79,1791
102,백령도,2018-04-29 05:00,10.1,,6.4,140,89,1430
102,백령도,2018-04-29 06:00,9.7,,6.6,160,87,1325
102,백령도,2018-04-29 07:00,10.1,,6,140,88,1229
102,백령도,2018-04-29 08:00,11.4,,5.4,160,78,1629
102,백령도,2018-04-29 09:00,12.5,,6.1,160,74,1499
102,백령도,2018-04-29 10:00,13.8,,4.5,180,68,1322
102,백령도,2018-04-29 11:00,14.7,,4.4,200,63,1425
102,백령도,2018-04-29 12:00,15.6,,6.6,230,60,1470
102,백령도,2018-04-29 13:00,16.6,,4.3,230,52,1915
102,백령도,2018-04-29 14:00,15.7,,5.5,200,55,1782
102,백령도,2018-04-29 15:00,14.7,,5.3,200,57,1733
102,백령도,2018-04-29 16:00,14.2,,5.2,200,58,1824
102,백령도,2018-04-29 17:00,14.1,,5.2,200,61,1751
102,백령도,2018-04-29 18:00,12.6,,5.3,180,71,1291
102,백령도,2018-04-29 19:00,10.7,,5.5,180,89,844
102,백령도,2018-04-29 20:00,10,,6.9,180,94,384
102,백령도,2018-04-29 21:00,9.2,,6.4,160,96,54
102,백령도,2018-04-29 22:00,8.9,,5.6,160,96,14
102,백령도,2018-04-29 23:00,8.8,,4.6,140,97,12
102,백령도,2018-04-30 00:00,8.6,,5.7,140,97,11
102,백령도,2018-04-30 01:00,8.3,,5.5,110,97,9
102,백령도,2018-04-30 02:00,8.4,,3.4,140,97,10
102,백령도,2018-04-30 03:00,8.7,,4.7,140,97,10
102,백령도,2018-04-30 04:00,8.7,,4.7,140,97,10
102,백령도,2018-04-30 05:00,9.2,,6.1,160,97,9
102,백령도,2018-04-30 06:00,8.8,,4.3,110,97,10
102,백령도,2018-04-30 07:00,8.9,,5.4,110,97,8
102,백령도,2018-04-30 08:00,9.8,,5,110,97,9
102,백령도,2018-04-30 09:00,10,,4.8,70,97,8
102,백령도,2018-04-30 10:00,10.7,,4.4,90,97,9
102,백령도,2018-04-30 11:00,11.9,,3.9,110,97,18
102,백령도,2018-04-30 12:00,13,,4.2,90,97,239
102,백령도,2018-04-30 13:00,12.8,,3,110,97,40
102,백령도,2018-04-30 14:00,13.6,,3.5,110,97,429
102,백령도,2018-04-30 15:00,14.7,,4.2,110,94,529
102,백령도,2018-04-30 16:00,14,,4.1,90,96,124
102,백령도,2018-04-30 17:00,14.1,,5.4,110,97,106
102,백령도,2018-04-30 18:00,14.6,,5,140,97,295
102,백령도,2018-04-30 19:00,14,,4.5,110,97,21
102,백령도,2018-04-30 20:00,14,,4.8,110,97,13
102,백령도,2018-04-30 21:00,13.9,,4.6,110,97,12
102,백령도,2018-04-30 22:00,14.1,,4.7,140,97,11
102,백령도,2018-04-30 23:00,13.6,,5.5,140,97,11
102,백령도,2018-05-01 00:00,13.5,,4.1,110,97,11
102,백령도,2018-05-01 01:00,12.7,,3.5,140,100,15
102,백령도,2018-05-01 02:00,11.8,,4,140,100,13
102,백령도,2018-05-01 03:00,11.5,,.9,90,100,13
102,백령도,2018-05-01 04:00,12.3,,4.2,140,100,13
102,백령도,2018-05-01 05:00,11.1,,5.2,140,100,16
102,백령도,2018-05-01 06:00,11.2,0,2.3,160,100,23
102,백령도,2018-05-01 07:00,11.2,0,3.1,140,100,17
102,백령도,2018-05-01 08:00,11,0,2.2,110,100,18
102,백령도,2018-05-01 09:00,11.5,,1.8,110,100,14
102,백령도,2018-05-01 10:00,12.2,0,.9,160,100,76
102,백령도,2018-05-01 11:00,10.8,0,1.9,340,100,17
102,백령도,2018-05-01 12:00,12.6,0,.6,50,100,83
102,백령도,2018-05-01 13:00,14.7,0,1.8,90,100,2185
102,백령도,2018-05-01 14:00,15.5,,2.3,140,100,3222
102,백령도,2018-05-01 15:00,17.1,,1.8,110,92,4806
102,백령도,2018-05-01 16:00,16.2,,1.9,180,92,2249
102,백령도,2018-05-01 17:00,15.7,,2,180,95,742
102,백령도,2018-05-01 18:00,15.5,,2.6,180,95,1437
102,백령도,2018-05-01 19:00,13.5,,3.6,200,98,323
102,백령도,2018-05-01 20:00,10.7,,3.4,290,99,261
102,백령도,2018-05-01 21:00,10.8,,3.5,320,100,28
102,백령도,2018-05-01 22:00,12.1,,2.8,320,100,125
102,백령도,2018-05-01 23:00,12.1,,2.3,340,100,313
102,백령도,2018-05-02 00:00,12.2,,2.2,320,98,525
102,백령도,2018-05-02 01:00,11.8,,2,340,97,570
102,백령도,2018-05-02 02:00,12.9,,.8,20,96,628
102,백령도,2018-05-02 03:00,11.9,,1.5,320,97,466
102,백령도,2018-05-02 04:00,10.8,0,2.1,320,97,432
102,백령도,2018-05-02 05:00,9.4,,3.1,320,99,339
102,백령도,2018-05-02 06:00,11.3,,3.8,290,99,395
102,백령도,2018-05-02 07:00,11.1,,1.8,320,99,379
102,백령도,2018-05-02 08:00,12.3,0,.6,250,97,399
102,백령도,2018-05-02 09:00,8.2,.2,7.9,320,100,216
102,백령도,2018-05-02 10:00,8.2,0,10.3,340,100,503
102,백령도,2018-05-02 11:00,8.5,0,9.5,340,100,862
102,백령도,2018-05-02 12:00,8.5,0,11.8,340,98,1436
102,백령도,2018-05-02 13:00,8.1,,9.3,340,96,1684
102,백령도,2018-05-02 14:00,8.4,,11.2,340,92,2000
102,백령도,2018-05-02 15:00,8.8,,12.8,340,86,2762
102,백령도,2018-05-02 16:00,8.6,,9.6,340,87,2932
102,백령도,2018-05-02 17:00,9,,8.4,340,87,2982
102,백령도,2018-05-02 18:00,10.6,,11.6,360,71,4672
102,백령도,2018-05-02 19:00,8.8,,6.5,340,87,3462
102,백령도,2018-05-02 20:00,8.6,,5.7,320,86,4048
102,백령도,2018-05-02 21:00,8.6,,4.6,290,85,4410
102,백령도,2018-05-02 22:00,9.4,,2.7,270,78,2869
102,백령도,2018-05-02 23:00,9.2,,5.4,290,81,2622
102,백령도,2018-05-03 00:00,9.5,,7.2,320,71,3204
102,백령도,2018-05-03 01:00,9.5,,8.3,290,69,2744
102,백령도,2018-05-03 02:00,9.8,,8.4,290,67,3042
102,백령도,2018-05-03 03:00,9,,7.8,290,75,2836
102,백령도,2018-05-03 04:00,8.9,,7.4,290,74,2887
102,백령도,2018-05-03 05:00,9,,7.1,290,71,2857
102,백령도,2018-05-03 06:00,9,,7.8,290,72,2999
102,백령도,2018-05-03 07:00,9.6,,8.4,320,69,2767
102,백령도,2018-05-03 08:00,9.7,,6.6,320,70,2623
102,백령도,2018-05-03 09:00,10.2,,6,290,70,2382
102,백령도,2018-05-03 10:00,10.1,,7.3,320,73,1923
102,백령도,2018-05-03 11:00,10,,8.2,340,74,2621
102,백령도,2018-05-03 12:00,10.5,,6.8,320,75,2173
102,백령도,2018-05-03 13:00,9.4,,7.8,320,77,1746
102,백령도,2018-05-03 14:00,10.5,,8.5,320,71,1499
102,백령도,2018-05-03 15:00,10.4,,8,320,69,1797
102,백령도,2018-05-03 16:00,10.9,,6.8,290,63,2284
102,백령도,2018-05-03 17:00,11.4,,7.1,290,70,1722
102,백령도,2018-05-03 18:00,10.9,,8.6,290,64,1956
102,백령도,2018-05-03 19:00,10,,6.8,290,69,2950
102,백령도,2018-05-03 20:00,10,,7.9,290,67,3027
102,백령도,2018-05-03 21:00,10.3,,7.3,290,65,3368
102,백령도,2018-05-03 22:00,9.3,,6.8,290,73,2887
102,백령도,2018-05-03 23:00,9.7,,8.8,290,71,2944
102,백령도,2018-05-04 00:00,9.5,,8.8,290,71,2781
102,백령도,2018-05-04 01:00,9.4,,7.4,290,68,3221
102,백령도,2018-05-04 02:00,9,,7.2,270,72,3026
102,백령도,2018-05-04 03:00,8.9,,7.9,290,73,3177
102,백령도,2018-05-04 04:00,9.9,,9.7,290,64,3634
102,백령도,2018-05-04 05:00,10.7,,10.1,290,56,2867
102,백령도,2018-05-04 06:00,11.6,,10.5,290,50,3752
102,백령도,2018-05-04 07:00,11.5,,10,290,53,3120
102,백령도,2018-05-04 08:00,13,,10.6,290,44,2842
102,백령도,2018-05-04 09:00,14.5,,11.5,290,39,2482
102,백령도,2018-05-04 10:00,15.7,,12.5,290,33,2199
102,백령도,2018-05-04 11:00,15.6,,10.7,290,36,2592
102,백령도,2018-05-04 12:00,18.8,,9.1,270,25,4821
102,백령도,2018-05-04 13:00,17.4,,9.9,250,31,4374
102,백령도,2018-05-04 14:00,16.4,,11,250,40,2559
102,백령도,2018-05-04 15:00,16.4,,11.2,250,41,2912
102,백령도,2018-05-04 16:00,16.6,,10.9,250,39,2610
102,백령도,2018-05-04 17:00,16.5,,10.5,250,37,2906
102,백령도,2018-05-04 18:00,15.5,,9.5,250,40,3136
102,백령도,2018-05-04 19:00,14.9,,10.9,250,43,2818
102,백령도,2018-05-04 20:00,13.8,,9.2,230,53,2742
102,백령도,2018-05-04 21:00,13,,9.2,230,62,2487
102,백령도,2018-05-04 22:00,13.5,,9.6,230,60,2622
102,백령도,2018-05-04 23:00,12.7,,9.7,230,67,2809
102,백령도,2018-05-05 00:00,12.4,,10.2,230,73,2371
102,백령도,2018-05-05 01:00,12.5,,9.7,230,74,2102
102,백령도,2018-05-05 02:00,12.6,,9.8,230,73,2331
102,백령도,2018-05-05 03:00,13,,9.5,230,71,2245
102,백령도,2018-05-05 04:00,12.7,,8.5,230,73,2201
102,백령도,2018-05-05 05:00,12.9,,9.2,230,74,2050
102,백령도,2018-05-05 06:00,12.6,,7.6,230,74,2045
102,백령도,2018-05-05 07:00,13.5,,6.9,230,74,2009
102,백령도,2018-05-05 08:00,13,,4.3,140,76,1652
102,백령도,2018-05-05 09:00,14,,5.1,180,73,1582
102,백령도,2018-05-05 10:00,14.4,,3.4,140,73,1618
102,백령도,2018-05-05 11:00,13.6,,5.3,140,73,1657
102,백령도,2018-05-05 12:00,15.1,,5.4,140,69,1894
102,백령도,2018-05-05 13:00,15.5,,5.5,160,71,1940
102,백령도,2018-05-05 14:00,14.4,,6.6,160,73,1821
102,백령도,2018-05-05 15:00,13.5,,6.1,140,75,1830
102,백령도,2018-05-05 16:00,13.9,,5.5,160,78,1765
102,백령도,2018-05-05 17:00,13,,7,160,82,1528
102,백령도,2018-05-05 18:00,12,,7.1,160,86,1519
102,백령도,2018-05-05 19:00,11.5,,7,160,92,1307
102,백령도,2018-05-05 20:00,10.9,,6,160,95,1034
102,백령도,2018-05-05 21:00,10.8,,4.1,160,95,965
102,백령도,2018-05-05 22:00,10.7,,4.7,160,97,859
102,백령도,2018-05-05 23:00,11.6,,4.9,200,97,993
102,백령도,2018-05-06 00:00,10.7,.2,5,160,98,437
102,백령도,2018-05-06 01:00,10.2,.1,3.9,160,100,219
102,백령도,2018-05-06 02:00,10.1,.9,3.2,140,100,145
102,백령도,2018-05-06 03:00,9.9,2.6,3,90,100,25
102,백령도,2018-05-06 04:00,10.6,2,3.5,110,100,24
102,백령도,2018-05-06 05:00,11.1,1.7,4.2,90,100,22
102,백령도,2018-05-06 06:00,10.8,.8,4.2,110,100,17
102,백령도,2018-05-06 07:00,10.5,.1,3.6,110,100,24
102,백령도,2018-05-06 08:00,11.8,.7,3.6,90,100,423
102,백령도,2018-05-06 09:00,11.6,0,3.7,90,100,940
102,백령도,2018-05-06 10:00,16.2,0,6,140,94,5000
102,백령도,2018-05-06 11:00,15.2,,3.1,50,93,4999
102,백령도,2018-05-06 12:00,17.6,,2.2,340,80,4929
102,백령도,2018-05-06 13:00,17.5,,2.5,340,81,4304
102,백령도,2018-05-06 14:00,17.7,,3.6,320,75,3627
102,백령도,2018-05-06 15:00,16.4,,2.9,320,84,1849
102,백령도,2018-05-06 16:00,15.8,,3.5,290,84,1390
102,백령도,2018-05-06 17:00,12.7,,4.6,290,90,626
102,백령도,2018-05-06 18:00,11.7,,5.3,320,92,467
102,백령도,2018-05-06 19:00,11.4,,4.4,290,94,508
102,백령도,2018-05-06 20:00,11.1,,4,290,95,478
102,백령도,2018-05-06 21:00,11.5,,3.6,290,94,566
102,백령도,2018-05-06 22:00,11.4,,3,320,94,558
102,백령도,2018-05-06 23:00,11.2,,2.5,320,95,528
102,백령도,2018-05-07 00:00,11.1,,4.6,320,95,505
102,백령도,2018-05-07 01:00,10.2,,3.5,320,97,365
102,백령도,2018-05-07 02:00,11,,2,270,96,522
102,백령도,2018-05-07 03:00,11.8,,2.4,320,94,638
102,백령도,2018-05-07 04:00,11.7,,1.9,320,94,641
102,백령도,2018-05-07 05:00,11.7,,2.8,320,94,620
102,백령도,2018-05-07 06:00,12.8,,3.1,320,84,1274
102,백령도,2018-05-07 07:00,15.2,,3.4,340,62,4888
102,백령도,2018-05-07 08:00,16.9,,3.1,360,51,3800
102,백령도,2018-05-07 09:00,17.8,,3.4,360,40,4316
102,백령도,2018-05-07 10:00,13.6,,3.7,320,74,1531
102,백령도,2018-05-07 11:00,19.3,,2,290,50,3469
102,백령도,2018-05-07 12:00,15.2,,4.3,320,67,1720
102,백령도,2018-05-07 13:00,13.6,,4.6,290,73,1198
102,백령도,2018-05-07 14:00,13,,5.6,320,80,938
102,백령도,2018-05-07 15:00,14.5,,6.2,320,71,1403
102,백령도,2018-05-07 16:00,15.4,,4.8,320,64,1724
102,백령도,2018-05-07 17:00,16.8,,3.2,320,51,2566
102,백령도,2018-05-07 18:00,14.6,,4.2,290,56,1987
102,백령도,2018-05-07 19:00,14,,4.5,320,53,2116
102,백령도,2018-05-07 20:00,12.4,,4,320,62,2163
102,백령도,2018-05-07 21:00,12,,3.4,290,60,2641
102,백령도,2018-05-07 22:00,12.1,,4.4,290,58,2923
102,백령도,2018-05-07 23:00,11.8,,3.4,290,60,3224
102,백령도,2018-05-08 00:00,11,,3.6,320,67,3262
102,백령도,2018-05-08 01:00,10.3,,3.7,320,73,3528
102,백령도,2018-05-08 02:00,10.4,,2.7,320,71,4143
102,백령도,2018-05-08 03:00,9.8,,1.8,320,74,4669
102,백령도,2018-05-08 04:00,11.2,,2.9,90,62,4906
102,백령도,2018-05-08 05:00,12,,3.6,110,67,4501
102,백령도,2018-05-08 06:00,10.3,,2.3,90,84,3736
102,백령도,2018-05-08 07:00,12.7,,3.8,50,75,5000
102,백령도,2018-05-08 08:00,13.9,,2.9,70,72,4999
102,백령도,2018-05-08 09:00,15.3,,3.5,70,68,4987
102,백령도,2018-05-08 10:00,16.8,,3.3,70,62,4989
102,백령도,2018-05-08 11:00,17.7,,3.4,70,60,5000
102,백령도,2018-05-08 12:00,18.8,,2.4,70,55,5000
102,백령도,2018-05-08 13:00,18.1,,3,340,57,4985
102,백령도,2018-05-08 14:00,18.5,,3.3,320,56,4885
102,백령도,2018-05-08 15:00,17,,4.7,320,57,4925
102,백령도,2018-05-08 16:00,16.8,,3.9,320,58,4833
102,백령도,2018-05-08 17:00,16.2,,3,290,61,4344
102,백령도,2018-05-08 18:00,15,,3.3,320,63,4116
102,백령도,2018-05-08 19:00,13.4,,2.2,320,69,3349
102,백령도,2018-05-08 20:00,12.9,,2.3,290,70,3571
102,백령도,2018-05-08 21:00,12.3,,3.3,320,70,3979
102,백령도,2018-05-08 22:00,11.8,,1.2,320,74,3343
102,백령도,2018-05-08 23:00,13,,1.6,140,69,3412
102,백령도,2018-05-09 00:00,12,,2.3,160,73,4412
102,백령도,2018-05-09 01:00,12.8,,4,140,63,4871
102,백령도,2018-05-09 02:00,12.4,,4.2,140,62,4906
102,백령도,2018-05-09 03:00,11.2,,4.7,110,66,5000
102,백령도,2018-05-09 04:00,9.7,,2.2,90,77,5000
102,백령도,2018-05-09 05:00,9.8,,3.3,110,79,5000
102,백령도,2018-05-09 06:00,10.1,,3.6,110,80,5000
102,백령도,2018-05-09 07:00,10.9,,3.9,110,70,4993
102,백령도,2018-05-09 08:00,11.7,,4.4,140,63,4999
102,백령도,2018-05-09 09:00,12.2,,5.6,140,62,5000
102,백령도,2018-05-09 10:00,12.9,,5.6,140,63,5000
102,백령도,2018-05-09 11:00,14.3,,4.5,140,55,5000
102,백령도,2018-05-09 12:00,14.7,,4.6,160,53,4994
102,백령도,2018-05-09 13:00,15.3,,3.9,140,53,5000
102,백령도,2018-05-09 14:00,14.1,,4.1,180,56,4903
102,백령도,2018-05-09 15:00,15.6,,2.3,180,57,4723
102,백령도,2018-05-09 16:00,16.4,,1.4,20,54,4483
102,백령도,2018-05-09 17:00,15.4,,3.9,320,58,4218
102,백령도,2018-05-09 18:00,15.6,,2.5,320,60,3740
102,백령도,2018-05-09 19:00,14.6,,1.3,290,62,3908
102,백령도,2018-05-09 20:00,11.7,,1.6,200,71,3262
102,백령도,2018-05-09 21:00,11.1,,2.7,230,75,3533
102,백령도,2018-05-09 22:00,10.6,,.6,230,83,2751
102,백령도,2018-05-09 23:00,10.6,,2.6,250,87,2465
102,백령도,2018-05-10 00:00,10.6,,1.5,250,91,1776
102,백령도,2018-05-10 01:00,9.8,,1.1,70,94,1235
102,백령도,2018-05-10 02:00,9.2,,.6,200,97,509
102,백령도,2018-05-10 03:00,9.3,,1.3,140,98,600
102,백령도,2018-05-10 04:00,8.9,,2.5,140,97,584
102,백령도,2018-05-10 05:00,8.5,,.7,180,99,358
102,백령도,2018-05-10 06:00,8.4,,2.1,160,99,353
102,백령도,2018-05-10 07:00,9.5,,1.6,160,100,259
102,백령도,2018-05-10 08:00,9.5,,2.7,160,100,90
102,백령도,2018-05-10 09:00,10.5,,5.2,160,97,1149
102,백령도,2018-05-10 10:00,10.6,,4,140,94,2247
102,백령도,2018-05-10 11:00,10.7,,2.7,160,91,2507
102,백령도,2018-05-10 12:00,12.2,,4.3,180,86,2848
102,백령도,2018-05-10 13:00,13.3,,4,180,82,2852
102,백령도,2018-05-10 14:00,11.5,,4.5,180,91,1059
102,백령도,2018-05-10 15:00,11.4,,3.7,180,91,1281
102,백령도,2018-05-10 16:00,11.1,,5.8,200,93,806
102,백령도,2018-05-10 17:00,10.6,,4,200,98,160
102,백령도,2018-05-10 18:00,10.3,,3.4,200,99,120
102,백령도,2018-05-10 19:00,9.9,,3.1,200,100,60
102,백령도,2018-05-10 20:00,9.5,,3,160,100,67
102,백령도,2018-05-10 21:00,9.2,,3.2,140,100,53
102,백령도,2018-05-10 22:00,9.2,0,2.5,200,100,60
102,백령도,2018-05-10 23:00,9,0,3.5,200,100,35
102,백령도,2018-05-11 00:00,8.8,0,3.9,200,100,30
102,백령도,2018-05-11 01:00,8.9,0,3.6,180,100,41
102,백령도,2018-05-11 02:00,8.8,0,4.3,180,100,39
102,백령도,2018-05-11 03:00,9,0,2.9,180,100,51
102,백령도,2018-05-11 04:00,8.8,0,2.4,160,100,74
102,백령도,2018-05-11 05:00,8.7,0,3.3,160,100,90
102,백령도,2018-05-11 06:00,8.8,,3.4,160,100,189
102,백령도,2018-05-11 07:00,8.9,0,3.7,160,100,309
102,백령도,2018-05-11 08:00,9,,4.8,140,100,1082
102,백령도,2018-05-11 09:00,9.7,,5,140,100,2698
102,백령도,2018-05-11 10:00,9.9,,4.6,160,96,2261
102,백령도,2018-05-11 11:00,10.6,,6.2,140,92,3255
102,백령도,2018-05-11 12:00,10.5,,5,110,92,2928
102,백령도,2018-05-11 13:00,11,,5.1,140,89,2866
102,백령도,2018-05-11 14:00,10.4,,4.8,140,91,2499
102,백령도,2018-05-11 15:00,10.6,,4.1,160,91,2484
102,백령도,2018-05-11 16:00,10,,3.1,140,93,2405
102,백령도,2018-05-11 17:00,10.4,,2.4,160,93,2420
102,백령도,2018-05-11 18:00,9.8,,2.6,110,94,1747
102,백령도,2018-05-11 19:00,9.8,,3.7,160,94,1552
102,백령도,2018-05-11 20:00,9.6,,3.5,180,96,1159
102,백령도,2018-05-11 21:00,9.5,,2.2,160,96,1223
102,백령도,2018-05-11 22:00,9.5,0,.2,0,97,994
102,백령도,2018-05-11 23:00,8.9,,1.7,110,99,898
102,백령도,2018-05-12 00:00,9.1,,1.2,110,100,811
102,백령도,2018-05-12 01:00,9.3,,1.6,110,99,1188
102,백령도,2018-05-12 02:00,9.9,,1.7,110,98,1302
102,백령도,2018-05-12 03:00,10.8,0,1.6,50,97,1605
102,백령도,2018-05-12 04:00,10.4,.2,1,90,94,1470
102,백령도,2018-05-12 05:00,10.7,0,2.6,110,85,2057
102,백령도,2018-05-12 06:00,10.4,0,1.4,110,88,2391
102,백령도,2018-05-12 07:00,10.2,0,4.2,110,88,1482
102,백령도,2018-05-12 08:00,9.1,0,4,110,98,410
102,백령도,2018-05-12 09:00,9.2,.3,2.8,90,100,139
102,백령도,2018-05-12 10:00,9.3,.1,2.8,90,100,72
102,백령도,2018-05-12 11:00,9.5,0,4.2,70,100,487
102,백령도,2018-05-12 12:00,10.9,0,3.9,90,97,2044
102,백령도,2018-05-12 13:00,11.9,,3,90,92,2968
102,백령도,2018-05-12 14:00,12.8,,2.6,90,88,2361
102,백령도,2018-05-12 15:00,11.1,,2.3,320,93,3070
102,백령도,2018-05-12 16:00,10.5,,4,340,94,3041
102,백령도,2018-05-12 17:00,10,,3.6,340,96,2186
102,백령도,2018-05-12 18:00,9.5,,4,320,97,1591
102,백령도,2018-05-12 19:00,9.7,,3.8,320,96,1679
102,백령도,2018-05-12 20:00,9.2,,3.1,320,98,1343
102,백령도,2018-05-12 21:00,9,,2.1,320,99,1427
102,백령도,2018-05-12 22:00,9.6,,2.3,320,98,1347
102,백령도,2018-05-12 23:00,9.2,,2.4,320,97,1133
102,백령도,2018-05-13 00:00,9.4,,2.9,290,97,1505
102,백령도,2018-05-13 01:00,9.5,,4.9,340,94,2846
102,백령도,2018-05-13 02:00,8.8,,2.6,320,96,1843
102,백령도,2018-05-13 03:00,8.7,,1.9,290,98,1128
102,백령도,2018-05-13 04:00,8.8,,1.5,340,96,2072
102,백령도,2018-05-13 05:00,8.6,,1.7,290,98,1275
102,백령도,2018-05-13 06:00,8.6,,1.7,320,97,1459
102,백령도,2018-05-13 07:00,9.7,,1.2,270,97,1904
102,백령도,2018-05-13 08:00,11.4,,2.4,320,91,2326
102,백령도,2018-05-13 09:00,11.5,,2.6,320,90,2338
102,백령도,2018-05-13 10:00,13.3,,2.2,290,81,4666
102,백령도,2018-05-13 11:00,15,,1,320,75,4935
102,백령도,2018-05-13 12:00,14.1,,2.6,320,77,4795
102,백령도,2018-05-13 13:00,16.5,,1.2,340,70,4621
102,백령도,2018-05-13 14:00,14.3,,4.1,180,73,3621
102,백령도,2018-05-13 15:00,13.6,,3.2,230,82,1748
102,백령도,2018-05-13 16:00,14.6,,3.3,250,74,4118
102,백령도,2018-05-13 17:00,12.5,,3.5,200,84,1826
102,백령도,2018-05-13 18:00,12.2,,2.1,180,91,954
102,백령도,2018-05-13 19:00,10.6,,1.8,200,96,401
102,백령도,2018-05-13 20:00,9.8,,2.4,180,100,36
102,백령도,2018-05-13 21:00,9.3,0,2.6,160,100,32
102,백령도,2018-05-13 22:00,9.6,0,1.8,160,100,35
102,백령도,2018-05-13 23:00,9.9,,2.3,160,100,34
102,백령도,2018-05-14 00:00,10.1,,2.8,160,100,24
102,백령도,2018-05-14 01:00,9.7,,3.4,140,100,21
102,백령도,2018-05-14 02:00,9.7,,4.1,140,100,22
102,백령도,2018-05-14 03:00,9.7,0,4.7,140,100,26
102,백령도,2018-05-14 04:00,10,0,5.3,140,100,37
102,백령도,2018-05-14 05:00,10.1,0,6.4,140,100,36
102,백령도,2018-05-14 06:00,9.8,,6.3,140,100,33
102,백령도,2018-05-14 07:00,10.1,,6.4,140,100,36
102,백령도,2018-05-14 08:00,10.1,0,7.5,140,100,30
102,백령도,2018-05-14 09:00,10,0,7.7,160,100,38
102,백령도,2018-05-14 10:00,10.1,0,7.1,160,100,60
102,백령도,2018-05-14 11:00,10,,7,140,100,56
102,백령도,2018-05-14 12:00,11.2,,7.4,160,100,1587
102,백령도,2018-05-14 13:00,11.9,,7.5,140,90,1975
102,백령도,2018-05-14 14:00,12.3,,8.1,160,88,1803
102,백령도,2018-05-14 15:00,12.7,,7.3,160,86,1559
102,백령도,2018-05-14 16:00,13.3,,8.1,160,84,1537
102,백령도,2018-05-14 17:00,13.1,,7.9,160,83,1630
102,백령도,2018-05-14 18:00,12.5,,7.5,160,86,1487
102,백령도,2018-05-14 19:00,12.3,,6.5,160,88,1382
102,백령도,2018-05-14 20:00,11.8,,4.8,140,90,1117
102,백령도,2018-05-14 21:00,12,,4.3,140,90,1026
102,백령도,2018-05-14 22:00,12.3,,5,160,87,1245
102,백령도,2018-05-14 23:00,12.6,,4,160,84,1452
102,백령도,2018-05-15 00:00,12.5,,3.3,160,82,1641
102,백령도,2018-05-15 01:00,12.3,,3.3,140,83,1570
102,백령도,2018-05-15 02:00,12.2,,3.4,140,82,1548
102,백령도,2018-05-15 03:00,13,,4.3,140,78,1702
102,백령도,2018-05-15 04:00,13.8,,4.8,160,73,1961
102,백령도,2018-05-15 05:00,13.2,,6.4,140,79,1328
102,백령도,2018-05-15 06:00,13.2,,5.7,140,80,1100
102,백령도,2018-05-15 07:00,13.3,,5.8,140,84,850
102,백령도,2018-05-15 08:00,13.2,,6.4,140,93,619
102,백령도,2018-05-15 09:00,13.3,,8.3,140,91,745
102,백령도,2018-05-15 10:00,13.6,,7.2,140,94,476
102,백령도,2018-05-15 11:00,13.2,0,7.3,140,97,252
102,백령도,2018-05-15 12:00,12.9,0,7.7,140,99,161
102,백령도,2018-05-15 13:00,15.5,0,7.5,140,83,770
102,백령도,2018-05-15 14:00,16.1,,7.4,140,77,915
102,백령도,2018-05-15 15:00,16.5,,6.6,140,74,844
102,백령도,2018-05-15 16:00,15.1,,6.5,140,83,563
102,백령도,2018-05-15 17:00,14.8,0,8.3,160,93,321
102,백령도,2018-05-15 18:00,14.2,0,7.5,160,100,30
102,백령도,2018-05-15 19:00,15.4,0,7.6,160,100,23
102,백령도,2018-05-15 20:00,15.2,0,8.6,160,100,23
102,백령도,2018-05-15 21:00,16.7,0,8.4,160,100,47
102,백령도,2018-05-15 22:00,16.7,0,5.2,180,100,22
102,백령도,2018-05-15 23:00,15.3,0,6.5,140,100,22
102,백령도,2018-05-16 00:00,16.3,1.8,7.1,160,100,25
102,백령도,2018-05-16 01:00,16.7,2.8,9.4,160,100,383
102,백령도,2018-05-16 02:00,16.7,1.5,8.2,160,100,33
102,백령도,2018-05-16 03:00,16.6,.4,7,160,100,35
102,백령도,2018-05-16 04:00,15.9,.1,7.3,160,100,45
102,백령도,2018-05-16 05:00,14.5,0,7,160,100,28
102,백령도,2018-05-16 06:00,14.1,.1,6.2,160,100,25
102,백령도,2018-05-16 07:00,14.5,1,7.1,180,100,144
102,백령도,2018-05-16 08:00,13.9,1,4.1,180,100,78
102,백령도,2018-05-16 09:00,14.8,0,4.2,180,100,119
102,백령도,2018-05-16 10:00,15.8,,5.9,200,100,732
102,백령도,2018-05-16 11:00,15.7,,5.9,180,100,564
102,백령도,2018-05-16 12:00,14.7,,4.2,180,100,574
102,백령도,2018-05-16 13:00,14.7,,3,140,100,1088
102,백령도,2018-05-16 14:00,13.9,,4,140,100,540
102,백령도,2018-05-16 15:00,13.9,,2.1,110,100,428
102,백령도,2018-05-16 16:00,14,,2.9,140,100,433
102,백령도,2018-05-16 17:00,14.1,,4.9,140,100,179
102,백령도,2018-05-16 18:00,14,,5.7,140,100,43
102,백령도,2018-05-16 19:00,14.2,,5.2,140,100,32
102,백령도,2018-05-16 20:00,14,,6.8,140,100,29
102,백령도,2018-05-16 21:00,13.7,,5.4,160,100,45
102,백령도,2018-05-16 22:00,13.3,5.3,5.2,110,100,21
102,백령도,2018-05-16 23:00,13.5,.5,5.4,140,100,26
102,백령도,2018-05-17 00:00,14.9,0,4.2,110,100,745
102,백령도,2018-05-17 01:00,13.7,6,6.3,200,100,95
102,백령도,2018-05-17 02:00,13.9,4.8,2.2,110,100,97
102,백령도,2018-05-17 03:00,11.6,.8,4.3,90,100,20
102,백령도,2018-05-17 04:00,13.6,.1,4.8,90,100,159
102,백령도,2018-05-17 05:00,14.6,1.1,5.3,140,100,530
102,백령도,2018-05-17 06:00,14.4,5.2,7.7,160,100,665
102,백령도,2018-05-17 07:00,12.1,2.2,4.1,110,100,25
102,백령도,2018-05-17 08:00,13.4,1.7,6.2,110,100,20
102,백령도,2018-05-17 09:00,15.8,0,5.4,110,100,272
102,백령도,2018-05-17 10:00,13.6,0,8.4,160,100,37
102,백령도,2018-05-17 11:00,13.8,0,7.2,160,100,32
102,백령도,2018-05-17 12:00,14.1,0,2.1,180,100,37
102,백령도,2018-05-17 13:00,13.3,0,2.9,140,100,26
102,백령도,2018-05-17 14:00,13.6,0,4.4,140,100,28
102,백령도,2018-05-17 15:00,13.8,0,4.7,140,100,25
102,백령도,2018-05-17 16:00,13.8,0,4.5,140,100,28
102,백령도,2018-05-17 17:00,12.7,0,2.8,110,100,23
102,백령도,2018-05-17 18:00,13.3,0,2,110,100,26
102,백령도,2018-05-17 19:00,12.5,0,3.3,110,100,22
102,백령도,2018-05-17 20:00,12.4,0,3.1,140,100,27
102,백령도,2018-05-17 21:00,12.9,,3.3,140,100,27
102,백령도,2018-05-17 22:00,12.9,,2.8,140,100,29
102,백령도,2018-05-17 23:00,12.7,,2.8,160,100,28
102,백령도,2018-05-18 00:00,13.1,,2,200,100,26
102,백령도,2018-05-18 01:00,13.5,,1.1,200,100,17
102,백령도,2018-05-18 02:00,11.9,,.2,0,100,17
102,백령도,2018-05-18 03:00,12.3,,1.4,320,100,15
102,백령도,2018-05-18 04:00,12.7,,2.4,320,100,19
102,백령도,2018-05-18 05:00,12,,1.3,290,100,16
102,백령도,2018-05-18 06:00,11.5,,3.2,290,100,24
102,백령도,2018-05-18 07:00,10,,4,320,100,19
102,백령도,2018-05-18 08:00,10.5,,2.2,320,100,25
102,백령도,2018-05-18 09:00,11,,2.3,290,100,26
102,백령도,2018-05-18 10:00,10.4,,3.7,320,100,26
102,백령도,2018-05-18 11:00,13,,3.5,340,100,1179
102,백령도,2018-05-18 12:00,11.4,,3.3,320,100,302
102,백령도,2018-05-18 13:00,14.8,,2.9,290,100,2063
102,백령도,2018-05-18 14:00,14.1,,3.9,320,100,1439
102,백령도,2018-05-18 15:00,15.3,,5,340,99,2162
102,백령도,2018-05-18 16:00,13.3,,4.4,320,99,740
102,백령도,2018-05-18 17:00,15,,3.2,320,94,3815
102,백령도,2018-05-18 18:00,13.4,,3.5,320,94,2851
102,백령도,2018-05-18 19:00,11.2,,4,320,100,218
102,백령도,2018-05-18 20:00,11.8,,3.8,320,100,217
102,백령도,2018-05-18 21:00,12.1,,2,290,100,1565
102,백령도,2018-05-18 22:00,12.7,,2.2,290,100,1230
102,백령도,2018-05-18 23:00,13.1,,1.6,290,98,1908
102,백령도,2018-05-19 00:00,13,,1.3,160,99,1019
102,백령도,2018-05-19 01:00,12.2,,2.5,140,99,1038
102,백령도,2018-05-19 02:00,11.2,,3.7,140,90,3911
102,백령도,2018-05-19 03:00,11.2,,2.8,140,92,5000
102,백령도,2018-05-19 04:00,10.3,,3.3,110,92,5000
102,백령도,2018-05-19 05:00,10.5,,3,90,92,4916
102,백령도,2018-05-19 06:00,11.2,,4,140,83,5000
102,백령도,2018-05-19 07:00,12.1,,3.6,110,77,4950
102,백령도,2018-05-19 08:00,13.3,,3,70,67,4988
102,백령도,2018-05-19 09:00,14,,3.5,70,65,4856
102,백령도,2018-05-19 10:00,15.3,,3.4,90,65,4999
102,백령도,2018-05-19 11:00,16.4,,4,90,58,4970
102,백령도,2018-05-19 12:00,17.9,,3.4,140,57,4970
102,백령도,2018-05-19 13:00,17.7,,2.8,160,51,4997
102,백령도,2018-05-19 14:00,18.4,,3.2,110,49,5000
102,백령도,2018-05-19 15:00,19.1,,3.9,110,53,5000
102,백령도,2018-05-19 16:00,18.3,,1.6,360,56,4983
102,백령도,2018-05-19 17:00,18.4,,1.7,250,59,5000
102,백령도,2018-05-19 18:00,16.7,,2.2,290,61,4895
102,백령도,2018-05-19 19:00,17.3,,.9,290,60,4999
102,백령도,2018-05-19 20:00,15.3,,.7,110,67,4980
102,백령도,2018-05-19 21:00,15.1,,1.5,70,68,5000
102,백령도,2018-05-19 22:00,14.7,,1.4,90,72,2626
102,백령도,2018-05-19 23:00,13.4,,.5,70,78,4876
102,백령도,2018-05-20 00:00,14,,2.1,110,77,4928
102,백령도,2018-05-20 01:00,13.6,,1.8,90,87,3135
102,백령도,2018-05-20 02:00,13.4,,1.4,110,87,4708
102,백령도,2018-05-20 03:00,14.2,,3.5,110,82,3175
102,백령도,2018-05-20 04:00,12.6,,1.9,140,90,3190
102,백령도,2018-05-20 05:00,14.6,,4.8,110,66,4953
102,백령도,2018-05-20 06:00,13.1,,4.3,110,70,5000
102,백령도,2018-05-20 07:00,13.1,,3.8,90,76,4979
102,백령도,2018-05-20 08:00,12.9,,4.1,110,77,4992
102,백령도,2018-05-20 09:00,13.9,,4.2,90,65,4998
102,백령도,2018-05-20 10:00,14.6,,4.4,110,61,4866
102,백령도,2018-05-20 11:00,15.5,,5.7,110,48,4461
102,백령도,2018-05-20 12:00,16.3,,3.9,110,51,5000
102,백령도,2018-05-20 13:00,17.3,,3.4,110,50,4851
102,백령도,2018-05-20 14:00,19.4,,4.6,110,37,4555
102,백령도,2018-05-20 15:00,19.2,,4.9,140,34,5000
102,백령도,2018-05-20 16:00,19.6,,5.1,110,34,5000
102,백령도,2018-05-20 17:00,19.7,,3.2,110,36,4997
102,백령도,2018-05-20 18:00,19.3,,1.7,110,39,5000
102,백령도,2018-05-20 19:00,18.3,,1.7,70,41,5000
102,백령도,2018-05-20 20:00,13.6,,2.2,290,62,4674
102,백령도,2018-05-20 21:00,14.9,,1.8,360,51,5000
102,백령도,2018-05-20 22:00,15.5,,1.8,70,46,4999
102,백령도,2018-05-20 23:00,15.2,,1.5,90,50,4952
102,백령도,2018-05-21 00:00,14.2,,2.2,110,58,4928
102,백령도,2018-05-21 01:00,13.8,,1.9,110,53,4981
102,백령도,2018-05-21 02:00,13.7,,3.1,110,62,4870
102,백령도,2018-05-21 03:00,13.5,,4.2,110,57,4998
102,백령도,2018-05-21 04:00,13.4,,4.2,110,54,5000
102,백령도,2018-05-21 05:00,12.8,,4.9,110,56,5000
102,백령도,2018-05-21 06:00,13.1,,4.6,110,52,5000
102,백령도,2018-05-21 07:00,14.2,,4,110,43,5000
102,백령도,2018-05-21 08:00,14.8,,4.9,140,39,4674
102,백령도,2018-05-21 09:00,15.5,,5.4,140,39,5000
102,백령도,2018-05-21 10:00,15.9,,4.3,140,43,5000
102,백령도,2018-05-21 11:00,15.8,,7.3,140,47,5000
102,백령도,2018-05-21 12:00,16.9,,3.9,160,42,5000
102,백령도,2018-05-21 13:00,15,,6.1,160,55,4950
102,백령도,2018-05-21 14:00,15.1,,3.9,160,61,4376
102,백령도,2018-05-21 15:00,15,,5.8,140,60,4494
102,백령도,2018-05-21 16:00,14.7,,5.4,160,62,4754
102,백령도,2018-05-21 17:00,15.2,,3.5,160,64,4715
102,백령도,2018-05-21 18:00,13.4,,3.4,140,75,3911
102,백령도,2018-05-21 19:00,12.8,,3.1,180,83,3186
102,백령도,2018-05-21 20:00,11.7,,2.1,160,92,2177
102,백령도,2018-05-21 21:00,11.3,,.1,0,94,1894
102,백령도,2018-05-21 22:00,11.7,,3.2,160,94,1648
102,백령도,2018-05-21 23:00,11.5,,1.5,180,95,1205
102,백령도,2018-05-22 00:00,10,,1.9,90,97,768
102,백령도,2018-05-22 01:00,10.3,,2,110,99,1096
102,백령도,2018-05-22 02:00,10.8,,2.2,110,97,1068
102,백령도,2018-05-22 03:00,10.5,,1.8,110,98,1042
102,백령도,2018-05-22 04:00,10.7,,2.4,90,98,1107
102,백령도,2018-05-22 05:00,10.7,,2.2,110,98,1288
102,백령도,2018-05-22 06:00,11,,1.4,110,96,1617
102,백령도,2018-05-22 07:00,11.9,,1.5,90,93,2141
102,백령도,2018-05-22 08:00,12.4,,2,90,89,790
102,백령도,2018-05-22 09:00,13.2,,1.6,90,84,1284
102,백령도,2018-05-22 10:00,13.5,0,3,110,84,1697
102,백령도,2018-05-22 11:00,13.1,.1,1.5,90,88,1226
102,백령도,2018-05-22 12:00,13.7,.6,1.1,110,88,1514
102,백령도,2018-05-22 13:00,13.9,.5,4.4,140,92,764
102,백령도,2018-05-22 14:00,13.5,1.5,4,160,95,325
102,백령도,2018-05-22 15:00,13.1,1.7,3.9,160,97,183
102,백령도,2018-05-22 16:00,12.9,2,4.9,140,99,143
102,백령도,2018-05-22 17:00,12.8,.2,4.4,160,99,174
102,백령도,2018-05-22 18:00,12.6,.2,3,140,99,188
102,백령도,2018-05-22 19:00,12.2,1.3,1.2,110,100,59
102,백령도,2018-05-22 20:00,11.6,4,1.1,340,100,17
102,백령도,2018-05-22 21:00,12,1.9,.3,0,100,88
102,백령도,2018-05-22 22:00,11.6,1.7,.7,320,100,66
102,백령도,2018-05-22 23:00,11.4,.5,2.8,340,100,550
102,백령도,2018-05-23 00:00,10.8,,3.7,340,100,566
102,백령도,2018-05-23 01:00,11.2,,4.1,340,100,1019
102,백령도,2018-05-23 02:00,10.6,,3,360,100,577
102,백령도,2018-05-23 03:00,9.6,,8.9,340,100,58
102,백령도,2018-05-23 04:00,9.8,,4.1,340,100,3947
102,백령도,2018-05-23 05:00,9.2,,4.7,320,100,39
102,백령도,2018-05-23 06:00,9,,3.5,320,100,16
102,백령도,2018-05-23 07:00,8.6,,4.6,320,100,17
102,백령도,2018-05-23 08:00,9.2,,4.3,290,100,279
102,백령도,2018-05-23 09:00,10.5,,3.7,290,100,691
102,백령도,2018-05-23 10:00,10.6,,4.1,320,100,543
102,백령도,2018-05-23 11:00,13.1,,3.5,320,81,2981
102,백령도,2018-05-23 12:00,14.1,,4.1,290,75,3273
102,백령도,2018-05-23 13:00,14,,5.6,320,77,3437
102,백령도,2018-05-23 14:00,17.2,,1,200,37,2451
102,백령도,2018-05-23 15:00,16.3,,4.2,320,62,2333
102,백령도,2018-05-23 16:00,15.3,,6.5,250,57,1923
102,백령도,2018-05-23 17:00,16.1,,5,270,43,2883
102,백령도,2018-05-23 18:00,15.5,,3,180,58,2572
102,백령도,2018-05-23 19:00,14.6,,4.1,200,56,2597
102,백령도,2018-05-23 20:00,12.6,,3.1,180,74,2578
102,백령도,2018-05-23 21:00,13,,5.6,200,84,2035
102,백령도,2018-05-23 22:00,13.2,,3.6,200,78,2095
102,백령도,2018-05-23 23:00,13.6,,7.4,200,82,2307
102,백령도,2018-05-24 00:00,14,,6.8,200,80,2280
102,백령도,2018-05-24 01:00,13.5,,7,200,86,1832
102,백령도,2018-05-24 02:00,14,,6.8,200,84,1838
102,백령도,2018-05-24 03:00,14.3,,4.5,200,83,1771
102,백령도,2018-05-24 04:00,13,,2,140,87,1403
102,백령도,2018-05-24 05:00,11.5,,2.6,110,96,1017
102,백령도,2018-05-24 06:00,11.9,,2.7,90,94,962
102,백령도,2018-05-24 07:00,12.7,,2.7,90,93,1122
102,백령도,2018-05-24 08:00,14.4,,2.4,110,86,1237
102,백령도,2018-05-24 09:00,15.1,,2.8,140,84,1316
102,백령도,2018-05-24 10:00,16.3,,3,140,81,1327
102,백령도,2018-05-24 11:00,17.2,,3.7,180,79,1302
102,백령도,2018-05-24 12:00,19.2,,2.8,230,70,1395
102,백령도,2018-05-24 13:00,19.2,,3.9,230,68,1364
102,백령도,2018-05-24 14:00,19.5,,4.2,200,66,1304
102,백령도,2018-05-24 15:00,19.1,,4.4,180,70,1287
102,백령도,2018-05-24 16:00,17.8,,5.1,180,72,1101
102,백령도,2018-05-24 17:00,17.2,,5.8,200,73,1159
102,백령도,2018-05-24 18:00,17.9,,5.4,230,69,1389
102,백령도,2018-05-24 19:00,16.9,,6.4,230,72,1370
102,백령도,2018-05-24 20:00,15.6,,6.3,200,80,901
102,백령도,2018-05-24 21:00,15.5,,5.5,200,81,641
102,백령도,2018-05-24 22:00,14.8,,5.4,200,85,493
102,백령도,2018-05-24 23:00,15.6,,5.4,230,75,731
102,백령도,2018-05-25 00:00,16.7,,6.7,230,58,1548
102,백령도,2018-05-25 01:00,16.3,,6.9,230,59,2050
102,백령도,2018-05-25 02:00,16.2,,7.7,230,60,2363
102,백령도,2018-05-25 03:00,14.2,,3.6,180,75,2132
102,백령도,2018-05-25 04:00,11,,3.3,90,92,1055
102,백령도,2018-05-25 05:00,10.8,,2.6,110,93,1241
102,백령도,2018-05-25 06:00,11.2,,2.2,90,94,1461
102,백령도,2018-05-25 07:00,12.9,,3.8,110,86,1979
102,백령도,2018-05-25 08:00,14.8,,3.6,140,78,2187
102,백령도,2018-05-25 09:00,15.8,,3.7,140,74,2196
102,백령도,2018-05-25 10:00,16.5,,5.2,140,72,2306
102,백령도,2018-05-25 11:00,17.7,,4.4,140,68,2428
102,백령도,2018-05-25 12:00,16.3,,6.8,160,70,2307
102,백령도,2018-05-25 13:00,15.5,,4.1,180,78,1943
102,백령도,2018-05-25 14:00,16,,3.6,110,78,1913
102,백령도,2018-05-25 15:00,16.2,,3.6,180,77,1776
102,백령도,2018-05-25 16:00,16.9,,2.1,180,80,2119
102,백령도,2018-05-25 17:00,16.4,,4.7,180,78,2306
102,백령도,2018-05-25 18:00,15.5,,1.7,90,82,1878
102,백령도,2018-05-25 19:00,15.2,,1.1,200,80,1892
102,백령도,2018-05-25 20:00,13.5,,1.7,110,90,1317
102,백령도,2018-05-25 21:00,12.5,,1.4,140,95,781
102,백령도,2018-05-25 22:00,11.7,,2,110,97,775
102,백령도,2018-05-25 23:00,12.2,,2.2,110,96,1030
102,백령도,2018-05-26 00:00,12.4,,.5,110,92,1735
102,백령도,2018-05-26 01:00,12.1,,1.7,110,94,1196
102,백령도,2018-05-26 02:00,11.8,,1.1,160,95,1228
102,백령도,2018-05-26 03:00,12.4,,1.3,110,93,1362
102,백령도,2018-05-26 04:00,12.2,,2.1,110,88,1799
102,백령도,2018-05-26 05:00,12.1,,1.8,110,91,1444
102,백령도,2018-05-26 06:00,13.1,,1.6,200,94,1384
102,백령도,2018-05-26 07:00,16,,1,200,66,2846
102,백령도,2018-05-26 08:00,18.3,,.4,0,54,3462
102,백령도,2018-05-26 09:00,19.7,,1.4,320,40,2958
102,백령도,2018-05-26 10:00,20.3,,2.4,340,31,2868
102,백령도,2018-05-26 11:00,19.9,,4.2,320,24,2737
102,백령도,2018-05-26 12:00,20.9,,4.2,320,20,3005
102,백령도,2018-05-26 13:00,21.4,,4.3,320,22,2717
102,백령도,2018-05-26 14:00,20,,5.4,320,21,2835
102,백령도,2018-05-26 15:00,19.6,,6.1,290,27,2921
102,백령도,2018-05-26 16:00,19.4,,5,320,23,2488
102,백령도,2018-05-26 17:00,19,,3.9,320,29,2866
102,백령도,2018-05-26 18:00,18.3,,2.8,290,36,2847
102,백령도,2018-05-26 19:00,18.3,,2.1,290,41,2909
102,백령도,2018-05-26 20:00,16.6,,2.2,320,44,2669
102,백령도,2018-05-26 21:00,16.1,,1,270,50,2474
102,백령도,2018-05-26 22:00,16.8,,3.9,270,50,2564
102,백령도,2018-05-26 23:00,17.3,,2.5,270,44,3387
102,백령도,2018-05-27 00:00,15.9,,1.2,160,52,3025
102,백령도,2018-05-27 01:00,15,,1.3,290,59,3377
102,백령도,2018-05-27 02:00,15.1,,1.2,180,59,3946
102,백령도,2018-05-27 03:00,15.3,,2.5,250,71,3818
102,백령도,2018-05-27 04:00,14.7,,2.1,180,78,2866
102,백령도,2018-05-27 05:00,13.5,,1.6,140,85,2254
102,백령도,2018-05-27 06:00,12.6,,2.1,160,89,1757
102,백령도,2018-05-27 07:00,13.4,,1.7,110,91,1345
102,백령도,2018-05-27 08:00,14.7,,1.9,160,89,1422
102,백령도,2018-05-27 09:00,15.2,,4.5,180,83,2492
102,백령도,2018-05-27 10:00,17.2,,3.2,200,66,3339
102,백령도,2018-05-27 11:00,18.8,,3.7,180,57,2729
102,백령도,2018-05-27 12:00,19.6,,4.6,180,51,2829
102,백령도,2018-05-27 13:00,19.3,,1.9,200,50,2879
102,백령도,2018-05-27 14:00,19.2,,2.2,200,53,3183
102,백령도,2018-05-27 15:00,17.7,,3.1,180,61,2521
102,백령도,2018-05-27 16:00,18.1,,.9,180,65,2346
102,백령도,2018-05-27 17:00,20.4,,3.4,180,52.9,2000
102,백령도,2018-05-27 18:00,16.6,,3.9,180,78.2,2000
102,백령도,2018-05-27 19:00,14.6,,4,180,88,1437
102,백령도,2018-05-27 20:00,14.5,,3.2,180,89,1324
102,백령도,2018-05-27 21:00,13.9,,3.3,180,95,953
102,백령도,2018-05-27 22:00,13.5,,2.8,180,97,536
102,백령도,2018-05-27 23:00,13.2,,2.2,180,99,403
102,백령도,2018-05-28 00:00,13.4,,2.8,200,100,412
102,백령도,2018-05-28 01:00,14.4,,3.6,200,97,933
102,백령도,2018-05-28 02:00,13.8,,2.7,180,99,307
102,백령도,2018-05-28 03:00,12.7,,.9,160,100,196
102,백령도,2018-05-28 04:00,12.9,,1.6,180,100,80
102,백령도,2018-05-28 05:00,13.3,,1.7,110,100,90
102,백령도,2018-05-28 06:00,13.3,,2.1,140,100,21
102,백령도,2018-05-28 07:00,13.9,,1.9,180,100,21
102,백령도,2018-05-28 08:00,13.9,,3.1,140,100,81
102,백령도,2018-05-28 09:00,15,,4.7,140,100,950
102,백령도,2018-05-28 10:00,16.3,,5.5,160,90,1937
102,백령도,2018-05-28 11:00,17.4,,5,160,86,2215
102,백령도,2018-05-28 12:00,17.7,,6.2,180,83,2604
102,백령도,2018-05-28 13:00,18.6,,4.8,160,80,2441
102,백령도,2018-05-28 14:00,18.3,,5.3,180,79,2510
102,백령도,2018-05-28 15:00,18.1,,4.2,180,79,2744
102,백령도,2018-05-28 16:00,17.9,,4.3,180,82,2515
102,백령도,2018-05-28 17:00,17.2,,4.5,180,85,2848
102,백령도,2018-05-28 18:00,15.9,,4.3,180,90,2338
102,백령도,2018-05-28 19:00,14.7,,4.1,180,95,1797
102,백령도,2018-05-28 20:00,14.4,,3.1,180,99,968
102,백령도,2018-05-28 21:00,14.4,,2.5,180,100,707
102,백령도,2018-05-28 22:00,15.8,,3.8,180,97,1372
102,백령도,2018-05-28 23:00,15.8,,3.8,200,97,904
102,백령도,2018-05-29 00:00,15.5,,2.6,200,98,804
102,백령도,2018-05-29 01:00,13.7,,1.6,90,100,58
102,백령도,2018-05-29 02:00,13.8,,1.6,140,100,69
102,백령도,2018-05-29 03:00,13.3,,2.2,90,100,41
102,백령도,2018-05-29 04:00,14.3,,2.2,140,100,90
102,백령도,2018-05-29 05:00,13.8,,1.3,180,100,62
102,백령도,2018-05-29 06:00,13.8,0,1.4,160,100,31
102,백령도,2018-05-29 07:00,13.2,0,2.2,180,100,24
102,백령도,2018-05-29 08:00,14,0,4.2,140,100,66
102,백령도,2018-05-29 09:00,14.1,0,3.8,140,100,80
102,백령도,2018-05-29 10:00,14.6,0,3.6,160,100,97
102,백령도,2018-05-29 11:00,15.7,0,2.3,140,100,395
102,백령도,2018-05-29 12:00,16.1,0,2.7,160,96,634
102,백령도,2018-05-29 13:00,15.7,,2,90,96,431
102,백령도,2018-05-29 14:00,15.8,,2.6,140,96,766
102,백령도,2018-05-29 15:00,15.5,,1.3,180,97,533
102,백령도,2018-05-29 16:00,15.7,,2.8,180,98,613
102,백령도,2018-05-29 17:00,15.5,,1,200,98,681
102,백령도,2018-05-29 18:00,15.2,,1.5,110,100,355
102,백령도,2018-05-29 19:00,15,0,4.2,140,100,237
102,백령도,2018-05-29 20:00,13.7,0,2.8,200,100,19
102,백령도,2018-05-29 21:00,14.5,0,1.2,180,100,138
102,백령도,2018-05-29 22:00,15.1,,1,320,100,162
102,백령도,2018-05-29 23:00,14.7,,.2,0,100,184
102,백령도,2018-05-30 00:00,14.6,,.8,180,100,17
102,백령도,2018-05-30 01:00,14.6,,.6,250,100,21
102,백령도,2018-05-30 02:00,14.3,,.6,200,100,22
102,백령도,2018-05-30 03:00,14.5,0,.8,230,100,46
102,백령도,2018-05-30 04:00,13.7,0,1.1,270,100,79
102,백령도,2018-05-30 05:00,14,0,.6,320,100,263
102,백령도,2018-05-30 06:00,14.3,,.7,140,100,735
102,백령도,2018-05-30 07:00,14.2,,2.2,160,97,1903
102,백령도,2018-05-30 08:00,14.4,,1.2,180,93,2389
102,백령도,2018-05-30 09:00,15.4,,1.2,340,90,1850
102,백령도,2018-05-30 10:00,15.4,,3.1,360,88,2376
102,백령도,2018-05-30 11:00,16.4,,3.3,340,82,2531
102,백령도,2018-05-30 12:00,17.1,,4.1,290,80,2110
102,백령도,2018-05-30 13:00,16.5,,4.8,320,83,2026
102,백령도,2018-05-30 14:00,16.5,,5.5,320,80,1821
102,백령도,2018-05-30 15:00,16.2,,6.4,290,81,1448
102,백령도,2018-05-30 16:00,16.2,,5.1,290,85,1283
102,백령도,2018-05-30 17:00,15.5,,4,290,85,1029
102,백령도,2018-05-30 18:00,14,,4.3,320,92,862
102,백령도,2018-05-30 19:00,13.8,,2.9,320,94,733
102,백령도,2018-05-30 20:00,11.3,,1.2,320,98,192
102,백령도,2018-05-30 21:00,11.3,,1.8,290,100,355
102,백령도,2018-05-30 22:00,13,,3.1,290,94,950
102,백령도,2018-05-30 23:00,12.2,,3.1,320,98,577
102,백령도,2018-05-31 00:00,11.9,,2.4,290,99,464
102,백령도,2018-05-31 01:00,12.1,,2.4,290,98,463
102,백령도,2018-05-31 02:00,12.1,,1.6,320,99,456
102,백령도,2018-05-31 03:00,11.8,,2.2,320,100,282
102,백령도,2018-05-31 04:00,11.7,,1.9,290,100,414
102,백령도,2018-05-31 05:00,11.4,,3.2,290,100,308
102,백령도,2018-05-31 06:00,12,,3.8,320,99,439
102,백령도,2018-05-31 07:00,13,,3.9,320,95,731
102,백령도,2018-05-31 08:00,13.6,,4.5,320,91,893
102,백령도,2018-05-31 09:00,14.5,,4.5,320,87,935
102,백령도,2018-05-31 10:00,15.7,,4.2,320,81,1028
102,백령도,2018-05-31 11:00,15.7,,4.8,320,79,889
102,백령도,2018-05-31 12:00,16.8,,4.7,320,78,972
102,백령도,2018-05-31 13:00,18.2,,3.8,290,70,1465
102,백령도,2018-05-31 14:00,16.3,,6.6,320,74,1065
102,백령도,2018-05-31 15:00,17.9,,5.7,360,69,1269
102,백령도,2018-05-31 16:00,17.5,,5.3,320,69,1379
102,백령도,2018-05-31 17:00,18.4,,4.1,320,62,1808
102,백령도,2018-05-31 18:00,19.3,,4.6,320,58,2585
102,백령도,2018-05-31 19:00,17,,5.3,320,65,1783
102,백령도,2018-05-31 20:00,15.2,,4.8,320,76,1086
102,백령도,2018-05-31 21:00,15.2,,4.5,320,83,757
102,백령도,2018-05-31 22:00,14.6,,4.5,320,90,521
102,백령도,2018-05-31 23:00,14.7,,3.8,320,90,724
102,백령도,2018-06-01 00:00,14.6,,3.9,320,91,783
102,백령도,2018-06-01 01:00,14.7,,4,320,90,849
102,백령도,2018-06-01 02:00,14.6,,3.6,320,90,802
102,백령도,2018-06-01 03:00,15.2,,4,320,81,1287
102,백령도,2018-06-01 04:00,16,,1.9,320,75,2015
102,백령도,2018-06-01 05:00,15.7,,2.3,320,73,2141
102,백령도,2018-06-01 06:00,16.4,,2.6,320,69,2595
102,백령도,2018-06-01 07:00,17.8,,1.6,290,66,2805
102,백령도,2018-06-01 08:00,20,,1.9,290,59,3028
102,백령도,2018-06-01 09:00,21.9,,2.4,320,49,3166
102,백령도,2018-06-01 10:00,22.7,,2.9,290,49,3473
102,백령도,2018-06-01 11:00,22.7,,3.8,290,45,3576
102,백령도,2018-06-01 12:00,24.4,,3.7,320,38,4896
102,백령도,2018-06-01 13:00,23.5,,4.2,290,37,4454
102,백령도,2018-06-01 14:00,23.8,,4.5,290,34,4945
102,백령도,2018-06-01 15:00,23.2,,6,320,35,4996
102,백령도,2018-06-01 16:00,22.8,,4.7,290,39,4499
102,백령도,2018-06-01 17:00,21.5,,5.9,290,46,3259
102,백령도,2018-06-01 18:00,21.4,,4.2,290,42,4942
102,백령도,2018-06-01 19:00,20.5,,2.1,290,47,4513
102,백령도,2018-06-01 20:00,18.5,,1.1,270,57,3169
102,백령도,2018-06-01 21:00,18.2,,.1,0,55,3961
102,백령도,2018-06-01 22:00,18.5,,.5,250,48,4989
102,백령도,2018-06-01 23:00,18.6,,2.3,270,52,4955
102,백령도,2018-06-02 00:00,18.4,,2.2,250,62,3532
102,백령도,2018-06-02 01:00,17.9,,.6,230,64,3374
102,백령도,2018-06-02 02:00,17.1,,1.3,230,68,2574
102,백령도,2018-06-02 03:00,15.7,,.7,180,73,2400
102,백령도,2018-06-02 04:00,14.6,,.7,160,81,1396
102,백령도,2018-06-02 05:00,14.5,,1,160,81,1269
102,백령도,2018-06-02 06:00,13.3,,1.7,180,92,829
102,백령도,2018-06-02 07:00,15.1,,1.6,110,84,475
102,백령도,2018-06-02 08:00,17.7,,.9,110,77,1155
102,백령도,2018-06-02 09:00,19.1,,1.9,160,70,1758
102,백령도,2018-06-02 10:00,20.7,,2.2,70,68,2246
102,백령도,2018-06-02 11:00,22.3,,1.8,90,60,2857
102,백령도,2018-06-02 12:00,22.9,,1.8,70,55,3378
102,백령도,2018-06-02 13:00,24.6,,1.8,70,47,3964
102,백령도,2018-06-02 14:00,23,,3.1,250,45,4861
102,백령도,2018-06-02 15:00,22.8,,2.1,70,54,3322
102,백령도,2018-06-02 16:00,24.4,,1.3,20,48,4641
102,백령도,2018-06-02 17:00,23.2,,2.9,200,48,3723
102,백령도,2018-06-02 18:00,21.2,,3,200,58,3643
102,백령도,2018-06-02 19:00,19.8,,1.9,200,68,2999
102,백령도,2018-06-02 20:00,18.5,,1.3,200,74,2377
102,백령도,2018-06-02 21:00,16.3,,1.3,160,81,1551
102,백령도,2018-06-02 22:00,15,,1.3,110,90,1594
102,백령도,2018-06-02 23:00,14.4,,1.5,90,94,1498
102,백령도,2018-06-03 00:00,14.5,,1.4,90,94,1531
102,백령도,2018-06-03 01:00,13.2,,1.4,110,99,297
102,백령도,2018-06-03 02:00,14,,1.9,110,100,19
102,백령도,2018-06-03 03:00,13.8,,2,110,100,186
102,백령도,2018-06-03 04:00,14.3,,2.1,110,100,313
102,백령도,2018-06-03 05:00,14,,2.2,110,99,238
102,백령도,2018-06-03 06:00,14.3,,1.3,140,99,306
102,백령도,2018-06-03 07:00,15.7,,2,110,97,566
102,백령도,2018-06-03 08:00,17.8,,1.9,140,87,1236
102,백령도,2018-06-03 09:00,19.7,,2.5,140,76,2356
102,백령도,2018-06-03 10:00,19.8,,2.3,180,70,2093
102,백령도,2018-06-03 11:00,20.8,,2.2,180,65,2546
102,백령도,2018-06-03 12:00,21.8,,2.7,180,58,2756
102,백령도,2018-06-03 13:00,21.1,,3.9,180,64,2909
102,백령도,2018-06-03 14:00,21.8,,3.8,180,55,3297
102,백령도,2018-06-03 15:00,23.6,,2.7,180,43,4214
102,백령도,2018-06-03 16:00,22.5,,3.1,200,43,4554
102,백령도,2018-06-03 17:00,22.2,,2.5,180,42,4520
102,백령도,2018-06-03 18:00,22.2,,1.5,200,45,4655
102,백령도,2018-06-03 19:00,21,,1.1,160,51,3350
102,백령도,2018-06-03 20:00,18.6,,1.4,290,65,3982
102,백령도,2018-06-03 21:00,17.4,,.6,160,69,2445
102,백령도,2018-06-03 22:00,17.7,,.6,290,57,4398
102,백령도,2018-06-03 23:00,17.7,,.4,0,63,2488
102,백령도,2018-06-04 00:00,17.1,,.5,180,66,2671
102,백령도,2018-06-04 01:00,17.1,,.8,180,63,3818
102,백령도,2018-06-04 02:00,15.4,,2.3,110,77,2553
102,백령도,2018-06-04 03:00,14.3,,2,160,83,2190
102,백령도,2018-06-04 04:00,14.5,,2.2,180,81,1683
102,백령도,2018-06-04 05:00,15.1,,2.3,180,73,2657
102,백령도,2018-06-04 06:00,15.5,,.7,180,78,2805
102,백령도,2018-06-04 07:00,15.5,,1.1,140,82,2226
102,백령도,2018-06-04 08:00,17.4,,1,110,81,2054
102,백령도,2018-06-04 09:00,16.3,,3.1,180,93,658
102,백령도,2018-06-04 10:00,16.9,,3,180,92,1587
102,백령도,2018-06-04 11:00,20.2,,2,140,80,2709
102,백령도,2018-06-04 12:00,18.4,,3.3,180,87,2176
102,백령도,2018-06-04 13:00,18.4,,3.3,180,88,1838
102,백령도,2018-06-04 14:00,19.1,,4.3,180,87,1812
102,백령도,2018-06-04 15:00,19.3,,5.6,180,82,2029
102,백령도,2018-06-04 16:00,18.3,,7.9,180,83,1676
102,백령도,2018-06-04 17:00,19,,.6,200,80,1916
102,백령도,2018-06-04 18:00,19.2,,3,200,84,1970
102,백령도,2018-06-04 19:00,19.2,,2.5,180,88,1481
102,백령도,2018-06-04 20:00,17.8,,2.3,180,93,862
102,백령도,2018-06-04 21:00,16.1,,2.2,180,96,465
102,백령도,2018-06-04 22:00,15.3,,2.5,160,98,288
102,백령도,2018-06-04 23:00,15.3,,2.8,180,100,194
102,백령도,2018-06-05 00:00,14.9,,2.5,180,100,88
102,백령도,2018-06-05 01:00,15.5,,2.8,180,100,90
102,백령도,2018-06-05 02:00,15.1,,1.8,180,100,60
102,백령도,2018-06-05 03:00,15.5,,1.9,160,100,95
102,백령도,2018-06-05 04:00,14.4,,2.5,180,100,19
102,백령도,2018-06-05 05:00,15.4,,2.7,180,100,19
102,백령도,2018-06-05 06:00,15.3,,3.2,160,100,53
102,백령도,2018-06-05 07:00,14.5,,4.3,140,100,72
102,백령도,2018-06-05 08:00,14.8,,3.9,140,100,177
102,백령도,2018-06-05 09:00,16.3,,3.4,140,100,869
102,백령도,2018-06-05 10:00,16.5,,3.8,140,95,749
102,백령도,2018-06-05 11:00,19,,4.2,140,79,2017
102,백령도,2018-06-05 12:00,19.4,,6.8,160,75,2311
102,백령도,2018-06-05 13:00,20,,6.9,160,70,2459
102,백령도,2018-06-05 14:00,20.6,,6.6,160,65,2705
102,백령도,2018-06-05 15:00,20.9,,6,160,64,2662
102,백령도,2018-06-05 16:00,20.8,,4.5,160,68,2499
102,백령도,2018-06-05 17:00,19.6,,4.5,180,76,1857
102,백령도,2018-06-05 18:00,19,,3.4,180,82,1177
102,백령도,2018-06-05 19:00,17.8,,2.3,180,87,863
102,백령도,2018-06-05 20:00,16.4,,2.8,180,94,390
102,백령도,2018-06-05 21:00,16.9,,3.1,200,96,471
102,백령도,2018-06-05 22:00,17.2,,3.4,200,93,777
102,백령도,2018-06-05 23:00,17.9,,2.9,200,96,516
102,백령도,2018-06-06 00:00,17.8,,2.5,200,98,313
102,백령도,2018-06-06 01:00,17.7,,5.5,200,97,462
102,백령도,2018-06-06 02:00,17.7,,5,200,96,683
102,백령도,2018-06-06 03:00,17.5,,2.6,200,96,672
102,백령도,2018-06-06 04:00,17,,3.6,180,96,575
102,백령도,2018-06-06 05:00,16.8,,2.6,160,97,595
102,백령도,2018-06-06 06:00,16.8,,2,160,97,541
102,백령도,2018-06-06 07:00,16.2,,2.7,140,98,486
102,백령도,2018-06-06 08:00,17.1,,4.9,160,96,659
102,백령도,2018-06-06 09:00,17.4,,6.6,160,94,862
102,백령도,2018-06-06 10:00,18.1,,4.8,160,90,1145
102,백령도,2018-06-06 11:00,18.3,,3.4,140,87,1390
102,백령도,2018-06-06 12:00,18.8,,5.6,160,86,1705
102,백령도,2018-06-06 13:00,19.6,,5.5,160,86,1661
102,백령도,2018-06-06 14:00,19.4,,3.1,140,84,1456
102,백령도,2018-06-06 15:00,19.2,,6.2,160,86,1539
102,백령도,2018-06-06 16:00,18.6,,5.8,160,87,1392
102,백령도,2018-06-06 17:00,18.3,,3.5,140,87,1396
102,백령도,2018-06-06 18:00,17.5,,3.6,140,92,1179
102,백령도,2018-06-06 19:00,17.5,,3,140,93,1202
102,백령도,2018-06-06 20:00,16.9,,1.9,180,95,971
102,백령도,2018-06-06 21:00,17.1,,2.4,160,95,1159
102,백령도,2018-06-06 22:00,16.2,,1.6,180,97,756
102,백령도,2018-06-06 23:00,16.5,,1.6,180,96,774
102,백령도,2018-06-07 00:00,16.9,,2.2,160,95,863
102,백령도,2018-06-07 01:00,16.3,,1,200,96,718
102,백령도,2018-06-07 02:00,16.5,,.2,0,96,897
102,백령도,2018-06-07 03:00,16.6,,1.3,140,97,881
102,백령도,2018-06-07 04:00,16.2,,.7,230,96,793
102,백령도,2018-06-07 05:00,16.4,,.5,140,97,755
102,백령도,2018-06-07 06:00,16.5,,2.3,160,96,804
102,백령도,2018-06-07 07:00,16.5,,3.3,140,95,1102
102,백령도,2018-06-07 08:00,15.9,,1.3,90,94,1106
102,백령도,2018-06-07 09:00,17.6,,3.6,140,89,1736
102,백령도,2018-06-07 10:00,17.3,,2.9,110,89,1701
102,백령도,2018-06-07 11:00,18.1,,3.7,140,83,1848
102,백령도,2018-06-07 12:00,19.4,,3.5,160,79,2217
102,백령도,2018-06-07 13:00,18.2,,4.6,140,85,1816
102,백령도,2018-06-07 14:00,18.4,,3,110,87,1637
102,백령도,2018-06-07 15:00,18.4,,4.8,160,86,1920
102,백령도,2018-06-07 16:00,17.9,,4.6,160,89,1509
102,백령도,2018-06-07 17:00,18.2,,2.9,160,89,1514
102,백령도,2018-06-07 18:00,17.7,,2,140,92,1221
102,백령도,2018-06-07 19:00,17,,.9,90,93,966
102,백령도,2018-06-07 20:00,17.1,,1,160,95,824
102,백령도,2018-06-07 21:00,16.5,,.3,0,98,554
102,백령도,2018-06-07 22:00,16.6,,1.3,270,97,695
102,백령도,2018-06-07 23:00,17.7,,.5,270,93,967
102,백령도,2018-06-08 00:00,17,,.8,50,96,776
102,백령도,2018-06-08 01:00,17.7,,.8,230,94,543
102,백령도,2018-06-08 02:00,16.4,,1.2,140,96,568
102,백령도,2018-06-08 03:00,16.1,0,1.3,180,99,227
102,백령도,2018-06-08 04:00,16.3,0,1.4,140,100,152
102,백령도,2018-06-08 05:00,16.3,0,1,160,100,70
102,백령도,2018-06-08 06:00,15.9,0,1.9,180,100,25
102,백령도,2018-06-08 07:00,15.1,0,1.7,90,100,23
102,백령도,2018-06-08 08:00,16.2,,2.2,140,100,90
102,백령도,2018-06-08 09:00,17.3,,1.6,90,100,503
102,백령도,2018-06-08 10:00,18.5,,1.7,110,93,938
102,백령도,2018-06-08 11:00,20.9,,1.9,110,86,1316
102,백령도,2018-06-08 12:00,20,,2,340,83,1107
102,백령도,2018-06-08 13:00,19.6,,4.4,320,86,1146
102,백령도,2018-06-08 14:00,18.1,,4.4,320,89,1303
102,백령도,2018-06-08 15:00,19.4,,4.9,320,85,990
102,백령도,2018-06-08 16:00,16.8,,5.2,320,92,457
102,백령도,2018-06-08 17:00,15.8,,5.4,320,97,67
102,백령도,2018-06-08 18:00,14.1,,5.4,320,98,65
102,백령도,2018-06-08 19:00,13.9,,3.7,320,99,60
102,백령도,2018-06-08 20:00,12.8,,5,320,100,32
102,백령도,2018-06-08 21:00,12.4,,2.5,320,100,34
102,백령도,2018-06-08 22:00,12.6,,3.3,340,100,32
102,백령도,2018-06-08 23:00,13,,2.1,290,100,246
102,백령도,2018-06-09 00:00,13.2,,2,290,100,483
102,백령도,2018-06-09 01:00,13.9,,2,290,100,478
102,백령도,2018-06-09 02:00,13.4,,2.9,320,99,413
102,백령도,2018-06-09 03:00,12.3,,2.5,290,100,697
102,백령도,2018-06-09 04:00,12.1,,1.7,290,100,30
102,백령도,2018-06-09 05:00,12.3,,2.2,290,100,532
102,백령도,2018-06-09 06:00,13.2,,.5,270,100,787
102,백령도,2018-06-09 07:00,16.6,,.5,110,96,1037
102,백령도,2018-06-09 08:00,18.2,,1.9,90,85,1186
102,백령도,2018-06-09 09:00,19.5,,2.8,110,76,1483
102,백령도,2018-06-09 10:00,21.3,,2.4,140,70,1629
102,백령도,2018-06-09 11:00,21,,2,250,69,1472
102,백령도,2018-06-09 12:00,17.8,,3.5,320,85,1461
102,백령도,2018-06-09 13:00,20.2,,2,290,77,2024
102,백령도,2018-06-09 14:00,21,,2.6,230,71,930
102,백령도,2018-06-09 15:00,18,,3.5,290,81,1615
102,백령도,2018-06-09 16:00,17.9,,2.6,290,83,1252
102,백령도,2018-06-09 17:00,16.8,,2.8,320,89,1115
102,백령도,2018-06-09 18:00,17.9,,2.1,290,88,941
102,백령도,2018-06-09 19:00,18.6,,1.7,230,89,565
102,백령도,2018-06-09 20:00,17.1,0,1.5,320,92,652
102,백령도,2018-06-09 21:00,15.8,0,2.8,320,94,723
102,백령도,2018-06-09 22:00,17.3,0,2,70,93,396
102,백령도,2018-06-09 23:00,15.9,.8,.9,180,99,181
102,백령도,2018-06-10 00:00,15.9,0,1.4,90,99,124
102,백령도,2018-06-10 01:00,16.5,0,2.8,110,100,138
102,백령도,2018-06-10 02:00,15.9,.8,3.4,90,100,25
102,백령도,2018-06-10 03:00,16,.6,4.5,90,100,25
102,백령도,2018-06-10 04:00,15.6,.2,2.5,90,100,58
102,백령도,2018-06-10 05:00,15.6,.4,4.6,110,100,90
102,백령도,2018-06-10 06:00,15.1,.2,3.9,90,100,1189
102,백령도,2018-06-10 07:00,15.5,,4.1,110,100,2324
102,백령도,2018-06-10 08:00,15.9,,4.8,90,99,2512
102,백령도,2018-06-10 09:00,16.3,,4.5,110,94,3031
102,백령도,2018-06-10 10:00,17.2,,4.1,110,88,4694
102,백령도,2018-06-10 11:00,18.7,,5.5,110,83,4729
102,백령도,2018-06-10 12:00,18.8,,5.3,110,82,4302
102,백령도,2018-06-10 13:00,19.3,,5.4,110,77,3973
102,백령도,2018-06-10 14:00,20.3,,3.8,140,74,3525
102,백령도,2018-06-10 15:00,20.6,,4.7,140,69,3470
102,백령도,2018-06-10 16:00,20.4,,3,110,71,2911
102,백령도,2018-06-10 17:00,20.1,,2.6,90,69,2792
102,백령도,2018-06-10 18:00,19.7,,1.5,70,75,3033
102,백령도,2018-06-10 19:00,18.1,,2,320,81,2912
102,백령도,2018-06-10 20:00,17.8,,1,320,84,2682
102,백령도,2018-06-10 21:00,17.4,,1.4,320,86,2320
102,백령도,2018-06-10 22:00,17.5,.2,.7,250,91,598
102,백령도,2018-06-10 23:00,17.2,1,1.3,20,94,2453
102,백령도,2018-06-11 00:00,17.3,0,.6,110,94,2362
102,백령도,2018-06-11 01:00,16.7,.3,.4,0,98,1388
102,백령도,2018-06-11 02:00,16.6,.1,1.5,90,95,3520
102,백령도,2018-06-11 03:00,16.1,,1.7,70,96,2777
102,백령도,2018-06-11 04:00,16,,1.7,50,96,4076
102,백령도,2018-06-11 05:00,16.4,,1.2,70,93,4816
102,백령도,2018-06-11 06:00,16.5,,.2,0,94,4641
102,백령도,2018-06-11 07:00,16.3,,1.3,110,95,3835
102,백령도,2018-06-11 08:00,15.7,0,2.7,90,97,2904
102,백령도,2018-06-11 09:00,15.9,0,3.1,90,97,3244
102,백령도,2018-06-11 10:00,16.3,0,3.4,110,94,4951
102,백령도,2018-06-11 11:00,16.6,,2.4,110,94,4700
102,백령도,2018-06-11 12:00,17.6,,1.9,90,91,4393
102,백령도,2018-06-11 13:00,18.6,,1.9,90,85,4959
102,백령도,2018-06-11 14:00,19.9,,1.8,110,74,4987
102,백령도,2018-06-11 15:00,20.1,,2.9,340,69,3843
102,백령도,2018-06-11 16:00,18.4,,3.4,320,77,4534
102,백령도,2018-06-11 17:00,17.6,,3.6,290,82,4552
102,백령도,2018-06-11 18:00,18,,3.7,320,87,4064
102,백령도,2018-06-11 19:00,17,,2.5,320,91,3851
102,백령도,2018-06-11 20:00,16.1,,1.5,320,94,3312
102,백령도,2018-06-11 21:00,15.5,,1.6,290,97,1657
102,백령도,2018-06-11 22:00,15.2,,1.2,270,98,572
102,백령도,2018-06-11 23:00,15.3,,1.9,320,99,1052
102,백령도,2018-06-12 00:00,15.1,,1.8,290,99,1005
102,백령도,2018-06-12 01:00,14.9,,2.1,290,100,787
102,백령도,2018-06-12 02:00,14.8,,1.9,320,100,477
102,백령도,2018-06-12 03:00,14.6,,1.7,320,100,22
102,백령도,2018-06-12 04:00,14.3,,.7,90,100,13
102,백령도,2018-06-12 05:00,13.8,,.5,200,100,19
102,백령도,2018-06-12 06:00,13.1,,1.3,320,100,12
102,백령도,2018-06-12 07:00,14.6,,2.1,320,100,600
102,백령도,2018-06-12 08:00,18,,.3,0,100,3701
102,백령도,2018-06-12 09:00,18.6,,2.5,70,82,3967
102,백령도,2018-06-12 10:00,19,,2.6,140,82,4747
102,백령도,2018-06-12 11:00,20,,2.5,180,69,4891
102,백령도,2018-06-12 12:00,19.8,,3,200,72,4630
102,백령도,2018-06-12 13:00,20.6,,1.9,50,70,4823
102,백령도,2018-06-12 14:00,20.8,,2.2,360,69,4931
102,백령도,2018-06-12 15:00,21.3,,1.2,360,69,4896
102,백령도,2018-06-12 16:00,21.7,,2.1,250,65,4950
102,백령도,2018-06-12 17:00,21.2,,1.6,290,69,4799
102,백령도,2018-06-12 18:00,18.9,,1.7,70,80,4663
102,백령도,2018-06-12 19:00,18.3,,1.9,90,86,3942
102,백령도,2018-06-12 20:00,17.3,,1.5,180,91,2011
102,백령도,2018-06-12 21:00,16.9,,.9,180,93,1665
102,백령도,2018-06-12 22:00,16.3,,1.7,180,97,886
102,백령도,2018-06-12 23:00,15.7,,1.2,290,95,1321
102,백령도,2018-06-13 00:00,16.7,,.9,160,95,1048
102,백령도,2018-06-13 01:00,14.8,,2.1,160,98,479
102,백령도,2018-06-13 02:00,14.8,,2.2,180,100,119
102,백령도,2018-06-13 03:00,14.9,,2.4,200,100,22
102,백령도,2018-06-13 04:00,14.9,,2.1,180,100,43
102,백령도,2018-06-13 05:00,15.6,,3.9,140,100,60
102,백령도,2018-06-13 06:00,15.8,,4.3,140,100,98
102,백령도,2018-06-13 07:00,15.9,,4.9,140,100,60
102,백령도,2018-06-13 08:00,16.3,,4.5,140,100,378
102,백령도,2018-06-13 09:00,15.9,0,1.7,110,100,322
102,백령도,2018-06-13 10:00,16.4,2.6,2.4,180,100,116
102,백령도,2018-06-13 11:00,16.4,3,8.8,140,100,222
102,백령도,2018-06-13 12:00,16.5,0,7.4,140,100,560
102,백령도,2018-06-13 13:00,16.7,,3.9,160,99,608
102,백령도,2018-06-13 14:00,16.6,,6.8,140,98,684
102,백령도,2018-06-13 15:00,16.9,,4.2,110,95,1028
102,백령도,2018-06-13 16:00,17.4,,3.5,110,93,1510
102,백령도,2018-06-13 17:00,18.3,,3.5,110,92,1562
102,백령도,2018-06-13 18:00,18.2,,2.9,110,93,1226
102,백령도,2018-06-13 19:00,18.1,,4,160,93,1288
102,백령도,2018-06-13 20:00,17,,4.2,110,97,617
102,백령도,2018-06-13 21:00,17.4,,3,140,96,777
102,백령도,2018-06-13 22:00,16.6,,2.9,110,98,571
102,백령도,2018-06-13 23:00,17,,4.2,140,97,664
102,백령도,2018-06-14 00:00,16.7,,4.3,140,99,536
102,백령도,2018-06-14 01:00,16.4,0,4.6,140,99,474
102,백령도,2018-06-14 02:00,16.3,.9,6.3,160,100,252
102,백령도,2018-06-14 03:00,16.6,3.8,4.7,160,100,456
102,백령도,2018-06-14 04:00,16.3,2,4.9,140,100,324
102,백령도,2018-06-14 05:00,15.9,.9,6.3,160,100,170
102,백령도,2018-06-14 06:00,16.1,.7,6.3,160,100,478
102,백령도,2018-06-14 07:00,16.4,.1,6,180,98,846
102,백령도,2018-06-14 08:00,16.7,.1,4.4,160,96,1017
102,백령도,2018-06-14 09:00,17.4,0,8.6,160,98,801
102,백령도,2018-06-14 10:00,17.3,,7.2,160,97,851
102,백령도,2018-06-14 11:00,16.5,0,6.5,140,98,715
102,백령도,2018-06-14 12:00,16.1,.6,6.6,140,99,333
102,백령도,2018-06-14 13:00,16.4,.2,6.3,140,100,506
102,백령도,2018-06-14 14:00,17,0,6.2,140,96,762
102,백령도,2018-06-14 15:00,17.4,0,7.3,140,94,782
102,백령도,2018-06-14 16:00,17.9,,6.2,140,93,735
102,백령도,2018-06-14 17:00,18.3,,6,140,92,646
102,백령도,2018-06-14 18:00,18.1,,4.6,140,93,536
102,백령도,2018-06-14 19:00,17.9,,3.9,160,94,449
102,백령도,2018-06-14 20:00,17.7,,4,160,94,404
102,백령도,2018-06-14 21:00,17.8,,3.7,160,94,383
102,백령도,2018-06-14 22:00,17.7,,3.5,160,92,489
102,백령도,2018-06-14 23:00,16.3,0,1.3,180,97,241
102,백령도,2018-06-15 00:00,16.7,0,1.7,110,97,311
102,백령도,2018-06-15 01:00,16.6,0,1,200,99,282
102,백령도,2018-06-15 02:00,16.4,.4,.5,90,99,237
102,백령도,2018-06-15 03:00,16.5,.1,1,20,100,313
102,백령도,2018-06-15 04:00,16.3,.3,1.9,20,100,268
102,백령도,2018-06-15 05:00,16,.4,1.2,110,100,255
102,백령도,2018-06-15 06:00,16,.4,1.4,140,100,102
102,백령도,2018-06-15 07:00,17,1.2,1.8,110,100,461
102,백령도,2018-06-15 08:00,16.8,.1,3,90,100,562
102,백령도,2018-06-15 09:00,17.5,0,2.8,110,100,1375
102,백령도,2018-06-15 10:00,17.8,0,3.3,110,96,1716
102,백령도,2018-06-15 11:00,18.6,0,5.3,110,91,3540
102,백령도,2018-06-15 12:00,20.4,,5,140,77,3103
102,백령도,2018-06-15 13:00,20.5,,5.5,140,74,3065
102,백령도,2018-06-15 14:00,20.7,,4.5,140,74,2770
102,백령도,2018-06-15 15:00,21.3,,4.3,140,68,2450
102,백령도,2018-06-15 16:00,21.1,,5,160,67,2316
102,백령도,2018-06-15 17:00,20.8,,4.5,180,69,1706
102,백령도,2018-06-15 18:00,19.7,,3.7,180,72,1670
102,백령도,2018-06-15 19:00,19.9,,1.6,200,69,1755
102,백령도,2018-06-15 20:00,16.7,,1.8,290,84,1190
102,백령도,2018-06-15 21:00,16.7,,.9,70,87,1178
102,백령도,2018-06-15 22:00,17,,.1,0,88,1044
102,백령도,2018-06-15 23:00,17,,.5,270,89,1501
102,백령도,2018-06-16 00:00,16.9,,.8,110,90,1254
102,백령도,2018-06-16 01:00,16.8,,1.1,110,91,1157
102,백령도,2018-06-16 02:00,16.7,,2.1,110,92,1029
102,백령도,2018-06-16 03:00,16.8,,1.8,160,89,2827
102,백령도,2018-06-16 04:00,15.5,,1.4,180,94,1214
102,백령도,2018-06-16 05:00,15.5,,1.5,140,93,2251
102,백령도,2018-06-16 06:00,15.9,,2.5,110,89,3004
102,백령도,2018-06-16 07:00,17,,3.4,110,80,4988
102,백령도,2018-06-16 08:00,17.6,,3.9,110,78,4924
102,백령도,2018-06-16 09:00,18.4,,4.1,140,77,4599
102,백령도,2018-06-16 10:00,18.7,,5.1,140,78,4111
102,백령도,2018-06-16 11:00,18.9,,5.8,160,70,4033
102,백령도,2018-06-16 12:00,19.4,,5.5,140,69,3032
102,백령도,2018-06-16 13:00,19.6,,5.2,140,66,3133
102,백령도,2018-06-16 14:00,19.8,,3.3,180,63,3272
102,백령도,2018-06-16 15:00,20.3,,4.1,160,64,3296
102,백령도,2018-06-16 16:00,19.8,,3.8,180,67,2898
102,백령도,2018-06-16 17:00,19.2,,3.5,180,68,2539
102,백령도,2018-06-16 18:00,19.4,,1.9,230,69,2284
102,백령도,2018-06-16 19:00,18.8,,1.8,230,78,1509
102,백령도,2018-06-16 20:00,18.2,,2.2,200,82,1428
102,백령도,2018-06-16 21:00,16.5,,.6,290,88,1305
102,백령도,2018-06-16 22:00,17.2,,.1,0,90,1218
102,백령도,2018-06-16 23:00,15.6,,1.8,90,90,1056
102,백령도,2018-06-17 00:00,15.4,,2.2,70,91,937
102,백령도,2018-06-17 01:00,15.6,,1.7,90,92,941
102,백령도,2018-06-17 02:00,15.2,,1.1,160,98,417
102,백령도,2018-06-17 03:00,15.9,,1.8,90,92,861
102,백령도,2018-06-17 04:00,15.5,,.8,180,96,608
102,백령도,2018-06-17 05:00,15.8,,.6,200,97,375
102,백령도,2018-06-17 06:00,16.1,,.9,140,97,461
102,백령도,2018-06-17 07:00,15.6,,1.6,90,95,739
102,백령도,2018-06-17 08:00,16.6,,1,140,95,714
102,백령도,2018-06-17 09:00,18.1,,1.3,140,93,719
102,백령도,2018-06-17 10:00,18.3,,1.1,180,92,880
102,백령도,2018-06-17 11:00,19.4,,2.6,180,89,1042
102,백령도,2018-06-17 12:00,19.5,,2.8,180,83,1305
102,백령도,2018-06-17 13:00,20.7,,1.6,160,78,1540
102,백령도,2018-06-17 14:00,19.7,,1.2,90,86,1541
102,백령도,2018-06-17 15:00,19.7,,2.9,320,85,1143
102,백령도,2018-06-17 16:00,20.1,,2.7,320,81,1408
102,백령도,2018-06-17 17:00,19.1,,2.4,340,87,1650
102,백령도,2018-06-17 18:00,18.3,,1.9,320,92,830
102,백령도,2018-06-17 19:00,18.9,,2.4,290,86,865
102,백령도,2018-06-17 20:00,17.2,,1.8,340,94,806
102,백령도,2018-06-17 21:00,16.2,,1.5,290,98,437
102,백령도,2018-06-17 22:00,16.5,,1.7,290,96,483
102,백령도,2018-06-17 23:00,16.5,,1,270,96,545
102,백령도,2018-06-18 00:00,15.9,,1.4,290,97,445
102,백령도,2018-06-18 01:00,15.4,,2.2,320,99,258
102,백령도,2018-06-18 02:00,14.2,,2.5,290,100,90
102,백령도,2018-06-18 03:00,14.5,,2.5,320,100,90
102,백령도,2018-06-18 04:00,14.2,,1.2,320,100,52
102,백령도,2018-06-18 05:00,14.2,,1.9,320,100,90
102,백령도,2018-06-18 06:00,14.6,,1.9,290,100,41
102,백령도,2018-06-18 07:00,16,,.8,320,100,330
102,백령도,2018-06-18 08:00,17,,2.5,290,96,1073
102,백령도,2018-06-18 09:00,19.5,,1.7,290,84,1552
102,백령도,2018-06-18 10:00,20.6,,2.5,340,77,1940
102,백령도,2018-06-18 11:00,20.8,,2.8,320,74,2029
102,백령도,2018-06-18 12:00,21.1,,3.7,360,72,2137
102,백령도,2018-06-18 13:00,21,,4.3,290,74,2116
102,백령도,2018-06-18 14:00,22.1,,2,70,71,1618
102,백령도,2018-06-18 15:00,23.2,,1,360,69,1478
102,백령도,2018-06-18 16:00,22.9,,2.7,290,68,1881
102,백령도,2018-06-18 17:00,22,,1.6,320,72,1981
102,백령도,2018-06-18 18:00,22,,.9,20,73,1936
102,백령도,2018-06-18 19:00,20.9,,1.9,230,79,1354
102,백령도,2018-06-18 20:00,19.7,,.8,270,84,1291
102,백령도,2018-06-18 21:00,19,,.2,0,91,865
102,백령도,2018-06-18 22:00,16.8,,.1,0,94,726
102,백령도,2018-06-18 23:00,16.7,,0,0,95,664
102,백령도,2018-06-19 00:00,17.2,,.8,70,95,557
102,백령도,2018-06-19 01:00,17.5,,0,0,95,586
102,백령도,2018-06-19 02:00,17.8,,.1,0,100,16
102,백령도,2018-06-19 03:00,16.8,,.1,0,100,9
102,백령도,2018-06-19 04:00,15.6,,2.2,90,100,9
102,백령도,2018-06-19 05:00,16.1,,1.1,110,100,18
102,백령도,2018-06-19 06:00,16.7,,1.2,110,100,340
102,백령도,2018-06-19 07:00,17.1,,.8,110,100,348
102,백령도,2018-06-19 08:00,17.4,,1.4,140,100,578
102,백령도,2018-06-19 09:00,19.3,,2.1,140,95,1063
102,백령도,2018-06-19 10:00,18.7,,2.5,180,92,1261
102,백령도,2018-06-19 11:00,18.9,,3,180,92,1886
102,백령도,2018-06-19 12:00,19.8,,3.1,180,92,1826
102,백령도,2018-06-19 13:00,20.1,,4.4,180,84,1680
102,백령도,2018-06-19 14:00,20.8,,4.6,180,82,1813
102,백령도,2018-06-19 15:00,20.7,,2.8,180,83,1302
102,백령도,2018-06-19 16:00,19.8,,2.5,180,89,963
102,백령도,2018-06-19 17:00,20,,2.5,180,88,746
102,백령도,2018-06-19 18:00,20,,2.1,200,93,487
102,백령도,2018-06-19 19:00,19.4,,2.3,200,95,380
102,백령도,2018-06-19 20:00,18.7,,1,200,96,333
102,백령도,2018-06-19 21:00,18.6,,1.7,200,98,298
102,백령도,2018-06-19 22:00,18.2,,.4,0,99,279
102,백령도,2018-06-19 23:00,15.6,,.8,110,100,146
102,백령도,2018-06-20 00:00,17.1,,.7,200,99,342
102,백령도,2018-06-20 01:00,17.3,,.1,0,99,250
102,백령도,2018-06-20 02:00,17.9,,1.2,290,100,312
102,백령도,2018-06-20 03:00,17.4,,1.8,320,100,23
102,백령도,2018-06-20 04:00,16.5,,1.4,290,100,30
102,백령도,2018-06-20 05:00,16.5,,2.2,340,100,355
102,백령도,2018-06-20 06:00,17.4,,.5,230,99,408
102,백령도,2018-06-20 07:00,17.3,,2.5,340,97,534
102,백령도,2018-06-20 08:00,17.1,,4.4,360,96,655
102,백령도,2018-06-20 09:00,18.3,,3.2,340,93,1025
102,백령도,2018-06-20 10:00,18.7,,2.9,340,90,1161
102,백령도,2018-06-20 11:00,19.2,,2.7,360,89,1284
102,백령도,2018-06-20 12:00,21.2,,2.5,290,84,1171
102,백령도,2018-06-20 13:00,20.5,,3.9,320,82,1430
102,백령도,2018-06-20 14:00,20.6,,4.5,320,81,1416
102,백령도,2018-06-20 15:00,21.9,,3.1,290,79,1392
102,백령도,2018-06-20 16:00,20.9,,5.2,290,84,1129
102,백령도,2018-06-20 17:00,19.1,,4.1,320,91,1042
102,백령도,2018-06-20 18:00,18.6,,5,290,94,720
102,백령도,2018-06-20 19:00,18.8,,3.7,290,94,613
102,백령도,2018-06-20 20:00,18.2,,3.7,250,96,532
102,백령도,2018-06-20 21:00,17.9,,4.1,250,97,462
102,백령도,2018-06-20 22:00,18,,1.1,320,98,448
102,백령도,2018-06-20 23:00,17.9,,2.5,290,98,265
102,백령도,2018-06-21 00:00,17.6,,2.9,270,100,157
102,백령도,2018-06-21 01:00,17.7,,2.2,290,100,202
102,백령도,2018-06-21 02:00,17.6,,1.6,320,99,295
102,백령도,2018-06-21 03:00,17.3,,1.9,320,99,256
102,백령도,2018-06-21 04:00,17,,1.9,320,99,199
102,백령도,2018-06-21 05:00,16.5,,1.6,250,100,129
102,백령도,2018-06-21 06:00,16.1,,.9,320,100,16
102,백령도,2018-06-21 07:00,16.1,,1.5,200,100,19
102,백령도,2018-06-21 08:00,15.9,,2.9,360,100,35
102,백령도,2018-06-21 09:00,18.2,,.7,340,100,873
102,백령도,2018-06-21 10:00,18.9,,1.1,50,91,1400
102,백령도,2018-06-21 11:00,21,,1,340,80,3286
102,백령도,2018-06-21 12:00,18.4,,3.8,230,78,2005
102,백령도,2018-06-21 13:00,25.8,,2.5,320,46,4296
102,백령도,2018-06-21 14:00,25.6,,1.9,290,42,4184
102,백령도,2018-06-21 15:00,26.3,,1.2,320,38,4302
102,백령도,2018-06-21 16:00,25.4,,2.1,90,52,3723
102,백령도,2018-06-21 17:00,23.5,,3.1,180,71,1158
102,백령도,2018-06-21 18:00,24.3,,2.9,180,69,1184
102,백령도,2018-06-21 19:00,21.6,,2.4,200,72,933
102,백령도,2018-06-21 20:00,20.4,,1.1,160,80,828
102,백령도,2018-06-21 21:00,19.3,,.6,230,90,441
102,백령도,2018-06-21 22:00,18.8,,1.1,250,93,301
102,백령도,2018-06-21 23:00,18.4,,1,180,98,116
102,백령도,2018-06-22 00:00,15.6,,1.5,160,100,8
102,백령도,2018-06-22 01:00,15.3,,2,110,100,9
102,백령도,2018-06-22 02:00,14.9,,1.7,140,100,9
102,백령도,2018-06-22 03:00,15,,2.2,90,100,38
102,백령도,2018-06-22 04:00,15.3,,2.5,110,100,12
102,백령도,2018-06-22 05:00,16.2,,1.8,110,100,12
102,백령도,2018-06-22 06:00,16.3,,2,140,100,11
102,백령도,2018-06-22 07:00,15.8,,3.5,140,100,16
102,백령도,2018-06-22 08:00,15.4,,3.4,110,100,53
102,백령도,2018-06-22 09:00,16,,2.7,90,100,250
102,백령도,2018-06-22 10:00,17.2,,2.7,140,100,548
102,백령도,2018-06-22 11:00,16.6,,3.5,180,100,136
102,백령도,2018-06-22 12:00,17.5,,5.1,180,93,1223
102,백령도,2018-06-22 13:00,17.6,,5.7,160,91,1228
102,백령도,2018-06-22 14:00,18.1,,4.5,160,90,1338
102,백령도,2018-06-22 15:00,17.7,,4.4,160,91,994
102,백령도,2018-06-22 16:00,18,,3,160,89,2095
102,백령도,2018-06-22 17:00,17.8,,4.1,180,92,1576
102,백령도,2018-06-22 18:00,18.9,,6.6,160,94,1034
102,백령도,2018-06-22 19:00,18.3,,5.4,160,97,660
102,백령도,2018-06-22 20:00,19,,4.3,160,95,615
102,백령도,2018-06-22 21:00,18.9,,3.4,180,93,547
102,백령도,2018-06-22 22:00,19.1,,4.9,160,92,623
102,백령도,2018-06-22 23:00,19.1,,5.2,160,91,498
102,백령도,2018-06-23 00:00,18.7,,4.2,180,93,342
102,백령도,2018-06-23 01:00,17.7,,4.1,180,95,275
102,백령도,2018-06-23 02:00,18.8,,3.6,180,93,192
102,백령도,2018-06-23 03:00,18.5,,.9,200,95,431
102,백령도,2018-06-23 04:00,15.8,,2.2,90,99,308
102,백령도,2018-06-23 05:00,16,,2.5,90,100,323
102,백령도,2018-06-23 06:00,16.9,,1.4,110,99,374
102,백령도,2018-06-23 07:00,18.3,,1.9,110,95,541
102,백령도,2018-06-23 08:00,20,,.9,110,89,789
102,백령도,2018-06-23 09:00,19.8,,3.7,110,87,526
102,백령도,2018-06-23 10:00,21.6,,3.5,140,80,423
102,백령도,2018-06-23 11:00,22.7,,3.6,140,75,471
102,백령도,2018-06-23 12:00,24.2,,3,160,66,771
102,백령도,2018-06-23 13:00,23.7,,3.5,180,69,222
102,백령도,2018-06-23 14:00,24,,2.1,200,67,587
102,백령도,2018-06-23 15:00,22.8,,1.8,340,75,2245
102,백령도,2018-06-23 16:00,22.8,,2.1,320,72,2214
102,백령도,2018-06-23 17:00,23.4,,2.3,270,75,2082
102,백령도,2018-06-23 18:00,21.7,,4.3,290,86,796
102,백령도,2018-06-23 19:00,20.9,,2.6,290,91,605
102,백령도,2018-06-23 20:00,20.2,,1.1,270,93,593
102,백령도,2018-06-23 21:00,19.3,,.5,250,90,580
102,백령도,2018-06-23 22:00,18.7,,1.1,250,96,476
102,백령도,2018-06-23 23:00,19.7,,.6,230,96,446
102,백령도,2018-06-24 00:00,19.1,,1.4,180,98,246
102,백령도,2018-06-24 01:00,19.5,,1.4,250,93,362
102,백령도,2018-06-24 02:00,19.3,,.8,200,91,387
102,백령도,2018-06-24 03:00,19.6,,1.1,230,86,466
102,백령도,2018-06-24 04:00,15.8,,.1,0,92,575
102,백령도,2018-06-24 05:00,14.4,,1.3,110,98,410
102,백령도,2018-06-24 06:00,16.1,,1.5,140,99,570
102,백령도,2018-06-24 07:00,17.5,,2.7,90,96,134
102,백령도,2018-06-24 08:00,19.2,,2.3,180,96,573
102,백령도,2018-06-24 09:00,21.1,,3.1,180,85,693
102,백령도,2018-06-24 10:00,21.7,,2.8,180,81,948
102,백령도,2018-06-24 11:00,22.7,,2.5,180,78,1343
102,백령도,2018-06-24 12:00,23.3,,2.6,160,76,1444
102,백령도,2018-06-24 13:00,23.6,,3.2,200,74,1488
102,백령도,2018-06-24 14:00,24.2,,3,200,74,1803
102,백령도,2018-06-24 15:00,24.4,,3.4,180,71,2015
102,백령도,2018-06-24 16:00,23.7,,3.9,180,77,1920
102,백령도,2018-06-24 17:00,24.3,,4.1,180,79,2204
102,백령도,2018-06-24 18:00,24.5,,2.9,250,74,2014
102,백령도,2018-06-24 19:00,23.8,,1.7,250,75,1719
102,백령도,2018-06-24 20:00,22,,2.3,200,90,902
102,백령도,2018-06-24 21:00,21.6,,2.9,200,90,765
102,백령도,2018-06-24 22:00,21.5,,.9,180,86,916
102,백령도,2018-06-24 23:00,22,,1.2,270,76,1685
102,백령도,2018-06-25 00:00,20.8,,.9,110,84,1208
102,백령도,2018-06-25 01:00,20.3,,.8,180,88,925
102,백령도,2018-06-25 02:00,19.2,,1.1,160,88,885
102,백령도,2018-06-25 03:00,17.7,,1,140,96,535
102,백령도,2018-06-25 04:00,17.6,,1.5,140,98,369
102,백령도,2018-06-25 05:00,17.7,,1.6,140,100,183
102,백령도,2018-06-25 06:00,17.8,,2.3,160,100,85
102,백령도,2018-06-25 07:00,18,,2,160,100,80
102,백령도,2018-06-25 08:00,18.7,,1.8,160,100,357
102,백령도,2018-06-25 09:00,18.3,,2.9,140,97,275
102,백령도,2018-06-25 10:00,19.4,,6.3,160,98,263
102,백령도,2018-06-25 11:00,19.7,,6,140,94,1247
102,백령도,2018-06-25 12:00,19.1,,5.4,160,95,1006
102,백령도,2018-06-25 13:00,21.4,,3.8,160,84,2380
102,백령도,2018-06-25 14:00,21,,3.8,200,84,1928
102,백령도,2018-06-25 15:00,23.2,,4,160,68,3421
102,백령도,2018-06-25 16:00,22.4,,4.3,160,75,2687
102,백령도,2018-06-25 17:00,22.1,,4.1,160,75,2541
102,백령도,2018-06-25 18:00,21.3,,3.7,160,80,1595
102,백령도,2018-06-25 19:00,20.7,,2.8,160,89,982
102,백령도,2018-06-25 20:00,19.8,,1.9,140,92,791
102,백령도,2018-06-25 21:00,20.5,,2.7,160,84,1262
102,백령도,2018-06-25 22:00,21.1,,3.4,160,76,1672
102,백령도,2018-06-25 23:00,20.7,,3.1,160,78,1514
102,백령도,2018-06-26 00:00,20.3,0,6.3,160,79,1264
102,백령도,2018-06-26 01:00,19.5,0,2.9,160,84,1034
102,백령도,2018-06-26 02:00,18.6,.2,4,160,92,408
102,백령도,2018-06-26 03:00,18.5,2.5,5,160,95,205
102,백령도,2018-06-26 04:00,17.7,11.7,5.4,140,100,143
102,백령도,2018-06-26 05:00,16.6,3.9,6.1,110,99,331
102,백령도,2018-06-26 06:00,17.2,12.8,7.5,110,100,129
102,백령도,2018-06-26 07:00,16.9,7.6,7.5,110,100,448
102,백령도,2018-06-26 08:00,17.5,2.7,7,110,100,303
102,백령도,2018-06-26 09:00,18,13.9,8.1,140,100,271
102,백령도,2018-06-26 10:00,17.8,1.9,6.7,140,100,213
102,백령도,2018-06-26 11:00,18,3.6,7.4,140,100,230
102,백령도,2018-06-26 12:00,18.4,.7,6.7,140,100,122
102,백령도,2018-06-26 13:00,19.8,5.7,7,160,100,450
102,백령도,2018-06-26 14:00,22.4,.1,6.7,200,100,346
102,백령도,2018-06-26 15:00,21.5,7,7.3,230,100,173
102,백령도,2018-06-26 16:00,22,0,6.3,230,100,153
102,백령도,2018-06-26 17:00,21,0,6.1,250,100,332
102,백령도,2018-06-26 18:00,19.8,0,6.4,230,99,516
102,백령도,2018-06-26 19:00,19,0,5.6,250,100,37
102,백령도,2018-06-26 20:00,19.5,0,4.7,270,100,43
102,백령도,2018-06-26 21:00,17.8,0,6.2,290,100,13
102,백령도,2018-06-26 22:00,17.5,0,8.5,290,100,19
102,백령도,2018-06-26 23:00,17.4,0,7.8,320,100,19
102,백령도,2018-06-27 00:00,17.9,,8.1,320,100,69
102,백령도,2018-06-27 01:00,18.2,,7.7,320,100,1188
102,백령도,2018-06-27 02:00,17.8,,3.8,320,100,661
102,백령도,2018-06-27 03:00,17.8,,4.4,290,100,569
102,백령도,2018-06-27 04:00,18.3,,1.2,290,100,613
102,백령도,2018-06-27 05:00,18,,2.2,250,100,199
102,백령도,2018-06-27 06:00,17.9,,1.1,180,100,55
102,백령도,2018-06-27 07:00,18.2,,1.3,340,100,347
102,백령도,2018-06-27 08:00,17.6,,3.5,180,100,25
102,백령도,2018-06-27 09:00,17.3,,3.4,180,100,118
102,백령도,2018-06-27 10:00,17.2,,4.3,180,100,343
102,백령도,2018-06-27 11:00,18.4,,4.7,180,100,487
102,백령도,2018-06-27 12:00,19.2,,5.9,180,98,748
102,백령도,2018-06-27 13:00,19.8,,6,180,93,1492
102,백령도,2018-06-27 14:00,19.4,,2.9,200,97,885
102,백령도,2018-06-27 15:00,20.4,,6.4,180,95,1409
102,백령도,2018-06-27 16:00,20.1,,5.1,180,93,1195
102,백령도,2018-06-27 17:00,18.9,,9.4,160,99,701
102,백령도,2018-06-27 18:00,20.1,,4,180,96,1181
102,백령도,2018-06-27 19:00,20.1,,2,180,97,713
102,백령도,2018-06-27 20:00,18.9,,2.6,140,98,532
102,백령도,2018-06-27 21:00,19.1,0,4.4,140,99,337
102,백령도,2018-06-27 22:00,18.9,0,4.7,160,99,418
102,백령도,2018-06-27 23:00,18.6,,4.3,140,100,203
102,백령도,2018-06-28 00:00,17.9,,2.9,110,100,37
102,백령도,2018-06-28 01:00,18.5,0,5.4,160,100,31
102,백령도,2018-06-28 02:00,18.5,0,4.8,140,100,24
102,백령도,2018-06-28 03:00,18.2,0,3.2,110,100,18
102,백령도,2018-06-28 04:00,17.8,0,2.8,110,100,16
102,백령도,2018-06-28 05:00,18.7,0,4,140,100,37
102,백령도,2018-06-28 06:00,18.5,0,2,110,100,21
102,백령도,2018-06-28 07:00,17.9,0,1.8,110,100,17
102,백령도,2018-06-28 08:00,18.4,.5,2.8,110,100,20
102,백령도,2018-06-28 09:00,18.7,.5,1.5,160,100,23
102,백령도,2018-06-28 10:00,19.2,0,2.1,160,100,32
102,백령도,2018-06-28 11:00,18.1,.2,2.3,140,100,28
102,백령도,2018-06-28 12:00,20,4,1.9,200,100,1700
102,백령도,2018-06-28 13:00,19.7,0,3.9,110,95,2350
102,백령도,2018-06-28 14:00,21.1,,3.6,90,100,1705
102,백령도,2018-06-28 15:00,23.2,,1.8,140,91,4366
102,백령도,2018-06-28 16:00,23.2,,2.9,140,91,4560
102,백령도,2018-06-28 17:00,23,,2.9,140,91,4113
102,백령도,2018-06-28 18:00,22.4,,2.6,160,93,3859
102,백령도,2018-06-28 19:00,20.2,,1.9,180,99,391
102,백령도,2018-06-28 20:00,20.1,,1.2,180,100,687
102,백령도,2018-06-28 21:00,19.2,,1.9,180,100,625
102,백령도,2018-06-28 22:00,19.3,,1.7,180,100,718
102,백령도,2018-06-28 23:00,18.6,,.7,360,100,720
102,백령도,2018-06-29 00:00,18.8,,.5,250,100,713
102,백령도,2018-06-29 01:00,18.5,,.2,0,100,13
102,백령도,2018-06-29 02:00,18.9,,0,0,100,19
102,백령도,2018-06-29 03:00,18.4,,.9,340,100,19
102,백령도,2018-06-29 04:00,18.8,,1,290,100,18
102,백령도,2018-06-29 05:00,17.8,,1.2,320,100,17
102,백령도,2018-06-29 06:00,17.9,,1.7,320,100,19
102,백령도,2018-06-29 07:00,18.2,,1.9,290,100,30
102,백령도,2018-06-29 08:00,18.2,,1.9,290,100,56
102,백령도,2018-06-29 09:00,19.4,,.9,180,100,740
102,백령도,2018-06-29 10:00,20.5,,1.4,200,100,1239
102,백령도,2018-06-29 11:00,19.5,,1.7,180,99,1221
102,백령도,2018-06-29 12:00,21,,1.4,160,92,1659
102,백령도,2018-06-29 13:00,23.2,,2.2,180,85,2829
102,백령도,2018-06-29 14:00,21.8,,3,180,89,3025
102,백령도,2018-06-29 15:00,22.2,,2.3,200,86,2911
102,백령도,2018-06-29 16:00,21,,3.7,200,91,2357
102,백령도,2018-06-29 17:00,20.9,,2.6,230,93,2383
102,백령도,2018-06-29 18:00,21.1,,1.9,160,94,1780
102,백령도,2018-06-29 19:00,20.2,,1.7,180,96,1201
102,백령도,2018-06-29 20:00,18.2,,2.6,180,100,30
102,백령도,2018-06-29 21:00,18.4,0,1.1,160,100,25
102,백령도,2018-06-29 22:00,18.2,0,1.5,160,100,42
102,백령도,2018-06-29 23:00,17.8,,.4,0,100,15
102,백령도,2018-06-30 00:00,17.7,,.4,0,100,19
102,백령도,2018-06-30 01:00,17,,2.3,110,100,19
102,백령도,2018-06-30 02:00,16.8,,2.1,160,100,60
102,백령도,2018-06-30 03:00,16.6,,1.6,160,100,44
102,백령도,2018-06-30 04:00,16.2,0,2.6,160,100,21
102,백령도,2018-06-30 05:00,16.8,0,3.4,140,100,28
102,백령도,2018-06-30 06:00,17.1,0,2,140,100,23
102,백령도,2018-06-30 07:00,17.2,0,4.2,140,100,82
102,백령도,2018-06-30 08:00,17.8,0,3.1,140,100,194
102,백령도,2018-06-30 09:00,17.4,,4.6,160,100,139
102,백령도,2018-06-30 10:00,18.7,,4.9,140,100,353
102,백령도,2018-06-30 11:00,19.9,,5.1,140,100,887
102,백령도,2018-06-30 12:00,21.9,,3.6,110,90,1332
102,백령도,2018-06-30 13:00,21.5,,4.4,110,91,998
102,백령도,2018-06-30 14:00,20.8,,4,140,96,678
102,백령도,2018-06-30 15:00,21,,3.1,110,97,603
102,백령도,2018-06-30 16:00,21.5,,3.5,140,95,719
102,백령도,2018-06-30 17:00,21.4,,3.3,140,99,487
102,백령도,2018-06-30 18:00,22.1,,2.3,110,96,762
102,백령도,2018-06-30 19:00,21.8,,3.6,140,96,890
102,백령도,2018-06-30 20:00,21.5,,3.1,140,98,799
102,백령도,2018-06-30 21:00,20.9,0,3.1,140,100,341
102,백령도,2018-06-30 22:00,20.9,0,2.6,110,99,525
102,백령도,2018-06-30 23:00,21.1,0,3.7,160,98,621
102,백령도,2018-07-01 00:00,19.9,0,4.4,160,98,432
102,백령도,2018-07-01 01:00,19.7,0,2.6,140,98,761
102,백령도,2018-07-01 02:00,20.2,0,2.6,140,97,1450
102,백령도,2018-07-01 03:00,20.2,0,5.2,140,96,1590
102,백령도,2018-07-01 04:00,20.3,0,5.5,140,96,1690
102,백령도,2018-07-01 05:00,20.2,0,5.8,160,99,1195
102,백령도,2018-07-01 06:00,19.7,3.8,4.8,140,99,710
102,백령도,2018-07-01 07:00,20,0,4.3,140,97,2268
102,백령도,2018-07-01 08:00,19.9,0,3.2,140,97,1369
102,백령도,2018-07-01 09:00,20.4,0,2.5,160,97,1228
102,백령도,2018-07-01 10:00,21.6,0,2.1,90,95,900
102,백령도,2018-07-01 11:00,20.6,0,2.5,110,98,713
102,백령도,2018-07-01 12:00,22.3,0,2.6,110,93,2997
102,백령도,2018-07-01 13:00,21.8,,1.1,70,93,1814
102,백령도,2018-07-01 14:00,21.5,,1.2,290,94,1654
102,백령도,2018-07-01 15:00,19.5,.5,2.3,320,100,254
102,백령도,2018-07-01 16:00,19,1.7,2.8,340,100,193
102,백령도,2018-07-01 17:00,18.7,.8,2.1,290,100,85
102,백령도,2018-07-01 18:00,18.4,.3,1.1,290,100,234
102,백령도,2018-07-01 19:00,19.2,.1,1.1,140,100,353
102,백령도,2018-07-01 20:00,18.4,0,1.9,90,100,26
102,백령도,2018-07-01 21:00,18.9,.1,2.7,140,100,73
102,백령도,2018-07-01 22:00,18.6,0,2.6,110,100,90
102,백령도,2018-07-01 23:00,18.4,0,2.2,110,100,19
102,백령도,2018-07-02 00:00,18,,3.9,180,100,17
102,백령도,2018-07-02 01:00,18,.1,1.4,160,100,41
102,백령도,2018-07-02 02:00,18.7,.1,3.5,180,100,40
102,백령도,2018-07-02 03:00,18.6,.5,4.1,160,100,124
102,백령도,2018-07-02 04:00,18.1,1.5,6.3,160,100,266
102,백령도,2018-07-02 05:00,18.5,3.3,5.7,160,100,330
102,백령도,2018-07-02 06:00,18,.3,4.8,160,100,317
102,백령도,2018-07-02 07:00,18.2,.1,4.8,140,100,453
102,백령도,2018-07-02 08:00,18.5,.1,3.7,140,100,190
102,백령도,2018-07-02 09:00,19,.1,3.1,140,100,270
102,백령도,2018-07-02 10:00,19.1,0,3.9,160,100,146
102,백령도,2018-07-02 11:00,19.4,0,1.8,200,100,818
102,백령도,2018-07-02 12:00,21.4,,2.9,320,100,4382
102,백령도,2018-07-02 13:00,20.9,,1.7,110,95,3900
102,백령도,2018-07-02 14:00,21.7,,1.4,110,90,3944
102,백령도,2018-07-02 15:00,22.3,,2.5,250,89,3940
102,백령도,2018-07-02 16:00,22.6,,1.7,340,88,4101
102,백령도,2018-07-02 17:00,22.1,,1.5,20,88,3977
102,백령도,2018-07-02 18:00,22.3,,1.6,180,88,2785
102,백령도,2018-07-02 19:00,20.8,,1.2,200,93,1838
102,백령도,2018-07-02 20:00,19.7,,.8,200,96,1216
102,백령도,2018-07-02 21:00,18.8,,1,160,100,756
102,백령도,2018-07-02 22:00,19.4,,3.3,180,99,1418
102,백령도,2018-07-02 23:00,19.4,,2.4,140,100,1381
102,백령도,2018-07-03 00:00,18.9,,1.6,110,100,332
102,백령도,2018-07-03 01:00,19.7,,2.3,110,100,28
102,백령도,2018-07-03 02:00,20.3,,3,140,100,32
102,백령도,2018-07-03 03:00,20.2,,1.7,140,100,90
102,백령도,2018-07-03 04:00,19.3,,1,140,100,24
102,백령도,2018-07-03 05:00,20.2,,2.3,110,100,29
102,백령도,2018-07-03 06:00,20.1,0,1.4,110,100,22
102,백령도,2018-07-03 07:00,20.6,0,1.9,110,100,25
102,백령도,2018-07-03 08:00,21.3,0,1.7,90,100,160
102,백령도,2018-07-03 09:00,21.4,,1.8,110,100,2342
102,백령도,2018-07-03 10:00,23.5,,2.4,90,100,2410
102,백령도,2018-07-03 11:00,24.7,,2,70,93,1817
102,백령도,2018-07-03 12:00,25.2,,2.8,70,90,1879
102,백령도,2018-07-03 13:00,26.7,,1.6,360,88,3529
102,백령도,2018-07-03 14:00,25.6,,3.1,290,87,2236
102,백령도,2018-07-03 15:00,24.4,,3.7,320,88,3792
102,백령도,2018-07-03 16:00,25,,4.2,340,88,4452
102,백령도,2018-07-03 17:00,24.4,,4,340,87,4941
102,백령도,2018-07-03 18:00,23.6,,3.1,360,90,4999
102,백령도,2018-07-03 19:00,22.4,,4,320,92,3368
102,백령도,2018-07-03 20:00,20.3,,3.5,320,98,909
102,백령도,2018-07-03 21:00,20.8,,3.8,320,96,1158
102,백령도,2018-07-03 22:00,19.1,,4,320,99,935
102,백령도,2018-07-03 23:00,18.6,,3.4,320,98,1392
102,백령도,2018-07-04 00:00,18.1,,3.6,320,98,1093
102,백령도,2018-07-04 01:00,18.5,,4,320,98,1383
102,백령도,2018-07-04 02:00,19.1,,3.1,320,97,2544
102,백령도,2018-07-04 03:00,18.4,,2.6,320,98,1436
102,백령도,2018-07-04 04:00,18.6,,5.1,320,96,1948
102,백령도,2018-07-04 05:00,18.4,,5.1,320,98,1218
102,백령도,2018-07-04 06:00,18.7,,3.6,320,100,715
102,백령도,2018-07-04 07:00,19.6,,4.8,320,100,1287
102,백령도,2018-07-04 08:00,20.6,,5.1,320,96,1718
102,백령도,2018-07-04 09:00,21.8,,4.2,320,92,1820
102,백령도,2018-07-04 10:00,22,,5.4,320,90,1625
102,백령도,2018-07-04 11:00,22,,5.7,320,90,1945
102,백령도,2018-07-04 12:00,22.9,,6.2,320,86,2361
102,백령도,2018-07-04 13:00,23.5,,4.5,320,84,2413
102,백령도,2018-07-04 14:00,24.1,,4.8,320,80,2822
102,백령도,2018-07-04 15:00,23.7,,3.7,290,79,2180
102,백령도,2018-07-04 16:00,24,,4.6,320,80,2641
102,백령도,2018-07-04 17:00,23.8,,3.6,320,80,3665
102,백령도,2018-07-04 18:00,22.6,,3.5,320,91,1493
102,백령도,2018-07-04 19:00,22.4,,2.1,320,91,1026
102,백령도,2018-07-04 20:00,21.6,,1.6,290,92,1208
102,백령도,2018-07-04 21:00,21.4,,1.6,250,97,945
102,백령도,2018-07-04 22:00,21.2,,1.8,270,99,635
102,백령도,2018-07-04 23:00,21.3,,1.1,200,100,450
102,백령도,2018-07-05 00:00,21.1,,.3,0,100,315
102,백령도,2018-07-05 01:00,19.4,,.1,0,100,174
102,백령도,2018-07-05 02:00,19.6,,1.2,140,100,619
102,백령도,2018-07-05 03:00,19.1,,.4,0,100,356
102,백령도,2018-07-05 04:00,18.9,,1.9,90,100,21
102,백령도,2018-07-05 05:00,20,,1.1,90,100,26
102,백령도,2018-07-05 06:00,20.3,,1.2,140,100,205
102,백령도,2018-07-05 07:00,20.3,,1.3,90,100,507
102,백령도,2018-07-05 08:00,20.9,,1.4,140,100,977
102,백령도,2018-07-05 09:00,22.7,,1.6,70,95,1731
102,백령도,2018-07-05 10:00,23.7,,1.4,90,89,2967
102,백령도,2018-07-05 11:00,23.8,,2.4,90,88,2738
102,백령도,2018-07-05 12:00,24.8,,2.1,160,90,3216
102,백령도,2018-07-05 13:00,24.2,,2.8,200,83,4202
102,백령도,2018-07-05 14:00,25.2,,2.6,180,79,4999
102,백령도,2018-07-05 15:00,25.1,,1.7,320,83,4101
102,백령도,2018-07-05 16:00,23.8,,3.7,320,87,3465
102,백령도,2018-07-05 17:00,22,,3,290,92,2986
102,백령도,2018-07-05 18:00,22.3,,2.9,290,92,4927
102,백령도,2018-07-05 19:00,21.4,,2.3,320,95,2154
102,백령도,2018-07-05 20:00,21.3,,.5,320,95,2301
102,백령도,2018-07-05 21:00,21.2,,.2,0,96,1840
102,백령도,2018-07-05 22:00,21.6,,.4,0,96,2121
102,백령도,2018-07-05 23:00,21.6,,1.4,90,96,1497
102,백령도,2018-07-06 00:00,21.7,,1.4,110,96,1365
102,백령도,2018-07-06 01:00,21.8,,2.8,110,94,3046
102,백령도,2018-07-06 02:00,21.6,,3.3,0,83.6,5000
102,백령도,2018-07-06 03:00,21.4,,2.6,110,85,5000
102,백령도,2018-07-06 04:00,21.1,,2.3,110,85,5000
102,백령도,2018-07-06 05:00,20.4,,2.3,90,88,5000
102,백령도,2018-07-06 06:00,20,,2.2,70,88,4989
102,백령도,2018-07-06 07:00,20.1,,2.3,70,85,4999
102,백령도,2018-07-06 08:00,21.8,,3.3,110,80,4959
102,백령도,2018-07-06 09:00,22.6,,3.7,90,78,4987
102,백령도,2018-07-06 10:00,22.6,,5,90,75,4919
102,백령도,2018-07-06 11:00,24,,3.5,90,73,4996
102,백령도,2018-07-06 12:00,24.1,,3.7,110,70,4972
102,백령도,2018-07-06 13:00,24.9,,3.7,110,68,4926
102,백령도,2018-07-06 14:00,23.7,,4.3,140,64,4996
102,백령도,2018-07-06 15:00,24,,3.1,110,69,4984
102,백령도,2018-07-06 16:00,23.8,,3.6,110,70,4997
102,백령도,2018-07-06 17:00,24.4,,3.1,110,69,4962
102,백령도,2018-07-06 18:00,23.4,,2,70,74,5000
102,백령도,2018-07-06 19:00,22.7,,3.4,70,75,5000
102,백령도,2018-07-06 20:00,21.8,,2.4,90,81,5000
102,백령도,2018-07-06 21:00,22.1,,2.9,90,80,5000
102,백령도,2018-07-06 22:00,20.8,,1.6,90,86,4996
102,백령도,2018-07-06 23:00,20.5,,2.1,110,87,4996
102,백령도,2018-07-07 00:00,20,,3.7,110,85,5000
102,백령도,2018-07-07 01:00,19.6,,3.6,110,81,5000
102,백령도,2018-07-07 02:00,19.2,,4,110,83,5000
102,백령도,2018-07-07 03:00,18.7,,4.1,110,84,5000
102,백령도,2018-07-07 04:00,18.2,,3,110,87,5000
102,백령도,2018-07-07 05:00,17.9,,3.7,110,86,5000
102,백령도,2018-07-07 06:00,18,,4,110,86,5000
102,백령도,2018-07-07 07:00,17.9,,3.4,110,87,5000
102,백령도,2018-07-07 08:00,17.9,,4,90,86,4965
102,백령도,2018-07-07 09:00,20,,4.7,90,76,5000
102,백령도,2018-07-07 10:00,20.6,,4.4,110,75,4881
102,백령도,2018-07-07 11:00,21.5,,3.9,140,68,5000
102,백령도,2018-07-07 12:00,22.1,,4.5,140,66,4996
102,백령도,2018-07-07 13:00,23.3,,2.9,140,63,4999
102,백령도,2018-07-07 14:00,23.3,,2.8,160,61,5000
102,백령도,2018-07-07 15:00,23.1,,1.3,200,66,4992
102,백령도,2018-07-07 16:00,23.5,,2.1,70,64,4407
102,백령도,2018-07-07 17:00,21,,2.2,320,71,4992
102,백령도,2018-07-07 18:00,20.8,,3.7,320,67,5000
102,백령도,2018-07-07 19:00,20.7,,3,320,69,5000
102,백령도,2018-07-07 20:00,18.6,,3.6,320,76,5000
102,백령도,2018-07-07 21:00,18.2,,3.2,320,80,4992
102,백령도,2018-07-07 22:00,18.4,,1.6,290,78,5000
102,백령도,2018-07-07 23:00,17.8,,1.1,290,83,5000
102,백령도,2018-07-08 00:00,18.8,,.2,0,78,5000
102,백령도,2018-07-08 01:00,19.1,,1.3,110,81,5000
102,백령도,2018-07-08 02:00,19,,2.7,140,85,4759
102,백령도,2018-07-08 03:00,19.3,,3.1,140,78,4773
102,백령도,2018-07-08 04:00,19.4,,3.9,110,75,4950
102,백령도,2018-07-08 05:00,18.6,,3.5,110,80,4937
102,백령도,2018-07-08 06:00,18.6,,4.4,140,79,4875
102,백령도,2018-07-08 07:00,18.3,,3.8,110,81,4675
102,백령도,2018-07-08 08:00,19.2,,5.3,110,78,4484
102,백령도,2018-07-08 09:00,18.6,,4.9,110,81,4078
102,백령도,2018-07-08 10:00,20.1,,5.5,140,73,4181
102,백령도,2018-07-08 11:00,20.3,,6.3,140,75,2800
102,백령도,2018-07-08 12:00,20.8,,5.3,160,73,4268
102,백령도,2018-07-08 13:00,21.2,,4.9,140,74,4094
102,백령도,2018-07-08 14:00,20.5,,6.2,140,77,3806
102,백령도,2018-07-08 15:00,20.4,,4.9,160,74,3720
102,백령도,2018-07-08 16:00,20.1,,4.8,160,75,3529
102,백령도,2018-07-08 17:00,20.2,,4.3,160,77,3502
102,백령도,2018-07-08 18:00,20.2,,1.8,140,74,3145
102,백령도,2018-07-08 19:00,19.6,,2.2,110,79,2930
102,백령도,2018-07-08 20:00,20,,3,140,77,3481
102,백령도,2018-07-08 21:00,20.2,,2.1,160,76,2349
102,백령도,2018-07-08 22:00,19.9,,1.5,140,78,2390
102,백령도,2018-07-08 23:00,19.3,,1.9,110,82,2568
102,백령도,2018-07-09 00:00,18.4,,1,110,86,2056
102,백령도,2018-07-09 01:00,18.9,,2.3,110,85,2308
102,백령도,2018-07-09 02:00,19.9,,3,140,81,2692
102,백령도,2018-07-09 03:00,19.7,,2.4,90,84,2914
102,백령도,2018-07-09 04:00,18.5,,1.3,110,92,2233
102,백령도,2018-07-09 05:00,18.9,,2.6,110,93,2423
102,백령도,2018-07-09 06:00,19.2,,2.8,110,87,4669
102,백령도,2018-07-09 07:00,19.2,,3.2,110,87,4696
102,백령도,2018-07-09 08:00,19.6,0,4.2,110,85,4248
102,백령도,2018-07-09 09:00,18.8,.2,4.5,110,92,1522
102,백령도,2018-07-09 10:00,18.2,1,3.1,110,97,1297
102,백령도,2018-07-09 11:00,18.1,.7,4.3,110,97,1179
102,백령도,2018-07-09 12:00,18,1.2,3.3,110,99,757
102,백령도,2018-07-09 13:00,18.3,.9,3.4,110,100,635
102,백령도,2018-07-09 14:00,18.3,1.3,5.6,110,99,623
102,백령도,2018-07-09 15:00,18.2,1.3,4,110,100,397
102,백령도,2018-07-09 16:00,18.2,.9,4.1,90,100,605
102,백령도,2018-07-09 17:00,18.2,6.7,4,110,100,183
102,백령도,2018-07-09 18:00,18.3,4.2,4.6,110,100,245
102,백령도,2018-07-09 19:00,18.4,11.7,5,90,100,68
102,백령도,2018-07-09 20:00,18.3,11,5.1,90,100,55
102,백령도,2018-07-09 21:00,18.2,13.6,4.3,70,100,61
102,백령도,2018-07-09 22:00,18.3,8.8,3.8,90,100,238
102,백령도,2018-07-09 23:00,18.3,5,3.9,110,100,173
102,백령도,2018-07-10 00:00,19,1.3,5.5,140,100,531
102,백령도,2018-07-10 01:00,19.6,1.8,5.8,140,100,654
102,백령도,2018-07-10 02:00,19.4,.7,5.6,140,100,191
102,백령도,2018-07-10 03:00,20.2,.8,6,140,100,273
102,백령도,2018-07-10 04:00,21,.8,8.2,160,100,399
102,백령도,2018-07-10 05:00,21.3,2.5,8.3,160,100,598
102,백령도,2018-07-10 06:00,21,1.4,8,160,100,427
102,백령도,2018-07-10 07:00,20.7,3.6,6.5,160,100,302
102,백령도,2018-07-10 08:00,20.6,6.1,5.8,160,100,278
102,백령도,2018-07-10 09:00,20.8,7.2,8.7,160,100,281
102,백령도,2018-07-10 10:00,21,7.4,9.5,160,100,264
102,백령도,2018-07-10 11:00,22,2.8,8,180,100,413
102,백령도,2018-07-10 12:00,22.1,3.4,8.5,180,100,716
102,백령도,2018-07-10 13:00,21.6,2.2,6.1,180,100,232
102,백령도,2018-07-10 14:00,22.1,5.1,8.4,180,100,388
102,백령도,2018-07-10 15:00,21.8,3.5,7.8,180,100,261
102,백령도,2018-07-10 16:00,21.9,9.3,7.7,180,100,263
102,백령도,2018-07-10 17:00,21.4,3,5.4,180,100,323
102,백령도,2018-07-10 18:00,21.8,4.6,7.1,180,100,464
102,백령도,2018-07-10 19:00,22.1,1.3,5.7,180,100,498
102,백령도,2018-07-10 20:00,22.7,2.1,5.8,200,100,588
102,백령도,2018-07-10 21:00,22.2,2.4,6.1,200,100,342
102,백령도,2018-07-10 22:00,22.5,.2,6.7,200,100,405
102,백령도,2018-07-10 23:00,22.9,7.8,6.6,200,100,694
102,백령도,2018-07-11 00:00,22.9,.5,6.4,200,100,562
102,백령도,2018-07-11 01:00,22.2,3,5.1,200,100,459
102,백령도,2018-07-11 02:00,22.3,2.2,4.7,200,100,489
102,백령도,2018-07-11 03:00,22.3,3,4.6,230,100,272
102,백령도,2018-07-11 04:00,22.9,5.1,4.7,230,100,694
102,백령도,2018-07-11 05:00,23.2,1.4,5.6,200,99,998
102,백령도,2018-07-11 06:00,23,.1,5.5,200,99,1072
102,백령도,2018-07-11 07:00,22.6,.2,5.3,230,99,855
102,백령도,2018-07-11 08:00,22.5,.1,5.2,200,99,841
102,백령도,2018-07-11 09:00,22.7,0,4.9,200,100,464
102,백령도,2018-07-11 10:00,22.7,.1,5.9,200,100,468
102,백령도,2018-07-11 11:00,23,.1,5.7,200,100,754
102,백령도,2018-07-11 12:00,23.1,,4.8,200,98,1234
102,백령도,2018-07-11 13:00,23.5,,5.2,200,98,1159
102,백령도,2018-07-11 14:00,23.9,,4.3,200,98,1267
102,백령도,2018-07-11 15:00,23.6,,4.9,180,97,953
102,백령도,2018-07-11 16:00,23.4,,5.3,180,100,913
102,백령도,2018-07-11 17:00,22,,2.8,160,100,887
102,백령도,2018-07-11 18:00,21.8,,2.4,180,100,150
102,백령도,2018-07-11 19:00,22,0,3.1,180,100,194
102,백령도,2018-07-11 20:00,21.6,0,1.5,200,100,216
102,백령도,2018-07-11 21:00,21.9,,2.3,180,100,141
102,백령도,2018-07-11 22:00,21.5,,3.2,160,100,110
102,백령도,2018-07-11 23:00,21.9,,3.4,180,100,453
102,백령도,2018-07-12 00:00,20.7,,2.2,180,100,19
102,백령도,2018-07-12 01:00,21.4,0,1.6,160,100,19
102,백령도,2018-07-12 02:00,21.3,0,2,160,100,19
102,백령도,2018-07-12 03:00,21.6,0,3.1,180,100,17
102,백령도,2018-07-12 04:00,21.6,0,2.6,180,100,18
102,백령도,2018-07-12 05:00,22.2,0,4.2,180,100,53
102,백령도,2018-07-12 06:00,22.4,0,3.1,200,100,90
102,백령도,2018-07-12 07:00,22.6,0,2.7,200,100,233
102,백령도,2018-07-12 08:00,22.5,0,4.2,180,100,583
102,백령도,2018-07-12 09:00,22.9,0,3.4,180,100,1598
102,백령도,2018-07-12 10:00,23.1,,3.6,180,100,1935
102,백령도,2018-07-12 11:00,23.5,,4.2,180,98,2704
102,백령도,2018-07-12 12:00,22.9,,2.4,160,99,1623
102,백령도,2018-07-12 13:00,22.6,,3,160,100,1331
102,백령도,2018-07-12 14:00,22.3,,2.6,160,99,941
102,백령도,2018-07-12 15:00,23.3,,2.9,180,98,1478
102,백령도,2018-07-12 16:00,21.9,,3.7,160,100,146
102,백령도,2018-07-12 17:00,21.9,,3.2,160,100,75
102,백령도,2018-07-12 18:00,22.2,,2.2,180,100,407
102,백령도,2018-07-12 19:00,20.9,,2.6,180,100,51
102,백령도,2018-07-12 20:00,21.4,,2.1,180,100,18
102,백령도,2018-07-12 21:00,21.1,0,2.8,180,100,17
102,백령도,2018-07-12 22:00,21.2,0,3.5,180,100,17
102,백령도,2018-07-12 23:00,21.1,0,3.1,180,100,20
102,백령도,2018-07-13 00:00,21.7,0,5.5,160,100,52
102,백령도,2018-07-13 01:00,20.8,0,3.2,180,100,20
102,백령도,2018-07-13 02:00,21.3,0,3.6,180,100,40
102,백령도,2018-07-13 03:00,20.8,0,2.9,160,100,32
102,백령도,2018-07-13 04:00,20.3,0,1.8,140,100,27
102,백령도,2018-07-13 05:00,20.6,.3,.8,180,100,32
102,백령도,2018-07-13 06:00,20.7,.5,1.3,140,100,27
102,백령도,2018-07-13 07:00,20.6,.1,1.7,180,100,23
102,백령도,2018-07-13 08:00,21.2,0,4,160,100,22
102,백령도,2018-07-13 09:00,21.1,0,4.7,140,100,29
102,백령도,2018-07-13 10:00,21.7,0,5.4,140,100,64
102,백령도,2018-07-13 11:00,22.1,0,5,160,100,330
102,백령도,2018-07-13 12:00,22.9,0,5.7,160,100,1210
102,백령도,2018-07-13 13:00,23.3,,5.7,160,100,1689
102,백령도,2018-07-13 14:00,23.4,,6.4,160,99,1596
102,백령도,2018-07-13 15:00,22.5,,5.8,180,99,985
102,백령도,2018-07-13 16:00,22.6,,7.3,160,100,849
102,백령도,2018-07-13 17:00,22.1,,5.5,160,100,503
102,백령도,2018-07-13 18:00,21.9,,4.4,160,100,444
102,백령도,2018-07-13 19:00,21.7,,2.4,180,100,391
102,백령도,2018-07-13 20:00,22.3,,5.5,180,100,513
102,백령도,2018-07-13 21:00,21.2,,4,200,100,44
102,백령도,2018-07-13 22:00,21.7,,4.5,180,100,438
102,백령도,2018-07-13 23:00,22.1,,5.2,180,100,768
102,백령도,2018-07-14 00:00,22.8,,4.7,180,99,951
102,백령도,2018-07-14 01:00,22.5,,3.6,160,98,1131
102,백령도,2018-07-14 02:00,22.6,,3.9,180,99,1038
102,백령도,2018-07-14 03:00,20.2,,2.6,110,100,224
102,백령도,2018-07-14 04:00,21.3,,3.1,160,100,541
102,백령도,2018-07-14 05:00,20.6,,2.7,160,100,153
102,백령도,2018-07-14 06:00,20.3,,4.2,140,100,72
102,백령도,2018-07-14 07:00,20.6,,5.3,140,100,103
102,백령도,2018-07-14 08:00,20.8,,5.9,140,100,183
102,백령도,2018-07-14 09:00,21.7,,4.7,140,100,520
102,백령도,2018-07-14 10:00,21.7,,4.8,140,100,766
102,백령도,2018-07-14 11:00,22,,5.9,160,99,687
102,백령도,2018-07-14 12:00,21.3,,5.3,140,100,375
102,백령도,2018-07-14 13:00,21.1,,4.5,140,100,253
102,백령도,2018-07-14 14:00,22.2,,3.2,160,100,552
102,백령도,2018-07-14 15:00,23.3,,6.7,160,97,1192
102,백령도,2018-07-14 16:00,22.9,,6.2,160,98,900
102,백령도,2018-07-14 17:00,23,,5.9,160,99,980
102,백령도,2018-07-14 18:00,22.6,,5.7,180,100,800
102,백령도,2018-07-14 19:00,21.6,,4.1,180,100,351
102,백령도,2018-07-14 20:00,21.5,,3,180,100,246
102,백령도,2018-07-14 21:00,22.3,,3.3,180,100,634
102,백령도,2018-07-14 22:00,22.2,,3.8,180,99,635
102,백령도,2018-07-14 23:00,21.8,,4.5,180,100,418
102,백령도,2018-07-15 00:00,22.2,,2.7,200,100,814
102,백령도,2018-07-15 01:00,22.4,,3.3,200,100,745
102,백령도,2018-07-15 02:00,22.8,,3.9,200,100,585
102,백령도,2018-07-15 03:00,22.9,,4.5,180,99,739
102,백령도,2018-07-15 04:00,21.7,,2.5,180,99,777
102,백령도,2018-07-15 05:00,20.8,,2.8,180,100,55
102,백령도,2018-07-15 06:00,20.5,,1.9,140,100,79
102,백령도,2018-07-15 07:00,21.4,,2.9,160,100,250
102,백령도,2018-07-15 08:00,21.3,,3.7,140,100,60
102,백령도,2018-07-15 09:00,22,,4.2,140,100,223
102,백령도,2018-07-15 10:00,22.3,,4.9,140,100,1068
102,백령도,2018-07-15 11:00,22.5,,6,160,99,1026
102,백령도,2018-07-15 12:00,22.6,,4.4,140,97,1408
102,백령도,2018-07-15 13:00,22.5,,6.2,160,98,656
102,백령도,2018-07-15 14:00,23.4,,5.5,160,95,1576
102,백령도,2018-07-15 15:00,23.4,,5,160,95,1514
102,백령도,2018-07-15 16:00,22.3,,5.1,140,98,1243
102,백령도,2018-07-15 17:00,22.4,,4.8,160,99,742
102,백령도,2018-07-15 18:00,21.9,,4.4,160,100,603
102,백령도,2018-07-15 19:00,21.5,,5.2,160,100,124
102,백령도,2018-07-15 20:00,21.7,,4.8,140,100,136
102,백령도,2018-07-15 21:00,21.5,,2.6,160,100,192
102,백령도,2018-07-15 22:00,20.8,,2.4,180,100,27
102,백령도,2018-07-15 23:00,21,,1.6,140,100,16
102,백령도,2018-07-16 00:00,21,,2,180,100,47
102,백령도,2018-07-16 01:00,21.2,,2.1,180,100,232
102,백령도,2018-07-16 02:00,21.6,,1.9,160,100,318
102,백령도,2018-07-16 03:00,21,,1.2,140,100,100
102,백령도,2018-07-16 04:00,21,,2.8,160,100,18
102,백령도,2018-07-16 05:00,21.3,,1.6,160,100,90
102,백령도,2018-07-16 06:00,21.5,,4.4,160,100,374
102,백령도,2018-07-16 07:00,20.5,,5,160,100,31
102,백령도,2018-07-16 08:00,20.9,,6.4,160,100,148
102,백령도,2018-07-16 09:00,20.6,,4.6,180,100,132
102,백령도,2018-07-16 10:00,21.4,,5.3,160,100,221
102,백령도,2018-07-16 11:00,23,,4.6,160,97,1585
102,백령도,2018-07-16 12:00,22.5,,4.4,160,95,1696
102,백령도,2018-07-16 13:00,23.7,,5.1,140,91,2099
102,백령도,2018-07-16 14:00,23.3,,5.5,160,93,2287
102,백령도,2018-07-16 15:00,23.5,,4.4,140,93,1863
102,백령도,2018-07-16 16:00,23.3,,4.4,140,93,1935
102,백령도,2018-07-16 17:00,23.5,,4,160,95,1402
102,백령도,2018-07-16 18:00,22.9,,4.3,160,97,856
102,백령도,2018-07-16 19:00,22.4,,4.5,160,100,454
102,백령도,2018-07-16 20:00,21.7,,3.7,160,100,87
102,백령도,2018-07-16 21:00,21.4,,2.6,180,100,28
102,백령도,2018-07-16 22:00,21,,3.3,180,100,21
102,백령도,2018-07-16 23:00,21.8,,3.1,180,100,23
102,백령도,2018-07-17 00:00,21.3,,2.9,180,100,16
102,백령도,2018-07-17 01:00,20.5,,3,180,100,17
102,백령도,2018-07-17 02:00,19.8,,2.6,180,100,14
102,백령도,2018-07-17 03:00,19.7,,1.6,110,100,19
102,백령도,2018-07-17 04:00,20.5,,1.7,180,100,60
102,백령도,2018-07-17 05:00,20.6,,2.6,180,100,51
102,백령도,2018-07-17 06:00,21.1,,2.2,160,100,235
102,백령도,2018-07-17 07:00,21.3,,1.9,160,100,127
102,백령도,2018-07-17 08:00,21,,1.2,110,100,433
102,백령도,2018-07-17 09:00,21.7,,1.9,140,100,553
102,백령도,2018-07-17 10:00,22.2,,3.7,140,100,354
102,백령도,2018-07-17 11:00,23.1,,2.7,140,100,1037
102,백령도,2018-07-17 12:00,23.5,,2.7,140,96,1151
102,백령도,2018-07-17 13:00,23.7,,3.3,160,96,1229
102,백령도,2018-07-17 14:00,23.4,,4,160,96,1056
102,백령도,2018-07-17 15:00,23,,4.4,160,97,721
102,백령도,2018-07-17 16:00,23.2,,3.9,160,97,764
102,백령도,2018-07-17 17:00,22.3,,4.7,160,99,675
102,백령도,2018-07-17 18:00,22.3,,5.5,160,100,529
102,백령도,2018-07-17 19:00,21.5,,5.3,160,100,44
102,백령도,2018-07-17 20:00,20.7,,2.7,180,100,21
102,백령도,2018-07-17 21:00,19.7,,2.9,200,100,13
102,백령도,2018-07-17 22:00,20.3,,3.3,200,100,11
102,백령도,2018-07-17 23:00,20.5,,3.2,180,100,11
102,백령도,2018-07-18 00:00,20.9,,3,180,100,11
102,백령도,2018-07-18 01:00,20.7,,2.3,160,100,11
102,백령도,2018-07-18 02:00,20.2,,2.7,140,100,12
102,백령도,2018-07-18 03:00,20.7,,.3,0,100,15
102,백령도,2018-07-18 04:00,21.1,,.9,110,100,11
102,백령도,2018-07-18 05:00,20.8,,2.2,180,100,17
102,백령도,2018-07-18 06:00,20.8,,3.9,140,100,19
102,백령도,2018-07-18 07:00,20.3,,3.9,160,100,17
102,백령도,2018-07-18 08:00,20.6,,3.5,140,100,24
102,백령도,2018-07-18 09:00,21,,5.4,160,100,300
102,백령도,2018-07-18 10:00,20.9,,5.7,160,100,413
102,백령도,2018-07-18 11:00,21.3,,4.2,160,100,1094
102,백령도,2018-07-18 12:00,22.4,,2.9,180,100,764
102,백령도,2018-07-18 13:00,22.8,,3.4,160,96,1059
102,백령도,2018-07-18 14:00,23,,2.9,180,96,1078
102,백령도,2018-07-18 15:00,23.7,,3.4,160,95,1422
102,백령도,2018-07-18 16:00,23.7,,3.6,160,95,1075
102,백령도,2018-07-18 17:00,24.4,,2.9,180,95,950
102,백령도,2018-07-18 18:00,23.3,,3.5,180,97,794
102,백령도,2018-07-18 19:00,22.3,,3.5,160,98,612
102,백령도,2018-07-18 20:00,21.2,,2.1,180,100,383
102,백령도,2018-07-18 21:00,21.8,,3.8,160,100,338
102,백령도,2018-07-18 22:00,21.2,,3.3,180,100,91
102,백령도,2018-07-18 23:00,20.7,,2.7,180,100,9
102,백령도,2018-07-19 00:00,20.9,,2.3,180,100,10
102,백령도,2018-07-19 01:00,21.1,,1.5,160,100,10
102,백령도,2018-07-19 02:00,21,,.2,0,100,8
102,백령도,2018-07-19 03:00,21.1,,1.1,140,100,9
102,백령도,2018-07-19 04:00,21.3,,.9,140,100,15
102,백령도,2018-07-19 05:00,21.7,,1.5,110,100,156
102,백령도,2018-07-19 06:00,21.7,,1.1,110,100,30
102,백령도,2018-07-19 07:00,22.1,,1.3,110,100,25
102,백령도,2018-07-19 08:00,22.6,,1.1,160,100,837
102,백령도,2018-07-19 09:00,22.1,,2.6,160,100,507
102,백령도,2018-07-19 10:00,23.3,,1.9,110,100,1694
102,백령도,2018-07-19 11:00,24.9,,1.8,110,96,1834
102,백령도,2018-07-19 12:00,23.6,,2.8,160,94,2178
102,백령도,2018-07-19 13:00,24.7,,2.8,140,92,2544
102,백령도,2018-07-19 14:00,24.4,,3,200,92,1805
102,백령도,2018-07-19 15:00,24.9,,2.8,180,93,1438
102,백령도,2018-07-19 16:00,25.6,,2.5,180,92,1491
102,백령도,2018-07-19 17:00,24.8,,2.3,180,92,1418
102,백령도,2018-07-19 18:00,24.2,,2.6,180,93,1362
102,백령도,2018-07-19 19:00,22.8,,1.9,180,96,1388
102,백령도,2018-07-19 20:00,23,,.8,180,97,940
102,백령도,2018-07-19 21:00,23,,.7,200,99,407
102,백령도,2018-07-19 22:00,21.4,,.7,160,99,642
102,백령도,2018-07-19 23:00,22.2,,0,0,100,529
102,백령도,2018-07-20 00:00,19.6,,2.1,70,100,6
102,백령도,2018-07-20 01:00,20.7,,1.3,110,100,6
102,백령도,2018-07-20 02:00,20.7,,1,110,100,6
102,백령도,2018-07-20 03:00,21.2,,1.2,90,100,5
102,백령도,2018-07-20 04:00,20.5,,1.5,90,100,5
102,백령도,2018-07-20 05:00,20.8,,1.1,90,100,5
102,백령도,2018-07-20 06:00,21.1,,.4,0,100,9
102,백령도,2018-07-20 07:00,21,,1.2,180,100,12
102,백령도,2018-07-20 08:00,21.5,,1.3,180,100,10
102,백령도,2018-07-20 09:00,23.1,,1.8,160,100,1476
102,백령도,2018-07-20 10:00,24.3,,1.9,90,88,3329
102,백령도,2018-07-20 11:00,23.9,,1.8,90,94,3824
102,백령도,2018-07-20 12:00,26.2,,1.3,70,84,2720
102,백령도,2018-07-20 13:00,26.9,,1.2,70,82,2802
102,백령도,2018-07-20 14:00,26.8,,1.6,70,83,2532
102,백령도,2018-07-20 15:00,26.8,,1.2,50,84,2609
102,백령도,2018-07-20 16:00,26.9,,1.8,340,81,2213
102,백령도,2018-07-20 17:00,26.5,,2.8,290,81,2604
102,백령도,2018-07-20 18:00,26.5,,2.1,290,81,2381
102,백령도,2018-07-20 19:00,25.2,,.9,290,87,2036
102,백령도,2018-07-20 20:00,23.4,,.5,290,96,1417
102,백령도,2018-07-20 21:00,23,,.5,320,98,988
102,백령도,2018-07-20 22:00,22.9,,0,0,99,881
102,백령도,2018-07-20 23:00,22.5,,0,0,100,661
102,백령도,2018-07-21 00:00,22.5,,.1,0,100,329
102,백령도,2018-07-21 01:00,21.8,,.8,320,100,244
102,백령도,2018-07-21 02:00,22,,.8,270,100,282
102,백령도,2018-07-21 03:00,21.6,,1.7,340,100,11
102,백령도,2018-07-21 04:00,21.9,,1.1,320,100,7
102,백령도,2018-07-21 05:00,21.3,,1.4,320,100,13
102,백령도,2018-07-21 06:00,21.9,,1.2,290,100,366
102,백령도,2018-07-21 07:00,22.5,,.2,0,100,519
102,백령도,2018-07-21 08:00,22.7,,2.1,90,100,823
102,백령도,2018-07-21 09:00,24.3,,1.2,90,92,1521
102,백령도,2018-07-21 10:00,25.5,,2.5,110,85,1555
102,백령도,2018-07-21 11:00,27.2,,2.3,140,81,2066
102,백령도,2018-07-21 12:00,26.8,,2.7,200,79,2570
102,백령도,2018-07-21 13:00,27.5,,1.7,200,72,3261
102,백령도,2018-07-21 14:00,26.3,,3.1,290,80,2114
102,백령도,2018-07-21 15:00,26.1,,3.3,320,81,2425
102,백령도,2018-07-21 16:00,26.5,,2.4,290,83,2211
102,백령도,2018-07-21 17:00,24.8,,3.5,320,81,2558
102,백령도,2018-07-21 18:00,25.3,,2.6,320,81,2691
102,백령도,2018-07-21 19:00,24.6,,1.4,290,84,2867
102,백령도,2018-07-21 20:00,23.4,,.8,290,90,2000
102,백령도,2018-07-21 21:00,23.2,,.7,320,80,3725
102,백령도,2018-07-21 22:00,21.4,,1.9,320,93,2211
102,백령도,2018-07-21 23:00,22.2,,1.8,320,89,3022
102,백령도,2018-07-22 00:00,22.3,,1.9,320,89,2959
102,백령도,2018-07-22 01:00,22.9,,1.2,250,81,3847
102,백령도,2018-07-22 02:00,22.8,,.6,160,79,4361
102,백령도,2018-07-22 03:00,22.2,,1.7,70,84,2554
102,백령도,2018-07-22 04:00,21.4,,1.5,70,94,1844
102,백령도,2018-07-22 05:00,22.2,,.5,70,94,2168
102,백령도,2018-07-22 06:00,22.6,,0,0,90,2713
102,백령도,2018-07-22 07:00,23.5,,.8,290,86,3222
102,백령도,2018-07-22 08:00,25.6,,1.9,70,72,3123
102,백령도,2018-07-22 09:00,25.6,,1.9,90,82,2222
102,백령도,2018-07-22 10:00,26.9,,2.9,70,80,1917
102,백령도,2018-07-22 11:00,28.6,,2.6,90,70,2054
102,백령도,2018-07-22 12:00,29.2,,2.6,70,71,1827
102,백령도,2018-07-22 13:00,29.8,,2,70,64,1883
102,백령도,2018-07-22 14:00,30.6,,2,70,61,1866
102,백령도,2018-07-22 15:00,29.1,,2,290,68,2191
102,백령도,2018-07-22 16:00,30.1,,2.2,180,64,1793
102,백령도,2018-07-22 17:00,29,,1.6,290,64,2281
102,백령도,2018-07-22 18:00,27,,1.2,340,70,2235
102,백령도,2018-07-22 19:00,25.2,,1.6,290,75,2267
102,백령도,2018-07-22 20:00,24.9,,1.5,320,78,1893
102,백령도,2018-07-22 21:00,25.3,,.2,0,77,1772
102,백령도,2018-07-22 22:00,25.5,,0,0,77,1616
102,백령도,2018-07-22 23:00,24.6,,1.5,140,83,1275
102,백령도,2018-07-23 00:00,24.9,,.8,180,85,1289
102,백령도,2018-07-23 01:00,23.3,,.6,290,91,982
102,백령도,2018-07-23 02:00,24.3,,1.2,70,86,762
102,백령도,2018-07-23 03:00,24.5,,1.8,110,88,853
102,백령도,2018-07-23 04:00,24.5,,1,110,89,849
102,백령도,2018-07-23 05:00,24.3,,.9,140,93,704
102,백령도,2018-07-23 06:00,23.9,,.5,140,94,590
102,백령도,2018-07-23 07:00,23.3,,.8,90,96,567
102,백령도,2018-07-23 08:00,25.6,,2.9,140,86,2018
102,백령도,2018-07-23 09:00,26.5,,3.3,160,83,2455
102,백령도,2018-07-23 10:00,27.2,,4.2,160,79,3097
102,백령도,2018-07-23 11:00,28.2,,3.3,160,78,3267
102,백령도,2018-07-23 12:00,27.9,,3.7,180,80,3108
102,백령도,2018-07-23 13:00,28.3,,3.9,160,78,3265
102,백령도,2018-07-23 14:00,27.9,,4.6,160,78,3266
102,백령도,2018-07-23 15:00,27.7,,4.4,180,77,3110
102,백령도,2018-07-23 16:00,27.6,,3.7,180,78,2907
102,백령도,2018-07-23 17:00,27.4,,2.4,180,83,2572
102,백령도,2018-07-23 18:00,27.3,,1.8,200,85,2472
102,백령도,2018-07-23 19:00,26.4,,1.9,180,88,2163
102,백령도,2018-07-23 20:00,25.2,,.9,200,93,1712
102,백령도,2018-07-23 21:00,24.4,,.7,110,94,1076
102,백령도,2018-07-23 22:00,23.5,,1.3,140,96,715
102,백령도,2018-07-23 23:00,24,,1.5,110,96,804
102,백령도,2018-07-24 00:00,24.8,,1.3,140,94,1472
102,백령도,2018-07-24 01:00,24.1,,1.3,160,97,974
102,백령도,2018-07-24 02:00,23.9,,.8,180,97,866
102,백령도,2018-07-24 03:00,23.8,,1,110,98,1302
102,백령도,2018-07-24 04:00,23.5,,1.7,110,98,1109
102,백령도,2018-07-24 05:00,23.9,,1.7,110,99,1214
102,백령도,2018-07-24 06:00,24,,2,110,97,1503
102,백령도,2018-07-24 07:00,25.3,,1.9,110,93,2731
102,백령도,2018-07-24 08:00,26,,4,160,91,2980
102,백령도,2018-07-24 09:00,26.7,,4.3,140,85,3930
102,백령도,2018-07-24 10:00,27.8,,3.8,140,81,3228
102,백령도,2018-07-24 11:00,27.6,,3.8,140,82,2840
102,백령도,2018-07-24 12:00,27.9,,3.5,160,76,4577
102,백령도,2018-07-24 13:00,28.1,,3.5,140,78,3925
102,백령도,2018-07-24 14:00,28.4,,3.8,140,78,3578
102,백령도,2018-07-24 15:00,28.4,,5.1,160,77,3766
102,백령도,2018-07-24 16:00,27.4,,4.5,180,80,3386
102,백령도,2018-07-24 17:00,27,,4.6,140,84,2888
102,백령도,2018-07-24 18:00,27,,4,160,83,2957
102,백령도,2018-07-24 19:00,25.9,,4.7,140,90,2146
102,백령도,2018-07-24 20:00,25.4,,4.2,160,95,1563
102,백령도,2018-07-24 21:00,25.3,,4.9,160,96,1675
102,백령도,2018-07-24 22:00,24.4,,5.3,140,98,987
102,백령도,2018-07-24 23:00,23.8,,5.1,140,99,856
102,백령도,2018-07-25 00:00,23.8,,4.1,140,100,592
102,백령도,2018-07-25 01:00,23.5,,4.5,140,100,315
102,백령도,2018-07-25 02:00,23.5,,5.4,140,100,219
102,백령도,2018-07-25 03:00,24.4,0,5.5,140,100,413
102,백령도,2018-07-25 04:00,23.9,0,5.5,160,100,262
102,백령도,2018-07-25 05:00,23.5,.6,4.8,140,100,205
102,백령도,2018-07-25 06:00,24,0,2.6,180,100,197
102,백령도,2018-07-25 07:00,24.9,,4,180,100,350
102,백령도,2018-07-25 08:00,25.5,,2.9,200,100,412
102,백령도,2018-07-25 09:00,26.4,,4,200,96,719
102,백령도,2018-07-25 10:00,26.5,,4.9,180,95,706
102,백령도,2018-07-25 11:00,26.1,,3.3,180,94,782
102,백령도,2018-07-25 12:00,27.1,,4.8,180,91,1036
102,백령도,2018-07-25 13:00,27.4,,5,180,91,1106
102,백령도,2018-07-25 14:00,27.6,,5.3,160,90,1174
102,백령도,2018-07-25 15:00,27.4,,5.6,160,91,1166
102,백령도,2018-07-25 16:00,27.2,,4.8,160,93,1211
102,백령도,2018-07-25 17:00,26.8,,5,160,93,1166
102,백령도,2018-07-25 18:00,25.5,,4.6,140,96,802
102,백령도,2018-07-25 19:00,25,,2.5,180,97,611
102,백령도,2018-07-25 20:00,24.4,,.7,180,100,409
102,백령도,2018-07-25 21:00,24.6,,4.9,140,100,343
102,백령도,2018-07-25 22:00,24.9,,3.7,140,100,384
102,백령도,2018-07-25 23:00,24.8,,4.8,140,100,402
102,백령도,2018-07-26 00:00,24.7,,4.9,160,100,281
102,백령도,2018-07-26 01:00,23.2,,2.4,180,100,133
102,백령도,2018-07-26 02:00,24.2,,4.9,160,100,89
102,백령도,2018-07-26 03:00,23.5,,2.9,200,100,35
102,백령도,2018-07-26 04:00,24.9,,4.4,160,100,268
102,백령도,2018-07-26 05:00,24.1,,4.4,160,100,31
102,백령도,2018-07-26 06:00,24.1,,4.8,160,100,57
102,백령도,2018-07-26 07:00,23.8,,2.5,180,100,58
102,백령도,2018-07-26 08:00,24.6,.9,4.7,160,100,259
102,백령도,2018-07-26 09:00,23.9,.1,2.9,180,100,52
102,백령도,2018-07-26 10:00,25.8,.2,3.5,160,100,474
102,백령도,2018-07-26 11:00,25.2,,2.9,160,100,365
102,백령도,2018-07-26 12:00,26,,3.6,140,93,1021
102,백령도,2018-07-26 13:00,26.2,,3.7,140,97,969
102,백령도,2018-07-26 14:00,26.1,,3.5,140,95,1035
102,백령도,2018-07-26 15:00,25.1,,2.7,160,99,577
102,백령도,2018-07-26 16:00,25.8,,3.4,160,98,790
102,백령도,2018-07-26 17:00,26.7,,3.5,140,95,1093
102,백령도,2018-07-26 18:00,25.9,,3.2,140,97,725
102,백령도,2018-07-26 19:00,24.7,,2.2,180,100,271
102,백령도,2018-07-26 20:00,24.3,,1.9,200,100,30
102,백령도,2018-07-26 21:00,24.9,,.3,0,100,69
102,백령도,2018-07-26 22:00,24.3,,1.4,110,100,18
102,백령도,2018-07-26 23:00,24.2,,.5,200,100,18
102,백령도,2018-07-27 00:00,24.6,,.1,0,100,17
102,백령도,2018-07-27 01:00,23.4,,1.2,90,100,15
102,백령도,2018-07-27 02:00,24.1,,1.2,90,100,24
102,백령도,2018-07-27 03:00,24.5,,.7,140,100,15
102,백령도,2018-07-27 04:00,24.5,,1.1,110,100,27
102,백령도,2018-07-27 05:00,24.6,,.6,110,100,47
102,백령도,2018-07-27 06:00,24.4,,.6,200,100,22
102,백령도,2018-07-27 07:00,24.5,,2.4,160,100,40
102,백령도,2018-07-27 08:00,24.9,,1.7,180,100,365
102,백령도,2018-07-27 09:00,26.3,,3.2,140,100,1140
102,백령도,2018-07-27 10:00,26.4,,1.8,140,98,1837
102,백령도,2018-07-27 11:00,26.7,,2.5,200,93,1630
102,백령도,2018-07-27 12:00,27.3,,2.6,200,90,1517
102,백령도,2018-07-27 13:00,28.7,,1.9,180,83,1731
102,백령도,2018-07-27 14:00,27.9,,1.6,290,89,1644
102,백령도,2018-07-27 15:00,28.8,,2.7,320,84,1733
102,백령도,2018-07-27 16:00,28.6,,2.7,290,83,1799
102,백령도,2018-07-27 17:00,27,,2.8,320,92,1475
102,백령도,2018-07-27 18:00,27.5,,2.4,290,87,1399
102,백령도,2018-07-27 19:00,26.8,,2.2,290,92,1270
102,백령도,2018-07-27 20:00,25.3,,2.2,290,98,674
102,백령도,2018-07-27 21:00,24.8,,2.2,290,99,525
102,백령도,2018-07-27 22:00,24.4,,1.9,320,100,431
102,백령도,2018-07-27 23:00,24.5,,1.6,320,99,384
102,백령도,2018-07-28 00:00,24.4,,1.4,360,99,426
102,백령도,2018-07-28 01:00,24.3,,1.2,320,99,496
102,백령도,2018-07-28 02:00,23.9,,.4,0,100,412
102,백령도,2018-07-28 03:00,23.7,,1.8,320,100,332
102,백령도,2018-07-28 04:00,24.1,,2.1,320,100,420
102,백령도,2018-07-28 05:00,23.3,,2.5,320,100,353
102,백령도,2018-07-28 06:00,22.7,,1.7,320,100,364
102,백령도,2018-07-28 07:00,23.5,,1.8,320,100,533
102,백령도,2018-07-28 08:00,25.4,,2.7,360,95,828
102,백령도,2018-07-28 09:00,27.5,,1.1,20,86,990
102,백령도,2018-07-28 10:00,28.1,,1.1,320,83,1436
102,백령도,2018-07-28 11:00,28.8,,1.9,290,80,1709
102,백령도,2018-07-28 12:00,27.6,,3,290,86,1463
102,백령도,2018-07-28 13:00,28.6,,2.6,290,82,1632
102,백령도,2018-07-28 14:00,27.7,,4.4,320,83,1665
102,백령도,2018-07-28 15:00,26.2,,5.2,320,90,1496
102,백령도,2018-07-28 16:00,26.9,,3.9,320,86,1439
102,백령도,2018-07-28 17:00,26.8,,3.8,340,87,1637
102,백령도,2018-07-28 18:00,25.1,,4.5,320,90,1821
102,백령도,2018-07-28 19:00,25.3,,3.3,320,91,1109
102,백령도,2018-07-28 20:00,24.6,,3.3,320,93,826
102,백령도,2018-07-28 21:00,24.5,,1.2,290,94,833
102,백령도,2018-07-28 22:00,25.3,,2.3,340,90,1057
102,백령도,2018-07-28 23:00,24.1,,1.5,320,92,876
102,백령도,2018-07-29 00:00,24.1,,2.5,320,92,990
102,백령도,2018-07-29 01:00,23.7,,1.4,320,96,631
102,백령도,2018-07-29 02:00,24.6,,.4,0,93,868
102,백령도,2018-07-29 03:00,24.4,,.9,50,95,918
102,백령도,2018-07-29 04:00,24.6,,1.3,70,96,887
102,백령도,2018-07-29 05:00,22.9,,1.3,290,98,707
102,백령도,2018-07-29 06:00,25.2,,.2,0,92,1490
102,백령도,2018-07-29 07:00,26.5,,0,0,87,1630
102,백령도,2018-07-29 08:00,23.9,,1.9,290,92,1177
102,백령도,2018-07-29 09:00,27.5,,1.4,290,82,1957
102,백령도,2018-07-29 10:00,30.2,,1.3,90,68,2626
102,백령도,2018-07-29 11:00,30.8,,1.6,20,65,1359
102,백령도,2018-07-29 12:00,30.6,,2,360,66,2746
102,백령도,2018-07-29 13:00,30.1,,2.9,320,68,2710
102,백령도,2018-07-29 14:00,30.4,,3.4,290,70,2419
102,백령도,2018-07-29 15:00,30.2,,3.4,320,67,2746
102,백령도,2018-07-29 16:00,29.7,,3.7,320,70,2478
102,백령도,2018-07-29 17:00,29.1,,4,320,71,2111
102,백령도,2018-07-29 18:00,27.1,,3.7,290,79,1697
102,백령도,2018-07-29 19:00,25.8,,3.1,320,83,1441
102,백령도,2018-07-29 20:00,24,,3.5,320,89,1205
102,백령도,2018-07-29 21:00,24.2,,3.3,320,92,985
102,백령도,2018-07-29 22:00,25.3,,4.2,340,84,1872
102,백령도,2018-07-29 23:00,25,,3.3,320,84,1943
102,백령도,2018-07-30 00:00,25.1,,3.2,340,83,2062
102,백령도,2018-07-30 01:00,25.6,,2.8,360,87,1727
102,백령도,2018-07-30 02:00,26,,3,50,81,2090
102,백령도,2018-07-30 03:00,24.5,,1.7,110,83,1903
102,백령도,2018-07-30 04:00,24.2,,2,140,84,2240
102,백령도,2018-07-30 05:00,24.9,,2,110,75,3629
102,백령도,2018-07-30 06:00,23.3,,1.4,20,81,3659
102,백령도,2018-07-30 07:00,25.8,,2.4,70,69,4029
102,백령도,2018-07-30 08:00,26.6,,2.6,70,66,3870
102,백령도,2018-07-30 09:00,27.4,,3.1,90,61,3740
102,백령도,2018-07-30 10:00,29,,3.5,90,61,4000
102,백령도,2018-07-30 11:00,29.5,,3.9,90,60,4352
102,백령도,2018-07-30 12:00,30.2,,2.2,110,61,4808
102,백령도,2018-07-30 13:00,28.9,,2.8,320,63,3822
102,백령도,2018-07-30 14:00,29.4,,3.3,290,59,4479
102,백령도,2018-07-30 15:00,29.1,,2.9,320,61,4045
102,백령도,2018-07-30 16:00,27.8,,4.5,320,58,4067
102,백령도,2018-07-30 17:00,28.7,,3.6,320,56,3958
102,백령도,2018-07-30 18:00,28.2,,2.9,320,60,4450
102,백령도,2018-07-30 19:00,27.8,,2.7,320,62,4483
102,백령도,2018-07-30 20:00,25.3,,2,320,68,4389
102,백령도,2018-07-30 21:00,24.6,,2.5,320,71,4561
102,백령도,2018-07-30 22:00,25.3,,1.9,320,67,4437
102,백령도,2018-07-30 23:00,24.5,,2.3,320,69,4637
102,백령도,2018-07-31 00:00,24.6,,2,320,69,4775
102,백령도,2018-07-31 01:00,24.3,,2.2,290,70,4847
102,백령도,2018-07-31 02:00,23.9,,1.9,290,72,4882
102,백령도,2018-07-31 03:00,26.3,,1.5,50,69,4445
102,백령도,2018-07-31 04:00,25.6,,2.1,70,72,4027
102,백령도,2018-07-31 05:00,24.6,,1.9,90,79,3863
102,백령도,2018-07-31 06:00,25,,2.1,90,87,3451
102,백령도,2018-07-31 07:00,25.9,,2.1,90,79,3542
102,백령도,2018-07-31 08:00,27.1,,1.1,110,79,3240
102,백령도,2018-07-31 09:00,28.4,,1.1,110,74,2800
102,백령도,2018-07-31 10:00,29.6,,2.5,110,69,2975
102,백령도,2018-07-31 11:00,29.8,,2.5,140,69,3343
102,백령도,2018-07-31 12:00,30.3,,2.6,160,67,3505
102,백령도,2018-07-31 13:00,29.8,,2.7,180,67,3532
102,백령도,2018-07-31 14:00,28.8,,2.3,340,69,3543
102,백령도,2018-07-31 15:00,28.6,,4.4,320,70,3469
102,백령도,2018-07-31 16:00,28.1,,4.2,320,72,3992
102,백령도,2018-07-31 17:00,28.6,,3.1,320,60,3763
102,백령도,2018-07-31 18:00,27.8,,3.5,320,61,4448
102,백령도,2018-07-31 19:00,27,,3.9,320,69,4662
102,백령도,2018-07-31 20:00,25.3,,3.5,320,79,4371
102,백령도,2018-07-31 21:00,25,,3.9,320,84,4266
102,백령도,2018-07-31 22:00,26.1,,3.5,320,83,4214
102,백령도,2018-07-31 23:00,25.1,,3.6,320,87,3610
102,백령도,2018-08-01 00:00,25,,2.9,320,90,3821
102,백령도,2018-08-01 01:00,24.9,,3.2,320,91,3657
102,백령도,2018-08-01 02:00,24.9,,2.4,320,93,3024
102,백령도,2018-08-01 03:00,24.9,,2.5,340,96,2004
102,백령도,2018-08-01 04:00,24.8,,2.3,320,94,2257
102,백령도,2018-08-01 05:00,24.7,,1.8,340,91,2894
102,백령도,2018-08-01 06:00,25,,2.3,340,91,2431
102,백령도,2018-08-01 07:00,26.3,,2.1,320,84,2800
102,백령도,2018-08-01 08:00,27.5,,2.3,290,74,3022
102,백령도,2018-08-01 09:00,28,,3.7,320,79.6,3860
102,백령도,2018-08-01 10:00,29.2,,2.4,320,75,3745
102,백령도,2018-08-01 11:00,30.1,,2.9,320,73,3569
102,백령도,2018-08-01 12:00,29.5,,3.5,320,77,3983
102,백령도,2018-08-01 13:00,30.5,,3.2,320,75,3086
102,백령도,2018-08-01 14:00,31,,3.9,320,72,2954
102,백령도,2018-08-01 15:00,30.4,,4.3,290,73,2541
102,백령도,2018-08-01 16:00,30.7,,4.2,290,73,2167
102,백령도,2018-08-01 17:00,30.6,,4,290,77,1789
102,백령도,2018-08-01 18:00,29.6,,3.5,290,82,1406
102,백령도,2018-08-01 19:00,28.4,,2.7,320,91,893
102,백령도,2018-08-01 20:00,27.5,,2.3,320,91,1126
102,백령도,2018-08-01 21:00,26.9,,1.9,290,96,814
102,백령도,2018-08-01 22:00,26.7,,1.7,320,99,421
102,백령도,2018-08-01 23:00,26.4,,2,320,100,200
102,백령도,2018-08-02 00:00,26.4,,1.8,320,100,226
102,백령도,2018-08-02 01:00,26.4,,.8,290,99,327
102,백령도,2018-08-02 02:00,26.3,,0,0,100,277
102,백령도,2018-08-02 03:00,26,,0,0,98,472
102,백령도,2018-08-02 04:00,25.6,,.7,290,99,459
102,백령도,2018-08-02 05:00,24.5,,.6,290,100,14
102,백령도,2018-08-02 06:00,24.9,,.1,0,100,95
102,백령도,2018-08-02 07:00,26.1,,0,0,100,469
102,백령도,2018-08-02 08:00,26.9,,.9,160,94,560
102,백령도,2018-08-02 09:00,29,,1.4,90,84,991
102,백령도,2018-08-02 10:00,29.6,,1.1,90,82,1265
102,백령도,2018-08-02 11:00,30.3,,1.8,180,78,1294
102,백령도,2018-08-02 12:00,31.3,,2.6,200,70,1679
102,백령도,2018-08-02 13:00,31.2,,1.5,270,71,1523
102,백령도,2018-08-02 14:00,31.2,,2,360,77,1194
102,백령도,2018-08-02 15:00,31.5,,1.8,340,75,1331
102,백령도,2018-08-02 16:00,31.6,,1,20,74,1415
102,백령도,2018-08-02 17:00,30.9,,2.4,320,79,1161
102,백령도,2018-08-02 18:00,30.7,,2.3,290,77,1162
102,백령도,2018-08-02 19:00,28.9,,2.2,320,87,777
102,백령도,2018-08-02 20:00,27.2,,2.4,320,97,390
102,백령도,2018-08-02 21:00,26.8,,2,320,99,265
102,백령도,2018-08-02 22:00,26.3,,1.8,320,100,225
102,백령도,2018-08-02 23:00,26.6,,1.9,290,100,241
102,백령도,2018-08-03 00:00,26.5,,.9,320,100,185
102,백령도,2018-08-03 01:00,26.5,,0,0,100,314
102,백령도,2018-08-03 02:00,25.8,,.5,160,98,345
102,백령도,2018-08-03 03:00,25.7,,.9,180,99,412
102,백령도,2018-08-03 04:00,26.1,,.2,0,98,537
102,백령도,2018-08-03 05:00,25.4,,0,0,93,1070
102,백령도,2018-08-03 06:00,25.9,,0,0,93,1075
102,백령도,2018-08-03 07:00,26.6,,.7,270,88,1359
102,백령도,2018-08-03 08:00,28.3,,.5,180,81,1967
102,백령도,2018-08-03 09:00,29.2,,1.7,90,75,1816
102,백령도,2018-08-03 10:00,29.5,,2.3,90,76,1803
102,백령도,2018-08-03 11:00,31.3,,1.8,90,68,2319
102,백령도,2018-08-03 12:00,31.8,,2.6,110,71,1959
102,백령도,2018-08-03 13:00,31,,3.1,200,75,1764
102,백령도,2018-08-03 14:00,29.2,,3.8,180,79,1573
102,백령도,2018-08-03 15:00,30.7,,3.2,180,76,1838
102,백령도,2018-08-03 16:00,30.4,,3.4,200,77,1882
102,백령도,2018-08-03 17:00,30.2,,3.1,200,75,1990
102,백령도,2018-08-03 18:00,29.8,,2.8,200,80,1859
102,백령도,2018-08-03 19:00,28.9,,2.1,200,84,2045
102,백령도,2018-08-03 20:00,28.1,,1.4,230,87,1886
102,백령도,2018-08-03 21:00,27.2,,.9,250,89,1633
102,백령도,2018-08-03 22:00,24.1,,1.9,90,100,713
102,백령도,2018-08-03 23:00,25,,1.7,90,98,556
102,백령도,2018-08-04 00:00,25.4,,1.7,110,98,542
102,백령도,2018-08-04 01:00,24,,1.4,160,100,557
102,백령도,2018-08-04 02:00,24.1,,1.2,180,100,399
102,백령도,2018-08-04 03:00,25.1,,1.8,110,98,764
102,백령도,2018-08-04 04:00,24.6,,.6,180,99,544
102,백령도,2018-08-04 05:00,24.6,,2.2,140,99,634
102,백령도,2018-08-04 06:00,25,0,3.2,140,97,818
102,백령도,2018-08-04 07:00,25.3,0,4.6,160,94,1049
102,백령도,2018-08-04 08:00,25.7,,4.7,160,92,1312
102,백령도,2018-08-04 09:00,27,,4.5,160,89,1640
102,백령도,2018-08-04 10:00,27.6,,4.2,160,86,1644
102,백령도,2018-08-04 11:00,28.2,,5.1,160,87,1834
102,백령도,2018-08-04 12:00,28.7,,5.1,160,85,2138
102,백령도,2018-08-04 13:00,29.5,,4.7,160,85,2250
102,백령도,2018-08-04 14:00,29.1,,4.3,160,84,2308
102,백령도,2018-08-04 15:00,29.6,,3.4,160,83,2421
102,백령도,2018-08-04 16:00,29.3,,2.8,200,79,2537
102,백령도,2018-08-04 17:00,29,,3.2,160,81,2526
102,백령도,2018-08-04 18:00,28.3,,2.5,180,85,2287
102,백령도,2018-08-04 19:00,27.1,,2.1,180,93,1688
102,백령도,2018-08-04 20:00,26.2,,1.5,160,98,936
102,백령도,2018-08-04 21:00,25.4,,1.4,180,100,416
102,백령도,2018-08-04 22:00,24.5,,1.7,180,100,405
102,백령도,2018-08-04 23:00,24.6,,2.3,180,100,194
102,백령도,2018-08-05 00:00,24.4,,2.6,180,100,120
102,백령도,2018-08-05 01:00,25.2,,1,200,100,511
102,백령도,2018-08-05 02:00,25.9,,2.1,200,99,550
102,백령도,2018-08-05 03:00,22.9,,1.5,160,100,120
102,백령도,2018-08-05 04:00,25,,1.3,230,100,586
102,백령도,2018-08-05 05:00,24.7,,1,200,97,690
102,백령도,2018-08-05 06:00,24.2,,1.1,200,100,950
102,백령도,2018-08-05 07:00,24.5,,1.7,180,100,368
102,백령도,2018-08-05 08:00,27.2,,1.2,200,93,1869
102,백령도,2018-08-05 09:00,29.1,,1.5,200,85,2468
102,백령도,2018-08-05 10:00,27,,.7,90,86,2523
102,백령도,2018-08-05 11:00,27.6,,2.1,90,87,2032
102,백령도,2018-08-05 12:00,29.8,,1,320,85,2186
102,백령도,2018-08-05 13:00,28.9,,1.3,50,84,1965
102,백령도,2018-08-05 14:00,29,,2.8,320,84,1969
102,백령도,2018-08-05 15:00,28.8,,2.9,320,83,1930
102,백령도,2018-08-05 16:00,29.3,,3.6,320,81,2252
102,백령도,2018-08-05 17:00,29.5,,4.2,290,81,2168
102,백령도,2018-08-05 18:00,29,,3,270,84,2100
102,백령도,2018-08-05 19:00,28.6,,2.3,270,86,1957
102,백령도,2018-08-05 20:00,27.3,,1.3,270,92,1580
102,백령도,2018-08-05 21:00,26.8,,.3,0,93,1295
102,백령도,2018-08-05 22:00,25.9,,1.4,290,97,915
102,백령도,2018-08-05 23:00,25.8,,.8,290,98,702
102,백령도,2018-08-06 00:00,25.9,,0,0,99,555
102,백령도,2018-08-06 01:00,25,,.5,110,98,634
102,백령도,2018-08-06 02:00,25.1,,.9,200,100,202
102,백령도,2018-08-06 03:00,24.7,,.6,180,100,266
102,백령도,2018-08-06 04:00,25.3,,.3,0,100,477
102,백령도,2018-08-06 05:00,25.5,,.5,180,100,350
102,백령도,2018-08-06 06:00,25.2,,1.1,180,100,266
102,백령도,2018-08-06 07:00,24.8,,1.2,110,99,676
102,백령도,2018-08-06 08:00,25.9,,1.2,110,94,1729
102,백령도,2018-08-06 09:00,27.2,,1.9,90,94,1796
102,백령도,2018-08-06 10:00,28.2,,2.3,110,89,1702
102,백령도,2018-08-06 11:00,28,,2.7,180,87,1903
102,백령도,2018-08-06 12:00,28.8,,2.6,180,84,2036
102,백령도,2018-08-06 13:00,29.7,,3.3,180,82,2188
102,백령도,2018-08-06 14:00,30,,3.2,200,77,2351
102,백령도,2018-08-06 15:00,29.2,,1.1,70,84,1988
102,백령도,2018-08-06 16:00,30,,3.7,230,78,2385
102,백령도,2018-08-06 17:00,30.2,,2.2,250,78,2476
102,백령도,2018-08-06 18:00,29.5,,2.6,270,78,2415
102,백령도,2018-08-06 19:00,28.7,,2.8,270,84,2228
102,백령도,2018-08-06 20:00,27.7,,.5,250,89,1853
102,백령도,2018-08-06 21:00,25.9,,.4,0,94,911
102,백령도,2018-08-06 22:00,24.8,,1.8,90,98,491
102,백령도,2018-08-06 23:00,24.7,,1.8,90,100,340
102,백령도,2018-08-07 00:00,24.8,,.5,200,99,627
102,백령도,2018-08-07 01:00,24.9,,1.2,180,99,383
102,백령도,2018-08-07 02:00,24.8,,2,200,100,227
102,백령도,2018-08-07 03:00,24.8,,1.3,180,99,369
102,백령도,2018-08-07 04:00,25,,1.2,180,100,392
102,백령도,2018-08-07 05:00,22.4,,2.5,90,100,31
102,백령도,2018-08-07 06:00,24.1,,1.1,160,100,337
102,백령도,2018-08-07 07:00,24.6,,1.9,160,100,231
102,백령도,2018-08-07 08:00,26,,1,140,99,735
102,백령도,2018-08-07 09:00,27.7,,2.5,160,94,1559
102,백령도,2018-08-07 10:00,27.9,,3.6,160,88,1876
102,백령도,2018-08-07 11:00,28.5,,3.6,160,85,2251
102,백령도,2018-08-07 12:00,29.3,,3.1,160,82,2344
102,백령도,2018-08-07 13:00,29.4,,4.5,160,82,2383
102,백령도,2018-08-07 14:00,29.5,,3.6,160,81,2482
102,백령도,2018-08-07 15:00,29.8,,4.8,200,76,2697
102,백령도,2018-08-07 16:00,30.1,,3.4,200,75,3052
102,백령도,2018-08-07 17:00,29.6,,3.9,250,76,2954
102,백령도,2018-08-07 18:00,28.9,,2.8,230,80,2726
102,백령도,2018-08-07 19:00,28.6,,2,230,83,2832
102,백령도,2018-08-07 20:00,27.2,,.8,200,90,1898
102,백령도,2018-08-07 21:00,26.2,,.3,0,93,1361
102,백령도,2018-08-07 22:00,26.4,,0,0,93,1318
102,백령도,2018-08-07 23:00,24,,2.2,90,100,518
102,백령도,2018-08-08 00:00,24.2,,1.4,160,99,475
102,백령도,2018-08-08 01:00,24.1,,1.4,180,100,318
102,백령도,2018-08-08 02:00,24.4,,1.3,180,100,372
102,백령도,2018-08-08 03:00,24.5,,.7,200,100,365
102,백령도,2018-08-08 04:00,24.6,,.9,180,99,481
102,백령도,2018-08-08 05:00,23.8,,.2,0,100,416
102,백령도,2018-08-08 06:00,24.3,,.7,110,100,307
102,백령도,2018-08-08 07:00,24.8,,.8,180,98,689
102,백령도,2018-08-08 08:00,26.2,,1.6,160,96,1186
102,백령도,2018-08-08 09:00,27.1,,3.1,180,91,2145
102,백령도,2018-08-08 10:00,28.7,,1.9,180,84,2684
102,백령도,2018-08-08 11:00,28.9,,3.2,180,83,2749
102,백령도,2018-08-08 12:00,28.9,,3.6,180,81,2984
102,백령도,2018-08-08 13:00,29.4,,4.3,230,74,3288
102,백령도,2018-08-08 14:00,30.7,,4.5,250,70,3559
102,백령도,2018-08-08 15:00,30.3,,1.8,250,73,3344
102,백령도,2018-08-08 16:00,29.5,,4,180,78,2960
102,백령도,2018-08-08 17:00,28.8,,2.6,290,80,2935
102,백령도,2018-08-08 18:00,28.5,,3.1,250,83,2805
102,백령도,2018-08-08 19:00,28,,2.1,270,87,2706
102,백령도,2018-08-08 20:00,27.3,,1.4,230,90,2138
102,백령도,2018-08-08 21:00,26.3,,2,200,96,1193
102,백령도,2018-08-08 22:00,26.3,,1.8,200,97,1053
102,백령도,2018-08-08 23:00,25.7,,.4,0,98,716
102,백령도,2018-08-09 00:00,25.5,,.7,270,97,1152
102,백령도,2018-08-09 01:00,24.1,,.1,0,97,1101
102,백령도,2018-08-09 02:00,24.4,,1.1,140,98,1481
102,백령도,2018-08-09 03:00,24.3,,1.2,110,100,658
102,백령도,2018-08-09 04:00,24.6,,.6,110,100,700
102,백령도,2018-08-09 05:00,25.4,,0,0,99,668
102,백령도,2018-08-09 06:00,24.8,,.2,0,100,560
102,백령도,2018-08-09 07:00,25.4,,1.4,320,99,689
102,백령도,2018-08-09 08:00,26.8,,.3,0,94,1224
102,백령도,2018-08-09 09:00,27.8,,.4,0,89,1430
102,백령도,2018-08-09 10:00,27.2,,2,290,89,1868
102,백령도,2018-08-09 11:00,27.9,,2.4,320,89,1996
102,백령도,2018-08-09 12:00,28.5,,4.4,320,86,2748
102,백령도,2018-08-09 13:00,29.2,,3.4,320,84,2613
102,백령도,2018-08-09 14:00,29.3,,3.4,290,80,2732
102,백령도,2018-08-09 15:00,28.8,,3.7,290,80,2991
102,백령도,2018-08-09 16:00,27.9,,4.5,320,85,2229
102,백령도,2018-08-09 17:00,27.3,,3.9,320,87,3033
102,백령도,2018-08-09 18:00,26.3,,4.3,320,87,3666
102,백령도,2018-08-09 19:00,24.7,,4.2,320,93,2802
102,백령도,2018-08-09 20:00,23.7,,2.1,320,98,1268
102,백령도,2018-08-09 21:00,23.3,,3.3,320,100,704
102,백령도,2018-08-09 22:00,23.2,,2,290,100,288
102,백령도,2018-08-09 23:00,23.3,,1.7,320,100,295
102,백령도,2018-08-10 00:00,23.4,,2.5,320,100,533
102,백령도,2018-08-10 01:00,23.1,,2.7,320,98,598
102,백령도,2018-08-10 02:00,23.9,,2.8,360,94,1543
102,백령도,2018-08-10 03:00,23.8,,1.4,290,93,1502
102,백령도,2018-08-10 04:00,24.2,,1.6,320,94,1196
102,백령도,2018-08-10 05:00,24,,1.5,340,97,668
102,백령도,2018-08-10 06:00,23.6,,1.3,290,99,506
102,백령도,2018-08-10 07:00,24.4,,1.5,340,99,416
102,백령도,2018-08-10 08:00,24.9,,2.3,290,96,809
102,백령도,2018-08-10 09:00,25,,2.5,320,95,1111
102,백령도,2018-08-10 10:00,27.9,,2.3,290,84,2259
102,백령도,2018-08-10 11:00,27.8,,2.6,290,81,2161
102,백령도,2018-08-10 12:00,28.8,,3.7,290,78,2241
102,백령도,2018-08-10 13:00,27.7,,3.9,320,81,1994
102,백령도,2018-08-10 14:00,28.3,,4.6,320,79,1938
102,백령도,2018-08-10 15:00,26.4,,4,320,85,1510
102,백령도,2018-08-10 16:00,27.4,,3.9,320,76,1770
102,백령도,2018-08-10 17:00,27.4,,5.5,340,69,2582
102,백령도,2018-08-10 18:00,26.5,,3.4,340,73,2631
102,백령도,2018-08-10 19:00,25.2,,3.4,320,79,2729
102,백령도,2018-08-10 20:00,24.9,,2.4,340,80,3031
102,백령도,2018-08-10 21:00,25.2,,3,340,78,3333
102,백령도,2018-08-10 22:00,24.7,,2.2,290,79,3511
102,백령도,2018-08-10 23:00,24.3,,3.2,320,81,3533
102,백령도,2018-08-11 00:00,23.7,,2.9,320,83,3322
102,백령도,2018-08-11 01:00,23.8,,2.7,320,83,3455
102,백령도,2018-08-11 02:00,24.6,,2.1,340,81,3564
102,백령도,2018-08-11 03:00,25.5,,1.6,20,77,3807
102,백령도,2018-08-11 04:00,25.7,,.9,20,74,4143
102,백령도,2018-08-11 05:00,25.7,,2.3,360,73,4502
102,백령도,2018-08-11 06:00,24.7,,1.6,90,78,3643
102,백령도,2018-08-11 07:00,25,,1.6,90,82,3083
102,백령도,2018-08-11 08:00,26.6,,2.6,90,77,3352
102,백령도,2018-08-11 09:00,27.6,,2.8,110,71,3351
102,백령도,2018-08-11 10:00,28.3,,3.8,140,78,2950
102,백령도,2018-08-11 11:00,29,,3.8,140,79,2763
102,백령도,2018-08-11 12:00,29.1,,4.2,160,75,2650
102,백령도,2018-08-11 13:00,28.8,,4.5,180,77,1906
102,백령도,2018-08-11 14:00,28.3,,5.4,180,78,2122
102,백령도,2018-08-11 15:00,28.6,,4.3,180,78,1927
102,백령도,2018-08-11 16:00,28.3,,4.9,180,79,1594
102,백령도,2018-08-11 17:00,28.2,,3.2,180,79,1443
102,백령도,2018-08-11 18:00,28.4,,1.6,160,82,1520
102,백령도,2018-08-11 19:00,25.8,,1.6,90,88,1605
102,백령도,2018-08-11 20:00,24.5,,.7,70,94,928
102,백령도,2018-08-11 21:00,25,,.7,140,94,745
102,백령도,2018-08-11 22:00,23.9,,1.5,90,97,399
102,백령도,2018-08-11 23:00,24.3,,.9,110,97,431
102,백령도,2018-08-12 00:00,24.3,,1.2,110,97,433
102,백령도,2018-08-12 01:00,24.2,,1.2,110,97,519
102,백령도,2018-08-12 02:00,24.3,,1.1,110,97,638
102,백령도,2018-08-12 03:00,24.3,,1.2,110,100,255
102,백령도,2018-08-12 04:00,23.5,,2,110,100,170
102,백령도,2018-08-12 05:00,24.2,,2.5,110,100,447
102,백령도,2018-08-12 06:00,24,,2.3,110,98,493
102,백령도,2018-08-12 07:00,24.6,,2.5,110,96,738
102,백령도,2018-08-12 08:00,26.1,,5.1,140,85,3506
102,백령도,2018-08-12 09:00,26.5,,5.3,140,82,3700
102,백령도,2018-08-12 10:00,27.2,,5.1,140,77,3181
102,백령도,2018-08-12 11:00,27,,6,140,78,3253
102,백령도,2018-08-12 12:00,27.4,,6.7,140,77,2461
102,백령도,2018-08-12 13:00,27.1,,6.2,140,82,1842
102,백령도,2018-08-12 14:00,27.8,,4.3,160,79,1876
102,백령도,2018-08-12 15:00,27.4,,3.8,160,82,1611
102,백령도,2018-08-12 16:00,27.4,,5,160,84,1447
102,백령도,2018-08-12 17:00,27.1,,4.9,160,84,1812
102,백령도,2018-08-12 18:00,26.7,,4,160,88,1493
102,백령도,2018-08-12 19:00,25.7,,2.1,200,92,1321
102,백령도,2018-08-12 20:00,25.5,,.9,180,94,935
102,백령도,2018-08-12 21:00,25.4,,.1,0,96,874
102,백령도,2018-08-12 22:00,24.7,,1.8,180,96,640
102,백령도,2018-08-12 23:00,25,,.7,180,94,864
102,백령도,2018-08-13 00:00,25.1,,1.7,140,93,923
102,백령도,2018-08-13 01:00,25.7,,2.7,160,89,1366
102,백령도,2018-08-13 02:00,25.7,,3,140,87,1529
102,백령도,2018-08-13 03:00,25.3,,3.1,140,90,1385
102,백령도,2018-08-13 04:00,25.1,,3.6,140,92,1208
102,백령도,2018-08-13 05:00,25.4,,3.9,140,91,1457
102,백령도,2018-08-13 06:00,25.1,,5.2,140,92,1371
102,백령도,2018-08-13 07:00,24.5,,5.1,140,93,1055
102,백령도,2018-08-13 08:00,25.4,,5,140,93,1170
102,백령도,2018-08-13 09:00,26,,4.4,140,91,1171
102,백령도,2018-08-13 10:00,25.8,,4.8,140,91,1051
102,백령도,2018-08-13 11:00,28.6,,4.2,140,84,1425
102,백령도,2018-08-13 12:00,29.5,,3.9,160,79,1816
102,백령도,2018-08-13 13:00,28.8,,4.2,140,82,1577
102,백령도,2018-08-13 14:00,28.3,,5.4,160,81,1483
102,백령도,2018-08-13 15:00,28.5,,4.6,140,78,1722
102,백령도,2018-08-13 16:00,28.5,,4.6,160,76,1899
102,백령도,2018-08-13 17:00,28.3,,4.6,160,77,1965
102,백령도,2018-08-13 18:00,26.9,,4.7,160,80,1667
102,백령도,2018-08-13 19:00,26.4,,2.2,160,86,1466
102,백령도,2018-08-13 20:00,25.2,,1.5,200,90,1143
102,백령도,2018-08-13 21:00,24.9,,1.2,180,92,912
102,백령도,2018-08-13 22:00,25.2,,0,0,93,985
102,백령도,2018-08-13 23:00,25.4,,1,110,94,867
102,백령도,2018-08-14 00:00,25,,1.6,140,97,709
102,백령도,2018-08-14 01:00,24.3,,2.2,180,97,466
102,백령도,2018-08-14 02:00,25.7,,4.6,160,95,617
102,백령도,2018-08-14 03:00,25.5,,4.6,160,96,826
102,백령도,2018-08-14 04:00,25.4,,4.7,160,95,914
102,백령도,2018-08-14 05:00,23.7,,3.9,140,98,465
102,백령도,2018-08-14 06:00,24.1,,3.2,140,97,600
102,백령도,2018-08-14 07:00,24.4,,4.2,140,95,904
102,백령도,2018-08-14 08:00,25.8,,5.1,140,90,1606
102,백령도,2018-08-14 09:00,26.7,,3.8,140,89,1862
102,백령도,2018-08-14 10:00,27.9,,3,140,86,1929
102,백령도,2018-08-14 11:00,28.8,,4.6,180,82,2538
102,백령도,2018-08-14 12:00,28.7,,4.8,160,84,2531
102,백령도,2018-08-14 13:00,28.8,,3.8,160,85,2202
102,백령도,2018-08-14 14:00,29.3,,4.9,160,82,2461
102,백령도,2018-08-14 15:00,28.8,,4.3,160,82,2475
102,백령도,2018-08-14 16:00,28.6,,3.3,160,87,2386
102,백령도,2018-08-14 17:00,28.5,,3.1,160,86,2595
102,백령도,2018-08-14 18:00,27.3,,3.3,160,90,2223
102,백령도,2018-08-14 19:00,25.9,,2.7,180,95,1377
102,백령도,2018-08-14 20:00,25,,1.8,180,97,870
102,백령도,2018-08-14 21:00,25.9,,3.3,160,88,2978
102,백령도,2018-08-14 22:00,25.8,,1.5,140,84,3245
102,백령도,2018-08-14 23:00,23.7,,1.3,70,95,2167
102,백령도,2018-08-15 00:00,25,,1.2,70,90,2970
102,백령도,2018-08-15 01:00,25.3,,1.1,90,89,2900
102,백령도,2018-08-15 02:00,25.6,,1.2,110,87,3012
102,백령도,2018-08-15 03:00,25.6,,1.4,90,84,3099
102,백령도,2018-08-15 04:00,25.2,,1.3,110,83,3367
102,백령도,2018-08-15 05:00,23.7,,.8,90,93,2963
102,백령도,2018-08-15 06:00,24.9,,1.3,110,89,1912
102,백령도,2018-08-15 07:00,25.9,,.8,70,83,3150
102,백령도,2018-08-15 08:00,26.3,,.9,90,84,2246
102,백령도,2018-08-15 09:00,28.2,,2,90,78,1748
102,백령도,2018-08-15 10:00,29.9,,1.1,70,66,1793
102,백령도,2018-08-15 11:00,30.4,,1.3,90,61,3533
102,백령도,2018-08-15 12:00,30.9,,1.6,70,58,3698
102,백령도,2018-08-15 13:00,32.5,,1.6,70,50,4009
102,백령도,2018-08-15 14:00,30.6,,4,290,62,3509
102,백령도,2018-08-15 15:00,28.9,,3.4,320,70,2726
102,백령도,2018-08-15 16:00,28.2,,3.2,320,77,2083
102,백령도,2018-08-15 17:00,27.5,,3.2,320,83,1749
102,백령도,2018-08-15 18:00,27.7,,4,340,80,1910
102,백령도,2018-08-15 19:00,27.9,,2.8,360,77,2200
102,백령도,2018-08-15 20:00,28.2,,2.2,360,76,2298
102,백령도,2018-08-15 21:00,28,,3.8,50,73,2133
102,백령도,2018-08-15 22:00,27,,3.1,90,78,2050
102,백령도,2018-08-15 23:00,27.3,,1.4,110,78,1679
102,백령도,2018-08-16 00:00,26.3,,2,20,79,2004
102,백령도,2018-08-16 01:00,24.5,,1.5,340,88,1767
102,백령도,2018-08-16 02:00,25.9,,.6,70,82,1868
102,백령도,2018-08-16 03:00,23.3,,3.5,320,92,1770
102,백령도,2018-08-16 04:00,23.7,,1.9,340,92,1545
102,백령도,2018-08-16 05:00,25.7,,1.9,50,87,1717
102,백령도,2018-08-16 06:00,24.7,,2.1,70,89,1540
102,백령도,2018-08-16 07:00,25.7,,1.3,90,87,1547
102,백령도,2018-08-16 08:00,26.8,,1.7,90,80,1673
102,백령도,2018-08-16 09:00,27.9,,3.6,90,74,1965
102,백령도,2018-08-16 10:00,29,,3.8,90,69,2190
102,백령도,2018-08-16 11:00,30.4,,3.1,70,64,3260
102,백령도,2018-08-16 12:00,31.6,,2.2,110,60,3706
102,백령도,2018-08-16 13:00,32.4,,3.2,110,58,4530
102,백령도,2018-08-16 14:00,31.1,,2.6,320,61,2734
102,백령도,2018-08-16 15:00,32.4,,2.8,320,60,3411
102,백령도,2018-08-16 16:00,30.4,,3.7,360,62,3069
102,백령도,2018-08-16 17:00,27.8,0,3.3,360,74,2499
102,백령도,2018-08-16 18:00,28.5,0,3,340,71,2383
102,백령도,2018-08-16 19:00,27.4,,2.8,360,73,2582
102,백령도,2018-08-16 20:00,25.5,,1.8,90,79,2132
102,백령도,2018-08-16 21:00,27.4,,4.7,110,62,4333
102,백령도,2018-08-16 22:00,25.7,,5.1,110,67,4238
102,백령도,2018-08-16 23:00,24.8,,4.2,110,70,4550
102,백령도,2018-08-17 00:00,24.1,,5.7,110,69,4393
102,백령도,2018-08-17 01:00,23.7,,5.9,110,66,4172
102,백령도,2018-08-17 02:00,23.2,,4.1,110,70,4474
102,백령도,2018-08-17 03:00,21.9,,3.3,110,77,3711
102,백령도,2018-08-17 04:00,21.8,,4.6,90,71,3730
102,백령도,2018-08-17 05:00,21.4,,4.7,110,73,3947
102,백령도,2018-08-17 06:00,21.2,,4.5,110,73,4398
102,백령도,2018-08-17 07:00,21.3,,4.3,110,75,3926
102,백령도,2018-08-17 08:00,22.1,,4.9,110,70,3745
102,백령도,2018-08-17 09:00,23.5,,5.1,110,62,4068
102,백령도,2018-08-17 10:00,24.1,,6.9,110,57,3803
102,백령도,2018-08-17 11:00,25.9,,6.1,140,48,4328
102,백령도,2018-08-17 12:00,27.5,,4.4,140,49,4414
102,백령도,2018-08-17 13:00,27.7,,5.6,140,45,4736
102,백령도,2018-08-17 14:00,28.1,,5.4,140,45,4816
102,백령도,2018-08-17 15:00,27.9,,4,110,49,4664
102,백령도,2018-08-17 16:00,27.7,,3.1,160,52,4881
102,백령도,2018-08-17 17:00,26.4,,2.9,320,50,4923
102,백령도,2018-08-17 18:00,26.5,,2.5,320,46,4871
102,백령도,2018-08-17 19:00,23.6,,2.6,320,63,4887
102,백령도,2018-08-17 20:00,21.9,,2.6,320,73,4929
102,백령도,2018-08-17 21:00,21.6,,2.4,320,75,4744
102,백령도,2018-08-17 22:00,22.1,,2.9,340,69,4707
102,백령도,2018-08-17 23:00,21.2,,2.4,290,76,4083
102,백령도,2018-08-18 00:00,22.2,,.9,290,71,4708
102,백령도,2018-08-18 01:00,21.8,,2.3,110,85,3934
102,백령도,2018-08-18 02:00,21.9,,2.7,110,85,3672
102,백령도,2018-08-18 03:00,21.3,,2.5,110,92,3712
102,백령도,2018-08-18 04:00,21.2,,3.1,110,90,4097
102,백령도,2018-08-18 05:00,21.2,,3.4,110,83,4778
102,백령도,2018-08-18 06:00,21,,3.8,110,83,4838
102,백령도,2018-08-18 07:00,21.3,,3.6,90,85,4094
102,백령도,2018-08-18 08:00,22.4,,4.2,110,79,4296
102,백령도,2018-08-18 09:00,23.6,,3.7,110,75,4357
102,백령도,2018-08-18 10:00,24.9,,5,110,69,3909
102,백령도,2018-08-18 11:00,25.3,,5.7,140,66,3910
102,백령도,2018-08-18 12:00,25.9,,5,140,65,3813
102,백령도,2018-08-18 13:00,26.9,,5,140,62,4054
102,백령도,2018-08-18 14:00,25.9,,5.7,160,63,4373
102,백령도,2018-08-18 15:00,25.4,,5.2,180,66,3955
102,백령도,2018-08-18 16:00,25.9,,3.1,160,58,4638
102,백령도,2018-08-18 17:00,26.1,,1.8,200,61,4764
102,백령도,2018-08-18 18:00,25.4,,1.4,180,64,4292
102,백령도,2018-08-18 19:00,23.9,,.9,230,71,4061
102,백령도,2018-08-18 20:00,23,,1,180,76,3533
102,백령도,2018-08-18 21:00,22.8,,0,0,79,3551
102,백령도,2018-08-18 22:00,22.7,,0,0,78,3652
102,백령도,2018-08-18 23:00,22.8,,.2,0,76,3142
102,백령도,2018-08-19 00:00,22.1,,.3,0,78,4316
102,백령도,2018-08-19 01:00,22.2,,0,0,77,4531
102,백령도,2018-08-19 02:00,22,,1.5,360,77,4609
102,백령도,2018-08-19 03:00,22.6,,0,0,74,4732
102,백령도,2018-08-19 04:00,21.2,,.7,160,81,4223
102,백령도,2018-08-19 05:00,22.5,,0,0,75,4156
102,백령도,2018-08-19 06:00,21.1,,.5,340,82,3945
102,백령도,2018-08-19 07:00,21.7,,.1,0,84,3729
102,백령도,2018-08-19 08:00,22.9,,.4,0,82,3676
102,백령도,2018-08-19 09:00,23.9,,.4,0,75,3955
102,백령도,2018-08-19 10:00,25.2,,1.3,110,59,4728
102,백령도,2018-08-19 11:00,27,,2.4,110,53,4183
102,백령도,2018-08-19 12:00,27.5,,1.9,140,53,4210
102,백령도,2018-08-19 13:00,27.8,,2.1,160,49,4523
102,백령도,2018-08-19 14:00,27.2,,2.1,180,49,4581
102,백령도,2018-08-19 15:00,24.9,,1.6,320,64,4292
102,백령도,2018-08-19 16:00,26,,3.4,320,54,4627
102,백령도,2018-08-19 17:00,25.8,,1.8,320,64,4222
102,백령도,2018-08-19 18:00,24.9,,1.6,320,70,4328
102,백령도,2018-08-19 19:00,23.9,,1,320,77,4252
102,백령도,2018-08-19 20:00,23.7,0,0,0,79,3747
102,백령도,2018-08-19 21:00,23.6,0,0,0,78,3821
102,백령도,2018-08-19 22:00,23.8,,0,0,74,3714
102,백령도,2018-08-19 23:00,22.3,,1.1,180,84,2438
102,백령도,2018-08-20 00:00,22.7,,1.6,90,79,3625
102,백령도,2018-08-20 01:00,21.8,0,1.3,160,84,142
102,백령도,2018-08-20 02:00,21.6,0,.7,110,87,3115
102,백령도,2018-08-20 03:00,22.7,,2.3,140,84,2791
102,백령도,2018-08-20 04:00,22.4,,2.3,110,91,2419
102,백령도,2018-08-20 05:00,22.8,,2.8,110,91,2279
102,백령도,2018-08-20 06:00,23,,3.5,110,90,2566
102,백령도,2018-08-20 07:00,23.4,0,4.7,140,87,2530
102,백령도,2018-08-20 08:00,21.9,1.3,4.8,140,93,692
102,백령도,2018-08-20 09:00,20.9,7.7,6.2,110,97,1481
102,백령도,2018-08-20 10:00,21.8,.5,5.8,110,99,815
102,백령도,2018-08-20 11:00,22.6,0,7.1,110,95,1577
102,백령도,2018-08-20 12:00,22.7,11.2,8.1,140,98,776
102,백령도,2018-08-20 13:00,23.3,0,8.4,140,97,873
102,백령도,2018-08-20 14:00,23.6,0,8.9,140,96,835
102,백령도,2018-08-20 15:00,24.2,0,10,140,97,668
102,백령도,2018-08-20 16:00,24.4,.3,8.4,160,98,586
102,백령도,2018-08-20 17:00,24.6,1.7,11.2,160,97,420
102,백령도,2018-08-20 18:00,24.5,8.1,11.7,180,98,156
102,백령도,2018-08-20 19:00,25.1,9.3,13.7,180,96,620
102,백령도,2018-08-20 20:00,25,4.3,12.5,180,98,206
102,백령도,2018-08-20 21:00,25.4,1.7,7.9,230,94,1347
102,백령도,2018-08-20 22:00,23.8,0,8.8,250,87,2721
102,백령도,2018-08-20 23:00,23.4,,9,230,90,3285
102,백령도,2018-08-21 00:00,23.1,,7.3,250,94,2493
102,백령도,2018-08-21 01:00,23.1,.2,7.7,270,100,464
102,백령도,2018-08-21 02:00,22.5,.5,6.2,290,98,1981
102,백령도,2018-08-21 03:00,21.9,.2,7.6,290,97,3187
102,백령도,2018-08-21 04:00,21.3,.2,6.4,290,99,1060
102,백령도,2018-08-21 05:00,22.1,0,2.8,290,95,3850
102,백령도,2018-08-21 06:00,22.5,0,4.4,290,93,3175
102,백령도,2018-08-21 07:00,22.9,,5.1,290,92,1612
102,백령도,2018-08-21 08:00,23.3,,4.6,320,90,1831
102,백령도,2018-08-21 09:00,24,,3.7,320,87,1826
102,백령도,2018-08-21 10:00,24.7,,4,320,83,2146
102,백령도,2018-08-21 11:00,24.6,,4.3,320,84,1904
102,백령도,2018-08-21 12:00,24.9,,4.2,290,85,1944
102,백령도,2018-08-21 13:00,25,,5.3,320,85,2242
102,백령도,2018-08-21 14:00,24.9,,5.1,290,81,2845
102,백령도,2018-08-21 15:00,25.6,,3.9,290,74,2622
102,백령도,2018-08-21 16:00,25.4,,3.3,320,81,2534
102,백령도,2018-08-21 17:00,24.5,,4.8,320,87,2235
102,백령도,2018-08-21 18:00,24,,4,320,88,2109
102,백령도,2018-08-21 19:00,23,,3.8,340,91,1758
102,백령도,2018-08-21 20:00,21.9,,1.9,340,95,1204
102,백령도,2018-08-21 21:00,21.5,,1.5,320,97,912
102,백령도,2018-08-21 22:00,21.4,,.5,140,98,790
102,백령도,2018-08-21 23:00,20.7,,.3,0,98,1141
102,백령도,2018-08-22 00:00,20.4,,2.3,20,92,2479
102,백령도,2018-08-22 01:00,20.1,,2.6,340,99,902
102,백령도,2018-08-22 02:00,20.7,,3.2,340,97,1002
102,백령도,2018-08-22 03:00,21.2,,2.5,360,95,1276
102,백령도,2018-08-22 04:00,21.1,,3.2,360,94,1553
102,백령도,2018-08-22 05:00,21.1,,2.6,360,94,1490
102,백령도,2018-08-22 06:00,21.2,,2.4,360,93,1494
102,백령도,2018-08-22 07:00,21.2,,1.3,340,96,1010
102,백령도,2018-08-22 08:00,23.3,,2.5,70,82,2323
102,백령도,2018-08-22 09:00,23.9,,2.2,90,82,2166
102,백령도,2018-08-22 10:00,25.6,,1.8,360,74,2522
102,백령도,2018-08-22 11:00,24.2,,4.1,320,79,2267
102,백령도,2018-08-22 12:00,25.6,,4.5,340,80,2003
102,백령도,2018-08-22 13:00,25.6,,4,340,80,1853
102,백령도,2018-08-22 14:00,26.2,,4.3,340,77,2025
102,백령도,2018-08-22 15:00,25.6,,5.4,340,79,1978
102,백령도,2018-08-22 16:00,24.6,,7.1,340,81,1547
102,백령도,2018-08-22 17:00,24,,6.6,340,86,1124
102,백령도,2018-08-22 18:00,23.5,,4.9,360,88,1306
102,백령도,2018-08-22 19:00,23.3,,4.8,340,87,1617
102,백령도,2018-08-22 20:00,23.2,,3.4,340,87,2037
102,백령도,2018-08-22 21:00,23.3,,3.5,340,86,2344
102,백령도,2018-08-22 22:00,23.4,,4.6,360,86,2525
102,백령도,2018-08-22 23:00,23.6,,3.6,360,85,2490
102,백령도,2018-08-23 00:00,23.9,,2.7,360,84,2342
102,백령도,2018-08-23 01:00,23.9,,2.6,360,85,2273
102,백령도,2018-08-23 02:00,24.2,,1.9,50,84,2092
102,백령도,2018-08-23 03:00,24.4,,1.7,50,84,2099
102,백령도,2018-08-23 04:00,24.4,,2,50,86,2145
102,백령도,2018-08-23 05:00,24.6,,2.1,70,85,2396
102,백령도,2018-08-23 06:00,24.7,,1.1,70,85,2549
102,백령도,2018-08-23 07:00,24.8,,3.1,70,84,2717
102,백령도,2018-08-23 08:00,25,,3.9,50,82,3145
102,백령도,2018-08-23 09:00,25.7,0,2.8,50,78,3493
102,백령도,2018-08-23 10:00,25,0,2.2,90,82,2824
102,백령도,2018-08-23 11:00,25.5,,3.8,90,81,3318
102,백령도,2018-08-23 12:00,25,0,3.1,90,84,2591
102,백령도,2018-08-23 13:00,25.4,0,2.1,50,83,2586
102,백령도,2018-08-23 14:00,25.2,0,2.5,70,85,2071
102,백령도,2018-08-23 15:00,24.2,0,4.1,70,91,2462
102,백령도,2018-08-23 16:00,24,.6,2.5,360,93,1906
102,백령도,2018-08-23 17:00,24.1,0,1.9,320,93,2416
102,백령도,2018-08-23 18:00,24.1,,4.6,50,91,4351
102,백령도,2018-08-23 19:00,24.2,,2.8,360,90,4618
102,백령도,2018-08-23 20:00,23.5,.3,1.7,20,93,2268
102,백령도,2018-08-23 21:00,23,1.1,3.4,50,96,3640
102,백령도,2018-08-23 22:00,22.1,11.8,3,360,100,179
102,백령도,2018-08-23 23:00,21.4,1.6,5.3,340,100,2391
102,백령도,2018-08-24 00:00,21.4,1.5,5.3,360,99,2873
102,백령도,2018-08-24 01:00,21.1,.2,5.1,360,98,744
102,백령도,2018-08-24 02:00,20.7,4.6,7.5,360,100,1196
102,백령도,2018-08-24 03:00,20.7,.7,6.1,360,99,723
102,백령도,2018-08-24 04:00,20.5,2.3,6.3,360,100,563
102,백령도,2018-08-24 05:00,20.3,2.8,6.7,340,100,383
102,백령도,2018-08-24 06:00,20.5,4.3,6.2,360,100,471
102,백령도,2018-08-24 07:00,20.7,3.1,5,360,99,850
102,백령도,2018-08-24 08:00,20.7,1.7,7.3,340,100,1620
102,백령도,2018-08-24 09:00,20.7,1.2,6.9,340,100,1616
102,백령도,2018-08-24 10:00,20.8,0,6.4,340,100,1418
102,백령도,2018-08-24 11:00,21.3,0,5,320,100,2053
102,백령도,2018-08-24 12:00,21.2,,6.9,320,99,2728
102,백령도,2018-08-24 13:00,20.8,,6.9,320,99,1451
102,백령도,2018-08-24 14:00,20.6,,7.2,320,99,2037
102,백령도,2018-08-24 15:00,21.5,,6.6,320,95,3839
102,백령도,2018-08-24 16:00,21.2,,5.3,320,96,4230
102,백령도,2018-08-24 17:00,21.6,,5.9,320,93,4402
102,백령도,2018-08-24 18:00,21.4,,4.3,290,93,4019
102,백령도,2018-08-24 19:00,21.3,,3.8,290,94,3989
102,백령도,2018-08-24 20:00,21.1,,2.5,290,96,3627
102,백령도,2018-08-24 21:00,21.1,,1.7,270,95,3500
102,백령도,2018-08-24 22:00,21.5,,2,290,93,3820
102,백령도,2018-08-24 23:00,22.1,,2,270,93,2038
102,백령도,2018-08-25 00:00,22.6,,1.1,250,90,1576
102,백령도,2018-08-25 01:00,22.4,,1.3,250,92,1305
102,백령도,2018-08-25 02:00,21.9,,2,290,93,1348
102,백령도,2018-08-25 03:00,20.7,,1.7,290,98,634
102,백령도,2018-08-25 04:00,20.5,,1.9,320,99,718
102,백령도,2018-08-25 05:00,20.2,,1.3,270,100,473
102,백령도,2018-08-25 06:00,19.9,,1.5,290,100,640
102,백령도,2018-08-25 07:00,21,,2.6,290,96,2248
102,백령도,2018-08-25 08:00,22.2,,3.8,320,89,3325
102,백령도,2018-08-25 09:00,22.9,,4.3,320,82,4356
102,백령도,2018-08-25 10:00,23.4,,5.1,320,79,4286
102,백령도,2018-08-25 11:00,23.9,,5.3,320,79,4620
102,백령도,2018-08-25 12:00,24,,5.2,320,77,4643
102,백령도,2018-08-25 13:00,23.8,,5.2,320,74,4803
102,백령도,2018-08-25 14:00,24.1,,4.9,320,78,4397
102,백령도,2018-08-25 15:00,23.9,,5.3,320,76,4628
102,백령도,2018-08-25 16:00,23.9,,4,360,78,4480
102,백령도,2018-08-25 17:00,23.5,,2.8,340,79,4636
102,백령도,2018-08-25 18:00,22.9,,2.8,320,79,4583
102,백령도,2018-08-25 19:00,21.6,,2.1,320,84,4543
102,백령도,2018-08-25 20:00,20.4,,.1,0,92,3267
102,백령도,2018-08-25 21:00,20.1,,.7,180,91,3499
102,백령도,2018-08-25 22:00,19.1,,.8,270,94,3091
102,백령도,2018-08-25 23:00,19.9,,.7,180,90,4597
102,백령도,2018-08-26 00:00,19.8,,1.1,200,90,4378
102,백령도,2018-08-26 01:00,19,,.9,250,95,3112
102,백령도,2018-08-26 02:00,18.5,,2.1,180,94,2109
102,백령도,2018-08-26 03:00,19.5,,.9,200,93,4046
102,백령도,2018-08-26 04:00,19.3,,1.7,50,97,2480
102,백령도,2018-08-26 05:00,18.9,,2,90,100,924
102,백령도,2018-08-26 06:00,19,,1.7,90,99,1800
102,백령도,2018-08-26 07:00,19.9,,1.1,110,99,2158
102,백령도,2018-08-26 08:00,21.2,,2,90,93,3869
102,백령도,2018-08-26 09:00,22.6,,2,90,87,3886
102,백령도,2018-08-26 10:00,23.6,,1.8,110,73,4436
102,백령도,2018-08-26 11:00,24.3,,2.2,140,72,4344
102,백령도,2018-08-26 12:00,25,,3.1,160,64,4430
102,백령도,2018-08-26 13:00,24.5,,3.1,180,68,3763
102,백령도,2018-08-26 14:00,24.8,,3.6,180,63,4094
102,백령도,2018-08-26 15:00,24.8,,4.2,180,65,4533
102,백령도,2018-08-26 16:00,24.1,,3.1,180,73,3779
102,백령도,2018-08-26 17:00,24.3,,3.3,180,76,3687
102,백령도,2018-08-26 18:00,23.9,,1.9,200,74,3686
102,백령도,2018-08-26 19:00,22.1,,.6,340,82,3631
102,백령도,2018-08-26 20:00,21.8,,.5,160,90,1639
102,백령도,2018-08-26 21:00,21.5,,.8,110,92,1876
102,백령도,2018-08-26 22:00,20.9,,1,110,94,1171
102,백령도,2018-08-26 23:00,20.7,,.8,180,95,934
102,백령도,2018-08-27 00:00,19.9,,2,180,97,492
102,백령도,2018-08-27 01:00,19.7,,2.3,360,96,1502
102,백령도,2018-08-27 02:00,19.3,,.8,340,97,1054
102,백령도,2018-08-27 03:00,19.2,,.2,0,100,541
102,백령도,2018-08-27 04:00,19.8,,1.9,360,100,644
102,백령도,2018-08-27 05:00,20.5,,1.9,20,88,3596
102,백령도,2018-08-27 06:00,20,,2.3,20,89,3534
102,백령도,2018-08-27 07:00,20.5,,2.1,70,92,2540
102,백령도,2018-08-27 08:00,21.9,,2.9,70,89,2879
102,백령도,2018-08-27 09:00,22.8,,1.7,90,84,2806
102,백령도,2018-08-27 10:00,24,,1.3,110,79,2715
102,백령도,2018-08-27 11:00,25.4,,1.7,90,70,2977
102,백령도,2018-08-27 12:00,25.5,,2.1,320,69,3077
102,백령도,2018-08-27 13:00,24.8,,4.2,320,75,3014
102,백령도,2018-08-27 14:00,24.9,,3.8,290,84,2905
102,백령도,2018-08-27 15:00,23.6,,4.5,320,87,2365
102,백령도,2018-08-27 16:00,24.1,,3.7,320,83,2423
102,백령도,2018-08-27 17:00,23.4,,3.7,320,85,2127
102,백령도,2018-08-27 18:00,23,,2.5,290,88,1913
102,백령도,2018-08-27 19:00,21.9,,2.2,320,91,1328
102,백령도,2018-08-27 20:00,21.2,,1.5,290,94,919
102,백령도,2018-08-27 21:00,20.9,,1,180,97,598
102,백령도,2018-08-27 22:00,21,,1,200,96,560
102,백령도,2018-08-27 23:00,21.3,,0,0,93,1111
102,백령도,2018-08-28 00:00,20.5,,.3,0,97,609
102,백령도,2018-08-28 01:00,20.6,,1,70,98,306
102,백령도,2018-08-28 02:00,20.6,,1.3,70,100,246
102,백령도,2018-08-28 03:00,20.9,,1.4,90,100,170
102,백령도,2018-08-28 04:00,21.1,,1.8,110,100,190
102,백령도,2018-08-28 05:00,20.6,,1.6,110,100,16
102,백령도,2018-08-28 06:00,20.4,,1.7,90,100,50
102,백령도,2018-08-28 07:00,21.5,,2.1,110,100,365
102,백령도,2018-08-28 08:00,22.3,,2.4,140,95,803
102,백령도,2018-08-28 09:00,23.2,,3.5,110,91,967
102,백령도,2018-08-28 10:00,22.8,0,2.4,110,94.6,825
102,백령도,2018-08-28 11:00,22.7,.8,2.6,140,99,290
102,백령도,2018-08-28 12:00,22.9,.4,1.6,140,99,287
102,백령도,2018-08-28 13:00,22.7,2.6,4.7,160,100,220
102,백령도,2018-08-28 14:00,22.7,2.9,2.9,110,100,171
102,백령도,2018-08-28 15:00,22.1,3.2,4,90,100,64
102,백령도,2018-08-28 16:00,22.6,35.2,2.5,50,100,60
102,백령도,2018-08-28 17:00,21.6,20.5,4.5,110,100,913
102,백령도,2018-08-28 18:00,22.7,1.3,5.4,160,100,1030
102,백령도,2018-08-28 19:00,22.1,.4,3.7,140,100,1992
102,백령도,2018-08-28 20:00,22.1,2.7,4.3,140,100,1110
102,백령도,2018-08-28 21:00,21.7,1.7,4.9,140,100,249
102,백령도,2018-08-28 22:00,22.2,2.7,3.8,110,100,561
102,백령도,2018-08-28 23:00,22.1,19,4.6,110,100,753
102,백령도,2018-08-29 00:00,24.9,.7,6.1,230,100,1122
102,백령도,2018-08-29 01:00,25.3,.2,7.1,230,100,1405
102,백령도,2018-08-29 02:00,25.3,,7.6,230,98,1528
102,백령도,2018-08-29 03:00,25.2,,5.7,230,98,1366
102,백령도,2018-08-29 04:00,25.2,,6.1,230,98,1363
102,백령도,2018-08-29 05:00,25.1,0,6.5,250,98,1315
102,백령도,2018-08-29 06:00,25.1,,6.9,230,98,1400
102,백령도,2018-08-29 07:00,25.1,,6.2,230,98,1426
102,백령도,2018-08-29 08:00,24.8,3.7,6.2,230,99,901
102,백령도,2018-08-29 09:00,25.1,0,7.7,230,98,1515
102,백령도,2018-08-29 10:00,24.9,2.7,7.4,250,99,930
102,백령도,2018-08-29 11:00,24.9,6.2,8.4,250,98,466
102,백령도,2018-08-29 12:00,24.5,2.9,4.9,270,99,883
102,백령도,2018-08-29 13:00,24.4,0,3,290,99,560
102,백령도,2018-08-29 14:00,24.4,,2.6,320,97,1132
102,백령도,2018-08-29 15:00,24,.1,1.1,320,99,744
102,백령도,2018-08-29 16:00,23.7,,1.8,180,98,564
102,백령도,2018-08-29 17:00,24,,1.8,200,97,1545
102,백령도,2018-08-29 18:00,24.3,,1,290,93,1878
102,백령도,2018-08-29 19:00,23.8,,0,0,96,1188
102,백령도,2018-08-29 20:00,22.5,,1.4,320,100,724
102,백령도,2018-08-29 21:00,22.7,,.5,290,100,621
102,백령도,2018-08-29 22:00,22.6,,.8,320,100,503
102,백령도,2018-08-29 23:00,22.6,,1,290,100,366
102,백령도,2018-08-30 00:00,22.3,,1.6,340,100,171
102,백령도,2018-08-30 01:00,22.3,,1,270,100,191
102,백령도,2018-08-30 02:00,22.2,,.2,0,100,226
102,백령도,2018-08-30 03:00,22,,1,230,100,321
102,백령도,2018-08-30 04:00,21.1,,.6,180,100,13
102,백령도,2018-08-30 05:00,21,,.8,320,100,647
102,백령도,2018-08-30 06:00,21,,.3,0,100,167
102,백령도,2018-08-30 07:00,20.3,,2.6,320,100,223
102,백령도,2018-08-30 08:00,21,,2.3,360,95,1254
102,백령도,2018-08-30 09:00,22.2,,2.4,360,89,1676
102,백령도,2018-08-30 10:00,23.4,,2.3,360,80,2021
102,백령도,2018-08-30 11:00,22.2,,3.5,320,87,1686
102,백령도,2018-08-30 12:00,23.4,,3.8,320,83,1760
102,백령도,2018-08-30 13:00,23.4,,3.8,320,79,1919
102,백령도,2018-08-30 14:00,23.5,,3,320,82,1855
102,백령도,2018-08-30 15:00,23.3,,4.4,320,82,1877
102,백령도,2018-08-30 16:00,23.3,,3.1,320,86,1682
102,백령도,2018-08-30 17:00,22.7,,5,340,82,2553
102,백령도,2018-08-30 18:00,21.9,,2.5,320,90,2251
102,백령도,2018-08-30 19:00,20.9,,1.8,320,92,1861
102,백령도,2018-08-30 20:00,20.1,,.8,320,96,1262
102,백령도,2018-08-30 21:00,19.9,,1.9,320,97,1031
102,백령도,2018-08-30 22:00,20.2,,1.9,340,95,1188
102,백령도,2018-08-30 23:00,20.5,,2.3,340,95,1352
102,백령도,2018-08-31 00:00,21.2,,3,340,93,1800
102,백령도,2018-08-31 01:00,21,0,2,320,93,1880
102,백령도,2018-08-31 02:00,20.5,0,2,320,97,1334
102,백령도,2018-08-31 03:00,20.4,,1.3,290,98,1318
102,백령도,2018-08-31 04:00,20.2,,2.2,340,98,1369
102,백령도,2018-08-31 05:00,19.9,,1.7,290,99,1431
102,백령도,2018-08-31 06:00,20.8,,4.4,320,85,4022
102,백령도,2018-08-31 07:00,20.5,,3.2,320,91,3456
102,백령도,2018-08-31 08:00,21.7,,2,320,91,2138
102,백령도,2018-08-31 09:00,22.4,,2.5,340,88,2338
102,백령도,2018-08-31 10:00,22.2,,3.2,320,90,2480
102,백령도,2018-08-31 11:00,21.7,,4,320,93,2270
102,백령도,2018-08-31 12:00,23,,4.1,340,87,2210
102,백령도,2018-08-31 13:00,23.5,,3.4,320,87,2230
102,백령도,2018-08-31 14:00,22.5,,3.7,290,91,2139
102,백령도,2018-08-31 15:00,22.5,,5,320,86,2549
102,백령도,2018-08-31 16:00,21.9,,5.6,340,86,2482
102,백령도,2018-08-31 17:00,22.5,,4.6,340,83,2807
102,백령도,2018-08-31 18:00,21.2,,2.9,320,87,2319
102,백령도,2018-08-31 19:00,21,,3,340,86,1809
102,백령도,2018-08-31 20:00,20.2,,2.8,20,92,1342
102,백령도,2018-08-31 21:00,20.7,,.7,320,91,1154
102,백령도,2018-08-31 22:00,20.6,,2.2,340,88,1530
102,백령도,2018-08-31 23:00,19.6,,.8,320,97,715
102,백령도,2018-09-01 00:00,19.7,,1.6,320,94,966
102,백령도,2018-09-01 01:00,19.4,,1.5,270,93,1103
102,백령도,2018-09-01 02:00,20.1,,2.3,320,95,952
102,백령도,2018-09-01 03:00,19.5,,2.9,320,99,677
102,백령도,2018-09-01 04:00,19.1,,2.3,320,98,635
102,백령도,2018-09-01 05:00,18.7,,2.1,320,100,816
102,백령도,2018-09-01 06:00,19.1,,1.5,320,100,947
102,백령도,2018-09-01 07:00,19.9,,1.7,90,98,783
102,백령도,2018-09-01 08:00,21.2,,2.5,90,97,850
102,백령도,2018-09-01 09:00,22.1,,2.2,90,94,1261
102,백령도,2018-09-01 10:00,23,,2.9,90,84,1976
102,백령도,2018-09-01 11:00,23.9,,3.1,90,76,2483
102,백령도,2018-09-01 12:00,25,,3,140,74,2516
102,백령도,2018-09-01 13:00,25.2,,3.9,140,72,2749
102,백령도,2018-09-01 14:00,25.5,,3.7,140,71,2731
102,백령도,2018-09-01 15:00,25.5,,3.5,140,70,2884
102,백령도,2018-09-01 16:00,26,,2.3,140,65,2590
102,백령도,2018-09-01 17:00,24.8,,2.4,270,75,2709
102,백령도,2018-09-01 18:00,23.9,,2.5,340,77,2786
102,백령도,2018-09-01 19:00,22.3,,2.8,340,82,2690
102,백령도,2018-09-01 20:00,21.7,,2.3,20,83,2837
102,백령도,2018-09-01 21:00,20.4,,1.6,320,91,2293
102,백령도,2018-09-01 22:00,21.2,,.9,320,86,2641
102,백령도,2018-09-01 23:00,22.5,,1.5,70,79,2881
102,백령도,2018-09-02 00:00,22,,1.7,90,85,2653
102,백령도,2018-09-02 01:00,21.3,,1.9,90,94,1899
102,백령도,2018-09-02 02:00,21.5,,2.7,110,89,2961
102,백령도,2018-09-02 03:00,22.3,,6.5,110,85,3691
102,백령도,2018-09-02 04:00,21.2,,5.1,110,90,3257
102,백령도,2018-09-02 05:00,21.2,,5.3,110,89,3363
102,백령도,2018-09-02 06:00,20.7,,5.5,110,90,3290
102,백령도,2018-09-02 07:00,20.6,,5.4,110,91,2947
102,백령도,2018-09-02 08:00,20.6,,4.6,110,91,3052
102,백령도,2018-09-02 09:00,21.3,,4.8,110,88,3016
102,백령도,2018-09-02 10:00,21.8,,4.6,140,87,2977
102,백령도,2018-09-02 11:00,22.2,,6.9,140,83,2968
102,백령도,2018-09-02 12:00,22.5,,5.7,140,81,3144
102,백령도,2018-09-02 13:00,23,,6.1,140,78,3134
102,백령도,2018-09-02 14:00,22.9,,5.9,160,81,2948
102,백령도,2018-09-02 15:00,22.8,,4.9,140,79,3058
102,백령도,2018-09-02 16:00,22.3,,3.8,160,85,2877
102,백령도,2018-09-02 17:00,22.1,,4.6,140,87,2627
102,백령도,2018-09-02 18:00,21.6,.3,3.5,160,91,1183
102,백령도,2018-09-02 19:00,21.3,.1,4.3,140,94,1899
102,백령도,2018-09-02 20:00,21.5,0,3.9,140,92,2279
102,백령도,2018-09-02 21:00,21.7,0,2.9,140,92,2439
102,백령도,2018-09-02 22:00,21.6,,3.2,140,93,2136
102,백령도,2018-09-02 23:00,21.7,,4.9,140,93,2373
102,백령도,2018-09-03 00:00,22,,4.3,140,91,2755
102,백령도,2018-09-03 01:00,21.8,,3.6,140,93,2536
102,백령도,2018-09-03 02:00,21.9,,3.1,140,94,2397
102,백령도,2018-09-03 03:00,21.9,,3.8,140,94,2388
102,백령도,2018-09-03 04:00,22,,3.8,140,95,2257
102,백령도,2018-09-03 05:00,21.9,0,3.1,140,96,2039
102,백령도,2018-09-03 06:00,21.9,.1,4.4,140,95,2407
102,백령도,2018-09-03 07:00,21.9,,4.6,140,96,1866
102,백령도,2018-09-03 08:00,21.9,0,4,140,100,668
102,백령도,2018-09-03 09:00,22,2.5,3.1,140,100,426
102,백령도,2018-09-03 10:00,21.4,1.8,2.3,180,96,935
102,백령도,2018-09-03 11:00,20.8,3,2.8,180,97,1068
102,백령도,2018-09-03 12:00,21.6,1.8,.5,250,100,822
102,백령도,2018-09-03 13:00,21.7,.4,1.3,270,100,1110
102,백령도,2018-09-03 14:00,20.8,.6,1.8,90,100,498
102,백령도,2018-09-03 15:00,20.9,.8,1.7,90,100,693
102,백령도,2018-09-03 16:00,21.1,.3,1.1,140,100,353
102,백령도,2018-09-03 17:00,21.1,.9,.7,180,100,200
102,백령도,2018-09-03 18:00,20.7,1.1,.7,340,100,250
102,백령도,2018-09-03 19:00,21.2,.1,.7,270,100,1217
102,백령도,2018-09-03 20:00,20.7,,.9,200,100,329
102,백령도,2018-09-03 21:00,20.4,.1,.5,270,100,58
102,백령도,2018-09-03 22:00,19.7,0,2.8,340,100,51
102,백령도,2018-09-03 23:00,20.3,0,3.7,340,100,628
102,백령도,2018-09-04 00:00,20,,4.3,360,100,1543
102,백령도,2018-09-04 01:00,19.6,,2,360,100,1677
102,백령도,2018-09-04 02:00,19.6,,1.6,360,100,2097
102,백령도,2018-09-04 03:00,19.6,,.2,0,100,1597
102,백령도,2018-09-04 04:00,19.5,,.1,0,100,1246
102,백령도,2018-09-04 05:00,19.1,,.5,290,100,1336
102,백령도,2018-09-04 06:00,19.3,,1.9,320,100,1119
102,백령도,2018-09-04 07:00,19.2,,1.6,320,100,549
102,백령도,2018-09-04 08:00,20.4,,3.7,320,99,2603
102,백령도,2018-09-04 09:00,21.6,,2.4,340,96,2917
102,백령도,2018-09-04 10:00,21.9,,3.5,320,94,2998
102,백령도,2018-09-04 11:00,22.5,,4,320,90,3205
102,백령도,2018-09-04 12:00,23.5,,3.5,320,88,2726
102,백령도,2018-09-04 13:00,23.7,,4.5,290,88,2446
102,백령도,2018-09-04 14:00,24.2,,4.5,320,85,2345
102,백령도,2018-09-04 15:00,24,,5.3,320,75,2679
102,백령도,2018-09-04 16:00,23.7,,5.9,320,70,3524
102,백령도,2018-09-04 17:00,23.5,,4.5,320,73,3900
102,백령도,2018-09-04 18:00,23.1,,4.9,320,71,3910
102,백령도,2018-09-04 19:00,22,,3.5,290,79,3736
102,백령도,2018-09-04 20:00,21.9,,4.3,290,85,3351
102,백령도,2018-09-04 21:00,22.5,,5.6,320,82,3348
102,백령도,2018-09-04 22:00,22,,5,320,78,3903
102,백령도,2018-09-04 23:00,21.5,,3.2,290,82,4059
102,백령도,2018-09-05 00:00,21.3,,2.9,290,84,3815
102,백령도,2018-09-05 01:00,20.6,,2.2,290,88,3507
102,백령도,2018-09-05 02:00,20.7,,2.9,290,87,3596
102,백령도,2018-09-05 03:00,21.3,,3.4,270,89,3443
102,백령도,2018-09-05 04:00,21.4,,3.9,270,86,3658
102,백령도,2018-09-05 05:00,21.1,,3.8,270,86,3705
102,백령도,2018-09-05 06:00,21.4,,3.1,270,84,2971
102,백령도,2018-09-05 07:00,21.8,,3.3,270,88,2582
102,백령도,2018-09-05 08:00,23.3,,3.9,270,81,2925
102,백령도,2018-09-05 09:00,23.9,,4.7,290,82,2921
102,백령도,2018-09-05 10:00,24.7,,5.2,290,81,2923
102,백령도,2018-09-05 11:00,25.2,,5.7,290,80,2898
102,백령도,2018-09-05 12:00,24.8,,6.3,290,80,3008
102,백령도,2018-09-05 13:00,24.5,,4.8,320,67,3321
102,백령도,2018-09-05 14:00,25.1,,4.2,320,53,3886
102,백령도,2018-09-05 15:00,25.3,,3.3,320,48,2160
102,백령도,2018-09-05 16:00,25.2,,2.6,290,58,3126
102,백령도,2018-09-05 17:00,25.2,,2.9,290,61,4074
102,백령도,2018-09-05 18:00,24.3,,2.1,290,59,4674
102,백령도,2018-09-05 19:00,22.4,,1.5,230,66,4506
102,백령도,2018-09-05 20:00,21.9,,1,230,68,4463
102,백령도,2018-09-05 21:00,21.4,,.1,0,71,4894
102,백령도,2018-09-05 22:00,20.9,,1.2,110,79,4799
102,백령도,2018-09-05 23:00,20.5,,.1,0,87,4147
102,백령도,2018-09-06 00:00,21.1,,1.2,250,92,2097
102,백령도,2018-09-06 01:00,21.5,,.3,0,94,2013
102,백령도,2018-09-06 02:00,19.9,,1.7,90,98,1449
102,백령도,2018-09-06 03:00,19.5,,1.2,180,98,576
102,백령도,2018-09-06 04:00,19.8,,1.2,140,100,585
102,백령도,2018-09-06 05:00,20.9,,0,0,97,1449
102,백령도,2018-09-06 06:00,20.4,,1.1,90,98,484
102,백령도,2018-09-06 07:00,20.6,,2.2,110,100,155
102,백령도,2018-09-06 08:00,21.6,,2.3,180,97,687
102,백령도,2018-09-06 09:00,23.1,,3.3,140,92,2006
102,백령도,2018-09-06 10:00,24.3,,4,140,89,1793
102,백령도,2018-09-06 11:00,24.3,,3.5,160,89,1854
102,백령도,2018-09-06 12:00,24.1,,5.6,160,89,2195
102,백령도,2018-09-06 13:00,25.1,,4.7,180,84,2110
102,백령도,2018-09-06 14:00,25.4,,5.4,200,83,2265
102,백령도,2018-09-06 15:00,25,,4.5,200,85,2172
102,백령도,2018-09-06 16:00,25.5,,4.7,230,83,2414
102,백령도,2018-09-06 17:00,25.1,,5.6,200,84,2180
102,백령도,2018-09-06 18:00,24.9,,5.5,230,75,3402
102,백령도,2018-09-06 19:00,24.4,,6.3,230,81,3107
102,백령도,2018-09-06 20:00,24.4,,6.6,230,77,3042
102,백령도,2018-09-06 21:00,24.3,0,7,230,75,2837
102,백령도,2018-09-06 22:00,21.5,.2,5,230,87,1927
102,백령도,2018-09-06 23:00,22.1,,4.4,230,91,1363
102,백령도,2018-09-07 00:00,22.8,,3.8,270,90,949
102,백령도,2018-09-07 01:00,21.1,,6.9,340,85,1478
102,백령도,2018-09-07 02:00,20.1,,5.9,340,80,2936
102,백령도,2018-09-07 03:00,19.7,,4.7,340,84,2786
102,백령도,2018-09-07 04:00,20.1,,7.2,340,73,3816
102,백령도,2018-09-07 05:00,19.6,,6.6,340,73,4199
102,백령도,2018-09-07 06:00,19.4,,5.9,340,77,3949
102,백령도,2018-09-07 07:00,19.6,,7.3,340,76,4451
102,백령도,2018-09-07 08:00,19.9,,9.4,340,72,3800
102,백령도,2018-09-07 09:00,20.1,,9.5,340,69,3880
102,백령도,2018-09-07 10:00,20.5,,9.9,340,66,3888
102,백령도,2018-09-07 11:00,20.8,,10.4,340,62,3832
102,백령도,2018-09-07 12:00,21,,9.9,340,60,3614
102,백령도,2018-09-07 13:00,21.2,,8.6,340,62,3669
102,백령도,2018-09-07 14:00,21.6,,6.3,340,62,4226
102,백령도,2018-09-07 15:00,22,,4.6,340,59,4746
102,백령도,2018-09-07 16:00,22.2,,3.9,320,60,4867
102,백령도,2018-09-07 17:00,21.4,,3.6,340,61,4782
102,백령도,2018-09-07 18:00,20.7,,2.4,320,67,4325
102,백령도,2018-09-07 19:00,19.4,,2.1,320,75,4151
102,백령도,2018-09-07 20:00,18.3,,1,270,80,3303
102,백령도,2018-09-07 21:00,18.1,,1.3,290,81,4276
102,백령도,2018-09-07 22:00,18,,1.9,320,84,4513
102,백령도,2018-09-07 23:00,18,,1.3,290,81,4747
102,백령도,2018-09-08 00:00,18.2,,1.4,290,78,4993
102,백령도,2018-09-08 01:00,18.4,,2.2,290,77,4971
102,백령도,2018-09-08 02:00,19.2,,2.7,320,80,4924
102,백령도,2018-09-08 03:00,18.9,,.9,320,82,4976
102,백령도,2018-09-08 04:00,18,,.9,290,91,4786
102,백령도,2018-09-08 05:00,18,,1.1,290,92,4872
102,백령도,2018-09-08 06:00,18.8,,2.6,320,84,4955
102,백령도,2018-09-08 07:00,19,,2,320,87,4934
102,백령도,2018-09-08 08:00,20.3,,3.5,340,80,4561
102,백령도,2018-09-08 09:00,21.3,,2.3,360,76,4578
102,백령도,2018-09-08 10:00,22,,3,340,69,4355
102,백령도,2018-09-08 11:00,22.5,,3.8,340,65,4786
102,백령도,2018-09-08 12:00,22.4,,4.3,340,66,4858
102,백령도,2018-09-08 13:00,22.4,,4.8,340,70,4377
102,백령도,2018-09-08 14:00,22.5,,5.1,340,55,4726
102,백령도,2018-09-08 15:00,22.5,,4.8,340,62,4737
102,백령도,2018-09-08 16:00,22,,4.8,340,64,4809
102,백령도,2018-09-08 17:00,21.7,,3.5,360,64,4912
102,백령도,2018-09-08 18:00,20.7,,4.3,340,61,4980
102,백령도,2018-09-08 19:00,19.6,,4.1,340,66,5000
102,백령도,2018-09-08 20:00,19.3,,3.5,340,66,4985
102,백령도,2018-09-08 21:00,19.2,,3.4,340,70,4787
102,백령도,2018-09-08 22:00,19.4,,5.7,340,70,4947
102,백령도,2018-09-08 23:00,19.3,,5.4,340,73,4997
102,백령도,2018-09-09 00:00,18.8,,3.2,340,77,4979
102,백령도,2018-09-09 01:00,18.7,,3.4,320,72,5000
102,백령도,2018-09-09 02:00,18.7,,3.6,320,73,5000
102,백령도,2018-09-09 03:00,19.2,,4,340,70,5000
102,백령도,2018-09-09 04:00,18.7,,3.3,360,64,4999
102,백령도,2018-09-09 05:00,18.7,,3.7,340,65,4991
102,백령도,2018-09-09 06:00,19,,4.3,340,68,4986
102,백령도,2018-09-09 07:00,19.3,,5.2,340,48,4818
102,백령도,2018-09-09 08:00,19.9,,3.3,340,51,4939
102,백령도,2018-09-09 09:00,20.4,,6.7,340,41,4893
102,백령도,2018-09-09 10:00,20.7,,7.1,340,41,4891
102,백령도,2018-09-09 11:00,20.8,,7.2,340,41,4922
102,백령도,2018-09-09 12:00,20.7,,7.8,340,46,4999
102,백령도,2018-09-09 13:00,20.5,,7,340,56,4998
102,백령도,2018-09-09 14:00,20.4,,5.9,340,62,4897
102,백령도,2018-09-09 15:00,20.6,,4.5,340,71,4881
102,백령도,2018-09-09 16:00,20.3,,5.4,340,76,4762
102,백령도,2018-09-09 17:00,20.2,,5.6,340,70,4707
102,백령도,2018-09-09 18:00,20.1,,5.6,340,66,4968
102,백령도,2018-09-09 19:00,19.1,,4.8,340,73,4947
102,백령도,2018-09-09 20:00,19,,4.3,340,78,4945
102,백령도,2018-09-09 21:00,19.2,,4.9,340,79,4894
102,백령도,2018-09-09 22:00,19.5,,5.6,340,80,4842
102,백령도,2018-09-09 23:00,19.4,,4.5,340,80,4842
102,백령도,2018-09-10 00:00,18.9,,2.7,320,89,4868
102,백령도,2018-09-10 01:00,19.2,,1.8,20,91,4419
102,백령도,2018-09-10 02:00,18.6,,3.4,50,88,4365
102,백령도,2018-09-10 03:00,18.2,,2.7,70,89,4362
102,백령도,2018-09-10 04:00,17.7,,2,90,91,4410
102,백령도,2018-09-10 05:00,17.9,,3,90,84,4978
102,백령도,2018-09-10 06:00,18.1,,3.4,90,82,4901
102,백령도,2018-09-10 07:00,18.4,,3.4,90,83,4947
102,백령도,2018-09-10 08:00,19.4,,3.2,90,80,4969
102,백령도,2018-09-10 09:00,20.4,,3.6,110,76,4821
102,백령도,2018-09-10 10:00,20.7,,3.9,90,75,4266
102,백령도,2018-09-10 11:00,22.1,,2.2,90,70,4390
102,백령도,2018-09-10 12:00,22.5,,3.9,110,68,4549
102,백령도,2018-09-10 13:00,23.2,,3.5,140,63,4578
102,백령도,2018-09-10 14:00,23.2,,3,160,65,4677
102,백령도,2018-09-10 15:00,22.9,,3.5,180,66,4597
102,백령도,2018-09-10 16:00,22.2,,3.1,320,71,4665
102,백령도,2018-09-10 17:00,21.8,,2.1,320,72,4726
102,백령도,2018-09-10 18:00,21,,2.4,340,77,4768
102,백령도,2018-09-10 19:00,19,,1.4,340,89,4918
102,백령도,2018-09-10 20:00,18.2,,.9,360,93,4520
102,백령도,2018-09-10 21:00,19.2,,1.7,20,88,4853
102,백령도,2018-09-10 22:00,19,,2,50,89,4682
102,백령도,2018-09-10 23:00,18.9,,1.8,20,88,4624
102,백령도,2018-09-11 00:00,18.8,,1.8,70,89,4454
102,백령도,2018-09-11 01:00,18.7,,2,90,94,3193
102,백령도,2018-09-11 02:00,18.6,,1.7,90,96,2670
102,백령도,2018-09-11 03:00,18.6,,2.1,90,95,3093
102,백령도,2018-09-11 04:00,18.9,,3.4,110,90,3345
102,백령도,2018-09-11 05:00,18.6,,3.8,110,87,4901
102,백령도,2018-09-11 06:00,18.5,,3.5,110,88,4499
102,백령도,2018-09-11 07:00,18.8,,4.1,110,86,4295
102,백령도,2018-09-11 08:00,19.2,,4.3,110,83,4424
102,백령도,2018-09-11 09:00,19.8,,4.2,110,83,4145
102,백령도,2018-09-11 10:00,20.5,,5,110,79,4106
102,백령도,2018-09-11 11:00,21.1,,5.2,110,76,3880
102,백령도,2018-09-11 12:00,22.3,,5.8,140,65,4139
102,백령도,2018-09-11 13:00,21.8,,5.2,140,65,4212
102,백령도,2018-09-11 14:00,21.5,,6.1,140,65,4638
102,백령도,2018-09-11 15:00,21.3,,4.8,160,66,4646
102,백령도,2018-09-11 16:00,20.8,,5.2,140,70,4472
102,백령도,2018-09-11 17:00,20.7,,3.5,140,75,3999
102,백령도,2018-09-11 18:00,20.3,0,2.9,160,73,3831
102,백령도,2018-09-11 19:00,20.3,0,3.6,160,72,4411
102,백령도,2018-09-11 20:00,20.1,0,3.7,140,74,4432
102,백령도,2018-09-11 21:00,20.2,,3.8,160,72,4317
102,백령도,2018-09-11 22:00,19.7,,2.6,160,78,3873
102,백령도,2018-09-11 23:00,19.4,,1.9,140,84,3689
102,백령도,2018-09-12 00:00,19.2,,1.9,140,86,3499
102,백령도,2018-09-12 01:00,19.2,,1.5,90,92,2276
102,백령도,2018-09-12 02:00,18.9,,1.3,90,93,1816
102,백령도,2018-09-12 03:00,18.7,,1.7,110,89,2598
102,백령도,2018-09-12 04:00,18.2,,2.4,110,88,3994
102,백령도,2018-09-12 05:00,18.3,,2.6,110,90,4020
102,백령도,2018-09-12 06:00,18.5,,3.5,110,89,4258
102,백령도,2018-09-12 07:00,18.6,,4.1,110,87,4455
102,백령도,2018-09-12 08:00,19.2,,4.6,110,81,3872
102,백령도,2018-09-12 09:00,19.7,,5,110,76,3659
102,백령도,2018-09-12 10:00,20.9,,4.8,110,70,4005
102,백령도,2018-09-12 11:00,21.6,,4.7,140,67,4333
102,백령도,2018-09-12 12:00,22.2,,4,140,64,4636
102,백령도,2018-09-12 13:00,22.2,,3.9,180,64,4653
102,백령도,2018-09-12 14:00,21.9,,4.5,180,69,4645
102,백령도,2018-09-12 15:00,22,,3.8,180,63,4832
102,백령도,2018-09-12 16:00,22.8,,2.3,180,59,4823
102,백령도,2018-09-12 17:00,22.5,,1.7,200,60,4948
102,백령도,2018-09-12 18:00,21.2,,1.3,230,66,4804
102,백령도,2018-09-12 19:00,19.4,,1.2,110,87,3662
102,백령도,2018-09-12 20:00,18.7,,1.4,90,93,3332
102,백령도,2018-09-12 21:00,18.6,,1.1,50,81,3566
102,백령도,2018-09-12 22:00,18.8,,.1,0,79,1521
102,백령도,2018-09-12 23:00,17.6,,1.8,320,86,2192
102,백령도,2018-09-13 00:00,18.2,,1.3,270,88,2710
102,백령도,2018-09-13 01:00,19.5,,2.5,50,80,4771
102,백령도,2018-09-13 02:00,18.8,,2,70,89,4509
102,백령도,2018-09-13 03:00,19.5,,2.5,20,81,4493
102,백령도,2018-09-13 04:00,19.6,,1.9,50,80,4001
102,백령도,2018-09-13 05:00,18.8,,1.8,50,84,3705
102,백령도,2018-09-13 06:00,18.6,,1.9,50,87,3343
102,백령도,2018-09-13 07:00,18.8,,1.5,70,84,3488
102,백령도,2018-09-13 08:00,19.3,,2.4,90,91,2613
102,백령도,2018-09-13 09:00,20.5,,2.9,90,87,2113
102,백령도,2018-09-13 10:00,21,,2.7,90,82,2206
102,백령도,2018-09-13 11:00,22,,2.8,110,74,2931
102,백령도,2018-09-13 12:00,23.8,,2.2,90,68,3300
102,백령도,2018-09-13 13:00,24.3,,2.8,140,68,3345
102,백령도,2018-09-13 14:00,24.5,,2.4,110,69,3326
102,백령도,2018-09-13 15:00,24.9,,2.6,160,69,3629
102,백령도,2018-09-13 16:00,22.9,,3.9,320,72,3017
102,백령도,2018-09-13 17:00,22.2,,2.7,320,74,3312
102,백령도,2018-09-13 18:00,21.6,,2.9,340,74,3463
102,백령도,2018-09-13 19:00,20.4,,2.2,320,79,3676
102,백령도,2018-09-13 20:00,20,,1.8,340,77,3876
102,백령도,2018-09-13 21:00,19.3,,2.2,360,82,3576
102,백령도,2018-09-13 22:00,20.3,,2.1,360,81,3919
102,백령도,2018-09-13 23:00,20.1,,1.3,20,80,3502
102,백령도,2018-09-14 00:00,20.3,,.8,90,81,3075
102,백령도,2018-09-14 01:00,19.3,,.9,360,89,2615
102,백령도,2018-09-14 02:00,20.5,,2.6,20,84,2589
102,백령도,2018-09-14 03:00,21.4,,1.6,20,78,3208
102,백령도,2018-09-14 04:00,20.8,,3.1,70,82,2284
102,백령도,2018-09-14 05:00,19.8,,2.4,70,92,2009
102,백령도,2018-09-14 06:00,19.6,,2.3,70,92,1670
102,백령도,2018-09-14 07:00,19.8,,1,110,92,1691
102,백령도,2018-09-14 08:00,20.2,,1.4,110,89,1743
102,백령도,2018-09-14 09:00,21.1,,2.2,90,86,1835
102,백령도,2018-09-14 10:00,22.8,,1.8,90,79,1916
102,백령도,2018-09-14 11:00,23.3,,1.4,90,71,2222
102,백령도,2018-09-14 12:00,23.8,,2,70,71,2393
102,백령도,2018-09-14 13:00,25,,2.1,110,64,2793
102,백령도,2018-09-14 14:00,24.9,,1.8,70,64,3650
102,백령도,2018-09-14 15:00,22.6,,2.5,290,77,2220
102,백령도,2018-09-14 16:00,23.4,,2,320,72,2542
102,백령도,2018-09-14 17:00,22.6,,2.3,320,74,2558
102,백령도,2018-09-14 18:00,21.7,,2,320,82,1802
102,백령도,2018-09-14 19:00,21.1,,0,0,83,2019
102,백령도,2018-09-14 20:00,20.4,,1.5,290,84,1896
102,백령도,2018-09-14 21:00,20.5,,1.7,320,80,2478
102,백령도,2018-09-14 22:00,20,,1.3,290,85,2277
102,백령도,2018-09-14 23:00,20.4,,1.2,290,76,3199
102,백령도,2018-09-15 00:00,21.4,,0,0,70,4048
102,백령도,2018-09-15 01:00,20.4,,1.1,320,77,3400
102,백령도,2018-09-15 02:00,20.6,,0,0,81,3055
102,백령도,2018-09-15 03:00,19.8,,1.7,110,93,1524
102,백령도,2018-09-15 04:00,19.5,,.9,110,98,1056
102,백령도,2018-09-15 05:00,19.2,,2,180,97,1096
102,백령도,2018-09-15 06:00,20.4,,.1,0,98,1055
102,백령도,2018-09-15 07:00,20.3,,.8,90,97,1070
102,백령도,2018-09-15 08:00,21.1,,1.2,90,96,1248
102,백령도,2018-09-15 09:00,21.4,,1.6,70,94,1222
102,백령도,2018-09-15 10:00,22.2,,1.8,90,92,1243
102,백령도,2018-09-15 11:00,23.9,,1,110,83,2352
102,백령도,2018-09-15 12:00,22.4,,2.1,290,90,1963
102,백령도,2018-09-15 13:00,23,0,2.2,290,87,2392
102,백령도,2018-09-15 14:00,22.2,,2.3,290,91,1911
102,백령도,2018-09-15 15:00,22.1,0,3,290,92,2014
102,백령도,2018-09-15 16:00,21.5,,2.5,290,93,1965
102,백령도,2018-09-15 17:00,21.3,,3,320,90,1482
102,백령도,2018-09-15 18:00,20.6,,3.8,320,95,1283
102,백령도,2018-09-15 19:00,20.3,,1.6,320,95,1096
102,백령도,2018-09-15 20:00,20,,1.7,320,96,874
102,백령도,2018-09-15 21:00,19.9,,.8,270,96,932
102,백령도,2018-09-15 22:00,19.6,,1.4,320,98,485
102,백령도,2018-09-15 23:00,20.1,,2.9,320,96,899
102,백령도,2018-09-16 00:00,19.9,0,2.8,320,97,664
102,백령도,2018-09-16 01:00,19.8,.2,1.2,320,97,676
102,백령도,2018-09-16 02:00,19.4,0,1.4,290,99,331
102,백령도,2018-09-16 03:00,19.3,0,1.4,270,99,389
102,백령도,2018-09-16 04:00,19.4,.4,1.1,270,100,343
102,백령도,2018-09-16 05:00,19.4,.4,.3,0,100,239
102,백령도,2018-09-16 06:00,19.2,.2,.8,320,100,141
102,백령도,2018-09-16 07:00,19.2,.3,.8,320,100,174
102,백령도,2018-09-16 08:00,19.3,.2,1.3,290,100,330
102,백령도,2018-09-16 09:00,19.5,.1,1,270,100,486
102,백령도,2018-09-16 10:00,20,0,1.7,290,97,712
102,백령도,2018-09-16 11:00,19.9,0,2.9,320,94,1031
102,백령도,2018-09-16 12:00,20.2,0,2.1,320,94,1137
102,백령도,2018-09-16 13:00,20.6,0,3.1,320,89,1400
102,백령도,2018-09-16 14:00,20.2,,2.1,320,91,1362
102,백령도,2018-09-16 15:00,19.8,,2.5,320,91,1700
102,백령도,2018-09-16 16:00,19.4,,3,320,93,1472
102,백령도,2018-09-16 17:00,19.5,,3.1,320,91,2092
102,백령도,2018-09-16 18:00,19.1,,3.1,320,92,2262
102,백령도,2018-09-16 19:00,18.9,,3.3,320,91,2573
102,백령도,2018-09-16 20:00,18.7,,2.7,320,87,4036
102,백령도,2018-09-16 21:00,18.8,,3.6,320,87,3639
102,백령도,2018-09-16 22:00,18.7,,3.2,320,82,4480
102,백령도,2018-09-16 23:00,18.4,,2.4,320,84,4561
102,백령도,2018-09-17 00:00,17.4,,1.9,290,87,4383
102,백령도,2018-09-17 01:00,18.1,,2.8,320,78,4975
102,백령도,2018-09-17 02:00,18.2,,2.7,320,80,4934
102,백령도,2018-09-17 03:00,18.6,,3.7,320,82,3998
102,백령도,2018-09-17 04:00,18.9,,3.9,340,85,2704
102,백령도,2018-09-17 05:00,18.4,,2.7,320,87,1986
102,백령도,2018-09-17 06:00,18.4,,4.4,340,88,1675
102,백령도,2018-09-17 07:00,18.2,,2.8,320,92,2146
102,백령도,2018-09-17 08:00,19.2,,3.7,340,86,2707
102,백령도,2018-09-17 09:00,20,,3.8,340,80,2627
102,백령도,2018-09-17 10:00,20.3,,5.1,340,67,2911
102,백령도,2018-09-17 11:00,21.2,,3.5,360,63,4191
102,백령도,2018-09-17 12:00,21.9,,3.3,340,69,4445
102,백령도,2018-09-17 13:00,21.4,,7.2,340,67,3472
102,백령도,2018-09-17 14:00,21.3,,5.2,340,74,2672
102,백령도,2018-09-17 15:00,21.6,,5.8,340,69,3057
102,백령도,2018-09-17 16:00,21.4,,4.2,320,67,3935
102,백령도,2018-09-17 17:00,20.7,,3.6,340,75,4783
102,백령도,2018-09-17 18:00,19.4,,4.6,340,79,4624
102,백령도,2018-09-17 19:00,18.6,,3.2,320,79,3433
102,백령도,2018-09-17 20:00,18.3,,4.2,320,82,3968
102,백령도,2018-09-17 21:00,18.3,,4.5,320,83,3996
102,백령도,2018-09-17 22:00,18.7,,4.3,320,75,4545
102,백령도,2018-09-17 23:00,18.5,,4.3,340,84,4274
102,백령도,2018-09-18 00:00,18.5,,4.8,340,86,3750
102,백령도,2018-09-18 01:00,19.3,,3.9,340,81,3411
102,백령도,2018-09-18 02:00,18.4,,2.8,290,91,2767
102,백령도,2018-09-18 03:00,18.3,,3.3,340,89,2956
102,백령도,2018-09-18 04:00,18.6,,1.8,340,86,3777
102,백령도,2018-09-18 05:00,18.9,,2.1,320,86,3992
102,백령도,2018-09-18 06:00,18.8,,.8,320,88,3742
102,백령도,2018-09-18 07:00,19.1,,1.5,320,80,4730
102,백령도,2018-09-18 08:00,19,,1.7,270,82,3970
102,백령도,2018-09-18 09:00,20.3,,1.4,290,79,4537
102,백령도,2018-09-18 10:00,21,,1.8,290,74,4689
102,백령도,2018-09-18 11:00,22,,1.6,270,60,4614
102,백령도,2018-09-18 12:00,23.5,,2.7,270,50,4723
102,백령도,2018-09-18 13:00,23,,2.5,340,65,4722
102,백령도,2018-09-18 14:00,22.4,,3,320,67,4785
102,백령도,2018-09-18 15:00,22.4,,2.8,320,66,4575
102,백령도,2018-09-18 16:00,22.4,,2.5,340,66,4272
102,백령도,2018-09-18 17:00,21.3,,2.2,340,69,3285
102,백령도,2018-09-18 18:00,20.5,,2.6,340,70,4066
102,백령도,2018-09-18 19:00,19.7,,2.1,360,67,4753
102,백령도,2018-09-18 20:00,18.8,,1,290,71,3231
102,백령도,2018-09-18 21:00,19,,.7,290,72,3967
102,백령도,2018-09-18 22:00,19.6,,0,0,71,3345
102,백령도,2018-09-18 23:00,18.3,,1.6,290,79,3626
102,백령도,2018-09-19 00:00,18.7,,1.5,290,76,3530
102,백령도,2018-09-19 01:00,18.7,,.6,290,79,2806
102,백령도,2018-09-19 02:00,18.8,,.1,0,81,2669
102,백령도,2018-09-19 03:00,19.5,0,0,0,78,2986
102,백령도,2018-09-19 04:00,19.3,,0,0,78,2994
102,백령도,2018-09-19 05:00,19.3,,1.2,90,82,2791
102,백령도,2018-09-19 06:00,18.9,,1.3,140,86,2470
102,백령도,2018-09-19 07:00,19.1,,1.9,90,91,1535
102,백령도,2018-09-19 08:00,19.6,,1.4,110,90,1364
102,백령도,2018-09-19 09:00,20.9,,1.6,140,77,2437
102,백령도,2018-09-19 10:00,21.1,,1.8,140,80,2247
102,백령도,2018-09-19 11:00,22.3,,2.2,110,70,2499
102,백령도,2018-09-19 12:00,21.9,,2.1,110,77,2533
102,백령도,2018-09-19 13:00,21.9,,1.4,200,75,2587
102,백령도,2018-09-19 14:00,21.9,,1.3,180,76,2401
102,백령도,2018-09-19 15:00,22.4,0,1.8,340,74,2689
102,백령도,2018-09-19 16:00,20.9,,2.3,340,78,2562
102,백령도,2018-09-19 17:00,20.2,0,1.1,320,83,1956
102,백령도,2018-09-19 18:00,19.5,0,.1,0,91,1169
102,백령도,2018-09-19 19:00,19.3,0,.7,180,92,1096
102,백령도,2018-09-19 20:00,18.2,1,.4,0,97,403
102,백령도,2018-09-19 21:00,17.8,.1,1.7,180,99,232
102,백령도,2018-09-19 22:00,17.6,.1,1,200,87,2661
102,백령도,2018-09-19 23:00,17.1,,.3,0,95,2233
102,백령도,2018-09-20 00:00,16.8,,.7,200,95,1425
102,백령도,2018-09-20 01:00,17.4,,0,0,89,2045
102,백령도,2018-09-20 02:00,17,0,.7,140,95,1207
102,백령도,2018-09-20 03:00,17.2,.2,.4,0,94,1283
102,백령도,2018-09-20 04:00,16.3,1.7,1.6,340,100,845
102,백령도,2018-09-20 05:00,16.8,.4,1.7,20,91,1270
102,백령도,2018-09-20 06:00,16.8,.4,.5,50,94,2351
102,백령도,2018-09-20 07:00,17.1,,.8,70,88,3447
102,백령도,2018-09-20 08:00,18.1,,2.7,70,87,2639
102,백령도,2018-09-20 09:00,18.6,,1.9,50,83,3576
102,백령도,2018-09-20 10:00,20,,2.2,70,74,3425
102,백령도,2018-09-20 11:00,20.9,,2,90,64,3972
102,백령도,2018-09-20 12:00,20,,1.5,340,70,4184
102,백령도,2018-09-20 13:00,20.6,,2.7,320,66,3662
102,백령도,2018-09-20 14:00,20.4,,3.7,340,80,2451
102,백령도,2018-09-20 15:00,20,,2.6,340,90,1639
102,백령도,2018-09-20 16:00,20.5,0,4.2,90,83,4275
102,백령도,2018-09-20 17:00,20.7,,2.7,110,82,4363
102,백령도,2018-09-20 18:00,20.1,,2.3,140,83,4507
102,백령도,2018-09-20 19:00,19.6,,1.3,160,88,3949
102,백령도,2018-09-20 20:00,19.6,,2.5,110,85,4039
102,백령도,2018-09-20 21:00,19.1,,2.8,110,87,4865
102,백령도,2018-09-20 22:00,18.8,,3.9,110,88,4997
102,백령도,2018-09-20 23:00,17.6,.2,3.2,90,98,447
102,백령도,2018-09-21 00:00,17.7,0,1.4,110,100,1823
102,백령도,2018-09-21 01:00,17.7,0,2.3,90,99,2095
102,백령도,2018-09-21 02:00,18,0,2.6,90,97,4384
102,백령도,2018-09-21 03:00,18.1,0,2.9,90,96,4747
102,백령도,2018-09-21 04:00,18,0,3.4,70,95,4996
102,백령도,2018-09-21 05:00,18,0,2.9,70,95,1941
102,백령도,2018-09-21 06:00,17.3,.8,3.1,90,100,278
102,백령도,2018-09-21 07:00,17.3,.2,2.8,70,100,498
102,백령도,2018-09-21 08:00,17.4,.7,2.4,90,100,204
102,백령도,2018-09-21 09:00,17.3,1.1,3,50,100,410
102,백령도,2018-09-21 10:00,17.8,.8,2.8,70,100,311
102,백령도,2018-09-21 11:00,18,.6,1.1,70,100,227
102,백령도,2018-09-21 12:00,18.5,.2,1.2,90,100,871
102,백령도,2018-09-21 13:00,19.9,,1.5,110,95,3595
102,백령도,2018-09-21 14:00,19.9,,1.7,110,91,3728
102,백령도,2018-09-21 15:00,19.6,,1.6,180,92,4248
102,백령도,2018-09-21 16:00,19.7,,1.3,230,90,4652
102,백령도,2018-09-21 17:00,19.9,,.8,270,85,5000
102,백령도,2018-09-21 18:00,19.7,,.8,270,90,4935
102,백령도,2018-09-21 19:00,18.6,,1.9,230,95,4114
102,백령도,2018-09-21 20:00,18.3,,.9,250,97,3732
102,백령도,2018-09-21 21:00,18.2,,1.8,200,97,1440
102,백령도,2018-09-21 22:00,18.8,,2.2,200,97,2624
102,백령도,2018-09-21 23:00,18.8,,3.3,180,98,2070
102,백령도,2018-09-22 00:00,18.1,10.1,1.3,250,96,1031
102,백령도,2018-09-22 01:00,19.3,0,4.3,320,92,911
102,백령도,2018-09-22 02:00,18.6,,2.7,290,80,1374
102,백령도,2018-09-22 03:00,18.5,,2.3,250,74,2915
102,백령도,2018-09-22 04:00,18.8,,3.6,270,68,3720
102,백령도,2018-09-22 05:00,19.9,,4.4,290,68,3772
102,백령도,2018-09-22 06:00,19,,4.3,320,82,2392
102,백령도,2018-09-22 07:00,18.8,,4.1,320,84,1731
102,백령도,2018-09-22 08:00,19.3,,1.9,320,84,1290
102,백령도,2018-09-22 09:00,20,,3.3,360,67,2425
102,백령도,2018-09-22 10:00,20.4,,4.6,320,59,2774
102,백령도,2018-09-22 11:00,20.9,,2.8,340,59,3020
102,백령도,2018-09-22 12:00,21.2,,3.2,320,59,3564
102,백령도,2018-09-22 13:00,21.3,,2.7,340,52,3428
102,백령도,2018-09-22 14:00,21.2,,2.9,360,52,3624
102,백령도,2018-09-22 15:00,21.3,,2.1,340,48,3723
102,백령도,2018-09-22 16:00,21.2,,1.7,320,48,3647
102,백령도,2018-09-22 17:00,21.3,,1.3,340,55,3648
102,백령도,2018-09-22 18:00,19.3,,1.1,90,64,3570
102,백령도,2018-09-22 19:00,18.1,,1.6,180,69,2018
102,백령도,2018-09-22 20:00,17.2,,1.7,160,74,3156
102,백령도,2018-09-22 21:00,18.6,,1.2,140,67,3342
102,백령도,2018-09-22 22:00,18.7,,1.2,140,72,3308
102,백령도,2018-09-22 23:00,18.3,,1.7,110,77,3270
102,백령도,2018-09-23 00:00,17.8,,2.4,110,88,2959
102,백령도,2018-09-23 01:00,18,,1.9,140,86,2326
102,백령도,2018-09-23 02:00,17.8,,1.6,110,86,2699
102,백령도,2018-09-23 03:00,17.9,,1.4,140,84,3041
102,백령도,2018-09-23 04:00,17.7,0,2.6,50,89,2539
102,백령도,2018-09-23 05:00,16,9.7,1.1,20,98,975
102,백령도,2018-09-23 06:00,16.3,0,1.6,140,96,1495
102,백령도,2018-09-23 07:00,16.4,,1.8,110,94,2149
102,백령도,2018-09-23 08:00,17.8,,1.2,140,87,3446
102,백령도,2018-09-23 09:00,18.8,,2.6,110,80,3949
102,백령도,2018-09-23 10:00,20.8,,2.3,110,81,3180
102,백령도,2018-09-23 11:00,21.1,,1.8,320,60,3586
102,백령도,2018-09-23 12:00,22.6,,4.7,290,50,3962
102,백령도,2018-09-23 13:00,22.7,,6.8,290,43,4833
102,백령도,2018-09-23 14:00,22.7,,7,290,37,4838
102,백령도,2018-09-23 15:00,22.3,,5.9,290,51,4836
102,백령도,2018-09-23 16:00,21.2,,7.1,290,42,4823
102,백령도,2018-09-23 17:00,20.5,,8.1,290,39,4789
102,백령도,2018-09-23 18:00,19.5,,6.1,290,42,4939
102,백령도,2018-09-23 19:00,18.9,,6.7,290,49,4696
102,백령도,2018-09-23 20:00,18.8,,6.7,320,49,4796
102,백령도,2018-09-23 21:00,18.6,,5,290,52,4623
102,백령도,2018-09-23 22:00,18.8,,6.3,320,45,4866
102,백령도,2018-09-23 23:00,18.3,,3.6,290,50,4616
102,백령도,2018-09-24 00:00,18.2,,3.7,320,52,4526
102,백령도,2018-09-24 01:00,18.6,,5.9,340,53,4933
102,백령도,2018-09-24 02:00,18.5,,7.4,340,48,4905
102,백령도,2018-09-24 03:00,18.2,,7.8,340,49,4527
102,백령도,2018-09-24 04:00,17.8,,5.9,340,53,4558
102,백령도,2018-09-24 05:00,17.7,,6.1,340,52,4470
102,백령도,2018-09-24 06:00,17,,5.7,340,58,4626
102,백령도,2018-09-24 07:00,16.9,,6.3,340,50,4971
102,백령도,2018-09-24 08:00,17.1,,6.1,360,52,4659
102,백령도,2018-09-24 09:00,17.8,,5.5,340,51,4919
102,백령도,2018-09-24 10:00,18.2,,6.2,340,52,4919
102,백령도,2018-09-24 11:00,18.4,,5.9,340,53,4946
102,백령도,2018-09-24 12:00,18.2,,6,360,54,4892
102,백령도,2018-09-24 13:00,18.2,,6.2,340,52,4999
102,백령도,2018-09-24 14:00,18.2,,5.6,340,53,4949
102,백령도,2018-09-24 15:00,17.9,,6.2,340,50,4975
102,백령도,2018-09-24 16:00,17.7,,5.8,340,53,4999
102,백령도,2018-09-24 17:00,17.2,,5.9,340,53,4897
102,백령도,2018-09-24 18:00,16.6,,5.5,340,57,4969
102,백령도,2018-09-24 19:00,16.1,,5.7,340,57,4794
102,백령도,2018-09-24 20:00,15.9,,4.1,340,56,4919
102,백령도,2018-09-24 21:00,16.1,,4.9,340,57,4993
102,백령도,2018-09-24 22:00,15.7,,2.9,340,59,4985
102,백령도,2018-09-24 23:00,15.9,,2.8,340,65,4990
102,백령도,2018-09-25 00:00,16.6,,4.7,340,63,4934
102,백령도,2018-09-25 01:00,16.9,,5.6,340,65,4988
102,백령도,2018-09-25 02:00,16.7,,2.2,360,56,4999
102,백령도,2018-09-25 03:00,16.3,,1.9,20,59,5000
102,백령도,2018-09-25 04:00,16.2,,2.4,50,59,4987
102,백령도,2018-09-25 05:00,15.7,,1.6,20,60,4998
102,백령도,2018-09-25 06:00,15.3,,1.7,20,60,5000
102,백령도,2018-09-25 07:00,15.8,,3.1,50,55,4996
102,백령도,2018-09-25 08:00,16.5,,2.1,360,49,4857
102,백령도,2018-09-25 09:00,17.4,,3,360,46,4998
102,백령도,2018-09-25 10:00,18.1,,3.2,340,48,4969
102,백령도,2018-09-25 11:00,18.6,,5.3,360,46,4814
102,백령도,2018-09-25 12:00,19,,4.8,360,50,4947
102,백령도,2018-09-25 13:00,19,,6.1,340,51,4914
102,백령도,2018-09-25 14:00,18.8,,7.4,360,49,4881
102,백령도,2018-09-25 15:00,18.5,,6.3,360,53,4941
102,백령도,2018-09-25 16:00,18.5,,6.5,360,51,4974
102,백령도,2018-09-25 17:00,17.9,,6,360,52,4992
102,백령도,2018-09-25 18:00,17.8,,4.8,360,54,4991
102,백령도,2018-09-25 19:00,17.6,,2.6,360,54,4990
102,백령도,2018-09-25 20:00,17.8,,2,360,52,4972
102,백령도,2018-09-25 21:00,17.5,,1.9,360,59,4912
102,백령도,2018-09-25 22:00,17.4,,2.2,360,61,4766
102,백령도,2018-09-25 23:00,17.7,,2.2,20,59,4984
102,백령도,2018-09-26 00:00,17.5,,1.4,20,58,4937
102,백령도,2018-09-26 01:00,17.2,,1.6,20,59,4883
102,백령도,2018-09-26 02:00,17,,1.9,20,60,4797
102,백령도,2018-09-26 03:00,15.9,,2.4,50,69,4972
102,백령도,2018-09-26 04:00,16.5,,1.9,20,60,4998
102,백령도,2018-09-26 05:00,16.1,,2.4,50,63,4924
102,백령도,2018-09-26 06:00,15.7,,2.5,70,71,4701
102,백령도,2018-09-26 07:00,15.4,,1.7,90,79,4112
102,백령도,2018-09-26 08:00,16.7,,3.2,90,69,3417
102,백령도,2018-09-26 09:00,18.1,,3.2,110,61,4361
102,백령도,2018-09-26 10:00,18.5,,3.6,90,60,4276
102,백령도,2018-09-26 11:00,19.3,,3.4,90,60,4275
102,백령도,2018-09-26 12:00,19.1,,1.9,90,61,4485
102,백령도,2018-09-26 13:00,19.7,,2.6,180,62,4708
102,백령도,2018-09-26 14:00,20.4,,1.9,110,59,4922
102,백령도,2018-09-26 15:00,19.6,,3.7,340,69,4720
102,백령도,2018-09-26 16:00,19.5,,3.4,340,64,4795
102,백령도,2018-09-26 17:00,19.1,,2.6,340,64,4714
102,백령도,2018-09-26 18:00,18.2,,2.1,340,73,4840
102,백령도,2018-09-26 19:00,16.7,,2.5,360,79,4688
102,백령도,2018-09-26 20:00,16.5,,2.5,340,83,4567
102,백령도,2018-09-26 21:00,16.6,,2.5,340,81,3905
102,백령도,2018-09-26 22:00,16.9,,2.9,360,82,4356
102,백령도,2018-09-26 23:00,17,,1.9,360,81,4323
102,백령도,2018-09-27 00:00,16.8,,2.2,360,81,4658
102,백령도,2018-09-27 01:00,17.5,,1.5,20,76,4220
102,백령도,2018-09-27 02:00,16.3,,2.2,50,80,3849
102,백령도,2018-09-27 03:00,15.9,,2.1,110,81,3421
102,백령도,2018-09-27 04:00,16.1,,3,90,80,3824
102,백령도,2018-09-27 05:00,15.7,,2.6,110,79,4362
102,백령도,2018-09-27 06:00,15.4,,2.6,110,79,4803
102,백령도,2018-09-27 07:00,15.3,,2,110,76,4934
102,백령도,2018-09-27 08:00,17,,2.6,110,71,4714
102,백령도,2018-09-27 09:00,17.7,,2.9,110,67,4552
102,백령도,2018-09-27 10:00,18.5,,2.9,110,63,4564
102,백령도,2018-09-27 11:00,19.2,,2.1,110,61,4624
102,백령도,2018-09-27 12:00,20.1,,1.6,140,57,4804
102,백령도,2018-09-27 13:00,20.5,,1.1,110,47,4922
102,백령도,2018-09-27 14:00,20.5,,2.6,340,41,4969
102,백령도,2018-09-27 15:00,20,,3.6,360,56,4915
102,백령도,2018-09-27 16:00,19.4,,4,290,63,4926
102,백령도,2018-09-27 17:00,19,,3.2,320,66,4973
102,백령도,2018-09-27 18:00,18.1,,3.1,340,71,4919
102,백령도,2018-09-27 19:00,17,,2.8,340,77,4921
102,백령도,2018-09-27 20:00,17,,1.9,340,76,4933
102,백령도,2018-09-27 21:00,16.7,,2,340,81,4674
102,백령도,2018-09-27 22:00,15.9,,.7,320,85,4316
102,백령도,2018-09-27 23:00,16.1,,.4,0,83,4317
102,백령도,2018-09-28 00:00,16.8,,2.3,50,77,4876
102,백령도,2018-09-28 01:00,16.5,,2.5,70,75,4824
102,백령도,2018-09-28 02:00,16,,2.1,90,85,3882
102,백령도,2018-09-28 03:00,16.1,,2.8,90,83,3518
102,백령도,2018-09-28 04:00,16.3,,3.3,90,83,3301
102,백령도,2018-09-28 05:00,16.5,,2.7,110,74,4793
102,백령도,2018-09-28 06:00,16.6,,3.9,110,73,4568
102,백령도,2018-09-28 07:00,16.3,,3.2,110,76,4898
102,백령도,2018-09-28 08:00,16.4,,3.7,110,77,4503
102,백령도,2018-09-28 09:00,16.8,,5.1,110,77,3920
102,백령도,2018-09-28 10:00,17.3,,4.8,110,78,4050
102,백령도,2018-09-28 11:00,18.2,,5,110,77,3698
102,백령도,2018-09-28 12:00,17.6,,4.4,110,79,3879
102,백령도,2018-09-28 13:00,18.1,,4.3,110,79,3729
102,백령도,2018-09-28 14:00,18.5,,4.3,110,79,3771
102,백령도,2018-09-28 15:00,19,,4.2,140,78,4020
102,백령도,2018-09-28 16:00,19,,5,140,80,3389
102,백령도,2018-09-28 17:00,18.9,,4.4,140,82,3338
102,백령도,2018-09-28 18:00,18.7,,3.8,140,85,3010
102,백령도,2018-09-28 19:00,19.1,,3.9,160,83,3883
102,백령도,2018-09-28 20:00,19.1,,3.2,160,79,4698
102,백령도,2018-09-28 21:00,18.5,,1.5,180,83,4636
102,백령도,2018-09-28 22:00,18.7,,3.3,160,82,4853
102,백령도,2018-09-28 23:00,18.9,,4.3,160,86,4590
102,백령도,2018-09-29 00:00,19,,3.8,160,89,3946
102,백령도,2018-09-29 01:00,18.9,,2.8,160,87,3679
102,백령도,2018-09-29 02:00,18.5,,3.1,160,88,3205
102,백령도,2018-09-29 03:00,18.4,,3.5,160,88,2945
102,백령도,2018-09-29 04:00,17.8,,3,140,93,2071
102,백령도,2018-09-29 05:00,17.4,,2.4,110,94,1386
102,백령도,2018-09-29 06:00,17.3,,4,110,94,1382
102,백령도,2018-09-29 07:00,17.3,,4.1,110,94,1708
102,백령도,2018-09-29 08:00,17.5,,4.2,110,91,2006
102,백령도,2018-09-29 09:00,17.9,,5,110,89,2406
102,백령도,2018-09-29 10:00,18.3,,4.7,90,87,2304
102,백령도,2018-09-29 11:00,18.4,,3.9,110,86,2227
102,백령도,2018-09-29 12:00,19.7,,3.8,140,83,3088
102,백령도,2018-09-29 13:00,20.8,,5.5,140,74,3716
102,백령도,2018-09-29 14:00,21,,4.2,140,78,3267
102,백령도,2018-09-29 15:00,20.9,,4,160,74,3928
102,백령도,2018-09-29 16:00,20.6,,4,140,76,3966
102,백령도,2018-09-29 17:00,19.9,,3.5,140,80,3724
102,백령도,2018-09-29 18:00,19.1,,1.3,200,86,2712
102,백령도,2018-09-29 19:00,18.3,,1.9,180,87,2195
102,백령도,2018-09-29 20:00,17.7,,1.8,140,90,2162
102,백령도,2018-09-29 21:00,17.9,,2.3,180,91,1664
102,백령도,2018-09-29 22:00,17.3,,2.3,180,90,2137
102,백령도,2018-09-29 23:00,18,,1.6,180,92,2446
102,백령도,2018-09-30 00:00,19.9,,3.8,230,82,4279
102,백령도,2018-09-30 01:00,20.3,,4.5,250,83,3956
102,백령도,2018-09-30 02:00,19.3,,6,290,83,1382
102,백령도,2018-09-30 03:00,17.9,,8,320,82,1240
102,백령도,2018-09-30 04:00,17,,8.1,320,64,3498
102,백령도,2018-09-30 05:00,16.2,,9.2,320,67,2937
102,백령도,2018-09-30 06:00,15.6,,8.1,320,66,2579
102,백령도,2018-09-30 07:00,15.7,,7.4,320,58,3814
102,백령도,2018-09-30 08:00,16.1,,6.8,320,56,4234
102,백령도,2018-09-30 09:00,16.4,,8.5,320,50,4195
102,백령도,2018-09-30 10:00,16.8,,7.3,320,49,4479
102,백령도,2018-09-30 11:00,17.3,,5.6,320,52,4456
102,백령도,2018-09-30 12:00,17.3,,6.8,320,51,4837
102,백령도,2018-09-30 13:00,17.5,,7.2,320,49,4899
102,백령도,2018-09-30 14:00,17.7,,7.5,320,49,4649
102,백령도,2018-09-30 15:00,17.3,,8,320,49,4755
102,백령도,2018-09-30 16:00,17.1,,7.9,320,50,4703
102,백령도,2018-09-30 17:00,16.9,,7.9,320,49,4622
102,백령도,2018-09-30 18:00,16.1,,8.4,320,48,4746
102,백령도,2018-09-30 19:00,16.1,,7.5,320,47,4863
102,백령도,2018-09-30 20:00,16.3,,6.8,320,52,4482
102,백령도,2018-09-30 21:00,16.2,,7.2,320,49,4834
102,백령도,2018-09-30 22:00,16.2,,8.2,320,45,4911
102,백령도,2018-09-30 23:00,15.5,,8.3,340,55,2650
102,백령도,2018-10-01 00:00,16,,5.9,340,50,2635
102,백령도,2018-10-01 01:00,15.7,,9.6,340,46,3042
102,백령도,2018-10-01 02:00,15.5,,7.4,340,51,3336
102,백령도,2018-10-01 03:00,15.2,,7.5,340,54,3214
102,백령도,2018-10-01 04:00,15,,6.5,320,52,4383
102,백령도,2018-10-01 05:00,15,,6.2,320,56,4146
102,백령도,2018-10-01 06:00,15.1,,8.7,340,57,4311
102,백령도,2018-10-01 07:00,14.6,,6.4,340,63,3962
102,백령도,2018-10-01 08:00,15.2,,8.5,320,55,4188
102,백령도,2018-10-01 09:00,15.6,,9.5,320,56,4118
102,백령도,2018-10-01 10:00,16.3,,9,320,55,4138
102,백령도,2018-10-01 11:00,16.8,,7.5,290,57,3855
102,백령도,2018-10-01 12:00,15.1,.5,4.6,290,81,2783
102,백령도,2018-10-01 13:00,13.7,2,8.3,340,88,2861
102,백령도,2018-10-01 14:00,14.1,0,9.4,320,75,2632
102,백령도,2018-10-01 15:00,14.9,.1,8.2,320,74,3371
102,백령도,2018-10-01 16:00,15.6,0,8.9,340,68,3794
102,백령도,2018-10-01 17:00,15.8,,6.8,340,69,3475
102,백령도,2018-10-01 18:00,15.8,,8.8,340,68,3671
102,백령도,2018-10-01 19:00,16.1,,11.3,340,68,3694
102,백령도,2018-10-01 20:00,16.2,,9.4,360,65,3538
102,백령도,2018-10-01 21:00,16.4,,7.6,360,67,2992
102,백령도,2018-10-01 22:00,16.6,,8.4,340,64,3168
102,백령도,2018-10-01 23:00,16.4,,6.4,340,64,3466
102,백령도,2018-10-02 00:00,16.2,,4.2,360,66,2881
102,백령도,2018-10-02 01:00,15.9,,3.8,360,65,3079
102,백령도,2018-10-02 02:00,15.5,,2.9,360,64,3770
102,백령도,2018-10-02 03:00,15.4,,2.5,320,61,3986
102,백령도,2018-10-02 04:00,15.3,,3.1,320,60,4049
102,백령도,2018-10-02 05:00,15.4,,3,320,58,4182
102,백령도,2018-10-02 06:00,15.1,,2.8,320,57,4519
102,백령도,2018-10-02 07:00,15.1,,3.1,320,56,4678
102,백령도,2018-10-02 08:00,16.1,,3.8,320,54,4257
102,백령도,2018-10-02 09:00,17.1,,3.3,320,54,4395
102,백령도,2018-10-02 10:00,17.9,,4,340,52,4453
102,백령도,2018-10-02 11:00,18.1,,4.4,320,52,4373
102,백령도,2018-10-02 12:00,18.7,,4.1,320,53,4426
102,백령도,2018-10-02 13:00,18.7,,4.7,340,49,4124
102,백령도,2018-10-02 14:00,18.8,,5.2,340,52,4429
102,백령도,2018-10-02 15:00,18.9,,4,340,54,4277
102,백령도,2018-10-02 16:00,18.2,,4.4,320,52,4623
102,백령도,2018-10-02 17:00,17.8,,3.6,320,53,4674
102,백령도,2018-10-02 18:00,16.6,,2.9,320,60,4195
102,백령도,2018-10-02 19:00,15.2,,2.8,320,67,4479
102,백령도,2018-10-02 20:00,14,,1.2,250,74,3728
102,백령도,2018-10-02 21:00,15.1,,0,0,66,4773
102,백령도,2018-10-02 22:00,14.4,,.6,200,70,4282
102,백령도,2018-10-02 23:00,14.6,,.4,0,69,4386
102,백령도,2018-10-03 00:00,14.3,,.7,250,72,4904
102,백령도,2018-10-03 01:00,13.9,,1.5,200,76,4639
102,백령도,2018-10-03 02:00,15.1,,.5,180,79,4362
102,백령도,2018-10-03 03:00,13.9,,.9,140,85,4427
102,백령도,2018-10-03 04:00,15,,1.3,140,78,4832
102,백령도,2018-10-03 05:00,15,,1.6,110,79,4676
102,백령도,2018-10-03 06:00,14.4,,2.1,90,91,2744
102,백령도,2018-10-03 07:00,14,,2.7,90,96,1438
102,백령도,2018-10-03 08:00,15.8,,2.4,90,88,3091
102,백령도,2018-10-03 09:00,16.9,,2.6,90,83,3583
102,백령도,2018-10-03 10:00,18.1,,2.4,110,75,3780
102,백령도,2018-10-03 11:00,18.9,,2.9,110,67,3675
102,백령도,2018-10-03 12:00,20.1,,2.7,110,57,4501
102,백령도,2018-10-03 13:00,20.3,,3.3,110,39,4875
102,백령도,2018-10-03 14:00,21.1,,2.1,110,42,4663
102,백령도,2018-10-03 15:00,20.6,,2.9,200,39,4770
102,백령도,2018-10-03 16:00,20.6,,1.7,320,38,4699
102,백령도,2018-10-03 17:00,20.1,,1,320,44,4764
102,백령도,2018-10-03 18:00,18.2,,.7,200,57,4330
102,백령도,2018-10-03 19:00,16.4,,1.4,290,65,4247
102,백령도,2018-10-03 20:00,16.3,,1.3,270,54,1673
102,백령도,2018-10-03 21:00,16.1,,1.8,320,67,4983
102,백령도,2018-10-03 22:00,15.2,,1,320,66,3760
102,백령도,2018-10-03 23:00,15.2,,0,0,82,4813
102,백령도,2018-10-04 00:00,15.4,,.2,0,88,4728
102,백령도,2018-10-04 01:00,15.6,,1.3,70,89,4534
102,백령도,2018-10-04 02:00,14.2,,1.7,50,94,2643
102,백령도,2018-10-04 03:00,14.8,,1.5,70,90,2969
102,백령도,2018-10-04 04:00,14.6,,.1,0,77,4104
102,백령도,2018-10-04 05:00,14.4,,1.5,20,80,4016
102,백령도,2018-10-04 06:00,14.9,,2.5,70,81,3700
102,백령도,2018-10-04 07:00,14.7,,3,70,81,3160
102,백령도,2018-10-04 08:00,16,,.9,110,86,2125
102,백령도,2018-10-04 09:00,17.6,,2.2,90,84,2513
102,백령도,2018-10-04 10:00,18.4,,2.2,110,73,2554
102,백령도,2018-10-04 11:00,19.1,,2.5,110,67,3017
102,백령도,2018-10-04 12:00,20.1,,3.5,140,60,3147
102,백령도,2018-10-04 13:00,20.7,,3.4,140,59,3417
102,백령도,2018-10-04 14:00,20.7,,2.7,140,55,3348
102,백령도,2018-10-04 15:00,21.3,,2.5,140,51,3310
102,백령도,2018-10-04 16:00,21,,1.8,160,54,3418
102,백령도,2018-10-04 17:00,19.7,,2.2,290,67,3343
102,백령도,2018-10-04 18:00,17.8,,2.1,320,79,3213
102,백령도,2018-10-04 19:00,15.8,,1.4,320,87,2697
102,백령도,2018-10-04 20:00,16.4,,2.9,360,82,3056
102,백령도,2018-10-04 21:00,16.5,,3.1,340,78,3206
102,백령도,2018-10-04 22:00,16.5,,2.7,340,92,1659
102,백령도,2018-10-04 23:00,17.4,,2.9,360,73,3292
102,백령도,2018-10-05 00:00,17.5,,1.7,50,71,3364
102,백령도,2018-10-05 01:00,16,,1.8,70,91,2195
102,백령도,2018-10-05 02:00,15.9,,1.8,70,86,2541
102,백령도,2018-10-05 03:00,16.3,,3.2,90,83,3294
102,백령도,2018-10-05 04:00,16.1,,2.9,90,85,3275
102,백령도,2018-10-05 05:00,16.7,,2.5,90,84,3793
102,백령도,2018-10-05 06:00,16.7,,3,90,82,4025
102,백령도,2018-10-05 07:00,16.8,,4,90,81,3879
102,백령도,2018-10-05 08:00,16.9,,3.9,90,79,3820
102,백령도,2018-10-05 09:00,17.5,,3.4,90,77,3860
102,백령도,2018-10-05 10:00,19,,3.2,70,71,3838
102,백령도,2018-10-05 11:00,19,,3.5,70,67,3885
102,백령도,2018-10-05 12:00,19.7,,2.9,70,69,3822
102,백령도,2018-10-05 13:00,19.9,,3.8,70,64,3615
102,백령도,2018-10-05 14:00,20.5,,3.7,70,64,3875
102,백령도,2018-10-05 15:00,20.3,,2.7,70,68,3812
102,백령도,2018-10-05 16:00,19.5,,3.1,70,74,3373
102,백령도,2018-10-05 17:00,19.2,,3,70,74,3101
102,백령도,2018-10-05 18:00,18.7,,2.7,70,77,3369
102,백령도,2018-10-05 19:00,18.7,,2.9,50,76,3454
102,백령도,2018-10-05 20:00,18.2,,4.2,90,76,3308
102,백령도,2018-10-05 21:00,16.8,,5.7,90,90,3158
102,백령도,2018-10-05 22:00,16.7,,5,70,90,3623
102,백령도,2018-10-05 23:00,16.5,,4.9,50,90,3696
102,백령도,2018-10-06 00:00,16.1,0,3.5,70,95,841
102,백령도,2018-10-06 01:00,16,.3,3.3,70,96,2651
102,백령도,2018-10-06 02:00,16.6,0,3,360,84,4767
102,백령도,2018-10-06 03:00,17.4,,3,360,76,4631
102,백령도,2018-10-06 04:00,17.4,,3.1,360,79,4101
102,백령도,2018-10-06 05:00,17.5,,3.9,360,76,3954
102,백령도,2018-10-06 06:00,17.6,,3.9,340,76,3297
102,백령도,2018-10-06 07:00,17.6,,5.3,360,79,3091
102,백령도,2018-10-06 08:00,17.8,,7.3,340,77,3404
102,백령도,2018-10-06 09:00,18.1,,8.4,360,76,3529
102,백령도,2018-10-06 10:00,18.9,,8.2,360,71,3942
102,백령도,2018-10-06 11:00,19.5,,9.2,360,66,4157
102,백령도,2018-10-06 12:00,20.1,,8.1,340,65,3624
102,백령도,2018-10-06 13:00,20.4,,8,360,64,3853
102,백령도,2018-10-06 14:00,19.8,,11.5,340,66,2407
102,백령도,2018-10-06 15:00,19.7,,11.9,340,66,1996
102,백령도,2018-10-06 16:00,20.1,,9.5,340,65,2136
102,백령도,2018-10-06 17:00,19.3,,5.1,320,76,1077
102,백령도,2018-10-06 18:00,18.5,,6.3,340,69,2044
102,백령도,2018-10-06 19:00,18.2,,5.2,320,69,2322
102,백령도,2018-10-06 20:00,18,,6.7,320,74,2207
102,백령도,2018-10-06 21:00,17.7,,6,320,72,2387
102,백령도,2018-10-06 22:00,17.5,,4.4,320,69,2694
102,백령도,2018-10-06 23:00,17.5,,6.8,320,67,2948
102,백령도,2018-10-07 00:00,17.3,,6.2,320,61,3360
102,백령도,2018-10-07 01:00,17.1,,6.9,340,58,3045
102,백령도,2018-10-07 02:00,16.4,,9.1,340,59,2947
102,백령도,2018-10-07 03:00,16.4,,10.6,340,56,3130
102,백령도,2018-10-07 04:00,16.1,,8.4,340,51,3513
102,백령도,2018-10-07 05:00,15.6,,7.2,340,52,3566
102,백령도,2018-10-07 06:00,15.9,,10.2,340,44,3742
102,백령도,2018-10-07 07:00,16,,10.8,340,37,4043
102,백령도,2018-10-07 08:00,15.9,,10.8,340,39,3954
102,백령도,2018-10-07 09:00,16.2,,10.3,340,37,4426
102,백령도,2018-10-07 10:00,16.4,,9.1,340,35,4265
102,백령도,2018-10-07 11:00,17,,8.7,340,35,4699
102,백령도,2018-10-07 12:00,17.2,,7.6,340,33,4676
102,백령도,2018-10-07 13:00,17.9,,6.1,340,33,4695
102,백령도,2018-10-07 14:00,17.7,,5.3,340,31,4736
102,백령도,2018-10-07 15:00,17.4,,4.1,340,35,4860
102,백령도,2018-10-07 16:00,17.2,,5.1,320,35,4857
102,백령도,2018-10-07 17:00,16.3,,3.5,320,38,4774
102,백령도,2018-10-07 18:00,15.3,,1.8,270,46,4523
102,백령도,2018-10-07 19:00,14.3,,1.2,250,50,4609
102,백령도,2018-10-07 20:00,14.2,,1.5,250,52,4847
102,백령도,2018-10-07 21:00,15.6,,3.8,290,54,4827
102,백령도,2018-10-07 22:00,16.4,,6.2,320,47,4780
102,백령도,2018-10-07 23:00,15.9,,3.9,290,54,4540
102,백령도,2018-10-08 00:00,16.7,,5.4,320,50,4235
102,백령도,2018-10-08 01:00,16.3,,4.5,320,54,3929
102,백령도,2018-10-08 02:00,15.5,,2.4,290,58,3942
102,백령도,2018-10-08 03:00,15,,2.1,290,62,3639
102,백령도,2018-10-08 04:00,16.3,,4.3,340,54,3693
102,백령도,2018-10-08 05:00,15.9,,3.9,340,46,3613
102,백령도,2018-10-08 06:00,15.6,,3,320,45,4221
102,백령도,2018-10-08 07:00,15.4,,1.5,340,50,4533
102,백령도,2018-10-08 08:00,16.1,,1,360,53,4463
102,백령도,2018-10-08 09:00,17.3,,.8,320,42,4855
102,백령도,2018-10-08 10:00,18.7,,1.7,140,37,2063
102,백령도,2018-10-08 11:00,19.1,,1.5,200,33,1855
102,백령도,2018-10-08 12:00,18.9,,2.9,160,40,3382
102,백령도,2018-10-08 13:00,19.2,,2.7,180,27,4344
102,백령도,2018-10-08 14:00,20.4,,1.6,340,21,4483
102,백령도,2018-10-08 15:00,19.4,,3.8,230,24,4813
102,백령도,2018-10-08 16:00,19.1,,3.7,230,27,4863
102,백령도,2018-10-08 17:00,18.4,,3.4,230,29,4920
102,백령도,2018-10-08 18:00,16.9,,2.5,250,35,4863
102,백령도,2018-10-08 19:00,15.5,,2.9,230,39,4923
102,백령도,2018-10-08 20:00,16,,3.4,230,38,4769
102,백령도,2018-10-08 21:00,15.3,,2.8,230,46,4489
102,백령도,2018-10-08 22:00,16.2,,2.5,230,52,4681
102,백령도,2018-10-08 23:00,16,,2.8,200,52,4422
102,백령도,2018-10-09 00:00,15.4,,1.7,230,58,4586
102,백령도,2018-10-09 01:00,16,,2.1,230,51,4765
102,백령도,2018-10-09 02:00,16,,2,200,58,4975
102,백령도,2018-10-09 03:00,15.7,,1.5,250,57,4861
102,백령도,2018-10-09 04:00,16,,0,0,58,4883
102,백령도,2018-10-09 05:00,15.1,,1.8,320,74,4565
102,백령도,2018-10-09 06:00,15.2,,1.9,50,81,4028
102,백령도,2018-10-09 07:00,14.8,,1.8,90,86,3953
102,백령도,2018-10-09 08:00,15.3,,2.1,110,85,4028
102,백령도,2018-10-09 09:00,17.1,,3.7,140,70,4580
102,백령도,2018-10-09 10:00,16.7,,3.1,110,64,2225
102,백령도,2018-10-09 11:00,16.1,,2.8,140,78,1931
102,백령도,2018-10-09 12:00,16.9,,4.6,140,70,1660
102,백령도,2018-10-09 13:00,16.9,,4.1,140,72,1723
102,백령도,2018-10-09 14:00,17.1,,3.5,140,67,2853
102,백령도,2018-10-09 15:00,16.4,0,.9,200,70,2720
102,백령도,2018-10-09 16:00,15.3,.1,8.1,160,66,2308
102,백령도,2018-10-09 17:00,14.5,.4,1.6,160,79,3404
102,백령도,2018-10-09 18:00,14.9,,.6,180,73,3178
102,백령도,2018-10-09 19:00,15.6,,2.9,140,67,4226
102,백령도,2018-10-09 20:00,16.3,,4.6,140,69,3475
102,백령도,2018-10-09 21:00,14.9,6.4,4.7,180,84,813
102,백령도,2018-10-09 22:00,13.1,5.9,4.7,340,94,2417
102,백령도,2018-10-09 23:00,13.6,0,2.9,320,94,2492
102,백령도,2018-10-10 00:00,13.3,,7.7,340,91,2917
102,백령도,2018-10-10 01:00,12.5,,9,320,82,2010
102,백령도,2018-10-10 02:00,12.1,,11.3,320,75,2373
102,백령도,2018-10-10 03:00,11.4,,8.2,340,70,3050
102,백령도,2018-10-10 04:00,11.4,,10.3,320,67,3529
102,백령도,2018-10-10 05:00,11.3,,8.7,320,59,4239
102,백령도,2018-10-10 06:00,11.2,,8,320,51,4672
102,백령도,2018-10-10 07:00,11.4,,8.1,320,49,4690
102,백령도,2018-10-10 08:00,11.3,,8.9,320,45,4410
102,백령도,2018-10-10 09:00,11.5,,8.9,320,44,4759
102,백령도,2018-10-10 10:00,12.2,,7.6,320,43,4749
102,백령도,2018-10-10 11:00,12.2,,7.1,320,46,4822
102,백령도,2018-10-10 12:00,12.8,,7.4,320,43,4820
102,백령도,2018-10-10 13:00,13.2,,5.8,340,43,4785
102,백령도,2018-10-10 14:00,13,,6.8,320,43,4860
102,백령도,2018-10-10 15:00,13,,6.8,320,44,4917
102,백령도,2018-10-10 16:00,13.1,,5.3,340,45,4903
102,백령도,2018-10-10 17:00,12.4,,5.3,340,48,4901
102,백령도,2018-10-10 18:00,11.7,,7,340,45,4955
102,백령도,2018-10-10 19:00,12,,4.7,340,48,4852
102,백령도,2018-10-10 20:00,12.3,,4.4,320,47,4875
102,백령도,2018-10-10 21:00,12.7,,6,340,44,4837
102,백령도,2018-10-10 22:00,12.7,,5.7,320,47,4878
102,백령도,2018-10-10 23:00,12.9,,4.7,320,47,4384
102,백령도,2018-10-11 00:00,12.8,,8,340,46,4399
102,백령도,2018-10-11 01:00,12.6,,9.1,340,53,4172
102,백령도,2018-10-11 02:00,12,,8.4,340,50,4514
102,백령도,2018-10-11 03:00,11.8,,7.6,360,49,4574
102,백령도,2018-10-11 04:00,11.6,,7,360,54,4404
102,백령도,2018-10-11 05:00,11.7,,6.9,360,49,4186
102,백령도,2018-10-11 06:00,11.9,,7.4,340,46,4660
102,백령도,2018-10-11 07:00,11.8,,5.3,340,48,4637
102,백령도,2018-10-11 08:00,12.2,,7.5,340,43,4851
102,백령도,2018-10-11 09:00,12.2,,7.5,340,45,4713
102,백령도,2018-10-11 10:00,13.2,,5.3,320,45,4791
102,백령도,2018-10-11 11:00,12.8,,5.5,340,46,4699
102,백령도,2018-10-11 12:00,14.2,,7.7,320,42,4567
102,백령도,2018-10-11 13:00,14.3,,6.6,320,46,4588
102,백령도,2018-10-11 14:00,13.2,,6.8,320,45,4705
102,백령도,2018-10-11 15:00,13.8,,6.7,320,41,4730
102,백령도,2018-10-11 16:00,13,,6.9,320,43,4867
102,백령도,2018-10-11 17:00,12.9,,6.8,340,45,4840
102,백령도,2018-10-11 18:00,12.1,,5.5,340,48,4851
102,백령도,2018-10-11 19:00,12.4,,7.1,340,51,4652
102,백령도,2018-10-11 20:00,12.6,,7.1,340,49,4363
102,백령도,2018-10-11 21:00,12.7,,5.4,340,50,4038
102,백령도,2018-10-11 22:00,12.7,,4.5,340,51,4222
102,백령도,2018-10-11 23:00,12.5,,3.8,340,53,4256
102,백령도,2018-10-12 00:00,12,,2.9,290,56,4578
102,백령도,2018-10-12 01:00,10.9,,1.6,290,62,4210
102,백령도,2018-10-12 02:00,12.7,,2.4,360,58,4476
102,백령도,2018-10-12 03:00,11.9,,1.5,140,65,4184
102,백령도,2018-10-12 04:00,11.3,,.8,110,67,4453
102,백령도,2018-10-12 05:00,10.8,,1.5,70,68,4747
102,백령도,2018-10-12 06:00,10.6,,1.7,70,63,4830
102,백령도,2018-10-12 07:00,10.4,,.1,0,65,3602
102,백령도,2018-10-12 08:00,12.2,,1.2,90,64,3270
102,백령도,2018-10-12 09:00,13.2,,2.6,70,59,3658
102,백령도,2018-10-12 10:00,13.9,,3,70,54,3956
102,백령도,2018-10-12 11:00,14.6,,3.2,70,45,4548
102,백령도,2018-10-12 12:00,14.9,,4.2,340,45,4883
102,백령도,2018-10-12 13:00,14.9,,4.3,340,47,4651
102,백령도,2018-10-12 14:00,15.3,,4.9,340,47,4752
102,백령도,2018-10-12 15:00,15.3,,5,360,49,4399
102,백령도,2018-10-12 16:00,14.9,,4.4,360,48,4460
102,백령도,2018-10-12 17:00,14.3,,4.2,340,49,4562
102,백령도,2018-10-12 18:00,13.1,,2.8,340,54,4438
102,백령도,2018-10-12 19:00,12.2,,2.5,340,60,4487
102,백령도,2018-10-12 20:00,12.5,,2.9,340,59,4685
102,백령도,2018-10-12 21:00,12.3,,2,340,60,4640
102,백령도,2018-10-12 22:00,12,,1,360,63,4584
102,백령도,2018-10-12 23:00,12.1,,1.6,340,64,4670
102,백령도,2018-10-13 00:00,12.3,,1.7,360,68,4614
102,백령도,2018-10-13 01:00,12.1,,.7,360,72,4551
102,백령도,2018-10-13 02:00,11.1,,.6,180,76,2718
102,백령도,2018-10-13 03:00,11.1,,1.2,200,77,2682
102,백령도,2018-10-13 04:00,11.2,,1.3,230,75,2857
102,백령도,2018-10-13 05:00,11.6,,.9,200,73,2591
102,백령도,2018-10-13 06:00,11.6,,.6,160,75,2352
102,백령도,2018-10-13 07:00,11.3,,1.2,180,80,2423
102,백령도,2018-10-13 08:00,12.6,,1.3,180,79,2239
102,백령도,2018-10-13 09:00,14.3,,1.9,180,67,2461
102,백령도,2018-10-13 10:00,15,,2.3,180,66,2731
102,백령도,2018-10-13 11:00,15.2,,2.3,180,61,2614
102,백령도,2018-10-13 12:00,14.8,,1.7,20,67,4068
102,백령도,2018-10-13 13:00,14.1,,1.6,360,69,3914
102,백령도,2018-10-13 14:00,15.6,,3.2,320,61,3523
102,백령도,2018-10-13 15:00,16,,3.9,320,59,3865
102,백령도,2018-10-13 16:00,15.7,,3.1,320,60,3861
102,백령도,2018-10-13 17:00,15.2,,3.4,290,62,4067
102,백령도,2018-10-13 18:00,13.6,,2.7,290,68,3991
102,백령도,2018-10-13 19:00,12.4,,2.4,290,73,3368
102,백령도,2018-10-13 20:00,12.3,,2.3,290,75,3863
102,백령도,2018-10-13 21:00,12,,1.8,270,77,4022
102,백령도,2018-10-13 22:00,11.7,,1.8,270,78,3857
102,백령도,2018-10-13 23:00,11.8,,1.6,270,78,3964
102,백령도,2018-10-14 00:00,11.7,,2.1,290,79,3993
102,백령도,2018-10-14 01:00,11.6,,1.7,290,78,4288
102,백령도,2018-10-14 02:00,10.6,,1.2,270,83,4149
102,백령도,2018-10-14 03:00,12.4,,.9,320,75,4194
102,백령도,2018-10-14 04:00,11.1,,1.3,270,80,3914
102,백령도,2018-10-14 05:00,11.4,,1.9,270,80,3931
102,백령도,2018-10-14 06:00,12.5,,1.1,250,68,4586
102,백령도,2018-10-14 07:00,12.6,,1,200,65,4122
102,백령도,2018-10-14 08:00,13.3,,.9,180,65,2865
102,백령도,2018-10-14 09:00,14.7,,1.2,110,64,3399
102,백령도,2018-10-14 10:00,15.4,,1.5,180,58,4315
102,백령도,2018-10-14 11:00,15.7,,2.5,160,58,4302
102,백령도,2018-10-14 12:00,16.1,,3.7,180,58,4262
102,백령도,2018-10-14 13:00,16.5,,4.2,180,57,4451
102,백령도,2018-10-14 14:00,16.7,,3.7,180,59,4150
102,백령도,2018-10-14 15:00,16.7,,2.7,230,61,4397
102,백령도,2018-10-14 16:00,16.1,,3.1,250,65,3931
102,백령도,2018-10-14 17:00,15.7,,1.7,230,70,3701
102,백령도,2018-10-14 18:00,15.1,,2.1,230,75,3787
102,백령도,2018-10-14 19:00,14.5,,2.1,200,79,3588
102,백령도,2018-10-14 20:00,14.4,,2.4,230,85,3021
102,백령도,2018-10-14 21:00,15,,1.6,230,83,2944
102,백령도,2018-10-14 22:00,14.5,,.9,250,86,2594
102,백령도,2018-10-14 23:00,14.7,,.7,230,87,1961
102,백령도,2018-10-15 00:00,15,,1.8,270,89,1615
102,백령도,2018-10-15 01:00,15.1,,2.1,270,87,1506
102,백령도,2018-10-15 02:00,15.3,,2.2,270,90,815
102,백령도,2018-10-15 03:00,15.1,,2.9,270,94,266
102,백령도,2018-10-15 04:00,15.1,,2.7,290,97,174
102,백령도,2018-10-15 05:00,14.7,,2.3,290,97,213
102,백령도,2018-10-15 06:00,15.3,,4.2,290,93,396
102,백령도,2018-10-15 07:00,15,,3.5,320,93,347
102,백령도,2018-10-15 08:00,15.5,,4.1,320,90,345
102,백령도,2018-10-15 09:00,16.7,,3.6,340,87,594
102,백령도,2018-10-15 10:00,17,,6.7,340,82,724
102,백령도,2018-10-15 11:00,17.5,,5,340,78,570
102,백령도,2018-10-15 12:00,17.9,,4.4,340,75,890
102,백령도,2018-10-15 13:00,18.1,,5,360,67,1460
102,백령도,2018-10-15 14:00,18.1,,4.7,360,72,1496
102,백령도,2018-10-15 15:00,17.5,,4.7,340,68,1675
102,백령도,2018-10-15 16:00,17.1,,5.2,340,62,2445
102,백령도,2018-10-15 17:00,16.5,,5.9,340,52,3722
102,백령도,2018-10-15 18:00,15.8,,5,340,47,4429
102,백령도,2018-10-15 19:00,15.3,,3.4,340,54,4686
102,백령도,2018-10-15 20:00,15.4,,3.3,340,54,4622
102,백령도,2018-10-15 21:00,14.9,,2.8,320,61,4650
102,백령도,2018-10-15 22:00,14.5,,2.4,320,67,4651
102,백령도,2018-10-15 23:00,13.4,,2.1,290,74,4621
102,백령도,2018-10-16 00:00,13.3,,1.5,270,78,4432
102,백령도,2018-10-16 01:00,13.1,,2.7,270,72,4748
102,백령도,2018-10-16 02:00,13,,1.8,290,79,4565
102,백령도,2018-10-16 03:00,12.7,,2.7,320,88,3748
102,백령도,2018-10-16 04:00,13.4,,2.6,320,86,3239
102,백령도,2018-10-16 05:00,14.4,,3.7,320,76,3117
102,백령도,2018-10-16 06:00,14.3,,2.8,320,84,1236
102,백령도,2018-10-16 07:00,14.3,,2.9,320,90,783
102,백령도,2018-10-16 08:00,15.1,,1.6,360,74,2455
102,백령도,2018-10-16 09:00,15.9,,1.7,360,69,3124
102,백령도,2018-10-16 10:00,16.6,,3.8,340,57,3392
102,백령도,2018-10-16 11:00,16.6,,5.6,340,58,3778
102,백령도,2018-10-16 12:00,16.4,,6.5,340,59,3307
102,백령도,2018-10-16 13:00,16.3,,6.4,360,51,3217
102,백령도,2018-10-16 14:00,15.9,,7,360,48,3462
102,백령도,2018-10-16 15:00,16.3,,6.8,360,43,4111
102,백령도,2018-10-16 16:00,16.2,,6.9,360,39,4754
102,백령도,2018-10-16 17:00,15.5,,5.9,360,40,4571
102,백령도,2018-10-16 18:00,15,,5.9,340,36,4869
102,백령도,2018-10-16 19:00,15,,6.1,340,40,4443
102,백령도,2018-10-16 20:00,15.2,,7.5,340,44,4491
102,백령도,2018-10-16 21:00,15.3,,6.1,340,40,4757
102,백령도,2018-10-16 22:00,15.2,,7.2,340,50,4442
102,백령도,2018-10-16 23:00,15,,5,340,53,4413
102,백령도,2018-10-17 00:00,14.7,,5.3,320,57,4095
102,백령도,2018-10-17 01:00,14.8,,4.7,360,45,4672
102,백령도,2018-10-17 02:00,13.2,,2.4,50,47,4689
102,백령도,2018-10-17 03:00,13,,1.5,20,48,4689
102,백령도,2018-10-17 04:00,12.4,,.9,50,53,4789
102,백령도,2018-10-17 05:00,12.3,,4,340,54,4799
102,백령도,2018-10-17 06:00,13.1,,7,340,51,4567
102,백령도,2018-10-17 07:00,12.1,,3.7,340,57,4123
102,백령도,2018-10-17 08:00,12.3,,5.8,320,54,4402
102,백령도,2018-10-17 09:00,12.8,,6.6,320,58,3994
102,백령도,2018-10-17 10:00,13.5,,6.2,320,59,3933
102,백령도,2018-10-17 11:00,13.9,,7,340,56,3965
102,백령도,2018-10-17 12:00,14.3,,5.8,340,56,4218
102,백령도,2018-10-17 13:00,14.3,,6,340,55,4146
102,백령도,2018-10-17 14:00,14.2,,7.4,340,54,4170
102,백령도,2018-10-17 15:00,13.8,,8.9,340,54,3754
102,백령도,2018-10-17 16:00,13.7,,8.3,340,54,3918
102,백령도,2018-10-17 17:00,13.5,,9,340,54,3844
102,백령도,2018-10-17 18:00,13.1,,8,340,54,4019
102,백령도,2018-10-17 19:00,13.2,,6.4,340,50,4421
102,백령도,2018-10-17 20:00,13.4,,6.4,360,48,4431
102,백령도,2018-10-17 21:00,13.5,,5.6,360,45,4403
102,백령도,2018-10-17 22:00,13.3,,1.7,20,48,4145
102,백령도,2018-10-17 23:00,13.1,,1.7,360,47,4088
102,백령도,2018-10-18 00:00,13.1,,2.4,20,52,4223
102,백령도,2018-10-18 01:00,12.5,,2.5,360,59,3791
102,백령도,2018-10-18 02:00,12.3,,3.5,20,61,3616
102,백령도,2018-10-18 03:00,11.6,,3.1,360,78,3670
102,백령도,2018-10-18 04:00,11.4,,2.9,360,72,4021
102,백령도,2018-10-18 05:00,11.1,,3.8,360,78,3680
102,백령도,2018-10-18 06:00,10.8,,3.9,360,81,3830
102,백령도,2018-10-18 07:00,10.3,,2.1,50,81,4315
102,백령도,2018-10-18 08:00,11.1,,2.1,360,75,4511
102,백령도,2018-10-18 09:00,12.1,,3.6,360,72,4152
102,백령도,2018-10-18 10:00,12.7,,3.6,70,68,3778
102,백령도,2018-10-18 11:00,13.4,,3,360,62,4036
102,백령도,2018-10-18 12:00,15,,2.3,20,60,4397
102,백령도,2018-10-18 13:00,15,,4.9,340,61,4099
102,백령도,2018-10-18 14:00,14.9,,4.8,340,60,3689
102,백령도,2018-10-18 15:00,15.2,,5.1,340,60,4536
102,백령도,2018-10-18 16:00,14.7,,6.1,360,64,4066
102,백령도,2018-10-18 17:00,14.7,,4.6,360,65,3532
102,백령도,2018-10-18 18:00,13.9,,2.3,360,68,3314
102,백령도,2018-10-18 19:00,13.5,,2.3,360,71,3596
102,백령도,2018-10-18 20:00,13.4,,2.3,50,73,3707
102,백령도,2018-10-18 21:00,13.3,,1.8,360,74,4043
102,백령도,2018-10-18 22:00,13.4,,.9,360,75,4609
102,백령도,2018-10-18 23:00,12.9,,1.8,50,75,4826
102,백령도,2018-10-19 00:00,12.5,,1.3,70,77,4104
102,백령도,2018-10-19 01:00,12,,1.1,110,83,3629
102,백령도,2018-10-19 02:00,11.5,,1.2,90,82,4333
102,백령도,2018-10-19 03:00,11.6,,.7,140,89,3458
102,백령도,2018-10-19 04:00,11.5,,.9,140,90,3739
102,백령도,2018-10-19 05:00,11.8,,0,0,90,3539
102,백령도,2018-10-19 06:00,11.7,,0,0,93,3041
102,백령도,2018-10-19 07:00,12,,.2,0,87,3873
102,백령도,2018-10-19 08:00,13.1,,0,0,85,3378
102,백령도,2018-10-19 09:00,14.9,,.5,110,77,3261
102,백령도,2018-10-19 10:00,16.1,,2.4,360,66,3909
102,백령도,2018-10-19 11:00,16.8,,2.3,360,59,4329
102,백령도,2018-10-19 12:00,17.1,,4,360,52,4152
102,백령도,2018-10-19 13:00,17.3,,4.8,340,48,4833
102,백령도,2018-10-19 14:00,17.1,,5.6,340,42,4706
102,백령도,2018-10-19 15:00,16.9,,4.6,340,45,4591
102,백령도,2018-10-19 16:00,16.4,,5,340,45,4064
102,백령도,2018-10-19 17:00,15.6,,3.2,320,46,3885
102,백령도,2018-10-19 18:00,14.5,,4.2,320,47,3504
102,백령도,2018-10-19 19:00,13.9,,3,320,53,3934
102,백령도,2018-10-19 20:00,13.8,,4.6,320,58,3742
102,백령도,2018-10-19 21:00,13.6,,4.2,320,60,3736
102,백령도,2018-10-19 22:00,13.8,,4.9,320,60,3413
102,백령도,2018-10-19 23:00,13.3,,3.6,320,65,3045
102,백령도,2018-10-20 00:00,12.1,,1.7,320,69,2959
102,백령도,2018-10-20 01:00,11.1,,2.3,320,72,2605
102,백령도,2018-10-20 02:00,11.6,,2,320,77,3222
102,백령도,2018-10-20 03:00,12,,2.6,320,76,3380
102,백령도,2018-10-20 04:00,12.5,,3.4,340,71,4059
102,백령도,2018-10-20 05:00,12.3,,1.7,340,73,4230
102,백령도,2018-10-20 06:00,11.8,,.7,70,84,3605
102,백령도,2018-10-20 07:00,11.7,,.1,0,91,1984
102,백령도,2018-10-20 08:00,12.2,,0,0,85,1922
102,백령도,2018-10-20 09:00,14.9,,0,0,72,1691
102,백령도,2018-10-20 10:00,16.4,,1.6,90,69,2152
102,백령도,2018-10-20 11:00,17.3,,1.1,20,67,2512
102,백령도,2018-10-20 12:00,17.4,,2.2,360,54,3813
102,백령도,2018-10-20 13:00,17,,3.7,290,57,4180
102,백령도,2018-10-20 14:00,17.1,,4.3,290,64,3772
102,백령도,2018-10-20 15:00,16.5,,4.8,320,62,2429
102,백령도,2018-10-20 16:00,15.7,,4.4,290,67,2821
102,백령도,2018-10-20 17:00,14.6,,3.8,290,68,2682
102,백령도,2018-10-20 18:00,13.7,,3.9,320,81,2529
102,백령도,2018-10-20 19:00,13.5,,3.7,320,74,2585
102,백령도,2018-10-20 20:00,13.3,,3.7,320,76,2245
102,백령도,2018-10-20 21:00,13.4,,3.8,320,78,2549
102,백령도,2018-10-20 22:00,12,,1.4,290,84,1914
102,백령도,2018-10-20 23:00,12.2,,1.3,270,82,1739
102,백령도,2018-10-21 00:00,11.7,,1.4,290,86,1621
102,백령도,2018-10-21 01:00,12.4,,0,0,81,1626
102,백령도,2018-10-21 02:00,12.3,,0,0,82,1411
102,백령도,2018-10-21 03:00,12.6,,1.3,20,79,1441
102,백령도,2018-10-21 04:00,11.6,,0,0,87,1390
102,백령도,2018-10-21 05:00,11.8,,1.2,70,88,1230
102,백령도,2018-10-21 06:00,11.9,,1.4,90,94,1015
102,백령도,2018-10-21 07:00,11.7,,.4,0,97,1001
102,백령도,2018-10-21 08:00,12,,.9,140,94,1158
102,백령도,2018-10-21 09:00,13.5,,1.4,180,87,1222
102,백령도,2018-10-21 10:00,14.9,,1.8,320,70,1257
102,백령도,2018-10-21 11:00,14.9,,.6,360,77,1177
102,백령도,2018-10-21 12:00,16,,.7,110,72,1413
102,백령도,2018-10-21 13:00,14.9,,1.5,360,68,1559
102,백령도,2018-10-21 14:00,16.4,,2.7,290,51,2102
102,백령도,2018-10-21 15:00,16,,3.2,320,62,1500
102,백령도,2018-10-21 16:00,15.5,,2.7,320,64,1256
102,백령도,2018-10-21 17:00,15,,2.2,290,67,1339
102,백령도,2018-10-21 18:00,13.7,,1.1,270,75,1272
102,백령도,2018-10-21 19:00,13.3,,.4,0,76,1196
102,백령도,2018-10-21 20:00,12.8,,.6,290,77,1758
102,백령도,2018-10-21 21:00,12.3,,1,320,80,1706
102,백령도,2018-10-21 22:00,12.3,,.5,290,80,1411
102,백령도,2018-10-21 23:00,12.6,,0,0,85,1536
102,백령도,2018-10-22 00:00,12.7,,0,0,86,1211
102,백령도,2018-10-22 01:00,12.5,,1.2,20,88,1183
102,백령도,2018-10-22 02:00,12.7,,1,90,87,1259
102,백령도,2018-10-22 03:00,11.7,,0,0,92,875
102,백령도,2018-10-22 04:00,12.2,,0,0,92,1140
102,백령도,2018-10-22 05:00,12.1,,0,0,92,1044
102,백령도,2018-10-22 06:00,12.3,,1.4,90,95,715
102,백령도,2018-10-22 07:00,11.3,,1.9,90,96,531
102,백령도,2018-10-22 08:00,11.8,,1.8,110,91,1027
102,백령도,2018-10-22 09:00,13.8,,1.5,110,84,1287
102,백령도,2018-10-22 10:00,14.9,,2.2,110,72,2007
102,백령도,2018-10-22 11:00,15.5,,2.3,140,65,2627
102,백령도,2018-10-22 12:00,15.9,,3.4,140,66,2182
102,백령도,2018-10-22 13:00,15.8,,3.1,160,72,2228
102,백령도,2018-10-22 14:00,16.4,,2.8,160,69,2341
102,백령도,2018-10-22 15:00,16.6,,2.3,180,62,2539
102,백령도,2018-10-22 16:00,16.4,,2,180,59,1989
102,백령도,2018-10-22 17:00,15.1,,1.6,180,71,2013
102,백령도,2018-10-22 18:00,14.1,,1.1,180,77,1395
102,백령도,2018-10-22 19:00,12.7,,1.6,180,87,1034
102,백령도,2018-10-22 20:00,13.4,,3.1,160,85,1730
102,백령도,2018-10-22 21:00,12.7,,2.7,160,85,1727
102,백령도,2018-10-22 22:00,12.9,,2.1,200,83,1827
102,백령도,2018-10-22 23:00,13,,1.3,200,79,2296
102,백령도,2018-10-23 00:00,12.5,,2,160,78,3407
102,백령도,2018-10-23 01:00,13.2,,1.4,160,80,3966
102,백령도,2018-10-23 02:00,13.5,,1.4,180,82,4172
102,백령도,2018-10-23 03:00,13.8,,1.4,180,85,3796
102,백령도,2018-10-23 04:00,14.5,,1.5,200,86,2731
102,백령도,2018-10-23 05:00,15.2,,2.9,230,79,4176
102,백령도,2018-10-23 06:00,13.6,,7.6,340,79,1906
102,백령도,2018-10-23 07:00,12.2,1.2,4.5,340,91,640
102,백령도,2018-10-23 08:00,11.9,1.7,.2,0,94,646
102,백령도,2018-10-23 09:00,13.2,0,1.3,270,93,948
102,백령도,2018-10-23 10:00,14.8,,3.3,290,82,1211
102,백령도,2018-10-23 11:00,15.9,,6.2,290,68,1764
102,백령도,2018-10-23 12:00,16.2,,7.2,320,63,1917
102,백령도,2018-10-23 13:00,15.9,,7.1,320,67,1744
102,백령도,2018-10-23 14:00,15.9,,6.4,320,66,1780
102,백령도,2018-10-23 15:00,15.6,,7.3,320,66,1891
102,백령도,2018-10-23 16:00,15.2,,7.1,320,62,2304
102,백령도,2018-10-23 17:00,14.3,,7.5,320,58,2487
102,백령도,2018-10-23 18:00,13.4,,6.1,320,57,3218
102,백령도,2018-10-23 19:00,13.5,,6.2,320,55,3271
102,백령도,2018-10-23 20:00,13.5,,5.1,320,56,3383
102,백령도,2018-10-23 21:00,13.5,,4.3,320,55,3520
102,백령도,2018-10-23 22:00,12.9,,3.1,290,59,3521
102,백령도,2018-10-23 23:00,12.7,,3.1,270,56,3671
102,백령도,2018-10-24 00:00,13.1,,3.4,290,56,3686
102,백령도,2018-10-24 01:00,13.4,,3.8,290,54,3877
102,백령도,2018-10-24 02:00,12.3,,2.1,290,62,3979
102,백령도,2018-10-24 03:00,12.2,,2.7,270,63,3949
102,백령도,2018-10-24 04:00,11.8,,1.3,270,66,4021
102,백령도,2018-10-24 05:00,12.1,,1.8,270,62,4126
102,백령도,2018-10-24 06:00,11.7,,1.8,250,62,4455
102,백령도,2018-10-24 07:00,12,,1,250,57,4682
102,백령도,2018-10-24 08:00,12.6,,1.5,270,56,4629
102,백령도,2018-10-24 09:00,14.6,,1,270,46,3046
102,백령도,2018-10-24 10:00,15.8,,1.3,70,49,4134
102,백령도,2018-10-24 11:00,16.3,,1.9,70,46,4334
102,백령도,2018-10-24 12:00,15.9,,2.3,110,48,4398
102,백령도,2018-10-24 13:00,16.7,,3.4,180,47,4469
102,백령도,2018-10-24 14:00,16.3,,2.8,180,49,4180
102,백령도,2018-10-24 15:00,16.8,,4,160,49,4384
102,백령도,2018-10-24 16:00,16.5,,3.1,180,51,4250
102,백령도,2018-10-24 17:00,15.7,,2.2,180,55,4364
102,백령도,2018-10-24 18:00,14,,1.4,180,67,3702
102,백령도,2018-10-24 19:00,12.9,,1.3,180,78,3179
102,백령도,2018-10-24 20:00,13.3,,1.1,180,69,4347
102,백령도,2018-10-24 21:00,13.3,,1.5,180,68,4712
102,백령도,2018-10-24 22:00,13,,2.3,160,71,4301
102,백령도,2018-10-24 23:00,13,,2.4,180,74,3680
102,백령도,2018-10-25 00:00,12.8,,2.1,160,78,3872
102,백령도,2018-10-25 01:00,13.4,,2,140,75,4147
102,백령도,2018-10-25 02:00,13.1,,2,140,85,3516
102,백령도,2018-10-25 03:00,13,,2.3,140,87,3551
102,백령도,2018-10-25 04:00,13.1,,2.4,110,93,2067
102,백령도,2018-10-25 05:00,13.1,,2.2,110,94,1848
102,백령도,2018-10-25 06:00,13.2,,2.4,140,93,1979
102,백령도,2018-10-25 07:00,13.7,,3.1,140,88,3228
102,백령도,2018-10-25 08:00,13.9,,3.9,110,92,2266
102,백령도,2018-10-25 09:00,14.5,,4,110,88,2747
102,백령도,2018-10-25 10:00,15.5,,3.2,140,83,2316
102,백령도,2018-10-25 11:00,15.9,,4.3,140,82,2013
102,백령도,2018-10-25 12:00,16.5,,4.1,140,77,2192
102,백령도,2018-10-25 13:00,16.4,,4,160,66,2302
102,백령도,2018-10-25 14:00,17,,3.7,180,62,3717
102,백령도,2018-10-25 15:00,16.3,,4.6,180,68,3786
102,백령도,2018-10-25 16:00,15.9,,4,180,68,3664
102,백령도,2018-10-25 17:00,15.2,,3.2,160,71,3356
102,백령도,2018-10-25 18:00,14.7,,3.2,160,74,3441
102,백령도,2018-10-25 19:00,14.5,,3.2,160,79,3386
102,백령도,2018-10-25 20:00,13.5,,2.1,180,86,2114
102,백령도,2018-10-25 21:00,14.2,,1.9,160,84,2375
102,백령도,2018-10-25 22:00,13.9,,2,160,88,1571
102,백령도,2018-10-25 23:00,13.2,,2.3,160,92,1149
102,백령도,2018-10-26 00:00,14.4,,4.3,160,83,1707
102,백령도,2018-10-26 01:00,14.5,,4.2,160,85,1800
102,백령도,2018-10-26 02:00,14.1,0,2.4,160,88,1275
102,백령도,2018-10-26 03:00,14.5,,3.9,160,87,1316
102,백령도,2018-10-26 04:00,14.7,,5.1,160,87,1292
102,백령도,2018-10-26 05:00,15.1,0,6.3,200,71,1171
102,백령도,2018-10-26 06:00,15,.4,3.6,160,84,1535
102,백령도,2018-10-26 07:00,15.9,0,5.5,230,62,2499
102,백령도,2018-10-26 08:00,11.7,10,6.6,320,95,412
102,백령도,2018-10-26 09:00,11.1,2.1,3.7,340,87,1247
102,백령도,2018-10-26 10:00,12.7,0,5.2,320,75,2107
102,백령도,2018-10-26 11:00,13.8,,4.9,320,72,2004
102,백령도,2018-10-26 12:00,14.6,,5.5,320,62,2251
102,백령도,2018-10-26 13:00,14.8,,5.5,320,60,2095
102,백령도,2018-10-26 14:00,14.8,,3.8,320,59,1887
102,백령도,2018-10-26 15:00,12.6,0,3.1,340,75,1209
102,백령도,2018-10-26 16:00,11.4,.1,6.1,320,80,1649
102,백령도,2018-10-26 17:00,12.5,.2,6.1,290,64,3278
102,백령도,2018-10-26 18:00,12,,8.6,290,52,1823
102,백령도,2018-10-26 19:00,12,,8.9,290,53,1807
102,백령도,2018-10-26 20:00,11.3,.3,9,290,58,3733
102,백령도,2018-10-26 21:00,9.7,.7,10.1,290,62,2349
102,백령도,2018-10-26 22:00,10.7,.4,9,290,65,3991
102,백령도,2018-10-26 23:00,10.7,0,7.1,290,57,3945
102,백령도,2018-10-27 00:00,11.6,,9.7,320,47,4278
102,백령도,2018-10-27 01:00,11.4,0,7.1,320,48,3952
102,백령도,2018-10-27 02:00,11.1,0,8.7,320,49,4152
102,백령도,2018-10-27 03:00,11.1,,7.5,320,49,3511
102,백령도,2018-10-27 04:00,10.5,,10,320,42,3925
102,백령도,2018-10-27 05:00,10,,8.4,320,48,3631
102,백령도,2018-10-27 06:00,9.5,,9.9,320,43,3994
102,백령도,2018-10-27 07:00,9.4,,7.3,320,45,3922
102,백령도,2018-10-27 08:00,9.3,,7.2,320,48,3930
102,백령도,2018-10-27 09:00,9,,8,320,45,3976
102,백령도,2018-10-27 10:00,9.4,,7.5,320,47,4419
102,백령도,2018-10-27 11:00,8.9,,6.9,320,49,4114
102,백령도,2018-10-27 12:00,9.1,,7.5,320,43,4522
102,백령도,2018-10-27 13:00,9.8,,7.1,320,42,4541
102,백령도,2018-10-27 14:00,9.8,,8.7,320,42,4444
102,백령도,2018-10-27 15:00,9.5,,7.5,320,45,4521
102,백령도,2018-10-27 16:00,9.4,,7.8,290,46,4602
102,백령도,2018-10-27 17:00,9.2,,6.4,290,48,4665
102,백령도,2018-10-27 18:00,9.2,,6.1,320,50,4693
102,백령도,2018-10-27 19:00,9.4,,6.9,290,50,4627
102,백령도,2018-10-27 20:00,9.9,,8.7,320,51,4733
102,백령도,2018-10-27 21:00,10.1,,6.7,290,49,4587
102,백령도,2018-10-27 22:00,10,,6.3,320,48,4891
102,백령도,2018-10-27 23:00,9.4,,1.9,270,52,4598
102,백령도,2018-10-28 00:00,9.5,,1.9,250,57,4051
102,백령도,2018-10-28 01:00,9.7,0,5.4,270,63,2030
102,백령도,2018-10-28 02:00,9.4,.6,4,230,71,4572
102,백령도,2018-10-28 03:00,11,0,6.5,270,62,3869
102,백령도,2018-10-28 04:00,9.6,0,10.6,320,83,3408
102,백령도,2018-10-28 05:00,9.5,.2,5,270,84,3253
102,백령도,2018-10-28 06:00,8.3,.9,8.9,290,88,1030
102,백령도,2018-10-28 07:00,10.9,.2,5.5,270,68,3687
102,백령도,2018-10-28 08:00,9.9,.2,3.7,270,80,1905
102,백령도,2018-10-28 09:00,11.8,.6,7.1,250,66,4248
102,백령도,2018-10-28 10:00,12.9,,7.2,250,62,2791
102,백령도,2018-10-28 11:00,13.5,,4.3,250,62,2164
102,백령도,2018-10-28 12:00,14.7,,4.9,270,52,4258
102,백령도,2018-10-28 13:00,14.4,.6,7.9,270,58,3580
102,백령도,2018-10-28 14:00,10.7,0,9,340,75,2742
102,백령도,2018-10-28 15:00,11.4,.1,8,320,63,4440
102,백령도,2018-10-28 16:00,11.4,,6.6,320,65,3712
102,백령도,2018-10-28 17:00,10.2,,8,320,60,4549
102,백령도,2018-10-28 18:00,9.8,,7.4,320,60,4550
102,백령도,2018-10-28 19:00,10.6,,5.8,320,61,4673
102,백령도,2018-10-28 20:00,10.2,,5.6,320,59,4753
102,백령도,2018-10-28 21:00,10.4,,4.5,320,56,4854
102,백령도,2018-10-28 22:00,10.7,,4.1,320,47,4830
102,백령도,2018-10-28 23:00,10.4,,8.5,360,58,4556
102,백령도,2018-10-29 00:00,8.6,0,6.7,360,67,4540
102,백령도,2018-10-29 01:00,8.3,0,3.7,360,66,4980
102,백령도,2018-10-29 02:00,7.6,,1.1,360,68,4906
102,백령도,2018-10-29 03:00,7.3,,2.1,270,68,4969
102,백령도,2018-10-29 04:00,7.5,,1.5,270,67,4962
102,백령도,2018-10-29 05:00,6.8,,1.5,250,67,4992
102,백령도,2018-10-29 06:00,6.9,,2.5,270,59,4960
102,백령도,2018-10-29 07:00,7.5,,2.9,270,55,4957
102,백령도,2018-10-29 08:00,9,,3.7,320,45,4859
102,백령도,2018-10-29 09:00,10.3,,4.6,320,42,4845
102,백령도,2018-10-29 10:00,10.6,,5,290,43,4520
102,백령도,2018-10-29 11:00,10.8,,6.3,320,46,4307
102,백령도,2018-10-29 12:00,10.2,,6.9,320,46,4962
102,백령도,2018-10-29 13:00,10.1,,7.1,320,49,4784
102,백령도,2018-10-29 14:00,10.1,,6.5,320,50,4520
102,백령도,2018-10-29 15:00,9.7,,7,320,49,4722
102,백령도,2018-10-29 16:00,9,,8.5,320,49,4732
102,백령도,2018-10-29 17:00,7.9,,8,320,52,4671
102,백령도,2018-10-29 18:00,7.7,,8.2,320,52,4660
102,백령도,2018-10-29 19:00,8,,7.1,340,53,4282
102,백령도,2018-10-29 20:00,8.1,,7.5,340,50,3960
102,백령도,2018-10-29 21:00,8.3,,6.2,340,51,3853
102,백령도,2018-10-29 22:00,8.1,,6.9,360,49,4499
102,백령도,2018-10-29 23:00,8.1,,5.2,360,53,4553
102,백령도,2018-10-30 00:00,8.1,,5.4,360,49,4778
102,백령도,2018-10-30 01:00,8.2,,4.6,360,48,4379
102,백령도,2018-10-30 02:00,8.3,,5.3,340,48,4609
102,백령도,2018-10-30 03:00,8.2,,4.1,340,54,4428
102,백령도,2018-10-30 04:00,8.1,,5.5,340,54,4773
102,백령도,2018-10-30 05:00,7.4,,4.6,320,51,4835
102,백령도,2018-10-30 06:00,7.7,,4.9,340,56,4814
102,백령도,2018-10-30 07:00,7.6,,5.7,340,53,4912
102,백령도,2018-10-30 08:00,7.9,,4.6,340,55,4647
102,백령도,2018-10-30 09:00,8.6,,2.5,70,62,4087
102,백령도,2018-10-30 10:00,9.4,,4.1,360,52,4589
102,백령도,2018-10-30 11:00,10.5,,2,70,53,4460
102,백령도,2018-10-30 12:00,9.6,,1.5,20,52,4675
102,백령도,2018-10-30 13:00,10.4,,2.8,340,49,4880
102,백령도,2018-10-30 14:00,9.9,,3.1,320,48,4870
102,백령도,2018-10-30 15:00,9.2,,3.4,290,54,4539
102,백령도,2018-10-30 16:00,8.9,,1.2,250,56,4424
102,백령도,2018-10-30 17:00,8.6,,1.7,320,61,4772
102,백령도,2018-10-30 18:00,7.7,0,1.8,290,70,1754
102,백령도,2018-10-30 19:00,6.8,0,1.6,340,83,2483
102,백령도,2018-10-30 20:00,6.9,0,2.7,50,82,4966
102,백령도,2018-10-30 21:00,7,0,2.4,50,74,4545
102,백령도,2018-10-30 22:00,6.8,0,4.4,50,77,4834
102,백령도,2018-10-30 23:00,6.8,0,2.9,50,77,3776
102,백령도,2018-10-31 00:00,7.2,0,2.9,50,78,4992
102,백령도,2018-10-31 01:00,6.3,.2,2.6,20,85,1230
102,백령도,2018-10-31 02:00,6.8,0,2.6,50,75,4695
102,백령도,2018-10-31 03:00,7.7,,2.9,50,65,4644
102,백령도,2018-10-31 04:00,7.5,,2.1,50,64,4480
102,백령도,2018-10-31 05:00,7.7,,1.1,50,63,4212
102,백령도,2018-10-31 06:00,7.6,,1.9,50,66,4221
102,백령도,2018-10-31 07:00,7.9,,2.5,360,63,3530
102,백령도,2018-10-31 08:00,8.8,,5.4,340,57,2790
102,백령도,2018-10-31 09:00,9.2,,6.5,340,56,2888
102,백령도,2018-10-31 10:00,10,,7.2,340,54,3268
102,백령도,2018-10-31 11:00,10.3,,7.4,340,55,3401
102,백령도,2018-10-31 12:00,10,,7.9,340,56,3743
102,백령도,2018-10-31 13:00,10.3,,8.8,340,55,3883
102,백령도,2018-10-31 14:00,10.4,,7.3,340,54,4545
102,백령도,2018-10-31 15:00,10.3,,7.8,340,53,4706
102,백령도,2018-10-31 16:00,10.5,,7.2,340,54,4691
102,백령도,2018-10-31 17:00,9.9,,8.8,340,54,4699
102,백령도,2018-10-31 18:00,9.4,,7.1,340,56,4943
102,백령도,2018-10-31 19:00,9.5,,7.6,340,56,4815
102,백령도,2018-10-31 20:00,9.7,,8,340,54,4620
102,백령도,2018-10-31 21:00,9.9,,6.2,340,55,4363
102,백령도,2018-10-31 22:00,10.6,,7.8,340,54,3622
102,백령도,2018-10-31 23:00,10.9,,8.1,340,53,3475
102,백령도,2018-11-01 00:00,10.9,,6.4,340,54,3971
102,백령도,2018-11-01 01:00,10.8,,5.9,340,55,3956
102,백령도,2018-11-01 02:00,11,,4.9,340,53,4028
102,백령도,2018-11-01 03:00,11,,4.7,360,52,3944
102,백령도,2018-11-01 04:00,11.1,,4,340,56,3775
102,백령도,2018-11-01 05:00,11.1,,4.4,340,52,3815
102,백령도,2018-11-01 06:00,11.1,,3.7,320,51,4123
102,백령도,2018-11-01 07:00,10.9,,2.9,340,57,3908
102,백령도,2018-11-01 08:00,11.7,,4.4,320,52,3998
102,백령도,2018-11-01 09:00,12.7,,4.3,340,52,3859
102,백령도,2018-11-01 10:00,13.3,,3.8,360,52,3633
102,백령도,2018-11-01 11:00,13.8,,4.7,340,50,3459
102,백령도,2018-11-01 12:00,14,,4.3,340,51,3184
102,백령도,2018-11-01 13:00,14,,5,340,49,3055
102,백령도,2018-11-01 14:00,13.6,,6.1,340,50,2940
102,백령도,2018-11-01 15:00,13.6,,5.5,340,51,3013
102,백령도,2018-11-01 16:00,13,,7,340,53,2785
102,백령도,2018-11-01 17:00,12.5,,6.7,340,53,2953
102,백령도,2018-11-01 18:00,11.6,,2.5,320,59,3415
102,백령도,2018-11-01 19:00,11.5,,2,290,63,3835
102,백령도,2018-11-01 20:00,11.5,,3,320,65,4052
102,백령도,2018-11-01 21:00,11.4,,3.1,320,68,3550
102,백령도,2018-11-01 22:00,11.2,,3.7,320,68,4410
102,백령도,2018-11-01 23:00,11.2,,2.9,320,70,4464
102,백령도,2018-11-02 00:00,11.3,,3.1,320,73,3887
102,백령도,2018-11-02 01:00,10.3,,2.2,290,78,3590
102,백령도,2018-11-02 02:00,10.1,,2.2,250,78,4270
102,백령도,2018-11-02 03:00,9.5,,2.3,290,79,4538
102,백령도,2018-11-02 04:00,11.2,,3,320,77,4366
102,백령도,2018-11-02 05:00,11.7,,2.4,320,76,2081
102,백령도,2018-11-02 06:00,12.2,,2.8,340,77,1683
102,백령도,2018-11-02 07:00,12,,1.8,360,77,1759
102,백령도,2018-11-02 08:00,11.8,,2.4,70,89,1644
102,백령도,2018-11-02 09:00,12.5,,2.4,110,85,2057
102,백령도,2018-11-02 10:00,13.3,,2.3,90,74,2207
102,백령도,2018-11-02 11:00,14.6,,2,110,68,2835
102,백령도,2018-11-02 12:00,14.9,,1.7,180,66,3579
102,백령도,2018-11-02 13:00,14.8,,2.1,290,67,2495
102,백령도,2018-11-02 14:00,14.4,,4.2,290,76,1833
102,백령도,2018-11-02 15:00,14.7,,4.4,290,71,1836
102,백령도,2018-11-02 16:00,14.2,,4.5,320,71,1891
102,백령도,2018-11-02 17:00,13.6,,3,290,74,1801
102,백령도,2018-11-02 18:00,11.5,,1.7,290,84,1503
102,백령도,2018-11-02 19:00,11.1,,1.4,270,82,1605
102,백령도,2018-11-02 20:00,11.3,,1.1,270,74,1960
102,백령도,2018-11-02 21:00,10.4,,1.5,270,78,2074
102,백령도,2018-11-02 22:00,11.3,,.7,230,78,1702
102,백령도,2018-11-02 23:00,10.7,,.9,270,81,1605
102,백령도,2018-11-03 00:00,10.6,,.6,270,84,1381
102,백령도,2018-11-03 01:00,10.7,,.4,0,88,1073
102,백령도,2018-11-03 02:00,11.3,,.3,0,84,1455
102,백령도,2018-11-03 03:00,10.8,,1,360,92,926
102,백령도,2018-11-03 04:00,10.6,,.2,0,93,853
102,백령도,2018-11-03 05:00,8.9,,1.5,180,94,213
102,백령도,2018-11-03 06:00,10.2,,1.4,110,94,601
102,백령도,2018-11-03 07:00,9.9,,1.5,110,95,314
102,백령도,2018-11-03 08:00,9.8,,0,0,96,311
102,백령도,2018-11-03 09:00,12.1,,0,0,92,880
102,백령도,2018-11-03 10:00,12.7,,.9,180,85,1011
102,백령도,2018-11-03 11:00,14,,2.3,90,77,1788
102,백령도,2018-11-03 12:00,13,,2.3,340,79,1713
102,백령도,2018-11-03 13:00,14.4,,1.3,70,70,1908
102,백령도,2018-11-03 14:00,14,,1.9,360,71,2008
102,백령도,2018-11-03 15:00,14.4,,2.6,320,64,2281
102,백령도,2018-11-03 16:00,14.1,,2.1,320,65,2428
102,백령도,2018-11-03 17:00,13.7,,1.2,320,63,3107
102,백령도,2018-11-03 18:00,11.1,,1.8,270,82,1994
102,백령도,2018-11-03 19:00,10.7,,1.7,290,84,1890
102,백령도,2018-11-03 20:00,10.5,,1.4,290,85,1895
102,백령도,2018-11-03 21:00,9.8,,.8,290,89,1625
102,백령도,2018-11-03 22:00,9.8,,1.4,290,92,1283
102,백령도,2018-11-03 23:00,10.2,,.2,0,90,2044
102,백령도,2018-11-04 00:00,10.5,,.5,360,91,1654
102,백령도,2018-11-04 01:00,10.2,,0,0,91,1822
102,백령도,2018-11-04 02:00,10.7,,.4,0,88,1893
102,백령도,2018-11-04 03:00,10.5,,.1,0,88,1869
102,백령도,2018-11-04 04:00,10.5,,.4,0,91,1647
102,백령도,2018-11-04 05:00,10.7,,1.1,340,90,2001
102,백령도,2018-11-04 06:00,10.4,,.7,340,91,1775
102,백령도,2018-11-04 07:00,10.9,,.5,50,93,1246
102,백령도,2018-11-04 08:00,10.9,,.2,0,92,1035
102,백령도,2018-11-04 09:00,12.7,,1.7,360,83,2100
102,백령도,2018-11-04 10:00,13.4,,2.2,90,82,1387
102,백령도,2018-11-04 11:00,14.3,,1.6,360,73,2319
102,백령도,2018-11-04 12:00,14.6,,2.6,290,66,2977
102,백령도,2018-11-04 13:00,14.6,,2.6,290,67,3063
102,백령도,2018-11-04 14:00,14.5,,3.3,320,68,3007
102,백령도,2018-11-04 15:00,14.6,,4.1,290,70,2931
102,백령도,2018-11-04 16:00,14.1,,4,290,74,2949
102,백령도,2018-11-04 17:00,13.1,,3.1,290,80,3093
102,백령도,2018-11-04 18:00,11.5,,1.1,290,88,1816
102,백령도,2018-11-04 19:00,12,,3.1,320,88,2852
102,백령도,2018-11-04 20:00,12.4,,2.9,320,87,3018
102,백령도,2018-11-04 21:00,12.9,,3.1,340,85,2918
102,백령도,2018-11-04 22:00,12.3,,1.4,340,87,2266
102,백령도,2018-11-04 23:00,12.4,,1.3,360,88,2071
102,백령도,2018-11-05 00:00,12,,1,340,86,1838
102,백령도,2018-11-05 01:00,12.1,,3.4,320,93,2086
102,백령도,2018-11-05 02:00,12.6,,3,320,90,4040
102,백령도,2018-11-05 03:00,12.8,,3.5,320,87,3880
102,백령도,2018-11-05 04:00,12.3,,2.8,320,92,3169
102,백령도,2018-11-05 05:00,11.5,,1.9,290,95,1459
102,백령도,2018-11-05 06:00,11.9,,2,290,96,1173
102,백령도,2018-11-05 07:00,11.6,,2.2,290,98,454
102,백령도,2018-11-05 08:00,12.9,,6.6,340,89,581
102,백령도,2018-11-05 09:00,13.3,,3.9,360,87,596
102,백령도,2018-11-05 10:00,14.1,,5,340,81,776
102,백령도,2018-11-05 11:00,14.9,,4,340,78,789
102,백령도,2018-11-05 12:00,15.1,,3.9,340,73,847
102,백령도,2018-11-05 13:00,14.5,,4.2,340,78,634
102,백령도,2018-11-05 14:00,14.2,,4,340,76,637
102,백령도,2018-11-05 15:00,13.2,,6.6,320,81,619
102,백령도,2018-11-05 16:00,12.8,,4.6,320,80,682
102,백령도,2018-11-05 17:00,12,,5.3,320,84,627
102,백령도,2018-11-05 18:00,11.6,,6.7,320,84,732
102,백령도,2018-11-05 19:00,11.3,,6,320,85,679
102,백령도,2018-11-05 20:00,11.4,,4.4,340,82,723
102,백령도,2018-11-05 21:00,11.3,,4.4,340,81,836
102,백령도,2018-11-05 22:00,11.2,,5,340,81,844
102,백령도,2018-11-05 23:00,11.2,,4.2,340,81,864
102,백령도,2018-11-06 00:00,11.2,,4.9,320,82,1089
102,백령도,2018-11-06 01:00,11.2,,5,320,80,1194
102,백령도,2018-11-06 02:00,11.2,,5.4,320,78,1577
102,백령도,2018-11-06 03:00,11.4,,4.4,320,77,1451
102,백령도,2018-11-06 04:00,11.4,,2.9,320,75,1585
102,백령도,2018-11-06 05:00,11.6,,5.3,340,75,1619
102,백령도,2018-11-06 06:00,11.4,,6.1,340,74,1800
102,백령도,2018-11-06 07:00,11,,6.3,340,75,2394
102,백령도,2018-11-06 08:00,11,,4.8,340,71,2455
102,백령도,2018-11-06 09:00,11.3,,5.3,340,71,2465
102,백령도,2018-11-06 10:00,11.8,,5.4,340,69,2738
102,백령도,2018-11-06 11:00,11.8,,5.5,340,69,2783
102,백령도,2018-11-06 12:00,11.5,,6.3,340,68,2470
102,백령도,2018-11-06 13:00,11.5,,6,340,70,2647
102,백령도,2018-11-06 14:00,11.5,,5.3,340,69,2598
102,백령도,2018-11-06 15:00,11.5,,5.6,340,69,2703
102,백령도,2018-11-06 16:00,10.9,,5.9,340,72,2588
102,백령도,2018-11-06 17:00,10.9,,4.6,340,73,2356
102,백령도,2018-11-06 18:00,11.4,,5.2,340,81,1431
102,백령도,2018-11-06 19:00,11.5,,4.2,360,76,1625
102,백령도,2018-11-06 20:00,11.8,,5,340,78,941
102,백령도,2018-11-06 21:00,11.8,,5.7,340,77,1030
102,백령도,2018-11-06 22:00,11.8,,3.4,340,75,1095
102,백령도,2018-11-06 23:00,12.1,,4.8,340,71,1282
102,백령도,2018-11-07 00:00,12,0,2.9,360,72,1380
102,백령도,2018-11-07 01:00,11.6,,1.5,20,75,1378
102,백령도,2018-11-07 02:00,11.2,,.9,90,83,904
102,백령도,2018-11-07 03:00,10.8,0,.6,160,84,856
102,백령도,2018-11-07 04:00,10.8,,1.6,140,84,1020
102,백령도,2018-11-07 05:00,11.1,,2.4,110,78,1149
102,백령도,2018-11-07 06:00,10.9,,1.1,140,80,1164
102,백령도,2018-11-07 07:00,10.7,,1.2,140,80,1358
102,백령도,2018-11-07 08:00,9.7,,.1,0,84,1347
102,백령도,2018-11-07 09:00,12,,0,0,72,1808
102,백령도,2018-11-07 10:00,13.3,,1,360,60,2178
102,백령도,2018-11-07 11:00,14.2,,1.1,50,63,1959
102,백령도,2018-11-07 12:00,13.2,,.7,70,67,1929
102,백령도,2018-11-07 13:00,13.3,,2.9,320,71,1820
102,백령도,2018-11-07 14:00,13.9,,2,360,70,1801
102,백령도,2018-11-07 15:00,13.7,,3.4,320,71,1757
102,백령도,2018-11-07 16:00,13.8,,2.9,320,70,1946
102,백령도,2018-11-07 17:00,12.8,,2.7,320,77,1685
102,백령도,2018-11-07 18:00,11.4,,2,290,86,1366
102,백령도,2018-11-07 19:00,11.3,,2.2,270,89,1187
102,백령도,2018-11-07 20:00,11.5,,.5,320,89,1165
102,백령도,2018-11-07 21:00,12,,2.6,160,84,1159
102,백령도,2018-11-07 22:00,11.9,,2.8,160,81,1359
102,백령도,2018-11-07 23:00,11.6,,1.8,160,82,1601
102,백령도,2018-11-08 00:00,11.7,,1.2,110,87,1027
102,백령도,2018-11-08 01:00,11.7,,2.3,110,92,697
102,백령도,2018-11-08 02:00,11.8,,2.1,110,91,650
102,백령도,2018-11-08 03:00,11.5,0,2.1,110,94,481
102,백령도,2018-11-08 04:00,11.5,,1.6,110,96,229
102,백령도,2018-11-08 05:00,11.4,,2.2,110,96,297
102,백령도,2018-11-08 06:00,11.3,1.9,2.5,110,96,279
102,백령도,2018-11-08 07:00,11.4,,2.3,90,97,310
102,백령도,2018-11-08 08:00,11.2,,2.9,90,97,265
102,백령도,2018-11-08 09:00,11.1,4.1,3.1,70,98,262
102,백령도,2018-11-08 10:00,11.4,,4.6,90,98,527
102,백령도,2018-11-08 11:00,11.7,,5.1,90,98,946
102,백령도,2018-11-08 12:00,11.7,2.5,4.8,90,96,2425
102,백령도,2018-11-08 13:00,11.9,,5.1,90,95,1924
102,백령도,2018-11-08 14:00,11.9,,4.9,90,96,1180
102,백령도,2018-11-08 15:00,11.8,2.2,3.3,70,98,188
102,백령도,2018-11-08 16:00,11.8,,1.6,360,99,210
102,백령도,2018-11-08 17:00,11.6,,4.8,340,99,501
102,백령도,2018-11-08 18:00,12,14.5,5.2,320,99,1183
102,백령도,2018-11-08 19:00,11.6,,11.2,320,98,1213
102,백령도,2018-11-08 20:00,11.4,,12.8,320,96,1086
102,백령도,2018-11-08 21:00,10.9,.9,9.3,290,95,1823
102,백령도,2018-11-08 22:00,10.5,,9.6,290,94,2313
102,백령도,2018-11-08 23:00,10.5,,8.5,290,92,2693
102,백령도,2018-11-09 00:00,10.3,.2,9.4,270,87,2639
102,백령도,2018-11-09 01:00,10.3,,9.1,290,82,1870
102,백령도,2018-11-09 02:00,10.4,,9.9,290,81,2476
102,백령도,2018-11-09 03:00,10.7,,10.6,290,79,3275
102,백령도,2018-11-09 04:00,10.8,,10.3,290,79,4075
102,백령도,2018-11-09 05:00,10.8,,9.4,290,74,3944
102,백령도,2018-11-09 06:00,10.8,,9.1,290,71,3246
102,백령도,2018-11-09 07:00,10.9,,8.1,320,68,2170
102,백령도,2018-11-09 08:00,11.3,,6.7,290,71,721
102,백령도,2018-11-09 09:00,12,,7.1,290,69,475
102,백령도,2018-11-09 10:00,13.1,,6.9,290,68,793
102,백령도,2018-11-09 11:00,13.5,,7.8,290,69,900
102,백령도,2018-11-09 12:00,13.7,,7.7,270,72,801
102,백령도,2018-11-09 13:00,13.4,,7.2,290,72,802
102,백령도,2018-11-09 14:00,13.5,,7.4,290,74,974
102,백령도,2018-11-09 15:00,12.8,,6.2,270,79,546
102,백령도,2018-11-09 16:00,12.6,,4.6,270,79,488
102,백령도,2018-11-09 17:00,12,,3.3,250,79,466
102,백령도,2018-11-09 18:00,11.1,,3.3,250,84,415
102,백령도,2018-11-09 19:00,10.9,,2.2,230,85,397
102,백령도,2018-11-09 20:00,11.2,,3,230,85,380
102,백령도,2018-11-09 21:00,10.3,,1.4,290,86,400
102,백령도,2018-11-09 22:00,10.8,,1.4,290,83,463
102,백령도,2018-11-09 23:00,10.4,,1,320,86,444
102,백령도,2018-11-10 00:00,10.4,,.6,230,89,401
102,백령도,2018-11-10 01:00,10.7,,1.1,250,82,557
102,백령도,2018-11-10 02:00,10.8,,2.2,270,88,372
102,백령도,2018-11-10 03:00,11.2,,3.3,320,82,327
102,백령도,2018-11-10 04:00,11.1,,2.3,290,80,368
102,백령도,2018-11-10 05:00,10.7,,1.8,270,81,384
102,백령도,2018-11-10 06:00,10.6,,1.9,320,76,436
102,백령도,2018-11-10 07:00,10.1,,2,290,80,426
102,백령도,2018-11-10 08:00,10.2,,1.6,250,79,441
102,백령도,2018-11-10 09:00,11.9,,2.1,270,78,464
102,백령도,2018-11-10 10:00,13.1,,3.8,290,70,510
102,백령도,2018-11-10 11:00,13.5,,4.5,360,63,1109
102,백령도,2018-11-10 12:00,13.6,,4.9,340,57,1381
102,백령도,2018-11-10 13:00,13.2,,5.4,360,58,1514
102,백령도,2018-11-10 14:00,13.4,,4,360,54,1699
102,백령도,2018-11-10 15:00,12.9,,4.6,340,49,1990
102,백령도,2018-11-10 16:00,12.4,,4.4,340,53,2384
102,백령도,2018-11-10 17:00,11.3,,4.5,340,59,2446
102,백령도,2018-11-10 18:00,10.4,,3.6,360,61,2629
102,백령도,2018-11-10 19:00,10.2,,3.3,360,60,3079
102,백령도,2018-11-10 20:00,10.3,,4.3,340,54,3461
102,백령도,2018-11-10 21:00,10.3,,4,340,57,3843
102,백령도,2018-11-10 22:00,10,,3.3,340,58,4133
102,백령도,2018-11-10 23:00,9.4,,3.5,340,58,4610
102,백령도,2018-11-11 00:00,9.4,,2.9,360,60,4811
102,백령도,2018-11-11 01:00,8.9,,1.8,360,60,4802
102,백령도,2018-11-11 02:00,8.9,,2.1,340,59,4853
102,백령도,2018-11-11 03:00,8.3,,1.3,290,59,4949
102,백령도,2018-11-11 04:00,8.1,,1.4,290,57,4845
102,백령도,2018-11-11 05:00,8.8,,.3,0,56,4931
102,백령도,2018-11-11 06:00,7.9,,1.1,180,69,4894
102,백령도,2018-11-11 07:00,8.8,,.5,180,68,4891
102,백령도,2018-11-11 08:00,9.8,,0,0,63,4750
102,백령도,2018-11-11 09:00,8.9,,1.3,230,71,4830
102,백령도,2018-11-11 10:00,9.5,,1.4,230,71,4716
102,백령도,2018-11-11 11:00,9.7,,0,0,69,4029
102,백령도,2018-11-11 12:00,11,,.7,230,59,4250
102,백령도,2018-11-11 13:00,11.3,,1.4,360,58,4619
102,백령도,2018-11-11 14:00,11,,.4,0,60,4217
102,백령도,2018-11-11 15:00,10.6,,2.4,160,56,4806
102,백령도,2018-11-11 16:00,11,,2.4,320,53,4514
102,백령도,2018-11-11 17:00,10.1,,5.9,360,67,3798
102,백령도,2018-11-11 18:00,9.9,,3,360,65,4126
102,백령도,2018-11-11 19:00,9.7,,2.6,20,64,3881
102,백령도,2018-11-11 20:00,9.6,,2.3,360,68,2716
102,백령도,2018-11-11 21:00,9.6,,1.4,50,65,2860
102,백령도,2018-11-11 22:00,9.6,,1.7,20,67,2135
102,백령도,2018-11-11 23:00,9.4,,1.4,50,71,1941
102,백령도,2018-11-12 00:00,9.6,,5.2,340,62,4852
102,백령도,2018-11-12 01:00,9.1,,5.1,360,62,4954
102,백령도,2018-11-12 02:00,9.1,,4.3,360,60,4956
102,백령도,2018-11-12 03:00,8.5,,1.9,360,70,3346
102,백령도,2018-11-12 04:00,8.6,,1.7,20,67,3482
102,백령도,2018-11-12 05:00,9.6,,5.5,360,51,4927
102,백령도,2018-11-12 06:00,9.5,,5.4,360,49,4905
102,백령도,2018-11-12 07:00,9.7,,5.3,360,50,4782
102,백령도,2018-11-12 08:00,10,,5.1,360,48,4897
102,백령도,2018-11-12 09:00,10.7,,3,360,52,4765
102,백령도,2018-11-12 10:00,10.8,,4.6,360,54,4319
102,백령도,2018-11-12 11:00,11.1,,4.6,360,57,3551
102,백령도,2018-11-12 12:00,11.3,,5.4,360,50,3679
102,백령도,2018-11-12 13:00,11.6,,5.9,360,45,4030
102,백령도,2018-11-12 14:00,11.6,,5.6,360,44,4836
102,백령도,2018-11-12 15:00,11.4,,6.1,340,42,4714
102,백령도,2018-11-12 16:00,11.3,,6.1,360,40,4709
102,백령도,2018-11-12 17:00,10.9,,6.4,360,43,4723
102,백령도,2018-11-12 18:00,10.5,,6.2,360,50,4383
102,백령도,2018-11-12 19:00,10.8,,7,360,46,4007
102,백령도,2018-11-12 20:00,10.9,,7.5,340,48,3838
102,백령도,2018-11-12 21:00,11,,6.8,360,48,3389
102,백령도,2018-11-12 22:00,11.1,,6.1,360,44,3492
102,백령도,2018-11-12 23:00,11.1,,4.8,360,46,3234
102,백령도,2018-11-13 00:00,10.4,,2.1,20,51,3062
102,백령도,2018-11-13 01:00,10.6,,2.7,20,52,2768
102,백령도,2018-11-13 02:00,11,,5.1,360,52,2350
102,백령도,2018-11-13 03:00,11.4,,7.1,340,49,2179
102,백령도,2018-11-13 04:00,11.5,,7.9,340,55,2601
102,백령도,2018-11-13 05:00,11.4,,5.9,340,58,2123
102,백령도,2018-11-13 06:00,11.3,,6.2,360,63,1954
102,백령도,2018-11-13 07:00,10.8,,3.8,340,61,1713
102,백령도,2018-11-13 08:00,10.3,,1.9,360,61,1561
102,백령도,2018-11-13 09:00,11.1,,1.5,360,56,2293
102,백령도,2018-11-13 10:00,12.1,,1.4,20,49,2600
102,백령도,2018-11-13 11:00,12.3,,3.5,360,48,2981
102,백령도,2018-11-13 12:00,12.6,,3.3,340,49,2932
102,백령도,2018-11-13 13:00,12.6,,4.9,340,47,3115
102,백령도,2018-11-13 14:00,12.6,,5.6,340,45,3689
102,백령도,2018-11-13 15:00,12.3,,6.1,340,39,3939
102,백령도,2018-11-13 16:00,11.9,,6.4,340,41,3823
102,백령도,2018-11-13 17:00,11.3,,5.5,340,47,4059
102,백령도,2018-11-13 18:00,10.7,,4.8,340,51,4142
102,백령도,2018-11-13 19:00,10.7,,4.5,360,49,4145
102,백령도,2018-11-13 20:00,10.6,,4.5,340,52,3842
102,백령도,2018-11-13 21:00,10.6,,4.8,360,52,3903
102,백령도,2018-11-13 22:00,10.4,,3.7,340,49,3969
102,백령도,2018-11-13 23:00,10.1,,3.1,340,52,3933
102,백령도,2018-11-14 00:00,10.5,,3.8,360,51,3973
102,백령도,2018-11-14 01:00,10.5,,2.9,360,51,4118
102,백령도,2018-11-14 02:00,10.1,,2,20,57,4141
102,백령도,2018-11-14 03:00,9.1,,1.9,50,64,4098
102,백령도,2018-11-14 04:00,9,,2.2,70,65,4220
102,백령도,2018-11-14 05:00,8.6,,0,0,75,3489
102,백령도,2018-11-14 06:00,8.8,,1.2,70,64,4364
102,백령도,2018-11-14 07:00,8.9,,.6,70,62,4655
102,백령도,2018-11-14 08:00,9.4,,1.1,70,58,4721
102,백령도,2018-11-14 09:00,11,,2.2,70,46,4241
102,백령도,2018-11-14 10:00,11.5,,1.9,110,59,3532
102,백령도,2018-11-14 11:00,12.4,,1.6,110,37,4020
102,백령도,2018-11-14 12:00,13.4,,1.6,360,34,4170
102,백령도,2018-11-14 13:00,13,,2.9,290,37,4119
102,백령도,2018-11-14 14:00,13,,3.1,290,46,3350
102,백령도,2018-11-14 15:00,12.7,,3.9,290,51,3628
102,백령도,2018-11-14 16:00,12.1,,3.9,290,58,3645
102,백령도,2018-11-14 17:00,11.4,,2.9,320,65,2174
102,백령도,2018-11-14 18:00,9.8,,2.6,340,74,1360
102,백령도,2018-11-14 19:00,10,,2.1,360,72,1778
102,백령도,2018-11-14 20:00,9.7,,.5,320,75,1909
102,백령도,2018-11-14 21:00,9.8,,0,0,77,2010
102,백령도,2018-11-14 22:00,9,,0,0,79,2121
102,백령도,2018-11-14 23:00,9.2,,0,0,76,2346
102,백령도,2018-11-15 00:00,9.3,,0,0,85,1663
102,백령도,2018-11-15 01:00,9.8,,0,0,80,1876
102,백령도,2018-11-15 02:00,9.4,,0,0,79,1865
102,백령도,2018-11-15 03:00,9.5,,0,0,74,2067
102,백령도,2018-11-15 04:00,8.2,,2.6,90,86,1360
102,백령도,2018-11-15 05:00,8.5,,1.6,90,84,1672
102,백령도,2018-11-15 06:00,8.2,,1.9,90,86,1565
102,백령도,2018-11-15 07:00,7.9,,.7,110,85,1207
102,백령도,2018-11-15 08:00,8.9,,.8,110,81,1915
102,백령도,2018-11-15 09:00,9.7,,1.5,140,79,1552
102,백령도,2018-11-15 10:00,11.1,,2.8,140,58,2078
102,백령도,2018-11-15 11:00,12.8,,2.8,90,55,2265
102,백령도,2018-11-15 12:00,13.5,,2.7,110,43,2636
102,백령도,2018-11-15 13:00,12.6,,2.6,180,57,1872
102,백령도,2018-11-15 14:00,13.1,,1.7,360,55,2673
102,백령도,2018-11-15 15:00,12.8,,2.5,320,56,2685
102,백령도,2018-11-15 16:00,12.5,,2.1,320,54,2907
102,백령도,2018-11-15 17:00,11.4,,0,0,63,2829
102,백령도,2018-11-15 18:00,10.3,,0,0,69,2411
102,백령도,2018-11-15 19:00,9.5,,1,200,71,1786
102,백령도,2018-11-15 20:00,10.1,,1.4,270,58,3776
102,백령도,2018-11-15 21:00,9.5,,1.3,320,56,3859
102,백령도,2018-11-15 22:00,10.1,,0,0,63,3128
102,백령도,2018-11-15 23:00,8.7,,1.4,200,72,3085
102,백령도,2018-11-16 00:00,9.3,,1.3,250,72,2977
102,백령도,2018-11-16 01:00,9.6,,0,0,74,2223
102,백령도,2018-11-16 02:00,9.8,,2.3,270,82,1211
102,백령도,2018-11-16 03:00,10.1,,8,360,89,534
102,백령도,2018-11-16 04:00,8.6,,8.5,360,91,481
102,백령도,2018-11-16 05:00,8,,6.8,360,92,639
102,백령도,2018-11-16 06:00,7.5,.6,7,340,86,1431
102,백령도,2018-11-16 07:00,7.4,,7,340,81,2326
102,백령도,2018-11-16 08:00,7.3,,8.1,340,77,2676
102,백령도,2018-11-16 09:00,7.3,.1,7.6,340,74,2955
102,백령도,2018-11-16 10:00,7.3,,8.7,340,68,3159
102,백령도,2018-11-16 11:00,7.3,,10.1,340,67,3082
102,백령도,2018-11-16 12:00,7.1,0,10.5,340,62,3309
102,백령도,2018-11-16 13:00,7,,10.6,340,60,3234
102,백령도,2018-11-16 14:00,6.9,,9.9,340,60,3375
102,백령도,2018-11-16 15:00,7.2,,9.3,340,62,3527
102,백령도,2018-11-16 16:00,6.9,,10.2,340,58,3636
102,백령도,2018-11-16 17:00,6.8,,8.7,340,56,3838
102,백령도,2018-11-16 18:00,6.7,,8.4,340,58,3894
102,백령도,2018-11-16 19:00,6.8,,7.7,340,52,4494
102,백령도,2018-11-16 20:00,7,,7,340,51,4384
102,백령도,2018-11-16 21:00,7.2,,8.3,340,49,4615
102,백령도,2018-11-16 22:00,7.2,,7.7,340,46,4765
102,백령도,2018-11-16 23:00,7.1,,8.4,340,49,4727
102,백령도,2018-11-17 00:00,6.8,,7,340,49,4524
102,백령도,2018-11-17 01:00,6.7,,7.6,340,46,4721
102,백령도,2018-11-17 02:00,6.6,,7.5,340,49,4702
102,백령도,2018-11-17 03:00,6.6,,8.3,340,52,4699
102,백령도,2018-11-17 04:00,6.3,,7.9,340,52,4273
102,백령도,2018-11-17 05:00,6.1,,6.8,340,54,4576
102,백령도,2018-11-17 06:00,6,,5.6,340,56,4582
102,백령도,2018-11-17 07:00,5.8,,4,340,54,4921
102,백령도,2018-11-17 08:00,6,,2.9,360,51,4746
102,백령도,2018-11-17 09:00,7.2,,5.3,340,47,4705
102,백령도,2018-11-17 10:00,8.2,,4.5,340,35,4981
102,백령도,2018-11-17 11:00,8,,3.8,360,40,4867
102,백령도,2018-11-17 12:00,8.1,,2.6,340,42,4841
102,백령도,2018-11-17 13:00,7.9,,4.4,320,46,4668
102,백령도,2018-11-17 14:00,7.7,,4.4,320,44,4783
102,백령도,2018-11-17 15:00,7.8,,4.1,340,46,4866
102,백령도,2018-11-17 16:00,8.1,,4.3,320,48,4918
102,백령도,2018-11-17 17:00,7.4,,3.7,340,46,4794
102,백령도,2018-11-17 18:00,6.9,,3.8,340,48,4608
102,백령도,2018-11-17 19:00,6.6,,2.3,320,53,4425
102,백령도,2018-11-17 20:00,7.3,,2.4,320,54,3409
102,백령도,2018-11-17 21:00,6.1,,.6,200,61,3047
102,백령도,2018-11-17 22:00,6.7,,1.1,250,62,3119
102,백령도,2018-11-17 23:00,6.4,,1.5,250,66,2650
102,백령도,2018-11-18 00:00,6.2,,.4,0,66,1427
102,백령도,2018-11-18 01:00,6.7,,0,0,70,2659
102,백령도,2018-11-18 02:00,7.1,,.6,230,72,2470
102,백령도,2018-11-18 03:00,7.1,,.3,0,76,3691
102,백령도,2018-11-18 04:00,7.3,,1.1,20,70,3474
102,백령도,2018-11-18 05:00,6.9,,1.5,360,71,4018
102,백령도,2018-11-18 06:00,7.8,,0,0,60,3105
102,백령도,2018-11-18 07:00,7.7,,0,0,63,3279
102,백령도,2018-11-18 08:00,8.3,,1.3,20,62,2929
102,백령도,2018-11-18 09:00,8.2,,2.8,90,79,2655
102,백령도,2018-11-18 10:00,9.5,,2,110,72,2906
102,백령도,2018-11-18 11:00,9.5,,2.7,90,73,2472
102,백령도,2018-11-18 12:00,10.1,,.9,270,63,2424
102,백령도,2018-11-18 13:00,10.8,,4.1,290,49,1962
102,백령도,2018-11-18 14:00,10.2,,4.1,250,51,2512
102,백령도,2018-11-18 15:00,8.9,0,5.8,250,67,1602
102,백령도,2018-11-18 16:00,9.5,,3.2,270,64,2021
102,백령도,2018-11-18 17:00,8.6,,3.6,270,79,723
102,백령도,2018-11-18 18:00,8.6,.8,2.5,250,80,982
102,백령도,2018-11-18 19:00,8.7,,3.3,290,76,967
102,백령도,2018-11-18 20:00,8.7,,2.4,290,69,1161
102,백령도,2018-11-18 21:00,8.7,,2.6,270,68,1247
102,백령도,2018-11-18 22:00,9,,2.6,270,66,1123
102,백령도,2018-11-18 23:00,8.5,,2.9,250,68,1208
102,백령도,2018-11-19 00:00,9.1,,4.1,290,60,2108
102,백령도,2018-11-19 01:00,9.6,,5,290,58,2022
102,백령도,2018-11-19 02:00,9.4,,4.5,290,58,2071
102,백령도,2018-11-19 03:00,9.3,,4,290,51,2280
102,백령도,2018-11-19 04:00,9.2,,3.3,290,52,2171
102,백령도,2018-11-19 05:00,9.6,,2.8,290,52,1968
102,백령도,2018-11-19 06:00,9.2,,2.6,270,50,2039
102,백령도,2018-11-19 07:00,7.9,,5,70,72,1019
102,백령도,2018-11-19 08:00,7.8,,2.7,70,73,1052
102,백령도,2018-11-19 09:00,8.3,0,2.1,20,45,1590
102,백령도,2018-11-19 10:00,8.8,,3.3,70,42,1697
102,백령도,2018-11-19 11:00,9.2,,4.4,70,31,2000
102,백령도,2018-11-19 12:00,10.5,,1.9,70,31,2103
102,백령도,2018-11-19 13:00,9.9,,2.8,340,32,2051
102,백령도,2018-11-19 14:00,10.2,,3.8,360,33,2504
102,백령도,2018-11-19 15:00,9.5,,5,340,35,2815
102,백령도,2018-11-19 16:00,9.3,,5.5,320,27,4243
102,백령도,2018-11-19 17:00,8.3,,5.6,340,34,3886
102,백령도,2018-11-19 18:00,7.9,,5.5,340,33,4591
102,백령도,2018-11-19 19:00,7.6,,3.9,340,37,4619
102,백령도,2018-11-19 20:00,7.5,,3.2,320,36,4682
102,백령도,2018-11-19 21:00,7.1,,2,340,38,4590
102,백령도,2018-11-19 22:00,6.9,,2.1,340,37,4727
102,백령도,2018-11-19 23:00,6.7,,1,290,38,4829
102,백령도,2018-11-20 00:00,5.7,,0,0,43,4682
102,백령도,2018-11-20 01:00,5.8,,0,0,40,4334
102,백령도,2018-11-20 02:00,6.7,,0,0,40,2739
102,백령도,2018-11-20 03:00,6.7,,0,0,43,4483
102,백령도,2018-11-20 04:00,7,,0,0,42,4696
102,백령도,2018-11-20 05:00,7.4,,0,0,43,4888
102,백령도,2018-11-20 06:00,7.6,,0,0,47,1753
102,백령도,2018-11-20 07:00,8.2,,0,0,52,4201
102,백령도,2018-11-20 08:00,8.8,,0,0,52,4591
102,백령도,2018-11-20 09:00,10.3,,4.3,200,47,4232
102,백령도,2018-11-20 10:00,11.3,,5.4,200,44,4815
102,백령도,2018-11-20 11:00,11.9,,6,200,45,4564
102,백령도,2018-11-20 12:00,12.4,,6.1,200,47,3557
102,백령도,2018-11-20 13:00,12.5,,6.8,200,48,3565
102,백령도,2018-11-20 14:00,12.3,,6.9,230,48,3647
102,백령도,2018-11-20 15:00,12.5,,5.2,230,55,3035
102,백령도,2018-11-20 16:00,12.6,,5.6,230,55,3041
102,백령도,2018-11-20 17:00,11.5,,5.6,250,67,1936
102,백령도,2018-11-20 18:00,11.2,.2,4.5,290,71,1069
102,백령도,2018-11-20 19:00,10.9,,4.5,290,59,1261
102,백령도,2018-11-20 20:00,11,,3.5,320,65,904
102,백령도,2018-11-20 21:00,10.9,,4.8,320,67,745
102,백령도,2018-11-20 22:00,10.4,,3.8,320,74,543
102,백령도,2018-11-20 23:00,9.9,,6.2,360,81,652
102,백령도,2018-11-21 00:00,8.4,,4.7,360,79,825
102,백령도,2018-11-21 01:00,7.6,,4.1,20,77,993
102,백령도,2018-11-21 02:00,7.5,,4.9,360,65,1158
102,백령도,2018-11-21 03:00,7.1,,4.8,360,60,1510
102,백령도,2018-11-21 04:00,6.1,,3.9,20,65,1415
102,백령도,2018-11-21 05:00,6.1,,1.4,50,39,3150
102,백령도,2018-11-21 06:00,6.1,,3.6,50,29,3593
102,백령도,2018-11-21 07:00,5.7,,3.2,50,34,3486
102,백령도,2018-11-21 08:00,5.2,,5.1,50,33,3398
102,백령도,2018-11-21 09:00,5.2,,4.8,50,29,4151
102,백령도,2018-11-21 10:00,5.5,,3.1,50,35,4109
102,백령도,2018-11-21 11:00,5.6,,3.3,50,36,4223
102,백령도,2018-11-21 12:00,6,,2.1,20,44,4181
102,백령도,2018-11-21 13:00,6,,3.4,70,48,4047
102,백령도,2018-11-21 14:00,5.9,,1.7,360,48,3475
102,백령도,2018-11-21 15:00,6,,1.7,360,43,2489
102,백령도,2018-11-21 16:00,5.5,,2,360,47,2250
102,백령도,2018-11-21 17:00,5.3,,2.9,360,46,4424
102,백령도,2018-11-21 18:00,5,,4,340,43,4921
102,백령도,2018-11-21 19:00,4.6,,0,0,49,4820
102,백령도,2018-11-21 20:00,4.4,,0,0,50,4773
102,백령도,2018-11-21 21:00,4.4,,0,0,50,4677
102,백령도,2018-11-21 22:00,4.6,,,,48,4600
102,백령도,2018-11-21 23:00,5,,,,45,4771
102,백령도,2018-11-22 00:00,5.3,,,,42,4225
102,백령도,2018-11-22 01:00,5.4,,,,32,4424
102,백령도,2018-11-22 02:00,5.1,,,,29,4873
102,백령도,2018-11-22 03:00,5,,,,34,4870
102,백령도,2018-11-22 04:00,5,,,,36,4901
102,백령도,2018-11-22 05:00,5.1,,,,38,4778
102,백령도,2018-11-22 06:00,5.3,,,,31,4739
102,백령도,2018-11-22 07:00,5.3,,,,35,4722
102,백령도,2018-11-22 08:00,5.8,,,,39,4692
102,백령도,2018-11-22 09:00,6.7,,,,41,4832
102,백령도,2018-11-22 10:00,7.5,,,,38,1388
102,백령도,2018-11-22 11:00,7.7,,,,40,2000
102,백령도,2018-11-22 12:00,7.7,,,,40,2000
102,백령도,2018-11-22 13:00,6.5,,,,39,2000
102,백령도,2018-11-22 14:00,6,,,,39,2000
102,백령도,2018-11-22 15:00,5.6,,,,33,2000
102,백령도,2018-11-22 16:00,5.2,,,,41,2000
102,백령도,2018-11-22 17:00,3.9,,6.1,340,40,2000
102,백령도,2018-11-22 18:00,3.5,,8.1,360,41,2000
102,백령도,2018-11-22 19:00,3.3,,5.8,340,49,4802
102,백령도,2018-11-22 20:00,3.2,,5.9,340,49,4992
102,백령도,2018-11-22 21:00,3.1,,4.5,340,45,4984
102,백령도,2018-11-22 22:00,3.4,,5.3,340,43,4816
102,백령도,2018-11-22 23:00,3.2,,4.5,340,45,4785
102,백령도,2018-11-23 00:00,3.3,,3.4,340,43,4940
102,백령도,2018-11-23 01:00,3.5,,4.4,320,39,4930
102,백령도,2018-11-23 02:00,3.5,,3.8,340,43,4931
102,백령도,2018-11-23 03:00,2.6,,2.7,70,60,4959
102,백령도,2018-11-23 04:00,1.9,,2.6,90,54,4926
102,백령도,2018-11-23 05:00,1.7,,2.4,110,55,4946
102,백령도,2018-11-23 06:00,1.7,,3.6,110,53,4856
102,백령도,2018-11-23 07:00,1.2,,2.8,140,53,4745
102,백령도,2018-11-23 08:00,1.3,,2.4,110,50,4762
102,백령도,2018-11-23 09:00,3.4,,3,110,50,4608
102,백령도,2018-11-23 10:00,4.5,,3.6,140,46,4660
102,백령도,2018-11-23 11:00,5.4,,4.4,140,47,3891
102,백령도,2018-11-23 12:00,5.4,,4.9,140,51,4655
102,백령도,2018-11-23 13:00,5.9,,4.6,140,56,4258
102,백령도,2018-11-23 14:00,6.5,,4.9,140,54,4243
102,백령도,2018-11-23 15:00,5.6,,6.2,140,59,1956
102,백령도,2018-11-23 16:00,5.6,,6.6,140,60,4337
102,백령도,2018-11-23 17:00,5.5,,6.8,140,61,4606
102,백령도,2018-11-23 18:00,5.5,,6.9,140,61,3998
102,백령도,2018-11-23 19:00,6.2,,7.4,140,65,3945
102,백령도,2018-11-23 20:00,6.7,,7.6,140,66,3787
102,백령도,2018-11-23 21:00,7.3,,8.3,140,68,3386
102,백령도,2018-11-23 22:00,7.7,,7.7,140,67,3218
102,백령도,2018-11-23 23:00,8,,8.2,140,65,2623
102,백령도,2018-11-24 00:00,7.7,0,9,140,69,2007
102,백령도,2018-11-24 01:00,6.8,,8.2,140,83,1086
102,백령도,2018-11-24 02:00,6.2,,7.7,110,91,543
102,백령도,2018-11-24 03:00,4.6,10,9.3,110,95,281
102,백령도,2018-11-24 04:00,3.6,,6.7,110,96,222
102,백령도,2018-11-24 05:00,2.9,,9.7,90,97,376
102,백령도,2018-11-24 06:00,2.9,18.6,8.5,90,97,833
102,백령도,2018-11-24 07:00,3.9,,5.4,110,97,1043
102,백령도,2018-11-24 08:00,4.1,,6.2,110,96,1789
102,백령도,2018-11-24 09:00,3.6,0,5.4,110,97,1070
102,백령도,2018-11-24 10:00,3.5,,5.2,110,97,1061
102,백령도,2018-11-24 11:00,3.6,,5.2,110,95,1390
102,백령도,2018-11-24 12:00,3.8,,4.3,110,95,1662
102,백령도,2018-11-24 13:00,4.4,,3.6,110,95,1565
102,백령도,2018-11-24 14:00,5,,3.2,140,93,1479
102,백령도,2018-11-24 15:00,5.5,,3.4,140,93,1352
102,백령도,2018-11-24 16:00,5.8,,2.8,110,93,1096
102,백령도,2018-11-24 17:00,5.6,,3.1,90,93,1264
102,백령도,2018-11-24 18:00,5.8,,2.9,90,93,1188
102,백령도,2018-11-24 19:00,5.6,,2.2,110,93,991
102,백령도,2018-11-24 20:00,5.4,,2.8,90,95,995
102,백령도,2018-11-24 21:00,5.9,,2.5,50,93,1268
102,백령도,2018-11-24 22:00,5.4,,2.2,70,93,954
102,백령도,2018-11-24 23:00,4.9,,1.4,180,95,459
102,백령도,2018-11-25 00:00,5.1,,1.5,70,94,1428
102,백령도,2018-11-25 01:00,5.3,,.6,90,94,1572
102,백령도,2018-11-25 02:00,5.5,,.8,160,94,1575
102,백령도,2018-11-25 03:00,5.7,,.9,160,95,977
102,백령도,2018-11-25 04:00,5.7,,2.2,160,94,922
102,백령도,2018-11-25 05:00,6.4,,2.1,160,92,1441
102,백령도,2018-11-25 06:00,6.1,,2.5,180,93,900
102,백령도,2018-11-25 07:00,7.5,,.8,180,90,1412
102,백령도,2018-11-25 08:00,6.9,,2.5,70,91,1466
102,백령도,2018-11-25 09:00,7.6,,2,140,93,1015
102,백령도,2018-11-25 10:00,9.6,,2.7,360,81,1509
102,백령도,2018-11-25 11:00,9.2,,3,90,85,1159
102,백령도,2018-11-25 12:00,8.9,,2.5,90,86,1162
102,백령도,2018-11-25 13:00,9.5,,2.3,90,85,1356
102,백령도,2018-11-25 14:00,10.2,,1.2,340,77,1351
102,백령도,2018-11-25 15:00,11,,3.1,290,65,1028
102,백령도,2018-11-25 16:00,10.8,,2.6,270,66,902
102,백령도,2018-11-25 17:00,9.4,,1.5,270,71,847
102,백령도,2018-11-25 18:00,8.9,,1.1,250,72,958
102,백령도,2018-11-25 19:00,8,,2,230,76,948
102,백령도,2018-11-25 20:00,8,,2.6,230,74,1165
102,백령도,2018-11-25 21:00,8.1,,1.4,200,74,1038
102,백령도,2018-11-25 22:00,8,,1.6,200,74,1171
102,백령도,2018-11-25 23:00,7.5,,.8,230,70,1386
102,백령도,2018-11-26 00:00,8.5,,.8,180,64,1572
102,백령도,2018-11-26 01:00,8.2,,1.6,200,68,1415
102,백령도,2018-11-26 02:00,7.7,,1.4,180,71,1405
102,백령도,2018-11-26 03:00,6.6,,2,110,93,445
102,백령도,2018-11-26 04:00,7.3,,1.4,160,85,887
102,백령도,2018-11-26 05:00,7.4,,2.2,180,83,816
102,백령도,2018-11-26 06:00,8.1,,3,160,80,866
102,백령도,2018-11-26 07:00,7.8,,2.7,160,79,903
102,백령도,2018-11-26 08:00,7.9,,4.1,140,97,238
102,백령도,2018-11-26 09:00,8.6,,4,140,95,341
102,백령도,2018-11-26 10:00,8.5,,4,140,96,300
102,백령도,2018-11-26 11:00,9.7,,4,140,92,393
102,백령도,2018-11-26 12:00,10.1,,3.9,110,90,426
102,백령도,2018-11-26 13:00,10.9,,3.3,140,87,471
102,백령도,2018-11-26 14:00,11.3,,3.8,140,85,580
102,백령도,2018-11-26 15:00,10.9,,4.3,160,81,674
102,백령도,2018-11-26 16:00,10.5,,3.2,160,84,682
102,백령도,2018-11-26 17:00,10.3,,3.9,160,88,673
102,백령도,2018-11-26 18:00,10.6,,4.5,160,90,782
102,백령도,2018-11-26 19:00,10.7,,1.9,200,90,1221
102,백령도,2018-11-26 20:00,10.3,,2.1,180,92,859
102,백령도,2018-11-26 21:00,10.9,,2.4,200,91,1162
102,백령도,2018-11-26 22:00,11.2,,2.3,200,90,1334
102,백령도,2018-11-26 23:00,10.9,,2.1,200,92,905
102,백령도,2018-11-27 00:00,11.6,,3.2,230,80,1905
102,백령도,2018-11-27 01:00,11.2,,3.3,200,85,1775
102,백령도,2018-11-27 02:00,11.7,,2.3,230,83,1999
102,백령도,2018-11-27 03:00,11.6,,2.8,230,86,1587
102,백령도,2018-11-27 04:00,11.3,,3.3,230,89,1221
102,백령도,2018-11-27 05:00,11.3,,3.7,250,92,850
102,백령도,2018-11-27 06:00,10.6,,2.7,270,96,451
102,백령도,2018-11-27 07:00,10.5,,3,270,91,566
102,백령도,2018-11-27 08:00,10.4,,3,290,95,393
102,백령도,2018-11-27 09:00,11.2,,2.6,290,95,359
102,백령도,2018-11-27 10:00,11.9,,4.7,340,82,273
102,백령도,2018-11-27 11:00,10.9,,7.1,360,77,339
102,백령도,2018-11-27 12:00,11.2,,7.8,360,48,716
102,백령도,2018-11-27 13:00,10.4,,7.4,360,36,869
102,백령도,2018-11-27 14:00,10,,6.3,360,38,1112
102,백령도,2018-11-27 15:00,9.5,,6.3,360,38,1169
102,백령도,2018-11-27 16:00,8.9,,6.5,360,35,1253
102,백령도,2018-11-27 17:00,8.4,,6.2,340,38,1189
102,백령도,2018-11-27 18:00,8.2,,6,340,42,1216
102,백령도,2018-11-27 19:00,8.1,,6.8,340,37,1156
102,백령도,2018-11-27 20:00,8.1,,6.7,340,39,1173
102,백령도,2018-11-27 21:00,8.1,,7.4,340,35,1205
102,백령도,2018-11-27 22:00,7.9,,6.5,340,36,1196
102,백령도,2018-11-27 23:00,7.9,,6.6,340,37,1334
102,백령도,2018-11-28 00:00,7.7,,5.5,360,38,1396
102,백령도,2018-11-28 01:00,7.4,,5.1,360,40,1653
102,백령도,2018-11-28 02:00,6.9,,3.5,360,38,1699
102,백령도,2018-11-28 03:00,5.6,,6.4,70,44,1654
102,백령도,2018-11-28 04:00,5.2,,4.7,70,41,3051
102,백령도,2018-11-28 05:00,5,,3.8,50,39,3115
102,백령도,2018-11-28 06:00,4.5,,2.8,50,37,2676
102,백령도,2018-11-28 07:00,4.5,,3,50,36,2903
102,백령도,2018-11-28 08:00,4.2,,4.9,70,34,3066
102,백령도,2018-11-28 09:00,5.1,,3.5,70,34,3424
102,백령도,2018-11-28 10:00,6,,3,70,30,3048
102,백령도,2018-11-28 11:00,6.2,,2.7,70,31,3168
102,백령도,2018-11-28 12:00,6.5,,2.5,70,31,3049
102,백령도,2018-11-28 13:00,6.8,,1.9,360,27,2636
102,백령도,2018-11-28 14:00,6.3,,2.7,360,25,3288
102,백령도,2018-11-28 15:00,6.6,,3.3,360,25,2988
102,백령도,2018-11-28 16:00,6.4,,3.1,340,27,3432
102,백령도,2018-11-28 17:00,5.3,,1.5,20,30,3688
102,백령도,2018-11-28 18:00,5.2,,2.5,50,36,3402
102,백령도,2018-11-28 19:00,5.2,,3.2,50,30,3790
102,백령도,2018-11-28 20:00,4.9,,3.8,70,26,3342
102,백령도,2018-11-28 21:00,5.1,,3.3,90,38,3399
102,백령도,2018-11-28 22:00,4.4,,2.4,90,43,3300
102,백령도,2018-11-28 23:00,4.7,,3.1,90,39,3661
102,백령도,2018-11-29 00:00,5,,2,90,35,4135
102,백령도,2018-11-29 01:00,5,,1.6,90,37,4015
102,백령도,2018-11-29 02:00,5.2,,.9,180,34,4140
102,백령도,2018-11-29 03:00,6,,2.1,90,33,4267
102,백령도,2018-11-29 04:00,5.4,,1.5,70,47,4181
102,백령도,2018-11-29 05:00,6.2,,2,20,28,4478
102,백령도,2018-11-29 06:00,5.9,,1.6,70,25,4529
102,백령도,2018-11-29 07:00,5.8,,2,50,26,4305
102,백령도,2018-11-29 08:00,5.4,,3.6,70,30,4307
102,백령도,2018-11-29 09:00,5.7,,2.9,110,39,4295
102,백령도,2018-11-29 10:00,5.9,,2.9,90,42,3746
102,백령도,2018-11-29 11:00,5.9,,2.7,50,42,3237
102,백령도,2018-11-29 12:00,6.1,,3.5,70,36,3061
102,백령도,2018-11-29 13:00,5.7,,3.5,70,36,2814
102,백령도,2018-11-29 14:00,6,,1.2,20,39,3122
102,백령도,2018-11-29 15:00,6.2,,3.1,340,37,3438
102,백령도,2018-11-29 16:00,5.6,,3.7,360,67,3189
102,백령도,2018-11-29 17:00,5.5,,2.2,20,75,2639
102,백령도,2018-11-29 18:00,5.5,,2.8,360,75,2585
102,백령도,2018-11-29 19:00,5.2,,4.3,340,59,3492
102,백령도,2018-11-29 20:00,5,,4.2,360,48,3880
102,백령도,2018-11-29 21:00,4.9,,4.4,360,43,4117
102,백령도,2018-11-29 22:00,4.6,,4.9,360,46,4829
102,백령도,2018-11-29 23:00,4.3,,4.4,360,44,4893
102,백령도,2018-11-30 00:00,4.4,,4.9,360,44,4894
102,백령도,2018-11-30 01:00,4.4,,4.7,360,43,4587
102,백령도,2018-11-30 02:00,4.4,,4.2,360,42,4754
102,백령도,2018-11-30 03:00,2.9,,2.9,70,54,4777
102,백령도,2018-11-30 04:00,2.7,,2.8,50,53,4850
102,백령도,2018-11-30 05:00,2.4,,2.2,70,53,4622
102,백령도,2018-11-30 06:00,2.6,,1.2,70,51,4771
102,백령도,2018-11-30 07:00,2.6,,1.3,70,53,4821
102,백령도,2018-11-30 08:00,2.2,,2.3,110,60,4258
102,백령도,2018-11-30 09:00,4.2,,1.6,140,54,3087
102,백령도,2018-11-30 10:00,4.9,,2.3,110,48,4573
102,백령도,2018-11-30 11:00,5.6,,1.6,180,47,4454
102,백령도,2018-11-30 12:00,5.7,,3.4,180,47,3848
102,백령도,2018-11-30 13:00,6.4,,3.5,180,52,4785
102,백령도,2018-11-30 14:00,7.1,,2.9,180,51,4675
102,백령도,2018-11-30 15:00,7.5,,2.7,230,47,4799
102,백령도,2018-11-30 16:00,6.9,,3.5,230,49,4806
102,백령도,2018-11-30 17:00,6.5,,1.9,250,54,4535
102,백령도,2018-11-30 18:00,6.1,,1.1,200,58,2915
102,백령도,2018-11-30 19:00,6.8,,1.3,200,60,4345
102,백령도,2018-11-30 20:00,7.2,,.9,200,62,2946
102,백령도,2018-11-30 21:00,7.9,,2.3,230,61,4657
102,백령도,2018-11-30 22:00,7.6,,1.5,180,64,4455
102,백령도,2018-11-30 23:00,7.9,,1.8,200,68,3919
102,백령도,2018-12-01 00:00,8.7,0,2.2,200,72,2389
102,백령도,2018-12-01 01:00,8.3,,3.8,20,81,3359
102,백령도,2018-12-01 02:00,7.6,,1.6,50,84,2132
102,백령도,2018-12-01 03:00,7.3,,1.8,50,83,2457
102,백령도,2018-12-01 04:00,7.1,,1.9,50,77,2658
102,백령도,2018-12-01 05:00,7.6,,2.4,360,60,2241
102,백령도,2018-12-01 06:00,7,,3.4,50,54,3021
102,백령도,2018-12-01 07:00,6.3,,3.3,50,62,2791
102,백령도,2018-12-01 08:00,6.2,,4.3,50,62,2447
102,백령도,2018-12-01 09:00,7,,2.9,70,60,2600
102,백령도,2018-12-01 10:00,7.5,,2.8,90,65,2194
102,백령도,2018-12-01 11:00,7.8,,3.6,90,58,2125
102,백령도,2018-12-01 12:00,8.1,,3.8,110,49,2484
102,백령도,2018-12-01 13:00,8.6,,3.2,110,40,2892
102,백령도,2018-12-01 14:00,9.1,,2.6,90,31,4198
102,백령도,2018-12-01 15:00,9.1,,2.5,110,29,4088
102,백령도,2018-12-01 16:00,8.6,,2,110,33,3996
102,백령도,2018-12-01 17:00,7.4,,.9,70,39,3833
102,백령도,2018-12-01 18:00,6.3,,.8,70,45,3982
102,백령도,2018-12-01 19:00,6.5,,.2,0,43,3858
102,백령도,2018-12-01 20:00,7,,1.2,90,47,4137
102,백령도,2018-12-01 21:00,6.7,,1.7,110,53,3697
102,백령도,2018-12-01 22:00,6.3,,2.2,110,58,3924
102,백령도,2018-12-01 23:00,6.3,,2.4,110,54,4211
102,백령도,2018-12-02 00:00,6,,2.5,110,58,4069
102,백령도,2018-12-02 01:00,6.4,,3.5,140,62,3177
102,백령도,2018-12-02 02:00,6.3,,3.7,140,63,3136
102,백령도,2018-12-02 03:00,6.7,,4.1,110,64,2991
102,백령도,2018-12-02 04:00,6.4,,4.5,110,66,2938
102,백령도,2018-12-02 05:00,6.5,,4.2,110,62,3062
102,백령도,2018-12-02 06:00,6.8,,4.3,110,62,3138
102,백령도,2018-12-02 07:00,6.8,,3.9,110,67,2649
102,백령도,2018-12-02 08:00,7.2,,4.2,110,74,1791
102,백령도,2018-12-02 09:00,7.6,.1,5,110,75,1655
102,백령도,2018-12-02 10:00,7.7,,5.3,110,76,1378
102,백령도,2018-12-02 11:00,7.6,,5.2,110,81,1066
102,백령도,2018-12-02 12:00,7.9,0,6.3,110,83,1175
102,백령도,2018-12-02 13:00,8.3,,6.5,140,80,1313
102,백령도,2018-12-02 14:00,8.9,,5.4,140,79,1325
102,백령도,2018-12-02 15:00,9,0,4.9,140,82,1274
102,백령도,2018-12-02 16:00,9.3,,5.1,110,82,1200
102,백령도,2018-12-02 17:00,9.1,,5.9,110,81,1295
102,백령도,2018-12-02 18:00,9.2,,5.2,110,79,1246
102,백령도,2018-12-02 19:00,9.7,,4.8,110,76,1401
102,백령도,2018-12-02 20:00,9.5,,4.4,110,79,1173
102,백령도,2018-12-02 21:00,9.3,.2,4.3,110,82,877
102,백령도,2018-12-02 22:00,9.7,,4.9,110,79,1318
102,백령도,2018-12-02 23:00,10.4,,5.8,110,74,1506
102,백령도,2018-12-03 00:00,10.5,0,6,110,77,1579
102,백령도,2018-12-03 01:00,10,,5.1,110,83,1366
102,백령도,2018-12-03 02:00,9.4,,4.2,110,87,589
102,백령도,2018-12-03 03:00,8.9,10.1,4.4,110,93,263
102,백령도,2018-12-03 04:00,8.7,,5.8,90,97,465
102,백령도,2018-12-03 05:00,9,,6,110,97,525
102,백령도,2018-12-03 06:00,9.5,8,4.8,110,94,644
102,백령도,2018-12-03 07:00,9.1,,5.2,110,98,335
102,백령도,2018-12-03 08:00,9.3,,5.2,110,99,341
102,백령도,2018-12-03 09:00,9.4,1.3,4.9,110,99,204
102,백령도,2018-12-03 10:00,9.8,,3.4,110,100,200
102,백령도,2018-12-03 11:00,10.1,,3,90,100,165
102,백령도,2018-12-03 12:00,10.3,.1,1.7,90,100,81
102,백령도,2018-12-03 13:00,10.6,,2,360,100,90
102,백령도,2018-12-03 14:00,10.7,,6.9,340,100,544
102,백령도,2018-12-03 15:00,10.2,,3.7,360,100,1971
102,백령도,2018-12-03 16:00,10.1,,8.4,340,94,4369
102,백령도,2018-12-03 17:00,9.4,,9.9,340,90,1540
102,백령도,2018-12-03 18:00,9.4,,7.4,340,90,1443
102,백령도,2018-12-03 19:00,9.3,,7.9,340,87,1595
102,백령도,2018-12-03 20:00,9,,7.7,340,87,1610
102,백령도,2018-12-03 21:00,9,,6.8,360,86,1145
102,백령도,2018-12-03 22:00,8.9,,3.2,360,89,1167
102,백령도,2018-12-03 23:00,8.9,,3.7,360,90,1828
102,백령도,2018-12-04 00:00,8.9,,4.1,360,89,2249
102,백령도,2018-12-04 01:00,8.4,,5.1,340,89,1159
102,백령도,2018-12-04 02:00,7.7,,9.4,340,87,1266
102,백령도,2018-12-04 03:00,6.9,0,10.2,340,84,1582
102,백령도,2018-12-04 04:00,6.6,,11.3,340,82,1933
102,백령도,2018-12-04 05:00,6,,12.8,340,77,2385
102,백령도,2018-12-04 06:00,5.5,0,12.5,340,75,2508
102,백령도,2018-12-04 07:00,5.3,,12.3,340,75,2837
102,백령도,2018-12-04 08:00,4.9,,13.9,340,74,3050
102,백령도,2018-12-04 09:00,4.6,,13.8,340,74,3076
102,백령도,2018-12-04 10:00,4.6,,12.6,340,67,3199
102,백령도,2018-12-04 11:00,4.8,,13.1,340,61,3319
102,백령도,2018-12-04 12:00,5.2,,14.2,340,55,3956
102,백령도,2018-12-04 13:00,5.3,,12.6,340,58,3526
102,백령도,2018-12-04 14:00,4.9,,13.7,340,58,4273
102,백령도,2018-12-04 15:00,4.5,,13.8,340,51,3993
102,백령도,2018-12-04 16:00,3.8,,13.4,340,54,4015
102,백령도,2018-12-04 17:00,3,,10,340,55,4170
102,백령도,2018-12-04 18:00,2.8,,10.3,340,55,4264
102,백령도,2018-12-04 19:00,2.5,,13.1,340,52,4500
102,백령도,2018-12-04 20:00,2.4,,10.7,340,50,4659
102,백령도,2018-12-04 21:00,2.1,,11.9,340,50,4526
102,백령도,2018-12-04 22:00,1.7,,11.7,340,46,4612
102,백령도,2018-12-04 23:00,1.3,,11.4,340,47,4482
102,백령도,2018-12-05 00:00,1.1,,11.1,340,46,4589
102,백령도,2018-12-05 01:00,.7,,10.9,360,48,4855
102,백령도,2018-12-05 02:00,.7,,10.2,360,40,4912
102,백령도,2018-12-05 03:00,.9,,11.2,360,41,4888
102,백령도,2018-12-05 04:00,.5,,9.9,360,42,4691
102,백령도,2018-12-05 05:00,.3,,8.7,360,43,4507
102,백령도,2018-12-05 06:00,-.1,,4.8,20,46,4612
102,백령도,2018-12-05 07:00,-1,,6.8,50,44,4671
102,백령도,2018-12-05 08:00,-1.3,,4.6,50,44,4975
102,백령도,2018-12-05 09:00,-1.6,,3.9,50,40,4944
102,백령도,2018-12-05 10:00,-.9,,4.5,50,36,4680
102,백령도,2018-12-05 11:00,.1,,3.4,20,31,4817
102,백령도,2018-12-05 12:00,.5,,3.6,20,32,4762
102,백령도,2018-12-05 13:00,.4,,6.4,360,34,4670
102,백령도,2018-12-05 14:00,.8,,6.7,340,35,4952
102,백령도,2018-12-05 15:00,.7,,4.1,360,41,4926
102,백령도,2018-12-05 16:00,.7,,4.5,360,40,4828
102,백령도,2018-12-05 17:00,.7,,3.9,360,40,4792
102,백령도,2018-12-05 18:00,.6,,3.7,20,33,4846
102,백령도,2018-12-05 19:00,.6,,3.1,20,34,4330
102,백령도,2018-12-05 20:00,.3,,2.7,20,28,4532
102,백령도,2018-12-05 21:00,.3,,4.7,360,31,4144
102,백령도,2018-12-05 22:00,.5,,4.9,20,26,4287
102,백령도,2018-12-05 23:00,.8,,1.8,20,29,4642
102,백령도,2018-12-06 00:00,1.4,,2.2,360,28,4681
102,백령도,2018-12-06 01:00,1.5,,2,50,34,4374
102,백령도,2018-12-06 02:00,1.5,,2.2,50,32,4293
102,백령도,2018-12-06 03:00,1.6,,3.5,70,28,4488
102,백령도,2018-12-06 04:00,1.3,,1.9,90,31,4112
102,백령도,2018-12-06 05:00,1.1,,1.7,90,43,3508
102,백령도,2018-12-06 06:00,2.2,,2.4,360,40,3323
102,백령도,2018-12-06 07:00,2.1,,2.6,340,42,3240
102,백령도,2018-12-06 08:00,2.5,,3.2,360,47,3737
102,백령도,2018-12-06 09:00,2.8,,1.1,50,46,3395
102,백령도,2018-12-06 10:00,3.7,,1.1,50,36,3126
102,백령도,2018-12-06 11:00,4.8,,2,70,32,2583
102,백령도,2018-12-06 12:00,4.8,,1.7,360,37,2967
102,백령도,2018-12-06 13:00,4.9,,.9,250,45,3113
102,백령도,2018-12-06 14:00,3.2,,4.1,340,75,1939
102,백령도,2018-12-06 15:00,.8,1.3,6,360,94,223
102,백령도,2018-12-06 16:00,1.8,,9.3,360,94,2174
102,백령도,2018-12-06 17:00,2.3,,11,340,86,1619
102,백령도,2018-12-06 18:00,2.1,.9,8.5,320,71,1995
102,백령도,2018-12-06 19:00,.8,,9.2,320,61,2120
102,백령도,2018-12-06 20:00,-.1,,10.6,320,62,3384
102,백령도,2018-12-06 21:00,-1.1,0,10.2,340,58,4391
102,백령도,2018-12-06 22:00,-2.2,,10.4,320,51,4608
102,백령도,2018-12-06 23:00,-3.2,,9.6,340,58,4501
102,백령도,2018-12-07 00:00,-4.1,,12.9,340,51,4898
102,백령도,2018-12-07 01:00,-4.8,,14.9,340,55,4698
102,백령도,2018-12-07 02:00,-4.9,,12.8,340,58,4206
102,백령도,2018-12-07 03:00,-5,,12.4,340,63,3864
102,백령도,2018-12-07 04:00,-5.1,,10.9,340,62,4104
102,백령도,2018-12-07 05:00,-5.4,,10.3,340,55,4116
102,백령도,2018-12-07 06:00,-5.7,0,10,360,69,1694
102,백령도,2018-12-07 07:00,-6,,9.7,340,78,1099
102,백령도,2018-12-07 08:00,-5.2,,8.7,340,71,1779
102,백령도,2018-12-07 09:00,-6,0,9.2,340,70,1711
102,백령도,2018-12-07 10:00,-5.4,,9.7,340,69,1281
102,백령도,2018-12-07 11:00,-5.7,,9.5,340,71,1477
102,백령도,2018-12-07 12:00,-6.1,0,10.9,340,77,770
102,백령도,2018-12-07 13:00,-6.4,,8.1,340,72,996
102,백령도,2018-12-07 14:00,-5.7,,9,340,58,4299
102,백령도,2018-12-07 15:00,-5.8,0,9.7,340,63,3637
102,백령도,2018-12-07 16:00,-6,,7.9,340,72,1463
102,백령도,2018-12-07 17:00,-5.7,,7.9,340,66,2640
102,백령도,2018-12-07 18:00,-4.7,0,7.8,320,57,4959
102,백령도,2018-12-07 19:00,-4.7,,8,320,58,4920
102,백령도,2018-12-07 20:00,-4.3,,7.8,320,65,3579
102,백령도,2018-12-07 21:00,-4.1,0,7.9,340,65,2981
102,백령도,2018-12-07 22:00,-3.8,,9.5,320,66,2898
102,백령도,2018-12-07 23:00,-4.6,,9.5,340,77,619
102,백령도,2018-12-08 00:00,-4.6,0,8.7,340,81,808
102,백령도,2018-12-08 01:00,-5.3,,11.2,340,80,289
102,백령도,2018-12-08 02:00,-5.5,,8.3,360,72,2297
102,백령도,2018-12-08 03:00,-5.7,0,8,360,78,1343
102,백령도,2018-12-08 04:00,-5.7,,9.1,340,75,917
102,백령도,2018-12-08 05:00,-5.4,,7.2,360,67,2082
102,백령도,2018-12-08 06:00,-5.5,0,6.6,360,66,2385
102,백령도,2018-12-08 07:00,-5.7,,5.7,340,83,434
102,백령도,2018-12-08 08:00,-7.1,,5.3,70,92,288
102,백령도,2018-12-08 09:00,-7.8,.6,4.6,70,92,100
102,백령도,2018-12-08 10:00,-7.6,,4.3,70,92,207
102,백령도,2018-12-08 11:00,-7.5,,4.2,70,93,128
102,백령도,2018-12-08 12:00,-6.3,2.3,1.7,20,93,237
102,백령도,2018-12-08 13:00,-4.7,,7.4,340,83,682
102,백령도,2018-12-08 14:00,-4.5,,8.8,340,77,1024
102,백령도,2018-12-08 15:00,-4.4,.1,8.5,320,65,3017
102,백령도,2018-12-08 16:00,-4.3,,8.8,320,66,1642
102,백령도,2018-12-08 17:00,-4.2,,8.5,320,65,3652
102,백령도,2018-12-08 18:00,-3.9,0,8.2,320,66,3562
102,백령도,2018-12-08 19:00,-3.8,,7.8,340,64,3271
102,백령도,2018-12-08 20:00,-3.8,,7.7,320,66,1986
102,백령도,2018-12-08 21:00,-3.3,,8.4,340,58,3969
102,백령도,2018-12-08 22:00,-3.2,,7.2,340,70,2576
102,백령도,2018-12-08 23:00,-3.7,,8.7,360,68,2817
102,백령도,2018-12-09 00:00,-4,0,9,340,60,3676
102,백령도,2018-12-09 01:00,-4.5,,9.2,360,68,1119
102,백령도,2018-12-09 02:00,-4.7,,8.8,360,68,1629
102,백령도,2018-12-09 03:00,-4.4,,6.6,360,63,3361
102,백령도,2018-12-09 04:00,-4.4,,7.5,360,60,3400
102,백령도,2018-12-09 05:00,-4.3,,5.6,360,57,3794
102,백령도,2018-12-09 06:00,-5,,4,50,65,3611
102,백령도,2018-12-09 07:00,-5.8,,5.5,70,66,3592
102,백령도,2018-12-09 08:00,-6,,4.6,50,64,3491
102,백령도,2018-12-09 09:00,-5.5,,3.7,70,63,3495
102,백령도,2018-12-09 10:00,-4.7,,3.3,70,61,3323
102,백령도,2018-12-09 11:00,-3.9,,2.4,70,60,2898
102,백령도,2018-12-09 12:00,-3.8,,3.2,70,59,2978
102,백령도,2018-12-09 13:00,-3.8,,1.4,90,60,3145
102,백령도,2018-12-09 14:00,-3.3,,1.3,160,65,2864
102,백령도,2018-12-09 15:00,-3.3,,1,110,68,3392
102,백령도,2018-12-09 16:00,-3.1,,1.5,140,69,3143
102,백령도,2018-12-09 17:00,-3.1,,1.4,160,71,3645
102,백령도,2018-12-09 18:00,-3.3,,2.2,140,73,3621
102,백령도,2018-12-09 19:00,-3,,2.1,140,73,2684
102,백령도,2018-12-09 20:00,-2.7,,2.1,140,73,3298
102,백령도,2018-12-09 21:00,-2.4,,2.9,140,71,3536
102,백령도,2018-12-09 22:00,-2.7,,2.5,110,72,3842
102,백령도,2018-12-09 23:00,-2.1,,2.6,140,75,3803
102,백령도,2018-12-10 00:00,-1.9,,3.1,110,75,3474
102,백령도,2018-12-10 01:00,-1.6,,3.3,110,76,3456
102,백령도,2018-12-10 02:00,-1.7,,3.6,110,76,3390
102,백령도,2018-12-10 03:00,-1.7,,4.1,110,76,3808
102,백령도,2018-12-10 04:00,-1.8,,3.8,110,76,3706
102,백령도,2018-12-10 05:00,-1.8,,4.2,110,74,3822
102,백령도,2018-12-10 06:00,-1.7,,4.6,110,73,3892
102,백령도,2018-12-10 07:00,-1.8,,4.1,110,73,3994
102,백령도,2018-12-10 08:00,-1.8,,4,110,70,3780
102,백령도,2018-12-10 09:00,-1,,4.9,110,68,3847
102,백령도,2018-12-10 10:00,-.4,,4.9,110,63,3373
102,백령도,2018-12-10 11:00,.4,,4.4,110,64,3254
102,백령도,2018-12-10 12:00,.7,,4.2,110,61,3793
102,백령도,2018-12-10 13:00,.8,,3.2,110,63,3586
102,백령도,2018-12-10 14:00,.9,,3.2,110,65,3232
102,백령도,2018-12-10 15:00,1.3,,3.4,90,65,3401
102,백령도,2018-12-10 16:00,1.3,,3.4,90,68,3268
102,백령도,2018-12-10 17:00,1.1,,2.8,90,72,3473
102,백령도,2018-12-10 18:00,.8,,3.2,70,69,2921
102,백령도,2018-12-10 19:00,.9,,4.1,50,68,2757
102,백령도,2018-12-10 20:00,.9,,3.5,70,68,2657
102,백령도,2018-12-10 21:00,1.1,,2.3,70,67,2866
102,백령도,2018-12-10 22:00,.9,,2.3,70,59,3190
102,백령도,2018-12-10 23:00,1,,3,70,58,3125
102,백령도,2018-12-11 00:00,.7,,3.2,50,52,3127
102,백령도,2018-12-11 01:00,.5,,3.3,50,47,2961
102,백령도,2018-12-11 02:00,.9,,1.6,50,53,3136
102,백령도,2018-12-11 03:00,.8,,2.4,50,54,2879
102,백령도,2018-12-11 04:00,1,,4.1,70,59,2769
102,백령도,2018-12-11 05:00,1,,4.3,50,55,3295
102,백령도,2018-12-11 06:00,.9,,4.6,50,55,3042
102,백령도,2018-12-11 07:00,.6,,4.9,50,53,2970
102,백령도,2018-12-11 08:00,.3,,5.5,70,50,2927
102,백령도,2018-12-11 09:00,-1.6,0,3.8,70,80,298
102,백령도,2018-12-11 10:00,-2.4,,3.2,50,92,173
102,백령도,2018-12-11 11:00,-1.9,,4.3,50,94,257
102,백령도,2018-12-11 12:00,-1.3,.5,3.2,50,93,1506
102,백령도,2018-12-11 13:00,-.3,,2.5,340,85,2171
102,백령도,2018-12-11 14:00,.7,,3.1,340,83,2449
102,백령도,2018-12-11 15:00,.6,,5,360,79,2250
102,백령도,2018-12-11 16:00,.1,,5.3,360,81,832
102,백령도,2018-12-11 17:00,-.7,,2.9,20,91,326
102,백령도,2018-12-11 18:00,-.2,0,2.7,360,83,1474
102,백령도,2018-12-11 19:00,.2,,2.5,360,81,2192
102,백령도,2018-12-11 20:00,.3,,2.7,20,78,2302
102,백령도,2018-12-11 21:00,.6,0,3.1,360,75,2442
102,백령도,2018-12-11 22:00,1.5,,7,340,58,2973
102,백령도,2018-12-11 23:00,1.4,,7.7,340,51,3178
102,백령도,2018-12-12 00:00,1.4,,8.6,340,54,2755
102,백령도,2018-12-12 01:00,1,,8.9,340,51,2612
102,백령도,2018-12-12 02:00,.4,,8.6,340,51,2958
102,백령도,2018-12-12 03:00,0,,8.7,340,50,2720
102,백령도,2018-12-12 04:00,-.5,,9.1,340,54,2615
102,백령도,2018-12-12 05:00,-1,,8.8,340,59,2616
102,백령도,2018-12-12 06:00,-1.5,,9.2,340,59,2865
102,백령도,2018-12-12 07:00,-1.6,,10.3,340,60,2924
102,백령도,2018-12-12 08:00,-1.5,,10.7,340,58,3289
102,백령도,2018-12-12 09:00,-1.2,,9.7,340,60,3549
102,백령도,2018-12-12 10:00,-.9,,9.2,340,63,3524
102,백령도,2018-12-12 11:00,-.5,,8.5,340,59,3361
102,백령도,2018-12-12 12:00,-.5,,7.9,340,58,3572
102,백령도,2018-12-12 13:00,-.3,,8,340,54,4363
102,백령도,2018-12-12 14:00,-.4,,8.6,340,52,4334
102,백령도,2018-12-12 15:00,0,,5.6,340,52,3395
102,백령도,2018-12-12 16:00,0,,5.3,340,57,2960
102,백령도,2018-12-12 17:00,-.4,,4.5,320,61,2943
102,백령도,2018-12-12 18:00,0,,3.3,320,63,2477
102,백령도,2018-12-12 19:00,.3,,2.4,270,61,2189
102,백령도,2018-12-12 20:00,.7,,2,230,61,2227
102,백령도,2018-12-12 21:00,.9,0,1.4,200,65,1849
102,백령도,2018-12-12 22:00,1.6,,1.1,270,74,1857
102,백령도,2018-12-12 23:00,2.8,,6.3,290,51,4136
102,백령도,2018-12-13 00:00,2.6,0,4,290,62,2883
102,백령도,2018-12-13 01:00,3,,6.3,290,57,3761
102,백령도,2018-12-13 02:00,2.8,,4.6,270,58,3150
102,백령도,2018-12-13 03:00,2.3,0,4.8,250,76,3004
102,백령도,2018-12-13 04:00,2.5,,5.6,290,61,3569
102,백령도,2018-12-13 05:00,2.5,,4.5,270,71,2608
102,백령도,2018-12-13 06:00,1.7,.1,7.4,270,91,707
102,백령도,2018-12-13 07:00,3.2,,8.5,320,60,1585
102,백령도,2018-12-13 08:00,2.8,,7.9,340,62,1810
102,백령도,2018-12-13 09:00,2.4,0,6.8,320,53,2106
102,백령도,2018-12-13 10:00,1.8,,8.5,340,57,2170
102,백령도,2018-12-13 11:00,1.2,,8.3,340,54,2596
102,백령도,2018-12-13 12:00,.5,,9.5,340,56,3603
102,백령도,2018-12-13 13:00,.5,,9.9,340,55,3489
102,백령도,2018-12-13 14:00,-.5,,10,340,57,3582
102,백령도,2018-12-13 15:00,-.6,,11.6,340,60,3587
102,백령도,2018-12-13 16:00,-.8,,9.5,340,62,4209
102,백령도,2018-12-13 17:00,-.7,,8.9,340,61,4431
102,백령도,2018-12-13 18:00,-.8,,8.6,340,59,4678
102,백령도,2018-12-13 19:00,-.9,,9,340,55,4792
102,백령도,2018-12-13 20:00,-1,,8.5,340,55,4758
102,백령도,2018-12-13 21:00,-.9,,7.9,340,56,4815
102,백령도,2018-12-13 22:00,-.9,,8.4,340,57,4729
102,백령도,2018-12-13 23:00,-1.1,,10,340,57,4232
102,백령도,2018-12-14 00:00,-1.3,,8.8,340,62,3779
102,백령도,2018-12-14 01:00,-1.4,,8.6,340,62,3931
102,백령도,2018-12-14 02:00,-1.6,,8.1,340,60,4028
102,백령도,2018-12-14 03:00,-1.8,,9.3,340,62,3586
102,백령도,2018-12-14 04:00,-1.9,,8.3,340,62,3638
102,백령도,2018-12-14 05:00,-1.8,,8.4,340,65,3613
102,백령도,2018-12-14 06:00,-1.7,,7.7,340,66,3686
102,백령도,2018-12-14 07:00,-2.1,,7.8,360,65,3602
102,백령도,2018-12-14 08:00,-2.1,,7.9,360,65,3730
102,백령도,2018-12-14 09:00,-1.6,,7.2,340,63,3622
102,백령도,2018-12-14 10:00,-1.3,,7,340,63,3876
102,백령도,2018-12-14 11:00,-.9,,5,360,65,2602
102,백령도,2018-12-14 12:00,-.8,,5.5,360,66,2627
102,백령도,2018-12-14 13:00,-.4,,6.8,340,59,3255
102,백령도,2018-12-14 14:00,-.2,,5.4,340,62,3175
102,백령도,2018-12-14 15:00,.1,,6.6,340,62,3511
102,백령도,2018-12-14 16:00,-.2,,6.7,340,60,4220
102,백령도,2018-12-14 17:00,-.6,,6.4,340,60,4724
102,백령도,2018-12-14 18:00,-.6,,7.6,340,61,4478
102,백령도,2018-12-14 19:00,-.4,,6.2,340,55,4813
102,백령도,2018-12-14 20:00,-.2,,6.2,340,54,4975
102,백령도,2018-12-14 21:00,-.2,,5.7,340,54,4949
102,백령도,2018-12-14 22:00,-.1,,5.3,360,57,4920
102,백령도,2018-12-14 23:00,.1,,4.7,340,56,4624
102,백령도,2018-12-15 00:00,.3,,4.7,340,53,5000
102,백령도,2018-12-15 01:00,.3,,4.6,360,55,4948
102,백령도,2018-12-15 02:00,-.7,,1.9,50,68,4334
102,백령도,2018-12-15 03:00,-1,,2.4,50,69,4122
102,백령도,2018-12-15 04:00,-.9,,2.5,70,68,3947
102,백령도,2018-12-15 05:00,-1.3,,2.6,70,70,3712
102,백령도,2018-12-15 06:00,-1.7,,2.2,140,82,3342
102,백령도,2018-12-15 07:00,-1.1,,2.2,140,76,3556
102,백령도,2018-12-15 08:00,-1.1,,1.9,140,72,3139
102,백령도,2018-12-15 09:00,.5,,3,140,70,3083
102,백령도,2018-12-15 10:00,1.2,,4.7,140,68,3049
102,백령도,2018-12-15 11:00,2.3,,5,140,65,3003
102,백령도,2018-12-15 12:00,2.7,,3.8,180,66,3416
102,백령도,2018-12-15 13:00,3.2,,3,200,64,3916
102,백령도,2018-12-15 14:00,2.9,,3.7,180,66,3363
102,백령도,2018-12-15 15:00,3.5,,3.8,230,58,4216
102,백령도,2018-12-15 16:00,3.4,,3.1,200,60,4426
102,백령도,2018-12-15 17:00,3,,1.8,200,63,3279
102,백령도,2018-12-15 18:00,3,,2.4,200,66,4542
102,백령도,2018-12-15 19:00,3.5,,2.3,200,66,4533
102,백령도,2018-12-15 20:00,3.5,,2.6,200,68,4483
102,백령도,2018-12-15 21:00,3.4,,2.4,200,70,4397
102,백령도,2018-12-15 22:00,3.8,,1.9,200,71,4656
102,백령도,2018-12-15 23:00,3.9,,1.7,200,72,4596
102,백령도,2018-12-16 00:00,4.2,,1.5,200,68,4564
102,백령도,2018-12-16 01:00,4.6,,1.5,200,66,3066
102,백령도,2018-12-16 02:00,4.5,,1.4,180,69,3825
102,백령도,2018-12-16 03:00,4.7,0,2.4,180,71,4101
102,백령도,2018-12-16 04:00,5,,4.6,160,74,3521
102,백령도,2018-12-16 05:00,4,,3.5,200,89,934
102,백령도,2018-12-16 06:00,3.9,2,4.6,180,93,2691
102,백령도,2018-12-16 07:00,4.2,,2.2,250,93,4716
102,백령도,2018-12-16 08:00,4.8,,2,180,92,1930
102,백령도,2018-12-16 09:00,5.2,0,2.4,230,81,3227
102,백령도,2018-12-16 10:00,6.3,,2.4,250,70,1948
102,백령도,2018-12-16 11:00,7.1,,3.4,290,61,1798
102,백령도,2018-12-16 12:00,7.4,,3.7,290,58,1353
102,백령도,2018-12-16 13:00,7.8,,4.1,290,66,945
102,백령도,2018-12-16 14:00,7.4,,4.6,270,65,909
102,백령도,2018-12-16 15:00,7,,5.4,270,68,764
102,백령도,2018-12-16 16:00,6.6,,5.5,270,70,580
102,백령도,2018-12-16 17:00,6.1,,4.7,270,70,509
102,백령도,2018-12-16 18:00,6.2,,4.4,250,71,499
102,백령도,2018-12-16 19:00,6.3,,4.7,270,72,462
102,백령도,2018-12-16 20:00,6.3,,6.1,270,70,477
102,백령도,2018-12-16 21:00,6.4,,6.1,290,57,1246
102,백령도,2018-12-16 22:00,6.3,,7.5,290,52,1402
102,백령도,2018-12-16 23:00,5.8,,7.9,320,53,1080
102,백령도,2018-12-17 00:00,5.5,,7.8,320,54,1200
102,백령도,2018-12-17 01:00,5.2,,7.3,320,48,1536
102,백령도,2018-12-17 02:00,4.7,,5.8,320,53,1464
102,백령도,2018-12-17 03:00,4.4,,7.3,340,53,1056
102,백령도,2018-12-17 04:00,4.2,,6.1,340,49,1533
102,백령도,2018-12-17 05:00,4,,5.4,340,50,1608
102,백령도,2018-12-17 06:00,3.8,,3.8,320,44,2089
102,백령도,2018-12-17 07:00,4.1,,3.8,320,44,1985
102,백령도,2018-12-17 08:00,4.1,,3.2,340,45,2234
102,백령도,2018-12-17 09:00,4.7,,1.7,320,43,2408
102,백령도,2018-12-17 10:00,5.7,,2.8,320,40,2433
102,백령도,2018-12-17 11:00,6.2,,3.9,320,41,2475
102,백령도,2018-12-17 12:00,6.4,,5,320,42,2254
102,백령도,2018-12-17 13:00,6.1,,5.6,320,42,2285
102,백령도,2018-12-17 14:00,5.4,,6.5,320,46,2834
102,백령도,2018-12-17 15:00,4.9,,7.1,320,39,3382
102,백령도,2018-12-17 16:00,4.8,,7.2,320,41,4255
102,백령도,2018-12-17 17:00,3.9,,7.8,320,39,4736
102,백령도,2018-12-17 18:00,3.7,,8.4,320,42,4545
102,백령도,2018-12-17 19:00,3.6,,7.6,320,44,4391
102,백령도,2018-12-17 20:00,3.7,,7.4,320,44,3811
102,백령도,2018-12-17 21:00,3.7,,5.8,320,49,3469
102,백령도,2018-12-17 22:00,4,,4.7,290,51,3607
102,백령도,2018-12-17 23:00,4,,4.4,320,49,4024
102,백령도,2018-12-18 00:00,4.3,,5.3,320,45,4812
102,백령도,2018-12-18 01:00,4.2,,4.9,320,47,4524
102,백령도,2018-12-18 02:00,3.8,,3.7,320,48,4460
102,백령도,2018-12-18 03:00,3.5,,2.9,320,50,4546
102,백령도,2018-12-18 04:00,3.1,,2.5,270,52,4555
102,백령도,2018-12-18 05:00,3,,1.9,270,52,4864
102,백령도,2018-12-18 06:00,3.7,,3.5,250,49,4839
102,백령도,2018-12-18 07:00,3.5,,1.9,250,48,4932
102,백령도,2018-12-18 08:00,4,,2.8,250,53,3596
102,백령도,2018-12-18 09:00,5.3,,2.8,250,54,2870
102,백령도,2018-12-18 10:00,6.5,,3.8,270,57,1679
102,백령도,2018-12-18 11:00,7.4,,5.5,250,42,2098
102,백령도,2018-12-18 12:00,7.7,,7,250,39,2348
102,백령도,2018-12-18 13:00,7.9,,7.2,270,35,2900
102,백령도,2018-12-18 14:00,8.2,,6.5,250,33,2356
102,백령도,2018-12-18 15:00,8.3,,6.8,270,38,1848
102,백령도,2018-12-18 16:00,7.9,,5.2,250,44,1651
102,백령도,2018-12-18 17:00,6.9,,3.5,250,46,1660
102,백령도,2018-12-18 18:00,6.4,,3.3,270,45,1796
102,백령도,2018-12-18 19:00,6.4,,3.2,250,55,1278
102,백령도,2018-12-18 20:00,6.2,,2.6,250,55,1298
102,백령도,2018-12-18 21:00,6.2,,2.9,250,55,1256
102,백령도,2018-12-18 22:00,6.4,,3.5,250,58,1133
102,백령도,2018-12-18 23:00,6.6,,4.3,250,58,1028
102,백령도,2018-12-19 00:00,6.3,,3.7,250,66,783
102,백령도,2018-12-19 01:00,6.2,,3.7,270,68,862
102,백령도,2018-12-19 02:00,6.2,,4.5,290,65,935
102,백령도,2018-12-19 03:00,6.4,,6.2,290,60,904
102,백령도,2018-12-19 04:00,6.1,,5.5,320,58,1147
102,백령도,2018-12-19 05:00,5.7,,5.3,340,65,1266
102,백령도,2018-12-19 06:00,5.1,,5,340,63,1601
102,백령도,2018-12-19 07:00,4.3,,3.4,360,75,1190
102,백령도,2018-12-19 08:00,3,,1.9,50,81,900
102,백령도,2018-12-19 09:00,3.6,,1.8,70,78,961
102,백령도,2018-12-19 10:00,5,,2.4,70,67,1269
102,백령도,2018-12-19 11:00,5.7,,2.9,70,59,1698
102,백령도,2018-12-19 12:00,6,,2.9,70,55,2018
102,백령도,2018-12-19 13:00,6,,3,180,59,1594
102,백령도,2018-12-19 14:00,6.6,,2.9,180,60,1454
102,백령도,2018-12-19 15:00,6.7,,2.6,180,63,1583
102,백령도,2018-12-19 16:00,6,,2.5,200,69,1556
102,백령도,2018-12-19 17:00,5.7,,1.6,200,72,1349
102,백령도,2018-12-19 18:00,4.9,,.6,180,77,1076
102,백령도,2018-12-19 19:00,4.7,,1.1,160,79,1196
102,백령도,2018-12-19 20:00,5.2,,0,0,84,1228
102,백령도,2018-12-19 21:00,4.6,,0,0,85,1047
102,백령도,2018-12-19 22:00,4.6,,1.7,110,87,1050
102,백령도,2018-12-19 23:00,4.3,,2.3,70,88,1125
102,백령도,2018-12-20 00:00,3.7,,2.3,90,89,1120
102,백령도,2018-12-20 01:00,3.7,,1.9,110,89,1096
102,백령도,2018-12-20 02:00,3.5,,2.3,90,88,1131
102,백령도,2018-12-20 03:00,3.5,,2.5,90,86,1482
102,백령도,2018-12-20 04:00,4.3,,1.4,110,80,1606
102,백령도,2018-12-20 05:00,4.4,,0,0,72,1928
102,백령도,2018-12-20 06:00,3.4,,2.2,90,87,1448
102,백령도,2018-12-20 07:00,3.1,,1.8,90,89,1298
102,백령도,2018-12-20 08:00,3.5,,1.8,90,82,1594
102,백령도,2018-12-20 09:00,3.7,,1.3,160,82,1752
102,백령도,2018-12-20 10:00,6.3,,1.6,140,69,2183
102,백령도,2018-12-20 11:00,7.3,,2.5,110,68,2185
102,백령도,2018-12-20 12:00,7.1,,3.9,140,70,2087
102,백령도,2018-12-20 13:00,7.4,,3.5,160,67,2255
102,백령도,2018-12-20 14:00,8.1,,2.6,140,63,2380
102,백령도,2018-12-20 15:00,6.9,,2.9,180,61,2468
102,백령도,2018-12-20 16:00,7.4,,1.7,180,61,1973
102,백령도,2018-12-20 17:00,6.2,,1,180,65,1887
102,백령도,2018-12-20 18:00,5.2,,1,160,70,2309
102,백령도,2018-12-20 19:00,4.9,,1.3,160,72,1963
102,백령도,2018-12-20 20:00,4.6,,1.6,140,74,1713
102,백령도,2018-12-20 21:00,5,,1.4,140,71,2208
102,백령도,2018-12-20 22:00,4.3,,1.4,110,74,2084
102,백령도,2018-12-20 23:00,3.6,,2.3,90,79,1782
102,백령도,2018-12-21 00:00,3.5,,1.7,90,81,1081
102,백령도,2018-12-21 01:00,3.6,,2.2,110,80,1698
102,백령도,2018-12-21 02:00,4.2,,2.6,110,81,1614
102,백령도,2018-12-21 03:00,3.8,,2.1,90,81,1721
102,백령도,2018-12-21 04:00,4,,2.9,90,77,1922
102,백령도,2018-12-21 05:00,3.6,,2.7,140,79,1711
102,백령도,2018-12-21 06:00,3.9,,3.2,140,68,1785
102,백령도,2018-12-21 07:00,3.4,,.9,140,70,1960
102,백령도,2018-12-21 08:00,4.1,,0,0,70,2091
102,백령도,2018-12-21 09:00,4.9,,2.8,140,76,1807
102,백령도,2018-12-21 10:00,5.7,,3.7,160,77,1722
102,백령도,2018-12-21 11:00,6.7,,2.5,160,78,1496
102,백령도,2018-12-21 12:00,6.9,,2.9,140,79,1378
102,백령도,2018-12-21 13:00,7,,3.5,180,82,1147
102,백령도,2018-12-21 14:00,7.1,,2.8,160,84,1024
102,백령도,2018-12-21 15:00,7.2,,2.3,160,84,1004
102,백령도,2018-12-21 16:00,7.1,,2.5,140,86,900
102,백령도,2018-12-21 17:00,6.9,,2.5,140,89,692
102,백령도,2018-12-21 18:00,6.2,0,1.6,160,97,174
102,백령도,2018-12-21 19:00,6.1,,1.5,140,98,163
102,백령도,2018-12-21 20:00,6,,1.2,140,98,334
102,백령도,2018-12-21 21:00,6,0,.9,70,94,440
102,백령도,2018-12-21 22:00,6.2,,1,110,92,544
102,백령도,2018-12-21 23:00,6.1,,.3,0,92,453
102,백령도,2018-12-22 00:00,5.8,,.3,0,94,480
102,백령도,2018-12-22 01:00,5.3,,.5,230,97,275
102,백령도,2018-12-22 02:00,6.2,,2.1,340,94,549
102,백령도,2018-12-22 03:00,5.3,,4.6,360,93,593
102,백령도,2018-12-22 04:00,4.7,,5,360,94,409
102,백령도,2018-12-22 05:00,4.2,,5.3,360,92,515
102,백령도,2018-12-22 06:00,3.5,,6.2,360,92,509
102,백령도,2018-12-22 07:00,3,,5.3,340,91,667
102,백령도,2018-12-22 08:00,2.4,,5.3,360,92,640
102,백령도,2018-12-22 09:00,2.8,,2.7,20,87,723
102,백령도,2018-12-22 10:00,3.8,,3.7,70,78,933
102,백령도,2018-12-22 11:00,4.4,,2,50,76,916
102,백령도,2018-12-22 12:00,4.7,,2.9,360,78,1139
102,백령도,2018-12-22 13:00,4.9,,2.3,360,70,1396
102,백령도,2018-12-22 14:00,4.9,,5.7,340,71,1302
102,백령도,2018-12-22 15:00,4.7,,5.2,340,74,1550
102,백령도,2018-12-22 16:00,4.5,,4.5,340,72,1927
102,백령도,2018-12-22 17:00,4.4,,5.6,360,73,1551
102,백령도,2018-12-22 18:00,4.6,,5.5,340,75,1345
102,백령도,2018-12-22 19:00,4.6,,5.4,360,80,1510
102,백령도,2018-12-22 20:00,4.7,,6,360,81,1816
102,백령도,2018-12-22 21:00,5.3,,6,340,74,2083
102,백령도,2018-12-22 22:00,5.3,,5.6,360,74,1962
102,백령도,2018-12-22 23:00,5.3,,7,360,72,1782
102,백령도,2018-12-23 00:00,5.8,,5.6,360,68,1948
102,백령도,2018-12-23 01:00,5.7,,6.6,360,65,1747
102,백령도,2018-12-23 02:00,6,,6.2,360,63,1813
102,백령도,2018-12-23 03:00,6,,7.2,340,57,1755
102,백령도,2018-12-23 04:00,6,,7,340,55,2326
102,백령도,2018-12-23 05:00,5.8,,8.8,340,56,2409
102,백령도,2018-12-23 06:00,5.6,,10,340,50,2538
102,백령도,2018-12-23 07:00,5.2,,10.1,340,47,2524
102,백령도,2018-12-23 08:00,4.5,,9.7,360,55,2186
102,백령도,2018-12-23 09:00,4.5,,8.2,360,53,1977
102,백령도,2018-12-23 10:00,4.2,,9.9,360,51,1591
102,백령도,2018-12-23 11:00,4.2,,9.7,340,55,1976
102,백령도,2018-12-23 12:00,3.8,,10.8,340,54,2432
102,백령도,2018-12-23 13:00,3.3,,9.3,340,52,2808
102,백령도,2018-12-23 14:00,2.9,,6.7,340,46,3321
102,백령도,2018-12-23 15:00,1.7,,10.4,340,51,3652
102,백령도,2018-12-23 16:00,1.3,,9.6,340,51,3490
102,백령도,2018-12-23 17:00,.5,,9.6,320,47,4169
102,백령도,2018-12-23 18:00,-.3,,7.7,320,50,4813
102,백령도,2018-12-23 19:00,-.4,,7.2,340,54,4619
102,백령도,2018-12-23 20:00,-.4,,7.7,340,54,4569
102,백령도,2018-12-23 21:00,-.4,,5.8,340,55,4378
102,백령도,2018-12-23 22:00,-.2,,7.7,340,57,4519
102,백령도,2018-12-23 23:00,-.1,,6.1,320,58,4299
102,백령도,2018-12-24 00:00,-.2,,6.7,340,57,3800
102,백령도,2018-12-24 01:00,-.1,,5.8,340,58,3965
102,백령도,2018-12-24 02:00,-.1,,6.7,340,60,4143
102,백령도,2018-12-24 03:00,-.4,,5.1,340,60,4363
102,백령도,2018-12-24 04:00,-.5,,7.2,340,60,4256
102,백령도,2018-12-24 05:00,-.7,,6.6,340,58,4528
102,백령도,2018-12-24 06:00,-.7,,5.7,340,54,4419
102,백령도,2018-12-24 07:00,-.8,,4.9,340,53,4683
102,백령도,2018-12-24 08:00,-.7,,5.9,340,50,4883
102,백령도,2018-12-24 09:00,-.3,,4.6,340,54,4616
102,백령도,2018-12-24 10:00,.7,,2.9,320,52,3510
102,백령도,2018-12-24 11:00,1.3,,2.9,90,54,3683
102,백령도,2018-12-24 12:00,1.3,,2.3,90,53,3639
102,백령도,2018-12-24 13:00,2,,2.6,110,51,3810
102,백령도,2018-12-24 14:00,1.8,,2.6,180,56,3686
102,백령도,2018-12-24 15:00,3,,2.3,320,51,4008
102,백령도,2018-12-24 16:00,2.2,,3,200,53,3889
102,백령도,2018-12-24 17:00,2,,1.7,180,58,2171
102,백령도,2018-12-24 18:00,1.8,,1.8,160,64,3720
102,백령도,2018-12-24 19:00,2.1,,2,200,65,2307
102,백령도,2018-12-24 20:00,2.6,,2.5,250,60,4050
102,백령도,2018-12-24 21:00,2.7,,1.4,230,53,4204
102,백령도,2018-12-24 22:00,3,,2.5,250,57,3849
102,백령도,2018-12-24 23:00,2.7,,3,250,57,3668
102,백령도,2018-12-25 00:00,2.1,,2.8,230,56,3929
102,백령도,2018-12-25 01:00,2,,2.3,230,56,3853
102,백령도,2018-12-25 02:00,2.5,,2.6,230,59,3806
102,백령도,2018-12-25 03:00,2.8,,3.2,230,58,4110
102,백령도,2018-12-25 04:00,2.7,,3.2,250,56,4061
102,백령도,2018-12-25 05:00,2.9,,2.9,250,54,4607
102,백령도,2018-12-25 06:00,3.1,,3.4,250,58,4377
102,백령도,2018-12-25 07:00,3.6,,2.3,250,63,3494
102,백령도,2018-12-25 08:00,3.4,,2.7,270,65,1590
102,백령도,2018-12-25 09:00,4.5,,3,250,62,1587
102,백령도,2018-12-25 10:00,5.3,,4.1,230,60,1504
102,백령도,2018-12-25 11:00,6.3,,4.8,270,58,1342
102,백령도,2018-12-25 12:00,6.2,,4.8,290,52,1423
102,백령도,2018-12-25 13:00,6.7,,5.2,290,56,1036
102,백령도,2018-12-25 14:00,7,,5.1,290,58,1043
102,백령도,2018-12-25 15:00,6.7,,4.4,290,62,956
102,백령도,2018-12-25 16:00,6.6,,3,290,61,871
102,백령도,2018-12-25 17:00,6.1,,2,320,71,725
102,백령도,2018-12-25 18:00,6,0,4.5,320,69,650
102,백령도,2018-12-25 19:00,5.8,,5.6,340,71,680
102,백령도,2018-12-25 20:00,4.3,,3.3,360,82,761
102,백령도,2018-12-25 21:00,4.2,,2.9,360,78,814
102,백령도,2018-12-25 22:00,4,,6.7,360,70,959
102,백령도,2018-12-25 23:00,2.9,,6.7,360,60,1409
102,백령도,2018-12-26 00:00,2.8,,7.9,360,60,1389
102,백령도,2018-12-26 01:00,1.3,,9.8,360,58,2296
102,백령도,2018-12-26 02:00,.5,,10.8,360,56,3584
102,백령도,2018-12-26 03:00,.1,,9.9,360,49,4655
102,백령도,2018-12-26 04:00,-.1,,9.1,360,48,4807
102,백령도,2018-12-26 05:00,-1.3,,11.1,360,52,4619
102,백령도,2018-12-26 06:00,-2.1,,10,360,56,4188
102,백령도,2018-12-26 07:00,-2.5,,9.9,360,60,4239
102,백령도,2018-12-26 08:00,-2.7,,8.9,360,63,4357
102,백령도,2018-12-26 09:00,-3.1,,9.1,360,58,4470
102,백령도,2018-12-26 10:00,-3.1,,9.1,360,56,4289
102,백령도,2018-12-26 11:00,-3.1,,10,360,58,4369
102,백령도,2018-12-26 12:00,-3,,9.1,360,54,4571
102,백령도,2018-12-26 13:00,-3.3,,10,360,55,4446
102,백령도,2018-12-26 14:00,-3.4,,10.1,360,58,4697
102,백령도,2018-12-26 15:00,-3.9,,9.2,360,62,4756
102,백령도,2018-12-26 16:00,-4.2,,11,360,60,4635
102,백령도,2018-12-26 17:00,-4.5,,11.8,360,63,4540
102,백령도,2018-12-26 18:00,-4.5,,10.6,340,60,4665
102,백령도,2018-12-26 19:00,-4.3,,10.2,360,54,4950
102,백령도,2018-12-26 20:00,-4.2,,11.7,360,58,4795
102,백령도,2018-12-26 21:00,-4.2,,12.4,340,58,4754
102,백령도,2018-12-26 22:00,-5,,12.2,340,57,4106
102,백령도,2018-12-26 23:00,-5.6,,13.6,340,64,3995
102,백령도,2018-12-27 00:00,-6,,12.6,340,58,4630
102,백령도,2018-12-27 01:00,-6.4,,12.2,340,59,4293
102,백령도,2018-12-27 02:00,-6.9,,11.7,340,57,4193
102,백령도,2018-12-27 03:00,-7.3,,11.8,360,65,3222
102,백령도,2018-12-27 04:00,-7.6,,11.7,360,62,3517
102,백령도,2018-12-27 05:00,-8,,11.7,340,55,4100
102,백령도,2018-12-27 06:00,-8.1,0,12.2,360,56,3316
102,백령도,2018-12-27 07:00,-8.3,,11.4,340,64,2723
102,백령도,2018-12-27 08:00,-8.3,,10.4,340,63,3209
102,백령도,2018-12-27 09:00,-8.3,0,10,360,69,2375
102,백령도,2018-12-27 10:00,-7.6,,11.9,340,64,2894
102,백령도,2018-12-27 11:00,-7.6,,10.5,340,68,3443
102,백령도,2018-12-27 12:00,-7.3,0,10.4,340,62,2866
102,백령도,2018-12-27 13:00,-7.6,,9.6,340,64,2245
102,백령도,2018-12-27 14:00,-7.9,,10.4,340,75,1098
102,백령도,2018-12-27 15:00,-8,0,9.6,340,63,4380
102,백령도,2018-12-27 16:00,-8.1,,10.5,340,66,2140
102,백령도,2018-12-27 17:00,-8.1,,10.7,340,73,1113
102,백령도,2018-12-27 18:00,-8.1,0,9.8,340,76,1307
102,백령도,2018-12-27 19:00,-7.6,,11.5,340,59,3262
102,백령도,2018-12-27 20:00,-7.4,,10.2,340,75,688
102,백령도,2018-12-27 21:00,-7.1,0,10.9,340,61,2679
102,백령도,2018-12-27 22:00,-7.3,,10.6,340,72,1193
102,백령도,2018-12-27 23:00,-7.6,,10.6,340,81,342
102,백령도,2018-12-28 00:00,-7.9,0,12.5,340,64,2676
102,백령도,2018-12-28 01:00,-8.2,,11.9,340,71,1258
102,백령도,2018-12-28 02:00,-8.4,,11.7,340,74,1146
102,백령도,2018-12-28 03:00,-8.8,0,12.6,340,85,118
102,백령도,2018-12-28 04:00,-8.4,,12.9,340,86,193
102,백령도,2018-12-28 05:00,-8.4,,12.9,340,78,735
102,백령도,2018-12-28 06:00,-8.3,.1,11.4,340,78,936
102,백령도,2018-12-28 07:00,-7.9,,11.2,340,77,1555
102,백령도,2018-12-28 08:00,-7.8,,11,340,74,1069
102,백령도,2018-12-28 09:00,-7.5,0,11.6,340,75,938
102,백령도,2018-12-28 10:00,-7.1,,11.2,340,80,806
102,백령도,2018-12-28 11:00,-6.4,,10.2,360,78,1103
102,백령도,2018-12-28 12:00,-6.3,0,10.8,360,75,1761
102,백령도,2018-12-28 13:00,-6.1,,12.3,340,67,3252
102,백령도,2018-12-28 14:00,-5.4,,11,360,63,3300
102,백령도,2018-12-28 15:00,-5.1,,10.1,340,65,3450
102,백령도,2018-12-28 16:00,-5.3,,9.7,360,66,3385
102,백령도,2018-12-28 17:00,-5.2,,9.5,340,68,3426
102,백령도,2018-12-28 18:00,-5.2,,7.6,340,69,3794
102,백령도,2018-12-28 19:00,-4.7,,7.8,340,64,4117
102,백령도,2018-12-28 20:00,-4.2,,9.4,340,58,3859
102,백령도,2018-12-28 21:00,-4.1,,9,340,57,3926
102,백령도,2018-12-28 22:00,-3.6,,8.4,340,54,3929
102,백령도,2018-12-28 23:00,-3.6,,11.1,340,56,3841
102,백령도,2018-12-29 00:00,-4.1,,12.5,340,49,3772
102,백령도,2018-12-29 01:00,-4.1,,12.4,340,44,3769
102,백령도,2018-12-29 02:00,-4,,11,340,48,3702
102,백령도,2018-12-29 03:00,-3.6,,9.6,340,52,3732
102,백령도,2018-12-29 04:00,-3.7,,9.9,340,53,3600
102,백령도,2018-12-29 05:00,-4.1,,10.6,340,54,3763
102,백령도,2018-12-29 06:00,-4.5,,10.2,340,44,4336
102,백령도,2018-12-29 07:00,-4.3,,8.8,340,46,4468
102,백령도,2018-12-29 08:00,-4.3,,7.9,340,49,4445
102,백령도,2018-12-29 09:00,-4.3,,8.6,340,50,4171
102,백령도,2018-12-29 10:00,-3.9,,9.4,340,54,4075
102,백령도,2018-12-29 11:00,-3.5,,8.6,340,52,4157
102,백령도,2018-12-29 12:00,-3.6,,8.6,340,51,4312
102,백령도,2018-12-29 13:00,-3.7,,10.3,340,53,4620
102,백령도,2018-12-29 14:00,-3.3,,7.8,340,55,4644
102,백령도,2018-12-29 15:00,-4.4,,8.8,340,57,4371
102,백령도,2018-12-29 16:00,-4.8,,9,340,60,4292
102,백령도,2018-12-29 17:00,-5,,8.1,340,63,4390
102,백령도,2018-12-29 18:00,-5.1,,8.2,340,60,3830
102,백령도,2018-12-29 19:00,-4.9,,6,340,58,4310
102,백령도,2018-12-29 20:00,-4.6,,7.5,340,55,3668
102,백령도,2018-12-29 21:00,-4.2,0,6.9,320,59,3489
102,백령도,2018-12-29 22:00,-3.8,,8.1,340,57,4068
102,백령도,2018-12-29 23:00,-3.8,,9.2,340,59,3728
102,백령도,2018-12-30 00:00,-4.2,0,9.4,340,56,4310
102,백령도,2018-12-30 01:00,-4.4,,9.8,340,61,4006
102,백령도,2018-12-30 02:00,-5,,9.8,340,62,4210
102,백령도,2018-12-30 03:00,-4.8,,8.6,340,63,4189
102,백령도,2018-12-30 04:00,-4.8,,9,360,66,3778
102,백령도,2018-12-30 05:00,-5.3,,9,360,65,4171
102,백령도,2018-12-30 06:00,-5.4,,9.3,340,64,4435
102,백령도,2018-12-30 07:00,-5.5,,7,360,67,4061
102,백령도,2018-12-30 08:00,-5.7,,6.8,340,70,4062
102,백령도,2018-12-30 09:00,-5.3,,5.5,360,67,4194
102,백령도,2018-12-30 10:00,-5.2,,5.8,360,70,3793
102,백령도,2018-12-30 11:00,-4.8,,7,360,68,3855
102,백령도,2018-12-30 12:00,-4.3,,6.4,360,68,3760
102,백령도,2018-12-30 13:00,-3.8,,7.1,360,63,4175
102,백령도,2018-12-30 14:00,-3.5,,6.8,360,61,4515
102,백령도,2018-12-30 15:00,-2.7,,6,360,55,4788
102,백령도,2018-12-30 16:00,-2.6,,5.8,360,61,4852
102,백령도,2018-12-30 17:00,-2.9,,6.1,360,62,4759
102,백령도,2018-12-30 18:00,-2.8,,6.6,340,68,4666
102,백령도,2018-12-30 19:00,-2.5,,7.7,340,68,4526
102,백령도,2018-12-30 20:00,-2.3,,7.9,340,62,4686
102,백령도,2018-12-30 21:00,-2,,7.3,340,61,4884
102,백령도,2018-12-30 22:00,-1.7,,7.3,340,59,4782
102,백령도,2018-12-30 23:00,-1.6,,6.9,360,58,4819
102,백령도,2018-12-31 00:00,-1.7,,7.4,360,57,4734
